run_id,timestamp,time_relative_s,gpu_id,power_w,sm_clock_mhz,gpu_util_pct,memory_util_pct,memory_used_mb,memory_total_mb,temperature_c,stage
powertraces-pt200array_pt217_r2_7536322_2-376a52a8ac,2026-05-07T20:26:01.938Z,0.0,0,77.01,345,0,0,,,,
powertraces-pt200array_pt217_r2_7536322_2-376a52a8ac,2026-05-07T20:26:01.943Z,0.005,1,77.21,345,0,0,,,,
powertraces-pt200array_pt217_r2_7536322_2-376a52a8ac,2026-05-07T20:26:01.947Z,0.009,2,78.09,345,0,0,,,,
powertraces-pt200array_pt217_r2_7536322_2-376a52a8ac,2026-05-07T20:26:01.952Z,0.014,3,77.6,345,0,0,,,,
powertraces-pt200array_pt217_r2_7536322_2-376a52a8ac,2026-05-07T20:26:02.056Z,0.118,0,77.01,345,0,0,,,,
powertraces-pt200array_pt217_r2_7536322_2-376a52a8ac,2026-05-07T20:26:02.056Z,0.118,1,77.2,345,0,0,,,,
powertraces-pt200array_pt217_r2_7536322_2-376a52a8ac,2026-05-07T20:26:02.056Z,0.118,2,78.09,345,0,0,,,,
powertraces-pt200array_pt217_r2_7536322_2-376a52a8ac,2026-05-07T20:26:02.056Z,0.118,3,77.6,345,0,0,,,,
powertraces-pt200array_pt217_r2_7536322_2-376a52a8ac,2026-05-07T20:26:02.156Z,0.218,0,77.03,345,0,0,,,,
powertraces-pt200array_pt217_r2_7536322_2-376a52a8ac,2026-05-07T20:26:02.156Z,0.218,1,77.18,345,0,0,,,,
powertraces-pt200array_pt217_r2_7536322_2-376a52a8ac,2026-05-07T20:26:02.156Z,0.218,2,78.08,345,0,0,,,,
powertraces-pt200array_pt217_r2_7536322_2-376a52a8ac,2026-05-07T20:26:02.156Z,0.218,3,77.6,345,0,0,,,,
powertraces-pt200array_pt217_r2_7536322_2-376a52a8ac,2026-05-07T20:26:02.256Z,0.318,0,77.03,345,0,0,,,,
powertraces-pt200array_pt217_r2_7536322_2-376a52a8ac,2026-05-07T20:26:02.256Z,0.318,1,77.17,345,0,0,,,,
powertraces-pt200array_pt217_r2_7536322_2-376a52a8ac,2026-05-07T20:26:02.256Z,0.318,2,78.07,345,0,0,,,,
powertraces-pt200array_pt217_r2_7536322_2-376a52a8ac,2026-05-07T20:26:02.256Z,0.318,3,77.62,345,0,0,,,,
powertraces-pt200array_pt217_r2_7536322_2-376a52a8ac,2026-05-07T20:26:02.357Z,0.419,0,77.02,345,0,0,,,,
powertraces-pt200array_pt217_r2_7536322_2-376a52a8ac,2026-05-07T20:26:02.357Z,0.419,1,77.16,345,0,0,,,,
powertraces-pt200array_pt217_r2_7536322_2-376a52a8ac,2026-05-07T20:26:02.357Z,0.419,2,78.06,345,0,0,,,,
powertraces-pt200array_pt217_r2_7536322_2-376a52a8ac,2026-05-07T20:26:02.357Z,0.419,3,77.63,345,0,0,,,,
powertraces-pt200array_pt217_r2_7536322_2-376a52a8ac,2026-05-07T20:26:02.457Z,0.519,0,77.04,345,0,0,,,,
powertraces-pt200array_pt217_r2_7536322_2-376a52a8ac,2026-05-07T20:26:02.457Z,0.519,1,77.15,345,0,0,,,,
powertraces-pt200array_pt217_r2_7536322_2-376a52a8ac,2026-05-07T20:26:02.457Z,0.519,2,78.05,345,0,0,,,,
powertraces-pt200array_pt217_r2_7536322_2-376a52a8ac,2026-05-07T20:26:02.457Z,0.519,3,77.62,345,0,0,,,,
powertraces-pt200array_pt217_r2_7536322_2-376a52a8ac,2026-05-07T20:26:02.557Z,0.619,0,77.05,345,0,0,,,,
powertraces-pt200array_pt217_r2_7536322_2-376a52a8ac,2026-05-07T20:26:02.557Z,0.619,1,77.15,345,0,0,,,,
powertraces-pt200array_pt217_r2_7536322_2-376a52a8ac,2026-05-07T20:26:02.557Z,0.619,2,78.04,345,0,0,,,,
powertraces-pt200array_pt217_r2_7536322_2-376a52a8ac,2026-05-07T20:26:02.557Z,0.619,3,77.62,345,0,0,,,,
powertraces-pt200array_pt217_r2_7536322_2-376a52a8ac,2026-05-07T20:26:02.657Z,0.719,0,77.04,345,0,0,,,,
powertraces-pt200array_pt217_r2_7536322_2-376a52a8ac,2026-05-07T20:26:02.657Z,0.719,1,77.13,345,0,0,,,,
powertraces-pt200array_pt217_r2_7536322_2-376a52a8ac,2026-05-07T20:26:02.657Z,0.719,2,78.05,345,0,0,,,,
powertraces-pt200array_pt217_r2_7536322_2-376a52a8ac,2026-05-07T20:26:02.657Z,0.719,3,77.61,345,0,0,,,,
powertraces-pt200array_pt217_r2_7536322_2-376a52a8ac,2026-05-07T20:26:02.757Z,0.819,0,77.01,345,0,0,,,,
powertraces-pt200array_pt217_r2_7536322_2-376a52a8ac,2026-05-07T20:26:02.757Z,0.819,1,77.11,345,0,0,,,,
powertraces-pt200array_pt217_r2_7536322_2-376a52a8ac,2026-05-07T20:26:02.757Z,0.819,2,78.07,345,0,0,,,,
powertraces-pt200array_pt217_r2_7536322_2-376a52a8ac,2026-05-07T20:26:02.757Z,0.819,3,77.61,345,0,0,,,,
powertraces-pt200array_pt217_r2_7536322_2-376a52a8ac,2026-05-07T20:26:02.857Z,0.919,0,77.05,345,0,0,,,,
powertraces-pt200array_pt217_r2_7536322_2-376a52a8ac,2026-05-07T20:26:02.857Z,0.919,1,77.09,345,0,0,,,,
powertraces-pt200array_pt217_r2_7536322_2-376a52a8ac,2026-05-07T20:26:02.857Z,0.919,2,78.08,345,0,0,,,,
powertraces-pt200array_pt217_r2_7536322_2-376a52a8ac,2026-05-07T20:26:02.857Z,0.919,3,77.61,345,0,0,,,,
powertraces-pt200array_pt217_r2_7536322_2-376a52a8ac,2026-05-07T20:26:02.957Z,1.019,0,77.07,345,0,0,,,,
powertraces-pt200array_pt217_r2_7536322_2-376a52a8ac,2026-05-07T20:26:02.958Z,1.02,1,77.08,345,0,0,,,,
powertraces-pt200array_pt217_r2_7536322_2-376a52a8ac,2026-05-07T20:26:02.958Z,1.02,2,78.07,345,0,0,,,,
powertraces-pt200array_pt217_r2_7536322_2-376a52a8ac,2026-05-07T20:26:02.958Z,1.02,3,77.62,345,0,0,,,,
powertraces-pt200array_pt217_r2_7536322_2-376a52a8ac,2026-05-07T20:26:03.058Z,1.12,0,77.05,345,0,0,,,,
powertraces-pt200array_pt217_r2_7536322_2-376a52a8ac,2026-05-07T20:26:03.058Z,1.12,1,77.11,345,0,0,,,,
powertraces-pt200array_pt217_r2_7536322_2-376a52a8ac,2026-05-07T20:26:03.058Z,1.12,2,78.08,345,0,0,,,,
powertraces-pt200array_pt217_r2_7536322_2-376a52a8ac,2026-05-07T20:26:03.058Z,1.12,3,77.62,345,0,0,,,,
powertraces-pt200array_pt217_r2_7536322_2-376a52a8ac,2026-05-07T20:26:03.158Z,1.22,0,77.03,345,0,0,,,,
powertraces-pt200array_pt217_r2_7536322_2-376a52a8ac,2026-05-07T20:26:03.158Z,1.22,1,77.11,345,0,0,,,,
powertraces-pt200array_pt217_r2_7536322_2-376a52a8ac,2026-05-07T20:26:03.158Z,1.22,2,78.08,345,0,0,,,,
powertraces-pt200array_pt217_r2_7536322_2-376a52a8ac,2026-05-07T20:26:03.158Z,1.22,3,77.63,345,0,0,,,,
powertraces-pt200array_pt217_r2_7536322_2-376a52a8ac,2026-05-07T20:26:03.258Z,1.32,0,77.03,345,0,0,,,,
powertraces-pt200array_pt217_r2_7536322_2-376a52a8ac,2026-05-07T20:26:03.258Z,1.32,1,77.12,345,0,0,,,,
powertraces-pt200array_pt217_r2_7536322_2-376a52a8ac,2026-05-07T20:26:03.258Z,1.32,2,78.09,345,0,0,,,,
powertraces-pt200array_pt217_r2_7536322_2-376a52a8ac,2026-05-07T20:26:03.258Z,1.32,3,77.63,345,0,0,,,,
powertraces-pt200array_pt217_r2_7536322_2-376a52a8ac,2026-05-07T20:26:03.358Z,1.42,0,77.02,345,0,0,,,,
powertraces-pt200array_pt217_r2_7536322_2-376a52a8ac,2026-05-07T20:26:03.358Z,1.42,1,77.12,345,0,0,,,,
powertraces-pt200array_pt217_r2_7536322_2-376a52a8ac,2026-05-07T20:26:03.358Z,1.42,2,78.11,345,0,0,,,,
powertraces-pt200array_pt217_r2_7536322_2-376a52a8ac,2026-05-07T20:26:03.358Z,1.42,3,77.62,345,0,0,,,,
powertraces-pt200array_pt217_r2_7536322_2-376a52a8ac,2026-05-07T20:26:03.458Z,1.52,0,77.0,345,0,0,,,,
powertraces-pt200array_pt217_r2_7536322_2-376a52a8ac,2026-05-07T20:26:03.458Z,1.52,1,77.12,345,0,0,,,,
powertraces-pt200array_pt217_r2_7536322_2-376a52a8ac,2026-05-07T20:26:03.458Z,1.52,2,78.1,345,0,0,,,,
powertraces-pt200array_pt217_r2_7536322_2-376a52a8ac,2026-05-07T20:26:03.458Z,1.52,3,77.62,345,0,0,,,,
powertraces-pt200array_pt217_r2_7536322_2-376a52a8ac,2026-05-07T20:26:03.558Z,1.62,0,77.02,345,0,0,,,,
powertraces-pt200array_pt217_r2_7536322_2-376a52a8ac,2026-05-07T20:26:03.558Z,1.62,1,77.13,345,0,0,,,,
powertraces-pt200array_pt217_r2_7536322_2-376a52a8ac,2026-05-07T20:26:03.558Z,1.62,2,78.11,345,0,0,,,,
powertraces-pt200array_pt217_r2_7536322_2-376a52a8ac,2026-05-07T20:26:03.558Z,1.62,3,77.6,345,0,0,,,,
powertraces-pt200array_pt217_r2_7536322_2-376a52a8ac,2026-05-07T20:26:03.658Z,1.72,0,77.02,345,0,0,,,,
powertraces-pt200array_pt217_r2_7536322_2-376a52a8ac,2026-05-07T20:26:03.658Z,1.72,1,77.12,345,0,0,,,,
powertraces-pt200array_pt217_r2_7536322_2-376a52a8ac,2026-05-07T20:26:03.658Z,1.72,2,78.11,345,0,0,,,,
powertraces-pt200array_pt217_r2_7536322_2-376a52a8ac,2026-05-07T20:26:03.658Z,1.72,3,77.62,345,0,0,,,,
powertraces-pt200array_pt217_r2_7536322_2-376a52a8ac,2026-05-07T20:26:03.758Z,1.82,0,77.03,345,0,0,,,,
powertraces-pt200array_pt217_r2_7536322_2-376a52a8ac,2026-05-07T20:26:03.758Z,1.82,1,77.14,345,0,0,,,,
powertraces-pt200array_pt217_r2_7536322_2-376a52a8ac,2026-05-07T20:26:03.758Z,1.82,2,78.09,345,0,0,,,,
powertraces-pt200array_pt217_r2_7536322_2-376a52a8ac,2026-05-07T20:26:03.758Z,1.82,3,77.6,345,0,0,,,,
powertraces-pt200array_pt217_r2_7536322_2-376a52a8ac,2026-05-07T20:26:03.859Z,1.921,0,77.02,345,0,0,,,,
powertraces-pt200array_pt217_r2_7536322_2-376a52a8ac,2026-05-07T20:26:03.859Z,1.921,1,77.13,345,0,0,,,,
powertraces-pt200array_pt217_r2_7536322_2-376a52a8ac,2026-05-07T20:26:03.859Z,1.921,2,78.1,345,0,0,,,,
powertraces-pt200array_pt217_r2_7536322_2-376a52a8ac,2026-05-07T20:26:03.859Z,1.921,3,77.58,345,0,0,,,,
powertraces-pt200array_pt217_r2_7536322_2-376a52a8ac,2026-05-07T20:26:03.959Z,2.021,0,77.04,345,0,0,,,,
powertraces-pt200array_pt217_r2_7536322_2-376a52a8ac,2026-05-07T20:26:03.959Z,2.021,1,77.13,345,0,0,,,,
powertraces-pt200array_pt217_r2_7536322_2-376a52a8ac,2026-05-07T20:26:03.959Z,2.021,2,78.1,345,0,0,,,,
powertraces-pt200array_pt217_r2_7536322_2-376a52a8ac,2026-05-07T20:26:03.959Z,2.021,3,77.57,345,0,0,,,,
powertraces-pt200array_pt217_r2_7536322_2-376a52a8ac,2026-05-07T20:26:04.059Z,2.121,0,77.04,345,0,0,,,,
powertraces-pt200array_pt217_r2_7536322_2-376a52a8ac,2026-05-07T20:26:04.059Z,2.121,1,77.12,345,0,0,,,,
powertraces-pt200array_pt217_r2_7536322_2-376a52a8ac,2026-05-07T20:26:04.059Z,2.121,2,78.09,345,0,0,,,,
powertraces-pt200array_pt217_r2_7536322_2-376a52a8ac,2026-05-07T20:26:04.059Z,2.121,3,77.54,345,0,0,,,,
powertraces-pt200array_pt217_r2_7536322_2-376a52a8ac,2026-05-07T20:26:04.159Z,2.221,0,77.04,345,0,0,,,,
powertraces-pt200array_pt217_r2_7536322_2-376a52a8ac,2026-05-07T20:26:04.159Z,2.221,1,77.14,345,0,0,,,,
powertraces-pt200array_pt217_r2_7536322_2-376a52a8ac,2026-05-07T20:26:04.159Z,2.221,2,78.09,345,0,0,,,,
powertraces-pt200array_pt217_r2_7536322_2-376a52a8ac,2026-05-07T20:26:04.159Z,2.221,3,77.54,345,0,0,,,,
powertraces-pt200array_pt217_r2_7536322_2-376a52a8ac,2026-05-07T20:26:04.259Z,2.321,0,77.06,345,0,0,,,,
powertraces-pt200array_pt217_r2_7536322_2-376a52a8ac,2026-05-07T20:26:04.259Z,2.321,1,77.12,345,0,0,,,,
powertraces-pt200array_pt217_r2_7536322_2-376a52a8ac,2026-05-07T20:26:04.259Z,2.321,2,78.08,345,0,0,,,,
powertraces-pt200array_pt217_r2_7536322_2-376a52a8ac,2026-05-07T20:26:04.259Z,2.321,3,77.56,345,0,0,,,,
powertraces-pt200array_pt217_r2_7536322_2-376a52a8ac,2026-05-07T20:26:04.359Z,2.421,0,77.07,345,0,0,,,,
powertraces-pt200array_pt217_r2_7536322_2-376a52a8ac,2026-05-07T20:26:04.359Z,2.421,1,77.13,345,0,0,,,,
powertraces-pt200array_pt217_r2_7536322_2-376a52a8ac,2026-05-07T20:26:04.359Z,2.421,2,78.07,345,0,0,,,,
powertraces-pt200array_pt217_r2_7536322_2-376a52a8ac,2026-05-07T20:26:04.359Z,2.421,3,77.55,345,0,0,,,,
powertraces-pt200array_pt217_r2_7536322_2-376a52a8ac,2026-05-07T20:26:04.459Z,2.521,0,77.07,345,0,0,,,,
powertraces-pt200array_pt217_r2_7536322_2-376a52a8ac,2026-05-07T20:26:04.459Z,2.521,1,77.16,345,0,0,,,,
powertraces-pt200array_pt217_r2_7536322_2-376a52a8ac,2026-05-07T20:26:04.459Z,2.521,2,78.08,345,0,0,,,,
powertraces-pt200array_pt217_r2_7536322_2-376a52a8ac,2026-05-07T20:26:04.459Z,2.521,3,77.55,345,0,0,,,,
powertraces-pt200array_pt217_r2_7536322_2-376a52a8ac,2026-05-07T20:26:04.559Z,2.621,0,77.06,345,0,0,,,,
powertraces-pt200array_pt217_r2_7536322_2-376a52a8ac,2026-05-07T20:26:04.559Z,2.621,1,77.14,345,0,0,,,,
powertraces-pt200array_pt217_r2_7536322_2-376a52a8ac,2026-05-07T20:26:04.559Z,2.621,2,78.09,345,0,0,,,,
powertraces-pt200array_pt217_r2_7536322_2-376a52a8ac,2026-05-07T20:26:04.559Z,2.621,3,77.55,345,0,0,,,,
powertraces-pt200array_pt217_r2_7536322_2-376a52a8ac,2026-05-07T20:26:04.659Z,2.721,0,77.1,345,0,0,,,,
powertraces-pt200array_pt217_r2_7536322_2-376a52a8ac,2026-05-07T20:26:04.659Z,2.721,1,77.15,345,0,0,,,,
powertraces-pt200array_pt217_r2_7536322_2-376a52a8ac,2026-05-07T20:26:04.659Z,2.721,2,78.07,345,0,0,,,,
powertraces-pt200array_pt217_r2_7536322_2-376a52a8ac,2026-05-07T20:26:04.659Z,2.721,3,77.54,345,0,0,,,,
powertraces-pt200array_pt217_r2_7536322_2-376a52a8ac,2026-05-07T20:26:04.76Z,2.822,0,77.1,345,0,0,,,,
powertraces-pt200array_pt217_r2_7536322_2-376a52a8ac,2026-05-07T20:26:04.76Z,2.822,1,77.15,345,0,0,,,,
powertraces-pt200array_pt217_r2_7536322_2-376a52a8ac,2026-05-07T20:26:04.76Z,2.822,2,78.08,345,0,0,,,,
powertraces-pt200array_pt217_r2_7536322_2-376a52a8ac,2026-05-07T20:26:04.76Z,2.822,3,77.54,345,0,0,,,,
powertraces-pt200array_pt217_r2_7536322_2-376a52a8ac,2026-05-07T20:26:04.86Z,2.922,0,77.11,345,0,0,,,,
powertraces-pt200array_pt217_r2_7536322_2-376a52a8ac,2026-05-07T20:26:04.86Z,2.922,1,77.16,345,0,0,,,,
powertraces-pt200array_pt217_r2_7536322_2-376a52a8ac,2026-05-07T20:26:04.86Z,2.922,2,78.08,345,0,0,,,,
powertraces-pt200array_pt217_r2_7536322_2-376a52a8ac,2026-05-07T20:26:04.86Z,2.922,3,77.58,345,0,0,,,,
powertraces-pt200array_pt217_r2_7536322_2-376a52a8ac,2026-05-07T20:26:04.96Z,3.022,0,77.12,345,0,0,,,,
powertraces-pt200array_pt217_r2_7536322_2-376a52a8ac,2026-05-07T20:26:04.96Z,3.022,1,77.15,345,0,0,,,,
powertraces-pt200array_pt217_r2_7536322_2-376a52a8ac,2026-05-07T20:26:04.96Z,3.022,2,78.1,345,0,0,,,,
powertraces-pt200array_pt217_r2_7536322_2-376a52a8ac,2026-05-07T20:26:04.96Z,3.022,3,77.59,345,0,0,,,,
powertraces-pt200array_pt217_r2_7536322_2-376a52a8ac,2026-05-07T20:26:05.06Z,3.122,0,77.12,345,0,0,,,,
powertraces-pt200array_pt217_r2_7536322_2-376a52a8ac,2026-05-07T20:26:05.06Z,3.122,1,77.15,345,0,0,,,,
powertraces-pt200array_pt217_r2_7536322_2-376a52a8ac,2026-05-07T20:26:05.06Z,3.122,2,78.11,345,0,0,,,,
powertraces-pt200array_pt217_r2_7536322_2-376a52a8ac,2026-05-07T20:26:05.06Z,3.122,3,77.6,345,0,0,,,,
powertraces-pt200array_pt217_r2_7536322_2-376a52a8ac,2026-05-07T20:26:05.16Z,3.222,0,77.12,345,0,0,,,,
powertraces-pt200array_pt217_r2_7536322_2-376a52a8ac,2026-05-07T20:26:05.16Z,3.222,1,77.15,345,0,0,,,,
powertraces-pt200array_pt217_r2_7536322_2-376a52a8ac,2026-05-07T20:26:05.16Z,3.222,2,78.11,345,0,0,,,,
powertraces-pt200array_pt217_r2_7536322_2-376a52a8ac,2026-05-07T20:26:05.16Z,3.222,3,77.62,345,0,0,,,,
powertraces-pt200array_pt217_r2_7536322_2-376a52a8ac,2026-05-07T20:26:05.26Z,3.322,0,77.13,345,0,0,,,,
powertraces-pt200array_pt217_r2_7536322_2-376a52a8ac,2026-05-07T20:26:05.26Z,3.322,1,77.17,345,0,0,,,,
powertraces-pt200array_pt217_r2_7536322_2-376a52a8ac,2026-05-07T20:26:05.26Z,3.322,2,78.11,345,0,0,,,,
powertraces-pt200array_pt217_r2_7536322_2-376a52a8ac,2026-05-07T20:26:05.26Z,3.322,3,77.59,345,0,0,,,,
powertraces-pt200array_pt217_r2_7536322_2-376a52a8ac,2026-05-07T20:26:05.36Z,3.422,0,77.14,345,0,0,,,,
powertraces-pt200array_pt217_r2_7536322_2-376a52a8ac,2026-05-07T20:26:05.36Z,3.422,1,77.17,345,0,0,,,,
powertraces-pt200array_pt217_r2_7536322_2-376a52a8ac,2026-05-07T20:26:05.36Z,3.422,2,78.12,345,0,0,,,,
powertraces-pt200array_pt217_r2_7536322_2-376a52a8ac,2026-05-07T20:26:05.36Z,3.422,3,77.58,345,0,0,,,,
powertraces-pt200array_pt217_r2_7536322_2-376a52a8ac,2026-05-07T20:26:05.46Z,3.522,0,77.18,345,0,0,,,,
powertraces-pt200array_pt217_r2_7536322_2-376a52a8ac,2026-05-07T20:26:05.46Z,3.522,1,77.17,345,0,0,,,,
powertraces-pt200array_pt217_r2_7536322_2-376a52a8ac,2026-05-07T20:26:05.46Z,3.522,2,78.09,345,0,0,,,,
powertraces-pt200array_pt217_r2_7536322_2-376a52a8ac,2026-05-07T20:26:05.46Z,3.522,3,77.58,345,0,0,,,,
powertraces-pt200array_pt217_r2_7536322_2-376a52a8ac,2026-05-07T20:26:05.561Z,3.623,0,77.16,345,0,0,,,,
powertraces-pt200array_pt217_r2_7536322_2-376a52a8ac,2026-05-07T20:26:05.561Z,3.623,1,77.17,345,0,0,,,,
powertraces-pt200array_pt217_r2_7536322_2-376a52a8ac,2026-05-07T20:26:05.561Z,3.623,2,78.09,345,0,0,,,,
powertraces-pt200array_pt217_r2_7536322_2-376a52a8ac,2026-05-07T20:26:05.561Z,3.623,3,77.58,345,0,0,,,,
powertraces-pt200array_pt217_r2_7536322_2-376a52a8ac,2026-05-07T20:26:05.661Z,3.723,0,77.16,345,0,0,,,,
powertraces-pt200array_pt217_r2_7536322_2-376a52a8ac,2026-05-07T20:26:05.661Z,3.723,1,77.2,345,0,0,,,,
powertraces-pt200array_pt217_r2_7536322_2-376a52a8ac,2026-05-07T20:26:05.661Z,3.723,2,78.09,345,0,0,,,,
powertraces-pt200array_pt217_r2_7536322_2-376a52a8ac,2026-05-07T20:26:05.661Z,3.723,3,77.6,345,0,0,,,,
powertraces-pt200array_pt217_r2_7536322_2-376a52a8ac,2026-05-07T20:26:05.761Z,3.823,0,77.15,345,0,0,,,,
powertraces-pt200array_pt217_r2_7536322_2-376a52a8ac,2026-05-07T20:26:05.761Z,3.823,1,77.18,345,0,0,,,,
powertraces-pt200array_pt217_r2_7536322_2-376a52a8ac,2026-05-07T20:26:05.761Z,3.823,2,78.09,345,0,0,,,,
powertraces-pt200array_pt217_r2_7536322_2-376a52a8ac,2026-05-07T20:26:05.761Z,3.823,3,77.61,345,0,0,,,,
powertraces-pt200array_pt217_r2_7536322_2-376a52a8ac,2026-05-07T20:26:05.861Z,3.923,0,77.14,345,0,0,,,,
powertraces-pt200array_pt217_r2_7536322_2-376a52a8ac,2026-05-07T20:26:05.861Z,3.923,1,77.18,345,0,0,,,,
powertraces-pt200array_pt217_r2_7536322_2-376a52a8ac,2026-05-07T20:26:05.861Z,3.923,2,78.08,345,0,0,,,,
powertraces-pt200array_pt217_r2_7536322_2-376a52a8ac,2026-05-07T20:26:05.861Z,3.923,3,77.58,345,0,0,,,,
powertraces-pt200array_pt217_r2_7536322_2-376a52a8ac,2026-05-07T20:26:05.961Z,4.023,0,77.13,345,0,0,,,,
powertraces-pt200array_pt217_r2_7536322_2-376a52a8ac,2026-05-07T20:26:05.961Z,4.023,1,77.21,345,0,0,,,,
powertraces-pt200array_pt217_r2_7536322_2-376a52a8ac,2026-05-07T20:26:05.961Z,4.023,2,78.07,345,0,0,,,,
powertraces-pt200array_pt217_r2_7536322_2-376a52a8ac,2026-05-07T20:26:05.961Z,4.023,3,77.57,345,0,0,,,,
powertraces-pt200array_pt217_r2_7536322_2-376a52a8ac,2026-05-07T20:26:06.061Z,4.123,0,77.12,345,0,0,,,,
powertraces-pt200array_pt217_r2_7536322_2-376a52a8ac,2026-05-07T20:26:06.061Z,4.123,1,77.2,345,0,0,,,,
powertraces-pt200array_pt217_r2_7536322_2-376a52a8ac,2026-05-07T20:26:06.061Z,4.123,2,78.07,345,0,0,,,,
powertraces-pt200array_pt217_r2_7536322_2-376a52a8ac,2026-05-07T20:26:06.061Z,4.123,3,77.55,345,0,0,,,,
powertraces-pt200array_pt217_r2_7536322_2-376a52a8ac,2026-05-07T20:26:06.161Z,4.223,0,77.15,345,0,0,,,,
powertraces-pt200array_pt217_r2_7536322_2-376a52a8ac,2026-05-07T20:26:06.161Z,4.223,1,77.19,345,0,0,,,,
powertraces-pt200array_pt217_r2_7536322_2-376a52a8ac,2026-05-07T20:26:06.161Z,4.223,2,78.08,345,0,0,,,,
powertraces-pt200array_pt217_r2_7536322_2-376a52a8ac,2026-05-07T20:26:06.161Z,4.223,3,77.54,345,0,0,,,,
powertraces-pt200array_pt217_r2_7536322_2-376a52a8ac,2026-05-07T20:26:06.262Z,4.324,0,77.18,345,0,0,,,,
powertraces-pt200array_pt217_r2_7536322_2-376a52a8ac,2026-05-07T20:26:06.262Z,4.324,1,77.18,345,0,0,,,,
powertraces-pt200array_pt217_r2_7536322_2-376a52a8ac,2026-05-07T20:26:06.262Z,4.324,2,78.07,345,0,0,,,,
powertraces-pt200array_pt217_r2_7536322_2-376a52a8ac,2026-05-07T20:26:06.262Z,4.324,3,77.55,345,0,0,,,,
powertraces-pt200array_pt217_r2_7536322_2-376a52a8ac,2026-05-07T20:26:06.362Z,4.424,0,77.16,345,0,0,,,,
powertraces-pt200array_pt217_r2_7536322_2-376a52a8ac,2026-05-07T20:26:06.362Z,4.424,1,77.19,345,0,0,,,,
powertraces-pt200array_pt217_r2_7536322_2-376a52a8ac,2026-05-07T20:26:06.362Z,4.424,2,78.07,345,0,0,,,,
powertraces-pt200array_pt217_r2_7536322_2-376a52a8ac,2026-05-07T20:26:06.362Z,4.424,3,77.57,345,0,0,,,,
powertraces-pt200array_pt217_r2_7536322_2-376a52a8ac,2026-05-07T20:26:06.462Z,4.524,0,77.15,345,0,0,,,,
powertraces-pt200array_pt217_r2_7536322_2-376a52a8ac,2026-05-07T20:26:06.462Z,4.524,1,77.19,345,0,0,,,,
powertraces-pt200array_pt217_r2_7536322_2-376a52a8ac,2026-05-07T20:26:06.462Z,4.524,2,78.08,345,0,0,,,,
powertraces-pt200array_pt217_r2_7536322_2-376a52a8ac,2026-05-07T20:26:06.462Z,4.524,3,77.58,345,0,0,,,,
powertraces-pt200array_pt217_r2_7536322_2-376a52a8ac,2026-05-07T20:26:06.562Z,4.624,0,77.16,345,0,0,,,,
powertraces-pt200array_pt217_r2_7536322_2-376a52a8ac,2026-05-07T20:26:06.562Z,4.624,1,77.19,345,0,0,,,,
powertraces-pt200array_pt217_r2_7536322_2-376a52a8ac,2026-05-07T20:26:06.562Z,4.624,2,78.1,345,0,0,,,,
powertraces-pt200array_pt217_r2_7536322_2-376a52a8ac,2026-05-07T20:26:06.562Z,4.624,3,77.58,345,0,0,,,,
powertraces-pt200array_pt217_r2_7536322_2-376a52a8ac,2026-05-07T20:26:06.662Z,4.724,0,77.16,345,0,0,,,,
powertraces-pt200array_pt217_r2_7536322_2-376a52a8ac,2026-05-07T20:26:06.662Z,4.724,1,77.18,345,0,0,,,,
powertraces-pt200array_pt217_r2_7536322_2-376a52a8ac,2026-05-07T20:26:06.662Z,4.724,2,78.1,345,0,0,,,,
powertraces-pt200array_pt217_r2_7536322_2-376a52a8ac,2026-05-07T20:26:06.662Z,4.724,3,77.58,345,0,0,,,,
powertraces-pt200array_pt217_r2_7536322_2-376a52a8ac,2026-05-07T20:26:06.762Z,4.824,0,77.14,345,0,0,,,,
powertraces-pt200array_pt217_r2_7536322_2-376a52a8ac,2026-05-07T20:26:06.762Z,4.824,1,77.17,345,0,0,,,,
powertraces-pt200array_pt217_r2_7536322_2-376a52a8ac,2026-05-07T20:26:06.762Z,4.824,2,78.11,345,0,0,,,,
powertraces-pt200array_pt217_r2_7536322_2-376a52a8ac,2026-05-07T20:26:06.762Z,4.824,3,77.58,345,0,0,,,,
powertraces-pt200array_pt217_r2_7536322_2-376a52a8ac,2026-05-07T20:26:06.863Z,4.925,0,77.16,345,0,0,,,,
powertraces-pt200array_pt217_r2_7536322_2-376a52a8ac,2026-05-07T20:26:06.863Z,4.925,1,77.17,345,0,0,,,,
powertraces-pt200array_pt217_r2_7536322_2-376a52a8ac,2026-05-07T20:26:06.863Z,4.925,2,78.11,345,0,0,,,,
powertraces-pt200array_pt217_r2_7536322_2-376a52a8ac,2026-05-07T20:26:06.863Z,4.925,3,77.61,345,0,0,,,,
powertraces-pt200array_pt217_r2_7536322_2-376a52a8ac,2026-05-07T20:26:06.963Z,5.025,0,77.16,345,0,0,,,,
powertraces-pt200array_pt217_r2_7536322_2-376a52a8ac,2026-05-07T20:26:06.963Z,5.025,1,77.17,345,0,0,,,,
powertraces-pt200array_pt217_r2_7536322_2-376a52a8ac,2026-05-07T20:26:06.963Z,5.025,2,78.12,345,0,0,,,,
powertraces-pt200array_pt217_r2_7536322_2-376a52a8ac,2026-05-07T20:26:06.963Z,5.025,3,77.6,345,0,0,,,,
powertraces-pt200array_pt217_r2_7536322_2-376a52a8ac,2026-05-07T20:26:07.063Z,5.125,0,77.16,345,0,0,,,,
powertraces-pt200array_pt217_r2_7536322_2-376a52a8ac,2026-05-07T20:26:07.063Z,5.125,1,77.17,345,0,0,,,,
powertraces-pt200array_pt217_r2_7536322_2-376a52a8ac,2026-05-07T20:26:07.063Z,5.125,2,78.11,345,0,0,,,,
powertraces-pt200array_pt217_r2_7536322_2-376a52a8ac,2026-05-07T20:26:07.063Z,5.125,3,77.61,345,0,0,,,,
powertraces-pt200array_pt217_r2_7536322_2-376a52a8ac,2026-05-07T20:26:07.163Z,5.225,0,77.14,345,0,0,,,,
powertraces-pt200array_pt217_r2_7536322_2-376a52a8ac,2026-05-07T20:26:07.163Z,5.225,1,77.17,345,0,0,,,,
powertraces-pt200array_pt217_r2_7536322_2-376a52a8ac,2026-05-07T20:26:07.163Z,5.225,2,78.11,345,0,0,,,,
powertraces-pt200array_pt217_r2_7536322_2-376a52a8ac,2026-05-07T20:26:07.163Z,5.225,3,77.61,345,0,0,,,,
powertraces-pt200array_pt217_r2_7536322_2-376a52a8ac,2026-05-07T20:26:07.263Z,5.325,0,77.15,345,0,0,,,,
powertraces-pt200array_pt217_r2_7536322_2-376a52a8ac,2026-05-07T20:26:07.263Z,5.325,1,77.16,345,0,0,,,,
powertraces-pt200array_pt217_r2_7536322_2-376a52a8ac,2026-05-07T20:26:07.263Z,5.325,2,78.12,345,0,0,,,,
powertraces-pt200array_pt217_r2_7536322_2-376a52a8ac,2026-05-07T20:26:07.263Z,5.325,3,77.61,345,0,0,,,,
powertraces-pt200array_pt217_r2_7536322_2-376a52a8ac,2026-05-07T20:26:07.363Z,5.425,0,77.16,345,0,0,,,,
powertraces-pt200array_pt217_r2_7536322_2-376a52a8ac,2026-05-07T20:26:07.363Z,5.425,1,77.17,345,0,0,,,,
powertraces-pt200array_pt217_r2_7536322_2-376a52a8ac,2026-05-07T20:26:07.363Z,5.425,2,78.12,345,0,0,,,,
powertraces-pt200array_pt217_r2_7536322_2-376a52a8ac,2026-05-07T20:26:07.363Z,5.425,3,77.61,345,0,0,,,,
powertraces-pt200array_pt217_r2_7536322_2-376a52a8ac,2026-05-07T20:26:07.464Z,5.526,0,77.14,345,0,0,,,,
powertraces-pt200array_pt217_r2_7536322_2-376a52a8ac,2026-05-07T20:26:07.464Z,5.526,1,77.15,345,0,0,,,,
powertraces-pt200array_pt217_r2_7536322_2-376a52a8ac,2026-05-07T20:26:07.464Z,5.526,2,78.1,345,0,0,,,,
powertraces-pt200array_pt217_r2_7536322_2-376a52a8ac,2026-05-07T20:26:07.464Z,5.526,3,77.62,345,0,0,,,,
powertraces-pt200array_pt217_r2_7536322_2-376a52a8ac,2026-05-07T20:26:07.564Z,5.626,0,77.15,345,0,0,,,,
powertraces-pt200array_pt217_r2_7536322_2-376a52a8ac,2026-05-07T20:26:07.564Z,5.626,1,77.15,345,0,0,,,,
powertraces-pt200array_pt217_r2_7536322_2-376a52a8ac,2026-05-07T20:26:07.564Z,5.626,2,78.09,345,0,0,,,,
powertraces-pt200array_pt217_r2_7536322_2-376a52a8ac,2026-05-07T20:26:07.564Z,5.626,3,77.61,345,0,0,,,,
powertraces-pt200array_pt217_r2_7536322_2-376a52a8ac,2026-05-07T20:26:07.664Z,5.726,0,77.17,345,0,0,,,,
powertraces-pt200array_pt217_r2_7536322_2-376a52a8ac,2026-05-07T20:26:07.664Z,5.726,1,77.17,345,0,0,,,,
powertraces-pt200array_pt217_r2_7536322_2-376a52a8ac,2026-05-07T20:26:07.664Z,5.726,2,78.1,345,0,0,,,,
powertraces-pt200array_pt217_r2_7536322_2-376a52a8ac,2026-05-07T20:26:07.664Z,5.726,3,77.62,345,0,0,,,,
powertraces-pt200array_pt217_r2_7536322_2-376a52a8ac,2026-05-07T20:26:07.764Z,5.826,0,77.16,345,0,0,,,,
powertraces-pt200array_pt217_r2_7536322_2-376a52a8ac,2026-05-07T20:26:07.764Z,5.826,1,77.16,345,0,0,,,,
powertraces-pt200array_pt217_r2_7536322_2-376a52a8ac,2026-05-07T20:26:07.764Z,5.826,2,78.09,345,0,0,,,,
powertraces-pt200array_pt217_r2_7536322_2-376a52a8ac,2026-05-07T20:26:07.764Z,5.826,3,77.61,345,0,0,,,,
powertraces-pt200array_pt217_r2_7536322_2-376a52a8ac,2026-05-07T20:26:07.864Z,5.926,0,77.15,345,0,0,,,,
powertraces-pt200array_pt217_r2_7536322_2-376a52a8ac,2026-05-07T20:26:07.864Z,5.926,1,77.18,345,0,0,,,,
powertraces-pt200array_pt217_r2_7536322_2-376a52a8ac,2026-05-07T20:26:07.864Z,5.926,2,78.07,345,0,0,,,,
powertraces-pt200array_pt217_r2_7536322_2-376a52a8ac,2026-05-07T20:26:07.864Z,5.926,3,77.6,345,0,0,,,,
powertraces-pt200array_pt217_r2_7536322_2-376a52a8ac,2026-05-07T20:26:07.964Z,6.026,0,77.16,345,0,0,,,,
powertraces-pt200array_pt217_r2_7536322_2-376a52a8ac,2026-05-07T20:26:07.964Z,6.026,1,77.16,345,0,0,,,,
powertraces-pt200array_pt217_r2_7536322_2-376a52a8ac,2026-05-07T20:26:07.964Z,6.026,2,78.06,345,0,0,,,,
powertraces-pt200array_pt217_r2_7536322_2-376a52a8ac,2026-05-07T20:26:07.964Z,6.026,3,77.62,345,0,0,,,,
powertraces-pt200array_pt217_r2_7536322_2-376a52a8ac,2026-05-07T20:26:08.064Z,6.126,0,77.19,345,0,0,,,,
powertraces-pt200array_pt217_r2_7536322_2-376a52a8ac,2026-05-07T20:26:08.064Z,6.126,1,77.15,345,0,0,,,,
powertraces-pt200array_pt217_r2_7536322_2-376a52a8ac,2026-05-07T20:26:08.064Z,6.126,2,78.06,345,0,0,,,,
powertraces-pt200array_pt217_r2_7536322_2-376a52a8ac,2026-05-07T20:26:08.064Z,6.126,3,77.63,345,0,0,,,,
powertraces-pt200array_pt217_r2_7536322_2-376a52a8ac,2026-05-07T20:26:08.165Z,6.227,0,77.18,345,0,0,,,,
powertraces-pt200array_pt217_r2_7536322_2-376a52a8ac,2026-05-07T20:26:08.165Z,6.227,1,77.16,345,0,0,,,,
powertraces-pt200array_pt217_r2_7536322_2-376a52a8ac,2026-05-07T20:26:08.165Z,6.227,2,78.06,345,0,0,,,,
powertraces-pt200array_pt217_r2_7536322_2-376a52a8ac,2026-05-07T20:26:08.165Z,6.227,3,77.64,345,0,0,,,,
powertraces-pt200array_pt217_r2_7536322_2-376a52a8ac,2026-05-07T20:26:08.265Z,6.327,0,77.16,345,0,0,,,,
powertraces-pt200array_pt217_r2_7536322_2-376a52a8ac,2026-05-07T20:26:08.265Z,6.327,1,77.16,345,0,0,,,,
powertraces-pt200array_pt217_r2_7536322_2-376a52a8ac,2026-05-07T20:26:08.265Z,6.327,2,78.07,345,0,0,,,,
powertraces-pt200array_pt217_r2_7536322_2-376a52a8ac,2026-05-07T20:26:08.265Z,6.327,3,77.65,345,0,0,,,,
powertraces-pt200array_pt217_r2_7536322_2-376a52a8ac,2026-05-07T20:26:08.365Z,6.427,0,77.19,345,0,0,,,,
powertraces-pt200array_pt217_r2_7536322_2-376a52a8ac,2026-05-07T20:26:08.365Z,6.427,1,77.16,345,0,0,,,,
powertraces-pt200array_pt217_r2_7536322_2-376a52a8ac,2026-05-07T20:26:08.365Z,6.427,2,78.06,345,0,0,,,,
powertraces-pt200array_pt217_r2_7536322_2-376a52a8ac,2026-05-07T20:26:08.365Z,6.427,3,77.66,345,0,0,,,,
powertraces-pt200array_pt217_r2_7536322_2-376a52a8ac,2026-05-07T20:26:08.465Z,6.527,0,77.19,345,0,0,,,,
powertraces-pt200array_pt217_r2_7536322_2-376a52a8ac,2026-05-07T20:26:08.465Z,6.527,1,77.17,345,0,0,,,,
powertraces-pt200array_pt217_r2_7536322_2-376a52a8ac,2026-05-07T20:26:08.465Z,6.527,2,78.09,345,0,0,,,,
powertraces-pt200array_pt217_r2_7536322_2-376a52a8ac,2026-05-07T20:26:08.465Z,6.527,3,77.65,345,0,0,,,,
powertraces-pt200array_pt217_r2_7536322_2-376a52a8ac,2026-05-07T20:26:08.565Z,6.627,0,77.18,345,0,0,,,,
powertraces-pt200array_pt217_r2_7536322_2-376a52a8ac,2026-05-07T20:26:08.565Z,6.627,1,77.19,345,0,0,,,,
powertraces-pt200array_pt217_r2_7536322_2-376a52a8ac,2026-05-07T20:26:08.565Z,6.627,2,78.08,345,0,0,,,,
powertraces-pt200array_pt217_r2_7536322_2-376a52a8ac,2026-05-07T20:26:08.565Z,6.627,3,77.64,345,0,0,,,,
powertraces-pt200array_pt217_r2_7536322_2-376a52a8ac,2026-05-07T20:26:08.665Z,6.727,0,77.18,345,0,0,,,,
powertraces-pt200array_pt217_r2_7536322_2-376a52a8ac,2026-05-07T20:26:08.665Z,6.727,1,77.17,345,0,0,,,,
powertraces-pt200array_pt217_r2_7536322_2-376a52a8ac,2026-05-07T20:26:08.665Z,6.727,2,78.07,345,0,0,,,,
powertraces-pt200array_pt217_r2_7536322_2-376a52a8ac,2026-05-07T20:26:08.665Z,6.727,3,77.61,345,0,0,,,,
powertraces-pt200array_pt217_r2_7536322_2-376a52a8ac,2026-05-07T20:26:08.765Z,6.827,0,77.2,345,0,0,,,,
powertraces-pt200array_pt217_r2_7536322_2-376a52a8ac,2026-05-07T20:26:08.765Z,6.827,1,77.18,345,0,0,,,,
powertraces-pt200array_pt217_r2_7536322_2-376a52a8ac,2026-05-07T20:26:08.765Z,6.827,2,78.07,345,0,0,,,,
powertraces-pt200array_pt217_r2_7536322_2-376a52a8ac,2026-05-07T20:26:08.765Z,6.827,3,77.63,345,0,0,,,,
powertraces-pt200array_pt217_r2_7536322_2-376a52a8ac,2026-05-07T20:26:08.866Z,6.928,0,77.19,345,0,0,,,,
powertraces-pt200array_pt217_r2_7536322_2-376a52a8ac,2026-05-07T20:26:08.866Z,6.928,1,77.21,345,0,0,,,,
powertraces-pt200array_pt217_r2_7536322_2-376a52a8ac,2026-05-07T20:26:08.866Z,6.928,2,78.1,345,0,0,,,,
powertraces-pt200array_pt217_r2_7536322_2-376a52a8ac,2026-05-07T20:26:08.866Z,6.928,3,77.63,345,0,0,,,,
powertraces-pt200array_pt217_r2_7536322_2-376a52a8ac,2026-05-07T20:26:08.966Z,7.028,0,77.17,345,0,0,,,,
powertraces-pt200array_pt217_r2_7536322_2-376a52a8ac,2026-05-07T20:26:08.966Z,7.028,1,77.19,345,0,0,,,,
powertraces-pt200array_pt217_r2_7536322_2-376a52a8ac,2026-05-07T20:26:08.966Z,7.028,2,78.08,345,0,0,,,,
powertraces-pt200array_pt217_r2_7536322_2-376a52a8ac,2026-05-07T20:26:08.966Z,7.028,3,77.61,345,0,0,,,,
powertraces-pt200array_pt217_r2_7536322_2-376a52a8ac,2026-05-07T20:26:09.066Z,7.128,0,77.17,345,0,0,,,,
powertraces-pt200array_pt217_r2_7536322_2-376a52a8ac,2026-05-07T20:26:09.066Z,7.128,1,77.2,345,0,0,,,,
powertraces-pt200array_pt217_r2_7536322_2-376a52a8ac,2026-05-07T20:26:09.066Z,7.128,2,78.09,345,0,0,,,,
powertraces-pt200array_pt217_r2_7536322_2-376a52a8ac,2026-05-07T20:26:09.066Z,7.128,3,77.59,345,0,0,,,,
powertraces-pt200array_pt217_r2_7536322_2-376a52a8ac,2026-05-07T20:26:09.166Z,7.228,0,77.18,345,0,0,,,,
powertraces-pt200array_pt217_r2_7536322_2-376a52a8ac,2026-05-07T20:26:09.166Z,7.228,1,77.2,345,0,0,,,,
powertraces-pt200array_pt217_r2_7536322_2-376a52a8ac,2026-05-07T20:26:09.166Z,7.228,2,78.1,345,0,0,,,,
powertraces-pt200array_pt217_r2_7536322_2-376a52a8ac,2026-05-07T20:26:09.166Z,7.228,3,77.6,345,0,0,,,,
powertraces-pt200array_pt217_r2_7536322_2-376a52a8ac,2026-05-07T20:26:09.266Z,7.328,0,77.16,345,0,0,,,,
powertraces-pt200array_pt217_r2_7536322_2-376a52a8ac,2026-05-07T20:26:09.266Z,7.328,1,77.19,345,0,0,,,,
powertraces-pt200array_pt217_r2_7536322_2-376a52a8ac,2026-05-07T20:26:09.266Z,7.328,2,78.1,345,0,0,,,,
powertraces-pt200array_pt217_r2_7536322_2-376a52a8ac,2026-05-07T20:26:09.266Z,7.328,3,77.59,345,0,0,,,,
powertraces-pt200array_pt217_r2_7536322_2-376a52a8ac,2026-05-07T20:26:09.366Z,7.428,0,77.14,345,0,0,,,,
powertraces-pt200array_pt217_r2_7536322_2-376a52a8ac,2026-05-07T20:26:09.367Z,7.429,1,77.18,345,0,0,,,,
powertraces-pt200array_pt217_r2_7536322_2-376a52a8ac,2026-05-07T20:26:09.367Z,7.429,2,78.11,345,0,0,,,,
powertraces-pt200array_pt217_r2_7536322_2-376a52a8ac,2026-05-07T20:26:09.367Z,7.429,3,77.58,345,0,0,,,,
powertraces-pt200array_pt217_r2_7536322_2-376a52a8ac,2026-05-07T20:26:09.467Z,7.529,0,77.16,345,0,0,,,,
powertraces-pt200array_pt217_r2_7536322_2-376a52a8ac,2026-05-07T20:26:09.467Z,7.529,1,77.18,345,0,0,,,,
powertraces-pt200array_pt217_r2_7536322_2-376a52a8ac,2026-05-07T20:26:09.467Z,7.529,2,78.11,345,0,0,,,,
powertraces-pt200array_pt217_r2_7536322_2-376a52a8ac,2026-05-07T20:26:09.467Z,7.529,3,77.57,345,0,0,,,,
powertraces-pt200array_pt217_r2_7536322_2-376a52a8ac,2026-05-07T20:26:09.567Z,7.629,0,77.14,345,0,0,,,,
powertraces-pt200array_pt217_r2_7536322_2-376a52a8ac,2026-05-07T20:26:09.567Z,7.629,1,77.19,345,0,0,,,,
powertraces-pt200array_pt217_r2_7536322_2-376a52a8ac,2026-05-07T20:26:09.567Z,7.629,2,78.11,345,0,0,,,,
powertraces-pt200array_pt217_r2_7536322_2-376a52a8ac,2026-05-07T20:26:09.567Z,7.629,3,77.57,345,0,0,,,,
powertraces-pt200array_pt217_r2_7536322_2-376a52a8ac,2026-05-07T20:26:09.667Z,7.729,0,77.13,345,0,0,,,,
powertraces-pt200array_pt217_r2_7536322_2-376a52a8ac,2026-05-07T20:26:09.667Z,7.729,1,77.18,345,0,0,,,,
powertraces-pt200array_pt217_r2_7536322_2-376a52a8ac,2026-05-07T20:26:09.667Z,7.729,2,78.11,345,0,0,,,,
powertraces-pt200array_pt217_r2_7536322_2-376a52a8ac,2026-05-07T20:26:09.667Z,7.729,3,77.57,345,0,0,,,,
powertraces-pt200array_pt217_r2_7536322_2-376a52a8ac,2026-05-07T20:26:09.767Z,7.829,0,77.11,345,0,0,,,,
powertraces-pt200array_pt217_r2_7536322_2-376a52a8ac,2026-05-07T20:26:09.767Z,7.829,1,77.19,345,0,0,,,,
powertraces-pt200array_pt217_r2_7536322_2-376a52a8ac,2026-05-07T20:26:09.767Z,7.829,2,78.11,345,0,0,,,,
powertraces-pt200array_pt217_r2_7536322_2-376a52a8ac,2026-05-07T20:26:09.767Z,7.829,3,77.57,345,0,0,,,,
powertraces-pt200array_pt217_r2_7536322_2-376a52a8ac,2026-05-07T20:26:09.867Z,7.929,0,77.12,345,0,0,,,,
powertraces-pt200array_pt217_r2_7536322_2-376a52a8ac,2026-05-07T20:26:09.867Z,7.929,1,77.17,345,0,0,,,,
powertraces-pt200array_pt217_r2_7536322_2-376a52a8ac,2026-05-07T20:26:09.867Z,7.929,2,78.09,345,0,0,,,,
powertraces-pt200array_pt217_r2_7536322_2-376a52a8ac,2026-05-07T20:26:09.867Z,7.929,3,77.58,345,0,0,,,,
powertraces-pt200array_pt217_r2_7536322_2-376a52a8ac,2026-05-07T20:26:09.968Z,8.03,0,77.1,345,0,0,,,,
powertraces-pt200array_pt217_r2_7536322_2-376a52a8ac,2026-05-07T20:26:09.968Z,8.03,1,77.17,345,0,0,,,,
powertraces-pt200array_pt217_r2_7536322_2-376a52a8ac,2026-05-07T20:26:09.968Z,8.03,2,78.11,345,0,0,,,,
powertraces-pt200array_pt217_r2_7536322_2-376a52a8ac,2026-05-07T20:26:09.968Z,8.03,3,77.59,345,0,0,,,,
powertraces-pt200array_pt217_r2_7536322_2-376a52a8ac,2026-05-07T20:26:10.068Z,8.13,0,77.1,345,0,0,,,,
powertraces-pt200array_pt217_r2_7536322_2-376a52a8ac,2026-05-07T20:26:10.068Z,8.13,1,77.18,345,0,0,,,,
powertraces-pt200array_pt217_r2_7536322_2-376a52a8ac,2026-05-07T20:26:10.068Z,8.13,2,78.08,345,0,0,,,,
powertraces-pt200array_pt217_r2_7536322_2-376a52a8ac,2026-05-07T20:26:10.068Z,8.13,3,77.6,345,0,0,,,,
powertraces-pt200array_pt217_r2_7536322_2-376a52a8ac,2026-05-07T20:26:10.168Z,8.23,0,77.08,345,0,0,,,,
powertraces-pt200array_pt217_r2_7536322_2-376a52a8ac,2026-05-07T20:26:10.168Z,8.23,1,77.17,345,0,0,,,,
powertraces-pt200array_pt217_r2_7536322_2-376a52a8ac,2026-05-07T20:26:10.168Z,8.23,2,78.08,345,0,0,,,,
powertraces-pt200array_pt217_r2_7536322_2-376a52a8ac,2026-05-07T20:26:10.168Z,8.23,3,77.58,345,0,0,,,,
powertraces-pt200array_pt217_r2_7536322_2-376a52a8ac,2026-05-07T20:26:10.268Z,8.33,0,77.07,345,0,0,,,,
powertraces-pt200array_pt217_r2_7536322_2-376a52a8ac,2026-05-07T20:26:10.268Z,8.33,1,77.17,345,0,0,,,,
powertraces-pt200array_pt217_r2_7536322_2-376a52a8ac,2026-05-07T20:26:10.268Z,8.33,2,78.07,345,0,0,,,,
powertraces-pt200array_pt217_r2_7536322_2-376a52a8ac,2026-05-07T20:26:10.268Z,8.33,3,77.56,345,0,0,,,,
powertraces-pt200array_pt217_r2_7536322_2-376a52a8ac,2026-05-07T20:26:10.368Z,8.43,0,77.05,345,0,0,,,,
powertraces-pt200array_pt217_r2_7536322_2-376a52a8ac,2026-05-07T20:26:10.368Z,8.43,1,77.17,345,0,0,,,,
powertraces-pt200array_pt217_r2_7536322_2-376a52a8ac,2026-05-07T20:26:10.368Z,8.43,2,78.07,345,0,0,,,,
powertraces-pt200array_pt217_r2_7536322_2-376a52a8ac,2026-05-07T20:26:10.368Z,8.43,3,77.57,345,0,0,,,,
powertraces-pt200array_pt217_r2_7536322_2-376a52a8ac,2026-05-07T20:26:10.468Z,8.53,0,77.04,345,0,0,,,,
powertraces-pt200array_pt217_r2_7536322_2-376a52a8ac,2026-05-07T20:26:10.468Z,8.53,1,77.16,345,0,0,,,,
powertraces-pt200array_pt217_r2_7536322_2-376a52a8ac,2026-05-07T20:26:10.468Z,8.53,2,78.08,345,0,0,,,,
powertraces-pt200array_pt217_r2_7536322_2-376a52a8ac,2026-05-07T20:26:10.469Z,8.531,3,77.57,345,0,0,,,,
powertraces-pt200array_pt217_r2_7536322_2-376a52a8ac,2026-05-07T20:26:10.569Z,8.631,0,77.06,345,0,0,,,,
powertraces-pt200array_pt217_r2_7536322_2-376a52a8ac,2026-05-07T20:26:10.569Z,8.631,1,77.14,345,0,0,,,,
powertraces-pt200array_pt217_r2_7536322_2-376a52a8ac,2026-05-07T20:26:10.569Z,8.631,2,78.08,345,0,0,,,,
powertraces-pt200array_pt217_r2_7536322_2-376a52a8ac,2026-05-07T20:26:10.569Z,8.631,3,77.58,345,0,0,,,,
powertraces-pt200array_pt217_r2_7536322_2-376a52a8ac,2026-05-07T20:26:10.669Z,8.731,0,77.06,345,0,0,,,,
powertraces-pt200array_pt217_r2_7536322_2-376a52a8ac,2026-05-07T20:26:10.669Z,8.731,1,77.14,345,0,0,,,,
powertraces-pt200array_pt217_r2_7536322_2-376a52a8ac,2026-05-07T20:26:10.669Z,8.731,2,78.1,345,0,0,,,,
powertraces-pt200array_pt217_r2_7536322_2-376a52a8ac,2026-05-07T20:26:10.669Z,8.731,3,77.58,345,0,0,,,,
powertraces-pt200array_pt217_r2_7536322_2-376a52a8ac,2026-05-07T20:26:10.769Z,8.831,0,77.05,345,0,0,,,,
powertraces-pt200array_pt217_r2_7536322_2-376a52a8ac,2026-05-07T20:26:10.769Z,8.831,1,77.14,345,0,0,,,,
powertraces-pt200array_pt217_r2_7536322_2-376a52a8ac,2026-05-07T20:26:10.769Z,8.831,2,78.08,345,0,0,,,,
powertraces-pt200array_pt217_r2_7536322_2-376a52a8ac,2026-05-07T20:26:10.769Z,8.831,3,77.58,345,0,0,,,,
powertraces-pt200array_pt217_r2_7536322_2-376a52a8ac,2026-05-07T20:26:10.869Z,8.931,0,77.07,345,0,0,,,,
powertraces-pt200array_pt217_r2_7536322_2-376a52a8ac,2026-05-07T20:26:10.869Z,8.931,1,77.14,345,0,0,,,,
powertraces-pt200array_pt217_r2_7536322_2-376a52a8ac,2026-05-07T20:26:10.869Z,8.931,2,78.1,345,0,0,,,,
powertraces-pt200array_pt217_r2_7536322_2-376a52a8ac,2026-05-07T20:26:10.869Z,8.931,3,77.57,345,0,0,,,,
powertraces-pt200array_pt217_r2_7536322_2-376a52a8ac,2026-05-07T20:26:10.969Z,9.031,0,77.07,345,0,0,,,,
powertraces-pt200array_pt217_r2_7536322_2-376a52a8ac,2026-05-07T20:26:10.969Z,9.031,1,77.17,345,0,0,,,,
powertraces-pt200array_pt217_r2_7536322_2-376a52a8ac,2026-05-07T20:26:10.969Z,9.031,2,78.09,345,0,0,,,,
powertraces-pt200array_pt217_r2_7536322_2-376a52a8ac,2026-05-07T20:26:10.969Z,9.031,3,77.57,345,0,0,,,,
powertraces-pt200array_pt217_r2_7536322_2-376a52a8ac,2026-05-07T20:26:11.07Z,9.132,0,77.07,345,0,0,,,,
powertraces-pt200array_pt217_r2_7536322_2-376a52a8ac,2026-05-07T20:26:11.07Z,9.132,1,77.17,345,0,0,,,,
powertraces-pt200array_pt217_r2_7536322_2-376a52a8ac,2026-05-07T20:26:11.07Z,9.132,2,78.11,345,0,0,,,,
powertraces-pt200array_pt217_r2_7536322_2-376a52a8ac,2026-05-07T20:26:11.07Z,9.132,3,77.57,345,0,0,,,,
powertraces-pt200array_pt217_r2_7536322_2-376a52a8ac,2026-05-07T20:26:11.17Z,9.232,0,77.05,345,0,0,,,,
powertraces-pt200array_pt217_r2_7536322_2-376a52a8ac,2026-05-07T20:26:11.17Z,9.232,1,77.17,345,0,0,,,,
powertraces-pt200array_pt217_r2_7536322_2-376a52a8ac,2026-05-07T20:26:11.17Z,9.232,2,78.1,345,0,0,,,,
powertraces-pt200array_pt217_r2_7536322_2-376a52a8ac,2026-05-07T20:26:11.17Z,9.232,3,77.54,345,0,0,,,,
powertraces-pt200array_pt217_r2_7536322_2-376a52a8ac,2026-05-07T20:26:11.27Z,9.332,0,77.09,345,0,0,,,,
powertraces-pt200array_pt217_r2_7536322_2-376a52a8ac,2026-05-07T20:26:11.27Z,9.332,1,77.17,345,0,0,,,,
powertraces-pt200array_pt217_r2_7536322_2-376a52a8ac,2026-05-07T20:26:11.27Z,9.332,2,78.1,345,0,0,,,,
powertraces-pt200array_pt217_r2_7536322_2-376a52a8ac,2026-05-07T20:26:11.27Z,9.332,3,77.55,345,0,0,,,,
powertraces-pt200array_pt217_r2_7536322_2-376a52a8ac,2026-05-07T20:26:11.37Z,9.432,0,77.07,345,0,0,,,,
powertraces-pt200array_pt217_r2_7536322_2-376a52a8ac,2026-05-07T20:26:11.37Z,9.432,1,77.17,345,0,0,,,,
powertraces-pt200array_pt217_r2_7536322_2-376a52a8ac,2026-05-07T20:26:11.37Z,9.432,2,78.1,345,0,0,,,,
powertraces-pt200array_pt217_r2_7536322_2-376a52a8ac,2026-05-07T20:26:11.37Z,9.432,3,77.56,345,0,0,,,,
powertraces-pt200array_pt217_r2_7536322_2-376a52a8ac,2026-05-07T20:26:11.47Z,9.532,0,77.07,345,0,0,,,,
powertraces-pt200array_pt217_r2_7536322_2-376a52a8ac,2026-05-07T20:26:11.47Z,9.532,1,77.19,345,0,0,,,,
powertraces-pt200array_pt217_r2_7536322_2-376a52a8ac,2026-05-07T20:26:11.47Z,9.532,2,78.11,345,0,0,,,,
powertraces-pt200array_pt217_r2_7536322_2-376a52a8ac,2026-05-07T20:26:11.47Z,9.532,3,77.57,345,0,0,,,,
powertraces-pt200array_pt217_r2_7536322_2-376a52a8ac,2026-05-07T20:26:11.57Z,9.632,0,77.05,345,0,0,,,,
powertraces-pt200array_pt217_r2_7536322_2-376a52a8ac,2026-05-07T20:26:11.571Z,9.633,1,77.18,345,0,0,,,,
powertraces-pt200array_pt217_r2_7536322_2-376a52a8ac,2026-05-07T20:26:11.571Z,9.633,2,78.11,345,0,0,,,,
powertraces-pt200array_pt217_r2_7536322_2-376a52a8ac,2026-05-07T20:26:11.571Z,9.633,3,77.57,345,0,0,,,,
powertraces-pt200array_pt217_r2_7536322_2-376a52a8ac,2026-05-07T20:26:11.671Z,9.733,0,77.09,345,0,0,,,,
powertraces-pt200array_pt217_r2_7536322_2-376a52a8ac,2026-05-07T20:26:11.671Z,9.733,1,77.19,345,0,0,,,,
powertraces-pt200array_pt217_r2_7536322_2-376a52a8ac,2026-05-07T20:26:11.671Z,9.733,2,78.1,345,0,0,,,,
powertraces-pt200array_pt217_r2_7536322_2-376a52a8ac,2026-05-07T20:26:11.671Z,9.733,3,77.57,345,0,0,,,,
powertraces-pt200array_pt217_r2_7536322_2-376a52a8ac,2026-05-07T20:26:11.771Z,9.833,0,77.07,345,0,0,,,,
powertraces-pt200array_pt217_r2_7536322_2-376a52a8ac,2026-05-07T20:26:11.771Z,9.833,1,77.2,345,0,0,,,,
powertraces-pt200array_pt217_r2_7536322_2-376a52a8ac,2026-05-07T20:26:11.771Z,9.833,2,78.1,345,0,0,,,,
powertraces-pt200array_pt217_r2_7536322_2-376a52a8ac,2026-05-07T20:26:11.771Z,9.833,3,77.55,345,0,0,,,,
powertraces-pt200array_pt217_r2_7536322_2-376a52a8ac,2026-05-07T20:26:11.871Z,9.933,0,77.05,345,0,0,,,,
powertraces-pt200array_pt217_r2_7536322_2-376a52a8ac,2026-05-07T20:26:11.871Z,9.933,1,77.2,345,0,0,,,,
powertraces-pt200array_pt217_r2_7536322_2-376a52a8ac,2026-05-07T20:26:11.871Z,9.933,2,78.09,345,0,0,,,,
powertraces-pt200array_pt217_r2_7536322_2-376a52a8ac,2026-05-07T20:26:11.871Z,9.933,3,77.55,345,0,0,,,,
powertraces-pt200array_pt217_r2_7536322_2-376a52a8ac,2026-05-07T20:26:11.971Z,10.033,0,77.06,345,0,0,,,,
powertraces-pt200array_pt217_r2_7536322_2-376a52a8ac,2026-05-07T20:26:11.971Z,10.033,1,77.18,345,0,0,,,,
powertraces-pt200array_pt217_r2_7536322_2-376a52a8ac,2026-05-07T20:26:11.971Z,10.033,2,78.09,345,0,0,,,,
powertraces-pt200array_pt217_r2_7536322_2-376a52a8ac,2026-05-07T20:26:11.971Z,10.033,3,77.54,345,0,0,,,,
powertraces-pt200array_pt217_r2_7536322_2-376a52a8ac,2026-05-07T20:26:12.071Z,10.133,0,77.09,345,0,0,,,,
powertraces-pt200array_pt217_r2_7536322_2-376a52a8ac,2026-05-07T20:26:12.071Z,10.133,1,77.19,345,0,0,,,,
powertraces-pt200array_pt217_r2_7536322_2-376a52a8ac,2026-05-07T20:26:12.071Z,10.133,2,78.12,345,0,0,,,,
powertraces-pt200array_pt217_r2_7536322_2-376a52a8ac,2026-05-07T20:26:12.071Z,10.133,3,77.56,345,0,0,,,,
powertraces-pt200array_pt217_r2_7536322_2-376a52a8ac,2026-05-07T20:26:12.172Z,10.234,0,77.09,345,0,0,,,,
powertraces-pt200array_pt217_r2_7536322_2-376a52a8ac,2026-05-07T20:26:12.172Z,10.234,1,77.18,345,0,0,,,,
powertraces-pt200array_pt217_r2_7536322_2-376a52a8ac,2026-05-07T20:26:12.172Z,10.234,2,78.12,345,0,0,,,,
powertraces-pt200array_pt217_r2_7536322_2-376a52a8ac,2026-05-07T20:26:12.172Z,10.234,3,77.58,345,0,0,,,,
powertraces-pt200array_pt217_r2_7536322_2-376a52a8ac,2026-05-07T20:26:12.272Z,10.334,0,77.09,345,0,0,,,,
powertraces-pt200array_pt217_r2_7536322_2-376a52a8ac,2026-05-07T20:26:12.272Z,10.334,1,77.18,345,0,0,,,,
powertraces-pt200array_pt217_r2_7536322_2-376a52a8ac,2026-05-07T20:26:12.272Z,10.334,2,78.11,345,0,0,,,,
powertraces-pt200array_pt217_r2_7536322_2-376a52a8ac,2026-05-07T20:26:12.272Z,10.334,3,77.58,345,0,0,,,,
powertraces-pt200array_pt217_r2_7536322_2-376a52a8ac,2026-05-07T20:26:12.372Z,10.434,0,77.11,345,0,0,,,,
powertraces-pt200array_pt217_r2_7536322_2-376a52a8ac,2026-05-07T20:26:12.372Z,10.434,1,77.16,345,0,0,,,,
powertraces-pt200array_pt217_r2_7536322_2-376a52a8ac,2026-05-07T20:26:12.372Z,10.434,2,78.11,345,0,0,,,,
powertraces-pt200array_pt217_r2_7536322_2-376a52a8ac,2026-05-07T20:26:12.372Z,10.434,3,77.59,345,0,0,,,,
powertraces-pt200array_pt217_r2_7536322_2-376a52a8ac,2026-05-07T20:26:12.472Z,10.534,0,77.11,345,0,0,,,,
powertraces-pt200array_pt217_r2_7536322_2-376a52a8ac,2026-05-07T20:26:12.472Z,10.534,1,77.16,345,0,0,,,,
powertraces-pt200array_pt217_r2_7536322_2-376a52a8ac,2026-05-07T20:26:12.472Z,10.534,2,78.1,345,0,0,,,,
powertraces-pt200array_pt217_r2_7536322_2-376a52a8ac,2026-05-07T20:26:12.472Z,10.534,3,77.58,345,0,0,,,,
powertraces-pt200array_pt217_r2_7536322_2-376a52a8ac,2026-05-07T20:26:12.572Z,10.634,0,77.08,345,0,0,,,,
powertraces-pt200array_pt217_r2_7536322_2-376a52a8ac,2026-05-07T20:26:12.572Z,10.634,1,77.17,345,0,0,,,,
powertraces-pt200array_pt217_r2_7536322_2-376a52a8ac,2026-05-07T20:26:12.572Z,10.634,2,78.11,345,0,0,,,,
powertraces-pt200array_pt217_r2_7536322_2-376a52a8ac,2026-05-07T20:26:12.572Z,10.634,3,77.56,345,0,0,,,,
powertraces-pt200array_pt217_r2_7536322_2-376a52a8ac,2026-05-07T20:26:12.673Z,10.735,0,77.07,345,0,0,,,,
powertraces-pt200array_pt217_r2_7536322_2-376a52a8ac,2026-05-07T20:26:12.673Z,10.735,1,77.17,345,0,0,,,,
powertraces-pt200array_pt217_r2_7536322_2-376a52a8ac,2026-05-07T20:26:12.673Z,10.735,2,78.11,345,0,0,,,,
powertraces-pt200array_pt217_r2_7536322_2-376a52a8ac,2026-05-07T20:26:12.673Z,10.735,3,77.57,345,0,0,,,,
powertraces-pt200array_pt217_r2_7536322_2-376a52a8ac,2026-05-07T20:26:12.773Z,10.835,0,77.09,345,0,0,,,,
powertraces-pt200array_pt217_r2_7536322_2-376a52a8ac,2026-05-07T20:26:12.773Z,10.835,1,77.15,345,0,0,,,,
powertraces-pt200array_pt217_r2_7536322_2-376a52a8ac,2026-05-07T20:26:12.773Z,10.835,2,78.11,345,0,0,,,,
powertraces-pt200array_pt217_r2_7536322_2-376a52a8ac,2026-05-07T20:26:12.773Z,10.835,3,77.59,345,0,0,,,,
powertraces-pt200array_pt217_r2_7536322_2-376a52a8ac,2026-05-07T20:26:12.873Z,10.935,0,77.08,345,0,0,,,,
powertraces-pt200array_pt217_r2_7536322_2-376a52a8ac,2026-05-07T20:26:12.873Z,10.935,1,77.15,345,0,0,,,,
powertraces-pt200array_pt217_r2_7536322_2-376a52a8ac,2026-05-07T20:26:12.873Z,10.935,2,78.13,345,0,0,,,,
powertraces-pt200array_pt217_r2_7536322_2-376a52a8ac,2026-05-07T20:26:12.873Z,10.935,3,77.59,345,0,0,,,,
powertraces-pt200array_pt217_r2_7536322_2-376a52a8ac,2026-05-07T20:26:12.973Z,11.035,0,77.07,345,0,0,,,,
powertraces-pt200array_pt217_r2_7536322_2-376a52a8ac,2026-05-07T20:26:12.973Z,11.035,1,77.16,345,0,0,,,,
powertraces-pt200array_pt217_r2_7536322_2-376a52a8ac,2026-05-07T20:26:12.973Z,11.035,2,78.11,345,0,0,,,,
powertraces-pt200array_pt217_r2_7536322_2-376a52a8ac,2026-05-07T20:26:12.973Z,11.035,3,77.57,345,0,0,,,,
powertraces-pt200array_pt217_r2_7536322_2-376a52a8ac,2026-05-07T20:26:13.073Z,11.135,0,77.06,345,0,0,,,,
powertraces-pt200array_pt217_r2_7536322_2-376a52a8ac,2026-05-07T20:26:13.073Z,11.135,1,77.16,345,0,0,,,,
powertraces-pt200array_pt217_r2_7536322_2-376a52a8ac,2026-05-07T20:26:13.073Z,11.135,2,78.11,345,0,0,,,,
powertraces-pt200array_pt217_r2_7536322_2-376a52a8ac,2026-05-07T20:26:13.073Z,11.135,3,77.56,345,0,0,,,,
powertraces-pt200array_pt217_r2_7536322_2-376a52a8ac,2026-05-07T20:26:13.173Z,11.235,0,77.05,345,0,0,,,,
powertraces-pt200array_pt217_r2_7536322_2-376a52a8ac,2026-05-07T20:26:13.173Z,11.235,1,77.18,345,0,0,,,,
powertraces-pt200array_pt217_r2_7536322_2-376a52a8ac,2026-05-07T20:26:13.173Z,11.235,2,78.11,345,0,0,,,,
powertraces-pt200array_pt217_r2_7536322_2-376a52a8ac,2026-05-07T20:26:13.173Z,11.235,3,77.57,345,0,0,,,,
powertraces-pt200array_pt217_r2_7536322_2-376a52a8ac,2026-05-07T20:26:13.274Z,11.336,0,77.05,345,0,0,,,,
powertraces-pt200array_pt217_r2_7536322_2-376a52a8ac,2026-05-07T20:26:13.274Z,11.336,1,77.18,345,0,0,,,,
powertraces-pt200array_pt217_r2_7536322_2-376a52a8ac,2026-05-07T20:26:13.274Z,11.336,2,78.12,345,0,0,,,,
powertraces-pt200array_pt217_r2_7536322_2-376a52a8ac,2026-05-07T20:26:13.274Z,11.336,3,77.57,345,0,0,,,,
powertraces-pt200array_pt217_r2_7536322_2-376a52a8ac,2026-05-07T20:26:13.374Z,11.436,0,77.01,345,0,0,,,,
powertraces-pt200array_pt217_r2_7536322_2-376a52a8ac,2026-05-07T20:26:13.374Z,11.436,1,77.19,345,0,0,,,,
powertraces-pt200array_pt217_r2_7536322_2-376a52a8ac,2026-05-07T20:26:13.374Z,11.436,2,78.11,345,0,0,,,,
powertraces-pt200array_pt217_r2_7536322_2-376a52a8ac,2026-05-07T20:26:13.374Z,11.436,3,77.55,345,0,0,,,,
powertraces-pt200array_pt217_r2_7536322_2-376a52a8ac,2026-05-07T20:26:13.474Z,11.536,0,77.05,345,0,0,,,,
powertraces-pt200array_pt217_r2_7536322_2-376a52a8ac,2026-05-07T20:26:13.474Z,11.536,1,77.19,345,0,0,,,,
powertraces-pt200array_pt217_r2_7536322_2-376a52a8ac,2026-05-07T20:26:13.474Z,11.536,2,78.11,345,0,0,,,,
powertraces-pt200array_pt217_r2_7536322_2-376a52a8ac,2026-05-07T20:26:13.474Z,11.536,3,77.55,345,0,0,,,,
powertraces-pt200array_pt217_r2_7536322_2-376a52a8ac,2026-05-07T20:26:13.574Z,11.636,0,77.05,345,0,0,,,,
powertraces-pt200array_pt217_r2_7536322_2-376a52a8ac,2026-05-07T20:26:13.574Z,11.636,1,77.19,345,0,0,,,,
powertraces-pt200array_pt217_r2_7536322_2-376a52a8ac,2026-05-07T20:26:13.574Z,11.636,2,78.11,345,0,0,,,,
powertraces-pt200array_pt217_r2_7536322_2-376a52a8ac,2026-05-07T20:26:13.574Z,11.636,3,77.55,345,0,0,,,,
powertraces-pt200array_pt217_r2_7536322_2-376a52a8ac,2026-05-07T20:26:13.674Z,11.736,0,77.03,345,0,0,,,,
powertraces-pt200array_pt217_r2_7536322_2-376a52a8ac,2026-05-07T20:26:13.674Z,11.736,1,77.21,345,0,0,,,,
powertraces-pt200array_pt217_r2_7536322_2-376a52a8ac,2026-05-07T20:26:13.674Z,11.736,2,78.13,345,0,0,,,,
powertraces-pt200array_pt217_r2_7536322_2-376a52a8ac,2026-05-07T20:26:13.674Z,11.736,3,77.52,345,0,0,,,,
powertraces-pt200array_pt217_r2_7536322_2-376a52a8ac,2026-05-07T20:26:13.774Z,11.836,0,77.04,345,0,0,,,,
powertraces-pt200array_pt217_r2_7536322_2-376a52a8ac,2026-05-07T20:26:13.775Z,11.837,1,77.2,345,0,0,,,,
powertraces-pt200array_pt217_r2_7536322_2-376a52a8ac,2026-05-07T20:26:13.775Z,11.837,2,78.13,345,0,0,,,,
powertraces-pt200array_pt217_r2_7536322_2-376a52a8ac,2026-05-07T20:26:13.775Z,11.837,3,77.51,345,0,0,,,,
powertraces-pt200array_pt217_r2_7536322_2-376a52a8ac,2026-05-07T20:26:13.875Z,11.937,0,77.05,345,0,0,,,,
powertraces-pt200array_pt217_r2_7536322_2-376a52a8ac,2026-05-07T20:26:13.875Z,11.937,1,77.19,345,0,0,,,,
powertraces-pt200array_pt217_r2_7536322_2-376a52a8ac,2026-05-07T20:26:13.875Z,11.937,2,78.14,345,0,0,,,,
powertraces-pt200array_pt217_r2_7536322_2-376a52a8ac,2026-05-07T20:26:13.875Z,11.937,3,77.5,345,0,0,,,,
powertraces-pt200array_pt217_r2_7536322_2-376a52a8ac,2026-05-07T20:26:13.975Z,12.037,0,77.06,345,0,0,,,,
powertraces-pt200array_pt217_r2_7536322_2-376a52a8ac,2026-05-07T20:26:13.975Z,12.037,1,77.21,345,0,0,,,,
powertraces-pt200array_pt217_r2_7536322_2-376a52a8ac,2026-05-07T20:26:13.975Z,12.037,2,78.14,345,0,0,,,,
powertraces-pt200array_pt217_r2_7536322_2-376a52a8ac,2026-05-07T20:26:13.975Z,12.037,3,77.5,345,0,0,,,,
powertraces-pt200array_pt217_r2_7536322_2-376a52a8ac,2026-05-07T20:26:14.075Z,12.137,0,77.05,345,0,0,,,,
powertraces-pt200array_pt217_r2_7536322_2-376a52a8ac,2026-05-07T20:26:14.075Z,12.137,1,77.22,345,0,0,,,,
powertraces-pt200array_pt217_r2_7536322_2-376a52a8ac,2026-05-07T20:26:14.075Z,12.137,2,78.12,345,0,0,,,,
powertraces-pt200array_pt217_r2_7536322_2-376a52a8ac,2026-05-07T20:26:14.075Z,12.137,3,77.46,345,0,0,,,,
powertraces-pt200array_pt217_r2_7536322_2-376a52a8ac,2026-05-07T20:26:14.175Z,12.237,0,77.06,345,0,0,,,,
powertraces-pt200array_pt217_r2_7536322_2-376a52a8ac,2026-05-07T20:26:14.175Z,12.237,1,77.2,345,0,0,,,,
powertraces-pt200array_pt217_r2_7536322_2-376a52a8ac,2026-05-07T20:26:14.175Z,12.237,2,78.11,345,0,0,,,,
powertraces-pt200array_pt217_r2_7536322_2-376a52a8ac,2026-05-07T20:26:14.175Z,12.237,3,77.44,345,0,0,,,,
powertraces-pt200array_pt217_r2_7536322_2-376a52a8ac,2026-05-07T20:26:14.276Z,12.338,0,77.05,345,0,0,,,,
powertraces-pt200array_pt217_r2_7536322_2-376a52a8ac,2026-05-07T20:26:14.276Z,12.338,1,77.19,345,0,0,,,,
powertraces-pt200array_pt217_r2_7536322_2-376a52a8ac,2026-05-07T20:26:14.276Z,12.338,2,78.12,345,0,0,,,,
powertraces-pt200array_pt217_r2_7536322_2-376a52a8ac,2026-05-07T20:26:14.276Z,12.338,3,77.42,345,0,0,,,,
powertraces-pt200array_pt217_r2_7536322_2-376a52a8ac,2026-05-07T20:26:14.376Z,12.438,0,77.06,345,0,0,,,,
powertraces-pt200array_pt217_r2_7536322_2-376a52a8ac,2026-05-07T20:26:14.376Z,12.438,1,77.2,345,0,0,,,,
powertraces-pt200array_pt217_r2_7536322_2-376a52a8ac,2026-05-07T20:26:14.376Z,12.438,2,78.12,345,0,0,,,,
powertraces-pt200array_pt217_r2_7536322_2-376a52a8ac,2026-05-07T20:26:14.376Z,12.438,3,77.39,345,0,0,,,,
powertraces-pt200array_pt217_r2_7536322_2-376a52a8ac,2026-05-07T20:26:14.476Z,12.538,0,77.02,345,0,0,,,,
powertraces-pt200array_pt217_r2_7536322_2-376a52a8ac,2026-05-07T20:26:14.476Z,12.538,1,77.19,345,0,0,,,,
powertraces-pt200array_pt217_r2_7536322_2-376a52a8ac,2026-05-07T20:26:14.476Z,12.538,2,78.12,345,0,0,,,,
powertraces-pt200array_pt217_r2_7536322_2-376a52a8ac,2026-05-07T20:26:14.476Z,12.538,3,77.38,345,0,0,,,,
powertraces-pt200array_pt217_r2_7536322_2-376a52a8ac,2026-05-07T20:26:14.576Z,12.638,0,77.07,345,0,0,,,,
powertraces-pt200array_pt217_r2_7536322_2-376a52a8ac,2026-05-07T20:26:14.576Z,12.638,1,77.19,345,0,0,,,,
powertraces-pt200array_pt217_r2_7536322_2-376a52a8ac,2026-05-07T20:26:14.576Z,12.638,2,78.1,345,0,0,,,,
powertraces-pt200array_pt217_r2_7536322_2-376a52a8ac,2026-05-07T20:26:14.576Z,12.638,3,77.35,345,0,0,,,,
powertraces-pt200array_pt217_r2_7536322_2-376a52a8ac,2026-05-07T20:26:14.676Z,12.738,0,77.09,345,0,0,,,,
powertraces-pt200array_pt217_r2_7536322_2-376a52a8ac,2026-05-07T20:26:14.676Z,12.738,1,77.18,345,0,0,,,,
powertraces-pt200array_pt217_r2_7536322_2-376a52a8ac,2026-05-07T20:26:14.676Z,12.738,2,78.07,345,0,0,,,,
powertraces-pt200array_pt217_r2_7536322_2-376a52a8ac,2026-05-07T20:26:14.676Z,12.738,3,77.34,345,0,0,,,,
powertraces-pt200array_pt217_r2_7536322_2-376a52a8ac,2026-05-07T20:26:14.777Z,12.839,0,77.09,345,0,0,,,,
powertraces-pt200array_pt217_r2_7536322_2-376a52a8ac,2026-05-07T20:26:14.777Z,12.839,1,77.17,345,0,0,,,,
powertraces-pt200array_pt217_r2_7536322_2-376a52a8ac,2026-05-07T20:26:14.777Z,12.839,2,78.06,345,0,0,,,,
powertraces-pt200array_pt217_r2_7536322_2-376a52a8ac,2026-05-07T20:26:14.777Z,12.839,3,77.31,345,0,0,,,,
powertraces-pt200array_pt217_r2_7536322_2-376a52a8ac,2026-05-07T20:26:14.877Z,12.939,0,77.1,345,0,0,,,,
powertraces-pt200array_pt217_r2_7536322_2-376a52a8ac,2026-05-07T20:26:14.877Z,12.939,1,77.17,345,0,0,,,,
powertraces-pt200array_pt217_r2_7536322_2-376a52a8ac,2026-05-07T20:26:14.877Z,12.939,2,78.06,345,0,0,,,,
powertraces-pt200array_pt217_r2_7536322_2-376a52a8ac,2026-05-07T20:26:14.877Z,12.939,3,77.32,345,0,0,,,,
powertraces-pt200array_pt217_r2_7536322_2-376a52a8ac,2026-05-07T20:26:14.977Z,13.039,0,77.11,345,0,0,,,,
powertraces-pt200array_pt217_r2_7536322_2-376a52a8ac,2026-05-07T20:26:14.977Z,13.039,1,77.14,345,0,0,,,,
powertraces-pt200array_pt217_r2_7536322_2-376a52a8ac,2026-05-07T20:26:14.977Z,13.039,2,78.07,345,0,0,,,,
powertraces-pt200array_pt217_r2_7536322_2-376a52a8ac,2026-05-07T20:26:14.977Z,13.039,3,77.32,345,0,0,,,,
powertraces-pt200array_pt217_r2_7536322_2-376a52a8ac,2026-05-07T20:26:15.077Z,13.139,0,77.1,345,0,0,,,,
powertraces-pt200array_pt217_r2_7536322_2-376a52a8ac,2026-05-07T20:26:15.077Z,13.139,1,77.13,345,0,0,,,,
powertraces-pt200array_pt217_r2_7536322_2-376a52a8ac,2026-05-07T20:26:15.077Z,13.139,2,78.08,345,0,0,,,,
powertraces-pt200array_pt217_r2_7536322_2-376a52a8ac,2026-05-07T20:26:15.077Z,13.139,3,77.33,345,0,0,,,,
powertraces-pt200array_pt217_r2_7536322_2-376a52a8ac,2026-05-07T20:26:15.177Z,13.239,0,77.09,345,0,0,,,,
powertraces-pt200array_pt217_r2_7536322_2-376a52a8ac,2026-05-07T20:26:15.177Z,13.239,1,77.14,345,0,0,,,,
powertraces-pt200array_pt217_r2_7536322_2-376a52a8ac,2026-05-07T20:26:15.177Z,13.239,2,78.08,345,0,0,,,,
powertraces-pt200array_pt217_r2_7536322_2-376a52a8ac,2026-05-07T20:26:15.177Z,13.239,3,77.33,345,0,0,,,,
powertraces-pt200array_pt217_r2_7536322_2-376a52a8ac,2026-05-07T20:26:15.278Z,13.34,0,77.09,345,0,0,,,,
powertraces-pt200array_pt217_r2_7536322_2-376a52a8ac,2026-05-07T20:26:15.278Z,13.34,1,77.14,345,0,0,,,,
powertraces-pt200array_pt217_r2_7536322_2-376a52a8ac,2026-05-07T20:26:15.278Z,13.34,2,78.08,345,0,0,,,,
powertraces-pt200array_pt217_r2_7536322_2-376a52a8ac,2026-05-07T20:26:15.278Z,13.34,3,77.33,345,0,0,,,,
powertraces-pt200array_pt217_r2_7536322_2-376a52a8ac,2026-05-07T20:26:15.378Z,13.44,0,77.08,345,0,0,,,,
powertraces-pt200array_pt217_r2_7536322_2-376a52a8ac,2026-05-07T20:26:15.378Z,13.44,1,77.15,345,0,0,,,,
powertraces-pt200array_pt217_r2_7536322_2-376a52a8ac,2026-05-07T20:26:15.378Z,13.44,2,78.07,345,0,0,,,,
powertraces-pt200array_pt217_r2_7536322_2-376a52a8ac,2026-05-07T20:26:15.378Z,13.44,3,77.35,345,0,0,,,,
powertraces-pt200array_pt217_r2_7536322_2-376a52a8ac,2026-05-07T20:26:15.478Z,13.54,0,77.08,345,0,0,,,,
powertraces-pt200array_pt217_r2_7536322_2-376a52a8ac,2026-05-07T20:26:15.478Z,13.54,1,77.13,345,0,0,,,,
powertraces-pt200array_pt217_r2_7536322_2-376a52a8ac,2026-05-07T20:26:15.478Z,13.54,2,78.07,345,0,0,,,,
powertraces-pt200array_pt217_r2_7536322_2-376a52a8ac,2026-05-07T20:26:15.478Z,13.54,3,77.35,345,0,0,,,,
powertraces-pt200array_pt217_r2_7536322_2-376a52a8ac,2026-05-07T20:26:15.578Z,13.64,0,77.07,345,0,0,,,,
powertraces-pt200array_pt217_r2_7536322_2-376a52a8ac,2026-05-07T20:26:15.578Z,13.64,1,77.13,345,0,0,,,,
powertraces-pt200array_pt217_r2_7536322_2-376a52a8ac,2026-05-07T20:26:15.578Z,13.64,2,78.08,345,0,0,,,,
powertraces-pt200array_pt217_r2_7536322_2-376a52a8ac,2026-05-07T20:26:15.578Z,13.64,3,77.35,345,0,0,,,,
powertraces-pt200array_pt217_r2_7536322_2-376a52a8ac,2026-05-07T20:26:15.678Z,13.74,0,77.08,345,0,0,,,,
powertraces-pt200array_pt217_r2_7536322_2-376a52a8ac,2026-05-07T20:26:15.678Z,13.74,1,77.12,345,0,0,,,,
powertraces-pt200array_pt217_r2_7536322_2-376a52a8ac,2026-05-07T20:26:15.678Z,13.74,2,78.09,345,0,0,,,,
powertraces-pt200array_pt217_r2_7536322_2-376a52a8ac,2026-05-07T20:26:15.678Z,13.74,3,77.36,345,0,0,,,,
powertraces-pt200array_pt217_r2_7536322_2-376a52a8ac,2026-05-07T20:26:15.778Z,13.84,0,77.08,345,0,0,,,,
powertraces-pt200array_pt217_r2_7536322_2-376a52a8ac,2026-05-07T20:26:15.778Z,13.84,1,77.11,345,0,0,,,,
powertraces-pt200array_pt217_r2_7536322_2-376a52a8ac,2026-05-07T20:26:15.778Z,13.84,2,78.09,345,0,0,,,,
powertraces-pt200array_pt217_r2_7536322_2-376a52a8ac,2026-05-07T20:26:15.778Z,13.84,3,77.37,345,0,0,,,,
powertraces-pt200array_pt217_r2_7536322_2-376a52a8ac,2026-05-07T20:26:15.878Z,13.94,0,77.06,345,0,0,,,,
powertraces-pt200array_pt217_r2_7536322_2-376a52a8ac,2026-05-07T20:26:15.879Z,13.941,1,77.14,345,0,0,,,,
powertraces-pt200array_pt217_r2_7536322_2-376a52a8ac,2026-05-07T20:26:15.879Z,13.941,2,78.09,345,0,0,,,,
powertraces-pt200array_pt217_r2_7536322_2-376a52a8ac,2026-05-07T20:26:15.879Z,13.941,3,77.36,345,0,0,,,,
powertraces-pt200array_pt217_r2_7536322_2-376a52a8ac,2026-05-07T20:26:15.979Z,14.041,0,77.05,345,0,0,,,,
powertraces-pt200array_pt217_r2_7536322_2-376a52a8ac,2026-05-07T20:26:15.979Z,14.041,1,77.13,345,0,0,,,,
powertraces-pt200array_pt217_r2_7536322_2-376a52a8ac,2026-05-07T20:26:15.979Z,14.041,2,78.07,345,0,0,,,,
powertraces-pt200array_pt217_r2_7536322_2-376a52a8ac,2026-05-07T20:26:15.979Z,14.041,3,77.35,345,0,0,,,,
powertraces-pt200array_pt217_r2_7536322_2-376a52a8ac,2026-05-07T20:26:16.079Z,14.141,0,77.06,345,0,0,,,,
powertraces-pt200array_pt217_r2_7536322_2-376a52a8ac,2026-05-07T20:26:16.079Z,14.141,1,77.14,345,0,0,,,,
powertraces-pt200array_pt217_r2_7536322_2-376a52a8ac,2026-05-07T20:26:16.079Z,14.141,2,78.07,345,0,0,,,,
powertraces-pt200array_pt217_r2_7536322_2-376a52a8ac,2026-05-07T20:26:16.079Z,14.141,3,77.35,345,0,0,,,,
powertraces-pt200array_pt217_r2_7536322_2-376a52a8ac,2026-05-07T20:26:16.179Z,14.241,0,77.08,345,0,0,,,,
powertraces-pt200array_pt217_r2_7536322_2-376a52a8ac,2026-05-07T20:26:16.179Z,14.241,1,77.14,345,0,0,,,,
powertraces-pt200array_pt217_r2_7536322_2-376a52a8ac,2026-05-07T20:26:16.179Z,14.241,2,78.08,345,0,0,,,,
powertraces-pt200array_pt217_r2_7536322_2-376a52a8ac,2026-05-07T20:26:16.179Z,14.241,3,77.34,345,0,0,,,,
powertraces-pt200array_pt217_r2_7536322_2-376a52a8ac,2026-05-07T20:26:16.279Z,14.341,0,77.05,345,0,0,,,,
powertraces-pt200array_pt217_r2_7536322_2-376a52a8ac,2026-05-07T20:26:16.279Z,14.341,1,77.16,345,0,0,,,,
powertraces-pt200array_pt217_r2_7536322_2-376a52a8ac,2026-05-07T20:26:16.279Z,14.341,2,78.07,345,0,0,,,,
powertraces-pt200array_pt217_r2_7536322_2-376a52a8ac,2026-05-07T20:26:16.279Z,14.341,3,77.35,345,0,0,,,,
powertraces-pt200array_pt217_r2_7536322_2-376a52a8ac,2026-05-07T20:26:16.38Z,14.442,0,77.08,345,0,0,,,,
powertraces-pt200array_pt217_r2_7536322_2-376a52a8ac,2026-05-07T20:26:16.38Z,14.442,1,77.16,345,0,0,,,,
powertraces-pt200array_pt217_r2_7536322_2-376a52a8ac,2026-05-07T20:26:16.38Z,14.442,2,78.07,345,0,0,,,,
powertraces-pt200array_pt217_r2_7536322_2-376a52a8ac,2026-05-07T20:26:16.38Z,14.442,3,77.38,345,0,0,,,,
powertraces-pt200array_pt217_r2_7536322_2-376a52a8ac,2026-05-07T20:26:16.48Z,14.542,0,77.09,345,0,0,,,,
powertraces-pt200array_pt217_r2_7536322_2-376a52a8ac,2026-05-07T20:26:16.48Z,14.542,1,77.15,345,0,0,,,,
powertraces-pt200array_pt217_r2_7536322_2-376a52a8ac,2026-05-07T20:26:16.48Z,14.542,2,78.07,345,0,0,,,,
powertraces-pt200array_pt217_r2_7536322_2-376a52a8ac,2026-05-07T20:26:16.48Z,14.542,3,77.43,345,0,0,,,,
powertraces-pt200array_pt217_r2_7536322_2-376a52a8ac,2026-05-07T20:26:16.58Z,14.642,0,77.07,345,0,0,,,,
powertraces-pt200array_pt217_r2_7536322_2-376a52a8ac,2026-05-07T20:26:16.58Z,14.642,1,77.19,345,0,0,,,,
powertraces-pt200array_pt217_r2_7536322_2-376a52a8ac,2026-05-07T20:26:16.58Z,14.642,2,78.07,345,0,0,,,,
powertraces-pt200array_pt217_r2_7536322_2-376a52a8ac,2026-05-07T20:26:16.58Z,14.642,3,77.45,345,0,0,,,,
powertraces-pt200array_pt217_r2_7536322_2-376a52a8ac,2026-05-07T20:26:16.68Z,14.742,0,77.05,345,0,0,,,,
powertraces-pt200array_pt217_r2_7536322_2-376a52a8ac,2026-05-07T20:26:16.68Z,14.742,1,77.18,345,0,0,,,,
powertraces-pt200array_pt217_r2_7536322_2-376a52a8ac,2026-05-07T20:26:16.68Z,14.742,2,78.08,345,0,0,,,,
powertraces-pt200array_pt217_r2_7536322_2-376a52a8ac,2026-05-07T20:26:16.68Z,14.742,3,77.46,345,0,0,,,,
powertraces-pt200array_pt217_r2_7536322_2-376a52a8ac,2026-05-07T20:26:16.78Z,14.842,0,77.07,345,0,0,,,,
powertraces-pt200array_pt217_r2_7536322_2-376a52a8ac,2026-05-07T20:26:16.78Z,14.842,1,77.19,345,0,0,,,,
powertraces-pt200array_pt217_r2_7536322_2-376a52a8ac,2026-05-07T20:26:16.78Z,14.842,2,78.08,345,0,0,,,,
powertraces-pt200array_pt217_r2_7536322_2-376a52a8ac,2026-05-07T20:26:16.78Z,14.842,3,77.48,345,0,0,,,,
powertraces-pt200array_pt217_r2_7536322_2-376a52a8ac,2026-05-07T20:26:16.88Z,14.942,0,77.05,345,0,0,,,,
powertraces-pt200array_pt217_r2_7536322_2-376a52a8ac,2026-05-07T20:26:16.88Z,14.942,1,77.19,345,0,0,,,,
powertraces-pt200array_pt217_r2_7536322_2-376a52a8ac,2026-05-07T20:26:16.88Z,14.942,2,78.09,345,0,0,,,,
powertraces-pt200array_pt217_r2_7536322_2-376a52a8ac,2026-05-07T20:26:16.88Z,14.942,3,77.5,345,0,0,,,,
powertraces-pt200array_pt217_r2_7536322_2-376a52a8ac,2026-05-07T20:26:16.981Z,15.043,0,77.06,345,0,0,,,,
powertraces-pt200array_pt217_r2_7536322_2-376a52a8ac,2026-05-07T20:26:16.981Z,15.043,1,77.19,345,0,0,,,,
powertraces-pt200array_pt217_r2_7536322_2-376a52a8ac,2026-05-07T20:26:16.981Z,15.043,2,78.08,345,0,0,,,,
powertraces-pt200array_pt217_r2_7536322_2-376a52a8ac,2026-05-07T20:26:16.981Z,15.043,3,77.51,345,0,0,,,,
powertraces-pt200array_pt217_r2_7536322_2-376a52a8ac,2026-05-07T20:26:17.081Z,15.143,0,77.06,345,0,0,,,,
powertraces-pt200array_pt217_r2_7536322_2-376a52a8ac,2026-05-07T20:26:17.081Z,15.143,1,77.19,345,0,0,,,,
powertraces-pt200array_pt217_r2_7536322_2-376a52a8ac,2026-05-07T20:26:17.081Z,15.143,2,78.08,345,0,0,,,,
powertraces-pt200array_pt217_r2_7536322_2-376a52a8ac,2026-05-07T20:26:17.081Z,15.143,3,77.54,345,0,0,,,,
powertraces-pt200array_pt217_r2_7536322_2-376a52a8ac,2026-05-07T20:26:17.181Z,15.243,0,77.06,345,0,0,,,,
powertraces-pt200array_pt217_r2_7536322_2-376a52a8ac,2026-05-07T20:26:17.181Z,15.243,1,77.19,345,0,0,,,,
powertraces-pt200array_pt217_r2_7536322_2-376a52a8ac,2026-05-07T20:26:17.181Z,15.243,2,78.07,345,0,0,,,,
powertraces-pt200array_pt217_r2_7536322_2-376a52a8ac,2026-05-07T20:26:17.181Z,15.243,3,77.58,345,0,0,,,,
powertraces-pt200array_pt217_r2_7536322_2-376a52a8ac,2026-05-07T20:26:17.281Z,15.343,0,77.05,345,0,0,,,,
powertraces-pt200array_pt217_r2_7536322_2-376a52a8ac,2026-05-07T20:26:17.281Z,15.343,1,77.18,345,0,0,,,,
powertraces-pt200array_pt217_r2_7536322_2-376a52a8ac,2026-05-07T20:26:17.281Z,15.343,2,78.09,345,0,0,,,,
powertraces-pt200array_pt217_r2_7536322_2-376a52a8ac,2026-05-07T20:26:17.281Z,15.343,3,77.59,345,0,0,,,,
powertraces-pt200array_pt217_r2_7536322_2-376a52a8ac,2026-05-07T20:26:17.381Z,15.443,0,77.02,345,0,0,,,,
powertraces-pt200array_pt217_r2_7536322_2-376a52a8ac,2026-05-07T20:26:17.381Z,15.443,1,77.19,345,0,0,,,,
powertraces-pt200array_pt217_r2_7536322_2-376a52a8ac,2026-05-07T20:26:17.381Z,15.443,2,78.07,345,0,0,,,,
powertraces-pt200array_pt217_r2_7536322_2-376a52a8ac,2026-05-07T20:26:17.381Z,15.443,3,77.6,345,0,0,,,,
powertraces-pt200array_pt217_r2_7536322_2-376a52a8ac,2026-05-07T20:26:17.481Z,15.543,0,77.04,345,0,0,,,,
powertraces-pt200array_pt217_r2_7536322_2-376a52a8ac,2026-05-07T20:26:17.481Z,15.543,1,77.19,345,0,0,,,,
powertraces-pt200array_pt217_r2_7536322_2-376a52a8ac,2026-05-07T20:26:17.481Z,15.543,2,78.07,345,0,0,,,,
powertraces-pt200array_pt217_r2_7536322_2-376a52a8ac,2026-05-07T20:26:17.481Z,15.543,3,77.57,345,0,0,,,,
powertraces-pt200array_pt217_r2_7536322_2-376a52a8ac,2026-05-07T20:26:17.581Z,15.643,0,77.05,345,0,0,,,,
powertraces-pt200array_pt217_r2_7536322_2-376a52a8ac,2026-05-07T20:26:17.581Z,15.643,1,77.18,345,0,0,,,,
powertraces-pt200array_pt217_r2_7536322_2-376a52a8ac,2026-05-07T20:26:17.581Z,15.643,2,78.08,345,0,0,,,,
powertraces-pt200array_pt217_r2_7536322_2-376a52a8ac,2026-05-07T20:26:17.581Z,15.643,3,77.56,345,0,0,,,,
powertraces-pt200array_pt217_r2_7536322_2-376a52a8ac,2026-05-07T20:26:17.681Z,15.743,0,77.03,345,0,0,,,,
powertraces-pt200array_pt217_r2_7536322_2-376a52a8ac,2026-05-07T20:26:17.681Z,15.743,1,77.18,345,0,0,,,,
powertraces-pt200array_pt217_r2_7536322_2-376a52a8ac,2026-05-07T20:26:17.681Z,15.743,2,78.08,345,0,0,,,,
powertraces-pt200array_pt217_r2_7536322_2-376a52a8ac,2026-05-07T20:26:17.681Z,15.743,3,77.58,345,0,0,,,,
powertraces-pt200array_pt217_r2_7536322_2-376a52a8ac,2026-05-07T20:26:17.782Z,15.844,0,77.03,345,0,0,,,,
powertraces-pt200array_pt217_r2_7536322_2-376a52a8ac,2026-05-07T20:26:17.782Z,15.844,1,77.18,345,0,0,,,,
powertraces-pt200array_pt217_r2_7536322_2-376a52a8ac,2026-05-07T20:26:17.782Z,15.844,2,78.07,345,0,0,,,,
powertraces-pt200array_pt217_r2_7536322_2-376a52a8ac,2026-05-07T20:26:17.782Z,15.844,3,77.59,345,0,0,,,,
powertraces-pt200array_pt217_r2_7536322_2-376a52a8ac,2026-05-07T20:26:17.882Z,15.944,0,77.03,345,0,0,,,,
powertraces-pt200array_pt217_r2_7536322_2-376a52a8ac,2026-05-07T20:26:17.882Z,15.944,1,77.18,345,0,0,,,,
powertraces-pt200array_pt217_r2_7536322_2-376a52a8ac,2026-05-07T20:26:17.882Z,15.944,2,78.07,345,0,0,,,,
powertraces-pt200array_pt217_r2_7536322_2-376a52a8ac,2026-05-07T20:26:17.882Z,15.944,3,77.59,345,0,0,,,,
powertraces-pt200array_pt217_r2_7536322_2-376a52a8ac,2026-05-07T20:26:17.982Z,16.044,0,77.03,345,0,0,,,,
powertraces-pt200array_pt217_r2_7536322_2-376a52a8ac,2026-05-07T20:26:17.982Z,16.044,1,77.17,345,0,0,,,,
powertraces-pt200array_pt217_r2_7536322_2-376a52a8ac,2026-05-07T20:26:17.982Z,16.044,2,78.09,345,0,0,,,,
powertraces-pt200array_pt217_r2_7536322_2-376a52a8ac,2026-05-07T20:26:17.982Z,16.044,3,77.6,345,0,0,,,,
powertraces-pt200array_pt217_r2_7536322_2-376a52a8ac,2026-05-07T20:26:18.082Z,16.144,0,77.04,345,0,0,,,,
powertraces-pt200array_pt217_r2_7536322_2-376a52a8ac,2026-05-07T20:26:18.082Z,16.144,1,77.16,345,0,0,,,,
powertraces-pt200array_pt217_r2_7536322_2-376a52a8ac,2026-05-07T20:26:18.082Z,16.144,2,78.08,345,0,0,,,,
powertraces-pt200array_pt217_r2_7536322_2-376a52a8ac,2026-05-07T20:26:18.082Z,16.144,3,77.61,345,0,0,,,,
powertraces-pt200array_pt217_r2_7536322_2-376a52a8ac,2026-05-07T20:26:18.182Z,16.244,0,77.04,345,0,0,,,,
powertraces-pt200array_pt217_r2_7536322_2-376a52a8ac,2026-05-07T20:26:18.182Z,16.244,1,77.17,345,0,0,,,,
powertraces-pt200array_pt217_r2_7536322_2-376a52a8ac,2026-05-07T20:26:18.182Z,16.244,2,78.09,345,0,0,,,,
powertraces-pt200array_pt217_r2_7536322_2-376a52a8ac,2026-05-07T20:26:18.182Z,16.244,3,77.59,345,0,0,,,,
powertraces-pt200array_pt217_r2_7536322_2-376a52a8ac,2026-05-07T20:26:18.282Z,16.344,0,77.05,345,0,0,,,,
powertraces-pt200array_pt217_r2_7536322_2-376a52a8ac,2026-05-07T20:26:18.282Z,16.344,1,77.17,345,0,0,,,,
powertraces-pt200array_pt217_r2_7536322_2-376a52a8ac,2026-05-07T20:26:18.282Z,16.344,2,78.08,345,0,0,,,,
powertraces-pt200array_pt217_r2_7536322_2-376a52a8ac,2026-05-07T20:26:18.282Z,16.344,3,77.58,345,0,0,,,,
powertraces-pt200array_pt217_r2_7536322_2-376a52a8ac,2026-05-07T20:26:18.383Z,16.445,0,77.05,345,0,0,,,,
powertraces-pt200array_pt217_r2_7536322_2-376a52a8ac,2026-05-07T20:26:18.383Z,16.445,1,77.15,345,0,0,,,,
powertraces-pt200array_pt217_r2_7536322_2-376a52a8ac,2026-05-07T20:26:18.383Z,16.445,2,78.08,345,0,0,,,,
powertraces-pt200array_pt217_r2_7536322_2-376a52a8ac,2026-05-07T20:26:18.383Z,16.445,3,77.57,345,0,0,,,,
powertraces-pt200array_pt217_r2_7536322_2-376a52a8ac,2026-05-07T20:26:18.483Z,16.545,0,77.03,345,0,0,,,,
powertraces-pt200array_pt217_r2_7536322_2-376a52a8ac,2026-05-07T20:26:18.483Z,16.545,1,77.18,345,0,0,,,,
powertraces-pt200array_pt217_r2_7536322_2-376a52a8ac,2026-05-07T20:26:18.483Z,16.545,2,78.09,345,0,0,,,,
powertraces-pt200array_pt217_r2_7536322_2-376a52a8ac,2026-05-07T20:26:18.483Z,16.545,3,77.58,345,0,0,,,,
powertraces-pt200array_pt217_r2_7536322_2-376a52a8ac,2026-05-07T20:26:18.583Z,16.645,0,77.03,345,0,0,,,,
powertraces-pt200array_pt217_r2_7536322_2-376a52a8ac,2026-05-07T20:26:18.583Z,16.645,1,77.16,345,0,0,,,,
powertraces-pt200array_pt217_r2_7536322_2-376a52a8ac,2026-05-07T20:26:18.583Z,16.645,2,78.07,345,0,0,,,,
powertraces-pt200array_pt217_r2_7536322_2-376a52a8ac,2026-05-07T20:26:18.583Z,16.645,3,77.58,345,0,0,,,,
powertraces-pt200array_pt217_r2_7536322_2-376a52a8ac,2026-05-07T20:26:18.683Z,16.745,0,77.03,345,0,0,,,,
powertraces-pt200array_pt217_r2_7536322_2-376a52a8ac,2026-05-07T20:26:18.683Z,16.745,1,77.16,345,0,0,,,,
powertraces-pt200array_pt217_r2_7536322_2-376a52a8ac,2026-05-07T20:26:18.683Z,16.745,2,78.07,345,0,0,,,,
powertraces-pt200array_pt217_r2_7536322_2-376a52a8ac,2026-05-07T20:26:18.683Z,16.745,3,77.58,345,0,0,,,,
powertraces-pt200array_pt217_r2_7536322_2-376a52a8ac,2026-05-07T20:26:18.783Z,16.845,0,77.04,345,0,0,,,,
powertraces-pt200array_pt217_r2_7536322_2-376a52a8ac,2026-05-07T20:26:18.783Z,16.845,1,77.17,345,0,0,,,,
powertraces-pt200array_pt217_r2_7536322_2-376a52a8ac,2026-05-07T20:26:18.783Z,16.845,2,78.07,345,0,0,,,,
powertraces-pt200array_pt217_r2_7536322_2-376a52a8ac,2026-05-07T20:26:18.783Z,16.845,3,77.57,345,0,0,,,,
powertraces-pt200array_pt217_r2_7536322_2-376a52a8ac,2026-05-07T20:26:18.883Z,16.945,0,77.0,345,0,0,,,,
powertraces-pt200array_pt217_r2_7536322_2-376a52a8ac,2026-05-07T20:26:18.883Z,16.945,1,77.15,345,0,0,,,,
powertraces-pt200array_pt217_r2_7536322_2-376a52a8ac,2026-05-07T20:26:18.883Z,16.945,2,78.07,345,0,0,,,,
powertraces-pt200array_pt217_r2_7536322_2-376a52a8ac,2026-05-07T20:26:18.883Z,16.945,3,77.58,345,0,0,,,,
powertraces-pt200array_pt217_r2_7536322_2-376a52a8ac,2026-05-07T20:26:18.984Z,17.046,0,77.01,345,0,0,,,,
powertraces-pt200array_pt217_r2_7536322_2-376a52a8ac,2026-05-07T20:26:18.984Z,17.046,1,77.14,345,0,0,,,,
powertraces-pt200array_pt217_r2_7536322_2-376a52a8ac,2026-05-07T20:26:18.984Z,17.046,2,78.06,345,0,0,,,,
powertraces-pt200array_pt217_r2_7536322_2-376a52a8ac,2026-05-07T20:26:18.984Z,17.046,3,77.58,345,0,0,,,,
powertraces-pt200array_pt217_r2_7536322_2-376a52a8ac,2026-05-07T20:26:19.084Z,17.146,0,77.01,345,0,0,,,,
powertraces-pt200array_pt217_r2_7536322_2-376a52a8ac,2026-05-07T20:26:19.084Z,17.146,1,77.13,345,0,0,,,,
powertraces-pt200array_pt217_r2_7536322_2-376a52a8ac,2026-05-07T20:26:19.084Z,17.146,2,78.06,345,0,0,,,,
powertraces-pt200array_pt217_r2_7536322_2-376a52a8ac,2026-05-07T20:26:19.084Z,17.146,3,77.57,345,0,0,,,,
powertraces-pt200array_pt217_r2_7536322_2-376a52a8ac,2026-05-07T20:26:19.184Z,17.246,0,76.96,345,0,0,,,,
powertraces-pt200array_pt217_r2_7536322_2-376a52a8ac,2026-05-07T20:26:19.184Z,17.246,1,77.14,345,0,0,,,,
powertraces-pt200array_pt217_r2_7536322_2-376a52a8ac,2026-05-07T20:26:19.184Z,17.246,2,78.05,345,0,0,,,,
powertraces-pt200array_pt217_r2_7536322_2-376a52a8ac,2026-05-07T20:26:19.184Z,17.246,3,77.57,345,0,0,,,,
powertraces-pt200array_pt217_r2_7536322_2-376a52a8ac,2026-05-07T20:26:19.284Z,17.346,0,76.95,345,0,0,,,,
powertraces-pt200array_pt217_r2_7536322_2-376a52a8ac,2026-05-07T20:26:19.284Z,17.346,1,77.12,345,0,0,,,,
powertraces-pt200array_pt217_r2_7536322_2-376a52a8ac,2026-05-07T20:26:19.284Z,17.346,2,78.05,345,0,0,,,,
powertraces-pt200array_pt217_r2_7536322_2-376a52a8ac,2026-05-07T20:26:19.284Z,17.346,3,77.57,345,0,0,,,,
powertraces-pt200array_pt217_r2_7536322_2-376a52a8ac,2026-05-07T20:26:19.385Z,17.447,0,76.97,345,0,0,,,,
powertraces-pt200array_pt217_r2_7536322_2-376a52a8ac,2026-05-07T20:26:19.385Z,17.447,1,77.13,345,0,0,,,,
powertraces-pt200array_pt217_r2_7536322_2-376a52a8ac,2026-05-07T20:26:19.385Z,17.447,2,78.04,345,0,0,,,,
powertraces-pt200array_pt217_r2_7536322_2-376a52a8ac,2026-05-07T20:26:19.385Z,17.447,3,77.57,345,0,0,,,,
powertraces-pt200array_pt217_r2_7536322_2-376a52a8ac,2026-05-07T20:26:19.485Z,17.547,0,76.95,345,0,0,,,,
powertraces-pt200array_pt217_r2_7536322_2-376a52a8ac,2026-05-07T20:26:19.485Z,17.547,1,77.12,345,0,0,,,,
powertraces-pt200array_pt217_r2_7536322_2-376a52a8ac,2026-05-07T20:26:19.485Z,17.547,2,78.06,345,0,0,,,,
powertraces-pt200array_pt217_r2_7536322_2-376a52a8ac,2026-05-07T20:26:19.485Z,17.547,3,77.56,345,0,0,,,,
powertraces-pt200array_pt217_r2_7536322_2-376a52a8ac,2026-05-07T20:26:19.585Z,17.647,0,76.94,345,0,0,,,,
powertraces-pt200array_pt217_r2_7536322_2-376a52a8ac,2026-05-07T20:26:19.585Z,17.647,1,77.11,345,0,0,,,,
powertraces-pt200array_pt217_r2_7536322_2-376a52a8ac,2026-05-07T20:26:19.585Z,17.647,2,78.06,345,0,0,,,,
powertraces-pt200array_pt217_r2_7536322_2-376a52a8ac,2026-05-07T20:26:19.585Z,17.647,3,77.55,345,0,0,,,,
powertraces-pt200array_pt217_r2_7536322_2-376a52a8ac,2026-05-07T20:26:19.685Z,17.747,0,76.94,345,0,0,,,,
powertraces-pt200array_pt217_r2_7536322_2-376a52a8ac,2026-05-07T20:26:19.685Z,17.747,1,77.13,345,0,0,,,,
powertraces-pt200array_pt217_r2_7536322_2-376a52a8ac,2026-05-07T20:26:19.685Z,17.747,2,78.06,345,0,0,,,,
powertraces-pt200array_pt217_r2_7536322_2-376a52a8ac,2026-05-07T20:26:19.685Z,17.747,3,77.56,345,0,0,,,,
powertraces-pt200array_pt217_r2_7536322_2-376a52a8ac,2026-05-07T20:26:19.785Z,17.847,0,76.94,345,0,0,,,,
powertraces-pt200array_pt217_r2_7536322_2-376a52a8ac,2026-05-07T20:26:19.785Z,17.847,1,77.12,345,0,0,,,,
powertraces-pt200array_pt217_r2_7536322_2-376a52a8ac,2026-05-07T20:26:19.785Z,17.847,2,78.07,345,0,0,,,,
powertraces-pt200array_pt217_r2_7536322_2-376a52a8ac,2026-05-07T20:26:19.785Z,17.847,3,77.57,345,0,0,,,,
powertraces-pt200array_pt217_r2_7536322_2-376a52a8ac,2026-05-07T20:26:19.885Z,17.947,0,76.93,345,0,0,,,,
powertraces-pt200array_pt217_r2_7536322_2-376a52a8ac,2026-05-07T20:26:19.885Z,17.947,1,77.14,345,0,0,,,,
powertraces-pt200array_pt217_r2_7536322_2-376a52a8ac,2026-05-07T20:26:19.885Z,17.947,2,78.06,345,0,0,,,,
powertraces-pt200array_pt217_r2_7536322_2-376a52a8ac,2026-05-07T20:26:19.885Z,17.947,3,77.58,345,0,0,,,,
powertraces-pt200array_pt217_r2_7536322_2-376a52a8ac,2026-05-07T20:26:19.985Z,18.047,0,76.94,345,0,0,,,,
powertraces-pt200array_pt217_r2_7536322_2-376a52a8ac,2026-05-07T20:26:19.985Z,18.047,1,77.15,345,0,0,,,,
powertraces-pt200array_pt217_r2_7536322_2-376a52a8ac,2026-05-07T20:26:19.985Z,18.047,2,78.07,345,0,0,,,,
powertraces-pt200array_pt217_r2_7536322_2-376a52a8ac,2026-05-07T20:26:19.985Z,18.047,3,77.58,345,0,0,,,,
powertraces-pt200array_pt217_r2_7536322_2-376a52a8ac,2026-05-07T20:26:20.086Z,18.148,0,76.94,345,0,0,,,,
powertraces-pt200array_pt217_r2_7536322_2-376a52a8ac,2026-05-07T20:26:20.086Z,18.148,1,77.15,345,0,0,,,,
powertraces-pt200array_pt217_r2_7536322_2-376a52a8ac,2026-05-07T20:26:20.086Z,18.148,2,78.08,345,0,0,,,,
powertraces-pt200array_pt217_r2_7536322_2-376a52a8ac,2026-05-07T20:26:20.086Z,18.148,3,77.56,345,0,0,,,,
powertraces-pt200array_pt217_r2_7536322_2-376a52a8ac,2026-05-07T20:26:20.186Z,18.248,0,76.94,345,0,0,,,,
powertraces-pt200array_pt217_r2_7536322_2-376a52a8ac,2026-05-07T20:26:20.186Z,18.248,1,77.15,345,0,0,,,,
powertraces-pt200array_pt217_r2_7536322_2-376a52a8ac,2026-05-07T20:26:20.186Z,18.248,2,78.08,345,0,0,,,,
powertraces-pt200array_pt217_r2_7536322_2-376a52a8ac,2026-05-07T20:26:20.186Z,18.248,3,77.57,345,0,0,,,,
powertraces-pt200array_pt217_r2_7536322_2-376a52a8ac,2026-05-07T20:26:20.286Z,18.348,0,76.93,345,0,0,,,,
powertraces-pt200array_pt217_r2_7536322_2-376a52a8ac,2026-05-07T20:26:20.286Z,18.348,1,77.15,345,0,0,,,,
powertraces-pt200array_pt217_r2_7536322_2-376a52a8ac,2026-05-07T20:26:20.286Z,18.348,2,78.08,345,0,0,,,,
powertraces-pt200array_pt217_r2_7536322_2-376a52a8ac,2026-05-07T20:26:20.286Z,18.348,3,77.57,345,0,0,,,,
powertraces-pt200array_pt217_r2_7536322_2-376a52a8ac,2026-05-07T20:26:20.386Z,18.448,0,76.94,345,0,0,,,,
powertraces-pt200array_pt217_r2_7536322_2-376a52a8ac,2026-05-07T20:26:20.386Z,18.448,1,77.16,345,0,0,,,,
powertraces-pt200array_pt217_r2_7536322_2-376a52a8ac,2026-05-07T20:26:20.386Z,18.448,2,78.08,345,0,0,,,,
powertraces-pt200array_pt217_r2_7536322_2-376a52a8ac,2026-05-07T20:26:20.386Z,18.448,3,77.58,345,0,0,,,,
powertraces-pt200array_pt217_r2_7536322_2-376a52a8ac,2026-05-07T20:26:20.486Z,18.548,0,76.96,345,0,0,,,,
powertraces-pt200array_pt217_r2_7536322_2-376a52a8ac,2026-05-07T20:26:20.486Z,18.548,1,77.16,345,0,0,,,,
powertraces-pt200array_pt217_r2_7536322_2-376a52a8ac,2026-05-07T20:26:20.486Z,18.548,2,78.07,345,0,0,,,,
powertraces-pt200array_pt217_r2_7536322_2-376a52a8ac,2026-05-07T20:26:20.486Z,18.548,3,77.59,345,0,0,,,,
powertraces-pt200array_pt217_r2_7536322_2-376a52a8ac,2026-05-07T20:26:20.586Z,18.648,0,76.95,345,0,0,,,,
powertraces-pt200array_pt217_r2_7536322_2-376a52a8ac,2026-05-07T20:26:20.586Z,18.648,1,77.17,345,0,0,,,,
powertraces-pt200array_pt217_r2_7536322_2-376a52a8ac,2026-05-07T20:26:20.586Z,18.648,2,78.08,345,0,0,,,,
powertraces-pt200array_pt217_r2_7536322_2-376a52a8ac,2026-05-07T20:26:20.586Z,18.648,3,77.6,345,0,0,,,,
powertraces-pt200array_pt217_r2_7536322_2-376a52a8ac,2026-05-07T20:26:20.686Z,18.748,0,76.94,345,0,0,,,,
powertraces-pt200array_pt217_r2_7536322_2-376a52a8ac,2026-05-07T20:26:20.686Z,18.748,1,77.18,345,0,0,,,,
powertraces-pt200array_pt217_r2_7536322_2-376a52a8ac,2026-05-07T20:26:20.686Z,18.748,2,78.08,345,0,0,,,,
powertraces-pt200array_pt217_r2_7536322_2-376a52a8ac,2026-05-07T20:26:20.686Z,18.748,3,77.58,345,0,0,,,,
powertraces-pt200array_pt217_r2_7536322_2-376a52a8ac,2026-05-07T20:26:20.787Z,18.849,0,76.96,345,0,0,,,,
powertraces-pt200array_pt217_r2_7536322_2-376a52a8ac,2026-05-07T20:26:20.787Z,18.849,1,77.18,345,0,0,,,,
powertraces-pt200array_pt217_r2_7536322_2-376a52a8ac,2026-05-07T20:26:20.787Z,18.849,2,78.07,345,0,0,,,,
powertraces-pt200array_pt217_r2_7536322_2-376a52a8ac,2026-05-07T20:26:20.787Z,18.849,3,77.58,345,0,0,,,,
powertraces-pt200array_pt217_r2_7536322_2-376a52a8ac,2026-05-07T20:26:20.887Z,18.949,0,76.97,345,0,0,,,,
powertraces-pt200array_pt217_r2_7536322_2-376a52a8ac,2026-05-07T20:26:20.887Z,18.949,1,77.17,345,0,0,,,,
powertraces-pt200array_pt217_r2_7536322_2-376a52a8ac,2026-05-07T20:26:20.887Z,18.949,2,78.08,345,0,0,,,,
powertraces-pt200array_pt217_r2_7536322_2-376a52a8ac,2026-05-07T20:26:20.887Z,18.949,3,77.56,345,0,0,,,,
powertraces-pt200array_pt217_r2_7536322_2-376a52a8ac,2026-05-07T20:26:20.987Z,19.049,0,76.96,345,0,0,,,,
powertraces-pt200array_pt217_r2_7536322_2-376a52a8ac,2026-05-07T20:26:20.987Z,19.049,1,77.17,345,0,0,,,,
powertraces-pt200array_pt217_r2_7536322_2-376a52a8ac,2026-05-07T20:26:20.987Z,19.049,2,78.09,345,0,0,,,,
powertraces-pt200array_pt217_r2_7536322_2-376a52a8ac,2026-05-07T20:26:20.987Z,19.049,3,77.55,345,0,0,,,,
powertraces-pt200array_pt217_r2_7536322_2-376a52a8ac,2026-05-07T20:26:21.087Z,19.149,0,76.96,345,0,0,,,,
powertraces-pt200array_pt217_r2_7536322_2-376a52a8ac,2026-05-07T20:26:21.087Z,19.149,1,77.15,345,0,0,,,,
powertraces-pt200array_pt217_r2_7536322_2-376a52a8ac,2026-05-07T20:26:21.087Z,19.149,2,78.1,345,0,0,,,,
powertraces-pt200array_pt217_r2_7536322_2-376a52a8ac,2026-05-07T20:26:21.087Z,19.149,3,77.55,345,0,0,,,,
powertraces-pt200array_pt217_r2_7536322_2-376a52a8ac,2026-05-07T20:26:21.187Z,19.249,0,76.98,345,0,0,,,,
powertraces-pt200array_pt217_r2_7536322_2-376a52a8ac,2026-05-07T20:26:21.187Z,19.249,1,77.15,345,0,0,,,,
powertraces-pt200array_pt217_r2_7536322_2-376a52a8ac,2026-05-07T20:26:21.187Z,19.249,2,78.11,345,0,0,,,,
powertraces-pt200array_pt217_r2_7536322_2-376a52a8ac,2026-05-07T20:26:21.187Z,19.249,3,77.56,345,0,0,,,,
powertraces-pt200array_pt217_r2_7536322_2-376a52a8ac,2026-05-07T20:26:21.287Z,19.349,0,76.99,345,0,0,,,,
powertraces-pt200array_pt217_r2_7536322_2-376a52a8ac,2026-05-07T20:26:21.287Z,19.349,1,77.15,345,0,0,,,,
powertraces-pt200array_pt217_r2_7536322_2-376a52a8ac,2026-05-07T20:26:21.287Z,19.349,2,78.11,345,0,0,,,,
powertraces-pt200array_pt217_r2_7536322_2-376a52a8ac,2026-05-07T20:26:21.287Z,19.349,3,77.55,345,0,0,,,,
powertraces-pt200array_pt217_r2_7536322_2-376a52a8ac,2026-05-07T20:26:21.387Z,19.449,0,76.97,345,0,0,,,,
powertraces-pt200array_pt217_r2_7536322_2-376a52a8ac,2026-05-07T20:26:21.387Z,19.449,1,77.16,345,0,0,,,,
powertraces-pt200array_pt217_r2_7536322_2-376a52a8ac,2026-05-07T20:26:21.387Z,19.449,2,78.11,345,0,0,,,,
powertraces-pt200array_pt217_r2_7536322_2-376a52a8ac,2026-05-07T20:26:21.387Z,19.449,3,77.54,345,0,0,,,,
powertraces-pt200array_pt217_r2_7536322_2-376a52a8ac,2026-05-07T20:26:21.488Z,19.55,0,76.97,345,0,0,,,,
powertraces-pt200array_pt217_r2_7536322_2-376a52a8ac,2026-05-07T20:26:21.488Z,19.55,1,77.14,345,0,0,,,,
powertraces-pt200array_pt217_r2_7536322_2-376a52a8ac,2026-05-07T20:26:21.488Z,19.55,2,78.1,345,0,0,,,,
powertraces-pt200array_pt217_r2_7536322_2-376a52a8ac,2026-05-07T20:26:21.488Z,19.55,3,77.54,345,0,0,,,,
powertraces-pt200array_pt217_r2_7536322_2-376a52a8ac,2026-05-07T20:26:21.588Z,19.65,0,76.99,345,0,0,,,,
powertraces-pt200array_pt217_r2_7536322_2-376a52a8ac,2026-05-07T20:26:21.588Z,19.65,1,77.14,345,0,0,,,,
powertraces-pt200array_pt217_r2_7536322_2-376a52a8ac,2026-05-07T20:26:21.588Z,19.65,2,78.11,345,0,0,,,,
powertraces-pt200array_pt217_r2_7536322_2-376a52a8ac,2026-05-07T20:26:21.588Z,19.65,3,77.53,345,0,0,,,,
powertraces-pt200array_pt217_r2_7536322_2-376a52a8ac,2026-05-07T20:26:21.688Z,19.75,0,76.97,345,0,0,,,,
powertraces-pt200array_pt217_r2_7536322_2-376a52a8ac,2026-05-07T20:26:21.688Z,19.75,1,77.14,345,0,0,,,,
powertraces-pt200array_pt217_r2_7536322_2-376a52a8ac,2026-05-07T20:26:21.688Z,19.75,2,78.11,345,0,0,,,,
powertraces-pt200array_pt217_r2_7536322_2-376a52a8ac,2026-05-07T20:26:21.688Z,19.75,3,77.55,345,0,0,,,,
powertraces-pt200array_pt217_r2_7536322_2-376a52a8ac,2026-05-07T20:26:21.788Z,19.85,0,76.96,345,0,0,,,,
powertraces-pt200array_pt217_r2_7536322_2-376a52a8ac,2026-05-07T20:26:21.788Z,19.85,1,77.13,345,0,0,,,,
powertraces-pt200array_pt217_r2_7536322_2-376a52a8ac,2026-05-07T20:26:21.788Z,19.85,2,78.1,345,0,0,,,,
powertraces-pt200array_pt217_r2_7536322_2-376a52a8ac,2026-05-07T20:26:21.788Z,19.85,3,77.55,345,0,0,,,,
powertraces-pt200array_pt217_r2_7536322_2-376a52a8ac,2026-05-07T20:26:21.888Z,19.95,0,76.96,345,0,0,,,,
powertraces-pt200array_pt217_r2_7536322_2-376a52a8ac,2026-05-07T20:26:21.888Z,19.95,1,77.15,345,0,0,,,,
powertraces-pt200array_pt217_r2_7536322_2-376a52a8ac,2026-05-07T20:26:21.888Z,19.95,2,78.09,345,0,0,,,,
powertraces-pt200array_pt217_r2_7536322_2-376a52a8ac,2026-05-07T20:26:21.888Z,19.95,3,77.57,345,0,0,,,,
powertraces-pt200array_pt217_r2_7536322_2-376a52a8ac,2026-05-07T20:26:21.988Z,20.05,0,76.99,345,0,0,,,,
powertraces-pt200array_pt217_r2_7536322_2-376a52a8ac,2026-05-07T20:26:21.988Z,20.05,1,77.16,345,0,0,,,,
powertraces-pt200array_pt217_r2_7536322_2-376a52a8ac,2026-05-07T20:26:21.988Z,20.05,2,78.1,345,0,0,,,,
powertraces-pt200array_pt217_r2_7536322_2-376a52a8ac,2026-05-07T20:26:21.988Z,20.05,3,77.58,345,0,0,,,,
powertraces-pt200array_pt217_r2_7536322_2-376a52a8ac,2026-05-07T20:26:22.088Z,20.15,0,76.98,345,0,0,,,,
powertraces-pt200array_pt217_r2_7536322_2-376a52a8ac,2026-05-07T20:26:22.088Z,20.15,1,77.16,345,0,0,,,,
powertraces-pt200array_pt217_r2_7536322_2-376a52a8ac,2026-05-07T20:26:22.088Z,20.15,2,78.09,345,0,0,,,,
powertraces-pt200array_pt217_r2_7536322_2-376a52a8ac,2026-05-07T20:26:22.088Z,20.15,3,77.59,345,0,0,,,,
powertraces-pt200array_pt217_r2_7536322_2-376a52a8ac,2026-05-07T20:26:22.189Z,20.251,0,76.95,345,0,0,,,,
powertraces-pt200array_pt217_r2_7536322_2-376a52a8ac,2026-05-07T20:26:22.189Z,20.251,1,77.15,345,0,0,,,,
powertraces-pt200array_pt217_r2_7536322_2-376a52a8ac,2026-05-07T20:26:22.189Z,20.251,2,78.09,345,0,0,,,,
powertraces-pt200array_pt217_r2_7536322_2-376a52a8ac,2026-05-07T20:26:22.189Z,20.251,3,77.59,345,0,0,,,,
powertraces-pt200array_pt217_r2_7536322_2-376a52a8ac,2026-05-07T20:26:22.289Z,20.351,0,76.97,345,0,0,,,,
powertraces-pt200array_pt217_r2_7536322_2-376a52a8ac,2026-05-07T20:26:22.289Z,20.351,1,77.16,345,0,0,,,,
powertraces-pt200array_pt217_r2_7536322_2-376a52a8ac,2026-05-07T20:26:22.289Z,20.351,2,78.09,345,0,0,,,,
powertraces-pt200array_pt217_r2_7536322_2-376a52a8ac,2026-05-07T20:26:22.289Z,20.351,3,77.6,345,0,0,,,,
powertraces-pt200array_pt217_r2_7536322_2-376a52a8ac,2026-05-07T20:26:22.389Z,20.451,0,76.97,345,0,0,,,,
powertraces-pt200array_pt217_r2_7536322_2-376a52a8ac,2026-05-07T20:26:22.389Z,20.451,1,77.15,345,0,0,,,,
powertraces-pt200array_pt217_r2_7536322_2-376a52a8ac,2026-05-07T20:26:22.389Z,20.451,2,78.1,345,0,0,,,,
powertraces-pt200array_pt217_r2_7536322_2-376a52a8ac,2026-05-07T20:26:22.389Z,20.451,3,77.61,345,0,0,,,,
powertraces-pt200array_pt217_r2_7536322_2-376a52a8ac,2026-05-07T20:26:22.489Z,20.551,0,76.97,345,0,0,,,,
powertraces-pt200array_pt217_r2_7536322_2-376a52a8ac,2026-05-07T20:26:22.489Z,20.551,1,77.15,345,0,0,,,,
powertraces-pt200array_pt217_r2_7536322_2-376a52a8ac,2026-05-07T20:26:22.489Z,20.551,2,78.09,345,0,0,,,,
powertraces-pt200array_pt217_r2_7536322_2-376a52a8ac,2026-05-07T20:26:22.489Z,20.551,3,77.6,345,0,0,,,,
powertraces-pt200array_pt217_r2_7536322_2-376a52a8ac,2026-05-07T20:26:22.589Z,20.651,0,76.97,345,0,0,,,,
powertraces-pt200array_pt217_r2_7536322_2-376a52a8ac,2026-05-07T20:26:22.589Z,20.651,1,77.17,345,0,0,,,,
powertraces-pt200array_pt217_r2_7536322_2-376a52a8ac,2026-05-07T20:26:22.589Z,20.651,2,78.09,345,0,0,,,,
powertraces-pt200array_pt217_r2_7536322_2-376a52a8ac,2026-05-07T20:26:22.589Z,20.651,3,77.61,345,0,0,,,,
powertraces-pt200array_pt217_r2_7536322_2-376a52a8ac,2026-05-07T20:26:22.689Z,20.751,0,76.99,345,0,0,,,,
powertraces-pt200array_pt217_r2_7536322_2-376a52a8ac,2026-05-07T20:26:22.689Z,20.751,1,77.17,345,0,0,,,,
powertraces-pt200array_pt217_r2_7536322_2-376a52a8ac,2026-05-07T20:26:22.689Z,20.751,2,78.08,345,0,0,,,,
powertraces-pt200array_pt217_r2_7536322_2-376a52a8ac,2026-05-07T20:26:22.689Z,20.751,3,77.59,345,0,0,,,,
powertraces-pt200array_pt217_r2_7536322_2-376a52a8ac,2026-05-07T20:26:22.789Z,20.851,0,76.99,345,0,0,,,,
powertraces-pt200array_pt217_r2_7536322_2-376a52a8ac,2026-05-07T20:26:22.789Z,20.851,1,77.17,345,0,0,,,,
powertraces-pt200array_pt217_r2_7536322_2-376a52a8ac,2026-05-07T20:26:22.789Z,20.851,2,78.11,345,0,0,,,,
powertraces-pt200array_pt217_r2_7536322_2-376a52a8ac,2026-05-07T20:26:22.79Z,20.852,3,77.59,345,0,0,,,,
powertraces-pt200array_pt217_r2_7536322_2-376a52a8ac,2026-05-07T20:26:22.89Z,20.952,0,76.99,345,0,0,,,,
powertraces-pt200array_pt217_r2_7536322_2-376a52a8ac,2026-05-07T20:26:22.89Z,20.952,1,77.15,345,0,0,,,,
powertraces-pt200array_pt217_r2_7536322_2-376a52a8ac,2026-05-07T20:26:22.89Z,20.952,2,78.12,345,0,0,,,,
powertraces-pt200array_pt217_r2_7536322_2-376a52a8ac,2026-05-07T20:26:22.89Z,20.952,3,77.61,345,0,0,,,,
powertraces-pt200array_pt217_r2_7536322_2-376a52a8ac,2026-05-07T20:26:22.99Z,21.052,0,76.98,345,0,0,,,,
powertraces-pt200array_pt217_r2_7536322_2-376a52a8ac,2026-05-07T20:26:22.99Z,21.052,1,77.15,345,0,0,,,,
powertraces-pt200array_pt217_r2_7536322_2-376a52a8ac,2026-05-07T20:26:22.99Z,21.052,2,78.1,345,0,0,,,,
powertraces-pt200array_pt217_r2_7536322_2-376a52a8ac,2026-05-07T20:26:22.99Z,21.052,3,77.6,345,0,0,,,,
powertraces-pt200array_pt217_r2_7536322_2-376a52a8ac,2026-05-07T20:26:23.09Z,21.152,0,76.97,345,0,0,,,,
powertraces-pt200array_pt217_r2_7536322_2-376a52a8ac,2026-05-07T20:26:23.09Z,21.152,1,77.15,345,0,0,,,,
powertraces-pt200array_pt217_r2_7536322_2-376a52a8ac,2026-05-07T20:26:23.09Z,21.152,2,78.1,345,0,0,,,,
powertraces-pt200array_pt217_r2_7536322_2-376a52a8ac,2026-05-07T20:26:23.09Z,21.152,3,77.6,345,0,0,,,,
powertraces-pt200array_pt217_r2_7536322_2-376a52a8ac,2026-05-07T20:26:23.19Z,21.252,0,76.98,345,0,0,,,,
powertraces-pt200array_pt217_r2_7536322_2-376a52a8ac,2026-05-07T20:26:23.19Z,21.252,1,77.17,345,0,0,,,,
powertraces-pt200array_pt217_r2_7536322_2-376a52a8ac,2026-05-07T20:26:23.19Z,21.252,2,78.12,345,0,0,,,,
powertraces-pt200array_pt217_r2_7536322_2-376a52a8ac,2026-05-07T20:26:23.19Z,21.252,3,77.61,345,0,0,,,,
powertraces-pt200array_pt217_r2_7536322_2-376a52a8ac,2026-05-07T20:26:23.29Z,21.352,0,76.97,345,0,0,,,,
powertraces-pt200array_pt217_r2_7536322_2-376a52a8ac,2026-05-07T20:26:23.29Z,21.352,1,77.16,345,0,0,,,,
powertraces-pt200array_pt217_r2_7536322_2-376a52a8ac,2026-05-07T20:26:23.29Z,21.352,2,78.11,345,0,0,,,,
powertraces-pt200array_pt217_r2_7536322_2-376a52a8ac,2026-05-07T20:26:23.29Z,21.352,3,77.59,345,0,0,,,,
powertraces-pt200array_pt217_r2_7536322_2-376a52a8ac,2026-05-07T20:26:23.39Z,21.452,0,76.97,345,0,0,,,,
powertraces-pt200array_pt217_r2_7536322_2-376a52a8ac,2026-05-07T20:26:23.39Z,21.452,1,77.17,345,0,0,,,,
powertraces-pt200array_pt217_r2_7536322_2-376a52a8ac,2026-05-07T20:26:23.39Z,21.452,2,78.11,345,0,0,,,,
powertraces-pt200array_pt217_r2_7536322_2-376a52a8ac,2026-05-07T20:26:23.39Z,21.452,3,77.57,345,0,0,,,,
powertraces-pt200array_pt217_r2_7536322_2-376a52a8ac,2026-05-07T20:26:23.491Z,21.553,0,76.95,345,0,0,,,,
powertraces-pt200array_pt217_r2_7536322_2-376a52a8ac,2026-05-07T20:26:23.491Z,21.553,1,77.16,345,0,0,,,,
powertraces-pt200array_pt217_r2_7536322_2-376a52a8ac,2026-05-07T20:26:23.491Z,21.553,2,78.12,345,0,0,,,,
powertraces-pt200array_pt217_r2_7536322_2-376a52a8ac,2026-05-07T20:26:23.491Z,21.553,3,77.57,345,0,0,,,,
powertraces-pt200array_pt217_r2_7536322_2-376a52a8ac,2026-05-07T20:26:23.591Z,21.653,0,76.94,345,0,0,,,,
powertraces-pt200array_pt217_r2_7536322_2-376a52a8ac,2026-05-07T20:26:23.591Z,21.653,1,77.17,345,0,0,,,,
powertraces-pt200array_pt217_r2_7536322_2-376a52a8ac,2026-05-07T20:26:23.591Z,21.653,2,78.11,345,0,0,,,,
powertraces-pt200array_pt217_r2_7536322_2-376a52a8ac,2026-05-07T20:26:23.591Z,21.653,3,77.57,345,0,0,,,,
powertraces-pt200array_pt217_r2_7536322_2-376a52a8ac,2026-05-07T20:26:23.691Z,21.753,0,76.93,345,0,0,,,,
powertraces-pt200array_pt217_r2_7536322_2-376a52a8ac,2026-05-07T20:26:23.691Z,21.753,1,77.17,345,0,0,,,,
powertraces-pt200array_pt217_r2_7536322_2-376a52a8ac,2026-05-07T20:26:23.691Z,21.753,2,78.11,345,0,0,,,,
powertraces-pt200array_pt217_r2_7536322_2-376a52a8ac,2026-05-07T20:26:23.691Z,21.753,3,77.58,345,0,0,,,,
powertraces-pt200array_pt217_r2_7536322_2-376a52a8ac,2026-05-07T20:26:23.791Z,21.853,0,76.96,345,0,0,,,,
powertraces-pt200array_pt217_r2_7536322_2-376a52a8ac,2026-05-07T20:26:23.791Z,21.853,1,77.17,345,0,0,,,,
powertraces-pt200array_pt217_r2_7536322_2-376a52a8ac,2026-05-07T20:26:23.791Z,21.853,2,78.1,345,0,0,,,,
powertraces-pt200array_pt217_r2_7536322_2-376a52a8ac,2026-05-07T20:26:23.791Z,21.853,3,77.59,345,0,0,,,,
powertraces-pt200array_pt217_r2_7536322_2-376a52a8ac,2026-05-07T20:26:23.891Z,21.953,0,76.95,345,0,0,,,,
powertraces-pt200array_pt217_r2_7536322_2-376a52a8ac,2026-05-07T20:26:23.891Z,21.953,1,77.16,345,0,0,,,,
powertraces-pt200array_pt217_r2_7536322_2-376a52a8ac,2026-05-07T20:26:23.891Z,21.953,2,78.11,345,0,0,,,,
powertraces-pt200array_pt217_r2_7536322_2-376a52a8ac,2026-05-07T20:26:23.891Z,21.953,3,77.59,345,0,0,,,,
powertraces-pt200array_pt217_r2_7536322_2-376a52a8ac,2026-05-07T20:26:23.991Z,22.053,0,76.94,345,0,0,,,,
powertraces-pt200array_pt217_r2_7536322_2-376a52a8ac,2026-05-07T20:26:23.991Z,22.053,1,77.18,345,0,0,,,,
powertraces-pt200array_pt217_r2_7536322_2-376a52a8ac,2026-05-07T20:26:23.992Z,22.054,2,78.11,345,0,0,,,,
powertraces-pt200array_pt217_r2_7536322_2-376a52a8ac,2026-05-07T20:26:23.992Z,22.054,3,77.6,345,0,0,,,,
powertraces-pt200array_pt217_r2_7536322_2-376a52a8ac,2026-05-07T20:26:24.092Z,22.154,0,76.97,345,0,0,,,,
powertraces-pt200array_pt217_r2_7536322_2-376a52a8ac,2026-05-07T20:26:24.092Z,22.154,1,77.19,345,0,0,,,,
powertraces-pt200array_pt217_r2_7536322_2-376a52a8ac,2026-05-07T20:26:24.092Z,22.154,2,78.11,345,0,0,,,,
powertraces-pt200array_pt217_r2_7536322_2-376a52a8ac,2026-05-07T20:26:24.092Z,22.154,3,77.61,345,0,0,,,,
powertraces-pt200array_pt217_r2_7536322_2-376a52a8ac,2026-05-07T20:26:24.192Z,22.254,0,76.97,345,0,0,,,,
powertraces-pt200array_pt217_r2_7536322_2-376a52a8ac,2026-05-07T20:26:24.192Z,22.254,1,77.18,345,0,0,,,,
powertraces-pt200array_pt217_r2_7536322_2-376a52a8ac,2026-05-07T20:26:24.192Z,22.254,2,78.11,345,0,0,,,,
powertraces-pt200array_pt217_r2_7536322_2-376a52a8ac,2026-05-07T20:26:24.192Z,22.254,3,77.61,345,0,0,,,,
powertraces-pt200array_pt217_r2_7536322_2-376a52a8ac,2026-05-07T20:26:24.292Z,22.354,0,76.96,345,0,0,,,,
powertraces-pt200array_pt217_r2_7536322_2-376a52a8ac,2026-05-07T20:26:24.292Z,22.354,1,77.19,345,0,0,,,,
powertraces-pt200array_pt217_r2_7536322_2-376a52a8ac,2026-05-07T20:26:24.292Z,22.354,2,78.13,345,0,0,,,,
powertraces-pt200array_pt217_r2_7536322_2-376a52a8ac,2026-05-07T20:26:24.292Z,22.354,3,77.62,345,0,0,,,,
powertraces-pt200array_pt217_r2_7536322_2-376a52a8ac,2026-05-07T20:26:24.392Z,22.454,0,76.95,345,0,0,,,,
powertraces-pt200array_pt217_r2_7536322_2-376a52a8ac,2026-05-07T20:26:24.392Z,22.454,1,77.19,345,0,0,,,,
powertraces-pt200array_pt217_r2_7536322_2-376a52a8ac,2026-05-07T20:26:24.392Z,22.454,2,78.12,345,0,0,,,,
powertraces-pt200array_pt217_r2_7536322_2-376a52a8ac,2026-05-07T20:26:24.392Z,22.454,3,77.65,345,0,0,,,,
powertraces-pt200array_pt217_r2_7536322_2-376a52a8ac,2026-05-07T20:26:24.492Z,22.554,0,76.99,345,0,0,,,,
powertraces-pt200array_pt217_r2_7536322_2-376a52a8ac,2026-05-07T20:26:24.492Z,22.554,1,77.19,345,0,0,,,,
powertraces-pt200array_pt217_r2_7536322_2-376a52a8ac,2026-05-07T20:26:24.492Z,22.554,2,78.11,345,0,0,,,,
powertraces-pt200array_pt217_r2_7536322_2-376a52a8ac,2026-05-07T20:26:24.492Z,22.554,3,77.64,345,0,0,,,,
powertraces-pt200array_pt217_r2_7536322_2-376a52a8ac,2026-05-07T20:26:24.592Z,22.654,0,76.99,345,0,0,,,,
powertraces-pt200array_pt217_r2_7536322_2-376a52a8ac,2026-05-07T20:26:24.592Z,22.654,1,77.18,345,0,0,,,,
powertraces-pt200array_pt217_r2_7536322_2-376a52a8ac,2026-05-07T20:26:24.592Z,22.654,2,78.12,345,0,0,,,,
powertraces-pt200array_pt217_r2_7536322_2-376a52a8ac,2026-05-07T20:26:24.592Z,22.654,3,77.64,345,0,0,,,,
powertraces-pt200array_pt217_r2_7536322_2-376a52a8ac,2026-05-07T20:26:24.693Z,22.755,0,76.99,345,0,0,,,,
powertraces-pt200array_pt217_r2_7536322_2-376a52a8ac,2026-05-07T20:26:24.693Z,22.755,1,77.17,345,0,0,,,,
powertraces-pt200array_pt217_r2_7536322_2-376a52a8ac,2026-05-07T20:26:24.693Z,22.755,2,78.12,345,0,0,,,,
powertraces-pt200array_pt217_r2_7536322_2-376a52a8ac,2026-05-07T20:26:24.693Z,22.755,3,77.65,345,0,0,,,,
powertraces-pt200array_pt217_r2_7536322_2-376a52a8ac,2026-05-07T20:26:24.793Z,22.855,0,76.97,345,0,0,,,,
powertraces-pt200array_pt217_r2_7536322_2-376a52a8ac,2026-05-07T20:26:24.793Z,22.855,1,77.19,345,0,0,,,,
powertraces-pt200array_pt217_r2_7536322_2-376a52a8ac,2026-05-07T20:26:24.793Z,22.855,2,78.1,345,0,0,,,,
powertraces-pt200array_pt217_r2_7536322_2-376a52a8ac,2026-05-07T20:26:24.793Z,22.855,3,77.64,345,0,0,,,,
powertraces-pt200array_pt217_r2_7536322_2-376a52a8ac,2026-05-07T20:26:24.893Z,22.955,0,76.99,345,0,0,,,,
powertraces-pt200array_pt217_r2_7536322_2-376a52a8ac,2026-05-07T20:26:24.893Z,22.955,1,77.18,345,0,0,,,,
powertraces-pt200array_pt217_r2_7536322_2-376a52a8ac,2026-05-07T20:26:24.893Z,22.955,2,78.09,345,0,0,,,,
powertraces-pt200array_pt217_r2_7536322_2-376a52a8ac,2026-05-07T20:26:24.893Z,22.955,3,77.63,345,0,0,,,,
powertraces-pt200array_pt217_r2_7536322_2-376a52a8ac,2026-05-07T20:26:24.993Z,23.055,0,76.97,345,0,0,,,,
powertraces-pt200array_pt217_r2_7536322_2-376a52a8ac,2026-05-07T20:26:24.993Z,23.055,1,77.18,345,0,0,,,,
powertraces-pt200array_pt217_r2_7536322_2-376a52a8ac,2026-05-07T20:26:24.993Z,23.055,2,78.09,345,0,0,,,,
powertraces-pt200array_pt217_r2_7536322_2-376a52a8ac,2026-05-07T20:26:24.993Z,23.055,3,77.63,345,0,0,,,,
powertraces-pt200array_pt217_r2_7536322_2-376a52a8ac,2026-05-07T20:26:25.093Z,23.155,0,76.99,345,0,0,,,,
powertraces-pt200array_pt217_r2_7536322_2-376a52a8ac,2026-05-07T20:26:25.093Z,23.155,1,77.15,345,0,0,,,,
powertraces-pt200array_pt217_r2_7536322_2-376a52a8ac,2026-05-07T20:26:25.093Z,23.155,2,78.07,345,0,0,,,,
powertraces-pt200array_pt217_r2_7536322_2-376a52a8ac,2026-05-07T20:26:25.093Z,23.155,3,77.6,345,0,0,,,,
powertraces-pt200array_pt217_r2_7536322_2-376a52a8ac,2026-05-07T20:26:25.193Z,23.255,0,76.97,345,0,0,,,,
powertraces-pt200array_pt217_r2_7536322_2-376a52a8ac,2026-05-07T20:26:25.193Z,23.255,1,77.14,345,0,0,,,,
powertraces-pt200array_pt217_r2_7536322_2-376a52a8ac,2026-05-07T20:26:25.193Z,23.255,2,78.06,345,0,0,,,,
powertraces-pt200array_pt217_r2_7536322_2-376a52a8ac,2026-05-07T20:26:25.193Z,23.255,3,77.62,345,0,0,,,,
powertraces-pt200array_pt217_r2_7536322_2-376a52a8ac,2026-05-07T20:26:25.293Z,23.355,0,76.99,345,0,0,,,,
powertraces-pt200array_pt217_r2_7536322_2-376a52a8ac,2026-05-07T20:26:25.294Z,23.356,1,77.14,345,0,0,,,,
powertraces-pt200array_pt217_r2_7536322_2-376a52a8ac,2026-05-07T20:26:25.294Z,23.356,2,78.06,345,0,0,,,,
powertraces-pt200array_pt217_r2_7536322_2-376a52a8ac,2026-05-07T20:26:25.294Z,23.356,3,77.63,345,0,0,,,,
powertraces-pt200array_pt217_r2_7536322_2-376a52a8ac,2026-05-07T20:26:25.394Z,23.456,0,76.99,345,0,0,,,,
powertraces-pt200array_pt217_r2_7536322_2-376a52a8ac,2026-05-07T20:26:25.394Z,23.456,1,77.14,345,0,0,,,,
powertraces-pt200array_pt217_r2_7536322_2-376a52a8ac,2026-05-07T20:26:25.394Z,23.456,2,78.05,345,0,0,,,,
powertraces-pt200array_pt217_r2_7536322_2-376a52a8ac,2026-05-07T20:26:25.394Z,23.456,3,77.61,345,0,0,,,,
powertraces-pt200array_pt217_r2_7536322_2-376a52a8ac,2026-05-07T20:26:25.494Z,23.556,0,76.97,345,0,0,,,,
powertraces-pt200array_pt217_r2_7536322_2-376a52a8ac,2026-05-07T20:26:25.494Z,23.556,1,77.12,345,0,0,,,,
powertraces-pt200array_pt217_r2_7536322_2-376a52a8ac,2026-05-07T20:26:25.494Z,23.556,2,78.07,345,0,0,,,,
powertraces-pt200array_pt217_r2_7536322_2-376a52a8ac,2026-05-07T20:26:25.494Z,23.556,3,77.63,345,0,0,,,,
powertraces-pt200array_pt217_r2_7536322_2-376a52a8ac,2026-05-07T20:26:25.594Z,23.656,0,76.98,345,0,0,,,,
powertraces-pt200array_pt217_r2_7536322_2-376a52a8ac,2026-05-07T20:26:25.594Z,23.656,1,77.12,345,0,0,,,,
powertraces-pt200array_pt217_r2_7536322_2-376a52a8ac,2026-05-07T20:26:25.594Z,23.656,2,78.1,345,0,0,,,,
powertraces-pt200array_pt217_r2_7536322_2-376a52a8ac,2026-05-07T20:26:25.594Z,23.656,3,77.65,345,0,0,,,,
powertraces-pt200array_pt217_r2_7536322_2-376a52a8ac,2026-05-07T20:26:25.694Z,23.756,0,76.99,345,0,0,,,,
powertraces-pt200array_pt217_r2_7536322_2-376a52a8ac,2026-05-07T20:26:25.694Z,23.756,1,77.13,345,0,0,,,,
powertraces-pt200array_pt217_r2_7536322_2-376a52a8ac,2026-05-07T20:26:25.694Z,23.756,2,78.11,345,0,0,,,,
powertraces-pt200array_pt217_r2_7536322_2-376a52a8ac,2026-05-07T20:26:25.694Z,23.756,3,77.64,345,0,0,,,,
powertraces-pt200array_pt217_r2_7536322_2-376a52a8ac,2026-05-07T20:26:25.794Z,23.856,0,76.98,345,0,0,,,,
powertraces-pt200array_pt217_r2_7536322_2-376a52a8ac,2026-05-07T20:26:25.794Z,23.856,1,77.14,345,0,0,,,,
powertraces-pt200array_pt217_r2_7536322_2-376a52a8ac,2026-05-07T20:26:25.794Z,23.856,2,78.11,345,0,0,,,,
powertraces-pt200array_pt217_r2_7536322_2-376a52a8ac,2026-05-07T20:26:25.794Z,23.856,3,77.63,345,0,0,,,,
powertraces-pt200array_pt217_r2_7536322_2-376a52a8ac,2026-05-07T20:26:25.894Z,23.956,0,76.98,345,0,0,,,,
powertraces-pt200array_pt217_r2_7536322_2-376a52a8ac,2026-05-07T20:26:25.894Z,23.956,1,77.15,345,0,0,,,,
powertraces-pt200array_pt217_r2_7536322_2-376a52a8ac,2026-05-07T20:26:25.894Z,23.956,2,78.11,345,0,0,,,,
powertraces-pt200array_pt217_r2_7536322_2-376a52a8ac,2026-05-07T20:26:25.894Z,23.956,3,77.63,345,0,0,,,,
powertraces-pt200array_pt217_r2_7536322_2-376a52a8ac,2026-05-07T20:26:25.995Z,24.057,0,77.0,345,0,0,,,,
powertraces-pt200array_pt217_r2_7536322_2-376a52a8ac,2026-05-07T20:26:25.995Z,24.057,1,77.15,345,0,0,,,,
powertraces-pt200array_pt217_r2_7536322_2-376a52a8ac,2026-05-07T20:26:25.995Z,24.057,2,78.11,345,0,0,,,,
powertraces-pt200array_pt217_r2_7536322_2-376a52a8ac,2026-05-07T20:26:25.995Z,24.057,3,77.61,345,0,0,,,,
powertraces-pt200array_pt217_r2_7536322_2-376a52a8ac,2026-05-07T20:26:26.095Z,24.157,0,76.98,345,0,0,,,,
powertraces-pt200array_pt217_r2_7536322_2-376a52a8ac,2026-05-07T20:26:26.095Z,24.157,1,77.15,345,0,0,,,,
powertraces-pt200array_pt217_r2_7536322_2-376a52a8ac,2026-05-07T20:26:26.095Z,24.157,2,78.12,345,0,0,,,,
powertraces-pt200array_pt217_r2_7536322_2-376a52a8ac,2026-05-07T20:26:26.095Z,24.157,3,77.61,345,0,0,,,,
powertraces-pt200array_pt217_r2_7536322_2-376a52a8ac,2026-05-07T20:26:26.195Z,24.257,0,76.96,345,0,0,,,,
powertraces-pt200array_pt217_r2_7536322_2-376a52a8ac,2026-05-07T20:26:26.195Z,24.257,1,77.17,345,0,0,,,,
powertraces-pt200array_pt217_r2_7536322_2-376a52a8ac,2026-05-07T20:26:26.195Z,24.257,2,78.11,345,0,0,,,,
powertraces-pt200array_pt217_r2_7536322_2-376a52a8ac,2026-05-07T20:26:26.195Z,24.257,3,77.6,345,0,0,,,,
powertraces-pt200array_pt217_r2_7536322_2-376a52a8ac,2026-05-07T20:26:26.295Z,24.357,0,76.98,345,0,0,,,,
powertraces-pt200array_pt217_r2_7536322_2-376a52a8ac,2026-05-07T20:26:26.295Z,24.357,1,77.17,345,0,0,,,,
powertraces-pt200array_pt217_r2_7536322_2-376a52a8ac,2026-05-07T20:26:26.295Z,24.357,2,78.11,345,0,0,,,,
powertraces-pt200array_pt217_r2_7536322_2-376a52a8ac,2026-05-07T20:26:26.295Z,24.357,3,77.59,345,0,0,,,,
powertraces-pt200array_pt217_r2_7536322_2-376a52a8ac,2026-05-07T20:26:26.395Z,24.457,0,76.99,345,0,0,,,,
powertraces-pt200array_pt217_r2_7536322_2-376a52a8ac,2026-05-07T20:26:26.395Z,24.457,1,77.16,345,0,0,,,,
powertraces-pt200array_pt217_r2_7536322_2-376a52a8ac,2026-05-07T20:26:26.395Z,24.457,2,78.11,345,0,0,,,,
powertraces-pt200array_pt217_r2_7536322_2-376a52a8ac,2026-05-07T20:26:26.395Z,24.457,3,77.6,345,0,0,,,,
powertraces-pt200array_pt217_r2_7536322_2-376a52a8ac,2026-05-07T20:26:26.495Z,24.557,0,77.01,345,0,0,,,,
powertraces-pt200array_pt217_r2_7536322_2-376a52a8ac,2026-05-07T20:26:26.495Z,24.557,1,77.17,345,0,0,,,,
powertraces-pt200array_pt217_r2_7536322_2-376a52a8ac,2026-05-07T20:26:26.495Z,24.557,2,78.1,345,0,0,,,,
powertraces-pt200array_pt217_r2_7536322_2-376a52a8ac,2026-05-07T20:26:26.495Z,24.557,3,77.59,345,0,0,,,,
powertraces-pt200array_pt217_r2_7536322_2-376a52a8ac,2026-05-07T20:26:26.595Z,24.657,0,77.0,345,0,0,,,,
powertraces-pt200array_pt217_r2_7536322_2-376a52a8ac,2026-05-07T20:26:26.595Z,24.657,1,77.18,345,0,0,,,,
powertraces-pt200array_pt217_r2_7536322_2-376a52a8ac,2026-05-07T20:26:26.595Z,24.657,2,78.09,345,0,0,,,,
powertraces-pt200array_pt217_r2_7536322_2-376a52a8ac,2026-05-07T20:26:26.595Z,24.657,3,77.57,345,0,0,,,,
powertraces-pt200array_pt217_r2_7536322_2-376a52a8ac,2026-05-07T20:26:26.696Z,24.758,0,77.0,345,0,0,,,,
powertraces-pt200array_pt217_r2_7536322_2-376a52a8ac,2026-05-07T20:26:26.696Z,24.758,1,77.17,345,0,0,,,,
powertraces-pt200array_pt217_r2_7536322_2-376a52a8ac,2026-05-07T20:26:26.696Z,24.758,2,78.08,345,0,0,,,,
powertraces-pt200array_pt217_r2_7536322_2-376a52a8ac,2026-05-07T20:26:26.696Z,24.758,3,77.56,345,0,0,,,,
powertraces-pt200array_pt217_r2_7536322_2-376a52a8ac,2026-05-07T20:26:26.796Z,24.858,0,76.99,345,0,0,,,,
powertraces-pt200array_pt217_r2_7536322_2-376a52a8ac,2026-05-07T20:26:26.796Z,24.858,1,77.17,345,0,0,,,,
powertraces-pt200array_pt217_r2_7536322_2-376a52a8ac,2026-05-07T20:26:26.796Z,24.858,2,78.07,345,0,0,,,,
powertraces-pt200array_pt217_r2_7536322_2-376a52a8ac,2026-05-07T20:26:26.796Z,24.858,3,77.56,345,0,0,,,,
powertraces-pt200array_pt217_r2_7536322_2-376a52a8ac,2026-05-07T20:26:26.896Z,24.958,0,77.0,345,0,0,,,,
powertraces-pt200array_pt217_r2_7536322_2-376a52a8ac,2026-05-07T20:26:26.896Z,24.958,1,77.18,345,0,0,,,,
powertraces-pt200array_pt217_r2_7536322_2-376a52a8ac,2026-05-07T20:26:26.896Z,24.958,2,78.07,345,0,0,,,,
powertraces-pt200array_pt217_r2_7536322_2-376a52a8ac,2026-05-07T20:26:26.896Z,24.958,3,77.56,345,0,0,,,,
powertraces-pt200array_pt217_r2_7536322_2-376a52a8ac,2026-05-07T20:26:26.996Z,25.058,0,77.02,345,0,0,,,,
powertraces-pt200array_pt217_r2_7536322_2-376a52a8ac,2026-05-07T20:26:26.996Z,25.058,1,77.18,345,0,0,,,,
powertraces-pt200array_pt217_r2_7536322_2-376a52a8ac,2026-05-07T20:26:26.996Z,25.058,2,78.07,345,0,0,,,,
powertraces-pt200array_pt217_r2_7536322_2-376a52a8ac,2026-05-07T20:26:26.996Z,25.058,3,77.58,345,0,0,,,,
powertraces-pt200array_pt217_r2_7536322_2-376a52a8ac,2026-05-07T20:26:27.096Z,25.158,0,77.02,345,0,0,,,,
powertraces-pt200array_pt217_r2_7536322_2-376a52a8ac,2026-05-07T20:26:27.096Z,25.158,1,77.19,345,0,0,,,,
powertraces-pt200array_pt217_r2_7536322_2-376a52a8ac,2026-05-07T20:26:27.096Z,25.158,2,78.05,345,0,0,,,,
powertraces-pt200array_pt217_r2_7536322_2-376a52a8ac,2026-05-07T20:26:27.096Z,25.158,3,77.58,345,0,0,,,,
powertraces-pt200array_pt217_r2_7536322_2-376a52a8ac,2026-05-07T20:26:27.196Z,25.258,0,76.99,345,0,0,,,,
powertraces-pt200array_pt217_r2_7536322_2-376a52a8ac,2026-05-07T20:26:27.196Z,25.258,1,77.21,345,0,0,,,,
powertraces-pt200array_pt217_r2_7536322_2-376a52a8ac,2026-05-07T20:26:27.196Z,25.258,2,78.07,345,0,0,,,,
powertraces-pt200array_pt217_r2_7536322_2-376a52a8ac,2026-05-07T20:26:27.196Z,25.258,3,77.58,345,0,0,,,,
powertraces-pt200array_pt217_r2_7536322_2-376a52a8ac,2026-05-07T20:26:27.296Z,25.358,0,77.01,345,0,0,,,,
powertraces-pt200array_pt217_r2_7536322_2-376a52a8ac,2026-05-07T20:26:27.296Z,25.358,1,77.2,345,0,0,,,,
powertraces-pt200array_pt217_r2_7536322_2-376a52a8ac,2026-05-07T20:26:27.296Z,25.358,2,78.06,345,0,0,,,,
powertraces-pt200array_pt217_r2_7536322_2-376a52a8ac,2026-05-07T20:26:27.296Z,25.358,3,77.57,345,0,0,,,,
powertraces-pt200array_pt217_r2_7536322_2-376a52a8ac,2026-05-07T20:26:27.397Z,25.459,0,77.01,345,0,0,,,,
powertraces-pt200array_pt217_r2_7536322_2-376a52a8ac,2026-05-07T20:26:27.397Z,25.459,1,77.2,345,0,0,,,,
powertraces-pt200array_pt217_r2_7536322_2-376a52a8ac,2026-05-07T20:26:27.397Z,25.459,2,78.06,345,0,0,,,,
powertraces-pt200array_pt217_r2_7536322_2-376a52a8ac,2026-05-07T20:26:27.397Z,25.459,3,77.57,345,0,0,,,,
powertraces-pt200array_pt217_r2_7536322_2-376a52a8ac,2026-05-07T20:26:27.497Z,25.559,0,77.0,345,0,0,,,,
powertraces-pt200array_pt217_r2_7536322_2-376a52a8ac,2026-05-07T20:26:27.497Z,25.559,1,77.21,345,0,0,,,,
powertraces-pt200array_pt217_r2_7536322_2-376a52a8ac,2026-05-07T20:26:27.497Z,25.559,2,78.05,345,0,0,,,,
powertraces-pt200array_pt217_r2_7536322_2-376a52a8ac,2026-05-07T20:26:27.497Z,25.559,3,77.56,345,0,0,,,,
powertraces-pt200array_pt217_r2_7536322_2-376a52a8ac,2026-05-07T20:26:27.597Z,25.659,0,77.01,345,0,0,,,,
powertraces-pt200array_pt217_r2_7536322_2-376a52a8ac,2026-05-07T20:26:27.597Z,25.659,1,77.2,345,0,0,,,,
powertraces-pt200array_pt217_r2_7536322_2-376a52a8ac,2026-05-07T20:26:27.597Z,25.659,2,78.06,345,0,0,,,,
powertraces-pt200array_pt217_r2_7536322_2-376a52a8ac,2026-05-07T20:26:27.597Z,25.659,3,77.56,345,0,0,,,,
powertraces-pt200array_pt217_r2_7536322_2-376a52a8ac,2026-05-07T20:26:27.697Z,25.759,0,77.01,345,0,0,,,,
powertraces-pt200array_pt217_r2_7536322_2-376a52a8ac,2026-05-07T20:26:27.697Z,25.759,1,77.2,345,0,0,,,,
powertraces-pt200array_pt217_r2_7536322_2-376a52a8ac,2026-05-07T20:26:27.697Z,25.759,2,78.07,345,0,0,,,,
powertraces-pt200array_pt217_r2_7536322_2-376a52a8ac,2026-05-07T20:26:27.697Z,25.759,3,77.56,345,0,0,,,,
powertraces-pt200array_pt217_r2_7536322_2-376a52a8ac,2026-05-07T20:26:27.797Z,25.859,0,77.02,345,0,0,,,,
powertraces-pt200array_pt217_r2_7536322_2-376a52a8ac,2026-05-07T20:26:27.797Z,25.859,1,77.18,345,0,0,,,,
powertraces-pt200array_pt217_r2_7536322_2-376a52a8ac,2026-05-07T20:26:27.797Z,25.859,2,78.08,345,0,0,,,,
powertraces-pt200array_pt217_r2_7536322_2-376a52a8ac,2026-05-07T20:26:27.797Z,25.859,3,77.55,345,0,0,,,,
powertraces-pt200array_pt217_r2_7536322_2-376a52a8ac,2026-05-07T20:26:27.897Z,25.959,0,77.01,345,0,0,,,,
powertraces-pt200array_pt217_r2_7536322_2-376a52a8ac,2026-05-07T20:26:27.897Z,25.959,1,77.17,345,0,0,,,,
powertraces-pt200array_pt217_r2_7536322_2-376a52a8ac,2026-05-07T20:26:27.897Z,25.959,2,78.11,345,0,0,,,,
powertraces-pt200array_pt217_r2_7536322_2-376a52a8ac,2026-05-07T20:26:27.897Z,25.959,3,77.54,345,0,0,,,,
powertraces-pt200array_pt217_r2_7536322_2-376a52a8ac,2026-05-07T20:26:27.998Z,26.06,0,77.01,345,0,0,,,,
powertraces-pt200array_pt217_r2_7536322_2-376a52a8ac,2026-05-07T20:26:27.998Z,26.06,1,77.18,345,0,0,,,,
powertraces-pt200array_pt217_r2_7536322_2-376a52a8ac,2026-05-07T20:26:27.998Z,26.06,2,78.09,345,0,0,,,,
powertraces-pt200array_pt217_r2_7536322_2-376a52a8ac,2026-05-07T20:26:27.998Z,26.06,3,77.53,345,0,0,,,,
powertraces-pt200array_pt217_r2_7536322_2-376a52a8ac,2026-05-07T20:26:28.098Z,26.16,0,77.01,345,0,0,,,,
powertraces-pt200array_pt217_r2_7536322_2-376a52a8ac,2026-05-07T20:26:28.098Z,26.16,1,77.18,345,0,0,,,,
powertraces-pt200array_pt217_r2_7536322_2-376a52a8ac,2026-05-07T20:26:28.098Z,26.16,2,78.11,345,0,0,,,,
powertraces-pt200array_pt217_r2_7536322_2-376a52a8ac,2026-05-07T20:26:28.098Z,26.16,3,77.52,345,0,0,,,,
powertraces-pt200array_pt217_r2_7536322_2-376a52a8ac,2026-05-07T20:26:28.198Z,26.26,0,77.01,345,0,0,,,,
powertraces-pt200array_pt217_r2_7536322_2-376a52a8ac,2026-05-07T20:26:28.198Z,26.26,1,77.17,345,0,0,,,,
powertraces-pt200array_pt217_r2_7536322_2-376a52a8ac,2026-05-07T20:26:28.198Z,26.26,2,78.1,345,0,0,,,,
powertraces-pt200array_pt217_r2_7536322_2-376a52a8ac,2026-05-07T20:26:28.198Z,26.26,3,77.52,345,0,0,,,,
powertraces-pt200array_pt217_r2_7536322_2-376a52a8ac,2026-05-07T20:26:28.298Z,26.36,0,76.99,345,0,0,,,,
powertraces-pt200array_pt217_r2_7536322_2-376a52a8ac,2026-05-07T20:26:28.298Z,26.36,1,77.15,345,0,0,,,,
powertraces-pt200array_pt217_r2_7536322_2-376a52a8ac,2026-05-07T20:26:28.298Z,26.36,2,78.1,345,0,0,,,,
powertraces-pt200array_pt217_r2_7536322_2-376a52a8ac,2026-05-07T20:26:28.298Z,26.36,3,77.52,345,0,0,,,,
powertraces-pt200array_pt217_r2_7536322_2-376a52a8ac,2026-05-07T20:26:28.398Z,26.46,0,77.0,345,0,0,,,,
powertraces-pt200array_pt217_r2_7536322_2-376a52a8ac,2026-05-07T20:26:28.398Z,26.46,1,77.16,345,0,0,,,,
powertraces-pt200array_pt217_r2_7536322_2-376a52a8ac,2026-05-07T20:26:28.398Z,26.46,2,78.08,345,0,0,,,,
powertraces-pt200array_pt217_r2_7536322_2-376a52a8ac,2026-05-07T20:26:28.398Z,26.46,3,77.51,345,0,0,,,,
powertraces-pt200array_pt217_r2_7536322_2-376a52a8ac,2026-05-07T20:26:28.498Z,26.56,0,77.03,345,0,0,,,,
powertraces-pt200array_pt217_r2_7536322_2-376a52a8ac,2026-05-07T20:26:28.498Z,26.56,1,77.15,345,0,0,,,,
powertraces-pt200array_pt217_r2_7536322_2-376a52a8ac,2026-05-07T20:26:28.498Z,26.56,2,78.08,345,0,0,,,,
powertraces-pt200array_pt217_r2_7536322_2-376a52a8ac,2026-05-07T20:26:28.498Z,26.56,3,77.54,345,0,0,,,,
powertraces-pt200array_pt217_r2_7536322_2-376a52a8ac,2026-05-07T20:26:28.598Z,26.66,0,77.02,345,0,0,,,,
powertraces-pt200array_pt217_r2_7536322_2-376a52a8ac,2026-05-07T20:26:28.598Z,26.66,1,77.15,345,0,0,,,,
powertraces-pt200array_pt217_r2_7536322_2-376a52a8ac,2026-05-07T20:26:28.599Z,26.661,2,78.08,345,0,0,,,,
powertraces-pt200array_pt217_r2_7536322_2-376a52a8ac,2026-05-07T20:26:28.599Z,26.661,3,77.55,345,0,0,,,,
powertraces-pt200array_pt217_r2_7536322_2-376a52a8ac,2026-05-07T20:26:28.699Z,26.761,0,76.99,345,0,0,,,,
powertraces-pt200array_pt217_r2_7536322_2-376a52a8ac,2026-05-07T20:26:28.699Z,26.761,1,77.16,345,0,0,,,,
powertraces-pt200array_pt217_r2_7536322_2-376a52a8ac,2026-05-07T20:26:28.699Z,26.761,2,78.08,345,0,0,,,,
powertraces-pt200array_pt217_r2_7536322_2-376a52a8ac,2026-05-07T20:26:28.699Z,26.761,3,77.56,345,0,0,,,,
powertraces-pt200array_pt217_r2_7536322_2-376a52a8ac,2026-05-07T20:26:28.799Z,26.861,0,77.01,345,0,0,,,,
powertraces-pt200array_pt217_r2_7536322_2-376a52a8ac,2026-05-07T20:26:28.799Z,26.861,1,77.17,345,0,0,,,,
powertraces-pt200array_pt217_r2_7536322_2-376a52a8ac,2026-05-07T20:26:28.799Z,26.861,2,78.08,345,0,0,,,,
powertraces-pt200array_pt217_r2_7536322_2-376a52a8ac,2026-05-07T20:26:28.799Z,26.861,3,77.57,345,0,0,,,,
powertraces-pt200array_pt217_r2_7536322_2-376a52a8ac,2026-05-07T20:26:28.899Z,26.961,0,77.01,345,0,0,,,,
powertraces-pt200array_pt217_r2_7536322_2-376a52a8ac,2026-05-07T20:26:28.899Z,26.961,1,77.18,345,0,0,,,,
powertraces-pt200array_pt217_r2_7536322_2-376a52a8ac,2026-05-07T20:26:28.899Z,26.961,2,78.08,345,0,0,,,,
powertraces-pt200array_pt217_r2_7536322_2-376a52a8ac,2026-05-07T20:26:28.899Z,26.961,3,77.57,345,0,0,,,,
powertraces-pt200array_pt217_r2_7536322_2-376a52a8ac,2026-05-07T20:26:28.999Z,27.061,0,76.98,345,0,0,,,,
powertraces-pt200array_pt217_r2_7536322_2-376a52a8ac,2026-05-07T20:26:28.999Z,27.061,1,77.18,345,0,0,,,,
powertraces-pt200array_pt217_r2_7536322_2-376a52a8ac,2026-05-07T20:26:28.999Z,27.061,2,78.08,345,0,0,,,,
powertraces-pt200array_pt217_r2_7536322_2-376a52a8ac,2026-05-07T20:26:28.999Z,27.061,3,77.57,345,0,0,,,,
powertraces-pt200array_pt217_r2_7536322_2-376a52a8ac,2026-05-07T20:26:29.099Z,27.161,0,76.99,345,0,0,,,,
powertraces-pt200array_pt217_r2_7536322_2-376a52a8ac,2026-05-07T20:26:29.099Z,27.161,1,77.18,345,0,0,,,,
powertraces-pt200array_pt217_r2_7536322_2-376a52a8ac,2026-05-07T20:26:29.099Z,27.161,2,78.07,345,0,0,,,,
powertraces-pt200array_pt217_r2_7536322_2-376a52a8ac,2026-05-07T20:26:29.099Z,27.161,3,77.56,345,0,0,,,,
powertraces-pt200array_pt217_r2_7536322_2-376a52a8ac,2026-05-07T20:26:29.199Z,27.261,0,77.0,345,0,0,,,,
powertraces-pt200array_pt217_r2_7536322_2-376a52a8ac,2026-05-07T20:26:29.199Z,27.261,1,77.18,345,0,0,,,,
powertraces-pt200array_pt217_r2_7536322_2-376a52a8ac,2026-05-07T20:26:29.199Z,27.261,2,78.08,345,0,0,,,,
powertraces-pt200array_pt217_r2_7536322_2-376a52a8ac,2026-05-07T20:26:29.199Z,27.261,3,77.56,345,0,0,,,,
powertraces-pt200array_pt217_r2_7536322_2-376a52a8ac,2026-05-07T20:26:29.3Z,27.362,0,76.99,345,0,0,,,,
powertraces-pt200array_pt217_r2_7536322_2-376a52a8ac,2026-05-07T20:26:29.3Z,27.362,1,77.17,345,0,0,,,,
powertraces-pt200array_pt217_r2_7536322_2-376a52a8ac,2026-05-07T20:26:29.3Z,27.362,2,78.09,345,0,0,,,,
powertraces-pt200array_pt217_r2_7536322_2-376a52a8ac,2026-05-07T20:26:29.3Z,27.362,3,77.57,345,0,0,,,,
powertraces-pt200array_pt217_r2_7536322_2-376a52a8ac,2026-05-07T20:26:29.4Z,27.462,0,76.96,345,0,0,,,,
powertraces-pt200array_pt217_r2_7536322_2-376a52a8ac,2026-05-07T20:26:29.4Z,27.462,1,77.2,345,0,0,,,,
powertraces-pt200array_pt217_r2_7536322_2-376a52a8ac,2026-05-07T20:26:29.4Z,27.462,2,78.1,345,0,0,,,,
powertraces-pt200array_pt217_r2_7536322_2-376a52a8ac,2026-05-07T20:26:29.4Z,27.462,3,77.56,345,0,0,,,,
powertraces-pt200array_pt217_r2_7536322_2-376a52a8ac,2026-05-07T20:26:29.5Z,27.562,0,76.96,345,0,0,,,,
powertraces-pt200array_pt217_r2_7536322_2-376a52a8ac,2026-05-07T20:26:29.5Z,27.562,1,77.19,345,0,0,,,,
powertraces-pt200array_pt217_r2_7536322_2-376a52a8ac,2026-05-07T20:26:29.5Z,27.562,2,78.1,345,0,0,,,,
powertraces-pt200array_pt217_r2_7536322_2-376a52a8ac,2026-05-07T20:26:29.5Z,27.562,3,77.57,345,0,0,,,,
powertraces-pt200array_pt217_r2_7536322_2-376a52a8ac,2026-05-07T20:26:29.6Z,27.662,0,76.98,345,0,0,,,,
powertraces-pt200array_pt217_r2_7536322_2-376a52a8ac,2026-05-07T20:26:29.6Z,27.662,1,77.19,345,0,0,,,,
powertraces-pt200array_pt217_r2_7536322_2-376a52a8ac,2026-05-07T20:26:29.6Z,27.662,2,78.1,345,0,0,,,,
powertraces-pt200array_pt217_r2_7536322_2-376a52a8ac,2026-05-07T20:26:29.6Z,27.662,3,77.57,345,0,0,,,,
powertraces-pt200array_pt217_r2_7536322_2-376a52a8ac,2026-05-07T20:26:29.7Z,27.762,0,76.96,345,0,0,,,,
powertraces-pt200array_pt217_r2_7536322_2-376a52a8ac,2026-05-07T20:26:29.7Z,27.762,1,77.17,345,0,0,,,,
powertraces-pt200array_pt217_r2_7536322_2-376a52a8ac,2026-05-07T20:26:29.7Z,27.762,2,78.09,345,0,0,,,,
powertraces-pt200array_pt217_r2_7536322_2-376a52a8ac,2026-05-07T20:26:29.7Z,27.762,3,77.58,345,0,0,,,,
powertraces-pt200array_pt217_r2_7536322_2-376a52a8ac,2026-05-07T20:26:29.8Z,27.862,0,76.96,345,0,0,,,,
powertraces-pt200array_pt217_r2_7536322_2-376a52a8ac,2026-05-07T20:26:29.8Z,27.862,1,77.18,345,0,0,,,,
powertraces-pt200array_pt217_r2_7536322_2-376a52a8ac,2026-05-07T20:26:29.8Z,27.862,2,78.08,345,0,0,,,,
powertraces-pt200array_pt217_r2_7536322_2-376a52a8ac,2026-05-07T20:26:29.8Z,27.862,3,77.57,345,0,0,,,,
powertraces-pt200array_pt217_r2_7536322_2-376a52a8ac,2026-05-07T20:26:29.9Z,27.962,0,76.97,345,0,0,,,,
powertraces-pt200array_pt217_r2_7536322_2-376a52a8ac,2026-05-07T20:26:29.901Z,27.963,1,77.18,345,0,0,,,,
powertraces-pt200array_pt217_r2_7536322_2-376a52a8ac,2026-05-07T20:26:29.901Z,27.963,2,78.09,345,0,0,,,,
powertraces-pt200array_pt217_r2_7536322_2-376a52a8ac,2026-05-07T20:26:29.901Z,27.963,3,77.56,345,0,0,,,,
powertraces-pt200array_pt217_r2_7536322_2-376a52a8ac,2026-05-07T20:26:30.001Z,28.063,0,76.96,345,0,0,,,,
powertraces-pt200array_pt217_r2_7536322_2-376a52a8ac,2026-05-07T20:26:30.001Z,28.063,1,77.17,345,0,0,,,,
powertraces-pt200array_pt217_r2_7536322_2-376a52a8ac,2026-05-07T20:26:30.001Z,28.063,2,78.09,345,0,0,,,,
powertraces-pt200array_pt217_r2_7536322_2-376a52a8ac,2026-05-07T20:26:30.001Z,28.063,3,77.58,345,0,0,,,,
powertraces-pt200array_pt217_r2_7536322_2-376a52a8ac,2026-05-07T20:26:30.101Z,28.163,0,76.96,345,0,0,,,,
powertraces-pt200array_pt217_r2_7536322_2-376a52a8ac,2026-05-07T20:26:30.101Z,28.163,1,77.19,345,0,0,,,,
powertraces-pt200array_pt217_r2_7536322_2-376a52a8ac,2026-05-07T20:26:30.101Z,28.163,2,78.09,345,0,0,,,,
powertraces-pt200array_pt217_r2_7536322_2-376a52a8ac,2026-05-07T20:26:30.101Z,28.163,3,77.59,345,0,0,,,,
powertraces-pt200array_pt217_r2_7536322_2-376a52a8ac,2026-05-07T20:26:30.201Z,28.263,0,76.97,345,0,0,,,,
powertraces-pt200array_pt217_r2_7536322_2-376a52a8ac,2026-05-07T20:26:30.201Z,28.263,1,77.19,345,0,0,,,,
powertraces-pt200array_pt217_r2_7536322_2-376a52a8ac,2026-05-07T20:26:30.201Z,28.263,2,78.1,345,0,0,,,,
powertraces-pt200array_pt217_r2_7536322_2-376a52a8ac,2026-05-07T20:26:30.201Z,28.263,3,77.58,345,0,0,,,,
powertraces-pt200array_pt217_r2_7536322_2-376a52a8ac,2026-05-07T20:26:30.301Z,28.363,0,76.99,345,0,0,,,,
powertraces-pt200array_pt217_r2_7536322_2-376a52a8ac,2026-05-07T20:26:30.301Z,28.363,1,77.2,345,0,0,,,,
powertraces-pt200array_pt217_r2_7536322_2-376a52a8ac,2026-05-07T20:26:30.301Z,28.363,2,78.1,345,0,0,,,,
powertraces-pt200array_pt217_r2_7536322_2-376a52a8ac,2026-05-07T20:26:30.301Z,28.363,3,77.58,345,0,0,,,,
powertraces-pt200array_pt217_r2_7536322_2-376a52a8ac,2026-05-07T20:26:30.401Z,28.463,0,76.98,345,0,0,,,,
powertraces-pt200array_pt217_r2_7536322_2-376a52a8ac,2026-05-07T20:26:30.401Z,28.463,1,77.18,345,0,0,,,,
powertraces-pt200array_pt217_r2_7536322_2-376a52a8ac,2026-05-07T20:26:30.401Z,28.463,2,78.1,345,0,0,,,,
powertraces-pt200array_pt217_r2_7536322_2-376a52a8ac,2026-05-07T20:26:30.401Z,28.463,3,77.58,345,0,0,,,,
powertraces-pt200array_pt217_r2_7536322_2-376a52a8ac,2026-05-07T20:26:30.501Z,28.563,0,76.97,345,0,0,,,,
powertraces-pt200array_pt217_r2_7536322_2-376a52a8ac,2026-05-07T20:26:30.501Z,28.563,1,77.18,345,0,0,,,,
powertraces-pt200array_pt217_r2_7536322_2-376a52a8ac,2026-05-07T20:26:30.501Z,28.563,2,78.11,345,0,0,,,,
powertraces-pt200array_pt217_r2_7536322_2-376a52a8ac,2026-05-07T20:26:30.501Z,28.563,3,77.57,345,0,0,,,,
powertraces-pt200array_pt217_r2_7536322_2-376a52a8ac,2026-05-07T20:26:30.601Z,28.663,0,76.98,345,0,0,,,,
powertraces-pt200array_pt217_r2_7536322_2-376a52a8ac,2026-05-07T20:26:30.601Z,28.663,1,77.17,345,0,0,,,,
powertraces-pt200array_pt217_r2_7536322_2-376a52a8ac,2026-05-07T20:26:30.601Z,28.663,2,78.11,345,0,0,,,,
powertraces-pt200array_pt217_r2_7536322_2-376a52a8ac,2026-05-07T20:26:30.601Z,28.663,3,77.56,345,0,0,,,,
powertraces-pt200array_pt217_r2_7536322_2-376a52a8ac,2026-05-07T20:26:30.702Z,28.764,0,77.01,345,0,0,,,,
powertraces-pt200array_pt217_r2_7536322_2-376a52a8ac,2026-05-07T20:26:30.702Z,28.764,1,77.15,345,0,0,,,,
powertraces-pt200array_pt217_r2_7536322_2-376a52a8ac,2026-05-07T20:26:30.702Z,28.764,2,78.11,345,0,0,,,,
powertraces-pt200array_pt217_r2_7536322_2-376a52a8ac,2026-05-07T20:26:30.702Z,28.764,3,77.55,345,0,0,,,,
powertraces-pt200array_pt217_r2_7536322_2-376a52a8ac,2026-05-07T20:26:30.802Z,28.864,0,77.0,345,0,0,,,,
powertraces-pt200array_pt217_r2_7536322_2-376a52a8ac,2026-05-07T20:26:30.802Z,28.864,1,77.16,345,0,0,,,,
powertraces-pt200array_pt217_r2_7536322_2-376a52a8ac,2026-05-07T20:26:30.802Z,28.864,2,78.13,345,0,0,,,,
powertraces-pt200array_pt217_r2_7536322_2-376a52a8ac,2026-05-07T20:26:30.802Z,28.864,3,77.57,345,0,0,,,,
powertraces-pt200array_pt217_r2_7536322_2-376a52a8ac,2026-05-07T20:26:30.902Z,28.964,0,77.0,345,0,0,,,,
powertraces-pt200array_pt217_r2_7536322_2-376a52a8ac,2026-05-07T20:26:30.902Z,28.964,1,77.15,345,0,0,,,,
powertraces-pt200array_pt217_r2_7536322_2-376a52a8ac,2026-05-07T20:26:30.902Z,28.964,2,78.14,345,0,0,,,,
powertraces-pt200array_pt217_r2_7536322_2-376a52a8ac,2026-05-07T20:26:30.902Z,28.964,3,77.55,345,0,0,,,,
powertraces-pt200array_pt217_r2_7536322_2-376a52a8ac,2026-05-07T20:26:31.002Z,29.064,0,77.0,345,0,0,,,,
powertraces-pt200array_pt217_r2_7536322_2-376a52a8ac,2026-05-07T20:26:31.002Z,29.064,1,77.16,345,0,0,,,,
powertraces-pt200array_pt217_r2_7536322_2-376a52a8ac,2026-05-07T20:26:31.002Z,29.064,2,78.14,345,0,0,,,,
powertraces-pt200array_pt217_r2_7536322_2-376a52a8ac,2026-05-07T20:26:31.002Z,29.064,3,77.54,345,0,0,,,,
powertraces-pt200array_pt217_r2_7536322_2-376a52a8ac,2026-05-07T20:26:31.102Z,29.164,0,77.0,345,0,0,,,,
powertraces-pt200array_pt217_r2_7536322_2-376a52a8ac,2026-05-07T20:26:31.102Z,29.164,1,77.14,345,0,0,,,,
powertraces-pt200array_pt217_r2_7536322_2-376a52a8ac,2026-05-07T20:26:31.102Z,29.164,2,78.14,345,0,0,,,,
powertraces-pt200array_pt217_r2_7536322_2-376a52a8ac,2026-05-07T20:26:31.102Z,29.164,3,77.54,345,0,0,,,,
powertraces-pt200array_pt217_r2_7536322_2-376a52a8ac,2026-05-07T20:26:31.202Z,29.264,0,77.01,345,0,0,,,,
powertraces-pt200array_pt217_r2_7536322_2-376a52a8ac,2026-05-07T20:26:31.202Z,29.264,1,77.11,345,0,0,,,,
powertraces-pt200array_pt217_r2_7536322_2-376a52a8ac,2026-05-07T20:26:31.202Z,29.264,2,78.15,345,0,0,,,,
powertraces-pt200array_pt217_r2_7536322_2-376a52a8ac,2026-05-07T20:26:31.202Z,29.264,3,77.56,345,0,0,,,,
powertraces-pt200array_pt217_r2_7536322_2-376a52a8ac,2026-05-07T20:26:31.303Z,29.365,0,76.99,345,0,0,,,,
powertraces-pt200array_pt217_r2_7536322_2-376a52a8ac,2026-05-07T20:26:31.303Z,29.365,1,77.11,345,0,0,,,,
powertraces-pt200array_pt217_r2_7536322_2-376a52a8ac,2026-05-07T20:26:31.303Z,29.365,2,78.13,345,0,0,,,,
powertraces-pt200array_pt217_r2_7536322_2-376a52a8ac,2026-05-07T20:26:31.303Z,29.365,3,77.55,345,0,0,,,,
powertraces-pt200array_pt217_r2_7536322_2-376a52a8ac,2026-05-07T20:26:31.403Z,29.465,0,77.01,345,0,0,,,,
powertraces-pt200array_pt217_r2_7536322_2-376a52a8ac,2026-05-07T20:26:31.403Z,29.465,1,77.11,345,0,0,,,,
powertraces-pt200array_pt217_r2_7536322_2-376a52a8ac,2026-05-07T20:26:31.403Z,29.465,2,78.12,345,0,0,,,,
powertraces-pt200array_pt217_r2_7536322_2-376a52a8ac,2026-05-07T20:26:31.403Z,29.465,3,77.55,345,0,0,,,,
powertraces-pt200array_pt217_r2_7536322_2-376a52a8ac,2026-05-07T20:26:31.503Z,29.565,0,77.0,345,0,0,,,,
powertraces-pt200array_pt217_r2_7536322_2-376a52a8ac,2026-05-07T20:26:31.503Z,29.565,1,77.15,345,0,0,,,,
powertraces-pt200array_pt217_r2_7536322_2-376a52a8ac,2026-05-07T20:26:31.503Z,29.565,2,78.13,345,0,0,,,,
powertraces-pt200array_pt217_r2_7536322_2-376a52a8ac,2026-05-07T20:26:31.503Z,29.565,3,77.55,345,0,0,,,,
powertraces-pt200array_pt217_r2_7536322_2-376a52a8ac,2026-05-07T20:26:31.603Z,29.665,0,76.99,345,0,0,,,,
powertraces-pt200array_pt217_r2_7536322_2-376a52a8ac,2026-05-07T20:26:31.603Z,29.665,1,77.16,345,0,0,,,,
powertraces-pt200array_pt217_r2_7536322_2-376a52a8ac,2026-05-07T20:26:31.603Z,29.665,2,78.14,345,0,0,,,,
powertraces-pt200array_pt217_r2_7536322_2-376a52a8ac,2026-05-07T20:26:31.603Z,29.665,3,77.55,345,0,0,,,,
powertraces-pt200array_pt217_r2_7536322_2-376a52a8ac,2026-05-07T20:26:31.703Z,29.765,0,76.97,345,0,0,,,,
powertraces-pt200array_pt217_r2_7536322_2-376a52a8ac,2026-05-07T20:26:31.703Z,29.765,1,77.17,345,0,0,,,,
powertraces-pt200array_pt217_r2_7536322_2-376a52a8ac,2026-05-07T20:26:31.703Z,29.765,2,78.15,345,0,0,,,,
powertraces-pt200array_pt217_r2_7536322_2-376a52a8ac,2026-05-07T20:26:31.703Z,29.765,3,77.54,345,0,0,,,,
powertraces-pt200array_pt217_r2_7536322_2-376a52a8ac,2026-05-07T20:26:31.804Z,29.866,0,76.97,345,0,0,,,,
powertraces-pt200array_pt217_r2_7536322_2-376a52a8ac,2026-05-07T20:26:31.804Z,29.866,1,77.17,345,0,0,,,,
powertraces-pt200array_pt217_r2_7536322_2-376a52a8ac,2026-05-07T20:26:31.804Z,29.866,2,78.13,345,0,0,,,,
powertraces-pt200array_pt217_r2_7536322_2-376a52a8ac,2026-05-07T20:26:31.804Z,29.866,3,77.54,345,0,0,,,,
powertraces-pt200array_pt217_r2_7536322_2-376a52a8ac,2026-05-07T20:26:31.904Z,29.966,0,76.96,345,0,0,,,,
powertraces-pt200array_pt217_r2_7536322_2-376a52a8ac,2026-05-07T20:26:31.904Z,29.966,1,77.16,345,0,0,,,,
powertraces-pt200array_pt217_r2_7536322_2-376a52a8ac,2026-05-07T20:26:31.904Z,29.966,2,78.13,345,0,0,,,,
powertraces-pt200array_pt217_r2_7536322_2-376a52a8ac,2026-05-07T20:26:31.904Z,29.966,3,77.56,345,0,0,,,,
powertraces-pt200array_pt217_r2_7536322_2-376a52a8ac,2026-05-07T20:26:32.004Z,30.066,0,76.94,345,0,0,,,,
powertraces-pt200array_pt217_r2_7536322_2-376a52a8ac,2026-05-07T20:26:32.004Z,30.066,1,77.16,345,0,0,,,,
powertraces-pt200array_pt217_r2_7536322_2-376a52a8ac,2026-05-07T20:26:32.004Z,30.066,2,78.12,345,0,0,,,,
powertraces-pt200array_pt217_r2_7536322_2-376a52a8ac,2026-05-07T20:26:32.004Z,30.066,3,77.54,345,0,0,,,,
powertraces-pt200array_pt217_r2_7536322_2-376a52a8ac,2026-05-07T20:26:32.104Z,30.166,0,76.95,345,0,0,,,,
powertraces-pt200array_pt217_r2_7536322_2-376a52a8ac,2026-05-07T20:26:32.104Z,30.166,1,77.17,345,0,0,,,,
powertraces-pt200array_pt217_r2_7536322_2-376a52a8ac,2026-05-07T20:26:32.104Z,30.166,2,78.11,345,0,0,,,,
powertraces-pt200array_pt217_r2_7536322_2-376a52a8ac,2026-05-07T20:26:32.104Z,30.166,3,77.54,345,0,0,,,,
powertraces-pt200array_pt217_r2_7536322_2-376a52a8ac,2026-05-07T20:26:32.204Z,30.266,0,76.93,345,0,0,,,,
powertraces-pt200array_pt217_r2_7536322_2-376a52a8ac,2026-05-07T20:26:32.204Z,30.266,1,77.18,345,0,0,,,,
powertraces-pt200array_pt217_r2_7536322_2-376a52a8ac,2026-05-07T20:26:32.204Z,30.266,2,78.11,345,0,0,,,,
powertraces-pt200array_pt217_r2_7536322_2-376a52a8ac,2026-05-07T20:26:32.204Z,30.266,3,77.55,345,0,0,,,,
powertraces-pt200array_pt217_r2_7536322_2-376a52a8ac,2026-05-07T20:26:32.304Z,30.366,0,76.91,345,0,0,,,,
powertraces-pt200array_pt217_r2_7536322_2-376a52a8ac,2026-05-07T20:26:32.304Z,30.366,1,77.18,345,0,0,,,,
powertraces-pt200array_pt217_r2_7536322_2-376a52a8ac,2026-05-07T20:26:32.304Z,30.366,2,78.11,345,0,0,,,,
powertraces-pt200array_pt217_r2_7536322_2-376a52a8ac,2026-05-07T20:26:32.304Z,30.366,3,77.55,345,0,0,,,,
powertraces-pt200array_pt217_r2_7536322_2-376a52a8ac,2026-05-07T20:26:32.405Z,30.467,0,76.9,345,0,0,,,,
powertraces-pt200array_pt217_r2_7536322_2-376a52a8ac,2026-05-07T20:26:32.405Z,30.467,1,77.19,345,0,0,,,,
powertraces-pt200array_pt217_r2_7536322_2-376a52a8ac,2026-05-07T20:26:32.405Z,30.467,2,78.1,345,0,0,,,,
powertraces-pt200array_pt217_r2_7536322_2-376a52a8ac,2026-05-07T20:26:32.405Z,30.467,3,77.54,345,0,0,,,,
powertraces-pt200array_pt217_r2_7536322_2-376a52a8ac,2026-05-07T20:26:32.505Z,30.567,0,76.93,345,0,0,,,,
powertraces-pt200array_pt217_r2_7536322_2-376a52a8ac,2026-05-07T20:26:32.505Z,30.567,1,77.17,345,0,0,,,,
powertraces-pt200array_pt217_r2_7536322_2-376a52a8ac,2026-05-07T20:26:32.505Z,30.567,2,78.08,345,0,0,,,,
powertraces-pt200array_pt217_r2_7536322_2-376a52a8ac,2026-05-07T20:26:32.505Z,30.567,3,77.53,345,0,0,,,,
powertraces-pt200array_pt217_r2_7536322_2-376a52a8ac,2026-05-07T20:26:32.605Z,30.667,0,76.93,345,0,0,,,,
powertraces-pt200array_pt217_r2_7536322_2-376a52a8ac,2026-05-07T20:26:32.605Z,30.667,1,77.18,345,0,0,,,,
powertraces-pt200array_pt217_r2_7536322_2-376a52a8ac,2026-05-07T20:26:32.605Z,30.667,2,78.06,345,0,0,,,,
powertraces-pt200array_pt217_r2_7536322_2-376a52a8ac,2026-05-07T20:26:32.605Z,30.667,3,77.55,345,0,0,,,,
powertraces-pt200array_pt217_r2_7536322_2-376a52a8ac,2026-05-07T20:26:32.705Z,30.767,0,76.94,345,0,0,,,,
powertraces-pt200array_pt217_r2_7536322_2-376a52a8ac,2026-05-07T20:26:32.705Z,30.767,1,77.18,345,0,0,,,,
powertraces-pt200array_pt217_r2_7536322_2-376a52a8ac,2026-05-07T20:26:32.705Z,30.767,2,78.06,345,0,0,,,,
powertraces-pt200array_pt217_r2_7536322_2-376a52a8ac,2026-05-07T20:26:32.705Z,30.767,3,77.56,345,0,0,,,,
powertraces-pt200array_pt217_r2_7536322_2-376a52a8ac,2026-05-07T20:26:32.805Z,30.867,0,76.96,345,0,0,,,,
powertraces-pt200array_pt217_r2_7536322_2-376a52a8ac,2026-05-07T20:26:32.805Z,30.867,1,77.17,345,0,0,,,,
powertraces-pt200array_pt217_r2_7536322_2-376a52a8ac,2026-05-07T20:26:32.805Z,30.867,2,78.07,345,0,0,,,,
powertraces-pt200array_pt217_r2_7536322_2-376a52a8ac,2026-05-07T20:26:32.805Z,30.867,3,77.57,345,0,0,,,,
powertraces-pt200array_pt217_r2_7536322_2-376a52a8ac,2026-05-07T20:26:32.905Z,30.967,0,76.99,345,0,0,,,,
powertraces-pt200array_pt217_r2_7536322_2-376a52a8ac,2026-05-07T20:26:32.905Z,30.967,1,77.18,345,0,0,,,,
powertraces-pt200array_pt217_r2_7536322_2-376a52a8ac,2026-05-07T20:26:32.905Z,30.967,2,78.04,345,0,0,,,,
powertraces-pt200array_pt217_r2_7536322_2-376a52a8ac,2026-05-07T20:26:32.905Z,30.967,3,77.57,345,0,0,,,,
powertraces-pt200array_pt217_r2_7536322_2-376a52a8ac,2026-05-07T20:26:33.005Z,31.067,0,76.99,345,0,0,,,,
powertraces-pt200array_pt217_r2_7536322_2-376a52a8ac,2026-05-07T20:26:33.005Z,31.067,1,77.18,345,0,0,,,,
powertraces-pt200array_pt217_r2_7536322_2-376a52a8ac,2026-05-07T20:26:33.005Z,31.067,2,78.03,345,0,0,,,,
powertraces-pt200array_pt217_r2_7536322_2-376a52a8ac,2026-05-07T20:26:33.005Z,31.067,3,77.58,345,0,0,,,,
powertraces-pt200array_pt217_r2_7536322_2-376a52a8ac,2026-05-07T20:26:33.106Z,31.168,0,76.99,345,0,0,,,,
powertraces-pt200array_pt217_r2_7536322_2-376a52a8ac,2026-05-07T20:26:33.106Z,31.168,1,77.18,345,0,0,,,,
powertraces-pt200array_pt217_r2_7536322_2-376a52a8ac,2026-05-07T20:26:33.106Z,31.168,2,78.04,345,0,0,,,,
powertraces-pt200array_pt217_r2_7536322_2-376a52a8ac,2026-05-07T20:26:33.106Z,31.168,3,77.59,345,0,0,,,,
powertraces-pt200array_pt217_r2_7536322_2-376a52a8ac,2026-05-07T20:26:33.206Z,31.268,0,77.01,345,0,0,,,,
powertraces-pt200array_pt217_r2_7536322_2-376a52a8ac,2026-05-07T20:26:33.206Z,31.268,1,77.19,345,0,0,,,,
powertraces-pt200array_pt217_r2_7536322_2-376a52a8ac,2026-05-07T20:26:33.206Z,31.268,2,78.05,345,0,0,,,,
powertraces-pt200array_pt217_r2_7536322_2-376a52a8ac,2026-05-07T20:26:33.206Z,31.268,3,77.58,345,0,0,,,,
powertraces-pt200array_pt217_r2_7536322_2-376a52a8ac,2026-05-07T20:26:33.306Z,31.368,0,77.03,345,0,0,,,,
powertraces-pt200array_pt217_r2_7536322_2-376a52a8ac,2026-05-07T20:26:33.306Z,31.368,1,77.17,345,0,0,,,,
powertraces-pt200array_pt217_r2_7536322_2-376a52a8ac,2026-05-07T20:26:33.306Z,31.368,2,78.07,345,0,0,,,,
powertraces-pt200array_pt217_r2_7536322_2-376a52a8ac,2026-05-07T20:26:33.306Z,31.368,3,77.58,345,0,0,,,,
powertraces-pt200array_pt217_r2_7536322_2-376a52a8ac,2026-05-07T20:26:33.406Z,31.468,0,77.01,345,0,0,,,,
powertraces-pt200array_pt217_r2_7536322_2-376a52a8ac,2026-05-07T20:26:33.406Z,31.468,1,77.17,345,0,0,,,,
powertraces-pt200array_pt217_r2_7536322_2-376a52a8ac,2026-05-07T20:26:33.406Z,31.468,2,78.09,345,0,0,,,,
powertraces-pt200array_pt217_r2_7536322_2-376a52a8ac,2026-05-07T20:26:33.406Z,31.468,3,77.56,345,0,0,,,,
powertraces-pt200array_pt217_r2_7536322_2-376a52a8ac,2026-05-07T20:26:33.506Z,31.568,0,77.01,345,0,0,,,,
powertraces-pt200array_pt217_r2_7536322_2-376a52a8ac,2026-05-07T20:26:33.506Z,31.568,1,77.18,345,0,0,,,,
powertraces-pt200array_pt217_r2_7536322_2-376a52a8ac,2026-05-07T20:26:33.506Z,31.568,2,78.1,345,0,0,,,,
powertraces-pt200array_pt217_r2_7536322_2-376a52a8ac,2026-05-07T20:26:33.506Z,31.568,3,77.57,345,0,0,,,,
powertraces-pt200array_pt217_r2_7536322_2-376a52a8ac,2026-05-07T20:26:33.606Z,31.668,0,77.01,345,0,0,,,,
powertraces-pt200array_pt217_r2_7536322_2-376a52a8ac,2026-05-07T20:26:33.606Z,31.668,1,77.18,345,0,0,,,,
powertraces-pt200array_pt217_r2_7536322_2-376a52a8ac,2026-05-07T20:26:33.606Z,31.668,2,78.1,345,0,0,,,,
powertraces-pt200array_pt217_r2_7536322_2-376a52a8ac,2026-05-07T20:26:33.606Z,31.668,3,77.57,345,0,0,,,,
powertraces-pt200array_pt217_r2_7536322_2-376a52a8ac,2026-05-07T20:26:33.706Z,31.768,0,76.99,345,0,0,,,,
powertraces-pt200array_pt217_r2_7536322_2-376a52a8ac,2026-05-07T20:26:33.706Z,31.768,1,77.18,345,0,0,,,,
powertraces-pt200array_pt217_r2_7536322_2-376a52a8ac,2026-05-07T20:26:33.706Z,31.768,2,78.1,345,0,0,,,,
powertraces-pt200array_pt217_r2_7536322_2-376a52a8ac,2026-05-07T20:26:33.706Z,31.768,3,77.58,345,0,0,,,,
powertraces-pt200array_pt217_r2_7536322_2-376a52a8ac,2026-05-07T20:26:33.807Z,31.869,0,76.97,345,0,0,,,,
powertraces-pt200array_pt217_r2_7536322_2-376a52a8ac,2026-05-07T20:26:33.807Z,31.869,1,77.18,345,0,0,,,,
powertraces-pt200array_pt217_r2_7536322_2-376a52a8ac,2026-05-07T20:26:33.807Z,31.869,2,78.1,345,0,0,,,,
powertraces-pt200array_pt217_r2_7536322_2-376a52a8ac,2026-05-07T20:26:33.807Z,31.869,3,77.6,345,0,0,,,,
powertraces-pt200array_pt217_r2_7536322_2-376a52a8ac,2026-05-07T20:26:33.907Z,31.969,0,76.99,345,0,0,,,,
powertraces-pt200array_pt217_r2_7536322_2-376a52a8ac,2026-05-07T20:26:33.907Z,31.969,1,77.18,345,0,0,,,,
powertraces-pt200array_pt217_r2_7536322_2-376a52a8ac,2026-05-07T20:26:33.907Z,31.969,2,78.12,345,0,0,,,,
powertraces-pt200array_pt217_r2_7536322_2-376a52a8ac,2026-05-07T20:26:33.907Z,31.969,3,77.6,345,0,0,,,,
powertraces-pt200array_pt217_r2_7536322_2-376a52a8ac,2026-05-07T20:26:34.007Z,32.069,0,76.97,345,0,0,,,,
powertraces-pt200array_pt217_r2_7536322_2-376a52a8ac,2026-05-07T20:26:34.007Z,32.069,1,77.18,345,0,0,,,,
powertraces-pt200array_pt217_r2_7536322_2-376a52a8ac,2026-05-07T20:26:34.007Z,32.069,2,78.1,345,0,0,,,,
powertraces-pt200array_pt217_r2_7536322_2-376a52a8ac,2026-05-07T20:26:34.007Z,32.069,3,77.61,345,0,0,,,,
powertraces-pt200array_pt217_r2_7536322_2-376a52a8ac,2026-05-07T20:26:34.107Z,32.169,0,76.97,345,0,0,,,,
powertraces-pt200array_pt217_r2_7536322_2-376a52a8ac,2026-05-07T20:26:34.107Z,32.169,1,77.16,345,0,0,,,,
powertraces-pt200array_pt217_r2_7536322_2-376a52a8ac,2026-05-07T20:26:34.107Z,32.169,2,78.12,345,0,0,,,,
powertraces-pt200array_pt217_r2_7536322_2-376a52a8ac,2026-05-07T20:26:34.107Z,32.169,3,77.61,345,0,0,,,,
powertraces-pt200array_pt217_r2_7536322_2-376a52a8ac,2026-05-07T20:26:34.207Z,32.269,0,76.94,345,0,0,,,,
powertraces-pt200array_pt217_r2_7536322_2-376a52a8ac,2026-05-07T20:26:34.207Z,32.269,1,77.17,345,0,0,,,,
powertraces-pt200array_pt217_r2_7536322_2-376a52a8ac,2026-05-07T20:26:34.207Z,32.269,2,78.12,345,0,0,,,,
powertraces-pt200array_pt217_r2_7536322_2-376a52a8ac,2026-05-07T20:26:34.207Z,32.269,3,77.61,345,0,0,,,,
powertraces-pt200array_pt217_r2_7536322_2-376a52a8ac,2026-05-07T20:26:34.307Z,32.369,0,76.97,345,0,0,,,,
powertraces-pt200array_pt217_r2_7536322_2-376a52a8ac,2026-05-07T20:26:34.307Z,32.369,1,77.18,345,0,0,,,,
powertraces-pt200array_pt217_r2_7536322_2-376a52a8ac,2026-05-07T20:26:34.307Z,32.369,2,78.1,345,0,0,,,,
powertraces-pt200array_pt217_r2_7536322_2-376a52a8ac,2026-05-07T20:26:34.307Z,32.369,3,77.61,345,0,0,,,,
powertraces-pt200array_pt217_r2_7536322_2-376a52a8ac,2026-05-07T20:26:34.408Z,32.47,0,76.99,345,0,0,,,,
powertraces-pt200array_pt217_r2_7536322_2-376a52a8ac,2026-05-07T20:26:34.408Z,32.47,1,77.18,345,0,0,,,,
powertraces-pt200array_pt217_r2_7536322_2-376a52a8ac,2026-05-07T20:26:34.408Z,32.47,2,78.09,345,0,0,,,,
powertraces-pt200array_pt217_r2_7536322_2-376a52a8ac,2026-05-07T20:26:34.408Z,32.47,3,77.62,345,0,0,,,,
powertraces-pt200array_pt217_r2_7536322_2-376a52a8ac,2026-05-07T20:26:34.508Z,32.57,0,76.97,345,0,0,,,,
powertraces-pt200array_pt217_r2_7536322_2-376a52a8ac,2026-05-07T20:26:34.508Z,32.57,1,77.18,345,0,0,,,,
powertraces-pt200array_pt217_r2_7536322_2-376a52a8ac,2026-05-07T20:26:34.508Z,32.57,2,78.09,345,0,0,,,,
powertraces-pt200array_pt217_r2_7536322_2-376a52a8ac,2026-05-07T20:26:34.508Z,32.57,3,77.62,345,0,0,,,,
powertraces-pt200array_pt217_r2_7536322_2-376a52a8ac,2026-05-07T20:26:34.608Z,32.67,0,76.99,345,0,0,,,,
powertraces-pt200array_pt217_r2_7536322_2-376a52a8ac,2026-05-07T20:26:34.608Z,32.67,1,77.19,345,0,0,,,,
powertraces-pt200array_pt217_r2_7536322_2-376a52a8ac,2026-05-07T20:26:34.608Z,32.67,2,78.08,345,0,0,,,,
powertraces-pt200array_pt217_r2_7536322_2-376a52a8ac,2026-05-07T20:26:34.608Z,32.67,3,77.61,345,0,0,,,,
powertraces-pt200array_pt217_r2_7536322_2-376a52a8ac,2026-05-07T20:26:34.708Z,32.77,0,76.98,345,0,0,,,,
powertraces-pt200array_pt217_r2_7536322_2-376a52a8ac,2026-05-07T20:26:34.708Z,32.77,1,77.19,345,0,0,,,,
powertraces-pt200array_pt217_r2_7536322_2-376a52a8ac,2026-05-07T20:26:34.708Z,32.77,2,78.07,345,0,0,,,,
powertraces-pt200array_pt217_r2_7536322_2-376a52a8ac,2026-05-07T20:26:34.708Z,32.77,3,77.6,345,0,0,,,,
powertraces-pt200array_pt217_r2_7536322_2-376a52a8ac,2026-05-07T20:26:34.808Z,32.87,0,77.0,345,0,0,,,,
powertraces-pt200array_pt217_r2_7536322_2-376a52a8ac,2026-05-07T20:26:34.808Z,32.87,1,77.17,345,0,0,,,,
powertraces-pt200array_pt217_r2_7536322_2-376a52a8ac,2026-05-07T20:26:34.808Z,32.87,2,78.08,345,0,0,,,,
powertraces-pt200array_pt217_r2_7536322_2-376a52a8ac,2026-05-07T20:26:34.808Z,32.87,3,77.6,345,0,0,,,,
powertraces-pt200array_pt217_r2_7536322_2-376a52a8ac,2026-05-07T20:26:34.908Z,32.97,0,76.97,345,0,0,,,,
powertraces-pt200array_pt217_r2_7536322_2-376a52a8ac,2026-05-07T20:26:34.908Z,32.97,1,77.18,345,0,0,,,,
powertraces-pt200array_pt217_r2_7536322_2-376a52a8ac,2026-05-07T20:26:34.908Z,32.97,2,78.07,345,0,0,,,,
powertraces-pt200array_pt217_r2_7536322_2-376a52a8ac,2026-05-07T20:26:34.908Z,32.97,3,77.59,345,0,0,,,,
powertraces-pt200array_pt217_r2_7536322_2-376a52a8ac,2026-05-07T20:26:35.008Z,33.07,0,77.01,345,0,0,,,,
powertraces-pt200array_pt217_r2_7536322_2-376a52a8ac,2026-05-07T20:26:35.009Z,33.071,1,77.18,345,0,0,,,,
powertraces-pt200array_pt217_r2_7536322_2-376a52a8ac,2026-05-07T20:26:35.009Z,33.071,2,78.08,345,0,0,,,,
powertraces-pt200array_pt217_r2_7536322_2-376a52a8ac,2026-05-07T20:26:35.009Z,33.071,3,77.58,345,0,0,,,,
powertraces-pt200array_pt217_r2_7536322_2-376a52a8ac,2026-05-07T20:26:35.109Z,33.171,0,77.04,345,0,0,,,,
powertraces-pt200array_pt217_r2_7536322_2-376a52a8ac,2026-05-07T20:26:35.109Z,33.171,1,77.18,345,0,0,,,,
powertraces-pt200array_pt217_r2_7536322_2-376a52a8ac,2026-05-07T20:26:35.109Z,33.171,2,78.08,345,0,0,,,,
powertraces-pt200array_pt217_r2_7536322_2-376a52a8ac,2026-05-07T20:26:35.109Z,33.171,3,77.58,345,0,0,,,,
powertraces-pt200array_pt217_r2_7536322_2-376a52a8ac,2026-05-07T20:26:35.209Z,33.271,0,77.04,345,0,0,,,,
powertraces-pt200array_pt217_r2_7536322_2-376a52a8ac,2026-05-07T20:26:35.209Z,33.271,1,77.19,345,0,0,,,,
powertraces-pt200array_pt217_r2_7536322_2-376a52a8ac,2026-05-07T20:26:35.209Z,33.271,2,78.07,345,0,0,,,,
powertraces-pt200array_pt217_r2_7536322_2-376a52a8ac,2026-05-07T20:26:35.209Z,33.271,3,77.58,345,0,0,,,,
powertraces-pt200array_pt217_r2_7536322_2-376a52a8ac,2026-05-07T20:26:35.309Z,33.371,0,77.04,345,0,0,,,,
powertraces-pt200array_pt217_r2_7536322_2-376a52a8ac,2026-05-07T20:26:35.309Z,33.371,1,77.16,345,0,0,,,,
powertraces-pt200array_pt217_r2_7536322_2-376a52a8ac,2026-05-07T20:26:35.309Z,33.371,2,78.08,345,0,0,,,,
powertraces-pt200array_pt217_r2_7536322_2-376a52a8ac,2026-05-07T20:26:35.309Z,33.371,3,77.6,345,0,0,,,,
powertraces-pt200array_pt217_r2_7536322_2-376a52a8ac,2026-05-07T20:26:35.409Z,33.471,0,77.04,345,0,0,,,,
powertraces-pt200array_pt217_r2_7536322_2-376a52a8ac,2026-05-07T20:26:35.409Z,33.471,1,77.17,345,0,0,,,,
powertraces-pt200array_pt217_r2_7536322_2-376a52a8ac,2026-05-07T20:26:35.409Z,33.471,2,78.07,345,0,0,,,,
powertraces-pt200array_pt217_r2_7536322_2-376a52a8ac,2026-05-07T20:26:35.409Z,33.471,3,77.61,345,0,0,,,,
powertraces-pt200array_pt217_r2_7536322_2-376a52a8ac,2026-05-07T20:26:35.509Z,33.571,0,77.03,345,0,0,,,,
powertraces-pt200array_pt217_r2_7536322_2-376a52a8ac,2026-05-07T20:26:35.51Z,33.572,1,77.17,345,0,0,,,,
powertraces-pt200array_pt217_r2_7536322_2-376a52a8ac,2026-05-07T20:26:35.51Z,33.572,2,78.08,345,0,0,,,,
powertraces-pt200array_pt217_r2_7536322_2-376a52a8ac,2026-05-07T20:26:35.51Z,33.572,3,77.61,345,0,0,,,,
powertraces-pt200array_pt217_r2_7536322_2-376a52a8ac,2026-05-07T20:26:35.61Z,33.672,0,77.01,345,0,0,,,,
powertraces-pt200array_pt217_r2_7536322_2-376a52a8ac,2026-05-07T20:26:35.61Z,33.672,1,77.16,345,0,0,,,,
powertraces-pt200array_pt217_r2_7536322_2-376a52a8ac,2026-05-07T20:26:35.61Z,33.672,2,78.08,345,0,0,,,,
powertraces-pt200array_pt217_r2_7536322_2-376a52a8ac,2026-05-07T20:26:35.61Z,33.672,3,77.6,345,0,0,,,,
powertraces-pt200array_pt217_r2_7536322_2-376a52a8ac,2026-05-07T20:26:35.71Z,33.772,0,77.02,345,0,0,,,,
powertraces-pt200array_pt217_r2_7536322_2-376a52a8ac,2026-05-07T20:26:35.71Z,33.772,1,77.18,345,0,0,,,,
powertraces-pt200array_pt217_r2_7536322_2-376a52a8ac,2026-05-07T20:26:35.71Z,33.772,2,78.08,345,0,0,,,,
powertraces-pt200array_pt217_r2_7536322_2-376a52a8ac,2026-05-07T20:26:35.71Z,33.772,3,77.59,345,0,0,,,,
powertraces-pt200array_pt217_r2_7536322_2-376a52a8ac,2026-05-07T20:26:35.81Z,33.872,0,77.03,345,0,0,,,,
powertraces-pt200array_pt217_r2_7536322_2-376a52a8ac,2026-05-07T20:26:35.81Z,33.872,1,77.18,345,0,0,,,,
powertraces-pt200array_pt217_r2_7536322_2-376a52a8ac,2026-05-07T20:26:35.81Z,33.872,2,78.09,345,0,0,,,,
powertraces-pt200array_pt217_r2_7536322_2-376a52a8ac,2026-05-07T20:26:35.81Z,33.872,3,77.57,345,0,0,,,,
powertraces-pt200array_pt217_r2_7536322_2-376a52a8ac,2026-05-07T20:26:35.91Z,33.972,0,77.07,345,0,0,,,,
powertraces-pt200array_pt217_r2_7536322_2-376a52a8ac,2026-05-07T20:26:35.91Z,33.972,1,77.2,345,0,0,,,,
powertraces-pt200array_pt217_r2_7536322_2-376a52a8ac,2026-05-07T20:26:35.91Z,33.972,2,78.09,345,0,0,,,,
powertraces-pt200array_pt217_r2_7536322_2-376a52a8ac,2026-05-07T20:26:35.91Z,33.972,3,77.6,345,0,0,,,,
powertraces-pt200array_pt217_r2_7536322_2-376a52a8ac,2026-05-07T20:26:36.01Z,34.072,0,77.04,345,0,0,,,,
powertraces-pt200array_pt217_r2_7536322_2-376a52a8ac,2026-05-07T20:26:36.01Z,34.072,1,77.2,345,0,0,,,,
powertraces-pt200array_pt217_r2_7536322_2-376a52a8ac,2026-05-07T20:26:36.01Z,34.072,2,78.1,345,0,0,,,,
powertraces-pt200array_pt217_r2_7536322_2-376a52a8ac,2026-05-07T20:26:36.01Z,34.072,3,77.59,345,0,0,,,,
powertraces-pt200array_pt217_r2_7536322_2-376a52a8ac,2026-05-07T20:26:36.11Z,34.172,0,77.04,345,0,0,,,,
powertraces-pt200array_pt217_r2_7536322_2-376a52a8ac,2026-05-07T20:26:36.11Z,34.172,1,77.2,345,0,0,,,,
powertraces-pt200array_pt217_r2_7536322_2-376a52a8ac,2026-05-07T20:26:36.11Z,34.172,2,78.09,345,0,0,,,,
powertraces-pt200array_pt217_r2_7536322_2-376a52a8ac,2026-05-07T20:26:36.11Z,34.172,3,77.6,345,0,0,,,,
powertraces-pt200array_pt217_r2_7536322_2-376a52a8ac,2026-05-07T20:26:36.21Z,34.272,0,77.02,345,0,0,,,,
powertraces-pt200array_pt217_r2_7536322_2-376a52a8ac,2026-05-07T20:26:36.21Z,34.272,1,77.18,345,0,0,,,,
powertraces-pt200array_pt217_r2_7536322_2-376a52a8ac,2026-05-07T20:26:36.21Z,34.272,2,78.1,345,0,0,,,,
powertraces-pt200array_pt217_r2_7536322_2-376a52a8ac,2026-05-07T20:26:36.211Z,34.273,3,77.6,345,0,0,,,,
powertraces-pt200array_pt217_r2_7536322_2-376a52a8ac,2026-05-07T20:26:36.311Z,34.373,0,77.01,345,0,0,,,,
powertraces-pt200array_pt217_r2_7536322_2-376a52a8ac,2026-05-07T20:26:36.311Z,34.373,1,77.16,345,0,0,,,,
powertraces-pt200array_pt217_r2_7536322_2-376a52a8ac,2026-05-07T20:26:36.311Z,34.373,2,78.08,345,0,0,,,,
powertraces-pt200array_pt217_r2_7536322_2-376a52a8ac,2026-05-07T20:26:36.311Z,34.373,3,77.58,345,0,0,,,,
powertraces-pt200array_pt217_r2_7536322_2-376a52a8ac,2026-05-07T20:26:36.411Z,34.473,0,77.0,345,0,0,,,,
powertraces-pt200array_pt217_r2_7536322_2-376a52a8ac,2026-05-07T20:26:36.411Z,34.473,1,77.16,345,0,0,,,,
powertraces-pt200array_pt217_r2_7536322_2-376a52a8ac,2026-05-07T20:26:36.411Z,34.473,2,78.08,345,0,0,,,,
powertraces-pt200array_pt217_r2_7536322_2-376a52a8ac,2026-05-07T20:26:36.411Z,34.473,3,77.55,345,0,0,,,,
powertraces-pt200array_pt217_r2_7536322_2-376a52a8ac,2026-05-07T20:26:36.511Z,34.573,0,77.02,345,0,0,,,,
powertraces-pt200array_pt217_r2_7536322_2-376a52a8ac,2026-05-07T20:26:36.511Z,34.573,1,77.14,345,0,0,,,,
powertraces-pt200array_pt217_r2_7536322_2-376a52a8ac,2026-05-07T20:26:36.511Z,34.573,2,78.08,345,0,0,,,,
powertraces-pt200array_pt217_r2_7536322_2-376a52a8ac,2026-05-07T20:26:36.511Z,34.573,3,77.52,345,0,0,,,,
powertraces-pt200array_pt217_r2_7536322_2-376a52a8ac,2026-05-07T20:26:36.611Z,34.673,0,77.01,345,0,0,,,,
powertraces-pt200array_pt217_r2_7536322_2-376a52a8ac,2026-05-07T20:26:36.611Z,34.673,1,77.17,345,0,0,,,,
powertraces-pt200array_pt217_r2_7536322_2-376a52a8ac,2026-05-07T20:26:36.611Z,34.673,2,78.09,345,0,0,,,,
powertraces-pt200array_pt217_r2_7536322_2-376a52a8ac,2026-05-07T20:26:36.611Z,34.673,3,77.54,345,0,0,,,,
powertraces-pt200array_pt217_r2_7536322_2-376a52a8ac,2026-05-07T20:26:36.711Z,34.773,0,77.02,345,0,0,,,,
powertraces-pt200array_pt217_r2_7536322_2-376a52a8ac,2026-05-07T20:26:36.711Z,34.773,1,77.16,345,0,0,,,,
powertraces-pt200array_pt217_r2_7536322_2-376a52a8ac,2026-05-07T20:26:36.711Z,34.773,2,78.11,345,0,0,,,,
powertraces-pt200array_pt217_r2_7536322_2-376a52a8ac,2026-05-07T20:26:36.711Z,34.773,3,77.54,345,0,0,,,,
powertraces-pt200array_pt217_r2_7536322_2-376a52a8ac,2026-05-07T20:26:36.811Z,34.873,0,76.99,345,0,0,,,,
powertraces-pt200array_pt217_r2_7536322_2-376a52a8ac,2026-05-07T20:26:36.812Z,34.874,1,77.18,345,0,0,,,,
powertraces-pt200array_pt217_r2_7536322_2-376a52a8ac,2026-05-07T20:26:36.812Z,34.874,2,78.11,345,0,0,,,,
powertraces-pt200array_pt217_r2_7536322_2-376a52a8ac,2026-05-07T20:26:36.812Z,34.874,3,77.55,345,0,0,,,,
powertraces-pt200array_pt217_r2_7536322_2-376a52a8ac,2026-05-07T20:26:36.912Z,34.974,0,76.99,345,0,0,,,,
powertraces-pt200array_pt217_r2_7536322_2-376a52a8ac,2026-05-07T20:26:36.912Z,34.974,1,77.17,345,0,0,,,,
powertraces-pt200array_pt217_r2_7536322_2-376a52a8ac,2026-05-07T20:26:36.912Z,34.974,2,78.11,345,0,0,,,,
powertraces-pt200array_pt217_r2_7536322_2-376a52a8ac,2026-05-07T20:26:36.912Z,34.974,3,77.52,345,0,0,,,,
powertraces-pt200array_pt217_r2_7536322_2-376a52a8ac,2026-05-07T20:26:37.012Z,35.074,0,77.0,345,0,0,,,,
powertraces-pt200array_pt217_r2_7536322_2-376a52a8ac,2026-05-07T20:26:37.012Z,35.074,1,77.16,345,0,0,,,,
powertraces-pt200array_pt217_r2_7536322_2-376a52a8ac,2026-05-07T20:26:37.012Z,35.074,2,78.09,345,0,0,,,,
powertraces-pt200array_pt217_r2_7536322_2-376a52a8ac,2026-05-07T20:26:37.012Z,35.074,3,77.54,345,0,0,,,,
powertraces-pt200array_pt217_r2_7536322_2-376a52a8ac,2026-05-07T20:26:37.112Z,35.174,0,76.99,345,0,0,,,,
powertraces-pt200array_pt217_r2_7536322_2-376a52a8ac,2026-05-07T20:26:37.112Z,35.174,1,77.16,345,0,0,,,,
powertraces-pt200array_pt217_r2_7536322_2-376a52a8ac,2026-05-07T20:26:37.112Z,35.174,2,78.09,345,0,0,,,,
powertraces-pt200array_pt217_r2_7536322_2-376a52a8ac,2026-05-07T20:26:37.112Z,35.174,3,77.52,345,0,0,,,,
powertraces-pt200array_pt217_r2_7536322_2-376a52a8ac,2026-05-07T20:26:37.212Z,35.274,0,77.03,345,0,0,,,,
powertraces-pt200array_pt217_r2_7536322_2-376a52a8ac,2026-05-07T20:26:37.212Z,35.274,1,77.17,345,0,0,,,,
powertraces-pt200array_pt217_r2_7536322_2-376a52a8ac,2026-05-07T20:26:37.212Z,35.274,2,78.08,345,0,0,,,,
powertraces-pt200array_pt217_r2_7536322_2-376a52a8ac,2026-05-07T20:26:37.212Z,35.274,3,77.51,345,0,0,,,,
powertraces-pt200array_pt217_r2_7536322_2-376a52a8ac,2026-05-07T20:26:37.312Z,35.374,0,77.04,345,0,0,,,,
powertraces-pt200array_pt217_r2_7536322_2-376a52a8ac,2026-05-07T20:26:37.312Z,35.374,1,77.18,345,0,0,,,,
powertraces-pt200array_pt217_r2_7536322_2-376a52a8ac,2026-05-07T20:26:37.312Z,35.374,2,78.08,345,0,0,,,,
powertraces-pt200array_pt217_r2_7536322_2-376a52a8ac,2026-05-07T20:26:37.312Z,35.374,3,77.51,345,0,0,,,,
powertraces-pt200array_pt217_r2_7536322_2-376a52a8ac,2026-05-07T20:26:37.412Z,35.474,0,77.03,345,0,0,,,,
powertraces-pt200array_pt217_r2_7536322_2-376a52a8ac,2026-05-07T20:26:37.412Z,35.474,1,77.18,345,0,0,,,,
powertraces-pt200array_pt217_r2_7536322_2-376a52a8ac,2026-05-07T20:26:37.412Z,35.474,2,78.08,345,0,0,,,,
powertraces-pt200array_pt217_r2_7536322_2-376a52a8ac,2026-05-07T20:26:37.412Z,35.474,3,77.53,345,0,0,,,,
powertraces-pt200array_pt217_r2_7536322_2-376a52a8ac,2026-05-07T20:26:37.512Z,35.574,0,77.03,345,0,0,,,,
powertraces-pt200array_pt217_r2_7536322_2-376a52a8ac,2026-05-07T20:26:37.513Z,35.575,1,77.19,345,0,0,,,,
powertraces-pt200array_pt217_r2_7536322_2-376a52a8ac,2026-05-07T20:26:37.513Z,35.575,2,78.07,345,0,0,,,,
powertraces-pt200array_pt217_r2_7536322_2-376a52a8ac,2026-05-07T20:26:37.513Z,35.575,3,77.54,345,0,0,,,,
powertraces-pt200array_pt217_r2_7536322_2-376a52a8ac,2026-05-07T20:26:37.613Z,35.675,0,77.08,345,0,0,,,,
powertraces-pt200array_pt217_r2_7536322_2-376a52a8ac,2026-05-07T20:26:37.613Z,35.675,1,77.17,345,0,0,,,,
powertraces-pt200array_pt217_r2_7536322_2-376a52a8ac,2026-05-07T20:26:37.613Z,35.675,2,78.06,345,0,0,,,,
powertraces-pt200array_pt217_r2_7536322_2-376a52a8ac,2026-05-07T20:26:37.613Z,35.675,3,77.55,345,0,0,,,,
powertraces-pt200array_pt217_r2_7536322_2-376a52a8ac,2026-05-07T20:26:37.713Z,35.775,0,77.1,345,0,0,,,,
powertraces-pt200array_pt217_r2_7536322_2-376a52a8ac,2026-05-07T20:26:37.713Z,35.775,1,77.16,345,0,0,,,,
powertraces-pt200array_pt217_r2_7536322_2-376a52a8ac,2026-05-07T20:26:37.713Z,35.775,2,78.06,345,0,0,,,,
powertraces-pt200array_pt217_r2_7536322_2-376a52a8ac,2026-05-07T20:26:37.713Z,35.775,3,77.54,345,0,0,,,,
powertraces-pt200array_pt217_r2_7536322_2-376a52a8ac,2026-05-07T20:26:37.813Z,35.875,0,77.1,345,0,0,,,,
powertraces-pt200array_pt217_r2_7536322_2-376a52a8ac,2026-05-07T20:26:37.813Z,35.875,1,77.16,345,0,0,,,,
powertraces-pt200array_pt217_r2_7536322_2-376a52a8ac,2026-05-07T20:26:37.813Z,35.875,2,78.06,345,0,0,,,,
powertraces-pt200array_pt217_r2_7536322_2-376a52a8ac,2026-05-07T20:26:37.813Z,35.875,3,77.55,345,0,0,,,,
powertraces-pt200array_pt217_r2_7536322_2-376a52a8ac,2026-05-07T20:26:37.913Z,35.975,0,77.09,345,0,0,,,,
powertraces-pt200array_pt217_r2_7536322_2-376a52a8ac,2026-05-07T20:26:37.913Z,35.975,1,77.14,345,0,0,,,,
powertraces-pt200array_pt217_r2_7536322_2-376a52a8ac,2026-05-07T20:26:37.913Z,35.975,2,78.05,345,0,0,,,,
powertraces-pt200array_pt217_r2_7536322_2-376a52a8ac,2026-05-07T20:26:37.913Z,35.975,3,77.57,345,0,0,,,,
powertraces-pt200array_pt217_r2_7536322_2-376a52a8ac,2026-05-07T20:26:38.013Z,36.075,0,77.1,345,0,0,,,,
powertraces-pt200array_pt217_r2_7536322_2-376a52a8ac,2026-05-07T20:26:38.013Z,36.075,1,77.16,345,0,0,,,,
powertraces-pt200array_pt217_r2_7536322_2-376a52a8ac,2026-05-07T20:26:38.013Z,36.075,2,78.04,345,0,0,,,,
powertraces-pt200array_pt217_r2_7536322_2-376a52a8ac,2026-05-07T20:26:38.013Z,36.075,3,77.54,345,0,0,,,,
powertraces-pt200array_pt217_r2_7536322_2-376a52a8ac,2026-05-07T20:26:38.113Z,36.175,0,77.09,345,0,0,,,,
powertraces-pt200array_pt217_r2_7536322_2-376a52a8ac,2026-05-07T20:26:38.113Z,36.175,1,77.15,345,0,0,,,,
powertraces-pt200array_pt217_r2_7536322_2-376a52a8ac,2026-05-07T20:26:38.113Z,36.175,2,78.04,345,0,0,,,,
powertraces-pt200array_pt217_r2_7536322_2-376a52a8ac,2026-05-07T20:26:38.113Z,36.175,3,77.57,345,0,0,,,,
powertraces-pt200array_pt217_r2_7536322_2-376a52a8ac,2026-05-07T20:26:38.214Z,36.276,0,77.08,345,0,0,,,,
powertraces-pt200array_pt217_r2_7536322_2-376a52a8ac,2026-05-07T20:26:38.214Z,36.276,1,77.16,345,0,0,,,,
powertraces-pt200array_pt217_r2_7536322_2-376a52a8ac,2026-05-07T20:26:38.214Z,36.276,2,78.06,345,0,0,,,,
powertraces-pt200array_pt217_r2_7536322_2-376a52a8ac,2026-05-07T20:26:38.214Z,36.276,3,77.54,345,0,0,,,,
powertraces-pt200array_pt217_r2_7536322_2-376a52a8ac,2026-05-07T20:26:38.314Z,36.376,0,77.09,345,0,0,,,,
powertraces-pt200array_pt217_r2_7536322_2-376a52a8ac,2026-05-07T20:26:38.314Z,36.376,1,77.18,345,0,0,,,,
powertraces-pt200array_pt217_r2_7536322_2-376a52a8ac,2026-05-07T20:26:38.314Z,36.376,2,78.08,345,0,0,,,,
powertraces-pt200array_pt217_r2_7536322_2-376a52a8ac,2026-05-07T20:26:38.314Z,36.376,3,77.57,345,0,0,,,,
powertraces-pt200array_pt217_r2_7536322_2-376a52a8ac,2026-05-07T20:26:38.414Z,36.476,0,77.08,345,0,0,,,,
powertraces-pt200array_pt217_r2_7536322_2-376a52a8ac,2026-05-07T20:26:38.414Z,36.476,1,77.18,345,0,0,,,,
powertraces-pt200array_pt217_r2_7536322_2-376a52a8ac,2026-05-07T20:26:38.414Z,36.476,2,78.07,345,0,0,,,,
powertraces-pt200array_pt217_r2_7536322_2-376a52a8ac,2026-05-07T20:26:38.414Z,36.476,3,77.58,345,0,0,,,,
powertraces-pt200array_pt217_r2_7536322_2-376a52a8ac,2026-05-07T20:26:38.514Z,36.576,0,77.08,345,0,0,,,,
powertraces-pt200array_pt217_r2_7536322_2-376a52a8ac,2026-05-07T20:26:38.514Z,36.576,1,77.17,345,0,0,,,,
powertraces-pt200array_pt217_r2_7536322_2-376a52a8ac,2026-05-07T20:26:38.514Z,36.576,2,78.1,345,0,0,,,,
powertraces-pt200array_pt217_r2_7536322_2-376a52a8ac,2026-05-07T20:26:38.514Z,36.576,3,77.57,345,0,0,,,,
powertraces-pt200array_pt217_r2_7536322_2-376a52a8ac,2026-05-07T20:26:38.614Z,36.676,0,77.08,345,0,0,,,,
powertraces-pt200array_pt217_r2_7536322_2-376a52a8ac,2026-05-07T20:26:38.614Z,36.676,1,77.18,345,0,0,,,,
powertraces-pt200array_pt217_r2_7536322_2-376a52a8ac,2026-05-07T20:26:38.614Z,36.676,2,78.11,345,0,0,,,,
powertraces-pt200array_pt217_r2_7536322_2-376a52a8ac,2026-05-07T20:26:38.614Z,36.676,3,77.57,345,0,0,,,,
powertraces-pt200array_pt217_r2_7536322_2-376a52a8ac,2026-05-07T20:26:38.714Z,36.776,0,77.07,345,0,0,,,,
powertraces-pt200array_pt217_r2_7536322_2-376a52a8ac,2026-05-07T20:26:38.714Z,36.776,1,77.18,345,0,0,,,,
powertraces-pt200array_pt217_r2_7536322_2-376a52a8ac,2026-05-07T20:26:38.714Z,36.776,2,78.09,345,0,0,,,,
powertraces-pt200array_pt217_r2_7536322_2-376a52a8ac,2026-05-07T20:26:38.714Z,36.776,3,77.58,345,0,0,,,,
powertraces-pt200array_pt217_r2_7536322_2-376a52a8ac,2026-05-07T20:26:38.815Z,36.877,0,77.06,345,0,0,,,,
powertraces-pt200array_pt217_r2_7536322_2-376a52a8ac,2026-05-07T20:26:38.815Z,36.877,1,77.18,345,0,0,,,,
powertraces-pt200array_pt217_r2_7536322_2-376a52a8ac,2026-05-07T20:26:38.815Z,36.877,2,78.1,345,0,0,,,,
powertraces-pt200array_pt217_r2_7536322_2-376a52a8ac,2026-05-07T20:26:38.815Z,36.877,3,77.58,345,0,0,,,,
powertraces-pt200array_pt217_r2_7536322_2-376a52a8ac,2026-05-07T20:26:38.915Z,36.977,0,77.05,345,0,0,,,,
powertraces-pt200array_pt217_r2_7536322_2-376a52a8ac,2026-05-07T20:26:38.915Z,36.977,1,77.16,345,0,0,,,,
powertraces-pt200array_pt217_r2_7536322_2-376a52a8ac,2026-05-07T20:26:38.915Z,36.977,2,78.11,345,0,0,,,,
powertraces-pt200array_pt217_r2_7536322_2-376a52a8ac,2026-05-07T20:26:38.915Z,36.977,3,77.58,345,0,0,,,,
powertraces-pt200array_pt217_r2_7536322_2-376a52a8ac,2026-05-07T20:26:39.015Z,37.077,0,77.03,345,0,0,,,,
powertraces-pt200array_pt217_r2_7536322_2-376a52a8ac,2026-05-07T20:26:39.015Z,37.077,1,77.18,345,0,0,,,,
powertraces-pt200array_pt217_r2_7536322_2-376a52a8ac,2026-05-07T20:26:39.015Z,37.077,2,78.13,345,0,0,,,,
powertraces-pt200array_pt217_r2_7536322_2-376a52a8ac,2026-05-07T20:26:39.015Z,37.077,3,77.56,345,0,0,,,,
powertraces-pt200array_pt217_r2_7536322_2-376a52a8ac,2026-05-07T20:26:39.115Z,37.177,0,77.04,345,0,0,,,,
powertraces-pt200array_pt217_r2_7536322_2-376a52a8ac,2026-05-07T20:26:39.115Z,37.177,1,77.18,345,0,0,,,,
powertraces-pt200array_pt217_r2_7536322_2-376a52a8ac,2026-05-07T20:26:39.115Z,37.177,2,78.11,345,0,0,,,,
powertraces-pt200array_pt217_r2_7536322_2-376a52a8ac,2026-05-07T20:26:39.115Z,37.177,3,77.58,345,0,0,,,,
powertraces-pt200array_pt217_r2_7536322_2-376a52a8ac,2026-05-07T20:26:39.215Z,37.277,0,77.03,345,0,0,,,,
powertraces-pt200array_pt217_r2_7536322_2-376a52a8ac,2026-05-07T20:26:39.215Z,37.277,1,77.17,345,0,0,,,,
powertraces-pt200array_pt217_r2_7536322_2-376a52a8ac,2026-05-07T20:26:39.215Z,37.277,2,78.1,345,0,0,,,,
powertraces-pt200array_pt217_r2_7536322_2-376a52a8ac,2026-05-07T20:26:39.215Z,37.277,3,77.58,345,0,0,,,,
powertraces-pt200array_pt217_r2_7536322_2-376a52a8ac,2026-05-07T20:26:39.315Z,37.377,0,76.99,345,0,0,,,,
powertraces-pt200array_pt217_r2_7536322_2-376a52a8ac,2026-05-07T20:26:39.315Z,37.377,1,77.16,345,0,0,,,,
powertraces-pt200array_pt217_r2_7536322_2-376a52a8ac,2026-05-07T20:26:39.315Z,37.377,2,78.1,345,0,0,,,,
powertraces-pt200array_pt217_r2_7536322_2-376a52a8ac,2026-05-07T20:26:39.315Z,37.377,3,77.58,345,0,0,,,,
powertraces-pt200array_pt217_r2_7536322_2-376a52a8ac,2026-05-07T20:26:39.416Z,37.478,0,77.01,345,0,0,,,,
powertraces-pt200array_pt217_r2_7536322_2-376a52a8ac,2026-05-07T20:26:39.416Z,37.478,1,77.15,345,0,0,,,,
powertraces-pt200array_pt217_r2_7536322_2-376a52a8ac,2026-05-07T20:26:39.416Z,37.478,2,78.11,345,0,0,,,,
powertraces-pt200array_pt217_r2_7536322_2-376a52a8ac,2026-05-07T20:26:39.416Z,37.478,3,77.6,345,0,0,,,,
powertraces-pt200array_pt217_r2_7536322_2-376a52a8ac,2026-05-07T20:26:39.516Z,37.578,0,77.01,345,0,0,,,,
powertraces-pt200array_pt217_r2_7536322_2-376a52a8ac,2026-05-07T20:26:39.516Z,37.578,1,77.15,345,0,0,,,,
powertraces-pt200array_pt217_r2_7536322_2-376a52a8ac,2026-05-07T20:26:39.516Z,37.578,2,78.09,345,0,0,,,,
powertraces-pt200array_pt217_r2_7536322_2-376a52a8ac,2026-05-07T20:26:39.516Z,37.578,3,77.59,345,0,0,,,,
powertraces-pt200array_pt217_r2_7536322_2-376a52a8ac,2026-05-07T20:26:39.616Z,37.678,0,76.97,345,0,0,,,,
powertraces-pt200array_pt217_r2_7536322_2-376a52a8ac,2026-05-07T20:26:39.616Z,37.678,1,77.15,345,0,0,,,,
powertraces-pt200array_pt217_r2_7536322_2-376a52a8ac,2026-05-07T20:26:39.616Z,37.678,2,78.08,345,0,0,,,,
powertraces-pt200array_pt217_r2_7536322_2-376a52a8ac,2026-05-07T20:26:39.616Z,37.678,3,77.58,345,0,0,,,,
powertraces-pt200array_pt217_r2_7536322_2-376a52a8ac,2026-05-07T20:26:39.716Z,37.778,0,76.98,345,0,0,,,,
powertraces-pt200array_pt217_r2_7536322_2-376a52a8ac,2026-05-07T20:26:39.716Z,37.778,1,77.15,345,0,0,,,,
powertraces-pt200array_pt217_r2_7536322_2-376a52a8ac,2026-05-07T20:26:39.716Z,37.778,2,78.07,345,0,0,,,,
powertraces-pt200array_pt217_r2_7536322_2-376a52a8ac,2026-05-07T20:26:39.716Z,37.778,3,77.58,345,0,0,,,,
powertraces-pt200array_pt217_r2_7536322_2-376a52a8ac,2026-05-07T20:26:39.816Z,37.878,0,77.01,345,0,0,,,,
powertraces-pt200array_pt217_r2_7536322_2-376a52a8ac,2026-05-07T20:26:39.816Z,37.878,1,77.15,345,0,0,,,,
powertraces-pt200array_pt217_r2_7536322_2-376a52a8ac,2026-05-07T20:26:39.816Z,37.878,2,78.06,345,0,0,,,,
powertraces-pt200array_pt217_r2_7536322_2-376a52a8ac,2026-05-07T20:26:39.816Z,37.878,3,77.59,345,0,0,,,,
powertraces-pt200array_pt217_r2_7536322_2-376a52a8ac,2026-05-07T20:26:39.916Z,37.978,0,77.02,345,0,0,,,,
powertraces-pt200array_pt217_r2_7536322_2-376a52a8ac,2026-05-07T20:26:39.916Z,37.978,1,77.16,345,0,0,,,,
powertraces-pt200array_pt217_r2_7536322_2-376a52a8ac,2026-05-07T20:26:39.916Z,37.978,2,78.05,345,0,0,,,,
powertraces-pt200array_pt217_r2_7536322_2-376a52a8ac,2026-05-07T20:26:39.916Z,37.978,3,77.6,345,0,0,,,,
powertraces-pt200array_pt217_r2_7536322_2-376a52a8ac,2026-05-07T20:26:40.016Z,38.078,0,77.01,345,0,0,,,,
powertraces-pt200array_pt217_r2_7536322_2-376a52a8ac,2026-05-07T20:26:40.017Z,38.079,1,77.16,345,0,0,,,,
powertraces-pt200array_pt217_r2_7536322_2-376a52a8ac,2026-05-07T20:26:40.017Z,38.079,2,78.05,345,0,0,,,,
powertraces-pt200array_pt217_r2_7536322_2-376a52a8ac,2026-05-07T20:26:40.017Z,38.079,3,77.59,345,0,0,,,,
powertraces-pt200array_pt217_r2_7536322_2-376a52a8ac,2026-05-07T20:26:40.117Z,38.179,0,77.01,345,0,0,,,,
powertraces-pt200array_pt217_r2_7536322_2-376a52a8ac,2026-05-07T20:26:40.117Z,38.179,1,77.15,345,0,0,,,,
powertraces-pt200array_pt217_r2_7536322_2-376a52a8ac,2026-05-07T20:26:40.117Z,38.179,2,78.05,345,0,0,,,,
powertraces-pt200array_pt217_r2_7536322_2-376a52a8ac,2026-05-07T20:26:40.117Z,38.179,3,77.6,345,0,0,,,,
powertraces-pt200array_pt217_r2_7536322_2-376a52a8ac,2026-05-07T20:26:40.217Z,38.279,0,77.02,345,0,0,,,,
powertraces-pt200array_pt217_r2_7536322_2-376a52a8ac,2026-05-07T20:26:40.217Z,38.279,1,77.16,345,0,0,,,,
powertraces-pt200array_pt217_r2_7536322_2-376a52a8ac,2026-05-07T20:26:40.217Z,38.279,2,78.06,345,0,0,,,,
powertraces-pt200array_pt217_r2_7536322_2-376a52a8ac,2026-05-07T20:26:40.217Z,38.279,3,77.61,345,0,0,,,,
powertraces-pt200array_pt217_r2_7536322_2-376a52a8ac,2026-05-07T20:26:40.317Z,38.379,0,77.02,345,0,0,,,,
powertraces-pt200array_pt217_r2_7536322_2-376a52a8ac,2026-05-07T20:26:40.317Z,38.379,1,77.17,345,0,0,,,,
powertraces-pt200array_pt217_r2_7536322_2-376a52a8ac,2026-05-07T20:26:40.317Z,38.379,2,78.06,345,0,0,,,,
powertraces-pt200array_pt217_r2_7536322_2-376a52a8ac,2026-05-07T20:26:40.317Z,38.379,3,77.61,345,0,0,,,,
powertraces-pt200array_pt217_r2_7536322_2-376a52a8ac,2026-05-07T20:26:40.417Z,38.479,0,77.01,345,0,0,,,,
powertraces-pt200array_pt217_r2_7536322_2-376a52a8ac,2026-05-07T20:26:40.417Z,38.479,1,77.17,345,0,0,,,,
powertraces-pt200array_pt217_r2_7536322_2-376a52a8ac,2026-05-07T20:26:40.417Z,38.479,2,78.06,345,0,0,,,,
powertraces-pt200array_pt217_r2_7536322_2-376a52a8ac,2026-05-07T20:26:40.417Z,38.479,3,77.61,345,0,0,,,,
powertraces-pt200array_pt217_r2_7536322_2-376a52a8ac,2026-05-07T20:26:40.517Z,38.579,0,77.03,345,0,0,,,,
powertraces-pt200array_pt217_r2_7536322_2-376a52a8ac,2026-05-07T20:26:40.517Z,38.579,1,77.16,345,0,0,,,,
powertraces-pt200array_pt217_r2_7536322_2-376a52a8ac,2026-05-07T20:26:40.517Z,38.579,2,78.07,345,0,0,,,,
powertraces-pt200array_pt217_r2_7536322_2-376a52a8ac,2026-05-07T20:26:40.517Z,38.579,3,77.61,345,0,0,,,,
powertraces-pt200array_pt217_r2_7536322_2-376a52a8ac,2026-05-07T20:26:40.617Z,38.679,0,77.03,345,0,0,,,,
powertraces-pt200array_pt217_r2_7536322_2-376a52a8ac,2026-05-07T20:26:40.617Z,38.679,1,77.17,345,0,0,,,,
powertraces-pt200array_pt217_r2_7536322_2-376a52a8ac,2026-05-07T20:26:40.617Z,38.679,2,78.07,345,0,0,,,,
powertraces-pt200array_pt217_r2_7536322_2-376a52a8ac,2026-05-07T20:26:40.617Z,38.679,3,77.61,345,0,0,,,,
powertraces-pt200array_pt217_r2_7536322_2-376a52a8ac,2026-05-07T20:26:40.718Z,38.78,0,77.01,345,0,0,,,,
powertraces-pt200array_pt217_r2_7536322_2-376a52a8ac,2026-05-07T20:26:40.718Z,38.78,1,77.17,345,0,0,,,,
powertraces-pt200array_pt217_r2_7536322_2-376a52a8ac,2026-05-07T20:26:40.718Z,38.78,2,78.09,345,0,0,,,,
powertraces-pt200array_pt217_r2_7536322_2-376a52a8ac,2026-05-07T20:26:40.718Z,38.78,3,77.61,345,0,0,,,,
powertraces-pt200array_pt217_r2_7536322_2-376a52a8ac,2026-05-07T20:26:40.818Z,38.88,0,77.0,345,0,0,,,,
powertraces-pt200array_pt217_r2_7536322_2-376a52a8ac,2026-05-07T20:26:40.818Z,38.88,1,77.17,345,0,0,,,,
powertraces-pt200array_pt217_r2_7536322_2-376a52a8ac,2026-05-07T20:26:40.818Z,38.88,2,78.09,345,0,0,,,,
powertraces-pt200array_pt217_r2_7536322_2-376a52a8ac,2026-05-07T20:26:40.818Z,38.88,3,77.59,345,0,0,,,,
powertraces-pt200array_pt217_r2_7536322_2-376a52a8ac,2026-05-07T20:26:40.918Z,38.98,0,77.03,345,0,0,,,,
powertraces-pt200array_pt217_r2_7536322_2-376a52a8ac,2026-05-07T20:26:40.918Z,38.98,1,77.17,345,0,0,,,,
powertraces-pt200array_pt217_r2_7536322_2-376a52a8ac,2026-05-07T20:26:40.918Z,38.98,2,78.09,345,0,0,,,,
powertraces-pt200array_pt217_r2_7536322_2-376a52a8ac,2026-05-07T20:26:40.918Z,38.98,3,77.6,345,0,0,,,,
powertraces-pt200array_pt217_r2_7536322_2-376a52a8ac,2026-05-07T20:26:41.018Z,39.08,0,77.04,345,0,0,,,,
powertraces-pt200array_pt217_r2_7536322_2-376a52a8ac,2026-05-07T20:26:41.018Z,39.08,1,77.16,345,0,0,,,,
powertraces-pt200array_pt217_r2_7536322_2-376a52a8ac,2026-05-07T20:26:41.018Z,39.08,2,78.09,345,0,0,,,,
powertraces-pt200array_pt217_r2_7536322_2-376a52a8ac,2026-05-07T20:26:41.018Z,39.08,3,77.6,345,0,0,,,,
powertraces-pt200array_pt217_r2_7536322_2-376a52a8ac,2026-05-07T20:26:41.118Z,39.18,0,77.02,345,0,0,,,,
powertraces-pt200array_pt217_r2_7536322_2-376a52a8ac,2026-05-07T20:26:41.118Z,39.18,1,77.17,345,0,0,,,,
powertraces-pt200array_pt217_r2_7536322_2-376a52a8ac,2026-05-07T20:26:41.118Z,39.18,2,78.09,345,0,0,,,,
powertraces-pt200array_pt217_r2_7536322_2-376a52a8ac,2026-05-07T20:26:41.118Z,39.18,3,77.61,345,0,0,,,,
powertraces-pt200array_pt217_r2_7536322_2-376a52a8ac,2026-05-07T20:26:41.218Z,39.28,0,77.03,345,0,0,,,,
powertraces-pt200array_pt217_r2_7536322_2-376a52a8ac,2026-05-07T20:26:41.218Z,39.28,1,77.17,345,0,0,,,,
powertraces-pt200array_pt217_r2_7536322_2-376a52a8ac,2026-05-07T20:26:41.218Z,39.28,2,78.08,345,0,0,,,,
powertraces-pt200array_pt217_r2_7536322_2-376a52a8ac,2026-05-07T20:26:41.218Z,39.28,3,77.6,345,0,0,,,,
powertraces-pt200array_pt217_r2_7536322_2-376a52a8ac,2026-05-07T20:26:41.319Z,39.381,0,77.04,345,0,0,,,,
powertraces-pt200array_pt217_r2_7536322_2-376a52a8ac,2026-05-07T20:26:41.319Z,39.381,1,77.16,345,0,0,,,,
powertraces-pt200array_pt217_r2_7536322_2-376a52a8ac,2026-05-07T20:26:41.319Z,39.381,2,78.08,345,0,0,,,,
powertraces-pt200array_pt217_r2_7536322_2-376a52a8ac,2026-05-07T20:26:41.319Z,39.381,3,77.6,345,0,0,,,,
powertraces-pt200array_pt217_r2_7536322_2-376a52a8ac,2026-05-07T20:26:41.419Z,39.481,0,77.03,345,0,0,,,,
powertraces-pt200array_pt217_r2_7536322_2-376a52a8ac,2026-05-07T20:26:41.419Z,39.481,1,77.17,345,0,0,,,,
powertraces-pt200array_pt217_r2_7536322_2-376a52a8ac,2026-05-07T20:26:41.419Z,39.481,2,78.08,345,0,0,,,,
powertraces-pt200array_pt217_r2_7536322_2-376a52a8ac,2026-05-07T20:26:41.419Z,39.481,3,77.59,345,0,0,,,,
powertraces-pt200array_pt217_r2_7536322_2-376a52a8ac,2026-05-07T20:26:41.519Z,39.581,0,77.02,345,0,0,,,,
powertraces-pt200array_pt217_r2_7536322_2-376a52a8ac,2026-05-07T20:26:41.519Z,39.581,1,77.17,345,0,0,,,,
powertraces-pt200array_pt217_r2_7536322_2-376a52a8ac,2026-05-07T20:26:41.519Z,39.581,2,78.08,345,0,0,,,,
powertraces-pt200array_pt217_r2_7536322_2-376a52a8ac,2026-05-07T20:26:41.519Z,39.581,3,77.59,345,0,0,,,,
powertraces-pt200array_pt217_r2_7536322_2-376a52a8ac,2026-05-07T20:26:41.619Z,39.681,0,77.02,345,0,0,,,,
powertraces-pt200array_pt217_r2_7536322_2-376a52a8ac,2026-05-07T20:26:41.619Z,39.681,1,77.17,345,0,0,,,,
powertraces-pt200array_pt217_r2_7536322_2-376a52a8ac,2026-05-07T20:26:41.619Z,39.681,2,78.08,345,0,0,,,,
powertraces-pt200array_pt217_r2_7536322_2-376a52a8ac,2026-05-07T20:26:41.619Z,39.681,3,77.58,345,0,0,,,,
powertraces-pt200array_pt217_r2_7536322_2-376a52a8ac,2026-05-07T20:26:41.719Z,39.781,0,77.03,345,0,0,,,,
powertraces-pt200array_pt217_r2_7536322_2-376a52a8ac,2026-05-07T20:26:41.719Z,39.781,1,77.18,345,0,0,,,,
powertraces-pt200array_pt217_r2_7536322_2-376a52a8ac,2026-05-07T20:26:41.719Z,39.781,2,78.09,345,0,0,,,,
powertraces-pt200array_pt217_r2_7536322_2-376a52a8ac,2026-05-07T20:26:41.719Z,39.781,3,77.6,345,0,0,,,,
powertraces-pt200array_pt217_r2_7536322_2-376a52a8ac,2026-05-07T20:26:41.819Z,39.881,0,77.02,345,0,0,,,,
powertraces-pt200array_pt217_r2_7536322_2-376a52a8ac,2026-05-07T20:26:41.819Z,39.881,1,77.17,345,0,0,,,,
powertraces-pt200array_pt217_r2_7536322_2-376a52a8ac,2026-05-07T20:26:41.819Z,39.881,2,78.1,345,0,0,,,,
powertraces-pt200array_pt217_r2_7536322_2-376a52a8ac,2026-05-07T20:26:41.819Z,39.881,3,77.6,345,0,0,,,,
powertraces-pt200array_pt217_r2_7536322_2-376a52a8ac,2026-05-07T20:26:41.92Z,39.982,0,76.99,345,0,0,,,,
powertraces-pt200array_pt217_r2_7536322_2-376a52a8ac,2026-05-07T20:26:41.92Z,39.982,1,77.17,345,0,0,,,,
powertraces-pt200array_pt217_r2_7536322_2-376a52a8ac,2026-05-07T20:26:41.92Z,39.982,2,78.1,345,0,0,,,,
powertraces-pt200array_pt217_r2_7536322_2-376a52a8ac,2026-05-07T20:26:41.92Z,39.982,3,77.6,345,0,0,,,,
powertraces-pt200array_pt217_r2_7536322_2-376a52a8ac,2026-05-07T20:26:42.02Z,40.082,0,77.0,345,0,0,,,,
powertraces-pt200array_pt217_r2_7536322_2-376a52a8ac,2026-05-07T20:26:42.02Z,40.082,1,77.17,345,0,0,,,,
powertraces-pt200array_pt217_r2_7536322_2-376a52a8ac,2026-05-07T20:26:42.02Z,40.082,2,78.1,345,0,0,,,,
powertraces-pt200array_pt217_r2_7536322_2-376a52a8ac,2026-05-07T20:26:42.02Z,40.082,3,77.61,345,0,0,,,,
powertraces-pt200array_pt217_r2_7536322_2-376a52a8ac,2026-05-07T20:26:42.12Z,40.182,0,76.99,345,0,0,,,,
powertraces-pt200array_pt217_r2_7536322_2-376a52a8ac,2026-05-07T20:26:42.12Z,40.182,1,77.17,345,0,0,,,,
powertraces-pt200array_pt217_r2_7536322_2-376a52a8ac,2026-05-07T20:26:42.12Z,40.182,2,78.1,345,0,0,,,,
powertraces-pt200array_pt217_r2_7536322_2-376a52a8ac,2026-05-07T20:26:42.12Z,40.182,3,77.6,345,0,0,,,,
powertraces-pt200array_pt217_r2_7536322_2-376a52a8ac,2026-05-07T20:26:42.22Z,40.282,0,76.99,345,0,0,,,,
powertraces-pt200array_pt217_r2_7536322_2-376a52a8ac,2026-05-07T20:26:42.22Z,40.282,1,77.17,345,0,0,,,,
powertraces-pt200array_pt217_r2_7536322_2-376a52a8ac,2026-05-07T20:26:42.22Z,40.282,2,78.1,345,0,0,,,,
powertraces-pt200array_pt217_r2_7536322_2-376a52a8ac,2026-05-07T20:26:42.22Z,40.282,3,77.6,345,0,0,,,,
powertraces-pt200array_pt217_r2_7536322_2-376a52a8ac,2026-05-07T20:26:42.32Z,40.382,0,76.97,345,0,0,,,,
powertraces-pt200array_pt217_r2_7536322_2-376a52a8ac,2026-05-07T20:26:42.32Z,40.382,1,77.17,345,0,0,,,,
powertraces-pt200array_pt217_r2_7536322_2-376a52a8ac,2026-05-07T20:26:42.32Z,40.382,2,78.12,345,0,0,,,,
powertraces-pt200array_pt217_r2_7536322_2-376a52a8ac,2026-05-07T20:26:42.32Z,40.382,3,77.59,345,0,0,,,,
powertraces-pt200array_pt217_r2_7536322_2-376a52a8ac,2026-05-07T20:26:42.42Z,40.482,0,77.0,345,0,0,,,,
powertraces-pt200array_pt217_r2_7536322_2-376a52a8ac,2026-05-07T20:26:42.42Z,40.482,1,77.18,345,0,0,,,,
powertraces-pt200array_pt217_r2_7536322_2-376a52a8ac,2026-05-07T20:26:42.42Z,40.482,2,78.1,345,0,0,,,,
powertraces-pt200array_pt217_r2_7536322_2-376a52a8ac,2026-05-07T20:26:42.42Z,40.482,3,77.61,345,0,0,,,,
powertraces-pt200array_pt217_r2_7536322_2-376a52a8ac,2026-05-07T20:26:42.521Z,40.583,0,76.99,345,0,0,,,,
powertraces-pt200array_pt217_r2_7536322_2-376a52a8ac,2026-05-07T20:26:42.521Z,40.583,1,77.15,345,0,0,,,,
powertraces-pt200array_pt217_r2_7536322_2-376a52a8ac,2026-05-07T20:26:42.521Z,40.583,2,78.11,345,0,0,,,,
powertraces-pt200array_pt217_r2_7536322_2-376a52a8ac,2026-05-07T20:26:42.521Z,40.583,3,77.61,345,0,0,,,,
powertraces-pt200array_pt217_r2_7536322_2-376a52a8ac,2026-05-07T20:26:42.621Z,40.683,0,76.98,345,0,0,,,,
powertraces-pt200array_pt217_r2_7536322_2-376a52a8ac,2026-05-07T20:26:42.621Z,40.683,1,77.15,345,0,0,,,,
powertraces-pt200array_pt217_r2_7536322_2-376a52a8ac,2026-05-07T20:26:42.621Z,40.683,2,78.1,345,0,0,,,,
powertraces-pt200array_pt217_r2_7536322_2-376a52a8ac,2026-05-07T20:26:42.621Z,40.683,3,77.62,345,0,0,,,,
powertraces-pt200array_pt217_r2_7536322_2-376a52a8ac,2026-05-07T20:26:42.721Z,40.783,0,76.99,345,0,0,,,,
powertraces-pt200array_pt217_r2_7536322_2-376a52a8ac,2026-05-07T20:26:42.721Z,40.783,1,77.14,345,0,0,,,,
powertraces-pt200array_pt217_r2_7536322_2-376a52a8ac,2026-05-07T20:26:42.721Z,40.783,2,78.1,345,0,0,,,,
powertraces-pt200array_pt217_r2_7536322_2-376a52a8ac,2026-05-07T20:26:42.721Z,40.783,3,77.6,345,0,0,,,,
powertraces-pt200array_pt217_r2_7536322_2-376a52a8ac,2026-05-07T20:26:42.821Z,40.883,0,77.01,345,0,0,,,,
powertraces-pt200array_pt217_r2_7536322_2-376a52a8ac,2026-05-07T20:26:42.821Z,40.883,1,77.12,345,0,0,,,,
powertraces-pt200array_pt217_r2_7536322_2-376a52a8ac,2026-05-07T20:26:42.821Z,40.883,2,78.1,345,0,0,,,,
powertraces-pt200array_pt217_r2_7536322_2-376a52a8ac,2026-05-07T20:26:42.821Z,40.883,3,77.6,345,0,0,,,,
powertraces-pt200array_pt217_r2_7536322_2-376a52a8ac,2026-05-07T20:26:42.921Z,40.983,0,77.02,345,0,0,,,,
powertraces-pt200array_pt217_r2_7536322_2-376a52a8ac,2026-05-07T20:26:42.921Z,40.983,1,77.13,345,0,0,,,,
powertraces-pt200array_pt217_r2_7536322_2-376a52a8ac,2026-05-07T20:26:42.921Z,40.983,2,78.1,345,0,0,,,,
powertraces-pt200array_pt217_r2_7536322_2-376a52a8ac,2026-05-07T20:26:42.921Z,40.983,3,77.6,345,0,0,,,,
powertraces-pt200array_pt217_r2_7536322_2-376a52a8ac,2026-05-07T20:26:43.022Z,41.084,0,77.02,345,0,0,,,,
powertraces-pt200array_pt217_r2_7536322_2-376a52a8ac,2026-05-07T20:26:43.022Z,41.084,1,77.12,345,0,0,,,,
powertraces-pt200array_pt217_r2_7536322_2-376a52a8ac,2026-05-07T20:26:43.022Z,41.084,2,78.1,345,0,0,,,,
powertraces-pt200array_pt217_r2_7536322_2-376a52a8ac,2026-05-07T20:26:43.022Z,41.084,3,77.57,345,0,0,,,,
powertraces-pt200array_pt217_r2_7536322_2-376a52a8ac,2026-05-07T20:26:43.122Z,41.184,0,77.04,345,0,0,,,,
powertraces-pt200array_pt217_r2_7536322_2-376a52a8ac,2026-05-07T20:26:43.122Z,41.184,1,77.13,345,0,0,,,,
powertraces-pt200array_pt217_r2_7536322_2-376a52a8ac,2026-05-07T20:26:43.122Z,41.184,2,78.09,345,0,0,,,,
powertraces-pt200array_pt217_r2_7536322_2-376a52a8ac,2026-05-07T20:26:43.122Z,41.184,3,77.59,345,0,0,,,,
powertraces-pt200array_pt217_r2_7536322_2-376a52a8ac,2026-05-07T20:26:43.222Z,41.284,0,77.05,345,0,0,,,,
powertraces-pt200array_pt217_r2_7536322_2-376a52a8ac,2026-05-07T20:26:43.222Z,41.284,1,77.12,345,0,0,,,,
powertraces-pt200array_pt217_r2_7536322_2-376a52a8ac,2026-05-07T20:26:43.222Z,41.284,2,78.09,345,0,0,,,,
powertraces-pt200array_pt217_r2_7536322_2-376a52a8ac,2026-05-07T20:26:43.222Z,41.284,3,77.57,345,0,0,,,,
powertraces-pt200array_pt217_r2_7536322_2-376a52a8ac,2026-05-07T20:26:43.322Z,41.384,0,77.04,345,0,0,,,,
powertraces-pt200array_pt217_r2_7536322_2-376a52a8ac,2026-05-07T20:26:43.322Z,41.384,1,77.13,345,0,0,,,,
powertraces-pt200array_pt217_r2_7536322_2-376a52a8ac,2026-05-07T20:26:43.322Z,41.384,2,78.08,345,0,0,,,,
powertraces-pt200array_pt217_r2_7536322_2-376a52a8ac,2026-05-07T20:26:43.322Z,41.384,3,77.59,345,0,0,,,,
powertraces-pt200array_pt217_r2_7536322_2-376a52a8ac,2026-05-07T20:26:43.422Z,41.484,0,77.02,345,0,0,,,,
powertraces-pt200array_pt217_r2_7536322_2-376a52a8ac,2026-05-07T20:26:43.422Z,41.484,1,77.13,345,0,0,,,,
powertraces-pt200array_pt217_r2_7536322_2-376a52a8ac,2026-05-07T20:26:43.422Z,41.484,2,78.08,345,0,0,,,,
powertraces-pt200array_pt217_r2_7536322_2-376a52a8ac,2026-05-07T20:26:43.422Z,41.484,3,77.6,345,0,0,,,,
powertraces-pt200array_pt217_r2_7536322_2-376a52a8ac,2026-05-07T20:26:43.522Z,41.584,0,77.03,345,0,0,,,,
powertraces-pt200array_pt217_r2_7536322_2-376a52a8ac,2026-05-07T20:26:43.522Z,41.584,1,77.15,345,0,0,,,,
powertraces-pt200array_pt217_r2_7536322_2-376a52a8ac,2026-05-07T20:26:43.522Z,41.584,2,78.07,345,0,0,,,,
powertraces-pt200array_pt217_r2_7536322_2-376a52a8ac,2026-05-07T20:26:43.522Z,41.584,3,77.59,345,0,0,,,,
powertraces-pt200array_pt217_r2_7536322_2-376a52a8ac,2026-05-07T20:26:43.622Z,41.684,0,77.04,345,0,0,,,,
powertraces-pt200array_pt217_r2_7536322_2-376a52a8ac,2026-05-07T20:26:43.623Z,41.685,1,77.15,345,0,0,,,,
powertraces-pt200array_pt217_r2_7536322_2-376a52a8ac,2026-05-07T20:26:43.623Z,41.685,2,78.07,345,0,0,,,,
powertraces-pt200array_pt217_r2_7536322_2-376a52a8ac,2026-05-07T20:26:43.623Z,41.685,3,77.58,345,0,0,,,,
powertraces-pt200array_pt217_r2_7536322_2-376a52a8ac,2026-05-07T20:26:43.723Z,41.785,0,77.03,345,0,0,,,,
powertraces-pt200array_pt217_r2_7536322_2-376a52a8ac,2026-05-07T20:26:43.723Z,41.785,1,77.16,345,0,0,,,,
powertraces-pt200array_pt217_r2_7536322_2-376a52a8ac,2026-05-07T20:26:43.723Z,41.785,2,78.08,345,0,0,,,,
powertraces-pt200array_pt217_r2_7536322_2-376a52a8ac,2026-05-07T20:26:43.723Z,41.785,3,77.58,345,0,0,,,,
powertraces-pt200array_pt217_r2_7536322_2-376a52a8ac,2026-05-07T20:26:43.823Z,41.885,0,77.03,345,0,0,,,,
powertraces-pt200array_pt217_r2_7536322_2-376a52a8ac,2026-05-07T20:26:43.823Z,41.885,1,77.16,345,0,0,,,,
powertraces-pt200array_pt217_r2_7536322_2-376a52a8ac,2026-05-07T20:26:43.823Z,41.885,2,78.08,345,0,0,,,,
powertraces-pt200array_pt217_r2_7536322_2-376a52a8ac,2026-05-07T20:26:43.823Z,41.885,3,77.57,345,0,0,,,,
powertraces-pt200array_pt217_r2_7536322_2-376a52a8ac,2026-05-07T20:26:43.923Z,41.985,0,77.02,345,0,0,,,,
powertraces-pt200array_pt217_r2_7536322_2-376a52a8ac,2026-05-07T20:26:43.923Z,41.985,1,77.17,345,0,0,,,,
powertraces-pt200array_pt217_r2_7536322_2-376a52a8ac,2026-05-07T20:26:43.923Z,41.985,2,78.09,345,0,0,,,,
powertraces-pt200array_pt217_r2_7536322_2-376a52a8ac,2026-05-07T20:26:43.923Z,41.985,3,77.56,345,0,0,,,,
powertraces-pt200array_pt217_r2_7536322_2-376a52a8ac,2026-05-07T20:26:44.023Z,42.085,0,77.02,345,0,0,,,,
powertraces-pt200array_pt217_r2_7536322_2-376a52a8ac,2026-05-07T20:26:44.023Z,42.085,1,77.17,345,0,0,,,,
powertraces-pt200array_pt217_r2_7536322_2-376a52a8ac,2026-05-07T20:26:44.023Z,42.085,2,78.1,345,0,0,,,,
powertraces-pt200array_pt217_r2_7536322_2-376a52a8ac,2026-05-07T20:26:44.023Z,42.085,3,77.57,345,0,0,,,,
powertraces-pt200array_pt217_r2_7536322_2-376a52a8ac,2026-05-07T20:26:44.123Z,42.185,0,77.0,345,0,0,,,,
powertraces-pt200array_pt217_r2_7536322_2-376a52a8ac,2026-05-07T20:26:44.123Z,42.185,1,77.17,345,0,0,,,,
powertraces-pt200array_pt217_r2_7536322_2-376a52a8ac,2026-05-07T20:26:44.123Z,42.185,2,78.08,345,0,0,,,,
powertraces-pt200array_pt217_r2_7536322_2-376a52a8ac,2026-05-07T20:26:44.123Z,42.185,3,77.57,345,0,0,,,,
powertraces-pt200array_pt217_r2_7536322_2-376a52a8ac,2026-05-07T20:26:44.223Z,42.285,0,77.01,345,0,0,,,,
powertraces-pt200array_pt217_r2_7536322_2-376a52a8ac,2026-05-07T20:26:44.223Z,42.285,1,77.18,345,0,0,,,,
powertraces-pt200array_pt217_r2_7536322_2-376a52a8ac,2026-05-07T20:26:44.223Z,42.285,2,78.09,345,0,0,,,,
powertraces-pt200array_pt217_r2_7536322_2-376a52a8ac,2026-05-07T20:26:44.223Z,42.285,3,77.61,345,0,0,,,,
powertraces-pt200array_pt217_r2_7536322_2-376a52a8ac,2026-05-07T20:26:44.324Z,42.386,0,77.0,345,0,0,,,,
powertraces-pt200array_pt217_r2_7536322_2-376a52a8ac,2026-05-07T20:26:44.324Z,42.386,1,77.18,345,0,0,,,,
powertraces-pt200array_pt217_r2_7536322_2-376a52a8ac,2026-05-07T20:26:44.324Z,42.386,2,78.09,345,0,0,,,,
powertraces-pt200array_pt217_r2_7536322_2-376a52a8ac,2026-05-07T20:26:44.324Z,42.386,3,77.6,345,0,0,,,,
powertraces-pt200array_pt217_r2_7536322_2-376a52a8ac,2026-05-07T20:26:44.424Z,42.486,0,76.99,345,0,0,,,,
powertraces-pt200array_pt217_r2_7536322_2-376a52a8ac,2026-05-07T20:26:44.424Z,42.486,1,77.19,345,0,0,,,,
powertraces-pt200array_pt217_r2_7536322_2-376a52a8ac,2026-05-07T20:26:44.424Z,42.486,2,78.09,345,0,0,,,,
powertraces-pt200array_pt217_r2_7536322_2-376a52a8ac,2026-05-07T20:26:44.424Z,42.486,3,77.58,345,0,0,,,,
powertraces-pt200array_pt217_r2_7536322_2-376a52a8ac,2026-05-07T20:26:44.524Z,42.586,0,77.0,345,0,0,,,,
powertraces-pt200array_pt217_r2_7536322_2-376a52a8ac,2026-05-07T20:26:44.524Z,42.586,1,77.19,345,0,0,,,,
powertraces-pt200array_pt217_r2_7536322_2-376a52a8ac,2026-05-07T20:26:44.524Z,42.586,2,78.1,345,0,0,,,,
powertraces-pt200array_pt217_r2_7536322_2-376a52a8ac,2026-05-07T20:26:44.524Z,42.586,3,77.56,345,0,0,,,,
powertraces-pt200array_pt217_r2_7536322_2-376a52a8ac,2026-05-07T20:26:44.624Z,42.686,0,77.01,345,0,0,,,,
powertraces-pt200array_pt217_r2_7536322_2-376a52a8ac,2026-05-07T20:26:44.624Z,42.686,1,77.18,345,0,0,,,,
powertraces-pt200array_pt217_r2_7536322_2-376a52a8ac,2026-05-07T20:26:44.624Z,42.686,2,78.11,345,0,0,,,,
powertraces-pt200array_pt217_r2_7536322_2-376a52a8ac,2026-05-07T20:26:44.624Z,42.686,3,77.57,345,0,0,,,,
powertraces-pt200array_pt217_r2_7536322_2-376a52a8ac,2026-05-07T20:26:44.724Z,42.786,0,77.0,345,0,0,,,,
powertraces-pt200array_pt217_r2_7536322_2-376a52a8ac,2026-05-07T20:26:44.724Z,42.786,1,77.17,345,0,0,,,,
powertraces-pt200array_pt217_r2_7536322_2-376a52a8ac,2026-05-07T20:26:44.724Z,42.786,2,78.1,345,0,0,,,,
powertraces-pt200array_pt217_r2_7536322_2-376a52a8ac,2026-05-07T20:26:44.724Z,42.786,3,77.57,345,0,0,,,,
powertraces-pt200array_pt217_r2_7536322_2-376a52a8ac,2026-05-07T20:26:44.825Z,42.887,0,77.02,345,0,0,,,,
powertraces-pt200array_pt217_r2_7536322_2-376a52a8ac,2026-05-07T20:26:44.825Z,42.887,1,77.18,345,0,0,,,,
powertraces-pt200array_pt217_r2_7536322_2-376a52a8ac,2026-05-07T20:26:44.825Z,42.887,2,78.1,345,0,0,,,,
powertraces-pt200array_pt217_r2_7536322_2-376a52a8ac,2026-05-07T20:26:44.825Z,42.887,3,77.56,345,0,0,,,,
powertraces-pt200array_pt217_r2_7536322_2-376a52a8ac,2026-05-07T20:26:44.925Z,42.987,0,77.0,345,0,0,,,,
powertraces-pt200array_pt217_r2_7536322_2-376a52a8ac,2026-05-07T20:26:44.925Z,42.987,1,77.19,345,0,0,,,,
powertraces-pt200array_pt217_r2_7536322_2-376a52a8ac,2026-05-07T20:26:44.925Z,42.987,2,78.08,345,0,0,,,,
powertraces-pt200array_pt217_r2_7536322_2-376a52a8ac,2026-05-07T20:26:44.925Z,42.987,3,77.59,345,0,0,,,,
powertraces-pt200array_pt217_r2_7536322_2-376a52a8ac,2026-05-07T20:26:45.025Z,43.087,0,77.02,345,0,0,,,,
powertraces-pt200array_pt217_r2_7536322_2-376a52a8ac,2026-05-07T20:26:45.025Z,43.087,1,77.19,345,0,0,,,,
powertraces-pt200array_pt217_r2_7536322_2-376a52a8ac,2026-05-07T20:26:45.025Z,43.087,2,78.08,345,0,0,,,,
powertraces-pt200array_pt217_r2_7536322_2-376a52a8ac,2026-05-07T20:26:45.025Z,43.087,3,77.58,345,0,0,,,,
powertraces-pt200array_pt217_r2_7536322_2-376a52a8ac,2026-05-07T20:26:45.125Z,43.187,0,77.0,345,0,0,,,,
powertraces-pt200array_pt217_r2_7536322_2-376a52a8ac,2026-05-07T20:26:45.125Z,43.187,1,77.18,345,0,0,,,,
powertraces-pt200array_pt217_r2_7536322_2-376a52a8ac,2026-05-07T20:26:45.125Z,43.187,2,78.09,345,0,0,,,,
powertraces-pt200array_pt217_r2_7536322_2-376a52a8ac,2026-05-07T20:26:45.125Z,43.187,3,77.61,345,0,0,,,,
powertraces-pt200array_pt217_r2_7536322_2-376a52a8ac,2026-05-07T20:26:45.225Z,43.287,0,77.04,345,0,0,,,,
powertraces-pt200array_pt217_r2_7536322_2-376a52a8ac,2026-05-07T20:26:45.225Z,43.287,1,77.18,345,0,0,,,,
powertraces-pt200array_pt217_r2_7536322_2-376a52a8ac,2026-05-07T20:26:45.225Z,43.287,2,78.09,345,0,0,,,,
powertraces-pt200array_pt217_r2_7536322_2-376a52a8ac,2026-05-07T20:26:45.225Z,43.287,3,77.59,345,0,0,,,,
powertraces-pt200array_pt217_r2_7536322_2-376a52a8ac,2026-05-07T20:26:45.325Z,43.387,0,77.03,345,0,0,,,,
powertraces-pt200array_pt217_r2_7536322_2-376a52a8ac,2026-05-07T20:26:45.325Z,43.387,1,77.15,345,0,0,,,,
powertraces-pt200array_pt217_r2_7536322_2-376a52a8ac,2026-05-07T20:26:45.325Z,43.387,2,78.08,345,0,0,,,,
powertraces-pt200array_pt217_r2_7536322_2-376a52a8ac,2026-05-07T20:26:45.325Z,43.387,3,77.59,345,0,0,,,,
powertraces-pt200array_pt217_r2_7536322_2-376a52a8ac,2026-05-07T20:26:45.425Z,43.487,0,77.02,345,0,0,,,,
powertraces-pt200array_pt217_r2_7536322_2-376a52a8ac,2026-05-07T20:26:45.426Z,43.488,1,77.18,345,0,0,,,,
powertraces-pt200array_pt217_r2_7536322_2-376a52a8ac,2026-05-07T20:26:45.426Z,43.488,2,78.07,345,0,0,,,,
powertraces-pt200array_pt217_r2_7536322_2-376a52a8ac,2026-05-07T20:26:45.426Z,43.488,3,77.6,345,0,0,,,,
powertraces-pt200array_pt217_r2_7536322_2-376a52a8ac,2026-05-07T20:26:45.526Z,43.588,0,77.02,345,0,0,,,,
powertraces-pt200array_pt217_r2_7536322_2-376a52a8ac,2026-05-07T20:26:45.526Z,43.588,1,77.16,345,0,0,,,,
powertraces-pt200array_pt217_r2_7536322_2-376a52a8ac,2026-05-07T20:26:45.526Z,43.588,2,78.05,345,0,0,,,,
powertraces-pt200array_pt217_r2_7536322_2-376a52a8ac,2026-05-07T20:26:45.526Z,43.588,3,77.6,345,0,0,,,,
powertraces-pt200array_pt217_r2_7536322_2-376a52a8ac,2026-05-07T20:26:45.626Z,43.688,0,77.0,345,0,0,,,,
powertraces-pt200array_pt217_r2_7536322_2-376a52a8ac,2026-05-07T20:26:45.626Z,43.688,1,77.17,345,0,0,,,,
powertraces-pt200array_pt217_r2_7536322_2-376a52a8ac,2026-05-07T20:26:45.626Z,43.688,2,78.03,345,0,0,,,,
powertraces-pt200array_pt217_r2_7536322_2-376a52a8ac,2026-05-07T20:26:45.626Z,43.688,3,77.62,345,0,0,,,,
powertraces-pt200array_pt217_r2_7536322_2-376a52a8ac,2026-05-07T20:26:45.726Z,43.788,0,77.0,345,0,0,,,,
powertraces-pt200array_pt217_r2_7536322_2-376a52a8ac,2026-05-07T20:26:45.726Z,43.788,1,77.18,345,0,0,,,,
powertraces-pt200array_pt217_r2_7536322_2-376a52a8ac,2026-05-07T20:26:45.726Z,43.788,2,78.04,345,0,0,,,,
powertraces-pt200array_pt217_r2_7536322_2-376a52a8ac,2026-05-07T20:26:45.726Z,43.788,3,77.63,345,0,0,,,,
powertraces-pt200array_pt217_r2_7536322_2-376a52a8ac,2026-05-07T20:26:45.826Z,43.888,0,76.98,345,0,0,,,,
powertraces-pt200array_pt217_r2_7536322_2-376a52a8ac,2026-05-07T20:26:45.826Z,43.888,1,77.16,345,0,0,,,,
powertraces-pt200array_pt217_r2_7536322_2-376a52a8ac,2026-05-07T20:26:45.826Z,43.888,2,78.04,345,0,0,,,,
powertraces-pt200array_pt217_r2_7536322_2-376a52a8ac,2026-05-07T20:26:45.826Z,43.888,3,77.64,345,0,0,,,,
powertraces-pt200array_pt217_r2_7536322_2-376a52a8ac,2026-05-07T20:26:45.926Z,43.988,0,77.01,345,0,0,,,,
powertraces-pt200array_pt217_r2_7536322_2-376a52a8ac,2026-05-07T20:26:45.926Z,43.988,1,77.14,345,0,0,,,,
powertraces-pt200array_pt217_r2_7536322_2-376a52a8ac,2026-05-07T20:26:45.926Z,43.988,2,78.07,345,0,0,,,,
powertraces-pt200array_pt217_r2_7536322_2-376a52a8ac,2026-05-07T20:26:45.926Z,43.988,3,77.63,345,0,0,,,,
powertraces-pt200array_pt217_r2_7536322_2-376a52a8ac,2026-05-07T20:26:46.027Z,44.089,0,76.99,345,0,0,,,,
powertraces-pt200array_pt217_r2_7536322_2-376a52a8ac,2026-05-07T20:26:46.027Z,44.089,1,77.15,345,0,0,,,,
powertraces-pt200array_pt217_r2_7536322_2-376a52a8ac,2026-05-07T20:26:46.027Z,44.089,2,78.07,345,0,0,,,,
powertraces-pt200array_pt217_r2_7536322_2-376a52a8ac,2026-05-07T20:26:46.027Z,44.089,3,77.62,345,0,0,,,,
powertraces-pt200array_pt217_r2_7536322_2-376a52a8ac,2026-05-07T20:26:46.127Z,44.189,0,76.98,345,0,0,,,,
powertraces-pt200array_pt217_r2_7536322_2-376a52a8ac,2026-05-07T20:26:46.127Z,44.189,1,77.16,345,0,0,,,,
powertraces-pt200array_pt217_r2_7536322_2-376a52a8ac,2026-05-07T20:26:46.127Z,44.189,2,78.08,345,0,0,,,,
powertraces-pt200array_pt217_r2_7536322_2-376a52a8ac,2026-05-07T20:26:46.127Z,44.189,3,77.6,345,0,0,,,,
powertraces-pt200array_pt217_r2_7536322_2-376a52a8ac,2026-05-07T20:26:46.227Z,44.289,0,76.98,345,0,0,,,,
powertraces-pt200array_pt217_r2_7536322_2-376a52a8ac,2026-05-07T20:26:46.227Z,44.289,1,77.16,345,0,0,,,,
powertraces-pt200array_pt217_r2_7536322_2-376a52a8ac,2026-05-07T20:26:46.227Z,44.289,2,78.09,345,0,0,,,,
powertraces-pt200array_pt217_r2_7536322_2-376a52a8ac,2026-05-07T20:26:46.227Z,44.289,3,77.58,345,0,0,,,,
powertraces-pt200array_pt217_r2_7536322_2-376a52a8ac,2026-05-07T20:26:46.327Z,44.389,0,76.98,345,0,0,,,,
powertraces-pt200array_pt217_r2_7536322_2-376a52a8ac,2026-05-07T20:26:46.327Z,44.389,1,77.14,345,0,0,,,,
powertraces-pt200array_pt217_r2_7536322_2-376a52a8ac,2026-05-07T20:26:46.327Z,44.389,2,78.09,345,0,0,,,,
powertraces-pt200array_pt217_r2_7536322_2-376a52a8ac,2026-05-07T20:26:46.327Z,44.389,3,77.58,345,0,0,,,,
powertraces-pt200array_pt217_r2_7536322_2-376a52a8ac,2026-05-07T20:26:46.427Z,44.489,0,76.98,345,0,0,,,,
powertraces-pt200array_pt217_r2_7536322_2-376a52a8ac,2026-05-07T20:26:46.427Z,44.489,1,77.15,345,0,0,,,,
powertraces-pt200array_pt217_r2_7536322_2-376a52a8ac,2026-05-07T20:26:46.427Z,44.489,2,78.09,345,0,0,,,,
powertraces-pt200array_pt217_r2_7536322_2-376a52a8ac,2026-05-07T20:26:46.427Z,44.489,3,77.57,345,0,0,,,,
powertraces-pt200array_pt217_r2_7536322_2-376a52a8ac,2026-05-07T20:26:46.527Z,44.589,0,76.96,345,0,0,,,,
powertraces-pt200array_pt217_r2_7536322_2-376a52a8ac,2026-05-07T20:26:46.527Z,44.589,1,77.16,345,0,0,,,,
powertraces-pt200array_pt217_r2_7536322_2-376a52a8ac,2026-05-07T20:26:46.527Z,44.589,2,78.09,345,0,0,,,,
powertraces-pt200array_pt217_r2_7536322_2-376a52a8ac,2026-05-07T20:26:46.527Z,44.589,3,77.57,345,0,0,,,,
powertraces-pt200array_pt217_r2_7536322_2-376a52a8ac,2026-05-07T20:26:46.627Z,44.689,0,76.97,345,0,0,,,,
powertraces-pt200array_pt217_r2_7536322_2-376a52a8ac,2026-05-07T20:26:46.627Z,44.689,1,77.18,345,0,0,,,,
powertraces-pt200array_pt217_r2_7536322_2-376a52a8ac,2026-05-07T20:26:46.627Z,44.689,2,78.1,345,0,0,,,,
powertraces-pt200array_pt217_r2_7536322_2-376a52a8ac,2026-05-07T20:26:46.627Z,44.689,3,77.58,345,0,0,,,,
powertraces-pt200array_pt217_r2_7536322_2-376a52a8ac,2026-05-07T20:26:46.728Z,44.79,0,76.98,345,0,0,,,,
powertraces-pt200array_pt217_r2_7536322_2-376a52a8ac,2026-05-07T20:26:46.728Z,44.79,1,77.18,345,0,0,,,,
powertraces-pt200array_pt217_r2_7536322_2-376a52a8ac,2026-05-07T20:26:46.728Z,44.79,2,78.1,345,0,0,,,,
powertraces-pt200array_pt217_r2_7536322_2-376a52a8ac,2026-05-07T20:26:46.728Z,44.79,3,77.58,345,0,0,,,,
powertraces-pt200array_pt217_r2_7536322_2-376a52a8ac,2026-05-07T20:26:46.828Z,44.89,0,76.96,345,0,0,,,,
powertraces-pt200array_pt217_r2_7536322_2-376a52a8ac,2026-05-07T20:26:46.828Z,44.89,1,77.18,345,0,0,,,,
powertraces-pt200array_pt217_r2_7536322_2-376a52a8ac,2026-05-07T20:26:46.828Z,44.89,2,78.09,345,0,0,,,,
powertraces-pt200array_pt217_r2_7536322_2-376a52a8ac,2026-05-07T20:26:46.828Z,44.89,3,77.57,345,0,0,,,,
powertraces-pt200array_pt217_r2_7536322_2-376a52a8ac,2026-05-07T20:26:46.928Z,44.99,0,76.94,345,0,0,,,,
powertraces-pt200array_pt217_r2_7536322_2-376a52a8ac,2026-05-07T20:26:46.928Z,44.99,1,77.19,345,0,0,,,,
powertraces-pt200array_pt217_r2_7536322_2-376a52a8ac,2026-05-07T20:26:46.928Z,44.99,2,78.08,345,0,0,,,,
powertraces-pt200array_pt217_r2_7536322_2-376a52a8ac,2026-05-07T20:26:46.928Z,44.99,3,77.58,345,0,0,,,,
powertraces-pt200array_pt217_r2_7536322_2-376a52a8ac,2026-05-07T20:26:47.028Z,45.09,0,76.98,345,0,0,,,,
powertraces-pt200array_pt217_r2_7536322_2-376a52a8ac,2026-05-07T20:26:47.028Z,45.09,1,77.19,345,0,0,,,,
powertraces-pt200array_pt217_r2_7536322_2-376a52a8ac,2026-05-07T20:26:47.028Z,45.09,2,78.07,345,0,0,,,,
powertraces-pt200array_pt217_r2_7536322_2-376a52a8ac,2026-05-07T20:26:47.028Z,45.09,3,77.59,345,0,0,,,,
powertraces-pt200array_pt217_r2_7536322_2-376a52a8ac,2026-05-07T20:26:47.128Z,45.19,0,76.98,345,0,0,,,,
powertraces-pt200array_pt217_r2_7536322_2-376a52a8ac,2026-05-07T20:26:47.128Z,45.19,1,77.17,345,0,0,,,,
powertraces-pt200array_pt217_r2_7536322_2-376a52a8ac,2026-05-07T20:26:47.128Z,45.19,2,78.06,345,0,0,,,,
powertraces-pt200array_pt217_r2_7536322_2-376a52a8ac,2026-05-07T20:26:47.128Z,45.19,3,77.6,345,0,0,,,,
powertraces-pt200array_pt217_r2_7536322_2-376a52a8ac,2026-05-07T20:26:47.228Z,45.29,0,77.0,345,0,0,,,,
powertraces-pt200array_pt217_r2_7536322_2-376a52a8ac,2026-05-07T20:26:47.228Z,45.29,1,77.17,345,0,0,,,,
powertraces-pt200array_pt217_r2_7536322_2-376a52a8ac,2026-05-07T20:26:47.228Z,45.29,2,78.06,345,0,0,,,,
powertraces-pt200array_pt217_r2_7536322_2-376a52a8ac,2026-05-07T20:26:47.228Z,45.29,3,77.59,345,0,0,,,,
powertraces-pt200array_pt217_r2_7536322_2-376a52a8ac,2026-05-07T20:26:47.329Z,45.391,0,77.01,345,0,0,,,,
powertraces-pt200array_pt217_r2_7536322_2-376a52a8ac,2026-05-07T20:26:47.329Z,45.391,1,77.19,345,0,0,,,,
powertraces-pt200array_pt217_r2_7536322_2-376a52a8ac,2026-05-07T20:26:47.329Z,45.391,2,78.07,345,0,0,,,,
powertraces-pt200array_pt217_r2_7536322_2-376a52a8ac,2026-05-07T20:26:47.329Z,45.391,3,77.58,345,0,0,,,,
powertraces-pt200array_pt217_r2_7536322_2-376a52a8ac,2026-05-07T20:26:47.429Z,45.491,0,77.03,345,0,0,,,,
powertraces-pt200array_pt217_r2_7536322_2-376a52a8ac,2026-05-07T20:26:47.429Z,45.491,1,77.17,345,0,0,,,,
powertraces-pt200array_pt217_r2_7536322_2-376a52a8ac,2026-05-07T20:26:47.429Z,45.491,2,78.07,345,0,0,,,,
powertraces-pt200array_pt217_r2_7536322_2-376a52a8ac,2026-05-07T20:26:47.429Z,45.491,3,77.6,345,0,0,,,,
powertraces-pt200array_pt217_r2_7536322_2-376a52a8ac,2026-05-07T20:26:47.529Z,45.591,0,77.03,345,0,0,,,,
powertraces-pt200array_pt217_r2_7536322_2-376a52a8ac,2026-05-07T20:26:47.529Z,45.591,1,77.15,345,0,0,,,,
powertraces-pt200array_pt217_r2_7536322_2-376a52a8ac,2026-05-07T20:26:47.529Z,45.591,2,78.08,345,0,0,,,,
powertraces-pt200array_pt217_r2_7536322_2-376a52a8ac,2026-05-07T20:26:47.529Z,45.591,3,77.58,345,0,0,,,,
powertraces-pt200array_pt217_r2_7536322_2-376a52a8ac,2026-05-07T20:26:47.629Z,45.691,0,77.02,345,0,0,,,,
powertraces-pt200array_pt217_r2_7536322_2-376a52a8ac,2026-05-07T20:26:47.629Z,45.691,1,77.18,345,0,0,,,,
powertraces-pt200array_pt217_r2_7536322_2-376a52a8ac,2026-05-07T20:26:47.629Z,45.691,2,78.08,345,0,0,,,,
powertraces-pt200array_pt217_r2_7536322_2-376a52a8ac,2026-05-07T20:26:47.629Z,45.691,3,77.59,345,0,0,,,,
powertraces-pt200array_pt217_r2_7536322_2-376a52a8ac,2026-05-07T20:26:47.729Z,45.791,0,77.03,345,0,0,,,,
powertraces-pt200array_pt217_r2_7536322_2-376a52a8ac,2026-05-07T20:26:47.729Z,45.791,1,77.17,345,0,0,,,,
powertraces-pt200array_pt217_r2_7536322_2-376a52a8ac,2026-05-07T20:26:47.729Z,45.791,2,78.08,345,0,0,,,,
powertraces-pt200array_pt217_r2_7536322_2-376a52a8ac,2026-05-07T20:26:47.729Z,45.791,3,77.59,345,0,0,,,,
powertraces-pt200array_pt217_r2_7536322_2-376a52a8ac,2026-05-07T20:26:47.829Z,45.891,0,77.04,345,0,0,,,,
powertraces-pt200array_pt217_r2_7536322_2-376a52a8ac,2026-05-07T20:26:47.83Z,45.892,1,77.17,345,0,0,,,,
powertraces-pt200array_pt217_r2_7536322_2-376a52a8ac,2026-05-07T20:26:47.83Z,45.892,2,78.08,345,0,0,,,,
powertraces-pt200array_pt217_r2_7536322_2-376a52a8ac,2026-05-07T20:26:47.83Z,45.892,3,77.61,345,0,0,,,,
powertraces-pt200array_pt217_r2_7536322_2-376a52a8ac,2026-05-07T20:26:47.93Z,45.992,0,77.03,345,0,0,,,,
powertraces-pt200array_pt217_r2_7536322_2-376a52a8ac,2026-05-07T20:26:47.93Z,45.992,1,77.16,345,0,0,,,,
powertraces-pt200array_pt217_r2_7536322_2-376a52a8ac,2026-05-07T20:26:47.93Z,45.992,2,78.09,345,0,0,,,,
powertraces-pt200array_pt217_r2_7536322_2-376a52a8ac,2026-05-07T20:26:47.93Z,45.992,3,77.61,345,0,0,,,,
powertraces-pt200array_pt217_r2_7536322_2-376a52a8ac,2026-05-07T20:26:48.03Z,46.092,0,77.02,345,0,0,,,,
powertraces-pt200array_pt217_r2_7536322_2-376a52a8ac,2026-05-07T20:26:48.03Z,46.092,1,77.14,345,0,0,,,,
powertraces-pt200array_pt217_r2_7536322_2-376a52a8ac,2026-05-07T20:26:48.03Z,46.092,2,78.09,345,0,0,,,,
powertraces-pt200array_pt217_r2_7536322_2-376a52a8ac,2026-05-07T20:26:48.03Z,46.092,3,77.61,345,0,0,,,,
powertraces-pt200array_pt217_r2_7536322_2-376a52a8ac,2026-05-07T20:26:48.13Z,46.192,0,77.02,345,0,0,,,,
powertraces-pt200array_pt217_r2_7536322_2-376a52a8ac,2026-05-07T20:26:48.13Z,46.192,1,77.13,345,0,0,,,,
powertraces-pt200array_pt217_r2_7536322_2-376a52a8ac,2026-05-07T20:26:48.13Z,46.192,2,78.1,345,0,0,,,,
powertraces-pt200array_pt217_r2_7536322_2-376a52a8ac,2026-05-07T20:26:48.13Z,46.192,3,77.63,345,0,0,,,,
powertraces-pt200array_pt217_r2_7536322_2-376a52a8ac,2026-05-07T20:26:48.23Z,46.292,0,77.02,345,0,0,,,,
powertraces-pt200array_pt217_r2_7536322_2-376a52a8ac,2026-05-07T20:26:48.23Z,46.292,1,77.12,345,0,0,,,,
powertraces-pt200array_pt217_r2_7536322_2-376a52a8ac,2026-05-07T20:26:48.23Z,46.292,2,78.12,345,0,0,,,,
powertraces-pt200array_pt217_r2_7536322_2-376a52a8ac,2026-05-07T20:26:48.23Z,46.292,3,77.63,345,0,0,,,,
powertraces-pt200array_pt217_r2_7536322_2-376a52a8ac,2026-05-07T20:26:48.33Z,46.392,0,76.99,345,0,0,,,,
powertraces-pt200array_pt217_r2_7536322_2-376a52a8ac,2026-05-07T20:26:48.33Z,46.392,1,77.12,345,0,0,,,,
powertraces-pt200array_pt217_r2_7536322_2-376a52a8ac,2026-05-07T20:26:48.33Z,46.392,2,78.12,345,0,0,,,,
powertraces-pt200array_pt217_r2_7536322_2-376a52a8ac,2026-05-07T20:26:48.33Z,46.392,3,77.65,345,0,0,,,,
powertraces-pt200array_pt217_r2_7536322_2-376a52a8ac,2026-05-07T20:26:48.43Z,46.492,0,76.99,345,0,0,,,,
powertraces-pt200array_pt217_r2_7536322_2-376a52a8ac,2026-05-07T20:26:48.43Z,46.492,1,77.13,345,0,0,,,,
powertraces-pt200array_pt217_r2_7536322_2-376a52a8ac,2026-05-07T20:26:48.43Z,46.492,2,78.13,345,0,0,,,,
powertraces-pt200array_pt217_r2_7536322_2-376a52a8ac,2026-05-07T20:26:48.43Z,46.492,3,77.64,345,0,0,,,,
powertraces-pt200array_pt217_r2_7536322_2-376a52a8ac,2026-05-07T20:26:48.531Z,46.593,0,77.01,345,0,0,,,,
powertraces-pt200array_pt217_r2_7536322_2-376a52a8ac,2026-05-07T20:26:48.531Z,46.593,1,77.13,345,0,0,,,,
powertraces-pt200array_pt217_r2_7536322_2-376a52a8ac,2026-05-07T20:26:48.531Z,46.593,2,78.13,345,0,0,,,,
powertraces-pt200array_pt217_r2_7536322_2-376a52a8ac,2026-05-07T20:26:48.531Z,46.593,3,77.64,345,0,0,,,,
powertraces-pt200array_pt217_r2_7536322_2-376a52a8ac,2026-05-07T20:26:48.631Z,46.693,0,77.01,345,0,0,,,,
powertraces-pt200array_pt217_r2_7536322_2-376a52a8ac,2026-05-07T20:26:48.631Z,46.693,1,77.12,345,0,0,,,,
powertraces-pt200array_pt217_r2_7536322_2-376a52a8ac,2026-05-07T20:26:48.631Z,46.693,2,78.14,345,0,0,,,,
powertraces-pt200array_pt217_r2_7536322_2-376a52a8ac,2026-05-07T20:26:48.631Z,46.693,3,77.64,345,0,0,,,,
powertraces-pt200array_pt217_r2_7536322_2-376a52a8ac,2026-05-07T20:26:48.731Z,46.793,0,76.98,345,0,0,,,,
powertraces-pt200array_pt217_r2_7536322_2-376a52a8ac,2026-05-07T20:26:48.731Z,46.793,1,77.1,345,0,0,,,,
powertraces-pt200array_pt217_r2_7536322_2-376a52a8ac,2026-05-07T20:26:48.731Z,46.793,2,78.14,345,0,0,,,,
powertraces-pt200array_pt217_r2_7536322_2-376a52a8ac,2026-05-07T20:26:48.731Z,46.793,3,77.61,345,0,0,,,,
powertraces-pt200array_pt217_r2_7536322_2-376a52a8ac,2026-05-07T20:26:48.831Z,46.893,0,77.0,345,0,0,,,,
powertraces-pt200array_pt217_r2_7536322_2-376a52a8ac,2026-05-07T20:26:48.831Z,46.893,1,77.11,345,0,0,,,,
powertraces-pt200array_pt217_r2_7536322_2-376a52a8ac,2026-05-07T20:26:48.831Z,46.893,2,78.14,345,0,0,,,,
powertraces-pt200array_pt217_r2_7536322_2-376a52a8ac,2026-05-07T20:26:48.831Z,46.893,3,77.6,345,0,0,,,,
powertraces-pt200array_pt217_r2_7536322_2-376a52a8ac,2026-05-07T20:26:48.931Z,46.993,0,77.03,345,0,0,,,,
powertraces-pt200array_pt217_r2_7536322_2-376a52a8ac,2026-05-07T20:26:48.931Z,46.993,1,77.12,345,0,0,,,,
powertraces-pt200array_pt217_r2_7536322_2-376a52a8ac,2026-05-07T20:26:48.931Z,46.993,2,78.16,345,0,0,,,,
powertraces-pt200array_pt217_r2_7536322_2-376a52a8ac,2026-05-07T20:26:48.931Z,46.993,3,77.59,345,0,0,,,,
powertraces-pt200array_pt217_r2_7536322_2-376a52a8ac,2026-05-07T20:26:49.031Z,47.093,0,77.03,345,0,0,,,,
powertraces-pt200array_pt217_r2_7536322_2-376a52a8ac,2026-05-07T20:26:49.031Z,47.093,1,77.13,345,0,0,,,,
powertraces-pt200array_pt217_r2_7536322_2-376a52a8ac,2026-05-07T20:26:49.031Z,47.093,2,78.16,345,0,0,,,,
powertraces-pt200array_pt217_r2_7536322_2-376a52a8ac,2026-05-07T20:26:49.031Z,47.093,3,77.58,345,0,0,,,,
powertraces-pt200array_pt217_r2_7536322_2-376a52a8ac,2026-05-07T20:26:49.131Z,47.193,0,77.03,345,0,0,,,,
powertraces-pt200array_pt217_r2_7536322_2-376a52a8ac,2026-05-07T20:26:49.131Z,47.193,1,77.13,345,0,0,,,,
powertraces-pt200array_pt217_r2_7536322_2-376a52a8ac,2026-05-07T20:26:49.131Z,47.193,2,78.14,345,0,0,,,,
powertraces-pt200array_pt217_r2_7536322_2-376a52a8ac,2026-05-07T20:26:49.131Z,47.193,3,77.56,345,0,0,,,,
powertraces-pt200array_pt217_r2_7536322_2-376a52a8ac,2026-05-07T20:26:49.231Z,47.293,0,77.04,345,0,0,,,,
powertraces-pt200array_pt217_r2_7536322_2-376a52a8ac,2026-05-07T20:26:49.232Z,47.294,1,77.13,345,0,0,,,,
powertraces-pt200array_pt217_r2_7536322_2-376a52a8ac,2026-05-07T20:26:49.232Z,47.294,2,78.14,345,0,0,,,,
powertraces-pt200array_pt217_r2_7536322_2-376a52a8ac,2026-05-07T20:26:49.232Z,47.294,3,77.56,345,0,0,,,,
powertraces-pt200array_pt217_r2_7536322_2-376a52a8ac,2026-05-07T20:26:49.332Z,47.394,0,77.03,345,0,0,,,,
powertraces-pt200array_pt217_r2_7536322_2-376a52a8ac,2026-05-07T20:26:49.332Z,47.394,1,77.14,345,0,0,,,,
powertraces-pt200array_pt217_r2_7536322_2-376a52a8ac,2026-05-07T20:26:49.332Z,47.394,2,78.14,345,0,0,,,,
powertraces-pt200array_pt217_r2_7536322_2-376a52a8ac,2026-05-07T20:26:49.332Z,47.394,3,77.56,345,0,0,,,,
powertraces-pt200array_pt217_r2_7536322_2-376a52a8ac,2026-05-07T20:26:49.432Z,47.494,0,77.03,345,0,0,,,,
powertraces-pt200array_pt217_r2_7536322_2-376a52a8ac,2026-05-07T20:26:49.432Z,47.494,1,77.14,345,0,0,,,,
powertraces-pt200array_pt217_r2_7536322_2-376a52a8ac,2026-05-07T20:26:49.432Z,47.494,2,78.15,345,0,0,,,,
powertraces-pt200array_pt217_r2_7536322_2-376a52a8ac,2026-05-07T20:26:49.432Z,47.494,3,77.55,345,0,0,,,,
powertraces-pt200array_pt217_r2_7536322_2-376a52a8ac,2026-05-07T20:26:49.532Z,47.594,0,77.04,345,0,0,,,,
powertraces-pt200array_pt217_r2_7536322_2-376a52a8ac,2026-05-07T20:26:49.532Z,47.594,1,77.14,345,0,0,,,,
powertraces-pt200array_pt217_r2_7536322_2-376a52a8ac,2026-05-07T20:26:49.532Z,47.594,2,78.15,345,0,0,,,,
powertraces-pt200array_pt217_r2_7536322_2-376a52a8ac,2026-05-07T20:26:49.532Z,47.594,3,77.54,345,0,0,,,,
powertraces-pt200array_pt217_r2_7536322_2-376a52a8ac,2026-05-07T20:26:49.632Z,47.694,0,77.06,345,0,0,,,,
powertraces-pt200array_pt217_r2_7536322_2-376a52a8ac,2026-05-07T20:26:49.632Z,47.694,1,77.15,345,0,0,,,,
powertraces-pt200array_pt217_r2_7536322_2-376a52a8ac,2026-05-07T20:26:49.632Z,47.694,2,78.14,345,0,0,,,,
powertraces-pt200array_pt217_r2_7536322_2-376a52a8ac,2026-05-07T20:26:49.632Z,47.694,3,77.55,345,0,0,,,,
powertraces-pt200array_pt217_r2_7536322_2-376a52a8ac,2026-05-07T20:26:49.732Z,47.794,0,77.06,345,0,0,,,,
powertraces-pt200array_pt217_r2_7536322_2-376a52a8ac,2026-05-07T20:26:49.732Z,47.794,1,77.15,345,0,0,,,,
powertraces-pt200array_pt217_r2_7536322_2-376a52a8ac,2026-05-07T20:26:49.732Z,47.794,2,78.14,345,0,0,,,,
powertraces-pt200array_pt217_r2_7536322_2-376a52a8ac,2026-05-07T20:26:49.732Z,47.794,3,77.54,345,0,0,,,,
powertraces-pt200array_pt217_r2_7536322_2-376a52a8ac,2026-05-07T20:26:49.832Z,47.894,0,77.05,345,0,0,,,,
powertraces-pt200array_pt217_r2_7536322_2-376a52a8ac,2026-05-07T20:26:49.832Z,47.894,1,77.17,345,0,0,,,,
powertraces-pt200array_pt217_r2_7536322_2-376a52a8ac,2026-05-07T20:26:49.832Z,47.894,2,78.14,345,0,0,,,,
powertraces-pt200array_pt217_r2_7536322_2-376a52a8ac,2026-05-07T20:26:49.832Z,47.894,3,77.53,345,0,0,,,,
powertraces-pt200array_pt217_r2_7536322_2-376a52a8ac,2026-05-07T20:26:49.933Z,47.995,0,77.04,345,0,0,,,,
powertraces-pt200array_pt217_r2_7536322_2-376a52a8ac,2026-05-07T20:26:49.933Z,47.995,1,77.16,345,0,0,,,,
powertraces-pt200array_pt217_r2_7536322_2-376a52a8ac,2026-05-07T20:26:49.933Z,47.995,2,78.11,345,0,0,,,,
powertraces-pt200array_pt217_r2_7536322_2-376a52a8ac,2026-05-07T20:26:49.933Z,47.995,3,77.55,345,0,0,,,,
powertraces-pt200array_pt217_r2_7536322_2-376a52a8ac,2026-05-07T20:26:50.033Z,48.095,0,77.04,345,0,0,,,,
powertraces-pt200array_pt217_r2_7536322_2-376a52a8ac,2026-05-07T20:26:50.033Z,48.095,1,77.17,345,0,0,,,,
powertraces-pt200array_pt217_r2_7536322_2-376a52a8ac,2026-05-07T20:26:50.033Z,48.095,2,78.13,345,0,0,,,,
powertraces-pt200array_pt217_r2_7536322_2-376a52a8ac,2026-05-07T20:26:50.033Z,48.095,3,77.55,345,0,0,,,,
powertraces-pt200array_pt217_r2_7536322_2-376a52a8ac,2026-05-07T20:26:50.133Z,48.195,0,77.02,345,0,0,,,,
powertraces-pt200array_pt217_r2_7536322_2-376a52a8ac,2026-05-07T20:26:50.133Z,48.195,1,77.16,345,0,0,,,,
powertraces-pt200array_pt217_r2_7536322_2-376a52a8ac,2026-05-07T20:26:50.133Z,48.195,2,78.12,345,0,0,,,,
powertraces-pt200array_pt217_r2_7536322_2-376a52a8ac,2026-05-07T20:26:50.133Z,48.195,3,77.54,345,0,0,,,,
powertraces-pt200array_pt217_r2_7536322_2-376a52a8ac,2026-05-07T20:26:50.233Z,48.295,0,77.02,345,0,0,,,,
powertraces-pt200array_pt217_r2_7536322_2-376a52a8ac,2026-05-07T20:26:50.233Z,48.295,1,77.18,345,0,0,,,,
powertraces-pt200array_pt217_r2_7536322_2-376a52a8ac,2026-05-07T20:26:50.233Z,48.295,2,78.12,345,0,0,,,,
powertraces-pt200array_pt217_r2_7536322_2-376a52a8ac,2026-05-07T20:26:50.233Z,48.295,3,77.54,345,0,0,,,,
powertraces-pt200array_pt217_r2_7536322_2-376a52a8ac,2026-05-07T20:26:50.333Z,48.395,0,77.04,345,0,0,,,,
powertraces-pt200array_pt217_r2_7536322_2-376a52a8ac,2026-05-07T20:26:50.333Z,48.395,1,77.16,345,0,0,,,,
powertraces-pt200array_pt217_r2_7536322_2-376a52a8ac,2026-05-07T20:26:50.333Z,48.395,2,78.12,345,0,0,,,,
powertraces-pt200array_pt217_r2_7536322_2-376a52a8ac,2026-05-07T20:26:50.333Z,48.395,3,77.52,345,0,0,,,,
powertraces-pt200array_pt217_r2_7536322_2-376a52a8ac,2026-05-07T20:26:50.433Z,48.495,0,77.02,345,0,0,,,,
powertraces-pt200array_pt217_r2_7536322_2-376a52a8ac,2026-05-07T20:26:50.433Z,48.495,1,77.17,345,0,0,,,,
powertraces-pt200array_pt217_r2_7536322_2-376a52a8ac,2026-05-07T20:26:50.433Z,48.495,2,78.12,345,0,0,,,,
powertraces-pt200array_pt217_r2_7536322_2-376a52a8ac,2026-05-07T20:26:50.433Z,48.495,3,77.54,345,0,0,,,,
powertraces-pt200array_pt217_r2_7536322_2-376a52a8ac,2026-05-07T20:26:50.533Z,48.595,0,77.01,345,0,0,,,,
powertraces-pt200array_pt217_r2_7536322_2-376a52a8ac,2026-05-07T20:26:50.533Z,48.595,1,77.17,345,0,0,,,,
powertraces-pt200array_pt217_r2_7536322_2-376a52a8ac,2026-05-07T20:26:50.533Z,48.595,2,78.12,345,0,0,,,,
powertraces-pt200array_pt217_r2_7536322_2-376a52a8ac,2026-05-07T20:26:50.533Z,48.595,3,77.54,345,0,0,,,,
powertraces-pt200array_pt217_r2_7536322_2-376a52a8ac,2026-05-07T20:26:50.634Z,48.696,0,77.03,345,0,0,,,,
powertraces-pt200array_pt217_r2_7536322_2-376a52a8ac,2026-05-07T20:26:50.634Z,48.696,1,77.16,345,0,0,,,,
powertraces-pt200array_pt217_r2_7536322_2-376a52a8ac,2026-05-07T20:26:50.634Z,48.696,2,78.13,345,0,0,,,,
powertraces-pt200array_pt217_r2_7536322_2-376a52a8ac,2026-05-07T20:26:50.634Z,48.696,3,77.54,345,0,0,,,,
powertraces-pt200array_pt217_r2_7536322_2-376a52a8ac,2026-05-07T20:26:50.734Z,48.796,0,77.05,345,0,0,,,,
powertraces-pt200array_pt217_r2_7536322_2-376a52a8ac,2026-05-07T20:26:50.734Z,48.796,1,77.15,345,0,0,,,,
powertraces-pt200array_pt217_r2_7536322_2-376a52a8ac,2026-05-07T20:26:50.734Z,48.796,2,78.12,345,0,0,,,,
powertraces-pt200array_pt217_r2_7536322_2-376a52a8ac,2026-05-07T20:26:50.734Z,48.796,3,77.56,345,0,0,,,,
powertraces-pt200array_pt217_r2_7536322_2-376a52a8ac,2026-05-07T20:26:50.834Z,48.896,0,77.05,345,0,0,,,,
powertraces-pt200array_pt217_r2_7536322_2-376a52a8ac,2026-05-07T20:26:50.834Z,48.896,1,77.15,345,0,0,,,,
powertraces-pt200array_pt217_r2_7536322_2-376a52a8ac,2026-05-07T20:26:50.834Z,48.896,2,78.12,345,0,0,,,,
powertraces-pt200array_pt217_r2_7536322_2-376a52a8ac,2026-05-07T20:26:50.834Z,48.896,3,77.57,345,0,0,,,,
powertraces-pt200array_pt217_r2_7536322_2-376a52a8ac,2026-05-07T20:26:50.934Z,48.996,0,77.02,345,0,0,,,,
powertraces-pt200array_pt217_r2_7536322_2-376a52a8ac,2026-05-07T20:26:50.934Z,48.996,1,77.14,345,0,0,,,,
powertraces-pt200array_pt217_r2_7536322_2-376a52a8ac,2026-05-07T20:26:50.934Z,48.996,2,78.11,345,0,0,,,,
powertraces-pt200array_pt217_r2_7536322_2-376a52a8ac,2026-05-07T20:26:50.934Z,48.996,3,77.55,345,0,0,,,,
powertraces-pt200array_pt217_r2_7536322_2-376a52a8ac,2026-05-07T20:26:51.034Z,49.096,0,77.05,345,0,0,,,,
powertraces-pt200array_pt217_r2_7536322_2-376a52a8ac,2026-05-07T20:26:51.034Z,49.096,1,77.16,345,0,0,,,,
powertraces-pt200array_pt217_r2_7536322_2-376a52a8ac,2026-05-07T20:26:51.034Z,49.096,2,78.11,345,0,0,,,,
powertraces-pt200array_pt217_r2_7536322_2-376a52a8ac,2026-05-07T20:26:51.034Z,49.096,3,77.56,345,0,0,,,,
powertraces-pt200array_pt217_r2_7536322_2-376a52a8ac,2026-05-07T20:26:51.134Z,49.196,0,77.05,345,0,0,,,,
powertraces-pt200array_pt217_r2_7536322_2-376a52a8ac,2026-05-07T20:26:51.134Z,49.196,1,77.14,345,0,0,,,,
powertraces-pt200array_pt217_r2_7536322_2-376a52a8ac,2026-05-07T20:26:51.134Z,49.196,2,78.12,345,0,0,,,,
powertraces-pt200array_pt217_r2_7536322_2-376a52a8ac,2026-05-07T20:26:51.134Z,49.196,3,77.57,345,0,0,,,,
powertraces-pt200array_pt217_r2_7536322_2-376a52a8ac,2026-05-07T20:26:51.235Z,49.297,0,77.04,345,0,0,,,,
powertraces-pt200array_pt217_r2_7536322_2-376a52a8ac,2026-05-07T20:26:51.235Z,49.297,1,77.13,345,0,0,,,,
powertraces-pt200array_pt217_r2_7536322_2-376a52a8ac,2026-05-07T20:26:51.235Z,49.297,2,78.11,345,0,0,,,,
powertraces-pt200array_pt217_r2_7536322_2-376a52a8ac,2026-05-07T20:26:51.235Z,49.297,3,77.55,345,0,0,,,,
powertraces-pt200array_pt217_r2_7536322_2-376a52a8ac,2026-05-07T20:26:51.335Z,49.397,0,77.05,345,0,0,,,,
powertraces-pt200array_pt217_r2_7536322_2-376a52a8ac,2026-05-07T20:26:51.335Z,49.397,1,77.13,345,0,0,,,,
powertraces-pt200array_pt217_r2_7536322_2-376a52a8ac,2026-05-07T20:26:51.335Z,49.397,2,78.11,345,0,0,,,,
powertraces-pt200array_pt217_r2_7536322_2-376a52a8ac,2026-05-07T20:26:51.335Z,49.397,3,77.54,345,0,0,,,,
powertraces-pt200array_pt217_r2_7536322_2-376a52a8ac,2026-05-07T20:26:51.435Z,49.497,0,77.06,345,0,0,,,,
powertraces-pt200array_pt217_r2_7536322_2-376a52a8ac,2026-05-07T20:26:51.435Z,49.497,1,77.14,345,0,0,,,,
powertraces-pt200array_pt217_r2_7536322_2-376a52a8ac,2026-05-07T20:26:51.435Z,49.497,2,78.09,345,0,0,,,,
powertraces-pt200array_pt217_r2_7536322_2-376a52a8ac,2026-05-07T20:26:51.435Z,49.497,3,77.54,345,0,0,,,,
powertraces-pt200array_pt217_r2_7536322_2-376a52a8ac,2026-05-07T20:26:51.535Z,49.597,0,77.07,345,0,0,,,,
powertraces-pt200array_pt217_r2_7536322_2-376a52a8ac,2026-05-07T20:26:51.535Z,49.597,1,77.16,345,0,0,,,,
powertraces-pt200array_pt217_r2_7536322_2-376a52a8ac,2026-05-07T20:26:51.535Z,49.597,2,78.08,345,0,0,,,,
powertraces-pt200array_pt217_r2_7536322_2-376a52a8ac,2026-05-07T20:26:51.535Z,49.597,3,77.54,345,0,0,,,,
powertraces-pt200array_pt217_r2_7536322_2-376a52a8ac,2026-05-07T20:26:51.635Z,49.697,0,77.05,345,0,0,,,,
powertraces-pt200array_pt217_r2_7536322_2-376a52a8ac,2026-05-07T20:26:51.635Z,49.697,1,77.15,345,0,0,,,,
powertraces-pt200array_pt217_r2_7536322_2-376a52a8ac,2026-05-07T20:26:51.635Z,49.697,2,78.08,345,0,0,,,,
powertraces-pt200array_pt217_r2_7536322_2-376a52a8ac,2026-05-07T20:26:51.635Z,49.697,3,77.53,345,0,0,,,,
powertraces-pt200array_pt217_r2_7536322_2-376a52a8ac,2026-05-07T20:26:51.735Z,49.797,0,77.07,345,0,0,,,,
powertraces-pt200array_pt217_r2_7536322_2-376a52a8ac,2026-05-07T20:26:51.735Z,49.797,1,77.15,345,0,0,,,,
powertraces-pt200array_pt217_r2_7536322_2-376a52a8ac,2026-05-07T20:26:51.735Z,49.797,2,78.09,345,0,0,,,,
powertraces-pt200array_pt217_r2_7536322_2-376a52a8ac,2026-05-07T20:26:51.735Z,49.797,3,77.54,345,0,0,,,,
powertraces-pt200array_pt217_r2_7536322_2-376a52a8ac,2026-05-07T20:26:51.836Z,49.898,0,77.07,345,0,0,,,,
powertraces-pt200array_pt217_r2_7536322_2-376a52a8ac,2026-05-07T20:26:51.836Z,49.898,1,77.16,345,0,0,,,,
powertraces-pt200array_pt217_r2_7536322_2-376a52a8ac,2026-05-07T20:26:51.836Z,49.898,2,78.1,345,0,0,,,,
powertraces-pt200array_pt217_r2_7536322_2-376a52a8ac,2026-05-07T20:26:51.836Z,49.898,3,77.52,345,0,0,,,,
powertraces-pt200array_pt217_r2_7536322_2-376a52a8ac,2026-05-07T20:26:51.936Z,49.998,0,77.07,345,0,0,,,,
powertraces-pt200array_pt217_r2_7536322_2-376a52a8ac,2026-05-07T20:26:51.936Z,49.998,1,77.18,345,0,0,,,,
powertraces-pt200array_pt217_r2_7536322_2-376a52a8ac,2026-05-07T20:26:51.936Z,49.998,2,78.09,345,0,0,,,,
powertraces-pt200array_pt217_r2_7536322_2-376a52a8ac,2026-05-07T20:26:51.936Z,49.998,3,77.53,345,0,0,,,,
powertraces-pt200array_pt217_r2_7536322_2-376a52a8ac,2026-05-07T20:26:52.036Z,50.098,0,77.05,345,0,0,,,,
powertraces-pt200array_pt217_r2_7536322_2-376a52a8ac,2026-05-07T20:26:52.036Z,50.098,1,77.19,345,0,0,,,,
powertraces-pt200array_pt217_r2_7536322_2-376a52a8ac,2026-05-07T20:26:52.036Z,50.098,2,78.07,345,0,0,,,,
powertraces-pt200array_pt217_r2_7536322_2-376a52a8ac,2026-05-07T20:26:52.036Z,50.098,3,77.53,345,0,0,,,,
powertraces-pt200array_pt217_r2_7536322_2-376a52a8ac,2026-05-07T20:26:52.136Z,50.198,0,77.07,345,0,0,,,,
powertraces-pt200array_pt217_r2_7536322_2-376a52a8ac,2026-05-07T20:26:52.136Z,50.198,1,77.21,345,0,0,,,,
powertraces-pt200array_pt217_r2_7536322_2-376a52a8ac,2026-05-07T20:26:52.136Z,50.198,2,78.07,345,0,0,,,,
powertraces-pt200array_pt217_r2_7536322_2-376a52a8ac,2026-05-07T20:26:52.136Z,50.198,3,77.55,345,0,0,,,,
powertraces-pt200array_pt217_r2_7536322_2-376a52a8ac,2026-05-07T20:26:52.236Z,50.298,0,77.07,345,0,0,,,,
powertraces-pt200array_pt217_r2_7536322_2-376a52a8ac,2026-05-07T20:26:52.236Z,50.298,1,77.23,345,0,0,,,,
powertraces-pt200array_pt217_r2_7536322_2-376a52a8ac,2026-05-07T20:26:52.236Z,50.298,2,78.07,345,0,0,,,,
powertraces-pt200array_pt217_r2_7536322_2-376a52a8ac,2026-05-07T20:26:52.236Z,50.298,3,77.57,345,0,0,,,,
powertraces-pt200array_pt217_r2_7536322_2-376a52a8ac,2026-05-07T20:26:52.336Z,50.398,0,77.06,345,0,0,,,,
powertraces-pt200array_pt217_r2_7536322_2-376a52a8ac,2026-05-07T20:26:52.336Z,50.398,1,77.19,345,0,0,,,,
powertraces-pt200array_pt217_r2_7536322_2-376a52a8ac,2026-05-07T20:26:52.336Z,50.398,2,78.08,345,0,0,,,,
powertraces-pt200array_pt217_r2_7536322_2-376a52a8ac,2026-05-07T20:26:52.336Z,50.398,3,77.56,345,0,0,,,,
powertraces-pt200array_pt217_r2_7536322_2-376a52a8ac,2026-05-07T20:26:52.436Z,50.498,0,77.04,345,0,0,,,,
powertraces-pt200array_pt217_r2_7536322_2-376a52a8ac,2026-05-07T20:26:52.436Z,50.498,1,77.19,345,0,0,,,,
powertraces-pt200array_pt217_r2_7536322_2-376a52a8ac,2026-05-07T20:26:52.436Z,50.498,2,78.09,345,0,0,,,,
powertraces-pt200array_pt217_r2_7536322_2-376a52a8ac,2026-05-07T20:26:52.436Z,50.498,3,77.59,345,0,0,,,,
powertraces-pt200array_pt217_r2_7536322_2-376a52a8ac,2026-05-07T20:26:52.537Z,50.599,0,77.05,345,0,0,,,,
powertraces-pt200array_pt217_r2_7536322_2-376a52a8ac,2026-05-07T20:26:52.537Z,50.599,1,77.18,345,0,0,,,,
powertraces-pt200array_pt217_r2_7536322_2-376a52a8ac,2026-05-07T20:26:52.537Z,50.599,2,78.09,345,0,0,,,,
powertraces-pt200array_pt217_r2_7536322_2-376a52a8ac,2026-05-07T20:26:52.537Z,50.599,3,77.6,345,0,0,,,,
powertraces-pt200array_pt217_r2_7536322_2-376a52a8ac,2026-05-07T20:26:52.637Z,50.699,0,77.05,345,0,0,,,,
powertraces-pt200array_pt217_r2_7536322_2-376a52a8ac,2026-05-07T20:26:52.637Z,50.699,1,77.18,345,0,0,,,,
powertraces-pt200array_pt217_r2_7536322_2-376a52a8ac,2026-05-07T20:26:52.637Z,50.699,2,78.09,345,0,0,,,,
powertraces-pt200array_pt217_r2_7536322_2-376a52a8ac,2026-05-07T20:26:52.637Z,50.699,3,77.59,345,0,0,,,,
powertraces-pt200array_pt217_r2_7536322_2-376a52a8ac,2026-05-07T20:26:52.737Z,50.799,0,77.06,345,0,0,,,,
powertraces-pt200array_pt217_r2_7536322_2-376a52a8ac,2026-05-07T20:26:52.737Z,50.799,1,77.19,345,0,0,,,,
powertraces-pt200array_pt217_r2_7536322_2-376a52a8ac,2026-05-07T20:26:52.737Z,50.799,2,78.09,345,0,0,,,,
powertraces-pt200array_pt217_r2_7536322_2-376a52a8ac,2026-05-07T20:26:52.737Z,50.799,3,77.59,345,0,0,,,,
powertraces-pt200array_pt217_r2_7536322_2-376a52a8ac,2026-05-07T20:26:52.837Z,50.899,0,77.08,345,0,0,,,,
powertraces-pt200array_pt217_r2_7536322_2-376a52a8ac,2026-05-07T20:26:52.837Z,50.899,1,77.18,345,0,0,,,,
powertraces-pt200array_pt217_r2_7536322_2-376a52a8ac,2026-05-07T20:26:52.837Z,50.899,2,78.1,345,0,0,,,,
powertraces-pt200array_pt217_r2_7536322_2-376a52a8ac,2026-05-07T20:26:52.837Z,50.899,3,77.58,345,0,0,,,,
powertraces-pt200array_pt217_r2_7536322_2-376a52a8ac,2026-05-07T20:26:52.937Z,50.999,0,77.11,345,0,0,,,,
powertraces-pt200array_pt217_r2_7536322_2-376a52a8ac,2026-05-07T20:26:52.937Z,50.999,1,77.17,345,0,0,,,,
powertraces-pt200array_pt217_r2_7536322_2-376a52a8ac,2026-05-07T20:26:52.937Z,50.999,2,78.12,345,0,0,,,,
powertraces-pt200array_pt217_r2_7536322_2-376a52a8ac,2026-05-07T20:26:52.937Z,50.999,3,77.58,345,0,0,,,,
powertraces-pt200array_pt217_r2_7536322_2-376a52a8ac,2026-05-07T20:26:53.037Z,51.099,0,77.13,345,0,0,,,,
powertraces-pt200array_pt217_r2_7536322_2-376a52a8ac,2026-05-07T20:26:53.037Z,51.099,1,77.16,345,0,0,,,,
powertraces-pt200array_pt217_r2_7536322_2-376a52a8ac,2026-05-07T20:26:53.037Z,51.099,2,78.11,345,0,0,,,,
powertraces-pt200array_pt217_r2_7536322_2-376a52a8ac,2026-05-07T20:26:53.037Z,51.099,3,77.57,345,0,0,,,,
powertraces-pt200array_pt217_r2_7536322_2-376a52a8ac,2026-05-07T20:26:53.137Z,51.199,0,77.1,345,0,0,,,,
powertraces-pt200array_pt217_r2_7536322_2-376a52a8ac,2026-05-07T20:26:53.137Z,51.199,1,77.17,345,0,0,,,,
powertraces-pt200array_pt217_r2_7536322_2-376a52a8ac,2026-05-07T20:26:53.138Z,51.2,2,78.1,345,0,0,,,,
powertraces-pt200array_pt217_r2_7536322_2-376a52a8ac,2026-05-07T20:26:53.138Z,51.2,3,77.55,345,0,0,,,,
powertraces-pt200array_pt217_r2_7536322_2-376a52a8ac,2026-05-07T20:26:53.238Z,51.3,0,77.13,345,0,0,,,,
powertraces-pt200array_pt217_r2_7536322_2-376a52a8ac,2026-05-07T20:26:53.238Z,51.3,1,77.15,345,0,0,,,,
powertraces-pt200array_pt217_r2_7536322_2-376a52a8ac,2026-05-07T20:26:53.238Z,51.3,2,78.1,345,0,0,,,,
powertraces-pt200array_pt217_r2_7536322_2-376a52a8ac,2026-05-07T20:26:53.238Z,51.3,3,77.57,345,0,0,,,,
powertraces-pt200array_pt217_r2_7536322_2-376a52a8ac,2026-05-07T20:26:53.338Z,51.4,0,77.14,345,0,0,,,,
powertraces-pt200array_pt217_r2_7536322_2-376a52a8ac,2026-05-07T20:26:53.338Z,51.4,1,77.15,345,0,0,,,,
powertraces-pt200array_pt217_r2_7536322_2-376a52a8ac,2026-05-07T20:26:53.338Z,51.4,2,78.09,345,0,0,,,,
powertraces-pt200array_pt217_r2_7536322_2-376a52a8ac,2026-05-07T20:26:53.338Z,51.4,3,77.56,345,0,0,,,,
powertraces-pt200array_pt217_r2_7536322_2-376a52a8ac,2026-05-07T20:26:53.438Z,51.5,0,77.13,345,0,0,,,,
powertraces-pt200array_pt217_r2_7536322_2-376a52a8ac,2026-05-07T20:26:53.438Z,51.5,1,77.17,345,0,0,,,,
powertraces-pt200array_pt217_r2_7536322_2-376a52a8ac,2026-05-07T20:26:53.438Z,51.5,2,78.08,345,0,0,,,,
powertraces-pt200array_pt217_r2_7536322_2-376a52a8ac,2026-05-07T20:26:53.438Z,51.5,3,77.55,345,0,0,,,,
powertraces-pt200array_pt217_r2_7536322_2-376a52a8ac,2026-05-07T20:26:53.538Z,51.6,0,77.12,345,0,0,,,,
powertraces-pt200array_pt217_r2_7536322_2-376a52a8ac,2026-05-07T20:26:53.538Z,51.6,1,77.17,345,0,0,,,,
powertraces-pt200array_pt217_r2_7536322_2-376a52a8ac,2026-05-07T20:26:53.538Z,51.6,2,78.08,345,0,0,,,,
powertraces-pt200array_pt217_r2_7536322_2-376a52a8ac,2026-05-07T20:26:53.538Z,51.6,3,77.55,345,0,0,,,,
powertraces-pt200array_pt217_r2_7536322_2-376a52a8ac,2026-05-07T20:26:53.638Z,51.7,0,77.13,345,0,0,,,,
powertraces-pt200array_pt217_r2_7536322_2-376a52a8ac,2026-05-07T20:26:53.638Z,51.7,1,77.17,345,0,0,,,,
powertraces-pt200array_pt217_r2_7536322_2-376a52a8ac,2026-05-07T20:26:53.638Z,51.7,2,78.08,345,0,0,,,,
powertraces-pt200array_pt217_r2_7536322_2-376a52a8ac,2026-05-07T20:26:53.638Z,51.7,3,77.55,345,0,0,,,,
powertraces-pt200array_pt217_r2_7536322_2-376a52a8ac,2026-05-07T20:26:53.738Z,51.8,0,77.11,345,0,0,,,,
powertraces-pt200array_pt217_r2_7536322_2-376a52a8ac,2026-05-07T20:26:53.738Z,51.8,1,77.17,345,0,0,,,,
powertraces-pt200array_pt217_r2_7536322_2-376a52a8ac,2026-05-07T20:26:53.739Z,51.801,2,78.08,345,0,0,,,,
powertraces-pt200array_pt217_r2_7536322_2-376a52a8ac,2026-05-07T20:26:53.739Z,51.801,3,77.54,345,0,0,,,,
powertraces-pt200array_pt217_r2_7536322_2-376a52a8ac,2026-05-07T20:26:53.839Z,51.901,0,77.09,345,0,0,,,,
powertraces-pt200array_pt217_r2_7536322_2-376a52a8ac,2026-05-07T20:26:53.839Z,51.901,1,77.17,345,0,0,,,,
powertraces-pt200array_pt217_r2_7536322_2-376a52a8ac,2026-05-07T20:26:53.839Z,51.901,2,78.06,345,0,0,,,,
powertraces-pt200array_pt217_r2_7536322_2-376a52a8ac,2026-05-07T20:26:53.839Z,51.901,3,77.54,345,0,0,,,,
powertraces-pt200array_pt217_r2_7536322_2-376a52a8ac,2026-05-07T20:26:53.939Z,52.001,0,77.08,345,0,0,,,,
powertraces-pt200array_pt217_r2_7536322_2-376a52a8ac,2026-05-07T20:26:53.939Z,52.001,1,77.16,345,0,0,,,,
powertraces-pt200array_pt217_r2_7536322_2-376a52a8ac,2026-05-07T20:26:53.939Z,52.001,2,78.09,345,0,0,,,,
powertraces-pt200array_pt217_r2_7536322_2-376a52a8ac,2026-05-07T20:26:53.939Z,52.001,3,77.55,345,0,0,,,,
powertraces-pt200array_pt217_r2_7536322_2-376a52a8ac,2026-05-07T20:26:54.039Z,52.101,0,77.07,345,0,0,,,,
powertraces-pt200array_pt217_r2_7536322_2-376a52a8ac,2026-05-07T20:26:54.039Z,52.101,1,77.14,345,0,0,,,,
powertraces-pt200array_pt217_r2_7536322_2-376a52a8ac,2026-05-07T20:26:54.039Z,52.101,2,78.09,345,0,0,,,,
powertraces-pt200array_pt217_r2_7536322_2-376a52a8ac,2026-05-07T20:26:54.039Z,52.101,3,77.57,345,0,0,,,,
powertraces-pt200array_pt217_r2_7536322_2-376a52a8ac,2026-05-07T20:26:54.139Z,52.201,0,77.06,345,0,0,,,,
powertraces-pt200array_pt217_r2_7536322_2-376a52a8ac,2026-05-07T20:26:54.139Z,52.201,1,77.16,345,0,0,,,,
powertraces-pt200array_pt217_r2_7536322_2-376a52a8ac,2026-05-07T20:26:54.139Z,52.201,2,78.08,345,0,0,,,,
powertraces-pt200array_pt217_r2_7536322_2-376a52a8ac,2026-05-07T20:26:54.139Z,52.201,3,77.56,345,0,0,,,,
powertraces-pt200array_pt217_r2_7536322_2-376a52a8ac,2026-05-07T20:26:54.239Z,52.301,0,77.06,345,0,0,,,,
powertraces-pt200array_pt217_r2_7536322_2-376a52a8ac,2026-05-07T20:26:54.239Z,52.301,1,77.15,345,0,0,,,,
powertraces-pt200array_pt217_r2_7536322_2-376a52a8ac,2026-05-07T20:26:54.239Z,52.301,2,78.07,345,0,0,,,,
powertraces-pt200array_pt217_r2_7536322_2-376a52a8ac,2026-05-07T20:26:54.239Z,52.301,3,77.55,345,0,0,,,,
powertraces-pt200array_pt217_r2_7536322_2-376a52a8ac,2026-05-07T20:26:54.34Z,52.402,0,77.07,345,0,0,,,,
powertraces-pt200array_pt217_r2_7536322_2-376a52a8ac,2026-05-07T20:26:54.34Z,52.402,1,77.14,345,0,0,,,,
powertraces-pt200array_pt217_r2_7536322_2-376a52a8ac,2026-05-07T20:26:54.34Z,52.402,2,78.08,345,0,0,,,,
powertraces-pt200array_pt217_r2_7536322_2-376a52a8ac,2026-05-07T20:26:54.34Z,52.402,3,77.56,345,0,0,,,,
powertraces-pt200array_pt217_r2_7536322_2-376a52a8ac,2026-05-07T20:26:54.44Z,52.502,0,77.07,345,0,0,,,,
powertraces-pt200array_pt217_r2_7536322_2-376a52a8ac,2026-05-07T20:26:54.44Z,52.502,1,77.14,345,0,0,,,,
powertraces-pt200array_pt217_r2_7536322_2-376a52a8ac,2026-05-07T20:26:54.44Z,52.502,2,78.08,345,0,0,,,,
powertraces-pt200array_pt217_r2_7536322_2-376a52a8ac,2026-05-07T20:26:54.44Z,52.502,3,77.56,345,0,0,,,,
powertraces-pt200array_pt217_r2_7536322_2-376a52a8ac,2026-05-07T20:26:54.54Z,52.602,0,77.07,345,0,0,,,,
powertraces-pt200array_pt217_r2_7536322_2-376a52a8ac,2026-05-07T20:26:54.54Z,52.602,1,77.15,345,0,0,,,,
powertraces-pt200array_pt217_r2_7536322_2-376a52a8ac,2026-05-07T20:26:54.54Z,52.602,2,78.09,345,0,0,,,,
powertraces-pt200array_pt217_r2_7536322_2-376a52a8ac,2026-05-07T20:26:54.54Z,52.602,3,77.55,345,0,0,,,,
powertraces-pt200array_pt217_r2_7536322_2-376a52a8ac,2026-05-07T20:26:54.64Z,52.702,0,77.04,345,0,0,,,,
powertraces-pt200array_pt217_r2_7536322_2-376a52a8ac,2026-05-07T20:26:54.64Z,52.702,1,77.14,345,0,0,,,,
powertraces-pt200array_pt217_r2_7536322_2-376a52a8ac,2026-05-07T20:26:54.64Z,52.702,2,78.08,345,0,0,,,,
powertraces-pt200array_pt217_r2_7536322_2-376a52a8ac,2026-05-07T20:26:54.64Z,52.702,3,77.55,345,0,0,,,,
powertraces-pt200array_pt217_r2_7536322_2-376a52a8ac,2026-05-07T20:26:54.74Z,52.802,0,77.1,345,0,0,,,,
powertraces-pt200array_pt217_r2_7536322_2-376a52a8ac,2026-05-07T20:26:54.74Z,52.802,1,77.14,345,0,0,,,,
powertraces-pt200array_pt217_r2_7536322_2-376a52a8ac,2026-05-07T20:26:54.74Z,52.802,2,78.1,345,0,0,,,,
powertraces-pt200array_pt217_r2_7536322_2-376a52a8ac,2026-05-07T20:26:54.74Z,52.802,3,77.56,345,0,0,,,,
powertraces-pt200array_pt217_r2_7536322_2-376a52a8ac,2026-05-07T20:26:54.84Z,52.902,0,77.09,345,0,0,,,,
powertraces-pt200array_pt217_r2_7536322_2-376a52a8ac,2026-05-07T20:26:54.841Z,52.903,1,77.14,345,0,0,,,,
powertraces-pt200array_pt217_r2_7536322_2-376a52a8ac,2026-05-07T20:26:54.841Z,52.903,2,78.08,345,0,0,,,,
powertraces-pt200array_pt217_r2_7536322_2-376a52a8ac,2026-05-07T20:26:54.841Z,52.903,3,77.54,345,0,0,,,,
powertraces-pt200array_pt217_r2_7536322_2-376a52a8ac,2026-05-07T20:26:54.941Z,53.003,0,77.08,345,0,0,,,,
powertraces-pt200array_pt217_r2_7536322_2-376a52a8ac,2026-05-07T20:26:54.941Z,53.003,1,77.14,345,0,0,,,,
powertraces-pt200array_pt217_r2_7536322_2-376a52a8ac,2026-05-07T20:26:54.941Z,53.003,2,78.08,345,0,0,,,,
powertraces-pt200array_pt217_r2_7536322_2-376a52a8ac,2026-05-07T20:26:54.941Z,53.003,3,77.55,345,0,0,,,,
powertraces-pt200array_pt217_r2_7536322_2-376a52a8ac,2026-05-07T20:26:55.041Z,53.103,0,77.08,345,0,0,,,,
powertraces-pt200array_pt217_r2_7536322_2-376a52a8ac,2026-05-07T20:26:55.041Z,53.103,1,77.15,345,0,0,,,,
powertraces-pt200array_pt217_r2_7536322_2-376a52a8ac,2026-05-07T20:26:55.041Z,53.103,2,78.09,345,0,0,,,,
powertraces-pt200array_pt217_r2_7536322_2-376a52a8ac,2026-05-07T20:26:55.041Z,53.103,3,77.56,345,0,0,,,,
powertraces-pt200array_pt217_r2_7536322_2-376a52a8ac,2026-05-07T20:26:55.141Z,53.203,0,77.08,345,0,0,,,,
powertraces-pt200array_pt217_r2_7536322_2-376a52a8ac,2026-05-07T20:26:55.141Z,53.203,1,77.16,345,0,0,,,,
powertraces-pt200array_pt217_r2_7536322_2-376a52a8ac,2026-05-07T20:26:55.141Z,53.203,2,78.11,345,0,0,,,,
powertraces-pt200array_pt217_r2_7536322_2-376a52a8ac,2026-05-07T20:26:55.141Z,53.203,3,77.54,345,0,0,,,,
powertraces-pt200array_pt217_r2_7536322_2-376a52a8ac,2026-05-07T20:26:55.241Z,53.303,0,77.08,345,0,0,,,,
powertraces-pt200array_pt217_r2_7536322_2-376a52a8ac,2026-05-07T20:26:55.241Z,53.303,1,77.16,345,0,0,,,,
powertraces-pt200array_pt217_r2_7536322_2-376a52a8ac,2026-05-07T20:26:55.241Z,53.303,2,78.13,345,0,0,,,,
powertraces-pt200array_pt217_r2_7536322_2-376a52a8ac,2026-05-07T20:26:55.241Z,53.303,3,77.54,345,0,0,,,,
powertraces-pt200array_pt217_r2_7536322_2-376a52a8ac,2026-05-07T20:26:55.341Z,53.403,0,77.07,345,0,0,,,,
powertraces-pt200array_pt217_r2_7536322_2-376a52a8ac,2026-05-07T20:26:55.341Z,53.403,1,77.2,345,0,0,,,,
powertraces-pt200array_pt217_r2_7536322_2-376a52a8ac,2026-05-07T20:26:55.341Z,53.403,2,78.12,345,0,0,,,,
powertraces-pt200array_pt217_r2_7536322_2-376a52a8ac,2026-05-07T20:26:55.341Z,53.403,3,77.55,345,0,0,,,,
powertraces-pt200array_pt217_r2_7536322_2-376a52a8ac,2026-05-07T20:26:55.442Z,53.504,0,77.08,345,0,0,,,,
powertraces-pt200array_pt217_r2_7536322_2-376a52a8ac,2026-05-07T20:26:55.442Z,53.504,1,77.18,345,0,0,,,,
powertraces-pt200array_pt217_r2_7536322_2-376a52a8ac,2026-05-07T20:26:55.442Z,53.504,2,78.12,345,0,0,,,,
powertraces-pt200array_pt217_r2_7536322_2-376a52a8ac,2026-05-07T20:26:55.442Z,53.504,3,77.56,345,0,0,,,,
powertraces-pt200array_pt217_r2_7536322_2-376a52a8ac,2026-05-07T20:26:55.542Z,53.604,0,77.09,345,0,0,,,,
powertraces-pt200array_pt217_r2_7536322_2-376a52a8ac,2026-05-07T20:26:55.542Z,53.604,1,77.18,345,0,0,,,,
powertraces-pt200array_pt217_r2_7536322_2-376a52a8ac,2026-05-07T20:26:55.542Z,53.604,2,78.12,345,0,0,,,,
powertraces-pt200array_pt217_r2_7536322_2-376a52a8ac,2026-05-07T20:26:55.542Z,53.604,3,77.58,345,0,0,,,,
powertraces-pt200array_pt217_r2_7536322_2-376a52a8ac,2026-05-07T20:26:55.642Z,53.704,0,77.08,345,0,0,,,,
powertraces-pt200array_pt217_r2_7536322_2-376a52a8ac,2026-05-07T20:26:55.642Z,53.704,1,77.18,345,0,0,,,,
powertraces-pt200array_pt217_r2_7536322_2-376a52a8ac,2026-05-07T20:26:55.642Z,53.704,2,78.11,345,0,0,,,,
powertraces-pt200array_pt217_r2_7536322_2-376a52a8ac,2026-05-07T20:26:55.642Z,53.704,3,77.59,345,0,0,,,,
powertraces-pt200array_pt217_r2_7536322_2-376a52a8ac,2026-05-07T20:26:55.742Z,53.804,0,77.07,345,0,0,,,,
powertraces-pt200array_pt217_r2_7536322_2-376a52a8ac,2026-05-07T20:26:55.742Z,53.804,1,77.19,345,0,0,,,,
powertraces-pt200array_pt217_r2_7536322_2-376a52a8ac,2026-05-07T20:26:55.742Z,53.804,2,78.09,345,0,0,,,,
powertraces-pt200array_pt217_r2_7536322_2-376a52a8ac,2026-05-07T20:26:55.742Z,53.804,3,77.61,345,0,0,,,,
powertraces-pt200array_pt217_r2_7536322_2-376a52a8ac,2026-05-07T20:26:55.842Z,53.904,0,77.07,345,0,0,,,,
powertraces-pt200array_pt217_r2_7536322_2-376a52a8ac,2026-05-07T20:26:55.842Z,53.904,1,77.19,345,0,0,,,,
powertraces-pt200array_pt217_r2_7536322_2-376a52a8ac,2026-05-07T20:26:55.842Z,53.904,2,78.09,345,0,0,,,,
powertraces-pt200array_pt217_r2_7536322_2-376a52a8ac,2026-05-07T20:26:55.842Z,53.904,3,77.6,345,0,0,,,,
powertraces-pt200array_pt217_r2_7536322_2-376a52a8ac,2026-05-07T20:26:55.943Z,54.005,0,77.08,345,0,0,,,,
powertraces-pt200array_pt217_r2_7536322_2-376a52a8ac,2026-05-07T20:26:55.943Z,54.005,1,77.18,345,0,0,,,,
powertraces-pt200array_pt217_r2_7536322_2-376a52a8ac,2026-05-07T20:26:55.943Z,54.005,2,78.08,345,0,0,,,,
powertraces-pt200array_pt217_r2_7536322_2-376a52a8ac,2026-05-07T20:26:55.943Z,54.005,3,77.59,345,0,0,,,,
powertraces-pt200array_pt217_r2_7536322_2-376a52a8ac,2026-05-07T20:26:56.043Z,54.105,0,77.07,345,0,0,,,,
powertraces-pt200array_pt217_r2_7536322_2-376a52a8ac,2026-05-07T20:26:56.043Z,54.105,1,77.21,345,0,0,,,,
powertraces-pt200array_pt217_r2_7536322_2-376a52a8ac,2026-05-07T20:26:56.043Z,54.105,2,78.07,345,0,0,,,,
powertraces-pt200array_pt217_r2_7536322_2-376a52a8ac,2026-05-07T20:26:56.043Z,54.105,3,77.58,345,0,0,,,,
powertraces-pt200array_pt217_r2_7536322_2-376a52a8ac,2026-05-07T20:26:56.143Z,54.205,0,77.08,345,0,0,,,,
powertraces-pt200array_pt217_r2_7536322_2-376a52a8ac,2026-05-07T20:26:56.143Z,54.205,1,77.19,345,0,0,,,,
powertraces-pt200array_pt217_r2_7536322_2-376a52a8ac,2026-05-07T20:26:56.143Z,54.205,2,78.07,345,0,0,,,,
powertraces-pt200array_pt217_r2_7536322_2-376a52a8ac,2026-05-07T20:26:56.143Z,54.205,3,77.59,345,0,0,,,,
powertraces-pt200array_pt217_r2_7536322_2-376a52a8ac,2026-05-07T20:26:56.243Z,54.305,0,77.11,345,0,0,,,,
powertraces-pt200array_pt217_r2_7536322_2-376a52a8ac,2026-05-07T20:26:56.243Z,54.305,1,77.17,345,0,0,,,,
powertraces-pt200array_pt217_r2_7536322_2-376a52a8ac,2026-05-07T20:26:56.243Z,54.305,2,78.05,345,0,0,,,,
powertraces-pt200array_pt217_r2_7536322_2-376a52a8ac,2026-05-07T20:26:56.243Z,54.305,3,77.58,345,0,0,,,,
powertraces-pt200array_pt217_r2_7536322_2-376a52a8ac,2026-05-07T20:26:56.343Z,54.405,0,77.11,345,0,0,,,,
powertraces-pt200array_pt217_r2_7536322_2-376a52a8ac,2026-05-07T20:26:56.343Z,54.405,1,77.17,345,0,0,,,,
powertraces-pt200array_pt217_r2_7536322_2-376a52a8ac,2026-05-07T20:26:56.343Z,54.405,2,78.03,345,0,0,,,,
powertraces-pt200array_pt217_r2_7536322_2-376a52a8ac,2026-05-07T20:26:56.343Z,54.405,3,77.57,345,0,0,,,,
powertraces-pt200array_pt217_r2_7536322_2-376a52a8ac,2026-05-07T20:26:56.443Z,54.505,0,77.11,345,0,0,,,,
powertraces-pt200array_pt217_r2_7536322_2-376a52a8ac,2026-05-07T20:26:56.443Z,54.505,1,77.17,345,0,0,,,,
powertraces-pt200array_pt217_r2_7536322_2-376a52a8ac,2026-05-07T20:26:56.443Z,54.505,2,78.04,345,0,0,,,,
powertraces-pt200array_pt217_r2_7536322_2-376a52a8ac,2026-05-07T20:26:56.443Z,54.505,3,77.58,345,0,0,,,,
powertraces-pt200array_pt217_r2_7536322_2-376a52a8ac,2026-05-07T20:26:56.544Z,54.606,0,77.12,345,0,0,,,,
powertraces-pt200array_pt217_r2_7536322_2-376a52a8ac,2026-05-07T20:26:56.544Z,54.606,1,77.17,345,0,0,,,,
powertraces-pt200array_pt217_r2_7536322_2-376a52a8ac,2026-05-07T20:26:56.544Z,54.606,2,78.03,345,0,0,,,,
powertraces-pt200array_pt217_r2_7536322_2-376a52a8ac,2026-05-07T20:26:56.544Z,54.606,3,77.6,345,0,0,,,,
powertraces-pt200array_pt217_r2_7536322_2-376a52a8ac,2026-05-07T20:26:56.644Z,54.706,0,77.12,345,0,0,,,,
powertraces-pt200array_pt217_r2_7536322_2-376a52a8ac,2026-05-07T20:26:56.644Z,54.706,1,77.17,345,0,0,,,,
powertraces-pt200array_pt217_r2_7536322_2-376a52a8ac,2026-05-07T20:26:56.644Z,54.706,2,78.03,345,0,0,,,,
powertraces-pt200array_pt217_r2_7536322_2-376a52a8ac,2026-05-07T20:26:56.644Z,54.706,3,77.6,345,0,0,,,,
powertraces-pt200array_pt217_r2_7536322_2-376a52a8ac,2026-05-07T20:26:56.744Z,54.806,0,77.12,345,0,0,,,,
powertraces-pt200array_pt217_r2_7536322_2-376a52a8ac,2026-05-07T20:26:56.744Z,54.806,1,77.15,345,0,0,,,,
powertraces-pt200array_pt217_r2_7536322_2-376a52a8ac,2026-05-07T20:26:56.744Z,54.806,2,78.05,345,0,0,,,,
powertraces-pt200array_pt217_r2_7536322_2-376a52a8ac,2026-05-07T20:26:56.744Z,54.806,3,77.58,345,0,0,,,,
powertraces-pt200array_pt217_r2_7536322_2-376a52a8ac,2026-05-07T20:26:56.844Z,54.906,0,77.1,345,0,0,,,,
powertraces-pt200array_pt217_r2_7536322_2-376a52a8ac,2026-05-07T20:26:56.844Z,54.906,1,77.15,345,0,0,,,,
powertraces-pt200array_pt217_r2_7536322_2-376a52a8ac,2026-05-07T20:26:56.844Z,54.906,2,78.07,345,0,0,,,,
powertraces-pt200array_pt217_r2_7536322_2-376a52a8ac,2026-05-07T20:26:56.844Z,54.906,3,77.57,345,0,0,,,,
powertraces-pt200array_pt217_r2_7536322_2-376a52a8ac,2026-05-07T20:26:56.944Z,55.006,0,77.13,345,0,0,,,,
powertraces-pt200array_pt217_r2_7536322_2-376a52a8ac,2026-05-07T20:26:56.944Z,55.006,1,77.14,345,0,0,,,,
powertraces-pt200array_pt217_r2_7536322_2-376a52a8ac,2026-05-07T20:26:56.944Z,55.006,2,78.07,345,0,0,,,,
powertraces-pt200array_pt217_r2_7536322_2-376a52a8ac,2026-05-07T20:26:56.944Z,55.006,3,77.59,345,0,0,,,,
powertraces-pt200array_pt217_r2_7536322_2-376a52a8ac,2026-05-07T20:26:57.044Z,55.106,0,77.14,345,0,0,,,,
powertraces-pt200array_pt217_r2_7536322_2-376a52a8ac,2026-05-07T20:26:57.044Z,55.106,1,77.13,345,0,0,,,,
powertraces-pt200array_pt217_r2_7536322_2-376a52a8ac,2026-05-07T20:26:57.044Z,55.106,2,78.06,345,0,0,,,,
powertraces-pt200array_pt217_r2_7536322_2-376a52a8ac,2026-05-07T20:26:57.044Z,55.106,3,77.57,345,0,0,,,,
powertraces-pt200array_pt217_r2_7536322_2-376a52a8ac,2026-05-07T20:26:57.145Z,55.207,0,77.14,345,0,0,,,,
powertraces-pt200array_pt217_r2_7536322_2-376a52a8ac,2026-05-07T20:26:57.145Z,55.207,1,77.13,345,0,0,,,,
powertraces-pt200array_pt217_r2_7536322_2-376a52a8ac,2026-05-07T20:26:57.145Z,55.207,2,78.05,345,0,0,,,,
powertraces-pt200array_pt217_r2_7536322_2-376a52a8ac,2026-05-07T20:26:57.145Z,55.207,3,77.57,345,0,0,,,,
powertraces-pt200array_pt217_r2_7536322_2-376a52a8ac,2026-05-07T20:26:57.245Z,55.307,0,77.15,345,0,0,,,,
powertraces-pt200array_pt217_r2_7536322_2-376a52a8ac,2026-05-07T20:26:57.245Z,55.307,1,77.14,345,0,0,,,,
powertraces-pt200array_pt217_r2_7536322_2-376a52a8ac,2026-05-07T20:26:57.245Z,55.307,2,78.05,345,0,0,,,,
powertraces-pt200array_pt217_r2_7536322_2-376a52a8ac,2026-05-07T20:26:57.245Z,55.307,3,77.57,345,0,0,,,,
powertraces-pt200array_pt217_r2_7536322_2-376a52a8ac,2026-05-07T20:26:57.345Z,55.407,0,77.16,345,0,0,,,,
powertraces-pt200array_pt217_r2_7536322_2-376a52a8ac,2026-05-07T20:26:57.345Z,55.407,1,77.15,345,0,0,,,,
powertraces-pt200array_pt217_r2_7536322_2-376a52a8ac,2026-05-07T20:26:57.345Z,55.407,2,78.07,345,0,0,,,,
powertraces-pt200array_pt217_r2_7536322_2-376a52a8ac,2026-05-07T20:26:57.345Z,55.407,3,77.58,345,0,0,,,,
powertraces-pt200array_pt217_r2_7536322_2-376a52a8ac,2026-05-07T20:26:57.445Z,55.507,0,77.16,345,0,0,,,,
powertraces-pt200array_pt217_r2_7536322_2-376a52a8ac,2026-05-07T20:26:57.445Z,55.507,1,77.15,345,0,0,,,,
powertraces-pt200array_pt217_r2_7536322_2-376a52a8ac,2026-05-07T20:26:57.445Z,55.507,2,78.09,345,0,0,,,,
powertraces-pt200array_pt217_r2_7536322_2-376a52a8ac,2026-05-07T20:26:57.445Z,55.507,3,77.56,345,0,0,,,,
powertraces-pt200array_pt217_r2_7536322_2-376a52a8ac,2026-05-07T20:26:57.545Z,55.607,0,77.14,345,0,0,,,,
powertraces-pt200array_pt217_r2_7536322_2-376a52a8ac,2026-05-07T20:26:57.545Z,55.607,1,77.15,345,0,0,,,,
powertraces-pt200array_pt217_r2_7536322_2-376a52a8ac,2026-05-07T20:26:57.545Z,55.607,2,78.09,345,0,0,,,,
powertraces-pt200array_pt217_r2_7536322_2-376a52a8ac,2026-05-07T20:26:57.545Z,55.607,3,77.53,345,0,0,,,,
powertraces-pt200array_pt217_r2_7536322_2-376a52a8ac,2026-05-07T20:26:57.645Z,55.707,0,77.18,345,0,0,,,,
powertraces-pt200array_pt217_r2_7536322_2-376a52a8ac,2026-05-07T20:26:57.645Z,55.707,1,77.15,345,0,0,,,,
powertraces-pt200array_pt217_r2_7536322_2-376a52a8ac,2026-05-07T20:26:57.645Z,55.707,2,78.1,345,0,0,,,,
powertraces-pt200array_pt217_r2_7536322_2-376a52a8ac,2026-05-07T20:26:57.645Z,55.707,3,77.53,345,0,0,,,,
powertraces-pt200array_pt217_r2_7536322_2-376a52a8ac,2026-05-07T20:26:57.746Z,55.808,0,77.18,345,0,0,,,,
powertraces-pt200array_pt217_r2_7536322_2-376a52a8ac,2026-05-07T20:26:57.746Z,55.808,1,77.16,345,0,0,,,,
powertraces-pt200array_pt217_r2_7536322_2-376a52a8ac,2026-05-07T20:26:57.746Z,55.808,2,78.09,345,0,0,,,,
powertraces-pt200array_pt217_r2_7536322_2-376a52a8ac,2026-05-07T20:26:57.746Z,55.808,3,77.54,345,0,0,,,,
powertraces-pt200array_pt217_r2_7536322_2-376a52a8ac,2026-05-07T20:26:57.846Z,55.908,0,77.19,345,0,0,,,,
powertraces-pt200array_pt217_r2_7536322_2-376a52a8ac,2026-05-07T20:26:57.846Z,55.908,1,77.17,345,0,0,,,,
powertraces-pt200array_pt217_r2_7536322_2-376a52a8ac,2026-05-07T20:26:57.846Z,55.908,2,78.09,345,0,0,,,,
powertraces-pt200array_pt217_r2_7536322_2-376a52a8ac,2026-05-07T20:26:57.846Z,55.908,3,77.57,345,0,0,,,,
powertraces-pt200array_pt217_r2_7536322_2-376a52a8ac,2026-05-07T20:26:57.946Z,56.008,0,77.16,345,0,0,,,,
powertraces-pt200array_pt217_r2_7536322_2-376a52a8ac,2026-05-07T20:26:57.946Z,56.008,1,77.15,345,0,0,,,,
powertraces-pt200array_pt217_r2_7536322_2-376a52a8ac,2026-05-07T20:26:57.946Z,56.008,2,78.1,345,0,0,,,,
powertraces-pt200array_pt217_r2_7536322_2-376a52a8ac,2026-05-07T20:26:57.946Z,56.008,3,77.57,345,0,0,,,,
powertraces-pt200array_pt217_r2_7536322_2-376a52a8ac,2026-05-07T20:26:58.046Z,56.108,0,77.17,345,0,0,,,,
powertraces-pt200array_pt217_r2_7536322_2-376a52a8ac,2026-05-07T20:26:58.046Z,56.108,1,77.16,345,0,0,,,,
powertraces-pt200array_pt217_r2_7536322_2-376a52a8ac,2026-05-07T20:26:58.046Z,56.108,2,78.1,345,0,0,,,,
powertraces-pt200array_pt217_r2_7536322_2-376a52a8ac,2026-05-07T20:26:58.046Z,56.108,3,77.58,345,0,0,,,,
powertraces-pt200array_pt217_r2_7536322_2-376a52a8ac,2026-05-07T20:26:58.146Z,56.208,0,77.16,345,0,0,,,,
powertraces-pt200array_pt217_r2_7536322_2-376a52a8ac,2026-05-07T20:26:58.146Z,56.208,1,77.15,345,0,0,,,,
powertraces-pt200array_pt217_r2_7536322_2-376a52a8ac,2026-05-07T20:26:58.146Z,56.208,2,78.09,345,0,0,,,,
powertraces-pt200array_pt217_r2_7536322_2-376a52a8ac,2026-05-07T20:26:58.146Z,56.208,3,77.58,345,0,0,,,,
powertraces-pt200array_pt217_r2_7536322_2-376a52a8ac,2026-05-07T20:26:58.246Z,56.308,0,77.15,345,0,0,,,,
powertraces-pt200array_pt217_r2_7536322_2-376a52a8ac,2026-05-07T20:26:58.246Z,56.308,1,77.18,345,0,0,,,,
powertraces-pt200array_pt217_r2_7536322_2-376a52a8ac,2026-05-07T20:26:58.246Z,56.308,2,78.09,345,0,0,,,,
powertraces-pt200array_pt217_r2_7536322_2-376a52a8ac,2026-05-07T20:26:58.246Z,56.308,3,77.57,345,0,0,,,,
powertraces-pt200array_pt217_r2_7536322_2-376a52a8ac,2026-05-07T20:26:58.346Z,56.408,0,77.16,345,0,0,,,,
powertraces-pt200array_pt217_r2_7536322_2-376a52a8ac,2026-05-07T20:26:58.346Z,56.408,1,77.16,345,0,0,,,,
powertraces-pt200array_pt217_r2_7536322_2-376a52a8ac,2026-05-07T20:26:58.346Z,56.408,2,78.09,345,0,0,,,,
powertraces-pt200array_pt217_r2_7536322_2-376a52a8ac,2026-05-07T20:26:58.346Z,56.408,3,77.57,345,0,0,,,,
powertraces-pt200array_pt217_r2_7536322_2-376a52a8ac,2026-05-07T20:26:58.447Z,56.509,0,77.15,345,0,0,,,,
powertraces-pt200array_pt217_r2_7536322_2-376a52a8ac,2026-05-07T20:26:58.447Z,56.509,1,77.16,345,0,0,,,,
powertraces-pt200array_pt217_r2_7536322_2-376a52a8ac,2026-05-07T20:26:58.447Z,56.509,2,78.07,345,0,0,,,,
powertraces-pt200array_pt217_r2_7536322_2-376a52a8ac,2026-05-07T20:26:58.447Z,56.509,3,77.57,345,0,0,,,,
powertraces-pt200array_pt217_r2_7536322_2-376a52a8ac,2026-05-07T20:26:58.547Z,56.609,0,77.14,345,0,0,,,,
powertraces-pt200array_pt217_r2_7536322_2-376a52a8ac,2026-05-07T20:26:58.547Z,56.609,1,77.19,345,0,0,,,,
powertraces-pt200array_pt217_r2_7536322_2-376a52a8ac,2026-05-07T20:26:58.547Z,56.609,2,78.07,345,0,0,,,,
powertraces-pt200array_pt217_r2_7536322_2-376a52a8ac,2026-05-07T20:26:58.547Z,56.609,3,77.58,345,0,0,,,,
powertraces-pt200array_pt217_r2_7536322_2-376a52a8ac,2026-05-07T20:26:58.647Z,56.709,0,77.11,345,0,0,,,,
powertraces-pt200array_pt217_r2_7536322_2-376a52a8ac,2026-05-07T20:26:58.647Z,56.709,1,77.17,345,0,0,,,,
powertraces-pt200array_pt217_r2_7536322_2-376a52a8ac,2026-05-07T20:26:58.647Z,56.709,2,78.07,345,0,0,,,,
powertraces-pt200array_pt217_r2_7536322_2-376a52a8ac,2026-05-07T20:26:58.647Z,56.709,3,77.56,345,0,0,,,,
powertraces-pt200array_pt217_r2_7536322_2-376a52a8ac,2026-05-07T20:26:58.747Z,56.809,0,77.12,345,0,0,,,,
powertraces-pt200array_pt217_r2_7536322_2-376a52a8ac,2026-05-07T20:26:58.747Z,56.809,1,77.16,345,0,0,,,,
powertraces-pt200array_pt217_r2_7536322_2-376a52a8ac,2026-05-07T20:26:58.747Z,56.809,2,78.08,345,0,0,,,,
powertraces-pt200array_pt217_r2_7536322_2-376a52a8ac,2026-05-07T20:26:58.747Z,56.809,3,77.56,345,0,0,,,,
powertraces-pt200array_pt217_r2_7536322_2-376a52a8ac,2026-05-07T20:26:58.847Z,56.909,0,77.11,345,0,0,,,,
powertraces-pt200array_pt217_r2_7536322_2-376a52a8ac,2026-05-07T20:26:58.847Z,56.909,1,77.17,345,0,0,,,,
powertraces-pt200array_pt217_r2_7536322_2-376a52a8ac,2026-05-07T20:26:58.847Z,56.909,2,78.07,345,0,0,,,,
powertraces-pt200array_pt217_r2_7536322_2-376a52a8ac,2026-05-07T20:26:58.847Z,56.909,3,77.56,345,0,0,,,,
powertraces-pt200array_pt217_r2_7536322_2-376a52a8ac,2026-05-07T20:26:58.947Z,57.009,0,77.11,345,0,0,,,,
powertraces-pt200array_pt217_r2_7536322_2-376a52a8ac,2026-05-07T20:26:58.948Z,57.01,1,77.2,345,0,0,,,,
powertraces-pt200array_pt217_r2_7536322_2-376a52a8ac,2026-05-07T20:26:58.948Z,57.01,2,78.07,345,0,0,,,,
powertraces-pt200array_pt217_r2_7536322_2-376a52a8ac,2026-05-07T20:26:58.948Z,57.01,3,77.56,345,0,0,,,,
powertraces-pt200array_pt217_r2_7536322_2-376a52a8ac,2026-05-07T20:26:59.048Z,57.11,0,77.09,345,0,0,,,,
powertraces-pt200array_pt217_r2_7536322_2-376a52a8ac,2026-05-07T20:26:59.048Z,57.11,1,77.18,345,0,0,,,,
powertraces-pt200array_pt217_r2_7536322_2-376a52a8ac,2026-05-07T20:26:59.048Z,57.11,2,78.08,345,0,0,,,,
powertraces-pt200array_pt217_r2_7536322_2-376a52a8ac,2026-05-07T20:26:59.048Z,57.11,3,77.58,345,0,0,,,,
powertraces-pt200array_pt217_r2_7536322_2-376a52a8ac,2026-05-07T20:26:59.148Z,57.21,0,77.12,345,0,0,,,,
powertraces-pt200array_pt217_r2_7536322_2-376a52a8ac,2026-05-07T20:26:59.148Z,57.21,1,77.18,345,0,0,,,,
powertraces-pt200array_pt217_r2_7536322_2-376a52a8ac,2026-05-07T20:26:59.148Z,57.21,2,78.1,345,0,0,,,,
powertraces-pt200array_pt217_r2_7536322_2-376a52a8ac,2026-05-07T20:26:59.148Z,57.21,3,77.58,345,0,0,,,,
powertraces-pt200array_pt217_r2_7536322_2-376a52a8ac,2026-05-07T20:26:59.248Z,57.31,0,77.14,345,0,0,,,,
powertraces-pt200array_pt217_r2_7536322_2-376a52a8ac,2026-05-07T20:26:59.248Z,57.31,1,77.18,345,0,0,,,,
powertraces-pt200array_pt217_r2_7536322_2-376a52a8ac,2026-05-07T20:26:59.248Z,57.31,2,78.1,345,0,0,,,,
powertraces-pt200array_pt217_r2_7536322_2-376a52a8ac,2026-05-07T20:26:59.248Z,57.31,3,77.57,345,0,0,,,,
powertraces-pt200array_pt217_r2_7536322_2-376a52a8ac,2026-05-07T20:26:59.348Z,57.41,0,77.12,345,0,0,,,,
powertraces-pt200array_pt217_r2_7536322_2-376a52a8ac,2026-05-07T20:26:59.348Z,57.41,1,77.18,345,0,0,,,,
powertraces-pt200array_pt217_r2_7536322_2-376a52a8ac,2026-05-07T20:26:59.348Z,57.41,2,78.09,345,0,0,,,,
powertraces-pt200array_pt217_r2_7536322_2-376a52a8ac,2026-05-07T20:26:59.348Z,57.41,3,77.57,345,0,0,,,,
powertraces-pt200array_pt217_r2_7536322_2-376a52a8ac,2026-05-07T20:26:59.448Z,57.51,0,77.15,345,0,0,,,,
powertraces-pt200array_pt217_r2_7536322_2-376a52a8ac,2026-05-07T20:26:59.448Z,57.51,1,77.19,345,0,0,,,,
powertraces-pt200array_pt217_r2_7536322_2-376a52a8ac,2026-05-07T20:26:59.448Z,57.51,2,78.09,345,0,0,,,,
powertraces-pt200array_pt217_r2_7536322_2-376a52a8ac,2026-05-07T20:26:59.448Z,57.51,3,77.55,345,0,0,,,,
powertraces-pt200array_pt217_r2_7536322_2-376a52a8ac,2026-05-07T20:26:59.548Z,57.61,0,77.14,345,0,0,,,,
powertraces-pt200array_pt217_r2_7536322_2-376a52a8ac,2026-05-07T20:26:59.548Z,57.61,1,77.17,345,0,0,,,,
powertraces-pt200array_pt217_r2_7536322_2-376a52a8ac,2026-05-07T20:26:59.548Z,57.61,2,78.1,345,0,0,,,,
powertraces-pt200array_pt217_r2_7536322_2-376a52a8ac,2026-05-07T20:26:59.548Z,57.61,3,77.55,345,0,0,,,,
powertraces-pt200array_pt217_r2_7536322_2-376a52a8ac,2026-05-07T20:26:59.649Z,57.711,0,77.15,345,0,0,,,,
powertraces-pt200array_pt217_r2_7536322_2-376a52a8ac,2026-05-07T20:26:59.649Z,57.711,1,77.18,345,0,0,,,,
powertraces-pt200array_pt217_r2_7536322_2-376a52a8ac,2026-05-07T20:26:59.649Z,57.711,2,78.09,345,0,0,,,,
powertraces-pt200array_pt217_r2_7536322_2-376a52a8ac,2026-05-07T20:26:59.649Z,57.711,3,77.57,345,0,0,,,,
powertraces-pt200array_pt217_r2_7536322_2-376a52a8ac,2026-05-07T20:26:59.749Z,57.811,0,77.14,345,0,0,,,,
powertraces-pt200array_pt217_r2_7536322_2-376a52a8ac,2026-05-07T20:26:59.749Z,57.811,1,77.17,345,0,0,,,,
powertraces-pt200array_pt217_r2_7536322_2-376a52a8ac,2026-05-07T20:26:59.749Z,57.811,2,78.08,345,0,0,,,,
powertraces-pt200array_pt217_r2_7536322_2-376a52a8ac,2026-05-07T20:26:59.749Z,57.811,3,77.58,345,0,0,,,,
powertraces-pt200array_pt217_r2_7536322_2-376a52a8ac,2026-05-07T20:26:59.849Z,57.911,0,77.17,345,0,0,,,,
powertraces-pt200array_pt217_r2_7536322_2-376a52a8ac,2026-05-07T20:26:59.849Z,57.911,1,77.18,345,0,0,,,,
powertraces-pt200array_pt217_r2_7536322_2-376a52a8ac,2026-05-07T20:26:59.849Z,57.911,2,78.1,345,0,0,,,,
powertraces-pt200array_pt217_r2_7536322_2-376a52a8ac,2026-05-07T20:26:59.849Z,57.911,3,77.59,345,0,0,,,,
powertraces-pt200array_pt217_r2_7536322_2-376a52a8ac,2026-05-07T20:26:59.949Z,58.011,0,77.17,345,0,0,,,,
powertraces-pt200array_pt217_r2_7536322_2-376a52a8ac,2026-05-07T20:26:59.949Z,58.011,1,77.16,345,0,0,,,,
powertraces-pt200array_pt217_r2_7536322_2-376a52a8ac,2026-05-07T20:26:59.949Z,58.011,2,78.08,345,0,0,,,,
powertraces-pt200array_pt217_r2_7536322_2-376a52a8ac,2026-05-07T20:26:59.949Z,58.011,3,77.57,345,0,0,,,,
powertraces-pt200array_pt217_r2_7536322_2-376a52a8ac,2026-05-07T20:27:00.049Z,58.111,0,77.16,345,0,0,,,,
powertraces-pt200array_pt217_r2_7536322_2-376a52a8ac,2026-05-07T20:27:00.049Z,58.111,1,77.16,345,0,0,,,,
powertraces-pt200array_pt217_r2_7536322_2-376a52a8ac,2026-05-07T20:27:00.049Z,58.111,2,78.07,345,0,0,,,,
powertraces-pt200array_pt217_r2_7536322_2-376a52a8ac,2026-05-07T20:27:00.049Z,58.111,3,77.57,345,0,0,,,,
powertraces-pt200array_pt217_r2_7536322_2-376a52a8ac,2026-05-07T20:27:00.149Z,58.211,0,77.14,345,0,0,,,,
powertraces-pt200array_pt217_r2_7536322_2-376a52a8ac,2026-05-07T20:27:00.149Z,58.211,1,77.17,345,0,0,,,,
powertraces-pt200array_pt217_r2_7536322_2-376a52a8ac,2026-05-07T20:27:00.149Z,58.211,2,78.05,345,0,0,,,,
powertraces-pt200array_pt217_r2_7536322_2-376a52a8ac,2026-05-07T20:27:00.149Z,58.211,3,77.58,345,0,0,,,,
powertraces-pt200array_pt217_r2_7536322_2-376a52a8ac,2026-05-07T20:27:00.25Z,58.312,0,77.14,345,0,0,,,,
powertraces-pt200array_pt217_r2_7536322_2-376a52a8ac,2026-05-07T20:27:00.25Z,58.312,1,77.17,345,0,0,,,,
powertraces-pt200array_pt217_r2_7536322_2-376a52a8ac,2026-05-07T20:27:00.25Z,58.312,2,78.06,345,0,0,,,,
powertraces-pt200array_pt217_r2_7536322_2-376a52a8ac,2026-05-07T20:27:00.25Z,58.312,3,77.59,345,0,0,,,,
powertraces-pt200array_pt217_r2_7536322_2-376a52a8ac,2026-05-07T20:27:00.35Z,58.412,0,77.11,345,0,0,,,,
powertraces-pt200array_pt217_r2_7536322_2-376a52a8ac,2026-05-07T20:27:00.35Z,58.412,1,77.17,345,0,0,,,,
powertraces-pt200array_pt217_r2_7536322_2-376a52a8ac,2026-05-07T20:27:00.35Z,58.412,2,78.07,345,0,0,,,,
powertraces-pt200array_pt217_r2_7536322_2-376a52a8ac,2026-05-07T20:27:00.35Z,58.412,3,77.58,345,0,0,,,,
powertraces-pt200array_pt217_r2_7536322_2-376a52a8ac,2026-05-07T20:27:00.45Z,58.512,0,77.09,345,0,0,,,,
powertraces-pt200array_pt217_r2_7536322_2-376a52a8ac,2026-05-07T20:27:00.45Z,58.512,1,77.18,345,0,0,,,,
powertraces-pt200array_pt217_r2_7536322_2-376a52a8ac,2026-05-07T20:27:00.45Z,58.512,2,78.08,345,0,0,,,,
powertraces-pt200array_pt217_r2_7536322_2-376a52a8ac,2026-05-07T20:27:00.45Z,58.512,3,77.58,345,0,0,,,,
powertraces-pt200array_pt217_r2_7536322_2-376a52a8ac,2026-05-07T20:27:00.55Z,58.612,0,77.09,345,0,0,,,,
powertraces-pt200array_pt217_r2_7536322_2-376a52a8ac,2026-05-07T20:27:00.55Z,58.612,1,77.17,345,0,0,,,,
powertraces-pt200array_pt217_r2_7536322_2-376a52a8ac,2026-05-07T20:27:00.55Z,58.612,2,78.06,345,0,0,,,,
powertraces-pt200array_pt217_r2_7536322_2-376a52a8ac,2026-05-07T20:27:00.55Z,58.612,3,77.61,345,0,0,,,,
powertraces-pt200array_pt217_r2_7536322_2-376a52a8ac,2026-05-07T20:27:00.65Z,58.712,0,77.1,345,0,0,,,,
powertraces-pt200array_pt217_r2_7536322_2-376a52a8ac,2026-05-07T20:27:00.65Z,58.712,1,77.19,345,0,0,,,,
powertraces-pt200array_pt217_r2_7536322_2-376a52a8ac,2026-05-07T20:27:00.65Z,58.712,2,78.06,345,0,0,,,,
powertraces-pt200array_pt217_r2_7536322_2-376a52a8ac,2026-05-07T20:27:00.65Z,58.712,3,77.61,345,0,0,,,,
powertraces-pt200array_pt217_r2_7536322_2-376a52a8ac,2026-05-07T20:27:00.75Z,58.812,0,77.07,345,0,0,,,,
powertraces-pt200array_pt217_r2_7536322_2-376a52a8ac,2026-05-07T20:27:00.75Z,58.812,1,77.21,345,0,0,,,,
powertraces-pt200array_pt217_r2_7536322_2-376a52a8ac,2026-05-07T20:27:00.75Z,58.812,2,78.07,345,0,0,,,,
powertraces-pt200array_pt217_r2_7536322_2-376a52a8ac,2026-05-07T20:27:00.75Z,58.812,3,77.61,345,0,0,,,,
powertraces-pt200array_pt217_r2_7536322_2-376a52a8ac,2026-05-07T20:27:00.85Z,58.912,0,77.08,345,0,0,,,,
powertraces-pt200array_pt217_r2_7536322_2-376a52a8ac,2026-05-07T20:27:00.851Z,58.913,1,77.21,345,0,0,,,,
powertraces-pt200array_pt217_r2_7536322_2-376a52a8ac,2026-05-07T20:27:00.851Z,58.913,2,78.04,345,0,0,,,,
powertraces-pt200array_pt217_r2_7536322_2-376a52a8ac,2026-05-07T20:27:00.851Z,58.913,3,77.6,345,0,0,,,,
powertraces-pt200array_pt217_r2_7536322_2-376a52a8ac,2026-05-07T20:27:00.951Z,59.013,0,77.09,345,0,0,,,,
powertraces-pt200array_pt217_r2_7536322_2-376a52a8ac,2026-05-07T20:27:00.951Z,59.013,1,77.2,345,0,0,,,,
powertraces-pt200array_pt217_r2_7536322_2-376a52a8ac,2026-05-07T20:27:00.951Z,59.013,2,78.06,345,0,0,,,,
powertraces-pt200array_pt217_r2_7536322_2-376a52a8ac,2026-05-07T20:27:00.951Z,59.013,3,77.61,345,0,0,,,,
powertraces-pt200array_pt217_r2_7536322_2-376a52a8ac,2026-05-07T20:27:01.051Z,59.113,0,77.08,345,0,0,,,,
powertraces-pt200array_pt217_r2_7536322_2-376a52a8ac,2026-05-07T20:27:01.051Z,59.113,1,77.21,345,0,0,,,,
powertraces-pt200array_pt217_r2_7536322_2-376a52a8ac,2026-05-07T20:27:01.051Z,59.113,2,78.06,345,0,0,,,,
powertraces-pt200array_pt217_r2_7536322_2-376a52a8ac,2026-05-07T20:27:01.051Z,59.113,3,77.6,345,0,0,,,,
powertraces-pt200array_pt217_r2_7536322_2-376a52a8ac,2026-05-07T20:27:01.151Z,59.213,0,77.08,345,0,0,,,,
powertraces-pt200array_pt217_r2_7536322_2-376a52a8ac,2026-05-07T20:27:01.151Z,59.213,1,77.21,345,0,0,,,,
powertraces-pt200array_pt217_r2_7536322_2-376a52a8ac,2026-05-07T20:27:01.151Z,59.213,2,78.06,345,0,0,,,,
powertraces-pt200array_pt217_r2_7536322_2-376a52a8ac,2026-05-07T20:27:01.151Z,59.213,3,77.6,345,0,0,,,,
powertraces-pt200array_pt217_r2_7536322_2-376a52a8ac,2026-05-07T20:27:01.251Z,59.313,0,77.08,345,0,0,,,,
powertraces-pt200array_pt217_r2_7536322_2-376a52a8ac,2026-05-07T20:27:01.251Z,59.313,1,77.2,345,0,0,,,,
powertraces-pt200array_pt217_r2_7536322_2-376a52a8ac,2026-05-07T20:27:01.251Z,59.313,2,78.07,345,0,0,,,,
powertraces-pt200array_pt217_r2_7536322_2-376a52a8ac,2026-05-07T20:27:01.251Z,59.313,3,77.61,345,0,0,,,,
powertraces-pt200array_pt217_r2_7536322_2-376a52a8ac,2026-05-07T20:27:01.351Z,59.413,0,77.09,345,0,0,,,,
powertraces-pt200array_pt217_r2_7536322_2-376a52a8ac,2026-05-07T20:27:01.351Z,59.413,1,77.19,345,0,0,,,,
powertraces-pt200array_pt217_r2_7536322_2-376a52a8ac,2026-05-07T20:27:01.351Z,59.413,2,78.05,345,0,0,,,,
powertraces-pt200array_pt217_r2_7536322_2-376a52a8ac,2026-05-07T20:27:01.351Z,59.413,3,77.6,345,0,0,,,,
powertraces-pt200array_pt217_r2_7536322_2-376a52a8ac,2026-05-07T20:27:01.451Z,59.513,0,77.11,345,0,0,,,,
powertraces-pt200array_pt217_r2_7536322_2-376a52a8ac,2026-05-07T20:27:01.452Z,59.514,1,77.19,345,0,0,,,,
powertraces-pt200array_pt217_r2_7536322_2-376a52a8ac,2026-05-07T20:27:01.452Z,59.514,2,78.04,345,0,0,,,,
powertraces-pt200array_pt217_r2_7536322_2-376a52a8ac,2026-05-07T20:27:01.452Z,59.514,3,77.6,345,0,0,,,,
powertraces-pt200array_pt217_r2_7536322_2-376a52a8ac,2026-05-07T20:27:01.552Z,59.614,0,77.11,345,0,0,,,,
powertraces-pt200array_pt217_r2_7536322_2-376a52a8ac,2026-05-07T20:27:01.552Z,59.614,1,77.19,345,0,0,,,,
powertraces-pt200array_pt217_r2_7536322_2-376a52a8ac,2026-05-07T20:27:01.552Z,59.614,2,78.05,345,0,0,,,,
powertraces-pt200array_pt217_r2_7536322_2-376a52a8ac,2026-05-07T20:27:01.552Z,59.614,3,77.58,345,0,0,,,,
powertraces-pt200array_pt217_r2_7536322_2-376a52a8ac,2026-05-07T20:27:01.652Z,59.714,0,77.11,345,0,0,,,,
powertraces-pt200array_pt217_r2_7536322_2-376a52a8ac,2026-05-07T20:27:01.652Z,59.714,1,77.17,345,0,0,,,,
powertraces-pt200array_pt217_r2_7536322_2-376a52a8ac,2026-05-07T20:27:01.652Z,59.714,2,78.07,345,0,0,,,,
powertraces-pt200array_pt217_r2_7536322_2-376a52a8ac,2026-05-07T20:27:01.652Z,59.714,3,77.58,345,0,0,,,,
powertraces-pt200array_pt217_r2_7536322_2-376a52a8ac,2026-05-07T20:27:01.752Z,59.814,0,77.11,345,0,0,,,,
powertraces-pt200array_pt217_r2_7536322_2-376a52a8ac,2026-05-07T20:27:01.752Z,59.814,1,77.14,345,0,0,,,,
powertraces-pt200array_pt217_r2_7536322_2-376a52a8ac,2026-05-07T20:27:01.752Z,59.814,2,78.06,345,0,0,,,,
powertraces-pt200array_pt217_r2_7536322_2-376a52a8ac,2026-05-07T20:27:01.752Z,59.814,3,77.59,345,0,0,,,,
powertraces-pt200array_pt217_r2_7536322_2-376a52a8ac,2026-05-07T20:27:01.852Z,59.914,0,77.12,345,0,0,,,,
powertraces-pt200array_pt217_r2_7536322_2-376a52a8ac,2026-05-07T20:27:01.852Z,59.914,1,77.15,345,0,0,,,,
powertraces-pt200array_pt217_r2_7536322_2-376a52a8ac,2026-05-07T20:27:01.852Z,59.914,2,78.07,345,0,0,,,,
powertraces-pt200array_pt217_r2_7536322_2-376a52a8ac,2026-05-07T20:27:01.852Z,59.914,3,77.58,345,0,0,,,,
powertraces-pt200array_pt217_r2_7536322_2-376a52a8ac,2026-05-07T20:27:01.952Z,60.014,0,77.09,345,0,0,,,,
powertraces-pt200array_pt217_r2_7536322_2-376a52a8ac,2026-05-07T20:27:01.952Z,60.014,1,77.14,345,0,0,,,,
powertraces-pt200array_pt217_r2_7536322_2-376a52a8ac,2026-05-07T20:27:01.952Z,60.014,2,78.06,345,0,0,,,,
powertraces-pt200array_pt217_r2_7536322_2-376a52a8ac,2026-05-07T20:27:01.952Z,60.014,3,77.57,345,0,0,,,,
powertraces-pt200array_pt217_r2_7536322_2-376a52a8ac,2026-05-07T20:27:02.052Z,60.114,0,77.12,345,0,0,,,,
powertraces-pt200array_pt217_r2_7536322_2-376a52a8ac,2026-05-07T20:27:02.052Z,60.114,1,77.13,345,0,0,,,,
powertraces-pt200array_pt217_r2_7536322_2-376a52a8ac,2026-05-07T20:27:02.052Z,60.114,2,78.07,345,0,0,,,,
powertraces-pt200array_pt217_r2_7536322_2-376a52a8ac,2026-05-07T20:27:02.052Z,60.114,3,77.58,345,0,0,,,,
powertraces-pt200array_pt217_r2_7536322_2-376a52a8ac,2026-05-07T20:27:02.153Z,60.215,0,77.14,345,0,0,,,,
powertraces-pt200array_pt217_r2_7536322_2-376a52a8ac,2026-05-07T20:27:02.153Z,60.215,1,77.13,345,0,0,,,,
powertraces-pt200array_pt217_r2_7536322_2-376a52a8ac,2026-05-07T20:27:02.153Z,60.215,2,78.08,345,0,0,,,,
powertraces-pt200array_pt217_r2_7536322_2-376a52a8ac,2026-05-07T20:27:02.153Z,60.215,3,77.57,345,0,0,,,,
powertraces-pt200array_pt217_r2_7536322_2-376a52a8ac,2026-05-07T20:27:02.253Z,60.315,0,77.14,345,0,0,,,,
powertraces-pt200array_pt217_r2_7536322_2-376a52a8ac,2026-05-07T20:27:02.253Z,60.315,1,77.13,345,0,0,,,,
powertraces-pt200array_pt217_r2_7536322_2-376a52a8ac,2026-05-07T20:27:02.253Z,60.315,2,78.08,345,0,0,,,,
powertraces-pt200array_pt217_r2_7536322_2-376a52a8ac,2026-05-07T20:27:02.253Z,60.315,3,77.56,345,0,0,,,,
powertraces-pt200array_pt217_r2_7536322_2-376a52a8ac,2026-05-07T20:27:02.353Z,60.415,0,77.12,345,0,0,,,,
powertraces-pt200array_pt217_r2_7536322_2-376a52a8ac,2026-05-07T20:27:02.353Z,60.415,1,77.13,345,0,0,,,,
powertraces-pt200array_pt217_r2_7536322_2-376a52a8ac,2026-05-07T20:27:02.353Z,60.415,2,78.1,345,0,0,,,,
powertraces-pt200array_pt217_r2_7536322_2-376a52a8ac,2026-05-07T20:27:02.353Z,60.415,3,77.57,345,0,0,,,,
powertraces-pt200array_pt217_r2_7536322_2-376a52a8ac,2026-05-07T20:27:02.453Z,60.515,0,77.15,345,0,0,,,,
powertraces-pt200array_pt217_r2_7536322_2-376a52a8ac,2026-05-07T20:27:02.453Z,60.515,1,77.13,345,0,0,,,,
powertraces-pt200array_pt217_r2_7536322_2-376a52a8ac,2026-05-07T20:27:02.453Z,60.515,2,78.09,345,0,0,,,,
powertraces-pt200array_pt217_r2_7536322_2-376a52a8ac,2026-05-07T20:27:02.453Z,60.515,3,77.58,345,0,0,,,,
powertraces-pt200array_pt217_r2_7536322_2-376a52a8ac,2026-05-07T20:27:02.553Z,60.615,0,77.14,345,0,0,,,,
powertraces-pt200array_pt217_r2_7536322_2-376a52a8ac,2026-05-07T20:27:02.553Z,60.615,1,77.1,345,0,0,,,,
powertraces-pt200array_pt217_r2_7536322_2-376a52a8ac,2026-05-07T20:27:02.553Z,60.615,2,78.1,345,0,0,,,,
powertraces-pt200array_pt217_r2_7536322_2-376a52a8ac,2026-05-07T20:27:02.553Z,60.615,3,77.59,345,0,0,,,,
powertraces-pt200array_pt217_r2_7536322_2-376a52a8ac,2026-05-07T20:27:02.653Z,60.715,0,77.11,345,0,0,,,,
powertraces-pt200array_pt217_r2_7536322_2-376a52a8ac,2026-05-07T20:27:02.653Z,60.715,1,77.12,345,0,0,,,,
powertraces-pt200array_pt217_r2_7536322_2-376a52a8ac,2026-05-07T20:27:02.653Z,60.715,2,78.09,345,0,0,,,,
powertraces-pt200array_pt217_r2_7536322_2-376a52a8ac,2026-05-07T20:27:02.653Z,60.715,3,77.57,345,0,0,,,,
powertraces-pt200array_pt217_r2_7536322_2-376a52a8ac,2026-05-07T20:27:02.753Z,60.815,0,77.11,345,0,0,,,,
powertraces-pt200array_pt217_r2_7536322_2-376a52a8ac,2026-05-07T20:27:02.753Z,60.815,1,77.15,345,0,0,,,,
powertraces-pt200array_pt217_r2_7536322_2-376a52a8ac,2026-05-07T20:27:02.753Z,60.815,2,78.08,345,0,0,,,,
powertraces-pt200array_pt217_r2_7536322_2-376a52a8ac,2026-05-07T20:27:02.753Z,60.815,3,77.57,345,0,0,,,,
powertraces-pt200array_pt217_r2_7536322_2-376a52a8ac,2026-05-07T20:27:02.854Z,60.916,0,77.1,345,0,0,,,,
powertraces-pt200array_pt217_r2_7536322_2-376a52a8ac,2026-05-07T20:27:02.854Z,60.916,1,77.17,345,0,0,,,,
powertraces-pt200array_pt217_r2_7536322_2-376a52a8ac,2026-05-07T20:27:02.854Z,60.916,2,78.08,345,0,0,,,,
powertraces-pt200array_pt217_r2_7536322_2-376a52a8ac,2026-05-07T20:27:02.854Z,60.916,3,77.55,345,0,0,,,,
powertraces-pt200array_pt217_r2_7536322_2-376a52a8ac,2026-05-07T20:27:02.954Z,61.016,0,77.1,345,0,0,,,,
powertraces-pt200array_pt217_r2_7536322_2-376a52a8ac,2026-05-07T20:27:02.954Z,61.016,1,77.16,345,0,0,,,,
powertraces-pt200array_pt217_r2_7536322_2-376a52a8ac,2026-05-07T20:27:02.954Z,61.016,2,78.08,345,0,0,,,,
powertraces-pt200array_pt217_r2_7536322_2-376a52a8ac,2026-05-07T20:27:02.954Z,61.016,3,77.54,345,0,0,,,,
powertraces-pt200array_pt217_r2_7536322_2-376a52a8ac,2026-05-07T20:27:03.054Z,61.116,0,77.08,345,0,0,,,,
powertraces-pt200array_pt217_r2_7536322_2-376a52a8ac,2026-05-07T20:27:03.054Z,61.116,1,77.16,345,0,0,,,,
powertraces-pt200array_pt217_r2_7536322_2-376a52a8ac,2026-05-07T20:27:03.054Z,61.116,2,78.07,345,0,0,,,,
powertraces-pt200array_pt217_r2_7536322_2-376a52a8ac,2026-05-07T20:27:03.054Z,61.116,3,77.55,345,0,0,,,,
powertraces-pt200array_pt217_r2_7536322_2-376a52a8ac,2026-05-07T20:27:03.154Z,61.216,0,77.08,345,0,0,,,,
powertraces-pt200array_pt217_r2_7536322_2-376a52a8ac,2026-05-07T20:27:03.154Z,61.216,1,77.16,345,0,0,,,,
powertraces-pt200array_pt217_r2_7536322_2-376a52a8ac,2026-05-07T20:27:03.154Z,61.216,2,78.06,345,0,0,,,,
powertraces-pt200array_pt217_r2_7536322_2-376a52a8ac,2026-05-07T20:27:03.154Z,61.216,3,77.55,345,0,0,,,,
powertraces-pt200array_pt217_r2_7536322_2-376a52a8ac,2026-05-07T20:27:03.254Z,61.316,0,77.07,345,0,0,,,,
powertraces-pt200array_pt217_r2_7536322_2-376a52a8ac,2026-05-07T20:27:03.254Z,61.316,1,77.15,345,0,0,,,,
powertraces-pt200array_pt217_r2_7536322_2-376a52a8ac,2026-05-07T20:27:03.254Z,61.316,2,78.05,345,0,0,,,,
powertraces-pt200array_pt217_r2_7536322_2-376a52a8ac,2026-05-07T20:27:03.254Z,61.316,3,77.57,345,0,0,,,,
powertraces-pt200array_pt217_r2_7536322_2-376a52a8ac,2026-05-07T20:27:03.354Z,61.416,0,77.05,345,0,0,,,,
powertraces-pt200array_pt217_r2_7536322_2-376a52a8ac,2026-05-07T20:27:03.354Z,61.416,1,77.15,345,0,0,,,,
powertraces-pt200array_pt217_r2_7536322_2-376a52a8ac,2026-05-07T20:27:03.354Z,61.416,2,78.05,345,0,0,,,,
powertraces-pt200array_pt217_r2_7536322_2-376a52a8ac,2026-05-07T20:27:03.354Z,61.416,3,77.57,345,0,0,,,,
powertraces-pt200array_pt217_r2_7536322_2-376a52a8ac,2026-05-07T20:27:03.454Z,61.516,0,77.03,345,0,0,,,,
powertraces-pt200array_pt217_r2_7536322_2-376a52a8ac,2026-05-07T20:27:03.455Z,61.517,1,77.14,345,0,0,,,,
powertraces-pt200array_pt217_r2_7536322_2-376a52a8ac,2026-05-07T20:27:03.455Z,61.517,2,78.06,345,0,0,,,,
powertraces-pt200array_pt217_r2_7536322_2-376a52a8ac,2026-05-07T20:27:03.455Z,61.517,3,77.55,345,0,0,,,,
powertraces-pt200array_pt217_r2_7536322_2-376a52a8ac,2026-05-07T20:27:03.555Z,61.617,0,77.03,345,0,0,,,,
powertraces-pt200array_pt217_r2_7536322_2-376a52a8ac,2026-05-07T20:27:03.555Z,61.617,1,77.15,345,0,0,,,,
powertraces-pt200array_pt217_r2_7536322_2-376a52a8ac,2026-05-07T20:27:03.555Z,61.617,2,78.05,345,0,0,,,,
powertraces-pt200array_pt217_r2_7536322_2-376a52a8ac,2026-05-07T20:27:03.555Z,61.617,3,77.56,345,0,0,,,,
powertraces-pt200array_pt217_r2_7536322_2-376a52a8ac,2026-05-07T20:27:03.655Z,61.717,0,77.05,345,0,0,,,,
powertraces-pt200array_pt217_r2_7536322_2-376a52a8ac,2026-05-07T20:27:03.655Z,61.717,1,77.14,345,0,0,,,,
powertraces-pt200array_pt217_r2_7536322_2-376a52a8ac,2026-05-07T20:27:03.655Z,61.717,2,78.07,345,0,0,,,,
powertraces-pt200array_pt217_r2_7536322_2-376a52a8ac,2026-05-07T20:27:03.655Z,61.717,3,77.57,345,0,0,,,,
powertraces-pt200array_pt217_r2_7536322_2-376a52a8ac,2026-05-07T20:27:03.755Z,61.817,0,77.04,345,0,0,,,,
powertraces-pt200array_pt217_r2_7536322_2-376a52a8ac,2026-05-07T20:27:03.755Z,61.817,1,77.14,345,0,0,,,,
powertraces-pt200array_pt217_r2_7536322_2-376a52a8ac,2026-05-07T20:27:03.755Z,61.817,2,78.07,345,0,0,,,,
powertraces-pt200array_pt217_r2_7536322_2-376a52a8ac,2026-05-07T20:27:03.755Z,61.817,3,77.57,345,0,0,,,,
powertraces-pt200array_pt217_r2_7536322_2-376a52a8ac,2026-05-07T20:27:03.855Z,61.917,0,77.04,345,0,0,,,,
powertraces-pt200array_pt217_r2_7536322_2-376a52a8ac,2026-05-07T20:27:03.855Z,61.917,1,77.12,345,0,0,,,,
powertraces-pt200array_pt217_r2_7536322_2-376a52a8ac,2026-05-07T20:27:03.855Z,61.917,2,78.07,345,0,0,,,,
powertraces-pt200array_pt217_r2_7536322_2-376a52a8ac,2026-05-07T20:27:03.855Z,61.917,3,77.58,345,0,0,,,,
powertraces-pt200array_pt217_r2_7536322_2-376a52a8ac,2026-05-07T20:27:03.955Z,62.017,0,77.08,345,0,0,,,,
powertraces-pt200array_pt217_r2_7536322_2-376a52a8ac,2026-05-07T20:27:03.955Z,62.017,1,77.13,345,0,0,,,,
powertraces-pt200array_pt217_r2_7536322_2-376a52a8ac,2026-05-07T20:27:03.955Z,62.017,2,78.05,345,0,0,,,,
powertraces-pt200array_pt217_r2_7536322_2-376a52a8ac,2026-05-07T20:27:03.955Z,62.017,3,77.6,345,0,0,,,,
powertraces-pt200array_pt217_r2_7536322_2-376a52a8ac,2026-05-07T20:27:04.055Z,62.117,0,77.1,345,0,0,,,,
powertraces-pt200array_pt217_r2_7536322_2-376a52a8ac,2026-05-07T20:27:04.055Z,62.117,1,77.15,345,0,0,,,,
powertraces-pt200array_pt217_r2_7536322_2-376a52a8ac,2026-05-07T20:27:04.055Z,62.117,2,78.05,345,0,0,,,,
powertraces-pt200array_pt217_r2_7536322_2-376a52a8ac,2026-05-07T20:27:04.055Z,62.117,3,77.6,345,0,0,,,,
powertraces-pt200array_pt217_r2_7536322_2-376a52a8ac,2026-05-07T20:27:04.155Z,62.217,0,77.1,345,0,0,,,,
powertraces-pt200array_pt217_r2_7536322_2-376a52a8ac,2026-05-07T20:27:04.155Z,62.217,1,77.15,345,0,0,,,,
powertraces-pt200array_pt217_r2_7536322_2-376a52a8ac,2026-05-07T20:27:04.155Z,62.217,2,78.06,345,0,0,,,,
powertraces-pt200array_pt217_r2_7536322_2-376a52a8ac,2026-05-07T20:27:04.155Z,62.217,3,77.6,345,0,0,,,,
powertraces-pt200array_pt217_r2_7536322_2-376a52a8ac,2026-05-07T20:27:04.256Z,62.318,0,77.08,345,0,0,,,,
powertraces-pt200array_pt217_r2_7536322_2-376a52a8ac,2026-05-07T20:27:04.256Z,62.318,1,77.18,345,0,0,,,,
powertraces-pt200array_pt217_r2_7536322_2-376a52a8ac,2026-05-07T20:27:04.256Z,62.318,2,78.07,345,0,0,,,,
powertraces-pt200array_pt217_r2_7536322_2-376a52a8ac,2026-05-07T20:27:04.256Z,62.318,3,77.6,345,0,0,,,,
powertraces-pt200array_pt217_r2_7536322_2-376a52a8ac,2026-05-07T20:27:04.356Z,62.418,0,77.12,345,0,0,,,,
powertraces-pt200array_pt217_r2_7536322_2-376a52a8ac,2026-05-07T20:27:04.356Z,62.418,1,77.2,345,0,0,,,,
powertraces-pt200array_pt217_r2_7536322_2-376a52a8ac,2026-05-07T20:27:04.356Z,62.418,2,78.06,345,0,0,,,,
powertraces-pt200array_pt217_r2_7536322_2-376a52a8ac,2026-05-07T20:27:04.356Z,62.418,3,77.6,345,0,0,,,,
powertraces-pt200array_pt217_r2_7536322_2-376a52a8ac,2026-05-07T20:27:04.456Z,62.518,0,77.12,345,0,0,,,,
powertraces-pt200array_pt217_r2_7536322_2-376a52a8ac,2026-05-07T20:27:04.456Z,62.518,1,77.2,345,0,0,,,,
powertraces-pt200array_pt217_r2_7536322_2-376a52a8ac,2026-05-07T20:27:04.456Z,62.518,2,78.09,345,0,0,,,,
powertraces-pt200array_pt217_r2_7536322_2-376a52a8ac,2026-05-07T20:27:04.456Z,62.518,3,77.59,345,0,0,,,,
powertraces-pt200array_pt217_r2_7536322_2-376a52a8ac,2026-05-07T20:27:04.556Z,62.618,0,77.12,345,0,0,,,,
powertraces-pt200array_pt217_r2_7536322_2-376a52a8ac,2026-05-07T20:27:04.556Z,62.618,1,77.2,345,0,0,,,,
powertraces-pt200array_pt217_r2_7536322_2-376a52a8ac,2026-05-07T20:27:04.556Z,62.618,2,78.11,345,0,0,,,,
powertraces-pt200array_pt217_r2_7536322_2-376a52a8ac,2026-05-07T20:27:04.556Z,62.618,3,77.56,345,0,0,,,,
powertraces-pt200array_pt217_r2_7536322_2-376a52a8ac,2026-05-07T20:27:04.656Z,62.718,0,77.1,345,0,0,,,,
powertraces-pt200array_pt217_r2_7536322_2-376a52a8ac,2026-05-07T20:27:04.656Z,62.718,1,77.19,345,0,0,,,,
powertraces-pt200array_pt217_r2_7536322_2-376a52a8ac,2026-05-07T20:27:04.656Z,62.718,2,78.13,345,0,0,,,,
powertraces-pt200array_pt217_r2_7536322_2-376a52a8ac,2026-05-07T20:27:04.656Z,62.718,3,77.57,345,0,0,,,,
powertraces-pt200array_pt217_r2_7536322_2-376a52a8ac,2026-05-07T20:27:04.756Z,62.818,0,77.12,345,0,0,,,,
powertraces-pt200array_pt217_r2_7536322_2-376a52a8ac,2026-05-07T20:27:04.756Z,62.818,1,77.21,345,0,0,,,,
powertraces-pt200array_pt217_r2_7536322_2-376a52a8ac,2026-05-07T20:27:04.756Z,62.818,2,78.14,345,0,0,,,,
powertraces-pt200array_pt217_r2_7536322_2-376a52a8ac,2026-05-07T20:27:04.756Z,62.818,3,77.57,345,0,0,,,,
powertraces-pt200array_pt217_r2_7536322_2-376a52a8ac,2026-05-07T20:27:04.856Z,62.918,0,77.13,345,0,0,,,,
powertraces-pt200array_pt217_r2_7536322_2-376a52a8ac,2026-05-07T20:27:04.856Z,62.918,1,77.21,345,0,0,,,,
powertraces-pt200array_pt217_r2_7536322_2-376a52a8ac,2026-05-07T20:27:04.856Z,62.918,2,78.14,345,0,0,,,,
powertraces-pt200array_pt217_r2_7536322_2-376a52a8ac,2026-05-07T20:27:04.857Z,62.919,3,77.57,345,0,0,,,,
powertraces-pt200array_pt217_r2_7536322_2-376a52a8ac,2026-05-07T20:27:04.957Z,63.019,0,77.09,345,0,0,,,,
powertraces-pt200array_pt217_r2_7536322_2-376a52a8ac,2026-05-07T20:27:04.957Z,63.019,1,77.23,345,0,0,,,,
powertraces-pt200array_pt217_r2_7536322_2-376a52a8ac,2026-05-07T20:27:04.957Z,63.019,2,78.15,345,0,0,,,,
powertraces-pt200array_pt217_r2_7536322_2-376a52a8ac,2026-05-07T20:27:04.957Z,63.019,3,77.6,345,0,0,,,,
powertraces-pt200array_pt217_r2_7536322_2-376a52a8ac,2026-05-07T20:27:05.057Z,63.119,0,77.11,345,0,0,,,,
powertraces-pt200array_pt217_r2_7536322_2-376a52a8ac,2026-05-07T20:27:05.057Z,63.119,1,77.23,345,0,0,,,,
powertraces-pt200array_pt217_r2_7536322_2-376a52a8ac,2026-05-07T20:27:05.057Z,63.119,2,78.14,345,0,0,,,,
powertraces-pt200array_pt217_r2_7536322_2-376a52a8ac,2026-05-07T20:27:05.057Z,63.119,3,77.6,345,0,0,,,,
powertraces-pt200array_pt217_r2_7536322_2-376a52a8ac,2026-05-07T20:27:05.157Z,63.219,0,77.12,345,0,0,,,,
powertraces-pt200array_pt217_r2_7536322_2-376a52a8ac,2026-05-07T20:27:05.157Z,63.219,1,77.24,345,0,0,,,,
powertraces-pt200array_pt217_r2_7536322_2-376a52a8ac,2026-05-07T20:27:05.157Z,63.219,2,78.14,345,0,0,,,,
powertraces-pt200array_pt217_r2_7536322_2-376a52a8ac,2026-05-07T20:27:05.157Z,63.219,3,77.59,345,0,0,,,,
powertraces-pt200array_pt217_r2_7536322_2-376a52a8ac,2026-05-07T20:27:05.257Z,63.319,0,77.12,345,0,0,,,,
powertraces-pt200array_pt217_r2_7536322_2-376a52a8ac,2026-05-07T20:27:05.257Z,63.319,1,77.22,345,0,0,,,,
powertraces-pt200array_pt217_r2_7536322_2-376a52a8ac,2026-05-07T20:27:05.257Z,63.319,2,78.13,345,0,0,,,,
powertraces-pt200array_pt217_r2_7536322_2-376a52a8ac,2026-05-07T20:27:05.257Z,63.319,3,77.61,345,0,0,,,,
powertraces-pt200array_pt217_r2_7536322_2-376a52a8ac,2026-05-07T20:27:05.357Z,63.419,0,77.12,345,0,0,,,,
powertraces-pt200array_pt217_r2_7536322_2-376a52a8ac,2026-05-07T20:27:05.357Z,63.419,1,77.19,345,0,0,,,,
powertraces-pt200array_pt217_r2_7536322_2-376a52a8ac,2026-05-07T20:27:05.357Z,63.419,2,78.13,345,0,0,,,,
powertraces-pt200array_pt217_r2_7536322_2-376a52a8ac,2026-05-07T20:27:05.357Z,63.419,3,77.62,345,0,0,,,,
powertraces-pt200array_pt217_r2_7536322_2-376a52a8ac,2026-05-07T20:27:05.458Z,63.52,0,77.12,345,0,0,,,,
powertraces-pt200array_pt217_r2_7536322_2-376a52a8ac,2026-05-07T20:27:05.458Z,63.52,1,77.2,345,0,0,,,,
powertraces-pt200array_pt217_r2_7536322_2-376a52a8ac,2026-05-07T20:27:05.458Z,63.52,2,78.13,345,0,0,,,,
powertraces-pt200array_pt217_r2_7536322_2-376a52a8ac,2026-05-07T20:27:05.458Z,63.52,3,77.61,345,0,0,,,,
powertraces-pt200array_pt217_r2_7536322_2-376a52a8ac,2026-05-07T20:27:05.558Z,63.62,0,77.12,345,0,0,,,,
powertraces-pt200array_pt217_r2_7536322_2-376a52a8ac,2026-05-07T20:27:05.558Z,63.62,1,77.2,345,0,0,,,,
powertraces-pt200array_pt217_r2_7536322_2-376a52a8ac,2026-05-07T20:27:05.558Z,63.62,2,78.1,345,0,0,,,,
powertraces-pt200array_pt217_r2_7536322_2-376a52a8ac,2026-05-07T20:27:05.558Z,63.62,3,77.63,345,0,0,,,,
powertraces-pt200array_pt217_r2_7536322_2-376a52a8ac,2026-05-07T20:27:05.658Z,63.72,0,77.11,345,0,0,,,,
powertraces-pt200array_pt217_r2_7536322_2-376a52a8ac,2026-05-07T20:27:05.658Z,63.72,1,77.21,345,0,0,,,,
powertraces-pt200array_pt217_r2_7536322_2-376a52a8ac,2026-05-07T20:27:05.658Z,63.72,2,78.09,345,0,0,,,,
powertraces-pt200array_pt217_r2_7536322_2-376a52a8ac,2026-05-07T20:27:05.658Z,63.72,3,77.62,345,0,0,,,,
powertraces-pt200array_pt217_r2_7536322_2-376a52a8ac,2026-05-07T20:27:05.758Z,63.82,0,77.12,345,0,0,,,,
powertraces-pt200array_pt217_r2_7536322_2-376a52a8ac,2026-05-07T20:27:05.758Z,63.82,1,77.21,345,0,0,,,,
powertraces-pt200array_pt217_r2_7536322_2-376a52a8ac,2026-05-07T20:27:05.758Z,63.82,2,78.08,345,0,0,,,,
powertraces-pt200array_pt217_r2_7536322_2-376a52a8ac,2026-05-07T20:27:05.758Z,63.82,3,77.62,345,0,0,,,,
powertraces-pt200array_pt217_r2_7536322_2-376a52a8ac,2026-05-07T20:27:05.858Z,63.92,0,77.09,345,0,0,,,,
powertraces-pt200array_pt217_r2_7536322_2-376a52a8ac,2026-05-07T20:27:05.858Z,63.92,1,77.18,345,0,0,,,,
powertraces-pt200array_pt217_r2_7536322_2-376a52a8ac,2026-05-07T20:27:05.858Z,63.92,2,78.06,345,0,0,,,,
powertraces-pt200array_pt217_r2_7536322_2-376a52a8ac,2026-05-07T20:27:05.858Z,63.92,3,77.63,345,0,0,,,,
powertraces-pt200array_pt217_r2_7536322_2-376a52a8ac,2026-05-07T20:27:05.958Z,64.02,0,77.08,345,0,0,,,,
powertraces-pt200array_pt217_r2_7536322_2-376a52a8ac,2026-05-07T20:27:05.958Z,64.02,1,77.17,345,0,0,,,,
powertraces-pt200array_pt217_r2_7536322_2-376a52a8ac,2026-05-07T20:27:05.958Z,64.02,2,78.07,345,0,0,,,,
powertraces-pt200array_pt217_r2_7536322_2-376a52a8ac,2026-05-07T20:27:05.958Z,64.02,3,77.62,345,0,0,,,,
powertraces-pt200array_pt217_r2_7536322_2-376a52a8ac,2026-05-07T20:27:06.059Z,64.121,0,77.06,345,0,0,,,,
powertraces-pt200array_pt217_r2_7536322_2-376a52a8ac,2026-05-07T20:27:06.059Z,64.121,1,77.17,345,0,0,,,,
powertraces-pt200array_pt217_r2_7536322_2-376a52a8ac,2026-05-07T20:27:06.059Z,64.121,2,78.07,345,0,0,,,,
powertraces-pt200array_pt217_r2_7536322_2-376a52a8ac,2026-05-07T20:27:06.059Z,64.121,3,77.6,345,0,0,,,,
powertraces-pt200array_pt217_r2_7536322_2-376a52a8ac,2026-05-07T20:27:06.159Z,64.221,0,77.08,345,0,0,,,,
powertraces-pt200array_pt217_r2_7536322_2-376a52a8ac,2026-05-07T20:27:06.159Z,64.221,1,77.17,345,0,0,,,,
powertraces-pt200array_pt217_r2_7536322_2-376a52a8ac,2026-05-07T20:27:06.159Z,64.221,2,78.07,345,0,0,,,,
powertraces-pt200array_pt217_r2_7536322_2-376a52a8ac,2026-05-07T20:27:06.159Z,64.221,3,77.59,345,0,0,,,,
powertraces-pt200array_pt217_r2_7536322_2-376a52a8ac,2026-05-07T20:27:06.259Z,64.321,0,77.08,345,0,0,,,,
powertraces-pt200array_pt217_r2_7536322_2-376a52a8ac,2026-05-07T20:27:06.259Z,64.321,1,77.17,345,0,0,,,,
powertraces-pt200array_pt217_r2_7536322_2-376a52a8ac,2026-05-07T20:27:06.259Z,64.321,2,78.07,345,0,0,,,,
powertraces-pt200array_pt217_r2_7536322_2-376a52a8ac,2026-05-07T20:27:06.259Z,64.321,3,77.59,345,0,0,,,,
powertraces-pt200array_pt217_r2_7536322_2-376a52a8ac,2026-05-07T20:27:06.359Z,64.421,0,77.07,345,0,0,,,,
powertraces-pt200array_pt217_r2_7536322_2-376a52a8ac,2026-05-07T20:27:06.359Z,64.421,1,77.17,345,0,0,,,,
powertraces-pt200array_pt217_r2_7536322_2-376a52a8ac,2026-05-07T20:27:06.359Z,64.421,2,78.08,345,0,0,,,,
powertraces-pt200array_pt217_r2_7536322_2-376a52a8ac,2026-05-07T20:27:06.359Z,64.421,3,77.57,345,0,0,,,,
powertraces-pt200array_pt217_r2_7536322_2-376a52a8ac,2026-05-07T20:27:06.459Z,64.521,0,77.03,345,0,0,,,,
powertraces-pt200array_pt217_r2_7536322_2-376a52a8ac,2026-05-07T20:27:06.459Z,64.521,1,77.17,345,0,0,,,,
powertraces-pt200array_pt217_r2_7536322_2-376a52a8ac,2026-05-07T20:27:06.459Z,64.521,2,78.08,345,0,0,,,,
powertraces-pt200array_pt217_r2_7536322_2-376a52a8ac,2026-05-07T20:27:06.459Z,64.521,3,77.58,345,0,0,,,,
powertraces-pt200array_pt217_r2_7536322_2-376a52a8ac,2026-05-07T20:27:06.559Z,64.621,0,77.05,345,0,0,,,,
powertraces-pt200array_pt217_r2_7536322_2-376a52a8ac,2026-05-07T20:27:06.559Z,64.621,1,77.17,345,0,0,,,,
powertraces-pt200array_pt217_r2_7536322_2-376a52a8ac,2026-05-07T20:27:06.559Z,64.621,2,78.06,345,0,0,,,,
powertraces-pt200array_pt217_r2_7536322_2-376a52a8ac,2026-05-07T20:27:06.559Z,64.621,3,77.57,345,0,0,,,,
powertraces-pt200array_pt217_r2_7536322_2-376a52a8ac,2026-05-07T20:27:06.659Z,64.721,0,77.05,345,0,0,,,,
powertraces-pt200array_pt217_r2_7536322_2-376a52a8ac,2026-05-07T20:27:06.659Z,64.721,1,77.17,345,0,0,,,,
powertraces-pt200array_pt217_r2_7536322_2-376a52a8ac,2026-05-07T20:27:06.659Z,64.721,2,78.07,345,0,0,,,,
powertraces-pt200array_pt217_r2_7536322_2-376a52a8ac,2026-05-07T20:27:06.659Z,64.721,3,77.57,345,0,0,,,,
powertraces-pt200array_pt217_r2_7536322_2-376a52a8ac,2026-05-07T20:27:06.76Z,64.822,0,77.03,345,0,0,,,,
powertraces-pt200array_pt217_r2_7536322_2-376a52a8ac,2026-05-07T20:27:06.76Z,64.822,1,77.17,345,0,0,,,,
powertraces-pt200array_pt217_r2_7536322_2-376a52a8ac,2026-05-07T20:27:06.76Z,64.822,2,78.09,345,0,0,,,,
powertraces-pt200array_pt217_r2_7536322_2-376a52a8ac,2026-05-07T20:27:06.76Z,64.822,3,77.56,345,0,0,,,,
powertraces-pt200array_pt217_r2_7536322_2-376a52a8ac,2026-05-07T20:27:06.86Z,64.922,0,77.02,345,0,0,,,,
powertraces-pt200array_pt217_r2_7536322_2-376a52a8ac,2026-05-07T20:27:06.86Z,64.922,1,77.17,345,0,0,,,,
powertraces-pt200array_pt217_r2_7536322_2-376a52a8ac,2026-05-07T20:27:06.86Z,64.922,2,78.1,345,0,0,,,,
powertraces-pt200array_pt217_r2_7536322_2-376a52a8ac,2026-05-07T20:27:06.86Z,64.922,3,77.53,345,0,0,,,,
powertraces-pt200array_pt217_r2_7536322_2-376a52a8ac,2026-05-07T20:27:06.96Z,65.022,0,77.04,345,0,0,,,,
powertraces-pt200array_pt217_r2_7536322_2-376a52a8ac,2026-05-07T20:27:06.96Z,65.022,1,77.19,345,0,0,,,,
powertraces-pt200array_pt217_r2_7536322_2-376a52a8ac,2026-05-07T20:27:06.96Z,65.022,2,78.08,345,0,0,,,,
powertraces-pt200array_pt217_r2_7536322_2-376a52a8ac,2026-05-07T20:27:06.96Z,65.022,3,77.52,345,0,0,,,,
powertraces-pt200array_pt217_r2_7536322_2-376a52a8ac,2026-05-07T20:27:07.06Z,65.122,0,77.01,345,0,0,,,,
powertraces-pt200array_pt217_r2_7536322_2-376a52a8ac,2026-05-07T20:27:07.06Z,65.122,1,77.2,345,0,0,,,,
powertraces-pt200array_pt217_r2_7536322_2-376a52a8ac,2026-05-07T20:27:07.06Z,65.122,2,78.08,345,0,0,,,,
powertraces-pt200array_pt217_r2_7536322_2-376a52a8ac,2026-05-07T20:27:07.06Z,65.122,3,77.53,345,0,0,,,,
powertraces-pt200array_pt217_r2_7536322_2-376a52a8ac,2026-05-07T20:27:07.16Z,65.222,0,77.0,345,0,0,,,,
powertraces-pt200array_pt217_r2_7536322_2-376a52a8ac,2026-05-07T20:27:07.16Z,65.222,1,77.21,345,0,0,,,,
powertraces-pt200array_pt217_r2_7536322_2-376a52a8ac,2026-05-07T20:27:07.16Z,65.222,2,78.09,345,0,0,,,,
powertraces-pt200array_pt217_r2_7536322_2-376a52a8ac,2026-05-07T20:27:07.16Z,65.222,3,77.53,345,0,0,,,,
powertraces-pt200array_pt217_r2_7536322_2-376a52a8ac,2026-05-07T20:27:07.26Z,65.322,0,76.98,345,0,0,,,,
powertraces-pt200array_pt217_r2_7536322_2-376a52a8ac,2026-05-07T20:27:07.26Z,65.322,1,77.2,345,0,0,,,,
powertraces-pt200array_pt217_r2_7536322_2-376a52a8ac,2026-05-07T20:27:07.26Z,65.322,2,78.08,345,0,0,,,,
powertraces-pt200array_pt217_r2_7536322_2-376a52a8ac,2026-05-07T20:27:07.26Z,65.322,3,77.55,345,0,0,,,,
powertraces-pt200array_pt217_r2_7536322_2-376a52a8ac,2026-05-07T20:27:07.361Z,65.423,0,76.99,345,0,0,,,,
powertraces-pt200array_pt217_r2_7536322_2-376a52a8ac,2026-05-07T20:27:07.361Z,65.423,1,77.18,345,0,0,,,,
powertraces-pt200array_pt217_r2_7536322_2-376a52a8ac,2026-05-07T20:27:07.361Z,65.423,2,78.07,345,0,0,,,,
powertraces-pt200array_pt217_r2_7536322_2-376a52a8ac,2026-05-07T20:27:07.361Z,65.423,3,77.55,345,0,0,,,,
powertraces-pt200array_pt217_r2_7536322_2-376a52a8ac,2026-05-07T20:27:07.461Z,65.523,0,76.98,345,0,0,,,,
powertraces-pt200array_pt217_r2_7536322_2-376a52a8ac,2026-05-07T20:27:07.461Z,65.523,1,77.24,345,0,0,,,,
powertraces-pt200array_pt217_r2_7536322_2-376a52a8ac,2026-05-07T20:27:07.461Z,65.523,2,78.06,345,0,0,,,,
powertraces-pt200array_pt217_r2_7536322_2-376a52a8ac,2026-05-07T20:27:07.461Z,65.523,3,77.55,345,0,0,,,,
powertraces-pt200array_pt217_r2_7536322_2-376a52a8ac,2026-05-07T20:27:07.561Z,65.623,0,80.11,1980,0,0,,,,
powertraces-pt200array_pt217_r2_7536322_2-376a52a8ac,2026-05-07T20:27:07.561Z,65.623,1,77.24,345,0,0,,,,
powertraces-pt200array_pt217_r2_7536322_2-376a52a8ac,2026-05-07T20:27:07.561Z,65.623,2,78.07,345,0,0,,,,
powertraces-pt200array_pt217_r2_7536322_2-376a52a8ac,2026-05-07T20:27:07.561Z,65.623,3,77.57,345,0,0,,,,
powertraces-pt200array_pt217_r2_7536322_2-376a52a8ac,2026-05-07T20:27:07.661Z,65.723,0,84.46,1980,0,0,,,,
powertraces-pt200array_pt217_r2_7536322_2-376a52a8ac,2026-05-07T20:27:07.661Z,65.723,1,78.61,1980,0,0,,,,
powertraces-pt200array_pt217_r2_7536322_2-376a52a8ac,2026-05-07T20:27:07.661Z,65.723,2,78.07,345,0,0,,,,
powertraces-pt200array_pt217_r2_7536322_2-376a52a8ac,2026-05-07T20:27:07.661Z,65.723,3,77.56,345,0,0,,,,
powertraces-pt200array_pt217_r2_7536322_2-376a52a8ac,2026-05-07T20:27:07.761Z,65.823,0,88.31,1980,0,0,,,,
powertraces-pt200array_pt217_r2_7536322_2-376a52a8ac,2026-05-07T20:27:07.761Z,65.823,1,82.76,1980,0,0,,,,
powertraces-pt200array_pt217_r2_7536322_2-376a52a8ac,2026-05-07T20:27:07.761Z,65.823,2,78.31,1980,0,0,,,,
powertraces-pt200array_pt217_r2_7536322_2-376a52a8ac,2026-05-07T20:27:07.761Z,65.823,3,77.55,345,0,0,,,,
powertraces-pt200array_pt217_r2_7536322_2-376a52a8ac,2026-05-07T20:27:07.861Z,65.923,0,92.39,1980,0,0,,,,
powertraces-pt200array_pt217_r2_7536322_2-376a52a8ac,2026-05-07T20:27:07.861Z,65.923,1,86.54,1980,0,0,,,,
powertraces-pt200array_pt217_r2_7536322_2-376a52a8ac,2026-05-07T20:27:07.861Z,65.923,2,82.39,1980,0,0,,,,
powertraces-pt200array_pt217_r2_7536322_2-376a52a8ac,2026-05-07T20:27:07.861Z,65.923,3,77.51,345,0,0,,,,
powertraces-pt200array_pt217_r2_7536322_2-376a52a8ac,2026-05-07T20:27:07.961Z,66.023,0,96.5,1980,0,0,,,,
powertraces-pt200array_pt217_r2_7536322_2-376a52a8ac,2026-05-07T20:27:07.961Z,66.023,1,90.27,1980,0,0,,,,
powertraces-pt200array_pt217_r2_7536322_2-376a52a8ac,2026-05-07T20:27:07.961Z,66.023,2,86.26,1980,0,0,,,,
powertraces-pt200array_pt217_r2_7536322_2-376a52a8ac,2026-05-07T20:27:07.961Z,66.023,3,78.55,1980,0,0,,,,
powertraces-pt200array_pt217_r2_7536322_2-376a52a8ac,2026-05-07T20:27:08.062Z,66.124,0,100.59,1980,0,0,,,,
powertraces-pt200array_pt217_r2_7536322_2-376a52a8ac,2026-05-07T20:27:08.062Z,66.124,1,94.04,1980,0,0,,,,
powertraces-pt200array_pt217_r2_7536322_2-376a52a8ac,2026-05-07T20:27:08.062Z,66.124,2,90.11,1980,0,0,,,,
powertraces-pt200array_pt217_r2_7536322_2-376a52a8ac,2026-05-07T20:27:08.062Z,66.124,3,82.55,1980,0,0,,,,
powertraces-pt200array_pt217_r2_7536322_2-376a52a8ac,2026-05-07T20:27:08.162Z,66.224,0,105.28,1980,3,0,,,,
powertraces-pt200array_pt217_r2_7536322_2-376a52a8ac,2026-05-07T20:27:08.162Z,66.224,1,97.8,1980,0,0,,,,
powertraces-pt200array_pt217_r2_7536322_2-376a52a8ac,2026-05-07T20:27:08.162Z,66.224,2,93.96,1980,0,0,,,,
powertraces-pt200array_pt217_r2_7536322_2-376a52a8ac,2026-05-07T20:27:08.162Z,66.224,3,86.1,1980,3,0,,,,
powertraces-pt200array_pt217_r2_7536322_2-376a52a8ac,2026-05-07T20:27:08.262Z,66.324,0,109.56,1980,3,0,,,,
powertraces-pt200array_pt217_r2_7536322_2-376a52a8ac,2026-05-07T20:27:08.262Z,66.324,1,101.54,1980,0,0,,,,
powertraces-pt200array_pt217_r2_7536322_2-376a52a8ac,2026-05-07T20:27:08.262Z,66.324,2,97.81,1980,0,0,,,,
powertraces-pt200array_pt217_r2_7536322_2-376a52a8ac,2026-05-07T20:27:08.262Z,66.324,3,89.81,1980,3,0,,,,
powertraces-pt200array_pt217_r2_7536322_2-376a52a8ac,2026-05-07T20:27:08.362Z,66.424,0,113.14,1980,13,0,,,,
powertraces-pt200array_pt217_r2_7536322_2-376a52a8ac,2026-05-07T20:27:08.362Z,66.424,1,105.29,1980,0,0,,,,
powertraces-pt200array_pt217_r2_7536322_2-376a52a8ac,2026-05-07T20:27:08.362Z,66.424,2,101.67,1980,0,0,,,,
powertraces-pt200array_pt217_r2_7536322_2-376a52a8ac,2026-05-07T20:27:08.362Z,66.424,3,93.45,1980,12,0,,,,
powertraces-pt200array_pt217_r2_7536322_2-376a52a8ac,2026-05-07T20:27:08.462Z,66.524,0,117.39,1980,13,0,,,,
powertraces-pt200array_pt217_r2_7536322_2-376a52a8ac,2026-05-07T20:27:08.462Z,66.524,1,109.1,1980,0,0,,,,
powertraces-pt200array_pt217_r2_7536322_2-376a52a8ac,2026-05-07T20:27:08.462Z,66.524,2,105.52,1980,0,0,,,,
powertraces-pt200array_pt217_r2_7536322_2-376a52a8ac,2026-05-07T20:27:08.462Z,66.524,3,97.1,1980,12,0,,,,
powertraces-pt200array_pt217_r2_7536322_2-376a52a8ac,2026-05-07T20:27:08.562Z,66.624,0,119.45,1980,13,0,,,,
powertraces-pt200array_pt217_r2_7536322_2-376a52a8ac,2026-05-07T20:27:08.562Z,66.624,1,112.82,1980,0,0,,,,
powertraces-pt200array_pt217_r2_7536322_2-376a52a8ac,2026-05-07T20:27:08.562Z,66.624,2,109.38,1980,0,0,,,,
powertraces-pt200array_pt217_r2_7536322_2-376a52a8ac,2026-05-07T20:27:08.562Z,66.624,3,101.15,1980,0,0,,,,
powertraces-pt200array_pt217_r2_7536322_2-376a52a8ac,2026-05-07T20:27:08.663Z,66.725,0,119.33,1980,13,0,,,,
powertraces-pt200array_pt217_r2_7536322_2-376a52a8ac,2026-05-07T20:27:08.663Z,66.725,1,116.11,1980,0,0,,,,
powertraces-pt200array_pt217_r2_7536322_2-376a52a8ac,2026-05-07T20:27:08.663Z,66.725,2,113.94,1980,0,0,,,,
powertraces-pt200array_pt217_r2_7536322_2-376a52a8ac,2026-05-07T20:27:08.663Z,66.725,3,104.28,1980,0,0,,,,
powertraces-pt200array_pt217_r2_7536322_2-376a52a8ac,2026-05-07T20:27:08.763Z,66.825,0,119.46,1980,0,0,,,,
powertraces-pt200array_pt217_r2_7536322_2-376a52a8ac,2026-05-07T20:27:08.763Z,66.825,1,115.84,1980,13,0,,,,
powertraces-pt200array_pt217_r2_7536322_2-376a52a8ac,2026-05-07T20:27:08.763Z,66.825,2,117.63,1980,0,0,,,,
powertraces-pt200array_pt217_r2_7536322_2-376a52a8ac,2026-05-07T20:27:08.763Z,66.825,3,107.94,1980,0,0,,,,
powertraces-pt200array_pt217_r2_7536322_2-376a52a8ac,2026-05-07T20:27:08.863Z,66.925,0,119.56,1980,0,0,,,,
powertraces-pt200array_pt217_r2_7536322_2-376a52a8ac,2026-05-07T20:27:08.863Z,66.925,1,115.96,1980,13,0,,,,
powertraces-pt200array_pt217_r2_7536322_2-376a52a8ac,2026-05-07T20:27:08.863Z,66.925,2,117.46,1980,0,0,,,,
powertraces-pt200array_pt217_r2_7536322_2-376a52a8ac,2026-05-07T20:27:08.863Z,66.925,3,112.28,1980,0,0,,,,
powertraces-pt200array_pt217_r2_7536322_2-376a52a8ac,2026-05-07T20:27:08.963Z,67.025,0,119.55,1980,0,0,,,,
powertraces-pt200array_pt217_r2_7536322_2-376a52a8ac,2026-05-07T20:27:08.963Z,67.025,1,116.1,1980,13,0,,,,
powertraces-pt200array_pt217_r2_7536322_2-376a52a8ac,2026-05-07T20:27:08.963Z,67.025,2,117.39,1980,0,0,,,,
powertraces-pt200array_pt217_r2_7536322_2-376a52a8ac,2026-05-07T20:27:08.963Z,67.025,3,114.88,1980,0,0,,,,
powertraces-pt200array_pt217_r2_7536322_2-376a52a8ac,2026-05-07T20:27:09.063Z,67.125,0,119.63,1980,0,0,,,,
powertraces-pt200array_pt217_r2_7536322_2-376a52a8ac,2026-05-07T20:27:09.063Z,67.125,1,116.29,1980,13,0,,,,
powertraces-pt200array_pt217_r2_7536322_2-376a52a8ac,2026-05-07T20:27:09.063Z,67.125,2,117.41,1980,0,0,,,,
powertraces-pt200array_pt217_r2_7536322_2-376a52a8ac,2026-05-07T20:27:09.063Z,67.125,3,114.6,1980,0,0,,,,
powertraces-pt200array_pt217_r2_7536322_2-376a52a8ac,2026-05-07T20:27:09.163Z,67.225,0,119.67,1980,0,0,,,,
powertraces-pt200array_pt217_r2_7536322_2-376a52a8ac,2026-05-07T20:27:09.163Z,67.225,1,116.44,1980,13,0,,,,
powertraces-pt200array_pt217_r2_7536322_2-376a52a8ac,2026-05-07T20:27:09.163Z,67.225,2,117.43,1980,0,0,,,,
powertraces-pt200array_pt217_r2_7536322_2-376a52a8ac,2026-05-07T20:27:09.163Z,67.225,3,114.54,1980,0,0,,,,
powertraces-pt200array_pt217_r2_7536322_2-376a52a8ac,2026-05-07T20:27:09.263Z,67.325,0,119.57,1980,0,0,,,,
powertraces-pt200array_pt217_r2_7536322_2-376a52a8ac,2026-05-07T20:27:09.263Z,67.325,1,116.54,1980,13,0,,,,
powertraces-pt200array_pt217_r2_7536322_2-376a52a8ac,2026-05-07T20:27:09.263Z,67.325,2,117.58,1980,3,0,,,,
powertraces-pt200array_pt217_r2_7536322_2-376a52a8ac,2026-05-07T20:27:09.263Z,67.325,3,114.45,1980,0,0,,,,
powertraces-pt200array_pt217_r2_7536322_2-376a52a8ac,2026-05-07T20:27:09.364Z,67.426,0,119.43,1980,0,0,,,,
powertraces-pt200array_pt217_r2_7536322_2-376a52a8ac,2026-05-07T20:27:09.364Z,67.426,1,116.56,1980,0,0,,,,
powertraces-pt200array_pt217_r2_7536322_2-376a52a8ac,2026-05-07T20:27:09.364Z,67.426,2,117.72,1980,3,0,,,,
powertraces-pt200array_pt217_r2_7536322_2-376a52a8ac,2026-05-07T20:27:09.364Z,67.426,3,114.39,1980,0,0,,,,
powertraces-pt200array_pt217_r2_7536322_2-376a52a8ac,2026-05-07T20:27:09.464Z,67.526,0,119.35,1980,0,0,,,,
powertraces-pt200array_pt217_r2_7536322_2-376a52a8ac,2026-05-07T20:27:09.464Z,67.526,1,116.54,1980,0,0,,,,
powertraces-pt200array_pt217_r2_7536322_2-376a52a8ac,2026-05-07T20:27:09.464Z,67.526,2,117.88,1980,13,0,,,,
powertraces-pt200array_pt217_r2_7536322_2-376a52a8ac,2026-05-07T20:27:09.464Z,67.526,3,114.35,1980,0,0,,,,
powertraces-pt200array_pt217_r2_7536322_2-376a52a8ac,2026-05-07T20:27:09.564Z,67.626,0,119.21,1980,0,0,,,,
powertraces-pt200array_pt217_r2_7536322_2-376a52a8ac,2026-05-07T20:27:09.564Z,67.626,1,116.52,1980,0,0,,,,
powertraces-pt200array_pt217_r2_7536322_2-376a52a8ac,2026-05-07T20:27:09.564Z,67.626,2,118.01,1980,13,0,,,,
powertraces-pt200array_pt217_r2_7536322_2-376a52a8ac,2026-05-07T20:27:09.564Z,67.626,3,114.36,1980,0,0,,,,
powertraces-pt200array_pt217_r2_7536322_2-376a52a8ac,2026-05-07T20:27:09.664Z,67.726,0,119.07,1980,0,0,,,,
powertraces-pt200array_pt217_r2_7536322_2-376a52a8ac,2026-05-07T20:27:09.664Z,67.726,1,116.48,1980,0,0,,,,
powertraces-pt200array_pt217_r2_7536322_2-376a52a8ac,2026-05-07T20:27:09.664Z,67.726,2,118.16,1980,13,0,,,,
powertraces-pt200array_pt217_r2_7536322_2-376a52a8ac,2026-05-07T20:27:09.664Z,67.726,3,114.37,1980,0,0,,,,
powertraces-pt200array_pt217_r2_7536322_2-376a52a8ac,2026-05-07T20:27:09.764Z,67.826,0,119.01,1980,0,0,,,,
powertraces-pt200array_pt217_r2_7536322_2-376a52a8ac,2026-05-07T20:27:09.764Z,67.826,1,116.35,1980,0,0,,,,
powertraces-pt200array_pt217_r2_7536322_2-376a52a8ac,2026-05-07T20:27:09.764Z,67.826,2,118.27,1980,13,0,,,,
powertraces-pt200array_pt217_r2_7536322_2-376a52a8ac,2026-05-07T20:27:09.764Z,67.826,3,114.33,1980,0,0,,,,
powertraces-pt200array_pt217_r2_7536322_2-376a52a8ac,2026-05-07T20:27:09.864Z,67.926,0,119.02,1980,0,0,,,,
powertraces-pt200array_pt217_r2_7536322_2-376a52a8ac,2026-05-07T20:27:09.864Z,67.926,1,116.21,1980,0,0,,,,
powertraces-pt200array_pt217_r2_7536322_2-376a52a8ac,2026-05-07T20:27:09.864Z,67.926,2,118.29,1980,9,0,,,,
powertraces-pt200array_pt217_r2_7536322_2-376a52a8ac,2026-05-07T20:27:09.864Z,67.926,3,114.46,1980,0,0,,,,
powertraces-pt200array_pt217_r2_7536322_2-376a52a8ac,2026-05-07T20:27:09.964Z,68.026,0,119.01,1980,0,0,,,,
powertraces-pt200array_pt217_r2_7536322_2-376a52a8ac,2026-05-07T20:27:09.964Z,68.026,1,116.09,1980,0,0,,,,
powertraces-pt200array_pt217_r2_7536322_2-376a52a8ac,2026-05-07T20:27:09.964Z,68.026,2,118.31,1980,9,0,,,,
powertraces-pt200array_pt217_r2_7536322_2-376a52a8ac,2026-05-07T20:27:09.964Z,68.026,3,114.61,1980,13,0,,,,
powertraces-pt200array_pt217_r2_7536322_2-376a52a8ac,2026-05-07T20:27:10.065Z,68.127,0,118.94,1980,0,0,,,,
powertraces-pt200array_pt217_r2_7536322_2-376a52a8ac,2026-05-07T20:27:10.065Z,68.127,1,115.93,1980,0,0,,,,
powertraces-pt200array_pt217_r2_7536322_2-376a52a8ac,2026-05-07T20:27:10.065Z,68.127,2,118.31,1980,0,0,,,,
powertraces-pt200array_pt217_r2_7536322_2-376a52a8ac,2026-05-07T20:27:10.065Z,68.127,3,114.77,1980,13,0,,,,
powertraces-pt200array_pt217_r2_7536322_2-376a52a8ac,2026-05-07T20:27:10.165Z,68.227,0,118.93,1980,0,0,,,,
powertraces-pt200array_pt217_r2_7536322_2-376a52a8ac,2026-05-07T20:27:10.165Z,68.227,1,115.75,1980,0,0,,,,
powertraces-pt200array_pt217_r2_7536322_2-376a52a8ac,2026-05-07T20:27:10.165Z,68.227,2,118.33,1980,0,0,,,,
powertraces-pt200array_pt217_r2_7536322_2-376a52a8ac,2026-05-07T20:27:10.165Z,68.227,3,114.89,1980,14,0,,,,
powertraces-pt200array_pt217_r2_7536322_2-376a52a8ac,2026-05-07T20:27:10.265Z,68.327,0,118.92,1980,0,0,,,,
powertraces-pt200array_pt217_r2_7536322_2-376a52a8ac,2026-05-07T20:27:10.265Z,68.327,1,115.71,1980,0,0,,,,
powertraces-pt200array_pt217_r2_7536322_2-376a52a8ac,2026-05-07T20:27:10.265Z,68.327,2,118.21,1980,0,0,,,,
powertraces-pt200array_pt217_r2_7536322_2-376a52a8ac,2026-05-07T20:27:10.265Z,68.327,3,114.97,1980,14,0,,,,
powertraces-pt200array_pt217_r2_7536322_2-376a52a8ac,2026-05-07T20:27:10.365Z,68.427,0,118.93,1980,0,0,,,,
powertraces-pt200array_pt217_r2_7536322_2-376a52a8ac,2026-05-07T20:27:10.365Z,68.427,1,115.72,1980,0,0,,,,
powertraces-pt200array_pt217_r2_7536322_2-376a52a8ac,2026-05-07T20:27:10.365Z,68.427,2,118.06,1980,0,0,,,,
powertraces-pt200array_pt217_r2_7536322_2-376a52a8ac,2026-05-07T20:27:10.365Z,68.427,3,114.99,1980,0,0,,,,
powertraces-pt200array_pt217_r2_7536322_2-376a52a8ac,2026-05-07T20:27:10.465Z,68.527,0,118.91,1980,0,0,,,,
powertraces-pt200array_pt217_r2_7536322_2-376a52a8ac,2026-05-07T20:27:10.465Z,68.527,1,115.71,1980,0,0,,,,
powertraces-pt200array_pt217_r2_7536322_2-376a52a8ac,2026-05-07T20:27:10.465Z,68.527,2,117.94,1980,0,0,,,,
powertraces-pt200array_pt217_r2_7536322_2-376a52a8ac,2026-05-07T20:27:10.465Z,68.527,3,114.99,1980,0,0,,,,
powertraces-pt200array_pt217_r2_7536322_2-376a52a8ac,2026-05-07T20:27:10.565Z,68.627,0,118.91,1980,0,0,,,,
powertraces-pt200array_pt217_r2_7536322_2-376a52a8ac,2026-05-07T20:27:10.565Z,68.627,1,115.72,1980,0,0,,,,
powertraces-pt200array_pt217_r2_7536322_2-376a52a8ac,2026-05-07T20:27:10.565Z,68.627,2,117.82,1980,0,0,,,,
powertraces-pt200array_pt217_r2_7536322_2-376a52a8ac,2026-05-07T20:27:10.565Z,68.627,3,115.0,1980,0,0,,,,
powertraces-pt200array_pt217_r2_7536322_2-376a52a8ac,2026-05-07T20:27:10.665Z,68.727,0,118.92,1980,0,0,,,,
powertraces-pt200array_pt217_r2_7536322_2-376a52a8ac,2026-05-07T20:27:10.665Z,68.727,1,115.73,1980,0,0,,,,
powertraces-pt200array_pt217_r2_7536322_2-376a52a8ac,2026-05-07T20:27:10.665Z,68.727,2,117.7,1980,0,0,,,,
powertraces-pt200array_pt217_r2_7536322_2-376a52a8ac,2026-05-07T20:27:10.666Z,68.728,3,115.05,1980,0,0,,,,
powertraces-pt200array_pt217_r2_7536322_2-376a52a8ac,2026-05-07T20:27:10.766Z,68.828,0,118.91,1980,0,0,,,,
powertraces-pt200array_pt217_r2_7536322_2-376a52a8ac,2026-05-07T20:27:10.766Z,68.828,1,115.74,1980,0,0,,,,
powertraces-pt200array_pt217_r2_7536322_2-376a52a8ac,2026-05-07T20:27:10.766Z,68.828,2,117.57,1980,0,0,,,,
powertraces-pt200array_pt217_r2_7536322_2-376a52a8ac,2026-05-07T20:27:10.766Z,68.828,3,115.03,1980,0,0,,,,
powertraces-pt200array_pt217_r2_7536322_2-376a52a8ac,2026-05-07T20:27:10.866Z,68.928,0,118.9,1980,0,0,,,,
powertraces-pt200array_pt217_r2_7536322_2-376a52a8ac,2026-05-07T20:27:10.866Z,68.928,1,115.72,1980,0,0,,,,
powertraces-pt200array_pt217_r2_7536322_2-376a52a8ac,2026-05-07T20:27:10.866Z,68.928,2,117.57,1980,0,0,,,,
powertraces-pt200array_pt217_r2_7536322_2-376a52a8ac,2026-05-07T20:27:10.866Z,68.928,3,114.95,1980,0,0,,,,
powertraces-pt200array_pt217_r2_7536322_2-376a52a8ac,2026-05-07T20:27:10.966Z,69.028,0,118.92,1980,0,0,,,,
powertraces-pt200array_pt217_r2_7536322_2-376a52a8ac,2026-05-07T20:27:10.966Z,69.028,1,115.72,1980,0,0,,,,
powertraces-pt200array_pt217_r2_7536322_2-376a52a8ac,2026-05-07T20:27:10.966Z,69.028,2,117.57,1980,0,0,,,,
powertraces-pt200array_pt217_r2_7536322_2-376a52a8ac,2026-05-07T20:27:10.966Z,69.028,3,114.83,1980,0,0,,,,
powertraces-pt200array_pt217_r2_7536322_2-376a52a8ac,2026-05-07T20:27:11.066Z,69.128,0,118.92,1980,0,0,,,,
powertraces-pt200array_pt217_r2_7536322_2-376a52a8ac,2026-05-07T20:27:11.066Z,69.128,1,115.74,1980,0,0,,,,
powertraces-pt200array_pt217_r2_7536322_2-376a52a8ac,2026-05-07T20:27:11.066Z,69.128,2,117.57,1980,0,0,,,,
powertraces-pt200array_pt217_r2_7536322_2-376a52a8ac,2026-05-07T20:27:11.066Z,69.128,3,114.67,1980,0,0,,,,
powertraces-pt200array_pt217_r2_7536322_2-376a52a8ac,2026-05-07T20:27:11.166Z,69.228,0,118.89,1980,0,0,,,,
powertraces-pt200array_pt217_r2_7536322_2-376a52a8ac,2026-05-07T20:27:11.166Z,69.228,1,115.73,1980,0,0,,,,
powertraces-pt200array_pt217_r2_7536322_2-376a52a8ac,2026-05-07T20:27:11.166Z,69.228,2,117.57,1980,0,0,,,,
powertraces-pt200array_pt217_r2_7536322_2-376a52a8ac,2026-05-07T20:27:11.166Z,69.228,3,114.55,1980,0,0,,,,
powertraces-pt200array_pt217_r2_7536322_2-376a52a8ac,2026-05-07T20:27:11.267Z,69.329,0,118.89,1980,0,0,,,,
powertraces-pt200array_pt217_r2_7536322_2-376a52a8ac,2026-05-07T20:27:11.267Z,69.329,1,115.74,1980,0,0,,,,
powertraces-pt200array_pt217_r2_7536322_2-376a52a8ac,2026-05-07T20:27:11.267Z,69.329,2,117.59,1980,0,0,,,,
powertraces-pt200array_pt217_r2_7536322_2-376a52a8ac,2026-05-07T20:27:11.267Z,69.329,3,114.48,1980,0,0,,,,
powertraces-pt200array_pt217_r2_7536322_2-376a52a8ac,2026-05-07T20:27:11.367Z,69.429,0,118.9,1980,0,0,,,,
powertraces-pt200array_pt217_r2_7536322_2-376a52a8ac,2026-05-07T20:27:11.367Z,69.429,1,115.73,1980,0,0,,,,
powertraces-pt200array_pt217_r2_7536322_2-376a52a8ac,2026-05-07T20:27:11.367Z,69.429,2,117.6,1980,0,0,,,,
powertraces-pt200array_pt217_r2_7536322_2-376a52a8ac,2026-05-07T20:27:11.367Z,69.429,3,114.5,1980,0,0,,,,
powertraces-pt200array_pt217_r2_7536322_2-376a52a8ac,2026-05-07T20:27:11.467Z,69.529,0,118.96,1980,0,0,,,,
powertraces-pt200array_pt217_r2_7536322_2-376a52a8ac,2026-05-07T20:27:11.467Z,69.529,1,115.73,1980,0,0,,,,
powertraces-pt200array_pt217_r2_7536322_2-376a52a8ac,2026-05-07T20:27:11.467Z,69.529,2,117.61,1980,0,0,,,,
powertraces-pt200array_pt217_r2_7536322_2-376a52a8ac,2026-05-07T20:27:11.467Z,69.529,3,114.5,1980,0,0,,,,
powertraces-pt200array_pt217_r2_7536322_2-376a52a8ac,2026-05-07T20:27:11.567Z,69.629,0,120.77,1980,0,0,,,,
powertraces-pt200array_pt217_r2_7536322_2-376a52a8ac,2026-05-07T20:27:11.567Z,69.629,1,115.75,1980,0,0,,,,
powertraces-pt200array_pt217_r2_7536322_2-376a52a8ac,2026-05-07T20:27:11.567Z,69.629,2,117.62,1980,0,0,,,,
powertraces-pt200array_pt217_r2_7536322_2-376a52a8ac,2026-05-07T20:27:11.567Z,69.629,3,115.85,1980,0,0,,,,
powertraces-pt200array_pt217_r2_7536322_2-376a52a8ac,2026-05-07T20:27:11.667Z,69.729,0,122.37,1980,0,0,,,,
powertraces-pt200array_pt217_r2_7536322_2-376a52a8ac,2026-05-07T20:27:11.667Z,69.729,1,115.73,1980,0,0,,,,
powertraces-pt200array_pt217_r2_7536322_2-376a52a8ac,2026-05-07T20:27:11.667Z,69.729,2,117.63,1980,0,0,,,,
powertraces-pt200array_pt217_r2_7536322_2-376a52a8ac,2026-05-07T20:27:11.667Z,69.729,3,117.55,1980,0,0,,,,
powertraces-pt200array_pt217_r2_7536322_2-376a52a8ac,2026-05-07T20:27:11.767Z,69.829,0,123.53,1980,2,1,,,,
powertraces-pt200array_pt217_r2_7536322_2-376a52a8ac,2026-05-07T20:27:11.767Z,69.829,1,116.0,1980,0,0,,,,
powertraces-pt200array_pt217_r2_7536322_2-376a52a8ac,2026-05-07T20:27:11.767Z,69.829,2,117.61,1980,0,0,,,,
powertraces-pt200array_pt217_r2_7536322_2-376a52a8ac,2026-05-07T20:27:11.767Z,69.829,3,118.08,1980,0,0,,,,
powertraces-pt200array_pt217_r2_7536322_2-376a52a8ac,2026-05-07T20:27:11.867Z,69.929,0,126.6,1980,2,1,,,,
powertraces-pt200array_pt217_r2_7536322_2-376a52a8ac,2026-05-07T20:27:11.867Z,69.929,1,120.87,1980,0,0,,,,
powertraces-pt200array_pt217_r2_7536322_2-376a52a8ac,2026-05-07T20:27:11.867Z,69.929,2,120.46,1980,0,0,,,,
powertraces-pt200array_pt217_r2_7536322_2-376a52a8ac,2026-05-07T20:27:11.867Z,69.929,3,120.95,1980,0,0,,,,
powertraces-pt200array_pt217_r2_7536322_2-376a52a8ac,2026-05-07T20:27:11.968Z,70.03,0,129.26,1980,0,0,,,,
powertraces-pt200array_pt217_r2_7536322_2-376a52a8ac,2026-05-07T20:27:11.968Z,70.03,1,121.46,1980,0,0,,,,
powertraces-pt200array_pt217_r2_7536322_2-376a52a8ac,2026-05-07T20:27:11.968Z,70.03,2,122.83,1980,0,0,,,,
powertraces-pt200array_pt217_r2_7536322_2-376a52a8ac,2026-05-07T20:27:11.968Z,70.03,3,125.68,1980,2,0,,,,
powertraces-pt200array_pt217_r2_7536322_2-376a52a8ac,2026-05-07T20:27:12.068Z,70.13,0,130.55,1980,0,0,,,,
powertraces-pt200array_pt217_r2_7536322_2-376a52a8ac,2026-05-07T20:27:12.068Z,70.13,1,124.79,1980,0,0,,,,
powertraces-pt200array_pt217_r2_7536322_2-376a52a8ac,2026-05-07T20:27:12.068Z,70.13,2,127.83,1980,3,1,,,,
powertraces-pt200array_pt217_r2_7536322_2-376a52a8ac,2026-05-07T20:27:12.068Z,70.13,3,129.52,1980,2,0,,,,
powertraces-pt200array_pt217_r2_7536322_2-376a52a8ac,2026-05-07T20:27:12.168Z,70.23,0,139.88,1980,12,5,,,,
powertraces-pt200array_pt217_r2_7536322_2-376a52a8ac,2026-05-07T20:27:12.168Z,70.23,1,137.58,1980,12,4,,,,
powertraces-pt200array_pt217_r2_7536322_2-376a52a8ac,2026-05-07T20:27:12.168Z,70.23,2,137.93,1980,3,1,,,,
powertraces-pt200array_pt217_r2_7536322_2-376a52a8ac,2026-05-07T20:27:12.168Z,70.23,3,136.87,1980,1,0,,,,
powertraces-pt200array_pt217_r2_7536322_2-376a52a8ac,2026-05-07T20:27:12.268Z,70.33,0,147.62,1980,12,5,,,,
powertraces-pt200array_pt217_r2_7536322_2-376a52a8ac,2026-05-07T20:27:12.268Z,70.33,1,147.67,1980,12,4,,,,
powertraces-pt200array_pt217_r2_7536322_2-376a52a8ac,2026-05-07T20:27:12.268Z,70.33,2,146.32,1980,24,12,,,,
powertraces-pt200array_pt217_r2_7536322_2-376a52a8ac,2026-05-07T20:27:12.268Z,70.33,3,148.87,1980,1,0,,,,
powertraces-pt200array_pt217_r2_7536322_2-376a52a8ac,2026-05-07T20:27:12.368Z,70.43,0,156.25,1980,9,5,,,,
powertraces-pt200array_pt217_r2_7536322_2-376a52a8ac,2026-05-07T20:27:12.368Z,70.43,1,155.62,1980,23,12,,,,
powertraces-pt200array_pt217_r2_7536322_2-376a52a8ac,2026-05-07T20:27:12.368Z,70.43,2,155.43,1980,24,12,,,,
powertraces-pt200array_pt217_r2_7536322_2-376a52a8ac,2026-05-07T20:27:12.368Z,70.43,3,160.21,1980,20,11,,,,
powertraces-pt200array_pt217_r2_7536322_2-376a52a8ac,2026-05-07T20:27:12.468Z,70.53,0,168.6,1980,9,5,,,,
powertraces-pt200array_pt217_r2_7536322_2-376a52a8ac,2026-05-07T20:27:12.468Z,70.53,1,167.99,1980,23,12,,,,
powertraces-pt200array_pt217_r2_7536322_2-376a52a8ac,2026-05-07T20:27:12.468Z,70.53,2,164.01,1980,23,12,,,,
powertraces-pt200array_pt217_r2_7536322_2-376a52a8ac,2026-05-07T20:27:12.468Z,70.53,3,176.05,1980,20,11,,,,
powertraces-pt200array_pt217_r2_7536322_2-376a52a8ac,2026-05-07T20:27:12.568Z,70.63,0,172.33,1980,17,9,,,,
powertraces-pt200array_pt217_r2_7536322_2-376a52a8ac,2026-05-07T20:27:12.568Z,70.63,1,179.69,1980,27,14,,,,
powertraces-pt200array_pt217_r2_7536322_2-376a52a8ac,2026-05-07T20:27:12.568Z,70.63,2,174.02,1980,23,12,,,,
powertraces-pt200array_pt217_r2_7536322_2-376a52a8ac,2026-05-07T20:27:12.568Z,70.63,3,188.37,1980,26,14,,,,
powertraces-pt200array_pt217_r2_7536322_2-376a52a8ac,2026-05-07T20:27:12.669Z,70.731,0,177.89,1980,17,9,,,,
powertraces-pt200array_pt217_r2_7536322_2-376a52a8ac,2026-05-07T20:27:12.669Z,70.731,1,192.25,1980,27,14,,,,
powertraces-pt200array_pt217_r2_7536322_2-376a52a8ac,2026-05-07T20:27:12.669Z,70.731,2,186.33,1980,17,8,,,,
powertraces-pt200array_pt217_r2_7536322_2-376a52a8ac,2026-05-07T20:27:12.669Z,70.731,3,199.5,1980,26,14,,,,
powertraces-pt200array_pt217_r2_7536322_2-376a52a8ac,2026-05-07T20:27:12.769Z,70.831,0,186.07,1980,18,9,,,,
powertraces-pt200array_pt217_r2_7536322_2-376a52a8ac,2026-05-07T20:27:12.769Z,70.831,1,212.09,1980,21,10,,,,
powertraces-pt200array_pt217_r2_7536322_2-376a52a8ac,2026-05-07T20:27:12.769Z,70.831,2,197.45,1980,17,8,,,,
powertraces-pt200array_pt217_r2_7536322_2-376a52a8ac,2026-05-07T20:27:12.769Z,70.831,3,213.7,1980,21,12,,,,
powertraces-pt200array_pt217_r2_7536322_2-376a52a8ac,2026-05-07T20:27:12.869Z,70.931,0,190.97,1980,18,9,,,,
powertraces-pt200array_pt217_r2_7536322_2-376a52a8ac,2026-05-07T20:27:12.869Z,70.931,1,226.46,1980,21,10,,,,
powertraces-pt200array_pt217_r2_7536322_2-376a52a8ac,2026-05-07T20:27:12.869Z,70.931,2,211.33,1980,23,11,,,,
powertraces-pt200array_pt217_r2_7536322_2-376a52a8ac,2026-05-07T20:27:12.869Z,70.931,3,220.43,1980,21,12,,,,
powertraces-pt200array_pt217_r2_7536322_2-376a52a8ac,2026-05-07T20:27:12.969Z,71.031,0,197.72,1980,12,5,,,,
powertraces-pt200array_pt217_r2_7536322_2-376a52a8ac,2026-05-07T20:27:12.969Z,71.031,1,235.12,1980,17,8,,,,
powertraces-pt200array_pt217_r2_7536322_2-376a52a8ac,2026-05-07T20:27:12.969Z,71.031,2,222.04,1980,23,11,,,,
powertraces-pt200array_pt217_r2_7536322_2-376a52a8ac,2026-05-07T20:27:12.969Z,71.031,3,225.13,1980,13,7,,,,
powertraces-pt200array_pt217_r2_7536322_2-376a52a8ac,2026-05-07T20:27:13.069Z,71.131,0,202.83,1980,12,5,,,,
powertraces-pt200array_pt217_r2_7536322_2-376a52a8ac,2026-05-07T20:27:13.069Z,71.131,1,243.65,1980,17,8,,,,
powertraces-pt200array_pt217_r2_7536322_2-376a52a8ac,2026-05-07T20:27:13.069Z,71.131,2,223.32,1980,24,12,,,,
powertraces-pt200array_pt217_r2_7536322_2-376a52a8ac,2026-05-07T20:27:13.069Z,71.131,3,228.29,1980,13,7,,,,
powertraces-pt200array_pt217_r2_7536322_2-376a52a8ac,2026-05-07T20:27:13.169Z,71.231,0,194.13,1980,1,0,,,,
powertraces-pt200array_pt217_r2_7536322_2-376a52a8ac,2026-05-07T20:27:13.169Z,71.231,1,231.05,1980,6,4,,,,
powertraces-pt200array_pt217_r2_7536322_2-376a52a8ac,2026-05-07T20:27:13.169Z,71.231,2,214.61,1980,24,12,,,,
powertraces-pt200array_pt217_r2_7536322_2-376a52a8ac,2026-05-07T20:27:13.169Z,71.231,3,223.6,1980,5,3,,,,
powertraces-pt200array_pt217_r2_7536322_2-376a52a8ac,2026-05-07T20:27:13.269Z,71.331,0,187.35,1980,1,0,,,,
powertraces-pt200array_pt217_r2_7536322_2-376a52a8ac,2026-05-07T20:27:13.269Z,71.331,1,231.24,1980,6,4,,,,
powertraces-pt200array_pt217_r2_7536322_2-376a52a8ac,2026-05-07T20:27:13.269Z,71.331,2,214.73,1980,8,6,,,,
powertraces-pt200array_pt217_r2_7536322_2-376a52a8ac,2026-05-07T20:27:13.269Z,71.331,3,220.59,1980,5,3,,,,
powertraces-pt200array_pt217_r2_7536322_2-376a52a8ac,2026-05-07T20:27:13.37Z,71.432,0,187.26,1980,8,2,,,,
powertraces-pt200array_pt217_r2_7536322_2-376a52a8ac,2026-05-07T20:27:13.37Z,71.432,1,229.81,1980,25,16,,,,
powertraces-pt200array_pt217_r2_7536322_2-376a52a8ac,2026-05-07T20:27:13.37Z,71.432,2,216.45,1980,8,6,,,,
powertraces-pt200array_pt217_r2_7536322_2-376a52a8ac,2026-05-07T20:27:13.37Z,71.432,3,215.58,1980,4,2,,,,
powertraces-pt200array_pt217_r2_7536322_2-376a52a8ac,2026-05-07T20:27:13.47Z,71.532,0,184.9,1980,8,2,,,,
powertraces-pt200array_pt217_r2_7536322_2-376a52a8ac,2026-05-07T20:27:13.47Z,71.532,1,235.46,1980,25,16,,,,
powertraces-pt200array_pt217_r2_7536322_2-376a52a8ac,2026-05-07T20:27:13.47Z,71.532,2,219.06,1980,21,10,,,,
powertraces-pt200array_pt217_r2_7536322_2-376a52a8ac,2026-05-07T20:27:13.47Z,71.532,3,215.08,1980,4,2,,,,
powertraces-pt200array_pt217_r2_7536322_2-376a52a8ac,2026-05-07T20:27:13.57Z,71.632,0,184.2,1980,18,9,,,,
powertraces-pt200array_pt217_r2_7536322_2-376a52a8ac,2026-05-07T20:27:13.57Z,71.632,1,239.31,1980,25,13,,,,
powertraces-pt200array_pt217_r2_7536322_2-376a52a8ac,2026-05-07T20:27:13.57Z,71.632,2,223.12,1980,21,10,,,,
powertraces-pt200array_pt217_r2_7536322_2-376a52a8ac,2026-05-07T20:27:13.57Z,71.632,3,212.15,1980,26,14,,,,
powertraces-pt200array_pt217_r2_7536322_2-376a52a8ac,2026-05-07T20:27:13.67Z,71.732,0,185.72,1980,18,9,,,,
powertraces-pt200array_pt217_r2_7536322_2-376a52a8ac,2026-05-07T20:27:13.67Z,71.732,1,233.6,1980,25,13,,,,
powertraces-pt200array_pt217_r2_7536322_2-376a52a8ac,2026-05-07T20:27:13.67Z,71.732,2,229.85,1980,21,10,,,,
powertraces-pt200array_pt217_r2_7536322_2-376a52a8ac,2026-05-07T20:27:13.67Z,71.732,3,210.76,1980,26,14,,,,
powertraces-pt200array_pt217_r2_7536322_2-376a52a8ac,2026-05-07T20:27:13.77Z,71.832,0,190.08,1980,18,10,,,,
powertraces-pt200array_pt217_r2_7536322_2-376a52a8ac,2026-05-07T20:27:13.77Z,71.832,1,230.62,1980,25,13,,,,
powertraces-pt200array_pt217_r2_7536322_2-376a52a8ac,2026-05-07T20:27:13.77Z,71.832,2,231.69,1980,21,10,,,,
powertraces-pt200array_pt217_r2_7536322_2-376a52a8ac,2026-05-07T20:27:13.77Z,71.832,3,207.25,1980,25,14,,,,
powertraces-pt200array_pt217_r2_7536322_2-376a52a8ac,2026-05-07T20:27:13.87Z,71.932,0,189.35,1980,18,10,,,,
powertraces-pt200array_pt217_r2_7536322_2-376a52a8ac,2026-05-07T20:27:13.87Z,71.932,1,221.11,1980,25,13,,,,
powertraces-pt200array_pt217_r2_7536322_2-376a52a8ac,2026-05-07T20:27:13.87Z,71.932,2,229.32,1980,18,8,,,,
powertraces-pt200array_pt217_r2_7536322_2-376a52a8ac,2026-05-07T20:27:13.87Z,71.932,3,205.17,1980,25,14,,,,
powertraces-pt200array_pt217_r2_7536322_2-376a52a8ac,2026-05-07T20:27:13.971Z,72.033,0,190.72,1980,16,8,,,,
powertraces-pt200array_pt217_r2_7536322_2-376a52a8ac,2026-05-07T20:27:13.971Z,72.033,1,216.86,1980,17,8,,,,
powertraces-pt200array_pt217_r2_7536322_2-376a52a8ac,2026-05-07T20:27:13.971Z,72.033,2,226.88,1980,18,8,,,,
powertraces-pt200array_pt217_r2_7536322_2-376a52a8ac,2026-05-07T20:27:13.971Z,72.033,3,206.26,1980,13,7,,,,
powertraces-pt200array_pt217_r2_7536322_2-376a52a8ac,2026-05-07T20:27:14.071Z,72.133,0,194.07,1980,16,8,,,,
powertraces-pt200array_pt217_r2_7536322_2-376a52a8ac,2026-05-07T20:27:14.071Z,72.133,1,216.12,1980,17,8,,,,
powertraces-pt200array_pt217_r2_7536322_2-376a52a8ac,2026-05-07T20:27:14.071Z,72.133,2,232.02,1980,26,13,,,,
powertraces-pt200array_pt217_r2_7536322_2-376a52a8ac,2026-05-07T20:27:14.071Z,72.133,3,210.64,1980,13,7,,,,
powertraces-pt200array_pt217_r2_7536322_2-376a52a8ac,2026-05-07T20:27:14.171Z,72.233,0,201.78,1980,9,5,,,,
powertraces-pt200array_pt217_r2_7536322_2-376a52a8ac,2026-05-07T20:27:14.171Z,72.233,1,224.92,1980,24,13,,,,
powertraces-pt200array_pt217_r2_7536322_2-376a52a8ac,2026-05-07T20:27:14.171Z,72.233,2,243.59,1980,26,13,,,,
powertraces-pt200array_pt217_r2_7536322_2-376a52a8ac,2026-05-07T20:27:14.171Z,72.233,3,222.21,1980,21,11,,,,
powertraces-pt200array_pt217_r2_7536322_2-376a52a8ac,2026-05-07T20:27:14.271Z,72.333,0,208.13,1980,9,5,,,,
powertraces-pt200array_pt217_r2_7536322_2-376a52a8ac,2026-05-07T20:27:14.271Z,72.333,1,231.49,1980,24,13,,,,
powertraces-pt200array_pt217_r2_7536322_2-376a52a8ac,2026-05-07T20:27:14.271Z,72.333,2,251.56,1980,23,12,,,,
powertraces-pt200array_pt217_r2_7536322_2-376a52a8ac,2026-05-07T20:27:14.271Z,72.333,3,226.77,1980,21,11,,,,
powertraces-pt200array_pt217_r2_7536322_2-376a52a8ac,2026-05-07T20:27:14.371Z,72.433,0,212.76,1980,12,5,,,,
powertraces-pt200array_pt217_r2_7536322_2-376a52a8ac,2026-05-07T20:27:14.371Z,72.433,1,237.65,1980,40,27,,,,
powertraces-pt200array_pt217_r2_7536322_2-376a52a8ac,2026-05-07T20:27:14.371Z,72.433,2,256.89,1980,23,12,,,,
powertraces-pt200array_pt217_r2_7536322_2-376a52a8ac,2026-05-07T20:27:14.371Z,72.433,3,241.32,1980,39,28,,,,
powertraces-pt200array_pt217_r2_7536322_2-376a52a8ac,2026-05-07T20:27:14.471Z,72.533,0,215.55,1980,12,5,,,,
powertraces-pt200array_pt217_r2_7536322_2-376a52a8ac,2026-05-07T20:27:14.471Z,72.533,1,239.2,1980,40,27,,,,
powertraces-pt200array_pt217_r2_7536322_2-376a52a8ac,2026-05-07T20:27:14.471Z,72.533,2,256.71,1980,23,10,,,,
powertraces-pt200array_pt217_r2_7536322_2-376a52a8ac,2026-05-07T20:27:14.471Z,72.533,3,239.44,1980,39,28,,,,
powertraces-pt200array_pt217_r2_7536322_2-376a52a8ac,2026-05-07T20:27:14.571Z,72.633,0,215.62,1980,13,7,,,,
powertraces-pt200array_pt217_r2_7536322_2-376a52a8ac,2026-05-07T20:27:14.571Z,72.633,1,237.05,1980,24,13,,,,
powertraces-pt200array_pt217_r2_7536322_2-376a52a8ac,2026-05-07T20:27:14.571Z,72.633,2,259.96,1980,23,10,,,,
powertraces-pt200array_pt217_r2_7536322_2-376a52a8ac,2026-05-07T20:27:14.571Z,72.633,3,237.02,1980,26,14,,,,
powertraces-pt200array_pt217_r2_7536322_2-376a52a8ac,2026-05-07T20:27:14.671Z,72.733,0,217.85,1980,13,7,,,,
powertraces-pt200array_pt217_r2_7536322_2-376a52a8ac,2026-05-07T20:27:14.671Z,72.733,1,235.27,1980,24,13,,,,
powertraces-pt200array_pt217_r2_7536322_2-376a52a8ac,2026-05-07T20:27:14.671Z,72.733,2,261.98,1980,23,12,,,,
powertraces-pt200array_pt217_r2_7536322_2-376a52a8ac,2026-05-07T20:27:14.672Z,72.734,3,235.74,1980,26,14,,,,
powertraces-pt200array_pt217_r2_7536322_2-376a52a8ac,2026-05-07T20:27:14.772Z,72.834,0,220.81,1980,18,10,,,,
powertraces-pt200array_pt217_r2_7536322_2-376a52a8ac,2026-05-07T20:27:14.772Z,72.834,1,234.32,1980,27,14,,,,
powertraces-pt200array_pt217_r2_7536322_2-376a52a8ac,2026-05-07T20:27:14.772Z,72.834,2,256.04,1980,23,12,,,,
powertraces-pt200array_pt217_r2_7536322_2-376a52a8ac,2026-05-07T20:27:14.772Z,72.834,3,239.82,1980,26,14,,,,
powertraces-pt200array_pt217_r2_7536322_2-376a52a8ac,2026-05-07T20:27:14.872Z,72.934,0,216.38,1980,18,10,,,,
powertraces-pt200array_pt217_r2_7536322_2-376a52a8ac,2026-05-07T20:27:14.872Z,72.934,1,232.69,1980,27,14,,,,
powertraces-pt200array_pt217_r2_7536322_2-376a52a8ac,2026-05-07T20:27:14.872Z,72.934,2,250.76,1980,17,8,,,,
powertraces-pt200array_pt217_r2_7536322_2-376a52a8ac,2026-05-07T20:27:14.872Z,72.934,3,242.05,1980,26,14,,,,
powertraces-pt200array_pt217_r2_7536322_2-376a52a8ac,2026-05-07T20:27:14.972Z,73.034,0,214.33,1980,18,9,,,,
powertraces-pt200array_pt217_r2_7536322_2-376a52a8ac,2026-05-07T20:27:14.972Z,73.034,1,234.18,1980,17,8,,,,
powertraces-pt200array_pt217_r2_7536322_2-376a52a8ac,2026-05-07T20:27:14.972Z,73.034,2,247.21,1980,17,8,,,,
powertraces-pt200array_pt217_r2_7536322_2-376a52a8ac,2026-05-07T20:27:14.972Z,73.034,3,244.18,1980,17,9,,,,
powertraces-pt200array_pt217_r2_7536322_2-376a52a8ac,2026-05-07T20:27:15.072Z,73.134,0,210.13,1980,18,9,,,,
powertraces-pt200array_pt217_r2_7536322_2-376a52a8ac,2026-05-07T20:27:15.072Z,73.134,1,237.89,1980,17,8,,,,
powertraces-pt200array_pt217_r2_7536322_2-376a52a8ac,2026-05-07T20:27:15.072Z,73.134,2,246.04,1980,27,14,,,,
powertraces-pt200array_pt217_r2_7536322_2-376a52a8ac,2026-05-07T20:27:15.072Z,73.134,3,245.26,1980,17,9,,,,
powertraces-pt200array_pt217_r2_7536322_2-376a52a8ac,2026-05-07T20:27:15.172Z,73.234,0,209.69,1980,10,5,,,,
powertraces-pt200array_pt217_r2_7536322_2-376a52a8ac,2026-05-07T20:27:15.172Z,73.234,1,238.18,1980,19,10,,,,
powertraces-pt200array_pt217_r2_7536322_2-376a52a8ac,2026-05-07T20:27:15.172Z,73.234,2,251.8,1980,27,14,,,,
powertraces-pt200array_pt217_r2_7536322_2-376a52a8ac,2026-05-07T20:27:15.172Z,73.234,3,243.6,1980,16,8,,,,
powertraces-pt200array_pt217_r2_7536322_2-376a52a8ac,2026-05-07T20:27:15.272Z,73.334,0,212.45,1980,10,5,,,,
powertraces-pt200array_pt217_r2_7536322_2-376a52a8ac,2026-05-07T20:27:15.272Z,73.334,1,246.67,1980,19,10,,,,
powertraces-pt200array_pt217_r2_7536322_2-376a52a8ac,2026-05-07T20:27:15.272Z,73.334,2,251.24,1980,24,13,,,,
powertraces-pt200array_pt217_r2_7536322_2-376a52a8ac,2026-05-07T20:27:15.272Z,73.334,3,243.74,1980,16,8,,,,
powertraces-pt200array_pt217_r2_7536322_2-376a52a8ac,2026-05-07T20:27:15.372Z,73.434,0,213.22,1980,17,9,,,,
powertraces-pt200array_pt217_r2_7536322_2-376a52a8ac,2026-05-07T20:27:15.372Z,73.434,1,244.82,1980,39,28,,,,
powertraces-pt200array_pt217_r2_7536322_2-376a52a8ac,2026-05-07T20:27:15.372Z,73.434,2,250.59,1980,24,13,,,,
powertraces-pt200array_pt217_r2_7536322_2-376a52a8ac,2026-05-07T20:27:15.372Z,73.434,3,240.84,1980,39,28,,,,
powertraces-pt200array_pt217_r2_7536322_2-376a52a8ac,2026-05-07T20:27:15.472Z,73.534,0,214.25,1980,17,9,,,,
powertraces-pt200array_pt217_r2_7536322_2-376a52a8ac,2026-05-07T20:27:15.472Z,73.534,1,239.48,1980,39,28,,,,
powertraces-pt200array_pt217_r2_7536322_2-376a52a8ac,2026-05-07T20:27:15.472Z,73.534,2,252.36,1980,24,11,,,,
powertraces-pt200array_pt217_r2_7536322_2-376a52a8ac,2026-05-07T20:27:15.472Z,73.534,3,240.31,1980,39,28,,,,
powertraces-pt200array_pt217_r2_7536322_2-376a52a8ac,2026-05-07T20:27:15.573Z,73.635,0,211.49,1980,9,5,,,,
powertraces-pt200array_pt217_r2_7536322_2-376a52a8ac,2026-05-07T20:27:15.573Z,73.635,1,234.91,1980,24,13,,,,
powertraces-pt200array_pt217_r2_7536322_2-376a52a8ac,2026-05-07T20:27:15.573Z,73.635,2,248.18,1980,24,11,,,,
powertraces-pt200array_pt217_r2_7536322_2-376a52a8ac,2026-05-07T20:27:15.573Z,73.635,3,240.08,1980,24,13,,,,
powertraces-pt200array_pt217_r2_7536322_2-376a52a8ac,2026-05-07T20:27:15.673Z,73.735,0,210.72,1980,9,5,,,,
powertraces-pt200array_pt217_r2_7536322_2-376a52a8ac,2026-05-07T20:27:15.673Z,73.735,1,235.34,1980,24,13,,,,
powertraces-pt200array_pt217_r2_7536322_2-376a52a8ac,2026-05-07T20:27:15.673Z,73.735,2,241.38,1980,23,12,,,,
powertraces-pt200array_pt217_r2_7536322_2-376a52a8ac,2026-05-07T20:27:15.673Z,73.735,3,242.93,1980,24,13,,,,
powertraces-pt200array_pt217_r2_7536322_2-376a52a8ac,2026-05-07T20:27:15.773Z,73.835,0,205.63,1980,18,10,,,,
powertraces-pt200array_pt217_r2_7536322_2-376a52a8ac,2026-05-07T20:27:15.773Z,73.835,1,234.78,1980,27,14,,,,
powertraces-pt200array_pt217_r2_7536322_2-376a52a8ac,2026-05-07T20:27:15.773Z,73.835,2,240.2,1980,23,12,,,,
powertraces-pt200array_pt217_r2_7536322_2-376a52a8ac,2026-05-07T20:27:15.773Z,73.835,3,245.58,1980,26,14,,,,
powertraces-pt200array_pt217_r2_7536322_2-376a52a8ac,2026-05-07T20:27:15.873Z,73.935,0,203.94,1980,18,10,,,,
powertraces-pt200array_pt217_r2_7536322_2-376a52a8ac,2026-05-07T20:27:15.873Z,73.935,1,235.19,1980,27,14,,,,
powertraces-pt200array_pt217_r2_7536322_2-376a52a8ac,2026-05-07T20:27:15.873Z,73.935,2,242.38,1980,17,8,,,,
powertraces-pt200array_pt217_r2_7536322_2-376a52a8ac,2026-05-07T20:27:15.873Z,73.935,3,243.4,1980,26,14,,,,
powertraces-pt200array_pt217_r2_7536322_2-376a52a8ac,2026-05-07T20:27:15.973Z,74.035,0,204.39,1980,18,9,,,,
powertraces-pt200array_pt217_r2_7536322_2-376a52a8ac,2026-05-07T20:27:15.973Z,74.035,1,241.55,1980,19,9,,,,
powertraces-pt200array_pt217_r2_7536322_2-376a52a8ac,2026-05-07T20:27:15.973Z,74.035,2,243.54,1980,17,8,,,,
powertraces-pt200array_pt217_r2_7536322_2-376a52a8ac,2026-05-07T20:27:15.973Z,74.035,3,242.36,1980,21,12,,,,
powertraces-pt200array_pt217_r2_7536322_2-376a52a8ac,2026-05-07T20:27:16.073Z,74.135,0,205.4,1980,18,9,,,,
powertraces-pt200array_pt217_r2_7536322_2-376a52a8ac,2026-05-07T20:27:16.073Z,74.135,1,238.9,1980,19,9,,,,
powertraces-pt200array_pt217_r2_7536322_2-376a52a8ac,2026-05-07T20:27:16.073Z,74.135,2,240.45,1980,24,12,,,,
powertraces-pt200array_pt217_r2_7536322_2-376a52a8ac,2026-05-07T20:27:16.073Z,74.135,3,241.63,1980,21,12,,,,
powertraces-pt200array_pt217_r2_7536322_2-376a52a8ac,2026-05-07T20:27:16.173Z,74.235,0,197.87,1980,0,0,,,,
powertraces-pt200array_pt217_r2_7536322_2-376a52a8ac,2026-05-07T20:27:16.173Z,74.235,1,228.27,1980,2,1,,,,
powertraces-pt200array_pt217_r2_7536322_2-376a52a8ac,2026-05-07T20:27:16.173Z,74.235,2,229.8,1980,24,12,,,,
powertraces-pt200array_pt217_r2_7536322_2-376a52a8ac,2026-05-07T20:27:16.173Z,74.235,3,228.93,1980,1,0,,,,
powertraces-pt200array_pt217_r2_7536322_2-376a52a8ac,2026-05-07T20:27:16.273Z,74.335,0,198.56,1980,0,0,,,,
powertraces-pt200array_pt217_r2_7536322_2-376a52a8ac,2026-05-07T20:27:16.273Z,74.335,1,226.64,1980,2,1,,,,
powertraces-pt200array_pt217_r2_7536322_2-376a52a8ac,2026-05-07T20:27:16.273Z,74.335,2,229.53,1980,10,5,,,,
powertraces-pt200array_pt217_r2_7536322_2-376a52a8ac,2026-05-07T20:27:16.273Z,74.335,3,226.56,1980,1,0,,,,
powertraces-pt200array_pt217_r2_7536322_2-376a52a8ac,2026-05-07T20:27:16.374Z,74.436,0,191.61,1980,14,8,,,,
powertraces-pt200array_pt217_r2_7536322_2-376a52a8ac,2026-05-07T20:27:16.374Z,74.436,1,219.41,1980,23,12,,,,
powertraces-pt200array_pt217_r2_7536322_2-376a52a8ac,2026-05-07T20:27:16.374Z,74.436,2,224.74,1980,10,5,,,,
powertraces-pt200array_pt217_r2_7536322_2-376a52a8ac,2026-05-07T20:27:16.374Z,74.436,3,219.19,1980,26,14,,,,
powertraces-pt200array_pt217_r2_7536322_2-376a52a8ac,2026-05-07T20:27:16.474Z,74.536,0,200.31,1980,14,8,,,,
powertraces-pt200array_pt217_r2_7536322_2-376a52a8ac,2026-05-07T20:27:16.474Z,74.536,1,228.28,1980,23,12,,,,
powertraces-pt200array_pt217_r2_7536322_2-376a52a8ac,2026-05-07T20:27:16.474Z,74.536,2,226.87,1980,32,20,,,,
powertraces-pt200array_pt217_r2_7536322_2-376a52a8ac,2026-05-07T20:27:16.474Z,74.536,3,230.76,1980,26,14,,,,
powertraces-pt200array_pt217_r2_7536322_2-376a52a8ac,2026-05-07T20:27:16.574Z,74.636,0,198.66,1980,9,5,,,,
powertraces-pt200array_pt217_r2_7536322_2-376a52a8ac,2026-05-07T20:27:16.574Z,74.636,1,228.93,1980,21,10,,,,
powertraces-pt200array_pt217_r2_7536322_2-376a52a8ac,2026-05-07T20:27:16.574Z,74.636,2,224.04,1980,32,20,,,,
powertraces-pt200array_pt217_r2_7536322_2-376a52a8ac,2026-05-07T20:27:16.574Z,74.636,3,228.8,1980,32,19,,,,
powertraces-pt200array_pt217_r2_7536322_2-376a52a8ac,2026-05-07T20:27:16.674Z,74.736,0,198.29,1980,9,5,,,,
powertraces-pt200array_pt217_r2_7536322_2-376a52a8ac,2026-05-07T20:27:16.674Z,74.736,1,231.42,1980,21,10,,,,
powertraces-pt200array_pt217_r2_7536322_2-376a52a8ac,2026-05-07T20:27:16.674Z,74.736,2,222.74,1980,24,12,,,,
powertraces-pt200array_pt217_r2_7536322_2-376a52a8ac,2026-05-07T20:27:16.674Z,74.736,3,230.79,1980,32,19,,,,
powertraces-pt200array_pt217_r2_7536322_2-376a52a8ac,2026-05-07T20:27:16.774Z,74.836,0,198.64,1980,18,10,,,,
powertraces-pt200array_pt217_r2_7536322_2-376a52a8ac,2026-05-07T20:27:16.774Z,74.836,1,233.51,1980,27,14,,,,
powertraces-pt200array_pt217_r2_7536322_2-376a52a8ac,2026-05-07T20:27:16.774Z,74.836,2,222.88,1980,24,12,,,,
powertraces-pt200array_pt217_r2_7536322_2-376a52a8ac,2026-05-07T20:27:16.774Z,74.836,3,230.61,1980,26,14,,,,
powertraces-pt200array_pt217_r2_7536322_2-376a52a8ac,2026-05-07T20:27:16.874Z,74.936,0,199.48,1980,18,10,,,,
powertraces-pt200array_pt217_r2_7536322_2-376a52a8ac,2026-05-07T20:27:16.874Z,74.936,1,235.53,1980,27,14,,,,
powertraces-pt200array_pt217_r2_7536322_2-376a52a8ac,2026-05-07T20:27:16.874Z,74.936,2,226.4,1980,17,8,,,,
powertraces-pt200array_pt217_r2_7536322_2-376a52a8ac,2026-05-07T20:27:16.874Z,74.936,3,229.55,1980,26,14,,,,
powertraces-pt200array_pt217_r2_7536322_2-376a52a8ac,2026-05-07T20:27:16.974Z,75.036,0,201.13,1980,18,9,,,,
powertraces-pt200array_pt217_r2_7536322_2-376a52a8ac,2026-05-07T20:27:16.974Z,75.036,1,232.68,1980,20,10,,,,
powertraces-pt200array_pt217_r2_7536322_2-376a52a8ac,2026-05-07T20:27:16.974Z,75.036,2,225.41,1980,17,8,,,,
powertraces-pt200array_pt217_r2_7536322_2-376a52a8ac,2026-05-07T20:27:16.974Z,75.036,3,231.08,1980,22,13,,,,
powertraces-pt200array_pt217_r2_7536322_2-376a52a8ac,2026-05-07T20:27:17.074Z,75.136,0,199.24,1980,18,9,,,,
powertraces-pt200array_pt217_r2_7536322_2-376a52a8ac,2026-05-07T20:27:17.074Z,75.136,1,232.62,1980,20,10,,,,
powertraces-pt200array_pt217_r2_7536322_2-376a52a8ac,2026-05-07T20:27:17.074Z,75.136,2,232.32,1980,20,9,,,,
powertraces-pt200array_pt217_r2_7536322_2-376a52a8ac,2026-05-07T20:27:17.074Z,75.136,3,230.69,1980,22,13,,,,
powertraces-pt200array_pt217_r2_7536322_2-376a52a8ac,2026-05-07T20:27:17.175Z,75.237,0,209.6,1980,14,7,,,,
powertraces-pt200array_pt217_r2_7536322_2-376a52a8ac,2026-05-07T20:27:17.175Z,75.237,1,242.51,1980,17,8,,,,
powertraces-pt200array_pt217_r2_7536322_2-376a52a8ac,2026-05-07T20:27:17.175Z,75.237,2,242.21,1980,20,9,,,,
powertraces-pt200array_pt217_r2_7536322_2-376a52a8ac,2026-05-07T20:27:17.175Z,75.237,3,240.45,1980,13,7,,,,
powertraces-pt200array_pt217_r2_7536322_2-376a52a8ac,2026-05-07T20:27:17.275Z,75.337,0,212.23,1980,14,7,,,,
powertraces-pt200array_pt217_r2_7536322_2-376a52a8ac,2026-05-07T20:27:17.275Z,75.337,1,238.37,1980,17,8,,,,
powertraces-pt200array_pt217_r2_7536322_2-376a52a8ac,2026-05-07T20:27:17.275Z,75.337,2,239.29,1980,24,13,,,,
powertraces-pt200array_pt217_r2_7536322_2-376a52a8ac,2026-05-07T20:27:17.275Z,75.337,3,242.55,1980,13,7,,,,
powertraces-pt200array_pt217_r2_7536322_2-376a52a8ac,2026-05-07T20:27:17.375Z,75.437,0,210.46,1980,9,5,,,,
powertraces-pt200array_pt217_r2_7536322_2-376a52a8ac,2026-05-07T20:27:17.375Z,75.437,1,233.76,1980,23,12,,,,
powertraces-pt200array_pt217_r2_7536322_2-376a52a8ac,2026-05-07T20:27:17.375Z,75.437,2,234.22,1980,24,13,,,,
powertraces-pt200array_pt217_r2_7536322_2-376a52a8ac,2026-05-07T20:27:17.375Z,75.437,3,240.65,1980,23,12,,,,
powertraces-pt200array_pt217_r2_7536322_2-376a52a8ac,2026-05-07T20:27:17.475Z,75.537,0,209.89,1980,9,5,,,,
powertraces-pt200array_pt217_r2_7536322_2-376a52a8ac,2026-05-07T20:27:17.475Z,75.537,1,234.86,1980,23,12,,,,
powertraces-pt200array_pt217_r2_7536322_2-376a52a8ac,2026-05-07T20:27:17.475Z,75.537,2,235.54,1980,28,15,,,,
powertraces-pt200array_pt217_r2_7536322_2-376a52a8ac,2026-05-07T20:27:17.475Z,75.537,3,243.14,1980,23,12,,,,
powertraces-pt200array_pt217_r2_7536322_2-376a52a8ac,2026-05-07T20:27:17.575Z,75.637,0,207.68,1980,10,5,,,,
powertraces-pt200array_pt217_r2_7536322_2-376a52a8ac,2026-05-07T20:27:17.575Z,75.637,1,236.86,1980,19,8,,,,
powertraces-pt200array_pt217_r2_7536322_2-376a52a8ac,2026-05-07T20:27:17.575Z,75.637,2,240.12,1980,28,15,,,,
powertraces-pt200array_pt217_r2_7536322_2-376a52a8ac,2026-05-07T20:27:17.575Z,75.637,3,240.26,1980,33,21,,,,
powertraces-pt200array_pt217_r2_7536322_2-376a52a8ac,2026-05-07T20:27:17.675Z,75.737,0,208.45,1980,10,5,,,,
powertraces-pt200array_pt217_r2_7536322_2-376a52a8ac,2026-05-07T20:27:17.675Z,75.737,1,242.11,1980,19,8,,,,
powertraces-pt200array_pt217_r2_7536322_2-376a52a8ac,2026-05-07T20:27:17.675Z,75.737,2,242.69,1980,23,12,,,,
powertraces-pt200array_pt217_r2_7536322_2-376a52a8ac,2026-05-07T20:27:17.675Z,75.737,3,238.88,1980,33,21,,,,
powertraces-pt200array_pt217_r2_7536322_2-376a52a8ac,2026-05-07T20:27:17.775Z,75.837,0,209.17,1980,15,9,,,,
powertraces-pt200array_pt217_r2_7536322_2-376a52a8ac,2026-05-07T20:27:17.775Z,75.837,1,245.71,1980,24,13,,,,
powertraces-pt200array_pt217_r2_7536322_2-376a52a8ac,2026-05-07T20:27:17.775Z,75.837,2,246.0,1980,23,12,,,,
powertraces-pt200array_pt217_r2_7536322_2-376a52a8ac,2026-05-07T20:27:17.775Z,75.837,3,234.13,1980,26,14,,,,
powertraces-pt200array_pt217_r2_7536322_2-376a52a8ac,2026-05-07T20:27:17.875Z,75.937,0,211.99,1980,15,9,,,,
powertraces-pt200array_pt217_r2_7536322_2-376a52a8ac,2026-05-07T20:27:17.875Z,75.937,1,243.39,1980,24,13,,,,
powertraces-pt200array_pt217_r2_7536322_2-376a52a8ac,2026-05-07T20:27:17.875Z,75.937,2,250.87,1980,22,11,,,,
powertraces-pt200array_pt217_r2_7536322_2-376a52a8ac,2026-05-07T20:27:17.875Z,75.937,3,234.77,1980,26,14,,,,
powertraces-pt200array_pt217_r2_7536322_2-376a52a8ac,2026-05-07T20:27:17.976Z,76.038,0,213.64,1980,18,9,,,,
powertraces-pt200array_pt217_r2_7536322_2-376a52a8ac,2026-05-07T20:27:17.976Z,76.038,1,243.09,1980,27,14,,,,
powertraces-pt200array_pt217_r2_7536322_2-376a52a8ac,2026-05-07T20:27:17.976Z,76.038,2,250.62,1980,22,11,,,,
powertraces-pt200array_pt217_r2_7536322_2-376a52a8ac,2026-05-07T20:27:17.976Z,76.038,3,234.17,1980,26,14,,,,
powertraces-pt200array_pt217_r2_7536322_2-376a52a8ac,2026-05-07T20:27:18.076Z,76.138,0,215.35,1980,18,9,,,,
powertraces-pt200array_pt217_r2_7536322_2-376a52a8ac,2026-05-07T20:27:18.076Z,76.138,1,240.38,1980,27,14,,,,
powertraces-pt200array_pt217_r2_7536322_2-376a52a8ac,2026-05-07T20:27:18.076Z,76.138,2,247.98,1980,17,8,,,,
powertraces-pt200array_pt217_r2_7536322_2-376a52a8ac,2026-05-07T20:27:18.076Z,76.138,3,233.03,1980,26,14,,,,
powertraces-pt200array_pt217_r2_7536322_2-376a52a8ac,2026-05-07T20:27:18.176Z,76.238,0,215.46,1980,17,9,,,,
powertraces-pt200array_pt217_r2_7536322_2-376a52a8ac,2026-05-07T20:27:18.176Z,76.238,1,240.34,1980,17,8,,,,
powertraces-pt200array_pt217_r2_7536322_2-376a52a8ac,2026-05-07T20:27:18.176Z,76.238,2,248.36,1980,17,8,,,,
powertraces-pt200array_pt217_r2_7536322_2-376a52a8ac,2026-05-07T20:27:18.176Z,76.238,3,233.88,1980,13,7,,,,
powertraces-pt200array_pt217_r2_7536322_2-376a52a8ac,2026-05-07T20:27:18.276Z,76.338,0,214.41,1980,17,9,,,,
powertraces-pt200array_pt217_r2_7536322_2-376a52a8ac,2026-05-07T20:27:18.276Z,76.338,1,243.77,1980,17,8,,,,
powertraces-pt200array_pt217_r2_7536322_2-376a52a8ac,2026-05-07T20:27:18.276Z,76.338,2,246.62,1980,17,8,,,,
powertraces-pt200array_pt217_r2_7536322_2-376a52a8ac,2026-05-07T20:27:18.276Z,76.338,3,238.54,1980,13,7,,,,
powertraces-pt200array_pt217_r2_7536322_2-376a52a8ac,2026-05-07T20:27:18.376Z,76.438,0,211.44,1980,9,5,,,,
powertraces-pt200array_pt217_r2_7536322_2-376a52a8ac,2026-05-07T20:27:18.377Z,76.439,1,245.82,1980,23,12,,,,
powertraces-pt200array_pt217_r2_7536322_2-376a52a8ac,2026-05-07T20:27:18.377Z,76.439,2,247.5,1980,17,8,,,,
powertraces-pt200array_pt217_r2_7536322_2-376a52a8ac,2026-05-07T20:27:18.377Z,76.439,3,240.07,1980,18,10,,,,
powertraces-pt200array_pt217_r2_7536322_2-376a52a8ac,2026-05-07T20:27:18.477Z,76.539,0,209.32,1980,9,5,,,,
powertraces-pt200array_pt217_r2_7536322_2-376a52a8ac,2026-05-07T20:27:18.477Z,76.539,1,245.93,1980,23,12,,,,
powertraces-pt200array_pt217_r2_7536322_2-376a52a8ac,2026-05-07T20:27:18.477Z,76.539,2,247.57,1980,38,25,,,,
powertraces-pt200array_pt217_r2_7536322_2-376a52a8ac,2026-05-07T20:27:18.477Z,76.539,3,241.56,1980,18,10,,,,
powertraces-pt200array_pt217_r2_7536322_2-376a52a8ac,2026-05-07T20:27:18.577Z,76.639,0,210.83,1980,11,5,,,,
powertraces-pt200array_pt217_r2_7536322_2-376a52a8ac,2026-05-07T20:27:18.577Z,76.639,1,245.26,1980,15,6,,,,
powertraces-pt200array_pt217_r2_7536322_2-376a52a8ac,2026-05-07T20:27:18.577Z,76.639,2,249.0,1980,38,25,,,,
powertraces-pt200array_pt217_r2_7536322_2-376a52a8ac,2026-05-07T20:27:18.577Z,76.639,3,240.6,1980,34,23,,,,
powertraces-pt200array_pt217_r2_7536322_2-376a52a8ac,2026-05-07T20:27:18.677Z,76.739,0,212.99,1980,11,5,,,,
powertraces-pt200array_pt217_r2_7536322_2-376a52a8ac,2026-05-07T20:27:18.677Z,76.739,1,243.54,1980,15,6,,,,
powertraces-pt200array_pt217_r2_7536322_2-376a52a8ac,2026-05-07T20:27:18.677Z,76.739,2,248.01,1980,17,8,,,,
powertraces-pt200array_pt217_r2_7536322_2-376a52a8ac,2026-05-07T20:27:18.677Z,76.739,3,239.25,1980,34,23,,,,
powertraces-pt200array_pt217_r2_7536322_2-376a52a8ac,2026-05-07T20:27:18.777Z,76.839,0,212.04,1980,11,6,,,,
powertraces-pt200array_pt217_r2_7536322_2-376a52a8ac,2026-05-07T20:27:18.777Z,76.839,1,235.71,1980,23,12,,,,
powertraces-pt200array_pt217_r2_7536322_2-376a52a8ac,2026-05-07T20:27:18.777Z,76.839,2,246.19,1980,17,8,,,,
powertraces-pt200array_pt217_r2_7536322_2-376a52a8ac,2026-05-07T20:27:18.777Z,76.839,3,238.27,1980,26,14,,,,
powertraces-pt200array_pt217_r2_7536322_2-376a52a8ac,2026-05-07T20:27:18.878Z,76.94,0,213.23,1980,11,6,,,,
powertraces-pt200array_pt217_r2_7536322_2-376a52a8ac,2026-05-07T20:27:18.878Z,76.94,1,233.06,1980,23,12,,,,
powertraces-pt200array_pt217_r2_7536322_2-376a52a8ac,2026-05-07T20:27:18.878Z,76.94,2,243.74,1980,27,13,,,,
powertraces-pt200array_pt217_r2_7536322_2-376a52a8ac,2026-05-07T20:27:18.878Z,76.94,3,238.4,1980,26,14,,,,
powertraces-pt200array_pt217_r2_7536322_2-376a52a8ac,2026-05-07T20:27:18.978Z,77.04,0,213.31,1980,18,9,,,,
powertraces-pt200array_pt217_r2_7536322_2-376a52a8ac,2026-05-07T20:27:18.978Z,77.04,1,229.67,1980,27,14,,,,
powertraces-pt200array_pt217_r2_7536322_2-376a52a8ac,2026-05-07T20:27:18.978Z,77.04,2,242.1,1980,27,13,,,,
powertraces-pt200array_pt217_r2_7536322_2-376a52a8ac,2026-05-07T20:27:18.978Z,77.04,3,242.38,1980,26,14,,,,
powertraces-pt200array_pt217_r2_7536322_2-376a52a8ac,2026-05-07T20:27:19.078Z,77.14,0,211.47,1980,18,9,,,,
powertraces-pt200array_pt217_r2_7536322_2-376a52a8ac,2026-05-07T20:27:19.078Z,77.14,1,230.86,1980,27,14,,,,
powertraces-pt200array_pt217_r2_7536322_2-376a52a8ac,2026-05-07T20:27:19.078Z,77.14,2,239.9,1980,23,12,,,,
powertraces-pt200array_pt217_r2_7536322_2-376a52a8ac,2026-05-07T20:27:19.078Z,77.14,3,241.07,1980,26,14,,,,
powertraces-pt200array_pt217_r2_7536322_2-376a52a8ac,2026-05-07T20:27:19.178Z,77.24,0,209.13,1980,18,9,,,,
powertraces-pt200array_pt217_r2_7536322_2-376a52a8ac,2026-05-07T20:27:19.178Z,77.24,1,232.18,1980,17,8,,,,
powertraces-pt200array_pt217_r2_7536322_2-376a52a8ac,2026-05-07T20:27:19.178Z,77.24,2,235.24,1980,23,12,,,,
powertraces-pt200array_pt217_r2_7536322_2-376a52a8ac,2026-05-07T20:27:19.178Z,77.24,3,244.37,1980,19,10,,,,
powertraces-pt200array_pt217_r2_7536322_2-376a52a8ac,2026-05-07T20:27:19.278Z,77.34,0,207.34,1980,18,9,,,,
powertraces-pt200array_pt217_r2_7536322_2-376a52a8ac,2026-05-07T20:27:19.278Z,77.34,1,233.78,1980,17,8,,,,
powertraces-pt200array_pt217_r2_7536322_2-376a52a8ac,2026-05-07T20:27:19.278Z,77.34,2,236.89,1980,18,8,,,,
powertraces-pt200array_pt217_r2_7536322_2-376a52a8ac,2026-05-07T20:27:19.278Z,77.34,3,245.27,1980,19,10,,,,
powertraces-pt200array_pt217_r2_7536322_2-376a52a8ac,2026-05-07T20:27:19.378Z,77.44,0,208.89,1980,10,5,,,,
powertraces-pt200array_pt217_r2_7536322_2-376a52a8ac,2026-05-07T20:27:19.378Z,77.44,1,236.03,1980,19,10,,,,
powertraces-pt200array_pt217_r2_7536322_2-376a52a8ac,2026-05-07T20:27:19.378Z,77.44,2,242.12,1980,18,8,,,,
powertraces-pt200array_pt217_r2_7536322_2-376a52a8ac,2026-05-07T20:27:19.378Z,77.44,3,239.47,1980,15,8,,,,
powertraces-pt200array_pt217_r2_7536322_2-376a52a8ac,2026-05-07T20:27:19.478Z,77.54,0,209.55,1980,10,5,,,,
powertraces-pt200array_pt217_r2_7536322_2-376a52a8ac,2026-05-07T20:27:19.478Z,77.54,1,238.43,1980,19,10,,,,
powertraces-pt200array_pt217_r2_7536322_2-376a52a8ac,2026-05-07T20:27:19.478Z,77.54,2,239.69,1980,37,24,,,,
powertraces-pt200array_pt217_r2_7536322_2-376a52a8ac,2026-05-07T20:27:19.478Z,77.54,3,236.98,1980,15,8,,,,
powertraces-pt200array_pt217_r2_7536322_2-376a52a8ac,2026-05-07T20:27:19.578Z,77.64,0,211.67,1980,16,7,,,,
powertraces-pt200array_pt217_r2_7536322_2-376a52a8ac,2026-05-07T20:27:19.578Z,77.64,1,235.12,1980,18,9,,,,
powertraces-pt200array_pt217_r2_7536322_2-376a52a8ac,2026-05-07T20:27:19.578Z,77.64,2,236.9,1980,37,24,,,,
powertraces-pt200array_pt217_r2_7536322_2-376a52a8ac,2026-05-07T20:27:19.578Z,77.64,3,240.9,1980,36,24,,,,
powertraces-pt200array_pt217_r2_7536322_2-376a52a8ac,2026-05-07T20:27:19.678Z,77.74,0,208.03,1980,16,7,,,,
powertraces-pt200array_pt217_r2_7536322_2-376a52a8ac,2026-05-07T20:27:19.678Z,77.74,1,233.76,1980,18,9,,,,
powertraces-pt200array_pt217_r2_7536322_2-376a52a8ac,2026-05-07T20:27:19.678Z,77.74,2,232.16,1980,17,8,,,,
powertraces-pt200array_pt217_r2_7536322_2-376a52a8ac,2026-05-07T20:27:19.678Z,77.74,3,243.38,1980,36,24,,,,
powertraces-pt200array_pt217_r2_7536322_2-376a52a8ac,2026-05-07T20:27:19.779Z,77.841,0,206.47,1980,9,5,,,,
powertraces-pt200array_pt217_r2_7536322_2-376a52a8ac,2026-05-07T20:27:19.779Z,77.841,1,235.04,1980,22,12,,,,
powertraces-pt200array_pt217_r2_7536322_2-376a52a8ac,2026-05-07T20:27:19.779Z,77.841,2,228.94,1980,17,8,,,,
powertraces-pt200array_pt217_r2_7536322_2-376a52a8ac,2026-05-07T20:27:19.779Z,77.841,3,245.51,1980,18,9,,,,
powertraces-pt200array_pt217_r2_7536322_2-376a52a8ac,2026-05-07T20:27:19.879Z,77.941,0,204.47,1980,9,5,,,,
powertraces-pt200array_pt217_r2_7536322_2-376a52a8ac,2026-05-07T20:27:19.879Z,77.941,1,241.64,1980,22,12,,,,
powertraces-pt200array_pt217_r2_7536322_2-376a52a8ac,2026-05-07T20:27:19.879Z,77.941,2,225.32,1980,26,13,,,,
powertraces-pt200array_pt217_r2_7536322_2-376a52a8ac,2026-05-07T20:27:19.879Z,77.941,3,248.32,1980,18,9,,,,
powertraces-pt200array_pt217_r2_7536322_2-376a52a8ac,2026-05-07T20:27:19.979Z,78.041,0,201.08,1980,16,9,,,,
powertraces-pt200array_pt217_r2_7536322_2-376a52a8ac,2026-05-07T20:27:19.979Z,78.041,1,248.14,1980,25,13,,,,
powertraces-pt200array_pt217_r2_7536322_2-376a52a8ac,2026-05-07T20:27:19.979Z,78.041,2,226.03,1980,26,13,,,,
powertraces-pt200array_pt217_r2_7536322_2-376a52a8ac,2026-05-07T20:27:19.979Z,78.041,3,246.04,1980,26,14,,,,
powertraces-pt200array_pt217_r2_7536322_2-376a52a8ac,2026-05-07T20:27:20.079Z,78.141,0,202.72,1980,16,9,,,,
powertraces-pt200array_pt217_r2_7536322_2-376a52a8ac,2026-05-07T20:27:20.079Z,78.141,1,252.67,1980,25,13,,,,
powertraces-pt200array_pt217_r2_7536322_2-376a52a8ac,2026-05-07T20:27:20.079Z,78.141,2,233.1,1980,23,12,,,,
powertraces-pt200array_pt217_r2_7536322_2-376a52a8ac,2026-05-07T20:27:20.079Z,78.141,3,246.16,1980,26,14,,,,
powertraces-pt200array_pt217_r2_7536322_2-376a52a8ac,2026-05-07T20:27:20.179Z,78.241,0,206.46,1980,18,9,,,,
powertraces-pt200array_pt217_r2_7536322_2-376a52a8ac,2026-05-07T20:27:20.179Z,78.241,1,255.63,1980,24,12,,,,
powertraces-pt200array_pt217_r2_7536322_2-376a52a8ac,2026-05-07T20:27:20.179Z,78.241,2,237.07,1980,23,12,,,,
powertraces-pt200array_pt217_r2_7536322_2-376a52a8ac,2026-05-07T20:27:20.179Z,78.241,3,241.84,1980,24,14,,,,
powertraces-pt200array_pt217_r2_7536322_2-376a52a8ac,2026-05-07T20:27:20.279Z,78.341,0,208.24,1980,18,9,,,,
powertraces-pt200array_pt217_r2_7536322_2-376a52a8ac,2026-05-07T20:27:20.279Z,78.341,1,255.34,1980,24,12,,,,
powertraces-pt200array_pt217_r2_7536322_2-376a52a8ac,2026-05-07T20:27:20.279Z,78.341,2,241.46,1980,24,12,,,,
powertraces-pt200array_pt217_r2_7536322_2-376a52a8ac,2026-05-07T20:27:20.279Z,78.341,3,240.29,1980,24,14,,,,
powertraces-pt200array_pt217_r2_7536322_2-376a52a8ac,2026-05-07T20:27:20.379Z,78.441,0,209.49,1980,14,7,,,,
powertraces-pt200array_pt217_r2_7536322_2-376a52a8ac,2026-05-07T20:27:20.379Z,78.441,1,250.19,1980,17,8,,,,
powertraces-pt200array_pt217_r2_7536322_2-376a52a8ac,2026-05-07T20:27:20.379Z,78.441,2,241.65,1980,24,12,,,,
powertraces-pt200array_pt217_r2_7536322_2-376a52a8ac,2026-05-07T20:27:20.379Z,78.441,3,241.64,1980,13,7,,,,
powertraces-pt200array_pt217_r2_7536322_2-376a52a8ac,2026-05-07T20:27:20.479Z,78.541,0,209.45,1980,14,7,,,,
powertraces-pt200array_pt217_r2_7536322_2-376a52a8ac,2026-05-07T20:27:20.479Z,78.541,1,248.35,1980,17,8,,,,
powertraces-pt200array_pt217_r2_7536322_2-376a52a8ac,2026-05-07T20:27:20.479Z,78.541,2,241.04,1980,39,26,,,,
powertraces-pt200array_pt217_r2_7536322_2-376a52a8ac,2026-05-07T20:27:20.479Z,78.541,3,241.99,1980,13,7,,,,
powertraces-pt200array_pt217_r2_7536322_2-376a52a8ac,2026-05-07T20:27:20.58Z,78.642,0,212.58,1980,34,21,,,,
powertraces-pt200array_pt217_r2_7536322_2-376a52a8ac,2026-05-07T20:27:20.58Z,78.642,1,258.12,1980,48,34,,,,
powertraces-pt200array_pt217_r2_7536322_2-376a52a8ac,2026-05-07T20:27:20.58Z,78.642,2,251.6,1980,39,26,,,,
powertraces-pt200array_pt217_r2_7536322_2-376a52a8ac,2026-05-07T20:27:20.58Z,78.642,3,245.59,1980,39,27,,,,
powertraces-pt200array_pt217_r2_7536322_2-376a52a8ac,2026-05-07T20:27:20.68Z,78.742,0,213.35,1980,34,21,,,,
powertraces-pt200array_pt217_r2_7536322_2-376a52a8ac,2026-05-07T20:27:20.68Z,78.742,1,263.11,1980,48,34,,,,
powertraces-pt200array_pt217_r2_7536322_2-376a52a8ac,2026-05-07T20:27:20.68Z,78.742,2,254.82,1980,23,12,,,,
powertraces-pt200array_pt217_r2_7536322_2-376a52a8ac,2026-05-07T20:27:20.68Z,78.742,3,245.98,1980,39,27,,,,
powertraces-pt200array_pt217_r2_7536322_2-376a52a8ac,2026-05-07T20:27:20.78Z,78.842,0,216.47,1980,18,10,,,,
powertraces-pt200array_pt217_r2_7536322_2-376a52a8ac,2026-05-07T20:27:20.78Z,78.842,1,267.09,1980,23,12,,,,
powertraces-pt200array_pt217_r2_7536322_2-376a52a8ac,2026-05-07T20:27:20.78Z,78.842,2,257.39,1980,23,12,,,,
powertraces-pt200array_pt217_r2_7536322_2-376a52a8ac,2026-05-07T20:27:20.78Z,78.842,3,242.68,1980,24,14,,,,
powertraces-pt200array_pt217_r2_7536322_2-376a52a8ac,2026-05-07T20:27:20.88Z,78.942,0,216.96,1980,18,10,,,,
powertraces-pt200array_pt217_r2_7536322_2-376a52a8ac,2026-05-07T20:27:20.88Z,78.942,1,263.08,1980,23,12,,,,
powertraces-pt200array_pt217_r2_7536322_2-376a52a8ac,2026-05-07T20:27:20.88Z,78.942,2,261.87,1980,23,12,,,,
powertraces-pt200array_pt217_r2_7536322_2-376a52a8ac,2026-05-07T20:27:20.88Z,78.942,3,237.67,1980,24,14,,,,
powertraces-pt200array_pt217_r2_7536322_2-376a52a8ac,2026-05-07T20:27:20.98Z,79.042,0,219.63,1980,13,6,,,,
powertraces-pt200array_pt217_r2_7536322_2-376a52a8ac,2026-05-07T20:27:20.98Z,79.042,1,266.19,1980,17,8,,,,
powertraces-pt200array_pt217_r2_7536322_2-376a52a8ac,2026-05-07T20:27:20.98Z,79.042,2,264.17,1980,23,12,,,,
powertraces-pt200array_pt217_r2_7536322_2-376a52a8ac,2026-05-07T20:27:20.98Z,79.042,3,238.4,1980,13,7,,,,
powertraces-pt200array_pt217_r2_7536322_2-376a52a8ac,2026-05-07T20:27:21.08Z,79.142,0,221.43,1980,13,6,,,,
powertraces-pt200array_pt217_r2_7536322_2-376a52a8ac,2026-05-07T20:27:21.08Z,79.142,1,257.99,1980,17,8,,,,
powertraces-pt200array_pt217_r2_7536322_2-376a52a8ac,2026-05-07T20:27:21.08Z,79.142,2,261.29,1980,17,8,,,,
powertraces-pt200array_pt217_r2_7536322_2-376a52a8ac,2026-05-07T20:27:21.08Z,79.142,3,238.09,1980,13,7,,,,
powertraces-pt200array_pt217_r2_7536322_2-376a52a8ac,2026-05-07T20:27:21.18Z,79.242,0,222.69,1980,9,5,,,,
powertraces-pt200array_pt217_r2_7536322_2-376a52a8ac,2026-05-07T20:27:21.18Z,79.242,1,251.46,1980,23,12,,,,
powertraces-pt200array_pt217_r2_7536322_2-376a52a8ac,2026-05-07T20:27:21.18Z,79.242,2,259.11,1980,17,8,,,,
powertraces-pt200array_pt217_r2_7536322_2-376a52a8ac,2026-05-07T20:27:21.18Z,79.242,3,235.17,1980,23,13,,,,
powertraces-pt200array_pt217_r2_7536322_2-376a52a8ac,2026-05-07T20:27:21.28Z,79.342,0,221.53,1980,9,5,,,,
powertraces-pt200array_pt217_r2_7536322_2-376a52a8ac,2026-05-07T20:27:21.28Z,79.342,1,249.71,1980,23,12,,,,
powertraces-pt200array_pt217_r2_7536322_2-376a52a8ac,2026-05-07T20:27:21.28Z,79.342,2,252.49,1980,27,14,,,,
powertraces-pt200array_pt217_r2_7536322_2-376a52a8ac,2026-05-07T20:27:21.28Z,79.342,3,241.84,1980,23,13,,,,
powertraces-pt200array_pt217_r2_7536322_2-376a52a8ac,2026-05-07T20:27:21.38Z,79.442,0,217.82,1980,18,9,,,,
powertraces-pt200array_pt217_r2_7536322_2-376a52a8ac,2026-05-07T20:27:21.38Z,79.442,1,249.76,1980,27,14,,,,
powertraces-pt200array_pt217_r2_7536322_2-376a52a8ac,2026-05-07T20:27:21.381Z,79.443,2,247.51,1980,27,14,,,,
powertraces-pt200array_pt217_r2_7536322_2-376a52a8ac,2026-05-07T20:27:21.381Z,79.443,3,245.14,1980,26,14,,,,
powertraces-pt200array_pt217_r2_7536322_2-376a52a8ac,2026-05-07T20:27:21.481Z,79.543,0,210.85,1980,18,9,,,,
powertraces-pt200array_pt217_r2_7536322_2-376a52a8ac,2026-05-07T20:27:21.481Z,79.543,1,242.32,1980,27,14,,,,
powertraces-pt200array_pt217_r2_7536322_2-376a52a8ac,2026-05-07T20:27:21.481Z,79.543,2,239.99,1980,25,13,,,,
powertraces-pt200array_pt217_r2_7536322_2-376a52a8ac,2026-05-07T20:27:21.481Z,79.543,3,240.84,1980,26,14,,,,
powertraces-pt200array_pt217_r2_7536322_2-376a52a8ac,2026-05-07T20:27:21.581Z,79.643,0,210.78,1980,34,23,,,,
powertraces-pt200array_pt217_r2_7536322_2-376a52a8ac,2026-05-07T20:27:21.581Z,79.643,1,242.61,1980,39,27,,,,
powertraces-pt200array_pt217_r2_7536322_2-376a52a8ac,2026-05-07T20:27:21.581Z,79.643,2,239.53,1980,25,13,,,,
powertraces-pt200array_pt217_r2_7536322_2-376a52a8ac,2026-05-07T20:27:21.581Z,79.643,3,239.67,1980,22,12,,,,
powertraces-pt200array_pt217_r2_7536322_2-376a52a8ac,2026-05-07T20:27:21.681Z,79.743,0,213.0,1980,34,23,,,,
powertraces-pt200array_pt217_r2_7536322_2-376a52a8ac,2026-05-07T20:27:21.681Z,79.743,1,239.87,1980,39,27,,,,
powertraces-pt200array_pt217_r2_7536322_2-376a52a8ac,2026-05-07T20:27:21.681Z,79.743,2,244.06,1980,24,13,,,,
powertraces-pt200array_pt217_r2_7536322_2-376a52a8ac,2026-05-07T20:27:21.681Z,79.743,3,238.07,1980,22,12,,,,
powertraces-pt200array_pt217_r2_7536322_2-376a52a8ac,2026-05-07T20:27:21.781Z,79.843,0,215.68,1980,18,10,,,,
powertraces-pt200array_pt217_r2_7536322_2-376a52a8ac,2026-05-07T20:27:21.781Z,79.843,1,237.13,1980,27,14,,,,
powertraces-pt200array_pt217_r2_7536322_2-376a52a8ac,2026-05-07T20:27:21.781Z,79.843,2,246.33,1980,24,13,,,,
powertraces-pt200array_pt217_r2_7536322_2-376a52a8ac,2026-05-07T20:27:21.781Z,79.843,3,239.38,1980,25,14,,,,
powertraces-pt200array_pt217_r2_7536322_2-376a52a8ac,2026-05-07T20:27:21.881Z,79.943,0,213.17,1980,18,10,,,,
powertraces-pt200array_pt217_r2_7536322_2-376a52a8ac,2026-05-07T20:27:21.881Z,79.943,1,235.46,1980,27,14,,,,
powertraces-pt200array_pt217_r2_7536322_2-376a52a8ac,2026-05-07T20:27:21.881Z,79.943,2,247.7,1980,24,13,,,,
powertraces-pt200array_pt217_r2_7536322_2-376a52a8ac,2026-05-07T20:27:21.881Z,79.943,3,238.56,1980,25,14,,,,
powertraces-pt200array_pt217_r2_7536322_2-376a52a8ac,2026-05-07T20:27:21.981Z,80.043,0,213.6,1980,17,9,,,,
powertraces-pt200array_pt217_r2_7536322_2-376a52a8ac,2026-05-07T20:27:21.981Z,80.043,1,228.7,1980,17,8,,,,
powertraces-pt200array_pt217_r2_7536322_2-376a52a8ac,2026-05-07T20:27:21.981Z,80.043,2,245.7,1980,24,13,,,,
powertraces-pt200array_pt217_r2_7536322_2-376a52a8ac,2026-05-07T20:27:21.981Z,80.043,3,240.25,1980,13,7,,,,
powertraces-pt200array_pt217_r2_7536322_2-376a52a8ac,2026-05-07T20:27:22.081Z,80.143,0,212.13,1980,17,9,,,,
powertraces-pt200array_pt217_r2_7536322_2-376a52a8ac,2026-05-07T20:27:22.081Z,80.143,1,228.98,1980,17,8,,,,
powertraces-pt200array_pt217_r2_7536322_2-376a52a8ac,2026-05-07T20:27:22.081Z,80.143,2,241.43,1980,17,8,,,,
powertraces-pt200array_pt217_r2_7536322_2-376a52a8ac,2026-05-07T20:27:22.081Z,80.143,3,244.69,1980,13,7,,,,
powertraces-pt200array_pt217_r2_7536322_2-376a52a8ac,2026-05-07T20:27:22.181Z,80.243,0,210.58,1980,9,5,,,,
powertraces-pt200array_pt217_r2_7536322_2-376a52a8ac,2026-05-07T20:27:22.181Z,80.243,1,231.2,1980,23,12,,,,
powertraces-pt200array_pt217_r2_7536322_2-376a52a8ac,2026-05-07T20:27:22.181Z,80.243,2,241.69,1980,17,8,,,,
powertraces-pt200array_pt217_r2_7536322_2-376a52a8ac,2026-05-07T20:27:22.181Z,80.243,3,242.93,1980,20,11,,,,
powertraces-pt200array_pt217_r2_7536322_2-376a52a8ac,2026-05-07T20:27:22.282Z,80.344,0,207.51,1980,9,5,,,,
powertraces-pt200array_pt217_r2_7536322_2-376a52a8ac,2026-05-07T20:27:22.282Z,80.344,1,232.9,1980,23,12,,,,
powertraces-pt200array_pt217_r2_7536322_2-376a52a8ac,2026-05-07T20:27:22.282Z,80.344,2,240.96,1980,27,14,,,,
powertraces-pt200array_pt217_r2_7536322_2-376a52a8ac,2026-05-07T20:27:22.282Z,80.344,3,242.18,1980,20,11,,,,
powertraces-pt200array_pt217_r2_7536322_2-376a52a8ac,2026-05-07T20:27:22.382Z,80.444,0,207.83,1980,17,9,,,,
powertraces-pt200array_pt217_r2_7536322_2-376a52a8ac,2026-05-07T20:27:22.382Z,80.444,1,237.19,1980,26,13,,,,
powertraces-pt200array_pt217_r2_7536322_2-376a52a8ac,2026-05-07T20:27:22.382Z,80.444,2,243.13,1980,27,14,,,,
powertraces-pt200array_pt217_r2_7536322_2-376a52a8ac,2026-05-07T20:27:22.382Z,80.444,3,245.68,1980,26,14,,,,
powertraces-pt200array_pt217_r2_7536322_2-376a52a8ac,2026-05-07T20:27:22.482Z,80.544,0,209.27,1980,17,9,,,,
powertraces-pt200array_pt217_r2_7536322_2-376a52a8ac,2026-05-07T20:27:22.482Z,80.544,1,239.75,1980,26,13,,,,
powertraces-pt200array_pt217_r2_7536322_2-376a52a8ac,2026-05-07T20:27:22.482Z,80.544,2,248.06,1980,23,12,,,,
powertraces-pt200array_pt217_r2_7536322_2-376a52a8ac,2026-05-07T20:27:22.482Z,80.544,3,240.17,1980,26,14,,,,
powertraces-pt200array_pt217_r2_7536322_2-376a52a8ac,2026-05-07T20:27:22.582Z,80.644,0,209.65,1980,32,22,,,,
powertraces-pt200array_pt217_r2_7536322_2-376a52a8ac,2026-05-07T20:27:22.582Z,80.644,1,242.48,1980,39,26,,,,
powertraces-pt200array_pt217_r2_7536322_2-376a52a8ac,2026-05-07T20:27:22.582Z,80.644,2,245.08,1980,23,12,,,,
powertraces-pt200array_pt217_r2_7536322_2-376a52a8ac,2026-05-07T20:27:22.582Z,80.644,3,240.0,1980,22,13,,,,
powertraces-pt200array_pt217_r2_7536322_2-376a52a8ac,2026-05-07T20:27:22.682Z,80.744,0,210.09,1980,32,22,,,,
powertraces-pt200array_pt217_r2_7536322_2-376a52a8ac,2026-05-07T20:27:22.682Z,80.744,1,243.22,1980,39,26,,,,
powertraces-pt200array_pt217_r2_7536322_2-376a52a8ac,2026-05-07T20:27:22.682Z,80.744,2,243.71,1980,26,13,,,,
powertraces-pt200array_pt217_r2_7536322_2-376a52a8ac,2026-05-07T20:27:22.682Z,80.744,3,242.24,1980,22,13,,,,
powertraces-pt200array_pt217_r2_7536322_2-376a52a8ac,2026-05-07T20:27:22.782Z,80.844,0,209.98,1980,18,9,,,,
powertraces-pt200array_pt217_r2_7536322_2-376a52a8ac,2026-05-07T20:27:22.782Z,80.844,1,239.08,1980,27,14,,,,
powertraces-pt200array_pt217_r2_7536322_2-376a52a8ac,2026-05-07T20:27:22.782Z,80.844,2,240.19,1980,26,13,,,,
powertraces-pt200array_pt217_r2_7536322_2-376a52a8ac,2026-05-07T20:27:22.782Z,80.844,3,242.92,1980,26,14,,,,
powertraces-pt200array_pt217_r2_7536322_2-376a52a8ac,2026-05-07T20:27:22.882Z,80.944,0,210.72,1980,18,9,,,,
powertraces-pt200array_pt217_r2_7536322_2-376a52a8ac,2026-05-07T20:27:22.882Z,80.944,1,239.49,1980,27,14,,,,
powertraces-pt200array_pt217_r2_7536322_2-376a52a8ac,2026-05-07T20:27:22.882Z,80.944,2,236.67,1980,23,12,,,,
powertraces-pt200array_pt217_r2_7536322_2-376a52a8ac,2026-05-07T20:27:22.882Z,80.944,3,244.1,1980,26,14,,,,
powertraces-pt200array_pt217_r2_7536322_2-376a52a8ac,2026-05-07T20:27:22.982Z,81.044,0,209.56,1980,18,9,,,,
powertraces-pt200array_pt217_r2_7536322_2-376a52a8ac,2026-05-07T20:27:22.982Z,81.044,1,242.62,1980,17,8,,,,
powertraces-pt200array_pt217_r2_7536322_2-376a52a8ac,2026-05-07T20:27:22.982Z,81.044,2,235.45,1980,23,12,,,,
powertraces-pt200array_pt217_r2_7536322_2-376a52a8ac,2026-05-07T20:27:22.982Z,81.044,3,249.43,1980,16,9,,,,
powertraces-pt200array_pt217_r2_7536322_2-376a52a8ac,2026-05-07T20:27:23.082Z,81.144,0,205.89,1980,18,9,,,,
powertraces-pt200array_pt217_r2_7536322_2-376a52a8ac,2026-05-07T20:27:23.082Z,81.144,1,244.97,1980,17,8,,,,
powertraces-pt200array_pt217_r2_7536322_2-376a52a8ac,2026-05-07T20:27:23.082Z,81.144,2,236.55,1980,17,8,,,,
powertraces-pt200array_pt217_r2_7536322_2-376a52a8ac,2026-05-07T20:27:23.082Z,81.144,3,250.11,1980,16,9,,,,
powertraces-pt200array_pt217_r2_7536322_2-376a52a8ac,2026-05-07T20:27:23.183Z,81.245,0,205.0,1980,10,5,,,,
powertraces-pt200array_pt217_r2_7536322_2-376a52a8ac,2026-05-07T20:27:23.183Z,81.245,1,245.21,1980,20,11,,,,
powertraces-pt200array_pt217_r2_7536322_2-376a52a8ac,2026-05-07T20:27:23.183Z,81.245,2,239.4,1980,17,8,,,,
powertraces-pt200array_pt217_r2_7536322_2-376a52a8ac,2026-05-07T20:27:23.183Z,81.245,3,249.02,1980,17,9,,,,
powertraces-pt200array_pt217_r2_7536322_2-376a52a8ac,2026-05-07T20:27:23.283Z,81.345,0,206.78,1980,10,5,,,,
powertraces-pt200array_pt217_r2_7536322_2-376a52a8ac,2026-05-07T20:27:23.283Z,81.345,1,249.89,1980,20,11,,,,
powertraces-pt200array_pt217_r2_7536322_2-376a52a8ac,2026-05-07T20:27:23.283Z,81.345,2,240.0,1980,23,12,,,,
powertraces-pt200array_pt217_r2_7536322_2-376a52a8ac,2026-05-07T20:27:23.283Z,81.345,3,247.13,1980,17,9,,,,
powertraces-pt200array_pt217_r2_7536322_2-376a52a8ac,2026-05-07T20:27:23.383Z,81.445,0,206.6,1980,15,9,,,,
powertraces-pt200array_pt217_r2_7536322_2-376a52a8ac,2026-05-07T20:27:23.383Z,81.445,1,252.43,1980,25,13,,,,
powertraces-pt200array_pt217_r2_7536322_2-376a52a8ac,2026-05-07T20:27:23.383Z,81.445,2,242.43,1980,23,12,,,,
powertraces-pt200array_pt217_r2_7536322_2-376a52a8ac,2026-05-07T20:27:23.383Z,81.445,3,246.2,1980,26,14,,,,
powertraces-pt200array_pt217_r2_7536322_2-376a52a8ac,2026-05-07T20:27:23.483Z,81.545,0,210.01,1980,15,9,,,,
powertraces-pt200array_pt217_r2_7536322_2-376a52a8ac,2026-05-07T20:27:23.483Z,81.545,1,249.31,1980,25,13,,,,
powertraces-pt200array_pt217_r2_7536322_2-376a52a8ac,2026-05-07T20:27:23.483Z,81.545,2,247.44,1980,24,13,,,,
powertraces-pt200array_pt217_r2_7536322_2-376a52a8ac,2026-05-07T20:27:23.483Z,81.545,3,243.56,1980,26,14,,,,
powertraces-pt200array_pt217_r2_7536322_2-376a52a8ac,2026-05-07T20:27:23.583Z,81.645,0,209.15,1980,30,21,,,,
powertraces-pt200array_pt217_r2_7536322_2-376a52a8ac,2026-05-07T20:27:23.583Z,81.645,1,246.26,1980,39,25,,,,
powertraces-pt200array_pt217_r2_7536322_2-376a52a8ac,2026-05-07T20:27:23.583Z,81.645,2,243.04,1980,24,13,,,,
powertraces-pt200array_pt217_r2_7536322_2-376a52a8ac,2026-05-07T20:27:23.583Z,81.645,3,244.01,1980,25,14,,,,
powertraces-pt200array_pt217_r2_7536322_2-376a52a8ac,2026-05-07T20:27:23.683Z,81.745,0,208.5,1980,30,21,,,,
powertraces-pt200array_pt217_r2_7536322_2-376a52a8ac,2026-05-07T20:27:23.683Z,81.745,1,241.04,1980,39,25,,,,
powertraces-pt200array_pt217_r2_7536322_2-376a52a8ac,2026-05-07T20:27:23.683Z,81.745,2,240.89,1980,27,14,,,,
powertraces-pt200array_pt217_r2_7536322_2-376a52a8ac,2026-05-07T20:27:23.683Z,81.745,3,244.27,1980,25,14,,,,
powertraces-pt200array_pt217_r2_7536322_2-376a52a8ac,2026-05-07T20:27:23.783Z,81.845,0,209.03,1980,18,10,,,,
powertraces-pt200array_pt217_r2_7536322_2-376a52a8ac,2026-05-07T20:27:23.783Z,81.845,1,242.69,1980,27,14,,,,
powertraces-pt200array_pt217_r2_7536322_2-376a52a8ac,2026-05-07T20:27:23.783Z,81.845,2,239.99,1980,27,14,,,,
powertraces-pt200array_pt217_r2_7536322_2-376a52a8ac,2026-05-07T20:27:23.783Z,81.845,3,248.42,1980,26,14,,,,
powertraces-pt200array_pt217_r2_7536322_2-376a52a8ac,2026-05-07T20:27:23.883Z,81.945,0,207.49,1980,18,10,,,,
powertraces-pt200array_pt217_r2_7536322_2-376a52a8ac,2026-05-07T20:27:23.883Z,81.945,1,242.15,1980,27,14,,,,
powertraces-pt200array_pt217_r2_7536322_2-376a52a8ac,2026-05-07T20:27:23.883Z,81.945,2,240.05,1980,23,12,,,,
powertraces-pt200array_pt217_r2_7536322_2-376a52a8ac,2026-05-07T20:27:23.883Z,81.945,3,245.29,1980,26,14,,,,
powertraces-pt200array_pt217_r2_7536322_2-376a52a8ac,2026-05-07T20:27:23.984Z,82.046,0,205.66,1980,18,9,,,,
powertraces-pt200array_pt217_r2_7536322_2-376a52a8ac,2026-05-07T20:27:23.984Z,82.046,1,244.39,1980,17,8,,,,
powertraces-pt200array_pt217_r2_7536322_2-376a52a8ac,2026-05-07T20:27:23.984Z,82.046,2,237.28,1980,23,12,,,,
powertraces-pt200array_pt217_r2_7536322_2-376a52a8ac,2026-05-07T20:27:23.984Z,82.046,3,243.53,1980,19,11,,,,
powertraces-pt200array_pt217_r2_7536322_2-376a52a8ac,2026-05-07T20:27:24.084Z,82.146,0,204.49,1980,18,9,,,,
powertraces-pt200array_pt217_r2_7536322_2-376a52a8ac,2026-05-07T20:27:24.084Z,82.146,1,245.18,1980,17,8,,,,
powertraces-pt200array_pt217_r2_7536322_2-376a52a8ac,2026-05-07T20:27:24.084Z,82.146,2,238.77,1980,18,8,,,,
powertraces-pt200array_pt217_r2_7536322_2-376a52a8ac,2026-05-07T20:27:24.084Z,82.146,3,244.33,1980,19,11,,,,
powertraces-pt200array_pt217_r2_7536322_2-376a52a8ac,2026-05-07T20:27:24.184Z,82.246,0,206.26,1980,10,5,,,,
powertraces-pt200array_pt217_r2_7536322_2-376a52a8ac,2026-05-07T20:27:24.184Z,82.246,1,246.86,1980,19,10,,,,
powertraces-pt200array_pt217_r2_7536322_2-376a52a8ac,2026-05-07T20:27:24.184Z,82.246,2,241.41,1980,18,8,,,,
powertraces-pt200array_pt217_r2_7536322_2-376a52a8ac,2026-05-07T20:27:24.184Z,82.246,3,241.61,1980,16,8,,,,
powertraces-pt200array_pt217_r2_7536322_2-376a52a8ac,2026-05-07T20:27:24.284Z,82.346,0,208.08,1980,10,5,,,,
powertraces-pt200array_pt217_r2_7536322_2-376a52a8ac,2026-05-07T20:27:24.284Z,82.346,1,246.41,1980,19,10,,,,
powertraces-pt200array_pt217_r2_7536322_2-376a52a8ac,2026-05-07T20:27:24.284Z,82.346,2,242.83,1980,21,10,,,,
powertraces-pt200array_pt217_r2_7536322_2-376a52a8ac,2026-05-07T20:27:24.284Z,82.346,3,241.18,1980,16,8,,,,
powertraces-pt200array_pt217_r2_7536322_2-376a52a8ac,2026-05-07T20:27:24.384Z,82.446,0,207.82,1980,15,8,,,,
powertraces-pt200array_pt217_r2_7536322_2-376a52a8ac,2026-05-07T20:27:24.384Z,82.446,1,247.16,1980,23,12,,,,
powertraces-pt200array_pt217_r2_7536322_2-376a52a8ac,2026-05-07T20:27:24.384Z,82.446,2,243.87,1980,21,10,,,,
powertraces-pt200array_pt217_r2_7536322_2-376a52a8ac,2026-05-07T20:27:24.384Z,82.446,3,238.88,1980,26,14,,,,
powertraces-pt200array_pt217_r2_7536322_2-376a52a8ac,2026-05-07T20:27:24.484Z,82.546,0,208.4,1980,15,8,,,,
powertraces-pt200array_pt217_r2_7536322_2-376a52a8ac,2026-05-07T20:27:24.484Z,82.546,1,244.28,1980,23,12,,,,
powertraces-pt200array_pt217_r2_7536322_2-376a52a8ac,2026-05-07T20:27:24.484Z,82.546,2,244.01,1980,25,13,,,,
powertraces-pt200array_pt217_r2_7536322_2-376a52a8ac,2026-05-07T20:27:24.484Z,82.546,3,239.44,1980,26,14,,,,
powertraces-pt200array_pt217_r2_7536322_2-376a52a8ac,2026-05-07T20:27:24.584Z,82.646,0,208.71,1980,30,21,,,,
powertraces-pt200array_pt217_r2_7536322_2-376a52a8ac,2026-05-07T20:27:24.584Z,82.646,1,241.56,1980,39,25,,,,
powertraces-pt200array_pt217_r2_7536322_2-376a52a8ac,2026-05-07T20:27:24.584Z,82.646,2,244.61,1980,25,13,,,,
powertraces-pt200array_pt217_r2_7536322_2-376a52a8ac,2026-05-07T20:27:24.584Z,82.646,3,238.99,1980,26,14,,,,
powertraces-pt200array_pt217_r2_7536322_2-376a52a8ac,2026-05-07T20:27:24.685Z,82.747,0,209.15,1980,30,21,,,,
powertraces-pt200array_pt217_r2_7536322_2-376a52a8ac,2026-05-07T20:27:24.685Z,82.747,1,245.79,1980,39,25,,,,
powertraces-pt200array_pt217_r2_7536322_2-376a52a8ac,2026-05-07T20:27:24.685Z,82.747,2,240.91,1980,27,14,,,,
powertraces-pt200array_pt217_r2_7536322_2-376a52a8ac,2026-05-07T20:27:24.685Z,82.747,3,240.6,1980,26,14,,,,
powertraces-pt200array_pt217_r2_7536322_2-376a52a8ac,2026-05-07T20:27:24.785Z,82.847,0,205.93,1980,18,10,,,,
powertraces-pt200array_pt217_r2_7536322_2-376a52a8ac,2026-05-07T20:27:24.785Z,82.847,1,250.95,1980,27,14,,,,
powertraces-pt200array_pt217_r2_7536322_2-376a52a8ac,2026-05-07T20:27:24.785Z,82.847,2,238.74,1980,27,14,,,,
powertraces-pt200array_pt217_r2_7536322_2-376a52a8ac,2026-05-07T20:27:24.785Z,82.847,3,239.08,1980,26,14,,,,
powertraces-pt200array_pt217_r2_7536322_2-376a52a8ac,2026-05-07T20:27:24.885Z,82.947,0,205.33,1980,18,10,,,,
powertraces-pt200array_pt217_r2_7536322_2-376a52a8ac,2026-05-07T20:27:24.885Z,82.947,1,249.4,1980,27,14,,,,
powertraces-pt200array_pt217_r2_7536322_2-376a52a8ac,2026-05-07T20:27:24.885Z,82.947,2,243.18,1980,23,12,,,,
powertraces-pt200array_pt217_r2_7536322_2-376a52a8ac,2026-05-07T20:27:24.885Z,82.947,3,240.56,1980,26,14,,,,
powertraces-pt200array_pt217_r2_7536322_2-376a52a8ac,2026-05-07T20:27:24.985Z,83.047,0,207.2,1980,18,9,,,,
powertraces-pt200array_pt217_r2_7536322_2-376a52a8ac,2026-05-07T20:27:24.985Z,83.047,1,255.69,1980,20,10,,,,
powertraces-pt200array_pt217_r2_7536322_2-376a52a8ac,2026-05-07T20:27:24.985Z,83.047,2,245.44,1980,23,12,,,,
powertraces-pt200array_pt217_r2_7536322_2-376a52a8ac,2026-05-07T20:27:24.985Z,83.047,3,239.06,1980,22,13,,,,
powertraces-pt200array_pt217_r2_7536322_2-376a52a8ac,2026-05-07T20:27:25.085Z,83.147,0,207.13,1980,18,9,,,,
powertraces-pt200array_pt217_r2_7536322_2-376a52a8ac,2026-05-07T20:27:25.085Z,83.147,1,257.64,1980,20,10,,,,
powertraces-pt200array_pt217_r2_7536322_2-376a52a8ac,2026-05-07T20:27:25.085Z,83.147,2,248.26,1980,21,10,,,,
powertraces-pt200array_pt217_r2_7536322_2-376a52a8ac,2026-05-07T20:27:25.085Z,83.147,3,237.15,1980,22,13,,,,
powertraces-pt200array_pt217_r2_7536322_2-376a52a8ac,2026-05-07T20:27:25.185Z,83.247,0,208.79,1980,11,5,,,,
powertraces-pt200array_pt217_r2_7536322_2-376a52a8ac,2026-05-07T20:27:25.185Z,83.247,1,256.17,1980,17,8,,,,
powertraces-pt200array_pt217_r2_7536322_2-376a52a8ac,2026-05-07T20:27:25.185Z,83.247,2,254.19,1980,21,10,,,,
powertraces-pt200array_pt217_r2_7536322_2-376a52a8ac,2026-05-07T20:27:25.185Z,83.247,3,237.4,1980,14,7,,,,
powertraces-pt200array_pt217_r2_7536322_2-376a52a8ac,2026-05-07T20:27:25.285Z,83.347,0,210.42,1980,11,5,,,,
powertraces-pt200array_pt217_r2_7536322_2-376a52a8ac,2026-05-07T20:27:25.285Z,83.347,1,254.86,1980,17,8,,,,
powertraces-pt200array_pt217_r2_7536322_2-376a52a8ac,2026-05-07T20:27:25.285Z,83.347,2,251.82,1980,17,8,,,,
powertraces-pt200array_pt217_r2_7536322_2-376a52a8ac,2026-05-07T20:27:25.285Z,83.347,3,239.43,1980,14,7,,,,
powertraces-pt200array_pt217_r2_7536322_2-376a52a8ac,2026-05-07T20:27:25.385Z,83.447,0,209.38,1980,12,6,,,,
powertraces-pt200array_pt217_r2_7536322_2-376a52a8ac,2026-05-07T20:27:25.385Z,83.447,1,248.64,1980,23,12,,,,
powertraces-pt200array_pt217_r2_7536322_2-376a52a8ac,2026-05-07T20:27:25.385Z,83.447,2,249.15,1980,17,8,,,,
powertraces-pt200array_pt217_r2_7536322_2-376a52a8ac,2026-05-07T20:27:25.385Z,83.447,3,240.11,1980,26,14,,,,
powertraces-pt200array_pt217_r2_7536322_2-376a52a8ac,2026-05-07T20:27:25.485Z,83.547,0,209.13,1980,12,6,,,,
powertraces-pt200array_pt217_r2_7536322_2-376a52a8ac,2026-05-07T20:27:25.485Z,83.547,1,246.61,1980,23,12,,,,
powertraces-pt200array_pt217_r2_7536322_2-376a52a8ac,2026-05-07T20:27:25.485Z,83.547,2,245.92,1980,26,14,,,,
powertraces-pt200array_pt217_r2_7536322_2-376a52a8ac,2026-05-07T20:27:25.485Z,83.547,3,240.36,1980,26,14,,,,
powertraces-pt200array_pt217_r2_7536322_2-376a52a8ac,2026-05-07T20:27:25.586Z,83.648,0,209.23,1980,30,21,,,,
powertraces-pt200array_pt217_r2_7536322_2-376a52a8ac,2026-05-07T20:27:25.586Z,83.648,1,248.71,1980,35,21,,,,
powertraces-pt200array_pt217_r2_7536322_2-376a52a8ac,2026-05-07T20:27:25.586Z,83.648,2,247.61,1980,26,14,,,,
powertraces-pt200array_pt217_r2_7536322_2-376a52a8ac,2026-05-07T20:27:25.586Z,83.648,3,242.36,1980,26,14,,,,
powertraces-pt200array_pt217_r2_7536322_2-376a52a8ac,2026-05-07T20:27:25.686Z,83.748,0,207.7,1980,30,21,,,,
powertraces-pt200array_pt217_r2_7536322_2-376a52a8ac,2026-05-07T20:27:25.686Z,83.748,1,252.26,1980,35,21,,,,
powertraces-pt200array_pt217_r2_7536322_2-376a52a8ac,2026-05-07T20:27:25.686Z,83.748,2,246.27,1980,26,13,,,,
powertraces-pt200array_pt217_r2_7536322_2-376a52a8ac,2026-05-07T20:27:25.686Z,83.748,3,237.44,1980,26,14,,,,
powertraces-pt200array_pt217_r2_7536322_2-376a52a8ac,2026-05-07T20:27:25.786Z,83.848,0,207.19,1980,17,9,,,,
powertraces-pt200array_pt217_r2_7536322_2-376a52a8ac,2026-05-07T20:27:25.786Z,83.848,1,252.64,1980,26,13,,,,
powertraces-pt200array_pt217_r2_7536322_2-376a52a8ac,2026-05-07T20:27:25.786Z,83.848,2,249.17,1980,26,13,,,,
powertraces-pt200array_pt217_r2_7536322_2-376a52a8ac,2026-05-07T20:27:25.786Z,83.848,3,237.36,1980,26,14,,,,
powertraces-pt200array_pt217_r2_7536322_2-376a52a8ac,2026-05-07T20:27:25.886Z,83.948,0,209.14,1980,17,9,,,,
powertraces-pt200array_pt217_r2_7536322_2-376a52a8ac,2026-05-07T20:27:25.886Z,83.948,1,253.15,1980,26,13,,,,
powertraces-pt200array_pt217_r2_7536322_2-376a52a8ac,2026-05-07T20:27:25.886Z,83.948,2,250.08,1980,23,12,,,,
powertraces-pt200array_pt217_r2_7536322_2-376a52a8ac,2026-05-07T20:27:25.886Z,83.948,3,233.44,1980,26,14,,,,
powertraces-pt200array_pt217_r2_7536322_2-376a52a8ac,2026-05-07T20:27:25.986Z,84.048,0,211.06,1980,18,9,,,,
powertraces-pt200array_pt217_r2_7536322_2-376a52a8ac,2026-05-07T20:27:25.986Z,84.048,1,249.24,1980,24,12,,,,
powertraces-pt200array_pt217_r2_7536322_2-376a52a8ac,2026-05-07T20:27:25.986Z,84.048,2,250.97,1980,23,12,,,,
powertraces-pt200array_pt217_r2_7536322_2-376a52a8ac,2026-05-07T20:27:25.986Z,84.048,3,234.13,1980,23,13,,,,
powertraces-pt200array_pt217_r2_7536322_2-376a52a8ac,2026-05-07T20:27:26.086Z,84.148,0,212.41,1980,18,9,,,,
powertraces-pt200array_pt217_r2_7536322_2-376a52a8ac,2026-05-07T20:27:26.086Z,84.148,1,248.54,1980,24,12,,,,
powertraces-pt200array_pt217_r2_7536322_2-376a52a8ac,2026-05-07T20:27:26.086Z,84.148,2,252.76,1980,23,12,,,,
powertraces-pt200array_pt217_r2_7536322_2-376a52a8ac,2026-05-07T20:27:26.086Z,84.148,3,233.97,1980,23,13,,,,
powertraces-pt200array_pt217_r2_7536322_2-376a52a8ac,2026-05-07T20:27:26.186Z,84.248,0,213.27,1980,13,7,,,,
powertraces-pt200array_pt217_r2_7536322_2-376a52a8ac,2026-05-07T20:27:26.186Z,84.248,1,246.32,1980,17,8,,,,
powertraces-pt200array_pt217_r2_7536322_2-376a52a8ac,2026-05-07T20:27:26.186Z,84.248,2,252.76,1980,23,12,,,,
powertraces-pt200array_pt217_r2_7536322_2-376a52a8ac,2026-05-07T20:27:26.186Z,84.248,3,235.64,1980,13,7,,,,
powertraces-pt200array_pt217_r2_7536322_2-376a52a8ac,2026-05-07T20:27:26.286Z,84.348,0,215.37,1980,13,7,,,,
powertraces-pt200array_pt217_r2_7536322_2-376a52a8ac,2026-05-07T20:27:26.286Z,84.348,1,245.69,1980,17,8,,,,
powertraces-pt200array_pt217_r2_7536322_2-376a52a8ac,2026-05-07T20:27:26.286Z,84.348,2,251.05,1980,17,8,,,,
powertraces-pt200array_pt217_r2_7536322_2-376a52a8ac,2026-05-07T20:27:26.286Z,84.348,3,234.21,1980,13,7,,,,
powertraces-pt200array_pt217_r2_7536322_2-376a52a8ac,2026-05-07T20:27:26.387Z,84.449,0,215.07,1980,9,5,,,,
powertraces-pt200array_pt217_r2_7536322_2-376a52a8ac,2026-05-07T20:27:26.387Z,84.449,1,242.82,1980,23,12,,,,
powertraces-pt200array_pt217_r2_7536322_2-376a52a8ac,2026-05-07T20:27:26.387Z,84.449,2,247.45,1980,17,8,,,,
powertraces-pt200array_pt217_r2_7536322_2-376a52a8ac,2026-05-07T20:27:26.387Z,84.449,3,234.5,1980,23,13,,,,
powertraces-pt200array_pt217_r2_7536322_2-376a52a8ac,2026-05-07T20:27:26.487Z,84.549,0,215.59,1980,9,5,,,,
powertraces-pt200array_pt217_r2_7536322_2-376a52a8ac,2026-05-07T20:27:26.487Z,84.549,1,243.33,1980,23,12,,,,
powertraces-pt200array_pt217_r2_7536322_2-376a52a8ac,2026-05-07T20:27:26.487Z,84.549,2,244.37,1980,27,14,,,,
powertraces-pt200array_pt217_r2_7536322_2-376a52a8ac,2026-05-07T20:27:26.487Z,84.549,3,236.35,1980,23,13,,,,
powertraces-pt200array_pt217_r2_7536322_2-376a52a8ac,2026-05-07T20:27:26.587Z,84.649,0,215.2,1980,30,21,,,,
powertraces-pt200array_pt217_r2_7536322_2-376a52a8ac,2026-05-07T20:27:26.587Z,84.649,1,242.4,1980,32,19,,,,
powertraces-pt200array_pt217_r2_7536322_2-376a52a8ac,2026-05-07T20:27:26.587Z,84.649,2,246.33,1980,27,14,,,,
powertraces-pt200array_pt217_r2_7536322_2-376a52a8ac,2026-05-07T20:27:26.587Z,84.649,3,242.02,1980,26,14,,,,
powertraces-pt200array_pt217_r2_7536322_2-376a52a8ac,2026-05-07T20:27:26.687Z,84.749,0,217.52,1980,30,21,,,,
powertraces-pt200array_pt217_r2_7536322_2-376a52a8ac,2026-05-07T20:27:26.687Z,84.749,1,247.23,1980,32,19,,,,
powertraces-pt200array_pt217_r2_7536322_2-376a52a8ac,2026-05-07T20:27:26.687Z,84.749,2,249.75,1980,22,11,,,,
powertraces-pt200array_pt217_r2_7536322_2-376a52a8ac,2026-05-07T20:27:26.687Z,84.749,3,241.19,1980,26,14,,,,
powertraces-pt200array_pt217_r2_7536322_2-376a52a8ac,2026-05-07T20:27:26.787Z,84.849,0,217.56,1980,16,9,,,,
powertraces-pt200array_pt217_r2_7536322_2-376a52a8ac,2026-05-07T20:27:26.787Z,84.849,1,245.7,1980,24,13,,,,
powertraces-pt200array_pt217_r2_7536322_2-376a52a8ac,2026-05-07T20:27:26.787Z,84.849,2,251.44,1980,22,11,,,,
powertraces-pt200array_pt217_r2_7536322_2-376a52a8ac,2026-05-07T20:27:26.787Z,84.849,3,238.99,1980,26,14,,,,
powertraces-pt200array_pt217_r2_7536322_2-376a52a8ac,2026-05-07T20:27:26.887Z,84.949,0,219.79,1980,16,9,,,,
powertraces-pt200array_pt217_r2_7536322_2-376a52a8ac,2026-05-07T20:27:26.887Z,84.949,1,244.82,1980,24,13,,,,
powertraces-pt200array_pt217_r2_7536322_2-376a52a8ac,2026-05-07T20:27:26.887Z,84.949,2,254.71,1980,24,12,,,,
powertraces-pt200array_pt217_r2_7536322_2-376a52a8ac,2026-05-07T20:27:26.887Z,84.949,3,239.55,1980,26,14,,,,
powertraces-pt200array_pt217_r2_7536322_2-376a52a8ac,2026-05-07T20:27:26.987Z,85.049,0,220.49,1980,18,9,,,,
powertraces-pt200array_pt217_r2_7536322_2-376a52a8ac,2026-05-07T20:27:26.988Z,85.05,1,243.82,1980,27,14,,,,
powertraces-pt200array_pt217_r2_7536322_2-376a52a8ac,2026-05-07T20:27:26.988Z,85.05,2,257.27,1980,24,12,,,,
powertraces-pt200array_pt217_r2_7536322_2-376a52a8ac,2026-05-07T20:27:26.988Z,85.05,3,238.29,1980,25,14,,,,
powertraces-pt200array_pt217_r2_7536322_2-376a52a8ac,2026-05-07T20:27:27.088Z,85.15,0,220.06,1980,18,9,,,,
powertraces-pt200array_pt217_r2_7536322_2-376a52a8ac,2026-05-07T20:27:27.088Z,85.15,1,240.62,1980,27,14,,,,
powertraces-pt200array_pt217_r2_7536322_2-376a52a8ac,2026-05-07T20:27:27.088Z,85.15,2,254.18,1980,24,12,,,,
powertraces-pt200array_pt217_r2_7536322_2-376a52a8ac,2026-05-07T20:27:27.088Z,85.15,3,235.57,1980,25,14,,,,
powertraces-pt200array_pt217_r2_7536322_2-376a52a8ac,2026-05-07T20:27:27.188Z,85.25,0,220.34,1980,17,9,,,,
powertraces-pt200array_pt217_r2_7536322_2-376a52a8ac,2026-05-07T20:27:27.188Z,85.25,1,236.62,1980,17,8,,,,
powertraces-pt200array_pt217_r2_7536322_2-376a52a8ac,2026-05-07T20:27:27.188Z,85.25,2,249.62,1980,24,12,,,,
powertraces-pt200array_pt217_r2_7536322_2-376a52a8ac,2026-05-07T20:27:27.188Z,85.25,3,234.2,1980,13,7,,,,
powertraces-pt200array_pt217_r2_7536322_2-376a52a8ac,2026-05-07T20:27:27.288Z,85.35,0,218.51,1980,17,9,,,,
powertraces-pt200array_pt217_r2_7536322_2-376a52a8ac,2026-05-07T20:27:27.288Z,85.35,1,234.67,1980,17,8,,,,
powertraces-pt200array_pt217_r2_7536322_2-376a52a8ac,2026-05-07T20:27:27.288Z,85.35,2,247.24,1980,17,8,,,,
powertraces-pt200array_pt217_r2_7536322_2-376a52a8ac,2026-05-07T20:27:27.288Z,85.35,3,238.53,1980,13,7,,,,
powertraces-pt200array_pt217_r2_7536322_2-376a52a8ac,2026-05-07T20:27:27.388Z,85.45,0,216.41,1980,9,5,,,,
powertraces-pt200array_pt217_r2_7536322_2-376a52a8ac,2026-05-07T20:27:27.388Z,85.45,1,237.71,1980,23,12,,,,
powertraces-pt200array_pt217_r2_7536322_2-376a52a8ac,2026-05-07T20:27:27.388Z,85.45,2,247.68,1980,17,8,,,,
powertraces-pt200array_pt217_r2_7536322_2-376a52a8ac,2026-05-07T20:27:27.388Z,85.45,3,235.32,1980,20,11,,,,
powertraces-pt200array_pt217_r2_7536322_2-376a52a8ac,2026-05-07T20:27:27.488Z,85.55,0,214.5,1980,9,5,,,,
powertraces-pt200array_pt217_r2_7536322_2-376a52a8ac,2026-05-07T20:27:27.488Z,85.55,1,240.97,1980,23,12,,,,
powertraces-pt200array_pt217_r2_7536322_2-376a52a8ac,2026-05-07T20:27:27.488Z,85.55,2,247.82,1980,27,14,,,,
powertraces-pt200array_pt217_r2_7536322_2-376a52a8ac,2026-05-07T20:27:27.488Z,85.55,3,237.73,1980,20,11,,,,
powertraces-pt200array_pt217_r2_7536322_2-376a52a8ac,2026-05-07T20:27:27.588Z,85.65,0,212.91,1980,30,21,,,,
powertraces-pt200array_pt217_r2_7536322_2-376a52a8ac,2026-05-07T20:27:27.588Z,85.65,1,243.05,1980,29,16,,,,
powertraces-pt200array_pt217_r2_7536322_2-376a52a8ac,2026-05-07T20:27:27.588Z,85.65,2,248.25,1980,27,14,,,,
powertraces-pt200array_pt217_r2_7536322_2-376a52a8ac,2026-05-07T20:27:27.588Z,85.65,3,241.83,1980,26,14,,,,
powertraces-pt200array_pt217_r2_7536322_2-376a52a8ac,2026-05-07T20:27:27.688Z,85.75,0,213.82,1980,30,21,,,,
powertraces-pt200array_pt217_r2_7536322_2-376a52a8ac,2026-05-07T20:27:27.688Z,85.75,1,238.86,1980,29,16,,,,
powertraces-pt200array_pt217_r2_7536322_2-376a52a8ac,2026-05-07T20:27:27.688Z,85.75,2,247.41,1980,19,9,,,,
powertraces-pt200array_pt217_r2_7536322_2-376a52a8ac,2026-05-07T20:27:27.688Z,85.75,3,235.44,1980,26,14,,,,
powertraces-pt200array_pt217_r2_7536322_2-376a52a8ac,2026-05-07T20:27:27.789Z,85.851,0,216.49,1980,14,8,,,,
powertraces-pt200array_pt217_r2_7536322_2-376a52a8ac,2026-05-07T20:27:27.789Z,85.851,1,236.36,1980,23,12,,,,
powertraces-pt200array_pt217_r2_7536322_2-376a52a8ac,2026-05-07T20:27:27.789Z,85.851,2,248.94,1980,19,9,,,,
powertraces-pt200array_pt217_r2_7536322_2-376a52a8ac,2026-05-07T20:27:27.789Z,85.851,3,235.94,1980,26,14,,,,
powertraces-pt200array_pt217_r2_7536322_2-376a52a8ac,2026-05-07T20:27:27.889Z,85.951,0,213.78,1980,14,8,,,,
powertraces-pt200array_pt217_r2_7536322_2-376a52a8ac,2026-05-07T20:27:27.889Z,85.951,1,236.61,1980,23,12,,,,
powertraces-pt200array_pt217_r2_7536322_2-376a52a8ac,2026-05-07T20:27:27.889Z,85.951,2,250.92,1980,25,13,,,,
powertraces-pt200array_pt217_r2_7536322_2-376a52a8ac,2026-05-07T20:27:27.889Z,85.951,3,235.6,1980,26,14,,,,
powertraces-pt200array_pt217_r2_7536322_2-376a52a8ac,2026-05-07T20:27:27.989Z,86.051,0,213.53,1980,18,9,,,,
powertraces-pt200array_pt217_r2_7536322_2-376a52a8ac,2026-05-07T20:27:27.989Z,86.051,1,234.9,1980,27,14,,,,
powertraces-pt200array_pt217_r2_7536322_2-376a52a8ac,2026-05-07T20:27:27.989Z,86.051,2,249.87,1980,25,13,,,,
powertraces-pt200array_pt217_r2_7536322_2-376a52a8ac,2026-05-07T20:27:27.989Z,86.051,3,238.2,1980,26,14,,,,
powertraces-pt200array_pt217_r2_7536322_2-376a52a8ac,2026-05-07T20:27:28.089Z,86.151,0,214.28,1980,18,9,,,,
powertraces-pt200array_pt217_r2_7536322_2-376a52a8ac,2026-05-07T20:27:28.089Z,86.151,1,232.57,1980,27,14,,,,
powertraces-pt200array_pt217_r2_7536322_2-376a52a8ac,2026-05-07T20:27:28.089Z,86.151,2,246.99,1980,23,12,,,,
powertraces-pt200array_pt217_r2_7536322_2-376a52a8ac,2026-05-07T20:27:28.089Z,86.151,3,235.43,1980,26,14,,,,
powertraces-pt200array_pt217_r2_7536322_2-376a52a8ac,2026-05-07T20:27:28.189Z,86.251,0,210.83,1980,18,9,,,,
powertraces-pt200array_pt217_r2_7536322_2-376a52a8ac,2026-05-07T20:27:28.189Z,86.251,1,235.21,1980,17,8,,,,
powertraces-pt200array_pt217_r2_7536322_2-376a52a8ac,2026-05-07T20:27:28.189Z,86.251,2,245.15,1980,23,12,,,,
powertraces-pt200array_pt217_r2_7536322_2-376a52a8ac,2026-05-07T20:27:28.189Z,86.251,3,239.25,1980,16,8,,,,
powertraces-pt200array_pt217_r2_7536322_2-376a52a8ac,2026-05-07T20:27:28.289Z,86.351,0,209.49,1980,18,9,,,,
powertraces-pt200array_pt217_r2_7536322_2-376a52a8ac,2026-05-07T20:27:28.289Z,86.351,1,239.89,1980,17,8,,,,
powertraces-pt200array_pt217_r2_7536322_2-376a52a8ac,2026-05-07T20:27:28.289Z,86.351,2,244.68,1980,17,8,,,,
powertraces-pt200array_pt217_r2_7536322_2-376a52a8ac,2026-05-07T20:27:28.289Z,86.351,3,240.83,1980,16,8,,,,
powertraces-pt200array_pt217_r2_7536322_2-376a52a8ac,2026-05-07T20:27:28.389Z,86.451,0,208.45,1980,10,5,,,,
powertraces-pt200array_pt217_r2_7536322_2-376a52a8ac,2026-05-07T20:27:28.389Z,86.451,1,241.72,1980,21,11,,,,
powertraces-pt200array_pt217_r2_7536322_2-376a52a8ac,2026-05-07T20:27:28.389Z,86.451,2,245.53,1980,17,8,,,,
powertraces-pt200array_pt217_r2_7536322_2-376a52a8ac,2026-05-07T20:27:28.389Z,86.451,3,239.68,1980,17,9,,,,
powertraces-pt200array_pt217_r2_7536322_2-376a52a8ac,2026-05-07T20:27:28.489Z,86.551,0,208.55,1980,10,5,,,,
powertraces-pt200array_pt217_r2_7536322_2-376a52a8ac,2026-05-07T20:27:28.489Z,86.551,1,244.31,1980,21,11,,,,
powertraces-pt200array_pt217_r2_7536322_2-376a52a8ac,2026-05-07T20:27:28.489Z,86.551,2,246.97,1980,24,12,,,,
powertraces-pt200array_pt217_r2_7536322_2-376a52a8ac,2026-05-07T20:27:28.489Z,86.551,3,239.16,1980,17,9,,,,
powertraces-pt200array_pt217_r2_7536322_2-376a52a8ac,2026-05-07T20:27:28.59Z,86.652,0,210.02,1980,30,21,,,,
powertraces-pt200array_pt217_r2_7536322_2-376a52a8ac,2026-05-07T20:27:28.59Z,86.652,1,242.91,1980,27,15,,,,
powertraces-pt200array_pt217_r2_7536322_2-376a52a8ac,2026-05-07T20:27:28.59Z,86.652,2,247.51,1980,24,12,,,,
powertraces-pt200array_pt217_r2_7536322_2-376a52a8ac,2026-05-07T20:27:28.59Z,86.652,3,236.59,1980,26,14,,,,
powertraces-pt200array_pt217_r2_7536322_2-376a52a8ac,2026-05-07T20:27:28.69Z,86.752,0,210.67,1980,30,21,,,,
powertraces-pt200array_pt217_r2_7536322_2-376a52a8ac,2026-05-07T20:27:28.69Z,86.752,1,241.8,1980,27,15,,,,
powertraces-pt200array_pt217_r2_7536322_2-376a52a8ac,2026-05-07T20:27:28.69Z,86.752,2,247.55,1980,17,8,,,,
powertraces-pt200array_pt217_r2_7536322_2-376a52a8ac,2026-05-07T20:27:28.69Z,86.752,3,238.68,1980,26,14,,,,
powertraces-pt200array_pt217_r2_7536322_2-376a52a8ac,2026-05-07T20:27:28.79Z,86.852,0,210.96,1980,10,5,,,,
powertraces-pt200array_pt217_r2_7536322_2-376a52a8ac,2026-05-07T20:27:28.79Z,86.852,1,239.68,1980,23,12,,,,
powertraces-pt200array_pt217_r2_7536322_2-376a52a8ac,2026-05-07T20:27:28.79Z,86.852,2,245.55,1980,17,8,,,,
powertraces-pt200array_pt217_r2_7536322_2-376a52a8ac,2026-05-07T20:27:28.79Z,86.852,3,236.08,1980,26,14,,,,
powertraces-pt200array_pt217_r2_7536322_2-376a52a8ac,2026-05-07T20:27:28.89Z,86.952,0,210.87,1980,10,5,,,,
powertraces-pt200array_pt217_r2_7536322_2-376a52a8ac,2026-05-07T20:27:28.89Z,86.952,1,234.58,1980,23,12,,,,
powertraces-pt200array_pt217_r2_7536322_2-376a52a8ac,2026-05-07T20:27:28.89Z,86.952,2,240.12,1980,27,13,,,,
powertraces-pt200array_pt217_r2_7536322_2-376a52a8ac,2026-05-07T20:27:28.89Z,86.952,3,237.06,1980,26,14,,,,
powertraces-pt200array_pt217_r2_7536322_2-376a52a8ac,2026-05-07T20:27:28.99Z,87.052,0,211.43,1980,18,9,,,,
powertraces-pt200array_pt217_r2_7536322_2-376a52a8ac,2026-05-07T20:27:28.99Z,87.052,1,237.14,1980,27,14,,,,
powertraces-pt200array_pt217_r2_7536322_2-376a52a8ac,2026-05-07T20:27:28.99Z,87.052,2,236.47,1980,27,13,,,,
powertraces-pt200array_pt217_r2_7536322_2-376a52a8ac,2026-05-07T20:27:28.99Z,87.052,3,241.55,1980,26,14,,,,
powertraces-pt200array_pt217_r2_7536322_2-376a52a8ac,2026-05-07T20:27:29.09Z,87.152,0,209.09,1980,18,9,,,,
powertraces-pt200array_pt217_r2_7536322_2-376a52a8ac,2026-05-07T20:27:29.09Z,87.152,1,237.22,1980,27,14,,,,
powertraces-pt200array_pt217_r2_7536322_2-376a52a8ac,2026-05-07T20:27:29.09Z,87.152,2,234.11,1980,23,12,,,,
powertraces-pt200array_pt217_r2_7536322_2-376a52a8ac,2026-05-07T20:27:29.09Z,87.152,3,243.32,1980,26,14,,,,
powertraces-pt200array_pt217_r2_7536322_2-376a52a8ac,2026-05-07T20:27:29.19Z,87.252,0,208.01,1980,18,9,,,,
powertraces-pt200array_pt217_r2_7536322_2-376a52a8ac,2026-05-07T20:27:29.19Z,87.252,1,240.23,1980,17,8,,,,
powertraces-pt200array_pt217_r2_7536322_2-376a52a8ac,2026-05-07T20:27:29.19Z,87.252,2,232.71,1980,23,12,,,,
powertraces-pt200array_pt217_r2_7536322_2-376a52a8ac,2026-05-07T20:27:29.19Z,87.252,3,244.17,1980,19,10,,,,
powertraces-pt200array_pt217_r2_7536322_2-376a52a8ac,2026-05-07T20:27:29.29Z,87.352,0,210.4,1980,18,9,,,,
powertraces-pt200array_pt217_r2_7536322_2-376a52a8ac,2026-05-07T20:27:29.29Z,87.352,1,240.68,1980,17,8,,,,
powertraces-pt200array_pt217_r2_7536322_2-376a52a8ac,2026-05-07T20:27:29.29Z,87.352,2,235.8,1980,18,8,,,,
powertraces-pt200array_pt217_r2_7536322_2-376a52a8ac,2026-05-07T20:27:29.29Z,87.352,3,247.44,1980,19,10,,,,
powertraces-pt200array_pt217_r2_7536322_2-376a52a8ac,2026-05-07T20:27:29.391Z,87.453,0,209.08,1980,10,5,,,,
powertraces-pt200array_pt217_r2_7536322_2-376a52a8ac,2026-05-07T20:27:29.391Z,87.453,1,240.7,1980,18,9,,,,
powertraces-pt200array_pt217_r2_7536322_2-376a52a8ac,2026-05-07T20:27:29.391Z,87.453,2,241.19,1980,18,8,,,,
powertraces-pt200array_pt217_r2_7536322_2-376a52a8ac,2026-05-07T20:27:29.391Z,87.453,3,245.58,1980,15,8,,,,
powertraces-pt200array_pt217_r2_7536322_2-376a52a8ac,2026-05-07T20:27:29.491Z,87.553,0,211.65,1980,10,5,,,,
powertraces-pt200array_pt217_r2_7536322_2-376a52a8ac,2026-05-07T20:27:29.491Z,87.553,1,246.24,1980,18,9,,,,
powertraces-pt200array_pt217_r2_7536322_2-376a52a8ac,2026-05-07T20:27:29.491Z,87.553,2,241.27,1980,20,10,,,,
powertraces-pt200array_pt217_r2_7536322_2-376a52a8ac,2026-05-07T20:27:29.491Z,87.553,3,245.38,1980,15,8,,,,
powertraces-pt200array_pt217_r2_7536322_2-376a52a8ac,2026-05-07T20:27:29.591Z,87.653,0,211.13,1980,30,21,,,,
powertraces-pt200array_pt217_r2_7536322_2-376a52a8ac,2026-05-07T20:27:29.591Z,87.653,1,244.91,1980,25,14,,,,
powertraces-pt200array_pt217_r2_7536322_2-376a52a8ac,2026-05-07T20:27:29.591Z,87.653,2,241.98,1980,20,10,,,,
powertraces-pt200array_pt217_r2_7536322_2-376a52a8ac,2026-05-07T20:27:29.591Z,87.653,3,247.74,1980,26,14,,,,
powertraces-pt200array_pt217_r2_7536322_2-376a52a8ac,2026-05-07T20:27:29.691Z,87.753,0,211.68,1980,30,21,,,,
powertraces-pt200array_pt217_r2_7536322_2-376a52a8ac,2026-05-07T20:27:29.691Z,87.753,1,244.34,1980,25,14,,,,
powertraces-pt200array_pt217_r2_7536322_2-376a52a8ac,2026-05-07T20:27:29.691Z,87.753,2,240.82,1980,17,8,,,,
powertraces-pt200array_pt217_r2_7536322_2-376a52a8ac,2026-05-07T20:27:29.691Z,87.753,3,247.76,1980,26,14,,,,
powertraces-pt200array_pt217_r2_7536322_2-376a52a8ac,2026-05-07T20:27:29.791Z,87.853,0,211.49,1980,9,5,,,,
powertraces-pt200array_pt217_r2_7536322_2-376a52a8ac,2026-05-07T20:27:29.791Z,87.853,1,242.04,1980,23,12,,,,
powertraces-pt200array_pt217_r2_7536322_2-376a52a8ac,2026-05-07T20:27:29.791Z,87.853,2,238.6,1980,17,8,,,,
powertraces-pt200array_pt217_r2_7536322_2-376a52a8ac,2026-05-07T20:27:29.791Z,87.853,3,248.54,1980,21,12,,,,
powertraces-pt200array_pt217_r2_7536322_2-376a52a8ac,2026-05-07T20:27:29.891Z,87.953,0,208.16,1980,9,5,,,,
powertraces-pt200array_pt217_r2_7536322_2-376a52a8ac,2026-05-07T20:27:29.891Z,87.953,1,245.26,1980,23,12,,,,
powertraces-pt200array_pt217_r2_7536322_2-376a52a8ac,2026-05-07T20:27:29.891Z,87.953,2,235.68,1980,27,13,,,,
powertraces-pt200array_pt217_r2_7536322_2-376a52a8ac,2026-05-07T20:27:29.891Z,87.953,3,252.07,1980,21,12,,,,
powertraces-pt200array_pt217_r2_7536322_2-376a52a8ac,2026-05-07T20:27:29.991Z,88.053,0,205.45,1980,18,9,,,,
powertraces-pt200array_pt217_r2_7536322_2-376a52a8ac,2026-05-07T20:27:29.991Z,88.053,1,246.65,1980,27,14,,,,
powertraces-pt200array_pt217_r2_7536322_2-376a52a8ac,2026-05-07T20:27:29.991Z,88.053,2,238.02,1980,27,13,,,,
powertraces-pt200array_pt217_r2_7536322_2-376a52a8ac,2026-05-07T20:27:29.991Z,88.053,3,252.28,1980,26,14,,,,
powertraces-pt200array_pt217_r2_7536322_2-376a52a8ac,2026-05-07T20:27:30.091Z,88.153,0,202.93,1980,18,9,,,,
powertraces-pt200array_pt217_r2_7536322_2-376a52a8ac,2026-05-07T20:27:30.091Z,88.153,1,248.42,1980,27,14,,,,
powertraces-pt200array_pt217_r2_7536322_2-376a52a8ac,2026-05-07T20:27:30.091Z,88.153,2,241.68,1980,23,12,,,,
powertraces-pt200array_pt217_r2_7536322_2-376a52a8ac,2026-05-07T20:27:30.091Z,88.153,3,249.72,1980,26,14,,,,
powertraces-pt200array_pt217_r2_7536322_2-376a52a8ac,2026-05-07T20:27:30.191Z,88.253,0,204.73,1980,18,9,,,,
powertraces-pt200array_pt217_r2_7536322_2-376a52a8ac,2026-05-07T20:27:30.191Z,88.253,1,252.54,1980,21,10,,,,
powertraces-pt200array_pt217_r2_7536322_2-376a52a8ac,2026-05-07T20:27:30.192Z,88.254,2,242.1,1980,23,12,,,,
powertraces-pt200array_pt217_r2_7536322_2-376a52a8ac,2026-05-07T20:27:30.192Z,88.254,3,250.3,1980,22,13,,,,
powertraces-pt200array_pt217_r2_7536322_2-376a52a8ac,2026-05-07T20:27:30.292Z,88.354,0,207.14,1980,18,9,,,,
powertraces-pt200array_pt217_r2_7536322_2-376a52a8ac,2026-05-07T20:27:30.292Z,88.354,1,252.34,1980,21,10,,,,
powertraces-pt200array_pt217_r2_7536322_2-376a52a8ac,2026-05-07T20:27:30.292Z,88.354,2,245.21,1980,22,16,,,,
powertraces-pt200array_pt217_r2_7536322_2-376a52a8ac,2026-05-07T20:27:30.292Z,88.354,3,247.39,1980,22,13,,,,
powertraces-pt200array_pt217_r2_7536322_2-376a52a8ac,2026-05-07T20:27:30.392Z,88.454,0,209.13,1980,12,5,,,,
powertraces-pt200array_pt217_r2_7536322_2-376a52a8ac,2026-05-07T20:27:30.392Z,88.454,1,252.41,1980,17,8,,,,
powertraces-pt200array_pt217_r2_7536322_2-376a52a8ac,2026-05-07T20:27:30.392Z,88.454,2,245.79,1980,22,16,,,,
powertraces-pt200array_pt217_r2_7536322_2-376a52a8ac,2026-05-07T20:27:30.392Z,88.454,3,243.11,1980,14,7,,,,
powertraces-pt200array_pt217_r2_7536322_2-376a52a8ac,2026-05-07T20:27:30.492Z,88.554,0,210.57,1980,12,5,,,,
powertraces-pt200array_pt217_r2_7536322_2-376a52a8ac,2026-05-07T20:27:30.492Z,88.554,1,247.84,1980,17,8,,,,
powertraces-pt200array_pt217_r2_7536322_2-376a52a8ac,2026-05-07T20:27:30.492Z,88.554,2,246.57,1980,17,8,,,,
powertraces-pt200array_pt217_r2_7536322_2-376a52a8ac,2026-05-07T20:27:30.492Z,88.554,3,241.97,1980,14,7,,,,
powertraces-pt200array_pt217_r2_7536322_2-376a52a8ac,2026-05-07T20:27:30.592Z,88.654,0,212.19,1980,30,21,,,,
powertraces-pt200array_pt217_r2_7536322_2-376a52a8ac,2026-05-07T20:27:30.592Z,88.654,1,249.23,1980,23,12,,,,
powertraces-pt200array_pt217_r2_7536322_2-376a52a8ac,2026-05-07T20:27:30.592Z,88.654,2,246.1,1980,17,8,,,,
powertraces-pt200array_pt217_r2_7536322_2-376a52a8ac,2026-05-07T20:27:30.592Z,88.654,3,244.98,1980,26,14,,,,
powertraces-pt200array_pt217_r2_7536322_2-376a52a8ac,2026-05-07T20:27:30.692Z,88.754,0,210.39,1980,30,21,,,,
powertraces-pt200array_pt217_r2_7536322_2-376a52a8ac,2026-05-07T20:27:30.692Z,88.754,1,248.58,1980,23,12,,,,
powertraces-pt200array_pt217_r2_7536322_2-376a52a8ac,2026-05-07T20:27:30.692Z,88.754,2,244.16,1980,17,8,,,,
powertraces-pt200array_pt217_r2_7536322_2-376a52a8ac,2026-05-07T20:27:30.692Z,88.754,3,246.34,1980,26,14,,,,
powertraces-pt200array_pt217_r2_7536322_2-376a52a8ac,2026-05-07T20:27:30.792Z,88.854,0,207.99,1980,10,5,,,,
powertraces-pt200array_pt217_r2_7536322_2-376a52a8ac,2026-05-07T20:27:30.792Z,88.854,1,249.99,1980,23,12,,,,
powertraces-pt200array_pt217_r2_7536322_2-376a52a8ac,2026-05-07T20:27:30.792Z,88.854,2,243.41,1980,17,8,,,,
powertraces-pt200array_pt217_r2_7536322_2-376a52a8ac,2026-05-07T20:27:30.792Z,88.854,3,239.85,1980,18,10,,,,
powertraces-pt200array_pt217_r2_7536322_2-376a52a8ac,2026-05-07T20:27:30.892Z,88.954,0,207.74,1980,10,5,,,,
powertraces-pt200array_pt217_r2_7536322_2-376a52a8ac,2026-05-07T20:27:30.892Z,88.954,1,253.98,1980,23,12,,,,
powertraces-pt200array_pt217_r2_7536322_2-376a52a8ac,2026-05-07T20:27:30.892Z,88.954,2,242.81,1980,26,13,,,,
powertraces-pt200array_pt217_r2_7536322_2-376a52a8ac,2026-05-07T20:27:30.892Z,88.954,3,240.69,1980,18,10,,,,
powertraces-pt200array_pt217_r2_7536322_2-376a52a8ac,2026-05-07T20:27:30.992Z,89.054,0,209.91,1980,16,9,,,,
powertraces-pt200array_pt217_r2_7536322_2-376a52a8ac,2026-05-07T20:27:30.992Z,89.054,1,259.41,1980,25,13,,,,
powertraces-pt200array_pt217_r2_7536322_2-376a52a8ac,2026-05-07T20:27:30.992Z,89.054,2,244.32,1980,26,13,,,,
powertraces-pt200array_pt217_r2_7536322_2-376a52a8ac,2026-05-07T20:27:30.992Z,89.054,3,239.96,1980,26,14,,,,
powertraces-pt200array_pt217_r2_7536322_2-376a52a8ac,2026-05-07T20:27:31.093Z,89.155,0,211.82,1980,16,9,,,,
powertraces-pt200array_pt217_r2_7536322_2-376a52a8ac,2026-05-07T20:27:31.093Z,89.155,1,259.43,1980,25,13,,,,
powertraces-pt200array_pt217_r2_7536322_2-376a52a8ac,2026-05-07T20:27:31.093Z,89.155,2,248.98,1980,23,12,,,,
powertraces-pt200array_pt217_r2_7536322_2-376a52a8ac,2026-05-07T20:27:31.093Z,89.155,3,237.33,1980,26,14,,,,
powertraces-pt200array_pt217_r2_7536322_2-376a52a8ac,2026-05-07T20:27:31.193Z,89.255,0,212.76,1980,18,9,,,,
powertraces-pt200array_pt217_r2_7536322_2-376a52a8ac,2026-05-07T20:27:31.193Z,89.255,1,259.1,1980,25,12,,,,
powertraces-pt200array_pt217_r2_7536322_2-376a52a8ac,2026-05-07T20:27:31.193Z,89.255,2,249.12,1980,23,12,,,,
powertraces-pt200array_pt217_r2_7536322_2-376a52a8ac,2026-05-07T20:27:31.193Z,89.255,3,234.64,1980,24,14,,,,
powertraces-pt200array_pt217_r2_7536322_2-376a52a8ac,2026-05-07T20:27:31.293Z,89.355,0,215.38,1980,18,9,,,,
powertraces-pt200array_pt217_r2_7536322_2-376a52a8ac,2026-05-07T20:27:31.293Z,89.355,1,257.92,1980,25,12,,,,
powertraces-pt200array_pt217_r2_7536322_2-376a52a8ac,2026-05-07T20:27:31.293Z,89.355,2,247.31,1980,23,12,,,,
powertraces-pt200array_pt217_r2_7536322_2-376a52a8ac,2026-05-07T20:27:31.293Z,89.355,3,234.8,1980,24,14,,,,
powertraces-pt200array_pt217_r2_7536322_2-376a52a8ac,2026-05-07T20:27:31.393Z,89.455,0,213.07,1980,14,7,,,,
powertraces-pt200array_pt217_r2_7536322_2-376a52a8ac,2026-05-07T20:27:31.393Z,89.455,1,253.83,1980,17,8,,,,
powertraces-pt200array_pt217_r2_7536322_2-376a52a8ac,2026-05-07T20:27:31.393Z,89.455,2,251.39,1980,23,12,,,,
powertraces-pt200array_pt217_r2_7536322_2-376a52a8ac,2026-05-07T20:27:31.393Z,89.455,3,235.43,1980,13,7,,,,
powertraces-pt200array_pt217_r2_7536322_2-376a52a8ac,2026-05-07T20:27:31.493Z,89.555,0,214.34,1980,14,7,,,,
powertraces-pt200array_pt217_r2_7536322_2-376a52a8ac,2026-05-07T20:27:31.493Z,89.555,1,249.49,1980,17,8,,,,
powertraces-pt200array_pt217_r2_7536322_2-376a52a8ac,2026-05-07T20:27:31.493Z,89.555,2,250.55,1980,17,8,,,,
powertraces-pt200array_pt217_r2_7536322_2-376a52a8ac,2026-05-07T20:27:31.493Z,89.555,3,237.11,1980,13,7,,,,
powertraces-pt200array_pt217_r2_7536322_2-376a52a8ac,2026-05-07T20:27:31.593Z,89.655,0,212.47,1980,28,20,,,,
powertraces-pt200array_pt217_r2_7536322_2-376a52a8ac,2026-05-07T20:27:31.593Z,89.655,1,249.08,1980,24,13,,,,
powertraces-pt200array_pt217_r2_7536322_2-376a52a8ac,2026-05-07T20:27:31.593Z,89.655,2,247.49,1980,17,8,,,,
powertraces-pt200array_pt217_r2_7536322_2-376a52a8ac,2026-05-07T20:27:31.593Z,89.655,3,229.46,1980,24,13,,,,
powertraces-pt200array_pt217_r2_7536322_2-376a52a8ac,2026-05-07T20:27:31.693Z,89.755,0,204.78,1980,28,20,,,,
powertraces-pt200array_pt217_r2_7536322_2-376a52a8ac,2026-05-07T20:27:31.693Z,89.755,1,236.85,1980,24,13,,,,
powertraces-pt200array_pt217_r2_7536322_2-376a52a8ac,2026-05-07T20:27:31.693Z,89.755,2,236.48,1980,0,0,,,,
powertraces-pt200array_pt217_r2_7536322_2-376a52a8ac,2026-05-07T20:27:31.693Z,89.755,3,215.61,1980,0,0,,,,
powertraces-pt200array_pt217_r2_7536322_2-376a52a8ac,2026-05-07T20:27:31.793Z,89.855,0,197.99,1980,0,0,,,,
powertraces-pt200array_pt217_r2_7536322_2-376a52a8ac,2026-05-07T20:27:31.793Z,89.855,1,225.93,1980,0,0,,,,
powertraces-pt200array_pt217_r2_7536322_2-376a52a8ac,2026-05-07T20:27:31.793Z,89.855,2,228.27,1980,0,0,,,,
powertraces-pt200array_pt217_r2_7536322_2-376a52a8ac,2026-05-07T20:27:31.793Z,89.855,3,201.45,1980,0,0,,,,
powertraces-pt200array_pt217_r2_7536322_2-376a52a8ac,2026-05-07T20:27:31.894Z,89.956,0,191.2,1980,0,0,,,,
powertraces-pt200array_pt217_r2_7536322_2-376a52a8ac,2026-05-07T20:27:31.894Z,89.956,1,212.6,1980,0,0,,,,
powertraces-pt200array_pt217_r2_7536322_2-376a52a8ac,2026-05-07T20:27:31.894Z,89.956,2,219.61,1980,0,0,,,,
powertraces-pt200array_pt217_r2_7536322_2-376a52a8ac,2026-05-07T20:27:31.894Z,89.956,3,191.84,1980,0,0,,,,
powertraces-pt200array_pt217_r2_7536322_2-376a52a8ac,2026-05-07T20:27:31.994Z,90.056,0,184.72,1980,0,0,,,,
powertraces-pt200array_pt217_r2_7536322_2-376a52a8ac,2026-05-07T20:27:31.994Z,90.056,1,200.45,1980,0,0,,,,
powertraces-pt200array_pt217_r2_7536322_2-376a52a8ac,2026-05-07T20:27:31.994Z,90.056,2,206.51,1980,0,0,,,,
powertraces-pt200array_pt217_r2_7536322_2-376a52a8ac,2026-05-07T20:27:31.994Z,90.056,3,179.66,1980,0,0,,,,
powertraces-pt200array_pt217_r2_7536322_2-376a52a8ac,2026-05-07T20:27:32.094Z,90.156,0,175.01,1980,0,0,,,,
powertraces-pt200array_pt217_r2_7536322_2-376a52a8ac,2026-05-07T20:27:32.094Z,90.156,1,182.42,1980,0,0,,,,
powertraces-pt200array_pt217_r2_7536322_2-376a52a8ac,2026-05-07T20:27:32.094Z,90.156,2,191.31,1980,0,0,,,,
powertraces-pt200array_pt217_r2_7536322_2-376a52a8ac,2026-05-07T20:27:32.094Z,90.156,3,170.82,1980,0,0,,,,
powertraces-pt200array_pt217_r2_7536322_2-376a52a8ac,2026-05-07T20:27:32.194Z,90.256,0,165.51,1980,0,0,,,,
powertraces-pt200array_pt217_r2_7536322_2-376a52a8ac,2026-05-07T20:27:32.194Z,90.256,1,168.36,1980,0,0,,,,
powertraces-pt200array_pt217_r2_7536322_2-376a52a8ac,2026-05-07T20:27:32.194Z,90.256,2,181.46,1980,0,0,,,,
powertraces-pt200array_pt217_r2_7536322_2-376a52a8ac,2026-05-07T20:27:32.194Z,90.256,3,160.43,1980,0,0,,,,
powertraces-pt200array_pt217_r2_7536322_2-376a52a8ac,2026-05-07T20:27:32.294Z,90.356,0,154.3,1980,0,0,,,,
powertraces-pt200array_pt217_r2_7536322_2-376a52a8ac,2026-05-07T20:27:32.294Z,90.356,1,156.07,1980,0,0,,,,
powertraces-pt200array_pt217_r2_7536322_2-376a52a8ac,2026-05-07T20:27:32.294Z,90.356,2,165.8,1980,0,0,,,,
powertraces-pt200array_pt217_r2_7536322_2-376a52a8ac,2026-05-07T20:27:32.294Z,90.356,3,149.71,1980,1,0,,,,
powertraces-pt200array_pt217_r2_7536322_2-376a52a8ac,2026-05-07T20:27:32.394Z,90.456,0,146.03,1980,2,0,,,,
powertraces-pt200array_pt217_r2_7536322_2-376a52a8ac,2026-05-07T20:27:32.394Z,90.456,1,144.3,1980,2,0,,,,
powertraces-pt200array_pt217_r2_7536322_2-376a52a8ac,2026-05-07T20:27:32.394Z,90.456,2,153.39,1980,0,0,,,,
powertraces-pt200array_pt217_r2_7536322_2-376a52a8ac,2026-05-07T20:27:32.394Z,90.456,3,141.41,1980,1,0,,,,
powertraces-pt200array_pt217_r2_7536322_2-376a52a8ac,2026-05-07T20:27:32.494Z,90.556,0,135.74,1980,2,0,,,,
powertraces-pt200array_pt217_r2_7536322_2-376a52a8ac,2026-05-07T20:27:32.494Z,90.556,1,137.37,1980,2,0,,,,
powertraces-pt200array_pt217_r2_7536322_2-376a52a8ac,2026-05-07T20:27:32.494Z,90.556,2,138.51,1980,0,0,,,,
powertraces-pt200array_pt217_r2_7536322_2-376a52a8ac,2026-05-07T20:27:32.494Z,90.556,3,128.96,1980,0,0,,,,
powertraces-pt200array_pt217_r2_7536322_2-376a52a8ac,2026-05-07T20:27:32.594Z,90.656,0,120.36,1980,0,0,,,,
powertraces-pt200array_pt217_r2_7536322_2-376a52a8ac,2026-05-07T20:27:32.594Z,90.656,1,122.87,1980,0,0,,,,
powertraces-pt200array_pt217_r2_7536322_2-376a52a8ac,2026-05-07T20:27:32.594Z,90.656,2,122.06,1980,0,0,,,,
powertraces-pt200array_pt217_r2_7536322_2-376a52a8ac,2026-05-07T20:27:32.594Z,90.656,3,117.51,1980,0,0,,,,
powertraces-pt200array_pt217_r2_7536322_2-376a52a8ac,2026-05-07T20:27:32.695Z,90.757,0,120.47,1980,0,0,,,,
powertraces-pt200array_pt217_r2_7536322_2-376a52a8ac,2026-05-07T20:27:32.695Z,90.757,1,118.44,1980,0,0,,,,
powertraces-pt200array_pt217_r2_7536322_2-376a52a8ac,2026-05-07T20:27:32.695Z,90.757,2,120.61,1980,0,0,,,,
powertraces-pt200array_pt217_r2_7536322_2-376a52a8ac,2026-05-07T20:27:32.695Z,90.757,3,117.92,1980,0,0,,,,
powertraces-pt200array_pt217_r2_7536322_2-376a52a8ac,2026-05-07T20:27:32.795Z,90.857,0,120.88,1980,0,0,,,,
powertraces-pt200array_pt217_r2_7536322_2-376a52a8ac,2026-05-07T20:27:32.795Z,90.857,1,118.75,1980,0,0,,,,
powertraces-pt200array_pt217_r2_7536322_2-376a52a8ac,2026-05-07T20:27:32.795Z,90.857,2,121.03,1980,0,0,,,,
powertraces-pt200array_pt217_r2_7536322_2-376a52a8ac,2026-05-07T20:27:32.795Z,90.857,3,119.3,1980,0,0,,,,
powertraces-pt200array_pt217_r2_7536322_2-376a52a8ac,2026-05-07T20:27:32.895Z,90.957,0,121.27,1980,0,0,,,,
powertraces-pt200array_pt217_r2_7536322_2-376a52a8ac,2026-05-07T20:27:32.895Z,90.957,1,119.56,1980,0,0,,,,
powertraces-pt200array_pt217_r2_7536322_2-376a52a8ac,2026-05-07T20:27:32.895Z,90.957,2,122.63,1980,38,4,,,,
powertraces-pt200array_pt217_r2_7536322_2-376a52a8ac,2026-05-07T20:27:32.895Z,90.957,3,120.26,1980,6,1,,,,
powertraces-pt200array_pt217_r2_7536322_2-376a52a8ac,2026-05-07T20:27:32.995Z,91.057,0,122.9,1980,37,4,,,,
powertraces-pt200array_pt217_r2_7536322_2-376a52a8ac,2026-05-07T20:27:32.995Z,91.057,1,120.84,1980,47,5,,,,
powertraces-pt200array_pt217_r2_7536322_2-376a52a8ac,2026-05-07T20:27:32.995Z,91.057,2,123.31,1980,38,4,,,,
powertraces-pt200array_pt217_r2_7536322_2-376a52a8ac,2026-05-07T20:27:32.995Z,91.057,3,120.6,1980,6,1,,,,
powertraces-pt200array_pt217_r2_7536322_2-376a52a8ac,2026-05-07T20:27:33.095Z,91.157,0,123.35,1980,37,4,,,,
powertraces-pt200array_pt217_r2_7536322_2-376a52a8ac,2026-05-07T20:27:33.095Z,91.157,1,121.31,1980,47,5,,,,
powertraces-pt200array_pt217_r2_7536322_2-376a52a8ac,2026-05-07T20:27:33.095Z,91.157,2,123.69,1980,0,0,,,,
powertraces-pt200array_pt217_r2_7536322_2-376a52a8ac,2026-05-07T20:27:33.095Z,91.157,3,121.06,1980,0,0,,,,
powertraces-pt200array_pt217_r2_7536322_2-376a52a8ac,2026-05-07T20:27:33.195Z,91.257,0,123.65,1980,0,0,,,,
powertraces-pt200array_pt217_r2_7536322_2-376a52a8ac,2026-05-07T20:27:33.195Z,91.257,1,121.69,1980,0,0,,,,
powertraces-pt200array_pt217_r2_7536322_2-376a52a8ac,2026-05-07T20:27:33.195Z,91.257,2,124.07,1980,0,0,,,,
powertraces-pt200array_pt217_r2_7536322_2-376a52a8ac,2026-05-07T20:27:33.195Z,91.257,3,121.43,1980,0,0,,,,
powertraces-pt200array_pt217_r2_7536322_2-376a52a8ac,2026-05-07T20:27:33.295Z,91.357,0,123.97,1980,0,0,,,,
powertraces-pt200array_pt217_r2_7536322_2-376a52a8ac,2026-05-07T20:27:33.295Z,91.357,1,122.01,1980,0,0,,,,
powertraces-pt200array_pt217_r2_7536322_2-376a52a8ac,2026-05-07T20:27:33.295Z,91.357,2,124.39,1980,0,0,,,,
powertraces-pt200array_pt217_r2_7536322_2-376a52a8ac,2026-05-07T20:27:33.295Z,91.357,3,121.58,1980,0,0,,,,
powertraces-pt200array_pt217_r2_7536322_2-376a52a8ac,2026-05-07T20:27:33.395Z,91.457,0,123.95,1980,0,0,,,,
powertraces-pt200array_pt217_r2_7536322_2-376a52a8ac,2026-05-07T20:27:33.395Z,91.457,1,121.94,1980,0,0,,,,
powertraces-pt200array_pt217_r2_7536322_2-376a52a8ac,2026-05-07T20:27:33.395Z,91.457,2,124.33,1980,0,0,,,,
powertraces-pt200array_pt217_r2_7536322_2-376a52a8ac,2026-05-07T20:27:33.395Z,91.457,3,121.52,1980,0,0,,,,
powertraces-pt200array_pt217_r2_7536322_2-376a52a8ac,2026-05-07T20:27:33.496Z,91.558,0,123.93,1980,0,0,,,,
powertraces-pt200array_pt217_r2_7536322_2-376a52a8ac,2026-05-07T20:27:33.496Z,91.558,1,121.91,1980,0,0,,,,
powertraces-pt200array_pt217_r2_7536322_2-376a52a8ac,2026-05-07T20:27:33.496Z,91.558,2,124.3,1980,0,0,,,,
powertraces-pt200array_pt217_r2_7536322_2-376a52a8ac,2026-05-07T20:27:33.496Z,91.558,3,121.49,1980,0,0,,,,
powertraces-pt200array_pt217_r2_7536322_2-376a52a8ac,2026-05-07T20:27:33.596Z,91.658,0,123.88,1980,0,0,,,,
powertraces-pt200array_pt217_r2_7536322_2-376a52a8ac,2026-05-07T20:27:33.596Z,91.658,1,121.86,1980,0,0,,,,
powertraces-pt200array_pt217_r2_7536322_2-376a52a8ac,2026-05-07T20:27:33.596Z,91.658,2,124.23,1980,0,0,,,,
powertraces-pt200array_pt217_r2_7536322_2-376a52a8ac,2026-05-07T20:27:33.596Z,91.658,3,121.49,1980,0,0,,,,
powertraces-pt200array_pt217_r2_7536322_2-376a52a8ac,2026-05-07T20:27:33.696Z,91.758,0,123.86,1980,0,0,,,,
powertraces-pt200array_pt217_r2_7536322_2-376a52a8ac,2026-05-07T20:27:33.696Z,91.758,1,121.87,1980,0,0,,,,
powertraces-pt200array_pt217_r2_7536322_2-376a52a8ac,2026-05-07T20:27:33.696Z,91.758,2,124.21,1980,0,0,,,,
powertraces-pt200array_pt217_r2_7536322_2-376a52a8ac,2026-05-07T20:27:33.696Z,91.758,3,121.45,1980,0,0,,,,
powertraces-pt200array_pt217_r2_7536322_2-376a52a8ac,2026-05-07T20:27:33.796Z,91.858,0,123.82,1980,0,0,,,,
powertraces-pt200array_pt217_r2_7536322_2-376a52a8ac,2026-05-07T20:27:33.796Z,91.858,1,121.83,1980,0,0,,,,
powertraces-pt200array_pt217_r2_7536322_2-376a52a8ac,2026-05-07T20:27:33.796Z,91.858,2,124.17,1980,0,0,,,,
powertraces-pt200array_pt217_r2_7536322_2-376a52a8ac,2026-05-07T20:27:33.796Z,91.858,3,120.44,1980,0,0,,,,
powertraces-pt200array_pt217_r2_7536322_2-376a52a8ac,2026-05-07T20:27:33.896Z,91.958,0,123.84,1980,0,0,,,,
powertraces-pt200array_pt217_r2_7536322_2-376a52a8ac,2026-05-07T20:27:33.896Z,91.958,1,121.32,1980,0,0,,,,
powertraces-pt200array_pt217_r2_7536322_2-376a52a8ac,2026-05-07T20:27:33.896Z,91.958,2,122.97,1980,0,0,,,,
powertraces-pt200array_pt217_r2_7536322_2-376a52a8ac,2026-05-07T20:27:33.896Z,91.958,3,119.94,1980,0,0,,,,
powertraces-pt200array_pt217_r2_7536322_2-376a52a8ac,2026-05-07T20:27:33.996Z,92.058,0,122.58,1980,0,0,,,,
powertraces-pt200array_pt217_r2_7536322_2-376a52a8ac,2026-05-07T20:27:33.996Z,92.058,1,120.39,1980,0,0,,,,
powertraces-pt200array_pt217_r2_7536322_2-376a52a8ac,2026-05-07T20:27:33.996Z,92.058,2,122.58,1980,0,0,,,,
powertraces-pt200array_pt217_r2_7536322_2-376a52a8ac,2026-05-07T20:27:33.996Z,92.058,3,119.72,1980,0,0,,,,
