run_id,timestamp,time_relative_s,gpu_id,power_w,sm_clock_mhz,gpu_util_pct,memory_util_pct,memory_used_mb,memory_total_mb,temperature_c,stage
powertraces-pt200array_pt203_r1_7536312_11-55cebeeb54,2026-05-03T06:54:33.507Z,0.0,0,67.85,345,0,0,,,,
powertraces-pt200array_pt203_r1_7536312_11-55cebeeb54,2026-05-03T06:54:33.509Z,0.002,1,67.96,345,0,0,,,,
powertraces-pt200array_pt203_r1_7536312_11-55cebeeb54,2026-05-03T06:54:33.511Z,0.004,2,69.29,345,0,0,,,,
powertraces-pt200array_pt203_r1_7536312_11-55cebeeb54,2026-05-03T06:54:33.512Z,0.005,3,68.61,345,0,0,,,,
powertraces-pt200array_pt203_r1_7536312_11-55cebeeb54,2026-05-03T06:54:33.614Z,0.107,0,67.88,345,0,0,,,,
powertraces-pt200array_pt203_r1_7536312_11-55cebeeb54,2026-05-03T06:54:33.614Z,0.107,1,67.96,345,0,0,,,,
powertraces-pt200array_pt203_r1_7536312_11-55cebeeb54,2026-05-03T06:54:33.614Z,0.107,2,69.3,345,0,0,,,,
powertraces-pt200array_pt203_r1_7536312_11-55cebeeb54,2026-05-03T06:54:33.614Z,0.107,3,68.61,345,0,0,,,,
powertraces-pt200array_pt203_r1_7536312_11-55cebeeb54,2026-05-03T06:54:33.714Z,0.207,0,67.9,345,0,0,,,,
powertraces-pt200array_pt203_r1_7536312_11-55cebeeb54,2026-05-03T06:54:33.714Z,0.207,1,67.96,345,0,0,,,,
powertraces-pt200array_pt203_r1_7536312_11-55cebeeb54,2026-05-03T06:54:33.714Z,0.207,2,69.3,345,0,0,,,,
powertraces-pt200array_pt203_r1_7536312_11-55cebeeb54,2026-05-03T06:54:33.714Z,0.207,3,68.61,345,0,0,,,,
powertraces-pt200array_pt203_r1_7536312_11-55cebeeb54,2026-05-03T06:54:33.814Z,0.307,0,67.9,345,0,0,,,,
powertraces-pt200array_pt203_r1_7536312_11-55cebeeb54,2026-05-03T06:54:33.814Z,0.307,1,67.97,345,0,0,,,,
powertraces-pt200array_pt203_r1_7536312_11-55cebeeb54,2026-05-03T06:54:33.814Z,0.307,2,69.28,345,0,0,,,,
powertraces-pt200array_pt203_r1_7536312_11-55cebeeb54,2026-05-03T06:54:33.814Z,0.307,3,68.63,345,0,0,,,,
powertraces-pt200array_pt203_r1_7536312_11-55cebeeb54,2026-05-03T06:54:33.915Z,0.408,0,67.89,345,0,0,,,,
powertraces-pt200array_pt203_r1_7536312_11-55cebeeb54,2026-05-03T06:54:33.915Z,0.408,1,67.97,345,0,0,,,,
powertraces-pt200array_pt203_r1_7536312_11-55cebeeb54,2026-05-03T06:54:33.915Z,0.408,2,69.27,345,0,0,,,,
powertraces-pt200array_pt203_r1_7536312_11-55cebeeb54,2026-05-03T06:54:33.915Z,0.408,3,68.63,345,0,0,,,,
powertraces-pt200array_pt203_r1_7536312_11-55cebeeb54,2026-05-03T06:54:34.015Z,0.508,0,67.88,345,0,0,,,,
powertraces-pt200array_pt203_r1_7536312_11-55cebeeb54,2026-05-03T06:54:34.015Z,0.508,1,67.99,345,0,0,,,,
powertraces-pt200array_pt203_r1_7536312_11-55cebeeb54,2026-05-03T06:54:34.015Z,0.508,2,69.27,345,0,0,,,,
powertraces-pt200array_pt203_r1_7536312_11-55cebeeb54,2026-05-03T06:54:34.015Z,0.508,3,68.63,345,0,0,,,,
powertraces-pt200array_pt203_r1_7536312_11-55cebeeb54,2026-05-03T06:54:34.115Z,0.608,0,67.89,345,0,0,,,,
powertraces-pt200array_pt203_r1_7536312_11-55cebeeb54,2026-05-03T06:54:34.115Z,0.608,1,67.96,345,0,0,,,,
powertraces-pt200array_pt203_r1_7536312_11-55cebeeb54,2026-05-03T06:54:34.115Z,0.608,2,69.26,345,0,0,,,,
powertraces-pt200array_pt203_r1_7536312_11-55cebeeb54,2026-05-03T06:54:34.115Z,0.608,3,68.63,345,0,0,,,,
powertraces-pt200array_pt203_r1_7536312_11-55cebeeb54,2026-05-03T06:54:34.215Z,0.708,0,67.87,345,0,0,,,,
powertraces-pt200array_pt203_r1_7536312_11-55cebeeb54,2026-05-03T06:54:34.215Z,0.708,1,67.95,345,0,0,,,,
powertraces-pt200array_pt203_r1_7536312_11-55cebeeb54,2026-05-03T06:54:34.215Z,0.708,2,69.27,345,0,0,,,,
powertraces-pt200array_pt203_r1_7536312_11-55cebeeb54,2026-05-03T06:54:34.215Z,0.708,3,68.63,345,0,0,,,,
powertraces-pt200array_pt203_r1_7536312_11-55cebeeb54,2026-05-03T06:54:34.315Z,0.808,0,67.87,345,0,0,,,,
powertraces-pt200array_pt203_r1_7536312_11-55cebeeb54,2026-05-03T06:54:34.315Z,0.808,1,67.93,345,0,0,,,,
powertraces-pt200array_pt203_r1_7536312_11-55cebeeb54,2026-05-03T06:54:34.315Z,0.808,2,69.24,345,0,0,,,,
powertraces-pt200array_pt203_r1_7536312_11-55cebeeb54,2026-05-03T06:54:34.315Z,0.808,3,68.67,345,0,0,,,,
powertraces-pt200array_pt203_r1_7536312_11-55cebeeb54,2026-05-03T06:54:34.415Z,0.908,0,67.91,345,0,0,,,,
powertraces-pt200array_pt203_r1_7536312_11-55cebeeb54,2026-05-03T06:54:34.416Z,0.909,1,67.97,345,0,0,,,,
powertraces-pt200array_pt203_r1_7536312_11-55cebeeb54,2026-05-03T06:54:34.416Z,0.909,2,69.28,345,0,0,,,,
powertraces-pt200array_pt203_r1_7536312_11-55cebeeb54,2026-05-03T06:54:34.416Z,0.909,3,68.7,345,0,0,,,,
powertraces-pt200array_pt203_r1_7536312_11-55cebeeb54,2026-05-03T06:54:34.516Z,1.009,0,67.93,345,0,0,,,,
powertraces-pt200array_pt203_r1_7536312_11-55cebeeb54,2026-05-03T06:54:34.516Z,1.009,1,67.98,345,0,0,,,,
powertraces-pt200array_pt203_r1_7536312_11-55cebeeb54,2026-05-03T06:54:34.516Z,1.009,2,69.29,345,0,0,,,,
powertraces-pt200array_pt203_r1_7536312_11-55cebeeb54,2026-05-03T06:54:34.516Z,1.009,3,68.71,345,0,0,,,,
powertraces-pt200array_pt203_r1_7536312_11-55cebeeb54,2026-05-03T06:54:34.616Z,1.109,0,67.94,345,0,0,,,,
powertraces-pt200array_pt203_r1_7536312_11-55cebeeb54,2026-05-03T06:54:34.616Z,1.109,1,68.02,345,0,0,,,,
powertraces-pt200array_pt203_r1_7536312_11-55cebeeb54,2026-05-03T06:54:34.616Z,1.109,2,69.29,345,0,0,,,,
powertraces-pt200array_pt203_r1_7536312_11-55cebeeb54,2026-05-03T06:54:34.616Z,1.109,3,68.73,345,0,0,,,,
powertraces-pt200array_pt203_r1_7536312_11-55cebeeb54,2026-05-03T06:54:34.716Z,1.209,0,67.96,345,0,0,,,,
powertraces-pt200array_pt203_r1_7536312_11-55cebeeb54,2026-05-03T06:54:34.716Z,1.209,1,68.05,345,0,0,,,,
powertraces-pt200array_pt203_r1_7536312_11-55cebeeb54,2026-05-03T06:54:34.716Z,1.209,2,69.32,345,0,0,,,,
powertraces-pt200array_pt203_r1_7536312_11-55cebeeb54,2026-05-03T06:54:34.716Z,1.209,3,68.76,345,0,0,,,,
powertraces-pt200array_pt203_r1_7536312_11-55cebeeb54,2026-05-03T06:54:34.816Z,1.309,0,68.02,345,0,0,,,,
powertraces-pt200array_pt203_r1_7536312_11-55cebeeb54,2026-05-03T06:54:34.816Z,1.309,1,68.08,345,0,0,,,,
powertraces-pt200array_pt203_r1_7536312_11-55cebeeb54,2026-05-03T06:54:34.816Z,1.309,2,69.37,345,0,0,,,,
powertraces-pt200array_pt203_r1_7536312_11-55cebeeb54,2026-05-03T06:54:34.816Z,1.309,3,68.77,345,0,0,,,,
powertraces-pt200array_pt203_r1_7536312_11-55cebeeb54,2026-05-03T06:54:34.916Z,1.409,0,68.04,345,0,0,,,,
powertraces-pt200array_pt203_r1_7536312_11-55cebeeb54,2026-05-03T06:54:34.916Z,1.409,1,68.12,345,0,0,,,,
powertraces-pt200array_pt203_r1_7536312_11-55cebeeb54,2026-05-03T06:54:34.916Z,1.409,2,69.43,345,0,0,,,,
powertraces-pt200array_pt203_r1_7536312_11-55cebeeb54,2026-05-03T06:54:34.916Z,1.409,3,68.82,345,0,0,,,,
powertraces-pt200array_pt203_r1_7536312_11-55cebeeb54,2026-05-03T06:54:35.017Z,1.51,0,68.09,345,0,0,,,,
powertraces-pt200array_pt203_r1_7536312_11-55cebeeb54,2026-05-03T06:54:35.017Z,1.51,1,68.15,345,0,0,,,,
powertraces-pt200array_pt203_r1_7536312_11-55cebeeb54,2026-05-03T06:54:35.017Z,1.51,2,69.48,345,0,0,,,,
powertraces-pt200array_pt203_r1_7536312_11-55cebeeb54,2026-05-03T06:54:35.017Z,1.51,3,68.83,345,0,0,,,,
powertraces-pt200array_pt203_r1_7536312_11-55cebeeb54,2026-05-03T06:54:35.117Z,1.61,0,68.12,345,0,0,,,,
powertraces-pt200array_pt203_r1_7536312_11-55cebeeb54,2026-05-03T06:54:35.117Z,1.61,1,68.2,345,0,0,,,,
powertraces-pt200array_pt203_r1_7536312_11-55cebeeb54,2026-05-03T06:54:35.117Z,1.61,2,69.54,345,0,0,,,,
powertraces-pt200array_pt203_r1_7536312_11-55cebeeb54,2026-05-03T06:54:35.117Z,1.61,3,68.87,345,0,0,,,,
powertraces-pt200array_pt203_r1_7536312_11-55cebeeb54,2026-05-03T06:54:35.217Z,1.71,0,68.18,345,0,0,,,,
powertraces-pt200array_pt203_r1_7536312_11-55cebeeb54,2026-05-03T06:54:35.217Z,1.71,1,68.23,345,0,0,,,,
powertraces-pt200array_pt203_r1_7536312_11-55cebeeb54,2026-05-03T06:54:35.217Z,1.71,2,69.57,345,0,0,,,,
powertraces-pt200array_pt203_r1_7536312_11-55cebeeb54,2026-05-03T06:54:35.217Z,1.71,3,68.91,345,0,0,,,,
powertraces-pt200array_pt203_r1_7536312_11-55cebeeb54,2026-05-03T06:54:35.317Z,1.81,0,68.21,345,0,0,,,,
powertraces-pt200array_pt203_r1_7536312_11-55cebeeb54,2026-05-03T06:54:35.317Z,1.81,1,68.27,345,0,0,,,,
powertraces-pt200array_pt203_r1_7536312_11-55cebeeb54,2026-05-03T06:54:35.317Z,1.81,2,69.6,345,0,0,,,,
powertraces-pt200array_pt203_r1_7536312_11-55cebeeb54,2026-05-03T06:54:35.317Z,1.81,3,68.9,345,0,0,,,,
powertraces-pt200array_pt203_r1_7536312_11-55cebeeb54,2026-05-03T06:54:35.417Z,1.91,0,68.2,345,0,0,,,,
powertraces-pt200array_pt203_r1_7536312_11-55cebeeb54,2026-05-03T06:54:35.417Z,1.91,1,68.25,345,0,0,,,,
powertraces-pt200array_pt203_r1_7536312_11-55cebeeb54,2026-05-03T06:54:35.417Z,1.91,2,69.59,345,0,0,,,,
powertraces-pt200array_pt203_r1_7536312_11-55cebeeb54,2026-05-03T06:54:35.417Z,1.91,3,68.9,345,0,0,,,,
powertraces-pt200array_pt203_r1_7536312_11-55cebeeb54,2026-05-03T06:54:35.517Z,2.01,0,68.18,345,0,0,,,,
powertraces-pt200array_pt203_r1_7536312_11-55cebeeb54,2026-05-03T06:54:35.517Z,2.01,1,68.27,345,0,0,,,,
powertraces-pt200array_pt203_r1_7536312_11-55cebeeb54,2026-05-03T06:54:35.518Z,2.011,2,69.57,345,0,0,,,,
powertraces-pt200array_pt203_r1_7536312_11-55cebeeb54,2026-05-03T06:54:35.518Z,2.011,3,68.92,345,0,0,,,,
powertraces-pt200array_pt203_r1_7536312_11-55cebeeb54,2026-05-03T06:54:35.618Z,2.111,0,68.17,345,0,0,,,,
powertraces-pt200array_pt203_r1_7536312_11-55cebeeb54,2026-05-03T06:54:35.618Z,2.111,1,68.3,345,0,0,,,,
powertraces-pt200array_pt203_r1_7536312_11-55cebeeb54,2026-05-03T06:54:35.618Z,2.111,2,69.58,345,0,0,,,,
powertraces-pt200array_pt203_r1_7536312_11-55cebeeb54,2026-05-03T06:54:35.618Z,2.111,3,68.91,345,0,0,,,,
powertraces-pt200array_pt203_r1_7536312_11-55cebeeb54,2026-05-03T06:54:35.718Z,2.211,0,68.19,345,0,0,,,,
powertraces-pt200array_pt203_r1_7536312_11-55cebeeb54,2026-05-03T06:54:35.718Z,2.211,1,68.28,345,0,0,,,,
powertraces-pt200array_pt203_r1_7536312_11-55cebeeb54,2026-05-03T06:54:35.718Z,2.211,2,69.58,345,0,0,,,,
powertraces-pt200array_pt203_r1_7536312_11-55cebeeb54,2026-05-03T06:54:35.718Z,2.211,3,68.91,345,0,0,,,,
powertraces-pt200array_pt203_r1_7536312_11-55cebeeb54,2026-05-03T06:54:35.818Z,2.311,0,68.18,345,0,0,,,,
powertraces-pt200array_pt203_r1_7536312_11-55cebeeb54,2026-05-03T06:54:35.818Z,2.311,1,68.29,345,0,0,,,,
powertraces-pt200array_pt203_r1_7536312_11-55cebeeb54,2026-05-03T06:54:35.818Z,2.311,2,69.6,345,0,0,,,,
powertraces-pt200array_pt203_r1_7536312_11-55cebeeb54,2026-05-03T06:54:35.818Z,2.311,3,68.92,345,0,0,,,,
powertraces-pt200array_pt203_r1_7536312_11-55cebeeb54,2026-05-03T06:54:35.918Z,2.411,0,68.18,345,0,0,,,,
powertraces-pt200array_pt203_r1_7536312_11-55cebeeb54,2026-05-03T06:54:35.918Z,2.411,1,68.27,345,0,0,,,,
powertraces-pt200array_pt203_r1_7536312_11-55cebeeb54,2026-05-03T06:54:35.918Z,2.411,2,69.6,345,0,0,,,,
powertraces-pt200array_pt203_r1_7536312_11-55cebeeb54,2026-05-03T06:54:35.918Z,2.411,3,68.91,345,0,0,,,,
powertraces-pt200array_pt203_r1_7536312_11-55cebeeb54,2026-05-03T06:54:36.018Z,2.511,0,68.17,345,0,0,,,,
powertraces-pt200array_pt203_r1_7536312_11-55cebeeb54,2026-05-03T06:54:36.018Z,2.511,1,68.28,345,0,0,,,,
powertraces-pt200array_pt203_r1_7536312_11-55cebeeb54,2026-05-03T06:54:36.018Z,2.511,2,69.56,345,0,0,,,,
powertraces-pt200array_pt203_r1_7536312_11-55cebeeb54,2026-05-03T06:54:36.018Z,2.511,3,68.9,345,0,0,,,,
powertraces-pt200array_pt203_r1_7536312_11-55cebeeb54,2026-05-03T06:54:36.119Z,2.612,0,68.16,345,0,0,,,,
powertraces-pt200array_pt203_r1_7536312_11-55cebeeb54,2026-05-03T06:54:36.119Z,2.612,1,68.28,345,0,0,,,,
powertraces-pt200array_pt203_r1_7536312_11-55cebeeb54,2026-05-03T06:54:36.119Z,2.612,2,69.57,345,0,0,,,,
powertraces-pt200array_pt203_r1_7536312_11-55cebeeb54,2026-05-03T06:54:36.119Z,2.612,3,68.89,345,0,0,,,,
powertraces-pt200array_pt203_r1_7536312_11-55cebeeb54,2026-05-03T06:54:36.219Z,2.712,0,68.14,345,0,0,,,,
powertraces-pt200array_pt203_r1_7536312_11-55cebeeb54,2026-05-03T06:54:36.219Z,2.712,1,68.26,345,0,0,,,,
powertraces-pt200array_pt203_r1_7536312_11-55cebeeb54,2026-05-03T06:54:36.219Z,2.712,2,69.56,345,0,0,,,,
powertraces-pt200array_pt203_r1_7536312_11-55cebeeb54,2026-05-03T06:54:36.219Z,2.712,3,68.87,345,0,0,,,,
powertraces-pt200array_pt203_r1_7536312_11-55cebeeb54,2026-05-03T06:54:36.319Z,2.812,0,68.13,345,0,0,,,,
powertraces-pt200array_pt203_r1_7536312_11-55cebeeb54,2026-05-03T06:54:36.319Z,2.812,1,68.25,345,0,0,,,,
powertraces-pt200array_pt203_r1_7536312_11-55cebeeb54,2026-05-03T06:54:36.319Z,2.812,2,69.54,345,0,0,,,,
powertraces-pt200array_pt203_r1_7536312_11-55cebeeb54,2026-05-03T06:54:36.319Z,2.812,3,68.86,345,0,0,,,,
powertraces-pt200array_pt203_r1_7536312_11-55cebeeb54,2026-05-03T06:54:36.419Z,2.912,0,68.11,345,0,0,,,,
powertraces-pt200array_pt203_r1_7536312_11-55cebeeb54,2026-05-03T06:54:36.419Z,2.912,1,68.24,345,0,0,,,,
powertraces-pt200array_pt203_r1_7536312_11-55cebeeb54,2026-05-03T06:54:36.419Z,2.912,2,69.54,345,0,0,,,,
powertraces-pt200array_pt203_r1_7536312_11-55cebeeb54,2026-05-03T06:54:36.419Z,2.912,3,68.84,345,0,0,,,,
powertraces-pt200array_pt203_r1_7536312_11-55cebeeb54,2026-05-03T06:54:36.519Z,3.012,0,68.14,345,0,0,,,,
powertraces-pt200array_pt203_r1_7536312_11-55cebeeb54,2026-05-03T06:54:36.519Z,3.012,1,68.2,345,0,0,,,,
powertraces-pt200array_pt203_r1_7536312_11-55cebeeb54,2026-05-03T06:54:36.519Z,3.012,2,69.53,345,0,0,,,,
powertraces-pt200array_pt203_r1_7536312_11-55cebeeb54,2026-05-03T06:54:36.519Z,3.012,3,68.83,345,0,0,,,,
powertraces-pt200array_pt203_r1_7536312_11-55cebeeb54,2026-05-03T06:54:36.619Z,3.112,0,68.16,345,0,0,,,,
powertraces-pt200array_pt203_r1_7536312_11-55cebeeb54,2026-05-03T06:54:36.619Z,3.112,1,68.2,345,0,0,,,,
powertraces-pt200array_pt203_r1_7536312_11-55cebeeb54,2026-05-03T06:54:36.62Z,3.113,2,69.57,345,0,0,,,,
powertraces-pt200array_pt203_r1_7536312_11-55cebeeb54,2026-05-03T06:54:36.62Z,3.113,3,68.84,345,0,0,,,,
powertraces-pt200array_pt203_r1_7536312_11-55cebeeb54,2026-05-03T06:54:36.72Z,3.213,0,68.16,345,0,0,,,,
powertraces-pt200array_pt203_r1_7536312_11-55cebeeb54,2026-05-03T06:54:36.72Z,3.213,1,68.22,345,0,0,,,,
powertraces-pt200array_pt203_r1_7536312_11-55cebeeb54,2026-05-03T06:54:36.72Z,3.213,2,69.54,345,0,0,,,,
powertraces-pt200array_pt203_r1_7536312_11-55cebeeb54,2026-05-03T06:54:36.72Z,3.213,3,68.85,345,0,0,,,,
powertraces-pt200array_pt203_r1_7536312_11-55cebeeb54,2026-05-03T06:54:36.82Z,3.313,0,68.14,345,0,0,,,,
powertraces-pt200array_pt203_r1_7536312_11-55cebeeb54,2026-05-03T06:54:36.82Z,3.313,1,68.19,345,0,0,,,,
powertraces-pt200array_pt203_r1_7536312_11-55cebeeb54,2026-05-03T06:54:36.82Z,3.313,2,69.52,345,0,0,,,,
powertraces-pt200array_pt203_r1_7536312_11-55cebeeb54,2026-05-03T06:54:36.82Z,3.313,3,68.83,345,0,0,,,,
powertraces-pt200array_pt203_r1_7536312_11-55cebeeb54,2026-05-03T06:54:36.92Z,3.413,0,68.13,345,0,0,,,,
powertraces-pt200array_pt203_r1_7536312_11-55cebeeb54,2026-05-03T06:54:36.92Z,3.413,1,68.14,345,0,0,,,,
powertraces-pt200array_pt203_r1_7536312_11-55cebeeb54,2026-05-03T06:54:36.92Z,3.413,2,69.48,345,0,0,,,,
powertraces-pt200array_pt203_r1_7536312_11-55cebeeb54,2026-05-03T06:54:36.92Z,3.413,3,68.83,345,0,0,,,,
powertraces-pt200array_pt203_r1_7536312_11-55cebeeb54,2026-05-03T06:54:37.02Z,3.513,0,68.12,345,0,0,,,,
powertraces-pt200array_pt203_r1_7536312_11-55cebeeb54,2026-05-03T06:54:37.02Z,3.513,1,68.09,345,0,0,,,,
powertraces-pt200array_pt203_r1_7536312_11-55cebeeb54,2026-05-03T06:54:37.02Z,3.513,2,69.5,345,0,0,,,,
powertraces-pt200array_pt203_r1_7536312_11-55cebeeb54,2026-05-03T06:54:37.02Z,3.513,3,68.82,345,0,0,,,,
powertraces-pt200array_pt203_r1_7536312_11-55cebeeb54,2026-05-03T06:54:37.12Z,3.613,0,68.1,345,0,0,,,,
powertraces-pt200array_pt203_r1_7536312_11-55cebeeb54,2026-05-03T06:54:37.12Z,3.613,1,68.1,345,0,0,,,,
powertraces-pt200array_pt203_r1_7536312_11-55cebeeb54,2026-05-03T06:54:37.12Z,3.613,2,69.46,345,0,0,,,,
powertraces-pt200array_pt203_r1_7536312_11-55cebeeb54,2026-05-03T06:54:37.12Z,3.613,3,68.83,345,0,0,,,,
powertraces-pt200array_pt203_r1_7536312_11-55cebeeb54,2026-05-03T06:54:37.221Z,3.714,0,68.11,345,0,0,,,,
powertraces-pt200array_pt203_r1_7536312_11-55cebeeb54,2026-05-03T06:54:37.221Z,3.714,1,68.1,345,0,0,,,,
powertraces-pt200array_pt203_r1_7536312_11-55cebeeb54,2026-05-03T06:54:37.221Z,3.714,2,69.46,345,0,0,,,,
powertraces-pt200array_pt203_r1_7536312_11-55cebeeb54,2026-05-03T06:54:37.221Z,3.714,3,68.85,345,0,0,,,,
powertraces-pt200array_pt203_r1_7536312_11-55cebeeb54,2026-05-03T06:54:37.321Z,3.814,0,68.12,345,0,0,,,,
powertraces-pt200array_pt203_r1_7536312_11-55cebeeb54,2026-05-03T06:54:37.321Z,3.814,1,68.12,345,0,0,,,,
powertraces-pt200array_pt203_r1_7536312_11-55cebeeb54,2026-05-03T06:54:37.321Z,3.814,2,69.45,345,0,0,,,,
powertraces-pt200array_pt203_r1_7536312_11-55cebeeb54,2026-05-03T06:54:37.321Z,3.814,3,68.85,345,0,0,,,,
powertraces-pt200array_pt203_r1_7536312_11-55cebeeb54,2026-05-03T06:54:37.421Z,3.914,0,68.14,345,0,0,,,,
powertraces-pt200array_pt203_r1_7536312_11-55cebeeb54,2026-05-03T06:54:37.421Z,3.914,1,68.11,345,0,0,,,,
powertraces-pt200array_pt203_r1_7536312_11-55cebeeb54,2026-05-03T06:54:37.421Z,3.914,2,69.51,345,0,0,,,,
powertraces-pt200array_pt203_r1_7536312_11-55cebeeb54,2026-05-03T06:54:37.421Z,3.914,3,68.86,345,0,0,,,,
powertraces-pt200array_pt203_r1_7536312_11-55cebeeb54,2026-05-03T06:54:37.521Z,4.014,0,68.14,345,0,0,,,,
powertraces-pt200array_pt203_r1_7536312_11-55cebeeb54,2026-05-03T06:54:37.521Z,4.014,1,68.17,345,0,0,,,,
powertraces-pt200array_pt203_r1_7536312_11-55cebeeb54,2026-05-03T06:54:37.521Z,4.014,2,69.54,345,0,0,,,,
powertraces-pt200array_pt203_r1_7536312_11-55cebeeb54,2026-05-03T06:54:37.521Z,4.014,3,68.86,345,0,0,,,,
powertraces-pt200array_pt203_r1_7536312_11-55cebeeb54,2026-05-03T06:54:37.621Z,4.114,0,68.14,345,0,0,,,,
powertraces-pt200array_pt203_r1_7536312_11-55cebeeb54,2026-05-03T06:54:37.621Z,4.114,1,68.11,345,0,0,,,,
powertraces-pt200array_pt203_r1_7536312_11-55cebeeb54,2026-05-03T06:54:37.621Z,4.114,2,69.51,345,0,0,,,,
powertraces-pt200array_pt203_r1_7536312_11-55cebeeb54,2026-05-03T06:54:37.621Z,4.114,3,68.85,345,0,0,,,,
powertraces-pt200array_pt203_r1_7536312_11-55cebeeb54,2026-05-03T06:54:37.721Z,4.214,0,68.14,345,0,0,,,,
powertraces-pt200array_pt203_r1_7536312_11-55cebeeb54,2026-05-03T06:54:37.721Z,4.214,1,68.09,345,0,0,,,,
powertraces-pt200array_pt203_r1_7536312_11-55cebeeb54,2026-05-03T06:54:37.722Z,4.215,2,69.53,345,0,0,,,,
powertraces-pt200array_pt203_r1_7536312_11-55cebeeb54,2026-05-03T06:54:37.722Z,4.215,3,68.85,345,0,0,,,,
powertraces-pt200array_pt203_r1_7536312_11-55cebeeb54,2026-05-03T06:54:37.822Z,4.315,0,68.16,345,0,0,,,,
powertraces-pt200array_pt203_r1_7536312_11-55cebeeb54,2026-05-03T06:54:37.822Z,4.315,1,68.11,345,0,0,,,,
powertraces-pt200array_pt203_r1_7536312_11-55cebeeb54,2026-05-03T06:54:37.822Z,4.315,2,69.54,345,0,0,,,,
powertraces-pt200array_pt203_r1_7536312_11-55cebeeb54,2026-05-03T06:54:37.822Z,4.315,3,68.87,345,0,0,,,,
powertraces-pt200array_pt203_r1_7536312_11-55cebeeb54,2026-05-03T06:54:37.922Z,4.415,0,68.18,345,0,0,,,,
powertraces-pt200array_pt203_r1_7536312_11-55cebeeb54,2026-05-03T06:54:37.922Z,4.415,1,68.14,345,0,0,,,,
powertraces-pt200array_pt203_r1_7536312_11-55cebeeb54,2026-05-03T06:54:37.922Z,4.415,2,69.57,345,0,0,,,,
powertraces-pt200array_pt203_r1_7536312_11-55cebeeb54,2026-05-03T06:54:37.922Z,4.415,3,68.86,345,0,0,,,,
powertraces-pt200array_pt203_r1_7536312_11-55cebeeb54,2026-05-03T06:54:38.022Z,4.515,0,68.2,345,0,0,,,,
powertraces-pt200array_pt203_r1_7536312_11-55cebeeb54,2026-05-03T06:54:38.022Z,4.515,1,68.16,345,0,0,,,,
powertraces-pt200array_pt203_r1_7536312_11-55cebeeb54,2026-05-03T06:54:38.022Z,4.515,2,69.58,345,0,0,,,,
powertraces-pt200array_pt203_r1_7536312_11-55cebeeb54,2026-05-03T06:54:38.022Z,4.515,3,68.87,345,0,0,,,,
powertraces-pt200array_pt203_r1_7536312_11-55cebeeb54,2026-05-03T06:54:38.122Z,4.615,0,68.23,345,0,0,,,,
powertraces-pt200array_pt203_r1_7536312_11-55cebeeb54,2026-05-03T06:54:38.122Z,4.615,1,68.15,345,0,0,,,,
powertraces-pt200array_pt203_r1_7536312_11-55cebeeb54,2026-05-03T06:54:38.122Z,4.615,2,69.57,345,0,0,,,,
powertraces-pt200array_pt203_r1_7536312_11-55cebeeb54,2026-05-03T06:54:38.122Z,4.615,3,68.88,345,0,0,,,,
powertraces-pt200array_pt203_r1_7536312_11-55cebeeb54,2026-05-03T06:54:38.222Z,4.715,0,68.23,345,0,0,,,,
powertraces-pt200array_pt203_r1_7536312_11-55cebeeb54,2026-05-03T06:54:38.222Z,4.715,1,68.18,345,0,0,,,,
powertraces-pt200array_pt203_r1_7536312_11-55cebeeb54,2026-05-03T06:54:38.222Z,4.715,2,69.56,345,0,0,,,,
powertraces-pt200array_pt203_r1_7536312_11-55cebeeb54,2026-05-03T06:54:38.222Z,4.715,3,68.9,345,0,0,,,,
powertraces-pt200array_pt203_r1_7536312_11-55cebeeb54,2026-05-03T06:54:38.323Z,4.816,0,68.23,345,0,0,,,,
powertraces-pt200array_pt203_r1_7536312_11-55cebeeb54,2026-05-03T06:54:38.323Z,4.816,1,68.16,345,0,0,,,,
powertraces-pt200array_pt203_r1_7536312_11-55cebeeb54,2026-05-03T06:54:38.323Z,4.816,2,69.59,345,0,0,,,,
powertraces-pt200array_pt203_r1_7536312_11-55cebeeb54,2026-05-03T06:54:38.323Z,4.816,3,68.89,345,0,0,,,,
powertraces-pt200array_pt203_r1_7536312_11-55cebeeb54,2026-05-03T06:54:38.423Z,4.916,0,68.22,345,0,0,,,,
powertraces-pt200array_pt203_r1_7536312_11-55cebeeb54,2026-05-03T06:54:38.423Z,4.916,1,68.19,345,0,0,,,,
powertraces-pt200array_pt203_r1_7536312_11-55cebeeb54,2026-05-03T06:54:38.423Z,4.916,2,69.55,345,0,0,,,,
powertraces-pt200array_pt203_r1_7536312_11-55cebeeb54,2026-05-03T06:54:38.423Z,4.916,3,68.87,345,0,0,,,,
powertraces-pt200array_pt203_r1_7536312_11-55cebeeb54,2026-05-03T06:54:38.523Z,5.016,0,68.21,345,0,0,,,,
powertraces-pt200array_pt203_r1_7536312_11-55cebeeb54,2026-05-03T06:54:38.523Z,5.016,1,68.15,345,0,0,,,,
powertraces-pt200array_pt203_r1_7536312_11-55cebeeb54,2026-05-03T06:54:38.523Z,5.016,2,69.53,345,0,0,,,,
powertraces-pt200array_pt203_r1_7536312_11-55cebeeb54,2026-05-03T06:54:38.523Z,5.016,3,68.85,345,0,0,,,,
powertraces-pt200array_pt203_r1_7536312_11-55cebeeb54,2026-05-03T06:54:38.623Z,5.116,0,68.16,345,0,0,,,,
powertraces-pt200array_pt203_r1_7536312_11-55cebeeb54,2026-05-03T06:54:38.623Z,5.116,1,68.18,345,0,0,,,,
powertraces-pt200array_pt203_r1_7536312_11-55cebeeb54,2026-05-03T06:54:38.623Z,5.116,2,69.49,345,0,0,,,,
powertraces-pt200array_pt203_r1_7536312_11-55cebeeb54,2026-05-03T06:54:38.623Z,5.116,3,68.85,345,0,0,,,,
powertraces-pt200array_pt203_r1_7536312_11-55cebeeb54,2026-05-03T06:54:38.723Z,5.216,0,68.12,345,0,0,,,,
powertraces-pt200array_pt203_r1_7536312_11-55cebeeb54,2026-05-03T06:54:38.723Z,5.216,1,68.18,345,0,0,,,,
powertraces-pt200array_pt203_r1_7536312_11-55cebeeb54,2026-05-03T06:54:38.723Z,5.216,2,69.49,345,0,0,,,,
powertraces-pt200array_pt203_r1_7536312_11-55cebeeb54,2026-05-03T06:54:38.723Z,5.216,3,68.83,345,0,0,,,,
powertraces-pt200array_pt203_r1_7536312_11-55cebeeb54,2026-05-03T06:54:38.823Z,5.316,0,68.1,345,0,0,,,,
powertraces-pt200array_pt203_r1_7536312_11-55cebeeb54,2026-05-03T06:54:38.824Z,5.317,1,68.17,345,0,0,,,,
powertraces-pt200array_pt203_r1_7536312_11-55cebeeb54,2026-05-03T06:54:38.824Z,5.317,2,69.5,345,0,0,,,,
powertraces-pt200array_pt203_r1_7536312_11-55cebeeb54,2026-05-03T06:54:38.824Z,5.317,3,68.8,345,0,0,,,,
powertraces-pt200array_pt203_r1_7536312_11-55cebeeb54,2026-05-03T06:54:38.924Z,5.417,0,68.08,345,0,0,,,,
powertraces-pt200array_pt203_r1_7536312_11-55cebeeb54,2026-05-03T06:54:38.924Z,5.417,1,68.15,345,0,0,,,,
powertraces-pt200array_pt203_r1_7536312_11-55cebeeb54,2026-05-03T06:54:38.924Z,5.417,2,69.52,345,0,0,,,,
powertraces-pt200array_pt203_r1_7536312_11-55cebeeb54,2026-05-03T06:54:38.924Z,5.417,3,68.81,345,0,0,,,,
powertraces-pt200array_pt203_r1_7536312_11-55cebeeb54,2026-05-03T06:54:39.024Z,5.517,0,68.07,345,0,0,,,,
powertraces-pt200array_pt203_r1_7536312_11-55cebeeb54,2026-05-03T06:54:39.024Z,5.517,1,68.13,345,0,0,,,,
powertraces-pt200array_pt203_r1_7536312_11-55cebeeb54,2026-05-03T06:54:39.024Z,5.517,2,69.51,345,0,0,,,,
powertraces-pt200array_pt203_r1_7536312_11-55cebeeb54,2026-05-03T06:54:39.024Z,5.517,3,68.78,345,0,0,,,,
powertraces-pt200array_pt203_r1_7536312_11-55cebeeb54,2026-05-03T06:54:39.124Z,5.617,0,68.04,345,0,0,,,,
powertraces-pt200array_pt203_r1_7536312_11-55cebeeb54,2026-05-03T06:54:39.124Z,5.617,1,68.11,345,0,0,,,,
powertraces-pt200array_pt203_r1_7536312_11-55cebeeb54,2026-05-03T06:54:39.124Z,5.617,2,69.52,345,0,0,,,,
powertraces-pt200array_pt203_r1_7536312_11-55cebeeb54,2026-05-03T06:54:39.124Z,5.617,3,68.76,345,0,0,,,,
powertraces-pt200array_pt203_r1_7536312_11-55cebeeb54,2026-05-03T06:54:39.224Z,5.717,0,68.0,345,0,0,,,,
powertraces-pt200array_pt203_r1_7536312_11-55cebeeb54,2026-05-03T06:54:39.224Z,5.717,1,68.08,345,0,0,,,,
powertraces-pt200array_pt203_r1_7536312_11-55cebeeb54,2026-05-03T06:54:39.224Z,5.717,2,69.49,345,0,0,,,,
powertraces-pt200array_pt203_r1_7536312_11-55cebeeb54,2026-05-03T06:54:39.224Z,5.717,3,68.71,345,0,0,,,,
powertraces-pt200array_pt203_r1_7536312_11-55cebeeb54,2026-05-03T06:54:39.324Z,5.817,0,67.95,345,0,0,,,,
powertraces-pt200array_pt203_r1_7536312_11-55cebeeb54,2026-05-03T06:54:39.324Z,5.817,1,68.08,345,0,0,,,,
powertraces-pt200array_pt203_r1_7536312_11-55cebeeb54,2026-05-03T06:54:39.324Z,5.817,2,69.46,345,0,0,,,,
powertraces-pt200array_pt203_r1_7536312_11-55cebeeb54,2026-05-03T06:54:39.324Z,5.817,3,68.67,345,0,0,,,,
powertraces-pt200array_pt203_r1_7536312_11-55cebeeb54,2026-05-03T06:54:39.425Z,5.918,0,67.93,345,0,0,,,,
powertraces-pt200array_pt203_r1_7536312_11-55cebeeb54,2026-05-03T06:54:39.425Z,5.918,1,68.02,345,0,0,,,,
powertraces-pt200array_pt203_r1_7536312_11-55cebeeb54,2026-05-03T06:54:39.425Z,5.918,2,69.42,345,0,0,,,,
powertraces-pt200array_pt203_r1_7536312_11-55cebeeb54,2026-05-03T06:54:39.425Z,5.918,3,68.65,345,0,0,,,,
powertraces-pt200array_pt203_r1_7536312_11-55cebeeb54,2026-05-03T06:54:39.525Z,6.018,0,67.92,345,0,0,,,,
powertraces-pt200array_pt203_r1_7536312_11-55cebeeb54,2026-05-03T06:54:39.525Z,6.018,1,67.99,345,0,0,,,,
powertraces-pt200array_pt203_r1_7536312_11-55cebeeb54,2026-05-03T06:54:39.525Z,6.018,2,69.38,345,0,0,,,,
powertraces-pt200array_pt203_r1_7536312_11-55cebeeb54,2026-05-03T06:54:39.525Z,6.018,3,68.64,345,0,0,,,,
powertraces-pt200array_pt203_r1_7536312_11-55cebeeb54,2026-05-03T06:54:39.625Z,6.118,0,67.92,345,0,0,,,,
powertraces-pt200array_pt203_r1_7536312_11-55cebeeb54,2026-05-03T06:54:39.625Z,6.118,1,67.98,345,0,0,,,,
powertraces-pt200array_pt203_r1_7536312_11-55cebeeb54,2026-05-03T06:54:39.625Z,6.118,2,69.34,345,0,0,,,,
powertraces-pt200array_pt203_r1_7536312_11-55cebeeb54,2026-05-03T06:54:39.625Z,6.118,3,68.62,345,0,0,,,,
powertraces-pt200array_pt203_r1_7536312_11-55cebeeb54,2026-05-03T06:54:39.725Z,6.218,0,67.9,345,0,0,,,,
powertraces-pt200array_pt203_r1_7536312_11-55cebeeb54,2026-05-03T06:54:39.725Z,6.218,1,67.98,345,0,0,,,,
powertraces-pt200array_pt203_r1_7536312_11-55cebeeb54,2026-05-03T06:54:39.725Z,6.218,2,69.3,345,0,0,,,,
powertraces-pt200array_pt203_r1_7536312_11-55cebeeb54,2026-05-03T06:54:39.725Z,6.218,3,68.6,345,0,0,,,,
powertraces-pt200array_pt203_r1_7536312_11-55cebeeb54,2026-05-03T06:54:39.825Z,6.318,0,67.89,345,0,0,,,,
powertraces-pt200array_pt203_r1_7536312_11-55cebeeb54,2026-05-03T06:54:39.825Z,6.318,1,67.97,345,0,0,,,,
powertraces-pt200array_pt203_r1_7536312_11-55cebeeb54,2026-05-03T06:54:39.825Z,6.318,2,69.25,345,0,0,,,,
powertraces-pt200array_pt203_r1_7536312_11-55cebeeb54,2026-05-03T06:54:39.825Z,6.318,3,68.59,345,0,0,,,,
powertraces-pt200array_pt203_r1_7536312_11-55cebeeb54,2026-05-03T06:54:39.925Z,6.418,0,67.84,345,0,0,,,,
powertraces-pt200array_pt203_r1_7536312_11-55cebeeb54,2026-05-03T06:54:39.926Z,6.419,1,67.94,345,0,0,,,,
powertraces-pt200array_pt203_r1_7536312_11-55cebeeb54,2026-05-03T06:54:39.926Z,6.419,2,69.17,345,0,0,,,,
powertraces-pt200array_pt203_r1_7536312_11-55cebeeb54,2026-05-03T06:54:39.926Z,6.419,3,68.55,345,0,0,,,,
powertraces-pt200array_pt203_r1_7536312_11-55cebeeb54,2026-05-03T06:54:40.026Z,6.519,0,67.82,345,0,0,,,,
powertraces-pt200array_pt203_r1_7536312_11-55cebeeb54,2026-05-03T06:54:40.026Z,6.519,1,67.89,345,0,0,,,,
powertraces-pt200array_pt203_r1_7536312_11-55cebeeb54,2026-05-03T06:54:40.026Z,6.519,2,69.14,345,0,0,,,,
powertraces-pt200array_pt203_r1_7536312_11-55cebeeb54,2026-05-03T06:54:40.026Z,6.519,3,68.56,345,0,0,,,,
powertraces-pt200array_pt203_r1_7536312_11-55cebeeb54,2026-05-03T06:54:40.126Z,6.619,0,67.8,345,0,0,,,,
powertraces-pt200array_pt203_r1_7536312_11-55cebeeb54,2026-05-03T06:54:40.126Z,6.619,1,67.93,345,0,0,,,,
powertraces-pt200array_pt203_r1_7536312_11-55cebeeb54,2026-05-03T06:54:40.126Z,6.619,2,69.09,345,0,0,,,,
powertraces-pt200array_pt203_r1_7536312_11-55cebeeb54,2026-05-03T06:54:40.126Z,6.619,3,68.54,345,0,0,,,,
powertraces-pt200array_pt203_r1_7536312_11-55cebeeb54,2026-05-03T06:54:40.226Z,6.719,0,67.79,345,0,0,,,,
powertraces-pt200array_pt203_r1_7536312_11-55cebeeb54,2026-05-03T06:54:40.226Z,6.719,1,67.91,345,0,0,,,,
powertraces-pt200array_pt203_r1_7536312_11-55cebeeb54,2026-05-03T06:54:40.226Z,6.719,2,69.1,345,0,0,,,,
powertraces-pt200array_pt203_r1_7536312_11-55cebeeb54,2026-05-03T06:54:40.226Z,6.719,3,68.54,345,0,0,,,,
powertraces-pt200array_pt203_r1_7536312_11-55cebeeb54,2026-05-03T06:54:40.326Z,6.819,0,67.8,345,0,0,,,,
powertraces-pt200array_pt203_r1_7536312_11-55cebeeb54,2026-05-03T06:54:40.326Z,6.819,1,67.83,345,0,0,,,,
powertraces-pt200array_pt203_r1_7536312_11-55cebeeb54,2026-05-03T06:54:40.326Z,6.819,2,69.1,345,0,0,,,,
powertraces-pt200array_pt203_r1_7536312_11-55cebeeb54,2026-05-03T06:54:40.326Z,6.819,3,68.53,345,0,0,,,,
powertraces-pt200array_pt203_r1_7536312_11-55cebeeb54,2026-05-03T06:54:40.426Z,6.919,0,67.8,345,0,0,,,,
powertraces-pt200array_pt203_r1_7536312_11-55cebeeb54,2026-05-03T06:54:40.426Z,6.919,1,67.84,345,0,0,,,,
powertraces-pt200array_pt203_r1_7536312_11-55cebeeb54,2026-05-03T06:54:40.426Z,6.919,2,69.11,345,0,0,,,,
powertraces-pt200array_pt203_r1_7536312_11-55cebeeb54,2026-05-03T06:54:40.426Z,6.919,3,68.52,345,0,0,,,,
powertraces-pt200array_pt203_r1_7536312_11-55cebeeb54,2026-05-03T06:54:40.527Z,7.02,0,67.79,345,0,0,,,,
powertraces-pt200array_pt203_r1_7536312_11-55cebeeb54,2026-05-03T06:54:40.527Z,7.02,1,67.88,345,0,0,,,,
powertraces-pt200array_pt203_r1_7536312_11-55cebeeb54,2026-05-03T06:54:40.527Z,7.02,2,69.1,345,0,0,,,,
powertraces-pt200array_pt203_r1_7536312_11-55cebeeb54,2026-05-03T06:54:40.527Z,7.02,3,68.52,345,0,0,,,,
powertraces-pt200array_pt203_r1_7536312_11-55cebeeb54,2026-05-03T06:54:40.627Z,7.12,0,67.78,345,0,0,,,,
powertraces-pt200array_pt203_r1_7536312_11-55cebeeb54,2026-05-03T06:54:40.627Z,7.12,1,67.87,345,0,0,,,,
powertraces-pt200array_pt203_r1_7536312_11-55cebeeb54,2026-05-03T06:54:40.627Z,7.12,2,69.12,345,0,0,,,,
powertraces-pt200array_pt203_r1_7536312_11-55cebeeb54,2026-05-03T06:54:40.627Z,7.12,3,68.54,345,0,0,,,,
powertraces-pt200array_pt203_r1_7536312_11-55cebeeb54,2026-05-03T06:54:40.727Z,7.22,0,67.79,345,0,0,,,,
powertraces-pt200array_pt203_r1_7536312_11-55cebeeb54,2026-05-03T06:54:40.727Z,7.22,1,67.86,345,0,0,,,,
powertraces-pt200array_pt203_r1_7536312_11-55cebeeb54,2026-05-03T06:54:40.727Z,7.22,2,69.12,345,0,0,,,,
powertraces-pt200array_pt203_r1_7536312_11-55cebeeb54,2026-05-03T06:54:40.727Z,7.22,3,68.52,345,0,0,,,,
powertraces-pt200array_pt203_r1_7536312_11-55cebeeb54,2026-05-03T06:54:40.827Z,7.32,0,67.8,345,0,0,,,,
powertraces-pt200array_pt203_r1_7536312_11-55cebeeb54,2026-05-03T06:54:40.827Z,7.32,1,67.83,345,0,0,,,,
powertraces-pt200array_pt203_r1_7536312_11-55cebeeb54,2026-05-03T06:54:40.827Z,7.32,2,69.13,345,0,0,,,,
powertraces-pt200array_pt203_r1_7536312_11-55cebeeb54,2026-05-03T06:54:40.827Z,7.32,3,68.51,345,0,0,,,,
powertraces-pt200array_pt203_r1_7536312_11-55cebeeb54,2026-05-03T06:54:40.927Z,7.42,0,67.78,345,0,0,,,,
powertraces-pt200array_pt203_r1_7536312_11-55cebeeb54,2026-05-03T06:54:40.927Z,7.42,1,67.81,345,0,0,,,,
powertraces-pt200array_pt203_r1_7536312_11-55cebeeb54,2026-05-03T06:54:40.927Z,7.42,2,69.15,345,0,0,,,,
powertraces-pt200array_pt203_r1_7536312_11-55cebeeb54,2026-05-03T06:54:40.927Z,7.42,3,68.5,345,0,0,,,,
powertraces-pt200array_pt203_r1_7536312_11-55cebeeb54,2026-05-03T06:54:41.028Z,7.521,0,67.78,345,0,0,,,,
powertraces-pt200array_pt203_r1_7536312_11-55cebeeb54,2026-05-03T06:54:41.028Z,7.521,1,67.79,345,0,0,,,,
powertraces-pt200array_pt203_r1_7536312_11-55cebeeb54,2026-05-03T06:54:41.028Z,7.521,2,69.15,345,0,0,,,,
powertraces-pt200array_pt203_r1_7536312_11-55cebeeb54,2026-05-03T06:54:41.028Z,7.521,3,68.51,345,0,0,,,,
powertraces-pt200array_pt203_r1_7536312_11-55cebeeb54,2026-05-03T06:54:41.128Z,7.621,0,67.77,345,0,0,,,,
powertraces-pt200array_pt203_r1_7536312_11-55cebeeb54,2026-05-03T06:54:41.128Z,7.621,1,67.76,345,0,0,,,,
powertraces-pt200array_pt203_r1_7536312_11-55cebeeb54,2026-05-03T06:54:41.128Z,7.621,2,69.13,345,0,0,,,,
powertraces-pt200array_pt203_r1_7536312_11-55cebeeb54,2026-05-03T06:54:41.128Z,7.621,3,68.53,345,0,0,,,,
powertraces-pt200array_pt203_r1_7536312_11-55cebeeb54,2026-05-03T06:54:41.228Z,7.721,0,67.76,345,0,0,,,,
powertraces-pt200array_pt203_r1_7536312_11-55cebeeb54,2026-05-03T06:54:41.228Z,7.721,1,67.79,345,0,0,,,,
powertraces-pt200array_pt203_r1_7536312_11-55cebeeb54,2026-05-03T06:54:41.228Z,7.721,2,69.11,345,0,0,,,,
powertraces-pt200array_pt203_r1_7536312_11-55cebeeb54,2026-05-03T06:54:41.228Z,7.721,3,68.53,345,0,0,,,,
powertraces-pt200array_pt203_r1_7536312_11-55cebeeb54,2026-05-03T06:54:41.328Z,7.821,0,67.76,345,0,0,,,,
powertraces-pt200array_pt203_r1_7536312_11-55cebeeb54,2026-05-03T06:54:41.328Z,7.821,1,67.82,345,0,0,,,,
powertraces-pt200array_pt203_r1_7536312_11-55cebeeb54,2026-05-03T06:54:41.328Z,7.821,2,69.12,345,0,0,,,,
powertraces-pt200array_pt203_r1_7536312_11-55cebeeb54,2026-05-03T06:54:41.328Z,7.821,3,68.54,345,0,0,,,,
powertraces-pt200array_pt203_r1_7536312_11-55cebeeb54,2026-05-03T06:54:41.428Z,7.921,0,67.75,345,0,0,,,,
powertraces-pt200array_pt203_r1_7536312_11-55cebeeb54,2026-05-03T06:54:41.428Z,7.921,1,67.79,345,0,0,,,,
powertraces-pt200array_pt203_r1_7536312_11-55cebeeb54,2026-05-03T06:54:41.428Z,7.921,2,69.12,345,0,0,,,,
powertraces-pt200array_pt203_r1_7536312_11-55cebeeb54,2026-05-03T06:54:41.428Z,7.921,3,68.53,345,0,0,,,,
powertraces-pt200array_pt203_r1_7536312_11-55cebeeb54,2026-05-03T06:54:41.528Z,8.021,0,67.76,345,0,0,,,,
powertraces-pt200array_pt203_r1_7536312_11-55cebeeb54,2026-05-03T06:54:41.529Z,8.022,1,67.76,345,0,0,,,,
powertraces-pt200array_pt203_r1_7536312_11-55cebeeb54,2026-05-03T06:54:41.529Z,8.022,2,69.15,345,0,0,,,,
powertraces-pt200array_pt203_r1_7536312_11-55cebeeb54,2026-05-03T06:54:41.529Z,8.022,3,68.54,345,0,0,,,,
powertraces-pt200array_pt203_r1_7536312_11-55cebeeb54,2026-05-03T06:54:41.629Z,8.122,0,67.74,345,0,0,,,,
powertraces-pt200array_pt203_r1_7536312_11-55cebeeb54,2026-05-03T06:54:41.629Z,8.122,1,67.75,345,0,0,,,,
powertraces-pt200array_pt203_r1_7536312_11-55cebeeb54,2026-05-03T06:54:41.629Z,8.122,2,69.12,345,0,0,,,,
powertraces-pt200array_pt203_r1_7536312_11-55cebeeb54,2026-05-03T06:54:41.629Z,8.122,3,68.54,345,0,0,,,,
powertraces-pt200array_pt203_r1_7536312_11-55cebeeb54,2026-05-03T06:54:41.729Z,8.222,0,67.72,345,0,0,,,,
powertraces-pt200array_pt203_r1_7536312_11-55cebeeb54,2026-05-03T06:54:41.729Z,8.222,1,67.73,345,0,0,,,,
powertraces-pt200array_pt203_r1_7536312_11-55cebeeb54,2026-05-03T06:54:41.729Z,8.222,2,69.16,345,0,0,,,,
powertraces-pt200array_pt203_r1_7536312_11-55cebeeb54,2026-05-03T06:54:41.729Z,8.222,3,68.54,345,0,0,,,,
powertraces-pt200array_pt203_r1_7536312_11-55cebeeb54,2026-05-03T06:54:41.829Z,8.322,0,67.71,345,0,0,,,,
powertraces-pt200array_pt203_r1_7536312_11-55cebeeb54,2026-05-03T06:54:41.829Z,8.322,1,67.74,345,0,0,,,,
powertraces-pt200array_pt203_r1_7536312_11-55cebeeb54,2026-05-03T06:54:41.829Z,8.322,2,69.18,345,0,0,,,,
powertraces-pt200array_pt203_r1_7536312_11-55cebeeb54,2026-05-03T06:54:41.829Z,8.322,3,68.53,345,0,0,,,,
powertraces-pt200array_pt203_r1_7536312_11-55cebeeb54,2026-05-03T06:54:41.929Z,8.422,0,67.72,345,0,0,,,,
powertraces-pt200array_pt203_r1_7536312_11-55cebeeb54,2026-05-03T06:54:41.929Z,8.422,1,67.79,345,0,0,,,,
powertraces-pt200array_pt203_r1_7536312_11-55cebeeb54,2026-05-03T06:54:41.929Z,8.422,2,69.17,345,0,0,,,,
powertraces-pt200array_pt203_r1_7536312_11-55cebeeb54,2026-05-03T06:54:41.929Z,8.422,3,68.54,345,0,0,,,,
powertraces-pt200array_pt203_r1_7536312_11-55cebeeb54,2026-05-03T06:54:42.029Z,8.522,0,67.71,345,0,0,,,,
powertraces-pt200array_pt203_r1_7536312_11-55cebeeb54,2026-05-03T06:54:42.03Z,8.523,1,67.84,345,0,0,,,,
powertraces-pt200array_pt203_r1_7536312_11-55cebeeb54,2026-05-03T06:54:42.03Z,8.523,2,69.19,345,0,0,,,,
powertraces-pt200array_pt203_r1_7536312_11-55cebeeb54,2026-05-03T06:54:42.03Z,8.523,3,68.53,345,0,0,,,,
powertraces-pt200array_pt203_r1_7536312_11-55cebeeb54,2026-05-03T06:54:42.13Z,8.623,0,67.73,345,0,0,,,,
powertraces-pt200array_pt203_r1_7536312_11-55cebeeb54,2026-05-03T06:54:42.13Z,8.623,1,67.82,345,0,0,,,,
powertraces-pt200array_pt203_r1_7536312_11-55cebeeb54,2026-05-03T06:54:42.13Z,8.623,2,69.2,345,0,0,,,,
powertraces-pt200array_pt203_r1_7536312_11-55cebeeb54,2026-05-03T06:54:42.13Z,8.623,3,68.52,345,0,0,,,,
powertraces-pt200array_pt203_r1_7536312_11-55cebeeb54,2026-05-03T06:54:42.23Z,8.723,0,67.73,345,0,0,,,,
powertraces-pt200array_pt203_r1_7536312_11-55cebeeb54,2026-05-03T06:54:42.23Z,8.723,1,67.82,345,0,0,,,,
powertraces-pt200array_pt203_r1_7536312_11-55cebeeb54,2026-05-03T06:54:42.23Z,8.723,2,69.25,345,0,0,,,,
powertraces-pt200array_pt203_r1_7536312_11-55cebeeb54,2026-05-03T06:54:42.23Z,8.723,3,68.53,345,0,0,,,,
powertraces-pt200array_pt203_r1_7536312_11-55cebeeb54,2026-05-03T06:54:42.33Z,8.823,0,67.75,345,0,0,,,,
powertraces-pt200array_pt203_r1_7536312_11-55cebeeb54,2026-05-03T06:54:42.33Z,8.823,1,67.79,345,0,0,,,,
powertraces-pt200array_pt203_r1_7536312_11-55cebeeb54,2026-05-03T06:54:42.33Z,8.823,2,69.21,345,0,0,,,,
powertraces-pt200array_pt203_r1_7536312_11-55cebeeb54,2026-05-03T06:54:42.33Z,8.823,3,68.5,345,0,0,,,,
powertraces-pt200array_pt203_r1_7536312_11-55cebeeb54,2026-05-03T06:54:42.43Z,8.923,0,67.76,345,0,0,,,,
powertraces-pt200array_pt203_r1_7536312_11-55cebeeb54,2026-05-03T06:54:42.43Z,8.923,1,67.77,345,0,0,,,,
powertraces-pt200array_pt203_r1_7536312_11-55cebeeb54,2026-05-03T06:54:42.43Z,8.923,2,69.2,345,0,0,,,,
powertraces-pt200array_pt203_r1_7536312_11-55cebeeb54,2026-05-03T06:54:42.43Z,8.923,3,68.53,345,0,0,,,,
powertraces-pt200array_pt203_r1_7536312_11-55cebeeb54,2026-05-03T06:54:42.53Z,9.023,0,67.77,345,0,0,,,,
powertraces-pt200array_pt203_r1_7536312_11-55cebeeb54,2026-05-03T06:54:42.53Z,9.023,1,67.8,345,0,0,,,,
powertraces-pt200array_pt203_r1_7536312_11-55cebeeb54,2026-05-03T06:54:42.53Z,9.023,2,69.19,345,0,0,,,,
powertraces-pt200array_pt203_r1_7536312_11-55cebeeb54,2026-05-03T06:54:42.53Z,9.023,3,68.53,345,0,0,,,,
powertraces-pt200array_pt203_r1_7536312_11-55cebeeb54,2026-05-03T06:54:42.631Z,9.124,0,67.77,345,0,0,,,,
powertraces-pt200array_pt203_r1_7536312_11-55cebeeb54,2026-05-03T06:54:42.631Z,9.124,1,67.79,345,0,0,,,,
powertraces-pt200array_pt203_r1_7536312_11-55cebeeb54,2026-05-03T06:54:42.631Z,9.124,2,69.21,345,0,0,,,,
powertraces-pt200array_pt203_r1_7536312_11-55cebeeb54,2026-05-03T06:54:42.631Z,9.124,3,68.53,345,0,0,,,,
powertraces-pt200array_pt203_r1_7536312_11-55cebeeb54,2026-05-03T06:54:42.731Z,9.224,0,67.78,345,0,0,,,,
powertraces-pt200array_pt203_r1_7536312_11-55cebeeb54,2026-05-03T06:54:42.731Z,9.224,1,67.78,345,0,0,,,,
powertraces-pt200array_pt203_r1_7536312_11-55cebeeb54,2026-05-03T06:54:42.731Z,9.224,2,69.19,345,0,0,,,,
powertraces-pt200array_pt203_r1_7536312_11-55cebeeb54,2026-05-03T06:54:42.731Z,9.224,3,68.54,345,0,0,,,,
powertraces-pt200array_pt203_r1_7536312_11-55cebeeb54,2026-05-03T06:54:42.831Z,9.324,0,67.79,345,0,0,,,,
powertraces-pt200array_pt203_r1_7536312_11-55cebeeb54,2026-05-03T06:54:42.831Z,9.324,1,67.77,345,0,0,,,,
powertraces-pt200array_pt203_r1_7536312_11-55cebeeb54,2026-05-03T06:54:42.831Z,9.324,2,69.19,345,0,0,,,,
powertraces-pt200array_pt203_r1_7536312_11-55cebeeb54,2026-05-03T06:54:42.831Z,9.324,3,68.54,345,0,0,,,,
powertraces-pt200array_pt203_r1_7536312_11-55cebeeb54,2026-05-03T06:54:42.931Z,9.424,0,67.8,345,0,0,,,,
powertraces-pt200array_pt203_r1_7536312_11-55cebeeb54,2026-05-03T06:54:42.931Z,9.424,1,67.73,345,0,0,,,,
powertraces-pt200array_pt203_r1_7536312_11-55cebeeb54,2026-05-03T06:54:42.931Z,9.424,2,69.19,345,0,0,,,,
powertraces-pt200array_pt203_r1_7536312_11-55cebeeb54,2026-05-03T06:54:42.931Z,9.424,3,68.55,345,0,0,,,,
powertraces-pt200array_pt203_r1_7536312_11-55cebeeb54,2026-05-03T06:54:43.031Z,9.524,0,67.81,345,0,0,,,,
powertraces-pt200array_pt203_r1_7536312_11-55cebeeb54,2026-05-03T06:54:43.031Z,9.524,1,67.76,345,0,0,,,,
powertraces-pt200array_pt203_r1_7536312_11-55cebeeb54,2026-05-03T06:54:43.031Z,9.524,2,69.17,345,0,0,,,,
powertraces-pt200array_pt203_r1_7536312_11-55cebeeb54,2026-05-03T06:54:43.031Z,9.524,3,68.55,345,0,0,,,,
powertraces-pt200array_pt203_r1_7536312_11-55cebeeb54,2026-05-03T06:54:43.132Z,9.625,0,67.82,345,0,0,,,,
powertraces-pt200array_pt203_r1_7536312_11-55cebeeb54,2026-05-03T06:54:43.132Z,9.625,1,67.72,345,0,0,,,,
powertraces-pt200array_pt203_r1_7536312_11-55cebeeb54,2026-05-03T06:54:43.132Z,9.625,2,69.17,345,0,0,,,,
powertraces-pt200array_pt203_r1_7536312_11-55cebeeb54,2026-05-03T06:54:43.132Z,9.625,3,68.54,345,0,0,,,,
powertraces-pt200array_pt203_r1_7536312_11-55cebeeb54,2026-05-03T06:54:43.232Z,9.725,0,67.83,345,0,0,,,,
powertraces-pt200array_pt203_r1_7536312_11-55cebeeb54,2026-05-03T06:54:43.232Z,9.725,1,67.71,345,0,0,,,,
powertraces-pt200array_pt203_r1_7536312_11-55cebeeb54,2026-05-03T06:54:43.232Z,9.725,2,69.15,345,0,0,,,,
powertraces-pt200array_pt203_r1_7536312_11-55cebeeb54,2026-05-03T06:54:43.232Z,9.725,3,68.55,345,0,0,,,,
powertraces-pt200array_pt203_r1_7536312_11-55cebeeb54,2026-05-03T06:54:43.332Z,9.825,0,67.81,345,0,0,,,,
powertraces-pt200array_pt203_r1_7536312_11-55cebeeb54,2026-05-03T06:54:43.332Z,9.825,1,67.74,345,0,0,,,,
powertraces-pt200array_pt203_r1_7536312_11-55cebeeb54,2026-05-03T06:54:43.332Z,9.825,2,69.16,345,0,0,,,,
powertraces-pt200array_pt203_r1_7536312_11-55cebeeb54,2026-05-03T06:54:43.332Z,9.825,3,68.54,345,0,0,,,,
powertraces-pt200array_pt203_r1_7536312_11-55cebeeb54,2026-05-03T06:54:43.432Z,9.925,0,67.81,345,0,0,,,,
powertraces-pt200array_pt203_r1_7536312_11-55cebeeb54,2026-05-03T06:54:43.432Z,9.925,1,67.77,345,0,0,,,,
powertraces-pt200array_pt203_r1_7536312_11-55cebeeb54,2026-05-03T06:54:43.432Z,9.925,2,69.16,345,0,0,,,,
powertraces-pt200array_pt203_r1_7536312_11-55cebeeb54,2026-05-03T06:54:43.432Z,9.925,3,68.52,345,0,0,,,,
powertraces-pt200array_pt203_r1_7536312_11-55cebeeb54,2026-05-03T06:54:43.532Z,10.025,0,67.79,345,0,0,,,,
powertraces-pt200array_pt203_r1_7536312_11-55cebeeb54,2026-05-03T06:54:43.532Z,10.025,1,67.78,345,0,0,,,,
powertraces-pt200array_pt203_r1_7536312_11-55cebeeb54,2026-05-03T06:54:43.532Z,10.025,2,69.17,345,0,0,,,,
powertraces-pt200array_pt203_r1_7536312_11-55cebeeb54,2026-05-03T06:54:43.532Z,10.025,3,68.52,345,0,0,,,,
powertraces-pt200array_pt203_r1_7536312_11-55cebeeb54,2026-05-03T06:54:43.633Z,10.126,0,67.79,345,0,0,,,,
powertraces-pt200array_pt203_r1_7536312_11-55cebeeb54,2026-05-03T06:54:43.633Z,10.126,1,67.78,345,0,0,,,,
powertraces-pt200array_pt203_r1_7536312_11-55cebeeb54,2026-05-03T06:54:43.633Z,10.126,2,69.18,345,0,0,,,,
powertraces-pt200array_pt203_r1_7536312_11-55cebeeb54,2026-05-03T06:54:43.633Z,10.126,3,68.51,345,0,0,,,,
powertraces-pt200array_pt203_r1_7536312_11-55cebeeb54,2026-05-03T06:54:43.733Z,10.226,0,67.79,345,0,0,,,,
powertraces-pt200array_pt203_r1_7536312_11-55cebeeb54,2026-05-03T06:54:43.733Z,10.226,1,67.79,345,0,0,,,,
powertraces-pt200array_pt203_r1_7536312_11-55cebeeb54,2026-05-03T06:54:43.733Z,10.226,2,69.16,345,0,0,,,,
powertraces-pt200array_pt203_r1_7536312_11-55cebeeb54,2026-05-03T06:54:43.733Z,10.226,3,68.51,345,0,0,,,,
powertraces-pt200array_pt203_r1_7536312_11-55cebeeb54,2026-05-03T06:54:43.833Z,10.326,0,67.78,345,0,0,,,,
powertraces-pt200array_pt203_r1_7536312_11-55cebeeb54,2026-05-03T06:54:43.833Z,10.326,1,67.77,345,0,0,,,,
powertraces-pt200array_pt203_r1_7536312_11-55cebeeb54,2026-05-03T06:54:43.833Z,10.326,2,69.15,345,0,0,,,,
powertraces-pt200array_pt203_r1_7536312_11-55cebeeb54,2026-05-03T06:54:43.833Z,10.326,3,68.52,345,0,0,,,,
powertraces-pt200array_pt203_r1_7536312_11-55cebeeb54,2026-05-03T06:54:43.933Z,10.426,0,67.79,345,0,0,,,,
powertraces-pt200array_pt203_r1_7536312_11-55cebeeb54,2026-05-03T06:54:43.933Z,10.426,1,67.82,345,0,0,,,,
powertraces-pt200array_pt203_r1_7536312_11-55cebeeb54,2026-05-03T06:54:43.933Z,10.426,2,69.17,345,0,0,,,,
powertraces-pt200array_pt203_r1_7536312_11-55cebeeb54,2026-05-03T06:54:43.933Z,10.426,3,68.54,345,0,0,,,,
powertraces-pt200array_pt203_r1_7536312_11-55cebeeb54,2026-05-03T06:54:44.033Z,10.526,0,67.79,345,0,0,,,,
powertraces-pt200array_pt203_r1_7536312_11-55cebeeb54,2026-05-03T06:54:44.033Z,10.526,1,67.82,345,0,0,,,,
powertraces-pt200array_pt203_r1_7536312_11-55cebeeb54,2026-05-03T06:54:44.033Z,10.526,2,69.22,345,0,0,,,,
powertraces-pt200array_pt203_r1_7536312_11-55cebeeb54,2026-05-03T06:54:44.033Z,10.526,3,68.54,345,0,0,,,,
powertraces-pt200array_pt203_r1_7536312_11-55cebeeb54,2026-05-03T06:54:44.133Z,10.626,0,67.8,345,0,0,,,,
powertraces-pt200array_pt203_r1_7536312_11-55cebeeb54,2026-05-03T06:54:44.134Z,10.627,1,67.88,345,0,0,,,,
powertraces-pt200array_pt203_r1_7536312_11-55cebeeb54,2026-05-03T06:54:44.134Z,10.627,2,69.21,345,0,0,,,,
powertraces-pt200array_pt203_r1_7536312_11-55cebeeb54,2026-05-03T06:54:44.134Z,10.627,3,68.56,345,0,0,,,,
powertraces-pt200array_pt203_r1_7536312_11-55cebeeb54,2026-05-03T06:54:44.234Z,10.727,0,67.78,345,0,0,,,,
powertraces-pt200array_pt203_r1_7536312_11-55cebeeb54,2026-05-03T06:54:44.234Z,10.727,1,67.89,345,0,0,,,,
powertraces-pt200array_pt203_r1_7536312_11-55cebeeb54,2026-05-03T06:54:44.234Z,10.727,2,69.21,345,0,0,,,,
powertraces-pt200array_pt203_r1_7536312_11-55cebeeb54,2026-05-03T06:54:44.234Z,10.727,3,68.54,345,0,0,,,,
powertraces-pt200array_pt203_r1_7536312_11-55cebeeb54,2026-05-03T06:54:44.334Z,10.827,0,67.78,345,0,0,,,,
powertraces-pt200array_pt203_r1_7536312_11-55cebeeb54,2026-05-03T06:54:44.334Z,10.827,1,67.89,345,0,0,,,,
powertraces-pt200array_pt203_r1_7536312_11-55cebeeb54,2026-05-03T06:54:44.334Z,10.827,2,69.19,345,0,0,,,,
powertraces-pt200array_pt203_r1_7536312_11-55cebeeb54,2026-05-03T06:54:44.334Z,10.827,3,68.55,345,0,0,,,,
powertraces-pt200array_pt203_r1_7536312_11-55cebeeb54,2026-05-03T06:54:44.434Z,10.927,0,67.77,345,0,0,,,,
powertraces-pt200array_pt203_r1_7536312_11-55cebeeb54,2026-05-03T06:54:44.434Z,10.927,1,67.86,345,0,0,,,,
powertraces-pt200array_pt203_r1_7536312_11-55cebeeb54,2026-05-03T06:54:44.434Z,10.927,2,69.17,345,0,0,,,,
powertraces-pt200array_pt203_r1_7536312_11-55cebeeb54,2026-05-03T06:54:44.434Z,10.927,3,68.55,345,0,0,,,,
powertraces-pt200array_pt203_r1_7536312_11-55cebeeb54,2026-05-03T06:54:44.534Z,11.027,0,67.78,345,0,0,,,,
powertraces-pt200array_pt203_r1_7536312_11-55cebeeb54,2026-05-03T06:54:44.534Z,11.027,1,67.85,345,0,0,,,,
powertraces-pt200array_pt203_r1_7536312_11-55cebeeb54,2026-05-03T06:54:44.534Z,11.027,2,69.14,345,0,0,,,,
powertraces-pt200array_pt203_r1_7536312_11-55cebeeb54,2026-05-03T06:54:44.534Z,11.027,3,68.57,345,0,0,,,,
powertraces-pt200array_pt203_r1_7536312_11-55cebeeb54,2026-05-03T06:54:44.634Z,11.127,0,67.77,345,0,0,,,,
powertraces-pt200array_pt203_r1_7536312_11-55cebeeb54,2026-05-03T06:54:44.634Z,11.127,1,67.85,345,0,0,,,,
powertraces-pt200array_pt203_r1_7536312_11-55cebeeb54,2026-05-03T06:54:44.635Z,11.128,2,69.18,345,0,0,,,,
powertraces-pt200array_pt203_r1_7536312_11-55cebeeb54,2026-05-03T06:54:44.635Z,11.128,3,68.57,345,0,0,,,,
powertraces-pt200array_pt203_r1_7536312_11-55cebeeb54,2026-05-03T06:54:44.735Z,11.228,0,67.78,345,0,0,,,,
powertraces-pt200array_pt203_r1_7536312_11-55cebeeb54,2026-05-03T06:54:44.735Z,11.228,1,67.84,345,0,0,,,,
powertraces-pt200array_pt203_r1_7536312_11-55cebeeb54,2026-05-03T06:54:44.735Z,11.228,2,69.17,345,0,0,,,,
powertraces-pt200array_pt203_r1_7536312_11-55cebeeb54,2026-05-03T06:54:44.735Z,11.228,3,68.57,345,0,0,,,,
powertraces-pt200array_pt203_r1_7536312_11-55cebeeb54,2026-05-03T06:54:44.835Z,11.328,0,67.79,345,0,0,,,,
powertraces-pt200array_pt203_r1_7536312_11-55cebeeb54,2026-05-03T06:54:44.835Z,11.328,1,67.8,345,0,0,,,,
powertraces-pt200array_pt203_r1_7536312_11-55cebeeb54,2026-05-03T06:54:44.835Z,11.328,2,69.16,345,0,0,,,,
powertraces-pt200array_pt203_r1_7536312_11-55cebeeb54,2026-05-03T06:54:44.835Z,11.328,3,68.56,345,0,0,,,,
powertraces-pt200array_pt203_r1_7536312_11-55cebeeb54,2026-05-03T06:54:44.935Z,11.428,0,67.78,345,0,0,,,,
powertraces-pt200array_pt203_r1_7536312_11-55cebeeb54,2026-05-03T06:54:44.935Z,11.428,1,67.76,345,0,0,,,,
powertraces-pt200array_pt203_r1_7536312_11-55cebeeb54,2026-05-03T06:54:44.935Z,11.428,2,69.12,345,0,0,,,,
powertraces-pt200array_pt203_r1_7536312_11-55cebeeb54,2026-05-03T06:54:44.935Z,11.428,3,68.56,345,0,0,,,,
powertraces-pt200array_pt203_r1_7536312_11-55cebeeb54,2026-05-03T06:54:45.035Z,11.528,0,67.76,345,0,0,,,,
powertraces-pt200array_pt203_r1_7536312_11-55cebeeb54,2026-05-03T06:54:45.035Z,11.528,1,67.78,345,0,0,,,,
powertraces-pt200array_pt203_r1_7536312_11-55cebeeb54,2026-05-03T06:54:45.035Z,11.528,2,69.09,345,0,0,,,,
powertraces-pt200array_pt203_r1_7536312_11-55cebeeb54,2026-05-03T06:54:45.035Z,11.528,3,68.57,345,0,0,,,,
powertraces-pt200array_pt203_r1_7536312_11-55cebeeb54,2026-05-03T06:54:45.135Z,11.628,0,67.75,345,0,0,,,,
powertraces-pt200array_pt203_r1_7536312_11-55cebeeb54,2026-05-03T06:54:45.135Z,11.628,1,67.78,345,0,0,,,,
powertraces-pt200array_pt203_r1_7536312_11-55cebeeb54,2026-05-03T06:54:45.135Z,11.628,2,69.08,345,0,0,,,,
powertraces-pt200array_pt203_r1_7536312_11-55cebeeb54,2026-05-03T06:54:45.135Z,11.628,3,68.56,345,0,0,,,,
powertraces-pt200array_pt203_r1_7536312_11-55cebeeb54,2026-05-03T06:54:45.236Z,11.729,0,67.74,345,0,0,,,,
powertraces-pt200array_pt203_r1_7536312_11-55cebeeb54,2026-05-03T06:54:45.236Z,11.729,1,67.79,345,0,0,,,,
powertraces-pt200array_pt203_r1_7536312_11-55cebeeb54,2026-05-03T06:54:45.236Z,11.729,2,69.07,345,0,0,,,,
powertraces-pt200array_pt203_r1_7536312_11-55cebeeb54,2026-05-03T06:54:45.236Z,11.729,3,68.54,345,0,0,,,,
powertraces-pt200array_pt203_r1_7536312_11-55cebeeb54,2026-05-03T06:54:45.336Z,11.829,0,67.76,345,0,0,,,,
powertraces-pt200array_pt203_r1_7536312_11-55cebeeb54,2026-05-03T06:54:45.336Z,11.829,1,67.82,345,0,0,,,,
powertraces-pt200array_pt203_r1_7536312_11-55cebeeb54,2026-05-03T06:54:45.336Z,11.829,2,69.11,345,0,0,,,,
powertraces-pt200array_pt203_r1_7536312_11-55cebeeb54,2026-05-03T06:54:45.336Z,11.829,3,68.55,345,0,0,,,,
powertraces-pt200array_pt203_r1_7536312_11-55cebeeb54,2026-05-03T06:54:45.436Z,11.929,0,67.76,345,0,0,,,,
powertraces-pt200array_pt203_r1_7536312_11-55cebeeb54,2026-05-03T06:54:45.436Z,11.929,1,67.78,345,0,0,,,,
powertraces-pt200array_pt203_r1_7536312_11-55cebeeb54,2026-05-03T06:54:45.436Z,11.929,2,69.12,345,0,0,,,,
powertraces-pt200array_pt203_r1_7536312_11-55cebeeb54,2026-05-03T06:54:45.436Z,11.929,3,68.56,345,0,0,,,,
powertraces-pt200array_pt203_r1_7536312_11-55cebeeb54,2026-05-03T06:54:45.536Z,12.029,0,67.75,345,0,0,,,,
powertraces-pt200array_pt203_r1_7536312_11-55cebeeb54,2026-05-03T06:54:45.536Z,12.029,1,67.76,345,0,0,,,,
powertraces-pt200array_pt203_r1_7536312_11-55cebeeb54,2026-05-03T06:54:45.536Z,12.029,2,69.14,345,0,0,,,,
powertraces-pt200array_pt203_r1_7536312_11-55cebeeb54,2026-05-03T06:54:45.536Z,12.029,3,68.56,345,0,0,,,,
powertraces-pt200array_pt203_r1_7536312_11-55cebeeb54,2026-05-03T06:54:45.636Z,12.129,0,67.76,345,0,0,,,,
powertraces-pt200array_pt203_r1_7536312_11-55cebeeb54,2026-05-03T06:54:45.636Z,12.129,1,67.77,345,0,0,,,,
powertraces-pt200array_pt203_r1_7536312_11-55cebeeb54,2026-05-03T06:54:45.636Z,12.129,2,69.12,345,0,0,,,,
powertraces-pt200array_pt203_r1_7536312_11-55cebeeb54,2026-05-03T06:54:45.636Z,12.129,3,68.57,345,0,0,,,,
powertraces-pt200array_pt203_r1_7536312_11-55cebeeb54,2026-05-03T06:54:45.737Z,12.23,0,67.74,345,0,0,,,,
powertraces-pt200array_pt203_r1_7536312_11-55cebeeb54,2026-05-03T06:54:45.737Z,12.23,1,67.81,345,0,0,,,,
powertraces-pt200array_pt203_r1_7536312_11-55cebeeb54,2026-05-03T06:54:45.737Z,12.23,2,69.12,345,0,0,,,,
powertraces-pt200array_pt203_r1_7536312_11-55cebeeb54,2026-05-03T06:54:45.737Z,12.23,3,68.56,345,0,0,,,,
powertraces-pt200array_pt203_r1_7536312_11-55cebeeb54,2026-05-03T06:54:45.837Z,12.33,0,67.75,345,0,0,,,,
powertraces-pt200array_pt203_r1_7536312_11-55cebeeb54,2026-05-03T06:54:45.837Z,12.33,1,67.82,345,0,0,,,,
powertraces-pt200array_pt203_r1_7536312_11-55cebeeb54,2026-05-03T06:54:45.837Z,12.33,2,69.12,345,0,0,,,,
powertraces-pt200array_pt203_r1_7536312_11-55cebeeb54,2026-05-03T06:54:45.837Z,12.33,3,68.55,345,0,0,,,,
powertraces-pt200array_pt203_r1_7536312_11-55cebeeb54,2026-05-03T06:54:45.937Z,12.43,0,67.75,345,0,0,,,,
powertraces-pt200array_pt203_r1_7536312_11-55cebeeb54,2026-05-03T06:54:45.937Z,12.43,1,67.86,345,0,0,,,,
powertraces-pt200array_pt203_r1_7536312_11-55cebeeb54,2026-05-03T06:54:45.937Z,12.43,2,69.14,345,0,0,,,,
powertraces-pt200array_pt203_r1_7536312_11-55cebeeb54,2026-05-03T06:54:45.937Z,12.43,3,68.54,345,0,0,,,,
powertraces-pt200array_pt203_r1_7536312_11-55cebeeb54,2026-05-03T06:54:46.037Z,12.53,0,67.76,345,0,0,,,,
powertraces-pt200array_pt203_r1_7536312_11-55cebeeb54,2026-05-03T06:54:46.037Z,12.53,1,67.87,345,0,0,,,,
powertraces-pt200array_pt203_r1_7536312_11-55cebeeb54,2026-05-03T06:54:46.037Z,12.53,2,69.14,345,0,0,,,,
powertraces-pt200array_pt203_r1_7536312_11-55cebeeb54,2026-05-03T06:54:46.037Z,12.53,3,68.53,345,0,0,,,,
powertraces-pt200array_pt203_r1_7536312_11-55cebeeb54,2026-05-03T06:54:46.137Z,12.63,0,67.77,345,0,0,,,,
powertraces-pt200array_pt203_r1_7536312_11-55cebeeb54,2026-05-03T06:54:46.137Z,12.63,1,67.85,345,0,0,,,,
powertraces-pt200array_pt203_r1_7536312_11-55cebeeb54,2026-05-03T06:54:46.137Z,12.63,2,69.14,345,0,0,,,,
powertraces-pt200array_pt203_r1_7536312_11-55cebeeb54,2026-05-03T06:54:46.137Z,12.63,3,68.51,345,0,0,,,,
powertraces-pt200array_pt203_r1_7536312_11-55cebeeb54,2026-05-03T06:54:46.237Z,12.73,0,67.79,345,0,0,,,,
powertraces-pt200array_pt203_r1_7536312_11-55cebeeb54,2026-05-03T06:54:46.238Z,12.731,1,67.84,345,0,0,,,,
powertraces-pt200array_pt203_r1_7536312_11-55cebeeb54,2026-05-03T06:54:46.238Z,12.731,2,69.13,345,0,0,,,,
powertraces-pt200array_pt203_r1_7536312_11-55cebeeb54,2026-05-03T06:54:46.238Z,12.731,3,68.5,345,0,0,,,,
powertraces-pt200array_pt203_r1_7536312_11-55cebeeb54,2026-05-03T06:54:46.338Z,12.831,0,67.8,345,0,0,,,,
powertraces-pt200array_pt203_r1_7536312_11-55cebeeb54,2026-05-03T06:54:46.338Z,12.831,1,67.84,345,0,0,,,,
powertraces-pt200array_pt203_r1_7536312_11-55cebeeb54,2026-05-03T06:54:46.338Z,12.831,2,69.13,345,0,0,,,,
powertraces-pt200array_pt203_r1_7536312_11-55cebeeb54,2026-05-03T06:54:46.338Z,12.831,3,68.49,345,0,0,,,,
powertraces-pt200array_pt203_r1_7536312_11-55cebeeb54,2026-05-03T06:54:46.438Z,12.931,0,67.8,345,0,0,,,,
powertraces-pt200array_pt203_r1_7536312_11-55cebeeb54,2026-05-03T06:54:46.438Z,12.931,1,67.88,345,0,0,,,,
powertraces-pt200array_pt203_r1_7536312_11-55cebeeb54,2026-05-03T06:54:46.438Z,12.931,2,69.14,345,0,0,,,,
powertraces-pt200array_pt203_r1_7536312_11-55cebeeb54,2026-05-03T06:54:46.438Z,12.931,3,68.48,345,0,0,,,,
powertraces-pt200array_pt203_r1_7536312_11-55cebeeb54,2026-05-03T06:54:46.538Z,13.031,0,67.81,345,0,0,,,,
powertraces-pt200array_pt203_r1_7536312_11-55cebeeb54,2026-05-03T06:54:46.538Z,13.031,1,67.89,345,0,0,,,,
powertraces-pt200array_pt203_r1_7536312_11-55cebeeb54,2026-05-03T06:54:46.538Z,13.031,2,69.16,345,0,0,,,,
powertraces-pt200array_pt203_r1_7536312_11-55cebeeb54,2026-05-03T06:54:46.538Z,13.031,3,68.49,345,0,0,,,,
powertraces-pt200array_pt203_r1_7536312_11-55cebeeb54,2026-05-03T06:54:46.638Z,13.131,0,67.8,345,0,0,,,,
powertraces-pt200array_pt203_r1_7536312_11-55cebeeb54,2026-05-03T06:54:46.638Z,13.131,1,67.89,345,0,0,,,,
powertraces-pt200array_pt203_r1_7536312_11-55cebeeb54,2026-05-03T06:54:46.638Z,13.131,2,69.17,345,0,0,,,,
powertraces-pt200array_pt203_r1_7536312_11-55cebeeb54,2026-05-03T06:54:46.638Z,13.131,3,68.48,345,0,0,,,,
powertraces-pt200array_pt203_r1_7536312_11-55cebeeb54,2026-05-03T06:54:46.738Z,13.231,0,67.8,345,0,0,,,,
powertraces-pt200array_pt203_r1_7536312_11-55cebeeb54,2026-05-03T06:54:46.739Z,13.232,1,67.85,345,0,0,,,,
powertraces-pt200array_pt203_r1_7536312_11-55cebeeb54,2026-05-03T06:54:46.739Z,13.232,2,69.17,345,0,0,,,,
powertraces-pt200array_pt203_r1_7536312_11-55cebeeb54,2026-05-03T06:54:46.739Z,13.232,3,68.46,345,0,0,,,,
powertraces-pt200array_pt203_r1_7536312_11-55cebeeb54,2026-05-03T06:54:46.839Z,13.332,0,67.78,345,0,0,,,,
powertraces-pt200array_pt203_r1_7536312_11-55cebeeb54,2026-05-03T06:54:46.839Z,13.332,1,67.91,345,0,0,,,,
powertraces-pt200array_pt203_r1_7536312_11-55cebeeb54,2026-05-03T06:54:46.839Z,13.332,2,69.17,345,0,0,,,,
powertraces-pt200array_pt203_r1_7536312_11-55cebeeb54,2026-05-03T06:54:46.839Z,13.332,3,68.44,345,0,0,,,,
powertraces-pt200array_pt203_r1_7536312_11-55cebeeb54,2026-05-03T06:54:46.939Z,13.432,0,67.79,345,0,0,,,,
powertraces-pt200array_pt203_r1_7536312_11-55cebeeb54,2026-05-03T06:54:46.939Z,13.432,1,67.91,345,0,0,,,,
powertraces-pt200array_pt203_r1_7536312_11-55cebeeb54,2026-05-03T06:54:46.939Z,13.432,2,69.18,345,0,0,,,,
powertraces-pt200array_pt203_r1_7536312_11-55cebeeb54,2026-05-03T06:54:46.939Z,13.432,3,68.45,345,0,0,,,,
powertraces-pt200array_pt203_r1_7536312_11-55cebeeb54,2026-05-03T06:54:47.039Z,13.532,0,67.77,345,0,0,,,,
powertraces-pt200array_pt203_r1_7536312_11-55cebeeb54,2026-05-03T06:54:47.039Z,13.532,1,67.86,345,0,0,,,,
powertraces-pt200array_pt203_r1_7536312_11-55cebeeb54,2026-05-03T06:54:47.039Z,13.532,2,69.18,345,0,0,,,,
powertraces-pt200array_pt203_r1_7536312_11-55cebeeb54,2026-05-03T06:54:47.039Z,13.532,3,68.45,345,0,0,,,,
powertraces-pt200array_pt203_r1_7536312_11-55cebeeb54,2026-05-03T06:54:47.139Z,13.632,0,67.78,345,0,0,,,,
powertraces-pt200array_pt203_r1_7536312_11-55cebeeb54,2026-05-03T06:54:47.139Z,13.632,1,67.84,345,0,0,,,,
powertraces-pt200array_pt203_r1_7536312_11-55cebeeb54,2026-05-03T06:54:47.139Z,13.632,2,69.18,345,0,0,,,,
powertraces-pt200array_pt203_r1_7536312_11-55cebeeb54,2026-05-03T06:54:47.139Z,13.632,3,68.45,345,0,0,,,,
powertraces-pt200array_pt203_r1_7536312_11-55cebeeb54,2026-05-03T06:54:47.239Z,13.732,0,67.77,345,0,0,,,,
powertraces-pt200array_pt203_r1_7536312_11-55cebeeb54,2026-05-03T06:54:47.239Z,13.732,1,67.85,345,0,0,,,,
powertraces-pt200array_pt203_r1_7536312_11-55cebeeb54,2026-05-03T06:54:47.24Z,13.733,2,69.17,345,0,0,,,,
powertraces-pt200array_pt203_r1_7536312_11-55cebeeb54,2026-05-03T06:54:47.24Z,13.733,3,68.47,345,0,0,,,,
powertraces-pt200array_pt203_r1_7536312_11-55cebeeb54,2026-05-03T06:54:47.34Z,13.833,0,67.76,345,0,0,,,,
powertraces-pt200array_pt203_r1_7536312_11-55cebeeb54,2026-05-03T06:54:47.34Z,13.833,1,67.82,345,0,0,,,,
powertraces-pt200array_pt203_r1_7536312_11-55cebeeb54,2026-05-03T06:54:47.34Z,13.833,2,69.16,345,0,0,,,,
powertraces-pt200array_pt203_r1_7536312_11-55cebeeb54,2026-05-03T06:54:47.34Z,13.833,3,68.48,345,0,0,,,,
powertraces-pt200array_pt203_r1_7536312_11-55cebeeb54,2026-05-03T06:54:47.44Z,13.933,0,67.75,345,0,0,,,,
powertraces-pt200array_pt203_r1_7536312_11-55cebeeb54,2026-05-03T06:54:47.44Z,13.933,1,67.81,345,0,0,,,,
powertraces-pt200array_pt203_r1_7536312_11-55cebeeb54,2026-05-03T06:54:47.44Z,13.933,2,69.14,345,0,0,,,,
powertraces-pt200array_pt203_r1_7536312_11-55cebeeb54,2026-05-03T06:54:47.44Z,13.933,3,68.49,345,0,0,,,,
powertraces-pt200array_pt203_r1_7536312_11-55cebeeb54,2026-05-03T06:54:47.54Z,14.033,0,67.74,345,0,0,,,,
powertraces-pt200array_pt203_r1_7536312_11-55cebeeb54,2026-05-03T06:54:47.54Z,14.033,1,67.8,345,0,0,,,,
powertraces-pt200array_pt203_r1_7536312_11-55cebeeb54,2026-05-03T06:54:47.54Z,14.033,2,69.13,345,0,0,,,,
powertraces-pt200array_pt203_r1_7536312_11-55cebeeb54,2026-05-03T06:54:47.54Z,14.033,3,68.5,345,0,0,,,,
powertraces-pt200array_pt203_r1_7536312_11-55cebeeb54,2026-05-03T06:54:47.64Z,14.133,0,67.75,345,0,0,,,,
powertraces-pt200array_pt203_r1_7536312_11-55cebeeb54,2026-05-03T06:54:47.64Z,14.133,1,67.84,345,0,0,,,,
powertraces-pt200array_pt203_r1_7536312_11-55cebeeb54,2026-05-03T06:54:47.64Z,14.133,2,69.13,345,0,0,,,,
powertraces-pt200array_pt203_r1_7536312_11-55cebeeb54,2026-05-03T06:54:47.64Z,14.133,3,68.49,345,0,0,,,,
powertraces-pt200array_pt203_r1_7536312_11-55cebeeb54,2026-05-03T06:54:47.74Z,14.233,0,67.73,345,0,0,,,,
powertraces-pt200array_pt203_r1_7536312_11-55cebeeb54,2026-05-03T06:54:47.74Z,14.233,1,67.92,345,0,0,,,,
powertraces-pt200array_pt203_r1_7536312_11-55cebeeb54,2026-05-03T06:54:47.74Z,14.233,2,69.14,345,0,0,,,,
powertraces-pt200array_pt203_r1_7536312_11-55cebeeb54,2026-05-03T06:54:47.74Z,14.233,3,68.49,345,0,0,,,,
powertraces-pt200array_pt203_r1_7536312_11-55cebeeb54,2026-05-03T06:54:47.841Z,14.334,0,67.73,345,0,0,,,,
powertraces-pt200array_pt203_r1_7536312_11-55cebeeb54,2026-05-03T06:54:47.841Z,14.334,1,67.89,345,0,0,,,,
powertraces-pt200array_pt203_r1_7536312_11-55cebeeb54,2026-05-03T06:54:47.841Z,14.334,2,69.14,345,0,0,,,,
powertraces-pt200array_pt203_r1_7536312_11-55cebeeb54,2026-05-03T06:54:47.841Z,14.334,3,68.5,345,0,0,,,,
powertraces-pt200array_pt203_r1_7536312_11-55cebeeb54,2026-05-03T06:54:47.941Z,14.434,0,67.71,345,0,0,,,,
powertraces-pt200array_pt203_r1_7536312_11-55cebeeb54,2026-05-03T06:54:47.941Z,14.434,1,67.9,345,0,0,,,,
powertraces-pt200array_pt203_r1_7536312_11-55cebeeb54,2026-05-03T06:54:47.941Z,14.434,2,69.14,345,0,0,,,,
powertraces-pt200array_pt203_r1_7536312_11-55cebeeb54,2026-05-03T06:54:47.941Z,14.434,3,68.51,345,0,0,,,,
powertraces-pt200array_pt203_r1_7536312_11-55cebeeb54,2026-05-03T06:54:48.041Z,14.534,0,67.73,345,0,0,,,,
powertraces-pt200array_pt203_r1_7536312_11-55cebeeb54,2026-05-03T06:54:48.041Z,14.534,1,67.93,345,0,0,,,,
powertraces-pt200array_pt203_r1_7536312_11-55cebeeb54,2026-05-03T06:54:48.041Z,14.534,2,69.15,345,0,0,,,,
powertraces-pt200array_pt203_r1_7536312_11-55cebeeb54,2026-05-03T06:54:48.041Z,14.534,3,68.51,345,0,0,,,,
powertraces-pt200array_pt203_r1_7536312_11-55cebeeb54,2026-05-03T06:54:48.141Z,14.634,0,67.71,345,0,0,,,,
powertraces-pt200array_pt203_r1_7536312_11-55cebeeb54,2026-05-03T06:54:48.141Z,14.634,1,67.93,345,0,0,,,,
powertraces-pt200array_pt203_r1_7536312_11-55cebeeb54,2026-05-03T06:54:48.141Z,14.634,2,69.15,345,0,0,,,,
powertraces-pt200array_pt203_r1_7536312_11-55cebeeb54,2026-05-03T06:54:48.141Z,14.634,3,68.5,345,0,0,,,,
powertraces-pt200array_pt203_r1_7536312_11-55cebeeb54,2026-05-03T06:54:48.241Z,14.734,0,67.71,345,0,0,,,,
powertraces-pt200array_pt203_r1_7536312_11-55cebeeb54,2026-05-03T06:54:48.241Z,14.734,1,67.93,345,0,0,,,,
powertraces-pt200array_pt203_r1_7536312_11-55cebeeb54,2026-05-03T06:54:48.241Z,14.734,2,69.16,345,0,0,,,,
powertraces-pt200array_pt203_r1_7536312_11-55cebeeb54,2026-05-03T06:54:48.241Z,14.734,3,68.49,345,0,0,,,,
powertraces-pt200array_pt203_r1_7536312_11-55cebeeb54,2026-05-03T06:54:48.341Z,14.834,0,67.69,345,0,0,,,,
powertraces-pt200array_pt203_r1_7536312_11-55cebeeb54,2026-05-03T06:54:48.342Z,14.835,1,68.0,345,0,0,,,,
powertraces-pt200array_pt203_r1_7536312_11-55cebeeb54,2026-05-03T06:54:48.342Z,14.835,2,69.14,345,0,0,,,,
powertraces-pt200array_pt203_r1_7536312_11-55cebeeb54,2026-05-03T06:54:48.342Z,14.835,3,68.49,345,0,0,,,,
powertraces-pt200array_pt203_r1_7536312_11-55cebeeb54,2026-05-03T06:54:48.442Z,14.935,0,67.71,345,0,0,,,,
powertraces-pt200array_pt203_r1_7536312_11-55cebeeb54,2026-05-03T06:54:48.442Z,14.935,1,68.0,345,0,0,,,,
powertraces-pt200array_pt203_r1_7536312_11-55cebeeb54,2026-05-03T06:54:48.442Z,14.935,2,69.14,345,0,0,,,,
powertraces-pt200array_pt203_r1_7536312_11-55cebeeb54,2026-05-03T06:54:48.442Z,14.935,3,68.49,345,0,0,,,,
powertraces-pt200array_pt203_r1_7536312_11-55cebeeb54,2026-05-03T06:54:48.542Z,15.035,0,67.7,345,0,0,,,,
powertraces-pt200array_pt203_r1_7536312_11-55cebeeb54,2026-05-03T06:54:48.542Z,15.035,1,68.04,345,0,0,,,,
powertraces-pt200array_pt203_r1_7536312_11-55cebeeb54,2026-05-03T06:54:48.542Z,15.035,2,69.14,345,0,0,,,,
powertraces-pt200array_pt203_r1_7536312_11-55cebeeb54,2026-05-03T06:54:48.542Z,15.035,3,68.47,345,0,0,,,,
powertraces-pt200array_pt203_r1_7536312_11-55cebeeb54,2026-05-03T06:54:48.642Z,15.135,0,67.7,345,0,0,,,,
powertraces-pt200array_pt203_r1_7536312_11-55cebeeb54,2026-05-03T06:54:48.642Z,15.135,1,67.99,345,0,0,,,,
powertraces-pt200array_pt203_r1_7536312_11-55cebeeb54,2026-05-03T06:54:48.642Z,15.135,2,69.12,345,0,0,,,,
powertraces-pt200array_pt203_r1_7536312_11-55cebeeb54,2026-05-03T06:54:48.642Z,15.135,3,68.48,345,0,0,,,,
powertraces-pt200array_pt203_r1_7536312_11-55cebeeb54,2026-05-03T06:54:48.742Z,15.235,0,67.72,345,0,0,,,,
powertraces-pt200array_pt203_r1_7536312_11-55cebeeb54,2026-05-03T06:54:48.742Z,15.235,1,67.98,345,0,0,,,,
powertraces-pt200array_pt203_r1_7536312_11-55cebeeb54,2026-05-03T06:54:48.742Z,15.235,2,69.07,345,0,0,,,,
powertraces-pt200array_pt203_r1_7536312_11-55cebeeb54,2026-05-03T06:54:48.742Z,15.235,3,68.48,345,0,0,,,,
powertraces-pt200array_pt203_r1_7536312_11-55cebeeb54,2026-05-03T06:54:48.842Z,15.335,0,67.74,345,0,0,,,,
powertraces-pt200array_pt203_r1_7536312_11-55cebeeb54,2026-05-03T06:54:48.842Z,15.335,1,67.99,345,0,0,,,,
powertraces-pt200array_pt203_r1_7536312_11-55cebeeb54,2026-05-03T06:54:48.842Z,15.335,2,69.08,345,0,0,,,,
powertraces-pt200array_pt203_r1_7536312_11-55cebeeb54,2026-05-03T06:54:48.842Z,15.335,3,68.48,345,0,0,,,,
powertraces-pt200array_pt203_r1_7536312_11-55cebeeb54,2026-05-03T06:54:48.943Z,15.436,0,67.73,345,0,0,,,,
powertraces-pt200array_pt203_r1_7536312_11-55cebeeb54,2026-05-03T06:54:48.943Z,15.436,1,67.99,345,0,0,,,,
powertraces-pt200array_pt203_r1_7536312_11-55cebeeb54,2026-05-03T06:54:48.943Z,15.436,2,69.08,345,0,0,,,,
powertraces-pt200array_pt203_r1_7536312_11-55cebeeb54,2026-05-03T06:54:48.943Z,15.436,3,68.5,345,0,0,,,,
powertraces-pt200array_pt203_r1_7536312_11-55cebeeb54,2026-05-03T06:54:49.043Z,15.536,0,67.72,345,0,0,,,,
powertraces-pt200array_pt203_r1_7536312_11-55cebeeb54,2026-05-03T06:54:49.043Z,15.536,1,67.92,345,0,0,,,,
powertraces-pt200array_pt203_r1_7536312_11-55cebeeb54,2026-05-03T06:54:49.043Z,15.536,2,69.08,345,0,0,,,,
powertraces-pt200array_pt203_r1_7536312_11-55cebeeb54,2026-05-03T06:54:49.043Z,15.536,3,68.49,345,0,0,,,,
powertraces-pt200array_pt203_r1_7536312_11-55cebeeb54,2026-05-03T06:54:49.143Z,15.636,0,67.74,345,0,0,,,,
powertraces-pt200array_pt203_r1_7536312_11-55cebeeb54,2026-05-03T06:54:49.143Z,15.636,1,67.92,345,0,0,,,,
powertraces-pt200array_pt203_r1_7536312_11-55cebeeb54,2026-05-03T06:54:49.143Z,15.636,2,69.07,345,0,0,,,,
powertraces-pt200array_pt203_r1_7536312_11-55cebeeb54,2026-05-03T06:54:49.143Z,15.636,3,68.48,345,0,0,,,,
powertraces-pt200array_pt203_r1_7536312_11-55cebeeb54,2026-05-03T06:54:49.243Z,15.736,0,67.75,345,0,0,,,,
powertraces-pt200array_pt203_r1_7536312_11-55cebeeb54,2026-05-03T06:54:49.243Z,15.736,1,67.94,345,0,0,,,,
powertraces-pt200array_pt203_r1_7536312_11-55cebeeb54,2026-05-03T06:54:49.243Z,15.736,2,69.07,345,0,0,,,,
powertraces-pt200array_pt203_r1_7536312_11-55cebeeb54,2026-05-03T06:54:49.243Z,15.736,3,68.5,345,0,0,,,,
powertraces-pt200array_pt203_r1_7536312_11-55cebeeb54,2026-05-03T06:54:49.343Z,15.836,0,67.74,345,0,0,,,,
powertraces-pt200array_pt203_r1_7536312_11-55cebeeb54,2026-05-03T06:54:49.343Z,15.836,1,67.86,345,0,0,,,,
powertraces-pt200array_pt203_r1_7536312_11-55cebeeb54,2026-05-03T06:54:49.343Z,15.836,2,69.11,345,0,0,,,,
powertraces-pt200array_pt203_r1_7536312_11-55cebeeb54,2026-05-03T06:54:49.343Z,15.836,3,68.49,345,0,0,,,,
powertraces-pt200array_pt203_r1_7536312_11-55cebeeb54,2026-05-03T06:54:49.443Z,15.936,0,67.74,345,0,0,,,,
powertraces-pt200array_pt203_r1_7536312_11-55cebeeb54,2026-05-03T06:54:49.444Z,15.937,1,67.86,345,0,0,,,,
powertraces-pt200array_pt203_r1_7536312_11-55cebeeb54,2026-05-03T06:54:49.444Z,15.937,2,69.14,345,0,0,,,,
powertraces-pt200array_pt203_r1_7536312_11-55cebeeb54,2026-05-03T06:54:49.444Z,15.937,3,68.48,345,0,0,,,,
powertraces-pt200array_pt203_r1_7536312_11-55cebeeb54,2026-05-03T06:54:49.544Z,16.037,0,67.74,345,0,0,,,,
powertraces-pt200array_pt203_r1_7536312_11-55cebeeb54,2026-05-03T06:54:49.544Z,16.037,1,67.82,345,0,0,,,,
powertraces-pt200array_pt203_r1_7536312_11-55cebeeb54,2026-05-03T06:54:49.544Z,16.037,2,69.13,345,0,0,,,,
powertraces-pt200array_pt203_r1_7536312_11-55cebeeb54,2026-05-03T06:54:49.544Z,16.037,3,68.48,345,0,0,,,,
powertraces-pt200array_pt203_r1_7536312_11-55cebeeb54,2026-05-03T06:54:49.644Z,16.137,0,67.75,345,0,0,,,,
powertraces-pt200array_pt203_r1_7536312_11-55cebeeb54,2026-05-03T06:54:49.644Z,16.137,1,67.84,345,0,0,,,,
powertraces-pt200array_pt203_r1_7536312_11-55cebeeb54,2026-05-03T06:54:49.644Z,16.137,2,69.13,345,0,0,,,,
powertraces-pt200array_pt203_r1_7536312_11-55cebeeb54,2026-05-03T06:54:49.644Z,16.137,3,68.48,345,0,0,,,,
powertraces-pt200array_pt203_r1_7536312_11-55cebeeb54,2026-05-03T06:54:49.744Z,16.237,0,67.74,345,0,0,,,,
powertraces-pt200array_pt203_r1_7536312_11-55cebeeb54,2026-05-03T06:54:49.744Z,16.237,1,67.79,345,0,0,,,,
powertraces-pt200array_pt203_r1_7536312_11-55cebeeb54,2026-05-03T06:54:49.744Z,16.237,2,69.15,345,0,0,,,,
powertraces-pt200array_pt203_r1_7536312_11-55cebeeb54,2026-05-03T06:54:49.744Z,16.237,3,68.47,345,0,0,,,,
powertraces-pt200array_pt203_r1_7536312_11-55cebeeb54,2026-05-03T06:54:49.844Z,16.337,0,67.73,345,0,0,,,,
powertraces-pt200array_pt203_r1_7536312_11-55cebeeb54,2026-05-03T06:54:49.844Z,16.337,1,67.77,345,0,0,,,,
powertraces-pt200array_pt203_r1_7536312_11-55cebeeb54,2026-05-03T06:54:49.844Z,16.337,2,69.1,345,0,0,,,,
powertraces-pt200array_pt203_r1_7536312_11-55cebeeb54,2026-05-03T06:54:49.844Z,16.337,3,68.46,345,0,0,,,,
powertraces-pt200array_pt203_r1_7536312_11-55cebeeb54,2026-05-03T06:54:49.944Z,16.437,0,67.72,345,0,0,,,,
powertraces-pt200array_pt203_r1_7536312_11-55cebeeb54,2026-05-03T06:54:49.944Z,16.437,1,67.75,345,0,0,,,,
powertraces-pt200array_pt203_r1_7536312_11-55cebeeb54,2026-05-03T06:54:49.944Z,16.437,2,69.12,345,0,0,,,,
powertraces-pt200array_pt203_r1_7536312_11-55cebeeb54,2026-05-03T06:54:49.944Z,16.437,3,68.46,345,0,0,,,,
powertraces-pt200array_pt203_r1_7536312_11-55cebeeb54,2026-05-03T06:54:50.045Z,16.538,0,67.75,345,0,0,,,,
powertraces-pt200array_pt203_r1_7536312_11-55cebeeb54,2026-05-03T06:54:50.045Z,16.538,1,67.79,345,0,0,,,,
powertraces-pt200array_pt203_r1_7536312_11-55cebeeb54,2026-05-03T06:54:50.045Z,16.538,2,69.13,345,0,0,,,,
powertraces-pt200array_pt203_r1_7536312_11-55cebeeb54,2026-05-03T06:54:50.045Z,16.538,3,68.45,345,0,0,,,,
powertraces-pt200array_pt203_r1_7536312_11-55cebeeb54,2026-05-03T06:54:50.145Z,16.638,0,67.71,345,0,0,,,,
powertraces-pt200array_pt203_r1_7536312_11-55cebeeb54,2026-05-03T06:54:50.145Z,16.638,1,67.79,345,0,0,,,,
powertraces-pt200array_pt203_r1_7536312_11-55cebeeb54,2026-05-03T06:54:50.145Z,16.638,2,69.12,345,0,0,,,,
powertraces-pt200array_pt203_r1_7536312_11-55cebeeb54,2026-05-03T06:54:50.145Z,16.638,3,68.45,345,0,0,,,,
powertraces-pt200array_pt203_r1_7536312_11-55cebeeb54,2026-05-03T06:54:50.245Z,16.738,0,67.72,345,0,0,,,,
powertraces-pt200array_pt203_r1_7536312_11-55cebeeb54,2026-05-03T06:54:50.245Z,16.738,1,67.79,345,0,0,,,,
powertraces-pt200array_pt203_r1_7536312_11-55cebeeb54,2026-05-03T06:54:50.245Z,16.738,2,69.12,345,0,0,,,,
powertraces-pt200array_pt203_r1_7536312_11-55cebeeb54,2026-05-03T06:54:50.245Z,16.738,3,68.46,345,0,0,,,,
powertraces-pt200array_pt203_r1_7536312_11-55cebeeb54,2026-05-03T06:54:50.345Z,16.838,0,67.72,345,0,0,,,,
powertraces-pt200array_pt203_r1_7536312_11-55cebeeb54,2026-05-03T06:54:50.345Z,16.838,1,67.81,345,0,0,,,,
powertraces-pt200array_pt203_r1_7536312_11-55cebeeb54,2026-05-03T06:54:50.345Z,16.838,2,69.08,345,0,0,,,,
powertraces-pt200array_pt203_r1_7536312_11-55cebeeb54,2026-05-03T06:54:50.345Z,16.838,3,68.45,345,0,0,,,,
powertraces-pt200array_pt203_r1_7536312_11-55cebeeb54,2026-05-03T06:54:50.445Z,16.938,0,67.71,345,0,0,,,,
powertraces-pt200array_pt203_r1_7536312_11-55cebeeb54,2026-05-03T06:54:50.445Z,16.938,1,67.79,345,0,0,,,,
powertraces-pt200array_pt203_r1_7536312_11-55cebeeb54,2026-05-03T06:54:50.445Z,16.938,2,69.04,345,0,0,,,,
powertraces-pt200array_pt203_r1_7536312_11-55cebeeb54,2026-05-03T06:54:50.445Z,16.938,3,68.47,345,0,0,,,,
powertraces-pt200array_pt203_r1_7536312_11-55cebeeb54,2026-05-03T06:54:50.546Z,17.039,0,67.71,345,0,0,,,,
powertraces-pt200array_pt203_r1_7536312_11-55cebeeb54,2026-05-03T06:54:50.546Z,17.039,1,67.82,345,0,0,,,,
powertraces-pt200array_pt203_r1_7536312_11-55cebeeb54,2026-05-03T06:54:50.546Z,17.039,2,69.03,345,0,0,,,,
powertraces-pt200array_pt203_r1_7536312_11-55cebeeb54,2026-05-03T06:54:50.546Z,17.039,3,68.48,345,0,0,,,,
powertraces-pt200array_pt203_r1_7536312_11-55cebeeb54,2026-05-03T06:54:50.646Z,17.139,0,67.74,345,0,0,,,,
powertraces-pt200array_pt203_r1_7536312_11-55cebeeb54,2026-05-03T06:54:50.646Z,17.139,1,67.83,345,0,0,,,,
powertraces-pt200array_pt203_r1_7536312_11-55cebeeb54,2026-05-03T06:54:50.646Z,17.139,2,69.04,345,0,0,,,,
powertraces-pt200array_pt203_r1_7536312_11-55cebeeb54,2026-05-03T06:54:50.646Z,17.139,3,68.49,345,0,0,,,,
powertraces-pt200array_pt203_r1_7536312_11-55cebeeb54,2026-05-03T06:54:50.746Z,17.239,0,67.75,345,0,0,,,,
powertraces-pt200array_pt203_r1_7536312_11-55cebeeb54,2026-05-03T06:54:50.746Z,17.239,1,67.87,345,0,0,,,,
powertraces-pt200array_pt203_r1_7536312_11-55cebeeb54,2026-05-03T06:54:50.746Z,17.239,2,69.05,345,0,0,,,,
powertraces-pt200array_pt203_r1_7536312_11-55cebeeb54,2026-05-03T06:54:50.746Z,17.239,3,68.51,345,0,0,,,,
powertraces-pt200array_pt203_r1_7536312_11-55cebeeb54,2026-05-03T06:54:50.846Z,17.339,0,67.77,345,0,0,,,,
powertraces-pt200array_pt203_r1_7536312_11-55cebeeb54,2026-05-03T06:54:50.846Z,17.339,1,67.91,345,0,0,,,,
powertraces-pt200array_pt203_r1_7536312_11-55cebeeb54,2026-05-03T06:54:50.846Z,17.339,2,69.09,345,0,0,,,,
powertraces-pt200array_pt203_r1_7536312_11-55cebeeb54,2026-05-03T06:54:50.846Z,17.339,3,68.54,345,0,0,,,,
powertraces-pt200array_pt203_r1_7536312_11-55cebeeb54,2026-05-03T06:54:50.946Z,17.439,0,67.75,345,0,0,,,,
powertraces-pt200array_pt203_r1_7536312_11-55cebeeb54,2026-05-03T06:54:50.946Z,17.439,1,67.88,345,0,0,,,,
powertraces-pt200array_pt203_r1_7536312_11-55cebeeb54,2026-05-03T06:54:50.946Z,17.439,2,69.08,345,0,0,,,,
powertraces-pt200array_pt203_r1_7536312_11-55cebeeb54,2026-05-03T06:54:50.946Z,17.439,3,68.56,345,0,0,,,,
powertraces-pt200array_pt203_r1_7536312_11-55cebeeb54,2026-05-03T06:54:51.046Z,17.539,0,67.77,345,0,0,,,,
powertraces-pt200array_pt203_r1_7536312_11-55cebeeb54,2026-05-03T06:54:51.046Z,17.539,1,67.82,345,0,0,,,,
powertraces-pt200array_pt203_r1_7536312_11-55cebeeb54,2026-05-03T06:54:51.047Z,17.54,2,69.09,345,0,0,,,,
powertraces-pt200array_pt203_r1_7536312_11-55cebeeb54,2026-05-03T06:54:51.047Z,17.54,3,68.56,345,0,0,,,,
powertraces-pt200array_pt203_r1_7536312_11-55cebeeb54,2026-05-03T06:54:51.147Z,17.64,0,67.76,345,0,0,,,,
powertraces-pt200array_pt203_r1_7536312_11-55cebeeb54,2026-05-03T06:54:51.147Z,17.64,1,67.8,345,0,0,,,,
powertraces-pt200array_pt203_r1_7536312_11-55cebeeb54,2026-05-03T06:54:51.147Z,17.64,2,69.12,345,0,0,,,,
powertraces-pt200array_pt203_r1_7536312_11-55cebeeb54,2026-05-03T06:54:51.147Z,17.64,3,68.55,345,0,0,,,,
powertraces-pt200array_pt203_r1_7536312_11-55cebeeb54,2026-05-03T06:54:51.247Z,17.74,0,67.77,345,0,0,,,,
powertraces-pt200array_pt203_r1_7536312_11-55cebeeb54,2026-05-03T06:54:51.247Z,17.74,1,67.77,345,0,0,,,,
powertraces-pt200array_pt203_r1_7536312_11-55cebeeb54,2026-05-03T06:54:51.247Z,17.74,2,69.11,345,0,0,,,,
powertraces-pt200array_pt203_r1_7536312_11-55cebeeb54,2026-05-03T06:54:51.247Z,17.74,3,68.53,345,0,0,,,,
powertraces-pt200array_pt203_r1_7536312_11-55cebeeb54,2026-05-03T06:54:51.347Z,17.84,0,67.78,345,0,0,,,,
powertraces-pt200array_pt203_r1_7536312_11-55cebeeb54,2026-05-03T06:54:51.347Z,17.84,1,67.76,345,0,0,,,,
powertraces-pt200array_pt203_r1_7536312_11-55cebeeb54,2026-05-03T06:54:51.347Z,17.84,2,69.16,345,0,0,,,,
powertraces-pt200array_pt203_r1_7536312_11-55cebeeb54,2026-05-03T06:54:51.347Z,17.84,3,68.52,345,0,0,,,,
powertraces-pt200array_pt203_r1_7536312_11-55cebeeb54,2026-05-03T06:54:51.447Z,17.94,0,67.78,345,0,0,,,,
powertraces-pt200array_pt203_r1_7536312_11-55cebeeb54,2026-05-03T06:54:51.447Z,17.94,1,67.78,345,0,0,,,,
powertraces-pt200array_pt203_r1_7536312_11-55cebeeb54,2026-05-03T06:54:51.447Z,17.94,2,69.18,345,0,0,,,,
powertraces-pt200array_pt203_r1_7536312_11-55cebeeb54,2026-05-03T06:54:51.447Z,17.94,3,68.53,345,0,0,,,,
powertraces-pt200array_pt203_r1_7536312_11-55cebeeb54,2026-05-03T06:54:51.547Z,18.04,0,67.78,345,0,0,,,,
powertraces-pt200array_pt203_r1_7536312_11-55cebeeb54,2026-05-03T06:54:51.547Z,18.04,1,67.81,345,0,0,,,,
powertraces-pt200array_pt203_r1_7536312_11-55cebeeb54,2026-05-03T06:54:51.547Z,18.04,2,69.18,345,0,0,,,,
powertraces-pt200array_pt203_r1_7536312_11-55cebeeb54,2026-05-03T06:54:51.547Z,18.04,3,68.53,345,0,0,,,,
powertraces-pt200array_pt203_r1_7536312_11-55cebeeb54,2026-05-03T06:54:51.648Z,18.141,0,67.75,345,0,0,,,,
powertraces-pt200array_pt203_r1_7536312_11-55cebeeb54,2026-05-03T06:54:51.648Z,18.141,1,67.82,345,0,0,,,,
powertraces-pt200array_pt203_r1_7536312_11-55cebeeb54,2026-05-03T06:54:51.648Z,18.141,2,69.16,345,0,0,,,,
powertraces-pt200array_pt203_r1_7536312_11-55cebeeb54,2026-05-03T06:54:51.648Z,18.141,3,68.52,345,0,0,,,,
powertraces-pt200array_pt203_r1_7536312_11-55cebeeb54,2026-05-03T06:54:51.748Z,18.241,0,67.74,345,0,0,,,,
powertraces-pt200array_pt203_r1_7536312_11-55cebeeb54,2026-05-03T06:54:51.748Z,18.241,1,67.81,345,0,0,,,,
powertraces-pt200array_pt203_r1_7536312_11-55cebeeb54,2026-05-03T06:54:51.748Z,18.241,2,69.14,345,0,0,,,,
powertraces-pt200array_pt203_r1_7536312_11-55cebeeb54,2026-05-03T06:54:51.748Z,18.241,3,68.5,345,0,0,,,,
powertraces-pt200array_pt203_r1_7536312_11-55cebeeb54,2026-05-03T06:54:51.848Z,18.341,0,67.73,345,0,0,,,,
powertraces-pt200array_pt203_r1_7536312_11-55cebeeb54,2026-05-03T06:54:51.848Z,18.341,1,67.77,345,0,0,,,,
powertraces-pt200array_pt203_r1_7536312_11-55cebeeb54,2026-05-03T06:54:51.848Z,18.341,2,69.12,345,0,0,,,,
powertraces-pt200array_pt203_r1_7536312_11-55cebeeb54,2026-05-03T06:54:51.848Z,18.341,3,68.49,345,0,0,,,,
powertraces-pt200array_pt203_r1_7536312_11-55cebeeb54,2026-05-03T06:54:51.948Z,18.441,0,67.73,345,0,0,,,,
powertraces-pt200array_pt203_r1_7536312_11-55cebeeb54,2026-05-03T06:54:51.948Z,18.441,1,67.83,345,0,0,,,,
powertraces-pt200array_pt203_r1_7536312_11-55cebeeb54,2026-05-03T06:54:51.948Z,18.441,2,69.1,345,0,0,,,,
powertraces-pt200array_pt203_r1_7536312_11-55cebeeb54,2026-05-03T06:54:51.948Z,18.441,3,68.49,345,0,0,,,,
powertraces-pt200array_pt203_r1_7536312_11-55cebeeb54,2026-05-03T06:54:52.048Z,18.541,0,67.72,345,0,0,,,,
powertraces-pt200array_pt203_r1_7536312_11-55cebeeb54,2026-05-03T06:54:52.048Z,18.541,1,67.85,345,0,0,,,,
powertraces-pt200array_pt203_r1_7536312_11-55cebeeb54,2026-05-03T06:54:52.048Z,18.541,2,69.11,345,0,0,,,,
powertraces-pt200array_pt203_r1_7536312_11-55cebeeb54,2026-05-03T06:54:52.048Z,18.541,3,68.48,345,0,0,,,,
powertraces-pt200array_pt203_r1_7536312_11-55cebeeb54,2026-05-03T06:54:52.148Z,18.641,0,67.75,345,0,0,,,,
powertraces-pt200array_pt203_r1_7536312_11-55cebeeb54,2026-05-03T06:54:52.149Z,18.642,1,67.88,345,0,0,,,,
powertraces-pt200array_pt203_r1_7536312_11-55cebeeb54,2026-05-03T06:54:52.149Z,18.642,2,69.08,345,0,0,,,,
powertraces-pt200array_pt203_r1_7536312_11-55cebeeb54,2026-05-03T06:54:52.149Z,18.642,3,68.48,345,0,0,,,,
powertraces-pt200array_pt203_r1_7536312_11-55cebeeb54,2026-05-03T06:54:52.249Z,18.742,0,67.73,345,0,0,,,,
powertraces-pt200array_pt203_r1_7536312_11-55cebeeb54,2026-05-03T06:54:52.249Z,18.742,1,67.86,345,0,0,,,,
powertraces-pt200array_pt203_r1_7536312_11-55cebeeb54,2026-05-03T06:54:52.249Z,18.742,2,69.09,345,0,0,,,,
powertraces-pt200array_pt203_r1_7536312_11-55cebeeb54,2026-05-03T06:54:52.249Z,18.742,3,68.5,345,0,0,,,,
powertraces-pt200array_pt203_r1_7536312_11-55cebeeb54,2026-05-03T06:54:52.349Z,18.842,0,67.74,345,0,0,,,,
powertraces-pt200array_pt203_r1_7536312_11-55cebeeb54,2026-05-03T06:54:52.349Z,18.842,1,67.78,345,0,0,,,,
powertraces-pt200array_pt203_r1_7536312_11-55cebeeb54,2026-05-03T06:54:52.349Z,18.842,2,69.12,345,0,0,,,,
powertraces-pt200array_pt203_r1_7536312_11-55cebeeb54,2026-05-03T06:54:52.349Z,18.842,3,68.53,345,0,0,,,,
powertraces-pt200array_pt203_r1_7536312_11-55cebeeb54,2026-05-03T06:54:52.449Z,18.942,0,67.73,345,0,0,,,,
powertraces-pt200array_pt203_r1_7536312_11-55cebeeb54,2026-05-03T06:54:52.449Z,18.942,1,67.78,345,0,0,,,,
powertraces-pt200array_pt203_r1_7536312_11-55cebeeb54,2026-05-03T06:54:52.449Z,18.942,2,69.09,345,0,0,,,,
powertraces-pt200array_pt203_r1_7536312_11-55cebeeb54,2026-05-03T06:54:52.449Z,18.942,3,68.52,345,0,0,,,,
powertraces-pt200array_pt203_r1_7536312_11-55cebeeb54,2026-05-03T06:54:52.549Z,19.042,0,67.73,345,0,0,,,,
powertraces-pt200array_pt203_r1_7536312_11-55cebeeb54,2026-05-03T06:54:52.549Z,19.042,1,67.79,345,0,0,,,,
powertraces-pt200array_pt203_r1_7536312_11-55cebeeb54,2026-05-03T06:54:52.549Z,19.042,2,69.08,345,0,0,,,,
powertraces-pt200array_pt203_r1_7536312_11-55cebeeb54,2026-05-03T06:54:52.549Z,19.042,3,68.52,345,0,0,,,,
powertraces-pt200array_pt203_r1_7536312_11-55cebeeb54,2026-05-03T06:54:52.649Z,19.142,0,67.75,345,0,0,,,,
powertraces-pt200array_pt203_r1_7536312_11-55cebeeb54,2026-05-03T06:54:52.649Z,19.142,1,67.74,345,0,0,,,,
powertraces-pt200array_pt203_r1_7536312_11-55cebeeb54,2026-05-03T06:54:52.649Z,19.142,2,69.07,345,0,0,,,,
powertraces-pt200array_pt203_r1_7536312_11-55cebeeb54,2026-05-03T06:54:52.649Z,19.142,3,68.52,345,0,0,,,,
powertraces-pt200array_pt203_r1_7536312_11-55cebeeb54,2026-05-03T06:54:52.75Z,19.243,0,67.74,345,0,0,,,,
powertraces-pt200array_pt203_r1_7536312_11-55cebeeb54,2026-05-03T06:54:52.75Z,19.243,1,67.74,345,0,0,,,,
powertraces-pt200array_pt203_r1_7536312_11-55cebeeb54,2026-05-03T06:54:52.75Z,19.243,2,69.11,345,0,0,,,,
powertraces-pt200array_pt203_r1_7536312_11-55cebeeb54,2026-05-03T06:54:52.75Z,19.243,3,68.51,345,0,0,,,,
powertraces-pt200array_pt203_r1_7536312_11-55cebeeb54,2026-05-03T06:54:52.85Z,19.343,0,67.74,345,0,0,,,,
powertraces-pt200array_pt203_r1_7536312_11-55cebeeb54,2026-05-03T06:54:52.85Z,19.343,1,67.74,345,0,0,,,,
powertraces-pt200array_pt203_r1_7536312_11-55cebeeb54,2026-05-03T06:54:52.85Z,19.343,2,69.12,345,0,0,,,,
powertraces-pt200array_pt203_r1_7536312_11-55cebeeb54,2026-05-03T06:54:52.85Z,19.343,3,68.5,345,0,0,,,,
powertraces-pt200array_pt203_r1_7536312_11-55cebeeb54,2026-05-03T06:54:52.95Z,19.443,0,67.75,345,0,0,,,,
powertraces-pt200array_pt203_r1_7536312_11-55cebeeb54,2026-05-03T06:54:52.95Z,19.443,1,67.78,345,0,0,,,,
powertraces-pt200array_pt203_r1_7536312_11-55cebeeb54,2026-05-03T06:54:52.95Z,19.443,2,69.14,345,0,0,,,,
powertraces-pt200array_pt203_r1_7536312_11-55cebeeb54,2026-05-03T06:54:52.95Z,19.443,3,68.5,345,0,0,,,,
powertraces-pt200array_pt203_r1_7536312_11-55cebeeb54,2026-05-03T06:54:53.05Z,19.543,0,67.76,345,0,0,,,,
powertraces-pt200array_pt203_r1_7536312_11-55cebeeb54,2026-05-03T06:54:53.05Z,19.543,1,67.77,345,0,0,,,,
powertraces-pt200array_pt203_r1_7536312_11-55cebeeb54,2026-05-03T06:54:53.05Z,19.543,2,69.16,345,0,0,,,,
powertraces-pt200array_pt203_r1_7536312_11-55cebeeb54,2026-05-03T06:54:53.05Z,19.543,3,68.5,345,0,0,,,,
powertraces-pt200array_pt203_r1_7536312_11-55cebeeb54,2026-05-03T06:54:53.15Z,19.643,0,67.74,345,0,0,,,,
powertraces-pt200array_pt203_r1_7536312_11-55cebeeb54,2026-05-03T06:54:53.15Z,19.643,1,67.8,345,0,0,,,,
powertraces-pt200array_pt203_r1_7536312_11-55cebeeb54,2026-05-03T06:54:53.15Z,19.643,2,69.2,345,0,0,,,,
powertraces-pt200array_pt203_r1_7536312_11-55cebeeb54,2026-05-03T06:54:53.15Z,19.643,3,68.48,345,0,0,,,,
powertraces-pt200array_pt203_r1_7536312_11-55cebeeb54,2026-05-03T06:54:53.25Z,19.743,0,67.74,345,0,0,,,,
powertraces-pt200array_pt203_r1_7536312_11-55cebeeb54,2026-05-03T06:54:53.251Z,19.744,1,67.84,345,0,0,,,,
powertraces-pt200array_pt203_r1_7536312_11-55cebeeb54,2026-05-03T06:54:53.251Z,19.744,2,69.21,345,0,0,,,,
powertraces-pt200array_pt203_r1_7536312_11-55cebeeb54,2026-05-03T06:54:53.251Z,19.744,3,68.47,345,0,0,,,,
powertraces-pt200array_pt203_r1_7536312_11-55cebeeb54,2026-05-03T06:54:53.351Z,19.844,0,67.75,345,0,0,,,,
powertraces-pt200array_pt203_r1_7536312_11-55cebeeb54,2026-05-03T06:54:53.351Z,19.844,1,67.86,345,0,0,,,,
powertraces-pt200array_pt203_r1_7536312_11-55cebeeb54,2026-05-03T06:54:53.351Z,19.844,2,69.19,345,0,0,,,,
powertraces-pt200array_pt203_r1_7536312_11-55cebeeb54,2026-05-03T06:54:53.351Z,19.844,3,68.46,345,0,0,,,,
powertraces-pt200array_pt203_r1_7536312_11-55cebeeb54,2026-05-03T06:54:53.451Z,19.944,0,67.79,345,0,0,,,,
powertraces-pt200array_pt203_r1_7536312_11-55cebeeb54,2026-05-03T06:54:53.451Z,19.944,1,67.84,345,0,0,,,,
powertraces-pt200array_pt203_r1_7536312_11-55cebeeb54,2026-05-03T06:54:53.451Z,19.944,2,69.19,345,0,0,,,,
powertraces-pt200array_pt203_r1_7536312_11-55cebeeb54,2026-05-03T06:54:53.451Z,19.944,3,68.47,345,0,0,,,,
powertraces-pt200array_pt203_r1_7536312_11-55cebeeb54,2026-05-03T06:54:53.551Z,20.044,0,67.79,345,0,0,,,,
powertraces-pt200array_pt203_r1_7536312_11-55cebeeb54,2026-05-03T06:54:53.551Z,20.044,1,67.83,345,0,0,,,,
powertraces-pt200array_pt203_r1_7536312_11-55cebeeb54,2026-05-03T06:54:53.551Z,20.044,2,69.19,345,0,0,,,,
powertraces-pt200array_pt203_r1_7536312_11-55cebeeb54,2026-05-03T06:54:53.551Z,20.044,3,68.48,345,0,0,,,,
powertraces-pt200array_pt203_r1_7536312_11-55cebeeb54,2026-05-03T06:54:53.651Z,20.144,0,67.78,345,0,0,,,,
powertraces-pt200array_pt203_r1_7536312_11-55cebeeb54,2026-05-03T06:54:53.651Z,20.144,1,67.83,345,0,0,,,,
powertraces-pt200array_pt203_r1_7536312_11-55cebeeb54,2026-05-03T06:54:53.651Z,20.144,2,69.2,345,0,0,,,,
powertraces-pt200array_pt203_r1_7536312_11-55cebeeb54,2026-05-03T06:54:53.651Z,20.144,3,68.47,345,0,0,,,,
powertraces-pt200array_pt203_r1_7536312_11-55cebeeb54,2026-05-03T06:54:53.751Z,20.244,0,67.79,345,0,0,,,,
powertraces-pt200array_pt203_r1_7536312_11-55cebeeb54,2026-05-03T06:54:53.751Z,20.244,1,67.84,345,0,0,,,,
powertraces-pt200array_pt203_r1_7536312_11-55cebeeb54,2026-05-03T06:54:53.751Z,20.244,2,69.17,345,0,0,,,,
powertraces-pt200array_pt203_r1_7536312_11-55cebeeb54,2026-05-03T06:54:53.752Z,20.245,3,68.47,345,0,0,,,,
powertraces-pt200array_pt203_r1_7536312_11-55cebeeb54,2026-05-03T06:54:53.852Z,20.345,0,67.8,345,0,0,,,,
powertraces-pt200array_pt203_r1_7536312_11-55cebeeb54,2026-05-03T06:54:53.852Z,20.345,1,67.84,345,0,0,,,,
powertraces-pt200array_pt203_r1_7536312_11-55cebeeb54,2026-05-03T06:54:53.852Z,20.345,2,69.15,345,0,0,,,,
powertraces-pt200array_pt203_r1_7536312_11-55cebeeb54,2026-05-03T06:54:53.852Z,20.345,3,68.48,345,0,0,,,,
powertraces-pt200array_pt203_r1_7536312_11-55cebeeb54,2026-05-03T06:54:53.952Z,20.445,0,67.78,345,0,0,,,,
powertraces-pt200array_pt203_r1_7536312_11-55cebeeb54,2026-05-03T06:54:53.952Z,20.445,1,67.83,345,0,0,,,,
powertraces-pt200array_pt203_r1_7536312_11-55cebeeb54,2026-05-03T06:54:53.952Z,20.445,2,69.14,345,0,0,,,,
powertraces-pt200array_pt203_r1_7536312_11-55cebeeb54,2026-05-03T06:54:53.952Z,20.445,3,68.49,345,0,0,,,,
powertraces-pt200array_pt203_r1_7536312_11-55cebeeb54,2026-05-03T06:54:54.052Z,20.545,0,67.76,345,0,0,,,,
powertraces-pt200array_pt203_r1_7536312_11-55cebeeb54,2026-05-03T06:54:54.052Z,20.545,1,67.82,345,0,0,,,,
powertraces-pt200array_pt203_r1_7536312_11-55cebeeb54,2026-05-03T06:54:54.052Z,20.545,2,69.12,345,0,0,,,,
powertraces-pt200array_pt203_r1_7536312_11-55cebeeb54,2026-05-03T06:54:54.052Z,20.545,3,68.48,345,0,0,,,,
powertraces-pt200array_pt203_r1_7536312_11-55cebeeb54,2026-05-03T06:54:54.152Z,20.645,0,67.77,345,0,0,,,,
powertraces-pt200array_pt203_r1_7536312_11-55cebeeb54,2026-05-03T06:54:54.152Z,20.645,1,67.78,345,0,0,,,,
powertraces-pt200array_pt203_r1_7536312_11-55cebeeb54,2026-05-03T06:54:54.152Z,20.645,2,69.06,345,0,0,,,,
powertraces-pt200array_pt203_r1_7536312_11-55cebeeb54,2026-05-03T06:54:54.152Z,20.645,3,68.5,345,0,0,,,,
powertraces-pt200array_pt203_r1_7536312_11-55cebeeb54,2026-05-03T06:54:54.252Z,20.745,0,67.76,345,0,0,,,,
powertraces-pt200array_pt203_r1_7536312_11-55cebeeb54,2026-05-03T06:54:54.252Z,20.745,1,67.78,345,0,0,,,,
powertraces-pt200array_pt203_r1_7536312_11-55cebeeb54,2026-05-03T06:54:54.252Z,20.745,2,69.06,345,0,0,,,,
powertraces-pt200array_pt203_r1_7536312_11-55cebeeb54,2026-05-03T06:54:54.252Z,20.745,3,68.49,345,0,0,,,,
powertraces-pt200array_pt203_r1_7536312_11-55cebeeb54,2026-05-03T06:54:54.353Z,20.846,0,67.74,345,0,0,,,,
powertraces-pt200array_pt203_r1_7536312_11-55cebeeb54,2026-05-03T06:54:54.353Z,20.846,1,67.78,345,0,0,,,,
powertraces-pt200array_pt203_r1_7536312_11-55cebeeb54,2026-05-03T06:54:54.353Z,20.846,2,69.06,345,0,0,,,,
powertraces-pt200array_pt203_r1_7536312_11-55cebeeb54,2026-05-03T06:54:54.353Z,20.846,3,68.48,345,0,0,,,,
powertraces-pt200array_pt203_r1_7536312_11-55cebeeb54,2026-05-03T06:54:54.453Z,20.946,0,67.71,345,0,0,,,,
powertraces-pt200array_pt203_r1_7536312_11-55cebeeb54,2026-05-03T06:54:54.453Z,20.946,1,67.75,345,0,0,,,,
powertraces-pt200array_pt203_r1_7536312_11-55cebeeb54,2026-05-03T06:54:54.453Z,20.946,2,69.09,345,0,0,,,,
powertraces-pt200array_pt203_r1_7536312_11-55cebeeb54,2026-05-03T06:54:54.453Z,20.946,3,68.47,345,0,0,,,,
powertraces-pt200array_pt203_r1_7536312_11-55cebeeb54,2026-05-03T06:54:54.553Z,21.046,0,67.71,345,0,0,,,,
powertraces-pt200array_pt203_r1_7536312_11-55cebeeb54,2026-05-03T06:54:54.553Z,21.046,1,67.72,345,0,0,,,,
powertraces-pt200array_pt203_r1_7536312_11-55cebeeb54,2026-05-03T06:54:54.553Z,21.046,2,69.1,345,0,0,,,,
powertraces-pt200array_pt203_r1_7536312_11-55cebeeb54,2026-05-03T06:54:54.553Z,21.046,3,68.46,345,0,0,,,,
powertraces-pt200array_pt203_r1_7536312_11-55cebeeb54,2026-05-03T06:54:54.653Z,21.146,0,67.71,345,0,0,,,,
powertraces-pt200array_pt203_r1_7536312_11-55cebeeb54,2026-05-03T06:54:54.653Z,21.146,1,67.7,345,0,0,,,,
powertraces-pt200array_pt203_r1_7536312_11-55cebeeb54,2026-05-03T06:54:54.653Z,21.146,2,69.12,345,0,0,,,,
powertraces-pt200array_pt203_r1_7536312_11-55cebeeb54,2026-05-03T06:54:54.653Z,21.146,3,68.46,345,0,0,,,,
powertraces-pt200array_pt203_r1_7536312_11-55cebeeb54,2026-05-03T06:54:54.753Z,21.246,0,67.72,345,0,0,,,,
powertraces-pt200array_pt203_r1_7536312_11-55cebeeb54,2026-05-03T06:54:54.753Z,21.246,1,67.7,345,0,0,,,,
powertraces-pt200array_pt203_r1_7536312_11-55cebeeb54,2026-05-03T06:54:54.753Z,21.246,2,69.18,345,0,0,,,,
powertraces-pt200array_pt203_r1_7536312_11-55cebeeb54,2026-05-03T06:54:54.753Z,21.246,3,68.46,345,0,0,,,,
powertraces-pt200array_pt203_r1_7536312_11-55cebeeb54,2026-05-03T06:54:54.853Z,21.346,0,67.71,345,0,0,,,,
powertraces-pt200array_pt203_r1_7536312_11-55cebeeb54,2026-05-03T06:54:54.853Z,21.346,1,67.7,345,0,0,,,,
powertraces-pt200array_pt203_r1_7536312_11-55cebeeb54,2026-05-03T06:54:54.854Z,21.347,2,69.2,345,0,0,,,,
powertraces-pt200array_pt203_r1_7536312_11-55cebeeb54,2026-05-03T06:54:54.854Z,21.347,3,68.46,345,0,0,,,,
powertraces-pt200array_pt203_r1_7536312_11-55cebeeb54,2026-05-03T06:54:54.954Z,21.447,0,67.73,345,0,0,,,,
powertraces-pt200array_pt203_r1_7536312_11-55cebeeb54,2026-05-03T06:54:54.954Z,21.447,1,67.7,345,0,0,,,,
powertraces-pt200array_pt203_r1_7536312_11-55cebeeb54,2026-05-03T06:54:54.954Z,21.447,2,69.18,345,0,0,,,,
powertraces-pt200array_pt203_r1_7536312_11-55cebeeb54,2026-05-03T06:54:54.954Z,21.447,3,68.47,345,0,0,,,,
powertraces-pt200array_pt203_r1_7536312_11-55cebeeb54,2026-05-03T06:54:55.054Z,21.547,0,67.73,345,0,0,,,,
powertraces-pt200array_pt203_r1_7536312_11-55cebeeb54,2026-05-03T06:54:55.054Z,21.547,1,67.67,345,0,0,,,,
powertraces-pt200array_pt203_r1_7536312_11-55cebeeb54,2026-05-03T06:54:55.054Z,21.547,2,69.16,345,0,0,,,,
powertraces-pt200array_pt203_r1_7536312_11-55cebeeb54,2026-05-03T06:54:55.054Z,21.547,3,68.47,345,0,0,,,,
powertraces-pt200array_pt203_r1_7536312_11-55cebeeb54,2026-05-03T06:54:55.154Z,21.647,0,67.72,345,0,0,,,,
powertraces-pt200array_pt203_r1_7536312_11-55cebeeb54,2026-05-03T06:54:55.154Z,21.647,1,67.66,345,0,0,,,,
powertraces-pt200array_pt203_r1_7536312_11-55cebeeb54,2026-05-03T06:54:55.154Z,21.647,2,69.2,345,0,0,,,,
powertraces-pt200array_pt203_r1_7536312_11-55cebeeb54,2026-05-03T06:54:55.154Z,21.647,3,68.47,345,0,0,,,,
powertraces-pt200array_pt203_r1_7536312_11-55cebeeb54,2026-05-03T06:54:55.254Z,21.747,0,67.71,345,0,0,,,,
powertraces-pt200array_pt203_r1_7536312_11-55cebeeb54,2026-05-03T06:54:55.254Z,21.747,1,67.69,345,0,0,,,,
powertraces-pt200array_pt203_r1_7536312_11-55cebeeb54,2026-05-03T06:54:55.254Z,21.747,2,69.14,345,0,0,,,,
powertraces-pt200array_pt203_r1_7536312_11-55cebeeb54,2026-05-03T06:54:55.254Z,21.747,3,68.48,345,0,0,,,,
powertraces-pt200array_pt203_r1_7536312_11-55cebeeb54,2026-05-03T06:54:55.354Z,21.847,0,67.71,345,0,0,,,,
powertraces-pt200array_pt203_r1_7536312_11-55cebeeb54,2026-05-03T06:54:55.354Z,21.847,1,67.69,345,0,0,,,,
powertraces-pt200array_pt203_r1_7536312_11-55cebeeb54,2026-05-03T06:54:55.354Z,21.847,2,69.13,345,0,0,,,,
powertraces-pt200array_pt203_r1_7536312_11-55cebeeb54,2026-05-03T06:54:55.354Z,21.847,3,68.49,345,0,0,,,,
powertraces-pt200array_pt203_r1_7536312_11-55cebeeb54,2026-05-03T06:54:55.455Z,21.948,0,67.73,345,0,0,,,,
powertraces-pt200array_pt203_r1_7536312_11-55cebeeb54,2026-05-03T06:54:55.455Z,21.948,1,67.7,345,0,0,,,,
powertraces-pt200array_pt203_r1_7536312_11-55cebeeb54,2026-05-03T06:54:55.455Z,21.948,2,69.1,345,0,0,,,,
powertraces-pt200array_pt203_r1_7536312_11-55cebeeb54,2026-05-03T06:54:55.455Z,21.948,3,68.47,345,0,0,,,,
powertraces-pt200array_pt203_r1_7536312_11-55cebeeb54,2026-05-03T06:54:55.555Z,22.048,0,67.76,345,0,0,,,,
powertraces-pt200array_pt203_r1_7536312_11-55cebeeb54,2026-05-03T06:54:55.555Z,22.048,1,67.75,345,0,0,,,,
powertraces-pt200array_pt203_r1_7536312_11-55cebeeb54,2026-05-03T06:54:55.555Z,22.048,2,69.15,345,0,0,,,,
powertraces-pt200array_pt203_r1_7536312_11-55cebeeb54,2026-05-03T06:54:55.555Z,22.048,3,68.49,345,0,0,,,,
powertraces-pt200array_pt203_r1_7536312_11-55cebeeb54,2026-05-03T06:54:55.655Z,22.148,0,67.79,345,0,0,,,,
powertraces-pt200array_pt203_r1_7536312_11-55cebeeb54,2026-05-03T06:54:55.655Z,22.148,1,67.84,345,0,0,,,,
powertraces-pt200array_pt203_r1_7536312_11-55cebeeb54,2026-05-03T06:54:55.655Z,22.148,2,69.19,345,0,0,,,,
powertraces-pt200array_pt203_r1_7536312_11-55cebeeb54,2026-05-03T06:54:55.655Z,22.148,3,68.51,345,0,0,,,,
powertraces-pt200array_pt203_r1_7536312_11-55cebeeb54,2026-05-03T06:54:55.755Z,22.248,0,67.8,345,0,0,,,,
powertraces-pt200array_pt203_r1_7536312_11-55cebeeb54,2026-05-03T06:54:55.755Z,22.248,1,67.89,345,0,0,,,,
powertraces-pt200array_pt203_r1_7536312_11-55cebeeb54,2026-05-03T06:54:55.755Z,22.248,2,69.18,345,0,0,,,,
powertraces-pt200array_pt203_r1_7536312_11-55cebeeb54,2026-05-03T06:54:55.755Z,22.248,3,68.54,345,0,0,,,,
powertraces-pt200array_pt203_r1_7536312_11-55cebeeb54,2026-05-03T06:54:55.855Z,22.348,0,67.82,345,0,0,,,,
powertraces-pt200array_pt203_r1_7536312_11-55cebeeb54,2026-05-03T06:54:55.855Z,22.348,1,67.91,345,0,0,,,,
powertraces-pt200array_pt203_r1_7536312_11-55cebeeb54,2026-05-03T06:54:55.855Z,22.348,2,69.16,345,0,0,,,,
powertraces-pt200array_pt203_r1_7536312_11-55cebeeb54,2026-05-03T06:54:55.855Z,22.348,3,68.55,345,0,0,,,,
powertraces-pt200array_pt203_r1_7536312_11-55cebeeb54,2026-05-03T06:54:55.955Z,22.448,0,67.82,345,0,0,,,,
powertraces-pt200array_pt203_r1_7536312_11-55cebeeb54,2026-05-03T06:54:55.956Z,22.449,1,67.91,345,0,0,,,,
powertraces-pt200array_pt203_r1_7536312_11-55cebeeb54,2026-05-03T06:54:55.956Z,22.449,2,69.21,345,0,0,,,,
powertraces-pt200array_pt203_r1_7536312_11-55cebeeb54,2026-05-03T06:54:55.956Z,22.449,3,68.56,345,0,0,,,,
powertraces-pt200array_pt203_r1_7536312_11-55cebeeb54,2026-05-03T06:54:56.056Z,22.549,0,67.84,345,0,0,,,,
powertraces-pt200array_pt203_r1_7536312_11-55cebeeb54,2026-05-03T06:54:56.056Z,22.549,1,67.9,345,0,0,,,,
powertraces-pt200array_pt203_r1_7536312_11-55cebeeb54,2026-05-03T06:54:56.056Z,22.549,2,69.24,345,0,0,,,,
powertraces-pt200array_pt203_r1_7536312_11-55cebeeb54,2026-05-03T06:54:56.056Z,22.549,3,68.55,345,0,0,,,,
powertraces-pt200array_pt203_r1_7536312_11-55cebeeb54,2026-05-03T06:54:56.156Z,22.649,0,67.85,345,0,0,,,,
powertraces-pt200array_pt203_r1_7536312_11-55cebeeb54,2026-05-03T06:54:56.156Z,22.649,1,67.92,345,0,0,,,,
powertraces-pt200array_pt203_r1_7536312_11-55cebeeb54,2026-05-03T06:54:56.156Z,22.649,2,69.24,345,0,0,,,,
powertraces-pt200array_pt203_r1_7536312_11-55cebeeb54,2026-05-03T06:54:56.156Z,22.649,3,68.55,345,0,0,,,,
powertraces-pt200array_pt203_r1_7536312_11-55cebeeb54,2026-05-03T06:54:56.256Z,22.749,0,67.89,345,0,0,,,,
powertraces-pt200array_pt203_r1_7536312_11-55cebeeb54,2026-05-03T06:54:56.256Z,22.749,1,67.91,345,0,0,,,,
powertraces-pt200array_pt203_r1_7536312_11-55cebeeb54,2026-05-03T06:54:56.256Z,22.749,2,69.28,345,0,0,,,,
powertraces-pt200array_pt203_r1_7536312_11-55cebeeb54,2026-05-03T06:54:56.256Z,22.749,3,68.55,345,0,0,,,,
powertraces-pt200array_pt203_r1_7536312_11-55cebeeb54,2026-05-03T06:54:56.356Z,22.849,0,67.89,345,0,0,,,,
powertraces-pt200array_pt203_r1_7536312_11-55cebeeb54,2026-05-03T06:54:56.356Z,22.849,1,67.92,345,0,0,,,,
powertraces-pt200array_pt203_r1_7536312_11-55cebeeb54,2026-05-03T06:54:56.356Z,22.849,2,69.24,345,0,0,,,,
powertraces-pt200array_pt203_r1_7536312_11-55cebeeb54,2026-05-03T06:54:56.356Z,22.849,3,68.55,345,0,0,,,,
powertraces-pt200array_pt203_r1_7536312_11-55cebeeb54,2026-05-03T06:54:56.456Z,22.949,0,67.89,345,0,0,,,,
powertraces-pt200array_pt203_r1_7536312_11-55cebeeb54,2026-05-03T06:54:56.456Z,22.949,1,67.9,345,0,0,,,,
powertraces-pt200array_pt203_r1_7536312_11-55cebeeb54,2026-05-03T06:54:56.456Z,22.949,2,69.22,345,0,0,,,,
powertraces-pt200array_pt203_r1_7536312_11-55cebeeb54,2026-05-03T06:54:56.456Z,22.949,3,68.56,345,0,0,,,,
powertraces-pt200array_pt203_r1_7536312_11-55cebeeb54,2026-05-03T06:54:56.557Z,23.05,0,67.86,345,0,0,,,,
powertraces-pt200array_pt203_r1_7536312_11-55cebeeb54,2026-05-03T06:54:56.557Z,23.05,1,67.88,345,0,0,,,,
powertraces-pt200array_pt203_r1_7536312_11-55cebeeb54,2026-05-03T06:54:56.557Z,23.05,2,69.16,345,0,0,,,,
powertraces-pt200array_pt203_r1_7536312_11-55cebeeb54,2026-05-03T06:54:56.557Z,23.05,3,68.54,345,0,0,,,,
powertraces-pt200array_pt203_r1_7536312_11-55cebeeb54,2026-05-03T06:54:56.657Z,23.15,0,67.82,345,0,0,,,,
powertraces-pt200array_pt203_r1_7536312_11-55cebeeb54,2026-05-03T06:54:56.657Z,23.15,1,67.82,345,0,0,,,,
powertraces-pt200array_pt203_r1_7536312_11-55cebeeb54,2026-05-03T06:54:56.657Z,23.15,2,69.13,345,0,0,,,,
powertraces-pt200array_pt203_r1_7536312_11-55cebeeb54,2026-05-03T06:54:56.657Z,23.15,3,68.53,345,0,0,,,,
powertraces-pt200array_pt203_r1_7536312_11-55cebeeb54,2026-05-03T06:54:56.757Z,23.25,0,67.78,345,0,0,,,,
powertraces-pt200array_pt203_r1_7536312_11-55cebeeb54,2026-05-03T06:54:56.757Z,23.25,1,67.77,345,0,0,,,,
powertraces-pt200array_pt203_r1_7536312_11-55cebeeb54,2026-05-03T06:54:56.757Z,23.25,2,69.1,345,0,0,,,,
powertraces-pt200array_pt203_r1_7536312_11-55cebeeb54,2026-05-03T06:54:56.757Z,23.25,3,68.51,345,0,0,,,,
powertraces-pt200array_pt203_r1_7536312_11-55cebeeb54,2026-05-03T06:54:56.857Z,23.35,0,67.77,345,0,0,,,,
powertraces-pt200array_pt203_r1_7536312_11-55cebeeb54,2026-05-03T06:54:56.857Z,23.35,1,67.76,345,0,0,,,,
powertraces-pt200array_pt203_r1_7536312_11-55cebeeb54,2026-05-03T06:54:56.857Z,23.35,2,69.1,345,0,0,,,,
powertraces-pt200array_pt203_r1_7536312_11-55cebeeb54,2026-05-03T06:54:56.857Z,23.35,3,68.5,345,0,0,,,,
powertraces-pt200array_pt203_r1_7536312_11-55cebeeb54,2026-05-03T06:54:56.957Z,23.45,0,67.76,345,0,0,,,,
powertraces-pt200array_pt203_r1_7536312_11-55cebeeb54,2026-05-03T06:54:56.957Z,23.45,1,67.78,345,0,0,,,,
powertraces-pt200array_pt203_r1_7536312_11-55cebeeb54,2026-05-03T06:54:56.957Z,23.45,2,69.03,345,0,0,,,,
powertraces-pt200array_pt203_r1_7536312_11-55cebeeb54,2026-05-03T06:54:56.957Z,23.45,3,68.49,345,0,0,,,,
powertraces-pt200array_pt203_r1_7536312_11-55cebeeb54,2026-05-03T06:54:57.057Z,23.55,0,67.75,345,0,0,,,,
powertraces-pt200array_pt203_r1_7536312_11-55cebeeb54,2026-05-03T06:54:57.058Z,23.551,1,67.76,345,0,0,,,,
powertraces-pt200array_pt203_r1_7536312_11-55cebeeb54,2026-05-03T06:54:57.058Z,23.551,2,69.05,345,0,0,,,,
powertraces-pt200array_pt203_r1_7536312_11-55cebeeb54,2026-05-03T06:54:57.058Z,23.551,3,68.48,345,0,0,,,,
powertraces-pt200array_pt203_r1_7536312_11-55cebeeb54,2026-05-03T06:54:57.158Z,23.651,0,67.74,345,0,0,,,,
powertraces-pt200array_pt203_r1_7536312_11-55cebeeb54,2026-05-03T06:54:57.158Z,23.651,1,67.77,345,0,0,,,,
powertraces-pt200array_pt203_r1_7536312_11-55cebeeb54,2026-05-03T06:54:57.158Z,23.651,2,69.07,345,0,0,,,,
powertraces-pt200array_pt203_r1_7536312_11-55cebeeb54,2026-05-03T06:54:57.158Z,23.651,3,68.49,345,0,0,,,,
powertraces-pt200array_pt203_r1_7536312_11-55cebeeb54,2026-05-03T06:54:57.258Z,23.751,0,67.71,345,0,0,,,,
powertraces-pt200array_pt203_r1_7536312_11-55cebeeb54,2026-05-03T06:54:57.258Z,23.751,1,67.73,345,0,0,,,,
powertraces-pt200array_pt203_r1_7536312_11-55cebeeb54,2026-05-03T06:54:57.258Z,23.751,2,69.06,345,0,0,,,,
powertraces-pt200array_pt203_r1_7536312_11-55cebeeb54,2026-05-03T06:54:57.258Z,23.751,3,68.48,345,0,0,,,,
powertraces-pt200array_pt203_r1_7536312_11-55cebeeb54,2026-05-03T06:54:57.358Z,23.851,0,67.72,345,0,0,,,,
powertraces-pt200array_pt203_r1_7536312_11-55cebeeb54,2026-05-03T06:54:57.358Z,23.851,1,67.74,345,0,0,,,,
powertraces-pt200array_pt203_r1_7536312_11-55cebeeb54,2026-05-03T06:54:57.358Z,23.851,2,69.1,345,0,0,,,,
powertraces-pt200array_pt203_r1_7536312_11-55cebeeb54,2026-05-03T06:54:57.358Z,23.851,3,68.49,345,0,0,,,,
powertraces-pt200array_pt203_r1_7536312_11-55cebeeb54,2026-05-03T06:54:57.458Z,23.951,0,67.7,345,0,0,,,,
powertraces-pt200array_pt203_r1_7536312_11-55cebeeb54,2026-05-03T06:54:57.458Z,23.951,1,67.75,345,0,0,,,,
powertraces-pt200array_pt203_r1_7536312_11-55cebeeb54,2026-05-03T06:54:57.458Z,23.951,2,69.09,345,0,0,,,,
powertraces-pt200array_pt203_r1_7536312_11-55cebeeb54,2026-05-03T06:54:57.458Z,23.951,3,68.51,345,0,0,,,,
powertraces-pt200array_pt203_r1_7536312_11-55cebeeb54,2026-05-03T06:54:57.558Z,24.051,0,67.69,345,0,0,,,,
powertraces-pt200array_pt203_r1_7536312_11-55cebeeb54,2026-05-03T06:54:57.559Z,24.052,1,67.76,345,0,0,,,,
powertraces-pt200array_pt203_r1_7536312_11-55cebeeb54,2026-05-03T06:54:57.559Z,24.052,2,69.11,345,0,0,,,,
powertraces-pt200array_pt203_r1_7536312_11-55cebeeb54,2026-05-03T06:54:57.559Z,24.052,3,68.49,345,0,0,,,,
powertraces-pt200array_pt203_r1_7536312_11-55cebeeb54,2026-05-03T06:54:57.659Z,24.152,0,67.7,345,0,0,,,,
powertraces-pt200array_pt203_r1_7536312_11-55cebeeb54,2026-05-03T06:54:57.659Z,24.152,1,67.79,345,0,0,,,,
powertraces-pt200array_pt203_r1_7536312_11-55cebeeb54,2026-05-03T06:54:57.659Z,24.152,2,69.08,345,0,0,,,,
powertraces-pt200array_pt203_r1_7536312_11-55cebeeb54,2026-05-03T06:54:57.659Z,24.152,3,68.48,345,0,0,,,,
powertraces-pt200array_pt203_r1_7536312_11-55cebeeb54,2026-05-03T06:54:57.759Z,24.252,0,67.71,345,0,0,,,,
powertraces-pt200array_pt203_r1_7536312_11-55cebeeb54,2026-05-03T06:54:57.759Z,24.252,1,67.8,345,0,0,,,,
powertraces-pt200array_pt203_r1_7536312_11-55cebeeb54,2026-05-03T06:54:57.759Z,24.252,2,69.06,345,0,0,,,,
powertraces-pt200array_pt203_r1_7536312_11-55cebeeb54,2026-05-03T06:54:57.759Z,24.252,3,68.47,345,0,0,,,,
powertraces-pt200array_pt203_r1_7536312_11-55cebeeb54,2026-05-03T06:54:57.859Z,24.352,0,67.71,345,0,0,,,,
powertraces-pt200array_pt203_r1_7536312_11-55cebeeb54,2026-05-03T06:54:57.859Z,24.352,1,67.79,345,0,0,,,,
powertraces-pt200array_pt203_r1_7536312_11-55cebeeb54,2026-05-03T06:54:57.859Z,24.352,2,69.04,345,0,0,,,,
powertraces-pt200array_pt203_r1_7536312_11-55cebeeb54,2026-05-03T06:54:57.859Z,24.352,3,68.48,345,0,0,,,,
powertraces-pt200array_pt203_r1_7536312_11-55cebeeb54,2026-05-03T06:54:57.959Z,24.452,0,67.71,345,0,0,,,,
powertraces-pt200array_pt203_r1_7536312_11-55cebeeb54,2026-05-03T06:54:57.959Z,24.452,1,67.78,345,0,0,,,,
powertraces-pt200array_pt203_r1_7536312_11-55cebeeb54,2026-05-03T06:54:57.959Z,24.452,2,69.08,345,0,0,,,,
powertraces-pt200array_pt203_r1_7536312_11-55cebeeb54,2026-05-03T06:54:57.959Z,24.452,3,68.48,345,0,0,,,,
powertraces-pt200array_pt203_r1_7536312_11-55cebeeb54,2026-05-03T06:54:58.059Z,24.552,0,67.72,345,0,0,,,,
powertraces-pt200array_pt203_r1_7536312_11-55cebeeb54,2026-05-03T06:54:58.059Z,24.552,1,67.81,345,0,0,,,,
powertraces-pt200array_pt203_r1_7536312_11-55cebeeb54,2026-05-03T06:54:58.059Z,24.552,2,69.06,345,0,0,,,,
powertraces-pt200array_pt203_r1_7536312_11-55cebeeb54,2026-05-03T06:54:58.059Z,24.552,3,68.47,345,0,0,,,,
powertraces-pt200array_pt203_r1_7536312_11-55cebeeb54,2026-05-03T06:54:58.16Z,24.653,0,67.75,345,0,0,,,,
powertraces-pt200array_pt203_r1_7536312_11-55cebeeb54,2026-05-03T06:54:58.16Z,24.653,1,67.81,345,0,0,,,,
powertraces-pt200array_pt203_r1_7536312_11-55cebeeb54,2026-05-03T06:54:58.16Z,24.653,2,69.03,345,0,0,,,,
powertraces-pt200array_pt203_r1_7536312_11-55cebeeb54,2026-05-03T06:54:58.16Z,24.653,3,68.46,345,0,0,,,,
powertraces-pt200array_pt203_r1_7536312_11-55cebeeb54,2026-05-03T06:54:58.26Z,24.753,0,67.76,345,0,0,,,,
powertraces-pt200array_pt203_r1_7536312_11-55cebeeb54,2026-05-03T06:54:58.26Z,24.753,1,67.82,345,0,0,,,,
powertraces-pt200array_pt203_r1_7536312_11-55cebeeb54,2026-05-03T06:54:58.26Z,24.753,2,69.06,345,0,0,,,,
powertraces-pt200array_pt203_r1_7536312_11-55cebeeb54,2026-05-03T06:54:58.26Z,24.753,3,68.47,345,0,0,,,,
powertraces-pt200array_pt203_r1_7536312_11-55cebeeb54,2026-05-03T06:54:58.36Z,24.853,0,67.75,345,0,0,,,,
powertraces-pt200array_pt203_r1_7536312_11-55cebeeb54,2026-05-03T06:54:58.36Z,24.853,1,67.79,345,0,0,,,,
powertraces-pt200array_pt203_r1_7536312_11-55cebeeb54,2026-05-03T06:54:58.36Z,24.853,2,69.08,345,0,0,,,,
powertraces-pt200array_pt203_r1_7536312_11-55cebeeb54,2026-05-03T06:54:58.36Z,24.853,3,68.47,345,0,0,,,,
powertraces-pt200array_pt203_r1_7536312_11-55cebeeb54,2026-05-03T06:54:58.46Z,24.953,0,67.75,345,0,0,,,,
powertraces-pt200array_pt203_r1_7536312_11-55cebeeb54,2026-05-03T06:54:58.46Z,24.953,1,67.8,345,0,0,,,,
powertraces-pt200array_pt203_r1_7536312_11-55cebeeb54,2026-05-03T06:54:58.46Z,24.953,2,69.1,345,0,0,,,,
powertraces-pt200array_pt203_r1_7536312_11-55cebeeb54,2026-05-03T06:54:58.46Z,24.953,3,68.45,345,0,0,,,,
powertraces-pt200array_pt203_r1_7536312_11-55cebeeb54,2026-05-03T06:54:58.56Z,25.053,0,67.73,345,0,0,,,,
powertraces-pt200array_pt203_r1_7536312_11-55cebeeb54,2026-05-03T06:54:58.56Z,25.053,1,67.78,345,0,0,,,,
powertraces-pt200array_pt203_r1_7536312_11-55cebeeb54,2026-05-03T06:54:58.56Z,25.053,2,69.08,345,0,0,,,,
powertraces-pt200array_pt203_r1_7536312_11-55cebeeb54,2026-05-03T06:54:58.56Z,25.053,3,68.46,345,0,0,,,,
powertraces-pt200array_pt203_r1_7536312_11-55cebeeb54,2026-05-03T06:54:58.661Z,25.154,0,67.71,345,0,0,,,,
powertraces-pt200array_pt203_r1_7536312_11-55cebeeb54,2026-05-03T06:54:58.661Z,25.154,1,67.77,345,0,0,,,,
powertraces-pt200array_pt203_r1_7536312_11-55cebeeb54,2026-05-03T06:54:58.661Z,25.154,2,69.15,345,0,0,,,,
powertraces-pt200array_pt203_r1_7536312_11-55cebeeb54,2026-05-03T06:54:58.661Z,25.154,3,68.46,345,0,0,,,,
powertraces-pt200array_pt203_r1_7536312_11-55cebeeb54,2026-05-03T06:54:58.761Z,25.254,0,67.72,345,0,0,,,,
powertraces-pt200array_pt203_r1_7536312_11-55cebeeb54,2026-05-03T06:54:58.761Z,25.254,1,67.79,345,0,0,,,,
powertraces-pt200array_pt203_r1_7536312_11-55cebeeb54,2026-05-03T06:54:58.761Z,25.254,2,69.16,345,0,0,,,,
powertraces-pt200array_pt203_r1_7536312_11-55cebeeb54,2026-05-03T06:54:58.761Z,25.254,3,68.47,345,0,0,,,,
powertraces-pt200array_pt203_r1_7536312_11-55cebeeb54,2026-05-03T06:54:58.861Z,25.354,0,67.73,345,0,0,,,,
powertraces-pt200array_pt203_r1_7536312_11-55cebeeb54,2026-05-03T06:54:58.861Z,25.354,1,67.82,345,0,0,,,,
powertraces-pt200array_pt203_r1_7536312_11-55cebeeb54,2026-05-03T06:54:58.861Z,25.354,2,69.16,345,0,0,,,,
powertraces-pt200array_pt203_r1_7536312_11-55cebeeb54,2026-05-03T06:54:58.861Z,25.354,3,68.46,345,0,0,,,,
powertraces-pt200array_pt203_r1_7536312_11-55cebeeb54,2026-05-03T06:54:58.961Z,25.454,0,67.71,345,0,0,,,,
powertraces-pt200array_pt203_r1_7536312_11-55cebeeb54,2026-05-03T06:54:58.961Z,25.454,1,67.84,345,0,0,,,,
powertraces-pt200array_pt203_r1_7536312_11-55cebeeb54,2026-05-03T06:54:58.961Z,25.454,2,69.17,345,0,0,,,,
powertraces-pt200array_pt203_r1_7536312_11-55cebeeb54,2026-05-03T06:54:58.961Z,25.454,3,68.47,345,0,0,,,,
powertraces-pt200array_pt203_r1_7536312_11-55cebeeb54,2026-05-03T06:54:59.061Z,25.554,0,67.71,345,0,0,,,,
powertraces-pt200array_pt203_r1_7536312_11-55cebeeb54,2026-05-03T06:54:59.061Z,25.554,1,67.82,345,0,0,,,,
powertraces-pt200array_pt203_r1_7536312_11-55cebeeb54,2026-05-03T06:54:59.061Z,25.554,2,69.17,345,0,0,,,,
powertraces-pt200array_pt203_r1_7536312_11-55cebeeb54,2026-05-03T06:54:59.061Z,25.554,3,68.48,345,0,0,,,,
powertraces-pt200array_pt203_r1_7536312_11-55cebeeb54,2026-05-03T06:54:59.161Z,25.654,0,67.68,345,0,0,,,,
powertraces-pt200array_pt203_r1_7536312_11-55cebeeb54,2026-05-03T06:54:59.161Z,25.654,1,67.84,345,0,0,,,,
powertraces-pt200array_pt203_r1_7536312_11-55cebeeb54,2026-05-03T06:54:59.161Z,25.654,2,69.23,345,0,0,,,,
powertraces-pt200array_pt203_r1_7536312_11-55cebeeb54,2026-05-03T06:54:59.162Z,25.655,3,68.47,345,0,0,,,,
powertraces-pt200array_pt203_r1_7536312_11-55cebeeb54,2026-05-03T06:54:59.262Z,25.755,0,67.65,345,0,0,,,,
powertraces-pt200array_pt203_r1_7536312_11-55cebeeb54,2026-05-03T06:54:59.262Z,25.755,1,67.86,345,0,0,,,,
powertraces-pt200array_pt203_r1_7536312_11-55cebeeb54,2026-05-03T06:54:59.262Z,25.755,2,69.18,345,0,0,,,,
powertraces-pt200array_pt203_r1_7536312_11-55cebeeb54,2026-05-03T06:54:59.262Z,25.755,3,68.47,345,0,0,,,,
powertraces-pt200array_pt203_r1_7536312_11-55cebeeb54,2026-05-03T06:54:59.362Z,25.855,0,67.65,345,0,0,,,,
powertraces-pt200array_pt203_r1_7536312_11-55cebeeb54,2026-05-03T06:54:59.362Z,25.855,1,67.84,345,0,0,,,,
powertraces-pt200array_pt203_r1_7536312_11-55cebeeb54,2026-05-03T06:54:59.362Z,25.855,2,69.14,345,0,0,,,,
powertraces-pt200array_pt203_r1_7536312_11-55cebeeb54,2026-05-03T06:54:59.362Z,25.855,3,68.47,345,0,0,,,,
powertraces-pt200array_pt203_r1_7536312_11-55cebeeb54,2026-05-03T06:54:59.462Z,25.955,0,67.66,345,0,0,,,,
powertraces-pt200array_pt203_r1_7536312_11-55cebeeb54,2026-05-03T06:54:59.462Z,25.955,1,67.84,345,0,0,,,,
powertraces-pt200array_pt203_r1_7536312_11-55cebeeb54,2026-05-03T06:54:59.462Z,25.955,2,69.11,345,0,0,,,,
powertraces-pt200array_pt203_r1_7536312_11-55cebeeb54,2026-05-03T06:54:59.462Z,25.955,3,68.48,345,0,0,,,,
powertraces-pt200array_pt203_r1_7536312_11-55cebeeb54,2026-05-03T06:54:59.562Z,26.055,0,67.68,345,0,0,,,,
powertraces-pt200array_pt203_r1_7536312_11-55cebeeb54,2026-05-03T06:54:59.562Z,26.055,1,67.86,345,0,0,,,,
powertraces-pt200array_pt203_r1_7536312_11-55cebeeb54,2026-05-03T06:54:59.562Z,26.055,2,69.1,345,0,0,,,,
powertraces-pt200array_pt203_r1_7536312_11-55cebeeb54,2026-05-03T06:54:59.562Z,26.055,3,68.48,345,0,0,,,,
powertraces-pt200array_pt203_r1_7536312_11-55cebeeb54,2026-05-03T06:54:59.662Z,26.155,0,67.68,345,0,0,,,,
powertraces-pt200array_pt203_r1_7536312_11-55cebeeb54,2026-05-03T06:54:59.662Z,26.155,1,67.83,345,0,0,,,,
powertraces-pt200array_pt203_r1_7536312_11-55cebeeb54,2026-05-03T06:54:59.662Z,26.155,2,69.05,345,0,0,,,,
powertraces-pt200array_pt203_r1_7536312_11-55cebeeb54,2026-05-03T06:54:59.662Z,26.155,3,68.48,345,0,0,,,,
powertraces-pt200array_pt203_r1_7536312_11-55cebeeb54,2026-05-03T06:54:59.763Z,26.256,0,67.69,345,0,0,,,,
powertraces-pt200array_pt203_r1_7536312_11-55cebeeb54,2026-05-03T06:54:59.763Z,26.256,1,67.83,345,0,0,,,,
powertraces-pt200array_pt203_r1_7536312_11-55cebeeb54,2026-05-03T06:54:59.763Z,26.256,2,69.03,345,0,0,,,,
powertraces-pt200array_pt203_r1_7536312_11-55cebeeb54,2026-05-03T06:54:59.763Z,26.256,3,68.46,345,0,0,,,,
powertraces-pt200array_pt203_r1_7536312_11-55cebeeb54,2026-05-03T06:54:59.863Z,26.356,0,67.66,345,0,0,,,,
powertraces-pt200array_pt203_r1_7536312_11-55cebeeb54,2026-05-03T06:54:59.863Z,26.356,1,67.83,345,0,0,,,,
powertraces-pt200array_pt203_r1_7536312_11-55cebeeb54,2026-05-03T06:54:59.863Z,26.356,2,69.03,345,0,0,,,,
powertraces-pt200array_pt203_r1_7536312_11-55cebeeb54,2026-05-03T06:54:59.863Z,26.356,3,68.47,345,0,0,,,,
powertraces-pt200array_pt203_r1_7536312_11-55cebeeb54,2026-05-03T06:54:59.963Z,26.456,0,67.67,345,0,0,,,,
powertraces-pt200array_pt203_r1_7536312_11-55cebeeb54,2026-05-03T06:54:59.963Z,26.456,1,67.82,345,0,0,,,,
powertraces-pt200array_pt203_r1_7536312_11-55cebeeb54,2026-05-03T06:54:59.963Z,26.456,2,69.02,345,0,0,,,,
powertraces-pt200array_pt203_r1_7536312_11-55cebeeb54,2026-05-03T06:54:59.963Z,26.456,3,68.47,345,0,0,,,,
powertraces-pt200array_pt203_r1_7536312_11-55cebeeb54,2026-05-03T06:55:00.063Z,26.556,0,67.66,345,0,0,,,,
powertraces-pt200array_pt203_r1_7536312_11-55cebeeb54,2026-05-03T06:55:00.063Z,26.556,1,67.84,345,0,0,,,,
powertraces-pt200array_pt203_r1_7536312_11-55cebeeb54,2026-05-03T06:55:00.063Z,26.556,2,69.01,345,0,0,,,,
powertraces-pt200array_pt203_r1_7536312_11-55cebeeb54,2026-05-03T06:55:00.063Z,26.556,3,68.46,345,0,0,,,,
powertraces-pt200array_pt203_r1_7536312_11-55cebeeb54,2026-05-03T06:55:00.163Z,26.656,0,67.67,345,0,0,,,,
powertraces-pt200array_pt203_r1_7536312_11-55cebeeb54,2026-05-03T06:55:00.163Z,26.656,1,67.82,345,0,0,,,,
powertraces-pt200array_pt203_r1_7536312_11-55cebeeb54,2026-05-03T06:55:00.163Z,26.656,2,68.99,345,0,0,,,,
powertraces-pt200array_pt203_r1_7536312_11-55cebeeb54,2026-05-03T06:55:00.163Z,26.656,3,68.44,345,0,0,,,,
powertraces-pt200array_pt203_r1_7536312_11-55cebeeb54,2026-05-03T06:55:00.263Z,26.756,0,67.68,345,0,0,,,,
powertraces-pt200array_pt203_r1_7536312_11-55cebeeb54,2026-05-03T06:55:00.264Z,26.757,1,67.84,345,0,0,,,,
powertraces-pt200array_pt203_r1_7536312_11-55cebeeb54,2026-05-03T06:55:00.264Z,26.757,2,69.03,345,0,0,,,,
powertraces-pt200array_pt203_r1_7536312_11-55cebeeb54,2026-05-03T06:55:00.264Z,26.757,3,68.45,345,0,0,,,,
powertraces-pt200array_pt203_r1_7536312_11-55cebeeb54,2026-05-03T06:55:00.364Z,26.857,0,67.67,345,0,0,,,,
powertraces-pt200array_pt203_r1_7536312_11-55cebeeb54,2026-05-03T06:55:00.364Z,26.857,1,67.84,345,0,0,,,,
powertraces-pt200array_pt203_r1_7536312_11-55cebeeb54,2026-05-03T06:55:00.364Z,26.857,2,69.08,345,0,0,,,,
powertraces-pt200array_pt203_r1_7536312_11-55cebeeb54,2026-05-03T06:55:00.364Z,26.857,3,68.46,345,0,0,,,,
powertraces-pt200array_pt203_r1_7536312_11-55cebeeb54,2026-05-03T06:55:00.464Z,26.957,0,67.67,345,0,0,,,,
powertraces-pt200array_pt203_r1_7536312_11-55cebeeb54,2026-05-03T06:55:00.464Z,26.957,1,67.84,345,0,0,,,,
powertraces-pt200array_pt203_r1_7536312_11-55cebeeb54,2026-05-03T06:55:00.464Z,26.957,2,69.1,345,0,0,,,,
powertraces-pt200array_pt203_r1_7536312_11-55cebeeb54,2026-05-03T06:55:00.464Z,26.957,3,68.47,345,0,0,,,,
powertraces-pt200array_pt203_r1_7536312_11-55cebeeb54,2026-05-03T06:55:00.564Z,27.057,0,67.66,345,0,0,,,,
powertraces-pt200array_pt203_r1_7536312_11-55cebeeb54,2026-05-03T06:55:00.564Z,27.057,1,67.82,345,0,0,,,,
powertraces-pt200array_pt203_r1_7536312_11-55cebeeb54,2026-05-03T06:55:00.564Z,27.057,2,69.1,345,0,0,,,,
powertraces-pt200array_pt203_r1_7536312_11-55cebeeb54,2026-05-03T06:55:00.564Z,27.057,3,68.47,345,0,0,,,,
powertraces-pt200array_pt203_r1_7536312_11-55cebeeb54,2026-05-03T06:55:00.664Z,27.157,0,67.67,345,0,0,,,,
powertraces-pt200array_pt203_r1_7536312_11-55cebeeb54,2026-05-03T06:55:00.664Z,27.157,1,67.84,345,0,0,,,,
powertraces-pt200array_pt203_r1_7536312_11-55cebeeb54,2026-05-03T06:55:00.664Z,27.157,2,69.11,345,0,0,,,,
powertraces-pt200array_pt203_r1_7536312_11-55cebeeb54,2026-05-03T06:55:00.664Z,27.157,3,68.45,345,0,0,,,,
powertraces-pt200array_pt203_r1_7536312_11-55cebeeb54,2026-05-03T06:55:00.764Z,27.257,0,67.68,345,0,0,,,,
powertraces-pt200array_pt203_r1_7536312_11-55cebeeb54,2026-05-03T06:55:00.764Z,27.257,1,67.83,345,0,0,,,,
powertraces-pt200array_pt203_r1_7536312_11-55cebeeb54,2026-05-03T06:55:00.764Z,27.257,2,69.1,345,0,0,,,,
powertraces-pt200array_pt203_r1_7536312_11-55cebeeb54,2026-05-03T06:55:00.764Z,27.257,3,68.49,345,0,0,,,,
powertraces-pt200array_pt203_r1_7536312_11-55cebeeb54,2026-05-03T06:55:00.865Z,27.358,0,67.71,345,0,0,,,,
powertraces-pt200array_pt203_r1_7536312_11-55cebeeb54,2026-05-03T06:55:00.865Z,27.358,1,67.82,345,0,0,,,,
powertraces-pt200array_pt203_r1_7536312_11-55cebeeb54,2026-05-03T06:55:00.865Z,27.358,2,69.13,345,0,0,,,,
powertraces-pt200array_pt203_r1_7536312_11-55cebeeb54,2026-05-03T06:55:00.865Z,27.358,3,68.47,345,0,0,,,,
powertraces-pt200array_pt203_r1_7536312_11-55cebeeb54,2026-05-03T06:55:00.965Z,27.458,0,67.7,345,0,0,,,,
powertraces-pt200array_pt203_r1_7536312_11-55cebeeb54,2026-05-03T06:55:00.965Z,27.458,1,67.81,345,0,0,,,,
powertraces-pt200array_pt203_r1_7536312_11-55cebeeb54,2026-05-03T06:55:00.965Z,27.458,2,69.14,345,0,0,,,,
powertraces-pt200array_pt203_r1_7536312_11-55cebeeb54,2026-05-03T06:55:00.965Z,27.458,3,68.47,345,0,0,,,,
powertraces-pt200array_pt203_r1_7536312_11-55cebeeb54,2026-05-03T06:55:01.065Z,27.558,0,67.71,345,0,0,,,,
powertraces-pt200array_pt203_r1_7536312_11-55cebeeb54,2026-05-03T06:55:01.065Z,27.558,1,67.76,345,0,0,,,,
powertraces-pt200array_pt203_r1_7536312_11-55cebeeb54,2026-05-03T06:55:01.065Z,27.558,2,69.1,345,0,0,,,,
powertraces-pt200array_pt203_r1_7536312_11-55cebeeb54,2026-05-03T06:55:01.065Z,27.558,3,68.48,345,0,0,,,,
powertraces-pt200array_pt203_r1_7536312_11-55cebeeb54,2026-05-03T06:55:01.165Z,27.658,0,67.72,345,0,0,,,,
powertraces-pt200array_pt203_r1_7536312_11-55cebeeb54,2026-05-03T06:55:01.165Z,27.658,1,67.75,345,0,0,,,,
powertraces-pt200array_pt203_r1_7536312_11-55cebeeb54,2026-05-03T06:55:01.165Z,27.658,2,69.09,345,0,0,,,,
powertraces-pt200array_pt203_r1_7536312_11-55cebeeb54,2026-05-03T06:55:01.165Z,27.658,3,68.49,345,0,0,,,,
powertraces-pt200array_pt203_r1_7536312_11-55cebeeb54,2026-05-03T06:55:01.265Z,27.758,0,67.71,345,0,0,,,,
powertraces-pt200array_pt203_r1_7536312_11-55cebeeb54,2026-05-03T06:55:01.265Z,27.758,1,67.74,345,0,0,,,,
powertraces-pt200array_pt203_r1_7536312_11-55cebeeb54,2026-05-03T06:55:01.265Z,27.758,2,69.08,345,0,0,,,,
powertraces-pt200array_pt203_r1_7536312_11-55cebeeb54,2026-05-03T06:55:01.265Z,27.758,3,68.5,345,0,0,,,,
powertraces-pt200array_pt203_r1_7536312_11-55cebeeb54,2026-05-03T06:55:01.365Z,27.858,0,67.73,345,0,0,,,,
powertraces-pt200array_pt203_r1_7536312_11-55cebeeb54,2026-05-03T06:55:01.366Z,27.859,1,67.73,345,0,0,,,,
powertraces-pt200array_pt203_r1_7536312_11-55cebeeb54,2026-05-03T06:55:01.366Z,27.859,2,69.04,345,0,0,,,,
powertraces-pt200array_pt203_r1_7536312_11-55cebeeb54,2026-05-03T06:55:01.366Z,27.859,3,68.48,345,0,0,,,,
powertraces-pt200array_pt203_r1_7536312_11-55cebeeb54,2026-05-03T06:55:01.466Z,27.959,0,67.74,345,0,0,,,,
powertraces-pt200array_pt203_r1_7536312_11-55cebeeb54,2026-05-03T06:55:01.466Z,27.959,1,67.74,345,0,0,,,,
powertraces-pt200array_pt203_r1_7536312_11-55cebeeb54,2026-05-03T06:55:01.466Z,27.959,2,69.05,345,0,0,,,,
powertraces-pt200array_pt203_r1_7536312_11-55cebeeb54,2026-05-03T06:55:01.466Z,27.959,3,68.46,345,0,0,,,,
powertraces-pt200array_pt203_r1_7536312_11-55cebeeb54,2026-05-03T06:55:01.566Z,28.059,0,67.74,345,0,0,,,,
powertraces-pt200array_pt203_r1_7536312_11-55cebeeb54,2026-05-03T06:55:01.566Z,28.059,1,67.77,345,0,0,,,,
powertraces-pt200array_pt203_r1_7536312_11-55cebeeb54,2026-05-03T06:55:01.566Z,28.059,2,69.07,345,0,0,,,,
powertraces-pt200array_pt203_r1_7536312_11-55cebeeb54,2026-05-03T06:55:01.566Z,28.059,3,68.45,345,0,0,,,,
powertraces-pt200array_pt203_r1_7536312_11-55cebeeb54,2026-05-03T06:55:01.666Z,28.159,0,67.74,345,0,0,,,,
powertraces-pt200array_pt203_r1_7536312_11-55cebeeb54,2026-05-03T06:55:01.666Z,28.159,1,67.74,345,0,0,,,,
powertraces-pt200array_pt203_r1_7536312_11-55cebeeb54,2026-05-03T06:55:01.666Z,28.159,2,69.11,345,0,0,,,,
powertraces-pt200array_pt203_r1_7536312_11-55cebeeb54,2026-05-03T06:55:01.666Z,28.159,3,68.45,345,0,0,,,,
powertraces-pt200array_pt203_r1_7536312_11-55cebeeb54,2026-05-03T06:55:01.766Z,28.259,0,67.73,345,0,0,,,,
powertraces-pt200array_pt203_r1_7536312_11-55cebeeb54,2026-05-03T06:55:01.766Z,28.259,1,67.74,345,0,0,,,,
powertraces-pt200array_pt203_r1_7536312_11-55cebeeb54,2026-05-03T06:55:01.766Z,28.259,2,69.14,345,0,0,,,,
powertraces-pt200array_pt203_r1_7536312_11-55cebeeb54,2026-05-03T06:55:01.766Z,28.259,3,68.45,345,0,0,,,,
powertraces-pt200array_pt203_r1_7536312_11-55cebeeb54,2026-05-03T06:55:01.866Z,28.359,0,67.71,345,0,0,,,,
powertraces-pt200array_pt203_r1_7536312_11-55cebeeb54,2026-05-03T06:55:01.866Z,28.359,1,67.78,345,0,0,,,,
powertraces-pt200array_pt203_r1_7536312_11-55cebeeb54,2026-05-03T06:55:01.866Z,28.359,2,69.07,345,0,0,,,,
powertraces-pt200array_pt203_r1_7536312_11-55cebeeb54,2026-05-03T06:55:01.866Z,28.359,3,68.46,345,0,0,,,,
powertraces-pt200array_pt203_r1_7536312_11-55cebeeb54,2026-05-03T06:55:01.967Z,28.46,0,67.72,345,0,0,,,,
powertraces-pt200array_pt203_r1_7536312_11-55cebeeb54,2026-05-03T06:55:01.967Z,28.46,1,67.74,345,0,0,,,,
powertraces-pt200array_pt203_r1_7536312_11-55cebeeb54,2026-05-03T06:55:01.967Z,28.46,2,69.07,345,0,0,,,,
powertraces-pt200array_pt203_r1_7536312_11-55cebeeb54,2026-05-03T06:55:01.967Z,28.46,3,68.44,345,0,0,,,,
powertraces-pt200array_pt203_r1_7536312_11-55cebeeb54,2026-05-03T06:55:02.067Z,28.56,0,67.71,345,0,0,,,,
powertraces-pt200array_pt203_r1_7536312_11-55cebeeb54,2026-05-03T06:55:02.067Z,28.56,1,67.74,345,0,0,,,,
powertraces-pt200array_pt203_r1_7536312_11-55cebeeb54,2026-05-03T06:55:02.067Z,28.56,2,69.12,345,0,0,,,,
powertraces-pt200array_pt203_r1_7536312_11-55cebeeb54,2026-05-03T06:55:02.067Z,28.56,3,68.43,345,0,0,,,,
powertraces-pt200array_pt203_r1_7536312_11-55cebeeb54,2026-05-03T06:55:02.167Z,28.66,0,67.69,345,0,0,,,,
powertraces-pt200array_pt203_r1_7536312_11-55cebeeb54,2026-05-03T06:55:02.167Z,28.66,1,67.76,345,0,0,,,,
powertraces-pt200array_pt203_r1_7536312_11-55cebeeb54,2026-05-03T06:55:02.167Z,28.66,2,69.11,345,0,0,,,,
powertraces-pt200array_pt203_r1_7536312_11-55cebeeb54,2026-05-03T06:55:02.167Z,28.66,3,68.42,345,0,0,,,,
powertraces-pt200array_pt203_r1_7536312_11-55cebeeb54,2026-05-03T06:55:02.267Z,28.76,0,67.72,345,0,0,,,,
powertraces-pt200array_pt203_r1_7536312_11-55cebeeb54,2026-05-03T06:55:02.267Z,28.76,1,67.76,345,0,0,,,,
powertraces-pt200array_pt203_r1_7536312_11-55cebeeb54,2026-05-03T06:55:02.267Z,28.76,2,69.14,345,0,0,,,,
powertraces-pt200array_pt203_r1_7536312_11-55cebeeb54,2026-05-03T06:55:02.267Z,28.76,3,68.4,345,0,0,,,,
powertraces-pt200array_pt203_r1_7536312_11-55cebeeb54,2026-05-03T06:55:02.367Z,28.86,0,67.72,345,0,0,,,,
powertraces-pt200array_pt203_r1_7536312_11-55cebeeb54,2026-05-03T06:55:02.367Z,28.86,1,67.79,345,0,0,,,,
powertraces-pt200array_pt203_r1_7536312_11-55cebeeb54,2026-05-03T06:55:02.367Z,28.86,2,69.18,345,0,0,,,,
powertraces-pt200array_pt203_r1_7536312_11-55cebeeb54,2026-05-03T06:55:02.367Z,28.86,3,68.42,345,0,0,,,,
powertraces-pt200array_pt203_r1_7536312_11-55cebeeb54,2026-05-03T06:55:02.467Z,28.96,0,67.74,345,0,0,,,,
powertraces-pt200array_pt203_r1_7536312_11-55cebeeb54,2026-05-03T06:55:02.467Z,28.96,1,67.79,345,0,0,,,,
powertraces-pt200array_pt203_r1_7536312_11-55cebeeb54,2026-05-03T06:55:02.467Z,28.96,2,69.17,345,0,0,,,,
powertraces-pt200array_pt203_r1_7536312_11-55cebeeb54,2026-05-03T06:55:02.467Z,28.96,3,68.44,345,0,0,,,,
powertraces-pt200array_pt203_r1_7536312_11-55cebeeb54,2026-05-03T06:55:02.568Z,29.061,0,67.73,345,0,0,,,,
powertraces-pt200array_pt203_r1_7536312_11-55cebeeb54,2026-05-03T06:55:02.568Z,29.061,1,67.78,345,0,0,,,,
powertraces-pt200array_pt203_r1_7536312_11-55cebeeb54,2026-05-03T06:55:02.568Z,29.061,2,69.19,345,0,0,,,,
powertraces-pt200array_pt203_r1_7536312_11-55cebeeb54,2026-05-03T06:55:02.568Z,29.061,3,68.45,345,0,0,,,,
powertraces-pt200array_pt203_r1_7536312_11-55cebeeb54,2026-05-03T06:55:02.668Z,29.161,0,67.74,345,0,0,,,,
powertraces-pt200array_pt203_r1_7536312_11-55cebeeb54,2026-05-03T06:55:02.668Z,29.161,1,67.82,345,0,0,,,,
powertraces-pt200array_pt203_r1_7536312_11-55cebeeb54,2026-05-03T06:55:02.668Z,29.161,2,69.16,345,0,0,,,,
powertraces-pt200array_pt203_r1_7536312_11-55cebeeb54,2026-05-03T06:55:02.668Z,29.161,3,68.45,345,0,0,,,,
powertraces-pt200array_pt203_r1_7536312_11-55cebeeb54,2026-05-03T06:55:02.768Z,29.261,0,67.75,345,0,0,,,,
powertraces-pt200array_pt203_r1_7536312_11-55cebeeb54,2026-05-03T06:55:02.768Z,29.261,1,67.81,345,0,0,,,,
powertraces-pt200array_pt203_r1_7536312_11-55cebeeb54,2026-05-03T06:55:02.768Z,29.261,2,69.16,345,0,0,,,,
powertraces-pt200array_pt203_r1_7536312_11-55cebeeb54,2026-05-03T06:55:02.768Z,29.261,3,68.44,345,0,0,,,,
powertraces-pt200array_pt203_r1_7536312_11-55cebeeb54,2026-05-03T06:55:02.868Z,29.361,0,67.76,345,0,0,,,,
powertraces-pt200array_pt203_r1_7536312_11-55cebeeb54,2026-05-03T06:55:02.868Z,29.361,1,67.78,345,0,0,,,,
powertraces-pt200array_pt203_r1_7536312_11-55cebeeb54,2026-05-03T06:55:02.868Z,29.361,2,69.17,345,0,0,,,,
powertraces-pt200array_pt203_r1_7536312_11-55cebeeb54,2026-05-03T06:55:02.868Z,29.361,3,68.46,345,0,0,,,,
powertraces-pt200array_pt203_r1_7536312_11-55cebeeb54,2026-05-03T06:55:02.968Z,29.461,0,67.75,345,0,0,,,,
powertraces-pt200array_pt203_r1_7536312_11-55cebeeb54,2026-05-03T06:55:02.968Z,29.461,1,67.8,345,0,0,,,,
powertraces-pt200array_pt203_r1_7536312_11-55cebeeb54,2026-05-03T06:55:02.968Z,29.461,2,69.15,345,0,0,,,,
powertraces-pt200array_pt203_r1_7536312_11-55cebeeb54,2026-05-03T06:55:02.968Z,29.461,3,68.45,345,0,0,,,,
powertraces-pt200array_pt203_r1_7536312_11-55cebeeb54,2026-05-03T06:55:03.068Z,29.561,0,67.76,345,0,0,,,,
powertraces-pt200array_pt203_r1_7536312_11-55cebeeb54,2026-05-03T06:55:03.068Z,29.561,1,67.85,345,0,0,,,,
powertraces-pt200array_pt203_r1_7536312_11-55cebeeb54,2026-05-03T06:55:03.068Z,29.561,2,69.15,345,0,0,,,,
powertraces-pt200array_pt203_r1_7536312_11-55cebeeb54,2026-05-03T06:55:03.068Z,29.561,3,68.46,345,0,0,,,,
powertraces-pt200array_pt203_r1_7536312_11-55cebeeb54,2026-05-03T06:55:03.169Z,29.662,0,67.76,345,0,0,,,,
powertraces-pt200array_pt203_r1_7536312_11-55cebeeb54,2026-05-03T06:55:03.169Z,29.662,1,67.82,345,0,0,,,,
powertraces-pt200array_pt203_r1_7536312_11-55cebeeb54,2026-05-03T06:55:03.169Z,29.662,2,69.12,345,0,0,,,,
powertraces-pt200array_pt203_r1_7536312_11-55cebeeb54,2026-05-03T06:55:03.169Z,29.662,3,68.46,345,0,0,,,,
powertraces-pt200array_pt203_r1_7536312_11-55cebeeb54,2026-05-03T06:55:03.269Z,29.762,0,67.75,345,0,0,,,,
powertraces-pt200array_pt203_r1_7536312_11-55cebeeb54,2026-05-03T06:55:03.269Z,29.762,1,67.83,345,0,0,,,,
powertraces-pt200array_pt203_r1_7536312_11-55cebeeb54,2026-05-03T06:55:03.269Z,29.762,2,69.12,345,0,0,,,,
powertraces-pt200array_pt203_r1_7536312_11-55cebeeb54,2026-05-03T06:55:03.269Z,29.762,3,68.47,345,0,0,,,,
powertraces-pt200array_pt203_r1_7536312_11-55cebeeb54,2026-05-03T06:55:03.369Z,29.862,0,67.75,345,0,0,,,,
powertraces-pt200array_pt203_r1_7536312_11-55cebeeb54,2026-05-03T06:55:03.369Z,29.862,1,67.85,345,0,0,,,,
powertraces-pt200array_pt203_r1_7536312_11-55cebeeb54,2026-05-03T06:55:03.369Z,29.862,2,69.06,345,0,0,,,,
powertraces-pt200array_pt203_r1_7536312_11-55cebeeb54,2026-05-03T06:55:03.369Z,29.862,3,68.48,345,0,0,,,,
powertraces-pt200array_pt203_r1_7536312_11-55cebeeb54,2026-05-03T06:55:03.469Z,29.962,0,67.72,345,0,0,,,,
powertraces-pt200array_pt203_r1_7536312_11-55cebeeb54,2026-05-03T06:55:03.469Z,29.962,1,67.85,345,0,0,,,,
powertraces-pt200array_pt203_r1_7536312_11-55cebeeb54,2026-05-03T06:55:03.469Z,29.962,2,69.08,345,0,0,,,,
powertraces-pt200array_pt203_r1_7536312_11-55cebeeb54,2026-05-03T06:55:03.469Z,29.962,3,68.46,345,0,0,,,,
powertraces-pt200array_pt203_r1_7536312_11-55cebeeb54,2026-05-03T06:55:03.569Z,30.062,0,67.71,345,0,0,,,,
powertraces-pt200array_pt203_r1_7536312_11-55cebeeb54,2026-05-03T06:55:03.569Z,30.062,1,67.84,345,0,0,,,,
powertraces-pt200array_pt203_r1_7536312_11-55cebeeb54,2026-05-03T06:55:03.569Z,30.062,2,69.05,345,0,0,,,,
powertraces-pt200array_pt203_r1_7536312_11-55cebeeb54,2026-05-03T06:55:03.569Z,30.062,3,68.44,345,0,0,,,,
powertraces-pt200array_pt203_r1_7536312_11-55cebeeb54,2026-05-03T06:55:03.669Z,30.162,0,67.72,345,0,0,,,,
powertraces-pt200array_pt203_r1_7536312_11-55cebeeb54,2026-05-03T06:55:03.669Z,30.162,1,67.85,345,0,0,,,,
powertraces-pt200array_pt203_r1_7536312_11-55cebeeb54,2026-05-03T06:55:03.669Z,30.162,2,69.05,345,0,0,,,,
powertraces-pt200array_pt203_r1_7536312_11-55cebeeb54,2026-05-03T06:55:03.669Z,30.162,3,68.46,345,0,0,,,,
powertraces-pt200array_pt203_r1_7536312_11-55cebeeb54,2026-05-03T06:55:03.769Z,30.262,0,67.71,345,0,0,,,,
powertraces-pt200array_pt203_r1_7536312_11-55cebeeb54,2026-05-03T06:55:03.769Z,30.262,1,67.85,345,0,0,,,,
powertraces-pt200array_pt203_r1_7536312_11-55cebeeb54,2026-05-03T06:55:03.769Z,30.262,2,69.04,345,0,0,,,,
powertraces-pt200array_pt203_r1_7536312_11-55cebeeb54,2026-05-03T06:55:03.769Z,30.262,3,68.47,345,0,0,,,,
powertraces-pt200array_pt203_r1_7536312_11-55cebeeb54,2026-05-03T06:55:03.87Z,30.363,0,67.72,345,0,0,,,,
powertraces-pt200array_pt203_r1_7536312_11-55cebeeb54,2026-05-03T06:55:03.87Z,30.363,1,67.85,345,0,0,,,,
powertraces-pt200array_pt203_r1_7536312_11-55cebeeb54,2026-05-03T06:55:03.87Z,30.363,2,69.01,345,0,0,,,,
powertraces-pt200array_pt203_r1_7536312_11-55cebeeb54,2026-05-03T06:55:03.87Z,30.363,3,68.48,345,0,0,,,,
powertraces-pt200array_pt203_r1_7536312_11-55cebeeb54,2026-05-03T06:55:03.97Z,30.463,0,67.73,345,0,0,,,,
powertraces-pt200array_pt203_r1_7536312_11-55cebeeb54,2026-05-03T06:55:03.97Z,30.463,1,67.85,345,0,0,,,,
powertraces-pt200array_pt203_r1_7536312_11-55cebeeb54,2026-05-03T06:55:03.97Z,30.463,2,69.03,345,0,0,,,,
powertraces-pt200array_pt203_r1_7536312_11-55cebeeb54,2026-05-03T06:55:03.97Z,30.463,3,68.47,345,0,0,,,,
powertraces-pt200array_pt203_r1_7536312_11-55cebeeb54,2026-05-03T06:55:04.07Z,30.563,0,67.74,345,0,0,,,,
powertraces-pt200array_pt203_r1_7536312_11-55cebeeb54,2026-05-03T06:55:04.07Z,30.563,1,67.83,345,0,0,,,,
powertraces-pt200array_pt203_r1_7536312_11-55cebeeb54,2026-05-03T06:55:04.07Z,30.563,2,68.98,345,0,0,,,,
powertraces-pt200array_pt203_r1_7536312_11-55cebeeb54,2026-05-03T06:55:04.07Z,30.563,3,68.46,345,0,0,,,,
powertraces-pt200array_pt203_r1_7536312_11-55cebeeb54,2026-05-03T06:55:04.17Z,30.663,0,67.75,345,0,0,,,,
powertraces-pt200array_pt203_r1_7536312_11-55cebeeb54,2026-05-03T06:55:04.17Z,30.663,1,67.84,345,0,0,,,,
powertraces-pt200array_pt203_r1_7536312_11-55cebeeb54,2026-05-03T06:55:04.17Z,30.663,2,69.0,345,0,0,,,,
powertraces-pt200array_pt203_r1_7536312_11-55cebeeb54,2026-05-03T06:55:04.17Z,30.663,3,68.47,345,0,0,,,,
powertraces-pt200array_pt203_r1_7536312_11-55cebeeb54,2026-05-03T06:55:04.27Z,30.763,0,67.75,345,0,0,,,,
powertraces-pt200array_pt203_r1_7536312_11-55cebeeb54,2026-05-03T06:55:04.27Z,30.763,1,67.83,345,0,0,,,,
powertraces-pt200array_pt203_r1_7536312_11-55cebeeb54,2026-05-03T06:55:04.27Z,30.763,2,69.0,345,0,0,,,,
powertraces-pt200array_pt203_r1_7536312_11-55cebeeb54,2026-05-03T06:55:04.27Z,30.763,3,68.46,345,0,0,,,,
powertraces-pt200array_pt203_r1_7536312_11-55cebeeb54,2026-05-03T06:55:04.37Z,30.863,0,67.74,345,0,0,,,,
powertraces-pt200array_pt203_r1_7536312_11-55cebeeb54,2026-05-03T06:55:04.371Z,30.864,1,67.79,345,0,0,,,,
powertraces-pt200array_pt203_r1_7536312_11-55cebeeb54,2026-05-03T06:55:04.371Z,30.864,2,69.03,345,0,0,,,,
powertraces-pt200array_pt203_r1_7536312_11-55cebeeb54,2026-05-03T06:55:04.371Z,30.864,3,68.47,345,0,0,,,,
powertraces-pt200array_pt203_r1_7536312_11-55cebeeb54,2026-05-03T06:55:04.471Z,30.964,0,67.75,345,0,0,,,,
powertraces-pt200array_pt203_r1_7536312_11-55cebeeb54,2026-05-03T06:55:04.471Z,30.964,1,67.78,345,0,0,,,,
powertraces-pt200array_pt203_r1_7536312_11-55cebeeb54,2026-05-03T06:55:04.471Z,30.964,2,69.01,345,0,0,,,,
powertraces-pt200array_pt203_r1_7536312_11-55cebeeb54,2026-05-03T06:55:04.471Z,30.964,3,68.48,345,0,0,,,,
powertraces-pt200array_pt203_r1_7536312_11-55cebeeb54,2026-05-03T06:55:04.571Z,31.064,0,67.74,345,0,0,,,,
powertraces-pt200array_pt203_r1_7536312_11-55cebeeb54,2026-05-03T06:55:04.571Z,31.064,1,67.8,345,0,0,,,,
powertraces-pt200array_pt203_r1_7536312_11-55cebeeb54,2026-05-03T06:55:04.571Z,31.064,2,69.02,345,0,0,,,,
powertraces-pt200array_pt203_r1_7536312_11-55cebeeb54,2026-05-03T06:55:04.571Z,31.064,3,68.48,345,0,0,,,,
powertraces-pt200array_pt203_r1_7536312_11-55cebeeb54,2026-05-03T06:55:04.671Z,31.164,0,67.71,345,0,0,,,,
powertraces-pt200array_pt203_r1_7536312_11-55cebeeb54,2026-05-03T06:55:04.671Z,31.164,1,67.8,345,0,0,,,,
powertraces-pt200array_pt203_r1_7536312_11-55cebeeb54,2026-05-03T06:55:04.671Z,31.164,2,69.01,345,0,0,,,,
powertraces-pt200array_pt203_r1_7536312_11-55cebeeb54,2026-05-03T06:55:04.671Z,31.164,3,68.49,345,0,0,,,,
powertraces-pt200array_pt203_r1_7536312_11-55cebeeb54,2026-05-03T06:55:04.771Z,31.264,0,67.7,345,0,0,,,,
powertraces-pt200array_pt203_r1_7536312_11-55cebeeb54,2026-05-03T06:55:04.771Z,31.264,1,67.79,345,0,0,,,,
powertraces-pt200array_pt203_r1_7536312_11-55cebeeb54,2026-05-03T06:55:04.771Z,31.264,2,69.0,345,0,0,,,,
powertraces-pt200array_pt203_r1_7536312_11-55cebeeb54,2026-05-03T06:55:04.771Z,31.264,3,68.46,345,0,0,,,,
powertraces-pt200array_pt203_r1_7536312_11-55cebeeb54,2026-05-03T06:55:04.871Z,31.364,0,67.68,345,0,0,,,,
powertraces-pt200array_pt203_r1_7536312_11-55cebeeb54,2026-05-03T06:55:04.871Z,31.364,1,67.79,345,0,0,,,,
powertraces-pt200array_pt203_r1_7536312_11-55cebeeb54,2026-05-03T06:55:04.871Z,31.364,2,69.04,345,0,0,,,,
powertraces-pt200array_pt203_r1_7536312_11-55cebeeb54,2026-05-03T06:55:04.871Z,31.364,3,68.46,345,0,0,,,,
powertraces-pt200array_pt203_r1_7536312_11-55cebeeb54,2026-05-03T06:55:04.972Z,31.465,0,67.65,345,0,0,,,,
powertraces-pt200array_pt203_r1_7536312_11-55cebeeb54,2026-05-03T06:55:04.972Z,31.465,1,67.77,345,0,0,,,,
powertraces-pt200array_pt203_r1_7536312_11-55cebeeb54,2026-05-03T06:55:04.972Z,31.465,2,69.02,345,0,0,,,,
powertraces-pt200array_pt203_r1_7536312_11-55cebeeb54,2026-05-03T06:55:04.972Z,31.465,3,68.45,345,0,0,,,,
powertraces-pt200array_pt203_r1_7536312_11-55cebeeb54,2026-05-03T06:55:05.072Z,31.565,0,67.65,345,0,0,,,,
powertraces-pt200array_pt203_r1_7536312_11-55cebeeb54,2026-05-03T06:55:05.072Z,31.565,1,67.79,345,0,0,,,,
powertraces-pt200array_pt203_r1_7536312_11-55cebeeb54,2026-05-03T06:55:05.072Z,31.565,2,69.06,345,0,0,,,,
powertraces-pt200array_pt203_r1_7536312_11-55cebeeb54,2026-05-03T06:55:05.072Z,31.565,3,68.46,345,0,0,,,,
powertraces-pt200array_pt203_r1_7536312_11-55cebeeb54,2026-05-03T06:55:05.172Z,31.665,0,67.62,345,0,0,,,,
powertraces-pt200array_pt203_r1_7536312_11-55cebeeb54,2026-05-03T06:55:05.172Z,31.665,1,67.81,345,0,0,,,,
powertraces-pt200array_pt203_r1_7536312_11-55cebeeb54,2026-05-03T06:55:05.172Z,31.665,2,69.09,345,0,0,,,,
powertraces-pt200array_pt203_r1_7536312_11-55cebeeb54,2026-05-03T06:55:05.172Z,31.665,3,68.44,345,0,0,,,,
powertraces-pt200array_pt203_r1_7536312_11-55cebeeb54,2026-05-03T06:55:05.272Z,31.765,0,67.64,345,0,0,,,,
powertraces-pt200array_pt203_r1_7536312_11-55cebeeb54,2026-05-03T06:55:05.272Z,31.765,1,67.81,345,0,0,,,,
powertraces-pt200array_pt203_r1_7536312_11-55cebeeb54,2026-05-03T06:55:05.272Z,31.765,2,69.07,345,0,0,,,,
powertraces-pt200array_pt203_r1_7536312_11-55cebeeb54,2026-05-03T06:55:05.272Z,31.765,3,68.46,345,0,0,,,,
powertraces-pt200array_pt203_r1_7536312_11-55cebeeb54,2026-05-03T06:55:05.372Z,31.865,0,67.65,345,0,0,,,,
powertraces-pt200array_pt203_r1_7536312_11-55cebeeb54,2026-05-03T06:55:05.372Z,31.865,1,67.83,345,0,0,,,,
powertraces-pt200array_pt203_r1_7536312_11-55cebeeb54,2026-05-03T06:55:05.372Z,31.865,2,69.04,345,0,0,,,,
powertraces-pt200array_pt203_r1_7536312_11-55cebeeb54,2026-05-03T06:55:05.372Z,31.865,3,68.46,345,0,0,,,,
powertraces-pt200array_pt203_r1_7536312_11-55cebeeb54,2026-05-03T06:55:05.472Z,31.965,0,67.67,345,0,0,,,,
powertraces-pt200array_pt203_r1_7536312_11-55cebeeb54,2026-05-03T06:55:05.473Z,31.966,1,67.88,345,0,0,,,,
powertraces-pt200array_pt203_r1_7536312_11-55cebeeb54,2026-05-03T06:55:05.473Z,31.966,2,69.04,345,0,0,,,,
powertraces-pt200array_pt203_r1_7536312_11-55cebeeb54,2026-05-03T06:55:05.473Z,31.966,3,68.45,345,0,0,,,,
powertraces-pt200array_pt203_r1_7536312_11-55cebeeb54,2026-05-03T06:55:05.573Z,32.066,0,67.67,345,0,0,,,,
powertraces-pt200array_pt203_r1_7536312_11-55cebeeb54,2026-05-03T06:55:05.573Z,32.066,1,67.9,345,0,0,,,,
powertraces-pt200array_pt203_r1_7536312_11-55cebeeb54,2026-05-03T06:55:05.573Z,32.066,2,69.03,345,0,0,,,,
powertraces-pt200array_pt203_r1_7536312_11-55cebeeb54,2026-05-03T06:55:05.573Z,32.066,3,68.47,345,0,0,,,,
powertraces-pt200array_pt203_r1_7536312_11-55cebeeb54,2026-05-03T06:55:05.673Z,32.166,0,67.69,345,0,0,,,,
powertraces-pt200array_pt203_r1_7536312_11-55cebeeb54,2026-05-03T06:55:05.673Z,32.166,1,67.87,345,0,0,,,,
powertraces-pt200array_pt203_r1_7536312_11-55cebeeb54,2026-05-03T06:55:05.673Z,32.166,2,69.08,345,0,0,,,,
powertraces-pt200array_pt203_r1_7536312_11-55cebeeb54,2026-05-03T06:55:05.673Z,32.166,3,68.44,345,0,0,,,,
powertraces-pt200array_pt203_r1_7536312_11-55cebeeb54,2026-05-03T06:55:05.773Z,32.266,0,67.72,345,0,0,,,,
powertraces-pt200array_pt203_r1_7536312_11-55cebeeb54,2026-05-03T06:55:05.773Z,32.266,1,67.88,345,0,0,,,,
powertraces-pt200array_pt203_r1_7536312_11-55cebeeb54,2026-05-03T06:55:05.773Z,32.266,2,69.14,345,0,0,,,,
powertraces-pt200array_pt203_r1_7536312_11-55cebeeb54,2026-05-03T06:55:05.773Z,32.266,3,68.46,345,0,0,,,,
powertraces-pt200array_pt203_r1_7536312_11-55cebeeb54,2026-05-03T06:55:05.873Z,32.366,0,67.73,345,0,0,,,,
powertraces-pt200array_pt203_r1_7536312_11-55cebeeb54,2026-05-03T06:55:05.873Z,32.366,1,67.88,345,0,0,,,,
powertraces-pt200array_pt203_r1_7536312_11-55cebeeb54,2026-05-03T06:55:05.873Z,32.366,2,69.13,345,0,0,,,,
powertraces-pt200array_pt203_r1_7536312_11-55cebeeb54,2026-05-03T06:55:05.873Z,32.366,3,68.47,345,0,0,,,,
powertraces-pt200array_pt203_r1_7536312_11-55cebeeb54,2026-05-03T06:55:05.973Z,32.466,0,67.74,345,0,0,,,,
powertraces-pt200array_pt203_r1_7536312_11-55cebeeb54,2026-05-03T06:55:05.973Z,32.466,1,67.89,345,0,0,,,,
powertraces-pt200array_pt203_r1_7536312_11-55cebeeb54,2026-05-03T06:55:05.973Z,32.466,2,69.15,345,0,0,,,,
powertraces-pt200array_pt203_r1_7536312_11-55cebeeb54,2026-05-03T06:55:05.973Z,32.466,3,68.49,345,0,0,,,,
powertraces-pt200array_pt203_r1_7536312_11-55cebeeb54,2026-05-03T06:55:06.074Z,32.567,0,67.73,345,0,0,,,,
powertraces-pt200array_pt203_r1_7536312_11-55cebeeb54,2026-05-03T06:55:06.074Z,32.567,1,67.87,345,0,0,,,,
powertraces-pt200array_pt203_r1_7536312_11-55cebeeb54,2026-05-03T06:55:06.074Z,32.567,2,69.13,345,0,0,,,,
powertraces-pt200array_pt203_r1_7536312_11-55cebeeb54,2026-05-03T06:55:06.074Z,32.567,3,68.48,345,0,0,,,,
powertraces-pt200array_pt203_r1_7536312_11-55cebeeb54,2026-05-03T06:55:06.174Z,32.667,0,67.75,345,0,0,,,,
powertraces-pt200array_pt203_r1_7536312_11-55cebeeb54,2026-05-03T06:55:06.174Z,32.667,1,67.85,345,0,0,,,,
powertraces-pt200array_pt203_r1_7536312_11-55cebeeb54,2026-05-03T06:55:06.174Z,32.667,2,69.16,345,0,0,,,,
powertraces-pt200array_pt203_r1_7536312_11-55cebeeb54,2026-05-03T06:55:06.174Z,32.667,3,68.48,345,0,0,,,,
powertraces-pt200array_pt203_r1_7536312_11-55cebeeb54,2026-05-03T06:55:06.274Z,32.767,0,67.74,345,0,0,,,,
powertraces-pt200array_pt203_r1_7536312_11-55cebeeb54,2026-05-03T06:55:06.274Z,32.767,1,67.87,345,0,0,,,,
powertraces-pt200array_pt203_r1_7536312_11-55cebeeb54,2026-05-03T06:55:06.274Z,32.767,2,69.19,345,0,0,,,,
powertraces-pt200array_pt203_r1_7536312_11-55cebeeb54,2026-05-03T06:55:06.274Z,32.767,3,68.48,345,0,0,,,,
powertraces-pt200array_pt203_r1_7536312_11-55cebeeb54,2026-05-03T06:55:06.374Z,32.867,0,67.74,345,0,0,,,,
powertraces-pt200array_pt203_r1_7536312_11-55cebeeb54,2026-05-03T06:55:06.374Z,32.867,1,67.84,345,0,0,,,,
powertraces-pt200array_pt203_r1_7536312_11-55cebeeb54,2026-05-03T06:55:06.374Z,32.867,2,69.22,345,0,0,,,,
powertraces-pt200array_pt203_r1_7536312_11-55cebeeb54,2026-05-03T06:55:06.374Z,32.867,3,68.48,345,0,0,,,,
powertraces-pt200array_pt203_r1_7536312_11-55cebeeb54,2026-05-03T06:55:06.474Z,32.967,0,67.72,345,0,0,,,,
powertraces-pt200array_pt203_r1_7536312_11-55cebeeb54,2026-05-03T06:55:06.474Z,32.967,1,67.81,345,0,0,,,,
powertraces-pt200array_pt203_r1_7536312_11-55cebeeb54,2026-05-03T06:55:06.474Z,32.967,2,69.25,345,0,0,,,,
powertraces-pt200array_pt203_r1_7536312_11-55cebeeb54,2026-05-03T06:55:06.474Z,32.967,3,68.47,345,0,0,,,,
powertraces-pt200array_pt203_r1_7536312_11-55cebeeb54,2026-05-03T06:55:06.574Z,33.067,0,67.72,345,0,0,,,,
powertraces-pt200array_pt203_r1_7536312_11-55cebeeb54,2026-05-03T06:55:06.575Z,33.068,1,67.79,345,0,0,,,,
powertraces-pt200array_pt203_r1_7536312_11-55cebeeb54,2026-05-03T06:55:06.575Z,33.068,2,69.25,345,0,0,,,,
powertraces-pt200array_pt203_r1_7536312_11-55cebeeb54,2026-05-03T06:55:06.575Z,33.068,3,68.44,345,0,0,,,,
powertraces-pt200array_pt203_r1_7536312_11-55cebeeb54,2026-05-03T06:55:06.675Z,33.168,0,67.72,345,0,0,,,,
powertraces-pt200array_pt203_r1_7536312_11-55cebeeb54,2026-05-03T06:55:06.675Z,33.168,1,67.82,345,0,0,,,,
powertraces-pt200array_pt203_r1_7536312_11-55cebeeb54,2026-05-03T06:55:06.675Z,33.168,2,69.22,345,0,0,,,,
powertraces-pt200array_pt203_r1_7536312_11-55cebeeb54,2026-05-03T06:55:06.675Z,33.168,3,68.45,345,0,0,,,,
powertraces-pt200array_pt203_r1_7536312_11-55cebeeb54,2026-05-03T06:55:06.775Z,33.268,0,67.74,345,0,0,,,,
powertraces-pt200array_pt203_r1_7536312_11-55cebeeb54,2026-05-03T06:55:06.775Z,33.268,1,67.79,345,0,0,,,,
powertraces-pt200array_pt203_r1_7536312_11-55cebeeb54,2026-05-03T06:55:06.775Z,33.268,2,69.23,345,0,0,,,,
powertraces-pt200array_pt203_r1_7536312_11-55cebeeb54,2026-05-03T06:55:06.775Z,33.268,3,68.47,345,0,0,,,,
powertraces-pt200array_pt203_r1_7536312_11-55cebeeb54,2026-05-03T06:55:06.875Z,33.368,0,67.72,345,0,0,,,,
powertraces-pt200array_pt203_r1_7536312_11-55cebeeb54,2026-05-03T06:55:06.875Z,33.368,1,67.78,345,0,0,,,,
powertraces-pt200array_pt203_r1_7536312_11-55cebeeb54,2026-05-03T06:55:06.875Z,33.368,2,69.22,345,0,0,,,,
powertraces-pt200array_pt203_r1_7536312_11-55cebeeb54,2026-05-03T06:55:06.875Z,33.368,3,68.48,345,0,0,,,,
powertraces-pt200array_pt203_r1_7536312_11-55cebeeb54,2026-05-03T06:55:06.975Z,33.468,0,67.72,345,0,0,,,,
powertraces-pt200array_pt203_r1_7536312_11-55cebeeb54,2026-05-03T06:55:06.975Z,33.468,1,67.78,345,0,0,,,,
powertraces-pt200array_pt203_r1_7536312_11-55cebeeb54,2026-05-03T06:55:06.975Z,33.468,2,69.17,345,0,0,,,,
powertraces-pt200array_pt203_r1_7536312_11-55cebeeb54,2026-05-03T06:55:06.975Z,33.468,3,68.47,345,0,0,,,,
powertraces-pt200array_pt203_r1_7536312_11-55cebeeb54,2026-05-03T06:55:07.075Z,33.568,0,67.72,345,0,0,,,,
powertraces-pt200array_pt203_r1_7536312_11-55cebeeb54,2026-05-03T06:55:07.075Z,33.568,1,67.79,345,0,0,,,,
powertraces-pt200array_pt203_r1_7536312_11-55cebeeb54,2026-05-03T06:55:07.075Z,33.568,2,69.17,345,0,0,,,,
powertraces-pt200array_pt203_r1_7536312_11-55cebeeb54,2026-05-03T06:55:07.075Z,33.568,3,68.47,345,0,0,,,,
powertraces-pt200array_pt203_r1_7536312_11-55cebeeb54,2026-05-03T06:55:07.176Z,33.669,0,67.74,345,0,0,,,,
powertraces-pt200array_pt203_r1_7536312_11-55cebeeb54,2026-05-03T06:55:07.176Z,33.669,1,67.79,345,0,0,,,,
powertraces-pt200array_pt203_r1_7536312_11-55cebeeb54,2026-05-03T06:55:07.176Z,33.669,2,69.14,345,0,0,,,,
powertraces-pt200array_pt203_r1_7536312_11-55cebeeb54,2026-05-03T06:55:07.176Z,33.669,3,68.46,345,0,0,,,,
powertraces-pt200array_pt203_r1_7536312_11-55cebeeb54,2026-05-03T06:55:07.276Z,33.769,0,67.73,345,0,0,,,,
powertraces-pt200array_pt203_r1_7536312_11-55cebeeb54,2026-05-03T06:55:07.276Z,33.769,1,67.78,345,0,0,,,,
powertraces-pt200array_pt203_r1_7536312_11-55cebeeb54,2026-05-03T06:55:07.276Z,33.769,2,69.13,345,0,0,,,,
powertraces-pt200array_pt203_r1_7536312_11-55cebeeb54,2026-05-03T06:55:07.276Z,33.769,3,68.46,345,0,0,,,,
powertraces-pt200array_pt203_r1_7536312_11-55cebeeb54,2026-05-03T06:55:07.376Z,33.869,0,67.75,345,0,0,,,,
powertraces-pt200array_pt203_r1_7536312_11-55cebeeb54,2026-05-03T06:55:07.376Z,33.869,1,67.78,345,0,0,,,,
powertraces-pt200array_pt203_r1_7536312_11-55cebeeb54,2026-05-03T06:55:07.376Z,33.869,2,69.13,345,0,0,,,,
powertraces-pt200array_pt203_r1_7536312_11-55cebeeb54,2026-05-03T06:55:07.376Z,33.869,3,68.48,345,0,0,,,,
powertraces-pt200array_pt203_r1_7536312_11-55cebeeb54,2026-05-03T06:55:07.476Z,33.969,0,67.75,345,0,0,,,,
powertraces-pt200array_pt203_r1_7536312_11-55cebeeb54,2026-05-03T06:55:07.476Z,33.969,1,67.78,345,0,0,,,,
powertraces-pt200array_pt203_r1_7536312_11-55cebeeb54,2026-05-03T06:55:07.476Z,33.969,2,69.08,345,0,0,,,,
powertraces-pt200array_pt203_r1_7536312_11-55cebeeb54,2026-05-03T06:55:07.476Z,33.969,3,68.48,345,0,0,,,,
powertraces-pt200array_pt203_r1_7536312_11-55cebeeb54,2026-05-03T06:55:07.576Z,34.069,0,67.75,345,0,0,,,,
powertraces-pt200array_pt203_r1_7536312_11-55cebeeb54,2026-05-03T06:55:07.576Z,34.069,1,67.76,345,0,0,,,,
powertraces-pt200array_pt203_r1_7536312_11-55cebeeb54,2026-05-03T06:55:07.576Z,34.069,2,69.12,345,0,0,,,,
powertraces-pt200array_pt203_r1_7536312_11-55cebeeb54,2026-05-03T06:55:07.576Z,34.069,3,68.48,345,0,0,,,,
powertraces-pt200array_pt203_r1_7536312_11-55cebeeb54,2026-05-03T06:55:07.676Z,34.169,0,67.76,345,0,0,,,,
powertraces-pt200array_pt203_r1_7536312_11-55cebeeb54,2026-05-03T06:55:07.677Z,34.17,1,67.74,345,0,0,,,,
powertraces-pt200array_pt203_r1_7536312_11-55cebeeb54,2026-05-03T06:55:07.677Z,34.17,2,69.11,345,0,0,,,,
powertraces-pt200array_pt203_r1_7536312_11-55cebeeb54,2026-05-03T06:55:07.677Z,34.17,3,68.49,345,0,0,,,,
powertraces-pt200array_pt203_r1_7536312_11-55cebeeb54,2026-05-03T06:55:07.777Z,34.27,0,67.71,345,0,0,,,,
powertraces-pt200array_pt203_r1_7536312_11-55cebeeb54,2026-05-03T06:55:07.777Z,34.27,1,67.75,345,0,0,,,,
powertraces-pt200array_pt203_r1_7536312_11-55cebeeb54,2026-05-03T06:55:07.777Z,34.27,2,69.08,345,0,0,,,,
powertraces-pt200array_pt203_r1_7536312_11-55cebeeb54,2026-05-03T06:55:07.777Z,34.27,3,68.48,345,0,0,,,,
powertraces-pt200array_pt203_r1_7536312_11-55cebeeb54,2026-05-03T06:55:07.877Z,34.37,0,67.73,345,0,0,,,,
powertraces-pt200array_pt203_r1_7536312_11-55cebeeb54,2026-05-03T06:55:07.877Z,34.37,1,67.75,345,0,0,,,,
powertraces-pt200array_pt203_r1_7536312_11-55cebeeb54,2026-05-03T06:55:07.877Z,34.37,2,69.05,345,0,0,,,,
powertraces-pt200array_pt203_r1_7536312_11-55cebeeb54,2026-05-03T06:55:07.877Z,34.37,3,68.43,345,0,0,,,,
powertraces-pt200array_pt203_r1_7536312_11-55cebeeb54,2026-05-03T06:55:07.977Z,34.47,0,67.71,345,0,0,,,,
powertraces-pt200array_pt203_r1_7536312_11-55cebeeb54,2026-05-03T06:55:07.977Z,34.47,1,67.77,345,0,0,,,,
powertraces-pt200array_pt203_r1_7536312_11-55cebeeb54,2026-05-03T06:55:07.977Z,34.47,2,69.08,345,0,0,,,,
powertraces-pt200array_pt203_r1_7536312_11-55cebeeb54,2026-05-03T06:55:07.977Z,34.47,3,68.43,345,0,0,,,,
powertraces-pt200array_pt203_r1_7536312_11-55cebeeb54,2026-05-03T06:55:08.077Z,34.57,0,67.72,345,0,0,,,,
powertraces-pt200array_pt203_r1_7536312_11-55cebeeb54,2026-05-03T06:55:08.077Z,34.57,1,67.76,345,0,0,,,,
powertraces-pt200array_pt203_r1_7536312_11-55cebeeb54,2026-05-03T06:55:08.077Z,34.57,2,69.07,345,0,0,,,,
powertraces-pt200array_pt203_r1_7536312_11-55cebeeb54,2026-05-03T06:55:08.077Z,34.57,3,68.43,345,0,0,,,,
powertraces-pt200array_pt203_r1_7536312_11-55cebeeb54,2026-05-03T06:55:08.177Z,34.67,0,67.7,345,0,0,,,,
powertraces-pt200array_pt203_r1_7536312_11-55cebeeb54,2026-05-03T06:55:08.177Z,34.67,1,67.76,345,0,0,,,,
powertraces-pt200array_pt203_r1_7536312_11-55cebeeb54,2026-05-03T06:55:08.178Z,34.671,2,69.07,345,0,0,,,,
powertraces-pt200array_pt203_r1_7536312_11-55cebeeb54,2026-05-03T06:55:08.178Z,34.671,3,68.43,345,0,0,,,,
powertraces-pt200array_pt203_r1_7536312_11-55cebeeb54,2026-05-03T06:55:08.278Z,34.771,0,67.72,345,0,0,,,,
powertraces-pt200array_pt203_r1_7536312_11-55cebeeb54,2026-05-03T06:55:08.278Z,34.771,1,67.75,345,0,0,,,,
powertraces-pt200array_pt203_r1_7536312_11-55cebeeb54,2026-05-03T06:55:08.278Z,34.771,2,69.05,345,0,0,,,,
powertraces-pt200array_pt203_r1_7536312_11-55cebeeb54,2026-05-03T06:55:08.278Z,34.771,3,68.44,345,0,0,,,,
powertraces-pt200array_pt203_r1_7536312_11-55cebeeb54,2026-05-03T06:55:08.378Z,34.871,0,67.71,345,0,0,,,,
powertraces-pt200array_pt203_r1_7536312_11-55cebeeb54,2026-05-03T06:55:08.378Z,34.871,1,67.77,345,0,0,,,,
powertraces-pt200array_pt203_r1_7536312_11-55cebeeb54,2026-05-03T06:55:08.378Z,34.871,2,69.02,345,0,0,,,,
powertraces-pt200array_pt203_r1_7536312_11-55cebeeb54,2026-05-03T06:55:08.378Z,34.871,3,68.44,345,0,0,,,,
powertraces-pt200array_pt203_r1_7536312_11-55cebeeb54,2026-05-03T06:55:08.478Z,34.971,0,67.7,345,0,0,,,,
powertraces-pt200array_pt203_r1_7536312_11-55cebeeb54,2026-05-03T06:55:08.478Z,34.971,1,67.77,345,0,0,,,,
powertraces-pt200array_pt203_r1_7536312_11-55cebeeb54,2026-05-03T06:55:08.478Z,34.971,2,69.04,345,0,0,,,,
powertraces-pt200array_pt203_r1_7536312_11-55cebeeb54,2026-05-03T06:55:08.478Z,34.971,3,68.43,345,0,0,,,,
powertraces-pt200array_pt203_r1_7536312_11-55cebeeb54,2026-05-03T06:55:08.578Z,35.071,0,67.7,345,0,0,,,,
powertraces-pt200array_pt203_r1_7536312_11-55cebeeb54,2026-05-03T06:55:08.578Z,35.071,1,67.78,345,0,0,,,,
powertraces-pt200array_pt203_r1_7536312_11-55cebeeb54,2026-05-03T06:55:08.578Z,35.071,2,69.01,345,0,0,,,,
powertraces-pt200array_pt203_r1_7536312_11-55cebeeb54,2026-05-03T06:55:08.578Z,35.071,3,68.45,345,0,0,,,,
powertraces-pt200array_pt203_r1_7536312_11-55cebeeb54,2026-05-03T06:55:08.678Z,35.171,0,67.68,345,0,0,,,,
powertraces-pt200array_pt203_r1_7536312_11-55cebeeb54,2026-05-03T06:55:08.678Z,35.171,1,67.78,345,0,0,,,,
powertraces-pt200array_pt203_r1_7536312_11-55cebeeb54,2026-05-03T06:55:08.678Z,35.171,2,69.03,345,0,0,,,,
powertraces-pt200array_pt203_r1_7536312_11-55cebeeb54,2026-05-03T06:55:08.678Z,35.171,3,68.44,345,0,0,,,,
powertraces-pt200array_pt203_r1_7536312_11-55cebeeb54,2026-05-03T06:55:08.779Z,35.272,0,67.7,345,0,0,,,,
powertraces-pt200array_pt203_r1_7536312_11-55cebeeb54,2026-05-03T06:55:08.779Z,35.272,1,67.78,345,0,0,,,,
powertraces-pt200array_pt203_r1_7536312_11-55cebeeb54,2026-05-03T06:55:08.779Z,35.272,2,69.03,345,0,0,,,,
powertraces-pt200array_pt203_r1_7536312_11-55cebeeb54,2026-05-03T06:55:08.779Z,35.272,3,68.45,345,0,0,,,,
powertraces-pt200array_pt203_r1_7536312_11-55cebeeb54,2026-05-03T06:55:08.879Z,35.372,0,67.7,345,0,0,,,,
powertraces-pt200array_pt203_r1_7536312_11-55cebeeb54,2026-05-03T06:55:08.879Z,35.372,1,67.75,345,0,0,,,,
powertraces-pt200array_pt203_r1_7536312_11-55cebeeb54,2026-05-03T06:55:08.879Z,35.372,2,69.05,345,0,0,,,,
powertraces-pt200array_pt203_r1_7536312_11-55cebeeb54,2026-05-03T06:55:08.879Z,35.372,3,68.47,345,0,0,,,,
powertraces-pt200array_pt203_r1_7536312_11-55cebeeb54,2026-05-03T06:55:08.979Z,35.472,0,67.72,345,0,0,,,,
powertraces-pt200array_pt203_r1_7536312_11-55cebeeb54,2026-05-03T06:55:08.979Z,35.472,1,67.74,345,0,0,,,,
powertraces-pt200array_pt203_r1_7536312_11-55cebeeb54,2026-05-03T06:55:08.979Z,35.472,2,69.04,345,0,0,,,,
powertraces-pt200array_pt203_r1_7536312_11-55cebeeb54,2026-05-03T06:55:08.979Z,35.472,3,68.47,345,0,0,,,,
powertraces-pt200array_pt203_r1_7536312_11-55cebeeb54,2026-05-03T06:55:09.079Z,35.572,0,67.72,345,0,0,,,,
powertraces-pt200array_pt203_r1_7536312_11-55cebeeb54,2026-05-03T06:55:09.079Z,35.572,1,67.74,345,0,0,,,,
powertraces-pt200array_pt203_r1_7536312_11-55cebeeb54,2026-05-03T06:55:09.079Z,35.572,2,69.04,345,0,0,,,,
powertraces-pt200array_pt203_r1_7536312_11-55cebeeb54,2026-05-03T06:55:09.079Z,35.572,3,68.46,345,0,0,,,,
powertraces-pt200array_pt203_r1_7536312_11-55cebeeb54,2026-05-03T06:55:09.179Z,35.672,0,67.72,345,0,0,,,,
powertraces-pt200array_pt203_r1_7536312_11-55cebeeb54,2026-05-03T06:55:09.179Z,35.672,1,67.75,345,0,0,,,,
powertraces-pt200array_pt203_r1_7536312_11-55cebeeb54,2026-05-03T06:55:09.179Z,35.672,2,69.0,345,0,0,,,,
powertraces-pt200array_pt203_r1_7536312_11-55cebeeb54,2026-05-03T06:55:09.179Z,35.672,3,68.45,345,0,0,,,,
powertraces-pt200array_pt203_r1_7536312_11-55cebeeb54,2026-05-03T06:55:09.279Z,35.772,0,67.72,345,0,0,,,,
powertraces-pt200array_pt203_r1_7536312_11-55cebeeb54,2026-05-03T06:55:09.28Z,35.773,1,67.73,345,0,0,,,,
powertraces-pt200array_pt203_r1_7536312_11-55cebeeb54,2026-05-03T06:55:09.28Z,35.773,2,69.03,345,0,0,,,,
powertraces-pt200array_pt203_r1_7536312_11-55cebeeb54,2026-05-03T06:55:09.28Z,35.773,3,68.45,345,0,0,,,,
powertraces-pt200array_pt203_r1_7536312_11-55cebeeb54,2026-05-03T06:55:09.38Z,35.873,0,67.71,345,0,0,,,,
powertraces-pt200array_pt203_r1_7536312_11-55cebeeb54,2026-05-03T06:55:09.38Z,35.873,1,67.72,345,0,0,,,,
powertraces-pt200array_pt203_r1_7536312_11-55cebeeb54,2026-05-03T06:55:09.38Z,35.873,2,69.0,345,0,0,,,,
powertraces-pt200array_pt203_r1_7536312_11-55cebeeb54,2026-05-03T06:55:09.38Z,35.873,3,68.44,345,0,0,,,,
powertraces-pt200array_pt203_r1_7536312_11-55cebeeb54,2026-05-03T06:55:09.48Z,35.973,0,67.71,345,0,0,,,,
powertraces-pt200array_pt203_r1_7536312_11-55cebeeb54,2026-05-03T06:55:09.48Z,35.973,1,67.73,345,0,0,,,,
powertraces-pt200array_pt203_r1_7536312_11-55cebeeb54,2026-05-03T06:55:09.48Z,35.973,2,69.02,345,0,0,,,,
powertraces-pt200array_pt203_r1_7536312_11-55cebeeb54,2026-05-03T06:55:09.48Z,35.973,3,68.45,345,0,0,,,,
powertraces-pt200array_pt203_r1_7536312_11-55cebeeb54,2026-05-03T06:55:09.58Z,36.073,0,67.72,345,0,0,,,,
powertraces-pt200array_pt203_r1_7536312_11-55cebeeb54,2026-05-03T06:55:09.58Z,36.073,1,67.73,345,0,0,,,,
powertraces-pt200array_pt203_r1_7536312_11-55cebeeb54,2026-05-03T06:55:09.58Z,36.073,2,68.98,345,0,0,,,,
powertraces-pt200array_pt203_r1_7536312_11-55cebeeb54,2026-05-03T06:55:09.58Z,36.073,3,68.44,345,0,0,,,,
powertraces-pt200array_pt203_r1_7536312_11-55cebeeb54,2026-05-03T06:55:09.68Z,36.173,0,67.72,345,0,0,,,,
powertraces-pt200array_pt203_r1_7536312_11-55cebeeb54,2026-05-03T06:55:09.68Z,36.173,1,67.73,345,0,0,,,,
powertraces-pt200array_pt203_r1_7536312_11-55cebeeb54,2026-05-03T06:55:09.68Z,36.173,2,68.94,345,0,0,,,,
powertraces-pt200array_pt203_r1_7536312_11-55cebeeb54,2026-05-03T06:55:09.68Z,36.173,3,68.43,345,0,0,,,,
powertraces-pt200array_pt203_r1_7536312_11-55cebeeb54,2026-05-03T06:55:09.78Z,36.273,0,67.73,345,0,0,,,,
powertraces-pt200array_pt203_r1_7536312_11-55cebeeb54,2026-05-03T06:55:09.78Z,36.273,1,67.72,345,0,0,,,,
powertraces-pt200array_pt203_r1_7536312_11-55cebeeb54,2026-05-03T06:55:09.78Z,36.273,2,68.91,345,0,0,,,,
powertraces-pt200array_pt203_r1_7536312_11-55cebeeb54,2026-05-03T06:55:09.78Z,36.273,3,68.42,345,0,0,,,,
powertraces-pt200array_pt203_r1_7536312_11-55cebeeb54,2026-05-03T06:55:09.881Z,36.374,0,67.74,345,0,0,,,,
powertraces-pt200array_pt203_r1_7536312_11-55cebeeb54,2026-05-03T06:55:09.881Z,36.374,1,67.74,345,0,0,,,,
powertraces-pt200array_pt203_r1_7536312_11-55cebeeb54,2026-05-03T06:55:09.881Z,36.374,2,68.9,345,0,0,,,,
powertraces-pt200array_pt203_r1_7536312_11-55cebeeb54,2026-05-03T06:55:09.881Z,36.374,3,68.44,345,0,0,,,,
powertraces-pt200array_pt203_r1_7536312_11-55cebeeb54,2026-05-03T06:55:09.981Z,36.474,0,67.74,345,0,0,,,,
powertraces-pt200array_pt203_r1_7536312_11-55cebeeb54,2026-05-03T06:55:09.981Z,36.474,1,67.74,345,0,0,,,,
powertraces-pt200array_pt203_r1_7536312_11-55cebeeb54,2026-05-03T06:55:09.981Z,36.474,2,68.92,345,0,0,,,,
powertraces-pt200array_pt203_r1_7536312_11-55cebeeb54,2026-05-03T06:55:09.981Z,36.474,3,68.45,345,0,0,,,,
powertraces-pt200array_pt203_r1_7536312_11-55cebeeb54,2026-05-03T06:55:10.081Z,36.574,0,67.75,345,0,0,,,,
powertraces-pt200array_pt203_r1_7536312_11-55cebeeb54,2026-05-03T06:55:10.081Z,36.574,1,67.72,345,0,0,,,,
powertraces-pt200array_pt203_r1_7536312_11-55cebeeb54,2026-05-03T06:55:10.081Z,36.574,2,68.92,345,0,0,,,,
powertraces-pt200array_pt203_r1_7536312_11-55cebeeb54,2026-05-03T06:55:10.081Z,36.574,3,68.45,345,0,0,,,,
powertraces-pt200array_pt203_r1_7536312_11-55cebeeb54,2026-05-03T06:55:10.181Z,36.674,0,67.74,345,0,0,,,,
powertraces-pt200array_pt203_r1_7536312_11-55cebeeb54,2026-05-03T06:55:10.181Z,36.674,1,67.72,345,0,0,,,,
powertraces-pt200array_pt203_r1_7536312_11-55cebeeb54,2026-05-03T06:55:10.181Z,36.674,2,68.95,345,0,0,,,,
powertraces-pt200array_pt203_r1_7536312_11-55cebeeb54,2026-05-03T06:55:10.181Z,36.674,3,68.44,345,0,0,,,,
powertraces-pt200array_pt203_r1_7536312_11-55cebeeb54,2026-05-03T06:55:10.281Z,36.774,0,67.75,345,0,0,,,,
powertraces-pt200array_pt203_r1_7536312_11-55cebeeb54,2026-05-03T06:55:10.281Z,36.774,1,67.74,345,0,0,,,,
powertraces-pt200array_pt203_r1_7536312_11-55cebeeb54,2026-05-03T06:55:10.281Z,36.774,2,68.92,345,0,0,,,,
powertraces-pt200array_pt203_r1_7536312_11-55cebeeb54,2026-05-03T06:55:10.281Z,36.774,3,68.44,345,0,0,,,,
powertraces-pt200array_pt203_r1_7536312_11-55cebeeb54,2026-05-03T06:55:10.381Z,36.874,0,67.75,345,0,0,,,,
powertraces-pt200array_pt203_r1_7536312_11-55cebeeb54,2026-05-03T06:55:10.382Z,36.875,1,67.75,345,0,0,,,,
powertraces-pt200array_pt203_r1_7536312_11-55cebeeb54,2026-05-03T06:55:10.382Z,36.875,2,68.88,345,0,0,,,,
powertraces-pt200array_pt203_r1_7536312_11-55cebeeb54,2026-05-03T06:55:10.382Z,36.875,3,68.45,345,0,0,,,,
powertraces-pt200array_pt203_r1_7536312_11-55cebeeb54,2026-05-03T06:55:10.482Z,36.975,0,67.74,345,0,0,,,,
powertraces-pt200array_pt203_r1_7536312_11-55cebeeb54,2026-05-03T06:55:10.482Z,36.975,1,67.74,345,0,0,,,,
powertraces-pt200array_pt203_r1_7536312_11-55cebeeb54,2026-05-03T06:55:10.482Z,36.975,2,68.85,345,0,0,,,,
powertraces-pt200array_pt203_r1_7536312_11-55cebeeb54,2026-05-03T06:55:10.482Z,36.975,3,68.44,345,0,0,,,,
powertraces-pt200array_pt203_r1_7536312_11-55cebeeb54,2026-05-03T06:55:10.582Z,37.075,0,67.75,345,0,0,,,,
powertraces-pt200array_pt203_r1_7536312_11-55cebeeb54,2026-05-03T06:55:10.582Z,37.075,1,67.74,345,0,0,,,,
powertraces-pt200array_pt203_r1_7536312_11-55cebeeb54,2026-05-03T06:55:10.582Z,37.075,2,68.88,345,0,0,,,,
powertraces-pt200array_pt203_r1_7536312_11-55cebeeb54,2026-05-03T06:55:10.582Z,37.075,3,68.43,345,0,0,,,,
powertraces-pt200array_pt203_r1_7536312_11-55cebeeb54,2026-05-03T06:55:10.682Z,37.175,0,67.8,345,0,0,,,,
powertraces-pt200array_pt203_r1_7536312_11-55cebeeb54,2026-05-03T06:55:10.682Z,37.175,1,67.82,345,0,0,,,,
powertraces-pt200array_pt203_r1_7536312_11-55cebeeb54,2026-05-03T06:55:10.682Z,37.175,2,68.98,345,0,0,,,,
powertraces-pt200array_pt203_r1_7536312_11-55cebeeb54,2026-05-03T06:55:10.682Z,37.175,3,68.46,345,0,0,,,,
powertraces-pt200array_pt203_r1_7536312_11-55cebeeb54,2026-05-03T06:55:10.782Z,37.275,0,67.82,345,0,0,,,,
powertraces-pt200array_pt203_r1_7536312_11-55cebeeb54,2026-05-03T06:55:10.782Z,37.275,1,67.86,345,0,0,,,,
powertraces-pt200array_pt203_r1_7536312_11-55cebeeb54,2026-05-03T06:55:10.782Z,37.275,2,69.08,345,0,0,,,,
powertraces-pt200array_pt203_r1_7536312_11-55cebeeb54,2026-05-03T06:55:10.782Z,37.275,3,68.49,345,0,0,,,,
powertraces-pt200array_pt203_r1_7536312_11-55cebeeb54,2026-05-03T06:55:10.882Z,37.375,0,67.84,345,0,0,,,,
powertraces-pt200array_pt203_r1_7536312_11-55cebeeb54,2026-05-03T06:55:10.882Z,37.375,1,67.9,345,0,0,,,,
powertraces-pt200array_pt203_r1_7536312_11-55cebeeb54,2026-05-03T06:55:10.882Z,37.375,2,69.16,345,0,0,,,,
powertraces-pt200array_pt203_r1_7536312_11-55cebeeb54,2026-05-03T06:55:10.882Z,37.375,3,68.48,345,0,0,,,,
powertraces-pt200array_pt203_r1_7536312_11-55cebeeb54,2026-05-03T06:55:10.983Z,37.476,0,67.86,345,0,0,,,,
powertraces-pt200array_pt203_r1_7536312_11-55cebeeb54,2026-05-03T06:55:10.983Z,37.476,1,67.94,345,0,0,,,,
powertraces-pt200array_pt203_r1_7536312_11-55cebeeb54,2026-05-03T06:55:10.983Z,37.476,2,69.22,345,0,0,,,,
powertraces-pt200array_pt203_r1_7536312_11-55cebeeb54,2026-05-03T06:55:10.983Z,37.476,3,68.49,345,0,0,,,,
powertraces-pt200array_pt203_r1_7536312_11-55cebeeb54,2026-05-03T06:55:11.083Z,37.576,0,67.88,345,0,0,,,,
powertraces-pt200array_pt203_r1_7536312_11-55cebeeb54,2026-05-03T06:55:11.083Z,37.576,1,67.99,345,0,0,,,,
powertraces-pt200array_pt203_r1_7536312_11-55cebeeb54,2026-05-03T06:55:11.083Z,37.576,2,69.28,345,0,0,,,,
powertraces-pt200array_pt203_r1_7536312_11-55cebeeb54,2026-05-03T06:55:11.083Z,37.576,3,68.5,345,0,0,,,,
powertraces-pt200array_pt203_r1_7536312_11-55cebeeb54,2026-05-03T06:55:11.183Z,37.676,0,67.93,345,0,0,,,,
powertraces-pt200array_pt203_r1_7536312_11-55cebeeb54,2026-05-03T06:55:11.183Z,37.676,1,68.04,345,0,0,,,,
powertraces-pt200array_pt203_r1_7536312_11-55cebeeb54,2026-05-03T06:55:11.183Z,37.676,2,69.3,345,0,0,,,,
powertraces-pt200array_pt203_r1_7536312_11-55cebeeb54,2026-05-03T06:55:11.183Z,37.676,3,68.54,345,0,0,,,,
powertraces-pt200array_pt203_r1_7536312_11-55cebeeb54,2026-05-03T06:55:11.283Z,37.776,0,67.95,345,0,0,,,,
powertraces-pt200array_pt203_r1_7536312_11-55cebeeb54,2026-05-03T06:55:11.283Z,37.776,1,68.06,345,0,0,,,,
powertraces-pt200array_pt203_r1_7536312_11-55cebeeb54,2026-05-03T06:55:11.283Z,37.776,2,69.36,345,0,0,,,,
powertraces-pt200array_pt203_r1_7536312_11-55cebeeb54,2026-05-03T06:55:11.283Z,37.776,3,68.57,345,0,0,,,,
powertraces-pt200array_pt203_r1_7536312_11-55cebeeb54,2026-05-03T06:55:11.383Z,37.876,0,68.02,345,0,0,,,,
powertraces-pt200array_pt203_r1_7536312_11-55cebeeb54,2026-05-03T06:55:11.383Z,37.876,1,68.11,345,0,0,,,,
powertraces-pt200array_pt203_r1_7536312_11-55cebeeb54,2026-05-03T06:55:11.383Z,37.876,2,69.41,345,0,0,,,,
powertraces-pt200array_pt203_r1_7536312_11-55cebeeb54,2026-05-03T06:55:11.383Z,37.876,3,68.61,345,0,0,,,,
powertraces-pt200array_pt203_r1_7536312_11-55cebeeb54,2026-05-03T06:55:11.484Z,37.977,0,68.04,345,0,0,,,,
powertraces-pt200array_pt203_r1_7536312_11-55cebeeb54,2026-05-03T06:55:11.484Z,37.977,1,68.13,345,0,0,,,,
powertraces-pt200array_pt203_r1_7536312_11-55cebeeb54,2026-05-03T06:55:11.484Z,37.977,2,69.45,345,0,0,,,,
powertraces-pt200array_pt203_r1_7536312_11-55cebeeb54,2026-05-03T06:55:11.484Z,37.977,3,68.65,345,0,0,,,,
powertraces-pt200array_pt203_r1_7536312_11-55cebeeb54,2026-05-03T06:55:11.584Z,38.077,0,68.07,345,0,0,,,,
powertraces-pt200array_pt203_r1_7536312_11-55cebeeb54,2026-05-03T06:55:11.584Z,38.077,1,68.16,345,0,0,,,,
powertraces-pt200array_pt203_r1_7536312_11-55cebeeb54,2026-05-03T06:55:11.584Z,38.077,2,69.51,345,0,0,,,,
powertraces-pt200array_pt203_r1_7536312_11-55cebeeb54,2026-05-03T06:55:11.584Z,38.077,3,68.67,345,0,0,,,,
powertraces-pt200array_pt203_r1_7536312_11-55cebeeb54,2026-05-03T06:55:11.684Z,38.177,0,68.05,345,0,0,,,,
powertraces-pt200array_pt203_r1_7536312_11-55cebeeb54,2026-05-03T06:55:11.684Z,38.177,1,68.13,345,0,0,,,,
powertraces-pt200array_pt203_r1_7536312_11-55cebeeb54,2026-05-03T06:55:11.684Z,38.177,2,69.51,345,0,0,,,,
powertraces-pt200array_pt203_r1_7536312_11-55cebeeb54,2026-05-03T06:55:11.684Z,38.177,3,68.67,345,0,0,,,,
powertraces-pt200array_pt203_r1_7536312_11-55cebeeb54,2026-05-03T06:55:11.784Z,38.277,0,68.04,345,0,0,,,,
powertraces-pt200array_pt203_r1_7536312_11-55cebeeb54,2026-05-03T06:55:11.784Z,38.277,1,68.13,345,0,0,,,,
powertraces-pt200array_pt203_r1_7536312_11-55cebeeb54,2026-05-03T06:55:11.784Z,38.277,2,69.5,345,0,0,,,,
powertraces-pt200array_pt203_r1_7536312_11-55cebeeb54,2026-05-03T06:55:11.784Z,38.277,3,68.69,345,0,0,,,,
powertraces-pt200array_pt203_r1_7536312_11-55cebeeb54,2026-05-03T06:55:11.884Z,38.377,0,68.07,345,0,0,,,,
powertraces-pt200array_pt203_r1_7536312_11-55cebeeb54,2026-05-03T06:55:11.884Z,38.377,1,68.13,345,0,0,,,,
powertraces-pt200array_pt203_r1_7536312_11-55cebeeb54,2026-05-03T06:55:11.884Z,38.377,2,69.48,345,0,0,,,,
powertraces-pt200array_pt203_r1_7536312_11-55cebeeb54,2026-05-03T06:55:11.884Z,38.377,3,68.72,345,0,0,,,,
powertraces-pt200array_pt203_r1_7536312_11-55cebeeb54,2026-05-03T06:55:11.984Z,38.477,0,68.07,345,0,0,,,,
powertraces-pt200array_pt203_r1_7536312_11-55cebeeb54,2026-05-03T06:55:11.984Z,38.477,1,68.14,345,0,0,,,,
powertraces-pt200array_pt203_r1_7536312_11-55cebeeb54,2026-05-03T06:55:11.984Z,38.477,2,69.47,345,0,0,,,,
powertraces-pt200array_pt203_r1_7536312_11-55cebeeb54,2026-05-03T06:55:11.985Z,38.478,3,68.74,345,0,0,,,,
powertraces-pt200array_pt203_r1_7536312_11-55cebeeb54,2026-05-03T06:55:12.085Z,38.578,0,68.08,345,0,0,,,,
powertraces-pt200array_pt203_r1_7536312_11-55cebeeb54,2026-05-03T06:55:12.085Z,38.578,1,68.11,345,0,0,,,,
powertraces-pt200array_pt203_r1_7536312_11-55cebeeb54,2026-05-03T06:55:12.085Z,38.578,2,69.5,345,0,0,,,,
powertraces-pt200array_pt203_r1_7536312_11-55cebeeb54,2026-05-03T06:55:12.085Z,38.578,3,68.75,345,0,0,,,,
powertraces-pt200array_pt203_r1_7536312_11-55cebeeb54,2026-05-03T06:55:12.185Z,38.678,0,68.07,345,0,0,,,,
powertraces-pt200array_pt203_r1_7536312_11-55cebeeb54,2026-05-03T06:55:12.185Z,38.678,1,68.12,345,0,0,,,,
powertraces-pt200array_pt203_r1_7536312_11-55cebeeb54,2026-05-03T06:55:12.185Z,38.678,2,69.51,345,0,0,,,,
powertraces-pt200array_pt203_r1_7536312_11-55cebeeb54,2026-05-03T06:55:12.185Z,38.678,3,68.76,345,0,0,,,,
powertraces-pt200array_pt203_r1_7536312_11-55cebeeb54,2026-05-03T06:55:12.285Z,38.778,0,68.06,345,0,0,,,,
powertraces-pt200array_pt203_r1_7536312_11-55cebeeb54,2026-05-03T06:55:12.285Z,38.778,1,68.12,345,0,0,,,,
powertraces-pt200array_pt203_r1_7536312_11-55cebeeb54,2026-05-03T06:55:12.285Z,38.778,2,69.56,345,0,0,,,,
powertraces-pt200array_pt203_r1_7536312_11-55cebeeb54,2026-05-03T06:55:12.285Z,38.778,3,68.77,345,0,0,,,,
powertraces-pt200array_pt203_r1_7536312_11-55cebeeb54,2026-05-03T06:55:12.385Z,38.878,0,68.04,345,0,0,,,,
powertraces-pt200array_pt203_r1_7536312_11-55cebeeb54,2026-05-03T06:55:12.385Z,38.878,1,68.09,345,0,0,,,,
powertraces-pt200array_pt203_r1_7536312_11-55cebeeb54,2026-05-03T06:55:12.385Z,38.878,2,69.58,345,0,0,,,,
powertraces-pt200array_pt203_r1_7536312_11-55cebeeb54,2026-05-03T06:55:12.385Z,38.878,3,68.76,345,0,0,,,,
powertraces-pt200array_pt203_r1_7536312_11-55cebeeb54,2026-05-03T06:55:12.485Z,38.978,0,68.03,345,0,0,,,,
powertraces-pt200array_pt203_r1_7536312_11-55cebeeb54,2026-05-03T06:55:12.485Z,38.978,1,68.1,345,0,0,,,,
powertraces-pt200array_pt203_r1_7536312_11-55cebeeb54,2026-05-03T06:55:12.485Z,38.978,2,69.59,345,0,0,,,,
powertraces-pt200array_pt203_r1_7536312_11-55cebeeb54,2026-05-03T06:55:12.485Z,38.978,3,68.74,345,0,0,,,,
powertraces-pt200array_pt203_r1_7536312_11-55cebeeb54,2026-05-03T06:55:12.586Z,39.079,0,68.02,345,0,0,,,,
powertraces-pt200array_pt203_r1_7536312_11-55cebeeb54,2026-05-03T06:55:12.586Z,39.079,1,68.08,345,0,0,,,,
powertraces-pt200array_pt203_r1_7536312_11-55cebeeb54,2026-05-03T06:55:12.586Z,39.079,2,69.53,345,0,0,,,,
powertraces-pt200array_pt203_r1_7536312_11-55cebeeb54,2026-05-03T06:55:12.586Z,39.079,3,68.72,345,0,0,,,,
powertraces-pt200array_pt203_r1_7536312_11-55cebeeb54,2026-05-03T06:55:12.686Z,39.179,0,68.05,345,0,0,,,,
powertraces-pt200array_pt203_r1_7536312_11-55cebeeb54,2026-05-03T06:55:12.686Z,39.179,1,68.09,345,0,0,,,,
powertraces-pt200array_pt203_r1_7536312_11-55cebeeb54,2026-05-03T06:55:12.686Z,39.179,2,69.51,345,0,0,,,,
powertraces-pt200array_pt203_r1_7536312_11-55cebeeb54,2026-05-03T06:55:12.686Z,39.179,3,68.72,345,0,0,,,,
powertraces-pt200array_pt203_r1_7536312_11-55cebeeb54,2026-05-03T06:55:12.786Z,39.279,0,68.04,345,0,0,,,,
powertraces-pt200array_pt203_r1_7536312_11-55cebeeb54,2026-05-03T06:55:12.786Z,39.279,1,68.1,345,0,0,,,,
powertraces-pt200array_pt203_r1_7536312_11-55cebeeb54,2026-05-03T06:55:12.786Z,39.279,2,69.46,345,0,0,,,,
powertraces-pt200array_pt203_r1_7536312_11-55cebeeb54,2026-05-03T06:55:12.786Z,39.279,3,68.71,345,0,0,,,,
powertraces-pt200array_pt203_r1_7536312_11-55cebeeb54,2026-05-03T06:55:12.886Z,39.379,0,68.04,345,0,0,,,,
powertraces-pt200array_pt203_r1_7536312_11-55cebeeb54,2026-05-03T06:55:12.886Z,39.379,1,68.1,345,0,0,,,,
powertraces-pt200array_pt203_r1_7536312_11-55cebeeb54,2026-05-03T06:55:12.886Z,39.379,2,69.49,345,0,0,,,,
powertraces-pt200array_pt203_r1_7536312_11-55cebeeb54,2026-05-03T06:55:12.886Z,39.379,3,68.72,345,0,0,,,,
powertraces-pt200array_pt203_r1_7536312_11-55cebeeb54,2026-05-03T06:55:12.986Z,39.479,0,68.02,345,0,0,,,,
powertraces-pt200array_pt203_r1_7536312_11-55cebeeb54,2026-05-03T06:55:12.986Z,39.479,1,68.1,345,0,0,,,,
powertraces-pt200array_pt203_r1_7536312_11-55cebeeb54,2026-05-03T06:55:12.986Z,39.479,2,69.38,345,0,0,,,,
powertraces-pt200array_pt203_r1_7536312_11-55cebeeb54,2026-05-03T06:55:12.986Z,39.479,3,68.72,345,0,0,,,,
powertraces-pt200array_pt203_r1_7536312_11-55cebeeb54,2026-05-03T06:55:13.086Z,39.579,0,68.01,345,0,0,,,,
powertraces-pt200array_pt203_r1_7536312_11-55cebeeb54,2026-05-03T06:55:13.086Z,39.579,1,68.1,345,0,0,,,,
powertraces-pt200array_pt203_r1_7536312_11-55cebeeb54,2026-05-03T06:55:13.087Z,39.58,2,69.38,345,0,0,,,,
powertraces-pt200array_pt203_r1_7536312_11-55cebeeb54,2026-05-03T06:55:13.087Z,39.58,3,68.7,345,0,0,,,,
powertraces-pt200array_pt203_r1_7536312_11-55cebeeb54,2026-05-03T06:55:13.187Z,39.68,0,68.03,345,0,0,,,,
powertraces-pt200array_pt203_r1_7536312_11-55cebeeb54,2026-05-03T06:55:13.187Z,39.68,1,68.09,345,0,0,,,,
powertraces-pt200array_pt203_r1_7536312_11-55cebeeb54,2026-05-03T06:55:13.187Z,39.68,2,69.38,345,0,0,,,,
powertraces-pt200array_pt203_r1_7536312_11-55cebeeb54,2026-05-03T06:55:13.187Z,39.68,3,68.7,345,0,0,,,,
powertraces-pt200array_pt203_r1_7536312_11-55cebeeb54,2026-05-03T06:55:13.287Z,39.78,0,68.04,345,0,0,,,,
powertraces-pt200array_pt203_r1_7536312_11-55cebeeb54,2026-05-03T06:55:13.287Z,39.78,1,68.09,345,0,0,,,,
powertraces-pt200array_pt203_r1_7536312_11-55cebeeb54,2026-05-03T06:55:13.287Z,39.78,2,69.34,345,0,0,,,,
powertraces-pt200array_pt203_r1_7536312_11-55cebeeb54,2026-05-03T06:55:13.287Z,39.78,3,68.69,345,0,0,,,,
powertraces-pt200array_pt203_r1_7536312_11-55cebeeb54,2026-05-03T06:55:13.387Z,39.88,0,68.04,345,0,0,,,,
powertraces-pt200array_pt203_r1_7536312_11-55cebeeb54,2026-05-03T06:55:13.387Z,39.88,1,68.1,345,0,0,,,,
powertraces-pt200array_pt203_r1_7536312_11-55cebeeb54,2026-05-03T06:55:13.387Z,39.88,2,69.4,345,0,0,,,,
powertraces-pt200array_pt203_r1_7536312_11-55cebeeb54,2026-05-03T06:55:13.387Z,39.88,3,68.71,345,0,0,,,,
powertraces-pt200array_pt203_r1_7536312_11-55cebeeb54,2026-05-03T06:55:13.487Z,39.98,0,68.05,345,0,0,,,,
powertraces-pt200array_pt203_r1_7536312_11-55cebeeb54,2026-05-03T06:55:13.487Z,39.98,1,68.09,345,0,0,,,,
powertraces-pt200array_pt203_r1_7536312_11-55cebeeb54,2026-05-03T06:55:13.487Z,39.98,2,69.43,345,0,0,,,,
powertraces-pt200array_pt203_r1_7536312_11-55cebeeb54,2026-05-03T06:55:13.487Z,39.98,3,68.73,345,0,0,,,,
powertraces-pt200array_pt203_r1_7536312_11-55cebeeb54,2026-05-03T06:55:13.587Z,40.08,0,68.05,345,0,0,,,,
powertraces-pt200array_pt203_r1_7536312_11-55cebeeb54,2026-05-03T06:55:13.587Z,40.08,1,68.1,345,0,0,,,,
powertraces-pt200array_pt203_r1_7536312_11-55cebeeb54,2026-05-03T06:55:13.587Z,40.08,2,69.45,345,0,0,,,,
powertraces-pt200array_pt203_r1_7536312_11-55cebeeb54,2026-05-03T06:55:13.587Z,40.08,3,68.73,345,0,0,,,,
powertraces-pt200array_pt203_r1_7536312_11-55cebeeb54,2026-05-03T06:55:13.688Z,40.181,0,68.04,345,0,0,,,,
powertraces-pt200array_pt203_r1_7536312_11-55cebeeb54,2026-05-03T06:55:13.688Z,40.181,1,68.1,345,0,0,,,,
powertraces-pt200array_pt203_r1_7536312_11-55cebeeb54,2026-05-03T06:55:13.688Z,40.181,2,69.44,345,0,0,,,,
powertraces-pt200array_pt203_r1_7536312_11-55cebeeb54,2026-05-03T06:55:13.688Z,40.181,3,68.71,345,0,0,,,,
powertraces-pt200array_pt203_r1_7536312_11-55cebeeb54,2026-05-03T06:55:13.788Z,40.281,0,68.04,345,0,0,,,,
powertraces-pt200array_pt203_r1_7536312_11-55cebeeb54,2026-05-03T06:55:13.788Z,40.281,1,68.09,345,0,0,,,,
powertraces-pt200array_pt203_r1_7536312_11-55cebeeb54,2026-05-03T06:55:13.788Z,40.281,2,69.48,345,0,0,,,,
powertraces-pt200array_pt203_r1_7536312_11-55cebeeb54,2026-05-03T06:55:13.788Z,40.281,3,68.72,345,0,0,,,,
powertraces-pt200array_pt203_r1_7536312_11-55cebeeb54,2026-05-03T06:55:13.888Z,40.381,0,68.03,345,0,0,,,,
powertraces-pt200array_pt203_r1_7536312_11-55cebeeb54,2026-05-03T06:55:13.888Z,40.381,1,68.1,345,0,0,,,,
powertraces-pt200array_pt203_r1_7536312_11-55cebeeb54,2026-05-03T06:55:13.888Z,40.381,2,69.44,345,0,0,,,,
powertraces-pt200array_pt203_r1_7536312_11-55cebeeb54,2026-05-03T06:55:13.888Z,40.381,3,68.7,345,0,0,,,,
powertraces-pt200array_pt203_r1_7536312_11-55cebeeb54,2026-05-03T06:55:13.988Z,40.481,0,68.05,345,0,0,,,,
powertraces-pt200array_pt203_r1_7536312_11-55cebeeb54,2026-05-03T06:55:13.988Z,40.481,1,68.13,345,0,0,,,,
powertraces-pt200array_pt203_r1_7536312_11-55cebeeb54,2026-05-03T06:55:13.988Z,40.481,2,69.47,345,0,0,,,,
powertraces-pt200array_pt203_r1_7536312_11-55cebeeb54,2026-05-03T06:55:13.988Z,40.481,3,68.71,345,0,0,,,,
powertraces-pt200array_pt203_r1_7536312_11-55cebeeb54,2026-05-03T06:55:14.088Z,40.581,0,68.05,345,0,0,,,,
powertraces-pt200array_pt203_r1_7536312_11-55cebeeb54,2026-05-03T06:55:14.088Z,40.581,1,68.14,345,0,0,,,,
powertraces-pt200array_pt203_r1_7536312_11-55cebeeb54,2026-05-03T06:55:14.088Z,40.581,2,69.41,345,0,0,,,,
powertraces-pt200array_pt203_r1_7536312_11-55cebeeb54,2026-05-03T06:55:14.088Z,40.581,3,68.73,345,0,0,,,,
powertraces-pt200array_pt203_r1_7536312_11-55cebeeb54,2026-05-03T06:55:14.188Z,40.681,0,68.01,345,0,0,,,,
powertraces-pt200array_pt203_r1_7536312_11-55cebeeb54,2026-05-03T06:55:14.188Z,40.681,1,68.12,345,0,0,,,,
powertraces-pt200array_pt203_r1_7536312_11-55cebeeb54,2026-05-03T06:55:14.189Z,40.682,2,69.4,345,0,0,,,,
powertraces-pt200array_pt203_r1_7536312_11-55cebeeb54,2026-05-03T06:55:14.189Z,40.682,3,68.72,345,0,0,,,,
powertraces-pt200array_pt203_r1_7536312_11-55cebeeb54,2026-05-03T06:55:14.289Z,40.782,0,67.97,345,0,0,,,,
powertraces-pt200array_pt203_r1_7536312_11-55cebeeb54,2026-05-03T06:55:14.289Z,40.782,1,68.1,345,0,0,,,,
powertraces-pt200array_pt203_r1_7536312_11-55cebeeb54,2026-05-03T06:55:14.289Z,40.782,2,69.37,345,0,0,,,,
powertraces-pt200array_pt203_r1_7536312_11-55cebeeb54,2026-05-03T06:55:14.289Z,40.782,3,68.7,345,0,0,,,,
powertraces-pt200array_pt203_r1_7536312_11-55cebeeb54,2026-05-03T06:55:14.389Z,40.882,0,67.94,345,0,0,,,,
powertraces-pt200array_pt203_r1_7536312_11-55cebeeb54,2026-05-03T06:55:14.389Z,40.882,1,68.06,345,0,0,,,,
powertraces-pt200array_pt203_r1_7536312_11-55cebeeb54,2026-05-03T06:55:14.389Z,40.882,2,69.26,345,0,0,,,,
powertraces-pt200array_pt203_r1_7536312_11-55cebeeb54,2026-05-03T06:55:14.389Z,40.882,3,68.67,345,0,0,,,,
powertraces-pt200array_pt203_r1_7536312_11-55cebeeb54,2026-05-03T06:55:14.489Z,40.982,0,67.94,345,0,0,,,,
powertraces-pt200array_pt203_r1_7536312_11-55cebeeb54,2026-05-03T06:55:14.489Z,40.982,1,68.03,345,0,0,,,,
powertraces-pt200array_pt203_r1_7536312_11-55cebeeb54,2026-05-03T06:55:14.489Z,40.982,2,69.25,345,0,0,,,,
powertraces-pt200array_pt203_r1_7536312_11-55cebeeb54,2026-05-03T06:55:14.489Z,40.982,3,68.64,345,0,0,,,,
powertraces-pt200array_pt203_r1_7536312_11-55cebeeb54,2026-05-03T06:55:14.589Z,41.082,0,67.92,345,0,0,,,,
powertraces-pt200array_pt203_r1_7536312_11-55cebeeb54,2026-05-03T06:55:14.589Z,41.082,1,68.01,345,0,0,,,,
powertraces-pt200array_pt203_r1_7536312_11-55cebeeb54,2026-05-03T06:55:14.589Z,41.082,2,69.23,345,0,0,,,,
powertraces-pt200array_pt203_r1_7536312_11-55cebeeb54,2026-05-03T06:55:14.589Z,41.082,3,68.61,345,0,0,,,,
powertraces-pt200array_pt203_r1_7536312_11-55cebeeb54,2026-05-03T06:55:14.689Z,41.182,0,67.89,345,0,0,,,,
powertraces-pt200array_pt203_r1_7536312_11-55cebeeb54,2026-05-03T06:55:14.689Z,41.182,1,67.99,345,0,0,,,,
powertraces-pt200array_pt203_r1_7536312_11-55cebeeb54,2026-05-03T06:55:14.689Z,41.182,2,69.19,345,0,0,,,,
powertraces-pt200array_pt203_r1_7536312_11-55cebeeb54,2026-05-03T06:55:14.689Z,41.182,3,68.6,345,0,0,,,,
powertraces-pt200array_pt203_r1_7536312_11-55cebeeb54,2026-05-03T06:55:14.79Z,41.283,0,67.84,345,0,0,,,,
powertraces-pt200array_pt203_r1_7536312_11-55cebeeb54,2026-05-03T06:55:14.79Z,41.283,1,67.96,345,0,0,,,,
powertraces-pt200array_pt203_r1_7536312_11-55cebeeb54,2026-05-03T06:55:14.79Z,41.283,2,69.1,345,0,0,,,,
powertraces-pt200array_pt203_r1_7536312_11-55cebeeb54,2026-05-03T06:55:14.79Z,41.283,3,68.58,345,0,0,,,,
powertraces-pt200array_pt203_r1_7536312_11-55cebeeb54,2026-05-03T06:55:14.89Z,41.383,0,67.79,345,0,0,,,,
powertraces-pt200array_pt203_r1_7536312_11-55cebeeb54,2026-05-03T06:55:14.89Z,41.383,1,67.91,345,0,0,,,,
powertraces-pt200array_pt203_r1_7536312_11-55cebeeb54,2026-05-03T06:55:14.89Z,41.383,2,69.07,345,0,0,,,,
powertraces-pt200array_pt203_r1_7536312_11-55cebeeb54,2026-05-03T06:55:14.89Z,41.383,3,68.57,345,0,0,,,,
powertraces-pt200array_pt203_r1_7536312_11-55cebeeb54,2026-05-03T06:55:14.99Z,41.483,0,67.76,345,0,0,,,,
powertraces-pt200array_pt203_r1_7536312_11-55cebeeb54,2026-05-03T06:55:14.99Z,41.483,1,67.84,345,0,0,,,,
powertraces-pt200array_pt203_r1_7536312_11-55cebeeb54,2026-05-03T06:55:14.99Z,41.483,2,69.08,345,0,0,,,,
powertraces-pt200array_pt203_r1_7536312_11-55cebeeb54,2026-05-03T06:55:14.99Z,41.483,3,68.54,345,0,0,,,,
powertraces-pt200array_pt203_r1_7536312_11-55cebeeb54,2026-05-03T06:55:15.09Z,41.583,0,67.71,345,0,0,,,,
powertraces-pt200array_pt203_r1_7536312_11-55cebeeb54,2026-05-03T06:55:15.09Z,41.583,1,67.82,345,0,0,,,,
powertraces-pt200array_pt203_r1_7536312_11-55cebeeb54,2026-05-03T06:55:15.09Z,41.583,2,69.04,345,0,0,,,,
powertraces-pt200array_pt203_r1_7536312_11-55cebeeb54,2026-05-03T06:55:15.09Z,41.583,3,68.5,345,0,0,,,,
powertraces-pt200array_pt203_r1_7536312_11-55cebeeb54,2026-05-03T06:55:15.19Z,41.683,0,67.7,345,0,0,,,,
powertraces-pt200array_pt203_r1_7536312_11-55cebeeb54,2026-05-03T06:55:15.19Z,41.683,1,67.8,345,0,0,,,,
powertraces-pt200array_pt203_r1_7536312_11-55cebeeb54,2026-05-03T06:55:15.19Z,41.683,2,69.0,345,0,0,,,,
powertraces-pt200array_pt203_r1_7536312_11-55cebeeb54,2026-05-03T06:55:15.19Z,41.683,3,68.47,345,0,0,,,,
powertraces-pt200array_pt203_r1_7536312_11-55cebeeb54,2026-05-03T06:55:15.29Z,41.783,0,67.7,345,0,0,,,,
powertraces-pt200array_pt203_r1_7536312_11-55cebeeb54,2026-05-03T06:55:15.291Z,41.784,1,67.8,345,0,0,,,,
powertraces-pt200array_pt203_r1_7536312_11-55cebeeb54,2026-05-03T06:55:15.291Z,41.784,2,69.01,345,0,0,,,,
powertraces-pt200array_pt203_r1_7536312_11-55cebeeb54,2026-05-03T06:55:15.291Z,41.784,3,68.46,345,0,0,,,,
powertraces-pt200array_pt203_r1_7536312_11-55cebeeb54,2026-05-03T06:55:15.391Z,41.884,0,67.69,345,0,0,,,,
powertraces-pt200array_pt203_r1_7536312_11-55cebeeb54,2026-05-03T06:55:15.391Z,41.884,1,67.79,345,0,0,,,,
powertraces-pt200array_pt203_r1_7536312_11-55cebeeb54,2026-05-03T06:55:15.391Z,41.884,2,69.04,345,0,0,,,,
powertraces-pt200array_pt203_r1_7536312_11-55cebeeb54,2026-05-03T06:55:15.391Z,41.884,3,68.46,345,0,0,,,,
powertraces-pt200array_pt203_r1_7536312_11-55cebeeb54,2026-05-03T06:55:15.491Z,41.984,0,67.67,345,0,0,,,,
powertraces-pt200array_pt203_r1_7536312_11-55cebeeb54,2026-05-03T06:55:15.491Z,41.984,1,67.79,345,0,0,,,,
powertraces-pt200array_pt203_r1_7536312_11-55cebeeb54,2026-05-03T06:55:15.491Z,41.984,2,69.02,345,0,0,,,,
powertraces-pt200array_pt203_r1_7536312_11-55cebeeb54,2026-05-03T06:55:15.491Z,41.984,3,68.45,345,0,0,,,,
powertraces-pt200array_pt203_r1_7536312_11-55cebeeb54,2026-05-03T06:55:15.591Z,42.084,0,67.67,345,0,0,,,,
powertraces-pt200array_pt203_r1_7536312_11-55cebeeb54,2026-05-03T06:55:15.591Z,42.084,1,67.76,345,0,0,,,,
powertraces-pt200array_pt203_r1_7536312_11-55cebeeb54,2026-05-03T06:55:15.591Z,42.084,2,69.03,345,0,0,,,,
powertraces-pt200array_pt203_r1_7536312_11-55cebeeb54,2026-05-03T06:55:15.591Z,42.084,3,68.44,345,0,0,,,,
powertraces-pt200array_pt203_r1_7536312_11-55cebeeb54,2026-05-03T06:55:15.691Z,42.184,0,67.67,345,0,0,,,,
powertraces-pt200array_pt203_r1_7536312_11-55cebeeb54,2026-05-03T06:55:15.691Z,42.184,1,67.73,345,0,0,,,,
powertraces-pt200array_pt203_r1_7536312_11-55cebeeb54,2026-05-03T06:55:15.691Z,42.184,2,69.05,345,0,0,,,,
powertraces-pt200array_pt203_r1_7536312_11-55cebeeb54,2026-05-03T06:55:15.691Z,42.184,3,68.43,345,0,0,,,,
powertraces-pt200array_pt203_r1_7536312_11-55cebeeb54,2026-05-03T06:55:15.791Z,42.284,0,67.69,345,0,0,,,,
powertraces-pt200array_pt203_r1_7536312_11-55cebeeb54,2026-05-03T06:55:15.791Z,42.284,1,67.72,345,0,0,,,,
powertraces-pt200array_pt203_r1_7536312_11-55cebeeb54,2026-05-03T06:55:15.791Z,42.284,2,69.07,345,0,0,,,,
powertraces-pt200array_pt203_r1_7536312_11-55cebeeb54,2026-05-03T06:55:15.791Z,42.284,3,68.42,345,0,0,,,,
powertraces-pt200array_pt203_r1_7536312_11-55cebeeb54,2026-05-03T06:55:15.892Z,42.385,0,67.71,345,0,0,,,,
powertraces-pt200array_pt203_r1_7536312_11-55cebeeb54,2026-05-03T06:55:15.892Z,42.385,1,67.72,345,0,0,,,,
powertraces-pt200array_pt203_r1_7536312_11-55cebeeb54,2026-05-03T06:55:15.892Z,42.385,2,69.08,345,0,0,,,,
powertraces-pt200array_pt203_r1_7536312_11-55cebeeb54,2026-05-03T06:55:15.892Z,42.385,3,68.41,345,0,0,,,,
powertraces-pt200array_pt203_r1_7536312_11-55cebeeb54,2026-05-03T06:55:15.992Z,42.485,0,67.71,345,0,0,,,,
powertraces-pt200array_pt203_r1_7536312_11-55cebeeb54,2026-05-03T06:55:15.992Z,42.485,1,67.73,345,0,0,,,,
powertraces-pt200array_pt203_r1_7536312_11-55cebeeb54,2026-05-03T06:55:15.992Z,42.485,2,69.05,345,0,0,,,,
powertraces-pt200array_pt203_r1_7536312_11-55cebeeb54,2026-05-03T06:55:15.992Z,42.485,3,68.41,345,0,0,,,,
powertraces-pt200array_pt203_r1_7536312_11-55cebeeb54,2026-05-03T06:55:16.092Z,42.585,0,67.71,345,0,0,,,,
powertraces-pt200array_pt203_r1_7536312_11-55cebeeb54,2026-05-03T06:55:16.092Z,42.585,1,67.72,345,0,0,,,,
powertraces-pt200array_pt203_r1_7536312_11-55cebeeb54,2026-05-03T06:55:16.092Z,42.585,2,69.1,345,0,0,,,,
powertraces-pt200array_pt203_r1_7536312_11-55cebeeb54,2026-05-03T06:55:16.092Z,42.585,3,68.4,345,0,0,,,,
powertraces-pt200array_pt203_r1_7536312_11-55cebeeb54,2026-05-03T06:55:16.192Z,42.685,0,67.71,345,0,0,,,,
powertraces-pt200array_pt203_r1_7536312_11-55cebeeb54,2026-05-03T06:55:16.192Z,42.685,1,67.71,345,0,0,,,,
powertraces-pt200array_pt203_r1_7536312_11-55cebeeb54,2026-05-03T06:55:16.192Z,42.685,2,69.08,345,0,0,,,,
powertraces-pt200array_pt203_r1_7536312_11-55cebeeb54,2026-05-03T06:55:16.192Z,42.685,3,68.4,345,0,0,,,,
powertraces-pt200array_pt203_r1_7536312_11-55cebeeb54,2026-05-03T06:55:16.292Z,42.785,0,67.7,345,0,0,,,,
powertraces-pt200array_pt203_r1_7536312_11-55cebeeb54,2026-05-03T06:55:16.292Z,42.785,1,67.7,345,0,0,,,,
powertraces-pt200array_pt203_r1_7536312_11-55cebeeb54,2026-05-03T06:55:16.292Z,42.785,2,69.06,345,0,0,,,,
powertraces-pt200array_pt203_r1_7536312_11-55cebeeb54,2026-05-03T06:55:16.292Z,42.785,3,68.4,345,0,0,,,,
powertraces-pt200array_pt203_r1_7536312_11-55cebeeb54,2026-05-03T06:55:16.392Z,42.885,0,67.69,345,0,0,,,,
powertraces-pt200array_pt203_r1_7536312_11-55cebeeb54,2026-05-03T06:55:16.393Z,42.886,1,67.73,345,0,0,,,,
powertraces-pt200array_pt203_r1_7536312_11-55cebeeb54,2026-05-03T06:55:16.393Z,42.886,2,69.07,345,0,0,,,,
powertraces-pt200array_pt203_r1_7536312_11-55cebeeb54,2026-05-03T06:55:16.393Z,42.886,3,68.39,345,0,0,,,,
powertraces-pt200array_pt203_r1_7536312_11-55cebeeb54,2026-05-03T06:55:16.493Z,42.986,0,67.7,345,0,0,,,,
powertraces-pt200array_pt203_r1_7536312_11-55cebeeb54,2026-05-03T06:55:16.493Z,42.986,1,67.72,345,0,0,,,,
powertraces-pt200array_pt203_r1_7536312_11-55cebeeb54,2026-05-03T06:55:16.493Z,42.986,2,69.04,345,0,0,,,,
powertraces-pt200array_pt203_r1_7536312_11-55cebeeb54,2026-05-03T06:55:16.493Z,42.986,3,68.4,345,0,0,,,,
powertraces-pt200array_pt203_r1_7536312_11-55cebeeb54,2026-05-03T06:55:16.593Z,43.086,0,67.69,345,0,0,,,,
powertraces-pt200array_pt203_r1_7536312_11-55cebeeb54,2026-05-03T06:55:16.593Z,43.086,1,67.72,345,0,0,,,,
powertraces-pt200array_pt203_r1_7536312_11-55cebeeb54,2026-05-03T06:55:16.593Z,43.086,2,69.04,345,0,0,,,,
powertraces-pt200array_pt203_r1_7536312_11-55cebeeb54,2026-05-03T06:55:16.593Z,43.086,3,68.4,345,0,0,,,,
powertraces-pt200array_pt203_r1_7536312_11-55cebeeb54,2026-05-03T06:55:16.693Z,43.186,0,67.7,345,0,0,,,,
powertraces-pt200array_pt203_r1_7536312_11-55cebeeb54,2026-05-03T06:55:16.693Z,43.186,1,67.75,345,0,0,,,,
powertraces-pt200array_pt203_r1_7536312_11-55cebeeb54,2026-05-03T06:55:16.693Z,43.186,2,69.0,345,0,0,,,,
powertraces-pt200array_pt203_r1_7536312_11-55cebeeb54,2026-05-03T06:55:16.693Z,43.186,3,68.39,345,0,0,,,,
powertraces-pt200array_pt203_r1_7536312_11-55cebeeb54,2026-05-03T06:55:16.793Z,43.286,0,67.68,345,0,0,,,,
powertraces-pt200array_pt203_r1_7536312_11-55cebeeb54,2026-05-03T06:55:16.793Z,43.286,1,67.75,345,0,0,,,,
powertraces-pt200array_pt203_r1_7536312_11-55cebeeb54,2026-05-03T06:55:16.793Z,43.286,2,68.96,345,0,0,,,,
powertraces-pt200array_pt203_r1_7536312_11-55cebeeb54,2026-05-03T06:55:16.793Z,43.286,3,68.39,345,0,0,,,,
powertraces-pt200array_pt203_r1_7536312_11-55cebeeb54,2026-05-03T06:55:16.893Z,43.386,0,67.68,345,0,0,,,,
powertraces-pt200array_pt203_r1_7536312_11-55cebeeb54,2026-05-03T06:55:16.893Z,43.386,1,67.73,345,0,0,,,,
powertraces-pt200array_pt203_r1_7536312_11-55cebeeb54,2026-05-03T06:55:16.893Z,43.386,2,68.96,345,0,0,,,,
powertraces-pt200array_pt203_r1_7536312_11-55cebeeb54,2026-05-03T06:55:16.893Z,43.386,3,68.4,345,0,0,,,,
powertraces-pt200array_pt203_r1_7536312_11-55cebeeb54,2026-05-03T06:55:16.994Z,43.487,0,67.69,345,0,0,,,,
powertraces-pt200array_pt203_r1_7536312_11-55cebeeb54,2026-05-03T06:55:16.994Z,43.487,1,67.73,345,0,0,,,,
powertraces-pt200array_pt203_r1_7536312_11-55cebeeb54,2026-05-03T06:55:16.994Z,43.487,2,69.01,345,0,0,,,,
powertraces-pt200array_pt203_r1_7536312_11-55cebeeb54,2026-05-03T06:55:16.994Z,43.487,3,68.38,345,0,0,,,,
powertraces-pt200array_pt203_r1_7536312_11-55cebeeb54,2026-05-03T06:55:17.094Z,43.587,0,67.67,345,0,0,,,,
powertraces-pt200array_pt203_r1_7536312_11-55cebeeb54,2026-05-03T06:55:17.094Z,43.587,1,67.72,345,0,0,,,,
powertraces-pt200array_pt203_r1_7536312_11-55cebeeb54,2026-05-03T06:55:17.094Z,43.587,2,68.99,345,0,0,,,,
powertraces-pt200array_pt203_r1_7536312_11-55cebeeb54,2026-05-03T06:55:17.094Z,43.587,3,68.39,345,0,0,,,,
powertraces-pt200array_pt203_r1_7536312_11-55cebeeb54,2026-05-03T06:55:17.194Z,43.687,0,67.68,345,0,0,,,,
powertraces-pt200array_pt203_r1_7536312_11-55cebeeb54,2026-05-03T06:55:17.194Z,43.687,1,67.72,345,0,0,,,,
powertraces-pt200array_pt203_r1_7536312_11-55cebeeb54,2026-05-03T06:55:17.194Z,43.687,2,68.98,345,0,0,,,,
powertraces-pt200array_pt203_r1_7536312_11-55cebeeb54,2026-05-03T06:55:17.194Z,43.687,3,68.39,345,0,0,,,,
powertraces-pt200array_pt203_r1_7536312_11-55cebeeb54,2026-05-03T06:55:17.294Z,43.787,0,67.66,345,0,0,,,,
powertraces-pt200array_pt203_r1_7536312_11-55cebeeb54,2026-05-03T06:55:17.294Z,43.787,1,67.72,345,0,0,,,,
powertraces-pt200array_pt203_r1_7536312_11-55cebeeb54,2026-05-03T06:55:17.294Z,43.787,2,68.99,345,0,0,,,,
powertraces-pt200array_pt203_r1_7536312_11-55cebeeb54,2026-05-03T06:55:17.294Z,43.787,3,68.39,345,0,0,,,,
powertraces-pt200array_pt203_r1_7536312_11-55cebeeb54,2026-05-03T06:55:17.394Z,43.887,0,67.7,345,0,0,,,,
powertraces-pt200array_pt203_r1_7536312_11-55cebeeb54,2026-05-03T06:55:17.394Z,43.887,1,67.73,345,0,0,,,,
powertraces-pt200array_pt203_r1_7536312_11-55cebeeb54,2026-05-03T06:55:17.394Z,43.887,2,68.98,345,0,0,,,,
powertraces-pt200array_pt203_r1_7536312_11-55cebeeb54,2026-05-03T06:55:17.394Z,43.887,3,68.42,345,0,0,,,,
powertraces-pt200array_pt203_r1_7536312_11-55cebeeb54,2026-05-03T06:55:17.494Z,43.987,0,67.75,345,0,0,,,,
powertraces-pt200array_pt203_r1_7536312_11-55cebeeb54,2026-05-03T06:55:17.495Z,43.988,1,67.79,345,0,0,,,,
powertraces-pt200array_pt203_r1_7536312_11-55cebeeb54,2026-05-03T06:55:17.495Z,43.988,2,69.04,345,0,0,,,,
powertraces-pt200array_pt203_r1_7536312_11-55cebeeb54,2026-05-03T06:55:17.495Z,43.988,3,68.44,345,0,0,,,,
powertraces-pt200array_pt203_r1_7536312_11-55cebeeb54,2026-05-03T06:55:17.595Z,44.088,0,67.79,345,0,0,,,,
powertraces-pt200array_pt203_r1_7536312_11-55cebeeb54,2026-05-03T06:55:17.595Z,44.088,1,67.83,345,0,0,,,,
powertraces-pt200array_pt203_r1_7536312_11-55cebeeb54,2026-05-03T06:55:17.595Z,44.088,2,69.02,345,0,0,,,,
powertraces-pt200array_pt203_r1_7536312_11-55cebeeb54,2026-05-03T06:55:17.595Z,44.088,3,68.47,345,0,0,,,,
powertraces-pt200array_pt203_r1_7536312_11-55cebeeb54,2026-05-03T06:55:17.695Z,44.188,0,67.82,345,0,0,,,,
powertraces-pt200array_pt203_r1_7536312_11-55cebeeb54,2026-05-03T06:55:17.695Z,44.188,1,67.84,345,0,0,,,,
powertraces-pt200array_pt203_r1_7536312_11-55cebeeb54,2026-05-03T06:55:17.695Z,44.188,2,69.08,345,0,0,,,,
powertraces-pt200array_pt203_r1_7536312_11-55cebeeb54,2026-05-03T06:55:17.695Z,44.188,3,68.5,345,0,0,,,,
powertraces-pt200array_pt203_r1_7536312_11-55cebeeb54,2026-05-03T06:55:17.795Z,44.288,0,67.86,345,0,0,,,,
powertraces-pt200array_pt203_r1_7536312_11-55cebeeb54,2026-05-03T06:55:17.795Z,44.288,1,67.87,345,0,0,,,,
powertraces-pt200array_pt203_r1_7536312_11-55cebeeb54,2026-05-03T06:55:17.795Z,44.288,2,69.13,345,0,0,,,,
powertraces-pt200array_pt203_r1_7536312_11-55cebeeb54,2026-05-03T06:55:17.795Z,44.288,3,68.53,345,0,0,,,,
powertraces-pt200array_pt203_r1_7536312_11-55cebeeb54,2026-05-03T06:55:17.895Z,44.388,0,67.87,345,0,0,,,,
powertraces-pt200array_pt203_r1_7536312_11-55cebeeb54,2026-05-03T06:55:17.895Z,44.388,1,67.9,345,0,0,,,,
powertraces-pt200array_pt203_r1_7536312_11-55cebeeb54,2026-05-03T06:55:17.895Z,44.388,2,69.14,345,0,0,,,,
powertraces-pt200array_pt203_r1_7536312_11-55cebeeb54,2026-05-03T06:55:17.895Z,44.388,3,68.56,345,0,0,,,,
powertraces-pt200array_pt203_r1_7536312_11-55cebeeb54,2026-05-03T06:55:17.995Z,44.488,0,67.88,345,0,0,,,,
powertraces-pt200array_pt203_r1_7536312_11-55cebeeb54,2026-05-03T06:55:17.995Z,44.488,1,67.9,345,0,0,,,,
powertraces-pt200array_pt203_r1_7536312_11-55cebeeb54,2026-05-03T06:55:17.995Z,44.488,2,69.15,345,0,0,,,,
powertraces-pt200array_pt203_r1_7536312_11-55cebeeb54,2026-05-03T06:55:17.995Z,44.488,3,68.57,345,0,0,,,,
powertraces-pt200array_pt203_r1_7536312_11-55cebeeb54,2026-05-03T06:55:18.096Z,44.589,0,67.9,345,0,0,,,,
powertraces-pt200array_pt203_r1_7536312_11-55cebeeb54,2026-05-03T06:55:18.096Z,44.589,1,67.91,345,0,0,,,,
powertraces-pt200array_pt203_r1_7536312_11-55cebeeb54,2026-05-03T06:55:18.096Z,44.589,2,69.18,345,0,0,,,,
powertraces-pt200array_pt203_r1_7536312_11-55cebeeb54,2026-05-03T06:55:18.096Z,44.589,3,68.57,345,0,0,,,,
powertraces-pt200array_pt203_r1_7536312_11-55cebeeb54,2026-05-03T06:55:18.196Z,44.689,0,67.9,345,0,0,,,,
powertraces-pt200array_pt203_r1_7536312_11-55cebeeb54,2026-05-03T06:55:18.196Z,44.689,1,67.93,345,0,0,,,,
powertraces-pt200array_pt203_r1_7536312_11-55cebeeb54,2026-05-03T06:55:18.196Z,44.689,2,69.2,345,0,0,,,,
powertraces-pt200array_pt203_r1_7536312_11-55cebeeb54,2026-05-03T06:55:18.196Z,44.689,3,68.57,345,0,0,,,,
powertraces-pt200array_pt203_r1_7536312_11-55cebeeb54,2026-05-03T06:55:18.296Z,44.789,0,67.92,345,0,0,,,,
powertraces-pt200array_pt203_r1_7536312_11-55cebeeb54,2026-05-03T06:55:18.296Z,44.789,1,67.91,345,0,0,,,,
powertraces-pt200array_pt203_r1_7536312_11-55cebeeb54,2026-05-03T06:55:18.296Z,44.789,2,69.23,345,0,0,,,,
powertraces-pt200array_pt203_r1_7536312_11-55cebeeb54,2026-05-03T06:55:18.296Z,44.789,3,68.6,345,0,0,,,,
powertraces-pt200array_pt203_r1_7536312_11-55cebeeb54,2026-05-03T06:55:18.396Z,44.889,0,67.89,345,0,0,,,,
powertraces-pt200array_pt203_r1_7536312_11-55cebeeb54,2026-05-03T06:55:18.396Z,44.889,1,67.9,345,0,0,,,,
powertraces-pt200array_pt203_r1_7536312_11-55cebeeb54,2026-05-03T06:55:18.396Z,44.889,2,69.22,345,0,0,,,,
powertraces-pt200array_pt203_r1_7536312_11-55cebeeb54,2026-05-03T06:55:18.396Z,44.889,3,68.58,345,0,0,,,,
powertraces-pt200array_pt203_r1_7536312_11-55cebeeb54,2026-05-03T06:55:18.496Z,44.989,0,67.84,345,0,0,,,,
powertraces-pt200array_pt203_r1_7536312_11-55cebeeb54,2026-05-03T06:55:18.496Z,44.989,1,67.85,345,0,0,,,,
powertraces-pt200array_pt203_r1_7536312_11-55cebeeb54,2026-05-03T06:55:18.496Z,44.989,2,69.2,345,0,0,,,,
powertraces-pt200array_pt203_r1_7536312_11-55cebeeb54,2026-05-03T06:55:18.496Z,44.989,3,68.54,345,0,0,,,,
powertraces-pt200array_pt203_r1_7536312_11-55cebeeb54,2026-05-03T06:55:18.597Z,45.09,0,67.8,345,0,0,,,,
powertraces-pt200array_pt203_r1_7536312_11-55cebeeb54,2026-05-03T06:55:18.597Z,45.09,1,67.83,345,0,0,,,,
powertraces-pt200array_pt203_r1_7536312_11-55cebeeb54,2026-05-03T06:55:18.597Z,45.09,2,69.16,345,0,0,,,,
powertraces-pt200array_pt203_r1_7536312_11-55cebeeb54,2026-05-03T06:55:18.597Z,45.09,3,68.51,345,0,0,,,,
powertraces-pt200array_pt203_r1_7536312_11-55cebeeb54,2026-05-03T06:55:18.697Z,45.19,0,67.75,345,0,0,,,,
powertraces-pt200array_pt203_r1_7536312_11-55cebeeb54,2026-05-03T06:55:18.697Z,45.19,1,67.8,345,0,0,,,,
powertraces-pt200array_pt203_r1_7536312_11-55cebeeb54,2026-05-03T06:55:18.697Z,45.19,2,69.12,345,0,0,,,,
powertraces-pt200array_pt203_r1_7536312_11-55cebeeb54,2026-05-03T06:55:18.697Z,45.19,3,68.47,345,0,0,,,,
powertraces-pt200array_pt203_r1_7536312_11-55cebeeb54,2026-05-03T06:55:18.797Z,45.29,0,67.72,345,0,0,,,,
powertraces-pt200array_pt203_r1_7536312_11-55cebeeb54,2026-05-03T06:55:18.797Z,45.29,1,67.79,345,0,0,,,,
powertraces-pt200array_pt203_r1_7536312_11-55cebeeb54,2026-05-03T06:55:18.797Z,45.29,2,69.11,345,0,0,,,,
powertraces-pt200array_pt203_r1_7536312_11-55cebeeb54,2026-05-03T06:55:18.797Z,45.29,3,68.45,345,0,0,,,,
powertraces-pt200array_pt203_r1_7536312_11-55cebeeb54,2026-05-03T06:55:18.897Z,45.39,0,67.71,345,0,0,,,,
powertraces-pt200array_pt203_r1_7536312_11-55cebeeb54,2026-05-03T06:55:18.897Z,45.39,1,67.75,345,0,0,,,,
powertraces-pt200array_pt203_r1_7536312_11-55cebeeb54,2026-05-03T06:55:18.897Z,45.39,2,69.08,345,0,0,,,,
powertraces-pt200array_pt203_r1_7536312_11-55cebeeb54,2026-05-03T06:55:18.897Z,45.39,3,68.45,345,0,0,,,,
powertraces-pt200array_pt203_r1_7536312_11-55cebeeb54,2026-05-03T06:55:18.997Z,45.49,0,67.7,345,0,0,,,,
powertraces-pt200array_pt203_r1_7536312_11-55cebeeb54,2026-05-03T06:55:18.997Z,45.49,1,67.75,345,0,0,,,,
powertraces-pt200array_pt203_r1_7536312_11-55cebeeb54,2026-05-03T06:55:18.997Z,45.49,2,69.04,345,0,0,,,,
powertraces-pt200array_pt203_r1_7536312_11-55cebeeb54,2026-05-03T06:55:18.997Z,45.49,3,68.45,345,0,0,,,,
powertraces-pt200array_pt203_r1_7536312_11-55cebeeb54,2026-05-03T06:55:19.098Z,45.591,0,67.72,345,0,0,,,,
powertraces-pt200array_pt203_r1_7536312_11-55cebeeb54,2026-05-03T06:55:19.098Z,45.591,1,67.8,345,0,0,,,,
powertraces-pt200array_pt203_r1_7536312_11-55cebeeb54,2026-05-03T06:55:19.098Z,45.591,2,69.13,345,0,0,,,,
powertraces-pt200array_pt203_r1_7536312_11-55cebeeb54,2026-05-03T06:55:19.098Z,45.591,3,68.46,345,0,0,,,,
powertraces-pt200array_pt203_r1_7536312_11-55cebeeb54,2026-05-03T06:55:19.198Z,45.691,0,67.76,345,0,0,,,,
powertraces-pt200array_pt203_r1_7536312_11-55cebeeb54,2026-05-03T06:55:19.198Z,45.691,1,67.81,345,0,0,,,,
powertraces-pt200array_pt203_r1_7536312_11-55cebeeb54,2026-05-03T06:55:19.198Z,45.691,2,69.14,345,0,0,,,,
powertraces-pt200array_pt203_r1_7536312_11-55cebeeb54,2026-05-03T06:55:19.198Z,45.691,3,68.46,345,0,0,,,,
powertraces-pt200array_pt203_r1_7536312_11-55cebeeb54,2026-05-03T06:55:19.298Z,45.791,0,67.82,345,0,0,,,,
powertraces-pt200array_pt203_r1_7536312_11-55cebeeb54,2026-05-03T06:55:19.298Z,45.791,1,67.86,345,0,0,,,,
powertraces-pt200array_pt203_r1_7536312_11-55cebeeb54,2026-05-03T06:55:19.298Z,45.791,2,69.12,345,0,0,,,,
powertraces-pt200array_pt203_r1_7536312_11-55cebeeb54,2026-05-03T06:55:19.298Z,45.791,3,68.49,345,0,0,,,,
powertraces-pt200array_pt203_r1_7536312_11-55cebeeb54,2026-05-03T06:55:19.398Z,45.891,0,67.85,345,0,0,,,,
powertraces-pt200array_pt203_r1_7536312_11-55cebeeb54,2026-05-03T06:55:19.398Z,45.891,1,67.89,345,0,0,,,,
powertraces-pt200array_pt203_r1_7536312_11-55cebeeb54,2026-05-03T06:55:19.398Z,45.891,2,69.18,345,0,0,,,,
powertraces-pt200array_pt203_r1_7536312_11-55cebeeb54,2026-05-03T06:55:19.398Z,45.891,3,68.54,345,0,0,,,,
powertraces-pt200array_pt203_r1_7536312_11-55cebeeb54,2026-05-03T06:55:19.498Z,45.991,0,67.88,345,0,0,,,,
powertraces-pt200array_pt203_r1_7536312_11-55cebeeb54,2026-05-03T06:55:19.498Z,45.991,1,67.91,345,0,0,,,,
powertraces-pt200array_pt203_r1_7536312_11-55cebeeb54,2026-05-03T06:55:19.498Z,45.991,2,69.2,345,0,0,,,,
powertraces-pt200array_pt203_r1_7536312_11-55cebeeb54,2026-05-03T06:55:19.498Z,45.991,3,68.58,345,0,0,,,,
powertraces-pt200array_pt203_r1_7536312_11-55cebeeb54,2026-05-03T06:55:19.598Z,46.091,0,67.91,345,0,0,,,,
powertraces-pt200array_pt203_r1_7536312_11-55cebeeb54,2026-05-03T06:55:19.599Z,46.092,1,67.94,345,0,0,,,,
powertraces-pt200array_pt203_r1_7536312_11-55cebeeb54,2026-05-03T06:55:19.599Z,46.092,2,69.31,345,0,0,,,,
powertraces-pt200array_pt203_r1_7536312_11-55cebeeb54,2026-05-03T06:55:19.599Z,46.092,3,68.61,345,0,0,,,,
powertraces-pt200array_pt203_r1_7536312_11-55cebeeb54,2026-05-03T06:55:19.699Z,46.192,0,67.97,345,0,0,,,,
powertraces-pt200array_pt203_r1_7536312_11-55cebeeb54,2026-05-03T06:55:19.699Z,46.192,1,67.97,345,0,0,,,,
powertraces-pt200array_pt203_r1_7536312_11-55cebeeb54,2026-05-03T06:55:19.699Z,46.192,2,69.36,345,0,0,,,,
powertraces-pt200array_pt203_r1_7536312_11-55cebeeb54,2026-05-03T06:55:19.699Z,46.192,3,68.65,345,0,0,,,,
powertraces-pt200array_pt203_r1_7536312_11-55cebeeb54,2026-05-03T06:55:19.799Z,46.292,0,68.0,345,0,0,,,,
powertraces-pt200array_pt203_r1_7536312_11-55cebeeb54,2026-05-03T06:55:19.799Z,46.292,1,67.99,345,0,0,,,,
powertraces-pt200array_pt203_r1_7536312_11-55cebeeb54,2026-05-03T06:55:19.799Z,46.292,2,69.39,345,0,0,,,,
powertraces-pt200array_pt203_r1_7536312_11-55cebeeb54,2026-05-03T06:55:19.799Z,46.292,3,68.69,345,0,0,,,,
powertraces-pt200array_pt203_r1_7536312_11-55cebeeb54,2026-05-03T06:55:19.899Z,46.392,0,68.05,345,0,0,,,,
powertraces-pt200array_pt203_r1_7536312_11-55cebeeb54,2026-05-03T06:55:19.899Z,46.392,1,68.06,345,0,0,,,,
powertraces-pt200array_pt203_r1_7536312_11-55cebeeb54,2026-05-03T06:55:19.899Z,46.392,2,69.36,345,0,0,,,,
powertraces-pt200array_pt203_r1_7536312_11-55cebeeb54,2026-05-03T06:55:19.899Z,46.392,3,68.71,345,0,0,,,,
powertraces-pt200array_pt203_r1_7536312_11-55cebeeb54,2026-05-03T06:55:19.999Z,46.492,0,68.06,345,0,0,,,,
powertraces-pt200array_pt203_r1_7536312_11-55cebeeb54,2026-05-03T06:55:19.999Z,46.492,1,68.08,345,0,0,,,,
powertraces-pt200array_pt203_r1_7536312_11-55cebeeb54,2026-05-03T06:55:19.999Z,46.492,2,69.44,345,0,0,,,,
powertraces-pt200array_pt203_r1_7536312_11-55cebeeb54,2026-05-03T06:55:19.999Z,46.492,3,68.74,345,0,0,,,,
powertraces-pt200array_pt203_r1_7536312_11-55cebeeb54,2026-05-03T06:55:20.099Z,46.592,0,68.06,345,0,0,,,,
powertraces-pt200array_pt203_r1_7536312_11-55cebeeb54,2026-05-03T06:55:20.099Z,46.592,1,68.05,345,0,0,,,,
powertraces-pt200array_pt203_r1_7536312_11-55cebeeb54,2026-05-03T06:55:20.099Z,46.592,2,69.41,345,0,0,,,,
powertraces-pt200array_pt203_r1_7536312_11-55cebeeb54,2026-05-03T06:55:20.099Z,46.592,3,68.74,345,0,0,,,,
powertraces-pt200array_pt203_r1_7536312_11-55cebeeb54,2026-05-03T06:55:20.2Z,46.693,0,68.03,345,0,0,,,,
powertraces-pt200array_pt203_r1_7536312_11-55cebeeb54,2026-05-03T06:55:20.2Z,46.693,1,68.03,345,0,0,,,,
powertraces-pt200array_pt203_r1_7536312_11-55cebeeb54,2026-05-03T06:55:20.2Z,46.693,2,69.41,345,0,0,,,,
powertraces-pt200array_pt203_r1_7536312_11-55cebeeb54,2026-05-03T06:55:20.2Z,46.693,3,68.73,345,0,0,,,,
powertraces-pt200array_pt203_r1_7536312_11-55cebeeb54,2026-05-03T06:55:20.3Z,46.793,0,68.02,345,0,0,,,,
powertraces-pt200array_pt203_r1_7536312_11-55cebeeb54,2026-05-03T06:55:20.3Z,46.793,1,68.01,345,0,0,,,,
powertraces-pt200array_pt203_r1_7536312_11-55cebeeb54,2026-05-03T06:55:20.3Z,46.793,2,69.43,345,0,0,,,,
powertraces-pt200array_pt203_r1_7536312_11-55cebeeb54,2026-05-03T06:55:20.3Z,46.793,3,68.71,345,0,0,,,,
powertraces-pt200array_pt203_r1_7536312_11-55cebeeb54,2026-05-03T06:55:20.4Z,46.893,0,68.0,345,0,0,,,,
powertraces-pt200array_pt203_r1_7536312_11-55cebeeb54,2026-05-03T06:55:20.4Z,46.893,1,68.04,345,0,0,,,,
powertraces-pt200array_pt203_r1_7536312_11-55cebeeb54,2026-05-03T06:55:20.4Z,46.893,2,69.38,345,0,0,,,,
powertraces-pt200array_pt203_r1_7536312_11-55cebeeb54,2026-05-03T06:55:20.4Z,46.893,3,68.69,345,0,0,,,,
powertraces-pt200array_pt203_r1_7536312_11-55cebeeb54,2026-05-03T06:55:20.5Z,46.993,0,68.0,345,0,0,,,,
powertraces-pt200array_pt203_r1_7536312_11-55cebeeb54,2026-05-03T06:55:20.5Z,46.993,1,68.07,345,0,0,,,,
powertraces-pt200array_pt203_r1_7536312_11-55cebeeb54,2026-05-03T06:55:20.5Z,46.993,2,69.36,345,0,0,,,,
powertraces-pt200array_pt203_r1_7536312_11-55cebeeb54,2026-05-03T06:55:20.5Z,46.993,3,68.68,345,0,0,,,,
powertraces-pt200array_pt203_r1_7536312_11-55cebeeb54,2026-05-03T06:55:20.6Z,47.093,0,68.0,345,0,0,,,,
powertraces-pt200array_pt203_r1_7536312_11-55cebeeb54,2026-05-03T06:55:20.6Z,47.093,1,68.11,345,0,0,,,,
powertraces-pt200array_pt203_r1_7536312_11-55cebeeb54,2026-05-03T06:55:20.6Z,47.093,2,69.32,345,0,0,,,,
powertraces-pt200array_pt203_r1_7536312_11-55cebeeb54,2026-05-03T06:55:20.6Z,47.093,3,68.67,345,0,0,,,,
powertraces-pt200array_pt203_r1_7536312_11-55cebeeb54,2026-05-03T06:55:20.701Z,47.194,0,67.99,345,0,0,,,,
powertraces-pt200array_pt203_r1_7536312_11-55cebeeb54,2026-05-03T06:55:20.701Z,47.194,1,68.12,345,0,0,,,,
powertraces-pt200array_pt203_r1_7536312_11-55cebeeb54,2026-05-03T06:55:20.701Z,47.194,2,69.28,345,0,0,,,,
powertraces-pt200array_pt203_r1_7536312_11-55cebeeb54,2026-05-03T06:55:20.701Z,47.194,3,68.66,345,0,0,,,,
powertraces-pt200array_pt203_r1_7536312_11-55cebeeb54,2026-05-03T06:55:20.801Z,47.294,0,67.97,345,0,0,,,,
powertraces-pt200array_pt203_r1_7536312_11-55cebeeb54,2026-05-03T06:55:20.801Z,47.294,1,68.13,345,0,0,,,,
powertraces-pt200array_pt203_r1_7536312_11-55cebeeb54,2026-05-03T06:55:20.801Z,47.294,2,69.27,345,0,0,,,,
powertraces-pt200array_pt203_r1_7536312_11-55cebeeb54,2026-05-03T06:55:20.801Z,47.294,3,68.65,345,0,0,,,,
powertraces-pt200array_pt203_r1_7536312_11-55cebeeb54,2026-05-03T06:55:20.901Z,47.394,0,67.95,345,0,0,,,,
powertraces-pt200array_pt203_r1_7536312_11-55cebeeb54,2026-05-03T06:55:20.901Z,47.394,1,68.12,345,0,0,,,,
powertraces-pt200array_pt203_r1_7536312_11-55cebeeb54,2026-05-03T06:55:20.901Z,47.394,2,69.28,345,0,0,,,,
powertraces-pt200array_pt203_r1_7536312_11-55cebeeb54,2026-05-03T06:55:20.901Z,47.394,3,68.67,345,0,0,,,,
powertraces-pt200array_pt203_r1_7536312_11-55cebeeb54,2026-05-03T06:55:21.001Z,47.494,0,67.93,345,0,0,,,,
powertraces-pt200array_pt203_r1_7536312_11-55cebeeb54,2026-05-03T06:55:21.001Z,47.494,1,68.1,345,0,0,,,,
powertraces-pt200array_pt203_r1_7536312_11-55cebeeb54,2026-05-03T06:55:21.001Z,47.494,2,69.26,345,0,0,,,,
powertraces-pt200array_pt203_r1_7536312_11-55cebeeb54,2026-05-03T06:55:21.001Z,47.494,3,68.66,345,0,0,,,,
powertraces-pt200array_pt203_r1_7536312_11-55cebeeb54,2026-05-03T06:55:21.101Z,47.594,0,67.93,345,0,0,,,,
powertraces-pt200array_pt203_r1_7536312_11-55cebeeb54,2026-05-03T06:55:21.101Z,47.594,1,68.07,345,0,0,,,,
powertraces-pt200array_pt203_r1_7536312_11-55cebeeb54,2026-05-03T06:55:21.101Z,47.594,2,69.2,345,0,0,,,,
powertraces-pt200array_pt203_r1_7536312_11-55cebeeb54,2026-05-03T06:55:21.101Z,47.594,3,68.64,345,0,0,,,,
powertraces-pt200array_pt203_r1_7536312_11-55cebeeb54,2026-05-03T06:55:21.201Z,47.694,0,67.9,345,0,0,,,,
powertraces-pt200array_pt203_r1_7536312_11-55cebeeb54,2026-05-03T06:55:21.202Z,47.695,1,68.08,345,0,0,,,,
powertraces-pt200array_pt203_r1_7536312_11-55cebeeb54,2026-05-03T06:55:21.202Z,47.695,2,69.18,345,0,0,,,,
powertraces-pt200array_pt203_r1_7536312_11-55cebeeb54,2026-05-03T06:55:21.202Z,47.695,3,68.62,345,0,0,,,,
powertraces-pt200array_pt203_r1_7536312_11-55cebeeb54,2026-05-03T06:55:21.302Z,47.795,0,67.86,345,0,0,,,,
powertraces-pt200array_pt203_r1_7536312_11-55cebeeb54,2026-05-03T06:55:21.302Z,47.795,1,68.05,345,0,0,,,,
powertraces-pt200array_pt203_r1_7536312_11-55cebeeb54,2026-05-03T06:55:21.302Z,47.795,2,69.14,345,0,0,,,,
powertraces-pt200array_pt203_r1_7536312_11-55cebeeb54,2026-05-03T06:55:21.302Z,47.795,3,68.61,345,0,0,,,,
powertraces-pt200array_pt203_r1_7536312_11-55cebeeb54,2026-05-03T06:55:21.402Z,47.895,0,67.82,345,0,0,,,,
powertraces-pt200array_pt203_r1_7536312_11-55cebeeb54,2026-05-03T06:55:21.402Z,47.895,1,68.01,345,0,0,,,,
powertraces-pt200array_pt203_r1_7536312_11-55cebeeb54,2026-05-03T06:55:21.402Z,47.895,2,69.19,345,0,0,,,,
powertraces-pt200array_pt203_r1_7536312_11-55cebeeb54,2026-05-03T06:55:21.402Z,47.895,3,68.6,345,0,0,,,,
powertraces-pt200array_pt203_r1_7536312_11-55cebeeb54,2026-05-03T06:55:21.502Z,47.995,0,67.78,345,0,0,,,,
powertraces-pt200array_pt203_r1_7536312_11-55cebeeb54,2026-05-03T06:55:21.502Z,47.995,1,67.97,345,0,0,,,,
powertraces-pt200array_pt203_r1_7536312_11-55cebeeb54,2026-05-03T06:55:21.502Z,47.995,2,69.21,345,0,0,,,,
powertraces-pt200array_pt203_r1_7536312_11-55cebeeb54,2026-05-03T06:55:21.502Z,47.995,3,68.57,345,0,0,,,,
powertraces-pt200array_pt203_r1_7536312_11-55cebeeb54,2026-05-03T06:55:21.602Z,48.095,0,67.73,345,0,0,,,,
powertraces-pt200array_pt203_r1_7536312_11-55cebeeb54,2026-05-03T06:55:21.602Z,48.095,1,67.91,345,0,0,,,,
powertraces-pt200array_pt203_r1_7536312_11-55cebeeb54,2026-05-03T06:55:21.602Z,48.095,2,69.16,345,0,0,,,,
powertraces-pt200array_pt203_r1_7536312_11-55cebeeb54,2026-05-03T06:55:21.602Z,48.095,3,68.54,345,0,0,,,,
powertraces-pt200array_pt203_r1_7536312_11-55cebeeb54,2026-05-03T06:55:21.702Z,48.195,0,67.7,345,0,0,,,,
powertraces-pt200array_pt203_r1_7536312_11-55cebeeb54,2026-05-03T06:55:21.702Z,48.195,1,67.85,345,0,0,,,,
powertraces-pt200array_pt203_r1_7536312_11-55cebeeb54,2026-05-03T06:55:21.703Z,48.196,2,69.1,345,0,0,,,,
powertraces-pt200array_pt203_r1_7536312_11-55cebeeb54,2026-05-03T06:55:21.703Z,48.196,3,68.51,345,0,0,,,,
powertraces-pt200array_pt203_r1_7536312_11-55cebeeb54,2026-05-03T06:55:21.803Z,48.296,0,67.68,345,0,0,,,,
powertraces-pt200array_pt203_r1_7536312_11-55cebeeb54,2026-05-03T06:55:21.803Z,48.296,1,67.81,345,0,0,,,,
powertraces-pt200array_pt203_r1_7536312_11-55cebeeb54,2026-05-03T06:55:21.803Z,48.296,2,69.08,345,0,0,,,,
powertraces-pt200array_pt203_r1_7536312_11-55cebeeb54,2026-05-03T06:55:21.803Z,48.296,3,68.48,345,0,0,,,,
powertraces-pt200array_pt203_r1_7536312_11-55cebeeb54,2026-05-03T06:55:21.903Z,48.396,0,67.66,345,0,0,,,,
powertraces-pt200array_pt203_r1_7536312_11-55cebeeb54,2026-05-03T06:55:21.903Z,48.396,1,67.77,345,0,0,,,,
powertraces-pt200array_pt203_r1_7536312_11-55cebeeb54,2026-05-03T06:55:21.903Z,48.396,2,69.05,345,0,0,,,,
powertraces-pt200array_pt203_r1_7536312_11-55cebeeb54,2026-05-03T06:55:21.903Z,48.396,3,68.45,345,0,0,,,,
powertraces-pt200array_pt203_r1_7536312_11-55cebeeb54,2026-05-03T06:55:22.003Z,48.496,0,67.65,345,0,0,,,,
powertraces-pt200array_pt203_r1_7536312_11-55cebeeb54,2026-05-03T06:55:22.003Z,48.496,1,67.77,345,0,0,,,,
powertraces-pt200array_pt203_r1_7536312_11-55cebeeb54,2026-05-03T06:55:22.003Z,48.496,2,69.01,345,0,0,,,,
powertraces-pt200array_pt203_r1_7536312_11-55cebeeb54,2026-05-03T06:55:22.003Z,48.496,3,68.43,345,0,0,,,,
powertraces-pt200array_pt203_r1_7536312_11-55cebeeb54,2026-05-03T06:55:22.103Z,48.596,0,67.63,345,0,0,,,,
powertraces-pt200array_pt203_r1_7536312_11-55cebeeb54,2026-05-03T06:55:22.103Z,48.596,1,67.78,345,0,0,,,,
powertraces-pt200array_pt203_r1_7536312_11-55cebeeb54,2026-05-03T06:55:22.103Z,48.596,2,69.01,345,0,0,,,,
powertraces-pt200array_pt203_r1_7536312_11-55cebeeb54,2026-05-03T06:55:22.103Z,48.596,3,68.43,345,0,0,,,,
powertraces-pt200array_pt203_r1_7536312_11-55cebeeb54,2026-05-03T06:55:22.203Z,48.696,0,67.65,345,0,0,,,,
powertraces-pt200array_pt203_r1_7536312_11-55cebeeb54,2026-05-03T06:55:22.203Z,48.696,1,67.79,345,0,0,,,,
powertraces-pt200array_pt203_r1_7536312_11-55cebeeb54,2026-05-03T06:55:22.203Z,48.696,2,68.94,345,0,0,,,,
powertraces-pt200array_pt203_r1_7536312_11-55cebeeb54,2026-05-03T06:55:22.203Z,48.696,3,68.42,345,0,0,,,,
powertraces-pt200array_pt203_r1_7536312_11-55cebeeb54,2026-05-03T06:55:22.304Z,48.797,0,67.65,345,0,0,,,,
powertraces-pt200array_pt203_r1_7536312_11-55cebeeb54,2026-05-03T06:55:22.304Z,48.797,1,67.78,345,0,0,,,,
powertraces-pt200array_pt203_r1_7536312_11-55cebeeb54,2026-05-03T06:55:22.304Z,48.797,2,68.94,345,0,0,,,,
powertraces-pt200array_pt203_r1_7536312_11-55cebeeb54,2026-05-03T06:55:22.304Z,48.797,3,68.42,345,0,0,,,,
powertraces-pt200array_pt203_r1_7536312_11-55cebeeb54,2026-05-03T06:55:22.404Z,48.897,0,67.67,345,0,0,,,,
powertraces-pt200array_pt203_r1_7536312_11-55cebeeb54,2026-05-03T06:55:22.404Z,48.897,1,67.78,345,0,0,,,,
powertraces-pt200array_pt203_r1_7536312_11-55cebeeb54,2026-05-03T06:55:22.404Z,48.897,2,68.89,345,0,0,,,,
powertraces-pt200array_pt203_r1_7536312_11-55cebeeb54,2026-05-03T06:55:22.404Z,48.897,3,68.42,345,0,0,,,,
powertraces-pt200array_pt203_r1_7536312_11-55cebeeb54,2026-05-03T06:55:22.504Z,48.997,0,67.69,345,0,0,,,,
powertraces-pt200array_pt203_r1_7536312_11-55cebeeb54,2026-05-03T06:55:22.504Z,48.997,1,67.78,345,0,0,,,,
powertraces-pt200array_pt203_r1_7536312_11-55cebeeb54,2026-05-03T06:55:22.504Z,48.997,2,68.85,345,0,0,,,,
powertraces-pt200array_pt203_r1_7536312_11-55cebeeb54,2026-05-03T06:55:22.504Z,48.997,3,68.42,345,0,0,,,,
powertraces-pt200array_pt203_r1_7536312_11-55cebeeb54,2026-05-03T06:55:22.604Z,49.097,0,67.69,345,0,0,,,,
powertraces-pt200array_pt203_r1_7536312_11-55cebeeb54,2026-05-03T06:55:22.604Z,49.097,1,67.77,345,0,0,,,,
powertraces-pt200array_pt203_r1_7536312_11-55cebeeb54,2026-05-03T06:55:22.604Z,49.097,2,68.86,345,0,0,,,,
powertraces-pt200array_pt203_r1_7536312_11-55cebeeb54,2026-05-03T06:55:22.604Z,49.097,3,68.42,345,0,0,,,,
powertraces-pt200array_pt203_r1_7536312_11-55cebeeb54,2026-05-03T06:55:22.704Z,49.197,0,67.69,345,0,0,,,,
powertraces-pt200array_pt203_r1_7536312_11-55cebeeb54,2026-05-03T06:55:22.704Z,49.197,1,67.77,345,0,0,,,,
powertraces-pt200array_pt203_r1_7536312_11-55cebeeb54,2026-05-03T06:55:22.704Z,49.197,2,68.89,345,0,0,,,,
powertraces-pt200array_pt203_r1_7536312_11-55cebeeb54,2026-05-03T06:55:22.704Z,49.197,3,68.41,345,0,0,,,,
powertraces-pt200array_pt203_r1_7536312_11-55cebeeb54,2026-05-03T06:55:22.804Z,49.297,0,67.67,345,0,0,,,,
powertraces-pt200array_pt203_r1_7536312_11-55cebeeb54,2026-05-03T06:55:22.805Z,49.298,1,67.74,345,0,0,,,,
powertraces-pt200array_pt203_r1_7536312_11-55cebeeb54,2026-05-03T06:55:22.805Z,49.298,2,68.87,345,0,0,,,,
powertraces-pt200array_pt203_r1_7536312_11-55cebeeb54,2026-05-03T06:55:22.805Z,49.298,3,68.41,345,0,0,,,,
powertraces-pt200array_pt203_r1_7536312_11-55cebeeb54,2026-05-03T06:55:22.905Z,49.398,0,67.66,345,0,0,,,,
powertraces-pt200array_pt203_r1_7536312_11-55cebeeb54,2026-05-03T06:55:22.905Z,49.398,1,67.75,345,0,0,,,,
powertraces-pt200array_pt203_r1_7536312_11-55cebeeb54,2026-05-03T06:55:22.905Z,49.398,2,68.85,345,0,0,,,,
powertraces-pt200array_pt203_r1_7536312_11-55cebeeb54,2026-05-03T06:55:22.905Z,49.398,3,68.4,345,0,0,,,,
powertraces-pt200array_pt203_r1_7536312_11-55cebeeb54,2026-05-03T06:55:23.005Z,49.498,0,67.65,345,0,0,,,,
powertraces-pt200array_pt203_r1_7536312_11-55cebeeb54,2026-05-03T06:55:23.005Z,49.498,1,67.75,345,0,0,,,,
powertraces-pt200array_pt203_r1_7536312_11-55cebeeb54,2026-05-03T06:55:23.005Z,49.498,2,68.93,345,0,0,,,,
powertraces-pt200array_pt203_r1_7536312_11-55cebeeb54,2026-05-03T06:55:23.005Z,49.498,3,68.39,345,0,0,,,,
powertraces-pt200array_pt203_r1_7536312_11-55cebeeb54,2026-05-03T06:55:23.105Z,49.598,0,67.68,345,0,0,,,,
powertraces-pt200array_pt203_r1_7536312_11-55cebeeb54,2026-05-03T06:55:23.105Z,49.598,1,67.74,345,0,0,,,,
powertraces-pt200array_pt203_r1_7536312_11-55cebeeb54,2026-05-03T06:55:23.105Z,49.598,2,68.91,345,0,0,,,,
powertraces-pt200array_pt203_r1_7536312_11-55cebeeb54,2026-05-03T06:55:23.105Z,49.598,3,68.39,345,0,0,,,,
powertraces-pt200array_pt203_r1_7536312_11-55cebeeb54,2026-05-03T06:55:23.205Z,49.698,0,67.67,345,0,0,,,,
powertraces-pt200array_pt203_r1_7536312_11-55cebeeb54,2026-05-03T06:55:23.205Z,49.698,1,67.76,345,0,0,,,,
powertraces-pt200array_pt203_r1_7536312_11-55cebeeb54,2026-05-03T06:55:23.205Z,49.698,2,68.92,345,0,0,,,,
powertraces-pt200array_pt203_r1_7536312_11-55cebeeb54,2026-05-03T06:55:23.205Z,49.698,3,68.39,345,0,0,,,,
powertraces-pt200array_pt203_r1_7536312_11-55cebeeb54,2026-05-03T06:55:23.305Z,49.798,0,67.67,345,0,0,,,,
powertraces-pt200array_pt203_r1_7536312_11-55cebeeb54,2026-05-03T06:55:23.305Z,49.798,1,67.75,345,0,0,,,,
powertraces-pt200array_pt203_r1_7536312_11-55cebeeb54,2026-05-03T06:55:23.306Z,49.799,2,68.9,345,0,0,,,,
powertraces-pt200array_pt203_r1_7536312_11-55cebeeb54,2026-05-03T06:55:23.306Z,49.799,3,68.39,345,0,0,,,,
powertraces-pt200array_pt203_r1_7536312_11-55cebeeb54,2026-05-03T06:55:23.406Z,49.899,0,67.67,345,0,0,,,,
powertraces-pt200array_pt203_r1_7536312_11-55cebeeb54,2026-05-03T06:55:23.406Z,49.899,1,67.74,345,0,0,,,,
powertraces-pt200array_pt203_r1_7536312_11-55cebeeb54,2026-05-03T06:55:23.406Z,49.899,2,68.85,345,0,0,,,,
powertraces-pt200array_pt203_r1_7536312_11-55cebeeb54,2026-05-03T06:55:23.406Z,49.899,3,68.4,345,0,0,,,,
powertraces-pt200array_pt203_r1_7536312_11-55cebeeb54,2026-05-03T06:55:23.506Z,49.999,0,67.68,345,0,0,,,,
powertraces-pt200array_pt203_r1_7536312_11-55cebeeb54,2026-05-03T06:55:23.506Z,49.999,1,67.73,345,0,0,,,,
powertraces-pt200array_pt203_r1_7536312_11-55cebeeb54,2026-05-03T06:55:23.506Z,49.999,2,68.89,345,0,0,,,,
powertraces-pt200array_pt203_r1_7536312_11-55cebeeb54,2026-05-03T06:55:23.506Z,49.999,3,68.43,345,0,0,,,,
powertraces-pt200array_pt203_r1_7536312_11-55cebeeb54,2026-05-03T06:55:23.606Z,50.099,0,67.67,345,0,0,,,,
powertraces-pt200array_pt203_r1_7536312_11-55cebeeb54,2026-05-03T06:55:23.606Z,50.099,1,67.74,345,0,0,,,,
powertraces-pt200array_pt203_r1_7536312_11-55cebeeb54,2026-05-03T06:55:23.606Z,50.099,2,68.9,345,0,0,,,,
powertraces-pt200array_pt203_r1_7536312_11-55cebeeb54,2026-05-03T06:55:23.606Z,50.099,3,68.42,345,0,0,,,,
powertraces-pt200array_pt203_r1_7536312_11-55cebeeb54,2026-05-03T06:55:23.706Z,50.199,0,67.68,345,0,0,,,,
powertraces-pt200array_pt203_r1_7536312_11-55cebeeb54,2026-05-03T06:55:23.706Z,50.199,1,67.75,345,0,0,,,,
powertraces-pt200array_pt203_r1_7536312_11-55cebeeb54,2026-05-03T06:55:23.706Z,50.199,2,68.91,345,0,0,,,,
powertraces-pt200array_pt203_r1_7536312_11-55cebeeb54,2026-05-03T06:55:23.706Z,50.199,3,68.43,345,0,0,,,,
powertraces-pt200array_pt203_r1_7536312_11-55cebeeb54,2026-05-03T06:55:23.806Z,50.299,0,67.7,345,0,0,,,,
powertraces-pt200array_pt203_r1_7536312_11-55cebeeb54,2026-05-03T06:55:23.806Z,50.299,1,67.78,345,0,0,,,,
powertraces-pt200array_pt203_r1_7536312_11-55cebeeb54,2026-05-03T06:55:23.806Z,50.299,2,68.91,345,0,0,,,,
powertraces-pt200array_pt203_r1_7536312_11-55cebeeb54,2026-05-03T06:55:23.806Z,50.299,3,68.41,345,0,0,,,,
powertraces-pt200array_pt203_r1_7536312_11-55cebeeb54,2026-05-03T06:55:23.907Z,50.4,0,67.7,345,0,0,,,,
powertraces-pt200array_pt203_r1_7536312_11-55cebeeb54,2026-05-03T06:55:23.907Z,50.4,1,67.78,345,0,0,,,,
powertraces-pt200array_pt203_r1_7536312_11-55cebeeb54,2026-05-03T06:55:23.907Z,50.4,2,68.96,345,0,0,,,,
powertraces-pt200array_pt203_r1_7536312_11-55cebeeb54,2026-05-03T06:55:23.907Z,50.4,3,68.42,345,0,0,,,,
powertraces-pt200array_pt203_r1_7536312_11-55cebeeb54,2026-05-03T06:55:24.007Z,50.5,0,67.69,345,0,0,,,,
powertraces-pt200array_pt203_r1_7536312_11-55cebeeb54,2026-05-03T06:55:24.007Z,50.5,1,67.78,345,0,0,,,,
powertraces-pt200array_pt203_r1_7536312_11-55cebeeb54,2026-05-03T06:55:24.007Z,50.5,2,68.91,345,0,0,,,,
powertraces-pt200array_pt203_r1_7536312_11-55cebeeb54,2026-05-03T06:55:24.007Z,50.5,3,68.43,345,0,0,,,,
powertraces-pt200array_pt203_r1_7536312_11-55cebeeb54,2026-05-03T06:55:24.107Z,50.6,0,67.67,345,0,0,,,,
powertraces-pt200array_pt203_r1_7536312_11-55cebeeb54,2026-05-03T06:55:24.107Z,50.6,1,67.78,345,0,0,,,,
powertraces-pt200array_pt203_r1_7536312_11-55cebeeb54,2026-05-03T06:55:24.107Z,50.6,2,68.9,345,0,0,,,,
powertraces-pt200array_pt203_r1_7536312_11-55cebeeb54,2026-05-03T06:55:24.107Z,50.6,3,68.41,345,0,0,,,,
powertraces-pt200array_pt203_r1_7536312_11-55cebeeb54,2026-05-03T06:55:24.207Z,50.7,0,67.68,345,0,0,,,,
powertraces-pt200array_pt203_r1_7536312_11-55cebeeb54,2026-05-03T06:55:24.207Z,50.7,1,67.77,345,0,0,,,,
powertraces-pt200array_pt203_r1_7536312_11-55cebeeb54,2026-05-03T06:55:24.207Z,50.7,2,68.93,345,0,0,,,,
powertraces-pt200array_pt203_r1_7536312_11-55cebeeb54,2026-05-03T06:55:24.207Z,50.7,3,68.4,345,0,0,,,,
powertraces-pt200array_pt203_r1_7536312_11-55cebeeb54,2026-05-03T06:55:24.307Z,50.8,0,67.68,345,0,0,,,,
powertraces-pt200array_pt203_r1_7536312_11-55cebeeb54,2026-05-03T06:55:24.307Z,50.8,1,67.76,345,0,0,,,,
powertraces-pt200array_pt203_r1_7536312_11-55cebeeb54,2026-05-03T06:55:24.307Z,50.8,2,68.98,345,0,0,,,,
powertraces-pt200array_pt203_r1_7536312_11-55cebeeb54,2026-05-03T06:55:24.307Z,50.8,3,68.39,345,0,0,,,,
powertraces-pt200array_pt203_r1_7536312_11-55cebeeb54,2026-05-03T06:55:24.408Z,50.901,0,67.67,345,0,0,,,,
powertraces-pt200array_pt203_r1_7536312_11-55cebeeb54,2026-05-03T06:55:24.408Z,50.901,1,67.76,345,0,0,,,,
powertraces-pt200array_pt203_r1_7536312_11-55cebeeb54,2026-05-03T06:55:24.408Z,50.901,2,69.01,345,0,0,,,,
powertraces-pt200array_pt203_r1_7536312_11-55cebeeb54,2026-05-03T06:55:24.408Z,50.901,3,68.38,345,0,0,,,,
powertraces-pt200array_pt203_r1_7536312_11-55cebeeb54,2026-05-03T06:55:24.508Z,51.001,0,67.64,345,0,0,,,,
powertraces-pt200array_pt203_r1_7536312_11-55cebeeb54,2026-05-03T06:55:24.508Z,51.001,1,67.78,345,0,0,,,,
powertraces-pt200array_pt203_r1_7536312_11-55cebeeb54,2026-05-03T06:55:24.508Z,51.001,2,69.03,345,0,0,,,,
powertraces-pt200array_pt203_r1_7536312_11-55cebeeb54,2026-05-03T06:55:24.508Z,51.001,3,68.36,345,0,0,,,,
powertraces-pt200array_pt203_r1_7536312_11-55cebeeb54,2026-05-03T06:55:24.608Z,51.101,0,67.64,345,0,0,,,,
powertraces-pt200array_pt203_r1_7536312_11-55cebeeb54,2026-05-03T06:55:24.608Z,51.101,1,67.79,345,0,0,,,,
powertraces-pt200array_pt203_r1_7536312_11-55cebeeb54,2026-05-03T06:55:24.608Z,51.101,2,69.07,345,0,0,,,,
powertraces-pt200array_pt203_r1_7536312_11-55cebeeb54,2026-05-03T06:55:24.608Z,51.101,3,68.35,345,0,0,,,,
powertraces-pt200array_pt203_r1_7536312_11-55cebeeb54,2026-05-03T06:55:24.708Z,51.201,0,67.64,345,0,0,,,,
powertraces-pt200array_pt203_r1_7536312_11-55cebeeb54,2026-05-03T06:55:24.708Z,51.201,1,67.79,345,0,0,,,,
powertraces-pt200array_pt203_r1_7536312_11-55cebeeb54,2026-05-03T06:55:24.708Z,51.201,2,69.07,345,0,0,,,,
powertraces-pt200array_pt203_r1_7536312_11-55cebeeb54,2026-05-03T06:55:24.708Z,51.201,3,68.36,345,0,0,,,,
powertraces-pt200array_pt203_r1_7536312_11-55cebeeb54,2026-05-03T06:55:24.808Z,51.301,0,67.64,345,0,0,,,,
powertraces-pt200array_pt203_r1_7536312_11-55cebeeb54,2026-05-03T06:55:24.808Z,51.301,1,67.78,345,0,0,,,,
powertraces-pt200array_pt203_r1_7536312_11-55cebeeb54,2026-05-03T06:55:24.808Z,51.301,2,69.13,345,0,0,,,,
powertraces-pt200array_pt203_r1_7536312_11-55cebeeb54,2026-05-03T06:55:24.808Z,51.301,3,68.37,345,0,0,,,,
powertraces-pt200array_pt203_r1_7536312_11-55cebeeb54,2026-05-03T06:55:24.908Z,51.401,0,67.65,345,0,0,,,,
powertraces-pt200array_pt203_r1_7536312_11-55cebeeb54,2026-05-03T06:55:24.909Z,51.402,1,67.76,345,0,0,,,,
powertraces-pt200array_pt203_r1_7536312_11-55cebeeb54,2026-05-03T06:55:24.909Z,51.402,2,69.11,345,0,0,,,,
powertraces-pt200array_pt203_r1_7536312_11-55cebeeb54,2026-05-03T06:55:24.909Z,51.402,3,68.37,345,0,0,,,,
powertraces-pt200array_pt203_r1_7536312_11-55cebeeb54,2026-05-03T06:55:25.009Z,51.502,0,67.65,345,0,0,,,,
powertraces-pt200array_pt203_r1_7536312_11-55cebeeb54,2026-05-03T06:55:25.009Z,51.502,1,67.77,345,0,0,,,,
powertraces-pt200array_pt203_r1_7536312_11-55cebeeb54,2026-05-03T06:55:25.009Z,51.502,2,69.11,345,0,0,,,,
powertraces-pt200array_pt203_r1_7536312_11-55cebeeb54,2026-05-03T06:55:25.009Z,51.502,3,68.36,345,0,0,,,,
powertraces-pt200array_pt203_r1_7536312_11-55cebeeb54,2026-05-03T06:55:25.109Z,51.602,0,67.67,345,0,0,,,,
powertraces-pt200array_pt203_r1_7536312_11-55cebeeb54,2026-05-03T06:55:25.109Z,51.602,1,67.74,345,0,0,,,,
powertraces-pt200array_pt203_r1_7536312_11-55cebeeb54,2026-05-03T06:55:25.109Z,51.602,2,69.11,345,0,0,,,,
powertraces-pt200array_pt203_r1_7536312_11-55cebeeb54,2026-05-03T06:55:25.109Z,51.602,3,68.37,345,0,0,,,,
powertraces-pt200array_pt203_r1_7536312_11-55cebeeb54,2026-05-03T06:55:25.209Z,51.702,0,67.67,345,0,0,,,,
powertraces-pt200array_pt203_r1_7536312_11-55cebeeb54,2026-05-03T06:55:25.209Z,51.702,1,67.74,345,0,0,,,,
powertraces-pt200array_pt203_r1_7536312_11-55cebeeb54,2026-05-03T06:55:25.209Z,51.702,2,69.14,345,0,0,,,,
powertraces-pt200array_pt203_r1_7536312_11-55cebeeb54,2026-05-03T06:55:25.209Z,51.702,3,68.37,345,0,0,,,,
powertraces-pt200array_pt203_r1_7536312_11-55cebeeb54,2026-05-03T06:55:25.309Z,51.802,0,67.69,345,0,0,,,,
powertraces-pt200array_pt203_r1_7536312_11-55cebeeb54,2026-05-03T06:55:25.309Z,51.802,1,67.74,345,0,0,,,,
powertraces-pt200array_pt203_r1_7536312_11-55cebeeb54,2026-05-03T06:55:25.309Z,51.802,2,69.16,345,0,0,,,,
powertraces-pt200array_pt203_r1_7536312_11-55cebeeb54,2026-05-03T06:55:25.309Z,51.802,3,68.38,345,0,0,,,,
powertraces-pt200array_pt203_r1_7536312_11-55cebeeb54,2026-05-03T06:55:25.409Z,51.902,0,67.68,345,0,0,,,,
powertraces-pt200array_pt203_r1_7536312_11-55cebeeb54,2026-05-03T06:55:25.409Z,51.902,1,67.74,345,0,0,,,,
powertraces-pt200array_pt203_r1_7536312_11-55cebeeb54,2026-05-03T06:55:25.409Z,51.902,2,69.18,345,0,0,,,,
powertraces-pt200array_pt203_r1_7536312_11-55cebeeb54,2026-05-03T06:55:25.41Z,51.903,3,68.39,345,0,0,,,,
powertraces-pt200array_pt203_r1_7536312_11-55cebeeb54,2026-05-03T06:55:25.51Z,52.003,0,67.68,345,0,0,,,,
powertraces-pt200array_pt203_r1_7536312_11-55cebeeb54,2026-05-03T06:55:25.51Z,52.003,1,67.72,345,0,0,,,,
powertraces-pt200array_pt203_r1_7536312_11-55cebeeb54,2026-05-03T06:55:25.51Z,52.003,2,69.15,345,0,0,,,,
powertraces-pt200array_pt203_r1_7536312_11-55cebeeb54,2026-05-03T06:55:25.51Z,52.003,3,68.38,345,0,0,,,,
powertraces-pt200array_pt203_r1_7536312_11-55cebeeb54,2026-05-03T06:55:25.61Z,52.103,0,67.69,345,0,0,,,,
powertraces-pt200array_pt203_r1_7536312_11-55cebeeb54,2026-05-03T06:55:25.61Z,52.103,1,67.69,345,0,0,,,,
powertraces-pt200array_pt203_r1_7536312_11-55cebeeb54,2026-05-03T06:55:25.61Z,52.103,2,69.1,345,0,0,,,,
powertraces-pt200array_pt203_r1_7536312_11-55cebeeb54,2026-05-03T06:55:25.61Z,52.103,3,68.38,345,0,0,,,,
powertraces-pt200array_pt203_r1_7536312_11-55cebeeb54,2026-05-03T06:55:25.71Z,52.203,0,67.69,345,0,0,,,,
powertraces-pt200array_pt203_r1_7536312_11-55cebeeb54,2026-05-03T06:55:25.71Z,52.203,1,67.68,345,0,0,,,,
powertraces-pt200array_pt203_r1_7536312_11-55cebeeb54,2026-05-03T06:55:25.71Z,52.203,2,69.08,345,0,0,,,,
powertraces-pt200array_pt203_r1_7536312_11-55cebeeb54,2026-05-03T06:55:25.71Z,52.203,3,68.37,345,0,0,,,,
powertraces-pt200array_pt203_r1_7536312_11-55cebeeb54,2026-05-03T06:55:25.81Z,52.303,0,67.68,345,0,0,,,,
powertraces-pt200array_pt203_r1_7536312_11-55cebeeb54,2026-05-03T06:55:25.81Z,52.303,1,67.65,345,0,0,,,,
powertraces-pt200array_pt203_r1_7536312_11-55cebeeb54,2026-05-03T06:55:25.81Z,52.303,2,69.06,345,0,0,,,,
powertraces-pt200array_pt203_r1_7536312_11-55cebeeb54,2026-05-03T06:55:25.81Z,52.303,3,68.37,345,0,0,,,,
powertraces-pt200array_pt203_r1_7536312_11-55cebeeb54,2026-05-03T06:55:25.91Z,52.403,0,67.68,345,0,0,,,,
powertraces-pt200array_pt203_r1_7536312_11-55cebeeb54,2026-05-03T06:55:25.91Z,52.403,1,67.67,345,0,0,,,,
powertraces-pt200array_pt203_r1_7536312_11-55cebeeb54,2026-05-03T06:55:25.91Z,52.403,2,69.05,345,0,0,,,,
powertraces-pt200array_pt203_r1_7536312_11-55cebeeb54,2026-05-03T06:55:25.91Z,52.403,3,68.37,345,0,0,,,,
powertraces-pt200array_pt203_r1_7536312_11-55cebeeb54,2026-05-03T06:55:26.011Z,52.504,0,67.68,345,0,0,,,,
powertraces-pt200array_pt203_r1_7536312_11-55cebeeb54,2026-05-03T06:55:26.011Z,52.504,1,67.67,345,0,0,,,,
powertraces-pt200array_pt203_r1_7536312_11-55cebeeb54,2026-05-03T06:55:26.011Z,52.504,2,69.04,345,0,0,,,,
powertraces-pt200array_pt203_r1_7536312_11-55cebeeb54,2026-05-03T06:55:26.011Z,52.504,3,68.4,345,0,0,,,,
powertraces-pt200array_pt203_r1_7536312_11-55cebeeb54,2026-05-03T06:55:26.111Z,52.604,0,67.67,345,0,0,,,,
powertraces-pt200array_pt203_r1_7536312_11-55cebeeb54,2026-05-03T06:55:26.111Z,52.604,1,67.66,345,0,0,,,,
powertraces-pt200array_pt203_r1_7536312_11-55cebeeb54,2026-05-03T06:55:26.111Z,52.604,2,69.04,345,0,0,,,,
powertraces-pt200array_pt203_r1_7536312_11-55cebeeb54,2026-05-03T06:55:26.111Z,52.604,3,68.39,345,0,0,,,,
powertraces-pt200array_pt203_r1_7536312_11-55cebeeb54,2026-05-03T06:55:26.211Z,52.704,0,67.68,345,0,0,,,,
powertraces-pt200array_pt203_r1_7536312_11-55cebeeb54,2026-05-03T06:55:26.211Z,52.704,1,67.65,345,0,0,,,,
powertraces-pt200array_pt203_r1_7536312_11-55cebeeb54,2026-05-03T06:55:26.211Z,52.704,2,68.96,345,0,0,,,,
powertraces-pt200array_pt203_r1_7536312_11-55cebeeb54,2026-05-03T06:55:26.211Z,52.704,3,68.41,345,0,0,,,,
powertraces-pt200array_pt203_r1_7536312_11-55cebeeb54,2026-05-03T06:55:26.311Z,52.804,0,67.68,345,0,0,,,,
powertraces-pt200array_pt203_r1_7536312_11-55cebeeb54,2026-05-03T06:55:26.311Z,52.804,1,67.66,345,0,0,,,,
powertraces-pt200array_pt203_r1_7536312_11-55cebeeb54,2026-05-03T06:55:26.311Z,52.804,2,68.94,345,0,0,,,,
powertraces-pt200array_pt203_r1_7536312_11-55cebeeb54,2026-05-03T06:55:26.311Z,52.804,3,68.41,345,0,0,,,,
powertraces-pt200array_pt203_r1_7536312_11-55cebeeb54,2026-05-03T06:55:26.411Z,52.904,0,67.69,345,0,0,,,,
powertraces-pt200array_pt203_r1_7536312_11-55cebeeb54,2026-05-03T06:55:26.411Z,52.904,1,67.67,345,0,0,,,,
powertraces-pt200array_pt203_r1_7536312_11-55cebeeb54,2026-05-03T06:55:26.411Z,52.904,2,68.95,345,0,0,,,,
powertraces-pt200array_pt203_r1_7536312_11-55cebeeb54,2026-05-03T06:55:26.411Z,52.904,3,68.42,345,0,0,,,,
powertraces-pt200array_pt203_r1_7536312_11-55cebeeb54,2026-05-03T06:55:26.512Z,53.005,0,67.7,345,0,0,,,,
powertraces-pt200array_pt203_r1_7536312_11-55cebeeb54,2026-05-03T06:55:26.512Z,53.005,1,67.67,345,0,0,,,,
powertraces-pt200array_pt203_r1_7536312_11-55cebeeb54,2026-05-03T06:55:26.512Z,53.005,2,68.96,345,0,0,,,,
powertraces-pt200array_pt203_r1_7536312_11-55cebeeb54,2026-05-03T06:55:26.512Z,53.005,3,68.43,345,0,0,,,,
powertraces-pt200array_pt203_r1_7536312_11-55cebeeb54,2026-05-03T06:55:26.612Z,53.105,0,67.71,345,0,0,,,,
powertraces-pt200array_pt203_r1_7536312_11-55cebeeb54,2026-05-03T06:55:26.612Z,53.105,1,67.67,345,0,0,,,,
powertraces-pt200array_pt203_r1_7536312_11-55cebeeb54,2026-05-03T06:55:26.612Z,53.105,2,68.95,345,0,0,,,,
powertraces-pt200array_pt203_r1_7536312_11-55cebeeb54,2026-05-03T06:55:26.612Z,53.105,3,68.44,345,0,0,,,,
powertraces-pt200array_pt203_r1_7536312_11-55cebeeb54,2026-05-03T06:55:26.712Z,53.205,0,67.71,345,0,0,,,,
powertraces-pt200array_pt203_r1_7536312_11-55cebeeb54,2026-05-03T06:55:26.712Z,53.205,1,67.69,345,0,0,,,,
powertraces-pt200array_pt203_r1_7536312_11-55cebeeb54,2026-05-03T06:55:26.712Z,53.205,2,68.91,345,0,0,,,,
powertraces-pt200array_pt203_r1_7536312_11-55cebeeb54,2026-05-03T06:55:26.712Z,53.205,3,68.43,345,0,0,,,,
powertraces-pt200array_pt203_r1_7536312_11-55cebeeb54,2026-05-03T06:55:26.812Z,53.305,0,67.72,345,0,0,,,,
powertraces-pt200array_pt203_r1_7536312_11-55cebeeb54,2026-05-03T06:55:26.812Z,53.305,1,67.69,345,0,0,,,,
powertraces-pt200array_pt203_r1_7536312_11-55cebeeb54,2026-05-03T06:55:26.812Z,53.305,2,68.89,345,0,0,,,,
powertraces-pt200array_pt203_r1_7536312_11-55cebeeb54,2026-05-03T06:55:26.812Z,53.305,3,68.44,345,0,0,,,,
powertraces-pt200array_pt203_r1_7536312_11-55cebeeb54,2026-05-03T06:55:26.912Z,53.405,0,67.72,345,0,0,,,,
powertraces-pt200array_pt203_r1_7536312_11-55cebeeb54,2026-05-03T06:55:26.912Z,53.405,1,67.7,345,0,0,,,,
powertraces-pt200array_pt203_r1_7536312_11-55cebeeb54,2026-05-03T06:55:26.912Z,53.405,2,68.95,345,0,0,,,,
powertraces-pt200array_pt203_r1_7536312_11-55cebeeb54,2026-05-03T06:55:26.912Z,53.405,3,68.44,345,0,0,,,,
powertraces-pt200array_pt203_r1_7536312_11-55cebeeb54,2026-05-03T06:55:27.012Z,53.505,0,67.71,345,0,0,,,,
powertraces-pt200array_pt203_r1_7536312_11-55cebeeb54,2026-05-03T06:55:27.013Z,53.506,1,67.7,345,0,0,,,,
powertraces-pt200array_pt203_r1_7536312_11-55cebeeb54,2026-05-03T06:55:27.013Z,53.506,2,68.97,345,0,0,,,,
powertraces-pt200array_pt203_r1_7536312_11-55cebeeb54,2026-05-03T06:55:27.013Z,53.506,3,68.43,345,0,0,,,,
powertraces-pt200array_pt203_r1_7536312_11-55cebeeb54,2026-05-03T06:55:27.113Z,53.606,0,67.68,345,0,0,,,,
powertraces-pt200array_pt203_r1_7536312_11-55cebeeb54,2026-05-03T06:55:27.113Z,53.606,1,67.74,345,0,0,,,,
powertraces-pt200array_pt203_r1_7536312_11-55cebeeb54,2026-05-03T06:55:27.113Z,53.606,2,69.0,345,0,0,,,,
powertraces-pt200array_pt203_r1_7536312_11-55cebeeb54,2026-05-03T06:55:27.113Z,53.606,3,68.44,345,0,0,,,,
powertraces-pt200array_pt203_r1_7536312_11-55cebeeb54,2026-05-03T06:55:27.213Z,53.706,0,67.69,345,0,0,,,,
powertraces-pt200array_pt203_r1_7536312_11-55cebeeb54,2026-05-03T06:55:27.213Z,53.706,1,67.76,345,0,0,,,,
powertraces-pt200array_pt203_r1_7536312_11-55cebeeb54,2026-05-03T06:55:27.213Z,53.706,2,69.04,345,0,0,,,,
powertraces-pt200array_pt203_r1_7536312_11-55cebeeb54,2026-05-03T06:55:27.213Z,53.706,3,68.43,345,0,0,,,,
powertraces-pt200array_pt203_r1_7536312_11-55cebeeb54,2026-05-03T06:55:27.313Z,53.806,0,67.7,345,0,0,,,,
powertraces-pt200array_pt203_r1_7536312_11-55cebeeb54,2026-05-03T06:55:27.313Z,53.806,1,67.75,345,0,0,,,,
powertraces-pt200array_pt203_r1_7536312_11-55cebeeb54,2026-05-03T06:55:27.313Z,53.806,2,69.06,345,0,0,,,,
powertraces-pt200array_pt203_r1_7536312_11-55cebeeb54,2026-05-03T06:55:27.313Z,53.806,3,68.42,345,0,0,,,,
powertraces-pt200array_pt203_r1_7536312_11-55cebeeb54,2026-05-03T06:55:27.413Z,53.906,0,67.7,345,0,0,,,,
powertraces-pt200array_pt203_r1_7536312_11-55cebeeb54,2026-05-03T06:55:27.413Z,53.906,1,67.76,345,0,0,,,,
powertraces-pt200array_pt203_r1_7536312_11-55cebeeb54,2026-05-03T06:55:27.413Z,53.906,2,69.03,345,0,0,,,,
powertraces-pt200array_pt203_r1_7536312_11-55cebeeb54,2026-05-03T06:55:27.413Z,53.906,3,68.42,345,0,0,,,,
powertraces-pt200array_pt203_r1_7536312_11-55cebeeb54,2026-05-03T06:55:27.513Z,54.006,0,67.7,345,0,0,,,,
powertraces-pt200array_pt203_r1_7536312_11-55cebeeb54,2026-05-03T06:55:27.513Z,54.006,1,67.77,345,0,0,,,,
powertraces-pt200array_pt203_r1_7536312_11-55cebeeb54,2026-05-03T06:55:27.513Z,54.006,2,69.04,345,0,0,,,,
powertraces-pt200array_pt203_r1_7536312_11-55cebeeb54,2026-05-03T06:55:27.513Z,54.006,3,68.43,345,0,0,,,,
powertraces-pt200array_pt203_r1_7536312_11-55cebeeb54,2026-05-03T06:55:27.614Z,54.107,0,67.69,345,0,0,,,,
powertraces-pt200array_pt203_r1_7536312_11-55cebeeb54,2026-05-03T06:55:27.614Z,54.107,1,67.76,345,0,0,,,,
powertraces-pt200array_pt203_r1_7536312_11-55cebeeb54,2026-05-03T06:55:27.614Z,54.107,2,69.05,345,0,0,,,,
powertraces-pt200array_pt203_r1_7536312_11-55cebeeb54,2026-05-03T06:55:27.614Z,54.107,3,68.42,345,0,0,,,,
powertraces-pt200array_pt203_r1_7536312_11-55cebeeb54,2026-05-03T06:55:27.714Z,54.207,0,67.69,345,0,0,,,,
powertraces-pt200array_pt203_r1_7536312_11-55cebeeb54,2026-05-03T06:55:27.714Z,54.207,1,67.77,345,0,0,,,,
powertraces-pt200array_pt203_r1_7536312_11-55cebeeb54,2026-05-03T06:55:27.714Z,54.207,2,69.12,345,0,0,,,,
powertraces-pt200array_pt203_r1_7536312_11-55cebeeb54,2026-05-03T06:55:27.714Z,54.207,3,68.41,345,0,0,,,,
powertraces-pt200array_pt203_r1_7536312_11-55cebeeb54,2026-05-03T06:55:27.814Z,54.307,0,67.69,345,0,0,,,,
powertraces-pt200array_pt203_r1_7536312_11-55cebeeb54,2026-05-03T06:55:27.814Z,54.307,1,67.76,345,0,0,,,,
powertraces-pt200array_pt203_r1_7536312_11-55cebeeb54,2026-05-03T06:55:27.814Z,54.307,2,69.08,345,0,0,,,,
powertraces-pt200array_pt203_r1_7536312_11-55cebeeb54,2026-05-03T06:55:27.814Z,54.307,3,68.41,345,0,0,,,,
powertraces-pt200array_pt203_r1_7536312_11-55cebeeb54,2026-05-03T06:55:27.914Z,54.407,0,67.69,345,0,0,,,,
powertraces-pt200array_pt203_r1_7536312_11-55cebeeb54,2026-05-03T06:55:27.914Z,54.407,1,67.75,345,0,0,,,,
powertraces-pt200array_pt203_r1_7536312_11-55cebeeb54,2026-05-03T06:55:27.914Z,54.407,2,69.0,345,0,0,,,,
powertraces-pt200array_pt203_r1_7536312_11-55cebeeb54,2026-05-03T06:55:27.914Z,54.407,3,68.42,345,0,0,,,,
powertraces-pt200array_pt203_r1_7536312_11-55cebeeb54,2026-05-03T06:55:28.014Z,54.507,0,67.7,345,0,0,,,,
powertraces-pt200array_pt203_r1_7536312_11-55cebeeb54,2026-05-03T06:55:28.014Z,54.507,1,67.75,345,0,0,,,,
powertraces-pt200array_pt203_r1_7536312_11-55cebeeb54,2026-05-03T06:55:28.014Z,54.507,2,69.05,345,0,0,,,,
powertraces-pt200array_pt203_r1_7536312_11-55cebeeb54,2026-05-03T06:55:28.014Z,54.507,3,68.43,345,0,0,,,,
powertraces-pt200array_pt203_r1_7536312_11-55cebeeb54,2026-05-03T06:55:28.114Z,54.607,0,67.73,345,0,0,,,,
powertraces-pt200array_pt203_r1_7536312_11-55cebeeb54,2026-05-03T06:55:28.115Z,54.608,1,67.73,345,0,0,,,,
powertraces-pt200array_pt203_r1_7536312_11-55cebeeb54,2026-05-03T06:55:28.115Z,54.608,2,68.97,345,0,0,,,,
powertraces-pt200array_pt203_r1_7536312_11-55cebeeb54,2026-05-03T06:55:28.115Z,54.608,3,68.43,345,0,0,,,,
powertraces-pt200array_pt203_r1_7536312_11-55cebeeb54,2026-05-03T06:55:28.215Z,54.708,0,67.74,345,0,0,,,,
powertraces-pt200array_pt203_r1_7536312_11-55cebeeb54,2026-05-03T06:55:28.215Z,54.708,1,67.71,345,0,0,,,,
powertraces-pt200array_pt203_r1_7536312_11-55cebeeb54,2026-05-03T06:55:28.215Z,54.708,2,68.98,345,0,0,,,,
powertraces-pt200array_pt203_r1_7536312_11-55cebeeb54,2026-05-03T06:55:28.215Z,54.708,3,68.42,345,0,0,,,,
powertraces-pt200array_pt203_r1_7536312_11-55cebeeb54,2026-05-03T06:55:28.315Z,54.808,0,67.7,345,0,0,,,,
powertraces-pt200array_pt203_r1_7536312_11-55cebeeb54,2026-05-03T06:55:28.315Z,54.808,1,67.74,345,0,0,,,,
powertraces-pt200array_pt203_r1_7536312_11-55cebeeb54,2026-05-03T06:55:28.315Z,54.808,2,68.91,345,0,0,,,,
powertraces-pt200array_pt203_r1_7536312_11-55cebeeb54,2026-05-03T06:55:28.315Z,54.808,3,68.43,345,0,0,,,,
powertraces-pt200array_pt203_r1_7536312_11-55cebeeb54,2026-05-03T06:55:28.415Z,54.908,0,67.72,345,0,0,,,,
powertraces-pt200array_pt203_r1_7536312_11-55cebeeb54,2026-05-03T06:55:28.415Z,54.908,1,67.76,345,0,0,,,,
powertraces-pt200array_pt203_r1_7536312_11-55cebeeb54,2026-05-03T06:55:28.415Z,54.908,2,68.91,345,0,0,,,,
powertraces-pt200array_pt203_r1_7536312_11-55cebeeb54,2026-05-03T06:55:28.415Z,54.908,3,68.42,345,0,0,,,,
powertraces-pt200array_pt203_r1_7536312_11-55cebeeb54,2026-05-03T06:55:28.515Z,55.008,0,67.71,345,0,0,,,,
powertraces-pt200array_pt203_r1_7536312_11-55cebeeb54,2026-05-03T06:55:28.515Z,55.008,1,67.74,345,0,0,,,,
powertraces-pt200array_pt203_r1_7536312_11-55cebeeb54,2026-05-03T06:55:28.515Z,55.008,2,68.92,345,0,0,,,,
powertraces-pt200array_pt203_r1_7536312_11-55cebeeb54,2026-05-03T06:55:28.515Z,55.008,3,68.41,345,0,0,,,,
powertraces-pt200array_pt203_r1_7536312_11-55cebeeb54,2026-05-03T06:55:28.615Z,55.108,0,67.7,345,0,0,,,,
powertraces-pt200array_pt203_r1_7536312_11-55cebeeb54,2026-05-03T06:55:28.615Z,55.108,1,67.74,345,0,0,,,,
powertraces-pt200array_pt203_r1_7536312_11-55cebeeb54,2026-05-03T06:55:28.615Z,55.108,2,68.93,345,0,0,,,,
powertraces-pt200array_pt203_r1_7536312_11-55cebeeb54,2026-05-03T06:55:28.616Z,55.109,3,68.42,345,0,0,,,,
powertraces-pt200array_pt203_r1_7536312_11-55cebeeb54,2026-05-03T06:55:28.716Z,55.209,0,67.71,345,0,0,,,,
powertraces-pt200array_pt203_r1_7536312_11-55cebeeb54,2026-05-03T06:55:28.716Z,55.209,1,67.74,345,0,0,,,,
powertraces-pt200array_pt203_r1_7536312_11-55cebeeb54,2026-05-03T06:55:28.716Z,55.209,2,68.97,345,0,0,,,,
powertraces-pt200array_pt203_r1_7536312_11-55cebeeb54,2026-05-03T06:55:28.716Z,55.209,3,68.43,345,0,0,,,,
powertraces-pt200array_pt203_r1_7536312_11-55cebeeb54,2026-05-03T06:55:28.816Z,55.309,0,67.71,345,0,0,,,,
powertraces-pt200array_pt203_r1_7536312_11-55cebeeb54,2026-05-03T06:55:28.816Z,55.309,1,67.77,345,0,0,,,,
powertraces-pt200array_pt203_r1_7536312_11-55cebeeb54,2026-05-03T06:55:28.816Z,55.309,2,68.96,345,0,0,,,,
powertraces-pt200array_pt203_r1_7536312_11-55cebeeb54,2026-05-03T06:55:28.816Z,55.309,3,68.43,345,0,0,,,,
powertraces-pt200array_pt203_r1_7536312_11-55cebeeb54,2026-05-03T06:55:28.916Z,55.409,0,67.71,345,0,0,,,,
powertraces-pt200array_pt203_r1_7536312_11-55cebeeb54,2026-05-03T06:55:28.916Z,55.409,1,67.79,345,0,0,,,,
powertraces-pt200array_pt203_r1_7536312_11-55cebeeb54,2026-05-03T06:55:28.916Z,55.409,2,69.0,345,0,0,,,,
powertraces-pt200array_pt203_r1_7536312_11-55cebeeb54,2026-05-03T06:55:28.916Z,55.409,3,68.44,345,0,0,,,,
powertraces-pt200array_pt203_r1_7536312_11-55cebeeb54,2026-05-03T06:55:29.016Z,55.509,0,67.71,345,0,0,,,,
powertraces-pt200array_pt203_r1_7536312_11-55cebeeb54,2026-05-03T06:55:29.016Z,55.509,1,67.83,345,0,0,,,,
powertraces-pt200array_pt203_r1_7536312_11-55cebeeb54,2026-05-03T06:55:29.016Z,55.509,2,68.97,345,0,0,,,,
powertraces-pt200array_pt203_r1_7536312_11-55cebeeb54,2026-05-03T06:55:29.016Z,55.509,3,68.43,345,0,0,,,,
powertraces-pt200array_pt203_r1_7536312_11-55cebeeb54,2026-05-03T06:55:29.116Z,55.609,0,67.7,345,0,0,,,,
powertraces-pt200array_pt203_r1_7536312_11-55cebeeb54,2026-05-03T06:55:29.116Z,55.609,1,67.85,345,0,0,,,,
powertraces-pt200array_pt203_r1_7536312_11-55cebeeb54,2026-05-03T06:55:29.116Z,55.609,2,69.03,345,0,0,,,,
powertraces-pt200array_pt203_r1_7536312_11-55cebeeb54,2026-05-03T06:55:29.116Z,55.609,3,68.43,345,0,0,,,,
powertraces-pt200array_pt203_r1_7536312_11-55cebeeb54,2026-05-03T06:55:29.217Z,55.71,0,67.69,345,0,0,,,,
powertraces-pt200array_pt203_r1_7536312_11-55cebeeb54,2026-05-03T06:55:29.217Z,55.71,1,67.89,345,0,0,,,,
powertraces-pt200array_pt203_r1_7536312_11-55cebeeb54,2026-05-03T06:55:29.217Z,55.71,2,69.03,345,0,0,,,,
powertraces-pt200array_pt203_r1_7536312_11-55cebeeb54,2026-05-03T06:55:29.217Z,55.71,3,68.41,345,0,0,,,,
powertraces-pt200array_pt203_r1_7536312_11-55cebeeb54,2026-05-03T06:55:29.317Z,55.81,0,67.7,345,0,0,,,,
powertraces-pt200array_pt203_r1_7536312_11-55cebeeb54,2026-05-03T06:55:29.317Z,55.81,1,67.88,345,0,0,,,,
powertraces-pt200array_pt203_r1_7536312_11-55cebeeb54,2026-05-03T06:55:29.317Z,55.81,2,69.11,345,0,0,,,,
powertraces-pt200array_pt203_r1_7536312_11-55cebeeb54,2026-05-03T06:55:29.317Z,55.81,3,68.42,345,0,0,,,,
powertraces-pt200array_pt203_r1_7536312_11-55cebeeb54,2026-05-03T06:55:29.417Z,55.91,0,67.69,345,0,0,,,,
powertraces-pt200array_pt203_r1_7536312_11-55cebeeb54,2026-05-03T06:55:29.417Z,55.91,1,67.86,345,0,0,,,,
powertraces-pt200array_pt203_r1_7536312_11-55cebeeb54,2026-05-03T06:55:29.417Z,55.91,2,69.09,345,0,0,,,,
powertraces-pt200array_pt203_r1_7536312_11-55cebeeb54,2026-05-03T06:55:29.417Z,55.91,3,68.43,345,0,0,,,,
powertraces-pt200array_pt203_r1_7536312_11-55cebeeb54,2026-05-03T06:55:29.517Z,56.01,0,67.7,345,0,0,,,,
powertraces-pt200array_pt203_r1_7536312_11-55cebeeb54,2026-05-03T06:55:29.517Z,56.01,1,67.86,345,0,0,,,,
powertraces-pt200array_pt203_r1_7536312_11-55cebeeb54,2026-05-03T06:55:29.517Z,56.01,2,69.12,345,0,0,,,,
powertraces-pt200array_pt203_r1_7536312_11-55cebeeb54,2026-05-03T06:55:29.517Z,56.01,3,68.43,345,0,0,,,,
powertraces-pt200array_pt203_r1_7536312_11-55cebeeb54,2026-05-03T06:55:29.617Z,56.11,0,67.7,345,0,0,,,,
powertraces-pt200array_pt203_r1_7536312_11-55cebeeb54,2026-05-03T06:55:29.617Z,56.11,1,67.9,345,0,0,,,,
powertraces-pt200array_pt203_r1_7536312_11-55cebeeb54,2026-05-03T06:55:29.617Z,56.11,2,69.08,345,0,0,,,,
powertraces-pt200array_pt203_r1_7536312_11-55cebeeb54,2026-05-03T06:55:29.617Z,56.11,3,68.43,345,0,0,,,,
powertraces-pt200array_pt203_r1_7536312_11-55cebeeb54,2026-05-03T06:55:29.717Z,56.21,0,67.69,345,0,0,,,,
powertraces-pt200array_pt203_r1_7536312_11-55cebeeb54,2026-05-03T06:55:29.717Z,56.21,1,67.9,345,0,0,,,,
powertraces-pt200array_pt203_r1_7536312_11-55cebeeb54,2026-05-03T06:55:29.717Z,56.21,2,69.01,345,0,0,,,,
powertraces-pt200array_pt203_r1_7536312_11-55cebeeb54,2026-05-03T06:55:29.718Z,56.211,3,68.42,345,0,0,,,,
powertraces-pt200array_pt203_r1_7536312_11-55cebeeb54,2026-05-03T06:55:29.818Z,56.311,0,67.69,345,0,0,,,,
powertraces-pt200array_pt203_r1_7536312_11-55cebeeb54,2026-05-03T06:55:29.818Z,56.311,1,67.89,345,0,0,,,,
powertraces-pt200array_pt203_r1_7536312_11-55cebeeb54,2026-05-03T06:55:29.818Z,56.311,2,69.03,345,0,0,,,,
powertraces-pt200array_pt203_r1_7536312_11-55cebeeb54,2026-05-03T06:55:29.818Z,56.311,3,68.4,345,0,0,,,,
powertraces-pt200array_pt203_r1_7536312_11-55cebeeb54,2026-05-03T06:55:29.918Z,56.411,0,67.68,345,0,0,,,,
powertraces-pt200array_pt203_r1_7536312_11-55cebeeb54,2026-05-03T06:55:29.918Z,56.411,1,67.87,345,0,0,,,,
powertraces-pt200array_pt203_r1_7536312_11-55cebeeb54,2026-05-03T06:55:29.918Z,56.411,2,69.0,345,0,0,,,,
powertraces-pt200array_pt203_r1_7536312_11-55cebeeb54,2026-05-03T06:55:29.918Z,56.411,3,68.4,345,0,0,,,,
powertraces-pt200array_pt203_r1_7536312_11-55cebeeb54,2026-05-03T06:55:30.018Z,56.511,0,67.67,345,0,0,,,,
powertraces-pt200array_pt203_r1_7536312_11-55cebeeb54,2026-05-03T06:55:30.018Z,56.511,1,67.81,345,0,0,,,,
powertraces-pt200array_pt203_r1_7536312_11-55cebeeb54,2026-05-03T06:55:30.018Z,56.511,2,69.0,345,0,0,,,,
powertraces-pt200array_pt203_r1_7536312_11-55cebeeb54,2026-05-03T06:55:30.018Z,56.511,3,68.39,345,0,0,,,,
powertraces-pt200array_pt203_r1_7536312_11-55cebeeb54,2026-05-03T06:55:30.118Z,56.611,0,67.66,345,0,0,,,,
powertraces-pt200array_pt203_r1_7536312_11-55cebeeb54,2026-05-03T06:55:30.118Z,56.611,1,67.79,345,0,0,,,,
powertraces-pt200array_pt203_r1_7536312_11-55cebeeb54,2026-05-03T06:55:30.118Z,56.611,2,69.0,345,0,0,,,,
powertraces-pt200array_pt203_r1_7536312_11-55cebeeb54,2026-05-03T06:55:30.118Z,56.611,3,68.39,345,0,0,,,,
powertraces-pt200array_pt203_r1_7536312_11-55cebeeb54,2026-05-03T06:55:30.218Z,56.711,0,67.67,345,0,0,,,,
powertraces-pt200array_pt203_r1_7536312_11-55cebeeb54,2026-05-03T06:55:30.218Z,56.711,1,67.75,345,0,0,,,,
powertraces-pt200array_pt203_r1_7536312_11-55cebeeb54,2026-05-03T06:55:30.218Z,56.711,2,68.97,345,0,0,,,,
powertraces-pt200array_pt203_r1_7536312_11-55cebeeb54,2026-05-03T06:55:30.218Z,56.711,3,68.39,345,0,0,,,,
powertraces-pt200array_pt203_r1_7536312_11-55cebeeb54,2026-05-03T06:55:30.319Z,56.812,0,67.67,345,0,0,,,,
powertraces-pt200array_pt203_r1_7536312_11-55cebeeb54,2026-05-03T06:55:30.319Z,56.812,1,67.71,345,0,0,,,,
powertraces-pt200array_pt203_r1_7536312_11-55cebeeb54,2026-05-03T06:55:30.319Z,56.812,2,68.98,345,0,0,,,,
powertraces-pt200array_pt203_r1_7536312_11-55cebeeb54,2026-05-03T06:55:30.319Z,56.812,3,68.38,345,0,0,,,,
powertraces-pt200array_pt203_r1_7536312_11-55cebeeb54,2026-05-03T06:55:30.419Z,56.912,0,67.65,345,0,0,,,,
powertraces-pt200array_pt203_r1_7536312_11-55cebeeb54,2026-05-03T06:55:30.419Z,56.912,1,67.7,345,0,0,,,,
powertraces-pt200array_pt203_r1_7536312_11-55cebeeb54,2026-05-03T06:55:30.419Z,56.912,2,69.02,345,0,0,,,,
powertraces-pt200array_pt203_r1_7536312_11-55cebeeb54,2026-05-03T06:55:30.419Z,56.912,3,68.39,345,0,0,,,,
powertraces-pt200array_pt203_r1_7536312_11-55cebeeb54,2026-05-03T06:55:30.519Z,57.012,0,67.67,345,0,0,,,,
powertraces-pt200array_pt203_r1_7536312_11-55cebeeb54,2026-05-03T06:55:30.519Z,57.012,1,67.68,345,0,0,,,,
powertraces-pt200array_pt203_r1_7536312_11-55cebeeb54,2026-05-03T06:55:30.519Z,57.012,2,69.0,345,0,0,,,,
powertraces-pt200array_pt203_r1_7536312_11-55cebeeb54,2026-05-03T06:55:30.519Z,57.012,3,68.4,345,0,0,,,,
powertraces-pt200array_pt203_r1_7536312_11-55cebeeb54,2026-05-03T06:55:30.619Z,57.112,0,67.69,345,0,0,,,,
powertraces-pt200array_pt203_r1_7536312_11-55cebeeb54,2026-05-03T06:55:30.619Z,57.112,1,67.66,345,0,0,,,,
powertraces-pt200array_pt203_r1_7536312_11-55cebeeb54,2026-05-03T06:55:30.619Z,57.112,2,69.05,345,0,0,,,,
powertraces-pt200array_pt203_r1_7536312_11-55cebeeb54,2026-05-03T06:55:30.619Z,57.112,3,68.4,345,0,0,,,,
powertraces-pt200array_pt203_r1_7536312_11-55cebeeb54,2026-05-03T06:55:30.719Z,57.212,0,67.73,345,0,0,,,,
powertraces-pt200array_pt203_r1_7536312_11-55cebeeb54,2026-05-03T06:55:30.719Z,57.212,1,67.66,345,0,0,,,,
powertraces-pt200array_pt203_r1_7536312_11-55cebeeb54,2026-05-03T06:55:30.719Z,57.212,2,69.04,345,0,0,,,,
powertraces-pt200array_pt203_r1_7536312_11-55cebeeb54,2026-05-03T06:55:30.719Z,57.212,3,68.43,345,0,0,,,,
powertraces-pt200array_pt203_r1_7536312_11-55cebeeb54,2026-05-03T06:55:30.819Z,57.312,0,67.73,345,0,0,,,,
powertraces-pt200array_pt203_r1_7536312_11-55cebeeb54,2026-05-03T06:55:30.819Z,57.312,1,67.67,345,0,0,,,,
powertraces-pt200array_pt203_r1_7536312_11-55cebeeb54,2026-05-03T06:55:30.82Z,57.313,2,69.04,345,0,0,,,,
powertraces-pt200array_pt203_r1_7536312_11-55cebeeb54,2026-05-03T06:55:30.82Z,57.313,3,68.43,345,0,0,,,,
powertraces-pt200array_pt203_r1_7536312_11-55cebeeb54,2026-05-03T06:55:30.92Z,57.413,0,67.74,345,0,0,,,,
powertraces-pt200array_pt203_r1_7536312_11-55cebeeb54,2026-05-03T06:55:30.92Z,57.413,1,67.7,345,0,0,,,,
powertraces-pt200array_pt203_r1_7536312_11-55cebeeb54,2026-05-03T06:55:30.92Z,57.413,2,69.11,345,0,0,,,,
powertraces-pt200array_pt203_r1_7536312_11-55cebeeb54,2026-05-03T06:55:30.92Z,57.413,3,68.44,345,0,0,,,,
powertraces-pt200array_pt203_r1_7536312_11-55cebeeb54,2026-05-03T06:55:31.02Z,57.513,0,67.74,345,0,0,,,,
powertraces-pt200array_pt203_r1_7536312_11-55cebeeb54,2026-05-03T06:55:31.02Z,57.513,1,67.69,345,0,0,,,,
powertraces-pt200array_pt203_r1_7536312_11-55cebeeb54,2026-05-03T06:55:31.02Z,57.513,2,69.14,345,0,0,,,,
powertraces-pt200array_pt203_r1_7536312_11-55cebeeb54,2026-05-03T06:55:31.02Z,57.513,3,68.44,345,0,0,,,,
powertraces-pt200array_pt203_r1_7536312_11-55cebeeb54,2026-05-03T06:55:31.12Z,57.613,0,67.75,345,0,0,,,,
powertraces-pt200array_pt203_r1_7536312_11-55cebeeb54,2026-05-03T06:55:31.12Z,57.613,1,67.71,345,0,0,,,,
powertraces-pt200array_pt203_r1_7536312_11-55cebeeb54,2026-05-03T06:55:31.12Z,57.613,2,69.13,345,0,0,,,,
powertraces-pt200array_pt203_r1_7536312_11-55cebeeb54,2026-05-03T06:55:31.12Z,57.613,3,68.43,345,0,0,,,,
powertraces-pt200array_pt203_r1_7536312_11-55cebeeb54,2026-05-03T06:55:31.22Z,57.713,0,67.75,345,0,0,,,,
powertraces-pt200array_pt203_r1_7536312_11-55cebeeb54,2026-05-03T06:55:31.22Z,57.713,1,67.71,345,0,0,,,,
powertraces-pt200array_pt203_r1_7536312_11-55cebeeb54,2026-05-03T06:55:31.22Z,57.713,2,69.18,345,0,0,,,,
powertraces-pt200array_pt203_r1_7536312_11-55cebeeb54,2026-05-03T06:55:31.22Z,57.713,3,68.45,345,0,0,,,,
powertraces-pt200array_pt203_r1_7536312_11-55cebeeb54,2026-05-03T06:55:31.32Z,57.813,0,67.76,345,0,0,,,,
powertraces-pt200array_pt203_r1_7536312_11-55cebeeb54,2026-05-03T06:55:31.32Z,57.813,1,67.75,345,0,0,,,,
powertraces-pt200array_pt203_r1_7536312_11-55cebeeb54,2026-05-03T06:55:31.32Z,57.813,2,69.19,345,0,0,,,,
powertraces-pt200array_pt203_r1_7536312_11-55cebeeb54,2026-05-03T06:55:31.32Z,57.813,3,68.44,345,0,0,,,,
powertraces-pt200array_pt203_r1_7536312_11-55cebeeb54,2026-05-03T06:55:31.421Z,57.914,0,67.77,345,0,0,,,,
powertraces-pt200array_pt203_r1_7536312_11-55cebeeb54,2026-05-03T06:55:31.421Z,57.914,1,67.75,345,0,0,,,,
powertraces-pt200array_pt203_r1_7536312_11-55cebeeb54,2026-05-03T06:55:31.421Z,57.914,2,69.15,345,0,0,,,,
powertraces-pt200array_pt203_r1_7536312_11-55cebeeb54,2026-05-03T06:55:31.421Z,57.914,3,68.44,345,0,0,,,,
powertraces-pt200array_pt203_r1_7536312_11-55cebeeb54,2026-05-03T06:55:31.521Z,58.014,0,67.76,345,0,0,,,,
powertraces-pt200array_pt203_r1_7536312_11-55cebeeb54,2026-05-03T06:55:31.521Z,58.014,1,67.79,345,0,0,,,,
powertraces-pt200array_pt203_r1_7536312_11-55cebeeb54,2026-05-03T06:55:31.521Z,58.014,2,69.17,345,0,0,,,,
powertraces-pt200array_pt203_r1_7536312_11-55cebeeb54,2026-05-03T06:55:31.521Z,58.014,3,68.41,345,0,0,,,,
powertraces-pt200array_pt203_r1_7536312_11-55cebeeb54,2026-05-03T06:55:31.621Z,58.114,0,67.76,345,0,0,,,,
powertraces-pt200array_pt203_r1_7536312_11-55cebeeb54,2026-05-03T06:55:31.621Z,58.114,1,67.83,345,0,0,,,,
powertraces-pt200array_pt203_r1_7536312_11-55cebeeb54,2026-05-03T06:55:31.621Z,58.114,2,69.21,345,0,0,,,,
powertraces-pt200array_pt203_r1_7536312_11-55cebeeb54,2026-05-03T06:55:31.621Z,58.114,3,68.39,345,0,0,,,,
powertraces-pt200array_pt203_r1_7536312_11-55cebeeb54,2026-05-03T06:55:31.721Z,58.214,0,67.76,345,0,0,,,,
powertraces-pt200array_pt203_r1_7536312_11-55cebeeb54,2026-05-03T06:55:31.721Z,58.214,1,67.8,345,0,0,,,,
powertraces-pt200array_pt203_r1_7536312_11-55cebeeb54,2026-05-03T06:55:31.721Z,58.214,2,69.24,345,0,0,,,,
powertraces-pt200array_pt203_r1_7536312_11-55cebeeb54,2026-05-03T06:55:31.721Z,58.214,3,68.37,345,0,0,,,,
powertraces-pt200array_pt203_r1_7536312_11-55cebeeb54,2026-05-03T06:55:31.821Z,58.314,0,67.75,345,0,0,,,,
powertraces-pt200array_pt203_r1_7536312_11-55cebeeb54,2026-05-03T06:55:31.821Z,58.314,1,67.81,345,0,0,,,,
powertraces-pt200array_pt203_r1_7536312_11-55cebeeb54,2026-05-03T06:55:31.821Z,58.314,2,69.26,345,0,0,,,,
powertraces-pt200array_pt203_r1_7536312_11-55cebeeb54,2026-05-03T06:55:31.821Z,58.314,3,68.37,345,0,0,,,,
powertraces-pt200array_pt203_r1_7536312_11-55cebeeb54,2026-05-03T06:55:31.922Z,58.415,0,67.76,345,0,0,,,,
powertraces-pt200array_pt203_r1_7536312_11-55cebeeb54,2026-05-03T06:55:31.922Z,58.415,1,67.81,345,0,0,,,,
powertraces-pt200array_pt203_r1_7536312_11-55cebeeb54,2026-05-03T06:55:31.922Z,58.415,2,69.23,345,0,0,,,,
powertraces-pt200array_pt203_r1_7536312_11-55cebeeb54,2026-05-03T06:55:31.922Z,58.415,3,68.37,345,0,0,,,,
powertraces-pt200array_pt203_r1_7536312_11-55cebeeb54,2026-05-03T06:55:32.022Z,58.515,0,68.08,840,0,0,,,,
powertraces-pt200array_pt203_r1_7536312_11-55cebeeb54,2026-05-03T06:55:32.022Z,58.515,1,67.87,345,0,0,,,,
powertraces-pt200array_pt203_r1_7536312_11-55cebeeb54,2026-05-03T06:55:32.022Z,58.515,2,69.16,345,0,0,,,,
powertraces-pt200array_pt203_r1_7536312_11-55cebeeb54,2026-05-03T06:55:32.022Z,58.515,3,68.36,345,0,0,,,,
powertraces-pt200array_pt203_r1_7536312_11-55cebeeb54,2026-05-03T06:55:32.122Z,58.615,0,68.45,840,0,0,,,,
powertraces-pt200array_pt203_r1_7536312_11-55cebeeb54,2026-05-03T06:55:32.122Z,58.615,1,67.89,345,0,0,,,,
powertraces-pt200array_pt203_r1_7536312_11-55cebeeb54,2026-05-03T06:55:32.122Z,58.615,2,69.13,345,0,0,,,,
powertraces-pt200array_pt203_r1_7536312_11-55cebeeb54,2026-05-03T06:55:32.122Z,58.615,3,68.36,345,0,0,,,,
powertraces-pt200array_pt203_r1_7536312_11-55cebeeb54,2026-05-03T06:55:32.222Z,58.715,0,68.77,840,0,0,,,,
powertraces-pt200array_pt203_r1_7536312_11-55cebeeb54,2026-05-03T06:55:32.222Z,58.715,1,68.19,825,0,0,,,,
powertraces-pt200array_pt203_r1_7536312_11-55cebeeb54,2026-05-03T06:55:32.222Z,58.715,2,69.09,345,0,0,,,,
powertraces-pt200array_pt203_r1_7536312_11-55cebeeb54,2026-05-03T06:55:32.222Z,58.715,3,68.38,345,0,0,,,,
powertraces-pt200array_pt203_r1_7536312_11-55cebeeb54,2026-05-03T06:55:32.322Z,58.815,0,69.18,840,0,0,,,,
powertraces-pt200array_pt203_r1_7536312_11-55cebeeb54,2026-05-03T06:55:32.322Z,58.815,1,68.59,825,0,0,,,,
powertraces-pt200array_pt203_r1_7536312_11-55cebeeb54,2026-05-03T06:55:32.322Z,58.815,2,69.09,345,0,0,,,,
powertraces-pt200array_pt203_r1_7536312_11-55cebeeb54,2026-05-03T06:55:32.322Z,58.815,3,68.42,345,0,0,,,,
powertraces-pt200array_pt203_r1_7536312_11-55cebeeb54,2026-05-03T06:55:32.423Z,58.916,0,69.56,840,0,0,,,,
powertraces-pt200array_pt203_r1_7536312_11-55cebeeb54,2026-05-03T06:55:32.423Z,58.916,1,68.98,825,0,0,,,,
powertraces-pt200array_pt203_r1_7536312_11-55cebeeb54,2026-05-03T06:55:32.423Z,58.916,2,69.14,345,0,0,,,,
powertraces-pt200array_pt203_r1_7536312_11-55cebeeb54,2026-05-03T06:55:32.423Z,58.916,3,68.44,345,0,0,,,,
powertraces-pt200array_pt203_r1_7536312_11-55cebeeb54,2026-05-03T06:55:32.523Z,59.016,0,69.9,840,0,0,,,,
powertraces-pt200array_pt203_r1_7536312_11-55cebeeb54,2026-05-03T06:55:32.523Z,59.016,1,69.36,825,0,0,,,,
powertraces-pt200array_pt203_r1_7536312_11-55cebeeb54,2026-05-03T06:55:32.523Z,59.016,2,69.16,345,0,0,,,,
powertraces-pt200array_pt203_r1_7536312_11-55cebeeb54,2026-05-03T06:55:32.523Z,59.016,3,68.47,345,0,0,,,,
powertraces-pt200array_pt203_r1_7536312_11-55cebeeb54,2026-05-03T06:55:32.623Z,59.116,0,70.32,840,0,0,,,,
powertraces-pt200array_pt203_r1_7536312_11-55cebeeb54,2026-05-03T06:55:32.623Z,59.116,1,69.65,825,0,0,,,,
powertraces-pt200array_pt203_r1_7536312_11-55cebeeb54,2026-05-03T06:55:32.623Z,59.116,2,69.09,345,0,0,,,,
powertraces-pt200array_pt203_r1_7536312_11-55cebeeb54,2026-05-03T06:55:32.623Z,59.116,3,68.49,345,0,0,,,,
powertraces-pt200array_pt203_r1_7536312_11-55cebeeb54,2026-05-03T06:55:32.723Z,59.216,0,70.67,840,0,0,,,,
powertraces-pt200array_pt203_r1_7536312_11-55cebeeb54,2026-05-03T06:55:32.723Z,59.216,1,69.94,825,0,0,,,,
powertraces-pt200array_pt203_r1_7536312_11-55cebeeb54,2026-05-03T06:55:32.723Z,59.216,2,69.09,345,0,0,,,,
powertraces-pt200array_pt203_r1_7536312_11-55cebeeb54,2026-05-03T06:55:32.723Z,59.216,3,68.52,345,0,0,,,,
powertraces-pt200array_pt203_r1_7536312_11-55cebeeb54,2026-05-03T06:55:32.823Z,59.316,0,71.09,840,0,0,,,,
powertraces-pt200array_pt203_r1_7536312_11-55cebeeb54,2026-05-03T06:55:32.823Z,59.316,1,70.35,825,0,0,,,,
powertraces-pt200array_pt203_r1_7536312_11-55cebeeb54,2026-05-03T06:55:32.823Z,59.316,2,69.12,345,0,0,,,,
powertraces-pt200array_pt203_r1_7536312_11-55cebeeb54,2026-05-03T06:55:32.823Z,59.316,3,68.55,345,0,0,,,,
powertraces-pt200array_pt203_r1_7536312_11-55cebeeb54,2026-05-03T06:55:32.924Z,59.417,0,71.4,840,0,0,,,,
powertraces-pt200array_pt203_r1_7536312_11-55cebeeb54,2026-05-03T06:55:32.924Z,59.417,1,70.69,825,0,0,,,,
powertraces-pt200array_pt203_r1_7536312_11-55cebeeb54,2026-05-03T06:55:32.924Z,59.417,2,69.15,345,0,0,,,,
powertraces-pt200array_pt203_r1_7536312_11-55cebeeb54,2026-05-03T06:55:32.924Z,59.417,3,68.55,345,0,0,,,,
powertraces-pt200array_pt203_r1_7536312_11-55cebeeb54,2026-05-03T06:55:33.024Z,59.517,0,71.53,840,0,0,,,,
powertraces-pt200array_pt203_r1_7536312_11-55cebeeb54,2026-05-03T06:55:33.024Z,59.517,1,70.96,825,0,0,,,,
powertraces-pt200array_pt203_r1_7536312_11-55cebeeb54,2026-05-03T06:55:33.024Z,59.517,2,69.21,345,0,0,,,,
powertraces-pt200array_pt203_r1_7536312_11-55cebeeb54,2026-05-03T06:55:33.024Z,59.517,3,68.58,345,0,0,,,,
powertraces-pt200array_pt203_r1_7536312_11-55cebeeb54,2026-05-03T06:55:33.124Z,59.617,0,71.53,840,0,0,,,,
powertraces-pt200array_pt203_r1_7536312_11-55cebeeb54,2026-05-03T06:55:33.124Z,59.617,1,71.29,825,0,0,,,,
powertraces-pt200array_pt203_r1_7536312_11-55cebeeb54,2026-05-03T06:55:33.124Z,59.617,2,69.2,345,0,0,,,,
powertraces-pt200array_pt203_r1_7536312_11-55cebeeb54,2026-05-03T06:55:33.124Z,59.617,3,68.6,345,0,0,,,,
powertraces-pt200array_pt203_r1_7536312_11-55cebeeb54,2026-05-03T06:55:33.224Z,59.717,0,71.55,840,0,0,,,,
powertraces-pt200array_pt203_r1_7536312_11-55cebeeb54,2026-05-03T06:55:33.224Z,59.717,1,71.33,825,0,0,,,,
powertraces-pt200array_pt203_r1_7536312_11-55cebeeb54,2026-05-03T06:55:33.224Z,59.717,2,69.19,345,0,0,,,,
powertraces-pt200array_pt203_r1_7536312_11-55cebeeb54,2026-05-03T06:55:33.224Z,59.717,3,68.59,345,0,0,,,,
powertraces-pt200array_pt203_r1_7536312_11-55cebeeb54,2026-05-03T06:55:33.324Z,59.817,0,71.52,840,0,0,,,,
powertraces-pt200array_pt203_r1_7536312_11-55cebeeb54,2026-05-03T06:55:33.324Z,59.817,1,71.24,825,0,0,,,,
powertraces-pt200array_pt203_r1_7536312_11-55cebeeb54,2026-05-03T06:55:33.324Z,59.817,2,69.16,345,0,0,,,,
powertraces-pt200array_pt203_r1_7536312_11-55cebeeb54,2026-05-03T06:55:33.325Z,59.818,3,68.57,345,0,0,,,,
powertraces-pt200array_pt203_r1_7536312_11-55cebeeb54,2026-05-03T06:55:33.425Z,59.918,0,71.5,840,0,0,,,,
powertraces-pt200array_pt203_r1_7536312_11-55cebeeb54,2026-05-03T06:55:33.425Z,59.918,1,71.23,825,0,0,,,,
powertraces-pt200array_pt203_r1_7536312_11-55cebeeb54,2026-05-03T06:55:33.425Z,59.918,2,69.09,345,0,0,,,,
powertraces-pt200array_pt203_r1_7536312_11-55cebeeb54,2026-05-03T06:55:33.425Z,59.918,3,68.55,345,0,0,,,,
powertraces-pt200array_pt203_r1_7536312_11-55cebeeb54,2026-05-03T06:55:33.525Z,60.018,0,71.47,840,0,0,,,,
powertraces-pt200array_pt203_r1_7536312_11-55cebeeb54,2026-05-03T06:55:33.525Z,60.018,1,71.17,825,0,0,,,,
powertraces-pt200array_pt203_r1_7536312_11-55cebeeb54,2026-05-03T06:55:33.525Z,60.018,2,69.05,345,0,0,,,,
powertraces-pt200array_pt203_r1_7536312_11-55cebeeb54,2026-05-03T06:55:33.525Z,60.018,3,68.52,345,0,0,,,,
powertraces-pt200array_pt203_r1_7536312_11-55cebeeb54,2026-05-03T06:55:33.625Z,60.118,0,71.44,840,0,0,,,,
powertraces-pt200array_pt203_r1_7536312_11-55cebeeb54,2026-05-03T06:55:33.625Z,60.118,1,71.18,825,0,0,,,,
powertraces-pt200array_pt203_r1_7536312_11-55cebeeb54,2026-05-03T06:55:33.625Z,60.118,2,69.08,345,0,0,,,,
powertraces-pt200array_pt203_r1_7536312_11-55cebeeb54,2026-05-03T06:55:33.625Z,60.118,3,68.5,345,0,0,,,,
powertraces-pt200array_pt203_r1_7536312_11-55cebeeb54,2026-05-03T06:55:33.725Z,60.218,0,71.4,345,0,0,,,,
powertraces-pt200array_pt203_r1_7536312_11-55cebeeb54,2026-05-03T06:55:33.725Z,60.218,1,71.19,825,0,0,,,,
powertraces-pt200array_pt203_r1_7536312_11-55cebeeb54,2026-05-03T06:55:33.725Z,60.218,2,69.05,345,0,0,,,,
powertraces-pt200array_pt203_r1_7536312_11-55cebeeb54,2026-05-03T06:55:33.725Z,60.218,3,68.5,345,0,0,,,,
powertraces-pt200array_pt203_r1_7536312_11-55cebeeb54,2026-05-03T06:55:33.825Z,60.318,0,71.03,345,0,0,,,,
powertraces-pt200array_pt203_r1_7536312_11-55cebeeb54,2026-05-03T06:55:33.825Z,60.318,1,71.16,825,0,0,,,,
powertraces-pt200array_pt203_r1_7536312_11-55cebeeb54,2026-05-03T06:55:33.826Z,60.319,2,69.0,345,0,0,,,,
powertraces-pt200array_pt203_r1_7536312_11-55cebeeb54,2026-05-03T06:55:33.826Z,60.319,3,68.48,345,0,0,,,,
powertraces-pt200array_pt203_r1_7536312_11-55cebeeb54,2026-05-03T06:55:33.926Z,60.419,0,70.67,345,0,0,,,,
powertraces-pt200array_pt203_r1_7536312_11-55cebeeb54,2026-05-03T06:55:33.926Z,60.419,1,71.14,825,0,0,,,,
powertraces-pt200array_pt203_r1_7536312_11-55cebeeb54,2026-05-03T06:55:33.926Z,60.419,2,68.98,345,0,0,,,,
powertraces-pt200array_pt203_r1_7536312_11-55cebeeb54,2026-05-03T06:55:33.926Z,60.419,3,68.49,345,0,0,,,,
powertraces-pt200array_pt203_r1_7536312_11-55cebeeb54,2026-05-03T06:55:34.026Z,60.519,0,70.34,345,0,0,,,,
powertraces-pt200array_pt203_r1_7536312_11-55cebeeb54,2026-05-03T06:55:34.026Z,60.519,1,70.89,345,0,0,,,,
powertraces-pt200array_pt203_r1_7536312_11-55cebeeb54,2026-05-03T06:55:34.026Z,60.519,2,68.96,345,0,0,,,,
powertraces-pt200array_pt203_r1_7536312_11-55cebeeb54,2026-05-03T06:55:34.026Z,60.519,3,68.52,345,0,0,,,,
powertraces-pt200array_pt203_r1_7536312_11-55cebeeb54,2026-05-03T06:55:34.126Z,60.619,0,70.01,345,0,0,,,,
powertraces-pt200array_pt203_r1_7536312_11-55cebeeb54,2026-05-03T06:55:34.126Z,60.619,1,70.63,345,0,0,,,,
powertraces-pt200array_pt203_r1_7536312_11-55cebeeb54,2026-05-03T06:55:34.126Z,60.619,2,69.05,345,0,0,,,,
powertraces-pt200array_pt203_r1_7536312_11-55cebeeb54,2026-05-03T06:55:34.126Z,60.619,3,68.53,345,0,0,,,,
powertraces-pt200array_pt203_r1_7536312_11-55cebeeb54,2026-05-03T06:55:34.226Z,60.719,0,69.68,345,0,0,,,,
powertraces-pt200array_pt203_r1_7536312_11-55cebeeb54,2026-05-03T06:55:34.226Z,60.719,1,70.28,345,0,0,,,,
powertraces-pt200array_pt203_r1_7536312_11-55cebeeb54,2026-05-03T06:55:34.226Z,60.719,2,69.12,345,0,0,,,,
powertraces-pt200array_pt203_r1_7536312_11-55cebeeb54,2026-05-03T06:55:34.226Z,60.719,3,68.56,345,0,0,,,,
powertraces-pt200array_pt203_r1_7536312_11-55cebeeb54,2026-05-03T06:55:34.326Z,60.819,0,69.32,345,0,0,,,,
powertraces-pt200array_pt203_r1_7536312_11-55cebeeb54,2026-05-03T06:55:34.326Z,60.819,1,69.96,345,0,0,,,,
powertraces-pt200array_pt203_r1_7536312_11-55cebeeb54,2026-05-03T06:55:34.326Z,60.819,2,69.17,345,0,0,,,,
powertraces-pt200array_pt203_r1_7536312_11-55cebeeb54,2026-05-03T06:55:34.326Z,60.819,3,68.58,345,0,0,,,,
powertraces-pt200array_pt203_r1_7536312_11-55cebeeb54,2026-05-03T06:55:34.427Z,60.92,0,68.97,345,0,0,,,,
powertraces-pt200array_pt203_r1_7536312_11-55cebeeb54,2026-05-03T06:55:34.427Z,60.92,1,69.63,345,0,0,,,,
powertraces-pt200array_pt203_r1_7536312_11-55cebeeb54,2026-05-03T06:55:34.427Z,60.92,2,69.25,345,0,0,,,,
powertraces-pt200array_pt203_r1_7536312_11-55cebeeb54,2026-05-03T06:55:34.427Z,60.92,3,68.59,345,0,0,,,,
powertraces-pt200array_pt203_r1_7536312_11-55cebeeb54,2026-05-03T06:55:34.527Z,61.02,0,68.63,345,0,0,,,,
powertraces-pt200array_pt203_r1_7536312_11-55cebeeb54,2026-05-03T06:55:34.527Z,61.02,1,69.35,345,0,0,,,,
powertraces-pt200array_pt203_r1_7536312_11-55cebeeb54,2026-05-03T06:55:34.527Z,61.02,2,69.22,345,0,0,,,,
powertraces-pt200array_pt203_r1_7536312_11-55cebeeb54,2026-05-03T06:55:34.527Z,61.02,3,68.61,345,0,0,,,,
powertraces-pt200array_pt203_r1_7536312_11-55cebeeb54,2026-05-03T06:55:34.627Z,61.12,0,68.34,345,0,0,,,,
powertraces-pt200array_pt203_r1_7536312_11-55cebeeb54,2026-05-03T06:55:34.627Z,61.12,1,68.99,345,0,0,,,,
powertraces-pt200array_pt203_r1_7536312_11-55cebeeb54,2026-05-03T06:55:34.627Z,61.12,2,69.25,345,0,0,,,,
powertraces-pt200array_pt203_r1_7536312_11-55cebeeb54,2026-05-03T06:55:34.627Z,61.12,3,68.63,345,0,0,,,,
powertraces-pt200array_pt203_r1_7536312_11-55cebeeb54,2026-05-03T06:55:34.727Z,61.22,0,67.98,345,0,0,,,,
powertraces-pt200array_pt203_r1_7536312_11-55cebeeb54,2026-05-03T06:55:34.727Z,61.22,1,68.66,345,0,0,,,,
powertraces-pt200array_pt203_r1_7536312_11-55cebeeb54,2026-05-03T06:55:34.727Z,61.22,2,69.25,345,0,0,,,,
powertraces-pt200array_pt203_r1_7536312_11-55cebeeb54,2026-05-03T06:55:34.727Z,61.22,3,68.61,345,0,0,,,,
powertraces-pt200array_pt203_r1_7536312_11-55cebeeb54,2026-05-03T06:55:34.827Z,61.32,0,67.91,345,0,0,,,,
powertraces-pt200array_pt203_r1_7536312_11-55cebeeb54,2026-05-03T06:55:34.827Z,61.32,1,68.31,345,0,0,,,,
powertraces-pt200array_pt203_r1_7536312_11-55cebeeb54,2026-05-03T06:55:34.827Z,61.32,2,69.28,345,0,0,,,,
powertraces-pt200array_pt203_r1_7536312_11-55cebeeb54,2026-05-03T06:55:34.827Z,61.32,3,68.59,345,0,0,,,,
powertraces-pt200array_pt203_r1_7536312_11-55cebeeb54,2026-05-03T06:55:34.927Z,61.42,0,67.9,345,0,0,,,,
powertraces-pt200array_pt203_r1_7536312_11-55cebeeb54,2026-05-03T06:55:34.928Z,61.421,1,68.01,345,0,0,,,,
powertraces-pt200array_pt203_r1_7536312_11-55cebeeb54,2026-05-03T06:55:34.928Z,61.421,2,69.29,345,0,0,,,,
powertraces-pt200array_pt203_r1_7536312_11-55cebeeb54,2026-05-03T06:55:34.928Z,61.421,3,68.57,345,0,0,,,,
powertraces-pt200array_pt203_r1_7536312_11-55cebeeb54,2026-05-03T06:55:35.028Z,61.521,0,67.88,345,0,0,,,,
powertraces-pt200array_pt203_r1_7536312_11-55cebeeb54,2026-05-03T06:55:35.028Z,61.521,1,67.81,345,0,0,,,,
powertraces-pt200array_pt203_r1_7536312_11-55cebeeb54,2026-05-03T06:55:35.028Z,61.521,2,69.28,345,0,0,,,,
powertraces-pt200array_pt203_r1_7536312_11-55cebeeb54,2026-05-03T06:55:35.028Z,61.521,3,68.54,345,0,0,,,,
powertraces-pt200array_pt203_r1_7536312_11-55cebeeb54,2026-05-03T06:55:35.128Z,61.621,0,67.84,345,0,0,,,,
powertraces-pt200array_pt203_r1_7536312_11-55cebeeb54,2026-05-03T06:55:35.128Z,61.621,1,67.82,345,0,0,,,,
powertraces-pt200array_pt203_r1_7536312_11-55cebeeb54,2026-05-03T06:55:35.128Z,61.621,2,69.24,345,0,0,,,,
powertraces-pt200array_pt203_r1_7536312_11-55cebeeb54,2026-05-03T06:55:35.128Z,61.621,3,68.5,345,0,0,,,,
powertraces-pt200array_pt203_r1_7536312_11-55cebeeb54,2026-05-03T06:55:35.228Z,61.721,0,67.79,345,0,0,,,,
powertraces-pt200array_pt203_r1_7536312_11-55cebeeb54,2026-05-03T06:55:35.228Z,61.721,1,67.82,345,0,0,,,,
powertraces-pt200array_pt203_r1_7536312_11-55cebeeb54,2026-05-03T06:55:35.228Z,61.721,2,69.19,345,0,0,,,,
powertraces-pt200array_pt203_r1_7536312_11-55cebeeb54,2026-05-03T06:55:35.228Z,61.721,3,68.48,345,0,0,,,,
powertraces-pt200array_pt203_r1_7536312_11-55cebeeb54,2026-05-03T06:55:35.328Z,61.821,0,67.75,345,0,0,,,,
powertraces-pt200array_pt203_r1_7536312_11-55cebeeb54,2026-05-03T06:55:35.328Z,61.821,1,67.81,345,0,0,,,,
powertraces-pt200array_pt203_r1_7536312_11-55cebeeb54,2026-05-03T06:55:35.328Z,61.821,2,69.13,345,0,0,,,,
powertraces-pt200array_pt203_r1_7536312_11-55cebeeb54,2026-05-03T06:55:35.328Z,61.821,3,68.45,345,0,0,,,,
powertraces-pt200array_pt203_r1_7536312_11-55cebeeb54,2026-05-03T06:55:35.428Z,61.921,0,67.73,345,0,0,,,,
powertraces-pt200array_pt203_r1_7536312_11-55cebeeb54,2026-05-03T06:55:35.428Z,61.921,1,67.81,345,0,0,,,,
powertraces-pt200array_pt203_r1_7536312_11-55cebeeb54,2026-05-03T06:55:35.428Z,61.921,2,69.09,345,0,0,,,,
powertraces-pt200array_pt203_r1_7536312_11-55cebeeb54,2026-05-03T06:55:35.429Z,61.922,3,68.42,345,0,0,,,,
powertraces-pt200array_pt203_r1_7536312_11-55cebeeb54,2026-05-03T06:55:35.529Z,62.022,0,67.72,345,0,0,,,,
powertraces-pt200array_pt203_r1_7536312_11-55cebeeb54,2026-05-03T06:55:35.529Z,62.022,1,67.78,345,0,0,,,,
powertraces-pt200array_pt203_r1_7536312_11-55cebeeb54,2026-05-03T06:55:35.529Z,62.022,2,69.12,345,0,0,,,,
powertraces-pt200array_pt203_r1_7536312_11-55cebeeb54,2026-05-03T06:55:35.529Z,62.022,3,68.42,345,0,0,,,,
powertraces-pt200array_pt203_r1_7536312_11-55cebeeb54,2026-05-03T06:55:35.629Z,62.122,0,67.72,345,0,0,,,,
powertraces-pt200array_pt203_r1_7536312_11-55cebeeb54,2026-05-03T06:55:35.629Z,62.122,1,67.76,345,0,0,,,,
powertraces-pt200array_pt203_r1_7536312_11-55cebeeb54,2026-05-03T06:55:35.629Z,62.122,2,69.11,345,0,0,,,,
powertraces-pt200array_pt203_r1_7536312_11-55cebeeb54,2026-05-03T06:55:35.629Z,62.122,3,68.41,345,0,0,,,,
powertraces-pt200array_pt203_r1_7536312_11-55cebeeb54,2026-05-03T06:55:35.729Z,62.222,0,67.71,345,0,0,,,,
powertraces-pt200array_pt203_r1_7536312_11-55cebeeb54,2026-05-03T06:55:35.729Z,62.222,1,67.77,345,0,0,,,,
powertraces-pt200array_pt203_r1_7536312_11-55cebeeb54,2026-05-03T06:55:35.729Z,62.222,2,69.1,345,0,0,,,,
powertraces-pt200array_pt203_r1_7536312_11-55cebeeb54,2026-05-03T06:55:35.729Z,62.222,3,68.4,345,0,0,,,,
powertraces-pt200array_pt203_r1_7536312_11-55cebeeb54,2026-05-03T06:55:35.829Z,62.322,0,67.71,345,0,0,,,,
powertraces-pt200array_pt203_r1_7536312_11-55cebeeb54,2026-05-03T06:55:35.829Z,62.322,1,67.79,345,0,0,,,,
powertraces-pt200array_pt203_r1_7536312_11-55cebeeb54,2026-05-03T06:55:35.829Z,62.322,2,69.1,345,0,0,,,,
powertraces-pt200array_pt203_r1_7536312_11-55cebeeb54,2026-05-03T06:55:35.829Z,62.322,3,68.41,345,0,0,,,,
powertraces-pt200array_pt203_r1_7536312_11-55cebeeb54,2026-05-03T06:55:35.929Z,62.422,0,67.72,345,0,0,,,,
powertraces-pt200array_pt203_r1_7536312_11-55cebeeb54,2026-05-03T06:55:35.929Z,62.422,1,67.78,345,0,0,,,,
powertraces-pt200array_pt203_r1_7536312_11-55cebeeb54,2026-05-03T06:55:35.929Z,62.422,2,69.06,345,0,0,,,,
powertraces-pt200array_pt203_r1_7536312_11-55cebeeb54,2026-05-03T06:55:35.929Z,62.422,3,68.43,345,0,0,,,,
powertraces-pt200array_pt203_r1_7536312_11-55cebeeb54,2026-05-03T06:55:36.03Z,62.523,0,71.86,1980,0,0,,,,
powertraces-pt200array_pt203_r1_7536312_11-55cebeeb54,2026-05-03T06:55:36.03Z,62.523,1,67.81,345,0,0,,,,
powertraces-pt200array_pt203_r1_7536312_11-55cebeeb54,2026-05-03T06:55:36.03Z,62.523,2,69.0,345,0,0,,,,
powertraces-pt200array_pt203_r1_7536312_11-55cebeeb54,2026-05-03T06:55:36.03Z,62.523,3,68.43,345,0,0,,,,
powertraces-pt200array_pt203_r1_7536312_11-55cebeeb54,2026-05-03T06:55:36.13Z,62.623,0,76.35,1980,3,0,,,,
powertraces-pt200array_pt203_r1_7536312_11-55cebeeb54,2026-05-03T06:55:36.13Z,62.623,1,70.03,1980,0,0,,,,
powertraces-pt200array_pt203_r1_7536312_11-55cebeeb54,2026-05-03T06:55:36.13Z,62.623,2,68.97,345,0,0,,,,
powertraces-pt200array_pt203_r1_7536312_11-55cebeeb54,2026-05-03T06:55:36.13Z,62.623,3,68.43,345,0,0,,,,
powertraces-pt200array_pt203_r1_7536312_11-55cebeeb54,2026-05-03T06:55:36.23Z,62.723,0,80.67,1980,3,0,,,,
powertraces-pt200array_pt203_r1_7536312_11-55cebeeb54,2026-05-03T06:55:36.23Z,62.723,1,74.93,1980,0,0,,,,
powertraces-pt200array_pt203_r1_7536312_11-55cebeeb54,2026-05-03T06:55:36.23Z,62.723,2,69.13,1980,0,0,,,,
powertraces-pt200array_pt203_r1_7536312_11-55cebeeb54,2026-05-03T06:55:36.23Z,62.723,3,68.41,345,0,0,,,,
powertraces-pt200array_pt203_r1_7536312_11-55cebeeb54,2026-05-03T06:55:36.33Z,62.823,0,84.95,1980,0,0,,,,
powertraces-pt200array_pt203_r1_7536312_11-55cebeeb54,2026-05-03T06:55:36.33Z,62.823,1,79.38,1980,0,0,,,,
powertraces-pt200array_pt203_r1_7536312_11-55cebeeb54,2026-05-03T06:55:36.33Z,62.823,2,73.67,1980,0,0,,,,
powertraces-pt200array_pt203_r1_7536312_11-55cebeeb54,2026-05-03T06:55:36.33Z,62.823,3,68.42,345,0,0,,,,
powertraces-pt200array_pt203_r1_7536312_11-55cebeeb54,2026-05-03T06:55:36.43Z,62.923,0,88.85,1980,0,0,,,,
powertraces-pt200array_pt203_r1_7536312_11-55cebeeb54,2026-05-03T06:55:36.43Z,62.923,1,83.55,1980,0,0,,,,
powertraces-pt200array_pt203_r1_7536312_11-55cebeeb54,2026-05-03T06:55:36.43Z,62.923,2,78.13,1980,0,0,,,,
powertraces-pt200array_pt203_r1_7536312_11-55cebeeb54,2026-05-03T06:55:36.43Z,62.923,3,72.58,1980,0,0,,,,
powertraces-pt200array_pt203_r1_7536312_11-55cebeeb54,2026-05-03T06:55:36.53Z,63.023,0,93.54,1980,0,0,,,,
powertraces-pt200array_pt203_r1_7536312_11-55cebeeb54,2026-05-03T06:55:36.531Z,63.024,1,88.41,1980,0,0,,,,
powertraces-pt200array_pt203_r1_7536312_11-55cebeeb54,2026-05-03T06:55:36.531Z,63.024,2,82.51,1980,0,0,,,,
powertraces-pt200array_pt203_r1_7536312_11-55cebeeb54,2026-05-03T06:55:36.531Z,63.024,3,76.88,1980,0,0,,,,
powertraces-pt200array_pt203_r1_7536312_11-55cebeeb54,2026-05-03T06:55:36.631Z,63.124,0,97.27,1980,0,0,,,,
powertraces-pt200array_pt203_r1_7536312_11-55cebeeb54,2026-05-03T06:55:36.631Z,63.124,1,92.9,1980,0,0,,,,
powertraces-pt200array_pt203_r1_7536312_11-55cebeeb54,2026-05-03T06:55:36.631Z,63.124,2,87.21,1980,0,0,,,,
powertraces-pt200array_pt203_r1_7536312_11-55cebeeb54,2026-05-03T06:55:36.631Z,63.124,3,81.16,1980,3,0,,,,
powertraces-pt200array_pt203_r1_7536312_11-55cebeeb54,2026-05-03T06:55:36.731Z,63.224,0,101.57,1980,11,0,,,,
powertraces-pt200array_pt203_r1_7536312_11-55cebeeb54,2026-05-03T06:55:36.731Z,63.224,1,96.79,1980,0,0,,,,
powertraces-pt200array_pt203_r1_7536312_11-55cebeeb54,2026-05-03T06:55:36.731Z,63.224,2,91.26,1980,0,0,,,,
powertraces-pt200array_pt203_r1_7536312_11-55cebeeb54,2026-05-03T06:55:36.731Z,63.224,3,85.49,1980,3,0,,,,
powertraces-pt200array_pt203_r1_7536312_11-55cebeeb54,2026-05-03T06:55:36.831Z,63.324,0,105.97,1980,11,0,,,,
powertraces-pt200array_pt203_r1_7536312_11-55cebeeb54,2026-05-03T06:55:36.831Z,63.324,1,101.89,1980,0,0,,,,
powertraces-pt200array_pt203_r1_7536312_11-55cebeeb54,2026-05-03T06:55:36.831Z,63.324,2,96.16,1980,0,0,,,,
powertraces-pt200array_pt203_r1_7536312_11-55cebeeb54,2026-05-03T06:55:36.831Z,63.324,3,90.18,1980,0,0,,,,
powertraces-pt200array_pt203_r1_7536312_11-55cebeeb54,2026-05-03T06:55:36.931Z,63.424,0,110.35,1980,20,0,,,,
powertraces-pt200array_pt203_r1_7536312_11-55cebeeb54,2026-05-03T06:55:36.931Z,63.424,1,106.38,1980,0,0,,,,
powertraces-pt200array_pt203_r1_7536312_11-55cebeeb54,2026-05-03T06:55:36.931Z,63.424,2,100.06,1980,0,0,,,,
powertraces-pt200array_pt203_r1_7536312_11-55cebeeb54,2026-05-03T06:55:36.931Z,63.424,3,94.48,1980,0,0,,,,
powertraces-pt200array_pt203_r1_7536312_11-55cebeeb54,2026-05-03T06:55:37.032Z,63.525,0,111.44,1980,20,0,,,,
powertraces-pt200array_pt203_r1_7536312_11-55cebeeb54,2026-05-03T06:55:37.032Z,63.525,1,110.2,1980,3,0,,,,
powertraces-pt200array_pt203_r1_7536312_11-55cebeeb54,2026-05-03T06:55:37.032Z,63.525,2,104.45,1980,0,0,,,,
powertraces-pt200array_pt203_r1_7536312_11-55cebeeb54,2026-05-03T06:55:37.032Z,63.525,3,98.18,1980,0,0,,,,
powertraces-pt200array_pt203_r1_7536312_11-55cebeeb54,2026-05-03T06:55:37.132Z,63.625,0,111.21,1980,0,0,,,,
powertraces-pt200array_pt203_r1_7536312_11-55cebeeb54,2026-05-03T06:55:37.132Z,63.625,1,113.44,1980,3,0,,,,
powertraces-pt200array_pt203_r1_7536312_11-55cebeeb54,2026-05-03T06:55:37.132Z,63.625,2,108.89,1980,0,0,,,,
powertraces-pt200array_pt203_r1_7536312_11-55cebeeb54,2026-05-03T06:55:37.132Z,63.625,3,102.44,1980,0,0,,,,
powertraces-pt200array_pt203_r1_7536312_11-55cebeeb54,2026-05-03T06:55:37.232Z,63.725,0,111.3,1980,0,0,,,,
powertraces-pt200array_pt203_r1_7536312_11-55cebeeb54,2026-05-03T06:55:37.232Z,63.725,1,113.26,1980,20,0,,,,
powertraces-pt200array_pt203_r1_7536312_11-55cebeeb54,2026-05-03T06:55:37.232Z,63.725,2,113.27,1980,0,0,,,,
powertraces-pt200array_pt203_r1_7536312_11-55cebeeb54,2026-05-03T06:55:37.232Z,63.725,3,106.7,1980,0,0,,,,
powertraces-pt200array_pt203_r1_7536312_11-55cebeeb54,2026-05-03T06:55:37.332Z,63.825,0,111.29,1980,0,0,,,,
powertraces-pt200array_pt203_r1_7536312_11-55cebeeb54,2026-05-03T06:55:37.332Z,63.825,1,113.44,1980,20,0,,,,
powertraces-pt200array_pt203_r1_7536312_11-55cebeeb54,2026-05-03T06:55:37.332Z,63.825,2,114.06,1980,0,0,,,,
powertraces-pt200array_pt203_r1_7536312_11-55cebeeb54,2026-05-03T06:55:37.332Z,63.825,3,111.8,1980,0,0,,,,
powertraces-pt200array_pt203_r1_7536312_11-55cebeeb54,2026-05-03T06:55:37.432Z,63.925,0,111.3,1980,0,0,,,,
powertraces-pt200array_pt203_r1_7536312_11-55cebeeb54,2026-05-03T06:55:37.432Z,63.925,1,113.45,1980,9,0,,,,
powertraces-pt200array_pt203_r1_7536312_11-55cebeeb54,2026-05-03T06:55:37.432Z,63.925,2,114.18,1980,0,0,,,,
powertraces-pt200array_pt203_r1_7536312_11-55cebeeb54,2026-05-03T06:55:37.432Z,63.925,3,112.05,1980,0,0,,,,
powertraces-pt200array_pt203_r1_7536312_11-55cebeeb54,2026-05-03T06:55:37.532Z,64.025,0,111.31,1980,0,0,,,,
powertraces-pt200array_pt203_r1_7536312_11-55cebeeb54,2026-05-03T06:55:37.532Z,64.025,1,113.43,1980,9,0,,,,
powertraces-pt200array_pt203_r1_7536312_11-55cebeeb54,2026-05-03T06:55:37.533Z,64.026,2,114.43,1980,21,0,,,,
powertraces-pt200array_pt203_r1_7536312_11-55cebeeb54,2026-05-03T06:55:37.533Z,64.026,3,111.83,1980,0,0,,,,
powertraces-pt200array_pt203_r1_7536312_11-55cebeeb54,2026-05-03T06:55:37.633Z,64.126,0,111.24,1980,0,0,,,,
powertraces-pt200array_pt203_r1_7536312_11-55cebeeb54,2026-05-03T06:55:37.633Z,64.126,1,113.46,1980,0,0,,,,
powertraces-pt200array_pt203_r1_7536312_11-55cebeeb54,2026-05-03T06:55:37.633Z,64.126,2,114.58,1980,21,0,,,,
powertraces-pt200array_pt203_r1_7536312_11-55cebeeb54,2026-05-03T06:55:37.633Z,64.126,3,111.93,1980,8,0,,,,
powertraces-pt200array_pt203_r1_7536312_11-55cebeeb54,2026-05-03T06:55:37.733Z,64.226,0,111.08,1980,0,0,,,,
powertraces-pt200array_pt203_r1_7536312_11-55cebeeb54,2026-05-03T06:55:37.733Z,64.226,1,113.56,1980,0,0,,,,
powertraces-pt200array_pt203_r1_7536312_11-55cebeeb54,2026-05-03T06:55:37.733Z,64.226,2,114.63,1980,11,0,,,,
powertraces-pt200array_pt203_r1_7536312_11-55cebeeb54,2026-05-03T06:55:37.733Z,64.226,3,112.0,1980,8,0,,,,
powertraces-pt200array_pt203_r1_7536312_11-55cebeeb54,2026-05-03T06:55:37.833Z,64.326,0,110.93,1980,0,0,,,,
powertraces-pt200array_pt203_r1_7536312_11-55cebeeb54,2026-05-03T06:55:37.833Z,64.326,1,113.61,1980,0,0,,,,
powertraces-pt200array_pt203_r1_7536312_11-55cebeeb54,2026-05-03T06:55:37.833Z,64.326,2,114.65,1980,11,0,,,,
powertraces-pt200array_pt203_r1_7536312_11-55cebeeb54,2026-05-03T06:55:37.833Z,64.326,3,112.2,1980,21,0,,,,
powertraces-pt200array_pt203_r1_7536312_11-55cebeeb54,2026-05-03T06:55:37.933Z,64.426,0,110.88,1980,0,0,,,,
powertraces-pt200array_pt203_r1_7536312_11-55cebeeb54,2026-05-03T06:55:37.933Z,64.426,1,113.64,1980,0,0,,,,
powertraces-pt200array_pt203_r1_7536312_11-55cebeeb54,2026-05-03T06:55:37.933Z,64.426,2,114.69,1980,0,0,,,,
powertraces-pt200array_pt203_r1_7536312_11-55cebeeb54,2026-05-03T06:55:37.933Z,64.426,3,112.23,1980,21,0,,,,
powertraces-pt200array_pt203_r1_7536312_11-55cebeeb54,2026-05-03T06:55:38.033Z,64.526,0,110.87,1980,0,0,,,,
powertraces-pt200array_pt203_r1_7536312_11-55cebeeb54,2026-05-03T06:55:38.033Z,64.526,1,113.53,1980,0,0,,,,
powertraces-pt200array_pt203_r1_7536312_11-55cebeeb54,2026-05-03T06:55:38.033Z,64.526,2,114.73,1980,0,0,,,,
powertraces-pt200array_pt203_r1_7536312_11-55cebeeb54,2026-05-03T06:55:38.033Z,64.526,3,112.32,1980,0,0,,,,
powertraces-pt200array_pt203_r1_7536312_11-55cebeeb54,2026-05-03T06:55:38.134Z,64.627,0,110.86,1980,0,0,,,,
powertraces-pt200array_pt203_r1_7536312_11-55cebeeb54,2026-05-03T06:55:38.134Z,64.627,1,113.34,1980,0,0,,,,
powertraces-pt200array_pt203_r1_7536312_11-55cebeeb54,2026-05-03T06:55:38.134Z,64.627,2,114.74,1980,0,0,,,,
powertraces-pt200array_pt203_r1_7536312_11-55cebeeb54,2026-05-03T06:55:38.134Z,64.627,3,112.33,1980,0,0,,,,
powertraces-pt200array_pt203_r1_7536312_11-55cebeeb54,2026-05-03T06:55:38.234Z,64.727,0,110.84,1980,0,0,,,,
powertraces-pt200array_pt203_r1_7536312_11-55cebeeb54,2026-05-03T06:55:38.234Z,64.727,1,113.2,1980,0,0,,,,
powertraces-pt200array_pt203_r1_7536312_11-55cebeeb54,2026-05-03T06:55:38.234Z,64.727,2,114.7,1980,0,0,,,,
powertraces-pt200array_pt203_r1_7536312_11-55cebeeb54,2026-05-03T06:55:38.234Z,64.727,3,112.29,1980,0,0,,,,
powertraces-pt200array_pt203_r1_7536312_11-55cebeeb54,2026-05-03T06:55:38.334Z,64.827,0,110.89,1980,0,0,,,,
powertraces-pt200array_pt203_r1_7536312_11-55cebeeb54,2026-05-03T06:55:38.334Z,64.827,1,113.01,1980,0,0,,,,
powertraces-pt200array_pt203_r1_7536312_11-55cebeeb54,2026-05-03T06:55:38.334Z,64.827,2,114.6,1980,0,0,,,,
powertraces-pt200array_pt203_r1_7536312_11-55cebeeb54,2026-05-03T06:55:38.334Z,64.827,3,112.29,1980,0,0,,,,
powertraces-pt200array_pt203_r1_7536312_11-55cebeeb54,2026-05-03T06:55:38.434Z,64.927,0,110.87,1980,0,0,,,,
powertraces-pt200array_pt203_r1_7536312_11-55cebeeb54,2026-05-03T06:55:38.434Z,64.927,1,113.08,1980,0,0,,,,
powertraces-pt200array_pt203_r1_7536312_11-55cebeeb54,2026-05-03T06:55:38.434Z,64.927,2,114.43,1980,0,0,,,,
powertraces-pt200array_pt203_r1_7536312_11-55cebeeb54,2026-05-03T06:55:38.434Z,64.927,3,112.33,1980,0,0,,,,
powertraces-pt200array_pt203_r1_7536312_11-55cebeeb54,2026-05-03T06:55:38.534Z,65.027,0,110.88,1980,0,0,,,,
powertraces-pt200array_pt203_r1_7536312_11-55cebeeb54,2026-05-03T06:55:38.534Z,65.027,1,113.1,1980,0,0,,,,
powertraces-pt200array_pt203_r1_7536312_11-55cebeeb54,2026-05-03T06:55:38.534Z,65.027,2,114.24,1980,0,0,,,,
powertraces-pt200array_pt203_r1_7536312_11-55cebeeb54,2026-05-03T06:55:38.534Z,65.027,3,112.39,1980,0,0,,,,
powertraces-pt200array_pt203_r1_7536312_11-55cebeeb54,2026-05-03T06:55:38.635Z,65.128,0,110.87,1980,0,0,,,,
powertraces-pt200array_pt203_r1_7536312_11-55cebeeb54,2026-05-03T06:55:38.635Z,65.128,1,113.15,1980,0,0,,,,
powertraces-pt200array_pt203_r1_7536312_11-55cebeeb54,2026-05-03T06:55:38.635Z,65.128,2,114.1,1980,0,0,,,,
powertraces-pt200array_pt203_r1_7536312_11-55cebeeb54,2026-05-03T06:55:38.635Z,65.128,3,112.32,1980,0,0,,,,
powertraces-pt200array_pt203_r1_7536312_11-55cebeeb54,2026-05-03T06:55:38.735Z,65.228,0,110.86,1980,0,0,,,,
powertraces-pt200array_pt203_r1_7536312_11-55cebeeb54,2026-05-03T06:55:38.735Z,65.228,1,113.08,1980,0,0,,,,
powertraces-pt200array_pt203_r1_7536312_11-55cebeeb54,2026-05-03T06:55:38.735Z,65.228,2,114.09,1980,0,0,,,,
powertraces-pt200array_pt203_r1_7536312_11-55cebeeb54,2026-05-03T06:55:38.735Z,65.228,3,112.12,1980,0,0,,,,
powertraces-pt200array_pt203_r1_7536312_11-55cebeeb54,2026-05-03T06:55:38.835Z,65.328,0,110.84,1980,0,0,,,,
powertraces-pt200array_pt203_r1_7536312_11-55cebeeb54,2026-05-03T06:55:38.835Z,65.328,1,113.11,1980,0,0,,,,
powertraces-pt200array_pt203_r1_7536312_11-55cebeeb54,2026-05-03T06:55:38.835Z,65.328,2,114.07,1980,0,0,,,,
powertraces-pt200array_pt203_r1_7536312_11-55cebeeb54,2026-05-03T06:55:38.835Z,65.328,3,111.91,1980,0,0,,,,
powertraces-pt200array_pt203_r1_7536312_11-55cebeeb54,2026-05-03T06:55:38.935Z,65.428,0,110.86,1980,0,0,,,,
powertraces-pt200array_pt203_r1_7536312_11-55cebeeb54,2026-05-03T06:55:38.935Z,65.428,1,113.12,1980,0,0,,,,
powertraces-pt200array_pt203_r1_7536312_11-55cebeeb54,2026-05-03T06:55:38.935Z,65.428,2,113.99,1980,0,0,,,,
powertraces-pt200array_pt203_r1_7536312_11-55cebeeb54,2026-05-03T06:55:38.935Z,65.428,3,111.89,1980,0,0,,,,
powertraces-pt200array_pt203_r1_7536312_11-55cebeeb54,2026-05-03T06:55:39.035Z,65.528,0,110.86,1980,0,0,,,,
powertraces-pt200array_pt203_r1_7536312_11-55cebeeb54,2026-05-03T06:55:39.035Z,65.528,1,113.11,1980,0,0,,,,
powertraces-pt200array_pt203_r1_7536312_11-55cebeeb54,2026-05-03T06:55:39.035Z,65.528,2,113.97,1980,0,0,,,,
powertraces-pt200array_pt203_r1_7536312_11-55cebeeb54,2026-05-03T06:55:39.035Z,65.528,3,111.85,1980,0,0,,,,
powertraces-pt200array_pt203_r1_7536312_11-55cebeeb54,2026-05-03T06:55:39.135Z,65.628,0,110.88,1980,0,0,,,,
powertraces-pt200array_pt203_r1_7536312_11-55cebeeb54,2026-05-03T06:55:39.135Z,65.628,1,113.09,1980,0,0,,,,
powertraces-pt200array_pt203_r1_7536312_11-55cebeeb54,2026-05-03T06:55:39.135Z,65.628,2,113.99,1980,0,0,,,,
powertraces-pt200array_pt203_r1_7536312_11-55cebeeb54,2026-05-03T06:55:39.135Z,65.628,3,111.86,1980,0,0,,,,
powertraces-pt200array_pt203_r1_7536312_11-55cebeeb54,2026-05-03T06:55:39.236Z,65.729,0,110.92,1980,2,0,,,,
powertraces-pt200array_pt203_r1_7536312_11-55cebeeb54,2026-05-03T06:55:39.236Z,65.729,1,113.14,1980,0,0,,,,
powertraces-pt200array_pt203_r1_7536312_11-55cebeeb54,2026-05-03T06:55:39.236Z,65.729,2,114.04,1980,0,0,,,,
powertraces-pt200array_pt203_r1_7536312_11-55cebeeb54,2026-05-03T06:55:39.236Z,65.729,3,111.89,1980,0,0,,,,
powertraces-pt200array_pt203_r1_7536312_11-55cebeeb54,2026-05-03T06:55:39.336Z,65.829,0,111.38,1980,2,0,,,,
powertraces-pt200array_pt203_r1_7536312_11-55cebeeb54,2026-05-03T06:55:39.336Z,65.829,1,113.21,1980,0,0,,,,
powertraces-pt200array_pt203_r1_7536312_11-55cebeeb54,2026-05-03T06:55:39.336Z,65.829,2,114.03,1980,0,0,,,,
powertraces-pt200array_pt203_r1_7536312_11-55cebeeb54,2026-05-03T06:55:39.336Z,65.829,3,112.4,1980,0,0,,,,
powertraces-pt200array_pt203_r1_7536312_11-55cebeeb54,2026-05-03T06:55:39.436Z,65.929,0,111.84,1980,0,0,,,,
powertraces-pt200array_pt203_r1_7536312_11-55cebeeb54,2026-05-03T06:55:39.436Z,65.929,1,113.2,1980,0,0,,,,
powertraces-pt200array_pt203_r1_7536312_11-55cebeeb54,2026-05-03T06:55:39.436Z,65.929,2,113.99,1980,0,0,,,,
powertraces-pt200array_pt203_r1_7536312_11-55cebeeb54,2026-05-03T06:55:39.436Z,65.929,3,112.81,1980,0,0,,,,
powertraces-pt200array_pt203_r1_7536312_11-55cebeeb54,2026-05-03T06:55:39.536Z,66.029,0,113.41,1980,0,0,,,,
powertraces-pt200array_pt203_r1_7536312_11-55cebeeb54,2026-05-03T06:55:39.536Z,66.029,1,113.14,1980,0,0,,,,
powertraces-pt200array_pt203_r1_7536312_11-55cebeeb54,2026-05-03T06:55:39.536Z,66.029,2,113.96,1980,0,0,,,,
powertraces-pt200array_pt203_r1_7536312_11-55cebeeb54,2026-05-03T06:55:39.536Z,66.029,3,112.95,1980,0,0,,,,
powertraces-pt200array_pt203_r1_7536312_11-55cebeeb54,2026-05-03T06:55:39.636Z,66.129,0,114.54,1980,0,0,,,,
powertraces-pt200array_pt203_r1_7536312_11-55cebeeb54,2026-05-03T06:55:39.636Z,66.129,1,113.48,1980,0,0,,,,
powertraces-pt200array_pt203_r1_7536312_11-55cebeeb54,2026-05-03T06:55:39.636Z,66.129,2,113.96,1980,0,0,,,,
powertraces-pt200array_pt203_r1_7536312_11-55cebeeb54,2026-05-03T06:55:39.636Z,66.129,3,113.78,1980,0,0,,,,
powertraces-pt200array_pt203_r1_7536312_11-55cebeeb54,2026-05-03T06:55:39.737Z,66.23,0,115.4,1980,0,0,,,,
powertraces-pt200array_pt203_r1_7536312_11-55cebeeb54,2026-05-03T06:55:39.737Z,66.23,1,117.08,1980,0,0,,,,
powertraces-pt200array_pt203_r1_7536312_11-55cebeeb54,2026-05-03T06:55:39.737Z,66.23,2,114.23,1980,0,0,,,,
powertraces-pt200array_pt203_r1_7536312_11-55cebeeb54,2026-05-03T06:55:39.737Z,66.23,3,114.3,1980,0,0,,,,
powertraces-pt200array_pt203_r1_7536312_11-55cebeeb54,2026-05-03T06:55:39.837Z,66.33,0,116.49,1980,0,0,,,,
powertraces-pt200array_pt203_r1_7536312_11-55cebeeb54,2026-05-03T06:55:39.837Z,66.33,1,117.36,1980,5,2,,,,
powertraces-pt200array_pt203_r1_7536312_11-55cebeeb54,2026-05-03T06:55:39.837Z,66.33,2,117.64,1980,0,0,,,,
powertraces-pt200array_pt203_r1_7536312_11-55cebeeb54,2026-05-03T06:55:39.837Z,66.33,3,116.74,1980,4,1,,,,
powertraces-pt200array_pt203_r1_7536312_11-55cebeeb54,2026-05-03T06:55:39.937Z,66.43,0,116.58,1980,0,0,,,,
powertraces-pt200array_pt203_r1_7536312_11-55cebeeb54,2026-05-03T06:55:39.937Z,66.43,1,117.25,1980,5,2,,,,
powertraces-pt200array_pt203_r1_7536312_11-55cebeeb54,2026-05-03T06:55:39.937Z,66.43,2,118.94,1980,5,2,,,,
powertraces-pt200array_pt203_r1_7536312_11-55cebeeb54,2026-05-03T06:55:39.937Z,66.43,3,119.37,1980,4,1,,,,
powertraces-pt200array_pt203_r1_7536312_11-55cebeeb54,2026-05-03T06:55:40.037Z,66.53,0,119.64,1980,8,3,,,,
powertraces-pt200array_pt203_r1_7536312_11-55cebeeb54,2026-05-03T06:55:40.037Z,66.53,1,119.95,1980,0,0,,,,
powertraces-pt200array_pt203_r1_7536312_11-55cebeeb54,2026-05-03T06:55:40.037Z,66.53,2,120.39,1980,5,2,,,,
powertraces-pt200array_pt203_r1_7536312_11-55cebeeb54,2026-05-03T06:55:40.037Z,66.53,3,121.03,1980,0,0,,,,
powertraces-pt200array_pt203_r1_7536312_11-55cebeeb54,2026-05-03T06:55:40.137Z,66.63,0,128.04,1980,8,3,,,,
powertraces-pt200array_pt203_r1_7536312_11-55cebeeb54,2026-05-03T06:55:40.137Z,66.63,1,126.84,1980,0,0,,,,
powertraces-pt200array_pt203_r1_7536312_11-55cebeeb54,2026-05-03T06:55:40.137Z,66.63,2,126.25,1980,3,1,,,,
powertraces-pt200array_pt203_r1_7536312_11-55cebeeb54,2026-05-03T06:55:40.137Z,66.63,3,132.02,1980,0,0,,,,
powertraces-pt200array_pt203_r1_7536312_11-55cebeeb54,2026-05-03T06:55:40.237Z,66.73,0,135.91,1980,12,7,,,,
powertraces-pt200array_pt203_r1_7536312_11-55cebeeb54,2026-05-03T06:55:40.238Z,66.731,1,136.82,1980,20,12,,,,
powertraces-pt200array_pt203_r1_7536312_11-55cebeeb54,2026-05-03T06:55:40.238Z,66.731,2,136.23,1980,3,1,,,,
powertraces-pt200array_pt203_r1_7536312_11-55cebeeb54,2026-05-03T06:55:40.238Z,66.731,3,140.96,1980,27,19,,,,
powertraces-pt200array_pt203_r1_7536312_11-55cebeeb54,2026-05-03T06:55:40.338Z,66.831,0,140.37,1980,12,7,,,,
powertraces-pt200array_pt203_r1_7536312_11-55cebeeb54,2026-05-03T06:55:40.338Z,66.831,1,147.39,1980,20,12,,,,
powertraces-pt200array_pt203_r1_7536312_11-55cebeeb54,2026-05-03T06:55:40.338Z,66.831,2,147.96,1980,22,14,,,,
powertraces-pt200array_pt203_r1_7536312_11-55cebeeb54,2026-05-03T06:55:40.338Z,66.831,3,151.07,1980,27,19,,,,
powertraces-pt200array_pt203_r1_7536312_11-55cebeeb54,2026-05-03T06:55:40.438Z,66.931,0,151.05,1980,21,13,,,,
powertraces-pt200array_pt203_r1_7536312_11-55cebeeb54,2026-05-03T06:55:40.438Z,66.931,1,157.59,1980,28,18,,,,
powertraces-pt200array_pt203_r1_7536312_11-55cebeeb54,2026-05-03T06:55:40.438Z,66.931,2,157.32,1980,22,14,,,,
powertraces-pt200array_pt203_r1_7536312_11-55cebeeb54,2026-05-03T06:55:40.438Z,66.931,3,159.79,1980,30,20,,,,
powertraces-pt200array_pt203_r1_7536312_11-55cebeeb54,2026-05-03T06:55:40.538Z,67.031,0,155.92,1980,21,13,,,,
powertraces-pt200array_pt203_r1_7536312_11-55cebeeb54,2026-05-03T06:55:40.538Z,67.031,1,166.53,1980,28,18,,,,
powertraces-pt200array_pt203_r1_7536312_11-55cebeeb54,2026-05-03T06:55:40.538Z,67.031,2,167.7,1980,26,18,,,,
powertraces-pt200array_pt203_r1_7536312_11-55cebeeb54,2026-05-03T06:55:40.538Z,67.031,3,169.48,1980,30,20,,,,
powertraces-pt200array_pt203_r1_7536312_11-55cebeeb54,2026-05-03T06:55:40.638Z,67.131,0,162.95,1980,20,13,,,,
powertraces-pt200array_pt203_r1_7536312_11-55cebeeb54,2026-05-03T06:55:40.638Z,67.131,1,178.95,1980,26,17,,,,
powertraces-pt200array_pt203_r1_7536312_11-55cebeeb54,2026-05-03T06:55:40.638Z,67.131,2,176.78,1980,26,18,,,,
powertraces-pt200array_pt203_r1_7536312_11-55cebeeb54,2026-05-03T06:55:40.638Z,67.131,3,178.3,1980,21,13,,,,
powertraces-pt200array_pt203_r1_7536312_11-55cebeeb54,2026-05-03T06:55:40.738Z,67.231,0,169.03,1980,20,13,,,,
powertraces-pt200array_pt203_r1_7536312_11-55cebeeb54,2026-05-03T06:55:40.739Z,67.232,1,182.54,1980,26,17,,,,
powertraces-pt200array_pt203_r1_7536312_11-55cebeeb54,2026-05-03T06:55:40.739Z,67.232,2,187.82,1980,25,16,,,,
powertraces-pt200array_pt203_r1_7536312_11-55cebeeb54,2026-05-03T06:55:40.739Z,67.232,3,186.06,1980,21,13,,,,
powertraces-pt200array_pt203_r1_7536312_11-55cebeeb54,2026-05-03T06:55:40.839Z,67.332,0,178.1,1980,14,10,,,,
powertraces-pt200array_pt203_r1_7536312_11-55cebeeb54,2026-05-03T06:55:40.839Z,67.332,1,194.72,1980,17,11,,,,
powertraces-pt200array_pt203_r1_7536312_11-55cebeeb54,2026-05-03T06:55:40.839Z,67.332,2,196.84,1980,25,16,,,,
powertraces-pt200array_pt203_r1_7536312_11-55cebeeb54,2026-05-03T06:55:40.839Z,67.332,3,195.65,1980,15,10,,,,
powertraces-pt200array_pt203_r1_7536312_11-55cebeeb54,2026-05-03T06:55:40.939Z,67.432,0,183.98,1980,14,10,,,,
powertraces-pt200array_pt203_r1_7536312_11-55cebeeb54,2026-05-03T06:55:40.939Z,67.432,1,203.45,1980,17,11,,,,
powertraces-pt200array_pt203_r1_7536312_11-55cebeeb54,2026-05-03T06:55:40.939Z,67.432,2,203.08,1980,20,12,,,,
powertraces-pt200array_pt203_r1_7536312_11-55cebeeb54,2026-05-03T06:55:40.939Z,67.432,3,201.12,1980,15,10,,,,
powertraces-pt200array_pt203_r1_7536312_11-55cebeeb54,2026-05-03T06:55:41.039Z,67.532,0,186.83,1980,10,7,,,,
powertraces-pt200array_pt203_r1_7536312_11-55cebeeb54,2026-05-03T06:55:41.039Z,67.532,1,213.27,1980,17,10,,,,
powertraces-pt200array_pt203_r1_7536312_11-55cebeeb54,2026-05-03T06:55:41.039Z,67.532,2,215.46,1980,20,12,,,,
powertraces-pt200array_pt203_r1_7536312_11-55cebeeb54,2026-05-03T06:55:41.039Z,67.532,3,211.56,1980,15,10,,,,
powertraces-pt200array_pt203_r1_7536312_11-55cebeeb54,2026-05-03T06:55:41.139Z,67.632,0,185.93,1980,10,7,,,,
powertraces-pt200array_pt203_r1_7536312_11-55cebeeb54,2026-05-03T06:55:41.139Z,67.632,1,217.49,1980,17,10,,,,
powertraces-pt200array_pt203_r1_7536312_11-55cebeeb54,2026-05-03T06:55:41.139Z,67.632,2,218.4,1980,20,12,,,,
powertraces-pt200array_pt203_r1_7536312_11-55cebeeb54,2026-05-03T06:55:41.139Z,67.632,3,206.71,1980,15,10,,,,
powertraces-pt200array_pt203_r1_7536312_11-55cebeeb54,2026-05-03T06:55:41.239Z,67.732,0,177.79,1980,1,0,,,,
powertraces-pt200array_pt203_r1_7536312_11-55cebeeb54,2026-05-03T06:55:41.239Z,67.732,1,209.02,1980,17,11,,,,
powertraces-pt200array_pt203_r1_7536312_11-55cebeeb54,2026-05-03T06:55:41.239Z,67.732,2,210.71,1980,20,12,,,,
powertraces-pt200array_pt203_r1_7536312_11-55cebeeb54,2026-05-03T06:55:41.239Z,67.732,3,198.65,1980,4,3,,,,
powertraces-pt200array_pt203_r1_7536312_11-55cebeeb54,2026-05-03T06:55:41.34Z,67.833,0,173.94,1980,1,0,,,,
powertraces-pt200array_pt203_r1_7536312_11-55cebeeb54,2026-05-03T06:55:41.34Z,67.833,1,199.21,1980,17,11,,,,
powertraces-pt200array_pt203_r1_7536312_11-55cebeeb54,2026-05-03T06:55:41.34Z,67.833,2,202.04,1980,7,6,,,,
powertraces-pt200array_pt203_r1_7536312_11-55cebeeb54,2026-05-03T06:55:41.34Z,67.833,3,200.03,1980,4,3,,,,
powertraces-pt200array_pt203_r1_7536312_11-55cebeeb54,2026-05-03T06:55:41.44Z,67.933,0,172.08,1980,25,17,,,,
powertraces-pt200array_pt203_r1_7536312_11-55cebeeb54,2026-05-03T06:55:41.44Z,67.933,1,198.57,1980,0,0,,,,
powertraces-pt200array_pt203_r1_7536312_11-55cebeeb54,2026-05-03T06:55:41.44Z,67.933,2,200.41,1980,7,6,,,,
powertraces-pt200array_pt203_r1_7536312_11-55cebeeb54,2026-05-03T06:55:41.44Z,67.933,3,191.54,1980,1,0,,,,
powertraces-pt200array_pt203_r1_7536312_11-55cebeeb54,2026-05-03T06:55:41.54Z,68.033,0,172.71,1980,25,17,,,,
powertraces-pt200array_pt203_r1_7536312_11-55cebeeb54,2026-05-03T06:55:41.54Z,68.033,1,195.98,1980,0,0,,,,
powertraces-pt200array_pt203_r1_7536312_11-55cebeeb54,2026-05-03T06:55:41.54Z,68.033,2,198.36,1980,7,5,,,,
powertraces-pt200array_pt203_r1_7536312_11-55cebeeb54,2026-05-03T06:55:41.54Z,68.033,3,191.22,1980,1,0,,,,
powertraces-pt200array_pt203_r1_7536312_11-55cebeeb54,2026-05-03T06:55:41.64Z,68.133,0,172.4,1980,12,8,,,,
powertraces-pt200array_pt203_r1_7536312_11-55cebeeb54,2026-05-03T06:55:41.64Z,68.133,1,197.55,1980,14,7,,,,
powertraces-pt200array_pt203_r1_7536312_11-55cebeeb54,2026-05-03T06:55:41.64Z,68.133,2,201.53,1980,7,5,,,,
powertraces-pt200array_pt203_r1_7536312_11-55cebeeb54,2026-05-03T06:55:41.64Z,68.133,3,193.2,1980,16,10,,,,
powertraces-pt200array_pt203_r1_7536312_11-55cebeeb54,2026-05-03T06:55:41.74Z,68.233,0,173.59,1980,12,8,,,,
powertraces-pt200array_pt203_r1_7536312_11-55cebeeb54,2026-05-03T06:55:41.74Z,68.233,1,198.21,1980,14,7,,,,
powertraces-pt200array_pt203_r1_7536312_11-55cebeeb54,2026-05-03T06:55:41.74Z,68.233,2,198.58,1980,20,12,,,,
powertraces-pt200array_pt203_r1_7536312_11-55cebeeb54,2026-05-03T06:55:41.74Z,68.233,3,193.91,1980,16,10,,,,
powertraces-pt200array_pt203_r1_7536312_11-55cebeeb54,2026-05-03T06:55:41.841Z,68.334,0,173.65,1980,10,7,,,,
powertraces-pt200array_pt203_r1_7536312_11-55cebeeb54,2026-05-03T06:55:41.841Z,68.334,1,199.76,1980,17,10,,,,
powertraces-pt200array_pt203_r1_7536312_11-55cebeeb54,2026-05-03T06:55:41.841Z,68.334,2,199.77,1980,20,12,,,,
powertraces-pt200array_pt203_r1_7536312_11-55cebeeb54,2026-05-03T06:55:41.841Z,68.334,3,192.56,1980,15,10,,,,
powertraces-pt200array_pt203_r1_7536312_11-55cebeeb54,2026-05-03T06:55:41.941Z,68.434,0,174.0,1980,10,7,,,,
powertraces-pt200array_pt203_r1_7536312_11-55cebeeb54,2026-05-03T06:55:41.941Z,68.434,1,200.04,1980,17,10,,,,
powertraces-pt200array_pt203_r1_7536312_11-55cebeeb54,2026-05-03T06:55:41.941Z,68.434,2,201.26,1980,20,12,,,,
powertraces-pt200array_pt203_r1_7536312_11-55cebeeb54,2026-05-03T06:55:41.941Z,68.434,3,195.42,1980,15,10,,,,
powertraces-pt200array_pt203_r1_7536312_11-55cebeeb54,2026-05-03T06:55:42.041Z,68.534,0,174.18,1980,11,7,,,,
powertraces-pt200array_pt203_r1_7536312_11-55cebeeb54,2026-05-03T06:55:42.041Z,68.534,1,197.42,1980,20,12,,,,
powertraces-pt200array_pt203_r1_7536312_11-55cebeeb54,2026-05-03T06:55:42.041Z,68.534,2,199.37,1980,20,12,,,,
powertraces-pt200array_pt203_r1_7536312_11-55cebeeb54,2026-05-03T06:55:42.041Z,68.534,3,193.51,1980,23,15,,,,
powertraces-pt200array_pt203_r1_7536312_11-55cebeeb54,2026-05-03T06:55:42.141Z,68.634,0,176.01,1980,11,7,,,,
powertraces-pt200array_pt203_r1_7536312_11-55cebeeb54,2026-05-03T06:55:42.141Z,68.634,1,197.76,1980,20,12,,,,
powertraces-pt200array_pt203_r1_7536312_11-55cebeeb54,2026-05-03T06:55:42.141Z,68.634,2,198.72,1980,17,11,,,,
powertraces-pt200array_pt203_r1_7536312_11-55cebeeb54,2026-05-03T06:55:42.141Z,68.634,3,198.71,1980,23,15,,,,
powertraces-pt200array_pt203_r1_7536312_11-55cebeeb54,2026-05-03T06:55:42.241Z,68.734,0,180.86,1980,17,11,,,,
powertraces-pt200array_pt203_r1_7536312_11-55cebeeb54,2026-05-03T06:55:42.241Z,68.734,1,205.11,1980,22,14,,,,
powertraces-pt200array_pt203_r1_7536312_11-55cebeeb54,2026-05-03T06:55:42.241Z,68.734,2,206.25,1980,17,11,,,,
powertraces-pt200array_pt203_r1_7536312_11-55cebeeb54,2026-05-03T06:55:42.241Z,68.734,3,206.2,1980,30,20,,,,
powertraces-pt200array_pt203_r1_7536312_11-55cebeeb54,2026-05-03T06:55:42.341Z,68.834,0,187.02,1980,17,11,,,,
powertraces-pt200array_pt203_r1_7536312_11-55cebeeb54,2026-05-03T06:55:42.342Z,68.835,1,214.87,1980,22,14,,,,
powertraces-pt200array_pt203_r1_7536312_11-55cebeeb54,2026-05-03T06:55:42.342Z,68.835,2,216.56,1980,27,18,,,,
powertraces-pt200array_pt203_r1_7536312_11-55cebeeb54,2026-05-03T06:55:42.342Z,68.835,3,207.52,1980,30,20,,,,
powertraces-pt200array_pt203_r1_7536312_11-55cebeeb54,2026-05-03T06:55:42.442Z,68.935,0,187.74,1980,20,13,,,,
powertraces-pt200array_pt203_r1_7536312_11-55cebeeb54,2026-05-03T06:55:42.442Z,68.935,1,220.48,1980,27,18,,,,
powertraces-pt200array_pt203_r1_7536312_11-55cebeeb54,2026-05-03T06:55:42.442Z,68.935,2,220.6,1980,27,18,,,,
powertraces-pt200array_pt203_r1_7536312_11-55cebeeb54,2026-05-03T06:55:42.442Z,68.935,3,215.15,1980,25,16,,,,
powertraces-pt200array_pt203_r1_7536312_11-55cebeeb54,2026-05-03T06:55:42.542Z,69.035,0,193.85,1980,20,13,,,,
powertraces-pt200array_pt203_r1_7536312_11-55cebeeb54,2026-05-03T06:55:42.542Z,69.035,1,219.87,1980,27,18,,,,
powertraces-pt200array_pt203_r1_7536312_11-55cebeeb54,2026-05-03T06:55:42.542Z,69.035,2,221.57,1980,27,18,,,,
powertraces-pt200array_pt203_r1_7536312_11-55cebeeb54,2026-05-03T06:55:42.542Z,69.035,3,218.53,1980,25,16,,,,
powertraces-pt200array_pt203_r1_7536312_11-55cebeeb54,2026-05-03T06:55:42.642Z,69.135,0,193.03,1980,8,3,,,,
powertraces-pt200array_pt203_r1_7536312_11-55cebeeb54,2026-05-03T06:55:42.642Z,69.135,1,227.44,1980,22,14,,,,
powertraces-pt200array_pt203_r1_7536312_11-55cebeeb54,2026-05-03T06:55:42.642Z,69.135,2,228.62,1980,27,18,,,,
powertraces-pt200array_pt203_r1_7536312_11-55cebeeb54,2026-05-03T06:55:42.642Z,69.135,3,221.08,1980,44,35,,,,
powertraces-pt200array_pt203_r1_7536312_11-55cebeeb54,2026-05-03T06:55:42.742Z,69.235,0,193.4,1980,8,3,,,,
powertraces-pt200array_pt203_r1_7536312_11-55cebeeb54,2026-05-03T06:55:42.742Z,69.235,1,228.47,1980,22,14,,,,
powertraces-pt200array_pt203_r1_7536312_11-55cebeeb54,2026-05-03T06:55:42.742Z,69.235,2,228.67,1980,38,29,,,,
powertraces-pt200array_pt203_r1_7536312_11-55cebeeb54,2026-05-03T06:55:42.742Z,69.235,3,221.65,1980,44,35,,,,
powertraces-pt200array_pt203_r1_7536312_11-55cebeeb54,2026-05-03T06:55:42.842Z,69.335,0,193.09,1980,13,7,,,,
powertraces-pt200array_pt203_r1_7536312_11-55cebeeb54,2026-05-03T06:55:42.842Z,69.335,1,229.78,1980,24,13,,,,
powertraces-pt200array_pt203_r1_7536312_11-55cebeeb54,2026-05-03T06:55:42.842Z,69.335,2,229.37,1980,38,29,,,,
powertraces-pt200array_pt203_r1_7536312_11-55cebeeb54,2026-05-03T06:55:42.842Z,69.335,3,221.19,1980,28,19,,,,
powertraces-pt200array_pt203_r1_7536312_11-55cebeeb54,2026-05-03T06:55:42.943Z,69.436,0,192.62,1980,13,7,,,,
powertraces-pt200array_pt203_r1_7536312_11-55cebeeb54,2026-05-03T06:55:42.943Z,69.436,1,228.34,1980,24,13,,,,
powertraces-pt200array_pt203_r1_7536312_11-55cebeeb54,2026-05-03T06:55:42.943Z,69.436,2,230.02,1980,24,15,,,,
powertraces-pt200array_pt203_r1_7536312_11-55cebeeb54,2026-05-03T06:55:42.943Z,69.436,3,221.11,1980,28,19,,,,
powertraces-pt200array_pt203_r1_7536312_11-55cebeeb54,2026-05-03T06:55:43.043Z,69.536,0,194.16,1980,20,13,,,,
powertraces-pt200array_pt203_r1_7536312_11-55cebeeb54,2026-05-03T06:55:43.043Z,69.536,1,231.43,1980,27,18,,,,
powertraces-pt200array_pt203_r1_7536312_11-55cebeeb54,2026-05-03T06:55:43.043Z,69.536,2,229.29,1980,24,15,,,,
powertraces-pt200array_pt203_r1_7536312_11-55cebeeb54,2026-05-03T06:55:43.043Z,69.536,3,221.79,1980,30,20,,,,
powertraces-pt200array_pt203_r1_7536312_11-55cebeeb54,2026-05-03T06:55:43.143Z,69.636,0,194.16,1980,20,13,,,,
powertraces-pt200array_pt203_r1_7536312_11-55cebeeb54,2026-05-03T06:55:43.143Z,69.636,1,228.79,1980,27,18,,,,
powertraces-pt200array_pt203_r1_7536312_11-55cebeeb54,2026-05-03T06:55:43.143Z,69.636,2,230.34,1980,26,18,,,,
powertraces-pt200array_pt203_r1_7536312_11-55cebeeb54,2026-05-03T06:55:43.143Z,69.636,3,218.87,1980,30,20,,,,
powertraces-pt200array_pt203_r1_7536312_11-55cebeeb54,2026-05-03T06:55:43.243Z,69.736,0,196.38,1980,19,13,,,,
powertraces-pt200array_pt203_r1_7536312_11-55cebeeb54,2026-05-03T06:55:43.243Z,69.736,1,230.54,1980,26,17,,,,
powertraces-pt200array_pt203_r1_7536312_11-55cebeeb54,2026-05-03T06:55:43.243Z,69.736,2,229.82,1980,26,18,,,,
powertraces-pt200array_pt203_r1_7536312_11-55cebeeb54,2026-05-03T06:55:43.243Z,69.736,3,221.59,1980,18,11,,,,
powertraces-pt200array_pt203_r1_7536312_11-55cebeeb54,2026-05-03T06:55:43.343Z,69.836,0,197.02,1980,19,13,,,,
powertraces-pt200array_pt203_r1_7536312_11-55cebeeb54,2026-05-03T06:55:43.343Z,69.836,1,228.77,1980,26,17,,,,
powertraces-pt200array_pt203_r1_7536312_11-55cebeeb54,2026-05-03T06:55:43.343Z,69.836,2,228.66,1980,22,14,,,,
powertraces-pt200array_pt203_r1_7536312_11-55cebeeb54,2026-05-03T06:55:43.343Z,69.836,3,221.83,1980,18,11,,,,
powertraces-pt200array_pt203_r1_7536312_11-55cebeeb54,2026-05-03T06:55:43.444Z,69.937,0,195.88,1980,10,7,,,,
powertraces-pt200array_pt203_r1_7536312_11-55cebeeb54,2026-05-03T06:55:43.444Z,69.937,1,228.93,1980,15,10,,,,
powertraces-pt200array_pt203_r1_7536312_11-55cebeeb54,2026-05-03T06:55:43.444Z,69.937,2,228.16,1980,22,14,,,,
powertraces-pt200array_pt203_r1_7536312_11-55cebeeb54,2026-05-03T06:55:43.444Z,69.937,3,221.12,1980,16,10,,,,
powertraces-pt200array_pt203_r1_7536312_11-55cebeeb54,2026-05-03T06:55:43.544Z,70.037,0,191.17,1980,10,7,,,,
powertraces-pt200array_pt203_r1_7536312_11-55cebeeb54,2026-05-03T06:55:43.544Z,70.037,1,228.58,1980,15,10,,,,
powertraces-pt200array_pt203_r1_7536312_11-55cebeeb54,2026-05-03T06:55:43.544Z,70.037,2,226.67,1980,20,12,,,,
powertraces-pt200array_pt203_r1_7536312_11-55cebeeb54,2026-05-03T06:55:43.544Z,70.037,3,220.1,1980,16,10,,,,
powertraces-pt200array_pt203_r1_7536312_11-55cebeeb54,2026-05-03T06:55:43.644Z,70.137,0,190.87,1980,11,7,,,,
powertraces-pt200array_pt203_r1_7536312_11-55cebeeb54,2026-05-03T06:55:43.644Z,70.137,1,219.43,1980,19,11,,,,
powertraces-pt200array_pt203_r1_7536312_11-55cebeeb54,2026-05-03T06:55:43.644Z,70.137,2,219.15,1980,20,12,,,,
powertraces-pt200array_pt203_r1_7536312_11-55cebeeb54,2026-05-03T06:55:43.644Z,70.137,3,214.39,1980,15,10,,,,
powertraces-pt200array_pt203_r1_7536312_11-55cebeeb54,2026-05-03T06:55:43.744Z,70.237,0,198.73,1980,11,7,,,,
powertraces-pt200array_pt203_r1_7536312_11-55cebeeb54,2026-05-03T06:55:43.744Z,70.237,1,222.26,1980,19,11,,,,
powertraces-pt200array_pt203_r1_7536312_11-55cebeeb54,2026-05-03T06:55:43.744Z,70.237,2,222.22,1980,17,10,,,,
powertraces-pt200array_pt203_r1_7536312_11-55cebeeb54,2026-05-03T06:55:43.744Z,70.237,3,218.14,1980,15,10,,,,
powertraces-pt200array_pt203_r1_7536312_11-55cebeeb54,2026-05-03T06:55:43.844Z,70.337,0,197.97,1980,17,10,,,,
powertraces-pt200array_pt203_r1_7536312_11-55cebeeb54,2026-05-03T06:55:43.844Z,70.337,1,228.89,1980,33,26,,,,
powertraces-pt200array_pt203_r1_7536312_11-55cebeeb54,2026-05-03T06:55:43.844Z,70.337,2,225.94,1980,17,10,,,,
powertraces-pt200array_pt203_r1_7536312_11-55cebeeb54,2026-05-03T06:55:43.844Z,70.337,3,222.11,1980,27,18,,,,
powertraces-pt200array_pt203_r1_7536312_11-55cebeeb54,2026-05-03T06:55:43.944Z,70.437,0,196.53,1980,17,10,,,,
powertraces-pt200array_pt203_r1_7536312_11-55cebeeb54,2026-05-03T06:55:43.945Z,70.438,1,228.22,1980,33,26,,,,
powertraces-pt200array_pt203_r1_7536312_11-55cebeeb54,2026-05-03T06:55:43.945Z,70.438,2,225.0,1980,26,15,,,,
powertraces-pt200array_pt203_r1_7536312_11-55cebeeb54,2026-05-03T06:55:43.945Z,70.438,3,221.18,1980,27,18,,,,
powertraces-pt200array_pt203_r1_7536312_11-55cebeeb54,2026-05-03T06:55:44.045Z,70.538,0,195.89,1980,14,10,,,,
powertraces-pt200array_pt203_r1_7536312_11-55cebeeb54,2026-05-03T06:55:44.045Z,70.538,1,227.06,1980,19,12,,,,
powertraces-pt200array_pt203_r1_7536312_11-55cebeeb54,2026-05-03T06:55:44.045Z,70.538,2,226.07,1980,26,15,,,,
powertraces-pt200array_pt203_r1_7536312_11-55cebeeb54,2026-05-03T06:55:44.045Z,70.538,3,220.85,1980,16,10,,,,
powertraces-pt200array_pt203_r1_7536312_11-55cebeeb54,2026-05-03T06:55:44.145Z,70.638,0,197.65,1980,14,10,,,,
powertraces-pt200array_pt203_r1_7536312_11-55cebeeb54,2026-05-03T06:55:44.145Z,70.638,1,228.11,1980,19,12,,,,
powertraces-pt200array_pt203_r1_7536312_11-55cebeeb54,2026-05-03T06:55:44.145Z,70.638,2,226.21,1980,20,12,,,,
powertraces-pt200array_pt203_r1_7536312_11-55cebeeb54,2026-05-03T06:55:44.145Z,70.638,3,220.9,1980,16,10,,,,
powertraces-pt200array_pt203_r1_7536312_11-55cebeeb54,2026-05-03T06:55:44.245Z,70.738,0,194.9,1980,10,7,,,,
powertraces-pt200array_pt203_r1_7536312_11-55cebeeb54,2026-05-03T06:55:44.245Z,70.738,1,227.82,1980,16,10,,,,
powertraces-pt200array_pt203_r1_7536312_11-55cebeeb54,2026-05-03T06:55:44.245Z,70.738,2,226.07,1980,20,12,,,,
powertraces-pt200array_pt203_r1_7536312_11-55cebeeb54,2026-05-03T06:55:44.245Z,70.738,3,221.2,1980,15,10,,,,
powertraces-pt200array_pt203_r1_7536312_11-55cebeeb54,2026-05-03T06:55:44.345Z,70.838,0,196.46,1980,10,7,,,,
powertraces-pt200array_pt203_r1_7536312_11-55cebeeb54,2026-05-03T06:55:44.345Z,70.838,1,228.88,1980,16,10,,,,
powertraces-pt200array_pt203_r1_7536312_11-55cebeeb54,2026-05-03T06:55:44.345Z,70.838,2,227.53,1980,20,12,,,,
powertraces-pt200array_pt203_r1_7536312_11-55cebeeb54,2026-05-03T06:55:44.345Z,70.838,3,224.97,1980,15,10,,,,
powertraces-pt200array_pt203_r1_7536312_11-55cebeeb54,2026-05-03T06:55:44.445Z,70.938,0,196.9,1980,11,7,,,,
powertraces-pt200array_pt203_r1_7536312_11-55cebeeb54,2026-05-03T06:55:44.445Z,70.938,1,228.32,1980,20,12,,,,
powertraces-pt200array_pt203_r1_7536312_11-55cebeeb54,2026-05-03T06:55:44.445Z,70.938,2,227.12,1980,20,12,,,,
powertraces-pt200array_pt203_r1_7536312_11-55cebeeb54,2026-05-03T06:55:44.446Z,70.939,3,223.88,1980,21,14,,,,
powertraces-pt200array_pt203_r1_7536312_11-55cebeeb54,2026-05-03T06:55:44.546Z,71.039,0,197.33,1980,11,7,,,,
powertraces-pt200array_pt203_r1_7536312_11-55cebeeb54,2026-05-03T06:55:44.546Z,71.039,1,228.65,1980,20,12,,,,
powertraces-pt200array_pt203_r1_7536312_11-55cebeeb54,2026-05-03T06:55:44.546Z,71.039,2,228.29,1980,15,10,,,,
powertraces-pt200array_pt203_r1_7536312_11-55cebeeb54,2026-05-03T06:55:44.546Z,71.039,3,224.65,1980,21,14,,,,
powertraces-pt200array_pt203_r1_7536312_11-55cebeeb54,2026-05-03T06:55:44.646Z,71.139,0,194.39,1980,4,3,,,,
powertraces-pt200array_pt203_r1_7536312_11-55cebeeb54,2026-05-03T06:55:44.646Z,71.139,1,229.47,1980,27,16,,,,
powertraces-pt200array_pt203_r1_7536312_11-55cebeeb54,2026-05-03T06:55:44.646Z,71.139,2,228.62,1980,15,10,,,,
powertraces-pt200array_pt203_r1_7536312_11-55cebeeb54,2026-05-03T06:55:44.646Z,71.139,3,218.62,1980,16,11,,,,
powertraces-pt200array_pt203_r1_7536312_11-55cebeeb54,2026-05-03T06:55:44.746Z,71.239,0,179.59,1980,4,3,,,,
powertraces-pt200array_pt203_r1_7536312_11-55cebeeb54,2026-05-03T06:55:44.746Z,71.239,1,217.71,1980,27,16,,,,
powertraces-pt200array_pt203_r1_7536312_11-55cebeeb54,2026-05-03T06:55:44.746Z,71.239,2,217.65,1980,15,10,,,,
powertraces-pt200array_pt203_r1_7536312_11-55cebeeb54,2026-05-03T06:55:44.746Z,71.239,3,202.28,1980,16,11,,,,
powertraces-pt200array_pt203_r1_7536312_11-55cebeeb54,2026-05-03T06:55:44.846Z,71.339,0,178.46,1980,19,13,,,,
powertraces-pt200array_pt203_r1_7536312_11-55cebeeb54,2026-05-03T06:55:44.846Z,71.339,1,203.37,1980,0,0,,,,
powertraces-pt200array_pt203_r1_7536312_11-55cebeeb54,2026-05-03T06:55:44.846Z,71.339,2,204.16,1980,15,10,,,,
powertraces-pt200array_pt203_r1_7536312_11-55cebeeb54,2026-05-03T06:55:44.846Z,71.339,3,200.02,1980,18,11,,,,
powertraces-pt200array_pt203_r1_7536312_11-55cebeeb54,2026-05-03T06:55:44.946Z,71.439,0,177.92,1980,19,13,,,,
powertraces-pt200array_pt203_r1_7536312_11-55cebeeb54,2026-05-03T06:55:44.946Z,71.439,1,205.74,1980,0,0,,,,
powertraces-pt200array_pt203_r1_7536312_11-55cebeeb54,2026-05-03T06:55:44.946Z,71.439,2,205.33,1980,18,12,,,,
powertraces-pt200array_pt203_r1_7536312_11-55cebeeb54,2026-05-03T06:55:44.946Z,71.439,3,201.25,1980,18,11,,,,
powertraces-pt200array_pt203_r1_7536312_11-55cebeeb54,2026-05-03T06:55:45.047Z,71.54,0,185.33,1980,36,29,,,,
powertraces-pt200array_pt203_r1_7536312_11-55cebeeb54,2026-05-03T06:55:45.047Z,71.54,1,205.73,1980,15,10,,,,
powertraces-pt200array_pt203_r1_7536312_11-55cebeeb54,2026-05-03T06:55:45.047Z,71.54,2,205.48,1980,18,12,,,,
powertraces-pt200array_pt203_r1_7536312_11-55cebeeb54,2026-05-03T06:55:45.047Z,71.54,3,207.07,1980,24,18,,,,
powertraces-pt200array_pt203_r1_7536312_11-55cebeeb54,2026-05-03T06:55:45.147Z,71.64,0,183.62,1980,36,29,,,,
powertraces-pt200array_pt203_r1_7536312_11-55cebeeb54,2026-05-03T06:55:45.147Z,71.64,1,213.56,1980,15,10,,,,
powertraces-pt200array_pt203_r1_7536312_11-55cebeeb54,2026-05-03T06:55:45.147Z,71.64,2,215.73,1980,42,33,,,,
powertraces-pt200array_pt203_r1_7536312_11-55cebeeb54,2026-05-03T06:55:45.147Z,71.64,3,207.55,1980,24,18,,,,
powertraces-pt200array_pt203_r1_7536312_11-55cebeeb54,2026-05-03T06:55:45.247Z,71.74,0,182.85,1980,19,12,,,,
powertraces-pt200array_pt203_r1_7536312_11-55cebeeb54,2026-05-03T06:55:45.247Z,71.74,1,212.51,1980,42,33,,,,
powertraces-pt200array_pt203_r1_7536312_11-55cebeeb54,2026-05-03T06:55:45.247Z,71.74,2,212.47,1980,42,33,,,,
powertraces-pt200array_pt203_r1_7536312_11-55cebeeb54,2026-05-03T06:55:45.247Z,71.74,3,206.41,1980,30,20,,,,
powertraces-pt200array_pt203_r1_7536312_11-55cebeeb54,2026-05-03T06:55:45.347Z,71.84,0,180.77,1980,19,12,,,,
powertraces-pt200array_pt203_r1_7536312_11-55cebeeb54,2026-05-03T06:55:45.347Z,71.84,1,211.0,1980,42,33,,,,
powertraces-pt200array_pt203_r1_7536312_11-55cebeeb54,2026-05-03T06:55:45.347Z,71.84,2,213.69,1980,27,18,,,,
powertraces-pt200array_pt203_r1_7536312_11-55cebeeb54,2026-05-03T06:55:45.347Z,71.84,3,203.97,1980,30,20,,,,
powertraces-pt200array_pt203_r1_7536312_11-55cebeeb54,2026-05-03T06:55:45.447Z,71.94,0,178.79,1980,20,13,,,,
powertraces-pt200array_pt203_r1_7536312_11-55cebeeb54,2026-05-03T06:55:45.447Z,71.94,1,216.11,1980,27,18,,,,
powertraces-pt200array_pt203_r1_7536312_11-55cebeeb54,2026-05-03T06:55:45.447Z,71.94,2,211.39,1980,27,18,,,,
powertraces-pt200array_pt203_r1_7536312_11-55cebeeb54,2026-05-03T06:55:45.447Z,71.94,3,207.75,1980,22,14,,,,
powertraces-pt200array_pt203_r1_7536312_11-55cebeeb54,2026-05-03T06:55:45.547Z,72.04,0,176.22,1980,20,13,,,,
powertraces-pt200array_pt203_r1_7536312_11-55cebeeb54,2026-05-03T06:55:45.548Z,72.041,1,211.65,1980,27,18,,,,
powertraces-pt200array_pt203_r1_7536312_11-55cebeeb54,2026-05-03T06:55:45.548Z,72.041,2,212.78,1980,24,16,,,,
powertraces-pt200array_pt203_r1_7536312_11-55cebeeb54,2026-05-03T06:55:45.548Z,72.041,3,204.52,1980,22,14,,,,
powertraces-pt200array_pt203_r1_7536312_11-55cebeeb54,2026-05-03T06:55:45.648Z,72.141,0,181.0,1980,13,9,,,,
powertraces-pt200array_pt203_r1_7536312_11-55cebeeb54,2026-05-03T06:55:45.648Z,72.141,1,213.2,1980,18,12,,,,
powertraces-pt200array_pt203_r1_7536312_11-55cebeeb54,2026-05-03T06:55:45.648Z,72.141,2,213.45,1980,24,16,,,,
powertraces-pt200array_pt203_r1_7536312_11-55cebeeb54,2026-05-03T06:55:45.648Z,72.141,3,211.01,1980,16,10,,,,
powertraces-pt200array_pt203_r1_7536312_11-55cebeeb54,2026-05-03T06:55:45.748Z,72.241,0,185.59,1980,13,9,,,,
powertraces-pt200array_pt203_r1_7536312_11-55cebeeb54,2026-05-03T06:55:45.748Z,72.241,1,219.98,1980,18,12,,,,
powertraces-pt200array_pt203_r1_7536312_11-55cebeeb54,2026-05-03T06:55:45.748Z,72.241,2,221.19,1980,20,12,,,,
powertraces-pt200array_pt203_r1_7536312_11-55cebeeb54,2026-05-03T06:55:45.748Z,72.241,3,218.03,1980,16,10,,,,
powertraces-pt200array_pt203_r1_7536312_11-55cebeeb54,2026-05-03T06:55:45.848Z,72.341,0,187.54,1980,10,7,,,,
powertraces-pt200array_pt203_r1_7536312_11-55cebeeb54,2026-05-03T06:55:45.848Z,72.341,1,228.23,1980,17,10,,,,
powertraces-pt200array_pt203_r1_7536312_11-55cebeeb54,2026-05-03T06:55:45.848Z,72.341,2,229.12,1980,20,12,,,,
powertraces-pt200array_pt203_r1_7536312_11-55cebeeb54,2026-05-03T06:55:45.848Z,72.341,3,221.18,1980,15,10,,,,
powertraces-pt200array_pt203_r1_7536312_11-55cebeeb54,2026-05-03T06:55:45.948Z,72.441,0,189.83,1980,10,7,,,,
powertraces-pt200array_pt203_r1_7536312_11-55cebeeb54,2026-05-03T06:55:45.948Z,72.441,1,231.3,1980,17,10,,,,
powertraces-pt200array_pt203_r1_7536312_11-55cebeeb54,2026-05-03T06:55:45.948Z,72.441,2,230.12,1980,20,12,,,,
powertraces-pt200array_pt203_r1_7536312_11-55cebeeb54,2026-05-03T06:55:45.948Z,72.441,3,221.94,1980,15,10,,,,
powertraces-pt200array_pt203_r1_7536312_11-55cebeeb54,2026-05-03T06:55:46.048Z,72.541,0,183.23,1980,11,7,,,,
powertraces-pt200array_pt203_r1_7536312_11-55cebeeb54,2026-05-03T06:55:46.048Z,72.541,1,230.62,1980,20,12,,,,
powertraces-pt200array_pt203_r1_7536312_11-55cebeeb54,2026-05-03T06:55:46.048Z,72.541,2,228.94,1980,20,12,,,,
powertraces-pt200array_pt203_r1_7536312_11-55cebeeb54,2026-05-03T06:55:46.049Z,72.542,3,215.84,1980,22,15,,,,
powertraces-pt200array_pt203_r1_7536312_11-55cebeeb54,2026-05-03T06:55:46.149Z,72.642,0,183.41,1980,11,7,,,,
powertraces-pt200array_pt203_r1_7536312_11-55cebeeb54,2026-05-03T06:55:46.149Z,72.642,1,222.59,1980,20,12,,,,
powertraces-pt200array_pt203_r1_7536312_11-55cebeeb54,2026-05-03T06:55:46.149Z,72.642,2,220.29,1980,17,11,,,,
powertraces-pt200array_pt203_r1_7536312_11-55cebeeb54,2026-05-03T06:55:46.149Z,72.642,3,217.85,1980,22,15,,,,
powertraces-pt200array_pt203_r1_7536312_11-55cebeeb54,2026-05-03T06:55:46.249Z,72.742,0,191.43,1980,36,29,,,,
powertraces-pt200array_pt203_r1_7536312_11-55cebeeb54,2026-05-03T06:55:46.249Z,72.742,1,226.47,1980,27,17,,,,
powertraces-pt200array_pt203_r1_7536312_11-55cebeeb54,2026-05-03T06:55:46.249Z,72.742,2,228.57,1980,17,11,,,,
powertraces-pt200array_pt203_r1_7536312_11-55cebeeb54,2026-05-03T06:55:46.249Z,72.742,3,223.67,1980,47,39,,,,
powertraces-pt200array_pt203_r1_7536312_11-55cebeeb54,2026-05-03T06:55:46.349Z,72.842,0,191.79,1980,36,29,,,,
powertraces-pt200array_pt203_r1_7536312_11-55cebeeb54,2026-05-03T06:55:46.349Z,72.842,1,229.78,1980,27,17,,,,
powertraces-pt200array_pt203_r1_7536312_11-55cebeeb54,2026-05-03T06:55:46.349Z,72.842,2,225.81,1980,47,39,,,,
powertraces-pt200array_pt203_r1_7536312_11-55cebeeb54,2026-05-03T06:55:46.349Z,72.842,3,223.98,1980,47,39,,,,
powertraces-pt200array_pt203_r1_7536312_11-55cebeeb54,2026-05-03T06:55:46.449Z,72.942,0,190.9,1980,10,7,,,,
powertraces-pt200array_pt203_r1_7536312_11-55cebeeb54,2026-05-03T06:55:46.449Z,72.942,1,229.02,1980,15,7,,,,
powertraces-pt200array_pt203_r1_7536312_11-55cebeeb54,2026-05-03T06:55:46.449Z,72.942,2,226.67,1980,47,39,,,,
powertraces-pt200array_pt203_r1_7536312_11-55cebeeb54,2026-05-03T06:55:46.449Z,72.942,3,223.43,1980,15,10,,,,
powertraces-pt200array_pt203_r1_7536312_11-55cebeeb54,2026-05-03T06:55:46.549Z,73.042,0,192.62,1980,10,7,,,,
powertraces-pt200array_pt203_r1_7536312_11-55cebeeb54,2026-05-03T06:55:46.549Z,73.042,1,231.35,1980,15,7,,,,
powertraces-pt200array_pt203_r1_7536312_11-55cebeeb54,2026-05-03T06:55:46.549Z,73.042,2,227.46,1980,20,12,,,,
powertraces-pt200array_pt203_r1_7536312_11-55cebeeb54,2026-05-03T06:55:46.549Z,73.042,3,226.11,1980,15,10,,,,
powertraces-pt200array_pt203_r1_7536312_11-55cebeeb54,2026-05-03T06:55:46.65Z,73.143,0,193.18,1980,11,7,,,,
powertraces-pt200array_pt203_r1_7536312_11-55cebeeb54,2026-05-03T06:55:46.65Z,73.143,1,230.13,1980,19,11,,,,
powertraces-pt200array_pt203_r1_7536312_11-55cebeeb54,2026-05-03T06:55:46.65Z,73.143,2,227.42,1980,20,12,,,,
powertraces-pt200array_pt203_r1_7536312_11-55cebeeb54,2026-05-03T06:55:46.65Z,73.143,3,224.27,1980,16,11,,,,
powertraces-pt200array_pt203_r1_7536312_11-55cebeeb54,2026-05-03T06:55:46.75Z,73.243,0,194.78,1980,11,7,,,,
powertraces-pt200array_pt203_r1_7536312_11-55cebeeb54,2026-05-03T06:55:46.75Z,73.243,1,230.4,1980,19,11,,,,
powertraces-pt200array_pt203_r1_7536312_11-55cebeeb54,2026-05-03T06:55:46.75Z,73.243,2,226.89,1980,16,10,,,,
powertraces-pt200array_pt203_r1_7536312_11-55cebeeb54,2026-05-03T06:55:46.75Z,73.243,3,226.36,1980,16,11,,,,
powertraces-pt200array_pt203_r1_7536312_11-55cebeeb54,2026-05-03T06:55:46.85Z,73.343,0,192.88,1980,13,7,,,,
powertraces-pt200array_pt203_r1_7536312_11-55cebeeb54,2026-05-03T06:55:46.85Z,73.343,1,231.19,1980,22,13,,,,
powertraces-pt200array_pt203_r1_7536312_11-55cebeeb54,2026-05-03T06:55:46.85Z,73.343,2,224.86,1980,16,10,,,,
powertraces-pt200array_pt203_r1_7536312_11-55cebeeb54,2026-05-03T06:55:46.85Z,73.343,3,223.61,1980,28,19,,,,
powertraces-pt200array_pt203_r1_7536312_11-55cebeeb54,2026-05-03T06:55:46.95Z,73.443,0,191.96,1980,13,7,,,,
powertraces-pt200array_pt203_r1_7536312_11-55cebeeb54,2026-05-03T06:55:46.95Z,73.443,1,228.48,1980,22,13,,,,
powertraces-pt200array_pt203_r1_7536312_11-55cebeeb54,2026-05-03T06:55:46.95Z,73.443,2,226.37,1980,23,15,,,,
powertraces-pt200array_pt203_r1_7536312_11-55cebeeb54,2026-05-03T06:55:46.95Z,73.443,3,224.62,1980,28,19,,,,
powertraces-pt200array_pt203_r1_7536312_11-55cebeeb54,2026-05-03T06:55:47.05Z,73.543,0,193.25,1980,20,13,,,,
powertraces-pt200array_pt203_r1_7536312_11-55cebeeb54,2026-05-03T06:55:47.05Z,73.543,1,230.63,1980,27,18,,,,
powertraces-pt200array_pt203_r1_7536312_11-55cebeeb54,2026-05-03T06:55:47.05Z,73.543,2,227.24,1980,23,15,,,,
powertraces-pt200array_pt203_r1_7536312_11-55cebeeb54,2026-05-03T06:55:47.05Z,73.543,3,225.83,1980,30,20,,,,
powertraces-pt200array_pt203_r1_7536312_11-55cebeeb54,2026-05-03T06:55:47.15Z,73.643,0,193.14,1980,20,13,,,,
powertraces-pt200array_pt203_r1_7536312_11-55cebeeb54,2026-05-03T06:55:47.151Z,73.644,1,230.68,1980,27,18,,,,
powertraces-pt200array_pt203_r1_7536312_11-55cebeeb54,2026-05-03T06:55:47.151Z,73.644,2,229.01,1980,27,18,,,,
powertraces-pt200array_pt203_r1_7536312_11-55cebeeb54,2026-05-03T06:55:47.151Z,73.644,3,222.59,1980,30,20,,,,
powertraces-pt200array_pt203_r1_7536312_11-55cebeeb54,2026-05-03T06:55:47.251Z,73.744,0,186.38,1980,19,13,,,,
powertraces-pt200array_pt203_r1_7536312_11-55cebeeb54,2026-05-03T06:55:47.251Z,73.744,1,229.96,1980,27,18,,,,
powertraces-pt200array_pt203_r1_7536312_11-55cebeeb54,2026-05-03T06:55:47.251Z,73.744,2,224.0,1980,27,18,,,,
powertraces-pt200array_pt203_r1_7536312_11-55cebeeb54,2026-05-03T06:55:47.251Z,73.744,3,219.73,1980,18,11,,,,
powertraces-pt200array_pt203_r1_7536312_11-55cebeeb54,2026-05-03T06:55:47.351Z,73.844,0,194.56,1980,19,13,,,,
powertraces-pt200array_pt203_r1_7536312_11-55cebeeb54,2026-05-03T06:55:47.351Z,73.844,1,221.28,1980,27,18,,,,
powertraces-pt200array_pt203_r1_7536312_11-55cebeeb54,2026-05-03T06:55:47.351Z,73.844,2,220.11,1980,22,14,,,,
powertraces-pt200array_pt203_r1_7536312_11-55cebeeb54,2026-05-03T06:55:47.351Z,73.844,3,219.81,1980,18,11,,,,
powertraces-pt200array_pt203_r1_7536312_11-55cebeeb54,2026-05-03T06:55:47.451Z,73.944,0,194.69,1980,11,5,,,,
powertraces-pt200array_pt203_r1_7536312_11-55cebeeb54,2026-05-03T06:55:47.451Z,73.944,1,230.89,1980,15,10,,,,
powertraces-pt200array_pt203_r1_7536312_11-55cebeeb54,2026-05-03T06:55:47.451Z,73.944,2,225.31,1980,22,14,,,,
powertraces-pt200array_pt203_r1_7536312_11-55cebeeb54,2026-05-03T06:55:47.451Z,73.944,3,225.98,1980,44,35,,,,
powertraces-pt200array_pt203_r1_7536312_11-55cebeeb54,2026-05-03T06:55:47.551Z,74.044,0,195.41,1980,11,5,,,,
powertraces-pt200array_pt203_r1_7536312_11-55cebeeb54,2026-05-03T06:55:47.551Z,74.044,1,227.71,1980,15,10,,,,
powertraces-pt200array_pt203_r1_7536312_11-55cebeeb54,2026-05-03T06:55:47.551Z,74.044,2,226.54,1980,43,34,,,,
powertraces-pt200array_pt203_r1_7536312_11-55cebeeb54,2026-05-03T06:55:47.551Z,74.044,3,225.04,1980,44,35,,,,
powertraces-pt200array_pt203_r1_7536312_11-55cebeeb54,2026-05-03T06:55:47.651Z,74.144,0,197.74,1980,19,12,,,,
powertraces-pt200array_pt203_r1_7536312_11-55cebeeb54,2026-05-03T06:55:47.651Z,74.144,1,226.99,1980,26,15,,,,
powertraces-pt200array_pt203_r1_7536312_11-55cebeeb54,2026-05-03T06:55:47.651Z,74.144,2,226.87,1980,43,34,,,,
powertraces-pt200array_pt203_r1_7536312_11-55cebeeb54,2026-05-03T06:55:47.652Z,74.145,3,225.57,1980,30,20,,,,
powertraces-pt200array_pt203_r1_7536312_11-55cebeeb54,2026-05-03T06:55:47.752Z,74.245,0,193.97,1980,19,12,,,,
powertraces-pt200array_pt203_r1_7536312_11-55cebeeb54,2026-05-03T06:55:47.752Z,74.245,1,226.77,1980,26,15,,,,
powertraces-pt200array_pt203_r1_7536312_11-55cebeeb54,2026-05-03T06:55:47.752Z,74.245,2,227.34,1980,26,18,,,,
powertraces-pt200array_pt203_r1_7536312_11-55cebeeb54,2026-05-03T06:55:47.752Z,74.245,3,225.33,1980,30,20,,,,
powertraces-pt200array_pt203_r1_7536312_11-55cebeeb54,2026-05-03T06:55:47.852Z,74.345,0,195.43,1980,20,13,,,,
powertraces-pt200array_pt203_r1_7536312_11-55cebeeb54,2026-05-03T06:55:47.852Z,74.345,1,227.17,1980,27,18,,,,
powertraces-pt200array_pt203_r1_7536312_11-55cebeeb54,2026-05-03T06:55:47.852Z,74.345,2,226.41,1980,26,18,,,,
powertraces-pt200array_pt203_r1_7536312_11-55cebeeb54,2026-05-03T06:55:47.852Z,74.345,3,227.08,1980,22,15,,,,
powertraces-pt200array_pt203_r1_7536312_11-55cebeeb54,2026-05-03T06:55:47.952Z,74.445,0,194.78,1980,20,13,,,,
powertraces-pt200array_pt203_r1_7536312_11-55cebeeb54,2026-05-03T06:55:47.952Z,74.445,1,225.18,1980,27,18,,,,
powertraces-pt200array_pt203_r1_7536312_11-55cebeeb54,2026-05-03T06:55:47.952Z,74.445,2,225.01,1980,24,16,,,,
powertraces-pt200array_pt203_r1_7536312_11-55cebeeb54,2026-05-03T06:55:47.952Z,74.445,3,226.69,1980,22,15,,,,
powertraces-pt200array_pt203_r1_7536312_11-55cebeeb54,2026-05-03T06:55:48.052Z,74.545,0,194.35,1980,12,8,,,,
powertraces-pt200array_pt203_r1_7536312_11-55cebeeb54,2026-05-03T06:55:48.052Z,74.545,1,225.99,1980,17,11,,,,
powertraces-pt200array_pt203_r1_7536312_11-55cebeeb54,2026-05-03T06:55:48.052Z,74.545,2,225.06,1980,24,16,,,,
powertraces-pt200array_pt203_r1_7536312_11-55cebeeb54,2026-05-03T06:55:48.052Z,74.545,3,226.38,1980,16,10,,,,
powertraces-pt200array_pt203_r1_7536312_11-55cebeeb54,2026-05-03T06:55:48.152Z,74.645,0,194.49,1980,12,8,,,,
powertraces-pt200array_pt203_r1_7536312_11-55cebeeb54,2026-05-03T06:55:48.152Z,74.645,1,226.5,1980,17,11,,,,
powertraces-pt200array_pt203_r1_7536312_11-55cebeeb54,2026-05-03T06:55:48.152Z,74.645,2,223.96,1980,20,12,,,,
powertraces-pt200array_pt203_r1_7536312_11-55cebeeb54,2026-05-03T06:55:48.152Z,74.645,3,224.68,1980,16,10,,,,
powertraces-pt200array_pt203_r1_7536312_11-55cebeeb54,2026-05-03T06:55:48.253Z,74.746,0,193.97,1980,10,7,,,,
powertraces-pt200array_pt203_r1_7536312_11-55cebeeb54,2026-05-03T06:55:48.253Z,74.746,1,224.59,1980,18,11,,,,
powertraces-pt200array_pt203_r1_7536312_11-55cebeeb54,2026-05-03T06:55:48.253Z,74.746,2,225.4,1980,20,12,,,,
powertraces-pt200array_pt203_r1_7536312_11-55cebeeb54,2026-05-03T06:55:48.253Z,74.746,3,222.88,1980,15,10,,,,
powertraces-pt200array_pt203_r1_7536312_11-55cebeeb54,2026-05-03T06:55:48.353Z,74.846,0,190.26,1980,10,7,,,,
powertraces-pt200array_pt203_r1_7536312_11-55cebeeb54,2026-05-03T06:55:48.353Z,74.846,1,224.95,1980,18,11,,,,
powertraces-pt200array_pt203_r1_7536312_11-55cebeeb54,2026-05-03T06:55:48.353Z,74.846,2,223.89,1980,18,11,,,,
powertraces-pt200array_pt203_r1_7536312_11-55cebeeb54,2026-05-03T06:55:48.353Z,74.846,3,222.54,1980,15,10,,,,
powertraces-pt200array_pt203_r1_7536312_11-55cebeeb54,2026-05-03T06:55:48.453Z,74.946,0,187.22,1980,11,7,,,,
powertraces-pt200array_pt203_r1_7536312_11-55cebeeb54,2026-05-03T06:55:48.453Z,74.946,1,216.66,1980,20,12,,,,
powertraces-pt200array_pt203_r1_7536312_11-55cebeeb54,2026-05-03T06:55:48.453Z,74.946,2,219.77,1980,18,11,,,,
powertraces-pt200array_pt203_r1_7536312_11-55cebeeb54,2026-05-03T06:55:48.453Z,74.946,3,214.9,1980,25,18,,,,
powertraces-pt200array_pt203_r1_7536312_11-55cebeeb54,2026-05-03T06:55:48.553Z,75.046,0,192.78,1980,11,7,,,,
powertraces-pt200array_pt203_r1_7536312_11-55cebeeb54,2026-05-03T06:55:48.553Z,75.046,1,221.49,1980,20,12,,,,
powertraces-pt200array_pt203_r1_7536312_11-55cebeeb54,2026-05-03T06:55:48.553Z,75.046,2,221.73,1980,19,13,,,,
powertraces-pt200array_pt203_r1_7536312_11-55cebeeb54,2026-05-03T06:55:48.553Z,75.046,3,221.39,1980,25,18,,,,
powertraces-pt200array_pt203_r1_7536312_11-55cebeeb54,2026-05-03T06:55:48.653Z,75.146,0,189.37,1980,12,7,,,,
powertraces-pt200array_pt203_r1_7536312_11-55cebeeb54,2026-05-03T06:55:48.653Z,75.146,1,227.76,1980,32,22,,,,
powertraces-pt200array_pt203_r1_7536312_11-55cebeeb54,2026-05-03T06:55:48.653Z,75.146,2,228.09,1980,19,13,,,,
powertraces-pt200array_pt203_r1_7536312_11-55cebeeb54,2026-05-03T06:55:48.653Z,75.146,3,221.41,1980,32,24,,,,
powertraces-pt200array_pt203_r1_7536312_11-55cebeeb54,2026-05-03T06:55:48.753Z,75.246,0,189.13,1980,12,7,,,,
powertraces-pt200array_pt203_r1_7536312_11-55cebeeb54,2026-05-03T06:55:48.754Z,75.247,1,227.2,1980,32,22,,,,
powertraces-pt200array_pt203_r1_7536312_11-55cebeeb54,2026-05-03T06:55:48.754Z,75.247,2,228.13,1980,18,9,,,,
powertraces-pt200array_pt203_r1_7536312_11-55cebeeb54,2026-05-03T06:55:48.754Z,75.247,3,219.32,1980,32,24,,,,
powertraces-pt200array_pt203_r1_7536312_11-55cebeeb54,2026-05-03T06:55:48.854Z,75.347,0,189.01,1980,10,7,,,,
powertraces-pt200array_pt203_r1_7536312_11-55cebeeb54,2026-05-03T06:55:48.854Z,75.347,1,225.68,1980,16,10,,,,
powertraces-pt200array_pt203_r1_7536312_11-55cebeeb54,2026-05-03T06:55:48.854Z,75.347,2,227.46,1980,18,9,,,,
powertraces-pt200array_pt203_r1_7536312_11-55cebeeb54,2026-05-03T06:55:48.854Z,75.347,3,217.9,1980,15,10,,,,
powertraces-pt200array_pt203_r1_7536312_11-55cebeeb54,2026-05-03T06:55:48.954Z,75.447,0,191.01,1980,10,7,,,,
powertraces-pt200array_pt203_r1_7536312_11-55cebeeb54,2026-05-03T06:55:48.954Z,75.447,1,228.34,1980,16,10,,,,
powertraces-pt200array_pt203_r1_7536312_11-55cebeeb54,2026-05-03T06:55:48.954Z,75.447,2,227.16,1980,20,12,,,,
powertraces-pt200array_pt203_r1_7536312_11-55cebeeb54,2026-05-03T06:55:48.954Z,75.447,3,219.58,1980,15,10,,,,
powertraces-pt200array_pt203_r1_7536312_11-55cebeeb54,2026-05-03T06:55:49.054Z,75.547,0,189.75,1980,11,7,,,,
powertraces-pt200array_pt203_r1_7536312_11-55cebeeb54,2026-05-03T06:55:49.054Z,75.547,1,224.32,1980,20,12,,,,
powertraces-pt200array_pt203_r1_7536312_11-55cebeeb54,2026-05-03T06:55:49.054Z,75.547,2,229.39,1980,20,12,,,,
powertraces-pt200array_pt203_r1_7536312_11-55cebeeb54,2026-05-03T06:55:49.054Z,75.547,3,216.82,1980,22,15,,,,
powertraces-pt200array_pt203_r1_7536312_11-55cebeeb54,2026-05-03T06:55:49.154Z,75.647,0,189.01,1980,11,7,,,,
powertraces-pt200array_pt203_r1_7536312_11-55cebeeb54,2026-05-03T06:55:49.154Z,75.647,1,226.52,1980,20,12,,,,
powertraces-pt200array_pt203_r1_7536312_11-55cebeeb54,2026-05-03T06:55:49.154Z,75.647,2,231.33,1980,16,10,,,,
powertraces-pt200array_pt203_r1_7536312_11-55cebeeb54,2026-05-03T06:55:49.154Z,75.647,3,218.17,1980,22,15,,,,
powertraces-pt200array_pt203_r1_7536312_11-55cebeeb54,2026-05-03T06:55:49.254Z,75.747,0,189.82,1980,17,11,,,,
powertraces-pt200array_pt203_r1_7536312_11-55cebeeb54,2026-05-03T06:55:49.254Z,75.747,1,226.74,1980,28,17,,,,
powertraces-pt200array_pt203_r1_7536312_11-55cebeeb54,2026-05-03T06:55:49.254Z,75.747,2,231.83,1980,16,10,,,,
powertraces-pt200array_pt203_r1_7536312_11-55cebeeb54,2026-05-03T06:55:49.255Z,75.748,3,217.9,1980,30,20,,,,
powertraces-pt200array_pt203_r1_7536312_11-55cebeeb54,2026-05-03T06:55:49.355Z,75.848,0,190.46,1980,17,11,,,,
powertraces-pt200array_pt203_r1_7536312_11-55cebeeb54,2026-05-03T06:55:49.355Z,75.848,1,226.16,1980,28,17,,,,
powertraces-pt200array_pt203_r1_7536312_11-55cebeeb54,2026-05-03T06:55:49.355Z,75.848,2,231.42,1980,27,18,,,,
powertraces-pt200array_pt203_r1_7536312_11-55cebeeb54,2026-05-03T06:55:49.355Z,75.848,3,218.01,1980,30,20,,,,
powertraces-pt200array_pt203_r1_7536312_11-55cebeeb54,2026-05-03T06:55:49.455Z,75.948,0,190.84,1980,20,13,,,,
powertraces-pt200array_pt203_r1_7536312_11-55cebeeb54,2026-05-03T06:55:49.455Z,75.948,1,230.86,1980,27,18,,,,
powertraces-pt200array_pt203_r1_7536312_11-55cebeeb54,2026-05-03T06:55:49.455Z,75.948,2,230.68,1980,27,18,,,,
powertraces-pt200array_pt203_r1_7536312_11-55cebeeb54,2026-05-03T06:55:49.455Z,75.948,3,221.44,1980,23,15,,,,
powertraces-pt200array_pt203_r1_7536312_11-55cebeeb54,2026-05-03T06:55:49.555Z,76.048,0,183.92,1980,20,13,,,,
powertraces-pt200array_pt203_r1_7536312_11-55cebeeb54,2026-05-03T06:55:49.555Z,76.048,1,226.15,1980,27,18,,,,
powertraces-pt200array_pt203_r1_7536312_11-55cebeeb54,2026-05-03T06:55:49.555Z,76.048,2,228.17,1980,25,17,,,,
powertraces-pt200array_pt203_r1_7536312_11-55cebeeb54,2026-05-03T06:55:49.555Z,76.048,3,214.43,1980,23,15,,,,
powertraces-pt200array_pt203_r1_7536312_11-55cebeeb54,2026-05-03T06:55:49.655Z,76.148,0,184.9,1980,14,9,,,,
powertraces-pt200array_pt203_r1_7536312_11-55cebeeb54,2026-05-03T06:55:49.655Z,76.148,1,221.1,1980,19,12,,,,
powertraces-pt200array_pt203_r1_7536312_11-55cebeeb54,2026-05-03T06:55:49.655Z,76.148,2,222.15,1980,25,17,,,,
powertraces-pt200array_pt203_r1_7536312_11-55cebeeb54,2026-05-03T06:55:49.655Z,76.148,3,212.06,1980,16,10,,,,
powertraces-pt200array_pt203_r1_7536312_11-55cebeeb54,2026-05-03T06:55:49.755Z,76.248,0,193.56,1980,14,9,,,,
powertraces-pt200array_pt203_r1_7536312_11-55cebeeb54,2026-05-03T06:55:49.755Z,76.248,1,224.87,1980,19,12,,,,
powertraces-pt200array_pt203_r1_7536312_11-55cebeeb54,2026-05-03T06:55:49.755Z,76.248,2,228.0,1980,20,12,,,,
powertraces-pt200array_pt203_r1_7536312_11-55cebeeb54,2026-05-03T06:55:49.755Z,76.248,3,218.95,1980,16,10,,,,
powertraces-pt200array_pt203_r1_7536312_11-55cebeeb54,2026-05-03T06:55:49.856Z,76.349,0,200.49,1980,35,27,,,,
powertraces-pt200array_pt203_r1_7536312_11-55cebeeb54,2026-05-03T06:55:49.856Z,76.349,1,233.7,1980,45,37,,,,
powertraces-pt200array_pt203_r1_7536312_11-55cebeeb54,2026-05-03T06:55:49.856Z,76.349,2,236.44,1980,20,12,,,,
powertraces-pt200array_pt203_r1_7536312_11-55cebeeb54,2026-05-03T06:55:49.856Z,76.349,3,227.16,1980,43,35,,,,
powertraces-pt200array_pt203_r1_7536312_11-55cebeeb54,2026-05-03T06:55:49.956Z,76.449,0,198.71,1980,35,27,,,,
powertraces-pt200array_pt203_r1_7536312_11-55cebeeb54,2026-05-03T06:55:49.956Z,76.449,1,235.04,1980,45,37,,,,
powertraces-pt200array_pt203_r1_7536312_11-55cebeeb54,2026-05-03T06:55:49.956Z,76.449,2,237.49,1980,44,35,,,,
powertraces-pt200array_pt203_r1_7536312_11-55cebeeb54,2026-05-03T06:55:49.956Z,76.449,3,225.34,1980,43,35,,,,
powertraces-pt200array_pt203_r1_7536312_11-55cebeeb54,2026-05-03T06:55:50.056Z,76.549,0,198.48,1980,10,7,,,,
powertraces-pt200array_pt203_r1_7536312_11-55cebeeb54,2026-05-03T06:55:50.056Z,76.549,1,238.02,1980,14,6,,,,
powertraces-pt200array_pt203_r1_7536312_11-55cebeeb54,2026-05-03T06:55:50.056Z,76.549,2,233.4,1980,44,35,,,,
powertraces-pt200array_pt203_r1_7536312_11-55cebeeb54,2026-05-03T06:55:50.056Z,76.549,3,229.52,1980,15,10,,,,
powertraces-pt200array_pt203_r1_7536312_11-55cebeeb54,2026-05-03T06:55:50.156Z,76.649,0,202.05,1980,10,7,,,,
powertraces-pt200array_pt203_r1_7536312_11-55cebeeb54,2026-05-03T06:55:50.156Z,76.649,1,235.88,1980,14,6,,,,
powertraces-pt200array_pt203_r1_7536312_11-55cebeeb54,2026-05-03T06:55:50.156Z,76.649,2,233.84,1980,20,12,,,,
powertraces-pt200array_pt203_r1_7536312_11-55cebeeb54,2026-05-03T06:55:50.156Z,76.649,3,227.62,1980,15,10,,,,
powertraces-pt200array_pt203_r1_7536312_11-55cebeeb54,2026-05-03T06:55:50.256Z,76.749,0,200.06,1980,11,7,,,,
powertraces-pt200array_pt203_r1_7536312_11-55cebeeb54,2026-05-03T06:55:50.256Z,76.749,1,234.6,1980,20,12,,,,
powertraces-pt200array_pt203_r1_7536312_11-55cebeeb54,2026-05-03T06:55:50.256Z,76.749,2,235.31,1980,20,12,,,,
powertraces-pt200array_pt203_r1_7536312_11-55cebeeb54,2026-05-03T06:55:50.256Z,76.749,3,227.18,1980,16,10,,,,
powertraces-pt200array_pt203_r1_7536312_11-55cebeeb54,2026-05-03T06:55:50.356Z,76.849,0,201.05,1980,11,7,,,,
powertraces-pt200array_pt203_r1_7536312_11-55cebeeb54,2026-05-03T06:55:50.357Z,76.85,1,234.7,1980,20,12,,,,
powertraces-pt200array_pt203_r1_7536312_11-55cebeeb54,2026-05-03T06:55:50.357Z,76.85,2,231.9,1980,16,10,,,,
powertraces-pt200array_pt203_r1_7536312_11-55cebeeb54,2026-05-03T06:55:50.357Z,76.85,3,227.8,1980,16,10,,,,
powertraces-pt200array_pt203_r1_7536312_11-55cebeeb54,2026-05-03T06:55:50.457Z,76.95,0,198.16,1980,12,7,,,,
powertraces-pt200array_pt203_r1_7536312_11-55cebeeb54,2026-05-03T06:55:50.457Z,76.95,1,233.67,1980,21,12,,,,
powertraces-pt200array_pt203_r1_7536312_11-55cebeeb54,2026-05-03T06:55:50.457Z,76.95,2,233.23,1980,16,10,,,,
powertraces-pt200array_pt203_r1_7536312_11-55cebeeb54,2026-05-03T06:55:50.457Z,76.95,3,224.85,1980,28,19,,,,
powertraces-pt200array_pt203_r1_7536312_11-55cebeeb54,2026-05-03T06:55:50.557Z,77.05,0,197.8,1980,12,7,,,,
powertraces-pt200array_pt203_r1_7536312_11-55cebeeb54,2026-05-03T06:55:50.557Z,77.05,1,237.14,1980,21,12,,,,
powertraces-pt200array_pt203_r1_7536312_11-55cebeeb54,2026-05-03T06:55:50.557Z,77.05,2,231.65,1980,24,16,,,,
powertraces-pt200array_pt203_r1_7536312_11-55cebeeb54,2026-05-03T06:55:50.557Z,77.05,3,229.3,1980,28,19,,,,
powertraces-pt200array_pt203_r1_7536312_11-55cebeeb54,2026-05-03T06:55:50.657Z,77.15,0,196.8,1980,20,13,,,,
powertraces-pt200array_pt203_r1_7536312_11-55cebeeb54,2026-05-03T06:55:50.657Z,77.15,1,234.9,1980,27,18,,,,
powertraces-pt200array_pt203_r1_7536312_11-55cebeeb54,2026-05-03T06:55:50.657Z,77.15,2,232.8,1980,24,16,,,,
powertraces-pt200array_pt203_r1_7536312_11-55cebeeb54,2026-05-03T06:55:50.657Z,77.15,3,227.95,1980,30,20,,,,
powertraces-pt200array_pt203_r1_7536312_11-55cebeeb54,2026-05-03T06:55:50.757Z,77.25,0,187.33,1980,20,13,,,,
powertraces-pt200array_pt203_r1_7536312_11-55cebeeb54,2026-05-03T06:55:50.757Z,77.25,1,232.44,1980,27,18,,,,
powertraces-pt200array_pt203_r1_7536312_11-55cebeeb54,2026-05-03T06:55:50.757Z,77.25,2,226.8,1980,26,18,,,,
powertraces-pt200array_pt203_r1_7536312_11-55cebeeb54,2026-05-03T06:55:50.757Z,77.25,3,218.19,1980,30,20,,,,
powertraces-pt200array_pt203_r1_7536312_11-55cebeeb54,2026-05-03T06:55:50.857Z,77.35,0,183.49,1980,20,13,,,,
powertraces-pt200array_pt203_r1_7536312_11-55cebeeb54,2026-05-03T06:55:50.857Z,77.35,1,225.79,1980,27,18,,,,
powertraces-pt200array_pt203_r1_7536312_11-55cebeeb54,2026-05-03T06:55:50.857Z,77.35,2,216.99,1980,26,18,,,,
powertraces-pt200array_pt203_r1_7536312_11-55cebeeb54,2026-05-03T06:55:50.858Z,77.351,3,213.44,1980,19,12,,,,
powertraces-pt200array_pt203_r1_7536312_11-55cebeeb54,2026-05-03T06:55:50.958Z,77.451,0,188.89,1980,20,13,,,,
powertraces-pt200array_pt203_r1_7536312_11-55cebeeb54,2026-05-03T06:55:50.958Z,77.451,1,218.95,1980,27,18,,,,
powertraces-pt200array_pt203_r1_7536312_11-55cebeeb54,2026-05-03T06:55:50.958Z,77.451,2,219.88,1980,22,14,,,,
powertraces-pt200array_pt203_r1_7536312_11-55cebeeb54,2026-05-03T06:55:50.958Z,77.451,3,215.2,1980,19,12,,,,
powertraces-pt200array_pt203_r1_7536312_11-55cebeeb54,2026-05-03T06:55:51.058Z,77.551,0,189.12,1980,11,5,,,,
powertraces-pt200array_pt203_r1_7536312_11-55cebeeb54,2026-05-03T06:55:51.058Z,77.551,1,228.83,1980,15,10,,,,
powertraces-pt200array_pt203_r1_7536312_11-55cebeeb54,2026-05-03T06:55:51.058Z,77.551,2,223.7,1980,22,14,,,,
powertraces-pt200array_pt203_r1_7536312_11-55cebeeb54,2026-05-03T06:55:51.058Z,77.551,3,219.53,1980,44,35,,,,
powertraces-pt200array_pt203_r1_7536312_11-55cebeeb54,2026-05-03T06:55:51.158Z,77.651,0,188.43,1980,11,5,,,,
powertraces-pt200array_pt203_r1_7536312_11-55cebeeb54,2026-05-03T06:55:51.158Z,77.651,1,226.63,1980,15,10,,,,
powertraces-pt200array_pt203_r1_7536312_11-55cebeeb54,2026-05-03T06:55:51.158Z,77.651,2,225.08,1980,42,33,,,,
powertraces-pt200array_pt203_r1_7536312_11-55cebeeb54,2026-05-03T06:55:51.158Z,77.651,3,220.88,1980,44,35,,,,
powertraces-pt200array_pt203_r1_7536312_11-55cebeeb54,2026-05-03T06:55:51.258Z,77.751,0,191.23,1980,19,12,,,,
powertraces-pt200array_pt203_r1_7536312_11-55cebeeb54,2026-05-03T06:55:51.258Z,77.751,1,226.35,1980,26,15,,,,
powertraces-pt200array_pt203_r1_7536312_11-55cebeeb54,2026-05-03T06:55:51.258Z,77.751,2,225.45,1980,42,33,,,,
powertraces-pt200array_pt203_r1_7536312_11-55cebeeb54,2026-05-03T06:55:51.258Z,77.751,3,221.24,1980,30,20,,,,
powertraces-pt200array_pt203_r1_7536312_11-55cebeeb54,2026-05-03T06:55:51.358Z,77.851,0,189.55,1980,19,12,,,,
powertraces-pt200array_pt203_r1_7536312_11-55cebeeb54,2026-05-03T06:55:51.358Z,77.851,1,227.11,1980,26,15,,,,
powertraces-pt200array_pt203_r1_7536312_11-55cebeeb54,2026-05-03T06:55:51.358Z,77.851,2,225.5,1980,27,18,,,,
powertraces-pt200array_pt203_r1_7536312_11-55cebeeb54,2026-05-03T06:55:51.358Z,77.851,3,220.37,1980,30,20,,,,
powertraces-pt200array_pt203_r1_7536312_11-55cebeeb54,2026-05-03T06:55:51.459Z,77.952,0,190.54,1980,20,13,,,,
powertraces-pt200array_pt203_r1_7536312_11-55cebeeb54,2026-05-03T06:55:51.459Z,77.952,1,227.91,1980,27,18,,,,
powertraces-pt200array_pt203_r1_7536312_11-55cebeeb54,2026-05-03T06:55:51.459Z,77.952,2,224.07,1980,27,18,,,,
powertraces-pt200array_pt203_r1_7536312_11-55cebeeb54,2026-05-03T06:55:51.459Z,77.952,3,222.71,1980,22,14,,,,
powertraces-pt200array_pt203_r1_7536312_11-55cebeeb54,2026-05-03T06:55:51.559Z,78.052,0,191.54,1980,20,13,,,,
powertraces-pt200array_pt203_r1_7536312_11-55cebeeb54,2026-05-03T06:55:51.559Z,78.052,1,224.36,1980,27,18,,,,
powertraces-pt200array_pt203_r1_7536312_11-55cebeeb54,2026-05-03T06:55:51.559Z,78.052,2,224.94,1980,25,16,,,,
powertraces-pt200array_pt203_r1_7536312_11-55cebeeb54,2026-05-03T06:55:51.559Z,78.052,3,221.55,1980,22,14,,,,
powertraces-pt200array_pt203_r1_7536312_11-55cebeeb54,2026-05-03T06:55:51.659Z,78.152,0,194.0,1980,13,9,,,,
powertraces-pt200array_pt203_r1_7536312_11-55cebeeb54,2026-05-03T06:55:51.659Z,78.152,1,226.01,1980,18,12,,,,
powertraces-pt200array_pt203_r1_7536312_11-55cebeeb54,2026-05-03T06:55:51.659Z,78.152,2,224.92,1980,25,16,,,,
powertraces-pt200array_pt203_r1_7536312_11-55cebeeb54,2026-05-03T06:55:51.659Z,78.152,3,222.33,1980,16,10,,,,
powertraces-pt200array_pt203_r1_7536312_11-55cebeeb54,2026-05-03T06:55:51.759Z,78.252,0,197.14,1980,13,9,,,,
powertraces-pt200array_pt203_r1_7536312_11-55cebeeb54,2026-05-03T06:55:51.759Z,78.252,1,226.77,1980,18,12,,,,
powertraces-pt200array_pt203_r1_7536312_11-55cebeeb54,2026-05-03T06:55:51.759Z,78.252,2,224.66,1980,20,12,,,,
powertraces-pt200array_pt203_r1_7536312_11-55cebeeb54,2026-05-03T06:55:51.759Z,78.252,3,222.22,1980,16,10,,,,
powertraces-pt200array_pt203_r1_7536312_11-55cebeeb54,2026-05-03T06:55:51.859Z,78.352,0,194.54,1980,10,7,,,,
powertraces-pt200array_pt203_r1_7536312_11-55cebeeb54,2026-05-03T06:55:51.859Z,78.352,1,225.88,1980,17,10,,,,
powertraces-pt200array_pt203_r1_7536312_11-55cebeeb54,2026-05-03T06:55:51.859Z,78.352,2,226.36,1980,20,12,,,,
powertraces-pt200array_pt203_r1_7536312_11-55cebeeb54,2026-05-03T06:55:51.859Z,78.352,3,221.65,1980,15,10,,,,
powertraces-pt200array_pt203_r1_7536312_11-55cebeeb54,2026-05-03T06:55:51.959Z,78.452,0,192.17,1980,10,7,,,,
powertraces-pt200array_pt203_r1_7536312_11-55cebeeb54,2026-05-03T06:55:51.96Z,78.453,1,227.82,1980,17,10,,,,
powertraces-pt200array_pt203_r1_7536312_11-55cebeeb54,2026-05-03T06:55:51.96Z,78.453,2,222.79,1980,20,12,,,,
powertraces-pt200array_pt203_r1_7536312_11-55cebeeb54,2026-05-03T06:55:51.96Z,78.453,3,221.61,1980,15,10,,,,
powertraces-pt200array_pt203_r1_7536312_11-55cebeeb54,2026-05-03T06:55:52.06Z,78.553,0,186.94,1980,11,7,,,,
powertraces-pt200array_pt203_r1_7536312_11-55cebeeb54,2026-05-03T06:55:52.06Z,78.553,1,218.07,1980,20,12,,,,
powertraces-pt200array_pt203_r1_7536312_11-55cebeeb54,2026-05-03T06:55:52.06Z,78.553,2,218.76,1980,20,12,,,,
powertraces-pt200array_pt203_r1_7536312_11-55cebeeb54,2026-05-03T06:55:52.06Z,78.553,3,214.27,1980,23,16,,,,
powertraces-pt200array_pt203_r1_7536312_11-55cebeeb54,2026-05-03T06:55:52.16Z,78.653,0,193.44,1980,11,7,,,,
powertraces-pt200array_pt203_r1_7536312_11-55cebeeb54,2026-05-03T06:55:52.16Z,78.653,1,221.09,1980,20,12,,,,
powertraces-pt200array_pt203_r1_7536312_11-55cebeeb54,2026-05-03T06:55:52.16Z,78.653,2,221.42,1980,17,11,,,,
powertraces-pt200array_pt203_r1_7536312_11-55cebeeb54,2026-05-03T06:55:52.16Z,78.653,3,217.82,1980,23,16,,,,
powertraces-pt200array_pt203_r1_7536312_11-55cebeeb54,2026-05-03T06:55:52.26Z,78.753,0,191.27,1980,15,9,,,,
powertraces-pt200array_pt203_r1_7536312_11-55cebeeb54,2026-05-03T06:55:52.26Z,78.753,1,226.33,1980,32,22,,,,
powertraces-pt200array_pt203_r1_7536312_11-55cebeeb54,2026-05-03T06:55:52.26Z,78.753,2,227.41,1980,17,11,,,,
powertraces-pt200array_pt203_r1_7536312_11-55cebeeb54,2026-05-03T06:55:52.26Z,78.753,3,220.6,1980,30,22,,,,
powertraces-pt200array_pt203_r1_7536312_11-55cebeeb54,2026-05-03T06:55:52.36Z,78.853,0,190.74,1980,15,9,,,,
powertraces-pt200array_pt203_r1_7536312_11-55cebeeb54,2026-05-03T06:55:52.36Z,78.853,1,228.62,1980,32,22,,,,
powertraces-pt200array_pt203_r1_7536312_11-55cebeeb54,2026-05-03T06:55:52.36Z,78.853,2,228.49,1980,16,7,,,,
powertraces-pt200array_pt203_r1_7536312_11-55cebeeb54,2026-05-03T06:55:52.36Z,78.853,3,219.01,1980,30,22,,,,
powertraces-pt200array_pt203_r1_7536312_11-55cebeeb54,2026-05-03T06:55:52.46Z,78.953,0,191.38,1980,10,7,,,,
powertraces-pt200array_pt203_r1_7536312_11-55cebeeb54,2026-05-03T06:55:52.46Z,78.953,1,227.24,1980,16,10,,,,
powertraces-pt200array_pt203_r1_7536312_11-55cebeeb54,2026-05-03T06:55:52.461Z,78.954,2,228.53,1980,16,7,,,,
powertraces-pt200array_pt203_r1_7536312_11-55cebeeb54,2026-05-03T06:55:52.461Z,78.954,3,218.58,1980,15,10,,,,
powertraces-pt200array_pt203_r1_7536312_11-55cebeeb54,2026-05-03T06:55:52.561Z,79.054,0,192.67,1980,10,7,,,,
powertraces-pt200array_pt203_r1_7536312_11-55cebeeb54,2026-05-03T06:55:52.561Z,79.054,1,229.72,1980,16,10,,,,
powertraces-pt200array_pt203_r1_7536312_11-55cebeeb54,2026-05-03T06:55:52.561Z,79.054,2,228.19,1980,20,12,,,,
powertraces-pt200array_pt203_r1_7536312_11-55cebeeb54,2026-05-03T06:55:52.561Z,79.054,3,220.93,1980,15,10,,,,
powertraces-pt200array_pt203_r1_7536312_11-55cebeeb54,2026-05-03T06:55:52.661Z,79.154,0,191.82,1980,11,7,,,,
powertraces-pt200array_pt203_r1_7536312_11-55cebeeb54,2026-05-03T06:55:52.661Z,79.154,1,227.34,1980,20,11,,,,
powertraces-pt200array_pt203_r1_7536312_11-55cebeeb54,2026-05-03T06:55:52.661Z,79.154,2,228.5,1980,20,12,,,,
powertraces-pt200array_pt203_r1_7536312_11-55cebeeb54,2026-05-03T06:55:52.661Z,79.154,3,217.32,1980,18,12,,,,
powertraces-pt200array_pt203_r1_7536312_11-55cebeeb54,2026-05-03T06:55:52.761Z,79.254,0,189.25,1980,11,7,,,,
powertraces-pt200array_pt203_r1_7536312_11-55cebeeb54,2026-05-03T06:55:52.761Z,79.254,1,228.59,1980,20,11,,,,
powertraces-pt200array_pt203_r1_7536312_11-55cebeeb54,2026-05-03T06:55:52.761Z,79.254,2,228.58,1980,15,10,,,,
powertraces-pt200array_pt203_r1_7536312_11-55cebeeb54,2026-05-03T06:55:52.761Z,79.254,3,220.93,1980,18,12,,,,
powertraces-pt200array_pt203_r1_7536312_11-55cebeeb54,2026-05-03T06:55:52.861Z,79.354,0,187.3,1980,13,8,,,,
powertraces-pt200array_pt203_r1_7536312_11-55cebeeb54,2026-05-03T06:55:52.861Z,79.354,1,227.3,1980,24,14,,,,
powertraces-pt200array_pt203_r1_7536312_11-55cebeeb54,2026-05-03T06:55:52.861Z,79.354,2,228.46,1980,15,10,,,,
powertraces-pt200array_pt203_r1_7536312_11-55cebeeb54,2026-05-03T06:55:52.861Z,79.354,3,218.85,1980,29,20,,,,
powertraces-pt200array_pt203_r1_7536312_11-55cebeeb54,2026-05-03T06:55:52.961Z,79.454,0,186.39,1980,13,8,,,,
powertraces-pt200array_pt203_r1_7536312_11-55cebeeb54,2026-05-03T06:55:52.961Z,79.454,1,228.32,1980,27,18,,,,
powertraces-pt200array_pt203_r1_7536312_11-55cebeeb54,2026-05-03T06:55:52.961Z,79.454,2,228.18,1980,26,17,,,,
powertraces-pt200array_pt203_r1_7536312_11-55cebeeb54,2026-05-03T06:55:52.961Z,79.454,3,218.45,1980,29,20,,,,
powertraces-pt200array_pt203_r1_7536312_11-55cebeeb54,2026-05-03T06:55:53.062Z,79.555,0,188.65,1980,20,13,,,,
powertraces-pt200array_pt203_r1_7536312_11-55cebeeb54,2026-05-03T06:55:53.062Z,79.555,1,226.81,1980,27,18,,,,
powertraces-pt200array_pt203_r1_7536312_11-55cebeeb54,2026-05-03T06:55:53.062Z,79.555,2,228.98,1980,26,17,,,,
powertraces-pt200array_pt203_r1_7536312_11-55cebeeb54,2026-05-03T06:55:53.062Z,79.555,3,220.95,1980,28,19,,,,
powertraces-pt200array_pt203_r1_7536312_11-55cebeeb54,2026-05-03T06:55:53.162Z,79.655,0,181.38,1980,20,13,,,,
powertraces-pt200array_pt203_r1_7536312_11-55cebeeb54,2026-05-03T06:55:53.162Z,79.655,1,222.08,1980,24,16,,,,
powertraces-pt200array_pt203_r1_7536312_11-55cebeeb54,2026-05-03T06:55:53.162Z,79.655,2,229.05,1980,27,18,,,,
powertraces-pt200array_pt203_r1_7536312_11-55cebeeb54,2026-05-03T06:55:53.162Z,79.655,3,213.91,1980,28,19,,,,
powertraces-pt200array_pt203_r1_7536312_11-55cebeeb54,2026-05-03T06:55:53.262Z,79.755,0,182.38,1980,18,12,,,,
powertraces-pt200array_pt203_r1_7536312_11-55cebeeb54,2026-05-03T06:55:53.262Z,79.755,1,226.15,1980,24,16,,,,
powertraces-pt200array_pt203_r1_7536312_11-55cebeeb54,2026-05-03T06:55:53.262Z,79.755,2,220.03,1980,27,18,,,,
powertraces-pt200array_pt203_r1_7536312_11-55cebeeb54,2026-05-03T06:55:53.262Z,79.755,3,215.51,1980,17,11,,,,
powertraces-pt200array_pt203_r1_7536312_11-55cebeeb54,2026-05-03T06:55:53.362Z,79.855,0,190.15,1980,18,12,,,,
powertraces-pt200array_pt203_r1_7536312_11-55cebeeb54,2026-05-03T06:55:53.362Z,79.855,1,229.88,1980,47,38,,,,
powertraces-pt200array_pt203_r1_7536312_11-55cebeeb54,2026-05-03T06:55:53.362Z,79.855,2,227.57,1980,21,12,,,,
powertraces-pt200array_pt203_r1_7536312_11-55cebeeb54,2026-05-03T06:55:53.362Z,79.855,3,220.15,1980,17,11,,,,
powertraces-pt200array_pt203_r1_7536312_11-55cebeeb54,2026-05-03T06:55:53.462Z,79.955,0,190.09,1980,11,7,,,,
powertraces-pt200array_pt203_r1_7536312_11-55cebeeb54,2026-05-03T06:55:53.462Z,79.955,1,229.4,1980,47,38,,,,
powertraces-pt200array_pt203_r1_7536312_11-55cebeeb54,2026-05-03T06:55:53.462Z,79.955,2,228.8,1980,21,12,,,,
powertraces-pt200array_pt203_r1_7536312_11-55cebeeb54,2026-05-03T06:55:53.462Z,79.955,3,221.57,1980,26,16,,,,
powertraces-pt200array_pt203_r1_7536312_11-55cebeeb54,2026-05-03T06:55:53.563Z,80.056,0,188.79,1980,11,7,,,,
powertraces-pt200array_pt203_r1_7536312_11-55cebeeb54,2026-05-03T06:55:53.563Z,80.056,1,230.83,1980,28,18,,,,
powertraces-pt200array_pt203_r1_7536312_11-55cebeeb54,2026-05-03T06:55:53.563Z,80.056,2,227.26,1980,23,14,,,,
powertraces-pt200array_pt203_r1_7536312_11-55cebeeb54,2026-05-03T06:55:53.563Z,80.056,3,221.37,1980,26,16,,,,
powertraces-pt200array_pt203_r1_7536312_11-55cebeeb54,2026-05-03T06:55:53.663Z,80.156,0,190.71,1980,20,13,,,,
powertraces-pt200array_pt203_r1_7536312_11-55cebeeb54,2026-05-03T06:55:53.663Z,80.156,1,228.64,1980,28,18,,,,
powertraces-pt200array_pt203_r1_7536312_11-55cebeeb54,2026-05-03T06:55:53.663Z,80.156,2,226.61,1980,23,14,,,,
powertraces-pt200array_pt203_r1_7536312_11-55cebeeb54,2026-05-03T06:55:53.663Z,80.156,3,220.88,1980,30,20,,,,
powertraces-pt200array_pt203_r1_7536312_11-55cebeeb54,2026-05-03T06:55:53.763Z,80.256,0,189.18,1980,20,13,,,,
powertraces-pt200array_pt203_r1_7536312_11-55cebeeb54,2026-05-03T06:55:53.763Z,80.256,1,228.72,1980,27,18,,,,
powertraces-pt200array_pt203_r1_7536312_11-55cebeeb54,2026-05-03T06:55:53.763Z,80.256,2,228.2,1980,27,18,,,,
powertraces-pt200array_pt203_r1_7536312_11-55cebeeb54,2026-05-03T06:55:53.763Z,80.256,3,219.89,1980,30,20,,,,
powertraces-pt200array_pt203_r1_7536312_11-55cebeeb54,2026-05-03T06:55:53.863Z,80.356,0,190.49,1980,20,13,,,,
powertraces-pt200array_pt203_r1_7536312_11-55cebeeb54,2026-05-03T06:55:53.863Z,80.356,1,230.53,1980,27,18,,,,
powertraces-pt200array_pt203_r1_7536312_11-55cebeeb54,2026-05-03T06:55:53.863Z,80.356,2,227.91,1980,27,18,,,,
powertraces-pt200array_pt203_r1_7536312_11-55cebeeb54,2026-05-03T06:55:53.863Z,80.356,3,221.2,1980,20,12,,,,
powertraces-pt200array_pt203_r1_7536312_11-55cebeeb54,2026-05-03T06:55:53.963Z,80.456,0,190.29,1980,20,13,,,,
powertraces-pt200array_pt203_r1_7536312_11-55cebeeb54,2026-05-03T06:55:53.963Z,80.456,1,229.72,1980,16,10,,,,
powertraces-pt200array_pt203_r1_7536312_11-55cebeeb54,2026-05-03T06:55:53.963Z,80.456,2,227.68,1980,23,15,,,,
powertraces-pt200array_pt203_r1_7536312_11-55cebeeb54,2026-05-03T06:55:53.963Z,80.456,3,221.51,1980,20,12,,,,
powertraces-pt200array_pt203_r1_7536312_11-55cebeeb54,2026-05-03T06:55:54.063Z,80.556,0,189.7,1980,11,7,,,,
powertraces-pt200array_pt203_r1_7536312_11-55cebeeb54,2026-05-03T06:55:54.064Z,80.557,1,229.9,1980,16,10,,,,
powertraces-pt200array_pt203_r1_7536312_11-55cebeeb54,2026-05-03T06:55:54.064Z,80.557,2,228.5,1980,23,15,,,,
powertraces-pt200array_pt203_r1_7536312_11-55cebeeb54,2026-05-03T06:55:54.064Z,80.557,3,221.48,1980,16,10,,,,
powertraces-pt200array_pt203_r1_7536312_11-55cebeeb54,2026-05-03T06:55:54.164Z,80.657,0,191.29,1980,11,7,,,,
powertraces-pt200array_pt203_r1_7536312_11-55cebeeb54,2026-05-03T06:55:54.164Z,80.657,1,228.51,1980,18,11,,,,
powertraces-pt200array_pt203_r1_7536312_11-55cebeeb54,2026-05-03T06:55:54.164Z,80.657,2,226.96,1980,20,12,,,,
powertraces-pt200array_pt203_r1_7536312_11-55cebeeb54,2026-05-03T06:55:54.164Z,80.657,3,220.43,1980,16,10,,,,
powertraces-pt200array_pt203_r1_7536312_11-55cebeeb54,2026-05-03T06:55:54.264Z,80.757,0,190.21,1980,11,7,,,,
powertraces-pt200array_pt203_r1_7536312_11-55cebeeb54,2026-05-03T06:55:54.264Z,80.757,1,228.73,1980,18,11,,,,
powertraces-pt200array_pt203_r1_7536312_11-55cebeeb54,2026-05-03T06:55:54.264Z,80.757,2,227.55,1980,20,12,,,,
powertraces-pt200array_pt203_r1_7536312_11-55cebeeb54,2026-05-03T06:55:54.264Z,80.757,3,220.38,1980,15,10,,,,
powertraces-pt200array_pt203_r1_7536312_11-55cebeeb54,2026-05-03T06:55:54.364Z,80.857,0,186.83,1980,11,7,,,,
powertraces-pt200array_pt203_r1_7536312_11-55cebeeb54,2026-05-03T06:55:54.364Z,80.857,1,219.99,1980,20,12,,,,
powertraces-pt200array_pt203_r1_7536312_11-55cebeeb54,2026-05-03T06:55:54.364Z,80.857,2,218.24,1980,18,11,,,,
powertraces-pt200array_pt203_r1_7536312_11-55cebeeb54,2026-05-03T06:55:54.364Z,80.857,3,214.36,1980,15,10,,,,
powertraces-pt200array_pt203_r1_7536312_11-55cebeeb54,2026-05-03T06:55:54.464Z,80.957,0,190.77,1980,34,29,,,,
powertraces-pt200array_pt203_r1_7536312_11-55cebeeb54,2026-05-03T06:55:54.464Z,80.957,1,229.35,1980,20,12,,,,
powertraces-pt200array_pt203_r1_7536312_11-55cebeeb54,2026-05-03T06:55:54.464Z,80.957,2,219.87,1980,18,11,,,,
powertraces-pt200array_pt203_r1_7536312_11-55cebeeb54,2026-05-03T06:55:54.464Z,80.957,3,217.16,1980,25,18,,,,
powertraces-pt200array_pt203_r1_7536312_11-55cebeeb54,2026-05-03T06:55:54.564Z,81.057,0,189.4,1980,34,29,,,,
powertraces-pt200array_pt203_r1_7536312_11-55cebeeb54,2026-05-03T06:55:54.564Z,81.057,1,227.98,1980,48,38,,,,
powertraces-pt200array_pt203_r1_7536312_11-55cebeeb54,2026-05-03T06:55:54.564Z,81.057,2,225.55,1980,22,14,,,,
powertraces-pt200array_pt203_r1_7536312_11-55cebeeb54,2026-05-03T06:55:54.564Z,81.057,3,218.69,1980,25,18,,,,
powertraces-pt200array_pt203_r1_7536312_11-55cebeeb54,2026-05-03T06:55:54.665Z,81.158,0,189.49,1980,16,11,,,,
powertraces-pt200array_pt203_r1_7536312_11-55cebeeb54,2026-05-03T06:55:54.665Z,81.158,1,227.8,1980,48,38,,,,
powertraces-pt200array_pt203_r1_7536312_11-55cebeeb54,2026-05-03T06:55:54.665Z,81.158,2,226.9,1980,22,14,,,,
powertraces-pt200array_pt203_r1_7536312_11-55cebeeb54,2026-05-03T06:55:54.665Z,81.158,3,222.06,1980,16,10,,,,
powertraces-pt200array_pt203_r1_7536312_11-55cebeeb54,2026-05-03T06:55:54.765Z,81.258,0,188.07,1980,16,11,,,,
powertraces-pt200array_pt203_r1_7536312_11-55cebeeb54,2026-05-03T06:55:54.765Z,81.258,1,227.5,1980,15,10,,,,
powertraces-pt200array_pt203_r1_7536312_11-55cebeeb54,2026-05-03T06:55:54.765Z,81.258,2,226.05,1980,20,12,,,,
powertraces-pt200array_pt203_r1_7536312_11-55cebeeb54,2026-05-03T06:55:54.765Z,81.258,3,221.74,1980,16,10,,,,
powertraces-pt200array_pt203_r1_7536312_11-55cebeeb54,2026-05-03T06:55:54.865Z,81.358,0,189.08,1980,10,7,,,,
powertraces-pt200array_pt203_r1_7536312_11-55cebeeb54,2026-05-03T06:55:54.865Z,81.358,1,229.48,1980,15,10,,,,
powertraces-pt200array_pt203_r1_7536312_11-55cebeeb54,2026-05-03T06:55:54.865Z,81.358,2,226.19,1980,20,12,,,,
powertraces-pt200array_pt203_r1_7536312_11-55cebeeb54,2026-05-03T06:55:54.865Z,81.358,3,221.14,1980,15,10,,,,
powertraces-pt200array_pt203_r1_7536312_11-55cebeeb54,2026-05-03T06:55:54.965Z,81.458,0,190.12,1980,10,7,,,,
powertraces-pt200array_pt203_r1_7536312_11-55cebeeb54,2026-05-03T06:55:54.965Z,81.458,1,225.71,1980,21,14,,,,
powertraces-pt200array_pt203_r1_7536312_11-55cebeeb54,2026-05-03T06:55:54.965Z,81.458,2,224.14,1980,20,12,,,,
powertraces-pt200array_pt203_r1_7536312_11-55cebeeb54,2026-05-03T06:55:54.965Z,81.458,3,223.38,1980,15,10,,,,
powertraces-pt200array_pt203_r1_7536312_11-55cebeeb54,2026-05-03T06:55:55.065Z,81.558,0,191.03,1980,11,7,,,,
powertraces-pt200array_pt203_r1_7536312_11-55cebeeb54,2026-05-03T06:55:55.065Z,81.558,1,228.07,1980,21,14,,,,
powertraces-pt200array_pt203_r1_7536312_11-55cebeeb54,2026-05-03T06:55:55.065Z,81.558,2,223.51,1980,20,12,,,,
powertraces-pt200array_pt203_r1_7536312_11-55cebeeb54,2026-05-03T06:55:55.065Z,81.558,3,218.7,1980,20,13,,,,
powertraces-pt200array_pt203_r1_7536312_11-55cebeeb54,2026-05-03T06:55:55.166Z,81.659,0,191.96,1980,11,7,,,,
powertraces-pt200array_pt203_r1_7536312_11-55cebeeb54,2026-05-03T06:55:55.166Z,81.659,1,230.38,1980,26,16,,,,
powertraces-pt200array_pt203_r1_7536312_11-55cebeeb54,2026-05-03T06:55:55.166Z,81.659,2,223.3,1980,15,10,,,,
powertraces-pt200array_pt203_r1_7536312_11-55cebeeb54,2026-05-03T06:55:55.166Z,81.659,3,224.64,1980,20,13,,,,
powertraces-pt200array_pt203_r1_7536312_11-55cebeeb54,2026-05-03T06:55:55.266Z,81.759,0,191.37,1980,14,9,,,,
powertraces-pt200array_pt203_r1_7536312_11-55cebeeb54,2026-05-03T06:55:55.266Z,81.759,1,228.45,1980,26,16,,,,
powertraces-pt200array_pt203_r1_7536312_11-55cebeeb54,2026-05-03T06:55:55.266Z,81.759,2,227.29,1980,15,10,,,,
powertraces-pt200array_pt203_r1_7536312_11-55cebeeb54,2026-05-03T06:55:55.266Z,81.759,3,223.28,1980,30,20,,,,
powertraces-pt200array_pt203_r1_7536312_11-55cebeeb54,2026-05-03T06:55:55.366Z,81.859,0,187.23,1980,14,9,,,,
powertraces-pt200array_pt203_r1_7536312_11-55cebeeb54,2026-05-03T06:55:55.366Z,81.859,1,230.6,1980,27,18,,,,
powertraces-pt200array_pt203_r1_7536312_11-55cebeeb54,2026-05-03T06:55:55.366Z,81.859,2,223.96,1980,27,18,,,,
powertraces-pt200array_pt203_r1_7536312_11-55cebeeb54,2026-05-03T06:55:55.366Z,81.859,3,221.55,1980,30,20,,,,
powertraces-pt200array_pt203_r1_7536312_11-55cebeeb54,2026-05-03T06:55:55.466Z,81.959,0,183.53,1980,20,13,,,,
powertraces-pt200array_pt203_r1_7536312_11-55cebeeb54,2026-05-03T06:55:55.466Z,81.959,1,219.93,1980,27,18,,,,
powertraces-pt200array_pt203_r1_7536312_11-55cebeeb54,2026-05-03T06:55:55.466Z,81.959,2,224.08,1980,27,18,,,,
powertraces-pt200array_pt203_r1_7536312_11-55cebeeb54,2026-05-03T06:55:55.466Z,81.959,3,221.57,1980,26,17,,,,
powertraces-pt200array_pt203_r1_7536312_11-55cebeeb54,2026-05-03T06:55:55.566Z,82.059,0,183.54,1980,20,13,,,,
powertraces-pt200array_pt203_r1_7536312_11-55cebeeb54,2026-05-03T06:55:55.566Z,82.059,1,222.46,1980,30,22,,,,
powertraces-pt200array_pt203_r1_7536312_11-55cebeeb54,2026-05-03T06:55:55.566Z,82.059,2,219.92,1980,26,18,,,,
powertraces-pt200array_pt203_r1_7536312_11-55cebeeb54,2026-05-03T06:55:55.566Z,82.059,3,214.75,1980,26,17,,,,
powertraces-pt200array_pt203_r1_7536312_11-55cebeeb54,2026-05-03T06:55:55.666Z,82.159,0,190.68,1980,36,29,,,,
powertraces-pt200array_pt203_r1_7536312_11-55cebeeb54,2026-05-03T06:55:55.667Z,82.16,1,227.53,1980,30,22,,,,
powertraces-pt200array_pt203_r1_7536312_11-55cebeeb54,2026-05-03T06:55:55.667Z,82.16,2,224.42,1980,26,18,,,,
powertraces-pt200array_pt203_r1_7536312_11-55cebeeb54,2026-05-03T06:55:55.667Z,82.16,3,221.51,1980,34,27,,,,
powertraces-pt200array_pt203_r1_7536312_11-55cebeeb54,2026-05-03T06:55:55.767Z,82.26,0,194.37,1980,36,29,,,,
powertraces-pt200array_pt203_r1_7536312_11-55cebeeb54,2026-05-03T06:55:55.767Z,82.26,1,227.14,1980,37,27,,,,
powertraces-pt200array_pt203_r1_7536312_11-55cebeeb54,2026-05-03T06:55:55.767Z,82.26,2,223.61,1980,47,38,,,,
powertraces-pt200array_pt203_r1_7536312_11-55cebeeb54,2026-05-03T06:55:55.767Z,82.26,3,224.07,1980,34,27,,,,
powertraces-pt200array_pt203_r1_7536312_11-55cebeeb54,2026-05-03T06:55:55.867Z,82.36,0,194.16,1980,12,7,,,,
powertraces-pt200array_pt203_r1_7536312_11-55cebeeb54,2026-05-03T06:55:55.867Z,82.36,1,228.16,1980,37,27,,,,
powertraces-pt200array_pt203_r1_7536312_11-55cebeeb54,2026-05-03T06:55:55.867Z,82.36,2,225.72,1980,47,38,,,,
powertraces-pt200array_pt203_r1_7536312_11-55cebeeb54,2026-05-03T06:55:55.867Z,82.36,3,222.11,1980,27,19,,,,
powertraces-pt200array_pt203_r1_7536312_11-55cebeeb54,2026-05-03T06:55:55.967Z,82.46,0,193.92,1980,12,7,,,,
powertraces-pt200array_pt203_r1_7536312_11-55cebeeb54,2026-05-03T06:55:55.967Z,82.46,1,228.13,1980,27,18,,,,
powertraces-pt200array_pt203_r1_7536312_11-55cebeeb54,2026-05-03T06:55:55.967Z,82.46,2,226.54,1980,23,15,,,,
powertraces-pt200array_pt203_r1_7536312_11-55cebeeb54,2026-05-03T06:55:55.967Z,82.46,3,224.06,1980,27,19,,,,
powertraces-pt200array_pt203_r1_7536312_11-55cebeeb54,2026-05-03T06:55:56.067Z,82.56,0,194.03,1980,21,13,,,,
powertraces-pt200array_pt203_r1_7536312_11-55cebeeb54,2026-05-03T06:55:56.067Z,82.56,1,227.26,1980,27,18,,,,
powertraces-pt200array_pt203_r1_7536312_11-55cebeeb54,2026-05-03T06:55:56.067Z,82.56,2,227.24,1980,23,15,,,,
powertraces-pt200array_pt203_r1_7536312_11-55cebeeb54,2026-05-03T06:55:56.067Z,82.56,3,225.25,1980,30,20,,,,
powertraces-pt200array_pt203_r1_7536312_11-55cebeeb54,2026-05-03T06:55:56.167Z,82.66,0,189.74,1980,21,13,,,,
powertraces-pt200array_pt203_r1_7536312_11-55cebeeb54,2026-05-03T06:55:56.167Z,82.66,1,226.13,1980,27,18,,,,
powertraces-pt200array_pt203_r1_7536312_11-55cebeeb54,2026-05-03T06:55:56.167Z,82.66,2,228.3,1980,26,18,,,,
powertraces-pt200array_pt203_r1_7536312_11-55cebeeb54,2026-05-03T06:55:56.167Z,82.66,3,224.13,1980,30,20,,,,
powertraces-pt200array_pt203_r1_7536312_11-55cebeeb54,2026-05-03T06:55:56.268Z,82.761,0,192.31,1980,19,13,,,,
powertraces-pt200array_pt203_r1_7536312_11-55cebeeb54,2026-05-03T06:55:56.268Z,82.761,1,225.56,1980,27,18,,,,
powertraces-pt200array_pt203_r1_7536312_11-55cebeeb54,2026-05-03T06:55:56.268Z,82.761,2,226.49,1980,26,18,,,,
powertraces-pt200array_pt203_r1_7536312_11-55cebeeb54,2026-05-03T06:55:56.268Z,82.761,3,225.28,1980,18,11,,,,
powertraces-pt200array_pt203_r1_7536312_11-55cebeeb54,2026-05-03T06:55:56.368Z,82.861,0,194.9,1980,19,13,,,,
powertraces-pt200array_pt203_r1_7536312_11-55cebeeb54,2026-05-03T06:55:56.368Z,82.861,1,228.34,1980,27,18,,,,
powertraces-pt200array_pt203_r1_7536312_11-55cebeeb54,2026-05-03T06:55:56.368Z,82.861,2,229.02,1980,22,14,,,,
powertraces-pt200array_pt203_r1_7536312_11-55cebeeb54,2026-05-03T06:55:56.368Z,82.861,3,225.31,1980,18,11,,,,
powertraces-pt200array_pt203_r1_7536312_11-55cebeeb54,2026-05-03T06:55:56.468Z,82.961,0,191.83,1980,10,7,,,,
powertraces-pt200array_pt203_r1_7536312_11-55cebeeb54,2026-05-03T06:55:56.468Z,82.961,1,228.25,1980,27,18,,,,
powertraces-pt200array_pt203_r1_7536312_11-55cebeeb54,2026-05-03T06:55:56.468Z,82.961,2,227.51,1980,22,14,,,,
powertraces-pt200array_pt203_r1_7536312_11-55cebeeb54,2026-05-03T06:55:56.468Z,82.961,3,225.87,1980,15,10,,,,
powertraces-pt200array_pt203_r1_7536312_11-55cebeeb54,2026-05-03T06:55:56.568Z,83.061,0,191.19,1980,10,7,,,,
powertraces-pt200array_pt203_r1_7536312_11-55cebeeb54,2026-05-03T06:55:56.568Z,83.061,1,226.87,1980,27,18,,,,
powertraces-pt200array_pt203_r1_7536312_11-55cebeeb54,2026-05-03T06:55:56.568Z,83.061,2,227.38,1980,20,12,,,,
powertraces-pt200array_pt203_r1_7536312_11-55cebeeb54,2026-05-03T06:55:56.568Z,83.061,3,223.9,1980,15,10,,,,
powertraces-pt200array_pt203_r1_7536312_11-55cebeeb54,2026-05-03T06:55:56.668Z,83.161,0,183.07,1980,11,7,,,,
powertraces-pt200array_pt203_r1_7536312_11-55cebeeb54,2026-05-03T06:55:56.668Z,83.161,1,221.66,1980,27,18,,,,
powertraces-pt200array_pt203_r1_7536312_11-55cebeeb54,2026-05-03T06:55:56.668Z,83.161,2,223.29,1980,20,12,,,,
powertraces-pt200array_pt203_r1_7536312_11-55cebeeb54,2026-05-03T06:55:56.668Z,83.161,3,217.03,1980,15,10,,,,
powertraces-pt200array_pt203_r1_7536312_11-55cebeeb54,2026-05-03T06:55:56.768Z,83.261,0,183.91,1980,11,7,,,,
powertraces-pt200array_pt203_r1_7536312_11-55cebeeb54,2026-05-03T06:55:56.769Z,83.262,1,227.86,1980,20,12,,,,
powertraces-pt200array_pt203_r1_7536312_11-55cebeeb54,2026-05-03T06:55:56.769Z,83.262,2,222.01,1980,17,10,,,,
powertraces-pt200array_pt203_r1_7536312_11-55cebeeb54,2026-05-03T06:55:56.769Z,83.262,3,216.63,1980,15,10,,,,
powertraces-pt200array_pt203_r1_7536312_11-55cebeeb54,2026-05-03T06:55:56.869Z,83.362,0,188.27,1980,34,26,,,,
powertraces-pt200array_pt203_r1_7536312_11-55cebeeb54,2026-05-03T06:55:56.869Z,83.362,1,227.05,1980,20,12,,,,
powertraces-pt200array_pt203_r1_7536312_11-55cebeeb54,2026-05-03T06:55:56.869Z,83.362,2,229.49,1980,17,10,,,,
powertraces-pt200array_pt203_r1_7536312_11-55cebeeb54,2026-05-03T06:55:56.869Z,83.362,3,223.29,1980,45,38,,,,
powertraces-pt200array_pt203_r1_7536312_11-55cebeeb54,2026-05-03T06:55:56.969Z,83.462,0,187.13,1980,34,26,,,,
powertraces-pt200array_pt203_r1_7536312_11-55cebeeb54,2026-05-03T06:55:56.969Z,83.462,1,228.54,1980,28,18,,,,
powertraces-pt200array_pt203_r1_7536312_11-55cebeeb54,2026-05-03T06:55:56.969Z,83.462,2,230.47,1980,44,36,,,,
powertraces-pt200array_pt203_r1_7536312_11-55cebeeb54,2026-05-03T06:55:56.969Z,83.462,3,219.51,1980,45,38,,,,
powertraces-pt200array_pt203_r1_7536312_11-55cebeeb54,2026-05-03T06:55:57.069Z,83.562,0,187.71,1980,13,8,,,,
powertraces-pt200array_pt203_r1_7536312_11-55cebeeb54,2026-05-03T06:55:57.069Z,83.562,1,228.13,1980,28,18,,,,
powertraces-pt200array_pt203_r1_7536312_11-55cebeeb54,2026-05-03T06:55:57.069Z,83.562,2,231.38,1980,44,36,,,,
powertraces-pt200array_pt203_r1_7536312_11-55cebeeb54,2026-05-03T06:55:57.069Z,83.562,3,222.71,1980,15,10,,,,
powertraces-pt200array_pt203_r1_7536312_11-55cebeeb54,2026-05-03T06:55:57.169Z,83.662,0,189.3,1980,13,8,,,,
powertraces-pt200array_pt203_r1_7536312_11-55cebeeb54,2026-05-03T06:55:57.169Z,83.662,1,228.26,1980,17,10,,,,
powertraces-pt200array_pt203_r1_7536312_11-55cebeeb54,2026-05-03T06:55:57.169Z,83.662,2,230.3,1980,20,12,,,,
powertraces-pt200array_pt203_r1_7536312_11-55cebeeb54,2026-05-03T06:55:57.169Z,83.662,3,221.55,1980,15,10,,,,
powertraces-pt200array_pt203_r1_7536312_11-55cebeeb54,2026-05-03T06:55:57.269Z,83.762,0,187.85,1980,11,7,,,,
powertraces-pt200array_pt203_r1_7536312_11-55cebeeb54,2026-05-03T06:55:57.27Z,83.763,1,230.97,1980,17,10,,,,
powertraces-pt200array_pt203_r1_7536312_11-55cebeeb54,2026-05-03T06:55:57.27Z,83.763,2,231.56,1980,20,12,,,,
powertraces-pt200array_pt203_r1_7536312_11-55cebeeb54,2026-05-03T06:55:57.27Z,83.763,3,220.19,1980,15,10,,,,
powertraces-pt200array_pt203_r1_7536312_11-55cebeeb54,2026-05-03T06:55:57.37Z,83.863,0,187.46,1980,11,7,,,,
powertraces-pt200array_pt203_r1_7536312_11-55cebeeb54,2026-05-03T06:55:57.37Z,83.863,1,226.7,1980,18,11,,,,
powertraces-pt200array_pt203_r1_7536312_11-55cebeeb54,2026-05-03T06:55:57.37Z,83.863,2,228.33,1980,19,11,,,,
powertraces-pt200array_pt203_r1_7536312_11-55cebeeb54,2026-05-03T06:55:57.37Z,83.863,3,223.11,1980,15,10,,,,
powertraces-pt200array_pt203_r1_7536312_11-55cebeeb54,2026-05-03T06:55:57.47Z,83.963,0,187.84,1980,11,7,,,,
powertraces-pt200array_pt203_r1_7536312_11-55cebeeb54,2026-05-03T06:55:57.47Z,83.963,1,228.05,1980,18,11,,,,
powertraces-pt200array_pt203_r1_7536312_11-55cebeeb54,2026-05-03T06:55:57.47Z,83.963,2,229.82,1980,19,11,,,,
powertraces-pt200array_pt203_r1_7536312_11-55cebeeb54,2026-05-03T06:55:57.47Z,83.963,3,221.8,1980,23,16,,,,
powertraces-pt200array_pt203_r1_7536312_11-55cebeeb54,2026-05-03T06:55:57.57Z,84.063,0,188.03,1980,11,7,,,,
powertraces-pt200array_pt203_r1_7536312_11-55cebeeb54,2026-05-03T06:55:57.57Z,84.063,1,228.02,1980,16,10,,,,
powertraces-pt200array_pt203_r1_7536312_11-55cebeeb54,2026-05-03T06:55:57.57Z,84.063,2,229.82,1980,17,11,,,,
powertraces-pt200array_pt203_r1_7536312_11-55cebeeb54,2026-05-03T06:55:57.57Z,84.063,3,223.42,1980,23,16,,,,
powertraces-pt200array_pt203_r1_7536312_11-55cebeeb54,2026-05-03T06:55:57.67Z,84.163,0,188.85,1980,18,11,,,,
powertraces-pt200array_pt203_r1_7536312_11-55cebeeb54,2026-05-03T06:55:57.67Z,84.163,1,226.67,1980,16,10,,,,
powertraces-pt200array_pt203_r1_7536312_11-55cebeeb54,2026-05-03T06:55:57.67Z,84.163,2,229.8,1980,17,11,,,,
powertraces-pt200array_pt203_r1_7536312_11-55cebeeb54,2026-05-03T06:55:57.67Z,84.163,3,222.45,1980,30,20,,,,
powertraces-pt200array_pt203_r1_7536312_11-55cebeeb54,2026-05-03T06:55:57.77Z,84.263,0,188.72,1980,18,11,,,,
powertraces-pt200array_pt203_r1_7536312_11-55cebeeb54,2026-05-03T06:55:57.77Z,84.263,1,222.8,1980,20,12,,,,
powertraces-pt200array_pt203_r1_7536312_11-55cebeeb54,2026-05-03T06:55:57.77Z,84.263,2,229.4,1980,26,18,,,,
powertraces-pt200array_pt203_r1_7536312_11-55cebeeb54,2026-05-03T06:55:57.77Z,84.263,3,220.43,1980,30,20,,,,
powertraces-pt200array_pt203_r1_7536312_11-55cebeeb54,2026-05-03T06:55:57.871Z,84.364,0,184.8,1980,20,13,,,,
powertraces-pt200array_pt203_r1_7536312_11-55cebeeb54,2026-05-03T06:55:57.871Z,84.364,1,219.42,1980,20,12,,,,
powertraces-pt200array_pt203_r1_7536312_11-55cebeeb54,2026-05-03T06:55:57.871Z,84.364,2,220.72,1980,26,18,,,,
powertraces-pt200array_pt203_r1_7536312_11-55cebeeb54,2026-05-03T06:55:57.871Z,84.364,3,215.89,1980,24,16,,,,
powertraces-pt200array_pt203_r1_7536312_11-55cebeeb54,2026-05-03T06:55:57.971Z,84.464,0,191.76,1980,20,13,,,,
powertraces-pt200array_pt203_r1_7536312_11-55cebeeb54,2026-05-03T06:55:57.971Z,84.464,1,228.36,1980,46,38,,,,
powertraces-pt200array_pt203_r1_7536312_11-55cebeeb54,2026-05-03T06:55:57.971Z,84.464,2,220.7,1980,26,17,,,,
powertraces-pt200array_pt203_r1_7536312_11-55cebeeb54,2026-05-03T06:55:57.971Z,84.464,3,218.3,1980,24,16,,,,
powertraces-pt200array_pt203_r1_7536312_11-55cebeeb54,2026-05-03T06:55:58.071Z,84.564,0,191.2,1980,9,4,,,,
powertraces-pt200array_pt203_r1_7536312_11-55cebeeb54,2026-05-03T06:55:58.071Z,84.564,1,228.59,1980,46,38,,,,
powertraces-pt200array_pt203_r1_7536312_11-55cebeeb54,2026-05-03T06:55:58.071Z,84.564,2,225.69,1980,26,17,,,,
powertraces-pt200array_pt203_r1_7536312_11-55cebeeb54,2026-05-03T06:55:58.071Z,84.564,3,219.36,1980,44,35,,,,
powertraces-pt200array_pt203_r1_7536312_11-55cebeeb54,2026-05-03T06:55:58.171Z,84.664,0,190.19,1980,9,4,,,,
powertraces-pt200array_pt203_r1_7536312_11-55cebeeb54,2026-05-03T06:55:58.171Z,84.664,1,229.19,1980,16,10,,,,
powertraces-pt200array_pt203_r1_7536312_11-55cebeeb54,2026-05-03T06:55:58.171Z,84.664,2,225.93,1980,39,31,,,,
powertraces-pt200array_pt203_r1_7536312_11-55cebeeb54,2026-05-03T06:55:58.171Z,84.664,3,223.99,1980,44,35,,,,
powertraces-pt200array_pt203_r1_7536312_11-55cebeeb54,2026-05-03T06:55:58.271Z,84.764,0,188.34,1980,13,8,,,,
powertraces-pt200array_pt203_r1_7536312_11-55cebeeb54,2026-05-03T06:55:58.271Z,84.764,1,227.53,1980,16,10,,,,
powertraces-pt200array_pt203_r1_7536312_11-55cebeeb54,2026-05-03T06:55:58.271Z,84.764,2,226.85,1980,39,31,,,,
powertraces-pt200array_pt203_r1_7536312_11-55cebeeb54,2026-05-03T06:55:58.271Z,84.764,3,221.77,1980,29,20,,,,
powertraces-pt200array_pt203_r1_7536312_11-55cebeeb54,2026-05-03T06:55:58.372Z,84.865,0,187.54,1980,13,8,,,,
powertraces-pt200array_pt203_r1_7536312_11-55cebeeb54,2026-05-03T06:55:58.372Z,84.865,1,228.8,1980,20,12,,,,
powertraces-pt200array_pt203_r1_7536312_11-55cebeeb54,2026-05-03T06:55:58.372Z,84.865,2,224.69,1980,27,18,,,,
powertraces-pt200array_pt203_r1_7536312_11-55cebeeb54,2026-05-03T06:55:58.372Z,84.865,3,221.24,1980,29,20,,,,
powertraces-pt200array_pt203_r1_7536312_11-55cebeeb54,2026-05-03T06:55:58.472Z,84.965,0,190.8,1980,20,13,,,,
powertraces-pt200array_pt203_r1_7536312_11-55cebeeb54,2026-05-03T06:55:58.472Z,84.965,1,225.01,1980,20,12,,,,
powertraces-pt200array_pt203_r1_7536312_11-55cebeeb54,2026-05-03T06:55:58.472Z,84.965,2,224.93,1980,27,18,,,,
powertraces-pt200array_pt203_r1_7536312_11-55cebeeb54,2026-05-03T06:55:58.472Z,84.965,3,224.25,1980,28,18,,,,
powertraces-pt200array_pt203_r1_7536312_11-55cebeeb54,2026-05-03T06:55:58.572Z,85.065,0,190.77,1980,20,13,,,,
powertraces-pt200array_pt203_r1_7536312_11-55cebeeb54,2026-05-03T06:55:58.572Z,85.065,1,226.95,1980,22,13,,,,
powertraces-pt200array_pt203_r1_7536312_11-55cebeeb54,2026-05-03T06:55:58.572Z,85.065,2,225.59,1980,26,18,,,,
powertraces-pt200array_pt203_r1_7536312_11-55cebeeb54,2026-05-03T06:55:58.572Z,85.065,3,219.99,1980,28,18,,,,
powertraces-pt200array_pt203_r1_7536312_11-55cebeeb54,2026-05-03T06:55:58.672Z,85.165,0,192.13,1980,18,12,,,,
powertraces-pt200array_pt203_r1_7536312_11-55cebeeb54,2026-05-03T06:55:58.672Z,85.165,1,229.69,1980,22,13,,,,
powertraces-pt200array_pt203_r1_7536312_11-55cebeeb54,2026-05-03T06:55:58.672Z,85.165,2,227.21,1980,26,18,,,,
powertraces-pt200array_pt203_r1_7536312_11-55cebeeb54,2026-05-03T06:55:58.672Z,85.165,3,223.44,1980,17,11,,,,
powertraces-pt200array_pt203_r1_7536312_11-55cebeeb54,2026-05-03T06:55:58.772Z,85.265,0,192.3,1980,18,12,,,,
powertraces-pt200array_pt203_r1_7536312_11-55cebeeb54,2026-05-03T06:55:58.772Z,85.265,1,227.97,1980,27,18,,,,
powertraces-pt200array_pt203_r1_7536312_11-55cebeeb54,2026-05-03T06:55:58.772Z,85.265,2,227.23,1980,20,12,,,,
powertraces-pt200array_pt203_r1_7536312_11-55cebeeb54,2026-05-03T06:55:58.772Z,85.265,3,223.79,1980,17,11,,,,
powertraces-pt200array_pt203_r1_7536312_11-55cebeeb54,2026-05-03T06:55:58.873Z,85.366,0,190.58,1980,10,7,,,,
powertraces-pt200array_pt203_r1_7536312_11-55cebeeb54,2026-05-03T06:55:58.873Z,85.366,1,228.35,1980,27,18,,,,
powertraces-pt200array_pt203_r1_7536312_11-55cebeeb54,2026-05-03T06:55:58.873Z,85.366,2,226.21,1980,20,12,,,,
powertraces-pt200array_pt203_r1_7536312_11-55cebeeb54,2026-05-03T06:55:58.873Z,85.366,3,224.2,1980,15,10,,,,
powertraces-pt200array_pt203_r1_7536312_11-55cebeeb54,2026-05-03T06:55:58.973Z,85.466,0,188.28,1980,10,7,,,,
powertraces-pt200array_pt203_r1_7536312_11-55cebeeb54,2026-05-03T06:55:58.973Z,85.466,1,217.95,1980,24,16,,,,
powertraces-pt200array_pt203_r1_7536312_11-55cebeeb54,2026-05-03T06:55:58.973Z,85.466,2,226.18,1980,20,12,,,,
powertraces-pt200array_pt203_r1_7536312_11-55cebeeb54,2026-05-03T06:55:58.973Z,85.466,3,223.51,1980,15,10,,,,
powertraces-pt200array_pt203_r1_7536312_11-55cebeeb54,2026-05-03T06:55:59.073Z,85.566,0,184.93,1980,11,7,,,,
powertraces-pt200array_pt203_r1_7536312_11-55cebeeb54,2026-05-03T06:55:59.073Z,85.566,1,221.82,1980,24,16,,,,
powertraces-pt200array_pt203_r1_7536312_11-55cebeeb54,2026-05-03T06:55:59.073Z,85.566,2,219.8,1980,20,12,,,,
powertraces-pt200array_pt203_r1_7536312_11-55cebeeb54,2026-05-03T06:55:59.073Z,85.566,3,215.66,1980,17,11,,,,
powertraces-pt200array_pt203_r1_7536312_11-55cebeeb54,2026-05-03T06:55:59.173Z,85.666,0,193.31,1980,11,7,,,,
powertraces-pt200array_pt203_r1_7536312_11-55cebeeb54,2026-05-03T06:55:59.173Z,85.666,1,226.98,1980,35,24,,,,
powertraces-pt200array_pt203_r1_7536312_11-55cebeeb54,2026-05-03T06:55:59.173Z,85.666,2,226.16,1980,15,10,,,,
powertraces-pt200array_pt203_r1_7536312_11-55cebeeb54,2026-05-03T06:55:59.173Z,85.666,3,220.32,1980,17,11,,,,
powertraces-pt200array_pt203_r1_7536312_11-55cebeeb54,2026-05-03T06:55:59.273Z,85.766,0,194.63,1980,17,10,,,,
powertraces-pt200array_pt203_r1_7536312_11-55cebeeb54,2026-05-03T06:55:59.273Z,85.766,1,227.02,1980,35,24,,,,
powertraces-pt200array_pt203_r1_7536312_11-55cebeeb54,2026-05-03T06:55:59.273Z,85.766,2,225.68,1980,15,10,,,,
powertraces-pt200array_pt203_r1_7536312_11-55cebeeb54,2026-05-03T06:55:59.273Z,85.766,3,224.59,1980,27,18,,,,
powertraces-pt200array_pt203_r1_7536312_11-55cebeeb54,2026-05-03T06:55:59.373Z,85.866,0,193.89,1980,17,10,,,,
powertraces-pt200array_pt203_r1_7536312_11-55cebeeb54,2026-05-03T06:55:59.373Z,85.866,1,228.27,1980,29,19,,,,
powertraces-pt200array_pt203_r1_7536312_11-55cebeeb54,2026-05-03T06:55:59.373Z,85.866,2,227.72,1980,23,12,,,,
powertraces-pt200array_pt203_r1_7536312_11-55cebeeb54,2026-05-03T06:55:59.374Z,85.867,3,223.0,1980,27,18,,,,
powertraces-pt200array_pt203_r1_7536312_11-55cebeeb54,2026-05-03T06:55:59.474Z,85.967,0,193.62,1980,12,8,,,,
powertraces-pt200array_pt203_r1_7536312_11-55cebeeb54,2026-05-03T06:55:59.474Z,85.967,1,228.3,1980,29,19,,,,
powertraces-pt200array_pt203_r1_7536312_11-55cebeeb54,2026-05-03T06:55:59.474Z,85.967,2,225.44,1980,23,12,,,,
powertraces-pt200array_pt203_r1_7536312_11-55cebeeb54,2026-05-03T06:55:59.474Z,85.967,3,222.53,1980,16,10,,,,
powertraces-pt200array_pt203_r1_7536312_11-55cebeeb54,2026-05-03T06:55:59.574Z,86.067,0,194.36,1980,12,8,,,,
powertraces-pt200array_pt203_r1_7536312_11-55cebeeb54,2026-05-03T06:55:59.574Z,86.067,1,227.9,1980,27,18,,,,
powertraces-pt200array_pt203_r1_7536312_11-55cebeeb54,2026-05-03T06:55:59.574Z,86.067,2,226.19,1980,20,12,,,,
powertraces-pt200array_pt203_r1_7536312_11-55cebeeb54,2026-05-03T06:55:59.574Z,86.067,3,220.75,1980,16,10,,,,
powertraces-pt200array_pt203_r1_7536312_11-55cebeeb54,2026-05-03T06:55:59.674Z,86.167,0,190.85,1980,11,7,,,,
powertraces-pt200array_pt203_r1_7536312_11-55cebeeb54,2026-05-03T06:55:59.674Z,86.167,1,227.34,1980,27,18,,,,
powertraces-pt200array_pt203_r1_7536312_11-55cebeeb54,2026-05-03T06:55:59.674Z,86.167,2,225.53,1980,20,12,,,,
powertraces-pt200array_pt203_r1_7536312_11-55cebeeb54,2026-05-03T06:55:59.674Z,86.167,3,219.4,1980,15,10,,,,
powertraces-pt200array_pt203_r1_7536312_11-55cebeeb54,2026-05-03T06:55:59.774Z,86.267,0,190.32,1980,11,7,,,,
powertraces-pt200array_pt203_r1_7536312_11-55cebeeb54,2026-05-03T06:55:59.774Z,86.267,1,226.46,1980,17,11,,,,
powertraces-pt200array_pt203_r1_7536312_11-55cebeeb54,2026-05-03T06:55:59.774Z,86.267,2,221.94,1980,19,11,,,,
powertraces-pt200array_pt203_r1_7536312_11-55cebeeb54,2026-05-03T06:55:59.774Z,86.267,3,221.49,1980,15,10,,,,
powertraces-pt200array_pt203_r1_7536312_11-55cebeeb54,2026-05-03T06:55:59.874Z,86.367,0,189.81,1980,11,7,,,,
powertraces-pt200array_pt203_r1_7536312_11-55cebeeb54,2026-05-03T06:55:59.874Z,86.367,1,227.42,1980,17,11,,,,
powertraces-pt200array_pt203_r1_7536312_11-55cebeeb54,2026-05-03T06:55:59.875Z,86.368,2,225.8,1980,19,11,,,,
powertraces-pt200array_pt203_r1_7536312_11-55cebeeb54,2026-05-03T06:55:59.875Z,86.368,3,220.61,1980,24,17,,,,
powertraces-pt200array_pt203_r1_7536312_11-55cebeeb54,2026-05-03T06:55:59.975Z,86.468,0,190.11,1980,11,7,,,,
powertraces-pt200array_pt203_r1_7536312_11-55cebeeb54,2026-05-03T06:55:59.975Z,86.468,1,227.44,1980,17,10,,,,
powertraces-pt200array_pt203_r1_7536312_11-55cebeeb54,2026-05-03T06:55:59.975Z,86.468,2,224.77,1980,17,11,,,,
powertraces-pt200array_pt203_r1_7536312_11-55cebeeb54,2026-05-03T06:55:59.975Z,86.468,3,220.85,1980,24,17,,,,
powertraces-pt200array_pt203_r1_7536312_11-55cebeeb54,2026-05-03T06:56:00.075Z,86.568,0,191.37,1980,18,12,,,,
powertraces-pt200array_pt203_r1_7536312_11-55cebeeb54,2026-05-03T06:56:00.075Z,86.568,1,226.79,1980,17,10,,,,
powertraces-pt200array_pt203_r1_7536312_11-55cebeeb54,2026-05-03T06:56:00.075Z,86.568,2,225.58,1980,17,11,,,,
powertraces-pt200array_pt203_r1_7536312_11-55cebeeb54,2026-05-03T06:56:00.075Z,86.568,3,220.43,1980,30,20,,,,
powertraces-pt200array_pt203_r1_7536312_11-55cebeeb54,2026-05-03T06:56:00.175Z,86.668,0,182.94,1980,18,12,,,,
powertraces-pt200array_pt203_r1_7536312_11-55cebeeb54,2026-05-03T06:56:00.175Z,86.668,1,221.76,1980,20,12,,,,
powertraces-pt200array_pt203_r1_7536312_11-55cebeeb54,2026-05-03T06:56:00.175Z,86.668,2,219.65,1980,26,18,,,,
powertraces-pt200array_pt203_r1_7536312_11-55cebeeb54,2026-05-03T06:56:00.175Z,86.668,3,214.68,1980,30,20,,,,
powertraces-pt200array_pt203_r1_7536312_11-55cebeeb54,2026-05-03T06:56:00.275Z,86.768,0,184.91,1980,22,16,,,,
powertraces-pt200array_pt203_r1_7536312_11-55cebeeb54,2026-05-03T06:56:00.275Z,86.768,1,226.37,1980,20,12,,,,
powertraces-pt200array_pt203_r1_7536312_11-55cebeeb54,2026-05-03T06:56:00.275Z,86.768,2,220.79,1980,26,18,,,,
powertraces-pt200array_pt203_r1_7536312_11-55cebeeb54,2026-05-03T06:56:00.275Z,86.768,3,212.77,1980,22,15,,,,
powertraces-pt200array_pt203_r1_7536312_11-55cebeeb54,2026-05-03T06:56:00.375Z,86.868,0,191.29,1980,22,16,,,,
powertraces-pt200array_pt203_r1_7536312_11-55cebeeb54,2026-05-03T06:56:00.375Z,86.868,1,226.15,1980,18,10,,,,
powertraces-pt200array_pt203_r1_7536312_11-55cebeeb54,2026-05-03T06:56:00.375Z,86.868,2,227.1,1980,25,16,,,,
powertraces-pt200array_pt203_r1_7536312_11-55cebeeb54,2026-05-03T06:56:00.375Z,86.868,3,221.37,1980,22,15,,,,
powertraces-pt200array_pt203_r1_7536312_11-55cebeeb54,2026-05-03T06:56:00.476Z,86.969,0,193.05,1980,11,7,,,,
powertraces-pt200array_pt203_r1_7536312_11-55cebeeb54,2026-05-03T06:56:00.476Z,86.969,1,226.73,1980,18,10,,,,
powertraces-pt200array_pt203_r1_7536312_11-55cebeeb54,2026-05-03T06:56:00.476Z,86.969,2,228.96,1980,25,16,,,,
powertraces-pt200array_pt203_r1_7536312_11-55cebeeb54,2026-05-03T06:56:00.476Z,86.969,3,219.28,1980,24,15,,,,
powertraces-pt200array_pt203_r1_7536312_11-55cebeeb54,2026-05-03T06:56:00.576Z,87.069,0,193.03,1980,11,7,,,,
powertraces-pt200array_pt203_r1_7536312_11-55cebeeb54,2026-05-03T06:56:00.576Z,87.069,1,227.4,1980,16,10,,,,
powertraces-pt200array_pt203_r1_7536312_11-55cebeeb54,2026-05-03T06:56:00.576Z,87.069,2,227.69,1980,18,11,,,,
powertraces-pt200array_pt203_r1_7536312_11-55cebeeb54,2026-05-03T06:56:00.576Z,87.069,3,222.3,1980,24,15,,,,
powertraces-pt200array_pt203_r1_7536312_11-55cebeeb54,2026-05-03T06:56:00.676Z,87.169,0,192.52,1980,13,8,,,,
powertraces-pt200array_pt203_r1_7536312_11-55cebeeb54,2026-05-03T06:56:00.676Z,87.169,1,226.4,1980,16,10,,,,
powertraces-pt200array_pt203_r1_7536312_11-55cebeeb54,2026-05-03T06:56:00.676Z,87.169,2,229.64,1980,18,11,,,,
powertraces-pt200array_pt203_r1_7536312_11-55cebeeb54,2026-05-03T06:56:00.676Z,87.169,3,219.89,1980,30,20,,,,
powertraces-pt200array_pt203_r1_7536312_11-55cebeeb54,2026-05-03T06:56:00.776Z,87.269,0,193.47,1980,13,8,,,,
powertraces-pt200array_pt203_r1_7536312_11-55cebeeb54,2026-05-03T06:56:00.776Z,87.269,1,228.24,1980,20,12,,,,
powertraces-pt200array_pt203_r1_7536312_11-55cebeeb54,2026-05-03T06:56:00.776Z,87.269,2,229.58,1980,27,18,,,,
powertraces-pt200array_pt203_r1_7536312_11-55cebeeb54,2026-05-03T06:56:00.776Z,87.269,3,219.81,1980,30,20,,,,
powertraces-pt200array_pt203_r1_7536312_11-55cebeeb54,2026-05-03T06:56:00.876Z,87.369,0,194.67,1980,20,13,,,,
powertraces-pt200array_pt203_r1_7536312_11-55cebeeb54,2026-05-03T06:56:00.876Z,87.369,1,223.9,1980,20,12,,,,
powertraces-pt200array_pt203_r1_7536312_11-55cebeeb54,2026-05-03T06:56:00.876Z,87.369,2,228.31,1980,27,18,,,,
powertraces-pt200array_pt203_r1_7536312_11-55cebeeb54,2026-05-03T06:56:00.876Z,87.369,3,220.13,1980,28,19,,,,
powertraces-pt200array_pt203_r1_7536312_11-55cebeeb54,2026-05-03T06:56:00.976Z,87.469,0,193.49,1980,20,13,,,,
powertraces-pt200array_pt203_r1_7536312_11-55cebeeb54,2026-05-03T06:56:00.977Z,87.47,1,225.69,1980,24,14,,,,
powertraces-pt200array_pt203_r1_7536312_11-55cebeeb54,2026-05-03T06:56:00.977Z,87.47,2,228.32,1980,27,18,,,,
powertraces-pt200array_pt203_r1_7536312_11-55cebeeb54,2026-05-03T06:56:00.977Z,87.47,3,219.95,1980,28,19,,,,
powertraces-pt200array_pt203_r1_7536312_11-55cebeeb54,2026-05-03T06:56:01.077Z,87.57,0,192.42,1980,18,12,,,,
powertraces-pt200array_pt203_r1_7536312_11-55cebeeb54,2026-05-03T06:56:01.077Z,87.57,1,227.04,1980,24,14,,,,
powertraces-pt200array_pt203_r1_7536312_11-55cebeeb54,2026-05-03T06:56:01.077Z,87.57,2,228.38,1980,27,18,,,,
powertraces-pt200array_pt203_r1_7536312_11-55cebeeb54,2026-05-03T06:56:01.077Z,87.57,3,221.2,1980,17,11,,,,
powertraces-pt200array_pt203_r1_7536312_11-55cebeeb54,2026-05-03T06:56:01.177Z,87.67,0,191.57,1980,18,12,,,,
powertraces-pt200array_pt203_r1_7536312_11-55cebeeb54,2026-05-03T06:56:01.177Z,87.67,1,224.38,1980,27,18,,,,
powertraces-pt200array_pt203_r1_7536312_11-55cebeeb54,2026-05-03T06:56:01.177Z,87.67,2,225.3,1980,20,12,,,,
powertraces-pt200array_pt203_r1_7536312_11-55cebeeb54,2026-05-03T06:56:01.177Z,87.67,3,220.32,1980,17,11,,,,
powertraces-pt200array_pt203_r1_7536312_11-55cebeeb54,2026-05-03T06:56:01.277Z,87.77,0,191.28,1980,10,7,,,,
powertraces-pt200array_pt203_r1_7536312_11-55cebeeb54,2026-05-03T06:56:01.277Z,87.77,1,219.43,1980,27,18,,,,
powertraces-pt200array_pt203_r1_7536312_11-55cebeeb54,2026-05-03T06:56:01.277Z,87.77,2,225.3,1980,20,12,,,,
powertraces-pt200array_pt203_r1_7536312_11-55cebeeb54,2026-05-03T06:56:01.277Z,87.77,3,220.3,1980,15,10,,,,
powertraces-pt200array_pt203_r1_7536312_11-55cebeeb54,2026-05-03T06:56:01.377Z,87.87,0,185.07,1980,10,7,,,,
powertraces-pt200array_pt203_r1_7536312_11-55cebeeb54,2026-05-03T06:56:01.377Z,87.87,1,218.62,1980,21,14,,,,
powertraces-pt200array_pt203_r1_7536312_11-55cebeeb54,2026-05-03T06:56:01.377Z,87.87,2,217.18,1980,20,12,,,,
powertraces-pt200array_pt203_r1_7536312_11-55cebeeb54,2026-05-03T06:56:01.377Z,87.87,3,213.86,1980,15,10,,,,
powertraces-pt200array_pt203_r1_7536312_11-55cebeeb54,2026-05-03T06:56:01.477Z,87.97,0,190.29,1980,36,29,,,,
powertraces-pt200array_pt203_r1_7536312_11-55cebeeb54,2026-05-03T06:56:01.477Z,87.97,1,225.78,1980,21,14,,,,
powertraces-pt200array_pt203_r1_7536312_11-55cebeeb54,2026-05-03T06:56:01.478Z,87.971,2,227.21,1980,23,15,,,,
powertraces-pt200array_pt203_r1_7536312_11-55cebeeb54,2026-05-03T06:56:01.478Z,87.971,3,217.8,1980,20,13,,,,
powertraces-pt200array_pt203_r1_7536312_11-55cebeeb54,2026-05-03T06:56:01.578Z,88.071,0,187.25,1980,36,29,,,,
powertraces-pt200array_pt203_r1_7536312_11-55cebeeb54,2026-05-03T06:56:01.578Z,88.071,1,226.2,1980,22,13,,,,
powertraces-pt200array_pt203_r1_7536312_11-55cebeeb54,2026-05-03T06:56:01.578Z,88.071,2,226.96,1980,23,15,,,,
powertraces-pt200array_pt203_r1_7536312_11-55cebeeb54,2026-05-03T06:56:01.578Z,88.071,3,216.94,1980,20,13,,,,
powertraces-pt200array_pt203_r1_7536312_11-55cebeeb54,2026-05-03T06:56:01.678Z,88.171,0,188.78,1980,19,13,,,,
powertraces-pt200array_pt203_r1_7536312_11-55cebeeb54,2026-05-03T06:56:01.678Z,88.171,1,227.35,1980,22,13,,,,
powertraces-pt200array_pt203_r1_7536312_11-55cebeeb54,2026-05-03T06:56:01.678Z,88.171,2,228.59,1980,22,14,,,,
powertraces-pt200array_pt203_r1_7536312_11-55cebeeb54,2026-05-03T06:56:01.678Z,88.171,3,220.88,1980,18,11,,,,
powertraces-pt200array_pt203_r1_7536312_11-55cebeeb54,2026-05-03T06:56:01.778Z,88.271,0,189.6,1980,19,13,,,,
powertraces-pt200array_pt203_r1_7536312_11-55cebeeb54,2026-05-03T06:56:01.778Z,88.271,1,228.65,1980,27,18,,,,
powertraces-pt200array_pt203_r1_7536312_11-55cebeeb54,2026-05-03T06:56:01.778Z,88.271,2,227.57,1980,22,14,,,,
powertraces-pt200array_pt203_r1_7536312_11-55cebeeb54,2026-05-03T06:56:01.778Z,88.271,3,221.78,1980,18,11,,,,
powertraces-pt200array_pt203_r1_7536312_11-55cebeeb54,2026-05-03T06:56:01.878Z,88.371,0,188.41,1980,10,7,,,,
powertraces-pt200array_pt203_r1_7536312_11-55cebeeb54,2026-05-03T06:56:01.878Z,88.371,1,228.93,1980,27,18,,,,
powertraces-pt200array_pt203_r1_7536312_11-55cebeeb54,2026-05-03T06:56:01.878Z,88.371,2,227.34,1980,20,12,,,,
powertraces-pt200array_pt203_r1_7536312_11-55cebeeb54,2026-05-03T06:56:01.878Z,88.371,3,222.3,1980,15,10,,,,
powertraces-pt200array_pt203_r1_7536312_11-55cebeeb54,2026-05-03T06:56:01.978Z,88.471,0,189.58,1980,10,7,,,,
powertraces-pt200array_pt203_r1_7536312_11-55cebeeb54,2026-05-03T06:56:01.978Z,88.471,1,227.32,1980,27,18,,,,
powertraces-pt200array_pt203_r1_7536312_11-55cebeeb54,2026-05-03T06:56:01.978Z,88.471,2,229.03,1980,20,12,,,,
powertraces-pt200array_pt203_r1_7536312_11-55cebeeb54,2026-05-03T06:56:01.978Z,88.471,3,221.8,1980,15,10,,,,
powertraces-pt200array_pt203_r1_7536312_11-55cebeeb54,2026-05-03T06:56:02.079Z,88.572,0,188.45,1980,11,7,,,,
powertraces-pt200array_pt203_r1_7536312_11-55cebeeb54,2026-05-03T06:56:02.079Z,88.572,1,227.63,1980,27,18,,,,
powertraces-pt200array_pt203_r1_7536312_11-55cebeeb54,2026-05-03T06:56:02.079Z,88.572,2,226.17,1980,17,10,,,,
powertraces-pt200array_pt203_r1_7536312_11-55cebeeb54,2026-05-03T06:56:02.079Z,88.572,3,219.67,1980,15,10,,,,
powertraces-pt200array_pt203_r1_7536312_11-55cebeeb54,2026-05-03T06:56:02.179Z,88.672,0,188.38,1980,11,7,,,,
powertraces-pt200array_pt203_r1_7536312_11-55cebeeb54,2026-05-03T06:56:02.179Z,88.672,1,227.92,1980,16,10,,,,
powertraces-pt200array_pt203_r1_7536312_11-55cebeeb54,2026-05-03T06:56:02.179Z,88.672,2,228.69,1980,17,10,,,,
powertraces-pt200array_pt203_r1_7536312_11-55cebeeb54,2026-05-03T06:56:02.179Z,88.672,3,220.46,1980,15,10,,,,
powertraces-pt200array_pt203_r1_7536312_11-55cebeeb54,2026-05-03T06:56:02.279Z,88.772,0,189.24,1980,11,7,,,,
powertraces-pt200array_pt203_r1_7536312_11-55cebeeb54,2026-05-03T06:56:02.279Z,88.772,1,229.03,1980,16,10,,,,
powertraces-pt200array_pt203_r1_7536312_11-55cebeeb54,2026-05-03T06:56:02.279Z,88.772,2,228.13,1980,22,14,,,,
powertraces-pt200array_pt203_r1_7536312_11-55cebeeb54,2026-05-03T06:56:02.279Z,88.772,3,220.86,1980,27,19,,,,
powertraces-pt200array_pt203_r1_7536312_11-55cebeeb54,2026-05-03T06:56:02.379Z,88.872,0,190.23,1980,11,7,,,,
powertraces-pt200array_pt203_r1_7536312_11-55cebeeb54,2026-05-03T06:56:02.379Z,88.872,1,229.64,1980,19,11,,,,
powertraces-pt200array_pt203_r1_7536312_11-55cebeeb54,2026-05-03T06:56:02.379Z,88.872,2,229.58,1980,22,14,,,,
powertraces-pt200array_pt203_r1_7536312_11-55cebeeb54,2026-05-03T06:56:02.379Z,88.872,3,221.59,1980,27,19,,,,
powertraces-pt200array_pt203_r1_7536312_11-55cebeeb54,2026-05-03T06:56:02.479Z,88.972,0,184.44,1980,21,13,,,,
powertraces-pt200array_pt203_r1_7536312_11-55cebeeb54,2026-05-03T06:56:02.479Z,88.972,1,221.3,1980,19,11,,,,
powertraces-pt200array_pt203_r1_7536312_11-55cebeeb54,2026-05-03T06:56:02.479Z,88.972,2,220.58,1980,26,18,,,,
powertraces-pt200array_pt203_r1_7536312_11-55cebeeb54,2026-05-03T06:56:02.479Z,88.972,3,221.24,1980,30,20,,,,
powertraces-pt200array_pt203_r1_7536312_11-55cebeeb54,2026-05-03T06:56:02.579Z,89.072,0,183.24,1980,21,13,,,,
powertraces-pt200array_pt203_r1_7536312_11-55cebeeb54,2026-05-03T06:56:02.58Z,89.073,1,221.43,1980,33,26,,,,
powertraces-pt200array_pt203_r1_7536312_11-55cebeeb54,2026-05-03T06:56:02.58Z,89.073,2,227.48,1980,26,18,,,,
powertraces-pt200array_pt203_r1_7536312_11-55cebeeb54,2026-05-03T06:56:02.58Z,89.073,3,214.39,1980,30,20,,,,
powertraces-pt200array_pt203_r1_7536312_11-55cebeeb54,2026-05-03T06:56:02.68Z,89.173,0,189.06,1980,33,28,,,,
powertraces-pt200array_pt203_r1_7536312_11-55cebeeb54,2026-05-03T06:56:02.68Z,89.173,1,220.28,1980,33,26,,,,
powertraces-pt200array_pt203_r1_7536312_11-55cebeeb54,2026-05-03T06:56:02.68Z,89.173,2,219.62,1980,46,38,,,,
powertraces-pt200array_pt203_r1_7536312_11-55cebeeb54,2026-05-03T06:56:02.68Z,89.173,3,218.03,1980,40,32,,,,
powertraces-pt200array_pt203_r1_7536312_11-55cebeeb54,2026-05-03T06:56:02.78Z,89.273,0,180.4,1980,33,28,,,,
powertraces-pt200array_pt203_r1_7536312_11-55cebeeb54,2026-05-03T06:56:02.78Z,89.273,1,208.65,1980,0,0,,,,
powertraces-pt200array_pt203_r1_7536312_11-55cebeeb54,2026-05-03T06:56:02.78Z,89.273,2,208.86,1980,46,38,,,,
powertraces-pt200array_pt203_r1_7536312_11-55cebeeb54,2026-05-03T06:56:02.78Z,89.273,3,209.72,1980,40,32,,,,
powertraces-pt200array_pt203_r1_7536312_11-55cebeeb54,2026-05-03T06:56:02.88Z,89.373,0,174.72,1980,0,0,,,,
powertraces-pt200array_pt203_r1_7536312_11-55cebeeb54,2026-05-03T06:56:02.88Z,89.373,1,198.74,1980,0,0,,,,
powertraces-pt200array_pt203_r1_7536312_11-55cebeeb54,2026-05-03T06:56:02.88Z,89.373,2,198.05,1980,0,0,,,,
powertraces-pt200array_pt203_r1_7536312_11-55cebeeb54,2026-05-03T06:56:02.88Z,89.373,3,200.95,1980,0,0,,,,
powertraces-pt200array_pt203_r1_7536312_11-55cebeeb54,2026-05-03T06:56:02.98Z,89.473,0,166.52,1980,0,0,,,,
powertraces-pt200array_pt203_r1_7536312_11-55cebeeb54,2026-05-03T06:56:02.98Z,89.473,1,189.57,1980,0,0,,,,
powertraces-pt200array_pt203_r1_7536312_11-55cebeeb54,2026-05-03T06:56:02.98Z,89.473,2,187.54,1980,0,0,,,,
powertraces-pt200array_pt203_r1_7536312_11-55cebeeb54,2026-05-03T06:56:02.98Z,89.473,3,188.43,1980,0,0,,,,
powertraces-pt200array_pt203_r1_7536312_11-55cebeeb54,2026-05-03T06:56:03.08Z,89.573,0,161.65,1980,0,0,,,,
powertraces-pt200array_pt203_r1_7536312_11-55cebeeb54,2026-05-03T06:56:03.08Z,89.573,1,177.92,1980,0,0,,,,
powertraces-pt200array_pt203_r1_7536312_11-55cebeeb54,2026-05-03T06:56:03.081Z,89.574,2,179.27,1980,0,0,,,,
powertraces-pt200array_pt203_r1_7536312_11-55cebeeb54,2026-05-03T06:56:03.081Z,89.574,3,179.63,1980,0,0,,,,
powertraces-pt200array_pt203_r1_7536312_11-55cebeeb54,2026-05-03T06:56:03.181Z,89.674,0,155.36,1980,0,0,,,,
powertraces-pt200array_pt203_r1_7536312_11-55cebeeb54,2026-05-03T06:56:03.181Z,89.674,1,167.92,1980,0,0,,,,
powertraces-pt200array_pt203_r1_7536312_11-55cebeeb54,2026-05-03T06:56:03.181Z,89.674,2,168.3,1980,0,0,,,,
powertraces-pt200array_pt203_r1_7536312_11-55cebeeb54,2026-05-03T06:56:03.181Z,89.674,3,168.22,1980,0,0,,,,
powertraces-pt200array_pt203_r1_7536312_11-55cebeeb54,2026-05-03T06:56:03.281Z,89.774,0,146.59,1980,0,0,,,,
powertraces-pt200array_pt203_r1_7536312_11-55cebeeb54,2026-05-03T06:56:03.281Z,89.774,1,159.51,1980,0,0,,,,
powertraces-pt200array_pt203_r1_7536312_11-55cebeeb54,2026-05-03T06:56:03.281Z,89.774,2,157.24,1980,0,0,,,,
powertraces-pt200array_pt203_r1_7536312_11-55cebeeb54,2026-05-03T06:56:03.281Z,89.774,3,159.08,1980,0,0,,,,
powertraces-pt200array_pt203_r1_7536312_11-55cebeeb54,2026-05-03T06:56:03.381Z,89.874,0,139.3,1980,0,0,,,,
powertraces-pt200array_pt203_r1_7536312_11-55cebeeb54,2026-05-03T06:56:03.381Z,89.874,1,146.2,1980,0,0,,,,
powertraces-pt200array_pt203_r1_7536312_11-55cebeeb54,2026-05-03T06:56:03.381Z,89.874,2,147.66,1980,0,0,,,,
powertraces-pt200array_pt203_r1_7536312_11-55cebeeb54,2026-05-03T06:56:03.381Z,89.874,3,151.32,1980,0,0,,,,
powertraces-pt200array_pt203_r1_7536312_11-55cebeeb54,2026-05-03T06:56:03.481Z,89.974,0,130.37,1980,0,0,,,,
powertraces-pt200array_pt203_r1_7536312_11-55cebeeb54,2026-05-03T06:56:03.481Z,89.974,1,136.57,1980,0,0,,,,
powertraces-pt200array_pt203_r1_7536312_11-55cebeeb54,2026-05-03T06:56:03.481Z,89.974,2,134.39,1980,0,0,,,,
powertraces-pt200array_pt203_r1_7536312_11-55cebeeb54,2026-05-03T06:56:03.481Z,89.974,3,138.68,1980,0,0,,,,
powertraces-pt200array_pt203_r1_7536312_11-55cebeeb54,2026-05-03T06:56:03.581Z,90.074,0,124.91,1980,0,0,,,,
powertraces-pt200array_pt203_r1_7536312_11-55cebeeb54,2026-05-03T06:56:03.581Z,90.074,1,124.23,1980,0,0,,,,
powertraces-pt200array_pt203_r1_7536312_11-55cebeeb54,2026-05-03T06:56:03.581Z,90.074,2,117.99,1980,0,0,,,,
powertraces-pt200array_pt203_r1_7536312_11-55cebeeb54,2026-05-03T06:56:03.581Z,90.074,3,129.77,1980,0,0,,,,
powertraces-pt200array_pt203_r1_7536312_11-55cebeeb54,2026-05-03T06:56:03.682Z,90.175,0,111.85,1980,0,0,,,,
powertraces-pt200array_pt203_r1_7536312_11-55cebeeb54,2026-05-03T06:56:03.682Z,90.175,1,114.05,1980,0,0,,,,
powertraces-pt200array_pt203_r1_7536312_11-55cebeeb54,2026-05-03T06:56:03.682Z,90.175,2,115.11,1980,0,0,,,,
powertraces-pt200array_pt203_r1_7536312_11-55cebeeb54,2026-05-03T06:56:03.682Z,90.175,3,113.27,1980,0,0,,,,
powertraces-pt200array_pt203_r1_7536312_11-55cebeeb54,2026-05-03T06:56:03.782Z,90.275,0,111.72,1980,0,0,,,,
powertraces-pt200array_pt203_r1_7536312_11-55cebeeb54,2026-05-03T06:56:03.782Z,90.275,1,114.0,1980,0,0,,,,
powertraces-pt200array_pt203_r1_7536312_11-55cebeeb54,2026-05-03T06:56:03.782Z,90.275,2,115.04,1980,0,0,,,,
powertraces-pt200array_pt203_r1_7536312_11-55cebeeb54,2026-05-03T06:56:03.782Z,90.275,3,112.69,1980,0,0,,,,
powertraces-pt200array_pt203_r1_7536312_11-55cebeeb54,2026-05-03T06:56:03.882Z,90.375,0,111.64,1980,0,0,,,,
powertraces-pt200array_pt203_r1_7536312_11-55cebeeb54,2026-05-03T06:56:03.882Z,90.375,1,113.88,1980,0,0,,,,
powertraces-pt200array_pt203_r1_7536312_11-55cebeeb54,2026-05-03T06:56:03.882Z,90.375,2,114.93,1980,0,0,,,,
powertraces-pt200array_pt203_r1_7536312_11-55cebeeb54,2026-05-03T06:56:03.882Z,90.375,3,112.61,1980,0,0,,,,
powertraces-pt200array_pt203_r1_7536312_11-55cebeeb54,2026-05-03T06:56:03.982Z,90.475,0,111.58,1980,0,0,,,,
powertraces-pt200array_pt203_r1_7536312_11-55cebeeb54,2026-05-03T06:56:03.982Z,90.475,1,113.79,1980,0,0,,,,
powertraces-pt200array_pt203_r1_7536312_11-55cebeeb54,2026-05-03T06:56:03.982Z,90.475,2,114.87,1980,0,0,,,,
powertraces-pt200array_pt203_r1_7536312_11-55cebeeb54,2026-05-03T06:56:03.982Z,90.475,3,112.52,1980,0,0,,,,
powertraces-pt200array_pt203_r1_7536312_11-55cebeeb54,2026-05-03T06:56:04.082Z,90.575,0,111.52,1980,0,0,,,,
powertraces-pt200array_pt203_r1_7536312_11-55cebeeb54,2026-05-03T06:56:04.082Z,90.575,1,113.75,1980,0,0,,,,
powertraces-pt200array_pt203_r1_7536312_11-55cebeeb54,2026-05-03T06:56:04.082Z,90.575,2,114.84,1980,0,0,,,,
powertraces-pt200array_pt203_r1_7536312_11-55cebeeb54,2026-05-03T06:56:04.082Z,90.575,3,112.45,1980,0,0,,,,
powertraces-pt200array_pt203_r1_7536312_11-55cebeeb54,2026-05-03T06:56:04.183Z,90.676,0,111.49,1980,0,0,,,,
powertraces-pt200array_pt203_r1_7536312_11-55cebeeb54,2026-05-03T06:56:04.183Z,90.676,1,113.66,1980,0,0,,,,
powertraces-pt200array_pt203_r1_7536312_11-55cebeeb54,2026-05-03T06:56:04.183Z,90.676,2,114.8,1980,0,0,,,,
powertraces-pt200array_pt203_r1_7536312_11-55cebeeb54,2026-05-03T06:56:04.183Z,90.676,3,112.39,1980,0,0,,,,
powertraces-pt200array_pt203_r1_7536312_11-55cebeeb54,2026-05-03T06:56:04.283Z,90.776,0,111.48,1980,0,0,,,,
powertraces-pt200array_pt203_r1_7536312_11-55cebeeb54,2026-05-03T06:56:04.283Z,90.776,1,113.68,1980,0,0,,,,
powertraces-pt200array_pt203_r1_7536312_11-55cebeeb54,2026-05-03T06:56:04.283Z,90.776,2,114.77,1980,0,0,,,,
powertraces-pt200array_pt203_r1_7536312_11-55cebeeb54,2026-05-03T06:56:04.283Z,90.776,3,112.35,1980,0,0,,,,
powertraces-pt200array_pt203_r1_7536312_11-55cebeeb54,2026-05-03T06:56:04.383Z,90.876,0,111.44,1980,0,0,,,,
powertraces-pt200array_pt203_r1_7536312_11-55cebeeb54,2026-05-03T06:56:04.383Z,90.876,1,113.58,1980,0,0,,,,
powertraces-pt200array_pt203_r1_7536312_11-55cebeeb54,2026-05-03T06:56:04.383Z,90.876,2,114.77,1980,0,0,,,,
powertraces-pt200array_pt203_r1_7536312_11-55cebeeb54,2026-05-03T06:56:04.383Z,90.876,3,112.36,1980,0,0,,,,
powertraces-pt200array_pt203_r1_7536312_11-55cebeeb54,2026-05-03T06:56:04.483Z,90.976,0,111.44,1980,0,0,,,,
powertraces-pt200array_pt203_r1_7536312_11-55cebeeb54,2026-05-03T06:56:04.483Z,90.976,1,113.59,1980,0,0,,,,
powertraces-pt200array_pt203_r1_7536312_11-55cebeeb54,2026-05-03T06:56:04.483Z,90.976,2,114.73,1980,0,0,,,,
powertraces-pt200array_pt203_r1_7536312_11-55cebeeb54,2026-05-03T06:56:04.483Z,90.976,3,112.33,1980,0,0,,,,
powertraces-pt200array_pt203_r1_7536312_11-55cebeeb54,2026-05-03T06:56:04.583Z,91.076,0,111.4,1980,0,0,,,,
powertraces-pt200array_pt203_r1_7536312_11-55cebeeb54,2026-05-03T06:56:04.583Z,91.076,1,113.54,1980,0,0,,,,
powertraces-pt200array_pt203_r1_7536312_11-55cebeeb54,2026-05-03T06:56:04.583Z,91.076,2,114.67,1980,0,0,,,,
powertraces-pt200array_pt203_r1_7536312_11-55cebeeb54,2026-05-03T06:56:04.583Z,91.076,3,112.31,1980,0,0,,,,
powertraces-pt200array_pt203_r1_7536312_11-55cebeeb54,2026-05-03T06:56:04.683Z,91.176,0,111.37,1980,0,0,,,,
powertraces-pt200array_pt203_r1_7536312_11-55cebeeb54,2026-05-03T06:56:04.684Z,91.177,1,113.52,1980,0,0,,,,
powertraces-pt200array_pt203_r1_7536312_11-55cebeeb54,2026-05-03T06:56:04.684Z,91.177,2,114.61,1980,0,0,,,,
powertraces-pt200array_pt203_r1_7536312_11-55cebeeb54,2026-05-03T06:56:04.684Z,91.177,3,112.29,1980,0,0,,,,
powertraces-pt200array_pt203_r1_7536312_11-55cebeeb54,2026-05-03T06:56:04.784Z,91.277,0,111.33,1980,0,0,,,,
powertraces-pt200array_pt203_r1_7536312_11-55cebeeb54,2026-05-03T06:56:04.784Z,91.277,1,113.41,1980,0,0,,,,
powertraces-pt200array_pt203_r1_7536312_11-55cebeeb54,2026-05-03T06:56:04.784Z,91.277,2,114.58,1980,0,0,,,,
powertraces-pt200array_pt203_r1_7536312_11-55cebeeb54,2026-05-03T06:56:04.784Z,91.277,3,112.29,1980,0,0,,,,
powertraces-pt200array_pt203_r1_7536312_11-55cebeeb54,2026-05-03T06:56:04.884Z,91.377,0,111.34,1980,0,0,,,,
powertraces-pt200array_pt203_r1_7536312_11-55cebeeb54,2026-05-03T06:56:04.884Z,91.377,1,113.41,1980,0,0,,,,
powertraces-pt200array_pt203_r1_7536312_11-55cebeeb54,2026-05-03T06:56:04.884Z,91.377,2,114.54,1980,0,0,,,,
powertraces-pt200array_pt203_r1_7536312_11-55cebeeb54,2026-05-03T06:56:04.884Z,91.377,3,112.26,1980,0,0,,,,
powertraces-pt200array_pt203_r1_7536312_11-55cebeeb54,2026-05-03T06:56:04.984Z,91.477,0,111.31,1980,0,0,,,,
powertraces-pt200array_pt203_r1_7536312_11-55cebeeb54,2026-05-03T06:56:04.984Z,91.477,1,113.4,1980,0,0,,,,
powertraces-pt200array_pt203_r1_7536312_11-55cebeeb54,2026-05-03T06:56:04.984Z,91.477,2,114.57,1980,0,0,,,,
powertraces-pt200array_pt203_r1_7536312_11-55cebeeb54,2026-05-03T06:56:04.984Z,91.477,3,112.23,1980,0,0,,,,
powertraces-pt200array_pt203_r1_7536312_11-55cebeeb54,2026-05-03T06:56:05.084Z,91.577,0,111.31,1980,0,0,,,,
powertraces-pt200array_pt203_r1_7536312_11-55cebeeb54,2026-05-03T06:56:05.084Z,91.577,1,113.4,1980,0,0,,,,
powertraces-pt200array_pt203_r1_7536312_11-55cebeeb54,2026-05-03T06:56:05.084Z,91.577,2,114.53,1980,0,0,,,,
powertraces-pt200array_pt203_r1_7536312_11-55cebeeb54,2026-05-03T06:56:05.084Z,91.577,3,112.25,1980,0,0,,,,
powertraces-pt200array_pt203_r1_7536312_11-55cebeeb54,2026-05-03T06:56:05.184Z,91.677,0,111.3,1980,0,0,,,,
powertraces-pt200array_pt203_r1_7536312_11-55cebeeb54,2026-05-03T06:56:05.184Z,91.677,1,113.42,1980,0,0,,,,
powertraces-pt200array_pt203_r1_7536312_11-55cebeeb54,2026-05-03T06:56:05.184Z,91.677,2,114.51,1980,0,0,,,,
powertraces-pt200array_pt203_r1_7536312_11-55cebeeb54,2026-05-03T06:56:05.184Z,91.677,3,112.19,1980,0,0,,,,
powertraces-pt200array_pt203_r1_7536312_11-55cebeeb54,2026-05-03T06:56:05.285Z,91.778,0,111.27,1980,0,0,,,,
powertraces-pt200array_pt203_r1_7536312_11-55cebeeb54,2026-05-03T06:56:05.285Z,91.778,1,113.43,1980,0,0,,,,
powertraces-pt200array_pt203_r1_7536312_11-55cebeeb54,2026-05-03T06:56:05.285Z,91.778,2,114.47,1980,0,0,,,,
powertraces-pt200array_pt203_r1_7536312_11-55cebeeb54,2026-05-03T06:56:05.285Z,91.778,3,112.16,1980,0,0,,,,
powertraces-pt200array_pt203_r1_7536312_11-55cebeeb54,2026-05-03T06:56:05.385Z,91.878,0,111.26,1980,0,0,,,,
powertraces-pt200array_pt203_r1_7536312_11-55cebeeb54,2026-05-03T06:56:05.385Z,91.878,1,113.46,1980,0,0,,,,
powertraces-pt200array_pt203_r1_7536312_11-55cebeeb54,2026-05-03T06:56:05.385Z,91.878,2,114.47,1980,0,0,,,,
powertraces-pt200array_pt203_r1_7536312_11-55cebeeb54,2026-05-03T06:56:05.385Z,91.878,3,112.08,1980,0,0,,,,
powertraces-pt200array_pt203_r1_7536312_11-55cebeeb54,2026-05-03T06:56:05.485Z,91.978,0,111.28,1980,0,0,,,,
powertraces-pt200array_pt203_r1_7536312_11-55cebeeb54,2026-05-03T06:56:05.485Z,91.978,1,113.4,1980,0,0,,,,
powertraces-pt200array_pt203_r1_7536312_11-55cebeeb54,2026-05-03T06:56:05.485Z,91.978,2,114.46,1980,0,0,,,,
powertraces-pt200array_pt203_r1_7536312_11-55cebeeb54,2026-05-03T06:56:05.485Z,91.978,3,112.07,1980,0,0,,,,
powertraces-pt200array_pt203_r1_7536312_11-55cebeeb54,2026-05-03T06:56:05.585Z,92.078,0,111.26,1980,0,0,,,,
powertraces-pt200array_pt203_r1_7536312_11-55cebeeb54,2026-05-03T06:56:05.585Z,92.078,1,113.39,1980,0,0,,,,
powertraces-pt200array_pt203_r1_7536312_11-55cebeeb54,2026-05-03T06:56:05.585Z,92.078,2,114.47,1980,0,0,,,,
powertraces-pt200array_pt203_r1_7536312_11-55cebeeb54,2026-05-03T06:56:05.585Z,92.078,3,112.04,1980,0,0,,,,
powertraces-pt200array_pt203_r1_7536312_11-55cebeeb54,2026-05-03T06:56:05.685Z,92.178,0,111.27,1980,0,0,,,,
powertraces-pt200array_pt203_r1_7536312_11-55cebeeb54,2026-05-03T06:56:05.685Z,92.178,1,113.33,1980,0,0,,,,
powertraces-pt200array_pt203_r1_7536312_11-55cebeeb54,2026-05-03T06:56:05.685Z,92.178,2,114.47,1980,0,0,,,,
powertraces-pt200array_pt203_r1_7536312_11-55cebeeb54,2026-05-03T06:56:05.685Z,92.178,3,112.06,1980,0,0,,,,
powertraces-pt200array_pt203_r1_7536312_11-55cebeeb54,2026-05-03T06:56:05.786Z,92.279,0,111.25,1980,0,0,,,,
powertraces-pt200array_pt203_r1_7536312_11-55cebeeb54,2026-05-03T06:56:05.786Z,92.279,1,113.31,1980,0,0,,,,
powertraces-pt200array_pt203_r1_7536312_11-55cebeeb54,2026-05-03T06:56:05.786Z,92.279,2,114.46,1980,0,0,,,,
powertraces-pt200array_pt203_r1_7536312_11-55cebeeb54,2026-05-03T06:56:05.786Z,92.279,3,112.06,1980,0,0,,,,
powertraces-pt200array_pt203_r1_7536312_11-55cebeeb54,2026-05-03T06:56:05.886Z,92.379,0,111.26,1980,0,0,,,,
powertraces-pt200array_pt203_r1_7536312_11-55cebeeb54,2026-05-03T06:56:05.886Z,92.379,1,113.31,1980,0,0,,,,
powertraces-pt200array_pt203_r1_7536312_11-55cebeeb54,2026-05-03T06:56:05.886Z,92.379,2,114.41,1980,0,0,,,,
powertraces-pt200array_pt203_r1_7536312_11-55cebeeb54,2026-05-03T06:56:05.886Z,92.379,3,111.99,1980,0,0,,,,
powertraces-pt200array_pt203_r1_7536312_11-55cebeeb54,2026-05-03T06:56:05.986Z,92.479,0,111.23,1980,0,0,,,,
powertraces-pt200array_pt203_r1_7536312_11-55cebeeb54,2026-05-03T06:56:05.986Z,92.479,1,113.26,1980,0,0,,,,
powertraces-pt200array_pt203_r1_7536312_11-55cebeeb54,2026-05-03T06:56:05.986Z,92.479,2,114.39,1980,0,0,,,,
powertraces-pt200array_pt203_r1_7536312_11-55cebeeb54,2026-05-03T06:56:05.986Z,92.479,3,111.98,1980,0,0,,,,
powertraces-pt200array_pt203_r1_7536312_11-55cebeeb54,2026-05-03T06:56:06.086Z,92.579,0,111.25,1980,0,0,,,,
powertraces-pt200array_pt203_r1_7536312_11-55cebeeb54,2026-05-03T06:56:06.086Z,92.579,1,113.2,1980,0,0,,,,
powertraces-pt200array_pt203_r1_7536312_11-55cebeeb54,2026-05-03T06:56:06.086Z,92.579,2,114.4,1980,0,0,,,,
powertraces-pt200array_pt203_r1_7536312_11-55cebeeb54,2026-05-03T06:56:06.086Z,92.579,3,111.97,1980,0,0,,,,
powertraces-pt200array_pt203_r1_7536312_11-55cebeeb54,2026-05-03T06:56:06.186Z,92.679,0,111.28,1980,0,0,,,,
powertraces-pt200array_pt203_r1_7536312_11-55cebeeb54,2026-05-03T06:56:06.186Z,92.679,1,113.22,1980,0,0,,,,
powertraces-pt200array_pt203_r1_7536312_11-55cebeeb54,2026-05-03T06:56:06.186Z,92.679,2,114.48,1980,0,0,,,,
powertraces-pt200array_pt203_r1_7536312_11-55cebeeb54,2026-05-03T06:56:06.186Z,92.679,3,111.99,1980,0,0,,,,
powertraces-pt200array_pt203_r1_7536312_11-55cebeeb54,2026-05-03T06:56:06.286Z,92.779,0,111.71,1980,3,0,,,,
powertraces-pt200array_pt203_r1_7536312_11-55cebeeb54,2026-05-03T06:56:06.287Z,92.78,1,113.62,1980,0,0,,,,
powertraces-pt200array_pt203_r1_7536312_11-55cebeeb54,2026-05-03T06:56:06.287Z,92.78,2,114.94,1980,1,0,,,,
powertraces-pt200array_pt203_r1_7536312_11-55cebeeb54,2026-05-03T06:56:06.287Z,92.78,3,112.08,1980,0,0,,,,
powertraces-pt200array_pt203_r1_7536312_11-55cebeeb54,2026-05-03T06:56:06.387Z,92.88,0,112.17,1980,3,0,,,,
powertraces-pt200array_pt203_r1_7536312_11-55cebeeb54,2026-05-03T06:56:06.387Z,92.88,1,114.03,1980,0,0,,,,
powertraces-pt200array_pt203_r1_7536312_11-55cebeeb54,2026-05-03T06:56:06.387Z,92.88,2,115.37,1980,1,0,,,,
powertraces-pt200array_pt203_r1_7536312_11-55cebeeb54,2026-05-03T06:56:06.387Z,92.88,3,112.53,1980,0,0,,,,
powertraces-pt200array_pt203_r1_7536312_11-55cebeeb54,2026-05-03T06:56:06.487Z,92.98,0,112.52,1980,0,0,,,,
powertraces-pt200array_pt203_r1_7536312_11-55cebeeb54,2026-05-03T06:56:06.487Z,92.98,1,114.52,1980,0,0,,,,
powertraces-pt200array_pt203_r1_7536312_11-55cebeeb54,2026-05-03T06:56:06.487Z,92.98,2,115.81,1980,0,0,,,,
powertraces-pt200array_pt203_r1_7536312_11-55cebeeb54,2026-05-03T06:56:06.487Z,92.98,3,112.92,1980,0,0,,,,
powertraces-pt200array_pt203_r1_7536312_11-55cebeeb54,2026-05-03T06:56:06.587Z,93.08,0,112.89,1980,0,0,,,,
powertraces-pt200array_pt203_r1_7536312_11-55cebeeb54,2026-05-03T06:56:06.587Z,93.08,1,114.98,1980,0,0,,,,
powertraces-pt200array_pt203_r1_7536312_11-55cebeeb54,2026-05-03T06:56:06.587Z,93.08,2,116.21,1980,0,0,,,,
powertraces-pt200array_pt203_r1_7536312_11-55cebeeb54,2026-05-03T06:56:06.587Z,93.08,3,113.25,1980,0,0,,,,
powertraces-pt200array_pt203_r1_7536312_11-55cebeeb54,2026-05-03T06:56:06.687Z,93.18,0,113.33,1980,0,0,,,,
powertraces-pt200array_pt203_r1_7536312_11-55cebeeb54,2026-05-03T06:56:06.687Z,93.18,1,115.36,1980,0,0,,,,
powertraces-pt200array_pt203_r1_7536312_11-55cebeeb54,2026-05-03T06:56:06.687Z,93.18,2,116.59,1980,0,0,,,,
powertraces-pt200array_pt203_r1_7536312_11-55cebeeb54,2026-05-03T06:56:06.687Z,93.18,3,113.64,1980,0,0,,,,
powertraces-pt200array_pt203_r1_7536312_11-55cebeeb54,2026-05-03T06:56:06.787Z,93.28,0,113.8,1980,0,0,,,,
powertraces-pt200array_pt203_r1_7536312_11-55cebeeb54,2026-05-03T06:56:06.788Z,93.281,1,115.81,1980,0,0,,,,
powertraces-pt200array_pt203_r1_7536312_11-55cebeeb54,2026-05-03T06:56:06.788Z,93.281,2,118.14,1980,0,0,,,,
powertraces-pt200array_pt203_r1_7536312_11-55cebeeb54,2026-05-03T06:56:06.788Z,93.281,3,114.02,1980,0,0,,,,
powertraces-pt200array_pt203_r1_7536312_11-55cebeeb54,2026-05-03T06:56:06.888Z,93.381,0,114.54,1980,10,2,,,,
powertraces-pt200array_pt203_r1_7536312_11-55cebeeb54,2026-05-03T06:56:06.888Z,93.381,1,116.3,1980,0,0,,,,
powertraces-pt200array_pt203_r1_7536312_11-55cebeeb54,2026-05-03T06:56:06.888Z,93.381,2,118.66,1980,39,6,,,,
powertraces-pt200array_pt203_r1_7536312_11-55cebeeb54,2026-05-03T06:56:06.888Z,93.381,3,115.07,1980,0,0,,,,
powertraces-pt200array_pt203_r1_7536312_11-55cebeeb54,2026-05-03T06:56:06.988Z,93.481,0,115.61,1980,10,2,,,,
powertraces-pt200array_pt203_r1_7536312_11-55cebeeb54,2026-05-03T06:56:06.988Z,93.481,1,118.05,1980,40,6,,,,
powertraces-pt200array_pt203_r1_7536312_11-55cebeeb54,2026-05-03T06:56:06.988Z,93.481,2,119.47,1980,39,6,,,,
powertraces-pt200array_pt203_r1_7536312_11-55cebeeb54,2026-05-03T06:56:06.988Z,93.481,3,116.22,1980,0,0,,,,
powertraces-pt200array_pt203_r1_7536312_11-55cebeeb54,2026-05-03T06:56:07.088Z,93.581,0,116.05,1980,0,0,,,,
powertraces-pt200array_pt203_r1_7536312_11-55cebeeb54,2026-05-03T06:56:07.088Z,93.581,1,118.66,1980,40,6,,,,
powertraces-pt200array_pt203_r1_7536312_11-55cebeeb54,2026-05-03T06:56:07.088Z,93.581,2,119.8,1980,5,1,,,,
powertraces-pt200array_pt203_r1_7536312_11-55cebeeb54,2026-05-03T06:56:07.088Z,93.581,3,116.48,1980,0,0,,,,
powertraces-pt200array_pt203_r1_7536312_11-55cebeeb54,2026-05-03T06:56:07.188Z,93.681,0,116.44,1980,0,0,,,,
powertraces-pt200array_pt203_r1_7536312_11-55cebeeb54,2026-05-03T06:56:07.188Z,93.681,1,119.02,1980,0,0,,,,
powertraces-pt200array_pt203_r1_7536312_11-55cebeeb54,2026-05-03T06:56:07.188Z,93.681,2,120.19,1980,5,1,,,,
powertraces-pt200array_pt203_r1_7536312_11-55cebeeb54,2026-05-03T06:56:07.188Z,93.681,3,116.85,1980,0,0,,,,
powertraces-pt200array_pt203_r1_7536312_11-55cebeeb54,2026-05-03T06:56:07.288Z,93.781,0,116.38,1980,0,0,,,,
powertraces-pt200array_pt203_r1_7536312_11-55cebeeb54,2026-05-03T06:56:07.289Z,93.782,1,118.98,1980,0,0,,,,
powertraces-pt200array_pt203_r1_7536312_11-55cebeeb54,2026-05-03T06:56:07.289Z,93.782,2,120.17,1980,0,0,,,,
powertraces-pt200array_pt203_r1_7536312_11-55cebeeb54,2026-05-03T06:56:07.289Z,93.782,3,117.26,1980,0,0,,,,
powertraces-pt200array_pt203_r1_7536312_11-55cebeeb54,2026-05-03T06:56:07.389Z,93.882,0,116.37,1980,0,0,,,,
powertraces-pt200array_pt203_r1_7536312_11-55cebeeb54,2026-05-03T06:56:07.389Z,93.882,1,119.0,1980,0,0,,,,
powertraces-pt200array_pt203_r1_7536312_11-55cebeeb54,2026-05-03T06:56:07.389Z,93.882,2,120.17,1980,0,0,,,,
powertraces-pt200array_pt203_r1_7536312_11-55cebeeb54,2026-05-03T06:56:07.389Z,93.882,3,117.26,1980,0,0,,,,
powertraces-pt200array_pt203_r1_7536312_11-55cebeeb54,2026-05-03T06:56:07.489Z,93.982,0,116.41,1980,0,0,,,,
powertraces-pt200array_pt203_r1_7536312_11-55cebeeb54,2026-05-03T06:56:07.489Z,93.982,1,119.0,1980,0,0,,,,
powertraces-pt200array_pt203_r1_7536312_11-55cebeeb54,2026-05-03T06:56:07.489Z,93.982,2,120.13,1980,0,0,,,,
powertraces-pt200array_pt203_r1_7536312_11-55cebeeb54,2026-05-03T06:56:07.489Z,93.982,3,117.23,1980,0,0,,,,
powertraces-pt200array_pt203_r1_7536312_11-55cebeeb54,2026-05-03T06:56:07.589Z,94.082,0,116.43,1980,0,0,,,,
powertraces-pt200array_pt203_r1_7536312_11-55cebeeb54,2026-05-03T06:56:07.589Z,94.082,1,118.9,1980,0,0,,,,
powertraces-pt200array_pt203_r1_7536312_11-55cebeeb54,2026-05-03T06:56:07.589Z,94.082,2,120.13,1980,0,0,,,,
powertraces-pt200array_pt203_r1_7536312_11-55cebeeb54,2026-05-03T06:56:07.589Z,94.082,3,117.27,1980,0,0,,,,
powertraces-pt200array_pt203_r1_7536312_11-55cebeeb54,2026-05-03T06:56:07.689Z,94.182,0,116.36,1980,0,0,,,,
powertraces-pt200array_pt203_r1_7536312_11-55cebeeb54,2026-05-03T06:56:07.689Z,94.182,1,119.0,1980,0,0,,,,
powertraces-pt200array_pt203_r1_7536312_11-55cebeeb54,2026-05-03T06:56:07.689Z,94.182,2,120.13,1980,0,0,,,,
powertraces-pt200array_pt203_r1_7536312_11-55cebeeb54,2026-05-03T06:56:07.689Z,94.182,3,117.27,1980,0,0,,,,
powertraces-pt200array_pt203_r1_7536312_11-55cebeeb54,2026-05-03T06:56:07.789Z,94.282,0,116.36,1980,0,0,,,,
powertraces-pt200array_pt203_r1_7536312_11-55cebeeb54,2026-05-03T06:56:07.789Z,94.282,1,118.98,1980,0,0,,,,
powertraces-pt200array_pt203_r1_7536312_11-55cebeeb54,2026-05-03T06:56:07.789Z,94.282,2,119.1,1980,0,0,,,,
powertraces-pt200array_pt203_r1_7536312_11-55cebeeb54,2026-05-03T06:56:07.79Z,94.283,3,117.23,1980,0,0,,,,
powertraces-pt200array_pt203_r1_7536312_11-55cebeeb54,2026-05-03T06:56:07.89Z,94.383,0,116.39,1980,0,0,,,,
powertraces-pt200array_pt203_r1_7536312_11-55cebeeb54,2026-05-03T06:56:07.89Z,94.383,1,118.92,1980,0,0,,,,
powertraces-pt200array_pt203_r1_7536312_11-55cebeeb54,2026-05-03T06:56:07.89Z,94.383,2,118.94,1980,0,0,,,,
powertraces-pt200array_pt203_r1_7536312_11-55cebeeb54,2026-05-03T06:56:07.89Z,94.383,3,116.59,1980,0,0,,,,
powertraces-pt200array_pt203_r1_7536312_11-55cebeeb54,2026-05-03T06:56:07.99Z,94.483,0,115.42,1980,0,0,,,,
powertraces-pt200array_pt203_r1_7536312_11-55cebeeb54,2026-05-03T06:56:07.99Z,94.483,1,117.54,1980,0,0,,,,
powertraces-pt200array_pt203_r1_7536312_11-55cebeeb54,2026-05-03T06:56:07.99Z,94.483,2,118.56,1980,0,0,,,,
powertraces-pt200array_pt203_r1_7536312_11-55cebeeb54,2026-05-03T06:56:07.99Z,94.483,3,115.91,1980,0,0,,,,
