run_id,timestamp,time_relative_s,gpu_id,power_w,sm_clock_mhz,gpu_util_pct,memory_util_pct,memory_used_mb,memory_total_mb,temperature_c,stage
powertraces-pt200array_pt216_r5_7536312_80-d81f1038b4,2026-05-07T21:04:45.946Z,0.0,0,67.87,345,0,0,,,,
powertraces-pt200array_pt216_r5_7536312_80-d81f1038b4,2026-05-07T21:04:45.948Z,0.002,1,69.65,345,0,0,,,,
powertraces-pt200array_pt216_r5_7536312_80-d81f1038b4,2026-05-07T21:04:45.949Z,0.003,2,67.11,345,0,0,,,,
powertraces-pt200array_pt216_r5_7536312_80-d81f1038b4,2026-05-07T21:04:45.951Z,0.005,3,66.9,345,0,0,,,,
powertraces-pt200array_pt216_r5_7536312_80-d81f1038b4,2026-05-07T21:04:46.053Z,0.107,0,67.83,345,0,0,,,,
powertraces-pt200array_pt216_r5_7536312_80-d81f1038b4,2026-05-07T21:04:46.053Z,0.107,1,69.49,345,0,0,,,,
powertraces-pt200array_pt216_r5_7536312_80-d81f1038b4,2026-05-07T21:04:46.053Z,0.107,2,67.05,345,0,0,,,,
powertraces-pt200array_pt216_r5_7536312_80-d81f1038b4,2026-05-07T21:04:46.053Z,0.107,3,66.88,345,0,0,,,,
powertraces-pt200array_pt216_r5_7536312_80-d81f1038b4,2026-05-07T21:04:46.153Z,0.207,0,67.79,345,0,0,,,,
powertraces-pt200array_pt216_r5_7536312_80-d81f1038b4,2026-05-07T21:04:46.153Z,0.207,1,69.39,345,0,0,,,,
powertraces-pt200array_pt216_r5_7536312_80-d81f1038b4,2026-05-07T21:04:46.153Z,0.207,2,67.01,345,0,0,,,,
powertraces-pt200array_pt216_r5_7536312_80-d81f1038b4,2026-05-07T21:04:46.153Z,0.207,3,66.85,345,0,0,,,,
powertraces-pt200array_pt216_r5_7536312_80-d81f1038b4,2026-05-07T21:04:46.253Z,0.307,0,67.74,345,0,0,,,,
powertraces-pt200array_pt216_r5_7536312_80-d81f1038b4,2026-05-07T21:04:46.253Z,0.307,1,69.43,345,0,0,,,,
powertraces-pt200array_pt216_r5_7536312_80-d81f1038b4,2026-05-07T21:04:46.253Z,0.307,2,67.0,345,0,0,,,,
powertraces-pt200array_pt216_r5_7536312_80-d81f1038b4,2026-05-07T21:04:46.253Z,0.307,3,66.85,345,0,0,,,,
powertraces-pt200array_pt216_r5_7536312_80-d81f1038b4,2026-05-07T21:04:46.353Z,0.407,0,67.71,345,0,0,,,,
powertraces-pt200array_pt216_r5_7536312_80-d81f1038b4,2026-05-07T21:04:46.353Z,0.407,1,69.51,345,0,0,,,,
powertraces-pt200array_pt216_r5_7536312_80-d81f1038b4,2026-05-07T21:04:46.353Z,0.407,2,66.97,345,0,0,,,,
powertraces-pt200array_pt216_r5_7536312_80-d81f1038b4,2026-05-07T21:04:46.353Z,0.407,3,66.83,345,0,0,,,,
powertraces-pt200array_pt216_r5_7536312_80-d81f1038b4,2026-05-07T21:04:46.453Z,0.507,0,67.7,345,0,0,,,,
powertraces-pt200array_pt216_r5_7536312_80-d81f1038b4,2026-05-07T21:04:46.454Z,0.508,1,69.54,345,0,0,,,,
powertraces-pt200array_pt216_r5_7536312_80-d81f1038b4,2026-05-07T21:04:46.454Z,0.508,2,66.93,345,0,0,,,,
powertraces-pt200array_pt216_r5_7536312_80-d81f1038b4,2026-05-07T21:04:46.454Z,0.508,3,66.81,345,0,0,,,,
powertraces-pt200array_pt216_r5_7536312_80-d81f1038b4,2026-05-07T21:04:46.554Z,0.608,0,67.67,345,0,0,,,,
powertraces-pt200array_pt216_r5_7536312_80-d81f1038b4,2026-05-07T21:04:46.554Z,0.608,1,69.49,345,0,0,,,,
powertraces-pt200array_pt216_r5_7536312_80-d81f1038b4,2026-05-07T21:04:46.554Z,0.608,2,66.91,345,0,0,,,,
powertraces-pt200array_pt216_r5_7536312_80-d81f1038b4,2026-05-07T21:04:46.554Z,0.608,3,66.79,345,0,0,,,,
powertraces-pt200array_pt216_r5_7536312_80-d81f1038b4,2026-05-07T21:04:46.654Z,0.708,0,67.67,345,0,0,,,,
powertraces-pt200array_pt216_r5_7536312_80-d81f1038b4,2026-05-07T21:04:46.654Z,0.708,1,69.37,345,0,0,,,,
powertraces-pt200array_pt216_r5_7536312_80-d81f1038b4,2026-05-07T21:04:46.654Z,0.708,2,66.92,345,0,0,,,,
powertraces-pt200array_pt216_r5_7536312_80-d81f1038b4,2026-05-07T21:04:46.654Z,0.708,3,66.77,345,0,0,,,,
powertraces-pt200array_pt216_r5_7536312_80-d81f1038b4,2026-05-07T21:04:46.754Z,0.808,0,67.68,345,0,0,,,,
powertraces-pt200array_pt216_r5_7536312_80-d81f1038b4,2026-05-07T21:04:46.754Z,0.808,1,69.29,345,0,0,,,,
powertraces-pt200array_pt216_r5_7536312_80-d81f1038b4,2026-05-07T21:04:46.754Z,0.808,2,66.93,345,0,0,,,,
powertraces-pt200array_pt216_r5_7536312_80-d81f1038b4,2026-05-07T21:04:46.754Z,0.808,3,66.77,345,0,0,,,,
powertraces-pt200array_pt216_r5_7536312_80-d81f1038b4,2026-05-07T21:04:46.854Z,0.908,0,67.68,345,0,0,,,,
powertraces-pt200array_pt216_r5_7536312_80-d81f1038b4,2026-05-07T21:04:46.854Z,0.908,1,69.3,345,0,0,,,,
powertraces-pt200array_pt216_r5_7536312_80-d81f1038b4,2026-05-07T21:04:46.854Z,0.908,2,66.95,345,0,0,,,,
powertraces-pt200array_pt216_r5_7536312_80-d81f1038b4,2026-05-07T21:04:46.854Z,0.908,3,66.79,345,0,0,,,,
powertraces-pt200array_pt216_r5_7536312_80-d81f1038b4,2026-05-07T21:04:46.954Z,1.008,0,67.69,345,0,0,,,,
powertraces-pt200array_pt216_r5_7536312_80-d81f1038b4,2026-05-07T21:04:46.954Z,1.008,1,69.42,345,0,0,,,,
powertraces-pt200array_pt216_r5_7536312_80-d81f1038b4,2026-05-07T21:04:46.954Z,1.008,2,66.96,345,0,0,,,,
powertraces-pt200array_pt216_r5_7536312_80-d81f1038b4,2026-05-07T21:04:46.955Z,1.009,3,66.8,345,0,0,,,,
powertraces-pt200array_pt216_r5_7536312_80-d81f1038b4,2026-05-07T21:04:47.055Z,1.109,0,67.74,345,0,0,,,,
powertraces-pt200array_pt216_r5_7536312_80-d81f1038b4,2026-05-07T21:04:47.055Z,1.109,1,69.54,345,0,0,,,,
powertraces-pt200array_pt216_r5_7536312_80-d81f1038b4,2026-05-07T21:04:47.055Z,1.109,2,66.99,345,0,0,,,,
powertraces-pt200array_pt216_r5_7536312_80-d81f1038b4,2026-05-07T21:04:47.055Z,1.109,3,66.8,345,0,0,,,,
powertraces-pt200array_pt216_r5_7536312_80-d81f1038b4,2026-05-07T21:04:47.155Z,1.209,0,67.76,345,0,0,,,,
powertraces-pt200array_pt216_r5_7536312_80-d81f1038b4,2026-05-07T21:04:47.155Z,1.209,1,69.57,345,0,0,,,,
powertraces-pt200array_pt216_r5_7536312_80-d81f1038b4,2026-05-07T21:04:47.155Z,1.209,2,67.0,345,0,0,,,,
powertraces-pt200array_pt216_r5_7536312_80-d81f1038b4,2026-05-07T21:04:47.155Z,1.209,3,66.81,345,0,0,,,,
powertraces-pt200array_pt216_r5_7536312_80-d81f1038b4,2026-05-07T21:04:47.255Z,1.309,0,67.75,345,0,0,,,,
powertraces-pt200array_pt216_r5_7536312_80-d81f1038b4,2026-05-07T21:04:47.255Z,1.309,1,69.51,345,0,0,,,,
powertraces-pt200array_pt216_r5_7536312_80-d81f1038b4,2026-05-07T21:04:47.255Z,1.309,2,66.98,345,0,0,,,,
powertraces-pt200array_pt216_r5_7536312_80-d81f1038b4,2026-05-07T21:04:47.255Z,1.309,3,66.81,345,0,0,,,,
powertraces-pt200array_pt216_r5_7536312_80-d81f1038b4,2026-05-07T21:04:47.355Z,1.409,0,67.77,345,0,0,,,,
powertraces-pt200array_pt216_r5_7536312_80-d81f1038b4,2026-05-07T21:04:47.355Z,1.409,1,69.41,345,0,0,,,,
powertraces-pt200array_pt216_r5_7536312_80-d81f1038b4,2026-05-07T21:04:47.355Z,1.409,2,67.0,345,0,0,,,,
powertraces-pt200array_pt216_r5_7536312_80-d81f1038b4,2026-05-07T21:04:47.355Z,1.409,3,66.81,345,0,0,,,,
powertraces-pt200array_pt216_r5_7536312_80-d81f1038b4,2026-05-07T21:04:47.455Z,1.509,0,67.77,345,0,0,,,,
powertraces-pt200array_pt216_r5_7536312_80-d81f1038b4,2026-05-07T21:04:47.456Z,1.51,1,69.38,345,0,0,,,,
powertraces-pt200array_pt216_r5_7536312_80-d81f1038b4,2026-05-07T21:04:47.456Z,1.51,2,67.01,345,0,0,,,,
powertraces-pt200array_pt216_r5_7536312_80-d81f1038b4,2026-05-07T21:04:47.456Z,1.51,3,66.82,345,0,0,,,,
powertraces-pt200array_pt216_r5_7536312_80-d81f1038b4,2026-05-07T21:04:47.556Z,1.61,0,67.76,345,0,0,,,,
powertraces-pt200array_pt216_r5_7536312_80-d81f1038b4,2026-05-07T21:04:47.556Z,1.61,1,69.49,345,0,0,,,,
powertraces-pt200array_pt216_r5_7536312_80-d81f1038b4,2026-05-07T21:04:47.556Z,1.61,2,67.03,345,0,0,,,,
powertraces-pt200array_pt216_r5_7536312_80-d81f1038b4,2026-05-07T21:04:47.556Z,1.61,3,66.82,345,0,0,,,,
powertraces-pt200array_pt216_r5_7536312_80-d81f1038b4,2026-05-07T21:04:47.656Z,1.71,0,67.75,345,0,0,,,,
powertraces-pt200array_pt216_r5_7536312_80-d81f1038b4,2026-05-07T21:04:47.656Z,1.71,1,69.61,345,0,0,,,,
powertraces-pt200array_pt216_r5_7536312_80-d81f1038b4,2026-05-07T21:04:47.656Z,1.71,2,67.03,345,0,0,,,,
powertraces-pt200array_pt216_r5_7536312_80-d81f1038b4,2026-05-07T21:04:47.656Z,1.71,3,66.84,345,0,0,,,,
powertraces-pt200array_pt216_r5_7536312_80-d81f1038b4,2026-05-07T21:04:47.756Z,1.81,0,67.72,345,0,0,,,,
powertraces-pt200array_pt216_r5_7536312_80-d81f1038b4,2026-05-07T21:04:47.756Z,1.81,1,69.67,345,0,0,,,,
powertraces-pt200array_pt216_r5_7536312_80-d81f1038b4,2026-05-07T21:04:47.756Z,1.81,2,67.03,345,0,0,,,,
powertraces-pt200array_pt216_r5_7536312_80-d81f1038b4,2026-05-07T21:04:47.756Z,1.81,3,66.84,345,0,0,,,,
powertraces-pt200array_pt216_r5_7536312_80-d81f1038b4,2026-05-07T21:04:47.856Z,1.91,0,67.74,345,0,0,,,,
powertraces-pt200array_pt216_r5_7536312_80-d81f1038b4,2026-05-07T21:04:47.856Z,1.91,1,69.65,345,0,0,,,,
powertraces-pt200array_pt216_r5_7536312_80-d81f1038b4,2026-05-07T21:04:47.856Z,1.91,2,67.04,345,0,0,,,,
powertraces-pt200array_pt216_r5_7536312_80-d81f1038b4,2026-05-07T21:04:47.856Z,1.91,3,66.86,345,0,0,,,,
powertraces-pt200array_pt216_r5_7536312_80-d81f1038b4,2026-05-07T21:04:47.956Z,2.01,0,67.76,345,0,0,,,,
powertraces-pt200array_pt216_r5_7536312_80-d81f1038b4,2026-05-07T21:04:47.957Z,2.011,1,69.57,345,0,0,,,,
powertraces-pt200array_pt216_r5_7536312_80-d81f1038b4,2026-05-07T21:04:47.957Z,2.011,2,67.03,345,0,0,,,,
powertraces-pt200array_pt216_r5_7536312_80-d81f1038b4,2026-05-07T21:04:47.957Z,2.011,3,66.86,345,0,0,,,,
powertraces-pt200array_pt216_r5_7536312_80-d81f1038b4,2026-05-07T21:04:48.057Z,2.111,0,67.75,345,0,0,,,,
powertraces-pt200array_pt216_r5_7536312_80-d81f1038b4,2026-05-07T21:04:48.057Z,2.111,1,69.46,345,0,0,,,,
powertraces-pt200array_pt216_r5_7536312_80-d81f1038b4,2026-05-07T21:04:48.057Z,2.111,2,67.02,345,0,0,,,,
powertraces-pt200array_pt216_r5_7536312_80-d81f1038b4,2026-05-07T21:04:48.057Z,2.111,3,66.85,345,0,0,,,,
powertraces-pt200array_pt216_r5_7536312_80-d81f1038b4,2026-05-07T21:04:48.157Z,2.211,0,67.74,345,0,0,,,,
powertraces-pt200array_pt216_r5_7536312_80-d81f1038b4,2026-05-07T21:04:48.157Z,2.211,1,69.43,345,0,0,,,,
powertraces-pt200array_pt216_r5_7536312_80-d81f1038b4,2026-05-07T21:04:48.157Z,2.211,2,67.03,345,0,0,,,,
powertraces-pt200array_pt216_r5_7536312_80-d81f1038b4,2026-05-07T21:04:48.157Z,2.211,3,66.85,345,0,0,,,,
powertraces-pt200array_pt216_r5_7536312_80-d81f1038b4,2026-05-07T21:04:48.257Z,2.311,0,67.75,345,0,0,,,,
powertraces-pt200array_pt216_r5_7536312_80-d81f1038b4,2026-05-07T21:04:48.257Z,2.311,1,69.54,345,0,0,,,,
powertraces-pt200array_pt216_r5_7536312_80-d81f1038b4,2026-05-07T21:04:48.257Z,2.311,2,67.03,345,0,0,,,,
powertraces-pt200array_pt216_r5_7536312_80-d81f1038b4,2026-05-07T21:04:48.257Z,2.311,3,66.84,345,0,0,,,,
powertraces-pt200array_pt216_r5_7536312_80-d81f1038b4,2026-05-07T21:04:48.357Z,2.411,0,67.75,345,0,0,,,,
powertraces-pt200array_pt216_r5_7536312_80-d81f1038b4,2026-05-07T21:04:48.357Z,2.411,1,69.66,345,0,0,,,,
powertraces-pt200array_pt216_r5_7536312_80-d81f1038b4,2026-05-07T21:04:48.357Z,2.411,2,67.03,345,0,0,,,,
powertraces-pt200array_pt216_r5_7536312_80-d81f1038b4,2026-05-07T21:04:48.357Z,2.411,3,66.84,345,0,0,,,,
powertraces-pt200array_pt216_r5_7536312_80-d81f1038b4,2026-05-07T21:04:48.458Z,2.512,0,67.74,345,0,0,,,,
powertraces-pt200array_pt216_r5_7536312_80-d81f1038b4,2026-05-07T21:04:48.458Z,2.512,1,69.65,345,0,0,,,,
powertraces-pt200array_pt216_r5_7536312_80-d81f1038b4,2026-05-07T21:04:48.458Z,2.512,2,67.01,345,0,0,,,,
powertraces-pt200array_pt216_r5_7536312_80-d81f1038b4,2026-05-07T21:04:48.458Z,2.512,3,66.83,345,0,0,,,,
powertraces-pt200array_pt216_r5_7536312_80-d81f1038b4,2026-05-07T21:04:48.558Z,2.612,0,67.74,345,0,0,,,,
powertraces-pt200array_pt216_r5_7536312_80-d81f1038b4,2026-05-07T21:04:48.558Z,2.612,1,69.56,345,0,0,,,,
powertraces-pt200array_pt216_r5_7536312_80-d81f1038b4,2026-05-07T21:04:48.558Z,2.612,2,66.99,345,0,0,,,,
powertraces-pt200array_pt216_r5_7536312_80-d81f1038b4,2026-05-07T21:04:48.558Z,2.612,3,66.82,345,0,0,,,,
powertraces-pt200array_pt216_r5_7536312_80-d81f1038b4,2026-05-07T21:04:48.658Z,2.712,0,67.74,345,0,0,,,,
powertraces-pt200array_pt216_r5_7536312_80-d81f1038b4,2026-05-07T21:04:48.658Z,2.712,1,69.45,345,0,0,,,,
powertraces-pt200array_pt216_r5_7536312_80-d81f1038b4,2026-05-07T21:04:48.658Z,2.712,2,67.0,345,0,0,,,,
powertraces-pt200array_pt216_r5_7536312_80-d81f1038b4,2026-05-07T21:04:48.658Z,2.712,3,66.81,345,0,0,,,,
powertraces-pt200array_pt216_r5_7536312_80-d81f1038b4,2026-05-07T21:04:48.758Z,2.812,0,67.76,345,0,0,,,,
powertraces-pt200array_pt216_r5_7536312_80-d81f1038b4,2026-05-07T21:04:48.758Z,2.812,1,69.38,345,0,0,,,,
powertraces-pt200array_pt216_r5_7536312_80-d81f1038b4,2026-05-07T21:04:48.758Z,2.812,2,66.98,345,0,0,,,,
powertraces-pt200array_pt216_r5_7536312_80-d81f1038b4,2026-05-07T21:04:48.758Z,2.812,3,66.8,345,0,0,,,,
powertraces-pt200array_pt216_r5_7536312_80-d81f1038b4,2026-05-07T21:04:48.858Z,2.912,0,67.72,345,0,0,,,,
powertraces-pt200array_pt216_r5_7536312_80-d81f1038b4,2026-05-07T21:04:48.858Z,2.912,1,69.43,345,0,0,,,,
powertraces-pt200array_pt216_r5_7536312_80-d81f1038b4,2026-05-07T21:04:48.858Z,2.912,2,66.96,345,0,0,,,,
powertraces-pt200array_pt216_r5_7536312_80-d81f1038b4,2026-05-07T21:04:48.858Z,2.912,3,66.79,345,0,0,,,,
powertraces-pt200array_pt216_r5_7536312_80-d81f1038b4,2026-05-07T21:04:48.959Z,3.013,0,67.7,345,0,0,,,,
powertraces-pt200array_pt216_r5_7536312_80-d81f1038b4,2026-05-07T21:04:48.959Z,3.013,1,69.54,345,0,0,,,,
powertraces-pt200array_pt216_r5_7536312_80-d81f1038b4,2026-05-07T21:04:48.959Z,3.013,2,66.97,345,0,0,,,,
powertraces-pt200array_pt216_r5_7536312_80-d81f1038b4,2026-05-07T21:04:48.959Z,3.013,3,66.79,345,0,0,,,,
powertraces-pt200array_pt216_r5_7536312_80-d81f1038b4,2026-05-07T21:04:49.059Z,3.113,0,67.68,345,0,0,,,,
powertraces-pt200array_pt216_r5_7536312_80-d81f1038b4,2026-05-07T21:04:49.059Z,3.113,1,69.61,345,0,0,,,,
powertraces-pt200array_pt216_r5_7536312_80-d81f1038b4,2026-05-07T21:04:49.059Z,3.113,2,66.97,345,0,0,,,,
powertraces-pt200array_pt216_r5_7536312_80-d81f1038b4,2026-05-07T21:04:49.059Z,3.113,3,66.78,345,0,0,,,,
powertraces-pt200array_pt216_r5_7536312_80-d81f1038b4,2026-05-07T21:04:49.159Z,3.213,0,67.67,345,0,0,,,,
powertraces-pt200array_pt216_r5_7536312_80-d81f1038b4,2026-05-07T21:04:49.159Z,3.213,1,69.59,345,0,0,,,,
powertraces-pt200array_pt216_r5_7536312_80-d81f1038b4,2026-05-07T21:04:49.159Z,3.213,2,66.95,345,0,0,,,,
powertraces-pt200array_pt216_r5_7536312_80-d81f1038b4,2026-05-07T21:04:49.159Z,3.213,3,66.8,345,0,0,,,,
powertraces-pt200array_pt216_r5_7536312_80-d81f1038b4,2026-05-07T21:04:49.259Z,3.313,0,67.66,345,0,0,,,,
powertraces-pt200array_pt216_r5_7536312_80-d81f1038b4,2026-05-07T21:04:49.259Z,3.313,1,69.49,345,0,0,,,,
powertraces-pt200array_pt216_r5_7536312_80-d81f1038b4,2026-05-07T21:04:49.259Z,3.313,2,66.94,345,0,0,,,,
powertraces-pt200array_pt216_r5_7536312_80-d81f1038b4,2026-05-07T21:04:49.259Z,3.313,3,66.8,345,0,0,,,,
powertraces-pt200array_pt216_r5_7536312_80-d81f1038b4,2026-05-07T21:04:49.359Z,3.413,0,67.66,345,0,0,,,,
powertraces-pt200array_pt216_r5_7536312_80-d81f1038b4,2026-05-07T21:04:49.359Z,3.413,1,69.36,345,0,0,,,,
powertraces-pt200array_pt216_r5_7536312_80-d81f1038b4,2026-05-07T21:04:49.359Z,3.413,2,66.96,345,0,0,,,,
powertraces-pt200array_pt216_r5_7536312_80-d81f1038b4,2026-05-07T21:04:49.359Z,3.413,3,66.81,345,0,0,,,,
powertraces-pt200array_pt216_r5_7536312_80-d81f1038b4,2026-05-07T21:04:49.46Z,3.514,0,67.66,345,0,0,,,,
powertraces-pt200array_pt216_r5_7536312_80-d81f1038b4,2026-05-07T21:04:49.46Z,3.514,1,69.36,345,0,0,,,,
powertraces-pt200array_pt216_r5_7536312_80-d81f1038b4,2026-05-07T21:04:49.46Z,3.514,2,66.94,345,0,0,,,,
powertraces-pt200array_pt216_r5_7536312_80-d81f1038b4,2026-05-07T21:04:49.46Z,3.514,3,66.82,345,0,0,,,,
powertraces-pt200array_pt216_r5_7536312_80-d81f1038b4,2026-05-07T21:04:49.56Z,3.614,0,67.66,345,0,0,,,,
powertraces-pt200array_pt216_r5_7536312_80-d81f1038b4,2026-05-07T21:04:49.56Z,3.614,1,69.44,345,0,0,,,,
powertraces-pt200array_pt216_r5_7536312_80-d81f1038b4,2026-05-07T21:04:49.56Z,3.614,2,66.94,345,0,0,,,,
powertraces-pt200array_pt216_r5_7536312_80-d81f1038b4,2026-05-07T21:04:49.56Z,3.614,3,66.83,345,0,0,,,,
powertraces-pt200array_pt216_r5_7536312_80-d81f1038b4,2026-05-07T21:04:49.66Z,3.714,0,67.67,345,0,0,,,,
powertraces-pt200array_pt216_r5_7536312_80-d81f1038b4,2026-05-07T21:04:49.66Z,3.714,1,69.57,345,0,0,,,,
powertraces-pt200array_pt216_r5_7536312_80-d81f1038b4,2026-05-07T21:04:49.66Z,3.714,2,66.93,345,0,0,,,,
powertraces-pt200array_pt216_r5_7536312_80-d81f1038b4,2026-05-07T21:04:49.66Z,3.714,3,66.82,345,0,0,,,,
powertraces-pt200array_pt216_r5_7536312_80-d81f1038b4,2026-05-07T21:04:49.76Z,3.814,0,67.67,345,0,0,,,,
powertraces-pt200array_pt216_r5_7536312_80-d81f1038b4,2026-05-07T21:04:49.76Z,3.814,1,69.59,345,0,0,,,,
powertraces-pt200array_pt216_r5_7536312_80-d81f1038b4,2026-05-07T21:04:49.76Z,3.814,2,66.94,345,0,0,,,,
powertraces-pt200array_pt216_r5_7536312_80-d81f1038b4,2026-05-07T21:04:49.76Z,3.814,3,66.81,345,0,0,,,,
powertraces-pt200array_pt216_r5_7536312_80-d81f1038b4,2026-05-07T21:04:49.86Z,3.914,0,67.7,345,0,0,,,,
powertraces-pt200array_pt216_r5_7536312_80-d81f1038b4,2026-05-07T21:04:49.861Z,3.915,1,69.5,345,0,0,,,,
powertraces-pt200array_pt216_r5_7536312_80-d81f1038b4,2026-05-07T21:04:49.861Z,3.915,2,66.96,345,0,0,,,,
powertraces-pt200array_pt216_r5_7536312_80-d81f1038b4,2026-05-07T21:04:49.861Z,3.915,3,66.82,345,0,0,,,,
powertraces-pt200array_pt216_r5_7536312_80-d81f1038b4,2026-05-07T21:04:49.961Z,4.015,0,67.71,345,0,0,,,,
powertraces-pt200array_pt216_r5_7536312_80-d81f1038b4,2026-05-07T21:04:49.961Z,4.015,1,69.4,345,0,0,,,,
powertraces-pt200array_pt216_r5_7536312_80-d81f1038b4,2026-05-07T21:04:49.961Z,4.015,2,66.95,345,0,0,,,,
powertraces-pt200array_pt216_r5_7536312_80-d81f1038b4,2026-05-07T21:04:49.961Z,4.015,3,66.83,345,0,0,,,,
powertraces-pt200array_pt216_r5_7536312_80-d81f1038b4,2026-05-07T21:04:50.061Z,4.115,0,67.73,345,0,0,,,,
powertraces-pt200array_pt216_r5_7536312_80-d81f1038b4,2026-05-07T21:04:50.061Z,4.115,1,69.35,345,0,0,,,,
powertraces-pt200array_pt216_r5_7536312_80-d81f1038b4,2026-05-07T21:04:50.061Z,4.115,2,66.96,345,0,0,,,,
powertraces-pt200array_pt216_r5_7536312_80-d81f1038b4,2026-05-07T21:04:50.061Z,4.115,3,66.84,345,0,0,,,,
powertraces-pt200array_pt216_r5_7536312_80-d81f1038b4,2026-05-07T21:04:50.161Z,4.215,0,67.75,345,0,0,,,,
powertraces-pt200array_pt216_r5_7536312_80-d81f1038b4,2026-05-07T21:04:50.161Z,4.215,1,69.39,345,0,0,,,,
powertraces-pt200array_pt216_r5_7536312_80-d81f1038b4,2026-05-07T21:04:50.161Z,4.215,2,66.97,345,0,0,,,,
powertraces-pt200array_pt216_r5_7536312_80-d81f1038b4,2026-05-07T21:04:50.161Z,4.215,3,66.83,345,0,0,,,,
powertraces-pt200array_pt216_r5_7536312_80-d81f1038b4,2026-05-07T21:04:50.261Z,4.315,0,67.76,345,0,0,,,,
powertraces-pt200array_pt216_r5_7536312_80-d81f1038b4,2026-05-07T21:04:50.261Z,4.315,1,69.54,345,0,0,,,,
powertraces-pt200array_pt216_r5_7536312_80-d81f1038b4,2026-05-07T21:04:50.261Z,4.315,2,66.97,345,0,0,,,,
powertraces-pt200array_pt216_r5_7536312_80-d81f1038b4,2026-05-07T21:04:50.261Z,4.315,3,66.84,345,0,0,,,,
powertraces-pt200array_pt216_r5_7536312_80-d81f1038b4,2026-05-07T21:04:50.361Z,4.415,0,67.79,345,0,0,,,,
powertraces-pt200array_pt216_r5_7536312_80-d81f1038b4,2026-05-07T21:04:50.362Z,4.416,1,69.65,345,0,0,,,,
powertraces-pt200array_pt216_r5_7536312_80-d81f1038b4,2026-05-07T21:04:50.362Z,4.416,2,66.98,345,0,0,,,,
powertraces-pt200array_pt216_r5_7536312_80-d81f1038b4,2026-05-07T21:04:50.362Z,4.416,3,66.86,345,0,0,,,,
powertraces-pt200array_pt216_r5_7536312_80-d81f1038b4,2026-05-07T21:04:50.462Z,4.516,0,67.81,345,0,0,,,,
powertraces-pt200array_pt216_r5_7536312_80-d81f1038b4,2026-05-07T21:04:50.462Z,4.516,1,69.66,345,0,0,,,,
powertraces-pt200array_pt216_r5_7536312_80-d81f1038b4,2026-05-07T21:04:50.462Z,4.516,2,67.02,345,0,0,,,,
powertraces-pt200array_pt216_r5_7536312_80-d81f1038b4,2026-05-07T21:04:50.462Z,4.516,3,66.89,345,0,0,,,,
powertraces-pt200array_pt216_r5_7536312_80-d81f1038b4,2026-05-07T21:04:50.562Z,4.616,0,67.86,345,0,0,,,,
powertraces-pt200array_pt216_r5_7536312_80-d81f1038b4,2026-05-07T21:04:50.562Z,4.616,1,69.6,345,0,0,,,,
powertraces-pt200array_pt216_r5_7536312_80-d81f1038b4,2026-05-07T21:04:50.562Z,4.616,2,67.03,345,0,0,,,,
powertraces-pt200array_pt216_r5_7536312_80-d81f1038b4,2026-05-07T21:04:50.562Z,4.616,3,66.9,345,0,0,,,,
powertraces-pt200array_pt216_r5_7536312_80-d81f1038b4,2026-05-07T21:04:50.662Z,4.716,0,67.89,345,0,0,,,,
powertraces-pt200array_pt216_r5_7536312_80-d81f1038b4,2026-05-07T21:04:50.662Z,4.716,1,69.54,345,0,0,,,,
powertraces-pt200array_pt216_r5_7536312_80-d81f1038b4,2026-05-07T21:04:50.662Z,4.716,2,67.06,345,0,0,,,,
powertraces-pt200array_pt216_r5_7536312_80-d81f1038b4,2026-05-07T21:04:50.662Z,4.716,3,66.93,345,0,0,,,,
powertraces-pt200array_pt216_r5_7536312_80-d81f1038b4,2026-05-07T21:04:50.762Z,4.816,0,67.9,345,0,0,,,,
powertraces-pt200array_pt216_r5_7536312_80-d81f1038b4,2026-05-07T21:04:50.762Z,4.816,1,69.52,345,0,0,,,,
powertraces-pt200array_pt216_r5_7536312_80-d81f1038b4,2026-05-07T21:04:50.762Z,4.816,2,67.09,345,0,0,,,,
powertraces-pt200array_pt216_r5_7536312_80-d81f1038b4,2026-05-07T21:04:50.762Z,4.816,3,66.96,345,0,0,,,,
powertraces-pt200array_pt216_r5_7536312_80-d81f1038b4,2026-05-07T21:04:50.863Z,4.917,0,67.92,345,0,0,,,,
powertraces-pt200array_pt216_r5_7536312_80-d81f1038b4,2026-05-07T21:04:50.863Z,4.917,1,69.64,345,0,0,,,,
powertraces-pt200array_pt216_r5_7536312_80-d81f1038b4,2026-05-07T21:04:50.863Z,4.917,2,67.11,345,0,0,,,,
powertraces-pt200array_pt216_r5_7536312_80-d81f1038b4,2026-05-07T21:04:50.863Z,4.917,3,66.99,345,0,0,,,,
powertraces-pt200array_pt216_r5_7536312_80-d81f1038b4,2026-05-07T21:04:50.963Z,5.017,0,67.95,345,0,0,,,,
powertraces-pt200array_pt216_r5_7536312_80-d81f1038b4,2026-05-07T21:04:50.963Z,5.017,1,69.78,345,0,0,,,,
powertraces-pt200array_pt216_r5_7536312_80-d81f1038b4,2026-05-07T21:04:50.963Z,5.017,2,67.14,345,0,0,,,,
powertraces-pt200array_pt216_r5_7536312_80-d81f1038b4,2026-05-07T21:04:50.963Z,5.017,3,67.0,345,0,0,,,,
powertraces-pt200array_pt216_r5_7536312_80-d81f1038b4,2026-05-07T21:04:51.063Z,5.117,0,67.97,345,0,0,,,,
powertraces-pt200array_pt216_r5_7536312_80-d81f1038b4,2026-05-07T21:04:51.063Z,5.117,1,69.84,345,0,0,,,,
powertraces-pt200array_pt216_r5_7536312_80-d81f1038b4,2026-05-07T21:04:51.063Z,5.117,2,67.13,345,0,0,,,,
powertraces-pt200array_pt216_r5_7536312_80-d81f1038b4,2026-05-07T21:04:51.063Z,5.117,3,67.02,345,0,0,,,,
powertraces-pt200array_pt216_r5_7536312_80-d81f1038b4,2026-05-07T21:04:51.163Z,5.217,0,67.97,345,0,0,,,,
powertraces-pt200array_pt216_r5_7536312_80-d81f1038b4,2026-05-07T21:04:51.163Z,5.217,1,69.81,345,0,0,,,,
powertraces-pt200array_pt216_r5_7536312_80-d81f1038b4,2026-05-07T21:04:51.163Z,5.217,2,67.14,345,0,0,,,,
powertraces-pt200array_pt216_r5_7536312_80-d81f1038b4,2026-05-07T21:04:51.163Z,5.217,3,67.02,345,0,0,,,,
powertraces-pt200array_pt216_r5_7536312_80-d81f1038b4,2026-05-07T21:04:51.263Z,5.317,0,67.99,345,0,0,,,,
powertraces-pt200array_pt216_r5_7536312_80-d81f1038b4,2026-05-07T21:04:51.263Z,5.317,1,69.72,345,0,0,,,,
powertraces-pt200array_pt216_r5_7536312_80-d81f1038b4,2026-05-07T21:04:51.263Z,5.317,2,67.18,345,0,0,,,,
powertraces-pt200array_pt216_r5_7536312_80-d81f1038b4,2026-05-07T21:04:51.263Z,5.317,3,67.01,345,0,0,,,,
powertraces-pt200array_pt216_r5_7536312_80-d81f1038b4,2026-05-07T21:04:51.364Z,5.418,0,68.0,345,0,0,,,,
powertraces-pt200array_pt216_r5_7536312_80-d81f1038b4,2026-05-07T21:04:51.364Z,5.418,1,69.64,345,0,0,,,,
powertraces-pt200array_pt216_r5_7536312_80-d81f1038b4,2026-05-07T21:04:51.364Z,5.418,2,67.18,345,0,0,,,,
powertraces-pt200array_pt216_r5_7536312_80-d81f1038b4,2026-05-07T21:04:51.364Z,5.418,3,67.02,345,0,0,,,,
powertraces-pt200array_pt216_r5_7536312_80-d81f1038b4,2026-05-07T21:04:51.464Z,5.518,0,68.02,345,0,0,,,,
powertraces-pt200array_pt216_r5_7536312_80-d81f1038b4,2026-05-07T21:04:51.464Z,5.518,1,69.66,345,0,0,,,,
powertraces-pt200array_pt216_r5_7536312_80-d81f1038b4,2026-05-07T21:04:51.464Z,5.518,2,67.17,345,0,0,,,,
powertraces-pt200array_pt216_r5_7536312_80-d81f1038b4,2026-05-07T21:04:51.464Z,5.518,3,67.0,345,0,0,,,,
powertraces-pt200array_pt216_r5_7536312_80-d81f1038b4,2026-05-07T21:04:51.564Z,5.618,0,68.01,345,0,0,,,,
powertraces-pt200array_pt216_r5_7536312_80-d81f1038b4,2026-05-07T21:04:51.564Z,5.618,1,69.75,345,0,0,,,,
powertraces-pt200array_pt216_r5_7536312_80-d81f1038b4,2026-05-07T21:04:51.564Z,5.618,2,67.18,345,0,0,,,,
powertraces-pt200array_pt216_r5_7536312_80-d81f1038b4,2026-05-07T21:04:51.564Z,5.618,3,66.98,345,0,0,,,,
powertraces-pt200array_pt216_r5_7536312_80-d81f1038b4,2026-05-07T21:04:51.664Z,5.718,0,68.0,345,0,0,,,,
powertraces-pt200array_pt216_r5_7536312_80-d81f1038b4,2026-05-07T21:04:51.664Z,5.718,1,69.83,345,0,0,,,,
powertraces-pt200array_pt216_r5_7536312_80-d81f1038b4,2026-05-07T21:04:51.664Z,5.718,2,67.19,345,0,0,,,,
powertraces-pt200array_pt216_r5_7536312_80-d81f1038b4,2026-05-07T21:04:51.664Z,5.718,3,66.97,345,0,0,,,,
powertraces-pt200array_pt216_r5_7536312_80-d81f1038b4,2026-05-07T21:04:51.764Z,5.818,0,68.01,345,0,0,,,,
powertraces-pt200array_pt216_r5_7536312_80-d81f1038b4,2026-05-07T21:04:51.764Z,5.818,1,69.86,345,0,0,,,,
powertraces-pt200array_pt216_r5_7536312_80-d81f1038b4,2026-05-07T21:04:51.765Z,5.819,2,67.19,345,0,0,,,,
powertraces-pt200array_pt216_r5_7536312_80-d81f1038b4,2026-05-07T21:04:51.765Z,5.819,3,66.97,345,0,0,,,,
powertraces-pt200array_pt216_r5_7536312_80-d81f1038b4,2026-05-07T21:04:51.865Z,5.919,0,68.0,345,0,0,,,,
powertraces-pt200array_pt216_r5_7536312_80-d81f1038b4,2026-05-07T21:04:51.865Z,5.919,1,69.79,345,0,0,,,,
powertraces-pt200array_pt216_r5_7536312_80-d81f1038b4,2026-05-07T21:04:51.865Z,5.919,2,67.21,345,0,0,,,,
powertraces-pt200array_pt216_r5_7536312_80-d81f1038b4,2026-05-07T21:04:51.865Z,5.919,3,66.98,345,0,0,,,,
powertraces-pt200array_pt216_r5_7536312_80-d81f1038b4,2026-05-07T21:04:51.965Z,6.019,0,68.0,345,0,0,,,,
powertraces-pt200array_pt216_r5_7536312_80-d81f1038b4,2026-05-07T21:04:51.965Z,6.019,1,69.67,345,0,0,,,,
powertraces-pt200array_pt216_r5_7536312_80-d81f1038b4,2026-05-07T21:04:51.965Z,6.019,2,67.2,345,0,0,,,,
powertraces-pt200array_pt216_r5_7536312_80-d81f1038b4,2026-05-07T21:04:51.965Z,6.019,3,66.99,345,0,0,,,,
powertraces-pt200array_pt216_r5_7536312_80-d81f1038b4,2026-05-07T21:04:52.065Z,6.119,0,67.99,345,0,0,,,,
powertraces-pt200array_pt216_r5_7536312_80-d81f1038b4,2026-05-07T21:04:52.065Z,6.119,1,69.64,345,0,0,,,,
powertraces-pt200array_pt216_r5_7536312_80-d81f1038b4,2026-05-07T21:04:52.065Z,6.119,2,67.22,345,0,0,,,,
powertraces-pt200array_pt216_r5_7536312_80-d81f1038b4,2026-05-07T21:04:52.065Z,6.119,3,66.99,345,0,0,,,,
powertraces-pt200array_pt216_r5_7536312_80-d81f1038b4,2026-05-07T21:04:52.165Z,6.219,0,67.99,345,0,0,,,,
powertraces-pt200array_pt216_r5_7536312_80-d81f1038b4,2026-05-07T21:04:52.165Z,6.219,1,69.69,345,0,0,,,,
powertraces-pt200array_pt216_r5_7536312_80-d81f1038b4,2026-05-07T21:04:52.165Z,6.219,2,67.25,345,0,0,,,,
powertraces-pt200array_pt216_r5_7536312_80-d81f1038b4,2026-05-07T21:04:52.165Z,6.219,3,67.0,345,0,0,,,,
powertraces-pt200array_pt216_r5_7536312_80-d81f1038b4,2026-05-07T21:04:52.265Z,6.319,0,68.0,345,0,0,,,,
powertraces-pt200array_pt216_r5_7536312_80-d81f1038b4,2026-05-07T21:04:52.266Z,6.32,1,69.82,345,0,0,,,,
powertraces-pt200array_pt216_r5_7536312_80-d81f1038b4,2026-05-07T21:04:52.266Z,6.32,2,67.25,345,0,0,,,,
powertraces-pt200array_pt216_r5_7536312_80-d81f1038b4,2026-05-07T21:04:52.266Z,6.32,3,67.02,345,0,0,,,,
powertraces-pt200array_pt216_r5_7536312_80-d81f1038b4,2026-05-07T21:04:52.366Z,6.42,0,68.0,345,0,0,,,,
powertraces-pt200array_pt216_r5_7536312_80-d81f1038b4,2026-05-07T21:04:52.366Z,6.42,1,69.88,345,0,0,,,,
powertraces-pt200array_pt216_r5_7536312_80-d81f1038b4,2026-05-07T21:04:52.366Z,6.42,2,67.28,345,0,0,,,,
powertraces-pt200array_pt216_r5_7536312_80-d81f1038b4,2026-05-07T21:04:52.366Z,6.42,3,67.04,345,0,0,,,,
powertraces-pt200array_pt216_r5_7536312_80-d81f1038b4,2026-05-07T21:04:52.466Z,6.52,0,67.99,345,0,0,,,,
powertraces-pt200array_pt216_r5_7536312_80-d81f1038b4,2026-05-07T21:04:52.466Z,6.52,1,69.84,345,0,0,,,,
powertraces-pt200array_pt216_r5_7536312_80-d81f1038b4,2026-05-07T21:04:52.466Z,6.52,2,67.26,345,0,0,,,,
powertraces-pt200array_pt216_r5_7536312_80-d81f1038b4,2026-05-07T21:04:52.466Z,6.52,3,67.02,345,0,0,,,,
powertraces-pt200array_pt216_r5_7536312_80-d81f1038b4,2026-05-07T21:04:52.566Z,6.62,0,68.0,345,0,0,,,,
powertraces-pt200array_pt216_r5_7536312_80-d81f1038b4,2026-05-07T21:04:52.566Z,6.62,1,69.75,345,0,0,,,,
powertraces-pt200array_pt216_r5_7536312_80-d81f1038b4,2026-05-07T21:04:52.566Z,6.62,2,67.26,345,0,0,,,,
powertraces-pt200array_pt216_r5_7536312_80-d81f1038b4,2026-05-07T21:04:52.566Z,6.62,3,67.05,345,0,0,,,,
powertraces-pt200array_pt216_r5_7536312_80-d81f1038b4,2026-05-07T21:04:52.666Z,6.72,0,68.0,345,0,0,,,,
powertraces-pt200array_pt216_r5_7536312_80-d81f1038b4,2026-05-07T21:04:52.666Z,6.72,1,69.65,345,0,0,,,,
powertraces-pt200array_pt216_r5_7536312_80-d81f1038b4,2026-05-07T21:04:52.666Z,6.72,2,67.26,345,0,0,,,,
powertraces-pt200array_pt216_r5_7536312_80-d81f1038b4,2026-05-07T21:04:52.666Z,6.72,3,67.03,345,0,0,,,,
powertraces-pt200array_pt216_r5_7536312_80-d81f1038b4,2026-05-07T21:04:52.767Z,6.821,0,67.98,345,0,0,,,,
powertraces-pt200array_pt216_r5_7536312_80-d81f1038b4,2026-05-07T21:04:52.767Z,6.821,1,69.6,345,0,0,,,,
powertraces-pt200array_pt216_r5_7536312_80-d81f1038b4,2026-05-07T21:04:52.767Z,6.821,2,67.24,345,0,0,,,,
powertraces-pt200array_pt216_r5_7536312_80-d81f1038b4,2026-05-07T21:04:52.767Z,6.821,3,67.0,345,0,0,,,,
powertraces-pt200array_pt216_r5_7536312_80-d81f1038b4,2026-05-07T21:04:52.867Z,6.921,0,67.97,345,0,0,,,,
powertraces-pt200array_pt216_r5_7536312_80-d81f1038b4,2026-05-07T21:04:52.867Z,6.921,1,69.65,345,0,0,,,,
powertraces-pt200array_pt216_r5_7536312_80-d81f1038b4,2026-05-07T21:04:52.867Z,6.921,2,67.2,345,0,0,,,,
powertraces-pt200array_pt216_r5_7536312_80-d81f1038b4,2026-05-07T21:04:52.867Z,6.921,3,66.96,345,0,0,,,,
powertraces-pt200array_pt216_r5_7536312_80-d81f1038b4,2026-05-07T21:04:52.967Z,7.021,0,67.94,345,0,0,,,,
powertraces-pt200array_pt216_r5_7536312_80-d81f1038b4,2026-05-07T21:04:52.967Z,7.021,1,69.72,345,0,0,,,,
powertraces-pt200array_pt216_r5_7536312_80-d81f1038b4,2026-05-07T21:04:52.967Z,7.021,2,67.16,345,0,0,,,,
powertraces-pt200array_pt216_r5_7536312_80-d81f1038b4,2026-05-07T21:04:52.967Z,7.021,3,66.91,345,0,0,,,,
powertraces-pt200array_pt216_r5_7536312_80-d81f1038b4,2026-05-07T21:04:53.067Z,7.121,0,67.9,345,0,0,,,,
powertraces-pt200array_pt216_r5_7536312_80-d81f1038b4,2026-05-07T21:04:53.067Z,7.121,1,69.71,345,0,0,,,,
powertraces-pt200array_pt216_r5_7536312_80-d81f1038b4,2026-05-07T21:04:53.067Z,7.121,2,67.12,345,0,0,,,,
powertraces-pt200array_pt216_r5_7536312_80-d81f1038b4,2026-05-07T21:04:53.067Z,7.121,3,66.89,345,0,0,,,,
powertraces-pt200array_pt216_r5_7536312_80-d81f1038b4,2026-05-07T21:04:53.167Z,7.221,0,67.87,345,0,0,,,,
powertraces-pt200array_pt216_r5_7536312_80-d81f1038b4,2026-05-07T21:04:53.167Z,7.221,1,69.62,345,0,0,,,,
powertraces-pt200array_pt216_r5_7536312_80-d81f1038b4,2026-05-07T21:04:53.167Z,7.221,2,67.08,345,0,0,,,,
powertraces-pt200array_pt216_r5_7536312_80-d81f1038b4,2026-05-07T21:04:53.167Z,7.221,3,66.85,345,0,0,,,,
powertraces-pt200array_pt216_r5_7536312_80-d81f1038b4,2026-05-07T21:04:53.268Z,7.322,0,67.83,345,0,0,,,,
powertraces-pt200array_pt216_r5_7536312_80-d81f1038b4,2026-05-07T21:04:53.268Z,7.322,1,69.5,345,0,0,,,,
powertraces-pt200array_pt216_r5_7536312_80-d81f1038b4,2026-05-07T21:04:53.268Z,7.322,2,67.04,345,0,0,,,,
powertraces-pt200array_pt216_r5_7536312_80-d81f1038b4,2026-05-07T21:04:53.268Z,7.322,3,66.82,345,0,0,,,,
powertraces-pt200array_pt216_r5_7536312_80-d81f1038b4,2026-05-07T21:04:53.368Z,7.422,0,67.78,345,0,0,,,,
powertraces-pt200array_pt216_r5_7536312_80-d81f1038b4,2026-05-07T21:04:53.368Z,7.422,1,69.38,345,0,0,,,,
powertraces-pt200array_pt216_r5_7536312_80-d81f1038b4,2026-05-07T21:04:53.368Z,7.422,2,66.99,345,0,0,,,,
powertraces-pt200array_pt216_r5_7536312_80-d81f1038b4,2026-05-07T21:04:53.368Z,7.422,3,66.79,345,0,0,,,,
powertraces-pt200array_pt216_r5_7536312_80-d81f1038b4,2026-05-07T21:04:53.468Z,7.522,0,67.76,345,0,0,,,,
powertraces-pt200array_pt216_r5_7536312_80-d81f1038b4,2026-05-07T21:04:53.468Z,7.522,1,69.4,345,0,0,,,,
powertraces-pt200array_pt216_r5_7536312_80-d81f1038b4,2026-05-07T21:04:53.468Z,7.522,2,67.0,345,0,0,,,,
powertraces-pt200array_pt216_r5_7536312_80-d81f1038b4,2026-05-07T21:04:53.468Z,7.522,3,66.76,345,0,0,,,,
powertraces-pt200array_pt216_r5_7536312_80-d81f1038b4,2026-05-07T21:04:53.568Z,7.622,0,67.76,345,0,0,,,,
powertraces-pt200array_pt216_r5_7536312_80-d81f1038b4,2026-05-07T21:04:53.568Z,7.622,1,69.5,345,0,0,,,,
powertraces-pt200array_pt216_r5_7536312_80-d81f1038b4,2026-05-07T21:04:53.568Z,7.622,2,66.99,345,0,0,,,,
powertraces-pt200array_pt216_r5_7536312_80-d81f1038b4,2026-05-07T21:04:53.568Z,7.622,3,66.76,345,0,0,,,,
powertraces-pt200array_pt216_r5_7536312_80-d81f1038b4,2026-05-07T21:04:53.668Z,7.722,0,67.76,345,0,0,,,,
powertraces-pt200array_pt216_r5_7536312_80-d81f1038b4,2026-05-07T21:04:53.669Z,7.723,1,69.64,345,0,0,,,,
powertraces-pt200array_pt216_r5_7536312_80-d81f1038b4,2026-05-07T21:04:53.669Z,7.723,2,67.02,345,0,0,,,,
powertraces-pt200array_pt216_r5_7536312_80-d81f1038b4,2026-05-07T21:04:53.669Z,7.723,3,66.81,345,0,0,,,,
powertraces-pt200array_pt216_r5_7536312_80-d81f1038b4,2026-05-07T21:04:53.769Z,7.823,0,67.79,345,0,0,,,,
powertraces-pt200array_pt216_r5_7536312_80-d81f1038b4,2026-05-07T21:04:53.769Z,7.823,1,69.66,345,0,0,,,,
powertraces-pt200array_pt216_r5_7536312_80-d81f1038b4,2026-05-07T21:04:53.769Z,7.823,2,67.05,345,0,0,,,,
powertraces-pt200array_pt216_r5_7536312_80-d81f1038b4,2026-05-07T21:04:53.769Z,7.823,3,66.85,345,0,0,,,,
powertraces-pt200array_pt216_r5_7536312_80-d81f1038b4,2026-05-07T21:04:53.869Z,7.923,0,67.81,345,0,0,,,,
powertraces-pt200array_pt216_r5_7536312_80-d81f1038b4,2026-05-07T21:04:53.869Z,7.923,1,69.63,345,0,0,,,,
powertraces-pt200array_pt216_r5_7536312_80-d81f1038b4,2026-05-07T21:04:53.869Z,7.923,2,67.06,345,0,0,,,,
powertraces-pt200array_pt216_r5_7536312_80-d81f1038b4,2026-05-07T21:04:53.869Z,7.923,3,66.87,345,0,0,,,,
powertraces-pt200array_pt216_r5_7536312_80-d81f1038b4,2026-05-07T21:04:53.969Z,8.023,0,67.84,345,0,0,,,,
powertraces-pt200array_pt216_r5_7536312_80-d81f1038b4,2026-05-07T21:04:53.969Z,8.023,1,69.57,345,0,0,,,,
powertraces-pt200array_pt216_r5_7536312_80-d81f1038b4,2026-05-07T21:04:53.969Z,8.023,2,67.12,345,0,0,,,,
powertraces-pt200array_pt216_r5_7536312_80-d81f1038b4,2026-05-07T21:04:53.969Z,8.023,3,66.89,345,0,0,,,,
powertraces-pt200array_pt216_r5_7536312_80-d81f1038b4,2026-05-07T21:04:54.069Z,8.123,0,67.89,345,0,0,,,,
powertraces-pt200array_pt216_r5_7536312_80-d81f1038b4,2026-05-07T21:04:54.069Z,8.123,1,69.57,345,0,0,,,,
powertraces-pt200array_pt216_r5_7536312_80-d81f1038b4,2026-05-07T21:04:54.069Z,8.123,2,67.15,345,0,0,,,,
powertraces-pt200array_pt216_r5_7536312_80-d81f1038b4,2026-05-07T21:04:54.069Z,8.123,3,66.93,345,0,0,,,,
powertraces-pt200array_pt216_r5_7536312_80-d81f1038b4,2026-05-07T21:04:54.169Z,8.223,0,67.9,345,0,0,,,,
powertraces-pt200array_pt216_r5_7536312_80-d81f1038b4,2026-05-07T21:04:54.17Z,8.224,1,69.68,345,0,0,,,,
powertraces-pt200array_pt216_r5_7536312_80-d81f1038b4,2026-05-07T21:04:54.17Z,8.224,2,67.18,345,0,0,,,,
powertraces-pt200array_pt216_r5_7536312_80-d81f1038b4,2026-05-07T21:04:54.17Z,8.224,3,66.95,345,0,0,,,,
powertraces-pt200array_pt216_r5_7536312_80-d81f1038b4,2026-05-07T21:04:54.27Z,8.324,0,67.94,345,0,0,,,,
powertraces-pt200array_pt216_r5_7536312_80-d81f1038b4,2026-05-07T21:04:54.27Z,8.324,1,69.8,345,0,0,,,,
powertraces-pt200array_pt216_r5_7536312_80-d81f1038b4,2026-05-07T21:04:54.27Z,8.324,2,67.21,345,0,0,,,,
powertraces-pt200array_pt216_r5_7536312_80-d81f1038b4,2026-05-07T21:04:54.27Z,8.324,3,66.99,345,0,0,,,,
powertraces-pt200array_pt216_r5_7536312_80-d81f1038b4,2026-05-07T21:04:54.37Z,8.424,0,67.99,345,0,0,,,,
powertraces-pt200array_pt216_r5_7536312_80-d81f1038b4,2026-05-07T21:04:54.37Z,8.424,1,69.89,345,0,0,,,,
powertraces-pt200array_pt216_r5_7536312_80-d81f1038b4,2026-05-07T21:04:54.37Z,8.424,2,67.25,345,0,0,,,,
powertraces-pt200array_pt216_r5_7536312_80-d81f1038b4,2026-05-07T21:04:54.37Z,8.424,3,67.01,345,0,0,,,,
powertraces-pt200array_pt216_r5_7536312_80-d81f1038b4,2026-05-07T21:04:54.47Z,8.524,0,68.02,345,0,0,,,,
powertraces-pt200array_pt216_r5_7536312_80-d81f1038b4,2026-05-07T21:04:54.47Z,8.524,1,69.9,345,0,0,,,,
powertraces-pt200array_pt216_r5_7536312_80-d81f1038b4,2026-05-07T21:04:54.47Z,8.524,2,67.28,345,0,0,,,,
powertraces-pt200array_pt216_r5_7536312_80-d81f1038b4,2026-05-07T21:04:54.47Z,8.524,3,67.04,345,0,0,,,,
powertraces-pt200array_pt216_r5_7536312_80-d81f1038b4,2026-05-07T21:04:54.57Z,8.624,0,68.01,345,0,0,,,,
powertraces-pt200array_pt216_r5_7536312_80-d81f1038b4,2026-05-07T21:04:54.57Z,8.624,1,69.81,345,0,0,,,,
powertraces-pt200array_pt216_r5_7536312_80-d81f1038b4,2026-05-07T21:04:54.57Z,8.624,2,67.28,345,0,0,,,,
powertraces-pt200array_pt216_r5_7536312_80-d81f1038b4,2026-05-07T21:04:54.57Z,8.624,3,67.05,345,0,0,,,,
powertraces-pt200array_pt216_r5_7536312_80-d81f1038b4,2026-05-07T21:04:54.671Z,8.725,0,68.03,345,0,0,,,,
powertraces-pt200array_pt216_r5_7536312_80-d81f1038b4,2026-05-07T21:04:54.671Z,8.725,1,69.68,345,0,0,,,,
powertraces-pt200array_pt216_r5_7536312_80-d81f1038b4,2026-05-07T21:04:54.671Z,8.725,2,67.27,345,0,0,,,,
powertraces-pt200array_pt216_r5_7536312_80-d81f1038b4,2026-05-07T21:04:54.671Z,8.725,3,67.03,345,0,0,,,,
powertraces-pt200array_pt216_r5_7536312_80-d81f1038b4,2026-05-07T21:04:54.771Z,8.825,0,68.02,345,0,0,,,,
powertraces-pt200array_pt216_r5_7536312_80-d81f1038b4,2026-05-07T21:04:54.771Z,8.825,1,69.66,345,0,0,,,,
powertraces-pt200array_pt216_r5_7536312_80-d81f1038b4,2026-05-07T21:04:54.771Z,8.825,2,67.25,345,0,0,,,,
powertraces-pt200array_pt216_r5_7536312_80-d81f1038b4,2026-05-07T21:04:54.771Z,8.825,3,67.02,345,0,0,,,,
powertraces-pt200array_pt216_r5_7536312_80-d81f1038b4,2026-05-07T21:04:54.871Z,8.925,0,67.99,345,0,0,,,,
powertraces-pt200array_pt216_r5_7536312_80-d81f1038b4,2026-05-07T21:04:54.871Z,8.925,1,69.75,345,0,0,,,,
powertraces-pt200array_pt216_r5_7536312_80-d81f1038b4,2026-05-07T21:04:54.871Z,8.925,2,67.23,345,0,0,,,,
powertraces-pt200array_pt216_r5_7536312_80-d81f1038b4,2026-05-07T21:04:54.871Z,8.925,3,67.03,345,0,0,,,,
powertraces-pt200array_pt216_r5_7536312_80-d81f1038b4,2026-05-07T21:04:54.971Z,9.025,0,67.96,345,0,0,,,,
powertraces-pt200array_pt216_r5_7536312_80-d81f1038b4,2026-05-07T21:04:54.971Z,9.025,1,69.84,345,0,0,,,,
powertraces-pt200array_pt216_r5_7536312_80-d81f1038b4,2026-05-07T21:04:54.971Z,9.025,2,67.19,345,0,0,,,,
powertraces-pt200array_pt216_r5_7536312_80-d81f1038b4,2026-05-07T21:04:54.971Z,9.025,3,67.01,345,0,0,,,,
powertraces-pt200array_pt216_r5_7536312_80-d81f1038b4,2026-05-07T21:04:55.071Z,9.125,0,67.93,345,0,0,,,,
powertraces-pt200array_pt216_r5_7536312_80-d81f1038b4,2026-05-07T21:04:55.071Z,9.125,1,69.84,345,0,0,,,,
powertraces-pt200array_pt216_r5_7536312_80-d81f1038b4,2026-05-07T21:04:55.071Z,9.125,2,67.15,345,0,0,,,,
powertraces-pt200array_pt216_r5_7536312_80-d81f1038b4,2026-05-07T21:04:55.071Z,9.125,3,66.97,345,0,0,,,,
powertraces-pt200array_pt216_r5_7536312_80-d81f1038b4,2026-05-07T21:04:55.172Z,9.226,0,67.9,345,0,0,,,,
powertraces-pt200array_pt216_r5_7536312_80-d81f1038b4,2026-05-07T21:04:55.172Z,9.226,1,69.75,345,0,0,,,,
powertraces-pt200array_pt216_r5_7536312_80-d81f1038b4,2026-05-07T21:04:55.172Z,9.226,2,67.12,345,0,0,,,,
powertraces-pt200array_pt216_r5_7536312_80-d81f1038b4,2026-05-07T21:04:55.172Z,9.226,3,66.93,345,0,0,,,,
powertraces-pt200array_pt216_r5_7536312_80-d81f1038b4,2026-05-07T21:04:55.272Z,9.326,0,67.86,345,0,0,,,,
powertraces-pt200array_pt216_r5_7536312_80-d81f1038b4,2026-05-07T21:04:55.272Z,9.326,1,69.61,345,0,0,,,,
powertraces-pt200array_pt216_r5_7536312_80-d81f1038b4,2026-05-07T21:04:55.272Z,9.326,2,67.1,345,0,0,,,,
powertraces-pt200array_pt216_r5_7536312_80-d81f1038b4,2026-05-07T21:04:55.272Z,9.326,3,66.91,345,0,0,,,,
powertraces-pt200array_pt216_r5_7536312_80-d81f1038b4,2026-05-07T21:04:55.372Z,9.426,0,67.83,345,0,0,,,,
powertraces-pt200array_pt216_r5_7536312_80-d81f1038b4,2026-05-07T21:04:55.372Z,9.426,1,69.51,345,0,0,,,,
powertraces-pt200array_pt216_r5_7536312_80-d81f1038b4,2026-05-07T21:04:55.372Z,9.426,2,67.04,345,0,0,,,,
powertraces-pt200array_pt216_r5_7536312_80-d81f1038b4,2026-05-07T21:04:55.372Z,9.426,3,66.89,345,0,0,,,,
powertraces-pt200array_pt216_r5_7536312_80-d81f1038b4,2026-05-07T21:04:55.472Z,9.526,0,67.79,345,0,0,,,,
powertraces-pt200array_pt216_r5_7536312_80-d81f1038b4,2026-05-07T21:04:55.472Z,9.526,1,69.49,345,0,0,,,,
powertraces-pt200array_pt216_r5_7536312_80-d81f1038b4,2026-05-07T21:04:55.472Z,9.526,2,67.0,345,0,0,,,,
powertraces-pt200array_pt216_r5_7536312_80-d81f1038b4,2026-05-07T21:04:55.472Z,9.526,3,66.87,345,0,0,,,,
powertraces-pt200array_pt216_r5_7536312_80-d81f1038b4,2026-05-07T21:04:55.572Z,9.626,0,67.75,345,0,0,,,,
powertraces-pt200array_pt216_r5_7536312_80-d81f1038b4,2026-05-07T21:04:55.572Z,9.626,1,69.6,345,0,0,,,,
powertraces-pt200array_pt216_r5_7536312_80-d81f1038b4,2026-05-07T21:04:55.572Z,9.626,2,66.98,345,0,0,,,,
powertraces-pt200array_pt216_r5_7536312_80-d81f1038b4,2026-05-07T21:04:55.572Z,9.626,3,66.83,345,0,0,,,,
powertraces-pt200array_pt216_r5_7536312_80-d81f1038b4,2026-05-07T21:04:55.673Z,9.727,0,67.73,345,0,0,,,,
powertraces-pt200array_pt216_r5_7536312_80-d81f1038b4,2026-05-07T21:04:55.673Z,9.727,1,69.66,345,0,0,,,,
powertraces-pt200array_pt216_r5_7536312_80-d81f1038b4,2026-05-07T21:04:55.673Z,9.727,2,66.97,345,0,0,,,,
powertraces-pt200array_pt216_r5_7536312_80-d81f1038b4,2026-05-07T21:04:55.673Z,9.727,3,66.8,345,0,0,,,,
powertraces-pt200array_pt216_r5_7536312_80-d81f1038b4,2026-05-07T21:04:55.773Z,9.827,0,67.71,345,0,0,,,,
powertraces-pt200array_pt216_r5_7536312_80-d81f1038b4,2026-05-07T21:04:55.773Z,9.827,1,69.62,345,0,0,,,,
powertraces-pt200array_pt216_r5_7536312_80-d81f1038b4,2026-05-07T21:04:55.773Z,9.827,2,66.94,345,0,0,,,,
powertraces-pt200array_pt216_r5_7536312_80-d81f1038b4,2026-05-07T21:04:55.773Z,9.827,3,66.78,345,0,0,,,,
powertraces-pt200array_pt216_r5_7536312_80-d81f1038b4,2026-05-07T21:04:55.873Z,9.927,0,67.72,345,0,0,,,,
powertraces-pt200array_pt216_r5_7536312_80-d81f1038b4,2026-05-07T21:04:55.873Z,9.927,1,69.53,345,0,0,,,,
powertraces-pt200array_pt216_r5_7536312_80-d81f1038b4,2026-05-07T21:04:55.873Z,9.927,2,66.92,345,0,0,,,,
powertraces-pt200array_pt216_r5_7536312_80-d81f1038b4,2026-05-07T21:04:55.873Z,9.927,3,66.75,345,0,0,,,,
powertraces-pt200array_pt216_r5_7536312_80-d81f1038b4,2026-05-07T21:04:55.973Z,10.027,0,67.71,345,0,0,,,,
powertraces-pt200array_pt216_r5_7536312_80-d81f1038b4,2026-05-07T21:04:55.973Z,10.027,1,69.41,345,0,0,,,,
powertraces-pt200array_pt216_r5_7536312_80-d81f1038b4,2026-05-07T21:04:55.973Z,10.027,2,66.91,345,0,0,,,,
powertraces-pt200array_pt216_r5_7536312_80-d81f1038b4,2026-05-07T21:04:55.973Z,10.027,3,66.76,345,0,0,,,,
powertraces-pt200array_pt216_r5_7536312_80-d81f1038b4,2026-05-07T21:04:56.073Z,10.127,0,67.69,345,0,0,,,,
powertraces-pt200array_pt216_r5_7536312_80-d81f1038b4,2026-05-07T21:04:56.074Z,10.128,1,69.34,345,0,0,,,,
powertraces-pt200array_pt216_r5_7536312_80-d81f1038b4,2026-05-07T21:04:56.074Z,10.128,2,66.92,345,0,0,,,,
powertraces-pt200array_pt216_r5_7536312_80-d81f1038b4,2026-05-07T21:04:56.074Z,10.128,3,66.75,345,0,0,,,,
powertraces-pt200array_pt216_r5_7536312_80-d81f1038b4,2026-05-07T21:04:56.174Z,10.228,0,67.68,345,0,0,,,,
powertraces-pt200array_pt216_r5_7536312_80-d81f1038b4,2026-05-07T21:04:56.174Z,10.228,1,69.42,345,0,0,,,,
powertraces-pt200array_pt216_r5_7536312_80-d81f1038b4,2026-05-07T21:04:56.174Z,10.228,2,66.91,345,0,0,,,,
powertraces-pt200array_pt216_r5_7536312_80-d81f1038b4,2026-05-07T21:04:56.174Z,10.228,3,66.76,345,0,0,,,,
powertraces-pt200array_pt216_r5_7536312_80-d81f1038b4,2026-05-07T21:04:56.274Z,10.328,0,67.7,345,0,0,,,,
powertraces-pt200array_pt216_r5_7536312_80-d81f1038b4,2026-05-07T21:04:56.274Z,10.328,1,69.55,345,0,0,,,,
powertraces-pt200array_pt216_r5_7536312_80-d81f1038b4,2026-05-07T21:04:56.274Z,10.328,2,66.92,345,0,0,,,,
powertraces-pt200array_pt216_r5_7536312_80-d81f1038b4,2026-05-07T21:04:56.274Z,10.328,3,66.76,345,0,0,,,,
powertraces-pt200array_pt216_r5_7536312_80-d81f1038b4,2026-05-07T21:04:56.374Z,10.428,0,67.7,345,0,0,,,,
powertraces-pt200array_pt216_r5_7536312_80-d81f1038b4,2026-05-07T21:04:56.374Z,10.428,1,69.6,345,0,0,,,,
powertraces-pt200array_pt216_r5_7536312_80-d81f1038b4,2026-05-07T21:04:56.374Z,10.428,2,66.92,345,0,0,,,,
powertraces-pt200array_pt216_r5_7536312_80-d81f1038b4,2026-05-07T21:04:56.374Z,10.428,3,66.76,345,0,0,,,,
powertraces-pt200array_pt216_r5_7536312_80-d81f1038b4,2026-05-07T21:04:56.474Z,10.528,0,67.72,345,0,0,,,,
powertraces-pt200array_pt216_r5_7536312_80-d81f1038b4,2026-05-07T21:04:56.474Z,10.528,1,69.57,345,0,0,,,,
powertraces-pt200array_pt216_r5_7536312_80-d81f1038b4,2026-05-07T21:04:56.474Z,10.528,2,66.94,345,0,0,,,,
powertraces-pt200array_pt216_r5_7536312_80-d81f1038b4,2026-05-07T21:04:56.474Z,10.528,3,66.78,345,0,0,,,,
powertraces-pt200array_pt216_r5_7536312_80-d81f1038b4,2026-05-07T21:04:56.574Z,10.628,0,67.75,345,0,0,,,,
powertraces-pt200array_pt216_r5_7536312_80-d81f1038b4,2026-05-07T21:04:56.575Z,10.629,1,69.46,345,0,0,,,,
powertraces-pt200array_pt216_r5_7536312_80-d81f1038b4,2026-05-07T21:04:56.575Z,10.629,2,66.97,345,0,0,,,,
powertraces-pt200array_pt216_r5_7536312_80-d81f1038b4,2026-05-07T21:04:56.575Z,10.629,3,66.82,345,0,0,,,,
powertraces-pt200array_pt216_r5_7536312_80-d81f1038b4,2026-05-07T21:04:56.675Z,10.729,0,67.75,345,0,0,,,,
powertraces-pt200array_pt216_r5_7536312_80-d81f1038b4,2026-05-07T21:04:56.675Z,10.729,1,69.39,345,0,0,,,,
powertraces-pt200array_pt216_r5_7536312_80-d81f1038b4,2026-05-07T21:04:56.675Z,10.729,2,66.98,345,0,0,,,,
powertraces-pt200array_pt216_r5_7536312_80-d81f1038b4,2026-05-07T21:04:56.675Z,10.729,3,66.84,345,0,0,,,,
powertraces-pt200array_pt216_r5_7536312_80-d81f1038b4,2026-05-07T21:04:56.775Z,10.829,0,67.76,345,0,0,,,,
powertraces-pt200array_pt216_r5_7536312_80-d81f1038b4,2026-05-07T21:04:56.775Z,10.829,1,69.42,345,0,0,,,,
powertraces-pt200array_pt216_r5_7536312_80-d81f1038b4,2026-05-07T21:04:56.775Z,10.829,2,66.98,345,0,0,,,,
powertraces-pt200array_pt216_r5_7536312_80-d81f1038b4,2026-05-07T21:04:56.775Z,10.829,3,66.86,345,0,0,,,,
powertraces-pt200array_pt216_r5_7536312_80-d81f1038b4,2026-05-07T21:04:56.875Z,10.929,0,67.77,345,0,0,,,,
powertraces-pt200array_pt216_r5_7536312_80-d81f1038b4,2026-05-07T21:04:56.875Z,10.929,1,69.55,345,0,0,,,,
powertraces-pt200array_pt216_r5_7536312_80-d81f1038b4,2026-05-07T21:04:56.875Z,10.929,2,67.0,345,0,0,,,,
powertraces-pt200array_pt216_r5_7536312_80-d81f1038b4,2026-05-07T21:04:56.875Z,10.929,3,66.86,345,0,0,,,,
powertraces-pt200array_pt216_r5_7536312_80-d81f1038b4,2026-05-07T21:04:56.975Z,11.029,0,67.79,345,0,0,,,,
powertraces-pt200array_pt216_r5_7536312_80-d81f1038b4,2026-05-07T21:04:56.975Z,11.029,1,69.67,345,0,0,,,,
powertraces-pt200array_pt216_r5_7536312_80-d81f1038b4,2026-05-07T21:04:56.975Z,11.029,2,67.03,345,0,0,,,,
powertraces-pt200array_pt216_r5_7536312_80-d81f1038b4,2026-05-07T21:04:56.975Z,11.029,3,66.88,345,0,0,,,,
powertraces-pt200array_pt216_r5_7536312_80-d81f1038b4,2026-05-07T21:04:57.076Z,11.13,0,67.82,345,0,0,,,,
powertraces-pt200array_pt216_r5_7536312_80-d81f1038b4,2026-05-07T21:04:57.076Z,11.13,1,69.71,345,0,0,,,,
powertraces-pt200array_pt216_r5_7536312_80-d81f1038b4,2026-05-07T21:04:57.076Z,11.13,2,67.07,345,0,0,,,,
powertraces-pt200array_pt216_r5_7536312_80-d81f1038b4,2026-05-07T21:04:57.076Z,11.13,3,66.9,345,0,0,,,,
powertraces-pt200array_pt216_r5_7536312_80-d81f1038b4,2026-05-07T21:04:57.176Z,11.23,0,67.87,345,0,0,,,,
powertraces-pt200array_pt216_r5_7536312_80-d81f1038b4,2026-05-07T21:04:57.176Z,11.23,1,69.64,345,0,0,,,,
powertraces-pt200array_pt216_r5_7536312_80-d81f1038b4,2026-05-07T21:04:57.176Z,11.23,2,67.1,345,0,0,,,,
powertraces-pt200array_pt216_r5_7536312_80-d81f1038b4,2026-05-07T21:04:57.176Z,11.23,3,66.92,345,0,0,,,,
powertraces-pt200array_pt216_r5_7536312_80-d81f1038b4,2026-05-07T21:04:57.276Z,11.33,0,67.9,345,0,0,,,,
powertraces-pt200array_pt216_r5_7536312_80-d81f1038b4,2026-05-07T21:04:57.276Z,11.33,1,69.56,345,0,0,,,,
powertraces-pt200array_pt216_r5_7536312_80-d81f1038b4,2026-05-07T21:04:57.276Z,11.33,2,67.12,345,0,0,,,,
powertraces-pt200array_pt216_r5_7536312_80-d81f1038b4,2026-05-07T21:04:57.276Z,11.33,3,66.96,345,0,0,,,,
powertraces-pt200array_pt216_r5_7536312_80-d81f1038b4,2026-05-07T21:04:57.376Z,11.43,0,67.94,345,0,0,,,,
powertraces-pt200array_pt216_r5_7536312_80-d81f1038b4,2026-05-07T21:04:57.376Z,11.43,1,69.55,345,0,0,,,,
powertraces-pt200array_pt216_r5_7536312_80-d81f1038b4,2026-05-07T21:04:57.376Z,11.43,2,67.18,345,0,0,,,,
powertraces-pt200array_pt216_r5_7536312_80-d81f1038b4,2026-05-07T21:04:57.376Z,11.43,3,66.99,345,0,0,,,,
powertraces-pt200array_pt216_r5_7536312_80-d81f1038b4,2026-05-07T21:04:57.476Z,11.53,0,67.97,345,0,0,,,,
powertraces-pt200array_pt216_r5_7536312_80-d81f1038b4,2026-05-07T21:04:57.476Z,11.53,1,69.64,345,0,0,,,,
powertraces-pt200array_pt216_r5_7536312_80-d81f1038b4,2026-05-07T21:04:57.476Z,11.53,2,67.2,345,0,0,,,,
powertraces-pt200array_pt216_r5_7536312_80-d81f1038b4,2026-05-07T21:04:57.476Z,11.53,3,67.01,345,0,0,,,,
powertraces-pt200array_pt216_r5_7536312_80-d81f1038b4,2026-05-07T21:04:57.577Z,11.631,0,67.99,345,0,0,,,,
powertraces-pt200array_pt216_r5_7536312_80-d81f1038b4,2026-05-07T21:04:57.577Z,11.631,1,69.78,345,0,0,,,,
powertraces-pt200array_pt216_r5_7536312_80-d81f1038b4,2026-05-07T21:04:57.577Z,11.631,2,67.21,345,0,0,,,,
powertraces-pt200array_pt216_r5_7536312_80-d81f1038b4,2026-05-07T21:04:57.577Z,11.631,3,67.02,345,0,0,,,,
powertraces-pt200array_pt216_r5_7536312_80-d81f1038b4,2026-05-07T21:04:57.677Z,11.731,0,68.03,345,0,0,,,,
powertraces-pt200array_pt216_r5_7536312_80-d81f1038b4,2026-05-07T21:04:57.677Z,11.731,1,69.87,345,0,0,,,,
powertraces-pt200array_pt216_r5_7536312_80-d81f1038b4,2026-05-07T21:04:57.677Z,11.731,2,67.23,345,0,0,,,,
powertraces-pt200array_pt216_r5_7536312_80-d81f1038b4,2026-05-07T21:04:57.677Z,11.731,3,67.02,345,0,0,,,,
powertraces-pt200array_pt216_r5_7536312_80-d81f1038b4,2026-05-07T21:04:57.777Z,11.831,0,68.05,345,0,0,,,,
powertraces-pt200array_pt216_r5_7536312_80-d81f1038b4,2026-05-07T21:04:57.777Z,11.831,1,69.84,345,0,0,,,,
powertraces-pt200array_pt216_r5_7536312_80-d81f1038b4,2026-05-07T21:04:57.777Z,11.831,2,67.27,345,0,0,,,,
powertraces-pt200array_pt216_r5_7536312_80-d81f1038b4,2026-05-07T21:04:57.777Z,11.831,3,67.01,345,0,0,,,,
powertraces-pt200array_pt216_r5_7536312_80-d81f1038b4,2026-05-07T21:04:57.877Z,11.931,0,68.06,345,0,0,,,,
powertraces-pt200array_pt216_r5_7536312_80-d81f1038b4,2026-05-07T21:04:57.877Z,11.931,1,69.74,345,0,0,,,,
powertraces-pt200array_pt216_r5_7536312_80-d81f1038b4,2026-05-07T21:04:57.877Z,11.931,2,67.29,345,0,0,,,,
powertraces-pt200array_pt216_r5_7536312_80-d81f1038b4,2026-05-07T21:04:57.877Z,11.931,3,67.02,345,0,0,,,,
powertraces-pt200array_pt216_r5_7536312_80-d81f1038b4,2026-05-07T21:04:57.977Z,12.031,0,68.06,345,0,0,,,,
powertraces-pt200array_pt216_r5_7536312_80-d81f1038b4,2026-05-07T21:04:57.977Z,12.031,1,69.66,345,0,0,,,,
powertraces-pt200array_pt216_r5_7536312_80-d81f1038b4,2026-05-07T21:04:57.977Z,12.031,2,67.29,345,0,0,,,,
powertraces-pt200array_pt216_r5_7536312_80-d81f1038b4,2026-05-07T21:04:57.977Z,12.031,3,67.04,345,0,0,,,,
powertraces-pt200array_pt216_r5_7536312_80-d81f1038b4,2026-05-07T21:04:58.078Z,12.132,0,68.06,345,0,0,,,,
powertraces-pt200array_pt216_r5_7536312_80-d81f1038b4,2026-05-07T21:04:58.078Z,12.132,1,69.66,345,0,0,,,,
powertraces-pt200array_pt216_r5_7536312_80-d81f1038b4,2026-05-07T21:04:58.078Z,12.132,2,67.29,345,0,0,,,,
powertraces-pt200array_pt216_r5_7536312_80-d81f1038b4,2026-05-07T21:04:58.078Z,12.132,3,67.04,345,0,0,,,,
powertraces-pt200array_pt216_r5_7536312_80-d81f1038b4,2026-05-07T21:04:58.178Z,12.232,0,68.05,345,0,0,,,,
powertraces-pt200array_pt216_r5_7536312_80-d81f1038b4,2026-05-07T21:04:58.178Z,12.232,1,69.78,345,0,0,,,,
powertraces-pt200array_pt216_r5_7536312_80-d81f1038b4,2026-05-07T21:04:58.178Z,12.232,2,67.29,345,0,0,,,,
powertraces-pt200array_pt216_r5_7536312_80-d81f1038b4,2026-05-07T21:04:58.178Z,12.232,3,67.05,345,0,0,,,,
powertraces-pt200array_pt216_r5_7536312_80-d81f1038b4,2026-05-07T21:04:58.278Z,12.332,0,68.02,345,0,0,,,,
powertraces-pt200array_pt216_r5_7536312_80-d81f1038b4,2026-05-07T21:04:58.278Z,12.332,1,69.89,345,0,0,,,,
powertraces-pt200array_pt216_r5_7536312_80-d81f1038b4,2026-05-07T21:04:58.278Z,12.332,2,67.29,345,0,0,,,,
powertraces-pt200array_pt216_r5_7536312_80-d81f1038b4,2026-05-07T21:04:58.278Z,12.332,3,67.04,345,0,0,,,,
powertraces-pt200array_pt216_r5_7536312_80-d81f1038b4,2026-05-07T21:04:58.378Z,12.432,0,68.01,345,0,0,,,,
powertraces-pt200array_pt216_r5_7536312_80-d81f1038b4,2026-05-07T21:04:58.378Z,12.432,1,69.9,345,0,0,,,,
powertraces-pt200array_pt216_r5_7536312_80-d81f1038b4,2026-05-07T21:04:58.378Z,12.432,2,67.25,345,0,0,,,,
powertraces-pt200array_pt216_r5_7536312_80-d81f1038b4,2026-05-07T21:04:58.378Z,12.432,3,67.02,345,0,0,,,,
powertraces-pt200array_pt216_r5_7536312_80-d81f1038b4,2026-05-07T21:04:58.478Z,12.532,0,67.98,345,0,0,,,,
powertraces-pt200array_pt216_r5_7536312_80-d81f1038b4,2026-05-07T21:04:58.479Z,12.533,1,69.83,345,0,0,,,,
powertraces-pt200array_pt216_r5_7536312_80-d81f1038b4,2026-05-07T21:04:58.479Z,12.533,2,67.23,345,0,0,,,,
powertraces-pt200array_pt216_r5_7536312_80-d81f1038b4,2026-05-07T21:04:58.479Z,12.533,3,67.01,345,0,0,,,,
powertraces-pt200array_pt216_r5_7536312_80-d81f1038b4,2026-05-07T21:04:58.579Z,12.633,0,67.98,345,0,0,,,,
powertraces-pt200array_pt216_r5_7536312_80-d81f1038b4,2026-05-07T21:04:58.579Z,12.633,1,69.68,345,0,0,,,,
powertraces-pt200array_pt216_r5_7536312_80-d81f1038b4,2026-05-07T21:04:58.579Z,12.633,2,67.23,345,0,0,,,,
powertraces-pt200array_pt216_r5_7536312_80-d81f1038b4,2026-05-07T21:04:58.579Z,12.633,3,67.0,345,0,0,,,,
powertraces-pt200array_pt216_r5_7536312_80-d81f1038b4,2026-05-07T21:04:58.679Z,12.733,0,67.94,345,0,0,,,,
powertraces-pt200array_pt216_r5_7536312_80-d81f1038b4,2026-05-07T21:04:58.679Z,12.733,1,69.61,345,0,0,,,,
powertraces-pt200array_pt216_r5_7536312_80-d81f1038b4,2026-05-07T21:04:58.679Z,12.733,2,67.22,345,0,0,,,,
powertraces-pt200array_pt216_r5_7536312_80-d81f1038b4,2026-05-07T21:04:58.679Z,12.733,3,67.0,345,0,0,,,,
powertraces-pt200array_pt216_r5_7536312_80-d81f1038b4,2026-05-07T21:04:58.779Z,12.833,0,67.93,345,0,0,,,,
powertraces-pt200array_pt216_r5_7536312_80-d81f1038b4,2026-05-07T21:04:58.779Z,12.833,1,69.63,345,0,0,,,,
powertraces-pt200array_pt216_r5_7536312_80-d81f1038b4,2026-05-07T21:04:58.779Z,12.833,2,67.19,345,0,0,,,,
powertraces-pt200array_pt216_r5_7536312_80-d81f1038b4,2026-05-07T21:04:58.779Z,12.833,3,67.0,345,0,0,,,,
powertraces-pt200array_pt216_r5_7536312_80-d81f1038b4,2026-05-07T21:04:58.879Z,12.933,0,67.91,345,0,0,,,,
powertraces-pt200array_pt216_r5_7536312_80-d81f1038b4,2026-05-07T21:04:58.879Z,12.933,1,69.73,345,0,0,,,,
powertraces-pt200array_pt216_r5_7536312_80-d81f1038b4,2026-05-07T21:04:58.879Z,12.933,2,67.17,345,0,0,,,,
powertraces-pt200array_pt216_r5_7536312_80-d81f1038b4,2026-05-07T21:04:58.879Z,12.933,3,67.0,345,0,0,,,,
powertraces-pt200array_pt216_r5_7536312_80-d81f1038b4,2026-05-07T21:04:58.98Z,13.034,0,67.89,345,0,0,,,,
powertraces-pt200array_pt216_r5_7536312_80-d81f1038b4,2026-05-07T21:04:58.98Z,13.034,1,69.77,345,0,0,,,,
powertraces-pt200array_pt216_r5_7536312_80-d81f1038b4,2026-05-07T21:04:58.98Z,13.034,2,67.14,345,0,0,,,,
powertraces-pt200array_pt216_r5_7536312_80-d81f1038b4,2026-05-07T21:04:58.98Z,13.034,3,66.96,345,0,0,,,,
powertraces-pt200array_pt216_r5_7536312_80-d81f1038b4,2026-05-07T21:04:59.08Z,13.134,0,67.88,345,0,0,,,,
powertraces-pt200array_pt216_r5_7536312_80-d81f1038b4,2026-05-07T21:04:59.08Z,13.134,1,69.71,345,0,0,,,,
powertraces-pt200array_pt216_r5_7536312_80-d81f1038b4,2026-05-07T21:04:59.08Z,13.134,2,67.09,345,0,0,,,,
powertraces-pt200array_pt216_r5_7536312_80-d81f1038b4,2026-05-07T21:04:59.08Z,13.134,3,66.95,345,0,0,,,,
powertraces-pt200array_pt216_r5_7536312_80-d81f1038b4,2026-05-07T21:04:59.18Z,13.234,0,67.84,345,0,0,,,,
powertraces-pt200array_pt216_r5_7536312_80-d81f1038b4,2026-05-07T21:04:59.18Z,13.234,1,69.56,345,0,0,,,,
powertraces-pt200array_pt216_r5_7536312_80-d81f1038b4,2026-05-07T21:04:59.18Z,13.234,2,67.06,345,0,0,,,,
powertraces-pt200array_pt216_r5_7536312_80-d81f1038b4,2026-05-07T21:04:59.18Z,13.234,3,66.91,345,0,0,,,,
powertraces-pt200array_pt216_r5_7536312_80-d81f1038b4,2026-05-07T21:04:59.28Z,13.334,0,67.85,345,0,0,,,,
powertraces-pt200array_pt216_r5_7536312_80-d81f1038b4,2026-05-07T21:04:59.28Z,13.334,1,69.44,345,0,0,,,,
powertraces-pt200array_pt216_r5_7536312_80-d81f1038b4,2026-05-07T21:04:59.28Z,13.334,2,67.02,345,0,0,,,,
powertraces-pt200array_pt216_r5_7536312_80-d81f1038b4,2026-05-07T21:04:59.28Z,13.334,3,66.88,345,0,0,,,,
powertraces-pt200array_pt216_r5_7536312_80-d81f1038b4,2026-05-07T21:04:59.38Z,13.434,0,67.82,345,0,0,,,,
powertraces-pt200array_pt216_r5_7536312_80-d81f1038b4,2026-05-07T21:04:59.38Z,13.434,1,69.36,345,0,0,,,,
powertraces-pt200array_pt216_r5_7536312_80-d81f1038b4,2026-05-07T21:04:59.38Z,13.434,2,67.0,345,0,0,,,,
powertraces-pt200array_pt216_r5_7536312_80-d81f1038b4,2026-05-07T21:04:59.38Z,13.434,3,66.85,345,0,0,,,,
powertraces-pt200array_pt216_r5_7536312_80-d81f1038b4,2026-05-07T21:04:59.481Z,13.535,0,67.81,345,0,0,,,,
powertraces-pt200array_pt216_r5_7536312_80-d81f1038b4,2026-05-07T21:04:59.481Z,13.535,1,69.43,345,0,0,,,,
powertraces-pt200array_pt216_r5_7536312_80-d81f1038b4,2026-05-07T21:04:59.481Z,13.535,2,67.01,345,0,0,,,,
powertraces-pt200array_pt216_r5_7536312_80-d81f1038b4,2026-05-07T21:04:59.481Z,13.535,3,66.83,345,0,0,,,,
powertraces-pt200array_pt216_r5_7536312_80-d81f1038b4,2026-05-07T21:04:59.581Z,13.635,0,67.78,345,0,0,,,,
powertraces-pt200array_pt216_r5_7536312_80-d81f1038b4,2026-05-07T21:04:59.581Z,13.635,1,69.53,345,0,0,,,,
powertraces-pt200array_pt216_r5_7536312_80-d81f1038b4,2026-05-07T21:04:59.581Z,13.635,2,66.98,345,0,0,,,,
powertraces-pt200array_pt216_r5_7536312_80-d81f1038b4,2026-05-07T21:04:59.581Z,13.635,3,66.83,345,0,0,,,,
powertraces-pt200array_pt216_r5_7536312_80-d81f1038b4,2026-05-07T21:04:59.681Z,13.735,0,67.76,345,0,0,,,,
powertraces-pt200array_pt216_r5_7536312_80-d81f1038b4,2026-05-07T21:04:59.681Z,13.735,1,69.57,345,0,0,,,,
powertraces-pt200array_pt216_r5_7536312_80-d81f1038b4,2026-05-07T21:04:59.681Z,13.735,2,66.95,345,0,0,,,,
powertraces-pt200array_pt216_r5_7536312_80-d81f1038b4,2026-05-07T21:04:59.681Z,13.735,3,66.79,345,0,0,,,,
powertraces-pt200array_pt216_r5_7536312_80-d81f1038b4,2026-05-07T21:04:59.781Z,13.835,0,67.74,345,0,0,,,,
powertraces-pt200array_pt216_r5_7536312_80-d81f1038b4,2026-05-07T21:04:59.781Z,13.835,1,69.5,345,0,0,,,,
powertraces-pt200array_pt216_r5_7536312_80-d81f1038b4,2026-05-07T21:04:59.781Z,13.835,2,66.93,345,0,0,,,,
powertraces-pt200array_pt216_r5_7536312_80-d81f1038b4,2026-05-07T21:04:59.781Z,13.835,3,66.76,345,0,0,,,,
powertraces-pt200array_pt216_r5_7536312_80-d81f1038b4,2026-05-07T21:04:59.881Z,13.935,0,67.7,345,0,0,,,,
powertraces-pt200array_pt216_r5_7536312_80-d81f1038b4,2026-05-07T21:04:59.881Z,13.935,1,69.4,345,0,0,,,,
powertraces-pt200array_pt216_r5_7536312_80-d81f1038b4,2026-05-07T21:04:59.881Z,13.935,2,66.92,345,0,0,,,,
powertraces-pt200array_pt216_r5_7536312_80-d81f1038b4,2026-05-07T21:04:59.882Z,13.936,3,66.74,345,0,0,,,,
powertraces-pt200array_pt216_r5_7536312_80-d81f1038b4,2026-05-07T21:04:59.982Z,14.036,0,67.71,345,0,0,,,,
powertraces-pt200array_pt216_r5_7536312_80-d81f1038b4,2026-05-07T21:04:59.982Z,14.036,1,69.31,345,0,0,,,,
powertraces-pt200array_pt216_r5_7536312_80-d81f1038b4,2026-05-07T21:04:59.982Z,14.036,2,66.92,345,0,0,,,,
powertraces-pt200array_pt216_r5_7536312_80-d81f1038b4,2026-05-07T21:04:59.982Z,14.036,3,66.75,345,0,0,,,,
powertraces-pt200array_pt216_r5_7536312_80-d81f1038b4,2026-05-07T21:05:00.082Z,14.136,0,67.72,345,0,0,,,,
powertraces-pt200array_pt216_r5_7536312_80-d81f1038b4,2026-05-07T21:05:00.082Z,14.136,1,69.33,345,0,0,,,,
powertraces-pt200array_pt216_r5_7536312_80-d81f1038b4,2026-05-07T21:05:00.082Z,14.136,2,66.93,345,0,0,,,,
powertraces-pt200array_pt216_r5_7536312_80-d81f1038b4,2026-05-07T21:05:00.082Z,14.136,3,66.75,345,0,0,,,,
powertraces-pt200array_pt216_r5_7536312_80-d81f1038b4,2026-05-07T21:05:00.182Z,14.236,0,67.73,345,0,0,,,,
powertraces-pt200array_pt216_r5_7536312_80-d81f1038b4,2026-05-07T21:05:00.182Z,14.236,1,69.46,345,0,0,,,,
powertraces-pt200array_pt216_r5_7536312_80-d81f1038b4,2026-05-07T21:05:00.182Z,14.236,2,66.95,345,0,0,,,,
powertraces-pt200array_pt216_r5_7536312_80-d81f1038b4,2026-05-07T21:05:00.182Z,14.236,3,66.76,345,0,0,,,,
powertraces-pt200array_pt216_r5_7536312_80-d81f1038b4,2026-05-07T21:05:00.282Z,14.336,0,67.72,345,0,0,,,,
powertraces-pt200array_pt216_r5_7536312_80-d81f1038b4,2026-05-07T21:05:00.282Z,14.336,1,69.59,345,0,0,,,,
powertraces-pt200array_pt216_r5_7536312_80-d81f1038b4,2026-05-07T21:05:00.282Z,14.336,2,66.95,345,0,0,,,,
powertraces-pt200array_pt216_r5_7536312_80-d81f1038b4,2026-05-07T21:05:00.282Z,14.336,3,66.78,345,0,0,,,,
powertraces-pt200array_pt216_r5_7536312_80-d81f1038b4,2026-05-07T21:05:00.382Z,14.436,0,67.72,345,0,0,,,,
powertraces-pt200array_pt216_r5_7536312_80-d81f1038b4,2026-05-07T21:05:00.383Z,14.437,1,69.62,345,0,0,,,,
powertraces-pt200array_pt216_r5_7536312_80-d81f1038b4,2026-05-07T21:05:00.383Z,14.437,2,66.96,345,0,0,,,,
powertraces-pt200array_pt216_r5_7536312_80-d81f1038b4,2026-05-07T21:05:00.383Z,14.437,3,66.78,345,0,0,,,,
powertraces-pt200array_pt216_r5_7536312_80-d81f1038b4,2026-05-07T21:05:00.483Z,14.537,0,67.72,345,0,0,,,,
powertraces-pt200array_pt216_r5_7536312_80-d81f1038b4,2026-05-07T21:05:00.483Z,14.537,1,69.56,345,0,0,,,,
powertraces-pt200array_pt216_r5_7536312_80-d81f1038b4,2026-05-07T21:05:00.483Z,14.537,2,66.95,345,0,0,,,,
powertraces-pt200array_pt216_r5_7536312_80-d81f1038b4,2026-05-07T21:05:00.483Z,14.537,3,66.78,345,0,0,,,,
powertraces-pt200array_pt216_r5_7536312_80-d81f1038b4,2026-05-07T21:05:00.583Z,14.637,0,67.73,345,0,0,,,,
powertraces-pt200array_pt216_r5_7536312_80-d81f1038b4,2026-05-07T21:05:00.583Z,14.637,1,69.44,345,0,0,,,,
powertraces-pt200array_pt216_r5_7536312_80-d81f1038b4,2026-05-07T21:05:00.583Z,14.637,2,66.97,345,0,0,,,,
powertraces-pt200array_pt216_r5_7536312_80-d81f1038b4,2026-05-07T21:05:00.583Z,14.637,3,66.79,345,0,0,,,,
powertraces-pt200array_pt216_r5_7536312_80-d81f1038b4,2026-05-07T21:05:00.683Z,14.737,0,67.75,345,0,0,,,,
powertraces-pt200array_pt216_r5_7536312_80-d81f1038b4,2026-05-07T21:05:00.683Z,14.737,1,69.4,345,0,0,,,,
powertraces-pt200array_pt216_r5_7536312_80-d81f1038b4,2026-05-07T21:05:00.683Z,14.737,2,66.98,345,0,0,,,,
powertraces-pt200array_pt216_r5_7536312_80-d81f1038b4,2026-05-07T21:05:00.683Z,14.737,3,66.82,345,0,0,,,,
powertraces-pt200array_pt216_r5_7536312_80-d81f1038b4,2026-05-07T21:05:00.783Z,14.837,0,67.76,345,0,0,,,,
powertraces-pt200array_pt216_r5_7536312_80-d81f1038b4,2026-05-07T21:05:00.783Z,14.837,1,69.48,345,0,0,,,,
powertraces-pt200array_pt216_r5_7536312_80-d81f1038b4,2026-05-07T21:05:00.783Z,14.837,2,66.99,345,0,0,,,,
powertraces-pt200array_pt216_r5_7536312_80-d81f1038b4,2026-05-07T21:05:00.783Z,14.837,3,66.83,345,0,0,,,,
powertraces-pt200array_pt216_r5_7536312_80-d81f1038b4,2026-05-07T21:05:00.884Z,14.938,0,67.77,345,0,0,,,,
powertraces-pt200array_pt216_r5_7536312_80-d81f1038b4,2026-05-07T21:05:00.884Z,14.938,1,69.6,345,0,0,,,,
powertraces-pt200array_pt216_r5_7536312_80-d81f1038b4,2026-05-07T21:05:00.884Z,14.938,2,66.99,345,0,0,,,,
powertraces-pt200array_pt216_r5_7536312_80-d81f1038b4,2026-05-07T21:05:00.884Z,14.938,3,66.83,345,0,0,,,,
powertraces-pt200array_pt216_r5_7536312_80-d81f1038b4,2026-05-07T21:05:00.984Z,15.038,0,67.76,345,0,0,,,,
powertraces-pt200array_pt216_r5_7536312_80-d81f1038b4,2026-05-07T21:05:00.984Z,15.038,1,69.68,345,0,0,,,,
powertraces-pt200array_pt216_r5_7536312_80-d81f1038b4,2026-05-07T21:05:00.984Z,15.038,2,66.99,345,0,0,,,,
powertraces-pt200array_pt216_r5_7536312_80-d81f1038b4,2026-05-07T21:05:00.984Z,15.038,3,66.83,345,0,0,,,,
powertraces-pt200array_pt216_r5_7536312_80-d81f1038b4,2026-05-07T21:05:01.084Z,15.138,0,67.75,345,0,0,,,,
powertraces-pt200array_pt216_r5_7536312_80-d81f1038b4,2026-05-07T21:05:01.084Z,15.138,1,69.65,345,0,0,,,,
powertraces-pt200array_pt216_r5_7536312_80-d81f1038b4,2026-05-07T21:05:01.084Z,15.138,2,66.99,345,0,0,,,,
powertraces-pt200array_pt216_r5_7536312_80-d81f1038b4,2026-05-07T21:05:01.084Z,15.138,3,66.83,345,0,0,,,,
powertraces-pt200array_pt216_r5_7536312_80-d81f1038b4,2026-05-07T21:05:01.184Z,15.238,0,67.75,345,0,0,,,,
powertraces-pt200array_pt216_r5_7536312_80-d81f1038b4,2026-05-07T21:05:01.184Z,15.238,1,69.55,345,0,0,,,,
powertraces-pt200array_pt216_r5_7536312_80-d81f1038b4,2026-05-07T21:05:01.184Z,15.238,2,67.0,345,0,0,,,,
powertraces-pt200array_pt216_r5_7536312_80-d81f1038b4,2026-05-07T21:05:01.184Z,15.238,3,66.84,345,0,0,,,,
powertraces-pt200array_pt216_r5_7536312_80-d81f1038b4,2026-05-07T21:05:01.284Z,15.338,0,67.75,345,0,0,,,,
powertraces-pt200array_pt216_r5_7536312_80-d81f1038b4,2026-05-07T21:05:01.284Z,15.338,1,69.44,345,0,0,,,,
powertraces-pt200array_pt216_r5_7536312_80-d81f1038b4,2026-05-07T21:05:01.284Z,15.338,2,67.02,345,0,0,,,,
powertraces-pt200array_pt216_r5_7536312_80-d81f1038b4,2026-05-07T21:05:01.284Z,15.338,3,66.86,345,0,0,,,,
powertraces-pt200array_pt216_r5_7536312_80-d81f1038b4,2026-05-07T21:05:01.385Z,15.439,0,67.75,345,0,0,,,,
powertraces-pt200array_pt216_r5_7536312_80-d81f1038b4,2026-05-07T21:05:01.385Z,15.439,1,69.43,345,0,0,,,,
powertraces-pt200array_pt216_r5_7536312_80-d81f1038b4,2026-05-07T21:05:01.385Z,15.439,2,67.01,345,0,0,,,,
powertraces-pt200array_pt216_r5_7536312_80-d81f1038b4,2026-05-07T21:05:01.385Z,15.439,3,66.89,345,0,0,,,,
powertraces-pt200array_pt216_r5_7536312_80-d81f1038b4,2026-05-07T21:05:01.485Z,15.539,0,67.77,345,0,0,,,,
powertraces-pt200array_pt216_r5_7536312_80-d81f1038b4,2026-05-07T21:05:01.485Z,15.539,1,69.51,345,0,0,,,,
powertraces-pt200array_pt216_r5_7536312_80-d81f1038b4,2026-05-07T21:05:01.485Z,15.539,2,67.02,345,0,0,,,,
powertraces-pt200array_pt216_r5_7536312_80-d81f1038b4,2026-05-07T21:05:01.485Z,15.539,3,66.91,345,0,0,,,,
powertraces-pt200array_pt216_r5_7536312_80-d81f1038b4,2026-05-07T21:05:01.585Z,15.639,0,67.78,345,0,0,,,,
powertraces-pt200array_pt216_r5_7536312_80-d81f1038b4,2026-05-07T21:05:01.585Z,15.639,1,69.65,345,0,0,,,,
powertraces-pt200array_pt216_r5_7536312_80-d81f1038b4,2026-05-07T21:05:01.585Z,15.639,2,67.01,345,0,0,,,,
powertraces-pt200array_pt216_r5_7536312_80-d81f1038b4,2026-05-07T21:05:01.585Z,15.639,3,66.9,345,0,0,,,,
powertraces-pt200array_pt216_r5_7536312_80-d81f1038b4,2026-05-07T21:05:01.685Z,15.739,0,67.81,345,0,0,,,,
powertraces-pt200array_pt216_r5_7536312_80-d81f1038b4,2026-05-07T21:05:01.685Z,15.739,1,69.68,345,0,0,,,,
powertraces-pt200array_pt216_r5_7536312_80-d81f1038b4,2026-05-07T21:05:01.685Z,15.739,2,67.05,345,0,0,,,,
powertraces-pt200array_pt216_r5_7536312_80-d81f1038b4,2026-05-07T21:05:01.685Z,15.739,3,66.91,345,0,0,,,,
powertraces-pt200array_pt216_r5_7536312_80-d81f1038b4,2026-05-07T21:05:01.785Z,15.839,0,67.81,345,0,0,,,,
powertraces-pt200array_pt216_r5_7536312_80-d81f1038b4,2026-05-07T21:05:01.785Z,15.839,1,69.64,345,0,0,,,,
powertraces-pt200array_pt216_r5_7536312_80-d81f1038b4,2026-05-07T21:05:01.785Z,15.839,2,67.05,345,0,0,,,,
powertraces-pt200array_pt216_r5_7536312_80-d81f1038b4,2026-05-07T21:05:01.785Z,15.839,3,66.92,345,0,0,,,,
powertraces-pt200array_pt216_r5_7536312_80-d81f1038b4,2026-05-07T21:05:01.886Z,15.94,0,67.83,345,0,0,,,,
powertraces-pt200array_pt216_r5_7536312_80-d81f1038b4,2026-05-07T21:05:01.886Z,15.94,1,69.51,345,0,0,,,,
powertraces-pt200array_pt216_r5_7536312_80-d81f1038b4,2026-05-07T21:05:01.886Z,15.94,2,67.07,345,0,0,,,,
powertraces-pt200array_pt216_r5_7536312_80-d81f1038b4,2026-05-07T21:05:01.886Z,15.94,3,66.95,345,0,0,,,,
powertraces-pt200array_pt216_r5_7536312_80-d81f1038b4,2026-05-07T21:05:01.986Z,16.04,0,67.88,345,0,0,,,,
powertraces-pt200array_pt216_r5_7536312_80-d81f1038b4,2026-05-07T21:05:01.986Z,16.04,1,69.44,345,0,0,,,,
powertraces-pt200array_pt216_r5_7536312_80-d81f1038b4,2026-05-07T21:05:01.986Z,16.04,2,67.07,345,0,0,,,,
powertraces-pt200array_pt216_r5_7536312_80-d81f1038b4,2026-05-07T21:05:01.986Z,16.04,3,66.94,345,0,0,,,,
powertraces-pt200array_pt216_r5_7536312_80-d81f1038b4,2026-05-07T21:05:02.086Z,16.14,0,67.89,345,0,0,,,,
powertraces-pt200array_pt216_r5_7536312_80-d81f1038b4,2026-05-07T21:05:02.086Z,16.14,1,69.47,345,0,0,,,,
powertraces-pt200array_pt216_r5_7536312_80-d81f1038b4,2026-05-07T21:05:02.086Z,16.14,2,67.09,345,0,0,,,,
powertraces-pt200array_pt216_r5_7536312_80-d81f1038b4,2026-05-07T21:05:02.086Z,16.14,3,66.93,345,0,0,,,,
powertraces-pt200array_pt216_r5_7536312_80-d81f1038b4,2026-05-07T21:05:02.186Z,16.24,0,67.88,345,0,0,,,,
powertraces-pt200array_pt216_r5_7536312_80-d81f1038b4,2026-05-07T21:05:02.186Z,16.24,1,69.58,345,0,0,,,,
powertraces-pt200array_pt216_r5_7536312_80-d81f1038b4,2026-05-07T21:05:02.186Z,16.24,2,67.08,345,0,0,,,,
powertraces-pt200array_pt216_r5_7536312_80-d81f1038b4,2026-05-07T21:05:02.186Z,16.24,3,66.92,345,0,0,,,,
powertraces-pt200array_pt216_r5_7536312_80-d81f1038b4,2026-05-07T21:05:02.286Z,16.34,0,67.89,345,0,0,,,,
powertraces-pt200array_pt216_r5_7536312_80-d81f1038b4,2026-05-07T21:05:02.287Z,16.341,1,69.67,345,0,0,,,,
powertraces-pt200array_pt216_r5_7536312_80-d81f1038b4,2026-05-07T21:05:02.287Z,16.341,2,67.09,345,0,0,,,,
powertraces-pt200array_pt216_r5_7536312_80-d81f1038b4,2026-05-07T21:05:02.287Z,16.341,3,66.89,345,0,0,,,,
powertraces-pt200array_pt216_r5_7536312_80-d81f1038b4,2026-05-07T21:05:02.387Z,16.441,0,67.87,345,0,0,,,,
powertraces-pt200array_pt216_r5_7536312_80-d81f1038b4,2026-05-07T21:05:02.387Z,16.441,1,69.66,345,0,0,,,,
powertraces-pt200array_pt216_r5_7536312_80-d81f1038b4,2026-05-07T21:05:02.387Z,16.441,2,67.08,345,0,0,,,,
powertraces-pt200array_pt216_r5_7536312_80-d81f1038b4,2026-05-07T21:05:02.387Z,16.441,3,66.87,345,0,0,,,,
powertraces-pt200array_pt216_r5_7536312_80-d81f1038b4,2026-05-07T21:05:02.487Z,16.541,0,67.84,345,0,0,,,,
powertraces-pt200array_pt216_r5_7536312_80-d81f1038b4,2026-05-07T21:05:02.487Z,16.541,1,69.56,345,0,0,,,,
powertraces-pt200array_pt216_r5_7536312_80-d81f1038b4,2026-05-07T21:05:02.487Z,16.541,2,67.08,345,0,0,,,,
powertraces-pt200array_pt216_r5_7536312_80-d81f1038b4,2026-05-07T21:05:02.487Z,16.541,3,66.85,345,0,0,,,,
powertraces-pt200array_pt216_r5_7536312_80-d81f1038b4,2026-05-07T21:05:02.587Z,16.641,0,67.82,345,0,0,,,,
powertraces-pt200array_pt216_r5_7536312_80-d81f1038b4,2026-05-07T21:05:02.587Z,16.641,1,69.43,345,0,0,,,,
powertraces-pt200array_pt216_r5_7536312_80-d81f1038b4,2026-05-07T21:05:02.587Z,16.641,2,67.06,345,0,0,,,,
powertraces-pt200array_pt216_r5_7536312_80-d81f1038b4,2026-05-07T21:05:02.587Z,16.641,3,66.83,345,0,0,,,,
powertraces-pt200array_pt216_r5_7536312_80-d81f1038b4,2026-05-07T21:05:02.687Z,16.741,0,67.8,345,0,0,,,,
powertraces-pt200array_pt216_r5_7536312_80-d81f1038b4,2026-05-07T21:05:02.687Z,16.741,1,69.39,345,0,0,,,,
powertraces-pt200array_pt216_r5_7536312_80-d81f1038b4,2026-05-07T21:05:02.687Z,16.741,2,67.04,345,0,0,,,,
powertraces-pt200array_pt216_r5_7536312_80-d81f1038b4,2026-05-07T21:05:02.687Z,16.741,3,66.82,345,0,0,,,,
powertraces-pt200array_pt216_r5_7536312_80-d81f1038b4,2026-05-07T21:05:02.787Z,16.841,0,67.78,345,0,0,,,,
powertraces-pt200array_pt216_r5_7536312_80-d81f1038b4,2026-05-07T21:05:02.788Z,16.842,1,69.44,345,0,0,,,,
powertraces-pt200array_pt216_r5_7536312_80-d81f1038b4,2026-05-07T21:05:02.788Z,16.842,2,67.02,345,0,0,,,,
powertraces-pt200array_pt216_r5_7536312_80-d81f1038b4,2026-05-07T21:05:02.788Z,16.842,3,66.82,345,0,0,,,,
powertraces-pt200array_pt216_r5_7536312_80-d81f1038b4,2026-05-07T21:05:02.888Z,16.942,0,67.76,345,0,0,,,,
powertraces-pt200array_pt216_r5_7536312_80-d81f1038b4,2026-05-07T21:05:02.888Z,16.942,1,69.58,345,0,0,,,,
powertraces-pt200array_pt216_r5_7536312_80-d81f1038b4,2026-05-07T21:05:02.888Z,16.942,2,67.03,345,0,0,,,,
powertraces-pt200array_pt216_r5_7536312_80-d81f1038b4,2026-05-07T21:05:02.888Z,16.942,3,66.81,345,0,0,,,,
powertraces-pt200array_pt216_r5_7536312_80-d81f1038b4,2026-05-07T21:05:02.988Z,17.042,0,67.74,345,0,0,,,,
powertraces-pt200array_pt216_r5_7536312_80-d81f1038b4,2026-05-07T21:05:02.988Z,17.042,1,69.62,345,0,0,,,,
powertraces-pt200array_pt216_r5_7536312_80-d81f1038b4,2026-05-07T21:05:02.988Z,17.042,2,67.04,345,0,0,,,,
powertraces-pt200array_pt216_r5_7536312_80-d81f1038b4,2026-05-07T21:05:02.988Z,17.042,3,66.81,345,0,0,,,,
powertraces-pt200array_pt216_r5_7536312_80-d81f1038b4,2026-05-07T21:05:03.088Z,17.142,0,67.72,345,0,0,,,,
powertraces-pt200array_pt216_r5_7536312_80-d81f1038b4,2026-05-07T21:05:03.088Z,17.142,1,69.58,345,0,0,,,,
powertraces-pt200array_pt216_r5_7536312_80-d81f1038b4,2026-05-07T21:05:03.088Z,17.142,2,67.02,345,0,0,,,,
powertraces-pt200array_pt216_r5_7536312_80-d81f1038b4,2026-05-07T21:05:03.088Z,17.142,3,66.83,345,0,0,,,,
powertraces-pt200array_pt216_r5_7536312_80-d81f1038b4,2026-05-07T21:05:03.188Z,17.242,0,67.7,345,0,0,,,,
powertraces-pt200array_pt216_r5_7536312_80-d81f1038b4,2026-05-07T21:05:03.188Z,17.242,1,69.46,345,0,0,,,,
powertraces-pt200array_pt216_r5_7536312_80-d81f1038b4,2026-05-07T21:05:03.188Z,17.242,2,67.0,345,0,0,,,,
powertraces-pt200array_pt216_r5_7536312_80-d81f1038b4,2026-05-07T21:05:03.188Z,17.242,3,66.83,345,0,0,,,,
powertraces-pt200array_pt216_r5_7536312_80-d81f1038b4,2026-05-07T21:05:03.289Z,17.343,0,67.69,345,0,0,,,,
powertraces-pt200array_pt216_r5_7536312_80-d81f1038b4,2026-05-07T21:05:03.289Z,17.343,1,69.38,345,0,0,,,,
powertraces-pt200array_pt216_r5_7536312_80-d81f1038b4,2026-05-07T21:05:03.289Z,17.343,2,66.96,345,0,0,,,,
powertraces-pt200array_pt216_r5_7536312_80-d81f1038b4,2026-05-07T21:05:03.289Z,17.343,3,66.82,345,0,0,,,,
powertraces-pt200array_pt216_r5_7536312_80-d81f1038b4,2026-05-07T21:05:03.389Z,17.443,0,67.69,345,0,0,,,,
powertraces-pt200array_pt216_r5_7536312_80-d81f1038b4,2026-05-07T21:05:03.389Z,17.443,1,69.35,345,0,0,,,,
powertraces-pt200array_pt216_r5_7536312_80-d81f1038b4,2026-05-07T21:05:03.389Z,17.443,2,66.97,345,0,0,,,,
powertraces-pt200array_pt216_r5_7536312_80-d81f1038b4,2026-05-07T21:05:03.389Z,17.443,3,66.8,345,0,0,,,,
powertraces-pt200array_pt216_r5_7536312_80-d81f1038b4,2026-05-07T21:05:03.489Z,17.543,0,67.71,345,0,0,,,,
powertraces-pt200array_pt216_r5_7536312_80-d81f1038b4,2026-05-07T21:05:03.489Z,17.543,1,69.42,345,0,0,,,,
powertraces-pt200array_pt216_r5_7536312_80-d81f1038b4,2026-05-07T21:05:03.489Z,17.543,2,66.97,345,0,0,,,,
powertraces-pt200array_pt216_r5_7536312_80-d81f1038b4,2026-05-07T21:05:03.489Z,17.543,3,66.8,345,0,0,,,,
powertraces-pt200array_pt216_r5_7536312_80-d81f1038b4,2026-05-07T21:05:03.589Z,17.643,0,67.72,345,0,0,,,,
powertraces-pt200array_pt216_r5_7536312_80-d81f1038b4,2026-05-07T21:05:03.589Z,17.643,1,69.53,345,0,0,,,,
powertraces-pt200array_pt216_r5_7536312_80-d81f1038b4,2026-05-07T21:05:03.589Z,17.643,2,66.97,345,0,0,,,,
powertraces-pt200array_pt216_r5_7536312_80-d81f1038b4,2026-05-07T21:05:03.589Z,17.643,3,66.8,345,0,0,,,,
powertraces-pt200array_pt216_r5_7536312_80-d81f1038b4,2026-05-07T21:05:03.689Z,17.743,0,67.72,345,0,0,,,,
powertraces-pt200array_pt216_r5_7536312_80-d81f1038b4,2026-05-07T21:05:03.689Z,17.743,1,69.56,345,0,0,,,,
powertraces-pt200array_pt216_r5_7536312_80-d81f1038b4,2026-05-07T21:05:03.689Z,17.743,2,66.96,345,0,0,,,,
powertraces-pt200array_pt216_r5_7536312_80-d81f1038b4,2026-05-07T21:05:03.689Z,17.743,3,66.78,345,0,0,,,,
powertraces-pt200array_pt216_r5_7536312_80-d81f1038b4,2026-05-07T21:05:03.79Z,17.844,0,67.71,345,0,0,,,,
powertraces-pt200array_pt216_r5_7536312_80-d81f1038b4,2026-05-07T21:05:03.79Z,17.844,1,69.5,345,0,0,,,,
powertraces-pt200array_pt216_r5_7536312_80-d81f1038b4,2026-05-07T21:05:03.79Z,17.844,2,66.95,345,0,0,,,,
powertraces-pt200array_pt216_r5_7536312_80-d81f1038b4,2026-05-07T21:05:03.79Z,17.844,3,66.75,345,0,0,,,,
powertraces-pt200array_pt216_r5_7536312_80-d81f1038b4,2026-05-07T21:05:03.89Z,17.944,0,67.72,345,0,0,,,,
powertraces-pt200array_pt216_r5_7536312_80-d81f1038b4,2026-05-07T21:05:03.89Z,17.944,1,69.36,345,0,0,,,,
powertraces-pt200array_pt216_r5_7536312_80-d81f1038b4,2026-05-07T21:05:03.89Z,17.944,2,66.93,345,0,0,,,,
powertraces-pt200array_pt216_r5_7536312_80-d81f1038b4,2026-05-07T21:05:03.89Z,17.944,3,66.74,345,0,0,,,,
powertraces-pt200array_pt216_r5_7536312_80-d81f1038b4,2026-05-07T21:05:03.99Z,18.044,0,67.69,345,0,0,,,,
powertraces-pt200array_pt216_r5_7536312_80-d81f1038b4,2026-05-07T21:05:03.99Z,18.044,1,69.26,345,0,0,,,,
powertraces-pt200array_pt216_r5_7536312_80-d81f1038b4,2026-05-07T21:05:03.99Z,18.044,2,66.92,345,0,0,,,,
powertraces-pt200array_pt216_r5_7536312_80-d81f1038b4,2026-05-07T21:05:03.99Z,18.044,3,66.71,345,0,0,,,,
powertraces-pt200array_pt216_r5_7536312_80-d81f1038b4,2026-05-07T21:05:04.09Z,18.144,0,67.69,345,0,0,,,,
powertraces-pt200array_pt216_r5_7536312_80-d81f1038b4,2026-05-07T21:05:04.09Z,18.144,1,69.28,345,0,0,,,,
powertraces-pt200array_pt216_r5_7536312_80-d81f1038b4,2026-05-07T21:05:04.09Z,18.144,2,66.92,345,0,0,,,,
powertraces-pt200array_pt216_r5_7536312_80-d81f1038b4,2026-05-07T21:05:04.09Z,18.144,3,66.7,345,0,0,,,,
powertraces-pt200array_pt216_r5_7536312_80-d81f1038b4,2026-05-07T21:05:04.19Z,18.244,0,67.68,345,0,0,,,,
powertraces-pt200array_pt216_r5_7536312_80-d81f1038b4,2026-05-07T21:05:04.19Z,18.244,1,69.39,345,0,0,,,,
powertraces-pt200array_pt216_r5_7536312_80-d81f1038b4,2026-05-07T21:05:04.19Z,18.244,2,66.91,345,0,0,,,,
powertraces-pt200array_pt216_r5_7536312_80-d81f1038b4,2026-05-07T21:05:04.191Z,18.245,3,66.71,345,0,0,,,,
powertraces-pt200array_pt216_r5_7536312_80-d81f1038b4,2026-05-07T21:05:04.291Z,18.345,0,67.66,345,0,0,,,,
powertraces-pt200array_pt216_r5_7536312_80-d81f1038b4,2026-05-07T21:05:04.291Z,18.345,1,69.49,345,0,0,,,,
powertraces-pt200array_pt216_r5_7536312_80-d81f1038b4,2026-05-07T21:05:04.291Z,18.345,2,66.91,345,0,0,,,,
powertraces-pt200array_pt216_r5_7536312_80-d81f1038b4,2026-05-07T21:05:04.291Z,18.345,3,66.71,345,0,0,,,,
powertraces-pt200array_pt216_r5_7536312_80-d81f1038b4,2026-05-07T21:05:04.391Z,18.445,0,67.66,345,0,0,,,,
powertraces-pt200array_pt216_r5_7536312_80-d81f1038b4,2026-05-07T21:05:04.391Z,18.445,1,69.47,345,0,0,,,,
powertraces-pt200array_pt216_r5_7536312_80-d81f1038b4,2026-05-07T21:05:04.391Z,18.445,2,66.91,345,0,0,,,,
powertraces-pt200array_pt216_r5_7536312_80-d81f1038b4,2026-05-07T21:05:04.391Z,18.445,3,66.7,345,0,0,,,,
powertraces-pt200array_pt216_r5_7536312_80-d81f1038b4,2026-05-07T21:05:04.491Z,18.545,0,67.65,345,0,0,,,,
powertraces-pt200array_pt216_r5_7536312_80-d81f1038b4,2026-05-07T21:05:04.491Z,18.545,1,69.38,345,0,0,,,,
powertraces-pt200array_pt216_r5_7536312_80-d81f1038b4,2026-05-07T21:05:04.491Z,18.545,2,66.92,345,0,0,,,,
powertraces-pt200array_pt216_r5_7536312_80-d81f1038b4,2026-05-07T21:05:04.491Z,18.545,3,66.71,345,0,0,,,,
powertraces-pt200array_pt216_r5_7536312_80-d81f1038b4,2026-05-07T21:05:04.591Z,18.645,0,67.64,345,0,0,,,,
powertraces-pt200array_pt216_r5_7536312_80-d81f1038b4,2026-05-07T21:05:04.591Z,18.645,1,69.29,345,0,0,,,,
powertraces-pt200array_pt216_r5_7536312_80-d81f1038b4,2026-05-07T21:05:04.591Z,18.645,2,66.9,345,0,0,,,,
powertraces-pt200array_pt216_r5_7536312_80-d81f1038b4,2026-05-07T21:05:04.591Z,18.645,3,66.71,345,0,0,,,,
powertraces-pt200array_pt216_r5_7536312_80-d81f1038b4,2026-05-07T21:05:04.691Z,18.745,0,67.62,345,0,0,,,,
powertraces-pt200array_pt216_r5_7536312_80-d81f1038b4,2026-05-07T21:05:04.692Z,18.746,1,69.24,345,0,0,,,,
powertraces-pt200array_pt216_r5_7536312_80-d81f1038b4,2026-05-07T21:05:04.692Z,18.746,2,66.92,345,0,0,,,,
powertraces-pt200array_pt216_r5_7536312_80-d81f1038b4,2026-05-07T21:05:04.692Z,18.746,3,66.73,345,0,0,,,,
powertraces-pt200array_pt216_r5_7536312_80-d81f1038b4,2026-05-07T21:05:04.792Z,18.846,0,67.63,345,0,0,,,,
powertraces-pt200array_pt216_r5_7536312_80-d81f1038b4,2026-05-07T21:05:04.792Z,18.846,1,69.29,345,0,0,,,,
powertraces-pt200array_pt216_r5_7536312_80-d81f1038b4,2026-05-07T21:05:04.792Z,18.846,2,66.91,345,0,0,,,,
powertraces-pt200array_pt216_r5_7536312_80-d81f1038b4,2026-05-07T21:05:04.792Z,18.846,3,66.72,345,0,0,,,,
powertraces-pt200array_pt216_r5_7536312_80-d81f1038b4,2026-05-07T21:05:04.892Z,18.946,0,67.63,345,0,0,,,,
powertraces-pt200array_pt216_r5_7536312_80-d81f1038b4,2026-05-07T21:05:04.892Z,18.946,1,69.45,345,0,0,,,,
powertraces-pt200array_pt216_r5_7536312_80-d81f1038b4,2026-05-07T21:05:04.892Z,18.946,2,66.91,345,0,0,,,,
powertraces-pt200array_pt216_r5_7536312_80-d81f1038b4,2026-05-07T21:05:04.892Z,18.946,3,66.71,345,0,0,,,,
powertraces-pt200array_pt216_r5_7536312_80-d81f1038b4,2026-05-07T21:05:04.992Z,19.046,0,67.65,345,0,0,,,,
powertraces-pt200array_pt216_r5_7536312_80-d81f1038b4,2026-05-07T21:05:04.992Z,19.046,1,69.5,345,0,0,,,,
powertraces-pt200array_pt216_r5_7536312_80-d81f1038b4,2026-05-07T21:05:04.992Z,19.046,2,66.92,345,0,0,,,,
powertraces-pt200array_pt216_r5_7536312_80-d81f1038b4,2026-05-07T21:05:04.992Z,19.046,3,66.74,345,0,0,,,,
powertraces-pt200array_pt216_r5_7536312_80-d81f1038b4,2026-05-07T21:05:05.092Z,19.146,0,67.66,345,0,0,,,,
powertraces-pt200array_pt216_r5_7536312_80-d81f1038b4,2026-05-07T21:05:05.092Z,19.146,1,69.47,345,0,0,,,,
powertraces-pt200array_pt216_r5_7536312_80-d81f1038b4,2026-05-07T21:05:05.092Z,19.146,2,66.91,345,0,0,,,,
powertraces-pt200array_pt216_r5_7536312_80-d81f1038b4,2026-05-07T21:05:05.092Z,19.146,3,66.73,345,0,0,,,,
powertraces-pt200array_pt216_r5_7536312_80-d81f1038b4,2026-05-07T21:05:05.193Z,19.247,0,67.67,345,0,0,,,,
powertraces-pt200array_pt216_r5_7536312_80-d81f1038b4,2026-05-07T21:05:05.193Z,19.247,1,69.36,345,0,0,,,,
powertraces-pt200array_pt216_r5_7536312_80-d81f1038b4,2026-05-07T21:05:05.193Z,19.247,2,66.9,345,0,0,,,,
powertraces-pt200array_pt216_r5_7536312_80-d81f1038b4,2026-05-07T21:05:05.193Z,19.247,3,66.74,345,0,0,,,,
powertraces-pt200array_pt216_r5_7536312_80-d81f1038b4,2026-05-07T21:05:05.293Z,19.347,0,67.7,345,0,0,,,,
powertraces-pt200array_pt216_r5_7536312_80-d81f1038b4,2026-05-07T21:05:05.293Z,19.347,1,69.26,345,0,0,,,,
powertraces-pt200array_pt216_r5_7536312_80-d81f1038b4,2026-05-07T21:05:05.293Z,19.347,2,66.9,345,0,0,,,,
powertraces-pt200array_pt216_r5_7536312_80-d81f1038b4,2026-05-07T21:05:05.293Z,19.347,3,66.74,345,0,0,,,,
powertraces-pt200array_pt216_r5_7536312_80-d81f1038b4,2026-05-07T21:05:05.393Z,19.447,0,67.72,345,0,0,,,,
powertraces-pt200array_pt216_r5_7536312_80-d81f1038b4,2026-05-07T21:05:05.393Z,19.447,1,69.28,345,0,0,,,,
powertraces-pt200array_pt216_r5_7536312_80-d81f1038b4,2026-05-07T21:05:05.393Z,19.447,2,66.92,345,0,0,,,,
powertraces-pt200array_pt216_r5_7536312_80-d81f1038b4,2026-05-07T21:05:05.393Z,19.447,3,66.74,345,0,0,,,,
powertraces-pt200array_pt216_r5_7536312_80-d81f1038b4,2026-05-07T21:05:05.493Z,19.547,0,67.71,345,0,0,,,,
powertraces-pt200array_pt216_r5_7536312_80-d81f1038b4,2026-05-07T21:05:05.493Z,19.547,1,69.4,345,0,0,,,,
powertraces-pt200array_pt216_r5_7536312_80-d81f1038b4,2026-05-07T21:05:05.493Z,19.547,2,66.92,345,0,0,,,,
powertraces-pt200array_pt216_r5_7536312_80-d81f1038b4,2026-05-07T21:05:05.493Z,19.547,3,66.76,345,0,0,,,,
powertraces-pt200array_pt216_r5_7536312_80-d81f1038b4,2026-05-07T21:05:05.593Z,19.647,0,67.71,345,0,0,,,,
powertraces-pt200array_pt216_r5_7536312_80-d81f1038b4,2026-05-07T21:05:05.593Z,19.647,1,69.52,345,0,0,,,,
powertraces-pt200array_pt216_r5_7536312_80-d81f1038b4,2026-05-07T21:05:05.593Z,19.647,2,66.92,345,0,0,,,,
powertraces-pt200array_pt216_r5_7536312_80-d81f1038b4,2026-05-07T21:05:05.593Z,19.647,3,66.76,345,0,0,,,,
powertraces-pt200array_pt216_r5_7536312_80-d81f1038b4,2026-05-07T21:05:05.694Z,19.748,0,67.72,345,0,0,,,,
powertraces-pt200array_pt216_r5_7536312_80-d81f1038b4,2026-05-07T21:05:05.694Z,19.748,1,69.55,345,0,0,,,,
powertraces-pt200array_pt216_r5_7536312_80-d81f1038b4,2026-05-07T21:05:05.694Z,19.748,2,66.91,345,0,0,,,,
powertraces-pt200array_pt216_r5_7536312_80-d81f1038b4,2026-05-07T21:05:05.694Z,19.748,3,66.76,345,0,0,,,,
powertraces-pt200array_pt216_r5_7536312_80-d81f1038b4,2026-05-07T21:05:05.794Z,19.848,0,67.71,345,0,0,,,,
powertraces-pt200array_pt216_r5_7536312_80-d81f1038b4,2026-05-07T21:05:05.794Z,19.848,1,69.5,345,0,0,,,,
powertraces-pt200array_pt216_r5_7536312_80-d81f1038b4,2026-05-07T21:05:05.794Z,19.848,2,66.93,345,0,0,,,,
powertraces-pt200array_pt216_r5_7536312_80-d81f1038b4,2026-05-07T21:05:05.794Z,19.848,3,66.76,345,0,0,,,,
powertraces-pt200array_pt216_r5_7536312_80-d81f1038b4,2026-05-07T21:05:05.894Z,19.948,0,67.71,345,0,0,,,,
powertraces-pt200array_pt216_r5_7536312_80-d81f1038b4,2026-05-07T21:05:05.894Z,19.948,1,69.38,345,0,0,,,,
powertraces-pt200array_pt216_r5_7536312_80-d81f1038b4,2026-05-07T21:05:05.894Z,19.948,2,66.96,345,0,0,,,,
powertraces-pt200array_pt216_r5_7536312_80-d81f1038b4,2026-05-07T21:05:05.894Z,19.948,3,66.77,345,0,0,,,,
powertraces-pt200array_pt216_r5_7536312_80-d81f1038b4,2026-05-07T21:05:05.994Z,20.048,0,67.7,345,0,0,,,,
powertraces-pt200array_pt216_r5_7536312_80-d81f1038b4,2026-05-07T21:05:05.994Z,20.048,1,69.34,345,0,0,,,,
powertraces-pt200array_pt216_r5_7536312_80-d81f1038b4,2026-05-07T21:05:05.994Z,20.048,2,66.96,345,0,0,,,,
powertraces-pt200array_pt216_r5_7536312_80-d81f1038b4,2026-05-07T21:05:05.994Z,20.048,3,66.78,345,0,0,,,,
powertraces-pt200array_pt216_r5_7536312_80-d81f1038b4,2026-05-07T21:05:06.094Z,20.148,0,67.71,345,0,0,,,,
powertraces-pt200array_pt216_r5_7536312_80-d81f1038b4,2026-05-07T21:05:06.094Z,20.148,1,69.4,345,0,0,,,,
powertraces-pt200array_pt216_r5_7536312_80-d81f1038b4,2026-05-07T21:05:06.094Z,20.148,2,66.98,345,0,0,,,,
powertraces-pt200array_pt216_r5_7536312_80-d81f1038b4,2026-05-07T21:05:06.094Z,20.148,3,66.79,345,0,0,,,,
powertraces-pt200array_pt216_r5_7536312_80-d81f1038b4,2026-05-07T21:05:06.195Z,20.249,0,67.72,345,0,0,,,,
powertraces-pt200array_pt216_r5_7536312_80-d81f1038b4,2026-05-07T21:05:06.195Z,20.249,1,69.52,345,0,0,,,,
powertraces-pt200array_pt216_r5_7536312_80-d81f1038b4,2026-05-07T21:05:06.195Z,20.249,2,66.98,345,0,0,,,,
powertraces-pt200array_pt216_r5_7536312_80-d81f1038b4,2026-05-07T21:05:06.195Z,20.249,3,66.8,345,0,0,,,,
powertraces-pt200array_pt216_r5_7536312_80-d81f1038b4,2026-05-07T21:05:06.295Z,20.349,0,67.7,345,0,0,,,,
powertraces-pt200array_pt216_r5_7536312_80-d81f1038b4,2026-05-07T21:05:06.295Z,20.349,1,69.61,345,0,0,,,,
powertraces-pt200array_pt216_r5_7536312_80-d81f1038b4,2026-05-07T21:05:06.295Z,20.349,2,66.99,345,0,0,,,,
powertraces-pt200array_pt216_r5_7536312_80-d81f1038b4,2026-05-07T21:05:06.295Z,20.349,3,66.8,345,0,0,,,,
powertraces-pt200array_pt216_r5_7536312_80-d81f1038b4,2026-05-07T21:05:06.395Z,20.449,0,67.69,345,0,0,,,,
powertraces-pt200array_pt216_r5_7536312_80-d81f1038b4,2026-05-07T21:05:06.395Z,20.449,1,69.58,345,0,0,,,,
powertraces-pt200array_pt216_r5_7536312_80-d81f1038b4,2026-05-07T21:05:06.395Z,20.449,2,66.98,345,0,0,,,,
powertraces-pt200array_pt216_r5_7536312_80-d81f1038b4,2026-05-07T21:05:06.395Z,20.449,3,66.79,345,0,0,,,,
powertraces-pt200array_pt216_r5_7536312_80-d81f1038b4,2026-05-07T21:05:06.495Z,20.549,0,67.72,345,0,0,,,,
powertraces-pt200array_pt216_r5_7536312_80-d81f1038b4,2026-05-07T21:05:06.495Z,20.549,1,69.5,345,0,0,,,,
powertraces-pt200array_pt216_r5_7536312_80-d81f1038b4,2026-05-07T21:05:06.495Z,20.549,2,66.98,345,0,0,,,,
powertraces-pt200array_pt216_r5_7536312_80-d81f1038b4,2026-05-07T21:05:06.495Z,20.549,3,66.8,345,0,0,,,,
powertraces-pt200array_pt216_r5_7536312_80-d81f1038b4,2026-05-07T21:05:06.595Z,20.649,0,67.75,345,0,0,,,,
powertraces-pt200array_pt216_r5_7536312_80-d81f1038b4,2026-05-07T21:05:06.596Z,20.65,1,69.42,345,0,0,,,,
powertraces-pt200array_pt216_r5_7536312_80-d81f1038b4,2026-05-07T21:05:06.596Z,20.65,2,66.96,345,0,0,,,,
powertraces-pt200array_pt216_r5_7536312_80-d81f1038b4,2026-05-07T21:05:06.596Z,20.65,3,66.8,345,0,0,,,,
powertraces-pt200array_pt216_r5_7536312_80-d81f1038b4,2026-05-07T21:05:06.696Z,20.75,0,67.75,345,0,0,,,,
powertraces-pt200array_pt216_r5_7536312_80-d81f1038b4,2026-05-07T21:05:06.696Z,20.75,1,69.39,345,0,0,,,,
powertraces-pt200array_pt216_r5_7536312_80-d81f1038b4,2026-05-07T21:05:06.696Z,20.75,2,66.98,345,0,0,,,,
powertraces-pt200array_pt216_r5_7536312_80-d81f1038b4,2026-05-07T21:05:06.696Z,20.75,3,66.81,345,0,0,,,,
powertraces-pt200array_pt216_r5_7536312_80-d81f1038b4,2026-05-07T21:05:06.796Z,20.85,0,67.77,345,0,0,,,,
powertraces-pt200array_pt216_r5_7536312_80-d81f1038b4,2026-05-07T21:05:06.796Z,20.85,1,69.46,345,0,0,,,,
powertraces-pt200array_pt216_r5_7536312_80-d81f1038b4,2026-05-07T21:05:06.796Z,20.85,2,66.98,345,0,0,,,,
powertraces-pt200array_pt216_r5_7536312_80-d81f1038b4,2026-05-07T21:05:06.796Z,20.85,3,66.8,345,0,0,,,,
powertraces-pt200array_pt216_r5_7536312_80-d81f1038b4,2026-05-07T21:05:06.896Z,20.95,0,67.77,345,0,0,,,,
powertraces-pt200array_pt216_r5_7536312_80-d81f1038b4,2026-05-07T21:05:06.896Z,20.95,1,69.59,345,0,0,,,,
powertraces-pt200array_pt216_r5_7536312_80-d81f1038b4,2026-05-07T21:05:06.896Z,20.95,2,66.99,345,0,0,,,,
powertraces-pt200array_pt216_r5_7536312_80-d81f1038b4,2026-05-07T21:05:06.896Z,20.95,3,66.8,345,0,0,,,,
powertraces-pt200array_pt216_r5_7536312_80-d81f1038b4,2026-05-07T21:05:06.996Z,21.05,0,67.78,345,0,0,,,,
powertraces-pt200array_pt216_r5_7536312_80-d81f1038b4,2026-05-07T21:05:06.996Z,21.05,1,69.64,345,0,0,,,,
powertraces-pt200array_pt216_r5_7536312_80-d81f1038b4,2026-05-07T21:05:06.996Z,21.05,2,66.98,345,0,0,,,,
powertraces-pt200array_pt216_r5_7536312_80-d81f1038b4,2026-05-07T21:05:06.996Z,21.05,3,66.8,345,0,0,,,,
powertraces-pt200array_pt216_r5_7536312_80-d81f1038b4,2026-05-07T21:05:07.096Z,21.15,0,67.79,345,0,0,,,,
powertraces-pt200array_pt216_r5_7536312_80-d81f1038b4,2026-05-07T21:05:07.097Z,21.151,1,69.6,345,0,0,,,,
powertraces-pt200array_pt216_r5_7536312_80-d81f1038b4,2026-05-07T21:05:07.097Z,21.151,2,66.99,345,0,0,,,,
powertraces-pt200array_pt216_r5_7536312_80-d81f1038b4,2026-05-07T21:05:07.097Z,21.151,3,66.8,345,0,0,,,,
powertraces-pt200array_pt216_r5_7536312_80-d81f1038b4,2026-05-07T21:05:07.197Z,21.251,0,67.76,345,0,0,,,,
powertraces-pt200array_pt216_r5_7536312_80-d81f1038b4,2026-05-07T21:05:07.197Z,21.251,1,69.51,345,0,0,,,,
powertraces-pt200array_pt216_r5_7536312_80-d81f1038b4,2026-05-07T21:05:07.197Z,21.251,2,67.0,345,0,0,,,,
powertraces-pt200array_pt216_r5_7536312_80-d81f1038b4,2026-05-07T21:05:07.197Z,21.251,3,66.8,345,0,0,,,,
powertraces-pt200array_pt216_r5_7536312_80-d81f1038b4,2026-05-07T21:05:07.297Z,21.351,0,67.76,345,0,0,,,,
powertraces-pt200array_pt216_r5_7536312_80-d81f1038b4,2026-05-07T21:05:07.297Z,21.351,1,69.41,345,0,0,,,,
powertraces-pt200array_pt216_r5_7536312_80-d81f1038b4,2026-05-07T21:05:07.297Z,21.351,2,67.0,345,0,0,,,,
powertraces-pt200array_pt216_r5_7536312_80-d81f1038b4,2026-05-07T21:05:07.297Z,21.351,3,66.8,345,0,0,,,,
powertraces-pt200array_pt216_r5_7536312_80-d81f1038b4,2026-05-07T21:05:07.397Z,21.451,0,67.75,345,0,0,,,,
powertraces-pt200array_pt216_r5_7536312_80-d81f1038b4,2026-05-07T21:05:07.397Z,21.451,1,69.41,345,0,0,,,,
powertraces-pt200array_pt216_r5_7536312_80-d81f1038b4,2026-05-07T21:05:07.397Z,21.451,2,67.01,345,0,0,,,,
powertraces-pt200array_pt216_r5_7536312_80-d81f1038b4,2026-05-07T21:05:07.397Z,21.451,3,66.81,345,0,0,,,,
powertraces-pt200array_pt216_r5_7536312_80-d81f1038b4,2026-05-07T21:05:07.497Z,21.551,0,67.74,345,0,0,,,,
powertraces-pt200array_pt216_r5_7536312_80-d81f1038b4,2026-05-07T21:05:07.497Z,21.551,1,69.51,345,0,0,,,,
powertraces-pt200array_pt216_r5_7536312_80-d81f1038b4,2026-05-07T21:05:07.497Z,21.551,2,67.0,345,0,0,,,,
powertraces-pt200array_pt216_r5_7536312_80-d81f1038b4,2026-05-07T21:05:07.497Z,21.551,3,66.8,345,0,0,,,,
powertraces-pt200array_pt216_r5_7536312_80-d81f1038b4,2026-05-07T21:05:07.598Z,21.652,0,67.71,345,0,0,,,,
powertraces-pt200array_pt216_r5_7536312_80-d81f1038b4,2026-05-07T21:05:07.598Z,21.652,1,69.58,345,0,0,,,,
powertraces-pt200array_pt216_r5_7536312_80-d81f1038b4,2026-05-07T21:05:07.598Z,21.652,2,66.99,345,0,0,,,,
powertraces-pt200array_pt216_r5_7536312_80-d81f1038b4,2026-05-07T21:05:07.598Z,21.652,3,66.79,345,0,0,,,,
powertraces-pt200array_pt216_r5_7536312_80-d81f1038b4,2026-05-07T21:05:07.698Z,21.752,0,67.7,345,0,0,,,,
powertraces-pt200array_pt216_r5_7536312_80-d81f1038b4,2026-05-07T21:05:07.698Z,21.752,1,69.58,345,0,0,,,,
powertraces-pt200array_pt216_r5_7536312_80-d81f1038b4,2026-05-07T21:05:07.698Z,21.752,2,66.97,345,0,0,,,,
powertraces-pt200array_pt216_r5_7536312_80-d81f1038b4,2026-05-07T21:05:07.698Z,21.752,3,66.78,345,0,0,,,,
powertraces-pt200array_pt216_r5_7536312_80-d81f1038b4,2026-05-07T21:05:07.798Z,21.852,0,67.69,345,0,0,,,,
powertraces-pt200array_pt216_r5_7536312_80-d81f1038b4,2026-05-07T21:05:07.798Z,21.852,1,69.48,345,0,0,,,,
powertraces-pt200array_pt216_r5_7536312_80-d81f1038b4,2026-05-07T21:05:07.798Z,21.852,2,66.95,345,0,0,,,,
powertraces-pt200array_pt216_r5_7536312_80-d81f1038b4,2026-05-07T21:05:07.798Z,21.852,3,66.77,345,0,0,,,,
powertraces-pt200array_pt216_r5_7536312_80-d81f1038b4,2026-05-07T21:05:07.898Z,21.952,0,67.68,345,0,0,,,,
powertraces-pt200array_pt216_r5_7536312_80-d81f1038b4,2026-05-07T21:05:07.898Z,21.952,1,69.35,345,0,0,,,,
powertraces-pt200array_pt216_r5_7536312_80-d81f1038b4,2026-05-07T21:05:07.898Z,21.952,2,66.93,345,0,0,,,,
powertraces-pt200array_pt216_r5_7536312_80-d81f1038b4,2026-05-07T21:05:07.898Z,21.952,3,66.75,345,0,0,,,,
powertraces-pt200array_pt216_r5_7536312_80-d81f1038b4,2026-05-07T21:05:07.998Z,22.052,0,67.68,345,0,0,,,,
powertraces-pt200array_pt216_r5_7536312_80-d81f1038b4,2026-05-07T21:05:07.998Z,22.052,1,69.26,345,0,0,,,,
powertraces-pt200array_pt216_r5_7536312_80-d81f1038b4,2026-05-07T21:05:07.998Z,22.052,2,66.92,345,0,0,,,,
powertraces-pt200array_pt216_r5_7536312_80-d81f1038b4,2026-05-07T21:05:07.998Z,22.052,3,66.75,345,0,0,,,,
powertraces-pt200array_pt216_r5_7536312_80-d81f1038b4,2026-05-07T21:05:08.099Z,22.153,0,67.66,345,0,0,,,,
powertraces-pt200array_pt216_r5_7536312_80-d81f1038b4,2026-05-07T21:05:08.099Z,22.153,1,69.31,345,0,0,,,,
powertraces-pt200array_pt216_r5_7536312_80-d81f1038b4,2026-05-07T21:05:08.099Z,22.153,2,66.9,345,0,0,,,,
powertraces-pt200array_pt216_r5_7536312_80-d81f1038b4,2026-05-07T21:05:08.099Z,22.153,3,66.74,345,0,0,,,,
powertraces-pt200array_pt216_r5_7536312_80-d81f1038b4,2026-05-07T21:05:08.199Z,22.253,0,67.65,345,0,0,,,,
powertraces-pt200array_pt216_r5_7536312_80-d81f1038b4,2026-05-07T21:05:08.199Z,22.253,1,69.4,345,0,0,,,,
powertraces-pt200array_pt216_r5_7536312_80-d81f1038b4,2026-05-07T21:05:08.199Z,22.253,2,66.88,345,0,0,,,,
powertraces-pt200array_pt216_r5_7536312_80-d81f1038b4,2026-05-07T21:05:08.199Z,22.253,3,66.73,345,0,0,,,,
powertraces-pt200array_pt216_r5_7536312_80-d81f1038b4,2026-05-07T21:05:08.299Z,22.353,0,67.67,345,0,0,,,,
powertraces-pt200array_pt216_r5_7536312_80-d81f1038b4,2026-05-07T21:05:08.299Z,22.353,1,69.5,345,0,0,,,,
powertraces-pt200array_pt216_r5_7536312_80-d81f1038b4,2026-05-07T21:05:08.299Z,22.353,2,66.86,345,0,0,,,,
powertraces-pt200array_pt216_r5_7536312_80-d81f1038b4,2026-05-07T21:05:08.299Z,22.353,3,66.72,345,0,0,,,,
powertraces-pt200array_pt216_r5_7536312_80-d81f1038b4,2026-05-07T21:05:08.399Z,22.453,0,67.66,345,0,0,,,,
powertraces-pt200array_pt216_r5_7536312_80-d81f1038b4,2026-05-07T21:05:08.399Z,22.453,1,69.49,345,0,0,,,,
powertraces-pt200array_pt216_r5_7536312_80-d81f1038b4,2026-05-07T21:05:08.399Z,22.453,2,66.86,345,0,0,,,,
powertraces-pt200array_pt216_r5_7536312_80-d81f1038b4,2026-05-07T21:05:08.399Z,22.453,3,66.73,345,0,0,,,,
powertraces-pt200array_pt216_r5_7536312_80-d81f1038b4,2026-05-07T21:05:08.499Z,22.553,0,67.67,345,0,0,,,,
powertraces-pt200array_pt216_r5_7536312_80-d81f1038b4,2026-05-07T21:05:08.499Z,22.553,1,69.41,345,0,0,,,,
powertraces-pt200array_pt216_r5_7536312_80-d81f1038b4,2026-05-07T21:05:08.5Z,22.554,2,66.88,345,0,0,,,,
powertraces-pt200array_pt216_r5_7536312_80-d81f1038b4,2026-05-07T21:05:08.5Z,22.554,3,66.73,345,0,0,,,,
powertraces-pt200array_pt216_r5_7536312_80-d81f1038b4,2026-05-07T21:05:08.6Z,22.654,0,67.69,345,0,0,,,,
powertraces-pt200array_pt216_r5_7536312_80-d81f1038b4,2026-05-07T21:05:08.6Z,22.654,1,69.29,345,0,0,,,,
powertraces-pt200array_pt216_r5_7536312_80-d81f1038b4,2026-05-07T21:05:08.6Z,22.654,2,66.9,345,0,0,,,,
powertraces-pt200array_pt216_r5_7536312_80-d81f1038b4,2026-05-07T21:05:08.6Z,22.654,3,66.74,345,0,0,,,,
powertraces-pt200array_pt216_r5_7536312_80-d81f1038b4,2026-05-07T21:05:08.7Z,22.754,0,67.7,345,0,0,,,,
powertraces-pt200array_pt216_r5_7536312_80-d81f1038b4,2026-05-07T21:05:08.7Z,22.754,1,69.29,345,0,0,,,,
powertraces-pt200array_pt216_r5_7536312_80-d81f1038b4,2026-05-07T21:05:08.7Z,22.754,2,66.91,345,0,0,,,,
powertraces-pt200array_pt216_r5_7536312_80-d81f1038b4,2026-05-07T21:05:08.7Z,22.754,3,66.78,345,0,0,,,,
powertraces-pt200array_pt216_r5_7536312_80-d81f1038b4,2026-05-07T21:05:08.8Z,22.854,0,67.7,345,0,0,,,,
powertraces-pt200array_pt216_r5_7536312_80-d81f1038b4,2026-05-07T21:05:08.8Z,22.854,1,69.38,345,0,0,,,,
powertraces-pt200array_pt216_r5_7536312_80-d81f1038b4,2026-05-07T21:05:08.8Z,22.854,2,66.95,345,0,0,,,,
powertraces-pt200array_pt216_r5_7536312_80-d81f1038b4,2026-05-07T21:05:08.8Z,22.854,3,66.8,345,0,0,,,,
powertraces-pt200array_pt216_r5_7536312_80-d81f1038b4,2026-05-07T21:05:08.9Z,22.954,0,67.73,345,0,0,,,,
powertraces-pt200array_pt216_r5_7536312_80-d81f1038b4,2026-05-07T21:05:08.9Z,22.954,1,69.57,345,0,0,,,,
powertraces-pt200array_pt216_r5_7536312_80-d81f1038b4,2026-05-07T21:05:08.9Z,22.954,2,66.96,345,0,0,,,,
powertraces-pt200array_pt216_r5_7536312_80-d81f1038b4,2026-05-07T21:05:08.9Z,22.954,3,66.83,345,0,0,,,,
powertraces-pt200array_pt216_r5_7536312_80-d81f1038b4,2026-05-07T21:05:09Z,23.054,0,67.75,345,0,0,,,,
powertraces-pt200array_pt216_r5_7536312_80-d81f1038b4,2026-05-07T21:05:09.001Z,23.055,1,69.66,345,0,0,,,,
powertraces-pt200array_pt216_r5_7536312_80-d81f1038b4,2026-05-07T21:05:09.001Z,23.055,2,67.0,345,0,0,,,,
powertraces-pt200array_pt216_r5_7536312_80-d81f1038b4,2026-05-07T21:05:09.001Z,23.055,3,66.85,345,0,0,,,,
powertraces-pt200array_pt216_r5_7536312_80-d81f1038b4,2026-05-07T21:05:09.101Z,23.155,0,67.78,345,0,0,,,,
powertraces-pt200array_pt216_r5_7536312_80-d81f1038b4,2026-05-07T21:05:09.101Z,23.155,1,69.65,345,0,0,,,,
powertraces-pt200array_pt216_r5_7536312_80-d81f1038b4,2026-05-07T21:05:09.101Z,23.155,2,67.02,345,0,0,,,,
powertraces-pt200array_pt216_r5_7536312_80-d81f1038b4,2026-05-07T21:05:09.101Z,23.155,3,66.86,345,0,0,,,,
powertraces-pt200array_pt216_r5_7536312_80-d81f1038b4,2026-05-07T21:05:09.201Z,23.255,0,67.84,345,0,0,,,,
powertraces-pt200array_pt216_r5_7536312_80-d81f1038b4,2026-05-07T21:05:09.201Z,23.255,1,69.56,345,0,0,,,,
powertraces-pt200array_pt216_r5_7536312_80-d81f1038b4,2026-05-07T21:05:09.201Z,23.255,2,67.04,345,0,0,,,,
powertraces-pt200array_pt216_r5_7536312_80-d81f1038b4,2026-05-07T21:05:09.201Z,23.255,3,66.89,345,0,0,,,,
powertraces-pt200array_pt216_r5_7536312_80-d81f1038b4,2026-05-07T21:05:09.301Z,23.355,0,67.87,345,0,0,,,,
powertraces-pt200array_pt216_r5_7536312_80-d81f1038b4,2026-05-07T21:05:09.301Z,23.355,1,69.5,345,0,0,,,,
powertraces-pt200array_pt216_r5_7536312_80-d81f1038b4,2026-05-07T21:05:09.301Z,23.355,2,67.09,345,0,0,,,,
powertraces-pt200array_pt216_r5_7536312_80-d81f1038b4,2026-05-07T21:05:09.301Z,23.355,3,66.92,345,0,0,,,,
powertraces-pt200array_pt216_r5_7536312_80-d81f1038b4,2026-05-07T21:05:09.401Z,23.455,0,67.88,345,0,0,,,,
powertraces-pt200array_pt216_r5_7536312_80-d81f1038b4,2026-05-07T21:05:09.401Z,23.455,1,69.51,345,0,0,,,,
powertraces-pt200array_pt216_r5_7536312_80-d81f1038b4,2026-05-07T21:05:09.401Z,23.455,2,67.14,345,0,0,,,,
powertraces-pt200array_pt216_r5_7536312_80-d81f1038b4,2026-05-07T21:05:09.401Z,23.455,3,66.95,345,0,0,,,,
powertraces-pt200array_pt216_r5_7536312_80-d81f1038b4,2026-05-07T21:05:09.502Z,23.556,0,67.94,345,0,0,,,,
powertraces-pt200array_pt216_r5_7536312_80-d81f1038b4,2026-05-07T21:05:09.502Z,23.556,1,69.65,345,0,0,,,,
powertraces-pt200array_pt216_r5_7536312_80-d81f1038b4,2026-05-07T21:05:09.502Z,23.556,2,67.16,345,0,0,,,,
powertraces-pt200array_pt216_r5_7536312_80-d81f1038b4,2026-05-07T21:05:09.502Z,23.556,3,66.96,345,0,0,,,,
powertraces-pt200array_pt216_r5_7536312_80-d81f1038b4,2026-05-07T21:05:09.602Z,23.656,0,67.98,345,0,0,,,,
powertraces-pt200array_pt216_r5_7536312_80-d81f1038b4,2026-05-07T21:05:09.602Z,23.656,1,69.79,345,0,0,,,,
powertraces-pt200array_pt216_r5_7536312_80-d81f1038b4,2026-05-07T21:05:09.602Z,23.656,2,67.18,345,0,0,,,,
powertraces-pt200array_pt216_r5_7536312_80-d81f1038b4,2026-05-07T21:05:09.602Z,23.656,3,66.98,345,0,0,,,,
powertraces-pt200array_pt216_r5_7536312_80-d81f1038b4,2026-05-07T21:05:09.702Z,23.756,0,67.97,345,0,0,,,,
powertraces-pt200array_pt216_r5_7536312_80-d81f1038b4,2026-05-07T21:05:09.702Z,23.756,1,69.87,345,0,0,,,,
powertraces-pt200array_pt216_r5_7536312_80-d81f1038b4,2026-05-07T21:05:09.702Z,23.756,2,67.22,345,0,0,,,,
powertraces-pt200array_pt216_r5_7536312_80-d81f1038b4,2026-05-07T21:05:09.702Z,23.756,3,66.97,345,0,0,,,,
powertraces-pt200array_pt216_r5_7536312_80-d81f1038b4,2026-05-07T21:05:09.802Z,23.856,0,68.02,345,0,0,,,,
powertraces-pt200array_pt216_r5_7536312_80-d81f1038b4,2026-05-07T21:05:09.802Z,23.856,1,69.8,345,0,0,,,,
powertraces-pt200array_pt216_r5_7536312_80-d81f1038b4,2026-05-07T21:05:09.802Z,23.856,2,67.23,345,0,0,,,,
powertraces-pt200array_pt216_r5_7536312_80-d81f1038b4,2026-05-07T21:05:09.802Z,23.856,3,66.96,345,0,0,,,,
powertraces-pt200array_pt216_r5_7536312_80-d81f1038b4,2026-05-07T21:05:09.902Z,23.956,0,68.05,345,0,0,,,,
powertraces-pt200array_pt216_r5_7536312_80-d81f1038b4,2026-05-07T21:05:09.902Z,23.956,1,69.7,345,0,0,,,,
powertraces-pt200array_pt216_r5_7536312_80-d81f1038b4,2026-05-07T21:05:09.902Z,23.956,2,67.26,345,0,0,,,,
powertraces-pt200array_pt216_r5_7536312_80-d81f1038b4,2026-05-07T21:05:09.902Z,23.956,3,66.96,345,0,0,,,,
powertraces-pt200array_pt216_r5_7536312_80-d81f1038b4,2026-05-07T21:05:10.003Z,24.057,0,68.05,345,0,0,,,,
powertraces-pt200array_pt216_r5_7536312_80-d81f1038b4,2026-05-07T21:05:10.003Z,24.057,1,69.63,345,0,0,,,,
powertraces-pt200array_pt216_r5_7536312_80-d81f1038b4,2026-05-07T21:05:10.003Z,24.057,2,67.25,345,0,0,,,,
powertraces-pt200array_pt216_r5_7536312_80-d81f1038b4,2026-05-07T21:05:10.003Z,24.057,3,66.98,345,0,0,,,,
powertraces-pt200array_pt216_r5_7536312_80-d81f1038b4,2026-05-07T21:05:10.103Z,24.157,0,68.06,345,0,0,,,,
powertraces-pt200array_pt216_r5_7536312_80-d81f1038b4,2026-05-07T21:05:10.103Z,24.157,1,69.68,345,0,0,,,,
powertraces-pt200array_pt216_r5_7536312_80-d81f1038b4,2026-05-07T21:05:10.103Z,24.157,2,67.26,345,0,0,,,,
powertraces-pt200array_pt216_r5_7536312_80-d81f1038b4,2026-05-07T21:05:10.103Z,24.157,3,66.99,345,0,0,,,,
powertraces-pt200array_pt216_r5_7536312_80-d81f1038b4,2026-05-07T21:05:10.203Z,24.257,0,68.05,345,0,0,,,,
powertraces-pt200array_pt216_r5_7536312_80-d81f1038b4,2026-05-07T21:05:10.203Z,24.257,1,69.83,345,0,0,,,,
powertraces-pt200array_pt216_r5_7536312_80-d81f1038b4,2026-05-07T21:05:10.203Z,24.257,2,67.29,345,0,0,,,,
powertraces-pt200array_pt216_r5_7536312_80-d81f1038b4,2026-05-07T21:05:10.203Z,24.257,3,67.01,345,0,0,,,,
powertraces-pt200array_pt216_r5_7536312_80-d81f1038b4,2026-05-07T21:05:10.303Z,24.357,0,68.04,345,0,0,,,,
powertraces-pt200array_pt216_r5_7536312_80-d81f1038b4,2026-05-07T21:05:10.303Z,24.357,1,69.92,345,0,0,,,,
powertraces-pt200array_pt216_r5_7536312_80-d81f1038b4,2026-05-07T21:05:10.303Z,24.357,2,67.28,345,0,0,,,,
powertraces-pt200array_pt216_r5_7536312_80-d81f1038b4,2026-05-07T21:05:10.303Z,24.357,3,67.0,345,0,0,,,,
powertraces-pt200array_pt216_r5_7536312_80-d81f1038b4,2026-05-07T21:05:10.403Z,24.457,0,68.05,345,0,0,,,,
powertraces-pt200array_pt216_r5_7536312_80-d81f1038b4,2026-05-07T21:05:10.403Z,24.457,1,69.9,345,0,0,,,,
powertraces-pt200array_pt216_r5_7536312_80-d81f1038b4,2026-05-07T21:05:10.403Z,24.457,2,67.28,345,0,0,,,,
powertraces-pt200array_pt216_r5_7536312_80-d81f1038b4,2026-05-07T21:05:10.403Z,24.457,3,67.0,345,0,0,,,,
powertraces-pt200array_pt216_r5_7536312_80-d81f1038b4,2026-05-07T21:05:10.504Z,24.558,0,68.03,345,0,0,,,,
powertraces-pt200array_pt216_r5_7536312_80-d81f1038b4,2026-05-07T21:05:10.504Z,24.558,1,69.81,345,0,0,,,,
powertraces-pt200array_pt216_r5_7536312_80-d81f1038b4,2026-05-07T21:05:10.504Z,24.558,2,67.28,345,0,0,,,,
powertraces-pt200array_pt216_r5_7536312_80-d81f1038b4,2026-05-07T21:05:10.504Z,24.558,3,66.99,345,0,0,,,,
powertraces-pt200array_pt216_r5_7536312_80-d81f1038b4,2026-05-07T21:05:10.604Z,24.658,0,68.02,345,0,0,,,,
powertraces-pt200array_pt216_r5_7536312_80-d81f1038b4,2026-05-07T21:05:10.604Z,24.658,1,69.7,345,0,0,,,,
powertraces-pt200array_pt216_r5_7536312_80-d81f1038b4,2026-05-07T21:05:10.604Z,24.658,2,67.28,345,0,0,,,,
powertraces-pt200array_pt216_r5_7536312_80-d81f1038b4,2026-05-07T21:05:10.604Z,24.658,3,66.99,345,0,0,,,,
powertraces-pt200array_pt216_r5_7536312_80-d81f1038b4,2026-05-07T21:05:10.704Z,24.758,0,68.03,345,0,0,,,,
powertraces-pt200array_pt216_r5_7536312_80-d81f1038b4,2026-05-07T21:05:10.704Z,24.758,1,69.67,345,0,0,,,,
powertraces-pt200array_pt216_r5_7536312_80-d81f1038b4,2026-05-07T21:05:10.704Z,24.758,2,67.28,345,0,0,,,,
powertraces-pt200array_pt216_r5_7536312_80-d81f1038b4,2026-05-07T21:05:10.704Z,24.758,3,67.01,345,0,0,,,,
powertraces-pt200array_pt216_r5_7536312_80-d81f1038b4,2026-05-07T21:05:10.804Z,24.858,0,68.01,345,0,0,,,,
powertraces-pt200array_pt216_r5_7536312_80-d81f1038b4,2026-05-07T21:05:10.804Z,24.858,1,69.73,345,0,0,,,,
powertraces-pt200array_pt216_r5_7536312_80-d81f1038b4,2026-05-07T21:05:10.804Z,24.858,2,67.28,345,0,0,,,,
powertraces-pt200array_pt216_r5_7536312_80-d81f1038b4,2026-05-07T21:05:10.804Z,24.858,3,67.02,345,0,0,,,,
powertraces-pt200array_pt216_r5_7536312_80-d81f1038b4,2026-05-07T21:05:10.904Z,24.958,0,67.99,345,0,0,,,,
powertraces-pt200array_pt216_r5_7536312_80-d81f1038b4,2026-05-07T21:05:10.904Z,24.958,1,69.86,345,0,0,,,,
powertraces-pt200array_pt216_r5_7536312_80-d81f1038b4,2026-05-07T21:05:10.905Z,24.959,2,67.29,345,0,0,,,,
powertraces-pt200array_pt216_r5_7536312_80-d81f1038b4,2026-05-07T21:05:10.905Z,24.959,3,67.03,345,0,0,,,,
powertraces-pt200array_pt216_r5_7536312_80-d81f1038b4,2026-05-07T21:05:11.005Z,25.059,0,68.0,345,0,0,,,,
powertraces-pt200array_pt216_r5_7536312_80-d81f1038b4,2026-05-07T21:05:11.005Z,25.059,1,69.92,345,0,0,,,,
powertraces-pt200array_pt216_r5_7536312_80-d81f1038b4,2026-05-07T21:05:11.005Z,25.059,2,67.31,345,0,0,,,,
powertraces-pt200array_pt216_r5_7536312_80-d81f1038b4,2026-05-07T21:05:11.005Z,25.059,3,67.01,345,0,0,,,,
powertraces-pt200array_pt216_r5_7536312_80-d81f1038b4,2026-05-07T21:05:11.105Z,25.159,0,67.98,345,0,0,,,,
powertraces-pt200array_pt216_r5_7536312_80-d81f1038b4,2026-05-07T21:05:11.105Z,25.159,1,69.87,345,0,0,,,,
powertraces-pt200array_pt216_r5_7536312_80-d81f1038b4,2026-05-07T21:05:11.105Z,25.159,2,67.3,345,0,0,,,,
powertraces-pt200array_pt216_r5_7536312_80-d81f1038b4,2026-05-07T21:05:11.105Z,25.159,3,67.02,345,0,0,,,,
powertraces-pt200array_pt216_r5_7536312_80-d81f1038b4,2026-05-07T21:05:11.205Z,25.259,0,67.98,345,0,0,,,,
powertraces-pt200array_pt216_r5_7536312_80-d81f1038b4,2026-05-07T21:05:11.205Z,25.259,1,69.76,345,0,0,,,,
powertraces-pt200array_pt216_r5_7536312_80-d81f1038b4,2026-05-07T21:05:11.205Z,25.259,2,67.29,345,0,0,,,,
powertraces-pt200array_pt216_r5_7536312_80-d81f1038b4,2026-05-07T21:05:11.205Z,25.259,3,66.99,345,0,0,,,,
powertraces-pt200array_pt216_r5_7536312_80-d81f1038b4,2026-05-07T21:05:11.305Z,25.359,0,67.98,345,0,0,,,,
powertraces-pt200array_pt216_r5_7536312_80-d81f1038b4,2026-05-07T21:05:11.305Z,25.359,1,69.64,345,0,0,,,,
powertraces-pt200array_pt216_r5_7536312_80-d81f1038b4,2026-05-07T21:05:11.305Z,25.359,2,67.3,345,0,0,,,,
powertraces-pt200array_pt216_r5_7536312_80-d81f1038b4,2026-05-07T21:05:11.305Z,25.359,3,66.99,345,0,0,,,,
powertraces-pt200array_pt216_r5_7536312_80-d81f1038b4,2026-05-07T21:05:11.405Z,25.459,0,67.97,345,0,0,,,,
powertraces-pt200array_pt216_r5_7536312_80-d81f1038b4,2026-05-07T21:05:11.406Z,25.46,1,69.62,345,0,0,,,,
powertraces-pt200array_pt216_r5_7536312_80-d81f1038b4,2026-05-07T21:05:11.406Z,25.46,2,67.29,345,0,0,,,,
powertraces-pt200array_pt216_r5_7536312_80-d81f1038b4,2026-05-07T21:05:11.406Z,25.46,3,67.0,345,0,0,,,,
powertraces-pt200array_pt216_r5_7536312_80-d81f1038b4,2026-05-07T21:05:11.506Z,25.56,0,67.98,345,0,0,,,,
powertraces-pt200array_pt216_r5_7536312_80-d81f1038b4,2026-05-07T21:05:11.506Z,25.56,1,69.7,345,0,0,,,,
powertraces-pt200array_pt216_r5_7536312_80-d81f1038b4,2026-05-07T21:05:11.506Z,25.56,2,67.3,345,0,0,,,,
powertraces-pt200array_pt216_r5_7536312_80-d81f1038b4,2026-05-07T21:05:11.506Z,25.56,3,67.0,345,0,0,,,,
powertraces-pt200array_pt216_r5_7536312_80-d81f1038b4,2026-05-07T21:05:11.606Z,25.66,0,67.96,345,0,0,,,,
powertraces-pt200array_pt216_r5_7536312_80-d81f1038b4,2026-05-07T21:05:11.606Z,25.66,1,69.81,345,0,0,,,,
powertraces-pt200array_pt216_r5_7536312_80-d81f1038b4,2026-05-07T21:05:11.606Z,25.66,2,67.29,345,0,0,,,,
powertraces-pt200array_pt216_r5_7536312_80-d81f1038b4,2026-05-07T21:05:11.606Z,25.66,3,67.01,345,0,0,,,,
powertraces-pt200array_pt216_r5_7536312_80-d81f1038b4,2026-05-07T21:05:11.706Z,25.76,0,67.98,345,0,0,,,,
powertraces-pt200array_pt216_r5_7536312_80-d81f1038b4,2026-05-07T21:05:11.706Z,25.76,1,69.84,345,0,0,,,,
powertraces-pt200array_pt216_r5_7536312_80-d81f1038b4,2026-05-07T21:05:11.706Z,25.76,2,67.3,345,0,0,,,,
powertraces-pt200array_pt216_r5_7536312_80-d81f1038b4,2026-05-07T21:05:11.706Z,25.76,3,67.02,345,0,0,,,,
powertraces-pt200array_pt216_r5_7536312_80-d81f1038b4,2026-05-07T21:05:11.806Z,25.86,0,67.98,345,0,0,,,,
powertraces-pt200array_pt216_r5_7536312_80-d81f1038b4,2026-05-07T21:05:11.806Z,25.86,1,69.77,345,0,0,,,,
powertraces-pt200array_pt216_r5_7536312_80-d81f1038b4,2026-05-07T21:05:11.806Z,25.86,2,67.31,345,0,0,,,,
powertraces-pt200array_pt216_r5_7536312_80-d81f1038b4,2026-05-07T21:05:11.806Z,25.86,3,67.04,345,0,0,,,,
powertraces-pt200array_pt216_r5_7536312_80-d81f1038b4,2026-05-07T21:05:11.906Z,25.96,0,68.0,345,0,0,,,,
powertraces-pt200array_pt216_r5_7536312_80-d81f1038b4,2026-05-07T21:05:11.907Z,25.961,1,69.64,345,0,0,,,,
powertraces-pt200array_pt216_r5_7536312_80-d81f1038b4,2026-05-07T21:05:11.907Z,25.961,2,67.31,345,0,0,,,,
powertraces-pt200array_pt216_r5_7536312_80-d81f1038b4,2026-05-07T21:05:11.907Z,25.961,3,67.04,345,0,0,,,,
powertraces-pt200array_pt216_r5_7536312_80-d81f1038b4,2026-05-07T21:05:12.007Z,26.061,0,68.0,345,0,0,,,,
powertraces-pt200array_pt216_r5_7536312_80-d81f1038b4,2026-05-07T21:05:12.007Z,26.061,1,69.58,345,0,0,,,,
powertraces-pt200array_pt216_r5_7536312_80-d81f1038b4,2026-05-07T21:05:12.007Z,26.061,2,67.29,345,0,0,,,,
powertraces-pt200array_pt216_r5_7536312_80-d81f1038b4,2026-05-07T21:05:12.007Z,26.061,3,67.04,345,0,0,,,,
powertraces-pt200array_pt216_r5_7536312_80-d81f1038b4,2026-05-07T21:05:12.107Z,26.161,0,68.01,345,0,0,,,,
powertraces-pt200array_pt216_r5_7536312_80-d81f1038b4,2026-05-07T21:05:12.107Z,26.161,1,69.61,345,0,0,,,,
powertraces-pt200array_pt216_r5_7536312_80-d81f1038b4,2026-05-07T21:05:12.107Z,26.161,2,67.27,345,0,0,,,,
powertraces-pt200array_pt216_r5_7536312_80-d81f1038b4,2026-05-07T21:05:12.107Z,26.161,3,67.04,345,0,0,,,,
powertraces-pt200array_pt216_r5_7536312_80-d81f1038b4,2026-05-07T21:05:12.207Z,26.261,0,68.0,345,0,0,,,,
powertraces-pt200array_pt216_r5_7536312_80-d81f1038b4,2026-05-07T21:05:12.207Z,26.261,1,69.73,345,0,0,,,,
powertraces-pt200array_pt216_r5_7536312_80-d81f1038b4,2026-05-07T21:05:12.207Z,26.261,2,67.28,345,0,0,,,,
powertraces-pt200array_pt216_r5_7536312_80-d81f1038b4,2026-05-07T21:05:12.207Z,26.261,3,67.06,345,0,0,,,,
powertraces-pt200array_pt216_r5_7536312_80-d81f1038b4,2026-05-07T21:05:12.307Z,26.361,0,68.0,345,0,0,,,,
powertraces-pt200array_pt216_r5_7536312_80-d81f1038b4,2026-05-07T21:05:12.307Z,26.361,1,69.83,345,0,0,,,,
powertraces-pt200array_pt216_r5_7536312_80-d81f1038b4,2026-05-07T21:05:12.307Z,26.361,2,67.28,345,0,0,,,,
powertraces-pt200array_pt216_r5_7536312_80-d81f1038b4,2026-05-07T21:05:12.307Z,26.361,3,67.05,345,0,0,,,,
powertraces-pt200array_pt216_r5_7536312_80-d81f1038b4,2026-05-07T21:05:12.408Z,26.462,0,68.0,345,0,0,,,,
powertraces-pt200array_pt216_r5_7536312_80-d81f1038b4,2026-05-07T21:05:12.408Z,26.462,1,69.83,345,0,0,,,,
powertraces-pt200array_pt216_r5_7536312_80-d81f1038b4,2026-05-07T21:05:12.408Z,26.462,2,67.3,345,0,0,,,,
powertraces-pt200array_pt216_r5_7536312_80-d81f1038b4,2026-05-07T21:05:12.408Z,26.462,3,67.04,345,0,0,,,,
powertraces-pt200array_pt216_r5_7536312_80-d81f1038b4,2026-05-07T21:05:12.508Z,26.562,0,68.0,345,0,0,,,,
powertraces-pt200array_pt216_r5_7536312_80-d81f1038b4,2026-05-07T21:05:12.508Z,26.562,1,69.75,345,0,0,,,,
powertraces-pt200array_pt216_r5_7536312_80-d81f1038b4,2026-05-07T21:05:12.508Z,26.562,2,67.28,345,0,0,,,,
powertraces-pt200array_pt216_r5_7536312_80-d81f1038b4,2026-05-07T21:05:12.508Z,26.562,3,67.04,345,0,0,,,,
powertraces-pt200array_pt216_r5_7536312_80-d81f1038b4,2026-05-07T21:05:12.608Z,26.662,0,68.02,345,0,0,,,,
powertraces-pt200array_pt216_r5_7536312_80-d81f1038b4,2026-05-07T21:05:12.608Z,26.662,1,69.64,345,0,0,,,,
powertraces-pt200array_pt216_r5_7536312_80-d81f1038b4,2026-05-07T21:05:12.608Z,26.662,2,67.28,345,0,0,,,,
powertraces-pt200array_pt216_r5_7536312_80-d81f1038b4,2026-05-07T21:05:12.608Z,26.662,3,67.03,345,0,0,,,,
powertraces-pt200array_pt216_r5_7536312_80-d81f1038b4,2026-05-07T21:05:12.708Z,26.762,0,68.01,345,0,0,,,,
powertraces-pt200array_pt216_r5_7536312_80-d81f1038b4,2026-05-07T21:05:12.708Z,26.762,1,69.62,345,0,0,,,,
powertraces-pt200array_pt216_r5_7536312_80-d81f1038b4,2026-05-07T21:05:12.708Z,26.762,2,67.26,345,0,0,,,,
powertraces-pt200array_pt216_r5_7536312_80-d81f1038b4,2026-05-07T21:05:12.708Z,26.762,3,67.03,345,0,0,,,,
powertraces-pt200array_pt216_r5_7536312_80-d81f1038b4,2026-05-07T21:05:12.808Z,26.862,0,68.03,345,0,0,,,,
powertraces-pt200array_pt216_r5_7536312_80-d81f1038b4,2026-05-07T21:05:12.808Z,26.862,1,69.68,345,0,0,,,,
powertraces-pt200array_pt216_r5_7536312_80-d81f1038b4,2026-05-07T21:05:12.808Z,26.862,2,67.28,345,0,0,,,,
powertraces-pt200array_pt216_r5_7536312_80-d81f1038b4,2026-05-07T21:05:12.808Z,26.862,3,67.03,345,0,0,,,,
powertraces-pt200array_pt216_r5_7536312_80-d81f1038b4,2026-05-07T21:05:12.909Z,26.963,0,68.05,345,0,0,,,,
powertraces-pt200array_pt216_r5_7536312_80-d81f1038b4,2026-05-07T21:05:12.909Z,26.963,1,69.8,345,0,0,,,,
powertraces-pt200array_pt216_r5_7536312_80-d81f1038b4,2026-05-07T21:05:12.909Z,26.963,2,67.27,345,0,0,,,,
powertraces-pt200array_pt216_r5_7536312_80-d81f1038b4,2026-05-07T21:05:12.909Z,26.963,3,67.02,345,0,0,,,,
powertraces-pt200array_pt216_r5_7536312_80-d81f1038b4,2026-05-07T21:05:13.009Z,27.063,0,68.06,345,0,0,,,,
powertraces-pt200array_pt216_r5_7536312_80-d81f1038b4,2026-05-07T21:05:13.009Z,27.063,1,69.88,345,0,0,,,,
powertraces-pt200array_pt216_r5_7536312_80-d81f1038b4,2026-05-07T21:05:13.009Z,27.063,2,67.27,345,0,0,,,,
powertraces-pt200array_pt216_r5_7536312_80-d81f1038b4,2026-05-07T21:05:13.009Z,27.063,3,67.02,345,0,0,,,,
powertraces-pt200array_pt216_r5_7536312_80-d81f1038b4,2026-05-07T21:05:13.109Z,27.163,0,68.06,345,0,0,,,,
powertraces-pt200array_pt216_r5_7536312_80-d81f1038b4,2026-05-07T21:05:13.109Z,27.163,1,69.86,345,0,0,,,,
powertraces-pt200array_pt216_r5_7536312_80-d81f1038b4,2026-05-07T21:05:13.109Z,27.163,2,67.29,345,0,0,,,,
powertraces-pt200array_pt216_r5_7536312_80-d81f1038b4,2026-05-07T21:05:13.109Z,27.163,3,67.03,345,0,0,,,,
powertraces-pt200array_pt216_r5_7536312_80-d81f1038b4,2026-05-07T21:05:13.209Z,27.263,0,68.06,345,0,0,,,,
powertraces-pt200array_pt216_r5_7536312_80-d81f1038b4,2026-05-07T21:05:13.209Z,27.263,1,69.74,345,0,0,,,,
powertraces-pt200array_pt216_r5_7536312_80-d81f1038b4,2026-05-07T21:05:13.209Z,27.263,2,67.29,345,0,0,,,,
powertraces-pt200array_pt216_r5_7536312_80-d81f1038b4,2026-05-07T21:05:13.209Z,27.263,3,67.04,345,0,0,,,,
powertraces-pt200array_pt216_r5_7536312_80-d81f1038b4,2026-05-07T21:05:13.309Z,27.363,0,68.07,345,0,0,,,,
powertraces-pt200array_pt216_r5_7536312_80-d81f1038b4,2026-05-07T21:05:13.309Z,27.363,1,69.66,345,0,0,,,,
powertraces-pt200array_pt216_r5_7536312_80-d81f1038b4,2026-05-07T21:05:13.309Z,27.363,2,67.29,345,0,0,,,,
powertraces-pt200array_pt216_r5_7536312_80-d81f1038b4,2026-05-07T21:05:13.31Z,27.364,3,67.05,345,0,0,,,,
powertraces-pt200array_pt216_r5_7536312_80-d81f1038b4,2026-05-07T21:05:13.41Z,27.464,0,68.07,345,0,0,,,,
powertraces-pt200array_pt216_r5_7536312_80-d81f1038b4,2026-05-07T21:05:13.41Z,27.464,1,69.67,345,0,0,,,,
powertraces-pt200array_pt216_r5_7536312_80-d81f1038b4,2026-05-07T21:05:13.41Z,27.464,2,67.28,345,0,0,,,,
powertraces-pt200array_pt216_r5_7536312_80-d81f1038b4,2026-05-07T21:05:13.41Z,27.464,3,67.05,345,0,0,,,,
powertraces-pt200array_pt216_r5_7536312_80-d81f1038b4,2026-05-07T21:05:13.51Z,27.564,0,68.07,345,0,0,,,,
powertraces-pt200array_pt216_r5_7536312_80-d81f1038b4,2026-05-07T21:05:13.51Z,27.564,1,69.73,345,0,0,,,,
powertraces-pt200array_pt216_r5_7536312_80-d81f1038b4,2026-05-07T21:05:13.51Z,27.564,2,67.26,345,0,0,,,,
powertraces-pt200array_pt216_r5_7536312_80-d81f1038b4,2026-05-07T21:05:13.51Z,27.564,3,67.07,345,0,0,,,,
powertraces-pt200array_pt216_r5_7536312_80-d81f1038b4,2026-05-07T21:05:13.61Z,27.664,0,68.05,345,0,0,,,,
powertraces-pt200array_pt216_r5_7536312_80-d81f1038b4,2026-05-07T21:05:13.61Z,27.664,1,69.85,345,0,0,,,,
powertraces-pt200array_pt216_r5_7536312_80-d81f1038b4,2026-05-07T21:05:13.61Z,27.664,2,67.27,345,0,0,,,,
powertraces-pt200array_pt216_r5_7536312_80-d81f1038b4,2026-05-07T21:05:13.61Z,27.664,3,67.06,345,0,0,,,,
powertraces-pt200array_pt216_r5_7536312_80-d81f1038b4,2026-05-07T21:05:13.71Z,27.764,0,68.04,345,0,0,,,,
powertraces-pt200array_pt216_r5_7536312_80-d81f1038b4,2026-05-07T21:05:13.71Z,27.764,1,69.88,345,0,0,,,,
powertraces-pt200array_pt216_r5_7536312_80-d81f1038b4,2026-05-07T21:05:13.71Z,27.764,2,67.26,345,0,0,,,,
powertraces-pt200array_pt216_r5_7536312_80-d81f1038b4,2026-05-07T21:05:13.71Z,27.764,3,67.07,345,0,0,,,,
powertraces-pt200array_pt216_r5_7536312_80-d81f1038b4,2026-05-07T21:05:13.81Z,27.864,0,68.01,345,0,0,,,,
powertraces-pt200array_pt216_r5_7536312_80-d81f1038b4,2026-05-07T21:05:13.811Z,27.865,1,69.83,345,0,0,,,,
powertraces-pt200array_pt216_r5_7536312_80-d81f1038b4,2026-05-07T21:05:13.811Z,27.865,2,67.24,345,0,0,,,,
powertraces-pt200array_pt216_r5_7536312_80-d81f1038b4,2026-05-07T21:05:13.811Z,27.865,3,67.04,345,0,0,,,,
powertraces-pt200array_pt216_r5_7536312_80-d81f1038b4,2026-05-07T21:05:13.911Z,27.965,0,67.97,345,0,0,,,,
powertraces-pt200array_pt216_r5_7536312_80-d81f1038b4,2026-05-07T21:05:13.911Z,27.965,1,69.69,345,0,0,,,,
powertraces-pt200array_pt216_r5_7536312_80-d81f1038b4,2026-05-07T21:05:13.911Z,27.965,2,67.22,345,0,0,,,,
powertraces-pt200array_pt216_r5_7536312_80-d81f1038b4,2026-05-07T21:05:13.911Z,27.965,3,67.03,345,0,0,,,,
powertraces-pt200array_pt216_r5_7536312_80-d81f1038b4,2026-05-07T21:05:14.011Z,28.065,0,67.93,345,0,0,,,,
powertraces-pt200array_pt216_r5_7536312_80-d81f1038b4,2026-05-07T21:05:14.011Z,28.065,1,69.6,345,0,0,,,,
powertraces-pt200array_pt216_r5_7536312_80-d81f1038b4,2026-05-07T21:05:14.011Z,28.065,2,67.21,345,0,0,,,,
powertraces-pt200array_pt216_r5_7536312_80-d81f1038b4,2026-05-07T21:05:14.011Z,28.065,3,67.0,345,0,0,,,,
powertraces-pt200array_pt216_r5_7536312_80-d81f1038b4,2026-05-07T21:05:14.111Z,28.165,0,67.9,345,0,0,,,,
powertraces-pt200array_pt216_r5_7536312_80-d81f1038b4,2026-05-07T21:05:14.111Z,28.165,1,69.6,345,0,0,,,,
powertraces-pt200array_pt216_r5_7536312_80-d81f1038b4,2026-05-07T21:05:14.111Z,28.165,2,67.19,345,0,0,,,,
powertraces-pt200array_pt216_r5_7536312_80-d81f1038b4,2026-05-07T21:05:14.111Z,28.165,3,66.96,345,0,0,,,,
powertraces-pt200array_pt216_r5_7536312_80-d81f1038b4,2026-05-07T21:05:14.211Z,28.265,0,67.87,345,0,0,,,,
powertraces-pt200array_pt216_r5_7536312_80-d81f1038b4,2026-05-07T21:05:14.211Z,28.265,1,69.66,345,0,0,,,,
powertraces-pt200array_pt216_r5_7536312_80-d81f1038b4,2026-05-07T21:05:14.211Z,28.265,2,67.14,345,0,0,,,,
powertraces-pt200array_pt216_r5_7536312_80-d81f1038b4,2026-05-07T21:05:14.211Z,28.265,3,66.91,345,0,0,,,,
powertraces-pt200array_pt216_r5_7536312_80-d81f1038b4,2026-05-07T21:05:14.311Z,28.365,0,67.83,345,0,0,,,,
powertraces-pt200array_pt216_r5_7536312_80-d81f1038b4,2026-05-07T21:05:14.312Z,28.366,1,69.73,345,0,0,,,,
powertraces-pt200array_pt216_r5_7536312_80-d81f1038b4,2026-05-07T21:05:14.312Z,28.366,2,67.11,345,0,0,,,,
powertraces-pt200array_pt216_r5_7536312_80-d81f1038b4,2026-05-07T21:05:14.312Z,28.366,3,66.88,345,0,0,,,,
powertraces-pt200array_pt216_r5_7536312_80-d81f1038b4,2026-05-07T21:05:14.412Z,28.466,0,67.79,345,0,0,,,,
powertraces-pt200array_pt216_r5_7536312_80-d81f1038b4,2026-05-07T21:05:14.412Z,28.466,1,69.69,345,0,0,,,,
powertraces-pt200array_pt216_r5_7536312_80-d81f1038b4,2026-05-07T21:05:14.412Z,28.466,2,67.08,345,0,0,,,,
powertraces-pt200array_pt216_r5_7536312_80-d81f1038b4,2026-05-07T21:05:14.412Z,28.466,3,66.85,345,0,0,,,,
powertraces-pt200array_pt216_r5_7536312_80-d81f1038b4,2026-05-07T21:05:14.512Z,28.566,0,67.75,345,0,0,,,,
powertraces-pt200array_pt216_r5_7536312_80-d81f1038b4,2026-05-07T21:05:14.512Z,28.566,1,69.6,345,0,0,,,,
powertraces-pt200array_pt216_r5_7536312_80-d81f1038b4,2026-05-07T21:05:14.512Z,28.566,2,67.03,345,0,0,,,,
powertraces-pt200array_pt216_r5_7536312_80-d81f1038b4,2026-05-07T21:05:14.512Z,28.566,3,66.79,345,0,0,,,,
powertraces-pt200array_pt216_r5_7536312_80-d81f1038b4,2026-05-07T21:05:14.612Z,28.666,0,67.73,345,0,0,,,,
powertraces-pt200array_pt216_r5_7536312_80-d81f1038b4,2026-05-07T21:05:14.612Z,28.666,1,69.46,345,0,0,,,,
powertraces-pt200array_pt216_r5_7536312_80-d81f1038b4,2026-05-07T21:05:14.612Z,28.666,2,66.98,345,0,0,,,,
powertraces-pt200array_pt216_r5_7536312_80-d81f1038b4,2026-05-07T21:05:14.612Z,28.666,3,66.76,345,0,0,,,,
powertraces-pt200array_pt216_r5_7536312_80-d81f1038b4,2026-05-07T21:05:14.712Z,28.766,0,67.69,345,0,0,,,,
powertraces-pt200array_pt216_r5_7536312_80-d81f1038b4,2026-05-07T21:05:14.712Z,28.766,1,69.36,345,0,0,,,,
powertraces-pt200array_pt216_r5_7536312_80-d81f1038b4,2026-05-07T21:05:14.712Z,28.766,2,66.94,345,0,0,,,,
powertraces-pt200array_pt216_r5_7536312_80-d81f1038b4,2026-05-07T21:05:14.712Z,28.766,3,66.74,345,0,0,,,,
powertraces-pt200array_pt216_r5_7536312_80-d81f1038b4,2026-05-07T21:05:14.812Z,28.866,0,67.68,345,0,0,,,,
powertraces-pt200array_pt216_r5_7536312_80-d81f1038b4,2026-05-07T21:05:14.813Z,28.867,1,69.38,345,0,0,,,,
powertraces-pt200array_pt216_r5_7536312_80-d81f1038b4,2026-05-07T21:05:14.813Z,28.867,2,66.93,345,0,0,,,,
powertraces-pt200array_pt216_r5_7536312_80-d81f1038b4,2026-05-07T21:05:14.813Z,28.867,3,66.73,345,0,0,,,,
powertraces-pt200array_pt216_r5_7536312_80-d81f1038b4,2026-05-07T21:05:14.913Z,28.967,0,67.66,345,0,0,,,,
powertraces-pt200array_pt216_r5_7536312_80-d81f1038b4,2026-05-07T21:05:14.913Z,28.967,1,69.51,345,0,0,,,,
powertraces-pt200array_pt216_r5_7536312_80-d81f1038b4,2026-05-07T21:05:14.913Z,28.967,2,66.9,345,0,0,,,,
powertraces-pt200array_pt216_r5_7536312_80-d81f1038b4,2026-05-07T21:05:14.913Z,28.967,3,66.73,345,0,0,,,,
powertraces-pt200array_pt216_r5_7536312_80-d81f1038b4,2026-05-07T21:05:15.013Z,29.067,0,67.65,345,0,0,,,,
powertraces-pt200array_pt216_r5_7536312_80-d81f1038b4,2026-05-07T21:05:15.013Z,29.067,1,69.58,345,0,0,,,,
powertraces-pt200array_pt216_r5_7536312_80-d81f1038b4,2026-05-07T21:05:15.013Z,29.067,2,66.89,345,0,0,,,,
powertraces-pt200array_pt216_r5_7536312_80-d81f1038b4,2026-05-07T21:05:15.013Z,29.067,3,66.75,345,0,0,,,,
powertraces-pt200array_pt216_r5_7536312_80-d81f1038b4,2026-05-07T21:05:15.113Z,29.167,0,67.68,345,0,0,,,,
powertraces-pt200array_pt216_r5_7536312_80-d81f1038b4,2026-05-07T21:05:15.113Z,29.167,1,69.56,345,0,0,,,,
powertraces-pt200array_pt216_r5_7536312_80-d81f1038b4,2026-05-07T21:05:15.113Z,29.167,2,66.88,345,0,0,,,,
powertraces-pt200array_pt216_r5_7536312_80-d81f1038b4,2026-05-07T21:05:15.113Z,29.167,3,66.76,345,0,0,,,,
powertraces-pt200array_pt216_r5_7536312_80-d81f1038b4,2026-05-07T21:05:15.213Z,29.267,0,67.71,345,0,0,,,,
powertraces-pt200array_pt216_r5_7536312_80-d81f1038b4,2026-05-07T21:05:15.213Z,29.267,1,69.5,345,0,0,,,,
powertraces-pt200array_pt216_r5_7536312_80-d81f1038b4,2026-05-07T21:05:15.213Z,29.267,2,66.94,345,0,0,,,,
powertraces-pt200array_pt216_r5_7536312_80-d81f1038b4,2026-05-07T21:05:15.213Z,29.267,3,66.8,345,0,0,,,,
powertraces-pt200array_pt216_r5_7536312_80-d81f1038b4,2026-05-07T21:05:15.313Z,29.367,0,67.76,345,0,0,,,,
powertraces-pt200array_pt216_r5_7536312_80-d81f1038b4,2026-05-07T21:05:15.314Z,29.368,1,69.41,345,0,0,,,,
powertraces-pt200array_pt216_r5_7536312_80-d81f1038b4,2026-05-07T21:05:15.314Z,29.368,2,66.98,345,0,0,,,,
powertraces-pt200array_pt216_r5_7536312_80-d81f1038b4,2026-05-07T21:05:15.314Z,29.368,3,66.83,345,0,0,,,,
powertraces-pt200array_pt216_r5_7536312_80-d81f1038b4,2026-05-07T21:05:15.414Z,29.468,0,67.79,345,0,0,,,,
powertraces-pt200array_pt216_r5_7536312_80-d81f1038b4,2026-05-07T21:05:15.414Z,29.468,1,69.44,345,0,0,,,,
powertraces-pt200array_pt216_r5_7536312_80-d81f1038b4,2026-05-07T21:05:15.414Z,29.468,2,67.02,345,0,0,,,,
powertraces-pt200array_pt216_r5_7536312_80-d81f1038b4,2026-05-07T21:05:15.414Z,29.468,3,66.86,345,0,0,,,,
powertraces-pt200array_pt216_r5_7536312_80-d81f1038b4,2026-05-07T21:05:15.514Z,29.568,0,67.82,345,0,0,,,,
powertraces-pt200array_pt216_r5_7536312_80-d81f1038b4,2026-05-07T21:05:15.514Z,29.568,1,69.54,345,0,0,,,,
powertraces-pt200array_pt216_r5_7536312_80-d81f1038b4,2026-05-07T21:05:15.514Z,29.568,2,67.06,345,0,0,,,,
powertraces-pt200array_pt216_r5_7536312_80-d81f1038b4,2026-05-07T21:05:15.514Z,29.568,3,66.9,345,0,0,,,,
powertraces-pt200array_pt216_r5_7536312_80-d81f1038b4,2026-05-07T21:05:15.614Z,29.668,0,67.86,345,0,0,,,,
powertraces-pt200array_pt216_r5_7536312_80-d81f1038b4,2026-05-07T21:05:15.614Z,29.668,1,69.68,345,0,0,,,,
powertraces-pt200array_pt216_r5_7536312_80-d81f1038b4,2026-05-07T21:05:15.614Z,29.668,2,67.08,345,0,0,,,,
powertraces-pt200array_pt216_r5_7536312_80-d81f1038b4,2026-05-07T21:05:15.614Z,29.668,3,66.92,345,0,0,,,,
powertraces-pt200array_pt216_r5_7536312_80-d81f1038b4,2026-05-07T21:05:15.714Z,29.768,0,67.89,345,0,0,,,,
powertraces-pt200array_pt216_r5_7536312_80-d81f1038b4,2026-05-07T21:05:15.714Z,29.768,1,69.75,345,0,0,,,,
powertraces-pt200array_pt216_r5_7536312_80-d81f1038b4,2026-05-07T21:05:15.714Z,29.768,2,67.14,345,0,0,,,,
powertraces-pt200array_pt216_r5_7536312_80-d81f1038b4,2026-05-07T21:05:15.714Z,29.768,3,66.95,345,0,0,,,,
powertraces-pt200array_pt216_r5_7536312_80-d81f1038b4,2026-05-07T21:05:15.815Z,29.869,0,67.91,345,0,0,,,,
powertraces-pt200array_pt216_r5_7536312_80-d81f1038b4,2026-05-07T21:05:15.815Z,29.869,1,69.74,345,0,0,,,,
powertraces-pt200array_pt216_r5_7536312_80-d81f1038b4,2026-05-07T21:05:15.815Z,29.869,2,67.17,345,0,0,,,,
powertraces-pt200array_pt216_r5_7536312_80-d81f1038b4,2026-05-07T21:05:15.815Z,29.869,3,66.95,345,0,0,,,,
powertraces-pt200array_pt216_r5_7536312_80-d81f1038b4,2026-05-07T21:05:15.915Z,29.969,0,67.96,345,0,0,,,,
powertraces-pt200array_pt216_r5_7536312_80-d81f1038b4,2026-05-07T21:05:15.915Z,29.969,1,69.65,345,0,0,,,,
powertraces-pt200array_pt216_r5_7536312_80-d81f1038b4,2026-05-07T21:05:15.915Z,29.969,2,67.21,345,0,0,,,,
powertraces-pt200array_pt216_r5_7536312_80-d81f1038b4,2026-05-07T21:05:15.915Z,29.969,3,66.97,345,0,0,,,,
powertraces-pt200array_pt216_r5_7536312_80-d81f1038b4,2026-05-07T21:05:16.015Z,30.069,0,67.98,345,0,0,,,,
powertraces-pt200array_pt216_r5_7536312_80-d81f1038b4,2026-05-07T21:05:16.015Z,30.069,1,69.56,345,0,0,,,,
powertraces-pt200array_pt216_r5_7536312_80-d81f1038b4,2026-05-07T21:05:16.015Z,30.069,2,67.26,345,0,0,,,,
powertraces-pt200array_pt216_r5_7536312_80-d81f1038b4,2026-05-07T21:05:16.015Z,30.069,3,66.98,345,0,0,,,,
powertraces-pt200array_pt216_r5_7536312_80-d81f1038b4,2026-05-07T21:05:16.115Z,30.169,0,67.98,345,0,0,,,,
powertraces-pt200array_pt216_r5_7536312_80-d81f1038b4,2026-05-07T21:05:16.115Z,30.169,1,69.58,345,0,0,,,,
powertraces-pt200array_pt216_r5_7536312_80-d81f1038b4,2026-05-07T21:05:16.115Z,30.169,2,67.27,345,0,0,,,,
powertraces-pt200array_pt216_r5_7536312_80-d81f1038b4,2026-05-07T21:05:16.115Z,30.169,3,67.0,345,0,0,,,,
powertraces-pt200array_pt216_r5_7536312_80-d81f1038b4,2026-05-07T21:05:16.215Z,30.269,0,67.98,345,0,0,,,,
powertraces-pt200array_pt216_r5_7536312_80-d81f1038b4,2026-05-07T21:05:16.215Z,30.269,1,69.67,345,0,0,,,,
powertraces-pt200array_pt216_r5_7536312_80-d81f1038b4,2026-05-07T21:05:16.216Z,30.27,2,67.27,345,0,0,,,,
powertraces-pt200array_pt216_r5_7536312_80-d81f1038b4,2026-05-07T21:05:16.216Z,30.27,3,66.99,345,0,0,,,,
powertraces-pt200array_pt216_r5_7536312_80-d81f1038b4,2026-05-07T21:05:16.316Z,30.37,0,67.98,345,0,0,,,,
powertraces-pt200array_pt216_r5_7536312_80-d81f1038b4,2026-05-07T21:05:16.316Z,30.37,1,69.79,345,0,0,,,,
powertraces-pt200array_pt216_r5_7536312_80-d81f1038b4,2026-05-07T21:05:16.316Z,30.37,2,67.28,345,0,0,,,,
powertraces-pt200array_pt216_r5_7536312_80-d81f1038b4,2026-05-07T21:05:16.316Z,30.37,3,67.0,345,0,0,,,,
powertraces-pt200array_pt216_r5_7536312_80-d81f1038b4,2026-05-07T21:05:16.416Z,30.47,0,67.97,345,0,0,,,,
powertraces-pt200array_pt216_r5_7536312_80-d81f1038b4,2026-05-07T21:05:16.416Z,30.47,1,69.84,345,0,0,,,,
powertraces-pt200array_pt216_r5_7536312_80-d81f1038b4,2026-05-07T21:05:16.416Z,30.47,2,67.27,345,0,0,,,,
powertraces-pt200array_pt216_r5_7536312_80-d81f1038b4,2026-05-07T21:05:16.416Z,30.47,3,67.01,345,0,0,,,,
powertraces-pt200array_pt216_r5_7536312_80-d81f1038b4,2026-05-07T21:05:16.516Z,30.57,0,67.97,345,0,0,,,,
powertraces-pt200array_pt216_r5_7536312_80-d81f1038b4,2026-05-07T21:05:16.516Z,30.57,1,69.78,345,0,0,,,,
powertraces-pt200array_pt216_r5_7536312_80-d81f1038b4,2026-05-07T21:05:16.516Z,30.57,2,67.27,345,0,0,,,,
powertraces-pt200array_pt216_r5_7536312_80-d81f1038b4,2026-05-07T21:05:16.516Z,30.57,3,67.01,345,0,0,,,,
powertraces-pt200array_pt216_r5_7536312_80-d81f1038b4,2026-05-07T21:05:16.616Z,30.67,0,67.95,345,0,0,,,,
powertraces-pt200array_pt216_r5_7536312_80-d81f1038b4,2026-05-07T21:05:16.616Z,30.67,1,69.67,345,0,0,,,,
powertraces-pt200array_pt216_r5_7536312_80-d81f1038b4,2026-05-07T21:05:16.616Z,30.67,2,67.28,345,0,0,,,,
powertraces-pt200array_pt216_r5_7536312_80-d81f1038b4,2026-05-07T21:05:16.616Z,30.67,3,67.02,345,0,0,,,,
powertraces-pt200array_pt216_r5_7536312_80-d81f1038b4,2026-05-07T21:05:16.716Z,30.77,0,67.96,345,0,0,,,,
powertraces-pt200array_pt216_r5_7536312_80-d81f1038b4,2026-05-07T21:05:16.717Z,30.771,1,69.61,345,0,0,,,,
powertraces-pt200array_pt216_r5_7536312_80-d81f1038b4,2026-05-07T21:05:16.717Z,30.771,2,67.28,345,0,0,,,,
powertraces-pt200array_pt216_r5_7536312_80-d81f1038b4,2026-05-07T21:05:16.717Z,30.771,3,67.01,345,0,0,,,,
powertraces-pt200array_pt216_r5_7536312_80-d81f1038b4,2026-05-07T21:05:16.817Z,30.871,0,67.99,345,0,0,,,,
powertraces-pt200array_pt216_r5_7536312_80-d81f1038b4,2026-05-07T21:05:16.817Z,30.871,1,69.64,345,0,0,,,,
powertraces-pt200array_pt216_r5_7536312_80-d81f1038b4,2026-05-07T21:05:16.817Z,30.871,2,67.28,345,0,0,,,,
powertraces-pt200array_pt216_r5_7536312_80-d81f1038b4,2026-05-07T21:05:16.817Z,30.871,3,67.02,345,0,0,,,,
powertraces-pt200array_pt216_r5_7536312_80-d81f1038b4,2026-05-07T21:05:16.917Z,30.971,0,67.98,345,0,0,,,,
powertraces-pt200array_pt216_r5_7536312_80-d81f1038b4,2026-05-07T21:05:16.917Z,30.971,1,69.75,345,0,0,,,,
powertraces-pt200array_pt216_r5_7536312_80-d81f1038b4,2026-05-07T21:05:16.917Z,30.971,2,67.28,345,0,0,,,,
powertraces-pt200array_pt216_r5_7536312_80-d81f1038b4,2026-05-07T21:05:16.917Z,30.971,3,67.02,345,0,0,,,,
powertraces-pt200array_pt216_r5_7536312_80-d81f1038b4,2026-05-07T21:05:17.017Z,31.071,0,67.98,345,0,0,,,,
powertraces-pt200array_pt216_r5_7536312_80-d81f1038b4,2026-05-07T21:05:17.017Z,31.071,1,69.84,345,0,0,,,,
powertraces-pt200array_pt216_r5_7536312_80-d81f1038b4,2026-05-07T21:05:17.017Z,31.071,2,67.28,345,0,0,,,,
powertraces-pt200array_pt216_r5_7536312_80-d81f1038b4,2026-05-07T21:05:17.017Z,31.071,3,67.02,345,0,0,,,,
powertraces-pt200array_pt216_r5_7536312_80-d81f1038b4,2026-05-07T21:05:17.117Z,31.171,0,68.0,345,0,0,,,,
powertraces-pt200array_pt216_r5_7536312_80-d81f1038b4,2026-05-07T21:05:17.117Z,31.171,1,69.88,345,0,0,,,,
powertraces-pt200array_pt216_r5_7536312_80-d81f1038b4,2026-05-07T21:05:17.117Z,31.171,2,67.26,345,0,0,,,,
powertraces-pt200array_pt216_r5_7536312_80-d81f1038b4,2026-05-07T21:05:17.117Z,31.171,3,67.03,345,0,0,,,,
powertraces-pt200array_pt216_r5_7536312_80-d81f1038b4,2026-05-07T21:05:17.217Z,31.271,0,68.01,345,0,0,,,,
powertraces-pt200array_pt216_r5_7536312_80-d81f1038b4,2026-05-07T21:05:17.218Z,31.272,1,69.81,345,0,0,,,,
powertraces-pt200array_pt216_r5_7536312_80-d81f1038b4,2026-05-07T21:05:17.218Z,31.272,2,67.27,345,0,0,,,,
powertraces-pt200array_pt216_r5_7536312_80-d81f1038b4,2026-05-07T21:05:17.218Z,31.272,3,67.02,345,0,0,,,,
powertraces-pt200array_pt216_r5_7536312_80-d81f1038b4,2026-05-07T21:05:17.318Z,31.372,0,68.01,345,0,0,,,,
powertraces-pt200array_pt216_r5_7536312_80-d81f1038b4,2026-05-07T21:05:17.318Z,31.372,1,69.68,345,0,0,,,,
powertraces-pt200array_pt216_r5_7536312_80-d81f1038b4,2026-05-07T21:05:17.318Z,31.372,2,67.26,345,0,0,,,,
powertraces-pt200array_pt216_r5_7536312_80-d81f1038b4,2026-05-07T21:05:17.318Z,31.372,3,67.02,345,0,0,,,,
powertraces-pt200array_pt216_r5_7536312_80-d81f1038b4,2026-05-07T21:05:17.418Z,31.472,0,68.03,345,0,0,,,,
powertraces-pt200array_pt216_r5_7536312_80-d81f1038b4,2026-05-07T21:05:17.418Z,31.472,1,69.63,345,0,0,,,,
powertraces-pt200array_pt216_r5_7536312_80-d81f1038b4,2026-05-07T21:05:17.418Z,31.472,2,67.27,345,0,0,,,,
powertraces-pt200array_pt216_r5_7536312_80-d81f1038b4,2026-05-07T21:05:17.418Z,31.472,3,67.0,345,0,0,,,,
powertraces-pt200array_pt216_r5_7536312_80-d81f1038b4,2026-05-07T21:05:17.518Z,31.572,0,68.04,345,0,0,,,,
powertraces-pt200array_pt216_r5_7536312_80-d81f1038b4,2026-05-07T21:05:17.518Z,31.572,1,69.71,345,0,0,,,,
powertraces-pt200array_pt216_r5_7536312_80-d81f1038b4,2026-05-07T21:05:17.518Z,31.572,2,67.27,345,0,0,,,,
powertraces-pt200array_pt216_r5_7536312_80-d81f1038b4,2026-05-07T21:05:17.518Z,31.572,3,67.0,345,0,0,,,,
powertraces-pt200array_pt216_r5_7536312_80-d81f1038b4,2026-05-07T21:05:17.618Z,31.672,0,68.03,345,0,0,,,,
powertraces-pt200array_pt216_r5_7536312_80-d81f1038b4,2026-05-07T21:05:17.618Z,31.672,1,69.81,345,0,0,,,,
powertraces-pt200array_pt216_r5_7536312_80-d81f1038b4,2026-05-07T21:05:17.618Z,31.672,2,67.26,345,0,0,,,,
powertraces-pt200array_pt216_r5_7536312_80-d81f1038b4,2026-05-07T21:05:17.618Z,31.672,3,67.02,345,0,0,,,,
powertraces-pt200array_pt216_r5_7536312_80-d81f1038b4,2026-05-07T21:05:17.719Z,31.773,0,68.03,345,0,0,,,,
powertraces-pt200array_pt216_r5_7536312_80-d81f1038b4,2026-05-07T21:05:17.719Z,31.773,1,69.88,345,0,0,,,,
powertraces-pt200array_pt216_r5_7536312_80-d81f1038b4,2026-05-07T21:05:17.719Z,31.773,2,67.29,345,0,0,,,,
powertraces-pt200array_pt216_r5_7536312_80-d81f1038b4,2026-05-07T21:05:17.719Z,31.773,3,67.02,345,0,0,,,,
powertraces-pt200array_pt216_r5_7536312_80-d81f1038b4,2026-05-07T21:05:17.819Z,31.873,0,68.02,345,0,0,,,,
powertraces-pt200array_pt216_r5_7536312_80-d81f1038b4,2026-05-07T21:05:17.819Z,31.873,1,69.85,345,0,0,,,,
powertraces-pt200array_pt216_r5_7536312_80-d81f1038b4,2026-05-07T21:05:17.819Z,31.873,2,67.26,345,0,0,,,,
powertraces-pt200array_pt216_r5_7536312_80-d81f1038b4,2026-05-07T21:05:17.819Z,31.873,3,67.03,345,0,0,,,,
powertraces-pt200array_pt216_r5_7536312_80-d81f1038b4,2026-05-07T21:05:17.919Z,31.973,0,68.01,345,0,0,,,,
powertraces-pt200array_pt216_r5_7536312_80-d81f1038b4,2026-05-07T21:05:17.919Z,31.973,1,69.75,345,0,0,,,,
powertraces-pt200array_pt216_r5_7536312_80-d81f1038b4,2026-05-07T21:05:17.919Z,31.973,2,67.25,345,0,0,,,,
powertraces-pt200array_pt216_r5_7536312_80-d81f1038b4,2026-05-07T21:05:17.919Z,31.973,3,67.02,345,0,0,,,,
powertraces-pt200array_pt216_r5_7536312_80-d81f1038b4,2026-05-07T21:05:18.019Z,32.073,0,68.02,345,0,0,,,,
powertraces-pt200array_pt216_r5_7536312_80-d81f1038b4,2026-05-07T21:05:18.019Z,32.073,1,69.64,345,0,0,,,,
powertraces-pt200array_pt216_r5_7536312_80-d81f1038b4,2026-05-07T21:05:18.019Z,32.073,2,67.25,345,0,0,,,,
powertraces-pt200array_pt216_r5_7536312_80-d81f1038b4,2026-05-07T21:05:18.019Z,32.073,3,67.02,345,0,0,,,,
powertraces-pt200array_pt216_r5_7536312_80-d81f1038b4,2026-05-07T21:05:18.119Z,32.173,0,68.02,345,0,0,,,,
powertraces-pt200array_pt216_r5_7536312_80-d81f1038b4,2026-05-07T21:05:18.119Z,32.173,1,69.62,345,0,0,,,,
powertraces-pt200array_pt216_r5_7536312_80-d81f1038b4,2026-05-07T21:05:18.119Z,32.173,2,67.25,345,0,0,,,,
powertraces-pt200array_pt216_r5_7536312_80-d81f1038b4,2026-05-07T21:05:18.119Z,32.173,3,67.02,345,0,0,,,,
powertraces-pt200array_pt216_r5_7536312_80-d81f1038b4,2026-05-07T21:05:18.22Z,32.274,0,68.02,345,0,0,,,,
powertraces-pt200array_pt216_r5_7536312_80-d81f1038b4,2026-05-07T21:05:18.22Z,32.274,1,69.68,345,0,0,,,,
powertraces-pt200array_pt216_r5_7536312_80-d81f1038b4,2026-05-07T21:05:18.22Z,32.274,2,67.28,345,0,0,,,,
powertraces-pt200array_pt216_r5_7536312_80-d81f1038b4,2026-05-07T21:05:18.22Z,32.274,3,67.02,345,0,0,,,,
powertraces-pt200array_pt216_r5_7536312_80-d81f1038b4,2026-05-07T21:05:18.32Z,32.374,0,68.02,345,0,0,,,,
powertraces-pt200array_pt216_r5_7536312_80-d81f1038b4,2026-05-07T21:05:18.32Z,32.374,1,69.8,345,0,0,,,,
powertraces-pt200array_pt216_r5_7536312_80-d81f1038b4,2026-05-07T21:05:18.32Z,32.374,2,67.29,345,0,0,,,,
powertraces-pt200array_pt216_r5_7536312_80-d81f1038b4,2026-05-07T21:05:18.32Z,32.374,3,67.02,345,0,0,,,,
powertraces-pt200array_pt216_r5_7536312_80-d81f1038b4,2026-05-07T21:05:18.42Z,32.474,0,68.01,345,0,0,,,,
powertraces-pt200array_pt216_r5_7536312_80-d81f1038b4,2026-05-07T21:05:18.42Z,32.474,1,69.84,345,0,0,,,,
powertraces-pt200array_pt216_r5_7536312_80-d81f1038b4,2026-05-07T21:05:18.42Z,32.474,2,67.27,345,0,0,,,,
powertraces-pt200array_pt216_r5_7536312_80-d81f1038b4,2026-05-07T21:05:18.42Z,32.474,3,67.02,345,0,0,,,,
powertraces-pt200array_pt216_r5_7536312_80-d81f1038b4,2026-05-07T21:05:18.52Z,32.574,0,68.0,345,0,0,,,,
powertraces-pt200array_pt216_r5_7536312_80-d81f1038b4,2026-05-07T21:05:18.52Z,32.574,1,69.77,345,0,0,,,,
powertraces-pt200array_pt216_r5_7536312_80-d81f1038b4,2026-05-07T21:05:18.52Z,32.574,2,67.26,345,0,0,,,,
powertraces-pt200array_pt216_r5_7536312_80-d81f1038b4,2026-05-07T21:05:18.52Z,32.574,3,67.01,345,0,0,,,,
powertraces-pt200array_pt216_r5_7536312_80-d81f1038b4,2026-05-07T21:05:18.62Z,32.674,0,68.03,345,0,0,,,,
powertraces-pt200array_pt216_r5_7536312_80-d81f1038b4,2026-05-07T21:05:18.62Z,32.674,1,69.66,345,0,0,,,,
powertraces-pt200array_pt216_r5_7536312_80-d81f1038b4,2026-05-07T21:05:18.62Z,32.674,2,67.27,345,0,0,,,,
powertraces-pt200array_pt216_r5_7536312_80-d81f1038b4,2026-05-07T21:05:18.62Z,32.674,3,67.0,345,0,0,,,,
powertraces-pt200array_pt216_r5_7536312_80-d81f1038b4,2026-05-07T21:05:18.721Z,32.775,0,68.02,345,0,0,,,,
powertraces-pt200array_pt216_r5_7536312_80-d81f1038b4,2026-05-07T21:05:18.721Z,32.775,1,69.58,345,0,0,,,,
powertraces-pt200array_pt216_r5_7536312_80-d81f1038b4,2026-05-07T21:05:18.721Z,32.775,2,67.28,345,0,0,,,,
powertraces-pt200array_pt216_r5_7536312_80-d81f1038b4,2026-05-07T21:05:18.721Z,32.775,3,67.0,345,0,0,,,,
powertraces-pt200array_pt216_r5_7536312_80-d81f1038b4,2026-05-07T21:05:18.821Z,32.875,0,68.01,345,0,0,,,,
powertraces-pt200array_pt216_r5_7536312_80-d81f1038b4,2026-05-07T21:05:18.821Z,32.875,1,69.61,345,0,0,,,,
powertraces-pt200array_pt216_r5_7536312_80-d81f1038b4,2026-05-07T21:05:18.821Z,32.875,2,67.28,345,0,0,,,,
powertraces-pt200array_pt216_r5_7536312_80-d81f1038b4,2026-05-07T21:05:18.821Z,32.875,3,67.0,345,0,0,,,,
powertraces-pt200array_pt216_r5_7536312_80-d81f1038b4,2026-05-07T21:05:18.921Z,32.975,0,68.01,345,0,0,,,,
powertraces-pt200array_pt216_r5_7536312_80-d81f1038b4,2026-05-07T21:05:18.921Z,32.975,1,69.76,345,0,0,,,,
powertraces-pt200array_pt216_r5_7536312_80-d81f1038b4,2026-05-07T21:05:18.921Z,32.975,2,67.26,345,0,0,,,,
powertraces-pt200array_pt216_r5_7536312_80-d81f1038b4,2026-05-07T21:05:18.921Z,32.975,3,66.99,345,0,0,,,,
powertraces-pt200array_pt216_r5_7536312_80-d81f1038b4,2026-05-07T21:05:19.021Z,33.075,0,68.02,345,0,0,,,,
powertraces-pt200array_pt216_r5_7536312_80-d81f1038b4,2026-05-07T21:05:19.021Z,33.075,1,69.86,345,0,0,,,,
powertraces-pt200array_pt216_r5_7536312_80-d81f1038b4,2026-05-07T21:05:19.021Z,33.075,2,67.25,345,0,0,,,,
powertraces-pt200array_pt216_r5_7536312_80-d81f1038b4,2026-05-07T21:05:19.021Z,33.075,3,67.0,345,0,0,,,,
powertraces-pt200array_pt216_r5_7536312_80-d81f1038b4,2026-05-07T21:05:19.121Z,33.175,0,68.01,345,0,0,,,,
powertraces-pt200array_pt216_r5_7536312_80-d81f1038b4,2026-05-07T21:05:19.121Z,33.175,1,69.86,345,0,0,,,,
powertraces-pt200array_pt216_r5_7536312_80-d81f1038b4,2026-05-07T21:05:19.121Z,33.175,2,67.26,345,0,0,,,,
powertraces-pt200array_pt216_r5_7536312_80-d81f1038b4,2026-05-07T21:05:19.121Z,33.175,3,67.0,345,0,0,,,,
powertraces-pt200array_pt216_r5_7536312_80-d81f1038b4,2026-05-07T21:05:19.222Z,33.276,0,68.0,345,0,0,,,,
powertraces-pt200array_pt216_r5_7536312_80-d81f1038b4,2026-05-07T21:05:19.222Z,33.276,1,69.8,345,0,0,,,,
powertraces-pt200array_pt216_r5_7536312_80-d81f1038b4,2026-05-07T21:05:19.222Z,33.276,2,67.27,345,0,0,,,,
powertraces-pt200array_pt216_r5_7536312_80-d81f1038b4,2026-05-07T21:05:19.222Z,33.276,3,67.02,345,0,0,,,,
powertraces-pt200array_pt216_r5_7536312_80-d81f1038b4,2026-05-07T21:05:19.322Z,33.376,0,68.02,345,0,0,,,,
powertraces-pt200array_pt216_r5_7536312_80-d81f1038b4,2026-05-07T21:05:19.322Z,33.376,1,69.68,345,0,0,,,,
powertraces-pt200array_pt216_r5_7536312_80-d81f1038b4,2026-05-07T21:05:19.322Z,33.376,2,67.25,345,0,0,,,,
powertraces-pt200array_pt216_r5_7536312_80-d81f1038b4,2026-05-07T21:05:19.322Z,33.376,3,67.04,345,0,0,,,,
powertraces-pt200array_pt216_r5_7536312_80-d81f1038b4,2026-05-07T21:05:19.422Z,33.476,0,68.03,345,0,0,,,,
powertraces-pt200array_pt216_r5_7536312_80-d81f1038b4,2026-05-07T21:05:19.422Z,33.476,1,69.65,345,0,0,,,,
powertraces-pt200array_pt216_r5_7536312_80-d81f1038b4,2026-05-07T21:05:19.422Z,33.476,2,67.25,345,0,0,,,,
powertraces-pt200array_pt216_r5_7536312_80-d81f1038b4,2026-05-07T21:05:19.422Z,33.476,3,67.05,345,0,0,,,,
powertraces-pt200array_pt216_r5_7536312_80-d81f1038b4,2026-05-07T21:05:19.522Z,33.576,0,68.04,345,0,0,,,,
powertraces-pt200array_pt216_r5_7536312_80-d81f1038b4,2026-05-07T21:05:19.522Z,33.576,1,69.69,345,0,0,,,,
powertraces-pt200array_pt216_r5_7536312_80-d81f1038b4,2026-05-07T21:05:19.522Z,33.576,2,67.23,345,0,0,,,,
powertraces-pt200array_pt216_r5_7536312_80-d81f1038b4,2026-05-07T21:05:19.522Z,33.576,3,67.06,345,0,0,,,,
powertraces-pt200array_pt216_r5_7536312_80-d81f1038b4,2026-05-07T21:05:19.622Z,33.676,0,68.02,345,0,0,,,,
powertraces-pt200array_pt216_r5_7536312_80-d81f1038b4,2026-05-07T21:05:19.623Z,33.677,1,69.84,345,0,0,,,,
powertraces-pt200array_pt216_r5_7536312_80-d81f1038b4,2026-05-07T21:05:19.623Z,33.677,2,67.22,345,0,0,,,,
powertraces-pt200array_pt216_r5_7536312_80-d81f1038b4,2026-05-07T21:05:19.623Z,33.677,3,67.06,345,0,0,,,,
powertraces-pt200array_pt216_r5_7536312_80-d81f1038b4,2026-05-07T21:05:19.723Z,33.777,0,68.04,345,0,0,,,,
powertraces-pt200array_pt216_r5_7536312_80-d81f1038b4,2026-05-07T21:05:19.723Z,33.777,1,69.9,345,0,0,,,,
powertraces-pt200array_pt216_r5_7536312_80-d81f1038b4,2026-05-07T21:05:19.723Z,33.777,2,67.21,345,0,0,,,,
powertraces-pt200array_pt216_r5_7536312_80-d81f1038b4,2026-05-07T21:05:19.723Z,33.777,3,67.06,345,0,0,,,,
powertraces-pt200array_pt216_r5_7536312_80-d81f1038b4,2026-05-07T21:05:19.823Z,33.877,0,68.04,345,0,0,,,,
powertraces-pt200array_pt216_r5_7536312_80-d81f1038b4,2026-05-07T21:05:19.823Z,33.877,1,69.88,345,0,0,,,,
powertraces-pt200array_pt216_r5_7536312_80-d81f1038b4,2026-05-07T21:05:19.823Z,33.877,2,67.22,345,0,0,,,,
powertraces-pt200array_pt216_r5_7536312_80-d81f1038b4,2026-05-07T21:05:19.823Z,33.877,3,67.07,345,0,0,,,,
powertraces-pt200array_pt216_r5_7536312_80-d81f1038b4,2026-05-07T21:05:19.923Z,33.977,0,68.05,345,0,0,,,,
powertraces-pt200array_pt216_r5_7536312_80-d81f1038b4,2026-05-07T21:05:19.923Z,33.977,1,69.75,345,0,0,,,,
powertraces-pt200array_pt216_r5_7536312_80-d81f1038b4,2026-05-07T21:05:19.923Z,33.977,2,67.23,345,0,0,,,,
powertraces-pt200array_pt216_r5_7536312_80-d81f1038b4,2026-05-07T21:05:19.923Z,33.977,3,67.08,345,0,0,,,,
powertraces-pt200array_pt216_r5_7536312_80-d81f1038b4,2026-05-07T21:05:20.023Z,34.077,0,68.07,345,0,0,,,,
powertraces-pt200array_pt216_r5_7536312_80-d81f1038b4,2026-05-07T21:05:20.023Z,34.077,1,69.64,345,0,0,,,,
powertraces-pt200array_pt216_r5_7536312_80-d81f1038b4,2026-05-07T21:05:20.023Z,34.077,2,67.25,345,0,0,,,,
powertraces-pt200array_pt216_r5_7536312_80-d81f1038b4,2026-05-07T21:05:20.023Z,34.077,3,67.07,345,0,0,,,,
powertraces-pt200array_pt216_r5_7536312_80-d81f1038b4,2026-05-07T21:05:20.123Z,34.177,0,68.08,345,0,0,,,,
powertraces-pt200array_pt216_r5_7536312_80-d81f1038b4,2026-05-07T21:05:20.124Z,34.178,1,69.63,345,0,0,,,,
powertraces-pt200array_pt216_r5_7536312_80-d81f1038b4,2026-05-07T21:05:20.124Z,34.178,2,67.25,345,0,0,,,,
powertraces-pt200array_pt216_r5_7536312_80-d81f1038b4,2026-05-07T21:05:20.124Z,34.178,3,67.06,345,0,0,,,,
powertraces-pt200array_pt216_r5_7536312_80-d81f1038b4,2026-05-07T21:05:20.224Z,34.278,0,68.09,345,0,0,,,,
powertraces-pt200array_pt216_r5_7536312_80-d81f1038b4,2026-05-07T21:05:20.224Z,34.278,1,69.69,345,0,0,,,,
powertraces-pt200array_pt216_r5_7536312_80-d81f1038b4,2026-05-07T21:05:20.224Z,34.278,2,67.26,345,0,0,,,,
powertraces-pt200array_pt216_r5_7536312_80-d81f1038b4,2026-05-07T21:05:20.224Z,34.278,3,67.05,345,0,0,,,,
powertraces-pt200array_pt216_r5_7536312_80-d81f1038b4,2026-05-07T21:05:20.324Z,34.378,0,68.07,345,0,0,,,,
powertraces-pt200array_pt216_r5_7536312_80-d81f1038b4,2026-05-07T21:05:20.324Z,34.378,1,69.8,345,0,0,,,,
powertraces-pt200array_pt216_r5_7536312_80-d81f1038b4,2026-05-07T21:05:20.324Z,34.378,2,67.26,345,0,0,,,,
powertraces-pt200array_pt216_r5_7536312_80-d81f1038b4,2026-05-07T21:05:20.324Z,34.378,3,67.05,345,0,0,,,,
powertraces-pt200array_pt216_r5_7536312_80-d81f1038b4,2026-05-07T21:05:20.424Z,34.478,0,68.07,345,0,0,,,,
powertraces-pt200array_pt216_r5_7536312_80-d81f1038b4,2026-05-07T21:05:20.424Z,34.478,1,69.86,345,0,0,,,,
powertraces-pt200array_pt216_r5_7536312_80-d81f1038b4,2026-05-07T21:05:20.424Z,34.478,2,67.27,345,0,0,,,,
powertraces-pt200array_pt216_r5_7536312_80-d81f1038b4,2026-05-07T21:05:20.424Z,34.478,3,67.04,345,0,0,,,,
powertraces-pt200array_pt216_r5_7536312_80-d81f1038b4,2026-05-07T21:05:20.524Z,34.578,0,68.05,345,0,0,,,,
powertraces-pt200array_pt216_r5_7536312_80-d81f1038b4,2026-05-07T21:05:20.524Z,34.578,1,69.84,345,0,0,,,,
powertraces-pt200array_pt216_r5_7536312_80-d81f1038b4,2026-05-07T21:05:20.524Z,34.578,2,67.28,345,0,0,,,,
powertraces-pt200array_pt216_r5_7536312_80-d81f1038b4,2026-05-07T21:05:20.524Z,34.578,3,67.03,345,0,0,,,,
powertraces-pt200array_pt216_r5_7536312_80-d81f1038b4,2026-05-07T21:05:20.624Z,34.678,0,68.05,345,0,0,,,,
powertraces-pt200array_pt216_r5_7536312_80-d81f1038b4,2026-05-07T21:05:20.624Z,34.678,1,69.74,345,0,0,,,,
powertraces-pt200array_pt216_r5_7536312_80-d81f1038b4,2026-05-07T21:05:20.625Z,34.679,2,67.29,345,0,0,,,,
powertraces-pt200array_pt216_r5_7536312_80-d81f1038b4,2026-05-07T21:05:20.625Z,34.679,3,67.04,345,0,0,,,,
powertraces-pt200array_pt216_r5_7536312_80-d81f1038b4,2026-05-07T21:05:20.725Z,34.779,0,68.03,345,0,0,,,,
powertraces-pt200array_pt216_r5_7536312_80-d81f1038b4,2026-05-07T21:05:20.725Z,34.779,1,69.64,345,0,0,,,,
powertraces-pt200array_pt216_r5_7536312_80-d81f1038b4,2026-05-07T21:05:20.725Z,34.779,2,67.31,345,0,0,,,,
powertraces-pt200array_pt216_r5_7536312_80-d81f1038b4,2026-05-07T21:05:20.725Z,34.779,3,67.03,345,0,0,,,,
powertraces-pt200array_pt216_r5_7536312_80-d81f1038b4,2026-05-07T21:05:20.825Z,34.879,0,68.02,345,0,0,,,,
powertraces-pt200array_pt216_r5_7536312_80-d81f1038b4,2026-05-07T21:05:20.825Z,34.879,1,69.65,345,0,0,,,,
powertraces-pt200array_pt216_r5_7536312_80-d81f1038b4,2026-05-07T21:05:20.825Z,34.879,2,67.3,345,0,0,,,,
powertraces-pt200array_pt216_r5_7536312_80-d81f1038b4,2026-05-07T21:05:20.825Z,34.879,3,67.03,345,0,0,,,,
powertraces-pt200array_pt216_r5_7536312_80-d81f1038b4,2026-05-07T21:05:20.925Z,34.979,0,68.02,345,0,0,,,,
powertraces-pt200array_pt216_r5_7536312_80-d81f1038b4,2026-05-07T21:05:20.925Z,34.979,1,69.79,345,0,0,,,,
powertraces-pt200array_pt216_r5_7536312_80-d81f1038b4,2026-05-07T21:05:20.925Z,34.979,2,67.3,345,0,0,,,,
powertraces-pt200array_pt216_r5_7536312_80-d81f1038b4,2026-05-07T21:05:20.925Z,34.979,3,67.04,345,0,0,,,,
powertraces-pt200array_pt216_r5_7536312_80-d81f1038b4,2026-05-07T21:05:21.025Z,35.079,0,67.99,345,0,0,,,,
powertraces-pt200array_pt216_r5_7536312_80-d81f1038b4,2026-05-07T21:05:21.025Z,35.079,1,69.88,345,0,0,,,,
powertraces-pt200array_pt216_r5_7536312_80-d81f1038b4,2026-05-07T21:05:21.025Z,35.079,2,67.29,345,0,0,,,,
powertraces-pt200array_pt216_r5_7536312_80-d81f1038b4,2026-05-07T21:05:21.025Z,35.079,3,67.05,345,0,0,,,,
powertraces-pt200array_pt216_r5_7536312_80-d81f1038b4,2026-05-07T21:05:21.125Z,35.179,0,68.0,345,0,0,,,,
powertraces-pt200array_pt216_r5_7536312_80-d81f1038b4,2026-05-07T21:05:21.126Z,35.18,1,69.93,345,0,0,,,,
powertraces-pt200array_pt216_r5_7536312_80-d81f1038b4,2026-05-07T21:05:21.126Z,35.18,2,67.28,345,0,0,,,,
powertraces-pt200array_pt216_r5_7536312_80-d81f1038b4,2026-05-07T21:05:21.126Z,35.18,3,67.05,345,0,0,,,,
powertraces-pt200array_pt216_r5_7536312_80-d81f1038b4,2026-05-07T21:05:21.226Z,35.28,0,68.0,345,0,0,,,,
powertraces-pt200array_pt216_r5_7536312_80-d81f1038b4,2026-05-07T21:05:21.226Z,35.28,1,69.9,345,0,0,,,,
powertraces-pt200array_pt216_r5_7536312_80-d81f1038b4,2026-05-07T21:05:21.226Z,35.28,2,67.27,345,0,0,,,,
powertraces-pt200array_pt216_r5_7536312_80-d81f1038b4,2026-05-07T21:05:21.226Z,35.28,3,67.04,345,0,0,,,,
powertraces-pt200array_pt216_r5_7536312_80-d81f1038b4,2026-05-07T21:05:21.326Z,35.38,0,67.98,345,0,0,,,,
powertraces-pt200array_pt216_r5_7536312_80-d81f1038b4,2026-05-07T21:05:21.326Z,35.38,1,69.77,345,0,0,,,,
powertraces-pt200array_pt216_r5_7536312_80-d81f1038b4,2026-05-07T21:05:21.326Z,35.38,2,67.27,345,0,0,,,,
powertraces-pt200array_pt216_r5_7536312_80-d81f1038b4,2026-05-07T21:05:21.326Z,35.38,3,67.04,345,0,0,,,,
powertraces-pt200array_pt216_r5_7536312_80-d81f1038b4,2026-05-07T21:05:21.426Z,35.48,0,67.97,345,0,0,,,,
powertraces-pt200array_pt216_r5_7536312_80-d81f1038b4,2026-05-07T21:05:21.426Z,35.48,1,69.69,345,0,0,,,,
powertraces-pt200array_pt216_r5_7536312_80-d81f1038b4,2026-05-07T21:05:21.426Z,35.48,2,67.26,345,0,0,,,,
powertraces-pt200array_pt216_r5_7536312_80-d81f1038b4,2026-05-07T21:05:21.426Z,35.48,3,67.06,345,0,0,,,,
powertraces-pt200array_pt216_r5_7536312_80-d81f1038b4,2026-05-07T21:05:21.526Z,35.58,0,67.98,345,0,0,,,,
powertraces-pt200array_pt216_r5_7536312_80-d81f1038b4,2026-05-07T21:05:21.526Z,35.58,1,69.7,345,0,0,,,,
powertraces-pt200array_pt216_r5_7536312_80-d81f1038b4,2026-05-07T21:05:21.526Z,35.58,2,67.26,345,0,0,,,,
powertraces-pt200array_pt216_r5_7536312_80-d81f1038b4,2026-05-07T21:05:21.526Z,35.58,3,67.05,345,0,0,,,,
powertraces-pt200array_pt216_r5_7536312_80-d81f1038b4,2026-05-07T21:05:21.626Z,35.68,0,67.99,345,0,0,,,,
powertraces-pt200array_pt216_r5_7536312_80-d81f1038b4,2026-05-07T21:05:21.627Z,35.681,1,69.81,345,0,0,,,,
powertraces-pt200array_pt216_r5_7536312_80-d81f1038b4,2026-05-07T21:05:21.627Z,35.681,2,67.25,345,0,0,,,,
powertraces-pt200array_pt216_r5_7536312_80-d81f1038b4,2026-05-07T21:05:21.627Z,35.681,3,67.05,345,0,0,,,,
powertraces-pt200array_pt216_r5_7536312_80-d81f1038b4,2026-05-07T21:05:21.727Z,35.781,0,67.98,345,0,0,,,,
powertraces-pt200array_pt216_r5_7536312_80-d81f1038b4,2026-05-07T21:05:21.727Z,35.781,1,69.91,345,0,0,,,,
powertraces-pt200array_pt216_r5_7536312_80-d81f1038b4,2026-05-07T21:05:21.727Z,35.781,2,67.25,345,0,0,,,,
powertraces-pt200array_pt216_r5_7536312_80-d81f1038b4,2026-05-07T21:05:21.727Z,35.781,3,67.07,345,0,0,,,,
powertraces-pt200array_pt216_r5_7536312_80-d81f1038b4,2026-05-07T21:05:21.827Z,35.881,0,68.0,345,0,0,,,,
powertraces-pt200array_pt216_r5_7536312_80-d81f1038b4,2026-05-07T21:05:21.827Z,35.881,1,69.9,345,0,0,,,,
powertraces-pt200array_pt216_r5_7536312_80-d81f1038b4,2026-05-07T21:05:21.827Z,35.881,2,67.24,345,0,0,,,,
powertraces-pt200array_pt216_r5_7536312_80-d81f1038b4,2026-05-07T21:05:21.827Z,35.881,3,67.07,345,0,0,,,,
powertraces-pt200array_pt216_r5_7536312_80-d81f1038b4,2026-05-07T21:05:21.927Z,35.981,0,68.01,345,0,0,,,,
powertraces-pt200array_pt216_r5_7536312_80-d81f1038b4,2026-05-07T21:05:21.927Z,35.981,1,69.79,345,0,0,,,,
powertraces-pt200array_pt216_r5_7536312_80-d81f1038b4,2026-05-07T21:05:21.927Z,35.981,2,67.22,345,0,0,,,,
powertraces-pt200array_pt216_r5_7536312_80-d81f1038b4,2026-05-07T21:05:21.927Z,35.981,3,67.05,345,0,0,,,,
powertraces-pt200array_pt216_r5_7536312_80-d81f1038b4,2026-05-07T21:05:22.027Z,36.081,0,67.98,345,0,0,,,,
powertraces-pt200array_pt216_r5_7536312_80-d81f1038b4,2026-05-07T21:05:22.027Z,36.081,1,69.68,345,0,0,,,,
powertraces-pt200array_pt216_r5_7536312_80-d81f1038b4,2026-05-07T21:05:22.027Z,36.081,2,67.23,345,0,0,,,,
powertraces-pt200array_pt216_r5_7536312_80-d81f1038b4,2026-05-07T21:05:22.027Z,36.081,3,67.04,345,0,0,,,,
powertraces-pt200array_pt216_r5_7536312_80-d81f1038b4,2026-05-07T21:05:22.128Z,36.182,0,67.98,345,0,0,,,,
powertraces-pt200array_pt216_r5_7536312_80-d81f1038b4,2026-05-07T21:05:22.128Z,36.182,1,69.63,345,0,0,,,,
powertraces-pt200array_pt216_r5_7536312_80-d81f1038b4,2026-05-07T21:05:22.128Z,36.182,2,67.24,345,0,0,,,,
powertraces-pt200array_pt216_r5_7536312_80-d81f1038b4,2026-05-07T21:05:22.128Z,36.182,3,67.05,345,0,0,,,,
powertraces-pt200array_pt216_r5_7536312_80-d81f1038b4,2026-05-07T21:05:22.228Z,36.282,0,67.98,345,0,0,,,,
powertraces-pt200array_pt216_r5_7536312_80-d81f1038b4,2026-05-07T21:05:22.228Z,36.282,1,69.71,345,0,0,,,,
powertraces-pt200array_pt216_r5_7536312_80-d81f1038b4,2026-05-07T21:05:22.228Z,36.282,2,67.25,345,0,0,,,,
powertraces-pt200array_pt216_r5_7536312_80-d81f1038b4,2026-05-07T21:05:22.228Z,36.282,3,67.07,345,0,0,,,,
powertraces-pt200array_pt216_r5_7536312_80-d81f1038b4,2026-05-07T21:05:22.328Z,36.382,0,67.99,345,0,0,,,,
powertraces-pt200array_pt216_r5_7536312_80-d81f1038b4,2026-05-07T21:05:22.328Z,36.382,1,69.83,345,0,0,,,,
powertraces-pt200array_pt216_r5_7536312_80-d81f1038b4,2026-05-07T21:05:22.328Z,36.382,2,67.24,345,0,0,,,,
powertraces-pt200array_pt216_r5_7536312_80-d81f1038b4,2026-05-07T21:05:22.328Z,36.382,3,67.06,345,0,0,,,,
powertraces-pt200array_pt216_r5_7536312_80-d81f1038b4,2026-05-07T21:05:22.428Z,36.482,0,67.99,345,0,0,,,,
powertraces-pt200array_pt216_r5_7536312_80-d81f1038b4,2026-05-07T21:05:22.428Z,36.482,1,69.91,345,0,0,,,,
powertraces-pt200array_pt216_r5_7536312_80-d81f1038b4,2026-05-07T21:05:22.428Z,36.482,2,67.25,345,0,0,,,,
powertraces-pt200array_pt216_r5_7536312_80-d81f1038b4,2026-05-07T21:05:22.428Z,36.482,3,67.06,345,0,0,,,,
powertraces-pt200array_pt216_r5_7536312_80-d81f1038b4,2026-05-07T21:05:22.528Z,36.582,0,68.0,345,0,0,,,,
powertraces-pt200array_pt216_r5_7536312_80-d81f1038b4,2026-05-07T21:05:22.528Z,36.582,1,69.87,345,0,0,,,,
powertraces-pt200array_pt216_r5_7536312_80-d81f1038b4,2026-05-07T21:05:22.528Z,36.582,2,67.25,345,0,0,,,,
powertraces-pt200array_pt216_r5_7536312_80-d81f1038b4,2026-05-07T21:05:22.528Z,36.582,3,67.05,345,0,0,,,,
powertraces-pt200array_pt216_r5_7536312_80-d81f1038b4,2026-05-07T21:05:22.629Z,36.683,0,68.01,345,0,0,,,,
powertraces-pt200array_pt216_r5_7536312_80-d81f1038b4,2026-05-07T21:05:22.629Z,36.683,1,69.76,345,0,0,,,,
powertraces-pt200array_pt216_r5_7536312_80-d81f1038b4,2026-05-07T21:05:22.629Z,36.683,2,67.26,345,0,0,,,,
powertraces-pt200array_pt216_r5_7536312_80-d81f1038b4,2026-05-07T21:05:22.629Z,36.683,3,67.05,345,0,0,,,,
powertraces-pt200array_pt216_r5_7536312_80-d81f1038b4,2026-05-07T21:05:22.729Z,36.783,0,68.0,345,0,0,,,,
powertraces-pt200array_pt216_r5_7536312_80-d81f1038b4,2026-05-07T21:05:22.729Z,36.783,1,69.67,345,0,0,,,,
powertraces-pt200array_pt216_r5_7536312_80-d81f1038b4,2026-05-07T21:05:22.729Z,36.783,2,67.26,345,0,0,,,,
powertraces-pt200array_pt216_r5_7536312_80-d81f1038b4,2026-05-07T21:05:22.729Z,36.783,3,67.03,345,0,0,,,,
powertraces-pt200array_pt216_r5_7536312_80-d81f1038b4,2026-05-07T21:05:22.829Z,36.883,0,67.99,345,0,0,,,,
powertraces-pt200array_pt216_r5_7536312_80-d81f1038b4,2026-05-07T21:05:22.829Z,36.883,1,69.62,345,0,0,,,,
powertraces-pt200array_pt216_r5_7536312_80-d81f1038b4,2026-05-07T21:05:22.829Z,36.883,2,67.28,345,0,0,,,,
powertraces-pt200array_pt216_r5_7536312_80-d81f1038b4,2026-05-07T21:05:22.829Z,36.883,3,67.04,345,0,0,,,,
powertraces-pt200array_pt216_r5_7536312_80-d81f1038b4,2026-05-07T21:05:22.929Z,36.983,0,67.98,345,0,0,,,,
powertraces-pt200array_pt216_r5_7536312_80-d81f1038b4,2026-05-07T21:05:22.929Z,36.983,1,69.71,345,0,0,,,,
powertraces-pt200array_pt216_r5_7536312_80-d81f1038b4,2026-05-07T21:05:22.929Z,36.983,2,67.29,345,0,0,,,,
powertraces-pt200array_pt216_r5_7536312_80-d81f1038b4,2026-05-07T21:05:22.929Z,36.983,3,67.04,345,0,0,,,,
powertraces-pt200array_pt216_r5_7536312_80-d81f1038b4,2026-05-07T21:05:23.029Z,37.083,0,68.0,345,0,0,,,,
powertraces-pt200array_pt216_r5_7536312_80-d81f1038b4,2026-05-07T21:05:23.029Z,37.083,1,69.82,345,0,0,,,,
powertraces-pt200array_pt216_r5_7536312_80-d81f1038b4,2026-05-07T21:05:23.029Z,37.083,2,67.27,345,0,0,,,,
powertraces-pt200array_pt216_r5_7536312_80-d81f1038b4,2026-05-07T21:05:23.029Z,37.083,3,67.04,345,0,0,,,,
powertraces-pt200array_pt216_r5_7536312_80-d81f1038b4,2026-05-07T21:05:23.13Z,37.184,0,68.02,345,0,0,,,,
powertraces-pt200array_pt216_r5_7536312_80-d81f1038b4,2026-05-07T21:05:23.13Z,37.184,1,69.85,345,0,0,,,,
powertraces-pt200array_pt216_r5_7536312_80-d81f1038b4,2026-05-07T21:05:23.13Z,37.184,2,67.27,345,0,0,,,,
powertraces-pt200array_pt216_r5_7536312_80-d81f1038b4,2026-05-07T21:05:23.13Z,37.184,3,67.05,345,0,0,,,,
powertraces-pt200array_pt216_r5_7536312_80-d81f1038b4,2026-05-07T21:05:23.23Z,37.284,0,68.01,345,0,0,,,,
powertraces-pt200array_pt216_r5_7536312_80-d81f1038b4,2026-05-07T21:05:23.23Z,37.284,1,69.76,345,0,0,,,,
powertraces-pt200array_pt216_r5_7536312_80-d81f1038b4,2026-05-07T21:05:23.23Z,37.284,2,67.29,345,0,0,,,,
powertraces-pt200array_pt216_r5_7536312_80-d81f1038b4,2026-05-07T21:05:23.23Z,37.284,3,67.03,345,0,0,,,,
powertraces-pt200array_pt216_r5_7536312_80-d81f1038b4,2026-05-07T21:05:23.33Z,37.384,0,68.02,345,0,0,,,,
powertraces-pt200array_pt216_r5_7536312_80-d81f1038b4,2026-05-07T21:05:23.33Z,37.384,1,69.62,345,0,0,,,,
powertraces-pt200array_pt216_r5_7536312_80-d81f1038b4,2026-05-07T21:05:23.33Z,37.384,2,67.29,345,0,0,,,,
powertraces-pt200array_pt216_r5_7536312_80-d81f1038b4,2026-05-07T21:05:23.33Z,37.384,3,67.01,345,0,0,,,,
powertraces-pt200array_pt216_r5_7536312_80-d81f1038b4,2026-05-07T21:05:23.43Z,37.484,0,68.04,345,0,0,,,,
powertraces-pt200array_pt216_r5_7536312_80-d81f1038b4,2026-05-07T21:05:23.43Z,37.484,1,69.55,345,0,0,,,,
powertraces-pt200array_pt216_r5_7536312_80-d81f1038b4,2026-05-07T21:05:23.43Z,37.484,2,67.28,345,0,0,,,,
powertraces-pt200array_pt216_r5_7536312_80-d81f1038b4,2026-05-07T21:05:23.43Z,37.484,3,67.03,345,0,0,,,,
powertraces-pt200array_pt216_r5_7536312_80-d81f1038b4,2026-05-07T21:05:23.53Z,37.584,0,68.02,345,0,0,,,,
powertraces-pt200array_pt216_r5_7536312_80-d81f1038b4,2026-05-07T21:05:23.531Z,37.585,1,69.56,345,0,0,,,,
powertraces-pt200array_pt216_r5_7536312_80-d81f1038b4,2026-05-07T21:05:23.531Z,37.585,2,67.28,345,0,0,,,,
powertraces-pt200array_pt216_r5_7536312_80-d81f1038b4,2026-05-07T21:05:23.531Z,37.585,3,67.02,345,0,0,,,,
powertraces-pt200array_pt216_r5_7536312_80-d81f1038b4,2026-05-07T21:05:23.631Z,37.685,0,68.01,345,0,0,,,,
powertraces-pt200array_pt216_r5_7536312_80-d81f1038b4,2026-05-07T21:05:23.631Z,37.685,1,69.66,345,0,0,,,,
powertraces-pt200array_pt216_r5_7536312_80-d81f1038b4,2026-05-07T21:05:23.631Z,37.685,2,67.28,345,0,0,,,,
powertraces-pt200array_pt216_r5_7536312_80-d81f1038b4,2026-05-07T21:05:23.631Z,37.685,3,67.03,345,0,0,,,,
powertraces-pt200array_pt216_r5_7536312_80-d81f1038b4,2026-05-07T21:05:23.731Z,37.785,0,68.01,345,0,0,,,,
powertraces-pt200array_pt216_r5_7536312_80-d81f1038b4,2026-05-07T21:05:23.731Z,37.785,1,69.78,345,0,0,,,,
powertraces-pt200array_pt216_r5_7536312_80-d81f1038b4,2026-05-07T21:05:23.731Z,37.785,2,67.27,345,0,0,,,,
powertraces-pt200array_pt216_r5_7536312_80-d81f1038b4,2026-05-07T21:05:23.731Z,37.785,3,67.01,345,0,0,,,,
powertraces-pt200array_pt216_r5_7536312_80-d81f1038b4,2026-05-07T21:05:23.831Z,37.885,0,68.01,345,0,0,,,,
powertraces-pt200array_pt216_r5_7536312_80-d81f1038b4,2026-05-07T21:05:23.831Z,37.885,1,69.83,345,0,0,,,,
powertraces-pt200array_pt216_r5_7536312_80-d81f1038b4,2026-05-07T21:05:23.831Z,37.885,2,67.26,345,0,0,,,,
powertraces-pt200array_pt216_r5_7536312_80-d81f1038b4,2026-05-07T21:05:23.831Z,37.885,3,67.03,345,0,0,,,,
powertraces-pt200array_pt216_r5_7536312_80-d81f1038b4,2026-05-07T21:05:23.931Z,37.985,0,68.0,345,0,0,,,,
powertraces-pt200array_pt216_r5_7536312_80-d81f1038b4,2026-05-07T21:05:23.931Z,37.985,1,69.79,345,0,0,,,,
powertraces-pt200array_pt216_r5_7536312_80-d81f1038b4,2026-05-07T21:05:23.931Z,37.985,2,67.25,345,0,0,,,,
powertraces-pt200array_pt216_r5_7536312_80-d81f1038b4,2026-05-07T21:05:23.931Z,37.985,3,67.03,345,0,0,,,,
powertraces-pt200array_pt216_r5_7536312_80-d81f1038b4,2026-05-07T21:05:24.031Z,38.085,0,68.02,345,0,0,,,,
powertraces-pt200array_pt216_r5_7536312_80-d81f1038b4,2026-05-07T21:05:24.032Z,38.086,1,69.64,345,0,0,,,,
powertraces-pt200array_pt216_r5_7536312_80-d81f1038b4,2026-05-07T21:05:24.032Z,38.086,2,67.24,345,0,0,,,,
powertraces-pt200array_pt216_r5_7536312_80-d81f1038b4,2026-05-07T21:05:24.032Z,38.086,3,67.05,345,0,0,,,,
powertraces-pt200array_pt216_r5_7536312_80-d81f1038b4,2026-05-07T21:05:24.132Z,38.186,0,68.02,345,0,0,,,,
powertraces-pt200array_pt216_r5_7536312_80-d81f1038b4,2026-05-07T21:05:24.132Z,38.186,1,69.61,345,0,0,,,,
powertraces-pt200array_pt216_r5_7536312_80-d81f1038b4,2026-05-07T21:05:24.132Z,38.186,2,67.23,345,0,0,,,,
powertraces-pt200array_pt216_r5_7536312_80-d81f1038b4,2026-05-07T21:05:24.132Z,38.186,3,67.04,345,0,0,,,,
powertraces-pt200array_pt216_r5_7536312_80-d81f1038b4,2026-05-07T21:05:24.232Z,38.286,0,68.02,345,0,0,,,,
powertraces-pt200array_pt216_r5_7536312_80-d81f1038b4,2026-05-07T21:05:24.232Z,38.286,1,69.69,345,0,0,,,,
powertraces-pt200array_pt216_r5_7536312_80-d81f1038b4,2026-05-07T21:05:24.232Z,38.286,2,67.24,345,0,0,,,,
powertraces-pt200array_pt216_r5_7536312_80-d81f1038b4,2026-05-07T21:05:24.232Z,38.286,3,67.04,345,0,0,,,,
powertraces-pt200array_pt216_r5_7536312_80-d81f1038b4,2026-05-07T21:05:24.332Z,38.386,0,68.0,345,0,0,,,,
powertraces-pt200array_pt216_r5_7536312_80-d81f1038b4,2026-05-07T21:05:24.332Z,38.386,1,69.79,345,0,0,,,,
powertraces-pt200array_pt216_r5_7536312_80-d81f1038b4,2026-05-07T21:05:24.332Z,38.386,2,67.22,345,0,0,,,,
powertraces-pt200array_pt216_r5_7536312_80-d81f1038b4,2026-05-07T21:05:24.332Z,38.386,3,67.04,345,0,0,,,,
powertraces-pt200array_pt216_r5_7536312_80-d81f1038b4,2026-05-07T21:05:24.432Z,38.486,0,67.99,345,0,0,,,,
powertraces-pt200array_pt216_r5_7536312_80-d81f1038b4,2026-05-07T21:05:24.432Z,38.486,1,69.88,345,0,0,,,,
powertraces-pt200array_pt216_r5_7536312_80-d81f1038b4,2026-05-07T21:05:24.432Z,38.486,2,67.21,345,0,0,,,,
powertraces-pt200array_pt216_r5_7536312_80-d81f1038b4,2026-05-07T21:05:24.432Z,38.486,3,67.02,345,0,0,,,,
powertraces-pt200array_pt216_r5_7536312_80-d81f1038b4,2026-05-07T21:05:24.532Z,38.586,0,67.99,345,0,0,,,,
powertraces-pt200array_pt216_r5_7536312_80-d81f1038b4,2026-05-07T21:05:24.533Z,38.587,1,69.85,345,0,0,,,,
powertraces-pt200array_pt216_r5_7536312_80-d81f1038b4,2026-05-07T21:05:24.533Z,38.587,2,67.18,345,0,0,,,,
powertraces-pt200array_pt216_r5_7536312_80-d81f1038b4,2026-05-07T21:05:24.533Z,38.587,3,67.01,345,0,0,,,,
powertraces-pt200array_pt216_r5_7536312_80-d81f1038b4,2026-05-07T21:05:24.633Z,38.687,0,67.95,345,0,0,,,,
powertraces-pt200array_pt216_r5_7536312_80-d81f1038b4,2026-05-07T21:05:24.633Z,38.687,1,69.61,345,0,0,,,,
powertraces-pt200array_pt216_r5_7536312_80-d81f1038b4,2026-05-07T21:05:24.633Z,38.687,2,67.15,345,0,0,,,,
powertraces-pt200array_pt216_r5_7536312_80-d81f1038b4,2026-05-07T21:05:24.633Z,38.687,3,66.98,345,0,0,,,,
powertraces-pt200array_pt216_r5_7536312_80-d81f1038b4,2026-05-07T21:05:24.733Z,38.787,0,67.93,345,0,0,,,,
powertraces-pt200array_pt216_r5_7536312_80-d81f1038b4,2026-05-07T21:05:24.733Z,38.787,1,69.51,345,0,0,,,,
powertraces-pt200array_pt216_r5_7536312_80-d81f1038b4,2026-05-07T21:05:24.733Z,38.787,2,67.16,345,0,0,,,,
powertraces-pt200array_pt216_r5_7536312_80-d81f1038b4,2026-05-07T21:05:24.733Z,38.787,3,66.96,345,0,0,,,,
powertraces-pt200array_pt216_r5_7536312_80-d81f1038b4,2026-05-07T21:05:24.833Z,38.887,0,67.89,345,0,0,,,,
powertraces-pt200array_pt216_r5_7536312_80-d81f1038b4,2026-05-07T21:05:24.833Z,38.887,1,69.52,345,0,0,,,,
powertraces-pt200array_pt216_r5_7536312_80-d81f1038b4,2026-05-07T21:05:24.833Z,38.887,2,67.12,345,0,0,,,,
powertraces-pt200array_pt216_r5_7536312_80-d81f1038b4,2026-05-07T21:05:24.833Z,38.887,3,66.92,345,0,0,,,,
powertraces-pt200array_pt216_r5_7536312_80-d81f1038b4,2026-05-07T21:05:24.933Z,38.987,0,67.88,345,0,0,,,,
powertraces-pt200array_pt216_r5_7536312_80-d81f1038b4,2026-05-07T21:05:24.933Z,38.987,1,69.61,345,0,0,,,,
powertraces-pt200array_pt216_r5_7536312_80-d81f1038b4,2026-05-07T21:05:24.933Z,38.987,2,67.09,345,0,0,,,,
powertraces-pt200array_pt216_r5_7536312_80-d81f1038b4,2026-05-07T21:05:24.933Z,38.987,3,66.88,345,0,0,,,,
powertraces-pt200array_pt216_r5_7536312_80-d81f1038b4,2026-05-07T21:05:25.034Z,39.088,0,67.84,345,0,0,,,,
powertraces-pt200array_pt216_r5_7536312_80-d81f1038b4,2026-05-07T21:05:25.034Z,39.088,1,69.64,345,0,0,,,,
powertraces-pt200array_pt216_r5_7536312_80-d81f1038b4,2026-05-07T21:05:25.034Z,39.088,2,67.05,345,0,0,,,,
powertraces-pt200array_pt216_r5_7536312_80-d81f1038b4,2026-05-07T21:05:25.034Z,39.088,3,66.84,345,0,0,,,,
powertraces-pt200array_pt216_r5_7536312_80-d81f1038b4,2026-05-07T21:05:25.134Z,39.188,0,67.76,345,0,0,,,,
powertraces-pt200array_pt216_r5_7536312_80-d81f1038b4,2026-05-07T21:05:25.134Z,39.188,1,69.56,345,0,0,,,,
powertraces-pt200array_pt216_r5_7536312_80-d81f1038b4,2026-05-07T21:05:25.134Z,39.188,2,67.02,345,0,0,,,,
powertraces-pt200array_pt216_r5_7536312_80-d81f1038b4,2026-05-07T21:05:25.134Z,39.188,3,66.8,345,0,0,,,,
powertraces-pt200array_pt216_r5_7536312_80-d81f1038b4,2026-05-07T21:05:25.234Z,39.288,0,67.74,345,0,0,,,,
powertraces-pt200array_pt216_r5_7536312_80-d81f1038b4,2026-05-07T21:05:25.234Z,39.288,1,69.4,345,0,0,,,,
powertraces-pt200array_pt216_r5_7536312_80-d81f1038b4,2026-05-07T21:05:25.234Z,39.288,2,66.99,345,0,0,,,,
powertraces-pt200array_pt216_r5_7536312_80-d81f1038b4,2026-05-07T21:05:25.234Z,39.288,3,66.76,345,0,0,,,,
powertraces-pt200array_pt216_r5_7536312_80-d81f1038b4,2026-05-07T21:05:25.334Z,39.388,0,67.71,345,0,0,,,,
powertraces-pt200array_pt216_r5_7536312_80-d81f1038b4,2026-05-07T21:05:25.334Z,39.388,1,69.26,345,0,0,,,,
powertraces-pt200array_pt216_r5_7536312_80-d81f1038b4,2026-05-07T21:05:25.334Z,39.388,2,66.94,345,0,0,,,,
powertraces-pt200array_pt216_r5_7536312_80-d81f1038b4,2026-05-07T21:05:25.334Z,39.388,3,66.74,345,0,0,,,,
powertraces-pt200array_pt216_r5_7536312_80-d81f1038b4,2026-05-07T21:05:25.434Z,39.488,0,67.69,345,0,0,,,,
powertraces-pt200array_pt216_r5_7536312_80-d81f1038b4,2026-05-07T21:05:25.434Z,39.488,1,69.25,345,0,0,,,,
powertraces-pt200array_pt216_r5_7536312_80-d81f1038b4,2026-05-07T21:05:25.435Z,39.489,2,66.91,345,0,0,,,,
powertraces-pt200array_pt216_r5_7536312_80-d81f1038b4,2026-05-07T21:05:25.435Z,39.489,3,66.73,345,0,0,,,,
powertraces-pt200array_pt216_r5_7536312_80-d81f1038b4,2026-05-07T21:05:25.535Z,39.589,0,67.66,345,0,0,,,,
powertraces-pt200array_pt216_r5_7536312_80-d81f1038b4,2026-05-07T21:05:25.535Z,39.589,1,69.3,345,0,0,,,,
powertraces-pt200array_pt216_r5_7536312_80-d81f1038b4,2026-05-07T21:05:25.535Z,39.589,2,66.91,345,0,0,,,,
powertraces-pt200array_pt216_r5_7536312_80-d81f1038b4,2026-05-07T21:05:25.535Z,39.589,3,66.72,345,0,0,,,,
powertraces-pt200array_pt216_r5_7536312_80-d81f1038b4,2026-05-07T21:05:25.635Z,39.689,0,67.66,345,0,0,,,,
powertraces-pt200array_pt216_r5_7536312_80-d81f1038b4,2026-05-07T21:05:25.635Z,39.689,1,69.42,345,0,0,,,,
powertraces-pt200array_pt216_r5_7536312_80-d81f1038b4,2026-05-07T21:05:25.635Z,39.689,2,66.91,345,0,0,,,,
powertraces-pt200array_pt216_r5_7536312_80-d81f1038b4,2026-05-07T21:05:25.635Z,39.689,3,66.7,345,0,0,,,,
powertraces-pt200array_pt216_r5_7536312_80-d81f1038b4,2026-05-07T21:05:25.735Z,39.789,0,67.66,345,0,0,,,,
powertraces-pt200array_pt216_r5_7536312_80-d81f1038b4,2026-05-07T21:05:25.735Z,39.789,1,69.5,345,0,0,,,,
powertraces-pt200array_pt216_r5_7536312_80-d81f1038b4,2026-05-07T21:05:25.735Z,39.789,2,66.9,345,0,0,,,,
powertraces-pt200array_pt216_r5_7536312_80-d81f1038b4,2026-05-07T21:05:25.735Z,39.789,3,66.69,345,0,0,,,,
powertraces-pt200array_pt216_r5_7536312_80-d81f1038b4,2026-05-07T21:05:25.835Z,39.889,0,67.68,345,0,0,,,,
powertraces-pt200array_pt216_r5_7536312_80-d81f1038b4,2026-05-07T21:05:25.835Z,39.889,1,69.46,345,0,0,,,,
powertraces-pt200array_pt216_r5_7536312_80-d81f1038b4,2026-05-07T21:05:25.835Z,39.889,2,66.9,345,0,0,,,,
powertraces-pt200array_pt216_r5_7536312_80-d81f1038b4,2026-05-07T21:05:25.835Z,39.889,3,66.71,345,0,0,,,,
powertraces-pt200array_pt216_r5_7536312_80-d81f1038b4,2026-05-07T21:05:25.935Z,39.989,0,67.7,345,0,0,,,,
powertraces-pt200array_pt216_r5_7536312_80-d81f1038b4,2026-05-07T21:05:25.936Z,39.99,1,69.36,345,0,0,,,,
powertraces-pt200array_pt216_r5_7536312_80-d81f1038b4,2026-05-07T21:05:25.936Z,39.99,2,66.92,345,0,0,,,,
powertraces-pt200array_pt216_r5_7536312_80-d81f1038b4,2026-05-07T21:05:25.936Z,39.99,3,66.74,345,0,0,,,,
powertraces-pt200array_pt216_r5_7536312_80-d81f1038b4,2026-05-07T21:05:26.036Z,40.09,0,67.74,345,0,0,,,,
powertraces-pt200array_pt216_r5_7536312_80-d81f1038b4,2026-05-07T21:05:26.036Z,40.09,1,69.33,345,0,0,,,,
powertraces-pt200array_pt216_r5_7536312_80-d81f1038b4,2026-05-07T21:05:26.036Z,40.09,2,66.96,345,0,0,,,,
powertraces-pt200array_pt216_r5_7536312_80-d81f1038b4,2026-05-07T21:05:26.036Z,40.09,3,66.76,345,0,0,,,,
powertraces-pt200array_pt216_r5_7536312_80-d81f1038b4,2026-05-07T21:05:26.136Z,40.19,0,67.8,345,0,0,,,,
powertraces-pt200array_pt216_r5_7536312_80-d81f1038b4,2026-05-07T21:05:26.136Z,40.19,1,69.39,345,0,0,,,,
powertraces-pt200array_pt216_r5_7536312_80-d81f1038b4,2026-05-07T21:05:26.136Z,40.19,2,66.99,345,0,0,,,,
powertraces-pt200array_pt216_r5_7536312_80-d81f1038b4,2026-05-07T21:05:26.136Z,40.19,3,66.79,345,0,0,,,,
powertraces-pt200array_pt216_r5_7536312_80-d81f1038b4,2026-05-07T21:05:26.236Z,40.29,0,67.82,345,0,0,,,,
powertraces-pt200array_pt216_r5_7536312_80-d81f1038b4,2026-05-07T21:05:26.236Z,40.29,1,69.53,345,0,0,,,,
powertraces-pt200array_pt216_r5_7536312_80-d81f1038b4,2026-05-07T21:05:26.236Z,40.29,2,67.04,345,0,0,,,,
powertraces-pt200array_pt216_r5_7536312_80-d81f1038b4,2026-05-07T21:05:26.236Z,40.29,3,66.83,345,0,0,,,,
powertraces-pt200array_pt216_r5_7536312_80-d81f1038b4,2026-05-07T21:05:26.336Z,40.39,0,67.87,345,0,0,,,,
powertraces-pt200array_pt216_r5_7536312_80-d81f1038b4,2026-05-07T21:05:26.336Z,40.39,1,69.67,345,0,0,,,,
powertraces-pt200array_pt216_r5_7536312_80-d81f1038b4,2026-05-07T21:05:26.336Z,40.39,2,67.07,345,0,0,,,,
powertraces-pt200array_pt216_r5_7536312_80-d81f1038b4,2026-05-07T21:05:26.336Z,40.39,3,66.86,345,0,0,,,,
powertraces-pt200array_pt216_r5_7536312_80-d81f1038b4,2026-05-07T21:05:26.436Z,40.49,0,67.9,345,0,0,,,,
powertraces-pt200array_pt216_r5_7536312_80-d81f1038b4,2026-05-07T21:05:26.437Z,40.491,1,69.74,345,0,0,,,,
powertraces-pt200array_pt216_r5_7536312_80-d81f1038b4,2026-05-07T21:05:26.437Z,40.491,2,67.11,345,0,0,,,,
powertraces-pt200array_pt216_r5_7536312_80-d81f1038b4,2026-05-07T21:05:26.437Z,40.491,3,66.88,345,0,0,,,,
powertraces-pt200array_pt216_r5_7536312_80-d81f1038b4,2026-05-07T21:05:26.537Z,40.591,0,67.95,345,0,0,,,,
powertraces-pt200array_pt216_r5_7536312_80-d81f1038b4,2026-05-07T21:05:26.537Z,40.591,1,69.73,345,0,0,,,,
powertraces-pt200array_pt216_r5_7536312_80-d81f1038b4,2026-05-07T21:05:26.537Z,40.591,2,67.14,345,0,0,,,,
powertraces-pt200array_pt216_r5_7536312_80-d81f1038b4,2026-05-07T21:05:26.537Z,40.591,3,66.91,345,0,0,,,,
powertraces-pt200array_pt216_r5_7536312_80-d81f1038b4,2026-05-07T21:05:26.637Z,40.691,0,67.96,345,0,0,,,,
powertraces-pt200array_pt216_r5_7536312_80-d81f1038b4,2026-05-07T21:05:26.637Z,40.691,1,69.66,345,0,0,,,,
powertraces-pt200array_pt216_r5_7536312_80-d81f1038b4,2026-05-07T21:05:26.637Z,40.691,2,67.19,345,0,0,,,,
powertraces-pt200array_pt216_r5_7536312_80-d81f1038b4,2026-05-07T21:05:26.637Z,40.691,3,66.94,345,0,0,,,,
powertraces-pt200array_pt216_r5_7536312_80-d81f1038b4,2026-05-07T21:05:26.737Z,40.791,0,67.97,345,0,0,,,,
powertraces-pt200array_pt216_r5_7536312_80-d81f1038b4,2026-05-07T21:05:26.737Z,40.791,1,69.6,345,0,0,,,,
powertraces-pt200array_pt216_r5_7536312_80-d81f1038b4,2026-05-07T21:05:26.737Z,40.791,2,67.23,345,0,0,,,,
powertraces-pt200array_pt216_r5_7536312_80-d81f1038b4,2026-05-07T21:05:26.737Z,40.791,3,66.98,345,0,0,,,,
powertraces-pt200array_pt216_r5_7536312_80-d81f1038b4,2026-05-07T21:05:26.837Z,40.891,0,67.99,345,0,0,,,,
powertraces-pt200array_pt216_r5_7536312_80-d81f1038b4,2026-05-07T21:05:26.837Z,40.891,1,69.66,345,0,0,,,,
powertraces-pt200array_pt216_r5_7536312_80-d81f1038b4,2026-05-07T21:05:26.837Z,40.891,2,67.25,345,0,0,,,,
powertraces-pt200array_pt216_r5_7536312_80-d81f1038b4,2026-05-07T21:05:26.837Z,40.891,3,67.0,345,0,0,,,,
powertraces-pt200array_pt216_r5_7536312_80-d81f1038b4,2026-05-07T21:05:26.938Z,40.992,0,67.99,345,0,0,,,,
powertraces-pt200array_pt216_r5_7536312_80-d81f1038b4,2026-05-07T21:05:26.938Z,40.992,1,69.8,345,0,0,,,,
powertraces-pt200array_pt216_r5_7536312_80-d81f1038b4,2026-05-07T21:05:26.938Z,40.992,2,67.25,345,0,0,,,,
powertraces-pt200array_pt216_r5_7536312_80-d81f1038b4,2026-05-07T21:05:26.938Z,40.992,3,67.01,345,0,0,,,,
powertraces-pt200array_pt216_r5_7536312_80-d81f1038b4,2026-05-07T21:05:27.038Z,41.092,0,67.99,345,0,0,,,,
powertraces-pt200array_pt216_r5_7536312_80-d81f1038b4,2026-05-07T21:05:27.038Z,41.092,1,69.87,345,0,0,,,,
powertraces-pt200array_pt216_r5_7536312_80-d81f1038b4,2026-05-07T21:05:27.038Z,41.092,2,67.26,345,0,0,,,,
powertraces-pt200array_pt216_r5_7536312_80-d81f1038b4,2026-05-07T21:05:27.038Z,41.092,3,67.03,345,0,0,,,,
powertraces-pt200array_pt216_r5_7536312_80-d81f1038b4,2026-05-07T21:05:27.138Z,41.192,0,67.98,345,0,0,,,,
powertraces-pt200array_pt216_r5_7536312_80-d81f1038b4,2026-05-07T21:05:27.138Z,41.192,1,69.86,345,0,0,,,,
powertraces-pt200array_pt216_r5_7536312_80-d81f1038b4,2026-05-07T21:05:27.138Z,41.192,2,67.27,345,0,0,,,,
powertraces-pt200array_pt216_r5_7536312_80-d81f1038b4,2026-05-07T21:05:27.138Z,41.192,3,67.02,345,0,0,,,,
powertraces-pt200array_pt216_r5_7536312_80-d81f1038b4,2026-05-07T21:05:27.238Z,41.292,0,67.99,345,0,0,,,,
powertraces-pt200array_pt216_r5_7536312_80-d81f1038b4,2026-05-07T21:05:27.238Z,41.292,1,69.81,345,0,0,,,,
powertraces-pt200array_pt216_r5_7536312_80-d81f1038b4,2026-05-07T21:05:27.238Z,41.292,2,67.27,345,0,0,,,,
powertraces-pt200array_pt216_r5_7536312_80-d81f1038b4,2026-05-07T21:05:27.238Z,41.292,3,67.04,345,0,0,,,,
powertraces-pt200array_pt216_r5_7536312_80-d81f1038b4,2026-05-07T21:05:27.338Z,41.392,0,67.98,345,0,0,,,,
powertraces-pt200array_pt216_r5_7536312_80-d81f1038b4,2026-05-07T21:05:27.338Z,41.392,1,69.72,345,0,0,,,,
powertraces-pt200array_pt216_r5_7536312_80-d81f1038b4,2026-05-07T21:05:27.338Z,41.392,2,67.27,345,0,0,,,,
powertraces-pt200array_pt216_r5_7536312_80-d81f1038b4,2026-05-07T21:05:27.338Z,41.392,3,67.04,345,0,0,,,,
powertraces-pt200array_pt216_r5_7536312_80-d81f1038b4,2026-05-07T21:05:27.439Z,41.493,0,67.98,345,0,0,,,,
powertraces-pt200array_pt216_r5_7536312_80-d81f1038b4,2026-05-07T21:05:27.439Z,41.493,1,69.66,345,0,0,,,,
powertraces-pt200array_pt216_r5_7536312_80-d81f1038b4,2026-05-07T21:05:27.439Z,41.493,2,67.24,345,0,0,,,,
powertraces-pt200array_pt216_r5_7536312_80-d81f1038b4,2026-05-07T21:05:27.439Z,41.493,3,67.04,345,0,0,,,,
powertraces-pt200array_pt216_r5_7536312_80-d81f1038b4,2026-05-07T21:05:27.539Z,41.593,0,67.98,345,0,0,,,,
powertraces-pt200array_pt216_r5_7536312_80-d81f1038b4,2026-05-07T21:05:27.539Z,41.593,1,69.72,345,0,0,,,,
powertraces-pt200array_pt216_r5_7536312_80-d81f1038b4,2026-05-07T21:05:27.539Z,41.593,2,67.24,345,0,0,,,,
powertraces-pt200array_pt216_r5_7536312_80-d81f1038b4,2026-05-07T21:05:27.539Z,41.593,3,67.05,345,0,0,,,,
powertraces-pt200array_pt216_r5_7536312_80-d81f1038b4,2026-05-07T21:05:27.639Z,41.693,0,68.01,345,0,0,,,,
powertraces-pt200array_pt216_r5_7536312_80-d81f1038b4,2026-05-07T21:05:27.639Z,41.693,1,69.86,345,0,0,,,,
powertraces-pt200array_pt216_r5_7536312_80-d81f1038b4,2026-05-07T21:05:27.639Z,41.693,2,67.23,345,0,0,,,,
powertraces-pt200array_pt216_r5_7536312_80-d81f1038b4,2026-05-07T21:05:27.639Z,41.693,3,67.04,345,0,0,,,,
powertraces-pt200array_pt216_r5_7536312_80-d81f1038b4,2026-05-07T21:05:27.739Z,41.793,0,68.03,345,0,0,,,,
powertraces-pt200array_pt216_r5_7536312_80-d81f1038b4,2026-05-07T21:05:27.739Z,41.793,1,69.93,345,0,0,,,,
powertraces-pt200array_pt216_r5_7536312_80-d81f1038b4,2026-05-07T21:05:27.739Z,41.793,2,67.23,345,0,0,,,,
powertraces-pt200array_pt216_r5_7536312_80-d81f1038b4,2026-05-07T21:05:27.739Z,41.793,3,67.04,345,0,0,,,,
powertraces-pt200array_pt216_r5_7536312_80-d81f1038b4,2026-05-07T21:05:27.839Z,41.893,0,68.04,345,0,0,,,,
powertraces-pt200array_pt216_r5_7536312_80-d81f1038b4,2026-05-07T21:05:27.839Z,41.893,1,69.9,345,0,0,,,,
powertraces-pt200array_pt216_r5_7536312_80-d81f1038b4,2026-05-07T21:05:27.839Z,41.893,2,67.22,345,0,0,,,,
powertraces-pt200array_pt216_r5_7536312_80-d81f1038b4,2026-05-07T21:05:27.839Z,41.893,3,67.02,345,0,0,,,,
powertraces-pt200array_pt216_r5_7536312_80-d81f1038b4,2026-05-07T21:05:27.94Z,41.994,0,68.07,345,0,0,,,,
powertraces-pt200array_pt216_r5_7536312_80-d81f1038b4,2026-05-07T21:05:27.94Z,41.994,1,69.8,345,0,0,,,,
powertraces-pt200array_pt216_r5_7536312_80-d81f1038b4,2026-05-07T21:05:27.94Z,41.994,2,67.22,345,0,0,,,,
powertraces-pt200array_pt216_r5_7536312_80-d81f1038b4,2026-05-07T21:05:27.94Z,41.994,3,67.03,345,0,0,,,,
powertraces-pt200array_pt216_r5_7536312_80-d81f1038b4,2026-05-07T21:05:28.04Z,42.094,0,68.09,345,0,0,,,,
powertraces-pt200array_pt216_r5_7536312_80-d81f1038b4,2026-05-07T21:05:28.04Z,42.094,1,69.71,345,0,0,,,,
powertraces-pt200array_pt216_r5_7536312_80-d81f1038b4,2026-05-07T21:05:28.04Z,42.094,2,67.24,345,0,0,,,,
powertraces-pt200array_pt216_r5_7536312_80-d81f1038b4,2026-05-07T21:05:28.04Z,42.094,3,67.04,345,0,0,,,,
powertraces-pt200array_pt216_r5_7536312_80-d81f1038b4,2026-05-07T21:05:28.14Z,42.194,0,68.07,345,0,0,,,,
powertraces-pt200array_pt216_r5_7536312_80-d81f1038b4,2026-05-07T21:05:28.14Z,42.194,1,69.72,345,0,0,,,,
powertraces-pt200array_pt216_r5_7536312_80-d81f1038b4,2026-05-07T21:05:28.14Z,42.194,2,67.24,345,0,0,,,,
powertraces-pt200array_pt216_r5_7536312_80-d81f1038b4,2026-05-07T21:05:28.14Z,42.194,3,67.02,345,0,0,,,,
powertraces-pt200array_pt216_r5_7536312_80-d81f1038b4,2026-05-07T21:05:28.24Z,42.294,0,68.07,345,0,0,,,,
powertraces-pt200array_pt216_r5_7536312_80-d81f1038b4,2026-05-07T21:05:28.24Z,42.294,1,69.78,345,0,0,,,,
powertraces-pt200array_pt216_r5_7536312_80-d81f1038b4,2026-05-07T21:05:28.24Z,42.294,2,67.22,345,0,0,,,,
powertraces-pt200array_pt216_r5_7536312_80-d81f1038b4,2026-05-07T21:05:28.24Z,42.294,3,67.01,345,0,0,,,,
powertraces-pt200array_pt216_r5_7536312_80-d81f1038b4,2026-05-07T21:05:28.34Z,42.394,0,68.07,345,0,0,,,,
powertraces-pt200array_pt216_r5_7536312_80-d81f1038b4,2026-05-07T21:05:28.34Z,42.394,1,69.88,345,0,0,,,,
powertraces-pt200array_pt216_r5_7536312_80-d81f1038b4,2026-05-07T21:05:28.341Z,42.395,2,67.22,345,0,0,,,,
powertraces-pt200array_pt216_r5_7536312_80-d81f1038b4,2026-05-07T21:05:28.341Z,42.395,3,67.01,345,0,0,,,,
powertraces-pt200array_pt216_r5_7536312_80-d81f1038b4,2026-05-07T21:05:28.441Z,42.495,0,68.07,345,0,0,,,,
powertraces-pt200array_pt216_r5_7536312_80-d81f1038b4,2026-05-07T21:05:28.441Z,42.495,1,69.94,345,0,0,,,,
powertraces-pt200array_pt216_r5_7536312_80-d81f1038b4,2026-05-07T21:05:28.441Z,42.495,2,67.22,345,0,0,,,,
powertraces-pt200array_pt216_r5_7536312_80-d81f1038b4,2026-05-07T21:05:28.441Z,42.495,3,67.03,345,0,0,,,,
powertraces-pt200array_pt216_r5_7536312_80-d81f1038b4,2026-05-07T21:05:28.541Z,42.595,0,68.07,345,0,0,,,,
powertraces-pt200array_pt216_r5_7536312_80-d81f1038b4,2026-05-07T21:05:28.541Z,42.595,1,69.9,345,0,0,,,,
powertraces-pt200array_pt216_r5_7536312_80-d81f1038b4,2026-05-07T21:05:28.541Z,42.595,2,67.23,345,0,0,,,,
powertraces-pt200array_pt216_r5_7536312_80-d81f1038b4,2026-05-07T21:05:28.541Z,42.595,3,67.03,345,0,0,,,,
powertraces-pt200array_pt216_r5_7536312_80-d81f1038b4,2026-05-07T21:05:28.641Z,42.695,0,68.06,345,0,0,,,,
powertraces-pt200array_pt216_r5_7536312_80-d81f1038b4,2026-05-07T21:05:28.641Z,42.695,1,69.77,345,0,0,,,,
powertraces-pt200array_pt216_r5_7536312_80-d81f1038b4,2026-05-07T21:05:28.641Z,42.695,2,67.26,345,0,0,,,,
powertraces-pt200array_pt216_r5_7536312_80-d81f1038b4,2026-05-07T21:05:28.641Z,42.695,3,67.04,345,0,0,,,,
powertraces-pt200array_pt216_r5_7536312_80-d81f1038b4,2026-05-07T21:05:28.741Z,42.795,0,68.05,345,0,0,,,,
powertraces-pt200array_pt216_r5_7536312_80-d81f1038b4,2026-05-07T21:05:28.741Z,42.795,1,69.68,345,0,0,,,,
powertraces-pt200array_pt216_r5_7536312_80-d81f1038b4,2026-05-07T21:05:28.741Z,42.795,2,67.25,345,0,0,,,,
powertraces-pt200array_pt216_r5_7536312_80-d81f1038b4,2026-05-07T21:05:28.741Z,42.795,3,67.05,345,0,0,,,,
powertraces-pt200array_pt216_r5_7536312_80-d81f1038b4,2026-05-07T21:05:28.841Z,42.895,0,68.04,345,0,0,,,,
powertraces-pt200array_pt216_r5_7536312_80-d81f1038b4,2026-05-07T21:05:28.842Z,42.896,1,69.69,345,0,0,,,,
powertraces-pt200array_pt216_r5_7536312_80-d81f1038b4,2026-05-07T21:05:28.842Z,42.896,2,67.25,345,0,0,,,,
powertraces-pt200array_pt216_r5_7536312_80-d81f1038b4,2026-05-07T21:05:28.842Z,42.896,3,67.05,345,0,0,,,,
powertraces-pt200array_pt216_r5_7536312_80-d81f1038b4,2026-05-07T21:05:28.942Z,42.996,0,68.02,345,0,0,,,,
powertraces-pt200array_pt216_r5_7536312_80-d81f1038b4,2026-05-07T21:05:28.942Z,42.996,1,69.78,345,0,0,,,,
powertraces-pt200array_pt216_r5_7536312_80-d81f1038b4,2026-05-07T21:05:28.942Z,42.996,2,67.25,345,0,0,,,,
powertraces-pt200array_pt216_r5_7536312_80-d81f1038b4,2026-05-07T21:05:28.942Z,42.996,3,67.06,345,0,0,,,,
powertraces-pt200array_pt216_r5_7536312_80-d81f1038b4,2026-05-07T21:05:29.042Z,43.096,0,68.0,345,0,0,,,,
powertraces-pt200array_pt216_r5_7536312_80-d81f1038b4,2026-05-07T21:05:29.042Z,43.096,1,69.87,345,0,0,,,,
powertraces-pt200array_pt216_r5_7536312_80-d81f1038b4,2026-05-07T21:05:29.042Z,43.096,2,67.25,345,0,0,,,,
powertraces-pt200array_pt216_r5_7536312_80-d81f1038b4,2026-05-07T21:05:29.042Z,43.096,3,67.04,345,0,0,,,,
powertraces-pt200array_pt216_r5_7536312_80-d81f1038b4,2026-05-07T21:05:29.142Z,43.196,0,68.02,345,0,0,,,,
powertraces-pt200array_pt216_r5_7536312_80-d81f1038b4,2026-05-07T21:05:29.142Z,43.196,1,69.88,345,0,0,,,,
powertraces-pt200array_pt216_r5_7536312_80-d81f1038b4,2026-05-07T21:05:29.142Z,43.196,2,67.25,345,0,0,,,,
powertraces-pt200array_pt216_r5_7536312_80-d81f1038b4,2026-05-07T21:05:29.142Z,43.196,3,67.05,345,0,0,,,,
powertraces-pt200array_pt216_r5_7536312_80-d81f1038b4,2026-05-07T21:05:29.242Z,43.296,0,68.04,345,0,0,,,,
powertraces-pt200array_pt216_r5_7536312_80-d81f1038b4,2026-05-07T21:05:29.242Z,43.296,1,69.82,345,0,0,,,,
powertraces-pt200array_pt216_r5_7536312_80-d81f1038b4,2026-05-07T21:05:29.242Z,43.296,2,67.26,345,0,0,,,,
powertraces-pt200array_pt216_r5_7536312_80-d81f1038b4,2026-05-07T21:05:29.242Z,43.296,3,67.03,345,0,0,,,,
powertraces-pt200array_pt216_r5_7536312_80-d81f1038b4,2026-05-07T21:05:29.343Z,43.397,0,68.03,345,0,0,,,,
powertraces-pt200array_pt216_r5_7536312_80-d81f1038b4,2026-05-07T21:05:29.343Z,43.397,1,69.7,345,0,0,,,,
powertraces-pt200array_pt216_r5_7536312_80-d81f1038b4,2026-05-07T21:05:29.343Z,43.397,2,67.25,345,0,0,,,,
powertraces-pt200array_pt216_r5_7536312_80-d81f1038b4,2026-05-07T21:05:29.343Z,43.397,3,67.04,345,0,0,,,,
powertraces-pt200array_pt216_r5_7536312_80-d81f1038b4,2026-05-07T21:05:29.443Z,43.497,0,68.02,345,0,0,,,,
powertraces-pt200array_pt216_r5_7536312_80-d81f1038b4,2026-05-07T21:05:29.443Z,43.497,1,69.65,345,0,0,,,,
powertraces-pt200array_pt216_r5_7536312_80-d81f1038b4,2026-05-07T21:05:29.443Z,43.497,2,67.26,345,0,0,,,,
powertraces-pt200array_pt216_r5_7536312_80-d81f1038b4,2026-05-07T21:05:29.443Z,43.497,3,67.03,345,0,0,,,,
powertraces-pt200array_pt216_r5_7536312_80-d81f1038b4,2026-05-07T21:05:29.543Z,43.597,0,68.02,345,0,0,,,,
powertraces-pt200array_pt216_r5_7536312_80-d81f1038b4,2026-05-07T21:05:29.543Z,43.597,1,69.68,345,0,0,,,,
powertraces-pt200array_pt216_r5_7536312_80-d81f1038b4,2026-05-07T21:05:29.543Z,43.597,2,67.26,345,0,0,,,,
powertraces-pt200array_pt216_r5_7536312_80-d81f1038b4,2026-05-07T21:05:29.543Z,43.597,3,67.02,345,0,0,,,,
powertraces-pt200array_pt216_r5_7536312_80-d81f1038b4,2026-05-07T21:05:29.643Z,43.697,0,68.0,345,0,0,,,,
powertraces-pt200array_pt216_r5_7536312_80-d81f1038b4,2026-05-07T21:05:29.643Z,43.697,1,69.79,345,0,0,,,,
powertraces-pt200array_pt216_r5_7536312_80-d81f1038b4,2026-05-07T21:05:29.643Z,43.697,2,67.29,345,0,0,,,,
powertraces-pt200array_pt216_r5_7536312_80-d81f1038b4,2026-05-07T21:05:29.643Z,43.697,3,67.05,345,0,0,,,,
powertraces-pt200array_pt216_r5_7536312_80-d81f1038b4,2026-05-07T21:05:29.743Z,43.797,0,68.01,345,0,0,,,,
powertraces-pt200array_pt216_r5_7536312_80-d81f1038b4,2026-05-07T21:05:29.743Z,43.797,1,69.87,345,0,0,,,,
powertraces-pt200array_pt216_r5_7536312_80-d81f1038b4,2026-05-07T21:05:29.743Z,43.797,2,67.29,345,0,0,,,,
powertraces-pt200array_pt216_r5_7536312_80-d81f1038b4,2026-05-07T21:05:29.743Z,43.797,3,67.06,345,0,0,,,,
powertraces-pt200array_pt216_r5_7536312_80-d81f1038b4,2026-05-07T21:05:29.844Z,43.898,0,68.0,345,0,0,,,,
powertraces-pt200array_pt216_r5_7536312_80-d81f1038b4,2026-05-07T21:05:29.844Z,43.898,1,69.87,345,0,0,,,,
powertraces-pt200array_pt216_r5_7536312_80-d81f1038b4,2026-05-07T21:05:29.844Z,43.898,2,67.27,345,0,0,,,,
powertraces-pt200array_pt216_r5_7536312_80-d81f1038b4,2026-05-07T21:05:29.844Z,43.898,3,67.06,345,0,0,,,,
powertraces-pt200array_pt216_r5_7536312_80-d81f1038b4,2026-05-07T21:05:29.944Z,43.998,0,68.0,345,0,0,,,,
powertraces-pt200array_pt216_r5_7536312_80-d81f1038b4,2026-05-07T21:05:29.944Z,43.998,1,69.77,345,0,0,,,,
powertraces-pt200array_pt216_r5_7536312_80-d81f1038b4,2026-05-07T21:05:29.944Z,43.998,2,67.25,345,0,0,,,,
powertraces-pt200array_pt216_r5_7536312_80-d81f1038b4,2026-05-07T21:05:29.944Z,43.998,3,67.03,345,0,0,,,,
powertraces-pt200array_pt216_r5_7536312_80-d81f1038b4,2026-05-07T21:05:30.044Z,44.098,0,67.98,345,0,0,,,,
powertraces-pt200array_pt216_r5_7536312_80-d81f1038b4,2026-05-07T21:05:30.044Z,44.098,1,69.65,345,0,0,,,,
powertraces-pt200array_pt216_r5_7536312_80-d81f1038b4,2026-05-07T21:05:30.044Z,44.098,2,67.26,345,0,0,,,,
powertraces-pt200array_pt216_r5_7536312_80-d81f1038b4,2026-05-07T21:05:30.044Z,44.098,3,67.03,345,0,0,,,,
powertraces-pt200array_pt216_r5_7536312_80-d81f1038b4,2026-05-07T21:05:30.144Z,44.198,0,67.95,345,0,0,,,,
powertraces-pt200array_pt216_r5_7536312_80-d81f1038b4,2026-05-07T21:05:30.144Z,44.198,1,69.64,345,0,0,,,,
powertraces-pt200array_pt216_r5_7536312_80-d81f1038b4,2026-05-07T21:05:30.144Z,44.198,2,67.26,345,0,0,,,,
powertraces-pt200array_pt216_r5_7536312_80-d81f1038b4,2026-05-07T21:05:30.144Z,44.198,3,67.03,345,0,0,,,,
powertraces-pt200array_pt216_r5_7536312_80-d81f1038b4,2026-05-07T21:05:30.244Z,44.298,0,67.94,345,0,0,,,,
powertraces-pt200array_pt216_r5_7536312_80-d81f1038b4,2026-05-07T21:05:30.244Z,44.298,1,69.7,345,0,0,,,,
powertraces-pt200array_pt216_r5_7536312_80-d81f1038b4,2026-05-07T21:05:30.245Z,44.299,2,67.27,345,0,0,,,,
powertraces-pt200array_pt216_r5_7536312_80-d81f1038b4,2026-05-07T21:05:30.245Z,44.299,3,67.05,345,0,0,,,,
powertraces-pt200array_pt216_r5_7536312_80-d81f1038b4,2026-05-07T21:05:30.345Z,44.399,0,67.92,345,0,0,,,,
powertraces-pt200array_pt216_r5_7536312_80-d81f1038b4,2026-05-07T21:05:30.345Z,44.399,1,69.81,345,0,0,,,,
powertraces-pt200array_pt216_r5_7536312_80-d81f1038b4,2026-05-07T21:05:30.345Z,44.399,2,67.25,345,0,0,,,,
powertraces-pt200array_pt216_r5_7536312_80-d81f1038b4,2026-05-07T21:05:30.345Z,44.399,3,67.03,345,0,0,,,,
powertraces-pt200array_pt216_r5_7536312_80-d81f1038b4,2026-05-07T21:05:30.445Z,44.499,0,67.97,345,0,0,,,,
powertraces-pt200array_pt216_r5_7536312_80-d81f1038b4,2026-05-07T21:05:30.445Z,44.499,1,69.86,345,0,0,,,,
powertraces-pt200array_pt216_r5_7536312_80-d81f1038b4,2026-05-07T21:05:30.445Z,44.499,2,67.25,345,0,0,,,,
powertraces-pt200array_pt216_r5_7536312_80-d81f1038b4,2026-05-07T21:05:30.445Z,44.499,3,67.04,345,0,0,,,,
powertraces-pt200array_pt216_r5_7536312_80-d81f1038b4,2026-05-07T21:05:30.545Z,44.599,0,67.95,345,0,0,,,,
powertraces-pt200array_pt216_r5_7536312_80-d81f1038b4,2026-05-07T21:05:30.545Z,44.599,1,69.83,345,0,0,,,,
powertraces-pt200array_pt216_r5_7536312_80-d81f1038b4,2026-05-07T21:05:30.545Z,44.599,2,67.25,345,0,0,,,,
powertraces-pt200array_pt216_r5_7536312_80-d81f1038b4,2026-05-07T21:05:30.545Z,44.599,3,67.01,345,0,0,,,,
powertraces-pt200array_pt216_r5_7536312_80-d81f1038b4,2026-05-07T21:05:30.645Z,44.699,0,67.97,345,0,0,,,,
powertraces-pt200array_pt216_r5_7536312_80-d81f1038b4,2026-05-07T21:05:30.645Z,44.699,1,69.73,345,0,0,,,,
powertraces-pt200array_pt216_r5_7536312_80-d81f1038b4,2026-05-07T21:05:30.645Z,44.699,2,67.24,345,0,0,,,,
powertraces-pt200array_pt216_r5_7536312_80-d81f1038b4,2026-05-07T21:05:30.645Z,44.699,3,66.99,345,0,0,,,,
powertraces-pt200array_pt216_r5_7536312_80-d81f1038b4,2026-05-07T21:05:30.745Z,44.799,0,67.96,345,0,0,,,,
powertraces-pt200array_pt216_r5_7536312_80-d81f1038b4,2026-05-07T21:05:30.746Z,44.8,1,69.64,345,0,0,,,,
powertraces-pt200array_pt216_r5_7536312_80-d81f1038b4,2026-05-07T21:05:30.746Z,44.8,2,67.23,345,0,0,,,,
powertraces-pt200array_pt216_r5_7536312_80-d81f1038b4,2026-05-07T21:05:30.746Z,44.8,3,66.98,345,0,0,,,,
powertraces-pt200array_pt216_r5_7536312_80-d81f1038b4,2026-05-07T21:05:30.846Z,44.9,0,67.97,345,0,0,,,,
powertraces-pt200array_pt216_r5_7536312_80-d81f1038b4,2026-05-07T21:05:30.846Z,44.9,1,69.65,345,0,0,,,,
powertraces-pt200array_pt216_r5_7536312_80-d81f1038b4,2026-05-07T21:05:30.846Z,44.9,2,67.25,345,0,0,,,,
powertraces-pt200array_pt216_r5_7536312_80-d81f1038b4,2026-05-07T21:05:30.846Z,44.9,3,66.99,345,0,0,,,,
powertraces-pt200array_pt216_r5_7536312_80-d81f1038b4,2026-05-07T21:05:30.946Z,45.0,0,67.98,345,0,0,,,,
powertraces-pt200array_pt216_r5_7536312_80-d81f1038b4,2026-05-07T21:05:30.946Z,45.0,1,69.72,345,0,0,,,,
powertraces-pt200array_pt216_r5_7536312_80-d81f1038b4,2026-05-07T21:05:30.946Z,45.0,2,67.24,345,0,0,,,,
powertraces-pt200array_pt216_r5_7536312_80-d81f1038b4,2026-05-07T21:05:30.946Z,45.0,3,66.99,345,0,0,,,,
powertraces-pt200array_pt216_r5_7536312_80-d81f1038b4,2026-05-07T21:05:31.046Z,45.1,0,68.0,345,0,0,,,,
powertraces-pt200array_pt216_r5_7536312_80-d81f1038b4,2026-05-07T21:05:31.046Z,45.1,1,69.85,345,0,0,,,,
powertraces-pt200array_pt216_r5_7536312_80-d81f1038b4,2026-05-07T21:05:31.046Z,45.1,2,67.24,345,0,0,,,,
powertraces-pt200array_pt216_r5_7536312_80-d81f1038b4,2026-05-07T21:05:31.046Z,45.1,3,67.0,345,0,0,,,,
powertraces-pt200array_pt216_r5_7536312_80-d81f1038b4,2026-05-07T21:05:31.146Z,45.2,0,68.02,345,0,0,,,,
powertraces-pt200array_pt216_r5_7536312_80-d81f1038b4,2026-05-07T21:05:31.146Z,45.2,1,69.86,345,0,0,,,,
powertraces-pt200array_pt216_r5_7536312_80-d81f1038b4,2026-05-07T21:05:31.146Z,45.2,2,67.27,345,0,0,,,,
powertraces-pt200array_pt216_r5_7536312_80-d81f1038b4,2026-05-07T21:05:31.146Z,45.2,3,67.01,345,0,0,,,,
powertraces-pt200array_pt216_r5_7536312_80-d81f1038b4,2026-05-07T21:05:31.246Z,45.3,0,68.02,345,0,0,,,,
powertraces-pt200array_pt216_r5_7536312_80-d81f1038b4,2026-05-07T21:05:31.247Z,45.301,1,69.77,345,0,0,,,,
powertraces-pt200array_pt216_r5_7536312_80-d81f1038b4,2026-05-07T21:05:31.247Z,45.301,2,67.26,345,0,0,,,,
powertraces-pt200array_pt216_r5_7536312_80-d81f1038b4,2026-05-07T21:05:31.247Z,45.301,3,67.01,345,0,0,,,,
powertraces-pt200array_pt216_r5_7536312_80-d81f1038b4,2026-05-07T21:05:31.347Z,45.401,0,68.04,345,0,0,,,,
powertraces-pt200array_pt216_r5_7536312_80-d81f1038b4,2026-05-07T21:05:31.347Z,45.401,1,69.68,345,0,0,,,,
powertraces-pt200array_pt216_r5_7536312_80-d81f1038b4,2026-05-07T21:05:31.347Z,45.401,2,67.27,345,0,0,,,,
powertraces-pt200array_pt216_r5_7536312_80-d81f1038b4,2026-05-07T21:05:31.347Z,45.401,3,67.01,345,0,0,,,,
powertraces-pt200array_pt216_r5_7536312_80-d81f1038b4,2026-05-07T21:05:31.447Z,45.501,0,68.01,345,0,0,,,,
powertraces-pt200array_pt216_r5_7536312_80-d81f1038b4,2026-05-07T21:05:31.447Z,45.501,1,69.61,345,0,0,,,,
powertraces-pt200array_pt216_r5_7536312_80-d81f1038b4,2026-05-07T21:05:31.447Z,45.501,2,67.25,345,0,0,,,,
powertraces-pt200array_pt216_r5_7536312_80-d81f1038b4,2026-05-07T21:05:31.447Z,45.501,3,67.03,345,0,0,,,,
powertraces-pt200array_pt216_r5_7536312_80-d81f1038b4,2026-05-07T21:05:31.547Z,45.601,0,67.99,345,0,0,,,,
powertraces-pt200array_pt216_r5_7536312_80-d81f1038b4,2026-05-07T21:05:31.547Z,45.601,1,69.65,345,0,0,,,,
powertraces-pt200array_pt216_r5_7536312_80-d81f1038b4,2026-05-07T21:05:31.547Z,45.601,2,67.28,345,0,0,,,,
powertraces-pt200array_pt216_r5_7536312_80-d81f1038b4,2026-05-07T21:05:31.547Z,45.601,3,67.05,345,0,0,,,,
powertraces-pt200array_pt216_r5_7536312_80-d81f1038b4,2026-05-07T21:05:31.647Z,45.701,0,67.99,345,0,0,,,,
powertraces-pt200array_pt216_r5_7536312_80-d81f1038b4,2026-05-07T21:05:31.647Z,45.701,1,69.76,345,0,0,,,,
powertraces-pt200array_pt216_r5_7536312_80-d81f1038b4,2026-05-07T21:05:31.647Z,45.701,2,67.27,345,0,0,,,,
powertraces-pt200array_pt216_r5_7536312_80-d81f1038b4,2026-05-07T21:05:31.647Z,45.701,3,67.05,345,0,0,,,,
powertraces-pt200array_pt216_r5_7536312_80-d81f1038b4,2026-05-07T21:05:31.748Z,45.802,0,68.01,345,0,0,,,,
powertraces-pt200array_pt216_r5_7536312_80-d81f1038b4,2026-05-07T21:05:31.748Z,45.802,1,69.84,345,0,0,,,,
powertraces-pt200array_pt216_r5_7536312_80-d81f1038b4,2026-05-07T21:05:31.748Z,45.802,2,67.28,345,0,0,,,,
powertraces-pt200array_pt216_r5_7536312_80-d81f1038b4,2026-05-07T21:05:31.748Z,45.802,3,67.05,345,0,0,,,,
powertraces-pt200array_pt216_r5_7536312_80-d81f1038b4,2026-05-07T21:05:31.848Z,45.902,0,68.02,345,0,0,,,,
powertraces-pt200array_pt216_r5_7536312_80-d81f1038b4,2026-05-07T21:05:31.848Z,45.902,1,69.85,345,0,0,,,,
powertraces-pt200array_pt216_r5_7536312_80-d81f1038b4,2026-05-07T21:05:31.848Z,45.902,2,67.26,345,0,0,,,,
powertraces-pt200array_pt216_r5_7536312_80-d81f1038b4,2026-05-07T21:05:31.848Z,45.902,3,67.04,345,0,0,,,,
powertraces-pt200array_pt216_r5_7536312_80-d81f1038b4,2026-05-07T21:05:31.948Z,46.002,0,68.01,345,0,0,,,,
powertraces-pt200array_pt216_r5_7536312_80-d81f1038b4,2026-05-07T21:05:31.948Z,46.002,1,69.74,345,0,0,,,,
powertraces-pt200array_pt216_r5_7536312_80-d81f1038b4,2026-05-07T21:05:31.948Z,46.002,2,67.25,345,0,0,,,,
powertraces-pt200array_pt216_r5_7536312_80-d81f1038b4,2026-05-07T21:05:31.948Z,46.002,3,67.05,345,0,0,,,,
powertraces-pt200array_pt216_r5_7536312_80-d81f1038b4,2026-05-07T21:05:32.048Z,46.102,0,67.99,345,0,0,,,,
powertraces-pt200array_pt216_r5_7536312_80-d81f1038b4,2026-05-07T21:05:32.048Z,46.102,1,69.64,345,0,0,,,,
powertraces-pt200array_pt216_r5_7536312_80-d81f1038b4,2026-05-07T21:05:32.048Z,46.102,2,67.26,345,0,0,,,,
powertraces-pt200array_pt216_r5_7536312_80-d81f1038b4,2026-05-07T21:05:32.048Z,46.102,3,67.07,345,0,0,,,,
powertraces-pt200array_pt216_r5_7536312_80-d81f1038b4,2026-05-07T21:05:32.148Z,46.202,0,67.98,345,0,0,,,,
powertraces-pt200array_pt216_r5_7536312_80-d81f1038b4,2026-05-07T21:05:32.148Z,46.202,1,69.58,345,0,0,,,,
powertraces-pt200array_pt216_r5_7536312_80-d81f1038b4,2026-05-07T21:05:32.148Z,46.202,2,67.28,345,0,0,,,,
powertraces-pt200array_pt216_r5_7536312_80-d81f1038b4,2026-05-07T21:05:32.148Z,46.202,3,67.07,345,0,0,,,,
powertraces-pt200array_pt216_r5_7536312_80-d81f1038b4,2026-05-07T21:05:32.249Z,46.303,0,68.0,345,0,0,,,,
powertraces-pt200array_pt216_r5_7536312_80-d81f1038b4,2026-05-07T21:05:32.249Z,46.303,1,69.65,345,0,0,,,,
powertraces-pt200array_pt216_r5_7536312_80-d81f1038b4,2026-05-07T21:05:32.249Z,46.303,2,67.25,345,0,0,,,,
powertraces-pt200array_pt216_r5_7536312_80-d81f1038b4,2026-05-07T21:05:32.249Z,46.303,3,67.06,345,0,0,,,,
powertraces-pt200array_pt216_r5_7536312_80-d81f1038b4,2026-05-07T21:05:32.349Z,46.403,0,67.99,345,0,0,,,,
powertraces-pt200array_pt216_r5_7536312_80-d81f1038b4,2026-05-07T21:05:32.349Z,46.403,1,69.78,345,0,0,,,,
powertraces-pt200array_pt216_r5_7536312_80-d81f1038b4,2026-05-07T21:05:32.349Z,46.403,2,67.27,345,0,0,,,,
powertraces-pt200array_pt216_r5_7536312_80-d81f1038b4,2026-05-07T21:05:32.349Z,46.403,3,67.08,345,0,0,,,,
powertraces-pt200array_pt216_r5_7536312_80-d81f1038b4,2026-05-07T21:05:32.449Z,46.503,0,67.99,345,0,0,,,,
powertraces-pt200array_pt216_r5_7536312_80-d81f1038b4,2026-05-07T21:05:32.449Z,46.503,1,69.84,345,0,0,,,,
powertraces-pt200array_pt216_r5_7536312_80-d81f1038b4,2026-05-07T21:05:32.449Z,46.503,2,67.28,345,0,0,,,,
powertraces-pt200array_pt216_r5_7536312_80-d81f1038b4,2026-05-07T21:05:32.45Z,46.504,3,67.09,345,0,0,,,,
powertraces-pt200array_pt216_r5_7536312_80-d81f1038b4,2026-05-07T21:05:32.55Z,46.604,0,68.04,345,0,0,,,,
powertraces-pt200array_pt216_r5_7536312_80-d81f1038b4,2026-05-07T21:05:32.55Z,46.604,1,69.83,345,0,0,,,,
powertraces-pt200array_pt216_r5_7536312_80-d81f1038b4,2026-05-07T21:05:32.551Z,46.605,2,67.27,345,0,0,,,,
powertraces-pt200array_pt216_r5_7536312_80-d81f1038b4,2026-05-07T21:05:32.551Z,46.605,3,67.09,345,0,0,,,,
powertraces-pt200array_pt216_r5_7536312_80-d81f1038b4,2026-05-07T21:05:32.651Z,46.705,0,68.04,345,0,0,,,,
powertraces-pt200array_pt216_r5_7536312_80-d81f1038b4,2026-05-07T21:05:32.651Z,46.705,1,69.71,345,0,0,,,,
powertraces-pt200array_pt216_r5_7536312_80-d81f1038b4,2026-05-07T21:05:32.651Z,46.705,2,67.26,345,0,0,,,,
powertraces-pt200array_pt216_r5_7536312_80-d81f1038b4,2026-05-07T21:05:32.651Z,46.705,3,67.1,345,0,0,,,,
powertraces-pt200array_pt216_r5_7536312_80-d81f1038b4,2026-05-07T21:05:32.751Z,46.805,0,68.03,345,0,0,,,,
powertraces-pt200array_pt216_r5_7536312_80-d81f1038b4,2026-05-07T21:05:32.751Z,46.805,1,69.61,345,0,0,,,,
powertraces-pt200array_pt216_r5_7536312_80-d81f1038b4,2026-05-07T21:05:32.751Z,46.805,2,67.25,345,0,0,,,,
powertraces-pt200array_pt216_r5_7536312_80-d81f1038b4,2026-05-07T21:05:32.751Z,46.805,3,67.09,345,0,0,,,,
powertraces-pt200array_pt216_r5_7536312_80-d81f1038b4,2026-05-07T21:05:32.851Z,46.905,0,68.0,345,0,0,,,,
powertraces-pt200array_pt216_r5_7536312_80-d81f1038b4,2026-05-07T21:05:32.851Z,46.905,1,69.58,345,0,0,,,,
powertraces-pt200array_pt216_r5_7536312_80-d81f1038b4,2026-05-07T21:05:32.851Z,46.905,2,67.27,345,0,0,,,,
powertraces-pt200array_pt216_r5_7536312_80-d81f1038b4,2026-05-07T21:05:32.851Z,46.905,3,67.1,345,0,0,,,,
powertraces-pt200array_pt216_r5_7536312_80-d81f1038b4,2026-05-07T21:05:32.951Z,47.005,0,68.01,345,0,0,,,,
powertraces-pt200array_pt216_r5_7536312_80-d81f1038b4,2026-05-07T21:05:32.951Z,47.005,1,69.66,345,0,0,,,,
powertraces-pt200array_pt216_r5_7536312_80-d81f1038b4,2026-05-07T21:05:32.951Z,47.005,2,67.26,345,0,0,,,,
powertraces-pt200array_pt216_r5_7536312_80-d81f1038b4,2026-05-07T21:05:32.951Z,47.005,3,67.11,345,0,0,,,,
powertraces-pt200array_pt216_r5_7536312_80-d81f1038b4,2026-05-07T21:05:33.051Z,47.105,0,68.04,345,0,0,,,,
powertraces-pt200array_pt216_r5_7536312_80-d81f1038b4,2026-05-07T21:05:33.052Z,47.106,1,69.77,345,0,0,,,,
powertraces-pt200array_pt216_r5_7536312_80-d81f1038b4,2026-05-07T21:05:33.052Z,47.106,2,67.26,345,0,0,,,,
powertraces-pt200array_pt216_r5_7536312_80-d81f1038b4,2026-05-07T21:05:33.052Z,47.106,3,67.1,345,0,0,,,,
powertraces-pt200array_pt216_r5_7536312_80-d81f1038b4,2026-05-07T21:05:33.152Z,47.206,0,68.05,345,0,0,,,,
powertraces-pt200array_pt216_r5_7536312_80-d81f1038b4,2026-05-07T21:05:33.152Z,47.206,1,69.8,345,0,0,,,,
powertraces-pt200array_pt216_r5_7536312_80-d81f1038b4,2026-05-07T21:05:33.152Z,47.206,2,67.26,345,0,0,,,,
powertraces-pt200array_pt216_r5_7536312_80-d81f1038b4,2026-05-07T21:05:33.152Z,47.206,3,67.11,345,0,0,,,,
powertraces-pt200array_pt216_r5_7536312_80-d81f1038b4,2026-05-07T21:05:33.252Z,47.306,0,68.03,345,0,0,,,,
powertraces-pt200array_pt216_r5_7536312_80-d81f1038b4,2026-05-07T21:05:33.252Z,47.306,1,69.8,345,0,0,,,,
powertraces-pt200array_pt216_r5_7536312_80-d81f1038b4,2026-05-07T21:05:33.252Z,47.306,2,67.25,345,0,0,,,,
powertraces-pt200array_pt216_r5_7536312_80-d81f1038b4,2026-05-07T21:05:33.252Z,47.306,3,67.1,345,0,0,,,,
powertraces-pt200array_pt216_r5_7536312_80-d81f1038b4,2026-05-07T21:05:33.352Z,47.406,0,68.05,345,0,0,,,,
powertraces-pt200array_pt216_r5_7536312_80-d81f1038b4,2026-05-07T21:05:33.352Z,47.406,1,69.67,345,0,0,,,,
powertraces-pt200array_pt216_r5_7536312_80-d81f1038b4,2026-05-07T21:05:33.352Z,47.406,2,67.26,345,0,0,,,,
powertraces-pt200array_pt216_r5_7536312_80-d81f1038b4,2026-05-07T21:05:33.352Z,47.406,3,67.07,345,0,0,,,,
powertraces-pt200array_pt216_r5_7536312_80-d81f1038b4,2026-05-07T21:05:33.452Z,47.506,0,68.04,345,0,0,,,,
powertraces-pt200array_pt216_r5_7536312_80-d81f1038b4,2026-05-07T21:05:33.452Z,47.506,1,69.61,345,0,0,,,,
powertraces-pt200array_pt216_r5_7536312_80-d81f1038b4,2026-05-07T21:05:33.452Z,47.506,2,67.25,345,0,0,,,,
powertraces-pt200array_pt216_r5_7536312_80-d81f1038b4,2026-05-07T21:05:33.452Z,47.506,3,67.04,345,0,0,,,,
powertraces-pt200array_pt216_r5_7536312_80-d81f1038b4,2026-05-07T21:05:33.552Z,47.606,0,68.02,345,0,0,,,,
powertraces-pt200array_pt216_r5_7536312_80-d81f1038b4,2026-05-07T21:05:33.553Z,47.607,1,69.63,345,0,0,,,,
powertraces-pt200array_pt216_r5_7536312_80-d81f1038b4,2026-05-07T21:05:33.553Z,47.607,2,67.3,345,0,0,,,,
powertraces-pt200array_pt216_r5_7536312_80-d81f1038b4,2026-05-07T21:05:33.553Z,47.607,3,67.04,345,0,0,,,,
powertraces-pt200array_pt216_r5_7536312_80-d81f1038b4,2026-05-07T21:05:33.653Z,47.707,0,68.02,345,0,0,,,,
powertraces-pt200array_pt216_r5_7536312_80-d81f1038b4,2026-05-07T21:05:33.653Z,47.707,1,69.75,345,0,0,,,,
powertraces-pt200array_pt216_r5_7536312_80-d81f1038b4,2026-05-07T21:05:33.653Z,47.707,2,67.28,345,0,0,,,,
powertraces-pt200array_pt216_r5_7536312_80-d81f1038b4,2026-05-07T21:05:33.653Z,47.707,3,67.04,345,0,0,,,,
powertraces-pt200array_pt216_r5_7536312_80-d81f1038b4,2026-05-07T21:05:33.753Z,47.807,0,68.02,345,0,0,,,,
powertraces-pt200array_pt216_r5_7536312_80-d81f1038b4,2026-05-07T21:05:33.753Z,47.807,1,69.87,345,0,0,,,,
powertraces-pt200array_pt216_r5_7536312_80-d81f1038b4,2026-05-07T21:05:33.753Z,47.807,2,67.29,345,0,0,,,,
powertraces-pt200array_pt216_r5_7536312_80-d81f1038b4,2026-05-07T21:05:33.753Z,47.807,3,67.03,345,0,0,,,,
powertraces-pt200array_pt216_r5_7536312_80-d81f1038b4,2026-05-07T21:05:33.853Z,47.907,0,68.03,345,0,0,,,,
powertraces-pt200array_pt216_r5_7536312_80-d81f1038b4,2026-05-07T21:05:33.853Z,47.907,1,69.91,345,0,0,,,,
powertraces-pt200array_pt216_r5_7536312_80-d81f1038b4,2026-05-07T21:05:33.853Z,47.907,2,67.28,345,0,0,,,,
powertraces-pt200array_pt216_r5_7536312_80-d81f1038b4,2026-05-07T21:05:33.853Z,47.907,3,67.03,345,0,0,,,,
powertraces-pt200array_pt216_r5_7536312_80-d81f1038b4,2026-05-07T21:05:33.953Z,48.007,0,68.03,345,0,0,,,,
powertraces-pt200array_pt216_r5_7536312_80-d81f1038b4,2026-05-07T21:05:33.953Z,48.007,1,69.82,345,0,0,,,,
powertraces-pt200array_pt216_r5_7536312_80-d81f1038b4,2026-05-07T21:05:33.953Z,48.007,2,67.3,345,0,0,,,,
powertraces-pt200array_pt216_r5_7536312_80-d81f1038b4,2026-05-07T21:05:33.953Z,48.007,3,67.01,345,0,0,,,,
powertraces-pt200array_pt216_r5_7536312_80-d81f1038b4,2026-05-07T21:05:34.054Z,48.108,0,68.03,345,0,0,,,,
powertraces-pt200array_pt216_r5_7536312_80-d81f1038b4,2026-05-07T21:05:34.054Z,48.108,1,69.74,345,0,0,,,,
powertraces-pt200array_pt216_r5_7536312_80-d81f1038b4,2026-05-07T21:05:34.054Z,48.108,2,67.32,345,0,0,,,,
powertraces-pt200array_pt216_r5_7536312_80-d81f1038b4,2026-05-07T21:05:34.054Z,48.108,3,66.99,345,0,0,,,,
powertraces-pt200array_pt216_r5_7536312_80-d81f1038b4,2026-05-07T21:05:34.154Z,48.208,0,68.02,345,0,0,,,,
powertraces-pt200array_pt216_r5_7536312_80-d81f1038b4,2026-05-07T21:05:34.154Z,48.208,1,69.71,345,0,0,,,,
powertraces-pt200array_pt216_r5_7536312_80-d81f1038b4,2026-05-07T21:05:34.154Z,48.208,2,67.31,345,0,0,,,,
powertraces-pt200array_pt216_r5_7536312_80-d81f1038b4,2026-05-07T21:05:34.154Z,48.208,3,66.97,345,0,0,,,,
powertraces-pt200array_pt216_r5_7536312_80-d81f1038b4,2026-05-07T21:05:34.254Z,48.308,0,68.02,345,0,0,,,,
powertraces-pt200array_pt216_r5_7536312_80-d81f1038b4,2026-05-07T21:05:34.254Z,48.308,1,69.74,345,0,0,,,,
powertraces-pt200array_pt216_r5_7536312_80-d81f1038b4,2026-05-07T21:05:34.254Z,48.308,2,67.31,345,0,0,,,,
powertraces-pt200array_pt216_r5_7536312_80-d81f1038b4,2026-05-07T21:05:34.254Z,48.308,3,66.98,345,0,0,,,,
powertraces-pt200array_pt216_r5_7536312_80-d81f1038b4,2026-05-07T21:05:34.354Z,48.408,0,68.0,345,0,0,,,,
powertraces-pt200array_pt216_r5_7536312_80-d81f1038b4,2026-05-07T21:05:34.354Z,48.408,1,69.86,345,0,0,,,,
powertraces-pt200array_pt216_r5_7536312_80-d81f1038b4,2026-05-07T21:05:34.354Z,48.408,2,67.31,345,0,0,,,,
powertraces-pt200array_pt216_r5_7536312_80-d81f1038b4,2026-05-07T21:05:34.354Z,48.408,3,67.0,345,0,0,,,,
powertraces-pt200array_pt216_r5_7536312_80-d81f1038b4,2026-05-07T21:05:34.454Z,48.508,0,68.01,345,0,0,,,,
powertraces-pt200array_pt216_r5_7536312_80-d81f1038b4,2026-05-07T21:05:34.454Z,48.508,1,69.95,345,0,0,,,,
powertraces-pt200array_pt216_r5_7536312_80-d81f1038b4,2026-05-07T21:05:34.454Z,48.508,2,67.32,345,0,0,,,,
powertraces-pt200array_pt216_r5_7536312_80-d81f1038b4,2026-05-07T21:05:34.454Z,48.508,3,67.01,345,0,0,,,,
powertraces-pt200array_pt216_r5_7536312_80-d81f1038b4,2026-05-07T21:05:34.555Z,48.609,0,68.01,345,0,0,,,,
powertraces-pt200array_pt216_r5_7536312_80-d81f1038b4,2026-05-07T21:05:34.555Z,48.609,1,69.92,345,0,0,,,,
powertraces-pt200array_pt216_r5_7536312_80-d81f1038b4,2026-05-07T21:05:34.555Z,48.609,2,67.3,345,0,0,,,,
powertraces-pt200array_pt216_r5_7536312_80-d81f1038b4,2026-05-07T21:05:34.555Z,48.609,3,67.02,345,0,0,,,,
powertraces-pt200array_pt216_r5_7536312_80-d81f1038b4,2026-05-07T21:05:34.655Z,48.709,0,68.0,345,0,0,,,,
powertraces-pt200array_pt216_r5_7536312_80-d81f1038b4,2026-05-07T21:05:34.655Z,48.709,1,69.82,345,0,0,,,,
powertraces-pt200array_pt216_r5_7536312_80-d81f1038b4,2026-05-07T21:05:34.655Z,48.709,2,67.3,345,0,0,,,,
powertraces-pt200array_pt216_r5_7536312_80-d81f1038b4,2026-05-07T21:05:34.655Z,48.709,3,67.02,345,0,0,,,,
powertraces-pt200array_pt216_r5_7536312_80-d81f1038b4,2026-05-07T21:05:34.755Z,48.809,0,67.99,345,0,0,,,,
powertraces-pt200array_pt216_r5_7536312_80-d81f1038b4,2026-05-07T21:05:34.755Z,48.809,1,69.69,345,0,0,,,,
powertraces-pt200array_pt216_r5_7536312_80-d81f1038b4,2026-05-07T21:05:34.755Z,48.809,2,67.28,345,0,0,,,,
powertraces-pt200array_pt216_r5_7536312_80-d81f1038b4,2026-05-07T21:05:34.755Z,48.809,3,67.03,345,0,0,,,,
powertraces-pt200array_pt216_r5_7536312_80-d81f1038b4,2026-05-07T21:05:34.855Z,48.909,0,67.99,345,0,0,,,,
powertraces-pt200array_pt216_r5_7536312_80-d81f1038b4,2026-05-07T21:05:34.855Z,48.909,1,69.65,345,0,0,,,,
powertraces-pt200array_pt216_r5_7536312_80-d81f1038b4,2026-05-07T21:05:34.855Z,48.909,2,67.26,345,0,0,,,,
powertraces-pt200array_pt216_r5_7536312_80-d81f1038b4,2026-05-07T21:05:34.855Z,48.909,3,67.02,345,0,0,,,,
powertraces-pt200array_pt216_r5_7536312_80-d81f1038b4,2026-05-07T21:05:34.955Z,49.009,0,68.0,345,0,0,,,,
powertraces-pt200array_pt216_r5_7536312_80-d81f1038b4,2026-05-07T21:05:34.955Z,49.009,1,69.71,345,0,0,,,,
powertraces-pt200array_pt216_r5_7536312_80-d81f1038b4,2026-05-07T21:05:34.955Z,49.009,2,67.25,345,0,0,,,,
powertraces-pt200array_pt216_r5_7536312_80-d81f1038b4,2026-05-07T21:05:34.956Z,49.01,3,67.03,345,0,0,,,,
powertraces-pt200array_pt216_r5_7536312_80-d81f1038b4,2026-05-07T21:05:35.056Z,49.11,0,67.98,345,0,0,,,,
powertraces-pt200array_pt216_r5_7536312_80-d81f1038b4,2026-05-07T21:05:35.056Z,49.11,1,69.83,345,0,0,,,,
powertraces-pt200array_pt216_r5_7536312_80-d81f1038b4,2026-05-07T21:05:35.056Z,49.11,2,67.24,345,0,0,,,,
powertraces-pt200array_pt216_r5_7536312_80-d81f1038b4,2026-05-07T21:05:35.056Z,49.11,3,67.05,345,0,0,,,,
powertraces-pt200array_pt216_r5_7536312_80-d81f1038b4,2026-05-07T21:05:35.156Z,49.21,0,68.0,345,0,0,,,,
powertraces-pt200array_pt216_r5_7536312_80-d81f1038b4,2026-05-07T21:05:35.156Z,49.21,1,69.88,345,0,0,,,,
powertraces-pt200array_pt216_r5_7536312_80-d81f1038b4,2026-05-07T21:05:35.156Z,49.21,2,67.25,345,0,0,,,,
powertraces-pt200array_pt216_r5_7536312_80-d81f1038b4,2026-05-07T21:05:35.156Z,49.21,3,67.06,345,0,0,,,,
powertraces-pt200array_pt216_r5_7536312_80-d81f1038b4,2026-05-07T21:05:35.256Z,49.31,0,68.0,345,0,0,,,,
powertraces-pt200array_pt216_r5_7536312_80-d81f1038b4,2026-05-07T21:05:35.256Z,49.31,1,69.83,345,0,0,,,,
powertraces-pt200array_pt216_r5_7536312_80-d81f1038b4,2026-05-07T21:05:35.256Z,49.31,2,67.25,345,0,0,,,,
powertraces-pt200array_pt216_r5_7536312_80-d81f1038b4,2026-05-07T21:05:35.256Z,49.31,3,67.06,345,0,0,,,,
powertraces-pt200array_pt216_r5_7536312_80-d81f1038b4,2026-05-07T21:05:35.356Z,49.41,0,68.0,345,0,0,,,,
powertraces-pt200array_pt216_r5_7536312_80-d81f1038b4,2026-05-07T21:05:35.356Z,49.41,1,69.67,345,0,0,,,,
powertraces-pt200array_pt216_r5_7536312_80-d81f1038b4,2026-05-07T21:05:35.356Z,49.41,2,67.23,345,0,0,,,,
powertraces-pt200array_pt216_r5_7536312_80-d81f1038b4,2026-05-07T21:05:35.356Z,49.41,3,67.04,345,0,0,,,,
powertraces-pt200array_pt216_r5_7536312_80-d81f1038b4,2026-05-07T21:05:35.456Z,49.51,0,67.98,345,0,0,,,,
powertraces-pt200array_pt216_r5_7536312_80-d81f1038b4,2026-05-07T21:05:35.457Z,49.511,1,69.58,345,0,0,,,,
powertraces-pt200array_pt216_r5_7536312_80-d81f1038b4,2026-05-07T21:05:35.457Z,49.511,2,67.22,345,0,0,,,,
powertraces-pt200array_pt216_r5_7536312_80-d81f1038b4,2026-05-07T21:05:35.457Z,49.511,3,67.04,345,0,0,,,,
powertraces-pt200array_pt216_r5_7536312_80-d81f1038b4,2026-05-07T21:05:35.557Z,49.611,0,67.98,345,0,0,,,,
powertraces-pt200array_pt216_r5_7536312_80-d81f1038b4,2026-05-07T21:05:35.557Z,49.611,1,69.6,345,0,0,,,,
powertraces-pt200array_pt216_r5_7536312_80-d81f1038b4,2026-05-07T21:05:35.557Z,49.611,2,67.25,345,0,0,,,,
powertraces-pt200array_pt216_r5_7536312_80-d81f1038b4,2026-05-07T21:05:35.557Z,49.611,3,67.03,345,0,0,,,,
powertraces-pt200array_pt216_r5_7536312_80-d81f1038b4,2026-05-07T21:05:35.657Z,49.711,0,67.99,345,0,0,,,,
powertraces-pt200array_pt216_r5_7536312_80-d81f1038b4,2026-05-07T21:05:35.657Z,49.711,1,69.71,345,0,0,,,,
powertraces-pt200array_pt216_r5_7536312_80-d81f1038b4,2026-05-07T21:05:35.657Z,49.711,2,67.23,345,0,0,,,,
powertraces-pt200array_pt216_r5_7536312_80-d81f1038b4,2026-05-07T21:05:35.657Z,49.711,3,67.02,345,0,0,,,,
powertraces-pt200array_pt216_r5_7536312_80-d81f1038b4,2026-05-07T21:05:35.757Z,49.811,0,67.99,345,0,0,,,,
powertraces-pt200array_pt216_r5_7536312_80-d81f1038b4,2026-05-07T21:05:35.757Z,49.811,1,69.83,345,0,0,,,,
powertraces-pt200array_pt216_r5_7536312_80-d81f1038b4,2026-05-07T21:05:35.757Z,49.811,2,67.23,345,0,0,,,,
powertraces-pt200array_pt216_r5_7536312_80-d81f1038b4,2026-05-07T21:05:35.757Z,49.811,3,67.03,345,0,0,,,,
powertraces-pt200array_pt216_r5_7536312_80-d81f1038b4,2026-05-07T21:05:35.857Z,49.911,0,67.99,345,0,0,,,,
powertraces-pt200array_pt216_r5_7536312_80-d81f1038b4,2026-05-07T21:05:35.857Z,49.911,1,69.9,345,0,0,,,,
powertraces-pt200array_pt216_r5_7536312_80-d81f1038b4,2026-05-07T21:05:35.857Z,49.911,2,67.26,345,0,0,,,,
powertraces-pt200array_pt216_r5_7536312_80-d81f1038b4,2026-05-07T21:05:35.857Z,49.911,3,67.03,345,0,0,,,,
powertraces-pt200array_pt216_r5_7536312_80-d81f1038b4,2026-05-07T21:05:35.958Z,50.012,0,67.99,345,0,0,,,,
powertraces-pt200array_pt216_r5_7536312_80-d81f1038b4,2026-05-07T21:05:35.958Z,50.012,1,69.84,345,0,0,,,,
powertraces-pt200array_pt216_r5_7536312_80-d81f1038b4,2026-05-07T21:05:35.958Z,50.012,2,67.25,345,0,0,,,,
powertraces-pt200array_pt216_r5_7536312_80-d81f1038b4,2026-05-07T21:05:35.958Z,50.012,3,67.01,345,0,0,,,,
powertraces-pt200array_pt216_r5_7536312_80-d81f1038b4,2026-05-07T21:05:36.058Z,50.112,0,68.0,345,0,0,,,,
powertraces-pt200array_pt216_r5_7536312_80-d81f1038b4,2026-05-07T21:05:36.058Z,50.112,1,69.69,345,0,0,,,,
powertraces-pt200array_pt216_r5_7536312_80-d81f1038b4,2026-05-07T21:05:36.058Z,50.112,2,67.26,345,0,0,,,,
powertraces-pt200array_pt216_r5_7536312_80-d81f1038b4,2026-05-07T21:05:36.058Z,50.112,3,67.01,345,0,0,,,,
powertraces-pt200array_pt216_r5_7536312_80-d81f1038b4,2026-05-07T21:05:36.158Z,50.212,0,67.96,345,0,0,,,,
powertraces-pt200array_pt216_r5_7536312_80-d81f1038b4,2026-05-07T21:05:36.158Z,50.212,1,69.61,345,0,0,,,,
powertraces-pt200array_pt216_r5_7536312_80-d81f1038b4,2026-05-07T21:05:36.158Z,50.212,2,67.25,345,0,0,,,,
powertraces-pt200array_pt216_r5_7536312_80-d81f1038b4,2026-05-07T21:05:36.158Z,50.212,3,66.99,345,0,0,,,,
powertraces-pt200array_pt216_r5_7536312_80-d81f1038b4,2026-05-07T21:05:36.258Z,50.312,0,67.95,345,0,0,,,,
powertraces-pt200array_pt216_r5_7536312_80-d81f1038b4,2026-05-07T21:05:36.258Z,50.312,1,69.61,345,0,0,,,,
powertraces-pt200array_pt216_r5_7536312_80-d81f1038b4,2026-05-07T21:05:36.258Z,50.312,2,67.22,345,0,0,,,,
powertraces-pt200array_pt216_r5_7536312_80-d81f1038b4,2026-05-07T21:05:36.258Z,50.312,3,66.98,345,0,0,,,,
powertraces-pt200array_pt216_r5_7536312_80-d81f1038b4,2026-05-07T21:05:36.358Z,50.412,0,67.94,345,0,0,,,,
powertraces-pt200array_pt216_r5_7536312_80-d81f1038b4,2026-05-07T21:05:36.358Z,50.412,1,69.72,345,0,0,,,,
powertraces-pt200array_pt216_r5_7536312_80-d81f1038b4,2026-05-07T21:05:36.358Z,50.412,2,67.2,345,0,0,,,,
powertraces-pt200array_pt216_r5_7536312_80-d81f1038b4,2026-05-07T21:05:36.358Z,50.412,3,66.99,345,0,0,,,,
powertraces-pt200array_pt216_r5_7536312_80-d81f1038b4,2026-05-07T21:05:36.459Z,50.513,0,67.94,345,0,0,,,,
powertraces-pt200array_pt216_r5_7536312_80-d81f1038b4,2026-05-07T21:05:36.459Z,50.513,1,69.8,345,0,0,,,,
powertraces-pt200array_pt216_r5_7536312_80-d81f1038b4,2026-05-07T21:05:36.459Z,50.513,2,67.19,345,0,0,,,,
powertraces-pt200array_pt216_r5_7536312_80-d81f1038b4,2026-05-07T21:05:36.459Z,50.513,3,66.98,345,0,0,,,,
powertraces-pt200array_pt216_r5_7536312_80-d81f1038b4,2026-05-07T21:05:36.559Z,50.613,0,67.92,345,0,0,,,,
powertraces-pt200array_pt216_r5_7536312_80-d81f1038b4,2026-05-07T21:05:36.559Z,50.613,1,69.78,345,0,0,,,,
powertraces-pt200array_pt216_r5_7536312_80-d81f1038b4,2026-05-07T21:05:36.559Z,50.613,2,67.17,345,0,0,,,,
powertraces-pt200array_pt216_r5_7536312_80-d81f1038b4,2026-05-07T21:05:36.559Z,50.613,3,66.96,345,0,0,,,,
powertraces-pt200array_pt216_r5_7536312_80-d81f1038b4,2026-05-07T21:05:36.659Z,50.713,0,67.89,345,0,0,,,,
powertraces-pt200array_pt216_r5_7536312_80-d81f1038b4,2026-05-07T21:05:36.659Z,50.713,1,69.65,345,0,0,,,,
powertraces-pt200array_pt216_r5_7536312_80-d81f1038b4,2026-05-07T21:05:36.659Z,50.713,2,67.13,345,0,0,,,,
powertraces-pt200array_pt216_r5_7536312_80-d81f1038b4,2026-05-07T21:05:36.659Z,50.713,3,66.92,345,0,0,,,,
powertraces-pt200array_pt216_r5_7536312_80-d81f1038b4,2026-05-07T21:05:36.759Z,50.813,0,67.86,345,0,0,,,,
powertraces-pt200array_pt216_r5_7536312_80-d81f1038b4,2026-05-07T21:05:36.759Z,50.813,1,69.49,345,0,0,,,,
powertraces-pt200array_pt216_r5_7536312_80-d81f1038b4,2026-05-07T21:05:36.759Z,50.813,2,67.09,345,0,0,,,,
powertraces-pt200array_pt216_r5_7536312_80-d81f1038b4,2026-05-07T21:05:36.759Z,50.813,3,66.88,345,0,0,,,,
powertraces-pt200array_pt216_r5_7536312_80-d81f1038b4,2026-05-07T21:05:36.859Z,50.913,0,67.82,345,0,0,,,,
powertraces-pt200array_pt216_r5_7536312_80-d81f1038b4,2026-05-07T21:05:36.859Z,50.913,1,69.38,345,0,0,,,,
powertraces-pt200array_pt216_r5_7536312_80-d81f1038b4,2026-05-07T21:05:36.859Z,50.913,2,67.04,345,0,0,,,,
powertraces-pt200array_pt216_r5_7536312_80-d81f1038b4,2026-05-07T21:05:36.86Z,50.914,3,66.83,345,0,0,,,,
powertraces-pt200array_pt216_r5_7536312_80-d81f1038b4,2026-05-07T21:05:36.96Z,51.014,0,67.78,345,0,0,,,,
powertraces-pt200array_pt216_r5_7536312_80-d81f1038b4,2026-05-07T21:05:36.96Z,51.014,1,69.37,345,0,0,,,,
powertraces-pt200array_pt216_r5_7536312_80-d81f1038b4,2026-05-07T21:05:36.96Z,51.014,2,67.03,345,0,0,,,,
powertraces-pt200array_pt216_r5_7536312_80-d81f1038b4,2026-05-07T21:05:36.96Z,51.014,3,66.83,345,0,0,,,,
powertraces-pt200array_pt216_r5_7536312_80-d81f1038b4,2026-05-07T21:05:37.06Z,51.114,0,67.75,345,0,0,,,,
powertraces-pt200array_pt216_r5_7536312_80-d81f1038b4,2026-05-07T21:05:37.06Z,51.114,1,69.46,345,0,0,,,,
powertraces-pt200array_pt216_r5_7536312_80-d81f1038b4,2026-05-07T21:05:37.06Z,51.114,2,67.0,345,0,0,,,,
powertraces-pt200array_pt216_r5_7536312_80-d81f1038b4,2026-05-07T21:05:37.06Z,51.114,3,66.79,345,0,0,,,,
powertraces-pt200array_pt216_r5_7536312_80-d81f1038b4,2026-05-07T21:05:37.16Z,51.214,0,67.72,345,0,0,,,,
powertraces-pt200array_pt216_r5_7536312_80-d81f1038b4,2026-05-07T21:05:37.16Z,51.214,1,69.53,345,0,0,,,,
powertraces-pt200array_pt216_r5_7536312_80-d81f1038b4,2026-05-07T21:05:37.16Z,51.214,2,66.97,345,0,0,,,,
powertraces-pt200array_pt216_r5_7536312_80-d81f1038b4,2026-05-07T21:05:37.16Z,51.214,3,66.76,345,0,0,,,,
powertraces-pt200array_pt216_r5_7536312_80-d81f1038b4,2026-05-07T21:05:37.26Z,51.314,0,67.69,345,0,0,,,,
powertraces-pt200array_pt216_r5_7536312_80-d81f1038b4,2026-05-07T21:05:37.26Z,51.314,1,69.52,345,0,0,,,,
powertraces-pt200array_pt216_r5_7536312_80-d81f1038b4,2026-05-07T21:05:37.26Z,51.314,2,66.94,345,0,0,,,,
powertraces-pt200array_pt216_r5_7536312_80-d81f1038b4,2026-05-07T21:05:37.26Z,51.314,3,66.74,345,0,0,,,,
powertraces-pt200array_pt216_r5_7536312_80-d81f1038b4,2026-05-07T21:05:37.36Z,51.414,0,67.65,345,0,0,,,,
powertraces-pt200array_pt216_r5_7536312_80-d81f1038b4,2026-05-07T21:05:37.361Z,51.415,1,69.38,345,0,0,,,,
powertraces-pt200array_pt216_r5_7536312_80-d81f1038b4,2026-05-07T21:05:37.361Z,51.415,2,66.93,345,0,0,,,,
powertraces-pt200array_pt216_r5_7536312_80-d81f1038b4,2026-05-07T21:05:37.361Z,51.415,3,66.71,345,0,0,,,,
powertraces-pt200array_pt216_r5_7536312_80-d81f1038b4,2026-05-07T21:05:37.461Z,51.515,0,67.63,345,0,0,,,,
powertraces-pt200array_pt216_r5_7536312_80-d81f1038b4,2026-05-07T21:05:37.461Z,51.515,1,69.27,345,0,0,,,,
powertraces-pt200array_pt216_r5_7536312_80-d81f1038b4,2026-05-07T21:05:37.461Z,51.515,2,66.92,345,0,0,,,,
powertraces-pt200array_pt216_r5_7536312_80-d81f1038b4,2026-05-07T21:05:37.461Z,51.515,3,66.69,345,0,0,,,,
powertraces-pt200array_pt216_r5_7536312_80-d81f1038b4,2026-05-07T21:05:37.561Z,51.615,0,67.62,345,0,0,,,,
powertraces-pt200array_pt216_r5_7536312_80-d81f1038b4,2026-05-07T21:05:37.561Z,51.615,1,69.2,345,0,0,,,,
powertraces-pt200array_pt216_r5_7536312_80-d81f1038b4,2026-05-07T21:05:37.561Z,51.615,2,66.9,345,0,0,,,,
powertraces-pt200array_pt216_r5_7536312_80-d81f1038b4,2026-05-07T21:05:37.561Z,51.615,3,66.69,345,0,0,,,,
powertraces-pt200array_pt216_r5_7536312_80-d81f1038b4,2026-05-07T21:05:37.661Z,51.715,0,67.61,345,0,0,,,,
powertraces-pt200array_pt216_r5_7536312_80-d81f1038b4,2026-05-07T21:05:37.661Z,51.715,1,69.29,345,0,0,,,,
powertraces-pt200array_pt216_r5_7536312_80-d81f1038b4,2026-05-07T21:05:37.661Z,51.715,2,66.9,345,0,0,,,,
powertraces-pt200array_pt216_r5_7536312_80-d81f1038b4,2026-05-07T21:05:37.661Z,51.715,3,66.69,345,0,0,,,,
powertraces-pt200array_pt216_r5_7536312_80-d81f1038b4,2026-05-07T21:05:37.761Z,51.815,0,67.61,345,0,0,,,,
powertraces-pt200array_pt216_r5_7536312_80-d81f1038b4,2026-05-07T21:05:37.761Z,51.815,1,69.41,345,0,0,,,,
powertraces-pt200array_pt216_r5_7536312_80-d81f1038b4,2026-05-07T21:05:37.761Z,51.815,2,66.89,345,0,0,,,,
powertraces-pt200array_pt216_r5_7536312_80-d81f1038b4,2026-05-07T21:05:37.761Z,51.815,3,66.69,345,0,0,,,,
powertraces-pt200array_pt216_r5_7536312_80-d81f1038b4,2026-05-07T21:05:37.861Z,51.915,0,67.61,345,0,0,,,,
powertraces-pt200array_pt216_r5_7536312_80-d81f1038b4,2026-05-07T21:05:37.862Z,51.916,1,69.48,345,0,0,,,,
powertraces-pt200array_pt216_r5_7536312_80-d81f1038b4,2026-05-07T21:05:37.862Z,51.916,2,66.9,345,0,0,,,,
powertraces-pt200array_pt216_r5_7536312_80-d81f1038b4,2026-05-07T21:05:37.862Z,51.916,3,66.7,345,0,0,,,,
powertraces-pt200array_pt216_r5_7536312_80-d81f1038b4,2026-05-07T21:05:37.962Z,52.016,0,67.63,345,0,0,,,,
powertraces-pt200array_pt216_r5_7536312_80-d81f1038b4,2026-05-07T21:05:37.962Z,52.016,1,69.49,345,0,0,,,,
powertraces-pt200array_pt216_r5_7536312_80-d81f1038b4,2026-05-07T21:05:37.962Z,52.016,2,66.92,345,0,0,,,,
powertraces-pt200array_pt216_r5_7536312_80-d81f1038b4,2026-05-07T21:05:37.962Z,52.016,3,66.7,345,0,0,,,,
powertraces-pt200array_pt216_r5_7536312_80-d81f1038b4,2026-05-07T21:05:38.062Z,52.116,0,67.66,345,0,0,,,,
powertraces-pt200array_pt216_r5_7536312_80-d81f1038b4,2026-05-07T21:05:38.062Z,52.116,1,69.43,345,0,0,,,,
powertraces-pt200array_pt216_r5_7536312_80-d81f1038b4,2026-05-07T21:05:38.062Z,52.116,2,66.94,345,0,0,,,,
powertraces-pt200array_pt216_r5_7536312_80-d81f1038b4,2026-05-07T21:05:38.062Z,52.116,3,66.71,345,0,0,,,,
powertraces-pt200array_pt216_r5_7536312_80-d81f1038b4,2026-05-07T21:05:38.162Z,52.216,0,67.69,345,0,0,,,,
powertraces-pt200array_pt216_r5_7536312_80-d81f1038b4,2026-05-07T21:05:38.162Z,52.216,1,69.38,345,0,0,,,,
powertraces-pt200array_pt216_r5_7536312_80-d81f1038b4,2026-05-07T21:05:38.162Z,52.216,2,66.99,345,0,0,,,,
powertraces-pt200array_pt216_r5_7536312_80-d81f1038b4,2026-05-07T21:05:38.162Z,52.216,3,66.74,345,0,0,,,,
powertraces-pt200array_pt216_r5_7536312_80-d81f1038b4,2026-05-07T21:05:38.262Z,52.316,0,67.74,345,0,0,,,,
powertraces-pt200array_pt216_r5_7536312_80-d81f1038b4,2026-05-07T21:05:38.262Z,52.316,1,69.42,345,0,0,,,,
powertraces-pt200array_pt216_r5_7536312_80-d81f1038b4,2026-05-07T21:05:38.262Z,52.316,2,67.03,345,0,0,,,,
powertraces-pt200array_pt216_r5_7536312_80-d81f1038b4,2026-05-07T21:05:38.262Z,52.316,3,66.78,345,0,0,,,,
powertraces-pt200array_pt216_r5_7536312_80-d81f1038b4,2026-05-07T21:05:38.363Z,52.417,0,67.82,345,0,0,,,,
powertraces-pt200array_pt216_r5_7536312_80-d81f1038b4,2026-05-07T21:05:38.363Z,52.417,1,69.54,345,0,0,,,,
powertraces-pt200array_pt216_r5_7536312_80-d81f1038b4,2026-05-07T21:05:38.363Z,52.417,2,67.09,345,0,0,,,,
powertraces-pt200array_pt216_r5_7536312_80-d81f1038b4,2026-05-07T21:05:38.363Z,52.417,3,66.8,345,0,0,,,,
powertraces-pt200array_pt216_r5_7536312_80-d81f1038b4,2026-05-07T21:05:38.463Z,52.517,0,67.85,345,0,0,,,,
powertraces-pt200array_pt216_r5_7536312_80-d81f1038b4,2026-05-07T21:05:38.463Z,52.517,1,69.67,345,0,0,,,,
powertraces-pt200array_pt216_r5_7536312_80-d81f1038b4,2026-05-07T21:05:38.463Z,52.517,2,67.13,345,0,0,,,,
powertraces-pt200array_pt216_r5_7536312_80-d81f1038b4,2026-05-07T21:05:38.463Z,52.517,3,66.83,345,0,0,,,,
powertraces-pt200array_pt216_r5_7536312_80-d81f1038b4,2026-05-07T21:05:38.563Z,52.617,0,67.89,345,0,0,,,,
powertraces-pt200array_pt216_r5_7536312_80-d81f1038b4,2026-05-07T21:05:38.563Z,52.617,1,69.74,345,0,0,,,,
powertraces-pt200array_pt216_r5_7536312_80-d81f1038b4,2026-05-07T21:05:38.563Z,52.617,2,67.17,345,0,0,,,,
powertraces-pt200array_pt216_r5_7536312_80-d81f1038b4,2026-05-07T21:05:38.563Z,52.617,3,66.85,345,0,0,,,,
powertraces-pt200array_pt216_r5_7536312_80-d81f1038b4,2026-05-07T21:05:38.663Z,52.717,0,67.94,345,0,0,,,,
powertraces-pt200array_pt216_r5_7536312_80-d81f1038b4,2026-05-07T21:05:38.663Z,52.717,1,69.72,345,0,0,,,,
powertraces-pt200array_pt216_r5_7536312_80-d81f1038b4,2026-05-07T21:05:38.663Z,52.717,2,67.19,345,0,0,,,,
powertraces-pt200array_pt216_r5_7536312_80-d81f1038b4,2026-05-07T21:05:38.663Z,52.717,3,66.89,345,0,0,,,,
powertraces-pt200array_pt216_r5_7536312_80-d81f1038b4,2026-05-07T21:05:38.763Z,52.817,0,67.96,345,0,0,,,,
powertraces-pt200array_pt216_r5_7536312_80-d81f1038b4,2026-05-07T21:05:38.763Z,52.817,1,69.66,345,0,0,,,,
powertraces-pt200array_pt216_r5_7536312_80-d81f1038b4,2026-05-07T21:05:38.763Z,52.817,2,67.24,345,0,0,,,,
powertraces-pt200array_pt216_r5_7536312_80-d81f1038b4,2026-05-07T21:05:38.763Z,52.817,3,66.93,345,0,0,,,,
powertraces-pt200array_pt216_r5_7536312_80-d81f1038b4,2026-05-07T21:05:38.864Z,52.918,0,68.0,345,0,0,,,,
powertraces-pt200array_pt216_r5_7536312_80-d81f1038b4,2026-05-07T21:05:38.864Z,52.918,1,69.64,345,0,0,,,,
powertraces-pt200array_pt216_r5_7536312_80-d81f1038b4,2026-05-07T21:05:38.864Z,52.918,2,67.24,345,0,0,,,,
powertraces-pt200array_pt216_r5_7536312_80-d81f1038b4,2026-05-07T21:05:38.864Z,52.918,3,66.96,345,0,0,,,,
powertraces-pt200array_pt216_r5_7536312_80-d81f1038b4,2026-05-07T21:05:38.964Z,53.018,0,68.01,345,0,0,,,,
powertraces-pt200array_pt216_r5_7536312_80-d81f1038b4,2026-05-07T21:05:38.964Z,53.018,1,69.68,345,0,0,,,,
powertraces-pt200array_pt216_r5_7536312_80-d81f1038b4,2026-05-07T21:05:38.964Z,53.018,2,67.28,345,0,0,,,,
powertraces-pt200array_pt216_r5_7536312_80-d81f1038b4,2026-05-07T21:05:38.964Z,53.018,3,66.99,345,0,0,,,,
powertraces-pt200array_pt216_r5_7536312_80-d81f1038b4,2026-05-07T21:05:39.064Z,53.118,0,68.01,345,0,0,,,,
powertraces-pt200array_pt216_r5_7536312_80-d81f1038b4,2026-05-07T21:05:39.064Z,53.118,1,69.79,345,0,0,,,,
powertraces-pt200array_pt216_r5_7536312_80-d81f1038b4,2026-05-07T21:05:39.064Z,53.118,2,67.29,345,0,0,,,,
powertraces-pt200array_pt216_r5_7536312_80-d81f1038b4,2026-05-07T21:05:39.064Z,53.118,3,67.02,345,0,0,,,,
powertraces-pt200array_pt216_r5_7536312_80-d81f1038b4,2026-05-07T21:05:39.164Z,53.218,0,68.01,345,0,0,,,,
powertraces-pt200array_pt216_r5_7536312_80-d81f1038b4,2026-05-07T21:05:39.164Z,53.218,1,69.88,345,0,0,,,,
powertraces-pt200array_pt216_r5_7536312_80-d81f1038b4,2026-05-07T21:05:39.164Z,53.218,2,67.28,345,0,0,,,,
powertraces-pt200array_pt216_r5_7536312_80-d81f1038b4,2026-05-07T21:05:39.164Z,53.218,3,67.03,345,0,0,,,,
powertraces-pt200array_pt216_r5_7536312_80-d81f1038b4,2026-05-07T21:05:39.264Z,53.318,0,68.0,345,0,0,,,,
powertraces-pt200array_pt216_r5_7536312_80-d81f1038b4,2026-05-07T21:05:39.265Z,53.319,1,69.89,345,0,0,,,,
powertraces-pt200array_pt216_r5_7536312_80-d81f1038b4,2026-05-07T21:05:39.265Z,53.319,2,67.26,345,0,0,,,,
powertraces-pt200array_pt216_r5_7536312_80-d81f1038b4,2026-05-07T21:05:39.265Z,53.319,3,67.01,345,0,0,,,,
powertraces-pt200array_pt216_r5_7536312_80-d81f1038b4,2026-05-07T21:05:39.365Z,53.419,0,67.98,345,0,0,,,,
powertraces-pt200array_pt216_r5_7536312_80-d81f1038b4,2026-05-07T21:05:39.365Z,53.419,1,69.85,345,0,0,,,,
powertraces-pt200array_pt216_r5_7536312_80-d81f1038b4,2026-05-07T21:05:39.365Z,53.419,2,67.25,345,0,0,,,,
powertraces-pt200array_pt216_r5_7536312_80-d81f1038b4,2026-05-07T21:05:39.365Z,53.419,3,67.03,345,0,0,,,,
powertraces-pt200array_pt216_r5_7536312_80-d81f1038b4,2026-05-07T21:05:39.465Z,53.519,0,67.98,345,0,0,,,,
powertraces-pt200array_pt216_r5_7536312_80-d81f1038b4,2026-05-07T21:05:39.465Z,53.519,1,69.74,345,0,0,,,,
powertraces-pt200array_pt216_r5_7536312_80-d81f1038b4,2026-05-07T21:05:39.465Z,53.519,2,67.23,345,0,0,,,,
powertraces-pt200array_pt216_r5_7536312_80-d81f1038b4,2026-05-07T21:05:39.465Z,53.519,3,67.04,345,0,0,,,,
powertraces-pt200array_pt216_r5_7536312_80-d81f1038b4,2026-05-07T21:05:39.565Z,53.619,0,67.98,345,0,0,,,,
powertraces-pt200array_pt216_r5_7536312_80-d81f1038b4,2026-05-07T21:05:39.565Z,53.619,1,69.71,345,0,0,,,,
powertraces-pt200array_pt216_r5_7536312_80-d81f1038b4,2026-05-07T21:05:39.565Z,53.619,2,67.24,345,0,0,,,,
powertraces-pt200array_pt216_r5_7536312_80-d81f1038b4,2026-05-07T21:05:39.565Z,53.619,3,67.05,345,0,0,,,,
powertraces-pt200array_pt216_r5_7536312_80-d81f1038b4,2026-05-07T21:05:39.665Z,53.719,0,67.99,345,0,0,,,,
powertraces-pt200array_pt216_r5_7536312_80-d81f1038b4,2026-05-07T21:05:39.665Z,53.719,1,69.71,345,0,0,,,,
powertraces-pt200array_pt216_r5_7536312_80-d81f1038b4,2026-05-07T21:05:39.665Z,53.719,2,67.24,345,0,0,,,,
powertraces-pt200array_pt216_r5_7536312_80-d81f1038b4,2026-05-07T21:05:39.665Z,53.719,3,67.05,345,0,0,,,,
powertraces-pt200array_pt216_r5_7536312_80-d81f1038b4,2026-05-07T21:05:39.766Z,53.82,0,67.98,345,0,0,,,,
powertraces-pt200array_pt216_r5_7536312_80-d81f1038b4,2026-05-07T21:05:39.766Z,53.82,1,69.81,345,0,0,,,,
powertraces-pt200array_pt216_r5_7536312_80-d81f1038b4,2026-05-07T21:05:39.766Z,53.82,2,67.24,345,0,0,,,,
powertraces-pt200array_pt216_r5_7536312_80-d81f1038b4,2026-05-07T21:05:39.766Z,53.82,3,67.05,345,0,0,,,,
powertraces-pt200array_pt216_r5_7536312_80-d81f1038b4,2026-05-07T21:05:39.866Z,53.92,0,67.98,345,0,0,,,,
powertraces-pt200array_pt216_r5_7536312_80-d81f1038b4,2026-05-07T21:05:39.866Z,53.92,1,69.87,345,0,0,,,,
powertraces-pt200array_pt216_r5_7536312_80-d81f1038b4,2026-05-07T21:05:39.866Z,53.92,2,67.25,345,0,0,,,,
powertraces-pt200array_pt216_r5_7536312_80-d81f1038b4,2026-05-07T21:05:39.866Z,53.92,3,67.03,345,0,0,,,,
powertraces-pt200array_pt216_r5_7536312_80-d81f1038b4,2026-05-07T21:05:39.966Z,54.02,0,68.0,345,0,0,,,,
powertraces-pt200array_pt216_r5_7536312_80-d81f1038b4,2026-05-07T21:05:39.966Z,54.02,1,69.84,345,0,0,,,,
powertraces-pt200array_pt216_r5_7536312_80-d81f1038b4,2026-05-07T21:05:39.966Z,54.02,2,67.25,345,0,0,,,,
powertraces-pt200array_pt216_r5_7536312_80-d81f1038b4,2026-05-07T21:05:39.966Z,54.02,3,67.01,345,0,0,,,,
powertraces-pt200array_pt216_r5_7536312_80-d81f1038b4,2026-05-07T21:05:40.066Z,54.12,0,67.98,345,0,0,,,,
powertraces-pt200array_pt216_r5_7536312_80-d81f1038b4,2026-05-07T21:05:40.066Z,54.12,1,69.75,345,0,0,,,,
powertraces-pt200array_pt216_r5_7536312_80-d81f1038b4,2026-05-07T21:05:40.066Z,54.12,2,67.25,345,0,0,,,,
powertraces-pt200array_pt216_r5_7536312_80-d81f1038b4,2026-05-07T21:05:40.066Z,54.12,3,67.01,345,0,0,,,,
powertraces-pt200array_pt216_r5_7536312_80-d81f1038b4,2026-05-07T21:05:40.166Z,54.22,0,67.99,345,0,0,,,,
powertraces-pt200array_pt216_r5_7536312_80-d81f1038b4,2026-05-07T21:05:40.166Z,54.22,1,69.63,345,0,0,,,,
powertraces-pt200array_pt216_r5_7536312_80-d81f1038b4,2026-05-07T21:05:40.166Z,54.22,2,67.25,345,0,0,,,,
powertraces-pt200array_pt216_r5_7536312_80-d81f1038b4,2026-05-07T21:05:40.166Z,54.22,3,67.0,345,0,0,,,,
powertraces-pt200array_pt216_r5_7536312_80-d81f1038b4,2026-05-07T21:05:40.267Z,54.321,0,68.01,345,0,0,,,,
powertraces-pt200array_pt216_r5_7536312_80-d81f1038b4,2026-05-07T21:05:40.267Z,54.321,1,69.6,345,0,0,,,,
powertraces-pt200array_pt216_r5_7536312_80-d81f1038b4,2026-05-07T21:05:40.267Z,54.321,2,67.24,345,0,0,,,,
powertraces-pt200array_pt216_r5_7536312_80-d81f1038b4,2026-05-07T21:05:40.267Z,54.321,3,67.01,345,0,0,,,,
powertraces-pt200array_pt216_r5_7536312_80-d81f1038b4,2026-05-07T21:05:40.367Z,54.421,0,68.01,345,0,0,,,,
powertraces-pt200array_pt216_r5_7536312_80-d81f1038b4,2026-05-07T21:05:40.367Z,54.421,1,69.69,345,0,0,,,,
powertraces-pt200array_pt216_r5_7536312_80-d81f1038b4,2026-05-07T21:05:40.367Z,54.421,2,67.25,345,0,0,,,,
powertraces-pt200array_pt216_r5_7536312_80-d81f1038b4,2026-05-07T21:05:40.367Z,54.421,3,67.02,345,0,0,,,,
powertraces-pt200array_pt216_r5_7536312_80-d81f1038b4,2026-05-07T21:05:40.467Z,54.521,0,68.01,345,0,0,,,,
powertraces-pt200array_pt216_r5_7536312_80-d81f1038b4,2026-05-07T21:05:40.467Z,54.521,1,69.82,345,0,0,,,,
powertraces-pt200array_pt216_r5_7536312_80-d81f1038b4,2026-05-07T21:05:40.467Z,54.521,2,67.28,345,0,0,,,,
powertraces-pt200array_pt216_r5_7536312_80-d81f1038b4,2026-05-07T21:05:40.467Z,54.521,3,67.0,345,0,0,,,,
powertraces-pt200array_pt216_r5_7536312_80-d81f1038b4,2026-05-07T21:05:40.567Z,54.621,0,68.0,345,0,0,,,,
powertraces-pt200array_pt216_r5_7536312_80-d81f1038b4,2026-05-07T21:05:40.567Z,54.621,1,69.87,345,0,0,,,,
powertraces-pt200array_pt216_r5_7536312_80-d81f1038b4,2026-05-07T21:05:40.567Z,54.621,2,67.28,345,0,0,,,,
powertraces-pt200array_pt216_r5_7536312_80-d81f1038b4,2026-05-07T21:05:40.567Z,54.621,3,66.99,345,0,0,,,,
powertraces-pt200array_pt216_r5_7536312_80-d81f1038b4,2026-05-07T21:05:40.667Z,54.721,0,68.0,345,0,0,,,,
powertraces-pt200array_pt216_r5_7536312_80-d81f1038b4,2026-05-07T21:05:40.667Z,54.721,1,69.84,345,0,0,,,,
powertraces-pt200array_pt216_r5_7536312_80-d81f1038b4,2026-05-07T21:05:40.668Z,54.722,2,67.28,345,0,0,,,,
powertraces-pt200array_pt216_r5_7536312_80-d81f1038b4,2026-05-07T21:05:40.668Z,54.722,3,66.99,345,0,0,,,,
powertraces-pt200array_pt216_r5_7536312_80-d81f1038b4,2026-05-07T21:05:40.768Z,54.822,0,67.99,345,0,0,,,,
powertraces-pt200array_pt216_r5_7536312_80-d81f1038b4,2026-05-07T21:05:40.768Z,54.822,1,69.73,345,0,0,,,,
powertraces-pt200array_pt216_r5_7536312_80-d81f1038b4,2026-05-07T21:05:40.768Z,54.822,2,67.28,345,0,0,,,,
powertraces-pt200array_pt216_r5_7536312_80-d81f1038b4,2026-05-07T21:05:40.768Z,54.822,3,66.99,345,0,0,,,,
powertraces-pt200array_pt216_r5_7536312_80-d81f1038b4,2026-05-07T21:05:40.868Z,54.922,0,68.0,345,0,0,,,,
powertraces-pt200array_pt216_r5_7536312_80-d81f1038b4,2026-05-07T21:05:40.868Z,54.922,1,69.65,345,0,0,,,,
powertraces-pt200array_pt216_r5_7536312_80-d81f1038b4,2026-05-07T21:05:40.868Z,54.922,2,67.27,345,0,0,,,,
powertraces-pt200array_pt216_r5_7536312_80-d81f1038b4,2026-05-07T21:05:40.868Z,54.922,3,67.0,345,0,0,,,,
powertraces-pt200array_pt216_r5_7536312_80-d81f1038b4,2026-05-07T21:05:40.968Z,55.022,0,67.98,345,0,0,,,,
powertraces-pt200array_pt216_r5_7536312_80-d81f1038b4,2026-05-07T21:05:40.968Z,55.022,1,69.67,345,0,0,,,,
powertraces-pt200array_pt216_r5_7536312_80-d81f1038b4,2026-05-07T21:05:40.968Z,55.022,2,67.3,345,0,0,,,,
powertraces-pt200array_pt216_r5_7536312_80-d81f1038b4,2026-05-07T21:05:40.968Z,55.022,3,67.01,345,0,0,,,,
powertraces-pt200array_pt216_r5_7536312_80-d81f1038b4,2026-05-07T21:05:41.068Z,55.122,0,68.0,345,0,0,,,,
powertraces-pt200array_pt216_r5_7536312_80-d81f1038b4,2026-05-07T21:05:41.068Z,55.122,1,69.77,345,0,0,,,,
powertraces-pt200array_pt216_r5_7536312_80-d81f1038b4,2026-05-07T21:05:41.068Z,55.122,2,67.31,345,0,0,,,,
powertraces-pt200array_pt216_r5_7536312_80-d81f1038b4,2026-05-07T21:05:41.068Z,55.122,3,67.02,345,0,0,,,,
powertraces-pt200array_pt216_r5_7536312_80-d81f1038b4,2026-05-07T21:05:41.168Z,55.222,0,68.0,345,0,0,,,,
powertraces-pt200array_pt216_r5_7536312_80-d81f1038b4,2026-05-07T21:05:41.169Z,55.223,1,69.87,345,0,0,,,,
powertraces-pt200array_pt216_r5_7536312_80-d81f1038b4,2026-05-07T21:05:41.169Z,55.223,2,67.27,345,0,0,,,,
powertraces-pt200array_pt216_r5_7536312_80-d81f1038b4,2026-05-07T21:05:41.169Z,55.223,3,67.01,345,0,0,,,,
powertraces-pt200array_pt216_r5_7536312_80-d81f1038b4,2026-05-07T21:05:41.269Z,55.323,0,67.97,345,0,0,,,,
powertraces-pt200array_pt216_r5_7536312_80-d81f1038b4,2026-05-07T21:05:41.269Z,55.323,1,69.94,345,0,0,,,,
powertraces-pt200array_pt216_r5_7536312_80-d81f1038b4,2026-05-07T21:05:41.269Z,55.323,2,67.25,345,0,0,,,,
powertraces-pt200array_pt216_r5_7536312_80-d81f1038b4,2026-05-07T21:05:41.269Z,55.323,3,67.0,345,0,0,,,,
powertraces-pt200array_pt216_r5_7536312_80-d81f1038b4,2026-05-07T21:05:41.369Z,55.423,0,67.99,345,0,0,,,,
powertraces-pt200array_pt216_r5_7536312_80-d81f1038b4,2026-05-07T21:05:41.369Z,55.423,1,69.88,345,0,0,,,,
powertraces-pt200array_pt216_r5_7536312_80-d81f1038b4,2026-05-07T21:05:41.369Z,55.423,2,67.25,345,0,0,,,,
powertraces-pt200array_pt216_r5_7536312_80-d81f1038b4,2026-05-07T21:05:41.369Z,55.423,3,66.99,345,0,0,,,,
powertraces-pt200array_pt216_r5_7536312_80-d81f1038b4,2026-05-07T21:05:41.469Z,55.523,0,68.0,345,0,0,,,,
powertraces-pt200array_pt216_r5_7536312_80-d81f1038b4,2026-05-07T21:05:41.469Z,55.523,1,69.74,345,0,0,,,,
powertraces-pt200array_pt216_r5_7536312_80-d81f1038b4,2026-05-07T21:05:41.469Z,55.523,2,67.27,345,0,0,,,,
powertraces-pt200array_pt216_r5_7536312_80-d81f1038b4,2026-05-07T21:05:41.469Z,55.523,3,67.0,345,0,0,,,,
powertraces-pt200array_pt216_r5_7536312_80-d81f1038b4,2026-05-07T21:05:41.569Z,55.623,0,67.99,345,0,0,,,,
powertraces-pt200array_pt216_r5_7536312_80-d81f1038b4,2026-05-07T21:05:41.569Z,55.623,1,69.65,345,0,0,,,,
powertraces-pt200array_pt216_r5_7536312_80-d81f1038b4,2026-05-07T21:05:41.569Z,55.623,2,67.27,345,0,0,,,,
powertraces-pt200array_pt216_r5_7536312_80-d81f1038b4,2026-05-07T21:05:41.569Z,55.623,3,67.02,345,0,0,,,,
powertraces-pt200array_pt216_r5_7536312_80-d81f1038b4,2026-05-07T21:05:41.669Z,55.723,0,68.01,345,0,0,,,,
powertraces-pt200array_pt216_r5_7536312_80-d81f1038b4,2026-05-07T21:05:41.67Z,55.724,1,69.66,345,0,0,,,,
powertraces-pt200array_pt216_r5_7536312_80-d81f1038b4,2026-05-07T21:05:41.67Z,55.724,2,67.24,345,0,0,,,,
powertraces-pt200array_pt216_r5_7536312_80-d81f1038b4,2026-05-07T21:05:41.67Z,55.724,3,67.02,345,0,0,,,,
powertraces-pt200array_pt216_r5_7536312_80-d81f1038b4,2026-05-07T21:05:41.77Z,55.824,0,68.01,345,0,0,,,,
powertraces-pt200array_pt216_r5_7536312_80-d81f1038b4,2026-05-07T21:05:41.77Z,55.824,1,69.76,345,0,0,,,,
powertraces-pt200array_pt216_r5_7536312_80-d81f1038b4,2026-05-07T21:05:41.77Z,55.824,2,67.22,345,0,0,,,,
powertraces-pt200array_pt216_r5_7536312_80-d81f1038b4,2026-05-07T21:05:41.77Z,55.824,3,67.02,345,0,0,,,,
powertraces-pt200array_pt216_r5_7536312_80-d81f1038b4,2026-05-07T21:05:41.87Z,55.924,0,68.02,345,0,0,,,,
powertraces-pt200array_pt216_r5_7536312_80-d81f1038b4,2026-05-07T21:05:41.87Z,55.924,1,69.92,345,0,0,,,,
powertraces-pt200array_pt216_r5_7536312_80-d81f1038b4,2026-05-07T21:05:41.87Z,55.924,2,67.22,345,0,0,,,,
powertraces-pt200array_pt216_r5_7536312_80-d81f1038b4,2026-05-07T21:05:41.87Z,55.924,3,67.03,345,0,0,,,,
powertraces-pt200array_pt216_r5_7536312_80-d81f1038b4,2026-05-07T21:05:41.97Z,56.024,0,68.03,345,0,0,,,,
powertraces-pt200array_pt216_r5_7536312_80-d81f1038b4,2026-05-07T21:05:41.97Z,56.024,1,69.95,345,0,0,,,,
powertraces-pt200array_pt216_r5_7536312_80-d81f1038b4,2026-05-07T21:05:41.97Z,56.024,2,67.21,345,0,0,,,,
powertraces-pt200array_pt216_r5_7536312_80-d81f1038b4,2026-05-07T21:05:41.97Z,56.024,3,67.04,345,0,0,,,,
powertraces-pt200array_pt216_r5_7536312_80-d81f1038b4,2026-05-07T21:05:42.07Z,56.124,0,68.03,345,0,0,,,,
powertraces-pt200array_pt216_r5_7536312_80-d81f1038b4,2026-05-07T21:05:42.07Z,56.124,1,69.87,345,0,0,,,,
powertraces-pt200array_pt216_r5_7536312_80-d81f1038b4,2026-05-07T21:05:42.07Z,56.124,2,67.24,345,0,0,,,,
powertraces-pt200array_pt216_r5_7536312_80-d81f1038b4,2026-05-07T21:05:42.07Z,56.124,3,67.05,345,0,0,,,,
powertraces-pt200array_pt216_r5_7536312_80-d81f1038b4,2026-05-07T21:05:42.171Z,56.225,0,68.03,345,0,0,,,,
powertraces-pt200array_pt216_r5_7536312_80-d81f1038b4,2026-05-07T21:05:42.171Z,56.225,1,69.76,345,0,0,,,,
powertraces-pt200array_pt216_r5_7536312_80-d81f1038b4,2026-05-07T21:05:42.171Z,56.225,2,67.24,345,0,0,,,,
powertraces-pt200array_pt216_r5_7536312_80-d81f1038b4,2026-05-07T21:05:42.171Z,56.225,3,67.07,345,0,0,,,,
powertraces-pt200array_pt216_r5_7536312_80-d81f1038b4,2026-05-07T21:05:42.271Z,56.325,0,68.06,345,0,0,,,,
powertraces-pt200array_pt216_r5_7536312_80-d81f1038b4,2026-05-07T21:05:42.271Z,56.325,1,69.7,345,0,0,,,,
powertraces-pt200array_pt216_r5_7536312_80-d81f1038b4,2026-05-07T21:05:42.271Z,56.325,2,67.24,345,0,0,,,,
powertraces-pt200array_pt216_r5_7536312_80-d81f1038b4,2026-05-07T21:05:42.271Z,56.325,3,67.09,345,0,0,,,,
powertraces-pt200array_pt216_r5_7536312_80-d81f1038b4,2026-05-07T21:05:42.371Z,56.425,0,68.05,345,0,0,,,,
powertraces-pt200array_pt216_r5_7536312_80-d81f1038b4,2026-05-07T21:05:42.371Z,56.425,1,69.7,345,0,0,,,,
powertraces-pt200array_pt216_r5_7536312_80-d81f1038b4,2026-05-07T21:05:42.371Z,56.425,2,67.22,345,0,0,,,,
powertraces-pt200array_pt216_r5_7536312_80-d81f1038b4,2026-05-07T21:05:42.371Z,56.425,3,67.08,345,0,0,,,,
powertraces-pt200array_pt216_r5_7536312_80-d81f1038b4,2026-05-07T21:05:42.471Z,56.525,0,68.03,345,0,0,,,,
powertraces-pt200array_pt216_r5_7536312_80-d81f1038b4,2026-05-07T21:05:42.471Z,56.525,1,69.86,345,0,0,,,,
powertraces-pt200array_pt216_r5_7536312_80-d81f1038b4,2026-05-07T21:05:42.471Z,56.525,2,67.22,345,0,0,,,,
powertraces-pt200array_pt216_r5_7536312_80-d81f1038b4,2026-05-07T21:05:42.471Z,56.525,3,67.07,345,0,0,,,,
powertraces-pt200array_pt216_r5_7536312_80-d81f1038b4,2026-05-07T21:05:42.571Z,56.625,0,68.05,345,0,0,,,,
powertraces-pt200array_pt216_r5_7536312_80-d81f1038b4,2026-05-07T21:05:42.571Z,56.625,1,69.94,345,0,0,,,,
powertraces-pt200array_pt216_r5_7536312_80-d81f1038b4,2026-05-07T21:05:42.571Z,56.625,2,67.22,345,0,0,,,,
powertraces-pt200array_pt216_r5_7536312_80-d81f1038b4,2026-05-07T21:05:42.571Z,56.625,3,67.05,345,0,0,,,,
powertraces-pt200array_pt216_r5_7536312_80-d81f1038b4,2026-05-07T21:05:42.672Z,56.726,0,68.05,345,0,0,,,,
powertraces-pt200array_pt216_r5_7536312_80-d81f1038b4,2026-05-07T21:05:42.672Z,56.726,1,69.94,345,0,0,,,,
powertraces-pt200array_pt216_r5_7536312_80-d81f1038b4,2026-05-07T21:05:42.672Z,56.726,2,67.22,345,0,0,,,,
powertraces-pt200array_pt216_r5_7536312_80-d81f1038b4,2026-05-07T21:05:42.672Z,56.726,3,67.05,345,0,0,,,,
powertraces-pt200array_pt216_r5_7536312_80-d81f1038b4,2026-05-07T21:05:42.772Z,56.826,0,68.06,345,0,0,,,,
powertraces-pt200array_pt216_r5_7536312_80-d81f1038b4,2026-05-07T21:05:42.772Z,56.826,1,69.8,345,0,0,,,,
powertraces-pt200array_pt216_r5_7536312_80-d81f1038b4,2026-05-07T21:05:42.772Z,56.826,2,67.22,345,0,0,,,,
powertraces-pt200array_pt216_r5_7536312_80-d81f1038b4,2026-05-07T21:05:42.772Z,56.826,3,67.05,345,0,0,,,,
powertraces-pt200array_pt216_r5_7536312_80-d81f1038b4,2026-05-07T21:05:42.872Z,56.926,0,68.05,345,0,0,,,,
powertraces-pt200array_pt216_r5_7536312_80-d81f1038b4,2026-05-07T21:05:42.872Z,56.926,1,69.7,345,0,0,,,,
powertraces-pt200array_pt216_r5_7536312_80-d81f1038b4,2026-05-07T21:05:42.872Z,56.926,2,67.25,345,0,0,,,,
powertraces-pt200array_pt216_r5_7536312_80-d81f1038b4,2026-05-07T21:05:42.872Z,56.926,3,67.03,345,0,0,,,,
powertraces-pt200array_pt216_r5_7536312_80-d81f1038b4,2026-05-07T21:05:42.972Z,57.026,0,68.06,345,0,0,,,,
powertraces-pt200array_pt216_r5_7536312_80-d81f1038b4,2026-05-07T21:05:42.972Z,57.026,1,69.67,345,0,0,,,,
powertraces-pt200array_pt216_r5_7536312_80-d81f1038b4,2026-05-07T21:05:42.972Z,57.026,2,67.26,345,0,0,,,,
powertraces-pt200array_pt216_r5_7536312_80-d81f1038b4,2026-05-07T21:05:42.972Z,57.026,3,67.0,345,0,0,,,,
powertraces-pt200array_pt216_r5_7536312_80-d81f1038b4,2026-05-07T21:05:43.072Z,57.126,0,68.05,345,0,0,,,,
powertraces-pt200array_pt216_r5_7536312_80-d81f1038b4,2026-05-07T21:05:43.073Z,57.127,1,69.8,345,0,0,,,,
powertraces-pt200array_pt216_r5_7536312_80-d81f1038b4,2026-05-07T21:05:43.073Z,57.127,2,67.28,345,0,0,,,,
powertraces-pt200array_pt216_r5_7536312_80-d81f1038b4,2026-05-07T21:05:43.073Z,57.127,3,67.01,345,0,0,,,,
powertraces-pt200array_pt216_r5_7536312_80-d81f1038b4,2026-05-07T21:05:43.173Z,57.227,0,68.05,345,0,0,,,,
powertraces-pt200array_pt216_r5_7536312_80-d81f1038b4,2026-05-07T21:05:43.173Z,57.227,1,69.9,345,0,0,,,,
powertraces-pt200array_pt216_r5_7536312_80-d81f1038b4,2026-05-07T21:05:43.173Z,57.227,2,67.28,345,0,0,,,,
powertraces-pt200array_pt216_r5_7536312_80-d81f1038b4,2026-05-07T21:05:43.173Z,57.227,3,66.99,345,0,0,,,,
powertraces-pt200array_pt216_r5_7536312_80-d81f1038b4,2026-05-07T21:05:43.273Z,57.327,0,68.04,345,0,0,,,,
powertraces-pt200array_pt216_r5_7536312_80-d81f1038b4,2026-05-07T21:05:43.273Z,57.327,1,69.96,345,0,0,,,,
powertraces-pt200array_pt216_r5_7536312_80-d81f1038b4,2026-05-07T21:05:43.273Z,57.327,2,67.3,345,0,0,,,,
powertraces-pt200array_pt216_r5_7536312_80-d81f1038b4,2026-05-07T21:05:43.273Z,57.327,3,67.0,345,0,0,,,,
powertraces-pt200array_pt216_r5_7536312_80-d81f1038b4,2026-05-07T21:05:43.373Z,57.427,0,68.04,345,0,0,,,,
powertraces-pt200array_pt216_r5_7536312_80-d81f1038b4,2026-05-07T21:05:43.373Z,57.427,1,69.97,345,0,0,,,,
powertraces-pt200array_pt216_r5_7536312_80-d81f1038b4,2026-05-07T21:05:43.373Z,57.427,2,67.31,345,0,0,,,,
powertraces-pt200array_pt216_r5_7536312_80-d81f1038b4,2026-05-07T21:05:43.373Z,57.427,3,67.0,345,0,0,,,,
powertraces-pt200array_pt216_r5_7536312_80-d81f1038b4,2026-05-07T21:05:43.473Z,57.527,0,68.04,345,0,0,,,,
powertraces-pt200array_pt216_r5_7536312_80-d81f1038b4,2026-05-07T21:05:43.473Z,57.527,1,69.84,345,0,0,,,,
powertraces-pt200array_pt216_r5_7536312_80-d81f1038b4,2026-05-07T21:05:43.473Z,57.527,2,67.32,345,0,0,,,,
powertraces-pt200array_pt216_r5_7536312_80-d81f1038b4,2026-05-07T21:05:43.473Z,57.527,3,67.0,345,0,0,,,,
powertraces-pt200array_pt216_r5_7536312_80-d81f1038b4,2026-05-07T21:05:43.573Z,57.627,0,68.03,345,0,0,,,,
powertraces-pt200array_pt216_r5_7536312_80-d81f1038b4,2026-05-07T21:05:43.574Z,57.628,1,69.77,345,0,0,,,,
powertraces-pt200array_pt216_r5_7536312_80-d81f1038b4,2026-05-07T21:05:43.574Z,57.628,2,67.33,345,0,0,,,,
powertraces-pt200array_pt216_r5_7536312_80-d81f1038b4,2026-05-07T21:05:43.574Z,57.628,3,67.04,345,0,0,,,,
powertraces-pt200array_pt216_r5_7536312_80-d81f1038b4,2026-05-07T21:05:43.674Z,57.728,0,68.03,345,0,0,,,,
powertraces-pt200array_pt216_r5_7536312_80-d81f1038b4,2026-05-07T21:05:43.674Z,57.728,1,69.8,345,0,0,,,,
powertraces-pt200array_pt216_r5_7536312_80-d81f1038b4,2026-05-07T21:05:43.674Z,57.728,2,67.36,345,0,0,,,,
powertraces-pt200array_pt216_r5_7536312_80-d81f1038b4,2026-05-07T21:05:43.674Z,57.728,3,67.06,345,0,0,,,,
powertraces-pt200array_pt216_r5_7536312_80-d81f1038b4,2026-05-07T21:05:43.774Z,57.828,0,68.03,345,0,0,,,,
powertraces-pt200array_pt216_r5_7536312_80-d81f1038b4,2026-05-07T21:05:43.774Z,57.828,1,69.9,345,0,0,,,,
powertraces-pt200array_pt216_r5_7536312_80-d81f1038b4,2026-05-07T21:05:43.774Z,57.828,2,67.34,345,0,0,,,,
powertraces-pt200array_pt216_r5_7536312_80-d81f1038b4,2026-05-07T21:05:43.774Z,57.828,3,67.09,345,0,0,,,,
powertraces-pt200array_pt216_r5_7536312_80-d81f1038b4,2026-05-07T21:05:43.874Z,57.928,0,68.02,345,0,0,,,,
powertraces-pt200array_pt216_r5_7536312_80-d81f1038b4,2026-05-07T21:05:43.874Z,57.928,1,69.97,345,0,0,,,,
powertraces-pt200array_pt216_r5_7536312_80-d81f1038b4,2026-05-07T21:05:43.874Z,57.928,2,67.33,345,0,0,,,,
powertraces-pt200array_pt216_r5_7536312_80-d81f1038b4,2026-05-07T21:05:43.874Z,57.928,3,67.09,345,0,0,,,,
powertraces-pt200array_pt216_r5_7536312_80-d81f1038b4,2026-05-07T21:05:43.974Z,58.028,0,68.01,345,0,0,,,,
powertraces-pt200array_pt216_r5_7536312_80-d81f1038b4,2026-05-07T21:05:43.974Z,58.028,1,69.98,345,0,0,,,,
powertraces-pt200array_pt216_r5_7536312_80-d81f1038b4,2026-05-07T21:05:43.974Z,58.028,2,67.33,345,0,0,,,,
powertraces-pt200array_pt216_r5_7536312_80-d81f1038b4,2026-05-07T21:05:43.974Z,58.028,3,67.12,345,0,0,,,,
powertraces-pt200array_pt216_r5_7536312_80-d81f1038b4,2026-05-07T21:05:44.075Z,58.129,0,68.02,345,0,0,,,,
powertraces-pt200array_pt216_r5_7536312_80-d81f1038b4,2026-05-07T21:05:44.075Z,58.129,1,69.83,345,0,0,,,,
powertraces-pt200array_pt216_r5_7536312_80-d81f1038b4,2026-05-07T21:05:44.075Z,58.129,2,67.32,345,0,0,,,,
powertraces-pt200array_pt216_r5_7536312_80-d81f1038b4,2026-05-07T21:05:44.075Z,58.129,3,67.11,345,0,0,,,,
powertraces-pt200array_pt216_r5_7536312_80-d81f1038b4,2026-05-07T21:05:44.175Z,58.229,0,67.98,345,0,0,,,,
powertraces-pt200array_pt216_r5_7536312_80-d81f1038b4,2026-05-07T21:05:44.175Z,58.229,1,69.72,345,0,0,,,,
powertraces-pt200array_pt216_r5_7536312_80-d81f1038b4,2026-05-07T21:05:44.175Z,58.229,2,67.31,345,0,0,,,,
powertraces-pt200array_pt216_r5_7536312_80-d81f1038b4,2026-05-07T21:05:44.175Z,58.229,3,67.09,345,0,0,,,,
powertraces-pt200array_pt216_r5_7536312_80-d81f1038b4,2026-05-07T21:05:44.275Z,58.329,0,67.96,345,0,0,,,,
powertraces-pt200array_pt216_r5_7536312_80-d81f1038b4,2026-05-07T21:05:44.275Z,58.329,1,69.68,345,0,0,,,,
powertraces-pt200array_pt216_r5_7536312_80-d81f1038b4,2026-05-07T21:05:44.275Z,58.329,2,67.29,345,0,0,,,,
powertraces-pt200array_pt216_r5_7536312_80-d81f1038b4,2026-05-07T21:05:44.275Z,58.329,3,67.09,345,0,0,,,,
powertraces-pt200array_pt216_r5_7536312_80-d81f1038b4,2026-05-07T21:05:44.375Z,58.429,0,67.97,345,0,0,,,,
powertraces-pt200array_pt216_r5_7536312_80-d81f1038b4,2026-05-07T21:05:44.375Z,58.429,1,69.68,345,0,0,,,,
powertraces-pt200array_pt216_r5_7536312_80-d81f1038b4,2026-05-07T21:05:44.375Z,58.429,2,67.28,345,0,0,,,,
powertraces-pt200array_pt216_r5_7536312_80-d81f1038b4,2026-05-07T21:05:44.375Z,58.429,3,67.1,345,0,0,,,,
powertraces-pt200array_pt216_r5_7536312_80-d81f1038b4,2026-05-07T21:05:44.475Z,58.529,0,67.99,345,0,0,,,,
powertraces-pt200array_pt216_r5_7536312_80-d81f1038b4,2026-05-07T21:05:44.475Z,58.529,1,69.78,345,0,0,,,,
powertraces-pt200array_pt216_r5_7536312_80-d81f1038b4,2026-05-07T21:05:44.475Z,58.529,2,67.29,345,0,0,,,,
powertraces-pt200array_pt216_r5_7536312_80-d81f1038b4,2026-05-07T21:05:44.475Z,58.529,3,67.1,345,0,0,,,,
powertraces-pt200array_pt216_r5_7536312_80-d81f1038b4,2026-05-07T21:05:44.576Z,58.63,0,68.01,345,0,0,,,,
powertraces-pt200array_pt216_r5_7536312_80-d81f1038b4,2026-05-07T21:05:44.576Z,58.63,1,69.85,345,0,0,,,,
powertraces-pt200array_pt216_r5_7536312_80-d81f1038b4,2026-05-07T21:05:44.576Z,58.63,2,67.3,345,0,0,,,,
powertraces-pt200array_pt216_r5_7536312_80-d81f1038b4,2026-05-07T21:05:44.576Z,58.63,3,67.08,345,0,0,,,,
powertraces-pt200array_pt216_r5_7536312_80-d81f1038b4,2026-05-07T21:05:44.676Z,58.73,0,68.0,345,0,0,,,,
powertraces-pt200array_pt216_r5_7536312_80-d81f1038b4,2026-05-07T21:05:44.676Z,58.73,1,69.84,345,0,0,,,,
powertraces-pt200array_pt216_r5_7536312_80-d81f1038b4,2026-05-07T21:05:44.676Z,58.73,2,67.26,345,0,0,,,,
powertraces-pt200array_pt216_r5_7536312_80-d81f1038b4,2026-05-07T21:05:44.676Z,58.73,3,67.06,345,0,0,,,,
powertraces-pt200array_pt216_r5_7536312_80-d81f1038b4,2026-05-07T21:05:44.776Z,58.83,0,68.01,345,0,0,,,,
powertraces-pt200array_pt216_r5_7536312_80-d81f1038b4,2026-05-07T21:05:44.776Z,58.83,1,69.75,345,0,0,,,,
powertraces-pt200array_pt216_r5_7536312_80-d81f1038b4,2026-05-07T21:05:44.776Z,58.83,2,67.27,345,0,0,,,,
powertraces-pt200array_pt216_r5_7536312_80-d81f1038b4,2026-05-07T21:05:44.776Z,58.83,3,67.05,345,0,0,,,,
powertraces-pt200array_pt216_r5_7536312_80-d81f1038b4,2026-05-07T21:05:44.876Z,58.93,0,68.03,345,0,0,,,,
powertraces-pt200array_pt216_r5_7536312_80-d81f1038b4,2026-05-07T21:05:44.876Z,58.93,1,69.66,345,0,0,,,,
powertraces-pt200array_pt216_r5_7536312_80-d81f1038b4,2026-05-07T21:05:44.876Z,58.93,2,67.25,345,0,0,,,,
powertraces-pt200array_pt216_r5_7536312_80-d81f1038b4,2026-05-07T21:05:44.876Z,58.93,3,67.06,345,0,0,,,,
powertraces-pt200array_pt216_r5_7536312_80-d81f1038b4,2026-05-07T21:05:44.976Z,59.03,0,68.03,345,0,0,,,,
powertraces-pt200array_pt216_r5_7536312_80-d81f1038b4,2026-05-07T21:05:44.976Z,59.03,1,69.62,345,0,0,,,,
powertraces-pt200array_pt216_r5_7536312_80-d81f1038b4,2026-05-07T21:05:44.976Z,59.03,2,67.24,345,0,0,,,,
powertraces-pt200array_pt216_r5_7536312_80-d81f1038b4,2026-05-07T21:05:44.976Z,59.03,3,67.04,345,0,0,,,,
powertraces-pt200array_pt216_r5_7536312_80-d81f1038b4,2026-05-07T21:05:45.077Z,59.131,0,68.02,345,0,0,,,,
powertraces-pt200array_pt216_r5_7536312_80-d81f1038b4,2026-05-07T21:05:45.077Z,59.131,1,69.69,345,0,0,,,,
powertraces-pt200array_pt216_r5_7536312_80-d81f1038b4,2026-05-07T21:05:45.077Z,59.131,2,67.26,345,0,0,,,,
powertraces-pt200array_pt216_r5_7536312_80-d81f1038b4,2026-05-07T21:05:45.077Z,59.131,3,67.03,345,0,0,,,,
powertraces-pt200array_pt216_r5_7536312_80-d81f1038b4,2026-05-07T21:05:45.177Z,59.231,0,68.04,345,0,0,,,,
powertraces-pt200array_pt216_r5_7536312_80-d81f1038b4,2026-05-07T21:05:45.177Z,59.231,1,69.81,345,0,0,,,,
powertraces-pt200array_pt216_r5_7536312_80-d81f1038b4,2026-05-07T21:05:45.177Z,59.231,2,67.26,345,0,0,,,,
powertraces-pt200array_pt216_r5_7536312_80-d81f1038b4,2026-05-07T21:05:45.177Z,59.231,3,67.04,345,0,0,,,,
powertraces-pt200array_pt216_r5_7536312_80-d81f1038b4,2026-05-07T21:05:45.277Z,59.331,0,68.06,345,0,0,,,,
powertraces-pt200array_pt216_r5_7536312_80-d81f1038b4,2026-05-07T21:05:45.277Z,59.331,1,69.88,345,0,0,,,,
powertraces-pt200array_pt216_r5_7536312_80-d81f1038b4,2026-05-07T21:05:45.277Z,59.331,2,67.25,345,0,0,,,,
powertraces-pt200array_pt216_r5_7536312_80-d81f1038b4,2026-05-07T21:05:45.277Z,59.331,3,67.05,345,0,0,,,,
powertraces-pt200array_pt216_r5_7536312_80-d81f1038b4,2026-05-07T21:05:45.377Z,59.431,0,68.04,345,0,0,,,,
powertraces-pt200array_pt216_r5_7536312_80-d81f1038b4,2026-05-07T21:05:45.377Z,59.431,1,69.86,345,0,0,,,,
powertraces-pt200array_pt216_r5_7536312_80-d81f1038b4,2026-05-07T21:05:45.377Z,59.431,2,67.25,345,0,0,,,,
powertraces-pt200array_pt216_r5_7536312_80-d81f1038b4,2026-05-07T21:05:45.377Z,59.431,3,67.06,345,0,0,,,,
powertraces-pt200array_pt216_r5_7536312_80-d81f1038b4,2026-05-07T21:05:45.477Z,59.531,0,68.03,345,0,0,,,,
powertraces-pt200array_pt216_r5_7536312_80-d81f1038b4,2026-05-07T21:05:45.477Z,59.531,1,69.77,345,0,0,,,,
powertraces-pt200array_pt216_r5_7536312_80-d81f1038b4,2026-05-07T21:05:45.477Z,59.531,2,67.25,345,0,0,,,,
powertraces-pt200array_pt216_r5_7536312_80-d81f1038b4,2026-05-07T21:05:45.478Z,59.532,3,67.05,345,0,0,,,,
powertraces-pt200array_pt216_r5_7536312_80-d81f1038b4,2026-05-07T21:05:45.578Z,59.632,0,68.01,345,0,0,,,,
powertraces-pt200array_pt216_r5_7536312_80-d81f1038b4,2026-05-07T21:05:45.578Z,59.632,1,69.67,345,0,0,,,,
powertraces-pt200array_pt216_r5_7536312_80-d81f1038b4,2026-05-07T21:05:45.578Z,59.632,2,67.25,345,0,0,,,,
powertraces-pt200array_pt216_r5_7536312_80-d81f1038b4,2026-05-07T21:05:45.578Z,59.632,3,67.04,345,0,0,,,,
powertraces-pt200array_pt216_r5_7536312_80-d81f1038b4,2026-05-07T21:05:45.678Z,59.732,0,68.02,345,0,0,,,,
powertraces-pt200array_pt216_r5_7536312_80-d81f1038b4,2026-05-07T21:05:45.678Z,59.732,1,69.64,345,0,0,,,,
powertraces-pt200array_pt216_r5_7536312_80-d81f1038b4,2026-05-07T21:05:45.678Z,59.732,2,67.26,345,0,0,,,,
powertraces-pt200array_pt216_r5_7536312_80-d81f1038b4,2026-05-07T21:05:45.678Z,59.732,3,67.06,345,0,0,,,,
powertraces-pt200array_pt216_r5_7536312_80-d81f1038b4,2026-05-07T21:05:45.778Z,59.832,0,68.01,345,0,0,,,,
powertraces-pt200array_pt216_r5_7536312_80-d81f1038b4,2026-05-07T21:05:45.778Z,59.832,1,69.68,345,0,0,,,,
powertraces-pt200array_pt216_r5_7536312_80-d81f1038b4,2026-05-07T21:05:45.778Z,59.832,2,67.25,345,0,0,,,,
powertraces-pt200array_pt216_r5_7536312_80-d81f1038b4,2026-05-07T21:05:45.778Z,59.832,3,67.04,345,0,0,,,,
powertraces-pt200array_pt216_r5_7536312_80-d81f1038b4,2026-05-07T21:05:45.878Z,59.932,0,68.0,345,0,0,,,,
powertraces-pt200array_pt216_r5_7536312_80-d81f1038b4,2026-05-07T21:05:45.878Z,59.932,1,69.8,345,0,0,,,,
powertraces-pt200array_pt216_r5_7536312_80-d81f1038b4,2026-05-07T21:05:45.878Z,59.932,2,67.25,345,0,0,,,,
powertraces-pt200array_pt216_r5_7536312_80-d81f1038b4,2026-05-07T21:05:45.878Z,59.932,3,67.02,345,0,0,,,,
powertraces-pt200array_pt216_r5_7536312_80-d81f1038b4,2026-05-07T21:05:45.978Z,60.032,0,68.0,345,0,0,,,,
powertraces-pt200array_pt216_r5_7536312_80-d81f1038b4,2026-05-07T21:05:45.979Z,60.033,1,69.85,345,0,0,,,,
powertraces-pt200array_pt216_r5_7536312_80-d81f1038b4,2026-05-07T21:05:45.979Z,60.033,2,67.28,345,0,0,,,,
powertraces-pt200array_pt216_r5_7536312_80-d81f1038b4,2026-05-07T21:05:45.979Z,60.033,3,67.03,345,0,0,,,,
powertraces-pt200array_pt216_r5_7536312_80-d81f1038b4,2026-05-07T21:05:46.079Z,60.133,0,68.0,345,0,0,,,,
powertraces-pt200array_pt216_r5_7536312_80-d81f1038b4,2026-05-07T21:05:46.079Z,60.133,1,69.79,345,0,0,,,,
powertraces-pt200array_pt216_r5_7536312_80-d81f1038b4,2026-05-07T21:05:46.079Z,60.133,2,67.28,345,0,0,,,,
powertraces-pt200array_pt216_r5_7536312_80-d81f1038b4,2026-05-07T21:05:46.079Z,60.133,3,67.04,345,0,0,,,,
powertraces-pt200array_pt216_r5_7536312_80-d81f1038b4,2026-05-07T21:05:46.179Z,60.233,0,68.0,345,0,0,,,,
powertraces-pt200array_pt216_r5_7536312_80-d81f1038b4,2026-05-07T21:05:46.179Z,60.233,1,69.7,345,0,0,,,,
powertraces-pt200array_pt216_r5_7536312_80-d81f1038b4,2026-05-07T21:05:46.179Z,60.233,2,67.27,345,0,0,,,,
powertraces-pt200array_pt216_r5_7536312_80-d81f1038b4,2026-05-07T21:05:46.179Z,60.233,3,67.04,345,0,0,,,,
powertraces-pt200array_pt216_r5_7536312_80-d81f1038b4,2026-05-07T21:05:46.279Z,60.333,0,71.83,1980,0,0,,,,
powertraces-pt200array_pt216_r5_7536312_80-d81f1038b4,2026-05-07T21:05:46.279Z,60.333,1,69.54,345,0,0,,,,
powertraces-pt200array_pt216_r5_7536312_80-d81f1038b4,2026-05-07T21:05:46.279Z,60.333,2,67.27,345,0,0,,,,
powertraces-pt200array_pt216_r5_7536312_80-d81f1038b4,2026-05-07T21:05:46.279Z,60.333,3,67.04,345,0,0,,,,
powertraces-pt200array_pt216_r5_7536312_80-d81f1038b4,2026-05-07T21:05:46.379Z,60.433,0,76.51,1980,2,0,,,,
powertraces-pt200array_pt216_r5_7536312_80-d81f1038b4,2026-05-07T21:05:46.379Z,60.433,1,70.16,1980,0,0,,,,
powertraces-pt200array_pt216_r5_7536312_80-d81f1038b4,2026-05-07T21:05:46.379Z,60.433,2,67.25,345,0,0,,,,
powertraces-pt200array_pt216_r5_7536312_80-d81f1038b4,2026-05-07T21:05:46.379Z,60.433,3,67.0,345,0,0,,,,
powertraces-pt200array_pt216_r5_7536312_80-d81f1038b4,2026-05-07T21:05:46.479Z,60.533,0,80.74,1980,2,0,,,,
powertraces-pt200array_pt216_r5_7536312_80-d81f1038b4,2026-05-07T21:05:46.48Z,60.534,1,74.71,1980,0,0,,,,
powertraces-pt200array_pt216_r5_7536312_80-d81f1038b4,2026-05-07T21:05:46.48Z,60.534,2,67.26,345,0,0,,,,
powertraces-pt200array_pt216_r5_7536312_80-d81f1038b4,2026-05-07T21:05:46.48Z,60.534,3,67.01,345,0,0,,,,
powertraces-pt200array_pt216_r5_7536312_80-d81f1038b4,2026-05-07T21:05:46.58Z,60.634,0,85.47,1980,0,0,,,,
powertraces-pt200array_pt216_r5_7536312_80-d81f1038b4,2026-05-07T21:05:46.58Z,60.634,1,79.23,1980,0,0,,,,
powertraces-pt200array_pt216_r5_7536312_80-d81f1038b4,2026-05-07T21:05:46.58Z,60.634,2,69.55,1980,0,0,,,,
powertraces-pt200array_pt216_r5_7536312_80-d81f1038b4,2026-05-07T21:05:46.58Z,60.634,3,67.03,345,0,0,,,,
powertraces-pt200array_pt216_r5_7536312_80-d81f1038b4,2026-05-07T21:05:46.68Z,60.734,0,89.48,1980,0,0,,,,
powertraces-pt200array_pt216_r5_7536312_80-d81f1038b4,2026-05-07T21:05:46.68Z,60.734,1,83.25,1980,0,0,,,,
powertraces-pt200array_pt216_r5_7536312_80-d81f1038b4,2026-05-07T21:05:46.68Z,60.734,2,74.1,1980,0,0,,,,
powertraces-pt200array_pt216_r5_7536312_80-d81f1038b4,2026-05-07T21:05:46.68Z,60.734,3,67.02,345,0,0,,,,
powertraces-pt200array_pt216_r5_7536312_80-d81f1038b4,2026-05-07T21:05:46.78Z,60.834,0,94.35,1980,0,0,,,,
powertraces-pt200array_pt216_r5_7536312_80-d81f1038b4,2026-05-07T21:05:46.78Z,60.834,1,87.32,1980,0,0,,,,
powertraces-pt200array_pt216_r5_7536312_80-d81f1038b4,2026-05-07T21:05:46.78Z,60.834,2,78.34,1980,3,0,,,,
powertraces-pt200array_pt216_r5_7536312_80-d81f1038b4,2026-05-07T21:05:46.78Z,60.834,3,68.4,1980,0,0,,,,
powertraces-pt200array_pt216_r5_7536312_80-d81f1038b4,2026-05-07T21:05:46.88Z,60.934,0,98.85,1980,0,0,,,,
powertraces-pt200array_pt216_r5_7536312_80-d81f1038b4,2026-05-07T21:05:46.88Z,60.934,1,91.8,1980,0,0,,,,
powertraces-pt200array_pt216_r5_7536312_80-d81f1038b4,2026-05-07T21:05:46.88Z,60.934,2,82.61,1980,3,0,,,,
powertraces-pt200array_pt216_r5_7536312_80-d81f1038b4,2026-05-07T21:05:46.88Z,60.934,3,73.16,1980,0,0,,,,
powertraces-pt200array_pt216_r5_7536312_80-d81f1038b4,2026-05-07T21:05:46.98Z,61.034,0,103.28,1980,0,0,,,,
powertraces-pt200array_pt216_r5_7536312_80-d81f1038b4,2026-05-07T21:05:46.98Z,61.034,1,95.45,1980,0,0,,,,
powertraces-pt200array_pt216_r5_7536312_80-d81f1038b4,2026-05-07T21:05:46.98Z,61.034,2,86.87,1980,0,0,,,,
powertraces-pt200array_pt216_r5_7536312_80-d81f1038b4,2026-05-07T21:05:46.981Z,61.035,3,77.35,1980,0,0,,,,
powertraces-pt200array_pt216_r5_7536312_80-d81f1038b4,2026-05-07T21:05:47.081Z,61.135,0,107.06,1980,0,0,,,,
powertraces-pt200array_pt216_r5_7536312_80-d81f1038b4,2026-05-07T21:05:47.081Z,61.135,1,99.63,1980,0,0,,,,
powertraces-pt200array_pt216_r5_7536312_80-d81f1038b4,2026-05-07T21:05:47.081Z,61.135,2,91.17,1980,0,0,,,,
powertraces-pt200array_pt216_r5_7536312_80-d81f1038b4,2026-05-07T21:05:47.081Z,61.135,3,81.63,1980,0,0,,,,
powertraces-pt200array_pt216_r5_7536312_80-d81f1038b4,2026-05-07T21:05:47.181Z,61.235,0,112.59,1980,1,0,,,,
powertraces-pt200array_pt216_r5_7536312_80-d81f1038b4,2026-05-07T21:05:47.181Z,61.235,1,103.92,1980,0,0,,,,
powertraces-pt200array_pt216_r5_7536312_80-d81f1038b4,2026-05-07T21:05:47.181Z,61.235,2,95.4,1980,0,0,,,,
powertraces-pt200array_pt216_r5_7536312_80-d81f1038b4,2026-05-07T21:05:47.181Z,61.235,3,85.94,1980,0,0,,,,
powertraces-pt200array_pt216_r5_7536312_80-d81f1038b4,2026-05-07T21:05:47.281Z,61.335,0,113.74,1980,1,0,,,,
powertraces-pt200array_pt216_r5_7536312_80-d81f1038b4,2026-05-07T21:05:47.281Z,61.335,1,108.23,1980,0,0,,,,
powertraces-pt200array_pt216_r5_7536312_80-d81f1038b4,2026-05-07T21:05:47.281Z,61.335,2,99.68,1980,0,0,,,,
powertraces-pt200array_pt216_r5_7536312_80-d81f1038b4,2026-05-07T21:05:47.281Z,61.335,3,90.27,1980,0,0,,,,
powertraces-pt200array_pt216_r5_7536312_80-d81f1038b4,2026-05-07T21:05:47.381Z,61.435,0,113.64,1980,7,0,,,,
powertraces-pt200array_pt216_r5_7536312_80-d81f1038b4,2026-05-07T21:05:47.381Z,61.435,1,112.64,1980,0,0,,,,
powertraces-pt200array_pt216_r5_7536312_80-d81f1038b4,2026-05-07T21:05:47.381Z,61.435,2,104.68,1980,0,0,,,,
powertraces-pt200array_pt216_r5_7536312_80-d81f1038b4,2026-05-07T21:05:47.381Z,61.435,3,94.59,1980,0,0,,,,
powertraces-pt200array_pt216_r5_7536312_80-d81f1038b4,2026-05-07T21:05:47.481Z,61.535,0,114.23,1980,7,0,,,,
powertraces-pt200array_pt216_r5_7536312_80-d81f1038b4,2026-05-07T21:05:47.481Z,61.535,1,112.25,1980,0,0,,,,
powertraces-pt200array_pt216_r5_7536312_80-d81f1038b4,2026-05-07T21:05:47.481Z,61.535,2,108.23,1980,0,0,,,,
powertraces-pt200array_pt216_r5_7536312_80-d81f1038b4,2026-05-07T21:05:47.481Z,61.535,3,99.51,1980,0,0,,,,
powertraces-pt200array_pt216_r5_7536312_80-d81f1038b4,2026-05-07T21:05:47.581Z,61.635,0,114.29,1980,8,0,,,,
powertraces-pt200array_pt216_r5_7536312_80-d81f1038b4,2026-05-07T21:05:47.582Z,61.636,1,112.07,1980,0,0,,,,
powertraces-pt200array_pt216_r5_7536312_80-d81f1038b4,2026-05-07T21:05:47.582Z,61.636,2,111.07,1980,0,0,,,,
powertraces-pt200array_pt216_r5_7536312_80-d81f1038b4,2026-05-07T21:05:47.582Z,61.636,3,103.18,1980,1,0,,,,
powertraces-pt200array_pt216_r5_7536312_80-d81f1038b4,2026-05-07T21:05:47.682Z,61.736,0,114.43,1980,8,0,,,,
powertraces-pt200array_pt216_r5_7536312_80-d81f1038b4,2026-05-07T21:05:47.682Z,61.736,1,112.07,1980,0,0,,,,
powertraces-pt200array_pt216_r5_7536312_80-d81f1038b4,2026-05-07T21:05:47.682Z,61.736,2,110.8,1980,0,0,,,,
powertraces-pt200array_pt216_r5_7536312_80-d81f1038b4,2026-05-07T21:05:47.682Z,61.736,3,109.45,1980,1,0,,,,
powertraces-pt200array_pt216_r5_7536312_80-d81f1038b4,2026-05-07T21:05:47.782Z,61.836,0,114.79,1980,9,0,,,,
powertraces-pt200array_pt216_r5_7536312_80-d81f1038b4,2026-05-07T21:05:47.782Z,61.836,1,112.17,1980,0,0,,,,
powertraces-pt200array_pt216_r5_7536312_80-d81f1038b4,2026-05-07T21:05:47.782Z,61.836,2,110.8,1980,0,0,,,,
powertraces-pt200array_pt216_r5_7536312_80-d81f1038b4,2026-05-07T21:05:47.782Z,61.836,3,112.47,1980,0,0,,,,
powertraces-pt200array_pt216_r5_7536312_80-d81f1038b4,2026-05-07T21:05:47.882Z,61.936,0,114.94,1980,9,0,,,,
powertraces-pt200array_pt216_r5_7536312_80-d81f1038b4,2026-05-07T21:05:47.882Z,61.936,1,112.27,1980,0,0,,,,
powertraces-pt200array_pt216_r5_7536312_80-d81f1038b4,2026-05-07T21:05:47.882Z,61.936,2,110.78,1980,0,0,,,,
powertraces-pt200array_pt216_r5_7536312_80-d81f1038b4,2026-05-07T21:05:47.882Z,61.936,3,112.14,1980,0,0,,,,
powertraces-pt200array_pt216_r5_7536312_80-d81f1038b4,2026-05-07T21:05:47.982Z,62.036,0,115.22,1980,7,0,,,,
powertraces-pt200array_pt216_r5_7536312_80-d81f1038b4,2026-05-07T21:05:47.982Z,62.036,1,112.41,1980,0,0,,,,
powertraces-pt200array_pt216_r5_7536312_80-d81f1038b4,2026-05-07T21:05:47.982Z,62.036,2,110.82,1980,0,0,,,,
powertraces-pt200array_pt216_r5_7536312_80-d81f1038b4,2026-05-07T21:05:47.982Z,62.036,3,112.1,1980,0,0,,,,
powertraces-pt200array_pt216_r5_7536312_80-d81f1038b4,2026-05-07T21:05:48.082Z,62.136,0,115.49,1980,7,0,,,,
powertraces-pt200array_pt216_r5_7536312_80-d81f1038b4,2026-05-07T21:05:48.082Z,62.136,1,112.45,1980,1,0,,,,
powertraces-pt200array_pt216_r5_7536312_80-d81f1038b4,2026-05-07T21:05:48.082Z,62.136,2,110.86,1980,0,0,,,,
powertraces-pt200array_pt216_r5_7536312_80-d81f1038b4,2026-05-07T21:05:48.082Z,62.136,3,112.2,1980,0,0,,,,
powertraces-pt200array_pt216_r5_7536312_80-d81f1038b4,2026-05-07T21:05:48.183Z,62.237,0,115.24,1980,0,0,,,,
powertraces-pt200array_pt216_r5_7536312_80-d81f1038b4,2026-05-07T21:05:48.183Z,62.237,1,112.47,1980,1,0,,,,
powertraces-pt200array_pt216_r5_7536312_80-d81f1038b4,2026-05-07T21:05:48.183Z,62.237,2,110.89,1980,0,0,,,,
powertraces-pt200array_pt216_r5_7536312_80-d81f1038b4,2026-05-07T21:05:48.183Z,62.237,3,112.21,1980,0,0,,,,
powertraces-pt200array_pt216_r5_7536312_80-d81f1038b4,2026-05-07T21:05:48.283Z,62.337,0,114.89,1980,0,0,,,,
powertraces-pt200array_pt216_r5_7536312_80-d81f1038b4,2026-05-07T21:05:48.283Z,62.337,1,112.52,1980,2,0,,,,
powertraces-pt200array_pt216_r5_7536312_80-d81f1038b4,2026-05-07T21:05:48.283Z,62.337,2,110.89,1980,0,0,,,,
powertraces-pt200array_pt216_r5_7536312_80-d81f1038b4,2026-05-07T21:05:48.283Z,62.337,3,112.2,1980,0,0,,,,
powertraces-pt200array_pt216_r5_7536312_80-d81f1038b4,2026-05-07T21:05:48.383Z,62.437,0,114.84,1980,0,0,,,,
powertraces-pt200array_pt216_r5_7536312_80-d81f1038b4,2026-05-07T21:05:48.383Z,62.437,1,112.57,1980,2,0,,,,
powertraces-pt200array_pt216_r5_7536312_80-d81f1038b4,2026-05-07T21:05:48.383Z,62.437,2,110.89,1980,0,0,,,,
powertraces-pt200array_pt216_r5_7536312_80-d81f1038b4,2026-05-07T21:05:48.383Z,62.437,3,112.2,1980,0,0,,,,
powertraces-pt200array_pt216_r5_7536312_80-d81f1038b4,2026-05-07T21:05:48.483Z,62.537,0,114.17,1980,0,0,,,,
powertraces-pt200array_pt216_r5_7536312_80-d81f1038b4,2026-05-07T21:05:48.483Z,62.537,1,112.82,1980,5,0,,,,
powertraces-pt200array_pt216_r5_7536312_80-d81f1038b4,2026-05-07T21:05:48.483Z,62.537,2,110.92,1980,0,0,,,,
powertraces-pt200array_pt216_r5_7536312_80-d81f1038b4,2026-05-07T21:05:48.483Z,62.537,3,112.25,1980,0,0,,,,
powertraces-pt200array_pt216_r5_7536312_80-d81f1038b4,2026-05-07T21:05:48.583Z,62.637,0,114.09,1980,0,0,,,,
powertraces-pt200array_pt216_r5_7536312_80-d81f1038b4,2026-05-07T21:05:48.583Z,62.637,1,113.21,1980,5,0,,,,
powertraces-pt200array_pt216_r5_7536312_80-d81f1038b4,2026-05-07T21:05:48.583Z,62.637,2,110.94,1980,0,0,,,,
powertraces-pt200array_pt216_r5_7536312_80-d81f1038b4,2026-05-07T21:05:48.583Z,62.637,3,112.29,1980,0,0,,,,
powertraces-pt200array_pt216_r5_7536312_80-d81f1038b4,2026-05-07T21:05:48.683Z,62.737,0,114.01,1980,0,0,,,,
powertraces-pt200array_pt216_r5_7536312_80-d81f1038b4,2026-05-07T21:05:48.683Z,62.737,1,113.38,1980,5,0,,,,
powertraces-pt200array_pt216_r5_7536312_80-d81f1038b4,2026-05-07T21:05:48.683Z,62.737,2,110.95,1980,0,0,,,,
powertraces-pt200array_pt216_r5_7536312_80-d81f1038b4,2026-05-07T21:05:48.683Z,62.737,3,111.11,1980,0,0,,,,
powertraces-pt200array_pt216_r5_7536312_80-d81f1038b4,2026-05-07T21:05:48.784Z,62.838,0,113.57,1980,0,0,,,,
powertraces-pt200array_pt216_r5_7536312_80-d81f1038b4,2026-05-07T21:05:48.784Z,62.838,1,113.59,1980,5,0,,,,
powertraces-pt200array_pt216_r5_7536312_80-d81f1038b4,2026-05-07T21:05:48.784Z,62.838,2,110.93,1980,0,0,,,,
powertraces-pt200array_pt216_r5_7536312_80-d81f1038b4,2026-05-07T21:05:48.784Z,62.838,3,111.1,1980,0,0,,,,
powertraces-pt200array_pt216_r5_7536312_80-d81f1038b4,2026-05-07T21:05:48.884Z,62.938,0,113.43,1980,0,0,,,,
powertraces-pt200array_pt216_r5_7536312_80-d81f1038b4,2026-05-07T21:05:48.884Z,62.938,1,113.83,1980,8,0,,,,
powertraces-pt200array_pt216_r5_7536312_80-d81f1038b4,2026-05-07T21:05:48.884Z,62.938,2,110.95,1980,0,0,,,,
powertraces-pt200array_pt216_r5_7536312_80-d81f1038b4,2026-05-07T21:05:48.884Z,62.938,3,111.16,1980,0,0,,,,
powertraces-pt200array_pt216_r5_7536312_80-d81f1038b4,2026-05-07T21:05:48.984Z,63.038,0,113.21,1980,0,0,,,,
powertraces-pt200array_pt216_r5_7536312_80-d81f1038b4,2026-05-07T21:05:48.984Z,63.038,1,114.07,1980,8,0,,,,
powertraces-pt200array_pt216_r5_7536312_80-d81f1038b4,2026-05-07T21:05:48.984Z,63.038,2,110.97,1980,0,0,,,,
powertraces-pt200array_pt216_r5_7536312_80-d81f1038b4,2026-05-07T21:05:48.984Z,63.038,3,111.19,1980,0,0,,,,
powertraces-pt200array_pt216_r5_7536312_80-d81f1038b4,2026-05-07T21:05:49.084Z,63.138,0,112.91,1980,0,0,,,,
powertraces-pt200array_pt216_r5_7536312_80-d81f1038b4,2026-05-07T21:05:49.084Z,63.138,1,114.71,1980,4,0,,,,
powertraces-pt200array_pt216_r5_7536312_80-d81f1038b4,2026-05-07T21:05:49.084Z,63.138,2,110.94,1980,0,0,,,,
powertraces-pt200array_pt216_r5_7536312_80-d81f1038b4,2026-05-07T21:05:49.084Z,63.138,3,111.15,1980,0,0,,,,
powertraces-pt200array_pt216_r5_7536312_80-d81f1038b4,2026-05-07T21:05:49.184Z,63.238,0,112.92,1980,0,0,,,,
powertraces-pt200array_pt216_r5_7536312_80-d81f1038b4,2026-05-07T21:05:49.184Z,63.238,1,114.87,1980,4,0,,,,
powertraces-pt200array_pt216_r5_7536312_80-d81f1038b4,2026-05-07T21:05:49.184Z,63.238,2,110.94,1980,0,0,,,,
powertraces-pt200array_pt216_r5_7536312_80-d81f1038b4,2026-05-07T21:05:49.184Z,63.238,3,111.14,1980,0,0,,,,
powertraces-pt200array_pt216_r5_7536312_80-d81f1038b4,2026-05-07T21:05:49.284Z,63.338,0,112.77,1980,0,0,,,,
powertraces-pt200array_pt216_r5_7536312_80-d81f1038b4,2026-05-07T21:05:49.284Z,63.338,1,115.21,1980,2,0,,,,
powertraces-pt200array_pt216_r5_7536312_80-d81f1038b4,2026-05-07T21:05:49.284Z,63.338,2,110.92,1980,0,0,,,,
powertraces-pt200array_pt216_r5_7536312_80-d81f1038b4,2026-05-07T21:05:49.285Z,63.339,3,111.19,1980,0,0,,,,
powertraces-pt200array_pt216_r5_7536312_80-d81f1038b4,2026-05-07T21:05:49.385Z,63.439,0,112.74,1980,0,0,,,,
powertraces-pt200array_pt216_r5_7536312_80-d81f1038b4,2026-05-07T21:05:49.385Z,63.439,1,115.92,1980,2,0,,,,
powertraces-pt200array_pt216_r5_7536312_80-d81f1038b4,2026-05-07T21:05:49.385Z,63.439,2,111.03,1980,0,0,,,,
powertraces-pt200array_pt216_r5_7536312_80-d81f1038b4,2026-05-07T21:05:49.385Z,63.439,3,111.18,1980,0,0,,,,
powertraces-pt200array_pt216_r5_7536312_80-d81f1038b4,2026-05-07T21:05:49.485Z,63.539,0,112.74,1980,0,0,,,,
powertraces-pt200array_pt216_r5_7536312_80-d81f1038b4,2026-05-07T21:05:49.485Z,63.539,1,115.77,1980,0,0,,,,
powertraces-pt200array_pt216_r5_7536312_80-d81f1038b4,2026-05-07T21:05:49.485Z,63.539,2,111.23,1980,0,0,,,,
powertraces-pt200array_pt216_r5_7536312_80-d81f1038b4,2026-05-07T21:05:49.485Z,63.539,3,111.13,1980,0,0,,,,
powertraces-pt200array_pt216_r5_7536312_80-d81f1038b4,2026-05-07T21:05:49.585Z,63.639,0,112.73,1980,0,0,,,,
powertraces-pt200array_pt216_r5_7536312_80-d81f1038b4,2026-05-07T21:05:49.585Z,63.639,1,115.78,1980,0,0,,,,
powertraces-pt200array_pt216_r5_7536312_80-d81f1038b4,2026-05-07T21:05:49.585Z,63.639,2,111.26,1980,2,0,,,,
powertraces-pt200array_pt216_r5_7536312_80-d81f1038b4,2026-05-07T21:05:49.585Z,63.639,3,111.14,1980,0,0,,,,
powertraces-pt200array_pt216_r5_7536312_80-d81f1038b4,2026-05-07T21:05:49.685Z,63.739,0,112.67,1980,0,0,,,,
powertraces-pt200array_pt216_r5_7536312_80-d81f1038b4,2026-05-07T21:05:49.685Z,63.739,1,115.59,1980,0,0,,,,
powertraces-pt200array_pt216_r5_7536312_80-d81f1038b4,2026-05-07T21:05:49.685Z,63.739,2,111.8,1980,2,0,,,,
powertraces-pt200array_pt216_r5_7536312_80-d81f1038b4,2026-05-07T21:05:49.685Z,63.739,3,111.21,1980,0,0,,,,
powertraces-pt200array_pt216_r5_7536312_80-d81f1038b4,2026-05-07T21:05:49.785Z,63.839,0,112.71,1980,0,0,,,,
powertraces-pt200array_pt216_r5_7536312_80-d81f1038b4,2026-05-07T21:05:49.785Z,63.839,1,115.31,1980,0,0,,,,
powertraces-pt200array_pt216_r5_7536312_80-d81f1038b4,2026-05-07T21:05:49.785Z,63.839,2,112.03,1980,9,0,,,,
powertraces-pt200array_pt216_r5_7536312_80-d81f1038b4,2026-05-07T21:05:49.785Z,63.839,3,111.22,1980,0,0,,,,
powertraces-pt200array_pt216_r5_7536312_80-d81f1038b4,2026-05-07T21:05:49.886Z,63.94,0,112.71,1980,0,0,,,,
powertraces-pt200array_pt216_r5_7536312_80-d81f1038b4,2026-05-07T21:05:49.886Z,63.94,1,115.18,1980,0,0,,,,
powertraces-pt200array_pt216_r5_7536312_80-d81f1038b4,2026-05-07T21:05:49.886Z,63.94,2,112.65,1980,9,0,,,,
powertraces-pt200array_pt216_r5_7536312_80-d81f1038b4,2026-05-07T21:05:49.886Z,63.94,3,111.16,1980,0,0,,,,
powertraces-pt200array_pt216_r5_7536312_80-d81f1038b4,2026-05-07T21:05:49.986Z,64.04,0,112.65,1980,0,0,,,,
powertraces-pt200array_pt216_r5_7536312_80-d81f1038b4,2026-05-07T21:05:49.986Z,64.04,1,114.88,1980,0,0,,,,
powertraces-pt200array_pt216_r5_7536312_80-d81f1038b4,2026-05-07T21:05:49.986Z,64.04,2,112.8,1980,6,0,,,,
powertraces-pt200array_pt216_r5_7536312_80-d81f1038b4,2026-05-07T21:05:49.986Z,64.04,3,111.15,1980,0,0,,,,
powertraces-pt200array_pt216_r5_7536312_80-d81f1038b4,2026-05-07T21:05:50.086Z,64.14,0,112.58,1980,0,0,,,,
powertraces-pt200array_pt216_r5_7536312_80-d81f1038b4,2026-05-07T21:05:50.086Z,64.14,1,114.26,1980,0,0,,,,
powertraces-pt200array_pt216_r5_7536312_80-d81f1038b4,2026-05-07T21:05:50.086Z,64.14,2,113.39,1980,6,0,,,,
powertraces-pt200array_pt216_r5_7536312_80-d81f1038b4,2026-05-07T21:05:50.086Z,64.14,3,111.21,1980,0,0,,,,
powertraces-pt200array_pt216_r5_7536312_80-d81f1038b4,2026-05-07T21:05:50.186Z,64.24,0,112.49,1980,0,0,,,,
powertraces-pt200array_pt216_r5_7536312_80-d81f1038b4,2026-05-07T21:05:50.186Z,64.24,1,113.88,1980,0,0,,,,
powertraces-pt200array_pt216_r5_7536312_80-d81f1038b4,2026-05-07T21:05:50.186Z,64.24,2,113.42,1980,3,0,,,,
powertraces-pt200array_pt216_r5_7536312_80-d81f1038b4,2026-05-07T21:05:50.186Z,64.24,3,111.25,1980,0,0,,,,
powertraces-pt200array_pt216_r5_7536312_80-d81f1038b4,2026-05-07T21:05:50.286Z,64.34,0,112.53,1980,0,0,,,,
powertraces-pt200array_pt216_r5_7536312_80-d81f1038b4,2026-05-07T21:05:50.286Z,64.34,1,113.45,1980,0,0,,,,
powertraces-pt200array_pt216_r5_7536312_80-d81f1038b4,2026-05-07T21:05:50.286Z,64.34,2,113.74,1980,3,0,,,,
powertraces-pt200array_pt216_r5_7536312_80-d81f1038b4,2026-05-07T21:05:50.286Z,64.34,3,111.18,1980,0,0,,,,
powertraces-pt200array_pt216_r5_7536312_80-d81f1038b4,2026-05-07T21:05:50.387Z,64.441,0,112.6,1980,0,0,,,,
powertraces-pt200array_pt216_r5_7536312_80-d81f1038b4,2026-05-07T21:05:50.387Z,64.441,1,112.79,1980,0,0,,,,
powertraces-pt200array_pt216_r5_7536312_80-d81f1038b4,2026-05-07T21:05:50.387Z,64.441,2,114.02,1980,3,0,,,,
powertraces-pt200array_pt216_r5_7536312_80-d81f1038b4,2026-05-07T21:05:50.387Z,64.441,3,111.2,1980,0,0,,,,
powertraces-pt200array_pt216_r5_7536312_80-d81f1038b4,2026-05-07T21:05:50.487Z,64.541,0,112.66,1980,0,0,,,,
powertraces-pt200array_pt216_r5_7536312_80-d81f1038b4,2026-05-07T21:05:50.487Z,64.541,1,112.72,1980,0,0,,,,
powertraces-pt200array_pt216_r5_7536312_80-d81f1038b4,2026-05-07T21:05:50.487Z,64.541,2,114.41,1980,3,0,,,,
powertraces-pt200array_pt216_r5_7536312_80-d81f1038b4,2026-05-07T21:05:50.487Z,64.541,3,111.27,1980,0,0,,,,
powertraces-pt200array_pt216_r5_7536312_80-d81f1038b4,2026-05-07T21:05:50.587Z,64.641,0,112.68,1980,0,0,,,,
powertraces-pt200array_pt216_r5_7536312_80-d81f1038b4,2026-05-07T21:05:50.587Z,64.641,1,112.36,1980,0,0,,,,
powertraces-pt200array_pt216_r5_7536312_80-d81f1038b4,2026-05-07T21:05:50.587Z,64.641,2,114.8,1980,5,0,,,,
powertraces-pt200array_pt216_r5_7536312_80-d81f1038b4,2026-05-07T21:05:50.587Z,64.641,3,111.29,1980,0,0,,,,
powertraces-pt200array_pt216_r5_7536312_80-d81f1038b4,2026-05-07T21:05:50.687Z,64.741,0,112.75,1980,0,0,,,,
powertraces-pt200array_pt216_r5_7536312_80-d81f1038b4,2026-05-07T21:05:50.687Z,64.741,1,112.45,1980,0,0,,,,
powertraces-pt200array_pt216_r5_7536312_80-d81f1038b4,2026-05-07T21:05:50.687Z,64.741,2,115.25,1980,5,0,,,,
powertraces-pt200array_pt216_r5_7536312_80-d81f1038b4,2026-05-07T21:05:50.687Z,64.741,3,111.23,1980,0,0,,,,
powertraces-pt200array_pt216_r5_7536312_80-d81f1038b4,2026-05-07T21:05:50.787Z,64.841,0,112.75,1980,0,0,,,,
powertraces-pt200array_pt216_r5_7536312_80-d81f1038b4,2026-05-07T21:05:50.787Z,64.841,1,112.47,1980,0,0,,,,
powertraces-pt200array_pt216_r5_7536312_80-d81f1038b4,2026-05-07T21:05:50.787Z,64.841,2,114.97,1980,8,0,,,,
powertraces-pt200array_pt216_r5_7536312_80-d81f1038b4,2026-05-07T21:05:50.787Z,64.841,3,111.21,1980,0,0,,,,
powertraces-pt200array_pt216_r5_7536312_80-d81f1038b4,2026-05-07T21:05:50.888Z,64.942,0,112.74,1980,0,0,,,,
powertraces-pt200array_pt216_r5_7536312_80-d81f1038b4,2026-05-07T21:05:50.888Z,64.942,1,112.36,1980,0,0,,,,
powertraces-pt200array_pt216_r5_7536312_80-d81f1038b4,2026-05-07T21:05:50.888Z,64.942,2,114.57,1980,8,0,,,,
powertraces-pt200array_pt216_r5_7536312_80-d81f1038b4,2026-05-07T21:05:50.888Z,64.942,3,111.32,1980,0,0,,,,
powertraces-pt200array_pt216_r5_7536312_80-d81f1038b4,2026-05-07T21:05:50.988Z,65.042,0,112.73,1980,0,0,,,,
powertraces-pt200array_pt216_r5_7536312_80-d81f1038b4,2026-05-07T21:05:50.988Z,65.042,1,112.25,1980,0,0,,,,
powertraces-pt200array_pt216_r5_7536312_80-d81f1038b4,2026-05-07T21:05:50.988Z,65.042,2,114.43,1980,6,0,,,,
powertraces-pt200array_pt216_r5_7536312_80-d81f1038b4,2026-05-07T21:05:50.988Z,65.042,3,111.36,1980,2,0,,,,
powertraces-pt200array_pt216_r5_7536312_80-d81f1038b4,2026-05-07T21:05:51.088Z,65.142,0,112.74,1980,0,0,,,,
powertraces-pt200array_pt216_r5_7536312_80-d81f1038b4,2026-05-07T21:05:51.088Z,65.142,1,112.23,1980,0,0,,,,
powertraces-pt200array_pt216_r5_7536312_80-d81f1038b4,2026-05-07T21:05:51.088Z,65.142,2,113.85,1980,6,0,,,,
powertraces-pt200array_pt216_r5_7536312_80-d81f1038b4,2026-05-07T21:05:51.088Z,65.142,3,111.85,1980,2,0,,,,
powertraces-pt200array_pt216_r5_7536312_80-d81f1038b4,2026-05-07T21:05:51.188Z,65.242,0,112.8,1980,0,0,,,,
powertraces-pt200array_pt216_r5_7536312_80-d81f1038b4,2026-05-07T21:05:51.188Z,65.242,1,112.26,1980,0,0,,,,
powertraces-pt200array_pt216_r5_7536312_80-d81f1038b4,2026-05-07T21:05:51.188Z,65.242,2,113.79,1980,0,0,,,,
powertraces-pt200array_pt216_r5_7536312_80-d81f1038b4,2026-05-07T21:05:51.188Z,65.242,3,112.11,1980,2,0,,,,
powertraces-pt200array_pt216_r5_7536312_80-d81f1038b4,2026-05-07T21:05:51.288Z,65.342,0,112.85,1980,0,0,,,,
powertraces-pt200array_pt216_r5_7536312_80-d81f1038b4,2026-05-07T21:05:51.288Z,65.342,1,112.34,1980,0,0,,,,
powertraces-pt200array_pt216_r5_7536312_80-d81f1038b4,2026-05-07T21:05:51.288Z,65.342,2,113.47,1980,0,0,,,,
powertraces-pt200array_pt216_r5_7536312_80-d81f1038b4,2026-05-07T21:05:51.288Z,65.342,3,112.35,1980,2,0,,,,
powertraces-pt200array_pt216_r5_7536312_80-d81f1038b4,2026-05-07T21:05:51.389Z,65.443,0,112.85,1980,0,0,,,,
powertraces-pt200array_pt216_r5_7536312_80-d81f1038b4,2026-05-07T21:05:51.389Z,65.443,1,112.41,1980,0,0,,,,
powertraces-pt200array_pt216_r5_7536312_80-d81f1038b4,2026-05-07T21:05:51.389Z,65.443,2,113.13,1980,0,0,,,,
powertraces-pt200array_pt216_r5_7536312_80-d81f1038b4,2026-05-07T21:05:51.389Z,65.443,3,112.56,1980,5,0,,,,
powertraces-pt200array_pt216_r5_7536312_80-d81f1038b4,2026-05-07T21:05:51.489Z,65.543,0,112.85,1980,0,0,,,,
powertraces-pt200array_pt216_r5_7536312_80-d81f1038b4,2026-05-07T21:05:51.489Z,65.543,1,112.38,1980,0,0,,,,
powertraces-pt200array_pt216_r5_7536312_80-d81f1038b4,2026-05-07T21:05:51.489Z,65.543,2,112.57,1980,0,0,,,,
powertraces-pt200array_pt216_r5_7536312_80-d81f1038b4,2026-05-07T21:05:51.489Z,65.543,3,113.3,1980,5,0,,,,
powertraces-pt200array_pt216_r5_7536312_80-d81f1038b4,2026-05-07T21:05:51.589Z,65.643,0,112.9,1980,0,0,,,,
powertraces-pt200array_pt216_r5_7536312_80-d81f1038b4,2026-05-07T21:05:51.589Z,65.643,1,112.3,1980,0,0,,,,
powertraces-pt200array_pt216_r5_7536312_80-d81f1038b4,2026-05-07T21:05:51.589Z,65.643,2,112.18,1980,0,0,,,,
powertraces-pt200array_pt216_r5_7536312_80-d81f1038b4,2026-05-07T21:05:51.589Z,65.643,3,113.42,1980,2,0,,,,
powertraces-pt200array_pt216_r5_7536312_80-d81f1038b4,2026-05-07T21:05:51.689Z,65.743,0,112.95,1980,0,0,,,,
powertraces-pt200array_pt216_r5_7536312_80-d81f1038b4,2026-05-07T21:05:51.689Z,65.743,1,112.25,1980,0,0,,,,
powertraces-pt200array_pt216_r5_7536312_80-d81f1038b4,2026-05-07T21:05:51.689Z,65.743,2,111.39,1980,0,0,,,,
powertraces-pt200array_pt216_r5_7536312_80-d81f1038b4,2026-05-07T21:05:51.689Z,65.743,3,113.79,1980,2,0,,,,
powertraces-pt200array_pt216_r5_7536312_80-d81f1038b4,2026-05-07T21:05:51.789Z,65.843,0,113.01,1980,0,0,,,,
powertraces-pt200array_pt216_r5_7536312_80-d81f1038b4,2026-05-07T21:05:51.789Z,65.843,1,112.21,1980,0,0,,,,
powertraces-pt200array_pt216_r5_7536312_80-d81f1038b4,2026-05-07T21:05:51.789Z,65.843,2,111.22,1980,0,0,,,,
powertraces-pt200array_pt216_r5_7536312_80-d81f1038b4,2026-05-07T21:05:51.789Z,65.843,3,114.49,1980,9,0,,,,
powertraces-pt200array_pt216_r5_7536312_80-d81f1038b4,2026-05-07T21:05:51.89Z,65.944,0,113.1,1980,0,0,,,,
powertraces-pt200array_pt216_r5_7536312_80-d81f1038b4,2026-05-07T21:05:51.89Z,65.944,1,112.29,1980,0,0,,,,
powertraces-pt200array_pt216_r5_7536312_80-d81f1038b4,2026-05-07T21:05:51.89Z,65.944,2,111.06,1980,0,0,,,,
powertraces-pt200array_pt216_r5_7536312_80-d81f1038b4,2026-05-07T21:05:51.89Z,65.944,3,114.44,1980,9,0,,,,
powertraces-pt200array_pt216_r5_7536312_80-d81f1038b4,2026-05-07T21:05:51.99Z,66.044,0,113.1,1980,0,0,,,,
powertraces-pt200array_pt216_r5_7536312_80-d81f1038b4,2026-05-07T21:05:51.99Z,66.044,1,112.39,1980,0,0,,,,
powertraces-pt200array_pt216_r5_7536312_80-d81f1038b4,2026-05-07T21:05:51.99Z,66.044,2,111.04,1980,0,0,,,,
powertraces-pt200array_pt216_r5_7536312_80-d81f1038b4,2026-05-07T21:05:51.99Z,66.044,3,114.4,1980,6,0,,,,
powertraces-pt200array_pt216_r5_7536312_80-d81f1038b4,2026-05-07T21:05:52.09Z,66.144,0,113.17,1980,0,0,,,,
powertraces-pt200array_pt216_r5_7536312_80-d81f1038b4,2026-05-07T21:05:52.09Z,66.144,1,112.49,1980,0,0,,,,
powertraces-pt200array_pt216_r5_7536312_80-d81f1038b4,2026-05-07T21:05:52.09Z,66.144,2,111.05,1980,0,0,,,,
powertraces-pt200array_pt216_r5_7536312_80-d81f1038b4,2026-05-07T21:05:52.09Z,66.144,3,114.26,1980,6,0,,,,
powertraces-pt200array_pt216_r5_7536312_80-d81f1038b4,2026-05-07T21:05:52.19Z,66.244,0,113.23,1980,8,0,,,,
powertraces-pt200array_pt216_r5_7536312_80-d81f1038b4,2026-05-07T21:05:52.19Z,66.244,1,112.48,1980,0,0,,,,
powertraces-pt200array_pt216_r5_7536312_80-d81f1038b4,2026-05-07T21:05:52.19Z,66.244,2,111.03,1980,0,0,,,,
powertraces-pt200array_pt216_r5_7536312_80-d81f1038b4,2026-05-07T21:05:52.19Z,66.244,3,113.94,1980,0,0,,,,
powertraces-pt200array_pt216_r5_7536312_80-d81f1038b4,2026-05-07T21:05:52.29Z,66.344,0,113.24,1980,8,0,,,,
powertraces-pt200array_pt216_r5_7536312_80-d81f1038b4,2026-05-07T21:05:52.29Z,66.344,1,112.39,1980,0,0,,,,
powertraces-pt200array_pt216_r5_7536312_80-d81f1038b4,2026-05-07T21:05:52.29Z,66.344,2,111.02,1980,0,0,,,,
powertraces-pt200array_pt216_r5_7536312_80-d81f1038b4,2026-05-07T21:05:52.29Z,66.344,3,113.77,1980,0,0,,,,
powertraces-pt200array_pt216_r5_7536312_80-d81f1038b4,2026-05-07T21:05:52.39Z,66.444,0,113.23,1980,0,0,,,,
powertraces-pt200array_pt216_r5_7536312_80-d81f1038b4,2026-05-07T21:05:52.391Z,66.445,1,112.31,1980,0,0,,,,
powertraces-pt200array_pt216_r5_7536312_80-d81f1038b4,2026-05-07T21:05:52.391Z,66.445,2,111.04,1980,0,0,,,,
powertraces-pt200array_pt216_r5_7536312_80-d81f1038b4,2026-05-07T21:05:52.391Z,66.445,3,113.52,1980,0,0,,,,
powertraces-pt200array_pt216_r5_7536312_80-d81f1038b4,2026-05-07T21:05:52.491Z,66.545,0,113.22,1980,0,0,,,,
powertraces-pt200array_pt216_r5_7536312_80-d81f1038b4,2026-05-07T21:05:52.491Z,66.545,1,112.33,1980,0,0,,,,
powertraces-pt200array_pt216_r5_7536312_80-d81f1038b4,2026-05-07T21:05:52.491Z,66.545,2,111.04,1980,0,0,,,,
powertraces-pt200array_pt216_r5_7536312_80-d81f1038b4,2026-05-07T21:05:52.491Z,66.545,3,112.74,1980,0,0,,,,
powertraces-pt200array_pt216_r5_7536312_80-d81f1038b4,2026-05-07T21:05:52.591Z,66.645,0,113.18,1980,0,0,,,,
powertraces-pt200array_pt216_r5_7536312_80-d81f1038b4,2026-05-07T21:05:52.591Z,66.645,1,112.42,1980,0,0,,,,
powertraces-pt200array_pt216_r5_7536312_80-d81f1038b4,2026-05-07T21:05:52.591Z,66.645,2,111.05,1980,0,0,,,,
powertraces-pt200array_pt216_r5_7536312_80-d81f1038b4,2026-05-07T21:05:52.591Z,66.645,3,112.66,1980,0,0,,,,
powertraces-pt200array_pt216_r5_7536312_80-d81f1038b4,2026-05-07T21:05:52.691Z,66.745,0,113.13,1980,0,0,,,,
powertraces-pt200array_pt216_r5_7536312_80-d81f1038b4,2026-05-07T21:05:52.691Z,66.745,1,112.55,1980,0,0,,,,
powertraces-pt200array_pt216_r5_7536312_80-d81f1038b4,2026-05-07T21:05:52.691Z,66.745,2,111.05,1980,0,0,,,,
powertraces-pt200array_pt216_r5_7536312_80-d81f1038b4,2026-05-07T21:05:52.691Z,66.745,3,112.25,1980,0,0,,,,
powertraces-pt200array_pt216_r5_7536312_80-d81f1038b4,2026-05-07T21:05:52.791Z,66.845,0,113.12,1980,0,0,,,,
powertraces-pt200array_pt216_r5_7536312_80-d81f1038b4,2026-05-07T21:05:52.791Z,66.845,1,112.6,1980,0,0,,,,
powertraces-pt200array_pt216_r5_7536312_80-d81f1038b4,2026-05-07T21:05:52.791Z,66.845,2,111.06,1980,0,0,,,,
powertraces-pt200array_pt216_r5_7536312_80-d81f1038b4,2026-05-07T21:05:52.791Z,66.845,3,111.95,1980,0,0,,,,
powertraces-pt200array_pt216_r5_7536312_80-d81f1038b4,2026-05-07T21:05:52.892Z,66.946,0,113.12,1980,0,0,,,,
powertraces-pt200array_pt216_r5_7536312_80-d81f1038b4,2026-05-07T21:05:52.892Z,66.946,1,112.55,1980,0,0,,,,
powertraces-pt200array_pt216_r5_7536312_80-d81f1038b4,2026-05-07T21:05:52.892Z,66.946,2,111.07,1980,0,0,,,,
powertraces-pt200array_pt216_r5_7536312_80-d81f1038b4,2026-05-07T21:05:52.892Z,66.946,3,111.63,1980,0,0,,,,
powertraces-pt200array_pt216_r5_7536312_80-d81f1038b4,2026-05-07T21:05:52.992Z,67.046,0,113.17,1980,0,0,,,,
powertraces-pt200array_pt216_r5_7536312_80-d81f1038b4,2026-05-07T21:05:52.992Z,67.046,1,112.44,1980,0,0,,,,
powertraces-pt200array_pt216_r5_7536312_80-d81f1038b4,2026-05-07T21:05:52.992Z,67.046,2,111.07,1980,0,0,,,,
powertraces-pt200array_pt216_r5_7536312_80-d81f1038b4,2026-05-07T21:05:52.992Z,67.046,3,111.63,1980,0,0,,,,
powertraces-pt200array_pt216_r5_7536312_80-d81f1038b4,2026-05-07T21:05:53.092Z,67.146,0,113.11,1980,0,0,,,,
powertraces-pt200array_pt216_r5_7536312_80-d81f1038b4,2026-05-07T21:05:53.092Z,67.146,1,112.36,1980,0,0,,,,
powertraces-pt200array_pt216_r5_7536312_80-d81f1038b4,2026-05-07T21:05:53.092Z,67.146,2,111.07,1980,0,0,,,,
powertraces-pt200array_pt216_r5_7536312_80-d81f1038b4,2026-05-07T21:05:53.092Z,67.146,3,111.28,1980,0,0,,,,
powertraces-pt200array_pt216_r5_7536312_80-d81f1038b4,2026-05-07T21:05:53.192Z,67.246,0,113.03,1980,0,0,,,,
powertraces-pt200array_pt216_r5_7536312_80-d81f1038b4,2026-05-07T21:05:53.192Z,67.246,1,112.32,1980,0,0,,,,
powertraces-pt200array_pt216_r5_7536312_80-d81f1038b4,2026-05-07T21:05:53.192Z,67.246,2,111.1,1980,0,0,,,,
powertraces-pt200array_pt216_r5_7536312_80-d81f1038b4,2026-05-07T21:05:53.192Z,67.246,3,111.27,1980,0,0,,,,
powertraces-pt200array_pt216_r5_7536312_80-d81f1038b4,2026-05-07T21:05:53.292Z,67.346,0,113.05,1980,0,0,,,,
powertraces-pt200array_pt216_r5_7536312_80-d81f1038b4,2026-05-07T21:05:53.292Z,67.346,1,112.46,1980,1,0,,,,
powertraces-pt200array_pt216_r5_7536312_80-d81f1038b4,2026-05-07T21:05:53.292Z,67.346,2,111.1,1980,0,0,,,,
powertraces-pt200array_pt216_r5_7536312_80-d81f1038b4,2026-05-07T21:05:53.292Z,67.346,3,111.33,1980,0,0,,,,
powertraces-pt200array_pt216_r5_7536312_80-d81f1038b4,2026-05-07T21:05:53.392Z,67.446,0,113.05,1980,0,0,,,,
powertraces-pt200array_pt216_r5_7536312_80-d81f1038b4,2026-05-07T21:05:53.393Z,67.447,1,112.54,1980,1,0,,,,
powertraces-pt200array_pt216_r5_7536312_80-d81f1038b4,2026-05-07T21:05:53.393Z,67.447,2,111.14,1980,0,0,,,,
powertraces-pt200array_pt216_r5_7536312_80-d81f1038b4,2026-05-07T21:05:53.393Z,67.447,3,111.36,1980,0,0,,,,
powertraces-pt200array_pt216_r5_7536312_80-d81f1038b4,2026-05-07T21:05:53.493Z,67.547,0,113.05,1980,0,0,,,,
powertraces-pt200array_pt216_r5_7536312_80-d81f1038b4,2026-05-07T21:05:53.493Z,67.547,1,112.57,1980,0,0,,,,
powertraces-pt200array_pt216_r5_7536312_80-d81f1038b4,2026-05-07T21:05:53.493Z,67.547,2,111.14,1980,0,0,,,,
powertraces-pt200array_pt216_r5_7536312_80-d81f1038b4,2026-05-07T21:05:53.493Z,67.547,3,111.25,1980,0,0,,,,
powertraces-pt200array_pt216_r5_7536312_80-d81f1038b4,2026-05-07T21:05:53.593Z,67.647,0,113.01,1980,0,0,,,,
powertraces-pt200array_pt216_r5_7536312_80-d81f1038b4,2026-05-07T21:05:53.593Z,67.647,1,112.45,1980,0,0,,,,
powertraces-pt200array_pt216_r5_7536312_80-d81f1038b4,2026-05-07T21:05:53.593Z,67.647,2,111.16,1980,0,0,,,,
powertraces-pt200array_pt216_r5_7536312_80-d81f1038b4,2026-05-07T21:05:53.593Z,67.647,3,111.26,1980,0,0,,,,
powertraces-pt200array_pt216_r5_7536312_80-d81f1038b4,2026-05-07T21:05:53.693Z,67.747,0,113.0,1980,0,0,,,,
powertraces-pt200array_pt216_r5_7536312_80-d81f1038b4,2026-05-07T21:05:53.693Z,67.747,1,112.37,1980,0,0,,,,
powertraces-pt200array_pt216_r5_7536312_80-d81f1038b4,2026-05-07T21:05:53.693Z,67.747,2,111.14,1980,0,0,,,,
powertraces-pt200array_pt216_r5_7536312_80-d81f1038b4,2026-05-07T21:05:53.693Z,67.747,3,111.29,1980,0,0,,,,
powertraces-pt200array_pt216_r5_7536312_80-d81f1038b4,2026-05-07T21:05:53.793Z,67.847,0,112.94,1980,0,0,,,,
powertraces-pt200array_pt216_r5_7536312_80-d81f1038b4,2026-05-07T21:05:53.793Z,67.847,1,112.27,1980,0,0,,,,
powertraces-pt200array_pt216_r5_7536312_80-d81f1038b4,2026-05-07T21:05:53.793Z,67.847,2,111.14,1980,0,0,,,,
powertraces-pt200array_pt216_r5_7536312_80-d81f1038b4,2026-05-07T21:05:53.793Z,67.847,3,111.3,1980,0,0,,,,
powertraces-pt200array_pt216_r5_7536312_80-d81f1038b4,2026-05-07T21:05:53.893Z,67.947,0,112.87,1980,0,0,,,,
powertraces-pt200array_pt216_r5_7536312_80-d81f1038b4,2026-05-07T21:05:53.893Z,67.947,1,112.31,1980,0,0,,,,
powertraces-pt200array_pt216_r5_7536312_80-d81f1038b4,2026-05-07T21:05:53.893Z,67.947,2,111.13,1980,0,0,,,,
powertraces-pt200array_pt216_r5_7536312_80-d81f1038b4,2026-05-07T21:05:53.893Z,67.947,3,111.23,1980,0,0,,,,
powertraces-pt200array_pt216_r5_7536312_80-d81f1038b4,2026-05-07T21:05:53.993Z,68.047,0,112.76,1980,0,0,,,,
powertraces-pt200array_pt216_r5_7536312_80-d81f1038b4,2026-05-07T21:05:53.994Z,68.048,1,112.43,1980,0,0,,,,
powertraces-pt200array_pt216_r5_7536312_80-d81f1038b4,2026-05-07T21:05:53.994Z,68.048,2,111.13,1980,0,0,,,,
powertraces-pt200array_pt216_r5_7536312_80-d81f1038b4,2026-05-07T21:05:53.994Z,68.048,3,111.23,1980,0,0,,,,
powertraces-pt200array_pt216_r5_7536312_80-d81f1038b4,2026-05-07T21:05:54.094Z,68.148,0,112.75,1980,0,0,,,,
powertraces-pt200array_pt216_r5_7536312_80-d81f1038b4,2026-05-07T21:05:54.094Z,68.148,1,112.55,1980,0,0,,,,
powertraces-pt200array_pt216_r5_7536312_80-d81f1038b4,2026-05-07T21:05:54.094Z,68.148,2,111.12,1980,0,0,,,,
powertraces-pt200array_pt216_r5_7536312_80-d81f1038b4,2026-05-07T21:05:54.094Z,68.148,3,111.31,1980,0,0,,,,
powertraces-pt200array_pt216_r5_7536312_80-d81f1038b4,2026-05-07T21:05:54.194Z,68.248,0,112.75,1980,2,0,,,,
powertraces-pt200array_pt216_r5_7536312_80-d81f1038b4,2026-05-07T21:05:54.194Z,68.248,1,112.56,1980,0,0,,,,
powertraces-pt200array_pt216_r5_7536312_80-d81f1038b4,2026-05-07T21:05:54.194Z,68.248,2,111.12,1980,0,0,,,,
powertraces-pt200array_pt216_r5_7536312_80-d81f1038b4,2026-05-07T21:05:54.194Z,68.248,3,111.32,1980,0,0,,,,
powertraces-pt200array_pt216_r5_7536312_80-d81f1038b4,2026-05-07T21:05:54.294Z,68.348,0,112.62,1980,2,0,,,,
powertraces-pt200array_pt216_r5_7536312_80-d81f1038b4,2026-05-07T21:05:54.294Z,68.348,1,112.42,1980,0,0,,,,
powertraces-pt200array_pt216_r5_7536312_80-d81f1038b4,2026-05-07T21:05:54.294Z,68.348,2,111.04,1980,0,0,,,,
powertraces-pt200array_pt216_r5_7536312_80-d81f1038b4,2026-05-07T21:05:54.294Z,68.348,3,111.26,1980,0,0,,,,
powertraces-pt200array_pt216_r5_7536312_80-d81f1038b4,2026-05-07T21:05:54.394Z,68.448,0,114.4,1980,0,0,,,,
powertraces-pt200array_pt216_r5_7536312_80-d81f1038b4,2026-05-07T21:05:54.394Z,68.448,1,112.55,1980,0,0,,,,
powertraces-pt200array_pt216_r5_7536312_80-d81f1038b4,2026-05-07T21:05:54.394Z,68.448,2,111.03,1980,0,0,,,,
powertraces-pt200array_pt216_r5_7536312_80-d81f1038b4,2026-05-07T21:05:54.394Z,68.448,3,111.28,1980,0,0,,,,
powertraces-pt200array_pt216_r5_7536312_80-d81f1038b4,2026-05-07T21:05:54.494Z,68.548,0,115.01,1980,0,0,,,,
powertraces-pt200array_pt216_r5_7536312_80-d81f1038b4,2026-05-07T21:05:54.495Z,68.549,1,114.94,1980,5,2,,,,
powertraces-pt200array_pt216_r5_7536312_80-d81f1038b4,2026-05-07T21:05:54.495Z,68.549,2,111.73,1980,0,0,,,,
powertraces-pt200array_pt216_r5_7536312_80-d81f1038b4,2026-05-07T21:05:54.495Z,68.549,3,111.37,1980,0,0,,,,
powertraces-pt200array_pt216_r5_7536312_80-d81f1038b4,2026-05-07T21:05:54.595Z,68.649,0,115.89,1980,0,0,,,,
powertraces-pt200array_pt216_r5_7536312_80-d81f1038b4,2026-05-07T21:05:54.595Z,68.649,1,115.17,1980,5,2,,,,
powertraces-pt200array_pt216_r5_7536312_80-d81f1038b4,2026-05-07T21:05:54.595Z,68.649,2,114.21,1980,5,2,,,,
powertraces-pt200array_pt216_r5_7536312_80-d81f1038b4,2026-05-07T21:05:54.595Z,68.649,3,111.39,1980,0,0,,,,
powertraces-pt200array_pt216_r5_7536312_80-d81f1038b4,2026-05-07T21:05:54.695Z,68.749,0,116.91,1980,0,0,,,,
powertraces-pt200array_pt216_r5_7536312_80-d81f1038b4,2026-05-07T21:05:54.695Z,68.749,1,115.26,1980,0,0,,,,
powertraces-pt200array_pt216_r5_7536312_80-d81f1038b4,2026-05-07T21:05:54.695Z,68.749,2,114.28,1980,5,2,,,,
powertraces-pt200array_pt216_r5_7536312_80-d81f1038b4,2026-05-07T21:05:54.695Z,68.749,3,113.57,1980,0,0,,,,
powertraces-pt200array_pt216_r5_7536312_80-d81f1038b4,2026-05-07T21:05:54.795Z,68.849,0,116.88,1980,0,0,,,,
powertraces-pt200array_pt216_r5_7536312_80-d81f1038b4,2026-05-07T21:05:54.795Z,68.849,1,116.98,1980,0,0,,,,
powertraces-pt200array_pt216_r5_7536312_80-d81f1038b4,2026-05-07T21:05:54.795Z,68.849,2,115.88,1980,4,2,,,,
powertraces-pt200array_pt216_r5_7536312_80-d81f1038b4,2026-05-07T21:05:54.795Z,68.849,3,116.33,1980,6,3,,,,
powertraces-pt200array_pt216_r5_7536312_80-d81f1038b4,2026-05-07T21:05:54.895Z,68.949,0,121.58,1980,0,0,,,,
powertraces-pt200array_pt216_r5_7536312_80-d81f1038b4,2026-05-07T21:05:54.895Z,68.949,1,121.37,1980,7,3,,,,
powertraces-pt200array_pt216_r5_7536312_80-d81f1038b4,2026-05-07T21:05:54.895Z,68.949,2,121.62,1980,4,2,,,,
powertraces-pt200array_pt216_r5_7536312_80-d81f1038b4,2026-05-07T21:05:54.895Z,68.949,3,116.71,1980,6,3,,,,
powertraces-pt200array_pt216_r5_7536312_80-d81f1038b4,2026-05-07T21:05:54.995Z,69.049,0,130.16,1980,14,8,,,,
powertraces-pt200array_pt216_r5_7536312_80-d81f1038b4,2026-05-07T21:05:54.995Z,69.049,1,130.05,1980,7,3,,,,
powertraces-pt200array_pt216_r5_7536312_80-d81f1038b4,2026-05-07T21:05:54.996Z,69.05,2,128.97,1980,17,10,,,,
powertraces-pt200array_pt216_r5_7536312_80-d81f1038b4,2026-05-07T21:05:54.996Z,69.05,3,126.5,1980,23,16,,,,
powertraces-pt200array_pt216_r5_7536312_80-d81f1038b4,2026-05-07T21:05:55.096Z,69.15,0,140.36,1980,14,8,,,,
powertraces-pt200array_pt216_r5_7536312_80-d81f1038b4,2026-05-07T21:05:55.096Z,69.15,1,141.76,1980,14,9,,,,
powertraces-pt200array_pt216_r5_7536312_80-d81f1038b4,2026-05-07T21:05:55.096Z,69.15,2,141.78,1980,17,10,,,,
powertraces-pt200array_pt216_r5_7536312_80-d81f1038b4,2026-05-07T21:05:55.096Z,69.15,3,132.92,1980,23,16,,,,
powertraces-pt200array_pt216_r5_7536312_80-d81f1038b4,2026-05-07T21:05:55.196Z,69.25,0,147.11,1980,15,9,,,,
powertraces-pt200array_pt216_r5_7536312_80-d81f1038b4,2026-05-07T21:05:55.196Z,69.25,1,150.15,1980,14,9,,,,
powertraces-pt200array_pt216_r5_7536312_80-d81f1038b4,2026-05-07T21:05:55.196Z,69.25,2,148.81,1980,17,10,,,,
powertraces-pt200array_pt216_r5_7536312_80-d81f1038b4,2026-05-07T21:05:55.196Z,69.25,3,142.64,1980,23,15,,,,
powertraces-pt200array_pt216_r5_7536312_80-d81f1038b4,2026-05-07T21:05:55.296Z,69.35,0,159.19,1980,15,9,,,,
powertraces-pt200array_pt216_r5_7536312_80-d81f1038b4,2026-05-07T21:05:55.296Z,69.35,1,161.55,1980,14,9,,,,
powertraces-pt200array_pt216_r5_7536312_80-d81f1038b4,2026-05-07T21:05:55.296Z,69.35,2,161.52,1980,17,10,,,,
powertraces-pt200array_pt216_r5_7536312_80-d81f1038b4,2026-05-07T21:05:55.296Z,69.35,3,149.44,1980,23,15,,,,
powertraces-pt200array_pt216_r5_7536312_80-d81f1038b4,2026-05-07T21:05:55.396Z,69.45,0,164.96,1980,15,8,,,,
powertraces-pt200array_pt216_r5_7536312_80-d81f1038b4,2026-05-07T21:05:55.396Z,69.45,1,168.2,1980,14,9,,,,
powertraces-pt200array_pt216_r5_7536312_80-d81f1038b4,2026-05-07T21:05:55.396Z,69.45,2,169.6,1980,17,10,,,,
powertraces-pt200array_pt216_r5_7536312_80-d81f1038b4,2026-05-07T21:05:55.396Z,69.45,3,157.84,1980,23,15,,,,
powertraces-pt200array_pt216_r5_7536312_80-d81f1038b4,2026-05-07T21:05:55.496Z,69.55,0,172.59,1980,15,8,,,,
powertraces-pt200array_pt216_r5_7536312_80-d81f1038b4,2026-05-07T21:05:55.496Z,69.55,1,177.99,1980,17,12,,,,
powertraces-pt200array_pt216_r5_7536312_80-d81f1038b4,2026-05-07T21:05:55.496Z,69.55,2,180.77,1980,17,10,,,,
powertraces-pt200array_pt216_r5_7536312_80-d81f1038b4,2026-05-07T21:05:55.496Z,69.55,3,165.65,1980,23,15,,,,
powertraces-pt200array_pt216_r5_7536312_80-d81f1038b4,2026-05-07T21:05:55.597Z,69.651,0,178.38,1980,13,8,,,,
powertraces-pt200array_pt216_r5_7536312_80-d81f1038b4,2026-05-07T21:05:55.597Z,69.651,1,186.55,1980,17,12,,,,
powertraces-pt200array_pt216_r5_7536312_80-d81f1038b4,2026-05-07T21:05:55.597Z,69.651,2,187.58,1980,17,10,,,,
powertraces-pt200array_pt216_r5_7536312_80-d81f1038b4,2026-05-07T21:05:55.597Z,69.651,3,174.41,1980,21,15,,,,
powertraces-pt200array_pt216_r5_7536312_80-d81f1038b4,2026-05-07T21:05:55.697Z,69.751,0,187.29,1980,13,8,,,,
powertraces-pt200array_pt216_r5_7536312_80-d81f1038b4,2026-05-07T21:05:55.697Z,69.751,1,193.73,1980,21,15,,,,
powertraces-pt200array_pt216_r5_7536312_80-d81f1038b4,2026-05-07T21:05:55.697Z,69.751,2,196.79,1980,17,10,,,,
powertraces-pt200array_pt216_r5_7536312_80-d81f1038b4,2026-05-07T21:05:55.697Z,69.751,3,179.27,1980,21,15,,,,
powertraces-pt200array_pt216_r5_7536312_80-d81f1038b4,2026-05-07T21:05:55.797Z,69.851,0,197.03,1980,12,7,,,,
powertraces-pt200array_pt216_r5_7536312_80-d81f1038b4,2026-05-07T21:05:55.797Z,69.851,1,203.44,1980,21,15,,,,
powertraces-pt200array_pt216_r5_7536312_80-d81f1038b4,2026-05-07T21:05:55.797Z,69.851,2,207.03,1980,20,12,,,,
powertraces-pt200array_pt216_r5_7536312_80-d81f1038b4,2026-05-07T21:05:55.797Z,69.851,3,185.9,1980,19,14,,,,
powertraces-pt200array_pt216_r5_7536312_80-d81f1038b4,2026-05-07T21:05:55.897Z,69.951,0,199.38,1980,12,7,,,,
powertraces-pt200array_pt216_r5_7536312_80-d81f1038b4,2026-05-07T21:05:55.897Z,69.951,1,203.04,1980,12,8,,,,
powertraces-pt200array_pt216_r5_7536312_80-d81f1038b4,2026-05-07T21:05:55.897Z,69.951,2,206.34,1980,20,12,,,,
powertraces-pt200array_pt216_r5_7536312_80-d81f1038b4,2026-05-07T21:05:55.897Z,69.951,3,191.44,1980,19,14,,,,
powertraces-pt200array_pt216_r5_7536312_80-d81f1038b4,2026-05-07T21:05:55.997Z,70.051,0,191.12,1980,6,4,,,,
powertraces-pt200array_pt216_r5_7536312_80-d81f1038b4,2026-05-07T21:05:55.997Z,70.051,1,196.95,1980,12,8,,,,
powertraces-pt200array_pt216_r5_7536312_80-d81f1038b4,2026-05-07T21:05:55.997Z,70.051,2,199.7,1980,5,3,,,,
powertraces-pt200array_pt216_r5_7536312_80-d81f1038b4,2026-05-07T21:05:55.997Z,70.051,3,187.22,1980,3,2,,,,
powertraces-pt200array_pt216_r5_7536312_80-d81f1038b4,2026-05-07T21:05:56.098Z,70.152,0,189.62,1980,6,4,,,,
powertraces-pt200array_pt216_r5_7536312_80-d81f1038b4,2026-05-07T21:05:56.098Z,70.152,1,193.88,1980,24,22,,,,
powertraces-pt200array_pt216_r5_7536312_80-d81f1038b4,2026-05-07T21:05:56.098Z,70.152,2,193.9,1980,5,3,,,,
powertraces-pt200array_pt216_r5_7536312_80-d81f1038b4,2026-05-07T21:05:56.098Z,70.152,3,185.68,1980,3,2,,,,
powertraces-pt200array_pt216_r5_7536312_80-d81f1038b4,2026-05-07T21:05:56.198Z,70.252,0,185.23,1980,25,21,,,,
powertraces-pt200array_pt216_r5_7536312_80-d81f1038b4,2026-05-07T21:05:56.198Z,70.252,1,192.61,1980,24,22,,,,
powertraces-pt200array_pt216_r5_7536312_80-d81f1038b4,2026-05-07T21:05:56.198Z,70.252,2,199.07,1980,17,14,,,,
powertraces-pt200array_pt216_r5_7536312_80-d81f1038b4,2026-05-07T21:05:56.198Z,70.252,3,181.92,1980,9,4,,,,
powertraces-pt200array_pt216_r5_7536312_80-d81f1038b4,2026-05-07T21:05:56.298Z,70.352,0,186.51,1980,25,21,,,,
powertraces-pt200array_pt216_r5_7536312_80-d81f1038b4,2026-05-07T21:05:56.298Z,70.352,1,189.5,1980,23,16,,,,
powertraces-pt200array_pt216_r5_7536312_80-d81f1038b4,2026-05-07T21:05:56.298Z,70.352,2,193.82,1980,17,14,,,,
powertraces-pt200array_pt216_r5_7536312_80-d81f1038b4,2026-05-07T21:05:56.298Z,70.352,3,178.71,1980,9,4,,,,
powertraces-pt200array_pt216_r5_7536312_80-d81f1038b4,2026-05-07T21:05:56.398Z,70.452,0,182.23,1980,12,7,,,,
powertraces-pt200array_pt216_r5_7536312_80-d81f1038b4,2026-05-07T21:05:56.398Z,70.452,1,190.63,1980,23,16,,,,
powertraces-pt200array_pt216_r5_7536312_80-d81f1038b4,2026-05-07T21:05:56.398Z,70.452,2,196.96,1980,26,17,,,,
powertraces-pt200array_pt216_r5_7536312_80-d81f1038b4,2026-05-07T21:05:56.398Z,70.452,3,181.74,1980,14,10,,,,
powertraces-pt200array_pt216_r5_7536312_80-d81f1038b4,2026-05-07T21:05:56.498Z,70.552,0,186.47,1980,12,7,,,,
powertraces-pt200array_pt216_r5_7536312_80-d81f1038b4,2026-05-07T21:05:56.498Z,70.552,1,191.6,1980,23,16,,,,
powertraces-pt200array_pt216_r5_7536312_80-d81f1038b4,2026-05-07T21:05:56.498Z,70.552,2,194.11,1980,26,17,,,,
powertraces-pt200array_pt216_r5_7536312_80-d81f1038b4,2026-05-07T21:05:56.498Z,70.552,3,177.19,1980,14,10,,,,
powertraces-pt200array_pt216_r5_7536312_80-d81f1038b4,2026-05-07T21:05:56.599Z,70.653,0,182.38,1980,12,7,,,,
powertraces-pt200array_pt216_r5_7536312_80-d81f1038b4,2026-05-07T21:05:56.599Z,70.653,1,187.84,1980,23,16,,,,
powertraces-pt200array_pt216_r5_7536312_80-d81f1038b4,2026-05-07T21:05:56.599Z,70.653,2,195.58,1980,26,17,,,,
powertraces-pt200array_pt216_r5_7536312_80-d81f1038b4,2026-05-07T21:05:56.599Z,70.653,3,180.86,1980,12,8,,,,
powertraces-pt200array_pt216_r5_7536312_80-d81f1038b4,2026-05-07T21:05:56.699Z,70.753,0,184.23,1980,12,7,,,,
powertraces-pt200array_pt216_r5_7536312_80-d81f1038b4,2026-05-07T21:05:56.699Z,70.753,1,193.12,1980,23,16,,,,
powertraces-pt200array_pt216_r5_7536312_80-d81f1038b4,2026-05-07T21:05:56.699Z,70.753,2,197.01,1980,26,17,,,,
powertraces-pt200array_pt216_r5_7536312_80-d81f1038b4,2026-05-07T21:05:56.699Z,70.753,3,179.37,1980,12,8,,,,
powertraces-pt200array_pt216_r5_7536312_80-d81f1038b4,2026-05-07T21:05:56.799Z,70.853,0,182.41,1980,11,7,,,,
powertraces-pt200array_pt216_r5_7536312_80-d81f1038b4,2026-05-07T21:05:56.799Z,70.853,1,187.34,1980,23,16,,,,
powertraces-pt200array_pt216_r5_7536312_80-d81f1038b4,2026-05-07T21:05:56.799Z,70.853,2,196.11,1980,24,16,,,,
powertraces-pt200array_pt216_r5_7536312_80-d81f1038b4,2026-05-07T21:05:56.799Z,70.853,3,179.46,1980,11,8,,,,
powertraces-pt200array_pt216_r5_7536312_80-d81f1038b4,2026-05-07T21:05:56.899Z,70.953,0,186.68,1980,11,7,,,,
powertraces-pt200array_pt216_r5_7536312_80-d81f1038b4,2026-05-07T21:05:56.899Z,70.953,1,193.95,1980,23,16,,,,
powertraces-pt200array_pt216_r5_7536312_80-d81f1038b4,2026-05-07T21:05:56.899Z,70.953,2,201.75,1980,24,16,,,,
powertraces-pt200array_pt216_r5_7536312_80-d81f1038b4,2026-05-07T21:05:56.899Z,70.953,3,180.18,1980,11,8,,,,
powertraces-pt200array_pt216_r5_7536312_80-d81f1038b4,2026-05-07T21:05:56.999Z,71.053,0,192.11,1980,11,7,,,,
powertraces-pt200array_pt216_r5_7536312_80-d81f1038b4,2026-05-07T21:05:56.999Z,71.053,1,198.64,1980,23,16,,,,
powertraces-pt200array_pt216_r5_7536312_80-d81f1038b4,2026-05-07T21:05:56.999Z,71.053,2,208.5,1980,22,15,,,,
powertraces-pt200array_pt216_r5_7536312_80-d81f1038b4,2026-05-07T21:05:56.999Z,71.053,3,187.63,1980,12,8,,,,
powertraces-pt200array_pt216_r5_7536312_80-d81f1038b4,2026-05-07T21:05:57.099Z,71.153,0,195.91,1980,11,7,,,,
powertraces-pt200array_pt216_r5_7536312_80-d81f1038b4,2026-05-07T21:05:57.1Z,71.154,1,204.85,1980,23,16,,,,
powertraces-pt200array_pt216_r5_7536312_80-d81f1038b4,2026-05-07T21:05:57.1Z,71.154,2,212.08,1980,22,15,,,,
powertraces-pt200array_pt216_r5_7536312_80-d81f1038b4,2026-05-07T21:05:57.1Z,71.154,3,187.48,1980,12,8,,,,
powertraces-pt200array_pt216_r5_7536312_80-d81f1038b4,2026-05-07T21:05:57.2Z,71.254,0,206.05,1980,11,7,,,,
powertraces-pt200array_pt216_r5_7536312_80-d81f1038b4,2026-05-07T21:05:57.2Z,71.254,1,211.16,1980,23,16,,,,
powertraces-pt200array_pt216_r5_7536312_80-d81f1038b4,2026-05-07T21:05:57.2Z,71.254,2,220.2,1980,23,16,,,,
powertraces-pt200array_pt216_r5_7536312_80-d81f1038b4,2026-05-07T21:05:57.2Z,71.254,3,191.8,1980,21,16,,,,
powertraces-pt200array_pt216_r5_7536312_80-d81f1038b4,2026-05-07T21:05:57.3Z,71.354,0,204.76,1980,11,7,,,,
powertraces-pt200array_pt216_r5_7536312_80-d81f1038b4,2026-05-07T21:05:57.3Z,71.354,1,215.36,1980,16,8,,,,
powertraces-pt200array_pt216_r5_7536312_80-d81f1038b4,2026-05-07T21:05:57.3Z,71.354,2,222.84,1980,23,16,,,,
powertraces-pt200array_pt216_r5_7536312_80-d81f1038b4,2026-05-07T21:05:57.3Z,71.354,3,196.53,1980,21,16,,,,
powertraces-pt200array_pt216_r5_7536312_80-d81f1038b4,2026-05-07T21:05:57.4Z,71.454,0,204.56,1980,14,8,,,,
powertraces-pt200array_pt216_r5_7536312_80-d81f1038b4,2026-05-07T21:05:57.4Z,71.454,1,212.84,1980,16,8,,,,
powertraces-pt200array_pt216_r5_7536312_80-d81f1038b4,2026-05-07T21:05:57.4Z,71.454,2,221.42,1980,17,10,,,,
powertraces-pt200array_pt216_r5_7536312_80-d81f1038b4,2026-05-07T21:05:57.4Z,71.454,3,196.16,1980,22,15,,,,
powertraces-pt200array_pt216_r5_7536312_80-d81f1038b4,2026-05-07T21:05:57.5Z,71.554,0,204.56,1980,14,8,,,,
powertraces-pt200array_pt216_r5_7536312_80-d81f1038b4,2026-05-07T21:05:57.5Z,71.554,1,214.45,1980,19,13,,,,
powertraces-pt200array_pt216_r5_7536312_80-d81f1038b4,2026-05-07T21:05:57.5Z,71.554,2,221.61,1980,17,10,,,,
powertraces-pt200array_pt216_r5_7536312_80-d81f1038b4,2026-05-07T21:05:57.5Z,71.554,3,197.07,1980,22,15,,,,
powertraces-pt200array_pt216_r5_7536312_80-d81f1038b4,2026-05-07T21:05:57.6Z,71.654,0,207.35,1980,12,7,,,,
powertraces-pt200array_pt216_r5_7536312_80-d81f1038b4,2026-05-07T21:05:57.601Z,71.655,1,215.57,1980,19,13,,,,
powertraces-pt200array_pt216_r5_7536312_80-d81f1038b4,2026-05-07T21:05:57.601Z,71.655,2,225.49,1980,18,11,,,,
powertraces-pt200array_pt216_r5_7536312_80-d81f1038b4,2026-05-07T21:05:57.601Z,71.655,3,197.16,1980,20,14,,,,
powertraces-pt200array_pt216_r5_7536312_80-d81f1038b4,2026-05-07T21:05:57.701Z,71.755,0,204.9,1980,12,7,,,,
powertraces-pt200array_pt216_r5_7536312_80-d81f1038b4,2026-05-07T21:05:57.701Z,71.755,1,213.0,1980,22,15,,,,
powertraces-pt200array_pt216_r5_7536312_80-d81f1038b4,2026-05-07T21:05:57.701Z,71.755,2,221.63,1980,18,11,,,,
powertraces-pt200array_pt216_r5_7536312_80-d81f1038b4,2026-05-07T21:05:57.701Z,71.755,3,196.65,1980,20,14,,,,
powertraces-pt200array_pt216_r5_7536312_80-d81f1038b4,2026-05-07T21:05:57.801Z,71.855,0,204.99,1980,12,7,,,,
powertraces-pt200array_pt216_r5_7536312_80-d81f1038b4,2026-05-07T21:05:57.801Z,71.855,1,215.34,1980,22,15,,,,
powertraces-pt200array_pt216_r5_7536312_80-d81f1038b4,2026-05-07T21:05:57.801Z,71.855,2,226.36,1980,21,13,,,,
powertraces-pt200array_pt216_r5_7536312_80-d81f1038b4,2026-05-07T21:05:57.801Z,71.855,3,197.19,1980,19,14,,,,
powertraces-pt200array_pt216_r5_7536312_80-d81f1038b4,2026-05-07T21:05:57.901Z,71.955,0,203.7,1980,12,7,,,,
powertraces-pt200array_pt216_r5_7536312_80-d81f1038b4,2026-05-07T21:05:57.901Z,71.955,1,212.53,1980,23,16,,,,
powertraces-pt200array_pt216_r5_7536312_80-d81f1038b4,2026-05-07T21:05:57.901Z,71.955,2,221.2,1980,21,13,,,,
powertraces-pt200array_pt216_r5_7536312_80-d81f1038b4,2026-05-07T21:05:57.901Z,71.955,3,195.33,1980,19,14,,,,
powertraces-pt200array_pt216_r5_7536312_80-d81f1038b4,2026-05-07T21:05:58.001Z,72.055,0,204.78,1980,12,7,,,,
powertraces-pt200array_pt216_r5_7536312_80-d81f1038b4,2026-05-07T21:05:58.001Z,72.055,1,216.56,1980,23,16,,,,
powertraces-pt200array_pt216_r5_7536312_80-d81f1038b4,2026-05-07T21:05:58.001Z,72.055,2,224.04,1980,24,15,,,,
powertraces-pt200array_pt216_r5_7536312_80-d81f1038b4,2026-05-07T21:05:58.001Z,72.055,3,196.47,1980,15,11,,,,
powertraces-pt200array_pt216_r5_7536312_80-d81f1038b4,2026-05-07T21:05:58.101Z,72.155,0,204.73,1980,12,7,,,,
powertraces-pt200array_pt216_r5_7536312_80-d81f1038b4,2026-05-07T21:05:58.101Z,72.155,1,212.74,1980,22,15,,,,
powertraces-pt200array_pt216_r5_7536312_80-d81f1038b4,2026-05-07T21:05:58.101Z,72.155,2,221.23,1980,24,15,,,,
powertraces-pt200array_pt216_r5_7536312_80-d81f1038b4,2026-05-07T21:05:58.102Z,72.156,3,193.89,1980,15,11,,,,
powertraces-pt200array_pt216_r5_7536312_80-d81f1038b4,2026-05-07T21:05:58.202Z,72.256,0,197.82,1980,12,7,,,,
powertraces-pt200array_pt216_r5_7536312_80-d81f1038b4,2026-05-07T21:05:58.202Z,72.256,1,208.82,1980,22,15,,,,
powertraces-pt200array_pt216_r5_7536312_80-d81f1038b4,2026-05-07T21:05:58.202Z,72.256,2,217.09,1980,25,16,,,,
powertraces-pt200array_pt216_r5_7536312_80-d81f1038b4,2026-05-07T21:05:58.202Z,72.256,3,198.35,1980,13,9,,,,
powertraces-pt200array_pt216_r5_7536312_80-d81f1038b4,2026-05-07T21:05:58.302Z,72.356,0,206.52,1980,12,7,,,,
powertraces-pt200array_pt216_r5_7536312_80-d81f1038b4,2026-05-07T21:05:58.302Z,72.356,1,213.63,1980,42,34,,,,
powertraces-pt200array_pt216_r5_7536312_80-d81f1038b4,2026-05-07T21:05:58.302Z,72.356,2,219.41,1980,25,16,,,,
powertraces-pt200array_pt216_r5_7536312_80-d81f1038b4,2026-05-07T21:05:58.302Z,72.356,3,197.68,1980,13,9,,,,
powertraces-pt200array_pt216_r5_7536312_80-d81f1038b4,2026-05-07T21:05:58.402Z,72.456,0,206.74,1980,30,22,,,,
powertraces-pt200array_pt216_r5_7536312_80-d81f1038b4,2026-05-07T21:05:58.402Z,72.456,1,215.2,1980,42,34,,,,
powertraces-pt200array_pt216_r5_7536312_80-d81f1038b4,2026-05-07T21:05:58.402Z,72.456,2,219.86,1980,31,23,,,,
powertraces-pt200array_pt216_r5_7536312_80-d81f1038b4,2026-05-07T21:05:58.402Z,72.456,3,200.65,1980,20,12,,,,
powertraces-pt200array_pt216_r5_7536312_80-d81f1038b4,2026-05-07T21:05:58.502Z,72.556,0,207.29,1980,30,22,,,,
powertraces-pt200array_pt216_r5_7536312_80-d81f1038b4,2026-05-07T21:05:58.502Z,72.556,1,212.27,1980,16,10,,,,
powertraces-pt200array_pt216_r5_7536312_80-d81f1038b4,2026-05-07T21:05:58.502Z,72.556,2,221.68,1980,31,23,,,,
powertraces-pt200array_pt216_r5_7536312_80-d81f1038b4,2026-05-07T21:05:58.502Z,72.556,3,199.56,1980,20,12,,,,
powertraces-pt200array_pt216_r5_7536312_80-d81f1038b4,2026-05-07T21:05:58.602Z,72.656,0,206.12,1980,21,13,,,,
powertraces-pt200array_pt216_r5_7536312_80-d81f1038b4,2026-05-07T21:05:58.602Z,72.656,1,212.24,1980,16,10,,,,
powertraces-pt200array_pt216_r5_7536312_80-d81f1038b4,2026-05-07T21:05:58.602Z,72.656,2,218.98,1980,17,10,,,,
powertraces-pt200array_pt216_r5_7536312_80-d81f1038b4,2026-05-07T21:05:58.602Z,72.656,3,200.12,1980,23,15,,,,
powertraces-pt200array_pt216_r5_7536312_80-d81f1038b4,2026-05-07T21:05:58.703Z,72.757,0,209.15,1980,21,13,,,,
powertraces-pt200array_pt216_r5_7536312_80-d81f1038b4,2026-05-07T21:05:58.703Z,72.757,1,213.46,1980,15,9,,,,
powertraces-pt200array_pt216_r5_7536312_80-d81f1038b4,2026-05-07T21:05:58.703Z,72.757,2,221.63,1980,17,10,,,,
powertraces-pt200array_pt216_r5_7536312_80-d81f1038b4,2026-05-07T21:05:58.703Z,72.757,3,198.84,1980,23,15,,,,
powertraces-pt200array_pt216_r5_7536312_80-d81f1038b4,2026-05-07T21:05:58.803Z,72.857,0,206.88,1980,18,11,,,,
powertraces-pt200array_pt216_r5_7536312_80-d81f1038b4,2026-05-07T21:05:58.803Z,72.857,1,211.85,1980,15,9,,,,
powertraces-pt200array_pt216_r5_7536312_80-d81f1038b4,2026-05-07T21:05:58.803Z,72.857,2,217.18,1980,17,10,,,,
powertraces-pt200array_pt216_r5_7536312_80-d81f1038b4,2026-05-07T21:05:58.803Z,72.857,3,199.96,1980,23,15,,,,
powertraces-pt200array_pt216_r5_7536312_80-d81f1038b4,2026-05-07T21:05:58.903Z,72.957,0,207.68,1980,18,11,,,,
powertraces-pt200array_pt216_r5_7536312_80-d81f1038b4,2026-05-07T21:05:58.903Z,72.957,1,215.21,1980,14,9,,,,
powertraces-pt200array_pt216_r5_7536312_80-d81f1038b4,2026-05-07T21:05:58.903Z,72.957,2,221.21,1980,17,10,,,,
powertraces-pt200array_pt216_r5_7536312_80-d81f1038b4,2026-05-07T21:05:58.903Z,72.957,3,200.93,1980,23,15,,,,
powertraces-pt200array_pt216_r5_7536312_80-d81f1038b4,2026-05-07T21:05:59.003Z,73.057,0,206.32,1980,15,8,,,,
powertraces-pt200array_pt216_r5_7536312_80-d81f1038b4,2026-05-07T21:05:59.003Z,73.057,1,210.79,1980,14,9,,,,
powertraces-pt200array_pt216_r5_7536312_80-d81f1038b4,2026-05-07T21:05:59.003Z,73.057,2,219.32,1980,17,10,,,,
powertraces-pt200array_pt216_r5_7536312_80-d81f1038b4,2026-05-07T21:05:59.003Z,73.057,3,199.18,1980,23,15,,,,
powertraces-pt200array_pt216_r5_7536312_80-d81f1038b4,2026-05-07T21:05:59.103Z,73.157,0,207.38,1980,15,8,,,,
powertraces-pt200array_pt216_r5_7536312_80-d81f1038b4,2026-05-07T21:05:59.103Z,73.157,1,214.44,1980,17,12,,,,
powertraces-pt200array_pt216_r5_7536312_80-d81f1038b4,2026-05-07T21:05:59.103Z,73.157,2,220.4,1980,17,10,,,,
powertraces-pt200array_pt216_r5_7536312_80-d81f1038b4,2026-05-07T21:05:59.103Z,73.157,3,200.96,1980,23,15,,,,
powertraces-pt200array_pt216_r5_7536312_80-d81f1038b4,2026-05-07T21:05:59.204Z,73.258,0,205.56,1980,13,8,,,,
powertraces-pt200array_pt216_r5_7536312_80-d81f1038b4,2026-05-07T21:05:59.204Z,73.258,1,213.26,1980,17,12,,,,
powertraces-pt200array_pt216_r5_7536312_80-d81f1038b4,2026-05-07T21:05:59.204Z,73.258,2,218.34,1980,17,10,,,,
powertraces-pt200array_pt216_r5_7536312_80-d81f1038b4,2026-05-07T21:05:59.204Z,73.258,3,198.62,1980,22,15,,,,
powertraces-pt200array_pt216_r5_7536312_80-d81f1038b4,2026-05-07T21:05:59.304Z,73.358,0,197.68,1980,13,8,,,,
powertraces-pt200array_pt216_r5_7536312_80-d81f1038b4,2026-05-07T21:05:59.304Z,73.358,1,207.58,1980,16,11,,,,
powertraces-pt200array_pt216_r5_7536312_80-d81f1038b4,2026-05-07T21:05:59.304Z,73.358,2,214.94,1980,17,10,,,,
powertraces-pt200array_pt216_r5_7536312_80-d81f1038b4,2026-05-07T21:05:59.304Z,73.358,3,194.76,1980,22,15,,,,
powertraces-pt200array_pt216_r5_7536312_80-d81f1038b4,2026-05-07T21:05:59.404Z,73.458,0,204.43,1980,36,30,,,,
powertraces-pt200array_pt216_r5_7536312_80-d81f1038b4,2026-05-07T21:05:59.404Z,73.458,1,212.93,1980,16,11,,,,
powertraces-pt200array_pt216_r5_7536312_80-d81f1038b4,2026-05-07T21:05:59.404Z,73.458,2,219.18,1980,41,34,,,,
powertraces-pt200array_pt216_r5_7536312_80-d81f1038b4,2026-05-07T21:05:59.404Z,73.458,3,197.5,1980,36,30,,,,
powertraces-pt200array_pt216_r5_7536312_80-d81f1038b4,2026-05-07T21:05:59.504Z,73.558,0,204.58,1980,36,30,,,,
powertraces-pt200array_pt216_r5_7536312_80-d81f1038b4,2026-05-07T21:05:59.504Z,73.558,1,212.99,1980,17,10,,,,
powertraces-pt200array_pt216_r5_7536312_80-d81f1038b4,2026-05-07T21:05:59.504Z,73.558,2,220.35,1980,41,34,,,,
powertraces-pt200array_pt216_r5_7536312_80-d81f1038b4,2026-05-07T21:05:59.504Z,73.558,3,198.47,1980,36,30,,,,
powertraces-pt200array_pt216_r5_7536312_80-d81f1038b4,2026-05-07T21:05:59.604Z,73.658,0,204.58,1980,22,14,,,,
powertraces-pt200array_pt216_r5_7536312_80-d81f1038b4,2026-05-07T21:05:59.604Z,73.658,1,214.27,1980,17,10,,,,
powertraces-pt200array_pt216_r5_7536312_80-d81f1038b4,2026-05-07T21:05:59.604Z,73.658,2,219.53,1980,15,9,,,,
powertraces-pt200array_pt216_r5_7536312_80-d81f1038b4,2026-05-07T21:05:59.604Z,73.658,3,198.33,1980,23,15,,,,
powertraces-pt200array_pt216_r5_7536312_80-d81f1038b4,2026-05-07T21:05:59.704Z,73.758,0,202.22,1980,22,14,,,,
powertraces-pt200array_pt216_r5_7536312_80-d81f1038b4,2026-05-07T21:05:59.705Z,73.759,1,211.97,1980,17,10,,,,
powertraces-pt200array_pt216_r5_7536312_80-d81f1038b4,2026-05-07T21:05:59.705Z,73.759,2,217.3,1980,15,9,,,,
powertraces-pt200array_pt216_r5_7536312_80-d81f1038b4,2026-05-07T21:05:59.705Z,73.759,3,198.69,1980,23,15,,,,
powertraces-pt200array_pt216_r5_7536312_80-d81f1038b4,2026-05-07T21:05:59.805Z,73.859,0,203.51,1980,22,14,,,,
powertraces-pt200array_pt216_r5_7536312_80-d81f1038b4,2026-05-07T21:05:59.805Z,73.859,1,215.27,1980,17,10,,,,
powertraces-pt200array_pt216_r5_7536312_80-d81f1038b4,2026-05-07T21:05:59.805Z,73.859,2,220.52,1980,15,9,,,,
powertraces-pt200array_pt216_r5_7536312_80-d81f1038b4,2026-05-07T21:05:59.805Z,73.859,3,196.27,1980,23,15,,,,
powertraces-pt200array_pt216_r5_7536312_80-d81f1038b4,2026-05-07T21:05:59.905Z,73.959,0,202.41,1980,22,14,,,,
powertraces-pt200array_pt216_r5_7536312_80-d81f1038b4,2026-05-07T21:05:59.905Z,73.959,1,211.01,1980,17,10,,,,
powertraces-pt200array_pt216_r5_7536312_80-d81f1038b4,2026-05-07T21:05:59.905Z,73.959,2,216.65,1980,15,9,,,,
powertraces-pt200array_pt216_r5_7536312_80-d81f1038b4,2026-05-07T21:05:59.905Z,73.959,3,197.8,1980,23,15,,,,
powertraces-pt200array_pt216_r5_7536312_80-d81f1038b4,2026-05-07T21:06:00.005Z,74.059,0,204.48,1980,22,14,,,,
powertraces-pt200array_pt216_r5_7536312_80-d81f1038b4,2026-05-07T21:06:00.005Z,74.059,1,215.68,1980,17,10,,,,
powertraces-pt200array_pt216_r5_7536312_80-d81f1038b4,2026-05-07T21:06:00.005Z,74.059,2,220.06,1980,17,10,,,,
powertraces-pt200array_pt216_r5_7536312_80-d81f1038b4,2026-05-07T21:06:00.005Z,74.059,3,197.1,1980,23,16,,,,
powertraces-pt200array_pt216_r5_7536312_80-d81f1038b4,2026-05-07T21:06:00.105Z,74.159,0,202.88,1980,22,14,,,,
powertraces-pt200array_pt216_r5_7536312_80-d81f1038b4,2026-05-07T21:06:00.105Z,74.159,1,213.6,1980,17,10,,,,
powertraces-pt200array_pt216_r5_7536312_80-d81f1038b4,2026-05-07T21:06:00.105Z,74.159,2,218.0,1980,17,10,,,,
powertraces-pt200array_pt216_r5_7536312_80-d81f1038b4,2026-05-07T21:06:00.105Z,74.159,3,196.21,1980,23,16,,,,
powertraces-pt200array_pt216_r5_7536312_80-d81f1038b4,2026-05-07T21:06:00.205Z,74.259,0,203.71,1980,22,14,,,,
powertraces-pt200array_pt216_r5_7536312_80-d81f1038b4,2026-05-07T21:06:00.206Z,74.26,1,214.54,1980,17,10,,,,
powertraces-pt200array_pt216_r5_7536312_80-d81f1038b4,2026-05-07T21:06:00.206Z,74.26,2,218.97,1980,17,10,,,,
powertraces-pt200array_pt216_r5_7536312_80-d81f1038b4,2026-05-07T21:06:00.206Z,74.26,3,198.18,1980,23,15,,,,
powertraces-pt200array_pt216_r5_7536312_80-d81f1038b4,2026-05-07T21:06:00.306Z,74.36,0,202.13,1980,22,14,,,,
powertraces-pt200array_pt216_r5_7536312_80-d81f1038b4,2026-05-07T21:06:00.306Z,74.36,1,212.18,1980,16,10,,,,
powertraces-pt200array_pt216_r5_7536312_80-d81f1038b4,2026-05-07T21:06:00.306Z,74.36,2,215.97,1980,17,10,,,,
powertraces-pt200array_pt216_r5_7536312_80-d81f1038b4,2026-05-07T21:06:00.306Z,74.36,3,196.26,1980,23,15,,,,
powertraces-pt200array_pt216_r5_7536312_80-d81f1038b4,2026-05-07T21:06:00.406Z,74.46,0,201.5,1980,22,14,,,,
powertraces-pt200array_pt216_r5_7536312_80-d81f1038b4,2026-05-07T21:06:00.406Z,74.46,1,207.22,1980,16,10,,,,
powertraces-pt200array_pt216_r5_7536312_80-d81f1038b4,2026-05-07T21:06:00.406Z,74.46,2,214.48,1980,17,10,,,,
powertraces-pt200array_pt216_r5_7536312_80-d81f1038b4,2026-05-07T21:06:00.406Z,74.46,3,194.5,1980,23,15,,,,
powertraces-pt200array_pt216_r5_7536312_80-d81f1038b4,2026-05-07T21:06:00.506Z,74.56,0,202.43,1980,22,14,,,,
powertraces-pt200array_pt216_r5_7536312_80-d81f1038b4,2026-05-07T21:06:00.506Z,74.56,1,211.06,1980,37,28,,,,
powertraces-pt200array_pt216_r5_7536312_80-d81f1038b4,2026-05-07T21:06:00.506Z,74.56,2,214.14,1980,17,10,,,,
powertraces-pt200array_pt216_r5_7536312_80-d81f1038b4,2026-05-07T21:06:00.506Z,74.56,3,199.76,1980,23,15,,,,
powertraces-pt200array_pt216_r5_7536312_80-d81f1038b4,2026-05-07T21:06:00.606Z,74.66,0,202.14,1980,18,11,,,,
powertraces-pt200array_pt216_r5_7536312_80-d81f1038b4,2026-05-07T21:06:00.606Z,74.66,1,210.17,1980,37,28,,,,
powertraces-pt200array_pt216_r5_7536312_80-d81f1038b4,2026-05-07T21:06:00.606Z,74.66,2,213.18,1980,20,12,,,,
powertraces-pt200array_pt216_r5_7536312_80-d81f1038b4,2026-05-07T21:06:00.606Z,74.66,3,202.21,1980,14,9,,,,
powertraces-pt200array_pt216_r5_7536312_80-d81f1038b4,2026-05-07T21:06:00.706Z,74.76,0,204.12,1980,18,11,,,,
powertraces-pt200array_pt216_r5_7536312_80-d81f1038b4,2026-05-07T21:06:00.706Z,74.76,1,210.97,1980,20,13,,,,
powertraces-pt200array_pt216_r5_7536312_80-d81f1038b4,2026-05-07T21:06:00.706Z,74.76,2,214.23,1980,20,12,,,,
powertraces-pt200array_pt216_r5_7536312_80-d81f1038b4,2026-05-07T21:06:00.707Z,74.761,3,201.33,1980,14,9,,,,
powertraces-pt200array_pt216_r5_7536312_80-d81f1038b4,2026-05-07T21:06:00.807Z,74.861,0,203.3,1980,22,14,,,,
powertraces-pt200array_pt216_r5_7536312_80-d81f1038b4,2026-05-07T21:06:00.807Z,74.861,1,208.84,1980,20,13,,,,
powertraces-pt200array_pt216_r5_7536312_80-d81f1038b4,2026-05-07T21:06:00.807Z,74.861,2,212.63,1980,22,15,,,,
powertraces-pt200array_pt216_r5_7536312_80-d81f1038b4,2026-05-07T21:06:00.807Z,74.861,3,200.99,1980,15,9,,,,
powertraces-pt200array_pt216_r5_7536312_80-d81f1038b4,2026-05-07T21:06:00.907Z,74.961,0,204.78,1980,22,14,,,,
powertraces-pt200array_pt216_r5_7536312_80-d81f1038b4,2026-05-07T21:06:00.907Z,74.961,1,212.11,1980,18,11,,,,
powertraces-pt200array_pt216_r5_7536312_80-d81f1038b4,2026-05-07T21:06:00.907Z,74.961,2,217.12,1980,22,15,,,,
powertraces-pt200array_pt216_r5_7536312_80-d81f1038b4,2026-05-07T21:06:00.907Z,74.961,3,202.57,1980,15,9,,,,
powertraces-pt200array_pt216_r5_7536312_80-d81f1038b4,2026-05-07T21:06:01.007Z,75.061,0,203.2,1980,22,14,,,,
powertraces-pt200array_pt216_r5_7536312_80-d81f1038b4,2026-05-07T21:06:01.007Z,75.061,1,209.56,1980,18,11,,,,
powertraces-pt200array_pt216_r5_7536312_80-d81f1038b4,2026-05-07T21:06:01.007Z,75.061,2,214.64,1980,19,12,,,,
powertraces-pt200array_pt216_r5_7536312_80-d81f1038b4,2026-05-07T21:06:01.007Z,75.061,3,200.9,1980,18,12,,,,
powertraces-pt200array_pt216_r5_7536312_80-d81f1038b4,2026-05-07T21:06:01.107Z,75.161,0,203.75,1980,22,14,,,,
powertraces-pt200array_pt216_r5_7536312_80-d81f1038b4,2026-05-07T21:06:01.107Z,75.161,1,213.32,1980,17,10,,,,
powertraces-pt200array_pt216_r5_7536312_80-d81f1038b4,2026-05-07T21:06:01.107Z,75.161,2,217.1,1980,19,12,,,,
powertraces-pt200array_pt216_r5_7536312_80-d81f1038b4,2026-05-07T21:06:01.107Z,75.161,3,203.65,1980,18,12,,,,
powertraces-pt200array_pt216_r5_7536312_80-d81f1038b4,2026-05-07T21:06:01.207Z,75.261,0,202.69,1980,22,14,,,,
powertraces-pt200array_pt216_r5_7536312_80-d81f1038b4,2026-05-07T21:06:01.207Z,75.261,1,210.27,1980,17,10,,,,
powertraces-pt200array_pt216_r5_7536312_80-d81f1038b4,2026-05-07T21:06:01.207Z,75.261,2,215.04,1980,16,11,,,,
powertraces-pt200array_pt216_r5_7536312_80-d81f1038b4,2026-05-07T21:06:01.207Z,75.261,3,201.62,1980,20,14,,,,
powertraces-pt200array_pt216_r5_7536312_80-d81f1038b4,2026-05-07T21:06:01.308Z,75.362,0,201.86,1980,22,14,,,,
powertraces-pt200array_pt216_r5_7536312_80-d81f1038b4,2026-05-07T21:06:01.308Z,75.362,1,211.22,1980,17,10,,,,
powertraces-pt200array_pt216_r5_7536312_80-d81f1038b4,2026-05-07T21:06:01.308Z,75.362,2,217.47,1980,16,11,,,,
powertraces-pt200array_pt216_r5_7536312_80-d81f1038b4,2026-05-07T21:06:01.308Z,75.362,3,202.98,1980,20,14,,,,
powertraces-pt200array_pt216_r5_7536312_80-d81f1038b4,2026-05-07T21:06:01.408Z,75.462,0,203.47,1980,22,14,,,,
powertraces-pt200array_pt216_r5_7536312_80-d81f1038b4,2026-05-07T21:06:01.408Z,75.462,1,210.41,1980,17,10,,,,
powertraces-pt200array_pt216_r5_7536312_80-d81f1038b4,2026-05-07T21:06:01.408Z,75.462,2,215.92,1980,16,11,,,,
powertraces-pt200array_pt216_r5_7536312_80-d81f1038b4,2026-05-07T21:06:01.408Z,75.462,3,199.16,1980,20,14,,,,
powertraces-pt200array_pt216_r5_7536312_80-d81f1038b4,2026-05-07T21:06:01.508Z,75.562,0,203.97,1980,22,14,,,,
powertraces-pt200array_pt216_r5_7536312_80-d81f1038b4,2026-05-07T21:06:01.508Z,75.562,1,210.53,1980,39,31,,,,
powertraces-pt200array_pt216_r5_7536312_80-d81f1038b4,2026-05-07T21:06:01.508Z,75.562,2,219.07,1980,16,11,,,,
powertraces-pt200array_pt216_r5_7536312_80-d81f1038b4,2026-05-07T21:06:01.508Z,75.562,3,196.93,1980,20,14,,,,
powertraces-pt200array_pt216_r5_7536312_80-d81f1038b4,2026-05-07T21:06:01.608Z,75.662,0,203.62,1980,36,30,,,,
powertraces-pt200array_pt216_r5_7536312_80-d81f1038b4,2026-05-07T21:06:01.608Z,75.662,1,209.99,1980,39,31,,,,
powertraces-pt200array_pt216_r5_7536312_80-d81f1038b4,2026-05-07T21:06:01.608Z,75.662,2,217.27,1980,38,30,,,,
powertraces-pt200array_pt216_r5_7536312_80-d81f1038b4,2026-05-07T21:06:01.608Z,75.662,3,202.41,1980,32,26,,,,
powertraces-pt200array_pt216_r5_7536312_80-d81f1038b4,2026-05-07T21:06:01.708Z,75.762,0,203.37,1980,36,30,,,,
powertraces-pt200array_pt216_r5_7536312_80-d81f1038b4,2026-05-07T21:06:01.708Z,75.762,1,209.28,1980,24,16,,,,
powertraces-pt200array_pt216_r5_7536312_80-d81f1038b4,2026-05-07T21:06:01.708Z,75.762,2,213.51,1980,38,30,,,,
powertraces-pt200array_pt216_r5_7536312_80-d81f1038b4,2026-05-07T21:06:01.708Z,75.762,3,203.27,1980,32,26,,,,
powertraces-pt200array_pt216_r5_7536312_80-d81f1038b4,2026-05-07T21:06:01.809Z,75.863,0,205.21,1980,14,9,,,,
powertraces-pt200array_pt216_r5_7536312_80-d81f1038b4,2026-05-07T21:06:01.809Z,75.863,1,210.94,1980,24,16,,,,
powertraces-pt200array_pt216_r5_7536312_80-d81f1038b4,2026-05-07T21:06:01.809Z,75.863,2,216.2,1980,23,16,,,,
powertraces-pt200array_pt216_r5_7536312_80-d81f1038b4,2026-05-07T21:06:01.809Z,75.863,3,202.81,1980,11,8,,,,
powertraces-pt200array_pt216_r5_7536312_80-d81f1038b4,2026-05-07T21:06:01.909Z,75.963,0,203.41,1980,14,9,,,,
powertraces-pt200array_pt216_r5_7536312_80-d81f1038b4,2026-05-07T21:06:01.909Z,75.963,1,207.88,1980,26,17,,,,
powertraces-pt200array_pt216_r5_7536312_80-d81f1038b4,2026-05-07T21:06:01.909Z,75.963,2,212.56,1980,23,16,,,,
powertraces-pt200array_pt216_r5_7536312_80-d81f1038b4,2026-05-07T21:06:01.909Z,75.963,3,204.47,1980,11,8,,,,
powertraces-pt200array_pt216_r5_7536312_80-d81f1038b4,2026-05-07T21:06:02.009Z,76.063,0,203.4,1980,17,11,,,,
powertraces-pt200array_pt216_r5_7536312_80-d81f1038b4,2026-05-07T21:06:02.009Z,76.063,1,209.66,1980,26,17,,,,
powertraces-pt200array_pt216_r5_7536312_80-d81f1038b4,2026-05-07T21:06:02.009Z,76.063,2,214.98,1980,23,15,,,,
powertraces-pt200array_pt216_r5_7536312_80-d81f1038b4,2026-05-07T21:06:02.009Z,76.063,3,205.0,1980,12,8,,,,
powertraces-pt200array_pt216_r5_7536312_80-d81f1038b4,2026-05-07T21:06:02.109Z,76.163,0,202.09,1980,17,11,,,,
powertraces-pt200array_pt216_r5_7536312_80-d81f1038b4,2026-05-07T21:06:02.109Z,76.163,1,207.54,1980,26,17,,,,
powertraces-pt200array_pt216_r5_7536312_80-d81f1038b4,2026-05-07T21:06:02.109Z,76.163,2,213.03,1980,23,15,,,,
powertraces-pt200array_pt216_r5_7536312_80-d81f1038b4,2026-05-07T21:06:02.109Z,76.163,3,203.01,1980,12,8,,,,
powertraces-pt200array_pt216_r5_7536312_80-d81f1038b4,2026-05-07T21:06:02.209Z,76.263,0,204.82,1980,19,13,,,,
powertraces-pt200array_pt216_r5_7536312_80-d81f1038b4,2026-05-07T21:06:02.209Z,76.263,1,209.78,1980,26,17,,,,
powertraces-pt200array_pt216_r5_7536312_80-d81f1038b4,2026-05-07T21:06:02.209Z,76.263,2,214.13,1980,23,16,,,,
powertraces-pt200array_pt216_r5_7536312_80-d81f1038b4,2026-05-07T21:06:02.209Z,76.263,3,203.46,1980,12,8,,,,
powertraces-pt200array_pt216_r5_7536312_80-d81f1038b4,2026-05-07T21:06:02.309Z,76.363,0,205.2,1980,19,13,,,,
powertraces-pt200array_pt216_r5_7536312_80-d81f1038b4,2026-05-07T21:06:02.31Z,76.364,1,207.84,1980,26,16,,,,
powertraces-pt200array_pt216_r5_7536312_80-d81f1038b4,2026-05-07T21:06:02.31Z,76.364,2,213.14,1980,23,16,,,,
powertraces-pt200array_pt216_r5_7536312_80-d81f1038b4,2026-05-07T21:06:02.31Z,76.364,3,203.89,1980,12,8,,,,
powertraces-pt200array_pt216_r5_7536312_80-d81f1038b4,2026-05-07T21:06:02.41Z,76.464,0,204.43,1980,20,13,,,,
powertraces-pt200array_pt216_r5_7536312_80-d81f1038b4,2026-05-07T21:06:02.41Z,76.464,1,211.09,1980,26,16,,,,
powertraces-pt200array_pt216_r5_7536312_80-d81f1038b4,2026-05-07T21:06:02.41Z,76.464,2,214.18,1980,23,16,,,,
powertraces-pt200array_pt216_r5_7536312_80-d81f1038b4,2026-05-07T21:06:02.41Z,76.464,3,203.73,1980,13,8,,,,
powertraces-pt200array_pt216_r5_7536312_80-d81f1038b4,2026-05-07T21:06:02.51Z,76.564,0,197.93,1980,20,13,,,,
powertraces-pt200array_pt216_r5_7536312_80-d81f1038b4,2026-05-07T21:06:02.51Z,76.564,1,203.44,1980,23,14,,,,
powertraces-pt200array_pt216_r5_7536312_80-d81f1038b4,2026-05-07T21:06:02.51Z,76.564,2,210.21,1980,23,16,,,,
powertraces-pt200array_pt216_r5_7536312_80-d81f1038b4,2026-05-07T21:06:02.51Z,76.564,3,203.64,1980,13,8,,,,
powertraces-pt200array_pt216_r5_7536312_80-d81f1038b4,2026-05-07T21:06:02.61Z,76.664,0,203.94,1980,20,14,,,,
powertraces-pt200array_pt216_r5_7536312_80-d81f1038b4,2026-05-07T21:06:02.61Z,76.664,1,210.58,1980,23,14,,,,
powertraces-pt200array_pt216_r5_7536312_80-d81f1038b4,2026-05-07T21:06:02.61Z,76.664,2,218.38,1980,25,17,,,,
powertraces-pt200array_pt216_r5_7536312_80-d81f1038b4,2026-05-07T21:06:02.61Z,76.664,3,197.63,1980,35,29,,,,
powertraces-pt200array_pt216_r5_7536312_80-d81f1038b4,2026-05-07T21:06:02.71Z,76.764,0,206.37,1980,20,14,,,,
powertraces-pt200array_pt216_r5_7536312_80-d81f1038b4,2026-05-07T21:06:02.71Z,76.764,1,209.16,1980,20,12,,,,
powertraces-pt200array_pt216_r5_7536312_80-d81f1038b4,2026-05-07T21:06:02.71Z,76.764,2,219.23,1980,25,17,,,,
powertraces-pt200array_pt216_r5_7536312_80-d81f1038b4,2026-05-07T21:06:02.71Z,76.764,3,200.82,1980,35,29,,,,
powertraces-pt200array_pt216_r5_7536312_80-d81f1038b4,2026-05-07T21:06:02.81Z,76.864,0,204.9,1980,11,7,,,,
powertraces-pt200array_pt216_r5_7536312_80-d81f1038b4,2026-05-07T21:06:02.811Z,76.865,1,208.7,1980,20,12,,,,
powertraces-pt200array_pt216_r5_7536312_80-d81f1038b4,2026-05-07T21:06:02.811Z,76.865,2,218.74,1980,26,17,,,,
powertraces-pt200array_pt216_r5_7536312_80-d81f1038b4,2026-05-07T21:06:02.811Z,76.865,3,201.03,1980,12,8,,,,
powertraces-pt200array_pt216_r5_7536312_80-d81f1038b4,2026-05-07T21:06:02.911Z,76.965,0,206.5,1980,11,7,,,,
powertraces-pt200array_pt216_r5_7536312_80-d81f1038b4,2026-05-07T21:06:02.911Z,76.965,1,211.87,1980,23,16,,,,
powertraces-pt200array_pt216_r5_7536312_80-d81f1038b4,2026-05-07T21:06:02.911Z,76.965,2,220.76,1980,26,17,,,,
powertraces-pt200array_pt216_r5_7536312_80-d81f1038b4,2026-05-07T21:06:02.911Z,76.965,3,200.18,1980,12,8,,,,
powertraces-pt200array_pt216_r5_7536312_80-d81f1038b4,2026-05-07T21:06:03.011Z,77.065,0,204.59,1980,11,7,,,,
powertraces-pt200array_pt216_r5_7536312_80-d81f1038b4,2026-05-07T21:06:03.011Z,77.065,1,208.58,1980,23,16,,,,
powertraces-pt200array_pt216_r5_7536312_80-d81f1038b4,2026-05-07T21:06:03.011Z,77.065,2,217.47,1980,24,16,,,,
powertraces-pt200array_pt216_r5_7536312_80-d81f1038b4,2026-05-07T21:06:03.011Z,77.065,3,200.59,1980,12,8,,,,
powertraces-pt200array_pt216_r5_7536312_80-d81f1038b4,2026-05-07T21:06:03.111Z,77.165,0,206.93,1980,11,7,,,,
powertraces-pt200array_pt216_r5_7536312_80-d81f1038b4,2026-05-07T21:06:03.111Z,77.165,1,212.1,1980,23,15,,,,
powertraces-pt200array_pt216_r5_7536312_80-d81f1038b4,2026-05-07T21:06:03.111Z,77.165,2,221.53,1980,24,16,,,,
powertraces-pt200array_pt216_r5_7536312_80-d81f1038b4,2026-05-07T21:06:03.111Z,77.165,3,200.87,1980,12,8,,,,
powertraces-pt200array_pt216_r5_7536312_80-d81f1038b4,2026-05-07T21:06:03.211Z,77.265,0,204.94,1980,11,7,,,,
powertraces-pt200array_pt216_r5_7536312_80-d81f1038b4,2026-05-07T21:06:03.211Z,77.265,1,209.41,1980,23,15,,,,
powertraces-pt200array_pt216_r5_7536312_80-d81f1038b4,2026-05-07T21:06:03.211Z,77.265,2,218.91,1980,23,16,,,,
powertraces-pt200array_pt216_r5_7536312_80-d81f1038b4,2026-05-07T21:06:03.211Z,77.265,3,197.88,1980,11,8,,,,
powertraces-pt200array_pt216_r5_7536312_80-d81f1038b4,2026-05-07T21:06:03.311Z,77.365,0,205.51,1980,11,7,,,,
powertraces-pt200array_pt216_r5_7536312_80-d81f1038b4,2026-05-07T21:06:03.311Z,77.365,1,212.6,1980,23,16,,,,
powertraces-pt200array_pt216_r5_7536312_80-d81f1038b4,2026-05-07T21:06:03.311Z,77.365,2,221.67,1980,23,16,,,,
powertraces-pt200array_pt216_r5_7536312_80-d81f1038b4,2026-05-07T21:06:03.312Z,77.366,3,201.17,1980,11,8,,,,
powertraces-pt200array_pt216_r5_7536312_80-d81f1038b4,2026-05-07T21:06:03.412Z,77.466,0,206.78,1980,11,7,,,,
powertraces-pt200array_pt216_r5_7536312_80-d81f1038b4,2026-05-07T21:06:03.412Z,77.466,1,209.76,1980,23,16,,,,
powertraces-pt200array_pt216_r5_7536312_80-d81f1038b4,2026-05-07T21:06:03.412Z,77.466,2,220.08,1980,23,16,,,,
powertraces-pt200array_pt216_r5_7536312_80-d81f1038b4,2026-05-07T21:06:03.412Z,77.466,3,199.45,1980,11,8,,,,
powertraces-pt200array_pt216_r5_7536312_80-d81f1038b4,2026-05-07T21:06:03.512Z,77.566,0,207.08,1980,11,7,,,,
powertraces-pt200array_pt216_r5_7536312_80-d81f1038b4,2026-05-07T21:06:03.512Z,77.566,1,211.47,1980,24,16,,,,
powertraces-pt200array_pt216_r5_7536312_80-d81f1038b4,2026-05-07T21:06:03.512Z,77.566,2,218.89,1980,23,16,,,,
powertraces-pt200array_pt216_r5_7536312_80-d81f1038b4,2026-05-07T21:06:03.512Z,77.566,3,202.0,1980,11,8,,,,
powertraces-pt200array_pt216_r5_7536312_80-d81f1038b4,2026-05-07T21:06:03.612Z,77.666,0,200.99,1980,14,9,,,,
powertraces-pt200array_pt216_r5_7536312_80-d81f1038b4,2026-05-07T21:06:03.612Z,77.666,1,206.98,1980,24,16,,,,
powertraces-pt200array_pt216_r5_7536312_80-d81f1038b4,2026-05-07T21:06:03.612Z,77.666,2,214.29,1980,23,16,,,,
powertraces-pt200array_pt216_r5_7536312_80-d81f1038b4,2026-05-07T21:06:03.612Z,77.666,3,194.58,1980,11,8,,,,
powertraces-pt200array_pt216_r5_7536312_80-d81f1038b4,2026-05-07T21:06:03.712Z,77.766,0,205.52,1980,14,9,,,,
powertraces-pt200array_pt216_r5_7536312_80-d81f1038b4,2026-05-07T21:06:03.712Z,77.766,1,215.5,1980,43,35,,,,
powertraces-pt200array_pt216_r5_7536312_80-d81f1038b4,2026-05-07T21:06:03.712Z,77.766,2,223.9,1980,23,16,,,,
powertraces-pt200array_pt216_r5_7536312_80-d81f1038b4,2026-05-07T21:06:03.712Z,77.766,3,199.95,1980,11,8,,,,
powertraces-pt200array_pt216_r5_7536312_80-d81f1038b4,2026-05-07T21:06:03.812Z,77.866,0,212.51,1980,39,31,,,,
powertraces-pt200array_pt216_r5_7536312_80-d81f1038b4,2026-05-07T21:06:03.812Z,77.866,1,220.86,1980,43,35,,,,
powertraces-pt200array_pt216_r5_7536312_80-d81f1038b4,2026-05-07T21:06:03.812Z,77.866,2,227.07,1980,40,32,,,,
powertraces-pt200array_pt216_r5_7536312_80-d81f1038b4,2026-05-07T21:06:03.812Z,77.866,3,207.92,1980,37,29,,,,
powertraces-pt200array_pt216_r5_7536312_80-d81f1038b4,2026-05-07T21:06:03.913Z,77.967,0,207.17,1980,39,31,,,,
powertraces-pt200array_pt216_r5_7536312_80-d81f1038b4,2026-05-07T21:06:03.913Z,77.967,1,216.22,1980,17,10,,,,
powertraces-pt200array_pt216_r5_7536312_80-d81f1038b4,2026-05-07T21:06:03.913Z,77.967,2,226.05,1980,40,32,,,,
powertraces-pt200array_pt216_r5_7536312_80-d81f1038b4,2026-05-07T21:06:03.913Z,77.967,3,206.78,1980,37,29,,,,
powertraces-pt200array_pt216_r5_7536312_80-d81f1038b4,2026-05-07T21:06:04.013Z,78.067,0,212.13,1980,22,14,,,,
powertraces-pt200array_pt216_r5_7536312_80-d81f1038b4,2026-05-07T21:06:04.013Z,78.067,1,221.51,1980,17,10,,,,
powertraces-pt200array_pt216_r5_7536312_80-d81f1038b4,2026-05-07T21:06:04.013Z,78.067,2,228.06,1980,16,10,,,,
powertraces-pt200array_pt216_r5_7536312_80-d81f1038b4,2026-05-07T21:06:04.013Z,78.067,3,207.91,1980,23,16,,,,
powertraces-pt200array_pt216_r5_7536312_80-d81f1038b4,2026-05-07T21:06:04.113Z,78.167,0,207.76,1980,22,14,,,,
powertraces-pt200array_pt216_r5_7536312_80-d81f1038b4,2026-05-07T21:06:04.113Z,78.167,1,214.72,1980,17,10,,,,
powertraces-pt200array_pt216_r5_7536312_80-d81f1038b4,2026-05-07T21:06:04.113Z,78.167,2,223.67,1980,16,10,,,,
powertraces-pt200array_pt216_r5_7536312_80-d81f1038b4,2026-05-07T21:06:04.113Z,78.167,3,206.57,1980,23,16,,,,
powertraces-pt200array_pt216_r5_7536312_80-d81f1038b4,2026-05-07T21:06:04.213Z,78.267,0,211.33,1980,22,14,,,,
powertraces-pt200array_pt216_r5_7536312_80-d81f1038b4,2026-05-07T21:06:04.213Z,78.267,1,220.6,1980,17,10,,,,
powertraces-pt200array_pt216_r5_7536312_80-d81f1038b4,2026-05-07T21:06:04.213Z,78.267,2,226.46,1980,17,10,,,,
powertraces-pt200array_pt216_r5_7536312_80-d81f1038b4,2026-05-07T21:06:04.213Z,78.267,3,209.56,1980,23,15,,,,
powertraces-pt200array_pt216_r5_7536312_80-d81f1038b4,2026-05-07T21:06:04.313Z,78.367,0,209.28,1980,22,14,,,,
powertraces-pt200array_pt216_r5_7536312_80-d81f1038b4,2026-05-07T21:06:04.313Z,78.367,1,214.17,1980,17,10,,,,
powertraces-pt200array_pt216_r5_7536312_80-d81f1038b4,2026-05-07T21:06:04.313Z,78.367,2,224.8,1980,17,10,,,,
powertraces-pt200array_pt216_r5_7536312_80-d81f1038b4,2026-05-07T21:06:04.313Z,78.367,3,204.72,1980,23,15,,,,
powertraces-pt200array_pt216_r5_7536312_80-d81f1038b4,2026-05-07T21:06:04.414Z,78.468,0,207.98,1980,22,14,,,,
powertraces-pt200array_pt216_r5_7536312_80-d81f1038b4,2026-05-07T21:06:04.414Z,78.468,1,216.65,1980,17,10,,,,
powertraces-pt200array_pt216_r5_7536312_80-d81f1038b4,2026-05-07T21:06:04.414Z,78.468,2,223.25,1980,17,10,,,,
powertraces-pt200array_pt216_r5_7536312_80-d81f1038b4,2026-05-07T21:06:04.414Z,78.468,3,208.97,1980,23,15,,,,
powertraces-pt200array_pt216_r5_7536312_80-d81f1038b4,2026-05-07T21:06:04.514Z,78.568,0,207.66,1980,22,14,,,,
powertraces-pt200array_pt216_r5_7536312_80-d81f1038b4,2026-05-07T21:06:04.514Z,78.568,1,217.12,1980,15,9,,,,
powertraces-pt200array_pt216_r5_7536312_80-d81f1038b4,2026-05-07T21:06:04.514Z,78.568,2,227.1,1980,17,10,,,,
powertraces-pt200array_pt216_r5_7536312_80-d81f1038b4,2026-05-07T21:06:04.514Z,78.568,3,205.79,1980,23,15,,,,
powertraces-pt200array_pt216_r5_7536312_80-d81f1038b4,2026-05-07T21:06:04.614Z,78.668,0,208.25,1980,19,11,,,,
powertraces-pt200array_pt216_r5_7536312_80-d81f1038b4,2026-05-07T21:06:04.614Z,78.668,1,216.43,1980,15,9,,,,
powertraces-pt200array_pt216_r5_7536312_80-d81f1038b4,2026-05-07T21:06:04.614Z,78.668,2,222.05,1980,17,10,,,,
powertraces-pt200array_pt216_r5_7536312_80-d81f1038b4,2026-05-07T21:06:04.614Z,78.668,3,208.63,1980,23,15,,,,
powertraces-pt200array_pt216_r5_7536312_80-d81f1038b4,2026-05-07T21:06:04.714Z,78.768,0,203.77,1980,19,11,,,,
powertraces-pt200array_pt216_r5_7536312_80-d81f1038b4,2026-05-07T21:06:04.714Z,78.768,1,213.79,1980,14,9,,,,
powertraces-pt200array_pt216_r5_7536312_80-d81f1038b4,2026-05-07T21:06:04.714Z,78.768,2,215.68,1980,17,10,,,,
powertraces-pt200array_pt216_r5_7536312_80-d81f1038b4,2026-05-07T21:06:04.714Z,78.768,3,204.15,1980,23,15,,,,
powertraces-pt200array_pt216_r5_7536312_80-d81f1038b4,2026-05-07T21:06:04.814Z,78.868,0,203.08,1980,15,9,,,,
powertraces-pt200array_pt216_r5_7536312_80-d81f1038b4,2026-05-07T21:06:04.814Z,78.868,1,208.65,1980,14,9,,,,
powertraces-pt200array_pt216_r5_7536312_80-d81f1038b4,2026-05-07T21:06:04.814Z,78.868,2,217.02,1980,17,10,,,,
powertraces-pt200array_pt216_r5_7536312_80-d81f1038b4,2026-05-07T21:06:04.814Z,78.868,3,195.01,1980,23,15,,,,
powertraces-pt200array_pt216_r5_7536312_80-d81f1038b4,2026-05-07T21:06:04.914Z,78.968,0,206.66,1980,15,9,,,,
powertraces-pt200array_pt216_r5_7536312_80-d81f1038b4,2026-05-07T21:06:04.915Z,78.969,1,212.76,1980,31,22,,,,
powertraces-pt200array_pt216_r5_7536312_80-d81f1038b4,2026-05-07T21:06:04.915Z,78.969,2,222.66,1980,17,10,,,,
powertraces-pt200array_pt216_r5_7536312_80-d81f1038b4,2026-05-07T21:06:04.915Z,78.969,3,197.77,1980,23,15,,,,
powertraces-pt200array_pt216_r5_7536312_80-d81f1038b4,2026-05-07T21:06:05.015Z,79.069,0,204.9,1980,19,11,,,,
powertraces-pt200array_pt216_r5_7536312_80-d81f1038b4,2026-05-07T21:06:05.015Z,79.069,1,209.28,1980,31,22,,,,
powertraces-pt200array_pt216_r5_7536312_80-d81f1038b4,2026-05-07T21:06:05.015Z,79.069,2,219.45,1980,20,12,,,,
powertraces-pt200array_pt216_r5_7536312_80-d81f1038b4,2026-05-07T21:06:05.015Z,79.069,3,197.78,1980,21,14,,,,
powertraces-pt200array_pt216_r5_7536312_80-d81f1038b4,2026-05-07T21:06:05.115Z,79.169,0,206.54,1980,19,11,,,,
powertraces-pt200array_pt216_r5_7536312_80-d81f1038b4,2026-05-07T21:06:05.115Z,79.169,1,212.05,1980,17,10,,,,
powertraces-pt200array_pt216_r5_7536312_80-d81f1038b4,2026-05-07T21:06:05.115Z,79.169,2,222.38,1980,20,12,,,,
powertraces-pt200array_pt216_r5_7536312_80-d81f1038b4,2026-05-07T21:06:05.115Z,79.169,3,197.26,1980,21,14,,,,
powertraces-pt200array_pt216_r5_7536312_80-d81f1038b4,2026-05-07T21:06:05.215Z,79.269,0,206.49,1980,22,14,,,,
powertraces-pt200array_pt216_r5_7536312_80-d81f1038b4,2026-05-07T21:06:05.215Z,79.269,1,209.7,1980,17,10,,,,
powertraces-pt200array_pt216_r5_7536312_80-d81f1038b4,2026-05-07T21:06:05.215Z,79.269,2,220.85,1980,14,9,,,,
powertraces-pt200array_pt216_r5_7536312_80-d81f1038b4,2026-05-07T21:06:05.215Z,79.269,3,197.25,1980,23,15,,,,
powertraces-pt200array_pt216_r5_7536312_80-d81f1038b4,2026-05-07T21:06:05.315Z,79.369,0,204.71,1980,22,14,,,,
powertraces-pt200array_pt216_r5_7536312_80-d81f1038b4,2026-05-07T21:06:05.315Z,79.369,1,209.84,1980,17,10,,,,
powertraces-pt200array_pt216_r5_7536312_80-d81f1038b4,2026-05-07T21:06:05.315Z,79.369,2,222.0,1980,14,9,,,,
powertraces-pt200array_pt216_r5_7536312_80-d81f1038b4,2026-05-07T21:06:05.315Z,79.369,3,198.43,1980,23,15,,,,
powertraces-pt200array_pt216_r5_7536312_80-d81f1038b4,2026-05-07T21:06:05.415Z,79.469,0,208.62,1980,22,14,,,,
powertraces-pt200array_pt216_r5_7536312_80-d81f1038b4,2026-05-07T21:06:05.416Z,79.47,1,212.57,1980,17,10,,,,
powertraces-pt200array_pt216_r5_7536312_80-d81f1038b4,2026-05-07T21:06:05.416Z,79.47,2,223.24,1980,16,10,,,,
powertraces-pt200array_pt216_r5_7536312_80-d81f1038b4,2026-05-07T21:06:05.416Z,79.47,3,198.19,1980,23,15,,,,
powertraces-pt200array_pt216_r5_7536312_80-d81f1038b4,2026-05-07T21:06:05.516Z,79.57,0,207.32,1980,22,14,,,,
powertraces-pt200array_pt216_r5_7536312_80-d81f1038b4,2026-05-07T21:06:05.516Z,79.57,1,208.23,1980,17,10,,,,
powertraces-pt200array_pt216_r5_7536312_80-d81f1038b4,2026-05-07T21:06:05.516Z,79.57,2,219.76,1980,16,10,,,,
powertraces-pt200array_pt216_r5_7536312_80-d81f1038b4,2026-05-07T21:06:05.516Z,79.57,3,197.48,1980,23,15,,,,
powertraces-pt200array_pt216_r5_7536312_80-d81f1038b4,2026-05-07T21:06:05.616Z,79.67,0,207.69,1980,22,14,,,,
powertraces-pt200array_pt216_r5_7536312_80-d81f1038b4,2026-05-07T21:06:05.616Z,79.67,1,211.83,1980,17,10,,,,
powertraces-pt200array_pt216_r5_7536312_80-d81f1038b4,2026-05-07T21:06:05.616Z,79.67,2,222.33,1980,17,10,,,,
powertraces-pt200array_pt216_r5_7536312_80-d81f1038b4,2026-05-07T21:06:05.616Z,79.67,3,198.64,1980,23,15,,,,
powertraces-pt200array_pt216_r5_7536312_80-d81f1038b4,2026-05-07T21:06:05.716Z,79.77,0,206.82,1980,22,14,,,,
powertraces-pt200array_pt216_r5_7536312_80-d81f1038b4,2026-05-07T21:06:05.716Z,79.77,1,207.33,1980,17,10,,,,
powertraces-pt200array_pt216_r5_7536312_80-d81f1038b4,2026-05-07T21:06:05.716Z,79.77,2,219.54,1980,17,10,,,,
powertraces-pt200array_pt216_r5_7536312_80-d81f1038b4,2026-05-07T21:06:05.716Z,79.77,3,196.79,1980,23,15,,,,
powertraces-pt200array_pt216_r5_7536312_80-d81f1038b4,2026-05-07T21:06:05.816Z,79.87,0,206.43,1980,22,14,,,,
powertraces-pt200array_pt216_r5_7536312_80-d81f1038b4,2026-05-07T21:06:05.816Z,79.87,1,207.16,1980,17,10,,,,
powertraces-pt200array_pt216_r5_7536312_80-d81f1038b4,2026-05-07T21:06:05.816Z,79.87,2,214.34,1980,17,10,,,,
powertraces-pt200array_pt216_r5_7536312_80-d81f1038b4,2026-05-07T21:06:05.816Z,79.87,3,199.34,1980,23,15,,,,
powertraces-pt200array_pt216_r5_7536312_80-d81f1038b4,2026-05-07T21:06:05.916Z,79.97,0,208.57,1980,22,14,,,,
powertraces-pt200array_pt216_r5_7536312_80-d81f1038b4,2026-05-07T21:06:05.917Z,79.971,1,213.35,1980,42,34,,,,
powertraces-pt200array_pt216_r5_7536312_80-d81f1038b4,2026-05-07T21:06:05.917Z,79.971,2,218.38,1980,17,10,,,,
powertraces-pt200array_pt216_r5_7536312_80-d81f1038b4,2026-05-07T21:06:05.917Z,79.971,3,199.35,1980,23,15,,,,
powertraces-pt200array_pt216_r5_7536312_80-d81f1038b4,2026-05-07T21:06:06.017Z,80.071,0,209.45,1980,40,31,,,,
powertraces-pt200array_pt216_r5_7536312_80-d81f1038b4,2026-05-07T21:06:06.017Z,80.071,1,213.73,1980,42,34,,,,
powertraces-pt200array_pt216_r5_7536312_80-d81f1038b4,2026-05-07T21:06:06.017Z,80.071,2,217.43,1980,38,30,,,,
powertraces-pt200array_pt216_r5_7536312_80-d81f1038b4,2026-05-07T21:06:06.017Z,80.071,3,202.14,1980,22,15,,,,
powertraces-pt200array_pt216_r5_7536312_80-d81f1038b4,2026-05-07T21:06:06.117Z,80.171,0,208.71,1980,40,31,,,,
powertraces-pt200array_pt216_r5_7536312_80-d81f1038b4,2026-05-07T21:06:06.117Z,80.171,1,213.68,1980,20,12,,,,
powertraces-pt200array_pt216_r5_7536312_80-d81f1038b4,2026-05-07T21:06:06.117Z,80.171,2,220.94,1980,38,30,,,,
powertraces-pt200array_pt216_r5_7536312_80-d81f1038b4,2026-05-07T21:06:06.117Z,80.171,3,202.35,1980,22,15,,,,
powertraces-pt200array_pt216_r5_7536312_80-d81f1038b4,2026-05-07T21:06:06.217Z,80.271,0,208.76,1980,22,14,,,,
powertraces-pt200array_pt216_r5_7536312_80-d81f1038b4,2026-05-07T21:06:06.217Z,80.271,1,213.39,1980,20,12,,,,
powertraces-pt200array_pt216_r5_7536312_80-d81f1038b4,2026-05-07T21:06:06.217Z,80.271,2,218.39,1980,20,14,,,,
powertraces-pt200array_pt216_r5_7536312_80-d81f1038b4,2026-05-07T21:06:06.217Z,80.271,3,203.49,1980,17,11,,,,
powertraces-pt200array_pt216_r5_7536312_80-d81f1038b4,2026-05-07T21:06:06.317Z,80.371,0,208.82,1980,22,14,,,,
powertraces-pt200array_pt216_r5_7536312_80-d81f1038b4,2026-05-07T21:06:06.317Z,80.371,1,214.93,1980,17,10,,,,
powertraces-pt200array_pt216_r5_7536312_80-d81f1038b4,2026-05-07T21:06:06.317Z,80.371,2,219.91,1980,20,14,,,,
powertraces-pt200array_pt216_r5_7536312_80-d81f1038b4,2026-05-07T21:06:06.317Z,80.371,3,203.36,1980,17,11,,,,
powertraces-pt200array_pt216_r5_7536312_80-d81f1038b4,2026-05-07T21:06:06.417Z,80.471,0,207.94,1980,22,14,,,,
powertraces-pt200array_pt216_r5_7536312_80-d81f1038b4,2026-05-07T21:06:06.417Z,80.471,1,211.31,1980,17,10,,,,
powertraces-pt200array_pt216_r5_7536312_80-d81f1038b4,2026-05-07T21:06:06.417Z,80.471,2,217.0,1980,17,11,,,,
powertraces-pt200array_pt216_r5_7536312_80-d81f1038b4,2026-05-07T21:06:06.418Z,80.472,3,202.76,1980,19,13,,,,
powertraces-pt200array_pt216_r5_7536312_80-d81f1038b4,2026-05-07T21:06:06.518Z,80.572,0,208.27,1980,22,14,,,,
powertraces-pt200array_pt216_r5_7536312_80-d81f1038b4,2026-05-07T21:06:06.518Z,80.572,1,214.45,1980,17,10,,,,
powertraces-pt200array_pt216_r5_7536312_80-d81f1038b4,2026-05-07T21:06:06.518Z,80.572,2,220.46,1980,17,11,,,,
powertraces-pt200array_pt216_r5_7536312_80-d81f1038b4,2026-05-07T21:06:06.518Z,80.572,3,202.82,1980,19,13,,,,
powertraces-pt200array_pt216_r5_7536312_80-d81f1038b4,2026-05-07T21:06:06.618Z,80.672,0,210.48,1980,22,14,,,,
powertraces-pt200array_pt216_r5_7536312_80-d81f1038b4,2026-05-07T21:06:06.618Z,80.672,1,213.33,1980,17,10,,,,
powertraces-pt200array_pt216_r5_7536312_80-d81f1038b4,2026-05-07T21:06:06.618Z,80.672,2,218.93,1980,14,9,,,,
powertraces-pt200array_pt216_r5_7536312_80-d81f1038b4,2026-05-07T21:06:06.618Z,80.672,3,201.74,1980,23,15,,,,
powertraces-pt200array_pt216_r5_7536312_80-d81f1038b4,2026-05-07T21:06:06.718Z,80.772,0,209.51,1980,22,14,,,,
powertraces-pt200array_pt216_r5_7536312_80-d81f1038b4,2026-05-07T21:06:06.718Z,80.772,1,211.93,1980,17,10,,,,
powertraces-pt200array_pt216_r5_7536312_80-d81f1038b4,2026-05-07T21:06:06.718Z,80.772,2,219.62,1980,14,9,,,,
powertraces-pt200array_pt216_r5_7536312_80-d81f1038b4,2026-05-07T21:06:06.718Z,80.772,3,201.68,1980,23,15,,,,
powertraces-pt200array_pt216_r5_7536312_80-d81f1038b4,2026-05-07T21:06:06.818Z,80.872,0,211.5,1980,22,14,,,,
powertraces-pt200array_pt216_r5_7536312_80-d81f1038b4,2026-05-07T21:06:06.818Z,80.872,1,214.17,1980,17,10,,,,
powertraces-pt200array_pt216_r5_7536312_80-d81f1038b4,2026-05-07T21:06:06.818Z,80.872,2,221.13,1980,16,10,,,,
powertraces-pt200array_pt216_r5_7536312_80-d81f1038b4,2026-05-07T21:06:06.818Z,80.872,3,200.77,1980,23,15,,,,
powertraces-pt200array_pt216_r5_7536312_80-d81f1038b4,2026-05-07T21:06:06.918Z,80.972,0,201.04,1980,22,14,,,,
powertraces-pt200array_pt216_r5_7536312_80-d81f1038b4,2026-05-07T21:06:06.918Z,80.972,1,204.31,1980,17,10,,,,
powertraces-pt200array_pt216_r5_7536312_80-d81f1038b4,2026-05-07T21:06:06.918Z,80.972,2,214.26,1980,16,10,,,,
powertraces-pt200array_pt216_r5_7536312_80-d81f1038b4,2026-05-07T21:06:06.918Z,80.972,3,199.88,1980,23,15,,,,
powertraces-pt200array_pt216_r5_7536312_80-d81f1038b4,2026-05-07T21:06:07.019Z,81.073,0,207.38,1980,34,26,,,,
powertraces-pt200array_pt216_r5_7536312_80-d81f1038b4,2026-05-07T21:06:07.019Z,81.073,1,209.84,1980,17,10,,,,
powertraces-pt200array_pt216_r5_7536312_80-d81f1038b4,2026-05-07T21:06:07.019Z,81.073,2,217.9,1980,34,26,,,,
powertraces-pt200array_pt216_r5_7536312_80-d81f1038b4,2026-05-07T21:06:07.019Z,81.073,3,202.88,1980,37,31,,,,
powertraces-pt200array_pt216_r5_7536312_80-d81f1038b4,2026-05-07T21:06:07.119Z,81.173,0,205.37,1980,34,26,,,,
powertraces-pt200array_pt216_r5_7536312_80-d81f1038b4,2026-05-07T21:06:07.119Z,81.173,1,205.81,1980,23,13,,,,
powertraces-pt200array_pt216_r5_7536312_80-d81f1038b4,2026-05-07T21:06:07.119Z,81.173,2,214.9,1980,34,26,,,,
powertraces-pt200array_pt216_r5_7536312_80-d81f1038b4,2026-05-07T21:06:07.119Z,81.173,3,202.82,1980,37,31,,,,
powertraces-pt200array_pt216_r5_7536312_80-d81f1038b4,2026-05-07T21:06:07.219Z,81.273,0,209.52,1980,20,14,,,,
powertraces-pt200array_pt216_r5_7536312_80-d81f1038b4,2026-05-07T21:06:07.219Z,81.273,1,209.51,1980,23,13,,,,
powertraces-pt200array_pt216_r5_7536312_80-d81f1038b4,2026-05-07T21:06:07.219Z,81.273,2,217.15,1980,23,16,,,,
powertraces-pt200array_pt216_r5_7536312_80-d81f1038b4,2026-05-07T21:06:07.219Z,81.273,3,203.32,1980,13,8,,,,
powertraces-pt200array_pt216_r5_7536312_80-d81f1038b4,2026-05-07T21:06:07.319Z,81.373,0,206.66,1980,20,14,,,,
powertraces-pt200array_pt216_r5_7536312_80-d81f1038b4,2026-05-07T21:06:07.319Z,81.373,1,207.67,1980,23,15,,,,
powertraces-pt200array_pt216_r5_7536312_80-d81f1038b4,2026-05-07T21:06:07.319Z,81.373,2,213.17,1980,23,16,,,,
powertraces-pt200array_pt216_r5_7536312_80-d81f1038b4,2026-05-07T21:06:07.319Z,81.373,3,201.79,1980,13,8,,,,
powertraces-pt200array_pt216_r5_7536312_80-d81f1038b4,2026-05-07T21:06:07.419Z,81.473,0,207.25,1980,22,14,,,,
powertraces-pt200array_pt216_r5_7536312_80-d81f1038b4,2026-05-07T21:06:07.419Z,81.473,1,209.38,1980,23,15,,,,
powertraces-pt200array_pt216_r5_7536312_80-d81f1038b4,2026-05-07T21:06:07.419Z,81.473,2,214.82,1980,23,16,,,,
powertraces-pt200array_pt216_r5_7536312_80-d81f1038b4,2026-05-07T21:06:07.419Z,81.473,3,203.48,1980,15,9,,,,
powertraces-pt200array_pt216_r5_7536312_80-d81f1038b4,2026-05-07T21:06:07.519Z,81.573,0,206.52,1980,22,14,,,,
powertraces-pt200array_pt216_r5_7536312_80-d81f1038b4,2026-05-07T21:06:07.52Z,81.574,1,209.73,1980,20,12,,,,
powertraces-pt200array_pt216_r5_7536312_80-d81f1038b4,2026-05-07T21:06:07.52Z,81.574,2,215.17,1980,23,16,,,,
powertraces-pt200array_pt216_r5_7536312_80-d81f1038b4,2026-05-07T21:06:07.52Z,81.574,3,202.81,1980,15,9,,,,
powertraces-pt200array_pt216_r5_7536312_80-d81f1038b4,2026-05-07T21:06:07.62Z,81.674,0,207.33,1980,22,14,,,,
powertraces-pt200array_pt216_r5_7536312_80-d81f1038b4,2026-05-07T21:06:07.62Z,81.674,1,207.63,1980,20,12,,,,
powertraces-pt200array_pt216_r5_7536312_80-d81f1038b4,2026-05-07T21:06:07.62Z,81.674,2,214.43,1980,20,14,,,,
powertraces-pt200array_pt216_r5_7536312_80-d81f1038b4,2026-05-07T21:06:07.62Z,81.674,3,204.59,1980,15,10,,,,
powertraces-pt200array_pt216_r5_7536312_80-d81f1038b4,2026-05-07T21:06:07.72Z,81.774,0,207.86,1980,22,14,,,,
powertraces-pt200array_pt216_r5_7536312_80-d81f1038b4,2026-05-07T21:06:07.72Z,81.774,1,210.32,1980,17,10,,,,
powertraces-pt200array_pt216_r5_7536312_80-d81f1038b4,2026-05-07T21:06:07.72Z,81.774,2,217.64,1980,20,14,,,,
powertraces-pt200array_pt216_r5_7536312_80-d81f1038b4,2026-05-07T21:06:07.72Z,81.774,3,202.87,1980,15,10,,,,
powertraces-pt200array_pt216_r5_7536312_80-d81f1038b4,2026-05-07T21:06:07.82Z,81.874,0,205.59,1980,22,14,,,,
powertraces-pt200array_pt216_r5_7536312_80-d81f1038b4,2026-05-07T21:06:07.82Z,81.874,1,206.89,1980,17,10,,,,
powertraces-pt200array_pt216_r5_7536312_80-d81f1038b4,2026-05-07T21:06:07.82Z,81.874,2,213.59,1980,18,12,,,,
powertraces-pt200array_pt216_r5_7536312_80-d81f1038b4,2026-05-07T21:06:07.82Z,81.874,3,205.24,1980,19,13,,,,
powertraces-pt200array_pt216_r5_7536312_80-d81f1038b4,2026-05-07T21:06:07.92Z,81.974,0,206.38,1980,22,14,,,,
powertraces-pt200array_pt216_r5_7536312_80-d81f1038b4,2026-05-07T21:06:07.92Z,81.974,1,211.09,1980,17,10,,,,
powertraces-pt200array_pt216_r5_7536312_80-d81f1038b4,2026-05-07T21:06:07.92Z,81.974,2,216.33,1980,18,12,,,,
powertraces-pt200array_pt216_r5_7536312_80-d81f1038b4,2026-05-07T21:06:07.92Z,81.974,3,197.57,1980,23,16,,,,
powertraces-pt200array_pt216_r5_7536312_80-d81f1038b4,2026-05-07T21:06:08.02Z,82.074,0,204.62,1980,22,14,,,,
powertraces-pt200array_pt216_r5_7536312_80-d81f1038b4,2026-05-07T21:06:08.021Z,82.075,1,204.33,1980,17,10,,,,
powertraces-pt200array_pt216_r5_7536312_80-d81f1038b4,2026-05-07T21:06:08.021Z,82.075,2,218.71,1980,15,10,,,,
powertraces-pt200array_pt216_r5_7536312_80-d81f1038b4,2026-05-07T21:06:08.021Z,82.075,3,198.75,1980,23,16,,,,
powertraces-pt200array_pt216_r5_7536312_80-d81f1038b4,2026-05-07T21:06:08.121Z,82.175,0,209.67,1980,22,14,,,,
powertraces-pt200array_pt216_r5_7536312_80-d81f1038b4,2026-05-07T21:06:08.121Z,82.175,1,214.9,1980,40,31,,,,
powertraces-pt200array_pt216_r5_7536312_80-d81f1038b4,2026-05-07T21:06:08.121Z,82.175,2,223.63,1980,15,10,,,,
powertraces-pt200array_pt216_r5_7536312_80-d81f1038b4,2026-05-07T21:06:08.121Z,82.175,3,197.97,1980,11,8,,,,
powertraces-pt200array_pt216_r5_7536312_80-d81f1038b4,2026-05-07T21:06:08.221Z,82.275,0,210.11,1980,12,6,,,,
powertraces-pt200array_pt216_r5_7536312_80-d81f1038b4,2026-05-07T21:06:08.221Z,82.275,1,215.52,1980,40,31,,,,
powertraces-pt200array_pt216_r5_7536312_80-d81f1038b4,2026-05-07T21:06:08.221Z,82.275,2,222.48,1980,22,13,,,,
powertraces-pt200array_pt216_r5_7536312_80-d81f1038b4,2026-05-07T21:06:08.221Z,82.275,3,198.77,1980,11,8,,,,
powertraces-pt200array_pt216_r5_7536312_80-d81f1038b4,2026-05-07T21:06:08.321Z,82.375,0,207.47,1980,12,6,,,,
powertraces-pt200array_pt216_r5_7536312_80-d81f1038b4,2026-05-07T21:06:08.321Z,82.375,1,211.76,1980,26,17,,,,
powertraces-pt200array_pt216_r5_7536312_80-d81f1038b4,2026-05-07T21:06:08.321Z,82.375,2,223.94,1980,22,13,,,,
powertraces-pt200array_pt216_r5_7536312_80-d81f1038b4,2026-05-07T21:06:08.321Z,82.375,3,198.82,1980,11,8,,,,
powertraces-pt200array_pt216_r5_7536312_80-d81f1038b4,2026-05-07T21:06:08.421Z,82.475,0,209.27,1980,18,12,,,,
powertraces-pt200array_pt216_r5_7536312_80-d81f1038b4,2026-05-07T21:06:08.421Z,82.475,1,213.79,1980,26,17,,,,
powertraces-pt200array_pt216_r5_7536312_80-d81f1038b4,2026-05-07T21:06:08.421Z,82.475,2,225.54,1980,23,16,,,,
powertraces-pt200array_pt216_r5_7536312_80-d81f1038b4,2026-05-07T21:06:08.421Z,82.475,3,197.43,1980,11,8,,,,
powertraces-pt200array_pt216_r5_7536312_80-d81f1038b4,2026-05-07T21:06:08.521Z,82.575,0,206.14,1980,18,12,,,,
powertraces-pt200array_pt216_r5_7536312_80-d81f1038b4,2026-05-07T21:06:08.521Z,82.575,1,210.4,1980,26,17,,,,
powertraces-pt200array_pt216_r5_7536312_80-d81f1038b4,2026-05-07T21:06:08.521Z,82.575,2,222.31,1980,23,16,,,,
powertraces-pt200array_pt216_r5_7536312_80-d81f1038b4,2026-05-07T21:06:08.522Z,82.576,3,199.22,1980,13,8,,,,
powertraces-pt200array_pt216_r5_7536312_80-d81f1038b4,2026-05-07T21:06:08.622Z,82.676,0,206.19,1980,20,13,,,,
powertraces-pt200array_pt216_r5_7536312_80-d81f1038b4,2026-05-07T21:06:08.622Z,82.676,1,214.19,1980,26,17,,,,
powertraces-pt200array_pt216_r5_7536312_80-d81f1038b4,2026-05-07T21:06:08.622Z,82.676,2,225.59,1980,23,16,,,,
powertraces-pt200array_pt216_r5_7536312_80-d81f1038b4,2026-05-07T21:06:08.622Z,82.676,3,198.02,1980,13,8,,,,
powertraces-pt200array_pt216_r5_7536312_80-d81f1038b4,2026-05-07T21:06:08.722Z,82.776,0,206.29,1980,20,13,,,,
powertraces-pt200array_pt216_r5_7536312_80-d81f1038b4,2026-05-07T21:06:08.722Z,82.776,1,211.36,1980,23,14,,,,
powertraces-pt200array_pt216_r5_7536312_80-d81f1038b4,2026-05-07T21:06:08.722Z,82.776,2,222.37,1980,23,16,,,,
powertraces-pt200array_pt216_r5_7536312_80-d81f1038b4,2026-05-07T21:06:08.722Z,82.776,3,199.59,1980,14,9,,,,
powertraces-pt200array_pt216_r5_7536312_80-d81f1038b4,2026-05-07T21:06:08.822Z,82.876,0,207.38,1980,21,14,,,,
powertraces-pt200array_pt216_r5_7536312_80-d81f1038b4,2026-05-07T21:06:08.822Z,82.876,1,213.25,1980,23,14,,,,
powertraces-pt200array_pt216_r5_7536312_80-d81f1038b4,2026-05-07T21:06:08.822Z,82.876,2,224.36,1980,23,16,,,,
powertraces-pt200array_pt216_r5_7536312_80-d81f1038b4,2026-05-07T21:06:08.822Z,82.876,3,198.23,1980,14,9,,,,
powertraces-pt200array_pt216_r5_7536312_80-d81f1038b4,2026-05-07T21:06:08.922Z,82.976,0,206.08,1980,21,14,,,,
powertraces-pt200array_pt216_r5_7536312_80-d81f1038b4,2026-05-07T21:06:08.922Z,82.976,1,211.53,1980,21,13,,,,
powertraces-pt200array_pt216_r5_7536312_80-d81f1038b4,2026-05-07T21:06:08.922Z,82.976,2,223.2,1980,23,16,,,,
powertraces-pt200array_pt216_r5_7536312_80-d81f1038b4,2026-05-07T21:06:08.922Z,82.976,3,202.57,1980,15,10,,,,
powertraces-pt200array_pt216_r5_7536312_80-d81f1038b4,2026-05-07T21:06:09.022Z,83.076,0,203.71,1980,22,14,,,,
powertraces-pt200array_pt216_r5_7536312_80-d81f1038b4,2026-05-07T21:06:09.022Z,83.076,1,209.85,1980,21,13,,,,
powertraces-pt200array_pt216_r5_7536312_80-d81f1038b4,2026-05-07T21:06:09.022Z,83.076,2,218.33,1980,22,15,,,,
powertraces-pt200array_pt216_r5_7536312_80-d81f1038b4,2026-05-07T21:06:09.022Z,83.076,3,196.49,1980,15,10,,,,
powertraces-pt200array_pt216_r5_7536312_80-d81f1038b4,2026-05-07T21:06:09.123Z,83.177,0,203.5,1980,22,14,,,,
powertraces-pt200array_pt216_r5_7536312_80-d81f1038b4,2026-05-07T21:06:09.123Z,83.177,1,210.83,1980,35,27,,,,
powertraces-pt200array_pt216_r5_7536312_80-d81f1038b4,2026-05-07T21:06:09.123Z,83.177,2,220.72,1980,22,15,,,,
powertraces-pt200array_pt216_r5_7536312_80-d81f1038b4,2026-05-07T21:06:09.123Z,83.177,3,202.3,1980,33,27,,,,
powertraces-pt200array_pt216_r5_7536312_80-d81f1038b4,2026-05-07T21:06:09.223Z,83.277,0,201.62,1980,37,30,,,,
powertraces-pt200array_pt216_r5_7536312_80-d81f1038b4,2026-05-07T21:06:09.223Z,83.277,1,210.75,1980,35,27,,,,
powertraces-pt200array_pt216_r5_7536312_80-d81f1038b4,2026-05-07T21:06:09.223Z,83.277,2,217.63,1980,43,34,,,,
powertraces-pt200array_pt216_r5_7536312_80-d81f1038b4,2026-05-07T21:06:09.223Z,83.277,3,201.88,1980,33,27,,,,
powertraces-pt200array_pt216_r5_7536312_80-d81f1038b4,2026-05-07T21:06:09.323Z,83.377,0,204.82,1980,37,30,,,,
powertraces-pt200array_pt216_r5_7536312_80-d81f1038b4,2026-05-07T21:06:09.323Z,83.377,1,214.52,1980,23,16,,,,
powertraces-pt200array_pt216_r5_7536312_80-d81f1038b4,2026-05-07T21:06:09.323Z,83.377,2,222.17,1980,43,34,,,,
powertraces-pt200array_pt216_r5_7536312_80-d81f1038b4,2026-05-07T21:06:09.323Z,83.377,3,200.82,1980,11,8,,,,
powertraces-pt200array_pt216_r5_7536312_80-d81f1038b4,2026-05-07T21:06:09.423Z,83.477,0,203.77,1980,11,7,,,,
powertraces-pt200array_pt216_r5_7536312_80-d81f1038b4,2026-05-07T21:06:09.423Z,83.477,1,211.69,1980,23,16,,,,
powertraces-pt200array_pt216_r5_7536312_80-d81f1038b4,2026-05-07T21:06:09.423Z,83.477,2,216.88,1980,23,16,,,,
powertraces-pt200array_pt216_r5_7536312_80-d81f1038b4,2026-05-07T21:06:09.423Z,83.477,3,202.89,1980,11,8,,,,
powertraces-pt200array_pt216_r5_7536312_80-d81f1038b4,2026-05-07T21:06:09.523Z,83.577,0,203.95,1980,11,7,,,,
powertraces-pt200array_pt216_r5_7536312_80-d81f1038b4,2026-05-07T21:06:09.523Z,83.577,1,215.59,1980,24,16,,,,
powertraces-pt200array_pt216_r5_7536312_80-d81f1038b4,2026-05-07T21:06:09.523Z,83.577,2,220.85,1980,23,16,,,,
powertraces-pt200array_pt216_r5_7536312_80-d81f1038b4,2026-05-07T21:06:09.523Z,83.577,3,200.9,1980,11,8,,,,
powertraces-pt200array_pt216_r5_7536312_80-d81f1038b4,2026-05-07T21:06:09.624Z,83.678,0,204.48,1980,13,9,,,,
powertraces-pt200array_pt216_r5_7536312_80-d81f1038b4,2026-05-07T21:06:09.624Z,83.678,1,216.09,1980,24,16,,,,
powertraces-pt200array_pt216_r5_7536312_80-d81f1038b4,2026-05-07T21:06:09.624Z,83.678,2,217.84,1980,23,16,,,,
powertraces-pt200array_pt216_r5_7536312_80-d81f1038b4,2026-05-07T21:06:09.624Z,83.678,3,204.64,1980,11,8,,,,
powertraces-pt200array_pt216_r5_7536312_80-d81f1038b4,2026-05-07T21:06:09.724Z,83.778,0,205.23,1980,13,9,,,,
powertraces-pt200array_pt216_r5_7536312_80-d81f1038b4,2026-05-07T21:06:09.724Z,83.778,1,214.39,1980,26,17,,,,
powertraces-pt200array_pt216_r5_7536312_80-d81f1038b4,2026-05-07T21:06:09.724Z,83.778,2,218.95,1980,23,16,,,,
powertraces-pt200array_pt216_r5_7536312_80-d81f1038b4,2026-05-07T21:06:09.724Z,83.778,3,202.23,1980,11,8,,,,
powertraces-pt200array_pt216_r5_7536312_80-d81f1038b4,2026-05-07T21:06:09.824Z,83.878,0,205.99,1980,17,11,,,,
powertraces-pt200array_pt216_r5_7536312_80-d81f1038b4,2026-05-07T21:06:09.824Z,83.878,1,218.38,1980,26,17,,,,
powertraces-pt200array_pt216_r5_7536312_80-d81f1038b4,2026-05-07T21:06:09.824Z,83.878,2,219.06,1980,23,16,,,,
powertraces-pt200array_pt216_r5_7536312_80-d81f1038b4,2026-05-07T21:06:09.824Z,83.878,3,201.98,1980,11,8,,,,
powertraces-pt200array_pt216_r5_7536312_80-d81f1038b4,2026-05-07T21:06:09.924Z,83.978,0,204.56,1980,17,11,,,,
powertraces-pt200array_pt216_r5_7536312_80-d81f1038b4,2026-05-07T21:06:09.924Z,83.978,1,215.02,1980,26,17,,,,
powertraces-pt200array_pt216_r5_7536312_80-d81f1038b4,2026-05-07T21:06:09.924Z,83.978,2,217.55,1980,23,16,,,,
powertraces-pt200array_pt216_r5_7536312_80-d81f1038b4,2026-05-07T21:06:09.924Z,83.978,3,201.99,1980,13,8,,,,
powertraces-pt200array_pt216_r5_7536312_80-d81f1038b4,2026-05-07T21:06:10.024Z,84.078,0,207.91,1980,19,13,,,,
powertraces-pt200array_pt216_r5_7536312_80-d81f1038b4,2026-05-07T21:06:10.024Z,84.078,1,218.82,1980,26,17,,,,
powertraces-pt200array_pt216_r5_7536312_80-d81f1038b4,2026-05-07T21:06:10.024Z,84.078,2,220.69,1980,22,15,,,,
powertraces-pt200array_pt216_r5_7536312_80-d81f1038b4,2026-05-07T21:06:10.024Z,84.078,3,199.98,1980,13,8,,,,
powertraces-pt200array_pt216_r5_7536312_80-d81f1038b4,2026-05-07T21:06:10.124Z,84.178,0,199.31,1980,19,13,,,,
powertraces-pt200array_pt216_r5_7536312_80-d81f1038b4,2026-05-07T21:06:10.125Z,84.179,1,213.25,1980,24,15,,,,
powertraces-pt200array_pt216_r5_7536312_80-d81f1038b4,2026-05-07T21:06:10.125Z,84.179,2,213.69,1980,22,15,,,,
powertraces-pt200array_pt216_r5_7536312_80-d81f1038b4,2026-05-07T21:06:10.125Z,84.179,3,201.71,1980,35,29,,,,
powertraces-pt200array_pt216_r5_7536312_80-d81f1038b4,2026-05-07T21:06:10.225Z,84.279,0,207.62,1980,21,14,,,,
powertraces-pt200array_pt216_r5_7536312_80-d81f1038b4,2026-05-07T21:06:10.225Z,84.279,1,212.54,1980,24,15,,,,
powertraces-pt200array_pt216_r5_7536312_80-d81f1038b4,2026-05-07T21:06:10.225Z,84.279,2,220.64,1980,25,17,,,,
powertraces-pt200array_pt216_r5_7536312_80-d81f1038b4,2026-05-07T21:06:10.225Z,84.279,3,201.42,1980,35,29,,,,
powertraces-pt200array_pt216_r5_7536312_80-d81f1038b4,2026-05-07T21:06:10.325Z,84.379,0,205.88,1980,21,14,,,,
powertraces-pt200array_pt216_r5_7536312_80-d81f1038b4,2026-05-07T21:06:10.325Z,84.379,1,209.53,1980,19,12,,,,
powertraces-pt200array_pt216_r5_7536312_80-d81f1038b4,2026-05-07T21:06:10.325Z,84.379,2,216.08,1980,25,17,,,,
powertraces-pt200array_pt216_r5_7536312_80-d81f1038b4,2026-05-07T21:06:10.325Z,84.379,3,202.85,1980,11,8,,,,
powertraces-pt200array_pt216_r5_7536312_80-d81f1038b4,2026-05-07T21:06:10.425Z,84.479,0,205.56,1980,11,7,,,,
powertraces-pt200array_pt216_r5_7536312_80-d81f1038b4,2026-05-07T21:06:10.425Z,84.479,1,209.55,1980,19,12,,,,
powertraces-pt200array_pt216_r5_7536312_80-d81f1038b4,2026-05-07T21:06:10.425Z,84.479,2,216.83,1980,25,17,,,,
powertraces-pt200array_pt216_r5_7536312_80-d81f1038b4,2026-05-07T21:06:10.425Z,84.479,3,200.92,1980,11,8,,,,
powertraces-pt200array_pt216_r5_7536312_80-d81f1038b4,2026-05-07T21:06:10.525Z,84.579,0,208.0,1980,11,7,,,,
powertraces-pt200array_pt216_r5_7536312_80-d81f1038b4,2026-05-07T21:06:10.525Z,84.579,1,209.49,1980,23,16,,,,
powertraces-pt200array_pt216_r5_7536312_80-d81f1038b4,2026-05-07T21:06:10.525Z,84.579,2,217.1,1980,25,17,,,,
powertraces-pt200array_pt216_r5_7536312_80-d81f1038b4,2026-05-07T21:06:10.525Z,84.579,3,199.98,1980,11,8,,,,
powertraces-pt200array_pt216_r5_7536312_80-d81f1038b4,2026-05-07T21:06:10.625Z,84.679,0,205.29,1980,11,7,,,,
powertraces-pt200array_pt216_r5_7536312_80-d81f1038b4,2026-05-07T21:06:10.626Z,84.68,1,205.73,1980,23,16,,,,
powertraces-pt200array_pt216_r5_7536312_80-d81f1038b4,2026-05-07T21:06:10.626Z,84.68,2,216.28,1980,24,16,,,,
powertraces-pt200array_pt216_r5_7536312_80-d81f1038b4,2026-05-07T21:06:10.626Z,84.68,3,200.48,1980,11,8,,,,
powertraces-pt200array_pt216_r5_7536312_80-d81f1038b4,2026-05-07T21:06:10.726Z,84.78,0,207.03,1980,11,7,,,,
powertraces-pt200array_pt216_r5_7536312_80-d81f1038b4,2026-05-07T21:06:10.726Z,84.78,1,210.17,1980,23,16,,,,
powertraces-pt200array_pt216_r5_7536312_80-d81f1038b4,2026-05-07T21:06:10.726Z,84.78,2,221.02,1980,24,16,,,,
powertraces-pt200array_pt216_r5_7536312_80-d81f1038b4,2026-05-07T21:06:10.726Z,84.78,3,200.58,1980,11,8,,,,
powertraces-pt200array_pt216_r5_7536312_80-d81f1038b4,2026-05-07T21:06:10.826Z,84.88,0,205.3,1980,12,8,,,,
powertraces-pt200array_pt216_r5_7536312_80-d81f1038b4,2026-05-07T21:06:10.826Z,84.88,1,205.84,1980,23,16,,,,
powertraces-pt200array_pt216_r5_7536312_80-d81f1038b4,2026-05-07T21:06:10.826Z,84.88,2,216.36,1980,23,16,,,,
powertraces-pt200array_pt216_r5_7536312_80-d81f1038b4,2026-05-07T21:06:10.826Z,84.88,3,202.53,1980,11,8,,,,
powertraces-pt200array_pt216_r5_7536312_80-d81f1038b4,2026-05-07T21:06:10.926Z,84.98,0,206.59,1980,12,8,,,,
powertraces-pt200array_pt216_r5_7536312_80-d81f1038b4,2026-05-07T21:06:10.926Z,84.98,1,208.56,1980,25,16,,,,
powertraces-pt200array_pt216_r5_7536312_80-d81f1038b4,2026-05-07T21:06:10.926Z,84.98,2,220.93,1980,23,16,,,,
powertraces-pt200array_pt216_r5_7536312_80-d81f1038b4,2026-05-07T21:06:10.926Z,84.98,3,200.19,1980,12,8,,,,
powertraces-pt200array_pt216_r5_7536312_80-d81f1038b4,2026-05-07T21:06:11.026Z,85.08,0,206.29,1980,15,10,,,,
powertraces-pt200array_pt216_r5_7536312_80-d81f1038b4,2026-05-07T21:06:11.026Z,85.08,1,208.6,1980,25,16,,,,
powertraces-pt200array_pt216_r5_7536312_80-d81f1038b4,2026-05-07T21:06:11.026Z,85.08,2,217.81,1980,22,15,,,,
powertraces-pt200array_pt216_r5_7536312_80-d81f1038b4,2026-05-07T21:06:11.026Z,85.08,3,201.87,1980,12,8,,,,
powertraces-pt200array_pt216_r5_7536312_80-d81f1038b4,2026-05-07T21:06:11.126Z,85.18,0,204.34,1980,15,10,,,,
powertraces-pt200array_pt216_r5_7536312_80-d81f1038b4,2026-05-07T21:06:11.127Z,85.181,1,207.45,1980,26,17,,,,
powertraces-pt200array_pt216_r5_7536312_80-d81f1038b4,2026-05-07T21:06:11.127Z,85.181,2,218.4,1980,22,15,,,,
powertraces-pt200array_pt216_r5_7536312_80-d81f1038b4,2026-05-07T21:06:11.127Z,85.181,3,194.98,1980,12,8,,,,
powertraces-pt200array_pt216_r5_7536312_80-d81f1038b4,2026-05-07T21:06:11.227Z,85.281,0,201.32,1980,19,13,,,,
powertraces-pt200array_pt216_r5_7536312_80-d81f1038b4,2026-05-07T21:06:11.227Z,85.281,1,204.65,1980,26,17,,,,
powertraces-pt200array_pt216_r5_7536312_80-d81f1038b4,2026-05-07T21:06:11.227Z,85.281,2,215.29,1980,23,16,,,,
powertraces-pt200array_pt216_r5_7536312_80-d81f1038b4,2026-05-07T21:06:11.227Z,85.281,3,200.54,1980,12,8,,,,
powertraces-pt200array_pt216_r5_7536312_80-d81f1038b4,2026-05-07T21:06:11.327Z,85.381,0,207.52,1980,19,13,,,,
powertraces-pt200array_pt216_r5_7536312_80-d81f1038b4,2026-05-07T21:06:11.327Z,85.381,1,212.96,1980,47,37,,,,
powertraces-pt200array_pt216_r5_7536312_80-d81f1038b4,2026-05-07T21:06:11.327Z,85.381,2,218.36,1980,23,16,,,,
powertraces-pt200array_pt216_r5_7536312_80-d81f1038b4,2026-05-07T21:06:11.327Z,85.381,3,199.58,1980,19,12,,,,
powertraces-pt200array_pt216_r5_7536312_80-d81f1038b4,2026-05-07T21:06:11.427Z,85.481,0,206.64,1980,11,5,,,,
powertraces-pt200array_pt216_r5_7536312_80-d81f1038b4,2026-05-07T21:06:11.427Z,85.481,1,214.23,1980,47,37,,,,
powertraces-pt200array_pt216_r5_7536312_80-d81f1038b4,2026-05-07T21:06:11.427Z,85.481,2,222.3,1980,22,12,,,,
powertraces-pt200array_pt216_r5_7536312_80-d81f1038b4,2026-05-07T21:06:11.427Z,85.481,3,199.31,1980,19,12,,,,
powertraces-pt200array_pt216_r5_7536312_80-d81f1038b4,2026-05-07T21:06:11.527Z,85.581,0,207.84,1980,11,5,,,,
powertraces-pt200array_pt216_r5_7536312_80-d81f1038b4,2026-05-07T21:06:11.527Z,85.581,1,213.08,1980,23,16,,,,
powertraces-pt200array_pt216_r5_7536312_80-d81f1038b4,2026-05-07T21:06:11.527Z,85.581,2,219.11,1980,22,12,,,,
powertraces-pt200array_pt216_r5_7536312_80-d81f1038b4,2026-05-07T21:06:11.527Z,85.581,3,200.31,1980,12,8,,,,
powertraces-pt200array_pt216_r5_7536312_80-d81f1038b4,2026-05-07T21:06:11.627Z,85.681,0,206.83,1980,12,7,,,,
powertraces-pt200array_pt216_r5_7536312_80-d81f1038b4,2026-05-07T21:06:11.627Z,85.681,1,215.05,1980,23,16,,,,
powertraces-pt200array_pt216_r5_7536312_80-d81f1038b4,2026-05-07T21:06:11.627Z,85.681,2,221.25,1980,26,17,,,,
powertraces-pt200array_pt216_r5_7536312_80-d81f1038b4,2026-05-07T21:06:11.627Z,85.681,3,197.91,1980,12,8,,,,
powertraces-pt200array_pt216_r5_7536312_80-d81f1038b4,2026-05-07T21:06:11.728Z,85.782,0,207.54,1980,12,7,,,,
powertraces-pt200array_pt216_r5_7536312_80-d81f1038b4,2026-05-07T21:06:11.728Z,85.782,1,213.87,1980,23,16,,,,
powertraces-pt200array_pt216_r5_7536312_80-d81f1038b4,2026-05-07T21:06:11.728Z,85.782,2,220.55,1980,26,17,,,,
powertraces-pt200array_pt216_r5_7536312_80-d81f1038b4,2026-05-07T21:06:11.728Z,85.782,3,197.07,1980,11,8,,,,
powertraces-pt200array_pt216_r5_7536312_80-d81f1038b4,2026-05-07T21:06:11.828Z,85.882,0,205.02,1980,11,7,,,,
powertraces-pt200array_pt216_r5_7536312_80-d81f1038b4,2026-05-07T21:06:11.828Z,85.882,1,212.32,1980,23,16,,,,
powertraces-pt200array_pt216_r5_7536312_80-d81f1038b4,2026-05-07T21:06:11.828Z,85.882,2,218.81,1980,24,16,,,,
powertraces-pt200array_pt216_r5_7536312_80-d81f1038b4,2026-05-07T21:06:11.828Z,85.882,3,197.43,1980,11,8,,,,
powertraces-pt200array_pt216_r5_7536312_80-d81f1038b4,2026-05-07T21:06:11.928Z,85.982,0,207.09,1980,11,7,,,,
powertraces-pt200array_pt216_r5_7536312_80-d81f1038b4,2026-05-07T21:06:11.928Z,85.982,1,214.84,1980,23,16,,,,
powertraces-pt200array_pt216_r5_7536312_80-d81f1038b4,2026-05-07T21:06:11.928Z,85.982,2,221.73,1980,24,16,,,,
powertraces-pt200array_pt216_r5_7536312_80-d81f1038b4,2026-05-07T21:06:11.928Z,85.982,3,197.15,1980,12,8,,,,
powertraces-pt200array_pt216_r5_7536312_80-d81f1038b4,2026-05-07T21:06:12.028Z,86.082,0,206.54,1980,11,7,,,,
powertraces-pt200array_pt216_r5_7536312_80-d81f1038b4,2026-05-07T21:06:12.028Z,86.082,1,211.37,1980,23,16,,,,
powertraces-pt200array_pt216_r5_7536312_80-d81f1038b4,2026-05-07T21:06:12.028Z,86.082,2,219.96,1980,23,16,,,,
powertraces-pt200array_pt216_r5_7536312_80-d81f1038b4,2026-05-07T21:06:12.028Z,86.082,3,199.17,1980,12,8,,,,
powertraces-pt200array_pt216_r5_7536312_80-d81f1038b4,2026-05-07T21:06:12.128Z,86.182,0,209.13,1980,11,7,,,,
powertraces-pt200array_pt216_r5_7536312_80-d81f1038b4,2026-05-07T21:06:12.128Z,86.182,1,215.62,1980,24,16,,,,
powertraces-pt200array_pt216_r5_7536312_80-d81f1038b4,2026-05-07T21:06:12.128Z,86.182,2,224.8,1980,23,16,,,,
powertraces-pt200array_pt216_r5_7536312_80-d81f1038b4,2026-05-07T21:06:12.128Z,86.182,3,197.1,1980,11,8,,,,
powertraces-pt200array_pt216_r5_7536312_80-d81f1038b4,2026-05-07T21:06:12.229Z,86.283,0,207.8,1980,13,9,,,,
powertraces-pt200array_pt216_r5_7536312_80-d81f1038b4,2026-05-07T21:06:12.229Z,86.283,1,214.51,1980,24,16,,,,
powertraces-pt200array_pt216_r5_7536312_80-d81f1038b4,2026-05-07T21:06:12.229Z,86.283,2,220.27,1980,23,16,,,,
powertraces-pt200array_pt216_r5_7536312_80-d81f1038b4,2026-05-07T21:06:12.229Z,86.283,3,194.64,1980,11,8,,,,
powertraces-pt200array_pt216_r5_7536312_80-d81f1038b4,2026-05-07T21:06:12.329Z,86.383,0,205.99,1980,13,9,,,,
powertraces-pt200array_pt216_r5_7536312_80-d81f1038b4,2026-05-07T21:06:12.329Z,86.383,1,208.46,1980,30,21,,,,
powertraces-pt200array_pt216_r5_7536312_80-d81f1038b4,2026-05-07T21:06:12.329Z,86.383,2,220.99,1980,23,16,,,,
powertraces-pt200array_pt216_r5_7536312_80-d81f1038b4,2026-05-07T21:06:12.329Z,86.383,3,198.83,1980,34,27,,,,
powertraces-pt200array_pt216_r5_7536312_80-d81f1038b4,2026-05-07T21:06:12.429Z,86.483,0,206.73,1980,36,30,,,,
powertraces-pt200array_pt216_r5_7536312_80-d81f1038b4,2026-05-07T21:06:12.429Z,86.483,1,209.2,1980,30,21,,,,
powertraces-pt200array_pt216_r5_7536312_80-d81f1038b4,2026-05-07T21:06:12.429Z,86.483,2,216.23,1980,42,34,,,,
powertraces-pt200array_pt216_r5_7536312_80-d81f1038b4,2026-05-07T21:06:12.429Z,86.483,3,201.08,1980,34,27,,,,
powertraces-pt200array_pt216_r5_7536312_80-d81f1038b4,2026-05-07T21:06:12.529Z,86.583,0,205.19,1980,36,30,,,,
powertraces-pt200array_pt216_r5_7536312_80-d81f1038b4,2026-05-07T21:06:12.529Z,86.583,1,208.12,1980,21,14,,,,
powertraces-pt200array_pt216_r5_7536312_80-d81f1038b4,2026-05-07T21:06:12.529Z,86.583,2,216.48,1980,42,34,,,,
powertraces-pt200array_pt216_r5_7536312_80-d81f1038b4,2026-05-07T21:06:12.529Z,86.583,3,199.96,1980,20,14,,,,
powertraces-pt200array_pt216_r5_7536312_80-d81f1038b4,2026-05-07T21:06:12.629Z,86.683,0,205.83,1980,12,7,,,,
powertraces-pt200array_pt216_r5_7536312_80-d81f1038b4,2026-05-07T21:06:12.629Z,86.683,1,209.43,1980,21,14,,,,
powertraces-pt200array_pt216_r5_7536312_80-d81f1038b4,2026-05-07T21:06:12.629Z,86.683,2,217.73,1980,19,12,,,,
powertraces-pt200array_pt216_r5_7536312_80-d81f1038b4,2026-05-07T21:06:12.629Z,86.683,3,202.31,1980,20,14,,,,
powertraces-pt200array_pt216_r5_7536312_80-d81f1038b4,2026-05-07T21:06:12.73Z,86.784,0,203.16,1980,12,7,,,,
powertraces-pt200array_pt216_r5_7536312_80-d81f1038b4,2026-05-07T21:06:12.73Z,86.784,1,207.18,1980,23,16,,,,
powertraces-pt200array_pt216_r5_7536312_80-d81f1038b4,2026-05-07T21:06:12.73Z,86.784,2,215.88,1980,19,12,,,,
powertraces-pt200array_pt216_r5_7536312_80-d81f1038b4,2026-05-07T21:06:12.73Z,86.784,3,202.19,1980,17,12,,,,
powertraces-pt200array_pt216_r5_7536312_80-d81f1038b4,2026-05-07T21:06:12.83Z,86.884,0,202.96,1980,12,7,,,,
powertraces-pt200array_pt216_r5_7536312_80-d81f1038b4,2026-05-07T21:06:12.83Z,86.884,1,209.9,1980,23,16,,,,
powertraces-pt200array_pt216_r5_7536312_80-d81f1038b4,2026-05-07T21:06:12.83Z,86.884,2,218.63,1980,24,15,,,,
powertraces-pt200array_pt216_r5_7536312_80-d81f1038b4,2026-05-07T21:06:12.83Z,86.884,3,200.62,1980,17,12,,,,
powertraces-pt200array_pt216_r5_7536312_80-d81f1038b4,2026-05-07T21:06:12.93Z,86.984,0,203.46,1980,12,7,,,,
powertraces-pt200array_pt216_r5_7536312_80-d81f1038b4,2026-05-07T21:06:12.93Z,86.984,1,207.67,1980,23,15,,,,
powertraces-pt200array_pt216_r5_7536312_80-d81f1038b4,2026-05-07T21:06:12.93Z,86.984,2,214.47,1980,24,15,,,,
powertraces-pt200array_pt216_r5_7536312_80-d81f1038b4,2026-05-07T21:06:12.93Z,86.984,3,202.24,1980,12,8,,,,
powertraces-pt200array_pt216_r5_7536312_80-d81f1038b4,2026-05-07T21:06:13.03Z,87.084,0,202.94,1980,12,7,,,,
powertraces-pt200array_pt216_r5_7536312_80-d81f1038b4,2026-05-07T21:06:13.03Z,87.084,1,208.13,1980,23,15,,,,
powertraces-pt200array_pt216_r5_7536312_80-d81f1038b4,2026-05-07T21:06:13.03Z,87.084,2,215.74,1980,26,17,,,,
powertraces-pt200array_pt216_r5_7536312_80-d81f1038b4,2026-05-07T21:06:13.03Z,87.084,3,199.44,1980,12,8,,,,
powertraces-pt200array_pt216_r5_7536312_80-d81f1038b4,2026-05-07T21:06:13.13Z,87.184,0,204.09,1980,12,7,,,,
powertraces-pt200array_pt216_r5_7536312_80-d81f1038b4,2026-05-07T21:06:13.13Z,87.184,1,207.42,1980,23,15,,,,
powertraces-pt200array_pt216_r5_7536312_80-d81f1038b4,2026-05-07T21:06:13.13Z,87.184,2,214.93,1980,26,17,,,,
powertraces-pt200array_pt216_r5_7536312_80-d81f1038b4,2026-05-07T21:06:13.13Z,87.184,3,201.08,1980,11,8,,,,
powertraces-pt200array_pt216_r5_7536312_80-d81f1038b4,2026-05-07T21:06:13.231Z,87.285,0,202.23,1980,12,7,,,,
powertraces-pt200array_pt216_r5_7536312_80-d81f1038b4,2026-05-07T21:06:13.231Z,87.285,1,206.35,1980,23,15,,,,
powertraces-pt200array_pt216_r5_7536312_80-d81f1038b4,2026-05-07T21:06:13.231Z,87.285,2,214.92,1980,25,16,,,,
powertraces-pt200array_pt216_r5_7536312_80-d81f1038b4,2026-05-07T21:06:13.231Z,87.285,3,199.96,1980,11,8,,,,
powertraces-pt200array_pt216_r5_7536312_80-d81f1038b4,2026-05-07T21:06:13.331Z,87.385,0,204.13,1980,12,7,,,,
powertraces-pt200array_pt216_r5_7536312_80-d81f1038b4,2026-05-07T21:06:13.331Z,87.385,1,207.38,1980,23,16,,,,
powertraces-pt200array_pt216_r5_7536312_80-d81f1038b4,2026-05-07T21:06:13.331Z,87.385,2,213.61,1980,25,16,,,,
powertraces-pt200array_pt216_r5_7536312_80-d81f1038b4,2026-05-07T21:06:13.331Z,87.385,3,197.92,1980,20,15,,,,
powertraces-pt200array_pt216_r5_7536312_80-d81f1038b4,2026-05-07T21:06:13.431Z,87.485,0,206.55,1980,11,7,,,,
powertraces-pt200array_pt216_r5_7536312_80-d81f1038b4,2026-05-07T21:06:13.431Z,87.485,1,211.56,1980,23,16,,,,
powertraces-pt200array_pt216_r5_7536312_80-d81f1038b4,2026-05-07T21:06:13.431Z,87.485,2,223.24,1980,23,16,,,,
powertraces-pt200array_pt216_r5_7536312_80-d81f1038b4,2026-05-07T21:06:13.431Z,87.485,3,199.87,1980,20,15,,,,
powertraces-pt200array_pt216_r5_7536312_80-d81f1038b4,2026-05-07T21:06:13.531Z,87.585,0,209.63,1980,11,7,,,,
powertraces-pt200array_pt216_r5_7536312_80-d81f1038b4,2026-05-07T21:06:13.531Z,87.585,1,214.54,1980,16,8,,,,
powertraces-pt200array_pt216_r5_7536312_80-d81f1038b4,2026-05-07T21:06:13.531Z,87.585,2,225.51,1980,23,16,,,,
powertraces-pt200array_pt216_r5_7536312_80-d81f1038b4,2026-05-07T21:06:13.531Z,87.585,3,198.15,1980,22,15,,,,
powertraces-pt200array_pt216_r5_7536312_80-d81f1038b4,2026-05-07T21:06:13.631Z,87.685,0,207.22,1980,14,8,,,,
powertraces-pt200array_pt216_r5_7536312_80-d81f1038b4,2026-05-07T21:06:13.631Z,87.685,1,211.11,1980,16,8,,,,
powertraces-pt200array_pt216_r5_7536312_80-d81f1038b4,2026-05-07T21:06:13.631Z,87.685,2,221.95,1980,17,10,,,,
powertraces-pt200array_pt216_r5_7536312_80-d81f1038b4,2026-05-07T21:06:13.631Z,87.685,3,200.82,1980,22,15,,,,
powertraces-pt200array_pt216_r5_7536312_80-d81f1038b4,2026-05-07T21:06:13.731Z,87.785,0,209.76,1980,14,8,,,,
powertraces-pt200array_pt216_r5_7536312_80-d81f1038b4,2026-05-07T21:06:13.732Z,87.786,1,214.4,1980,19,13,,,,
powertraces-pt200array_pt216_r5_7536312_80-d81f1038b4,2026-05-07T21:06:13.732Z,87.786,2,222.7,1980,17,10,,,,
powertraces-pt200array_pt216_r5_7536312_80-d81f1038b4,2026-05-07T21:06:13.732Z,87.786,3,197.45,1980,20,14,,,,
powertraces-pt200array_pt216_r5_7536312_80-d81f1038b4,2026-05-07T21:06:13.832Z,87.886,0,211.25,1980,13,7,,,,
powertraces-pt200array_pt216_r5_7536312_80-d81f1038b4,2026-05-07T21:06:13.832Z,87.886,1,214.42,1980,19,13,,,,
powertraces-pt200array_pt216_r5_7536312_80-d81f1038b4,2026-05-07T21:06:13.832Z,87.886,2,223.02,1980,18,11,,,,
powertraces-pt200array_pt216_r5_7536312_80-d81f1038b4,2026-05-07T21:06:13.832Z,87.886,3,199.5,1980,20,14,,,,
powertraces-pt200array_pt216_r5_7536312_80-d81f1038b4,2026-05-07T21:06:13.932Z,87.986,0,209.81,1980,13,7,,,,
powertraces-pt200array_pt216_r5_7536312_80-d81f1038b4,2026-05-07T21:06:13.932Z,87.986,1,214.76,1980,21,14,,,,
powertraces-pt200array_pt216_r5_7536312_80-d81f1038b4,2026-05-07T21:06:13.932Z,87.986,2,225.0,1980,18,11,,,,
powertraces-pt200array_pt216_r5_7536312_80-d81f1038b4,2026-05-07T21:06:13.932Z,87.986,3,197.24,1980,20,14,,,,
powertraces-pt200array_pt216_r5_7536312_80-d81f1038b4,2026-05-07T21:06:14.032Z,88.086,0,210.04,1980,12,7,,,,
powertraces-pt200array_pt216_r5_7536312_80-d81f1038b4,2026-05-07T21:06:14.032Z,88.086,1,215.32,1980,21,14,,,,
powertraces-pt200array_pt216_r5_7536312_80-d81f1038b4,2026-05-07T21:06:14.032Z,88.086,2,225.95,1980,20,12,,,,
powertraces-pt200array_pt216_r5_7536312_80-d81f1038b4,2026-05-07T21:06:14.032Z,88.086,3,199.86,1980,20,14,,,,
powertraces-pt200array_pt216_r5_7536312_80-d81f1038b4,2026-05-07T21:06:14.132Z,88.186,0,208.84,1980,12,7,,,,
powertraces-pt200array_pt216_r5_7536312_80-d81f1038b4,2026-05-07T21:06:14.132Z,88.186,1,212.59,1980,22,15,,,,
powertraces-pt200array_pt216_r5_7536312_80-d81f1038b4,2026-05-07T21:06:14.132Z,88.186,2,223.88,1980,20,12,,,,
powertraces-pt200array_pt216_r5_7536312_80-d81f1038b4,2026-05-07T21:06:14.132Z,88.186,3,198.68,1980,18,12,,,,
powertraces-pt200array_pt216_r5_7536312_80-d81f1038b4,2026-05-07T21:06:14.232Z,88.286,0,208.76,1980,12,7,,,,
powertraces-pt200array_pt216_r5_7536312_80-d81f1038b4,2026-05-07T21:06:14.233Z,88.287,1,214.42,1980,22,15,,,,
powertraces-pt200array_pt216_r5_7536312_80-d81f1038b4,2026-05-07T21:06:14.233Z,88.287,2,227.29,1980,23,15,,,,
powertraces-pt200array_pt216_r5_7536312_80-d81f1038b4,2026-05-07T21:06:14.233Z,88.287,3,199.94,1980,18,12,,,,
powertraces-pt200array_pt216_r5_7536312_80-d81f1038b4,2026-05-07T21:06:14.333Z,88.387,0,206.79,1980,12,7,,,,
powertraces-pt200array_pt216_r5_7536312_80-d81f1038b4,2026-05-07T21:06:14.333Z,88.387,1,211.83,1980,23,15,,,,
powertraces-pt200array_pt216_r5_7536312_80-d81f1038b4,2026-05-07T21:06:14.333Z,88.387,2,222.09,1980,23,15,,,,
powertraces-pt200array_pt216_r5_7536312_80-d81f1038b4,2026-05-07T21:06:14.333Z,88.387,3,200.11,1980,14,10,,,,
powertraces-pt200array_pt216_r5_7536312_80-d81f1038b4,2026-05-07T21:06:14.433Z,88.487,0,199.11,1980,12,7,,,,
powertraces-pt200array_pt216_r5_7536312_80-d81f1038b4,2026-05-07T21:06:14.433Z,88.487,1,208.61,1980,23,15,,,,
powertraces-pt200array_pt216_r5_7536312_80-d81f1038b4,2026-05-07T21:06:14.433Z,88.487,2,218.05,1980,26,17,,,,
powertraces-pt200array_pt216_r5_7536312_80-d81f1038b4,2026-05-07T21:06:14.433Z,88.487,3,199.77,1980,14,10,,,,
powertraces-pt200array_pt216_r5_7536312_80-d81f1038b4,2026-05-07T21:06:14.533Z,88.587,0,207.32,1980,12,7,,,,
powertraces-pt200array_pt216_r5_7536312_80-d81f1038b4,2026-05-07T21:06:14.533Z,88.587,1,214.77,1980,41,34,,,,
powertraces-pt200array_pt216_r5_7536312_80-d81f1038b4,2026-05-07T21:06:14.533Z,88.587,2,219.74,1980,26,17,,,,
powertraces-pt200array_pt216_r5_7536312_80-d81f1038b4,2026-05-07T21:06:14.533Z,88.587,3,201.21,1980,20,12,,,,
powertraces-pt200array_pt216_r5_7536312_80-d81f1038b4,2026-05-07T21:06:14.633Z,88.687,0,206.6,1980,29,21,,,,
powertraces-pt200array_pt216_r5_7536312_80-d81f1038b4,2026-05-07T21:06:14.633Z,88.687,1,215.9,1980,41,34,,,,
powertraces-pt200array_pt216_r5_7536312_80-d81f1038b4,2026-05-07T21:06:14.633Z,88.687,2,223.14,1980,29,21,,,,
powertraces-pt200array_pt216_r5_7536312_80-d81f1038b4,2026-05-07T21:06:14.633Z,88.687,3,197.66,1980,20,12,,,,
powertraces-pt200array_pt216_r5_7536312_80-d81f1038b4,2026-05-07T21:06:14.733Z,88.787,0,206.96,1980,29,21,,,,
powertraces-pt200array_pt216_r5_7536312_80-d81f1038b4,2026-05-07T21:06:14.733Z,88.787,1,215.97,1980,15,9,,,,
powertraces-pt200array_pt216_r5_7536312_80-d81f1038b4,2026-05-07T21:06:14.733Z,88.787,2,222.61,1980,29,21,,,,
powertraces-pt200array_pt216_r5_7536312_80-d81f1038b4,2026-05-07T21:06:14.734Z,88.788,3,201.35,1980,23,15,,,,
powertraces-pt200array_pt216_r5_7536312_80-d81f1038b4,2026-05-07T21:06:14.834Z,88.888,0,205.85,1980,19,11,,,,
powertraces-pt200array_pt216_r5_7536312_80-d81f1038b4,2026-05-07T21:06:14.834Z,88.888,1,212.74,1980,15,9,,,,
powertraces-pt200array_pt216_r5_7536312_80-d81f1038b4,2026-05-07T21:06:14.834Z,88.888,2,221.74,1980,17,10,,,,
powertraces-pt200array_pt216_r5_7536312_80-d81f1038b4,2026-05-07T21:06:14.834Z,88.888,3,201.24,1980,23,15,,,,
powertraces-pt200array_pt216_r5_7536312_80-d81f1038b4,2026-05-07T21:06:14.934Z,88.988,0,208.55,1980,19,11,,,,
powertraces-pt200array_pt216_r5_7536312_80-d81f1038b4,2026-05-07T21:06:14.934Z,88.988,1,217.52,1980,14,9,,,,
powertraces-pt200array_pt216_r5_7536312_80-d81f1038b4,2026-05-07T21:06:14.934Z,88.988,2,223.23,1980,17,10,,,,
powertraces-pt200array_pt216_r5_7536312_80-d81f1038b4,2026-05-07T21:06:14.934Z,88.988,3,201.04,1980,23,15,,,,
powertraces-pt200array_pt216_r5_7536312_80-d81f1038b4,2026-05-07T21:06:15.034Z,89.088,0,206.37,1980,15,9,,,,
powertraces-pt200array_pt216_r5_7536312_80-d81f1038b4,2026-05-07T21:06:15.034Z,89.088,1,212.51,1980,14,9,,,,
powertraces-pt200array_pt216_r5_7536312_80-d81f1038b4,2026-05-07T21:06:15.034Z,89.088,2,219.76,1980,17,10,,,,
powertraces-pt200array_pt216_r5_7536312_80-d81f1038b4,2026-05-07T21:06:15.034Z,89.088,3,199.71,1980,23,15,,,,
powertraces-pt200array_pt216_r5_7536312_80-d81f1038b4,2026-05-07T21:06:15.134Z,89.188,0,206.91,1980,15,9,,,,
powertraces-pt200array_pt216_r5_7536312_80-d81f1038b4,2026-05-07T21:06:15.134Z,89.188,1,215.99,1980,18,12,,,,
powertraces-pt200array_pt216_r5_7536312_80-d81f1038b4,2026-05-07T21:06:15.134Z,89.188,2,221.75,1980,17,10,,,,
powertraces-pt200array_pt216_r5_7536312_80-d81f1038b4,2026-05-07T21:06:15.134Z,89.188,3,199.29,1980,21,15,,,,
powertraces-pt200array_pt216_r5_7536312_80-d81f1038b4,2026-05-07T21:06:15.234Z,89.288,0,207.04,1980,13,8,,,,
powertraces-pt200array_pt216_r5_7536312_80-d81f1038b4,2026-05-07T21:06:15.234Z,89.288,1,213.91,1980,18,12,,,,
powertraces-pt200array_pt216_r5_7536312_80-d81f1038b4,2026-05-07T21:06:15.234Z,89.288,2,219.35,1980,17,10,,,,
powertraces-pt200array_pt216_r5_7536312_80-d81f1038b4,2026-05-07T21:06:15.234Z,89.288,3,199.46,1980,21,15,,,,
powertraces-pt200array_pt216_r5_7536312_80-d81f1038b4,2026-05-07T21:06:15.335Z,89.389,0,207.78,1980,13,8,,,,
powertraces-pt200array_pt216_r5_7536312_80-d81f1038b4,2026-05-07T21:06:15.335Z,89.389,1,215.69,1980,21,14,,,,
powertraces-pt200array_pt216_r5_7536312_80-d81f1038b4,2026-05-07T21:06:15.335Z,89.389,2,219.98,1980,17,10,,,,
powertraces-pt200array_pt216_r5_7536312_80-d81f1038b4,2026-05-07T21:06:15.335Z,89.389,3,197.96,1980,20,14,,,,
powertraces-pt200array_pt216_r5_7536312_80-d81f1038b4,2026-05-07T21:06:15.435Z,89.489,0,209.9,1980,12,7,,,,
powertraces-pt200array_pt216_r5_7536312_80-d81f1038b4,2026-05-07T21:06:15.435Z,89.489,1,214.46,1980,21,14,,,,
powertraces-pt200array_pt216_r5_7536312_80-d81f1038b4,2026-05-07T21:06:15.435Z,89.489,2,220.51,1980,19,12,,,,
powertraces-pt200array_pt216_r5_7536312_80-d81f1038b4,2026-05-07T21:06:15.435Z,89.489,3,196.44,1980,20,14,,,,
powertraces-pt200array_pt216_r5_7536312_80-d81f1038b4,2026-05-07T21:06:15.535Z,89.589,0,203.11,1980,12,7,,,,
powertraces-pt200array_pt216_r5_7536312_80-d81f1038b4,2026-05-07T21:06:15.535Z,89.589,1,205.73,1980,23,16,,,,
powertraces-pt200array_pt216_r5_7536312_80-d81f1038b4,2026-05-07T21:06:15.535Z,89.589,2,220.22,1980,19,12,,,,
powertraces-pt200array_pt216_r5_7536312_80-d81f1038b4,2026-05-07T21:06:15.535Z,89.589,3,198.22,1980,31,27,,,,
powertraces-pt200array_pt216_r5_7536312_80-d81f1038b4,2026-05-07T21:06:15.635Z,89.689,0,202.91,1980,33,29,,,,
powertraces-pt200array_pt216_r5_7536312_80-d81f1038b4,2026-05-07T21:06:15.635Z,89.689,1,207.1,1980,23,16,,,,
powertraces-pt200array_pt216_r5_7536312_80-d81f1038b4,2026-05-07T21:06:15.635Z,89.689,2,215.12,1980,41,34,,,,
powertraces-pt200array_pt216_r5_7536312_80-d81f1038b4,2026-05-07T21:06:15.635Z,89.689,3,191.55,1980,31,27,,,,
powertraces-pt200array_pt216_r5_7536312_80-d81f1038b4,2026-05-07T21:06:15.735Z,89.789,0,194.36,1980,33,29,,,,
powertraces-pt200array_pt216_r5_7536312_80-d81f1038b4,2026-05-07T21:06:15.735Z,89.789,1,196.98,1980,0,0,,,,
powertraces-pt200array_pt216_r5_7536312_80-d81f1038b4,2026-05-07T21:06:15.735Z,89.789,2,201.19,1980,41,34,,,,
powertraces-pt200array_pt216_r5_7536312_80-d81f1038b4,2026-05-07T21:06:15.735Z,89.789,3,181.8,1980,0,0,,,,
powertraces-pt200array_pt216_r5_7536312_80-d81f1038b4,2026-05-07T21:06:15.836Z,89.89,0,185.45,1980,0,0,,,,
powertraces-pt200array_pt216_r5_7536312_80-d81f1038b4,2026-05-07T21:06:15.836Z,89.89,1,189.15,1980,0,0,,,,
powertraces-pt200array_pt216_r5_7536312_80-d81f1038b4,2026-05-07T21:06:15.836Z,89.89,2,190.75,1980,0,0,,,,
powertraces-pt200array_pt216_r5_7536312_80-d81f1038b4,2026-05-07T21:06:15.836Z,89.89,3,174.79,1980,0,0,,,,
powertraces-pt200array_pt216_r5_7536312_80-d81f1038b4,2026-05-07T21:06:15.936Z,89.99,0,176.01,1980,0,0,,,,
powertraces-pt200array_pt216_r5_7536312_80-d81f1038b4,2026-05-07T21:06:15.936Z,89.99,1,177.22,1980,0,0,,,,
powertraces-pt200array_pt216_r5_7536312_80-d81f1038b4,2026-05-07T21:06:15.936Z,89.99,2,180.32,1980,0,0,,,,
powertraces-pt200array_pt216_r5_7536312_80-d81f1038b4,2026-05-07T21:06:15.936Z,89.99,3,165.98,1980,0,0,,,,
powertraces-pt200array_pt216_r5_7536312_80-d81f1038b4,2026-05-07T21:06:16.036Z,90.09,0,168.6,1980,0,0,,,,
powertraces-pt200array_pt216_r5_7536312_80-d81f1038b4,2026-05-07T21:06:16.036Z,90.09,1,169.83,1980,0,0,,,,
powertraces-pt200array_pt216_r5_7536312_80-d81f1038b4,2026-05-07T21:06:16.036Z,90.09,2,170.31,1980,0,0,,,,
powertraces-pt200array_pt216_r5_7536312_80-d81f1038b4,2026-05-07T21:06:16.036Z,90.09,3,158.51,1980,0,0,,,,
powertraces-pt200array_pt216_r5_7536312_80-d81f1038b4,2026-05-07T21:06:16.136Z,90.19,0,158.83,1980,0,0,,,,
powertraces-pt200array_pt216_r5_7536312_80-d81f1038b4,2026-05-07T21:06:16.136Z,90.19,1,159.47,1980,0,0,,,,
powertraces-pt200array_pt216_r5_7536312_80-d81f1038b4,2026-05-07T21:06:16.136Z,90.19,2,159.61,1980,0,0,,,,
powertraces-pt200array_pt216_r5_7536312_80-d81f1038b4,2026-05-07T21:06:16.136Z,90.19,3,150.44,1980,0,0,,,,
powertraces-pt200array_pt216_r5_7536312_80-d81f1038b4,2026-05-07T21:06:16.236Z,90.29,0,150.82,1980,0,0,,,,
powertraces-pt200array_pt216_r5_7536312_80-d81f1038b4,2026-05-07T21:06:16.236Z,90.29,1,150.73,1980,0,0,,,,
powertraces-pt200array_pt216_r5_7536312_80-d81f1038b4,2026-05-07T21:06:16.236Z,90.29,2,151.61,1980,0,0,,,,
powertraces-pt200array_pt216_r5_7536312_80-d81f1038b4,2026-05-07T21:06:16.236Z,90.29,3,140.76,1980,0,0,,,,
powertraces-pt200array_pt216_r5_7536312_80-d81f1038b4,2026-05-07T21:06:16.337Z,90.391,0,145.12,1980,0,0,,,,
powertraces-pt200array_pt216_r5_7536312_80-d81f1038b4,2026-05-07T21:06:16.337Z,90.391,1,141.74,1980,0,0,,,,
powertraces-pt200array_pt216_r5_7536312_80-d81f1038b4,2026-05-07T21:06:16.337Z,90.391,2,141.04,1980,0,0,,,,
powertraces-pt200array_pt216_r5_7536312_80-d81f1038b4,2026-05-07T21:06:16.337Z,90.391,3,133.83,1980,0,0,,,,
powertraces-pt200array_pt216_r5_7536312_80-d81f1038b4,2026-05-07T21:06:16.437Z,90.491,0,132.48,1980,0,0,,,,
powertraces-pt200array_pt216_r5_7536312_80-d81f1038b4,2026-05-07T21:06:16.437Z,90.491,1,131.93,1980,0,0,,,,
powertraces-pt200array_pt216_r5_7536312_80-d81f1038b4,2026-05-07T21:06:16.437Z,90.491,2,128.95,1980,0,0,,,,
powertraces-pt200array_pt216_r5_7536312_80-d81f1038b4,2026-05-07T21:06:16.437Z,90.491,3,127.55,1980,0,0,,,,
powertraces-pt200array_pt216_r5_7536312_80-d81f1038b4,2026-05-07T21:06:16.537Z,90.591,0,126.54,1980,0,0,,,,
powertraces-pt200array_pt216_r5_7536312_80-d81f1038b4,2026-05-07T21:06:16.537Z,90.591,1,126.96,1980,0,0,,,,
powertraces-pt200array_pt216_r5_7536312_80-d81f1038b4,2026-05-07T21:06:16.537Z,90.591,2,120.49,1980,0,0,,,,
powertraces-pt200array_pt216_r5_7536312_80-d81f1038b4,2026-05-07T21:06:16.537Z,90.591,3,112.2,1980,1,0,,,,
powertraces-pt200array_pt216_r5_7536312_80-d81f1038b4,2026-05-07T21:06:16.637Z,90.691,0,114.37,1980,0,0,,,,
powertraces-pt200array_pt216_r5_7536312_80-d81f1038b4,2026-05-07T21:06:16.637Z,90.691,1,113.67,1980,0,0,,,,
powertraces-pt200array_pt216_r5_7536312_80-d81f1038b4,2026-05-07T21:06:16.637Z,90.691,2,112.43,1980,0,0,,,,
powertraces-pt200array_pt216_r5_7536312_80-d81f1038b4,2026-05-07T21:06:16.637Z,90.691,3,112.48,1980,1,0,,,,
powertraces-pt200array_pt216_r5_7536312_80-d81f1038b4,2026-05-07T21:06:16.737Z,90.791,0,114.58,1980,0,0,,,,
powertraces-pt200array_pt216_r5_7536312_80-d81f1038b4,2026-05-07T21:06:16.737Z,90.791,1,113.91,1980,0,0,,,,
powertraces-pt200array_pt216_r5_7536312_80-d81f1038b4,2026-05-07T21:06:16.737Z,90.791,2,112.71,1980,0,0,,,,
powertraces-pt200array_pt216_r5_7536312_80-d81f1038b4,2026-05-07T21:06:16.737Z,90.791,3,112.87,1980,0,0,,,,
powertraces-pt200array_pt216_r5_7536312_80-d81f1038b4,2026-05-07T21:06:16.838Z,90.892,0,114.89,1980,0,0,,,,
powertraces-pt200array_pt216_r5_7536312_80-d81f1038b4,2026-05-07T21:06:16.838Z,90.892,1,114.13,1980,0,0,,,,
powertraces-pt200array_pt216_r5_7536312_80-d81f1038b4,2026-05-07T21:06:16.838Z,90.892,2,113.06,1980,0,0,,,,
powertraces-pt200array_pt216_r5_7536312_80-d81f1038b4,2026-05-07T21:06:16.838Z,90.892,3,113.22,1980,0,0,,,,
powertraces-pt200array_pt216_r5_7536312_80-d81f1038b4,2026-05-07T21:06:16.938Z,90.992,0,115.18,1980,0,0,,,,
powertraces-pt200array_pt216_r5_7536312_80-d81f1038b4,2026-05-07T21:06:16.938Z,90.992,1,114.44,1980,0,0,,,,
powertraces-pt200array_pt216_r5_7536312_80-d81f1038b4,2026-05-07T21:06:16.938Z,90.992,2,113.42,1980,0,0,,,,
powertraces-pt200array_pt216_r5_7536312_80-d81f1038b4,2026-05-07T21:06:16.938Z,90.992,3,113.56,1980,0,0,,,,
powertraces-pt200array_pt216_r5_7536312_80-d81f1038b4,2026-05-07T21:06:17.038Z,91.092,0,115.56,1980,0,0,,,,
powertraces-pt200array_pt216_r5_7536312_80-d81f1038b4,2026-05-07T21:06:17.038Z,91.092,1,114.82,1980,0,0,,,,
powertraces-pt200array_pt216_r5_7536312_80-d81f1038b4,2026-05-07T21:06:17.038Z,91.092,2,113.81,1980,0,0,,,,
powertraces-pt200array_pt216_r5_7536312_80-d81f1038b4,2026-05-07T21:06:17.038Z,91.092,3,113.98,1980,0,0,,,,
powertraces-pt200array_pt216_r5_7536312_80-d81f1038b4,2026-05-07T21:06:17.138Z,91.192,0,115.85,1980,0,0,,,,
powertraces-pt200array_pt216_r5_7536312_80-d81f1038b4,2026-05-07T21:06:17.138Z,91.192,1,115.41,1980,0,0,,,,
powertraces-pt200array_pt216_r5_7536312_80-d81f1038b4,2026-05-07T21:06:17.138Z,91.192,2,115.0,1980,0,0,,,,
powertraces-pt200array_pt216_r5_7536312_80-d81f1038b4,2026-05-07T21:06:17.138Z,91.192,3,115.23,1980,22,4,,,,
powertraces-pt200array_pt216_r5_7536312_80-d81f1038b4,2026-05-07T21:06:17.238Z,91.292,0,117.01,1980,0,0,,,,
powertraces-pt200array_pt216_r5_7536312_80-d81f1038b4,2026-05-07T21:06:17.238Z,91.292,1,115.8,1980,0,0,,,,
powertraces-pt200array_pt216_r5_7536312_80-d81f1038b4,2026-05-07T21:06:17.238Z,91.292,2,115.52,1980,34,5,,,,
powertraces-pt200array_pt216_r5_7536312_80-d81f1038b4,2026-05-07T21:06:17.239Z,91.293,3,116.07,1980,22,4,,,,
powertraces-pt200array_pt216_r5_7536312_80-d81f1038b4,2026-05-07T21:06:17.339Z,91.393,0,117.64,1980,0,0,,,,
powertraces-pt200array_pt216_r5_7536312_80-d81f1038b4,2026-05-07T21:06:17.339Z,91.393,1,117.36,1980,42,7,,,,
powertraces-pt200array_pt216_r5_7536312_80-d81f1038b4,2026-05-07T21:06:17.339Z,91.393,2,115.94,1980,34,5,,,,
powertraces-pt200array_pt216_r5_7536312_80-d81f1038b4,2026-05-07T21:06:17.339Z,91.393,3,116.4,1980,0,0,,,,
powertraces-pt200array_pt216_r5_7536312_80-d81f1038b4,2026-05-07T21:06:17.439Z,91.493,0,118.07,1980,7,1,,,,
powertraces-pt200array_pt216_r5_7536312_80-d81f1038b4,2026-05-07T21:06:17.439Z,91.493,1,117.66,1980,42,7,,,,
powertraces-pt200array_pt216_r5_7536312_80-d81f1038b4,2026-05-07T21:06:17.439Z,91.493,2,116.32,1980,8,1,,,,
powertraces-pt200array_pt216_r5_7536312_80-d81f1038b4,2026-05-07T21:06:17.439Z,91.493,3,116.72,1980,0,0,,,,
powertraces-pt200array_pt216_r5_7536312_80-d81f1038b4,2026-05-07T21:06:17.539Z,91.593,0,118.43,1980,7,1,,,,
powertraces-pt200array_pt216_r5_7536312_80-d81f1038b4,2026-05-07T21:06:17.539Z,91.593,1,118.06,1980,0,0,,,,
powertraces-pt200array_pt216_r5_7536312_80-d81f1038b4,2026-05-07T21:06:17.539Z,91.593,2,116.76,1980,8,1,,,,
powertraces-pt200array_pt216_r5_7536312_80-d81f1038b4,2026-05-07T21:06:17.539Z,91.593,3,117.12,1980,0,0,,,,
powertraces-pt200array_pt216_r5_7536312_80-d81f1038b4,2026-05-07T21:06:17.639Z,91.693,0,118.44,1980,0,0,,,,
powertraces-pt200array_pt216_r5_7536312_80-d81f1038b4,2026-05-07T21:06:17.639Z,91.693,1,118.07,1980,0,0,,,,
powertraces-pt200array_pt216_r5_7536312_80-d81f1038b4,2026-05-07T21:06:17.639Z,91.693,2,116.72,1980,0,0,,,,
powertraces-pt200array_pt216_r5_7536312_80-d81f1038b4,2026-05-07T21:06:17.639Z,91.693,3,117.09,1980,0,0,,,,
powertraces-pt200array_pt216_r5_7536312_80-d81f1038b4,2026-05-07T21:06:17.739Z,91.793,0,118.43,1980,0,0,,,,
powertraces-pt200array_pt216_r5_7536312_80-d81f1038b4,2026-05-07T21:06:17.74Z,91.794,1,118.12,1980,0,0,,,,
powertraces-pt200array_pt216_r5_7536312_80-d81f1038b4,2026-05-07T21:06:17.74Z,91.794,2,116.71,1980,0,0,,,,
powertraces-pt200array_pt216_r5_7536312_80-d81f1038b4,2026-05-07T21:06:17.74Z,91.794,3,117.01,1980,0,0,,,,
powertraces-pt200array_pt216_r5_7536312_80-d81f1038b4,2026-05-07T21:06:17.84Z,91.894,0,118.44,1980,0,0,,,,
powertraces-pt200array_pt216_r5_7536312_80-d81f1038b4,2026-05-07T21:06:17.84Z,91.894,1,118.25,1980,0,0,,,,
powertraces-pt200array_pt216_r5_7536312_80-d81f1038b4,2026-05-07T21:06:17.84Z,91.894,2,116.67,1980,0,0,,,,
powertraces-pt200array_pt216_r5_7536312_80-d81f1038b4,2026-05-07T21:06:17.84Z,91.894,3,117.02,1980,0,0,,,,
powertraces-pt200array_pt216_r5_7536312_80-d81f1038b4,2026-05-07T21:06:17.94Z,91.994,0,118.45,1980,0,0,,,,
powertraces-pt200array_pt216_r5_7536312_80-d81f1038b4,2026-05-07T21:06:17.94Z,91.994,1,118.19,1980,0,0,,,,
powertraces-pt200array_pt216_r5_7536312_80-d81f1038b4,2026-05-07T21:06:17.94Z,91.994,2,116.65,1980,0,0,,,,
powertraces-pt200array_pt216_r5_7536312_80-d81f1038b4,2026-05-07T21:06:17.94Z,91.994,3,117.02,1980,0,0,,,,
powertraces-pt200array_pt216_r5_7536312_80-d81f1038b4,2026-05-07T21:06:18.04Z,92.094,0,118.42,1980,0,0,,,,
powertraces-pt200array_pt216_r5_7536312_80-d81f1038b4,2026-05-07T21:06:18.04Z,92.094,1,118.08,1980,0,0,,,,
powertraces-pt200array_pt216_r5_7536312_80-d81f1038b4,2026-05-07T21:06:18.04Z,92.094,2,116.61,1980,0,0,,,,
powertraces-pt200array_pt216_r5_7536312_80-d81f1038b4,2026-05-07T21:06:18.04Z,92.094,3,117.0,1980,0,0,,,,
powertraces-pt200array_pt216_r5_7536312_80-d81f1038b4,2026-05-07T21:06:18.14Z,92.194,0,118.38,1980,0,0,,,,
powertraces-pt200array_pt216_r5_7536312_80-d81f1038b4,2026-05-07T21:06:18.14Z,92.194,1,117.99,1980,0,0,,,,
powertraces-pt200array_pt216_r5_7536312_80-d81f1038b4,2026-05-07T21:06:18.14Z,92.194,2,115.74,1980,0,0,,,,
powertraces-pt200array_pt216_r5_7536312_80-d81f1038b4,2026-05-07T21:06:18.14Z,92.194,3,116.65,1980,0,0,,,,
powertraces-pt200array_pt216_r5_7536312_80-d81f1038b4,2026-05-07T21:06:18.24Z,92.294,0,117.63,1980,0,0,,,,
powertraces-pt200array_pt216_r5_7536312_80-d81f1038b4,2026-05-07T21:06:18.241Z,92.295,1,117.9,1980,0,0,,,,
powertraces-pt200array_pt216_r5_7536312_80-d81f1038b4,2026-05-07T21:06:18.241Z,92.295,2,115.64,1980,0,0,,,,
powertraces-pt200array_pt216_r5_7536312_80-d81f1038b4,2026-05-07T21:06:18.241Z,92.295,3,115.72,1980,0,0,,,,
powertraces-pt200array_pt216_r5_7536312_80-d81f1038b4,2026-05-07T21:06:18.341Z,92.395,0,117.36,1980,0,0,,,,
powertraces-pt200array_pt216_r5_7536312_80-d81f1038b4,2026-05-07T21:06:18.341Z,92.395,1,116.75,1980,0,0,,,,
powertraces-pt200array_pt216_r5_7536312_80-d81f1038b4,2026-05-07T21:06:18.341Z,92.395,2,115.17,795,0,0,,,,
powertraces-pt200array_pt216_r5_7536312_80-d81f1038b4,2026-05-07T21:06:18.341Z,92.395,3,115.77,1980,0,0,,,,
powertraces-pt200array_pt216_r5_7536312_80-d81f1038b4,2026-05-07T21:06:18.441Z,92.495,0,117.33,1980,0,0,,,,
powertraces-pt200array_pt216_r5_7536312_80-d81f1038b4,2026-05-07T21:06:18.441Z,92.495,1,116.86,1980,0,0,,,,
powertraces-pt200array_pt216_r5_7536312_80-d81f1038b4,2026-05-07T21:06:18.441Z,92.495,2,110.79,750,0,0,,,,
powertraces-pt200array_pt216_r5_7536312_80-d81f1038b4,2026-05-07T21:06:18.441Z,92.495,3,115.77,1980,0,0,,,,
