run_id,timestamp,time_relative_s,gpu_id,power_w,sm_clock_mhz,gpu_util_pct,memory_util_pct,memory_used_mb,memory_total_mb,temperature_c,stage
powertraces-pt200array_pt220_r3_7536323_8-1cf5cef7ab,2026-04-30T19:46:02.489Z,0.0,0,82.5,345,0,0,,,,
powertraces-pt200array_pt220_r3_7536323_8-1cf5cef7ab,2026-04-30T19:46:02.49Z,0.001,1,33.26,210,0,0,,,,
powertraces-pt200array_pt220_r3_7536323_8-1cf5cef7ab,2026-04-30T19:46:02.491Z,0.002,2,35.01,210,0,0,,,,
powertraces-pt200array_pt220_r3_7536323_8-1cf5cef7ab,2026-04-30T19:46:02.492Z,0.003,3,33.93,210,0,0,,,,
powertraces-pt200array_pt220_r3_7536323_8-1cf5cef7ab,2026-04-30T19:46:02.593Z,0.104,0,82.5,345,0,0,,,,
powertraces-pt200array_pt220_r3_7536323_8-1cf5cef7ab,2026-04-30T19:46:02.593Z,0.104,1,33.26,210,0,0,,,,
powertraces-pt200array_pt220_r3_7536323_8-1cf5cef7ab,2026-04-30T19:46:02.593Z,0.104,2,35.01,210,0,0,,,,
powertraces-pt200array_pt220_r3_7536323_8-1cf5cef7ab,2026-04-30T19:46:02.593Z,0.104,3,33.93,210,0,0,,,,
powertraces-pt200array_pt220_r3_7536323_8-1cf5cef7ab,2026-04-30T19:46:02.693Z,0.204,0,79.77,225,0,0,,,,
powertraces-pt200array_pt220_r3_7536323_8-1cf5cef7ab,2026-04-30T19:46:02.693Z,0.204,1,33.26,210,0,0,,,,
powertraces-pt200array_pt220_r3_7536323_8-1cf5cef7ab,2026-04-30T19:46:02.693Z,0.204,2,35.01,210,0,0,,,,
powertraces-pt200array_pt220_r3_7536323_8-1cf5cef7ab,2026-04-30T19:46:02.693Z,0.204,3,33.93,210,0,0,,,,
powertraces-pt200array_pt220_r3_7536323_8-1cf5cef7ab,2026-04-30T19:46:02.793Z,0.304,0,79.77,225,0,0,,,,
powertraces-pt200array_pt220_r3_7536323_8-1cf5cef7ab,2026-04-30T19:46:02.793Z,0.304,1,33.26,210,0,0,,,,
powertraces-pt200array_pt220_r3_7536323_8-1cf5cef7ab,2026-04-30T19:46:02.793Z,0.304,2,35.01,210,0,0,,,,
powertraces-pt200array_pt220_r3_7536323_8-1cf5cef7ab,2026-04-30T19:46:02.793Z,0.304,3,33.93,210,0,0,,,,
powertraces-pt200array_pt220_r3_7536323_8-1cf5cef7ab,2026-04-30T19:46:02.894Z,0.405,0,79.77,225,0,0,,,,
powertraces-pt200array_pt220_r3_7536323_8-1cf5cef7ab,2026-04-30T19:46:02.894Z,0.405,1,33.26,210,0,0,,,,
powertraces-pt200array_pt220_r3_7536323_8-1cf5cef7ab,2026-04-30T19:46:02.894Z,0.405,2,35.01,210,0,0,,,,
powertraces-pt200array_pt220_r3_7536323_8-1cf5cef7ab,2026-04-30T19:46:02.894Z,0.405,3,33.93,210,0,0,,,,
powertraces-pt200array_pt220_r3_7536323_8-1cf5cef7ab,2026-04-30T19:46:02.994Z,0.505,0,79.77,225,0,0,,,,
powertraces-pt200array_pt220_r3_7536323_8-1cf5cef7ab,2026-04-30T19:46:02.994Z,0.505,1,33.26,210,0,0,,,,
powertraces-pt200array_pt220_r3_7536323_8-1cf5cef7ab,2026-04-30T19:46:02.994Z,0.505,2,35.01,210,0,0,,,,
powertraces-pt200array_pt220_r3_7536323_8-1cf5cef7ab,2026-04-30T19:46:02.994Z,0.505,3,33.93,210,0,0,,,,
powertraces-pt200array_pt220_r3_7536323_8-1cf5cef7ab,2026-04-30T19:46:03.094Z,0.605,0,79.77,225,0,0,,,,
powertraces-pt200array_pt220_r3_7536323_8-1cf5cef7ab,2026-04-30T19:46:03.094Z,0.605,1,33.26,210,0,0,,,,
powertraces-pt200array_pt220_r3_7536323_8-1cf5cef7ab,2026-04-30T19:46:03.094Z,0.605,2,35.01,210,0,0,,,,
powertraces-pt200array_pt220_r3_7536323_8-1cf5cef7ab,2026-04-30T19:46:03.094Z,0.605,3,33.93,210,0,0,,,,
powertraces-pt200array_pt220_r3_7536323_8-1cf5cef7ab,2026-04-30T19:46:03.194Z,0.705,0,79.77,225,0,0,,,,
powertraces-pt200array_pt220_r3_7536323_8-1cf5cef7ab,2026-04-30T19:46:03.194Z,0.705,1,33.26,210,0,0,,,,
powertraces-pt200array_pt220_r3_7536323_8-1cf5cef7ab,2026-04-30T19:46:03.194Z,0.705,2,35.01,210,0,0,,,,
powertraces-pt200array_pt220_r3_7536323_8-1cf5cef7ab,2026-04-30T19:46:03.194Z,0.705,3,33.93,210,0,0,,,,
powertraces-pt200array_pt220_r3_7536323_8-1cf5cef7ab,2026-04-30T19:46:03.294Z,0.805,0,79.77,225,0,0,,,,
powertraces-pt200array_pt220_r3_7536323_8-1cf5cef7ab,2026-04-30T19:46:03.294Z,0.805,1,33.26,210,0,0,,,,
powertraces-pt200array_pt220_r3_7536323_8-1cf5cef7ab,2026-04-30T19:46:03.294Z,0.805,2,35.01,210,0,0,,,,
powertraces-pt200array_pt220_r3_7536323_8-1cf5cef7ab,2026-04-30T19:46:03.294Z,0.805,3,33.93,210,0,0,,,,
powertraces-pt200array_pt220_r3_7536323_8-1cf5cef7ab,2026-04-30T19:46:03.394Z,0.905,0,79.77,225,0,0,,,,
powertraces-pt200array_pt220_r3_7536323_8-1cf5cef7ab,2026-04-30T19:46:03.394Z,0.905,1,33.26,210,0,0,,,,
powertraces-pt200array_pt220_r3_7536323_8-1cf5cef7ab,2026-04-30T19:46:03.394Z,0.905,2,35.01,210,0,0,,,,
powertraces-pt200array_pt220_r3_7536323_8-1cf5cef7ab,2026-04-30T19:46:03.394Z,0.905,3,33.93,210,0,0,,,,
powertraces-pt200array_pt220_r3_7536323_8-1cf5cef7ab,2026-04-30T19:46:03.494Z,1.005,0,79.77,225,0,0,,,,
powertraces-pt200array_pt220_r3_7536323_8-1cf5cef7ab,2026-04-30T19:46:03.494Z,1.005,1,33.26,210,0,0,,,,
powertraces-pt200array_pt220_r3_7536323_8-1cf5cef7ab,2026-04-30T19:46:03.495Z,1.006,2,35.01,210,0,0,,,,
powertraces-pt200array_pt220_r3_7536323_8-1cf5cef7ab,2026-04-30T19:46:03.495Z,1.006,3,33.93,210,0,0,,,,
powertraces-pt200array_pt220_r3_7536323_8-1cf5cef7ab,2026-04-30T19:46:03.595Z,1.106,0,79.77,225,0,0,,,,
powertraces-pt200array_pt220_r3_7536323_8-1cf5cef7ab,2026-04-30T19:46:03.595Z,1.106,1,33.26,210,0,0,,,,
powertraces-pt200array_pt220_r3_7536323_8-1cf5cef7ab,2026-04-30T19:46:03.595Z,1.106,2,35.01,210,0,0,,,,
powertraces-pt200array_pt220_r3_7536323_8-1cf5cef7ab,2026-04-30T19:46:03.595Z,1.106,3,33.93,210,0,0,,,,
powertraces-pt200array_pt220_r3_7536323_8-1cf5cef7ab,2026-04-30T19:46:03.695Z,1.206,0,78.43,210,0,0,,,,
powertraces-pt200array_pt220_r3_7536323_8-1cf5cef7ab,2026-04-30T19:46:03.695Z,1.206,1,33.26,210,0,0,,,,
powertraces-pt200array_pt220_r3_7536323_8-1cf5cef7ab,2026-04-30T19:46:03.695Z,1.206,2,35.01,210,0,0,,,,
powertraces-pt200array_pt220_r3_7536323_8-1cf5cef7ab,2026-04-30T19:46:03.695Z,1.206,3,33.93,210,0,0,,,,
powertraces-pt200array_pt220_r3_7536323_8-1cf5cef7ab,2026-04-30T19:46:03.795Z,1.306,0,78.43,210,0,0,,,,
powertraces-pt200array_pt220_r3_7536323_8-1cf5cef7ab,2026-04-30T19:46:03.795Z,1.306,1,33.26,210,0,0,,,,
powertraces-pt200array_pt220_r3_7536323_8-1cf5cef7ab,2026-04-30T19:46:03.795Z,1.306,2,35.01,210,0,0,,,,
powertraces-pt200array_pt220_r3_7536323_8-1cf5cef7ab,2026-04-30T19:46:03.795Z,1.306,3,33.93,210,0,0,,,,
powertraces-pt200array_pt220_r3_7536323_8-1cf5cef7ab,2026-04-30T19:46:03.895Z,1.406,0,78.43,210,0,0,,,,
powertraces-pt200array_pt220_r3_7536323_8-1cf5cef7ab,2026-04-30T19:46:03.895Z,1.406,1,33.26,210,0,0,,,,
powertraces-pt200array_pt220_r3_7536323_8-1cf5cef7ab,2026-04-30T19:46:03.895Z,1.406,2,35.01,210,0,0,,,,
powertraces-pt200array_pt220_r3_7536323_8-1cf5cef7ab,2026-04-30T19:46:03.895Z,1.406,3,33.93,210,0,0,,,,
powertraces-pt200array_pt220_r3_7536323_8-1cf5cef7ab,2026-04-30T19:46:03.995Z,1.506,0,78.43,210,0,0,,,,
powertraces-pt200array_pt220_r3_7536323_8-1cf5cef7ab,2026-04-30T19:46:03.995Z,1.506,1,33.26,210,0,0,,,,
powertraces-pt200array_pt220_r3_7536323_8-1cf5cef7ab,2026-04-30T19:46:03.995Z,1.506,2,35.0,210,0,0,,,,
powertraces-pt200array_pt220_r3_7536323_8-1cf5cef7ab,2026-04-30T19:46:03.995Z,1.506,3,33.93,210,0,0,,,,
powertraces-pt200array_pt220_r3_7536323_8-1cf5cef7ab,2026-04-30T19:46:04.095Z,1.606,0,78.43,210,0,0,,,,
powertraces-pt200array_pt220_r3_7536323_8-1cf5cef7ab,2026-04-30T19:46:04.095Z,1.606,1,33.26,210,0,0,,,,
powertraces-pt200array_pt220_r3_7536323_8-1cf5cef7ab,2026-04-30T19:46:04.095Z,1.606,2,35.0,210,0,0,,,,
powertraces-pt200array_pt220_r3_7536323_8-1cf5cef7ab,2026-04-30T19:46:04.095Z,1.606,3,33.93,210,0,0,,,,
powertraces-pt200array_pt220_r3_7536323_8-1cf5cef7ab,2026-04-30T19:46:04.195Z,1.706,0,78.43,210,0,0,,,,
powertraces-pt200array_pt220_r3_7536323_8-1cf5cef7ab,2026-04-30T19:46:04.196Z,1.707,1,33.26,210,0,0,,,,
powertraces-pt200array_pt220_r3_7536323_8-1cf5cef7ab,2026-04-30T19:46:04.196Z,1.707,2,35.0,210,0,0,,,,
powertraces-pt200array_pt220_r3_7536323_8-1cf5cef7ab,2026-04-30T19:46:04.196Z,1.707,3,33.93,210,0,0,,,,
powertraces-pt200array_pt220_r3_7536323_8-1cf5cef7ab,2026-04-30T19:46:04.296Z,1.807,0,78.43,210,0,0,,,,
powertraces-pt200array_pt220_r3_7536323_8-1cf5cef7ab,2026-04-30T19:46:04.296Z,1.807,1,33.26,210,0,0,,,,
powertraces-pt200array_pt220_r3_7536323_8-1cf5cef7ab,2026-04-30T19:46:04.296Z,1.807,2,35.0,210,0,0,,,,
powertraces-pt200array_pt220_r3_7536323_8-1cf5cef7ab,2026-04-30T19:46:04.296Z,1.807,3,33.93,210,0,0,,,,
powertraces-pt200array_pt220_r3_7536323_8-1cf5cef7ab,2026-04-30T19:46:04.396Z,1.907,0,78.43,210,0,0,,,,
powertraces-pt200array_pt220_r3_7536323_8-1cf5cef7ab,2026-04-30T19:46:04.396Z,1.907,1,33.26,210,0,0,,,,
powertraces-pt200array_pt220_r3_7536323_8-1cf5cef7ab,2026-04-30T19:46:04.396Z,1.907,2,35.0,210,0,0,,,,
powertraces-pt200array_pt220_r3_7536323_8-1cf5cef7ab,2026-04-30T19:46:04.396Z,1.907,3,33.93,210,0,0,,,,
powertraces-pt200array_pt220_r3_7536323_8-1cf5cef7ab,2026-04-30T19:46:04.496Z,2.007,0,78.43,210,0,0,,,,
powertraces-pt200array_pt220_r3_7536323_8-1cf5cef7ab,2026-04-30T19:46:04.496Z,2.007,1,33.26,210,0,0,,,,
powertraces-pt200array_pt220_r3_7536323_8-1cf5cef7ab,2026-04-30T19:46:04.496Z,2.007,2,35.0,210,0,0,,,,
powertraces-pt200array_pt220_r3_7536323_8-1cf5cef7ab,2026-04-30T19:46:04.496Z,2.007,3,33.93,210,0,0,,,,
powertraces-pt200array_pt220_r3_7536323_8-1cf5cef7ab,2026-04-30T19:46:04.596Z,2.107,0,78.43,210,0,0,,,,
powertraces-pt200array_pt220_r3_7536323_8-1cf5cef7ab,2026-04-30T19:46:04.596Z,2.107,1,33.27,210,0,0,,,,
powertraces-pt200array_pt220_r3_7536323_8-1cf5cef7ab,2026-04-30T19:46:04.596Z,2.107,2,35.0,210,0,0,,,,
powertraces-pt200array_pt220_r3_7536323_8-1cf5cef7ab,2026-04-30T19:46:04.596Z,2.107,3,33.93,210,0,0,,,,
powertraces-pt200array_pt220_r3_7536323_8-1cf5cef7ab,2026-04-30T19:46:04.696Z,2.207,0,64.13,210,0,0,,,,
powertraces-pt200array_pt220_r3_7536323_8-1cf5cef7ab,2026-04-30T19:46:04.696Z,2.207,1,33.27,210,0,0,,,,
powertraces-pt200array_pt220_r3_7536323_8-1cf5cef7ab,2026-04-30T19:46:04.696Z,2.207,2,35.0,210,0,0,,,,
powertraces-pt200array_pt220_r3_7536323_8-1cf5cef7ab,2026-04-30T19:46:04.696Z,2.207,3,33.93,210,0,0,,,,
powertraces-pt200array_pt220_r3_7536323_8-1cf5cef7ab,2026-04-30T19:46:04.796Z,2.307,0,64.13,210,0,0,,,,
powertraces-pt200array_pt220_r3_7536323_8-1cf5cef7ab,2026-04-30T19:46:04.796Z,2.307,1,33.27,210,0,0,,,,
powertraces-pt200array_pt220_r3_7536323_8-1cf5cef7ab,2026-04-30T19:46:04.796Z,2.307,2,35.0,210,0,0,,,,
powertraces-pt200array_pt220_r3_7536323_8-1cf5cef7ab,2026-04-30T19:46:04.796Z,2.307,3,33.93,210,0,0,,,,
powertraces-pt200array_pt220_r3_7536323_8-1cf5cef7ab,2026-04-30T19:46:04.897Z,2.408,0,64.13,210,0,0,,,,
powertraces-pt200array_pt220_r3_7536323_8-1cf5cef7ab,2026-04-30T19:46:04.897Z,2.408,1,33.27,210,0,0,,,,
powertraces-pt200array_pt220_r3_7536323_8-1cf5cef7ab,2026-04-30T19:46:04.897Z,2.408,2,35.0,210,0,0,,,,
powertraces-pt200array_pt220_r3_7536323_8-1cf5cef7ab,2026-04-30T19:46:04.897Z,2.408,3,33.94,210,0,0,,,,
powertraces-pt200array_pt220_r3_7536323_8-1cf5cef7ab,2026-04-30T19:46:04.997Z,2.508,0,64.13,210,0,0,,,,
powertraces-pt200array_pt220_r3_7536323_8-1cf5cef7ab,2026-04-30T19:46:04.997Z,2.508,1,33.27,210,0,0,,,,
powertraces-pt200array_pt220_r3_7536323_8-1cf5cef7ab,2026-04-30T19:46:04.997Z,2.508,2,35.01,210,0,0,,,,
powertraces-pt200array_pt220_r3_7536323_8-1cf5cef7ab,2026-04-30T19:46:04.997Z,2.508,3,33.94,210,0,0,,,,
powertraces-pt200array_pt220_r3_7536323_8-1cf5cef7ab,2026-04-30T19:46:05.097Z,2.608,0,64.13,210,0,0,,,,
powertraces-pt200array_pt220_r3_7536323_8-1cf5cef7ab,2026-04-30T19:46:05.097Z,2.608,1,33.27,210,0,0,,,,
powertraces-pt200array_pt220_r3_7536323_8-1cf5cef7ab,2026-04-30T19:46:05.097Z,2.608,2,35.01,210,0,0,,,,
powertraces-pt200array_pt220_r3_7536323_8-1cf5cef7ab,2026-04-30T19:46:05.097Z,2.608,3,33.94,210,0,0,,,,
powertraces-pt200array_pt220_r3_7536323_8-1cf5cef7ab,2026-04-30T19:46:05.197Z,2.708,0,64.13,210,0,0,,,,
powertraces-pt200array_pt220_r3_7536323_8-1cf5cef7ab,2026-04-30T19:46:05.197Z,2.708,1,33.27,210,0,0,,,,
powertraces-pt200array_pt220_r3_7536323_8-1cf5cef7ab,2026-04-30T19:46:05.197Z,2.708,2,35.01,210,0,0,,,,
powertraces-pt200array_pt220_r3_7536323_8-1cf5cef7ab,2026-04-30T19:46:05.197Z,2.708,3,33.94,210,0,0,,,,
powertraces-pt200array_pt220_r3_7536323_8-1cf5cef7ab,2026-04-30T19:46:05.297Z,2.808,0,64.13,210,0,0,,,,
powertraces-pt200array_pt220_r3_7536323_8-1cf5cef7ab,2026-04-30T19:46:05.297Z,2.808,1,33.27,210,0,0,,,,
powertraces-pt200array_pt220_r3_7536323_8-1cf5cef7ab,2026-04-30T19:46:05.298Z,2.809,2,35.01,210,0,0,,,,
powertraces-pt200array_pt220_r3_7536323_8-1cf5cef7ab,2026-04-30T19:46:05.298Z,2.809,3,33.94,210,0,0,,,,
powertraces-pt200array_pt220_r3_7536323_8-1cf5cef7ab,2026-04-30T19:46:05.398Z,2.909,0,64.13,210,0,0,,,,
powertraces-pt200array_pt220_r3_7536323_8-1cf5cef7ab,2026-04-30T19:46:05.398Z,2.909,1,33.27,210,0,0,,,,
powertraces-pt200array_pt220_r3_7536323_8-1cf5cef7ab,2026-04-30T19:46:05.398Z,2.909,2,35.01,210,0,0,,,,
powertraces-pt200array_pt220_r3_7536323_8-1cf5cef7ab,2026-04-30T19:46:05.398Z,2.909,3,33.94,210,0,0,,,,
powertraces-pt200array_pt220_r3_7536323_8-1cf5cef7ab,2026-04-30T19:46:05.498Z,3.009,0,64.13,210,0,0,,,,
powertraces-pt200array_pt220_r3_7536323_8-1cf5cef7ab,2026-04-30T19:46:05.498Z,3.009,1,33.27,210,0,0,,,,
powertraces-pt200array_pt220_r3_7536323_8-1cf5cef7ab,2026-04-30T19:46:05.498Z,3.009,2,35.01,210,0,0,,,,
powertraces-pt200array_pt220_r3_7536323_8-1cf5cef7ab,2026-04-30T19:46:05.498Z,3.009,3,33.94,210,0,0,,,,
powertraces-pt200array_pt220_r3_7536323_8-1cf5cef7ab,2026-04-30T19:46:05.598Z,3.109,0,64.13,210,0,0,,,,
powertraces-pt200array_pt220_r3_7536323_8-1cf5cef7ab,2026-04-30T19:46:05.598Z,3.109,1,33.28,210,0,0,,,,
powertraces-pt200array_pt220_r3_7536323_8-1cf5cef7ab,2026-04-30T19:46:05.598Z,3.109,2,35.01,210,0,0,,,,
powertraces-pt200array_pt220_r3_7536323_8-1cf5cef7ab,2026-04-30T19:46:05.598Z,3.109,3,33.94,210,0,0,,,,
powertraces-pt200array_pt220_r3_7536323_8-1cf5cef7ab,2026-04-30T19:46:05.698Z,3.209,0,50.08,210,0,0,,,,
powertraces-pt200array_pt220_r3_7536323_8-1cf5cef7ab,2026-04-30T19:46:05.698Z,3.209,1,33.28,210,0,0,,,,
powertraces-pt200array_pt220_r3_7536323_8-1cf5cef7ab,2026-04-30T19:46:05.698Z,3.209,2,35.01,210,0,0,,,,
powertraces-pt200array_pt220_r3_7536323_8-1cf5cef7ab,2026-04-30T19:46:05.698Z,3.209,3,33.94,210,0,0,,,,
powertraces-pt200array_pt220_r3_7536323_8-1cf5cef7ab,2026-04-30T19:46:05.798Z,3.309,0,50.08,210,0,0,,,,
powertraces-pt200array_pt220_r3_7536323_8-1cf5cef7ab,2026-04-30T19:46:05.798Z,3.309,1,33.28,210,0,0,,,,
powertraces-pt200array_pt220_r3_7536323_8-1cf5cef7ab,2026-04-30T19:46:05.798Z,3.309,2,35.01,210,0,0,,,,
powertraces-pt200array_pt220_r3_7536323_8-1cf5cef7ab,2026-04-30T19:46:05.798Z,3.309,3,33.94,210,0,0,,,,
powertraces-pt200array_pt220_r3_7536323_8-1cf5cef7ab,2026-04-30T19:46:05.898Z,3.409,0,50.08,210,0,0,,,,
powertraces-pt200array_pt220_r3_7536323_8-1cf5cef7ab,2026-04-30T19:46:05.898Z,3.409,1,33.28,210,0,0,,,,
powertraces-pt200array_pt220_r3_7536323_8-1cf5cef7ab,2026-04-30T19:46:05.898Z,3.409,2,35.01,210,0,0,,,,
powertraces-pt200array_pt220_r3_7536323_8-1cf5cef7ab,2026-04-30T19:46:05.898Z,3.409,3,33.95,210,0,0,,,,
powertraces-pt200array_pt220_r3_7536323_8-1cf5cef7ab,2026-04-30T19:46:05.999Z,3.51,0,50.08,210,0,0,,,,
powertraces-pt200array_pt220_r3_7536323_8-1cf5cef7ab,2026-04-30T19:46:05.999Z,3.51,1,33.28,210,0,0,,,,
powertraces-pt200array_pt220_r3_7536323_8-1cf5cef7ab,2026-04-30T19:46:05.999Z,3.51,2,35.03,210,0,0,,,,
powertraces-pt200array_pt220_r3_7536323_8-1cf5cef7ab,2026-04-30T19:46:05.999Z,3.51,3,33.95,210,0,0,,,,
powertraces-pt200array_pt220_r3_7536323_8-1cf5cef7ab,2026-04-30T19:46:06.099Z,3.61,0,50.08,210,0,0,,,,
powertraces-pt200array_pt220_r3_7536323_8-1cf5cef7ab,2026-04-30T19:46:06.099Z,3.61,1,33.28,210,0,0,,,,
powertraces-pt200array_pt220_r3_7536323_8-1cf5cef7ab,2026-04-30T19:46:06.099Z,3.61,2,35.03,210,0,0,,,,
powertraces-pt200array_pt220_r3_7536323_8-1cf5cef7ab,2026-04-30T19:46:06.099Z,3.61,3,33.95,210,0,0,,,,
powertraces-pt200array_pt220_r3_7536323_8-1cf5cef7ab,2026-04-30T19:46:06.199Z,3.71,0,50.08,210,0,0,,,,
powertraces-pt200array_pt220_r3_7536323_8-1cf5cef7ab,2026-04-30T19:46:06.199Z,3.71,1,33.28,210,0,0,,,,
powertraces-pt200array_pt220_r3_7536323_8-1cf5cef7ab,2026-04-30T19:46:06.199Z,3.71,2,35.03,210,0,0,,,,
powertraces-pt200array_pt220_r3_7536323_8-1cf5cef7ab,2026-04-30T19:46:06.199Z,3.71,3,33.95,210,0,0,,,,
powertraces-pt200array_pt220_r3_7536323_8-1cf5cef7ab,2026-04-30T19:46:06.299Z,3.81,0,50.08,210,0,0,,,,
powertraces-pt200array_pt220_r3_7536323_8-1cf5cef7ab,2026-04-30T19:46:06.299Z,3.81,1,33.28,210,0,0,,,,
powertraces-pt200array_pt220_r3_7536323_8-1cf5cef7ab,2026-04-30T19:46:06.299Z,3.81,2,35.03,210,0,0,,,,
powertraces-pt200array_pt220_r3_7536323_8-1cf5cef7ab,2026-04-30T19:46:06.299Z,3.81,3,33.95,210,0,0,,,,
powertraces-pt200array_pt220_r3_7536323_8-1cf5cef7ab,2026-04-30T19:46:06.399Z,3.91,0,50.08,210,0,0,,,,
powertraces-pt200array_pt220_r3_7536323_8-1cf5cef7ab,2026-04-30T19:46:06.399Z,3.91,1,33.28,210,0,0,,,,
powertraces-pt200array_pt220_r3_7536323_8-1cf5cef7ab,2026-04-30T19:46:06.399Z,3.91,2,35.03,210,0,0,,,,
powertraces-pt200array_pt220_r3_7536323_8-1cf5cef7ab,2026-04-30T19:46:06.399Z,3.91,3,33.95,210,0,0,,,,
powertraces-pt200array_pt220_r3_7536323_8-1cf5cef7ab,2026-04-30T19:46:06.499Z,4.01,0,50.08,210,0,0,,,,
powertraces-pt200array_pt220_r3_7536323_8-1cf5cef7ab,2026-04-30T19:46:06.499Z,4.01,1,33.28,210,0,0,,,,
powertraces-pt200array_pt220_r3_7536323_8-1cf5cef7ab,2026-04-30T19:46:06.499Z,4.01,2,35.03,210,0,0,,,,
powertraces-pt200array_pt220_r3_7536323_8-1cf5cef7ab,2026-04-30T19:46:06.499Z,4.01,3,33.95,210,0,0,,,,
powertraces-pt200array_pt220_r3_7536323_8-1cf5cef7ab,2026-04-30T19:46:06.599Z,4.11,0,50.08,210,0,0,,,,
powertraces-pt200array_pt220_r3_7536323_8-1cf5cef7ab,2026-04-30T19:46:06.599Z,4.11,1,33.28,210,0,0,,,,
powertraces-pt200array_pt220_r3_7536323_8-1cf5cef7ab,2026-04-30T19:46:06.599Z,4.11,2,35.03,210,0,0,,,,
powertraces-pt200array_pt220_r3_7536323_8-1cf5cef7ab,2026-04-30T19:46:06.599Z,4.11,3,33.95,210,0,0,,,,
powertraces-pt200array_pt220_r3_7536323_8-1cf5cef7ab,2026-04-30T19:46:06.7Z,4.211,0,49.55,210,0,0,,,,
powertraces-pt200array_pt220_r3_7536323_8-1cf5cef7ab,2026-04-30T19:46:06.7Z,4.211,1,33.28,210,0,0,,,,
powertraces-pt200array_pt220_r3_7536323_8-1cf5cef7ab,2026-04-30T19:46:06.7Z,4.211,2,35.03,210,0,0,,,,
powertraces-pt200array_pt220_r3_7536323_8-1cf5cef7ab,2026-04-30T19:46:06.7Z,4.211,3,33.95,210,0,0,,,,
powertraces-pt200array_pt220_r3_7536323_8-1cf5cef7ab,2026-04-30T19:46:06.8Z,4.311,0,49.55,210,0,0,,,,
powertraces-pt200array_pt220_r3_7536323_8-1cf5cef7ab,2026-04-30T19:46:06.8Z,4.311,1,33.28,210,0,0,,,,
powertraces-pt200array_pt220_r3_7536323_8-1cf5cef7ab,2026-04-30T19:46:06.8Z,4.311,2,35.03,210,0,0,,,,
powertraces-pt200array_pt220_r3_7536323_8-1cf5cef7ab,2026-04-30T19:46:06.8Z,4.311,3,33.95,210,0,0,,,,
powertraces-pt200array_pt220_r3_7536323_8-1cf5cef7ab,2026-04-30T19:46:06.9Z,4.411,0,49.55,210,0,0,,,,
powertraces-pt200array_pt220_r3_7536323_8-1cf5cef7ab,2026-04-30T19:46:06.9Z,4.411,1,33.28,210,0,0,,,,
powertraces-pt200array_pt220_r3_7536323_8-1cf5cef7ab,2026-04-30T19:46:06.9Z,4.411,2,35.03,210,0,0,,,,
powertraces-pt200array_pt220_r3_7536323_8-1cf5cef7ab,2026-04-30T19:46:06.9Z,4.411,3,33.95,210,0,0,,,,
powertraces-pt200array_pt220_r3_7536323_8-1cf5cef7ab,2026-04-30T19:46:07Z,4.511,0,49.55,210,0,0,,,,
powertraces-pt200array_pt220_r3_7536323_8-1cf5cef7ab,2026-04-30T19:46:07Z,4.511,1,33.28,210,0,0,,,,
powertraces-pt200array_pt220_r3_7536323_8-1cf5cef7ab,2026-04-30T19:46:07Z,4.511,2,35.03,210,0,0,,,,
powertraces-pt200array_pt220_r3_7536323_8-1cf5cef7ab,2026-04-30T19:46:07Z,4.511,3,33.95,210,0,0,,,,
powertraces-pt200array_pt220_r3_7536323_8-1cf5cef7ab,2026-04-30T19:46:07.1Z,4.611,0,49.55,210,0,0,,,,
powertraces-pt200array_pt220_r3_7536323_8-1cf5cef7ab,2026-04-30T19:46:07.1Z,4.611,1,33.28,210,0,0,,,,
powertraces-pt200array_pt220_r3_7536323_8-1cf5cef7ab,2026-04-30T19:46:07.1Z,4.611,2,35.03,210,0,0,,,,
powertraces-pt200array_pt220_r3_7536323_8-1cf5cef7ab,2026-04-30T19:46:07.1Z,4.611,3,33.95,210,0,0,,,,
powertraces-pt200array_pt220_r3_7536323_8-1cf5cef7ab,2026-04-30T19:46:07.2Z,4.711,0,49.55,210,0,0,,,,
powertraces-pt200array_pt220_r3_7536323_8-1cf5cef7ab,2026-04-30T19:46:07.2Z,4.711,1,33.28,210,0,0,,,,
powertraces-pt200array_pt220_r3_7536323_8-1cf5cef7ab,2026-04-30T19:46:07.2Z,4.711,2,35.03,210,0,0,,,,
powertraces-pt200array_pt220_r3_7536323_8-1cf5cef7ab,2026-04-30T19:46:07.2Z,4.711,3,33.95,210,0,0,,,,
powertraces-pt200array_pt220_r3_7536323_8-1cf5cef7ab,2026-04-30T19:46:07.3Z,4.811,0,49.55,210,0,0,,,,
powertraces-pt200array_pt220_r3_7536323_8-1cf5cef7ab,2026-04-30T19:46:07.3Z,4.811,1,33.28,210,0,0,,,,
powertraces-pt200array_pt220_r3_7536323_8-1cf5cef7ab,2026-04-30T19:46:07.3Z,4.811,2,35.03,210,0,0,,,,
powertraces-pt200array_pt220_r3_7536323_8-1cf5cef7ab,2026-04-30T19:46:07.3Z,4.811,3,33.95,210,0,0,,,,
powertraces-pt200array_pt220_r3_7536323_8-1cf5cef7ab,2026-04-30T19:46:07.401Z,4.912,0,49.55,210,0,0,,,,
powertraces-pt200array_pt220_r3_7536323_8-1cf5cef7ab,2026-04-30T19:46:07.401Z,4.912,1,33.28,210,0,0,,,,
powertraces-pt200array_pt220_r3_7536323_8-1cf5cef7ab,2026-04-30T19:46:07.401Z,4.912,2,35.03,210,0,0,,,,
powertraces-pt200array_pt220_r3_7536323_8-1cf5cef7ab,2026-04-30T19:46:07.401Z,4.912,3,33.95,210,0,0,,,,
powertraces-pt200array_pt220_r3_7536323_8-1cf5cef7ab,2026-04-30T19:46:07.501Z,5.012,0,49.55,210,0,0,,,,
powertraces-pt200array_pt220_r3_7536323_8-1cf5cef7ab,2026-04-30T19:46:07.501Z,5.012,1,33.28,210,0,0,,,,
powertraces-pt200array_pt220_r3_7536323_8-1cf5cef7ab,2026-04-30T19:46:07.501Z,5.012,2,35.03,210,0,0,,,,
powertraces-pt200array_pt220_r3_7536323_8-1cf5cef7ab,2026-04-30T19:46:07.501Z,5.012,3,33.95,210,0,0,,,,
powertraces-pt200array_pt220_r3_7536323_8-1cf5cef7ab,2026-04-30T19:46:07.601Z,5.112,0,49.55,210,0,0,,,,
powertraces-pt200array_pt220_r3_7536323_8-1cf5cef7ab,2026-04-30T19:46:07.601Z,5.112,1,33.28,210,0,0,,,,
powertraces-pt200array_pt220_r3_7536323_8-1cf5cef7ab,2026-04-30T19:46:07.601Z,5.112,2,35.03,210,0,0,,,,
powertraces-pt200array_pt220_r3_7536323_8-1cf5cef7ab,2026-04-30T19:46:07.601Z,5.112,3,33.95,210,0,0,,,,
powertraces-pt200array_pt220_r3_7536323_8-1cf5cef7ab,2026-04-30T19:46:07.701Z,5.212,0,49.15,210,0,0,,,,
powertraces-pt200array_pt220_r3_7536323_8-1cf5cef7ab,2026-04-30T19:46:07.701Z,5.212,1,33.28,210,0,0,,,,
powertraces-pt200array_pt220_r3_7536323_8-1cf5cef7ab,2026-04-30T19:46:07.701Z,5.212,2,35.03,210,0,0,,,,
powertraces-pt200array_pt220_r3_7536323_8-1cf5cef7ab,2026-04-30T19:46:07.701Z,5.212,3,33.95,210,0,0,,,,
powertraces-pt200array_pt220_r3_7536323_8-1cf5cef7ab,2026-04-30T19:46:07.801Z,5.312,0,49.15,210,0,0,,,,
powertraces-pt200array_pt220_r3_7536323_8-1cf5cef7ab,2026-04-30T19:46:07.801Z,5.312,1,33.28,210,0,0,,,,
powertraces-pt200array_pt220_r3_7536323_8-1cf5cef7ab,2026-04-30T19:46:07.801Z,5.312,2,35.03,210,0,0,,,,
powertraces-pt200array_pt220_r3_7536323_8-1cf5cef7ab,2026-04-30T19:46:07.801Z,5.312,3,33.95,210,0,0,,,,
powertraces-pt200array_pt220_r3_7536323_8-1cf5cef7ab,2026-04-30T19:46:07.901Z,5.412,0,49.15,210,0,0,,,,
powertraces-pt200array_pt220_r3_7536323_8-1cf5cef7ab,2026-04-30T19:46:07.901Z,5.412,1,33.28,210,0,0,,,,
powertraces-pt200array_pt220_r3_7536323_8-1cf5cef7ab,2026-04-30T19:46:07.901Z,5.412,2,35.03,210,0,0,,,,
powertraces-pt200array_pt220_r3_7536323_8-1cf5cef7ab,2026-04-30T19:46:07.901Z,5.412,3,33.95,210,0,0,,,,
powertraces-pt200array_pt220_r3_7536323_8-1cf5cef7ab,2026-04-30T19:46:08.001Z,5.512,0,49.15,210,0,0,,,,
powertraces-pt200array_pt220_r3_7536323_8-1cf5cef7ab,2026-04-30T19:46:08.001Z,5.512,1,33.28,210,0,0,,,,
powertraces-pt200array_pt220_r3_7536323_8-1cf5cef7ab,2026-04-30T19:46:08.002Z,5.513,2,35.03,210,0,0,,,,
powertraces-pt200array_pt220_r3_7536323_8-1cf5cef7ab,2026-04-30T19:46:08.002Z,5.513,3,33.95,210,0,0,,,,
powertraces-pt200array_pt220_r3_7536323_8-1cf5cef7ab,2026-04-30T19:46:08.102Z,5.613,0,49.15,210,0,0,,,,
powertraces-pt200array_pt220_r3_7536323_8-1cf5cef7ab,2026-04-30T19:46:08.102Z,5.613,1,33.28,210,0,0,,,,
powertraces-pt200array_pt220_r3_7536323_8-1cf5cef7ab,2026-04-30T19:46:08.102Z,5.613,2,35.03,210,0,0,,,,
powertraces-pt200array_pt220_r3_7536323_8-1cf5cef7ab,2026-04-30T19:46:08.102Z,5.613,3,33.95,210,0,0,,,,
powertraces-pt200array_pt220_r3_7536323_8-1cf5cef7ab,2026-04-30T19:46:08.202Z,5.713,0,49.15,210,0,0,,,,
powertraces-pt200array_pt220_r3_7536323_8-1cf5cef7ab,2026-04-30T19:46:08.202Z,5.713,1,33.28,210,0,0,,,,
powertraces-pt200array_pt220_r3_7536323_8-1cf5cef7ab,2026-04-30T19:46:08.202Z,5.713,2,35.03,210,0,0,,,,
powertraces-pt200array_pt220_r3_7536323_8-1cf5cef7ab,2026-04-30T19:46:08.202Z,5.713,3,33.95,210,0,0,,,,
powertraces-pt200array_pt220_r3_7536323_8-1cf5cef7ab,2026-04-30T19:46:08.302Z,5.813,0,49.15,210,0,0,,,,
powertraces-pt200array_pt220_r3_7536323_8-1cf5cef7ab,2026-04-30T19:46:08.302Z,5.813,1,33.28,210,0,0,,,,
powertraces-pt200array_pt220_r3_7536323_8-1cf5cef7ab,2026-04-30T19:46:08.302Z,5.813,2,35.03,210,0,0,,,,
powertraces-pt200array_pt220_r3_7536323_8-1cf5cef7ab,2026-04-30T19:46:08.302Z,5.813,3,33.95,210,0,0,,,,
powertraces-pt200array_pt220_r3_7536323_8-1cf5cef7ab,2026-04-30T19:46:08.402Z,5.913,0,49.15,210,0,0,,,,
powertraces-pt200array_pt220_r3_7536323_8-1cf5cef7ab,2026-04-30T19:46:08.402Z,5.913,1,33.28,210,0,0,,,,
powertraces-pt200array_pt220_r3_7536323_8-1cf5cef7ab,2026-04-30T19:46:08.402Z,5.913,2,35.03,210,0,0,,,,
powertraces-pt200array_pt220_r3_7536323_8-1cf5cef7ab,2026-04-30T19:46:08.402Z,5.913,3,33.95,210,0,0,,,,
powertraces-pt200array_pt220_r3_7536323_8-1cf5cef7ab,2026-04-30T19:46:08.502Z,6.013,0,49.15,210,0,0,,,,
powertraces-pt200array_pt220_r3_7536323_8-1cf5cef7ab,2026-04-30T19:46:08.502Z,6.013,1,33.28,210,0,0,,,,
powertraces-pt200array_pt220_r3_7536323_8-1cf5cef7ab,2026-04-30T19:46:08.502Z,6.013,2,35.03,210,0,0,,,,
powertraces-pt200array_pt220_r3_7536323_8-1cf5cef7ab,2026-04-30T19:46:08.502Z,6.013,3,33.95,210,0,0,,,,
powertraces-pt200array_pt220_r3_7536323_8-1cf5cef7ab,2026-04-30T19:46:08.602Z,6.113,0,49.15,210,0,0,,,,
powertraces-pt200array_pt220_r3_7536323_8-1cf5cef7ab,2026-04-30T19:46:08.602Z,6.113,1,33.28,210,0,0,,,,
powertraces-pt200array_pt220_r3_7536323_8-1cf5cef7ab,2026-04-30T19:46:08.602Z,6.113,2,35.03,210,0,0,,,,
powertraces-pt200array_pt220_r3_7536323_8-1cf5cef7ab,2026-04-30T19:46:08.602Z,6.113,3,33.95,210,0,0,,,,
powertraces-pt200array_pt220_r3_7536323_8-1cf5cef7ab,2026-04-30T19:46:08.702Z,6.213,0,48.78,210,0,0,,,,
powertraces-pt200array_pt220_r3_7536323_8-1cf5cef7ab,2026-04-30T19:46:08.702Z,6.213,1,33.28,210,0,0,,,,
powertraces-pt200array_pt220_r3_7536323_8-1cf5cef7ab,2026-04-30T19:46:08.702Z,6.213,2,35.03,210,0,0,,,,
powertraces-pt200array_pt220_r3_7536323_8-1cf5cef7ab,2026-04-30T19:46:08.703Z,6.214,3,33.95,210,0,0,,,,
powertraces-pt200array_pt220_r3_7536323_8-1cf5cef7ab,2026-04-30T19:46:08.803Z,6.314,0,48.78,210,0,0,,,,
powertraces-pt200array_pt220_r3_7536323_8-1cf5cef7ab,2026-04-30T19:46:08.803Z,6.314,1,33.28,210,0,0,,,,
powertraces-pt200array_pt220_r3_7536323_8-1cf5cef7ab,2026-04-30T19:46:08.803Z,6.314,2,35.03,210,0,0,,,,
powertraces-pt200array_pt220_r3_7536323_8-1cf5cef7ab,2026-04-30T19:46:08.803Z,6.314,3,33.95,210,0,0,,,,
powertraces-pt200array_pt220_r3_7536323_8-1cf5cef7ab,2026-04-30T19:46:08.903Z,6.414,0,48.78,210,0,0,,,,
powertraces-pt200array_pt220_r3_7536323_8-1cf5cef7ab,2026-04-30T19:46:08.903Z,6.414,1,33.28,210,0,0,,,,
powertraces-pt200array_pt220_r3_7536323_8-1cf5cef7ab,2026-04-30T19:46:08.903Z,6.414,2,35.03,210,0,0,,,,
powertraces-pt200array_pt220_r3_7536323_8-1cf5cef7ab,2026-04-30T19:46:08.903Z,6.414,3,33.95,210,0,0,,,,
powertraces-pt200array_pt220_r3_7536323_8-1cf5cef7ab,2026-04-30T19:46:09.003Z,6.514,0,48.78,210,0,0,,,,
powertraces-pt200array_pt220_r3_7536323_8-1cf5cef7ab,2026-04-30T19:46:09.003Z,6.514,1,33.28,210,0,0,,,,
powertraces-pt200array_pt220_r3_7536323_8-1cf5cef7ab,2026-04-30T19:46:09.003Z,6.514,2,35.03,210,0,0,,,,
powertraces-pt200array_pt220_r3_7536323_8-1cf5cef7ab,2026-04-30T19:46:09.003Z,6.514,3,33.95,210,0,0,,,,
powertraces-pt200array_pt220_r3_7536323_8-1cf5cef7ab,2026-04-30T19:46:09.103Z,6.614,0,48.78,210,0,0,,,,
powertraces-pt200array_pt220_r3_7536323_8-1cf5cef7ab,2026-04-30T19:46:09.103Z,6.614,1,33.28,210,0,0,,,,
powertraces-pt200array_pt220_r3_7536323_8-1cf5cef7ab,2026-04-30T19:46:09.103Z,6.614,2,35.03,210,0,0,,,,
powertraces-pt200array_pt220_r3_7536323_8-1cf5cef7ab,2026-04-30T19:46:09.103Z,6.614,3,33.95,210,0,0,,,,
powertraces-pt200array_pt220_r3_7536323_8-1cf5cef7ab,2026-04-30T19:46:09.203Z,6.714,0,48.78,210,0,0,,,,
powertraces-pt200array_pt220_r3_7536323_8-1cf5cef7ab,2026-04-30T19:46:09.203Z,6.714,1,33.28,210,0,0,,,,
powertraces-pt200array_pt220_r3_7536323_8-1cf5cef7ab,2026-04-30T19:46:09.203Z,6.714,2,35.03,210,0,0,,,,
powertraces-pt200array_pt220_r3_7536323_8-1cf5cef7ab,2026-04-30T19:46:09.203Z,6.714,3,33.95,210,0,0,,,,
powertraces-pt200array_pt220_r3_7536323_8-1cf5cef7ab,2026-04-30T19:46:09.303Z,6.814,0,48.78,210,0,0,,,,
powertraces-pt200array_pt220_r3_7536323_8-1cf5cef7ab,2026-04-30T19:46:09.303Z,6.814,1,33.28,210,0,0,,,,
powertraces-pt200array_pt220_r3_7536323_8-1cf5cef7ab,2026-04-30T19:46:09.303Z,6.814,2,35.03,210,0,0,,,,
powertraces-pt200array_pt220_r3_7536323_8-1cf5cef7ab,2026-04-30T19:46:09.303Z,6.814,3,33.95,210,0,0,,,,
powertraces-pt200array_pt220_r3_7536323_8-1cf5cef7ab,2026-04-30T19:46:09.403Z,6.914,0,48.78,210,0,0,,,,
powertraces-pt200array_pt220_r3_7536323_8-1cf5cef7ab,2026-04-30T19:46:09.404Z,6.915,1,33.28,210,0,0,,,,
powertraces-pt200array_pt220_r3_7536323_8-1cf5cef7ab,2026-04-30T19:46:09.404Z,6.915,2,35.03,210,0,0,,,,
powertraces-pt200array_pt220_r3_7536323_8-1cf5cef7ab,2026-04-30T19:46:09.404Z,6.915,3,33.95,210,0,0,,,,
powertraces-pt200array_pt220_r3_7536323_8-1cf5cef7ab,2026-04-30T19:46:09.504Z,7.015,0,48.78,210,0,0,,,,
powertraces-pt200array_pt220_r3_7536323_8-1cf5cef7ab,2026-04-30T19:46:09.504Z,7.015,1,33.28,210,0,0,,,,
powertraces-pt200array_pt220_r3_7536323_8-1cf5cef7ab,2026-04-30T19:46:09.504Z,7.015,2,35.03,210,0,0,,,,
powertraces-pt200array_pt220_r3_7536323_8-1cf5cef7ab,2026-04-30T19:46:09.504Z,7.015,3,33.95,210,0,0,,,,
powertraces-pt200array_pt220_r3_7536323_8-1cf5cef7ab,2026-04-30T19:46:09.604Z,7.115,0,48.78,210,0,0,,,,
powertraces-pt200array_pt220_r3_7536323_8-1cf5cef7ab,2026-04-30T19:46:09.604Z,7.115,1,33.28,210,0,0,,,,
powertraces-pt200array_pt220_r3_7536323_8-1cf5cef7ab,2026-04-30T19:46:09.604Z,7.115,2,35.03,210,0,0,,,,
powertraces-pt200array_pt220_r3_7536323_8-1cf5cef7ab,2026-04-30T19:46:09.604Z,7.115,3,33.95,210,0,0,,,,
powertraces-pt200array_pt220_r3_7536323_8-1cf5cef7ab,2026-04-30T19:46:09.704Z,7.215,0,48.53,210,0,0,,,,
powertraces-pt200array_pt220_r3_7536323_8-1cf5cef7ab,2026-04-30T19:46:09.704Z,7.215,1,33.28,210,0,0,,,,
powertraces-pt200array_pt220_r3_7536323_8-1cf5cef7ab,2026-04-30T19:46:09.704Z,7.215,2,35.03,210,0,0,,,,
powertraces-pt200array_pt220_r3_7536323_8-1cf5cef7ab,2026-04-30T19:46:09.704Z,7.215,3,33.95,210,0,0,,,,
powertraces-pt200array_pt220_r3_7536323_8-1cf5cef7ab,2026-04-30T19:46:09.804Z,7.315,0,48.53,210,0,0,,,,
powertraces-pt200array_pt220_r3_7536323_8-1cf5cef7ab,2026-04-30T19:46:09.804Z,7.315,1,33.28,210,0,0,,,,
powertraces-pt200array_pt220_r3_7536323_8-1cf5cef7ab,2026-04-30T19:46:09.804Z,7.315,2,35.03,210,0,0,,,,
powertraces-pt200array_pt220_r3_7536323_8-1cf5cef7ab,2026-04-30T19:46:09.804Z,7.315,3,33.95,210,0,0,,,,
powertraces-pt200array_pt220_r3_7536323_8-1cf5cef7ab,2026-04-30T19:46:09.904Z,7.415,0,48.53,210,0,0,,,,
powertraces-pt200array_pt220_r3_7536323_8-1cf5cef7ab,2026-04-30T19:46:09.904Z,7.415,1,33.28,210,0,0,,,,
powertraces-pt200array_pt220_r3_7536323_8-1cf5cef7ab,2026-04-30T19:46:09.904Z,7.415,2,35.03,210,0,0,,,,
powertraces-pt200array_pt220_r3_7536323_8-1cf5cef7ab,2026-04-30T19:46:09.904Z,7.415,3,33.95,210,0,0,,,,
powertraces-pt200array_pt220_r3_7536323_8-1cf5cef7ab,2026-04-30T19:46:10.004Z,7.515,0,48.53,210,0,0,,,,
powertraces-pt200array_pt220_r3_7536323_8-1cf5cef7ab,2026-04-30T19:46:10.004Z,7.515,1,33.28,210,0,0,,,,
powertraces-pt200array_pt220_r3_7536323_8-1cf5cef7ab,2026-04-30T19:46:10.004Z,7.515,2,35.03,210,0,0,,,,
powertraces-pt200array_pt220_r3_7536323_8-1cf5cef7ab,2026-04-30T19:46:10.004Z,7.515,3,33.95,210,0,0,,,,
powertraces-pt200array_pt220_r3_7536323_8-1cf5cef7ab,2026-04-30T19:46:10.105Z,7.616,0,48.53,210,0,0,,,,
powertraces-pt200array_pt220_r3_7536323_8-1cf5cef7ab,2026-04-30T19:46:10.105Z,7.616,1,33.28,210,0,0,,,,
powertraces-pt200array_pt220_r3_7536323_8-1cf5cef7ab,2026-04-30T19:46:10.105Z,7.616,2,35.03,210,0,0,,,,
powertraces-pt200array_pt220_r3_7536323_8-1cf5cef7ab,2026-04-30T19:46:10.105Z,7.616,3,33.95,210,0,0,,,,
powertraces-pt200array_pt220_r3_7536323_8-1cf5cef7ab,2026-04-30T19:46:10.205Z,7.716,0,48.53,210,0,0,,,,
powertraces-pt200array_pt220_r3_7536323_8-1cf5cef7ab,2026-04-30T19:46:10.205Z,7.716,1,33.28,210,0,0,,,,
powertraces-pt200array_pt220_r3_7536323_8-1cf5cef7ab,2026-04-30T19:46:10.205Z,7.716,2,35.03,210,0,0,,,,
powertraces-pt200array_pt220_r3_7536323_8-1cf5cef7ab,2026-04-30T19:46:10.205Z,7.716,3,33.95,210,0,0,,,,
powertraces-pt200array_pt220_r3_7536323_8-1cf5cef7ab,2026-04-30T19:46:10.305Z,7.816,0,48.53,210,0,0,,,,
powertraces-pt200array_pt220_r3_7536323_8-1cf5cef7ab,2026-04-30T19:46:10.305Z,7.816,1,33.28,210,0,0,,,,
powertraces-pt200array_pt220_r3_7536323_8-1cf5cef7ab,2026-04-30T19:46:10.305Z,7.816,2,35.03,210,0,0,,,,
powertraces-pt200array_pt220_r3_7536323_8-1cf5cef7ab,2026-04-30T19:46:10.305Z,7.816,3,33.95,210,0,0,,,,
powertraces-pt200array_pt220_r3_7536323_8-1cf5cef7ab,2026-04-30T19:46:10.405Z,7.916,0,48.53,210,0,0,,,,
powertraces-pt200array_pt220_r3_7536323_8-1cf5cef7ab,2026-04-30T19:46:10.405Z,7.916,1,33.28,210,0,0,,,,
powertraces-pt200array_pt220_r3_7536323_8-1cf5cef7ab,2026-04-30T19:46:10.405Z,7.916,2,35.03,210,0,0,,,,
powertraces-pt200array_pt220_r3_7536323_8-1cf5cef7ab,2026-04-30T19:46:10.405Z,7.916,3,33.95,210,0,0,,,,
powertraces-pt200array_pt220_r3_7536323_8-1cf5cef7ab,2026-04-30T19:46:10.505Z,8.016,0,48.53,210,0,0,,,,
powertraces-pt200array_pt220_r3_7536323_8-1cf5cef7ab,2026-04-30T19:46:10.505Z,8.016,1,33.28,210,0,0,,,,
powertraces-pt200array_pt220_r3_7536323_8-1cf5cef7ab,2026-04-30T19:46:10.505Z,8.016,2,35.03,210,0,0,,,,
powertraces-pt200array_pt220_r3_7536323_8-1cf5cef7ab,2026-04-30T19:46:10.505Z,8.016,3,33.95,210,0,0,,,,
powertraces-pt200array_pt220_r3_7536323_8-1cf5cef7ab,2026-04-30T19:46:10.605Z,8.116,0,48.53,210,0,0,,,,
powertraces-pt200array_pt220_r3_7536323_8-1cf5cef7ab,2026-04-30T19:46:10.605Z,8.116,1,33.28,210,0,0,,,,
powertraces-pt200array_pt220_r3_7536323_8-1cf5cef7ab,2026-04-30T19:46:10.605Z,8.116,2,35.03,210,0,0,,,,
powertraces-pt200array_pt220_r3_7536323_8-1cf5cef7ab,2026-04-30T19:46:10.605Z,8.116,3,33.95,210,0,0,,,,
powertraces-pt200array_pt220_r3_7536323_8-1cf5cef7ab,2026-04-30T19:46:10.706Z,8.217,0,48.29,210,0,0,,,,
powertraces-pt200array_pt220_r3_7536323_8-1cf5cef7ab,2026-04-30T19:46:10.706Z,8.217,1,33.28,210,0,0,,,,
powertraces-pt200array_pt220_r3_7536323_8-1cf5cef7ab,2026-04-30T19:46:10.706Z,8.217,2,35.03,210,0,0,,,,
powertraces-pt200array_pt220_r3_7536323_8-1cf5cef7ab,2026-04-30T19:46:10.706Z,8.217,3,33.95,210,0,0,,,,
powertraces-pt200array_pt220_r3_7536323_8-1cf5cef7ab,2026-04-30T19:46:10.806Z,8.317,0,48.29,210,0,0,,,,
powertraces-pt200array_pt220_r3_7536323_8-1cf5cef7ab,2026-04-30T19:46:10.806Z,8.317,1,33.28,210,0,0,,,,
powertraces-pt200array_pt220_r3_7536323_8-1cf5cef7ab,2026-04-30T19:46:10.806Z,8.317,2,35.03,210,0,0,,,,
powertraces-pt200array_pt220_r3_7536323_8-1cf5cef7ab,2026-04-30T19:46:10.806Z,8.317,3,33.95,210,0,0,,,,
powertraces-pt200array_pt220_r3_7536323_8-1cf5cef7ab,2026-04-30T19:46:10.906Z,8.417,0,48.29,210,0,0,,,,
powertraces-pt200array_pt220_r3_7536323_8-1cf5cef7ab,2026-04-30T19:46:10.906Z,8.417,1,33.28,210,0,0,,,,
powertraces-pt200array_pt220_r3_7536323_8-1cf5cef7ab,2026-04-30T19:46:10.906Z,8.417,2,35.03,210,0,0,,,,
powertraces-pt200array_pt220_r3_7536323_8-1cf5cef7ab,2026-04-30T19:46:10.906Z,8.417,3,33.95,210,0,0,,,,
powertraces-pt200array_pt220_r3_7536323_8-1cf5cef7ab,2026-04-30T19:46:11.006Z,8.517,0,48.29,210,0,0,,,,
powertraces-pt200array_pt220_r3_7536323_8-1cf5cef7ab,2026-04-30T19:46:11.006Z,8.517,1,33.28,210,0,0,,,,
powertraces-pt200array_pt220_r3_7536323_8-1cf5cef7ab,2026-04-30T19:46:11.006Z,8.517,2,35.03,210,0,0,,,,
powertraces-pt200array_pt220_r3_7536323_8-1cf5cef7ab,2026-04-30T19:46:11.006Z,8.517,3,33.95,210,0,0,,,,
powertraces-pt200array_pt220_r3_7536323_8-1cf5cef7ab,2026-04-30T19:46:11.106Z,8.617,0,48.29,210,0,0,,,,
powertraces-pt200array_pt220_r3_7536323_8-1cf5cef7ab,2026-04-30T19:46:11.106Z,8.617,1,33.28,210,0,0,,,,
powertraces-pt200array_pt220_r3_7536323_8-1cf5cef7ab,2026-04-30T19:46:11.106Z,8.617,2,35.03,210,0,0,,,,
powertraces-pt200array_pt220_r3_7536323_8-1cf5cef7ab,2026-04-30T19:46:11.106Z,8.617,3,33.95,210,0,0,,,,
powertraces-pt200array_pt220_r3_7536323_8-1cf5cef7ab,2026-04-30T19:46:11.206Z,8.717,0,48.29,210,0,0,,,,
powertraces-pt200array_pt220_r3_7536323_8-1cf5cef7ab,2026-04-30T19:46:11.206Z,8.717,1,33.28,210,0,0,,,,
powertraces-pt200array_pt220_r3_7536323_8-1cf5cef7ab,2026-04-30T19:46:11.206Z,8.717,2,35.03,210,0,0,,,,
powertraces-pt200array_pt220_r3_7536323_8-1cf5cef7ab,2026-04-30T19:46:11.206Z,8.717,3,33.95,210,0,0,,,,
powertraces-pt200array_pt220_r3_7536323_8-1cf5cef7ab,2026-04-30T19:46:11.306Z,8.817,0,48.29,210,0,0,,,,
powertraces-pt200array_pt220_r3_7536323_8-1cf5cef7ab,2026-04-30T19:46:11.306Z,8.817,1,33.28,210,0,0,,,,
powertraces-pt200array_pt220_r3_7536323_8-1cf5cef7ab,2026-04-30T19:46:11.306Z,8.817,2,35.03,210,0,0,,,,
powertraces-pt200array_pt220_r3_7536323_8-1cf5cef7ab,2026-04-30T19:46:11.306Z,8.817,3,33.95,210,0,0,,,,
powertraces-pt200array_pt220_r3_7536323_8-1cf5cef7ab,2026-04-30T19:46:11.406Z,8.917,0,48.29,210,0,0,,,,
powertraces-pt200array_pt220_r3_7536323_8-1cf5cef7ab,2026-04-30T19:46:11.407Z,8.918,1,33.28,210,0,0,,,,
powertraces-pt200array_pt220_r3_7536323_8-1cf5cef7ab,2026-04-30T19:46:11.407Z,8.918,2,35.03,210,0,0,,,,
powertraces-pt200array_pt220_r3_7536323_8-1cf5cef7ab,2026-04-30T19:46:11.407Z,8.918,3,33.95,210,0,0,,,,
powertraces-pt200array_pt220_r3_7536323_8-1cf5cef7ab,2026-04-30T19:46:11.507Z,9.018,0,48.29,210,0,0,,,,
powertraces-pt200array_pt220_r3_7536323_8-1cf5cef7ab,2026-04-30T19:46:11.507Z,9.018,1,33.28,210,0,0,,,,
powertraces-pt200array_pt220_r3_7536323_8-1cf5cef7ab,2026-04-30T19:46:11.507Z,9.018,2,35.03,210,0,0,,,,
powertraces-pt200array_pt220_r3_7536323_8-1cf5cef7ab,2026-04-30T19:46:11.507Z,9.018,3,33.95,210,0,0,,,,
powertraces-pt200array_pt220_r3_7536323_8-1cf5cef7ab,2026-04-30T19:46:11.607Z,9.118,0,48.29,210,0,0,,,,
powertraces-pt200array_pt220_r3_7536323_8-1cf5cef7ab,2026-04-30T19:46:11.607Z,9.118,1,33.28,210,0,0,,,,
powertraces-pt200array_pt220_r3_7536323_8-1cf5cef7ab,2026-04-30T19:46:11.607Z,9.118,2,35.03,210,0,0,,,,
powertraces-pt200array_pt220_r3_7536323_8-1cf5cef7ab,2026-04-30T19:46:11.607Z,9.118,3,33.95,210,0,0,,,,
powertraces-pt200array_pt220_r3_7536323_8-1cf5cef7ab,2026-04-30T19:46:11.707Z,9.218,0,48.17,210,0,0,,,,
powertraces-pt200array_pt220_r3_7536323_8-1cf5cef7ab,2026-04-30T19:46:11.707Z,9.218,1,33.28,210,0,0,,,,
powertraces-pt200array_pt220_r3_7536323_8-1cf5cef7ab,2026-04-30T19:46:11.707Z,9.218,2,35.03,210,0,0,,,,
powertraces-pt200array_pt220_r3_7536323_8-1cf5cef7ab,2026-04-30T19:46:11.707Z,9.218,3,33.95,210,0,0,,,,
powertraces-pt200array_pt220_r3_7536323_8-1cf5cef7ab,2026-04-30T19:46:11.807Z,9.318,0,48.17,210,0,0,,,,
powertraces-pt200array_pt220_r3_7536323_8-1cf5cef7ab,2026-04-30T19:46:11.807Z,9.318,1,33.28,210,0,0,,,,
powertraces-pt200array_pt220_r3_7536323_8-1cf5cef7ab,2026-04-30T19:46:11.807Z,9.318,2,35.03,210,0,0,,,,
powertraces-pt200array_pt220_r3_7536323_8-1cf5cef7ab,2026-04-30T19:46:11.807Z,9.318,3,33.95,210,0,0,,,,
powertraces-pt200array_pt220_r3_7536323_8-1cf5cef7ab,2026-04-30T19:46:11.907Z,9.418,0,48.17,210,0,0,,,,
powertraces-pt200array_pt220_r3_7536323_8-1cf5cef7ab,2026-04-30T19:46:11.907Z,9.418,1,33.28,210,0,0,,,,
powertraces-pt200array_pt220_r3_7536323_8-1cf5cef7ab,2026-04-30T19:46:11.907Z,9.418,2,35.03,210,0,0,,,,
powertraces-pt200array_pt220_r3_7536323_8-1cf5cef7ab,2026-04-30T19:46:11.907Z,9.418,3,33.95,210,0,0,,,,
powertraces-pt200array_pt220_r3_7536323_8-1cf5cef7ab,2026-04-30T19:46:12.007Z,9.518,0,48.17,210,0,0,,,,
powertraces-pt200array_pt220_r3_7536323_8-1cf5cef7ab,2026-04-30T19:46:12.007Z,9.518,1,33.28,210,0,0,,,,
powertraces-pt200array_pt220_r3_7536323_8-1cf5cef7ab,2026-04-30T19:46:12.007Z,9.518,2,35.03,210,0,0,,,,
powertraces-pt200array_pt220_r3_7536323_8-1cf5cef7ab,2026-04-30T19:46:12.007Z,9.518,3,33.95,210,0,0,,,,
powertraces-pt200array_pt220_r3_7536323_8-1cf5cef7ab,2026-04-30T19:46:12.107Z,9.618,0,48.17,210,0,0,,,,
powertraces-pt200array_pt220_r3_7536323_8-1cf5cef7ab,2026-04-30T19:46:12.107Z,9.618,1,33.28,210,0,0,,,,
powertraces-pt200array_pt220_r3_7536323_8-1cf5cef7ab,2026-04-30T19:46:12.107Z,9.618,2,35.03,210,0,0,,,,
powertraces-pt200array_pt220_r3_7536323_8-1cf5cef7ab,2026-04-30T19:46:12.107Z,9.618,3,33.95,210,0,0,,,,
powertraces-pt200array_pt220_r3_7536323_8-1cf5cef7ab,2026-04-30T19:46:12.208Z,9.719,0,48.17,210,0,0,,,,
powertraces-pt200array_pt220_r3_7536323_8-1cf5cef7ab,2026-04-30T19:46:12.208Z,9.719,1,33.28,210,0,0,,,,
powertraces-pt200array_pt220_r3_7536323_8-1cf5cef7ab,2026-04-30T19:46:12.208Z,9.719,2,35.03,210,0,0,,,,
powertraces-pt200array_pt220_r3_7536323_8-1cf5cef7ab,2026-04-30T19:46:12.208Z,9.719,3,33.95,210,0,0,,,,
powertraces-pt200array_pt220_r3_7536323_8-1cf5cef7ab,2026-04-30T19:46:12.308Z,9.819,0,48.17,210,0,0,,,,
powertraces-pt200array_pt220_r3_7536323_8-1cf5cef7ab,2026-04-30T19:46:12.308Z,9.819,1,33.28,210,0,0,,,,
powertraces-pt200array_pt220_r3_7536323_8-1cf5cef7ab,2026-04-30T19:46:12.308Z,9.819,2,35.03,210,0,0,,,,
powertraces-pt200array_pt220_r3_7536323_8-1cf5cef7ab,2026-04-30T19:46:12.308Z,9.819,3,33.95,210,0,0,,,,
powertraces-pt200array_pt220_r3_7536323_8-1cf5cef7ab,2026-04-30T19:46:12.408Z,9.919,0,48.17,210,0,0,,,,
powertraces-pt200array_pt220_r3_7536323_8-1cf5cef7ab,2026-04-30T19:46:12.408Z,9.919,1,33.28,210,0,0,,,,
powertraces-pt200array_pt220_r3_7536323_8-1cf5cef7ab,2026-04-30T19:46:12.408Z,9.919,2,35.03,210,0,0,,,,
powertraces-pt200array_pt220_r3_7536323_8-1cf5cef7ab,2026-04-30T19:46:12.408Z,9.919,3,33.95,210,0,0,,,,
powertraces-pt200array_pt220_r3_7536323_8-1cf5cef7ab,2026-04-30T19:46:12.508Z,10.019,0,48.17,210,0,0,,,,
powertraces-pt200array_pt220_r3_7536323_8-1cf5cef7ab,2026-04-30T19:46:12.508Z,10.019,1,33.28,210,0,0,,,,
powertraces-pt200array_pt220_r3_7536323_8-1cf5cef7ab,2026-04-30T19:46:12.508Z,10.019,2,35.03,210,0,0,,,,
powertraces-pt200array_pt220_r3_7536323_8-1cf5cef7ab,2026-04-30T19:46:12.508Z,10.019,3,33.95,210,0,0,,,,
powertraces-pt200array_pt220_r3_7536323_8-1cf5cef7ab,2026-04-30T19:46:12.608Z,10.119,0,48.17,210,0,0,,,,
powertraces-pt200array_pt220_r3_7536323_8-1cf5cef7ab,2026-04-30T19:46:12.608Z,10.119,1,33.28,210,0,0,,,,
powertraces-pt200array_pt220_r3_7536323_8-1cf5cef7ab,2026-04-30T19:46:12.608Z,10.119,2,35.03,210,0,0,,,,
powertraces-pt200array_pt220_r3_7536323_8-1cf5cef7ab,2026-04-30T19:46:12.608Z,10.119,3,33.95,210,0,0,,,,
powertraces-pt200array_pt220_r3_7536323_8-1cf5cef7ab,2026-04-30T19:46:12.708Z,10.219,0,47.92,210,0,0,,,,
powertraces-pt200array_pt220_r3_7536323_8-1cf5cef7ab,2026-04-30T19:46:12.708Z,10.219,1,33.28,210,0,0,,,,
powertraces-pt200array_pt220_r3_7536323_8-1cf5cef7ab,2026-04-30T19:46:12.708Z,10.219,2,35.03,210,0,0,,,,
powertraces-pt200array_pt220_r3_7536323_8-1cf5cef7ab,2026-04-30T19:46:12.708Z,10.219,3,33.95,210,0,0,,,,
powertraces-pt200array_pt220_r3_7536323_8-1cf5cef7ab,2026-04-30T19:46:12.808Z,10.319,0,47.92,210,0,0,,,,
powertraces-pt200array_pt220_r3_7536323_8-1cf5cef7ab,2026-04-30T19:46:12.808Z,10.319,1,33.28,210,0,0,,,,
powertraces-pt200array_pt220_r3_7536323_8-1cf5cef7ab,2026-04-30T19:46:12.808Z,10.319,2,35.03,210,0,0,,,,
powertraces-pt200array_pt220_r3_7536323_8-1cf5cef7ab,2026-04-30T19:46:12.808Z,10.319,3,33.95,210,0,0,,,,
powertraces-pt200array_pt220_r3_7536323_8-1cf5cef7ab,2026-04-30T19:46:12.909Z,10.42,0,47.92,210,0,0,,,,
powertraces-pt200array_pt220_r3_7536323_8-1cf5cef7ab,2026-04-30T19:46:12.909Z,10.42,1,33.28,210,0,0,,,,
powertraces-pt200array_pt220_r3_7536323_8-1cf5cef7ab,2026-04-30T19:46:12.909Z,10.42,2,35.03,210,0,0,,,,
powertraces-pt200array_pt220_r3_7536323_8-1cf5cef7ab,2026-04-30T19:46:12.909Z,10.42,3,33.95,210,0,0,,,,
powertraces-pt200array_pt220_r3_7536323_8-1cf5cef7ab,2026-04-30T19:46:13.009Z,10.52,0,47.92,210,0,0,,,,
powertraces-pt200array_pt220_r3_7536323_8-1cf5cef7ab,2026-04-30T19:46:13.009Z,10.52,1,33.28,210,0,0,,,,
powertraces-pt200array_pt220_r3_7536323_8-1cf5cef7ab,2026-04-30T19:46:13.009Z,10.52,2,35.03,210,0,0,,,,
powertraces-pt200array_pt220_r3_7536323_8-1cf5cef7ab,2026-04-30T19:46:13.009Z,10.52,3,33.95,210,0,0,,,,
powertraces-pt200array_pt220_r3_7536323_8-1cf5cef7ab,2026-04-30T19:46:13.109Z,10.62,0,47.92,210,0,0,,,,
powertraces-pt200array_pt220_r3_7536323_8-1cf5cef7ab,2026-04-30T19:46:13.109Z,10.62,1,33.28,210,0,0,,,,
powertraces-pt200array_pt220_r3_7536323_8-1cf5cef7ab,2026-04-30T19:46:13.109Z,10.62,2,35.03,210,0,0,,,,
powertraces-pt200array_pt220_r3_7536323_8-1cf5cef7ab,2026-04-30T19:46:13.109Z,10.62,3,33.95,210,0,0,,,,
powertraces-pt200array_pt220_r3_7536323_8-1cf5cef7ab,2026-04-30T19:46:13.209Z,10.72,0,47.92,210,0,0,,,,
powertraces-pt200array_pt220_r3_7536323_8-1cf5cef7ab,2026-04-30T19:46:13.209Z,10.72,1,33.28,210,0,0,,,,
powertraces-pt200array_pt220_r3_7536323_8-1cf5cef7ab,2026-04-30T19:46:13.209Z,10.72,2,35.03,210,0,0,,,,
powertraces-pt200array_pt220_r3_7536323_8-1cf5cef7ab,2026-04-30T19:46:13.209Z,10.72,3,33.95,210,0,0,,,,
powertraces-pt200array_pt220_r3_7536323_8-1cf5cef7ab,2026-04-30T19:46:13.309Z,10.82,0,47.92,210,0,0,,,,
powertraces-pt200array_pt220_r3_7536323_8-1cf5cef7ab,2026-04-30T19:46:13.309Z,10.82,1,33.28,210,0,0,,,,
powertraces-pt200array_pt220_r3_7536323_8-1cf5cef7ab,2026-04-30T19:46:13.309Z,10.82,2,35.03,210,0,0,,,,
powertraces-pt200array_pt220_r3_7536323_8-1cf5cef7ab,2026-04-30T19:46:13.309Z,10.82,3,33.95,210,0,0,,,,
powertraces-pt200array_pt220_r3_7536323_8-1cf5cef7ab,2026-04-30T19:46:13.409Z,10.92,0,47.92,210,0,0,,,,
powertraces-pt200array_pt220_r3_7536323_8-1cf5cef7ab,2026-04-30T19:46:13.409Z,10.92,1,33.28,210,0,0,,,,
powertraces-pt200array_pt220_r3_7536323_8-1cf5cef7ab,2026-04-30T19:46:13.409Z,10.92,2,35.03,210,0,0,,,,
powertraces-pt200array_pt220_r3_7536323_8-1cf5cef7ab,2026-04-30T19:46:13.409Z,10.92,3,33.95,210,0,0,,,,
powertraces-pt200array_pt220_r3_7536323_8-1cf5cef7ab,2026-04-30T19:46:13.509Z,11.02,0,47.92,210,0,0,,,,
powertraces-pt200array_pt220_r3_7536323_8-1cf5cef7ab,2026-04-30T19:46:13.509Z,11.02,1,33.28,210,0,0,,,,
powertraces-pt200array_pt220_r3_7536323_8-1cf5cef7ab,2026-04-30T19:46:13.509Z,11.02,2,35.03,210,0,0,,,,
powertraces-pt200array_pt220_r3_7536323_8-1cf5cef7ab,2026-04-30T19:46:13.509Z,11.02,3,33.95,210,0,0,,,,
powertraces-pt200array_pt220_r3_7536323_8-1cf5cef7ab,2026-04-30T19:46:13.61Z,11.121,0,47.92,210,0,0,,,,
powertraces-pt200array_pt220_r3_7536323_8-1cf5cef7ab,2026-04-30T19:46:13.61Z,11.121,1,33.28,210,0,0,,,,
powertraces-pt200array_pt220_r3_7536323_8-1cf5cef7ab,2026-04-30T19:46:13.61Z,11.121,2,35.03,210,0,0,,,,
powertraces-pt200array_pt220_r3_7536323_8-1cf5cef7ab,2026-04-30T19:46:13.61Z,11.121,3,33.95,210,0,0,,,,
powertraces-pt200array_pt220_r3_7536323_8-1cf5cef7ab,2026-04-30T19:46:13.71Z,11.221,0,47.8,210,0,0,,,,
powertraces-pt200array_pt220_r3_7536323_8-1cf5cef7ab,2026-04-30T19:46:13.71Z,11.221,1,33.28,210,0,0,,,,
powertraces-pt200array_pt220_r3_7536323_8-1cf5cef7ab,2026-04-30T19:46:13.71Z,11.221,2,35.03,210,0,0,,,,
powertraces-pt200array_pt220_r3_7536323_8-1cf5cef7ab,2026-04-30T19:46:13.71Z,11.221,3,33.95,210,0,0,,,,
powertraces-pt200array_pt220_r3_7536323_8-1cf5cef7ab,2026-04-30T19:46:13.81Z,11.321,0,47.8,210,0,0,,,,
powertraces-pt200array_pt220_r3_7536323_8-1cf5cef7ab,2026-04-30T19:46:13.81Z,11.321,1,33.28,210,0,0,,,,
powertraces-pt200array_pt220_r3_7536323_8-1cf5cef7ab,2026-04-30T19:46:13.81Z,11.321,2,35.03,210,0,0,,,,
powertraces-pt200array_pt220_r3_7536323_8-1cf5cef7ab,2026-04-30T19:46:13.81Z,11.321,3,33.95,210,0,0,,,,
powertraces-pt200array_pt220_r3_7536323_8-1cf5cef7ab,2026-04-30T19:46:13.91Z,11.421,0,47.8,210,0,0,,,,
powertraces-pt200array_pt220_r3_7536323_8-1cf5cef7ab,2026-04-30T19:46:13.91Z,11.421,1,33.28,210,0,0,,,,
powertraces-pt200array_pt220_r3_7536323_8-1cf5cef7ab,2026-04-30T19:46:13.91Z,11.421,2,35.03,210,0,0,,,,
powertraces-pt200array_pt220_r3_7536323_8-1cf5cef7ab,2026-04-30T19:46:13.91Z,11.421,3,33.95,210,0,0,,,,
powertraces-pt200array_pt220_r3_7536323_8-1cf5cef7ab,2026-04-30T19:46:14.01Z,11.521,0,47.8,210,0,0,,,,
powertraces-pt200array_pt220_r3_7536323_8-1cf5cef7ab,2026-04-30T19:46:14.01Z,11.521,1,33.28,210,0,0,,,,
powertraces-pt200array_pt220_r3_7536323_8-1cf5cef7ab,2026-04-30T19:46:14.01Z,11.521,2,35.03,210,0,0,,,,
powertraces-pt200array_pt220_r3_7536323_8-1cf5cef7ab,2026-04-30T19:46:14.01Z,11.521,3,33.95,210,0,0,,,,
powertraces-pt200array_pt220_r3_7536323_8-1cf5cef7ab,2026-04-30T19:46:14.11Z,11.621,0,47.8,210,0,0,,,,
powertraces-pt200array_pt220_r3_7536323_8-1cf5cef7ab,2026-04-30T19:46:14.11Z,11.621,1,33.28,210,0,0,,,,
powertraces-pt200array_pt220_r3_7536323_8-1cf5cef7ab,2026-04-30T19:46:14.11Z,11.621,2,35.03,210,0,0,,,,
powertraces-pt200array_pt220_r3_7536323_8-1cf5cef7ab,2026-04-30T19:46:14.11Z,11.621,3,33.95,210,0,0,,,,
powertraces-pt200array_pt220_r3_7536323_8-1cf5cef7ab,2026-04-30T19:46:14.21Z,11.721,0,47.8,210,0,0,,,,
powertraces-pt200array_pt220_r3_7536323_8-1cf5cef7ab,2026-04-30T19:46:14.21Z,11.721,1,33.28,210,0,0,,,,
powertraces-pt200array_pt220_r3_7536323_8-1cf5cef7ab,2026-04-30T19:46:14.21Z,11.721,2,35.03,210,0,0,,,,
powertraces-pt200array_pt220_r3_7536323_8-1cf5cef7ab,2026-04-30T19:46:14.21Z,11.721,3,33.95,210,0,0,,,,
powertraces-pt200array_pt220_r3_7536323_8-1cf5cef7ab,2026-04-30T19:46:14.311Z,11.822,0,47.8,210,0,0,,,,
powertraces-pt200array_pt220_r3_7536323_8-1cf5cef7ab,2026-04-30T19:46:14.311Z,11.822,1,33.28,210,0,0,,,,
powertraces-pt200array_pt220_r3_7536323_8-1cf5cef7ab,2026-04-30T19:46:14.311Z,11.822,2,35.03,210,0,0,,,,
powertraces-pt200array_pt220_r3_7536323_8-1cf5cef7ab,2026-04-30T19:46:14.311Z,11.822,3,33.95,210,0,0,,,,
powertraces-pt200array_pt220_r3_7536323_8-1cf5cef7ab,2026-04-30T19:46:14.411Z,11.922,0,47.8,210,0,0,,,,
powertraces-pt200array_pt220_r3_7536323_8-1cf5cef7ab,2026-04-30T19:46:14.411Z,11.922,1,33.28,210,0,0,,,,
powertraces-pt200array_pt220_r3_7536323_8-1cf5cef7ab,2026-04-30T19:46:14.411Z,11.922,2,35.03,210,0,0,,,,
powertraces-pt200array_pt220_r3_7536323_8-1cf5cef7ab,2026-04-30T19:46:14.411Z,11.922,3,33.95,210,0,0,,,,
powertraces-pt200array_pt220_r3_7536323_8-1cf5cef7ab,2026-04-30T19:46:14.511Z,12.022,0,47.8,210,0,0,,,,
powertraces-pt200array_pt220_r3_7536323_8-1cf5cef7ab,2026-04-30T19:46:14.511Z,12.022,1,33.28,210,0,0,,,,
powertraces-pt200array_pt220_r3_7536323_8-1cf5cef7ab,2026-04-30T19:46:14.511Z,12.022,2,35.03,210,0,0,,,,
powertraces-pt200array_pt220_r3_7536323_8-1cf5cef7ab,2026-04-30T19:46:14.511Z,12.022,3,33.95,210,0,0,,,,
powertraces-pt200array_pt220_r3_7536323_8-1cf5cef7ab,2026-04-30T19:46:14.611Z,12.122,0,47.8,210,0,0,,,,
powertraces-pt200array_pt220_r3_7536323_8-1cf5cef7ab,2026-04-30T19:46:14.611Z,12.122,1,33.28,210,0,0,,,,
powertraces-pt200array_pt220_r3_7536323_8-1cf5cef7ab,2026-04-30T19:46:14.611Z,12.122,2,35.03,210,0,0,,,,
powertraces-pt200array_pt220_r3_7536323_8-1cf5cef7ab,2026-04-30T19:46:14.611Z,12.122,3,33.95,210,0,0,,,,
powertraces-pt200array_pt220_r3_7536323_8-1cf5cef7ab,2026-04-30T19:46:14.711Z,12.222,0,47.55,210,0,0,,,,
powertraces-pt200array_pt220_r3_7536323_8-1cf5cef7ab,2026-04-30T19:46:14.711Z,12.222,1,33.28,210,0,0,,,,
powertraces-pt200array_pt220_r3_7536323_8-1cf5cef7ab,2026-04-30T19:46:14.711Z,12.222,2,35.03,210,0,0,,,,
powertraces-pt200array_pt220_r3_7536323_8-1cf5cef7ab,2026-04-30T19:46:14.711Z,12.222,3,33.95,210,0,0,,,,
powertraces-pt200array_pt220_r3_7536323_8-1cf5cef7ab,2026-04-30T19:46:14.811Z,12.322,0,47.55,210,0,0,,,,
powertraces-pt200array_pt220_r3_7536323_8-1cf5cef7ab,2026-04-30T19:46:14.811Z,12.322,1,33.28,210,0,0,,,,
powertraces-pt200array_pt220_r3_7536323_8-1cf5cef7ab,2026-04-30T19:46:14.811Z,12.322,2,35.03,210,0,0,,,,
powertraces-pt200array_pt220_r3_7536323_8-1cf5cef7ab,2026-04-30T19:46:14.811Z,12.322,3,33.95,210,0,0,,,,
powertraces-pt200array_pt220_r3_7536323_8-1cf5cef7ab,2026-04-30T19:46:14.912Z,12.423,0,47.55,210,0,0,,,,
powertraces-pt200array_pt220_r3_7536323_8-1cf5cef7ab,2026-04-30T19:46:14.912Z,12.423,1,33.28,210,0,0,,,,
powertraces-pt200array_pt220_r3_7536323_8-1cf5cef7ab,2026-04-30T19:46:14.912Z,12.423,2,35.03,210,0,0,,,,
powertraces-pt200array_pt220_r3_7536323_8-1cf5cef7ab,2026-04-30T19:46:14.912Z,12.423,3,33.95,210,0,0,,,,
powertraces-pt200array_pt220_r3_7536323_8-1cf5cef7ab,2026-04-30T19:46:15.012Z,12.523,0,47.55,210,0,0,,,,
powertraces-pt200array_pt220_r3_7536323_8-1cf5cef7ab,2026-04-30T19:46:15.012Z,12.523,1,33.28,210,0,0,,,,
powertraces-pt200array_pt220_r3_7536323_8-1cf5cef7ab,2026-04-30T19:46:15.012Z,12.523,2,35.03,210,0,0,,,,
powertraces-pt200array_pt220_r3_7536323_8-1cf5cef7ab,2026-04-30T19:46:15.012Z,12.523,3,33.95,210,0,0,,,,
powertraces-pt200array_pt220_r3_7536323_8-1cf5cef7ab,2026-04-30T19:46:15.112Z,12.623,0,47.55,210,0,0,,,,
powertraces-pt200array_pt220_r3_7536323_8-1cf5cef7ab,2026-04-30T19:46:15.112Z,12.623,1,33.28,210,0,0,,,,
powertraces-pt200array_pt220_r3_7536323_8-1cf5cef7ab,2026-04-30T19:46:15.112Z,12.623,2,35.03,210,0,0,,,,
powertraces-pt200array_pt220_r3_7536323_8-1cf5cef7ab,2026-04-30T19:46:15.112Z,12.623,3,33.95,210,0,0,,,,
powertraces-pt200array_pt220_r3_7536323_8-1cf5cef7ab,2026-04-30T19:46:15.212Z,12.723,0,47.55,210,0,0,,,,
powertraces-pt200array_pt220_r3_7536323_8-1cf5cef7ab,2026-04-30T19:46:15.212Z,12.723,1,33.28,210,0,0,,,,
powertraces-pt200array_pt220_r3_7536323_8-1cf5cef7ab,2026-04-30T19:46:15.212Z,12.723,2,35.03,210,0,0,,,,
powertraces-pt200array_pt220_r3_7536323_8-1cf5cef7ab,2026-04-30T19:46:15.212Z,12.723,3,33.95,210,0,0,,,,
powertraces-pt200array_pt220_r3_7536323_8-1cf5cef7ab,2026-04-30T19:46:15.312Z,12.823,0,47.55,210,0,0,,,,
powertraces-pt200array_pt220_r3_7536323_8-1cf5cef7ab,2026-04-30T19:46:15.312Z,12.823,1,33.28,210,0,0,,,,
powertraces-pt200array_pt220_r3_7536323_8-1cf5cef7ab,2026-04-30T19:46:15.312Z,12.823,2,35.03,210,0,0,,,,
powertraces-pt200array_pt220_r3_7536323_8-1cf5cef7ab,2026-04-30T19:46:15.312Z,12.823,3,33.95,210,0,0,,,,
powertraces-pt200array_pt220_r3_7536323_8-1cf5cef7ab,2026-04-30T19:46:15.412Z,12.923,0,47.55,210,0,0,,,,
powertraces-pt200array_pt220_r3_7536323_8-1cf5cef7ab,2026-04-30T19:46:15.412Z,12.923,1,33.28,210,0,0,,,,
powertraces-pt200array_pt220_r3_7536323_8-1cf5cef7ab,2026-04-30T19:46:15.412Z,12.923,2,35.03,210,0,0,,,,
powertraces-pt200array_pt220_r3_7536323_8-1cf5cef7ab,2026-04-30T19:46:15.412Z,12.923,3,33.95,210,0,0,,,,
powertraces-pt200array_pt220_r3_7536323_8-1cf5cef7ab,2026-04-30T19:46:15.512Z,13.023,0,47.55,210,0,0,,,,
powertraces-pt200array_pt220_r3_7536323_8-1cf5cef7ab,2026-04-30T19:46:15.512Z,13.023,1,33.28,210,0,0,,,,
powertraces-pt200array_pt220_r3_7536323_8-1cf5cef7ab,2026-04-30T19:46:15.512Z,13.023,2,35.03,210,0,0,,,,
powertraces-pt200array_pt220_r3_7536323_8-1cf5cef7ab,2026-04-30T19:46:15.512Z,13.023,3,33.95,210,0,0,,,,
powertraces-pt200array_pt220_r3_7536323_8-1cf5cef7ab,2026-04-30T19:46:15.612Z,13.123,0,47.55,210,0,0,,,,
powertraces-pt200array_pt220_r3_7536323_8-1cf5cef7ab,2026-04-30T19:46:15.612Z,13.123,1,33.28,210,0,0,,,,
powertraces-pt200array_pt220_r3_7536323_8-1cf5cef7ab,2026-04-30T19:46:15.612Z,13.123,2,35.03,210,0,0,,,,
powertraces-pt200array_pt220_r3_7536323_8-1cf5cef7ab,2026-04-30T19:46:15.612Z,13.123,3,33.95,210,0,0,,,,
powertraces-pt200array_pt220_r3_7536323_8-1cf5cef7ab,2026-04-30T19:46:15.713Z,13.224,0,47.31,210,0,0,,,,
powertraces-pt200array_pt220_r3_7536323_8-1cf5cef7ab,2026-04-30T19:46:15.713Z,13.224,1,33.28,210,0,0,,,,
powertraces-pt200array_pt220_r3_7536323_8-1cf5cef7ab,2026-04-30T19:46:15.713Z,13.224,2,35.03,210,0,0,,,,
powertraces-pt200array_pt220_r3_7536323_8-1cf5cef7ab,2026-04-30T19:46:15.713Z,13.224,3,33.95,210,0,0,,,,
powertraces-pt200array_pt220_r3_7536323_8-1cf5cef7ab,2026-04-30T19:46:15.813Z,13.324,0,47.31,210,0,0,,,,
powertraces-pt200array_pt220_r3_7536323_8-1cf5cef7ab,2026-04-30T19:46:15.813Z,13.324,1,33.28,210,0,0,,,,
powertraces-pt200array_pt220_r3_7536323_8-1cf5cef7ab,2026-04-30T19:46:15.813Z,13.324,2,35.03,210,0,0,,,,
powertraces-pt200array_pt220_r3_7536323_8-1cf5cef7ab,2026-04-30T19:46:15.813Z,13.324,3,33.95,210,0,0,,,,
powertraces-pt200array_pt220_r3_7536323_8-1cf5cef7ab,2026-04-30T19:46:15.913Z,13.424,0,47.31,210,0,0,,,,
powertraces-pt200array_pt220_r3_7536323_8-1cf5cef7ab,2026-04-30T19:46:15.913Z,13.424,1,33.28,210,0,0,,,,
powertraces-pt200array_pt220_r3_7536323_8-1cf5cef7ab,2026-04-30T19:46:15.913Z,13.424,2,35.03,210,0,0,,,,
powertraces-pt200array_pt220_r3_7536323_8-1cf5cef7ab,2026-04-30T19:46:15.913Z,13.424,3,33.95,210,0,0,,,,
powertraces-pt200array_pt220_r3_7536323_8-1cf5cef7ab,2026-04-30T19:46:16.013Z,13.524,0,47.31,210,0,0,,,,
powertraces-pt200array_pt220_r3_7536323_8-1cf5cef7ab,2026-04-30T19:46:16.013Z,13.524,1,33.28,210,0,0,,,,
powertraces-pt200array_pt220_r3_7536323_8-1cf5cef7ab,2026-04-30T19:46:16.013Z,13.524,2,35.03,210,0,0,,,,
powertraces-pt200array_pt220_r3_7536323_8-1cf5cef7ab,2026-04-30T19:46:16.013Z,13.524,3,33.95,210,0,0,,,,
powertraces-pt200array_pt220_r3_7536323_8-1cf5cef7ab,2026-04-30T19:46:16.113Z,13.624,0,47.31,210,0,0,,,,
powertraces-pt200array_pt220_r3_7536323_8-1cf5cef7ab,2026-04-30T19:46:16.113Z,13.624,1,33.28,210,0,0,,,,
powertraces-pt200array_pt220_r3_7536323_8-1cf5cef7ab,2026-04-30T19:46:16.113Z,13.624,2,35.03,210,0,0,,,,
powertraces-pt200array_pt220_r3_7536323_8-1cf5cef7ab,2026-04-30T19:46:16.113Z,13.624,3,33.95,210,0,0,,,,
powertraces-pt200array_pt220_r3_7536323_8-1cf5cef7ab,2026-04-30T19:46:16.213Z,13.724,0,47.31,210,0,0,,,,
powertraces-pt200array_pt220_r3_7536323_8-1cf5cef7ab,2026-04-30T19:46:16.213Z,13.724,1,33.28,210,0,0,,,,
powertraces-pt200array_pt220_r3_7536323_8-1cf5cef7ab,2026-04-30T19:46:16.213Z,13.724,2,35.03,210,0,0,,,,
powertraces-pt200array_pt220_r3_7536323_8-1cf5cef7ab,2026-04-30T19:46:16.213Z,13.724,3,33.95,210,0,0,,,,
powertraces-pt200array_pt220_r3_7536323_8-1cf5cef7ab,2026-04-30T19:46:16.314Z,13.825,0,47.31,210,0,0,,,,
powertraces-pt200array_pt220_r3_7536323_8-1cf5cef7ab,2026-04-30T19:46:16.314Z,13.825,1,33.28,210,0,0,,,,
powertraces-pt200array_pt220_r3_7536323_8-1cf5cef7ab,2026-04-30T19:46:16.314Z,13.825,2,35.03,210,0,0,,,,
powertraces-pt200array_pt220_r3_7536323_8-1cf5cef7ab,2026-04-30T19:46:16.314Z,13.825,3,33.95,210,0,0,,,,
powertraces-pt200array_pt220_r3_7536323_8-1cf5cef7ab,2026-04-30T19:46:16.414Z,13.925,0,47.31,210,0,0,,,,
powertraces-pt200array_pt220_r3_7536323_8-1cf5cef7ab,2026-04-30T19:46:16.414Z,13.925,1,33.28,210,0,0,,,,
powertraces-pt200array_pt220_r3_7536323_8-1cf5cef7ab,2026-04-30T19:46:16.414Z,13.925,2,35.03,210,0,0,,,,
powertraces-pt200array_pt220_r3_7536323_8-1cf5cef7ab,2026-04-30T19:46:16.414Z,13.925,3,33.95,210,0,0,,,,
powertraces-pt200array_pt220_r3_7536323_8-1cf5cef7ab,2026-04-30T19:46:16.514Z,14.025,0,47.31,210,0,0,,,,
powertraces-pt200array_pt220_r3_7536323_8-1cf5cef7ab,2026-04-30T19:46:16.514Z,14.025,1,33.28,210,0,0,,,,
powertraces-pt200array_pt220_r3_7536323_8-1cf5cef7ab,2026-04-30T19:46:16.514Z,14.025,2,35.03,210,0,0,,,,
powertraces-pt200array_pt220_r3_7536323_8-1cf5cef7ab,2026-04-30T19:46:16.514Z,14.025,3,33.95,210,0,0,,,,
powertraces-pt200array_pt220_r3_7536323_8-1cf5cef7ab,2026-04-30T19:46:16.614Z,14.125,0,47.31,210,0,0,,,,
powertraces-pt200array_pt220_r3_7536323_8-1cf5cef7ab,2026-04-30T19:46:16.614Z,14.125,1,33.28,210,0,0,,,,
powertraces-pt200array_pt220_r3_7536323_8-1cf5cef7ab,2026-04-30T19:46:16.614Z,14.125,2,35.03,210,0,0,,,,
powertraces-pt200array_pt220_r3_7536323_8-1cf5cef7ab,2026-04-30T19:46:16.614Z,14.125,3,33.95,210,0,0,,,,
powertraces-pt200array_pt220_r3_7536323_8-1cf5cef7ab,2026-04-30T19:46:16.714Z,14.225,0,47.18,210,0,0,,,,
powertraces-pt200array_pt220_r3_7536323_8-1cf5cef7ab,2026-04-30T19:46:16.714Z,14.225,1,33.28,210,0,0,,,,
powertraces-pt200array_pt220_r3_7536323_8-1cf5cef7ab,2026-04-30T19:46:16.714Z,14.225,2,35.03,210,0,0,,,,
powertraces-pt200array_pt220_r3_7536323_8-1cf5cef7ab,2026-04-30T19:46:16.714Z,14.225,3,33.95,210,0,0,,,,
powertraces-pt200array_pt220_r3_7536323_8-1cf5cef7ab,2026-04-30T19:46:16.814Z,14.325,0,47.18,210,0,0,,,,
powertraces-pt200array_pt220_r3_7536323_8-1cf5cef7ab,2026-04-30T19:46:16.814Z,14.325,1,33.28,210,0,0,,,,
powertraces-pt200array_pt220_r3_7536323_8-1cf5cef7ab,2026-04-30T19:46:16.814Z,14.325,2,35.03,210,0,0,,,,
powertraces-pt200array_pt220_r3_7536323_8-1cf5cef7ab,2026-04-30T19:46:16.814Z,14.325,3,33.95,210,0,0,,,,
powertraces-pt200array_pt220_r3_7536323_8-1cf5cef7ab,2026-04-30T19:46:16.914Z,14.425,0,47.18,210,0,0,,,,
powertraces-pt200array_pt220_r3_7536323_8-1cf5cef7ab,2026-04-30T19:46:16.914Z,14.425,1,33.28,210,0,0,,,,
powertraces-pt200array_pt220_r3_7536323_8-1cf5cef7ab,2026-04-30T19:46:16.914Z,14.425,2,35.03,210,0,0,,,,
powertraces-pt200array_pt220_r3_7536323_8-1cf5cef7ab,2026-04-30T19:46:16.914Z,14.425,3,33.95,210,0,0,,,,
powertraces-pt200array_pt220_r3_7536323_8-1cf5cef7ab,2026-04-30T19:46:17.015Z,14.526,0,47.18,210,0,0,,,,
powertraces-pt200array_pt220_r3_7536323_8-1cf5cef7ab,2026-04-30T19:46:17.015Z,14.526,1,33.28,210,0,0,,,,
powertraces-pt200array_pt220_r3_7536323_8-1cf5cef7ab,2026-04-30T19:46:17.015Z,14.526,2,35.03,210,0,0,,,,
powertraces-pt200array_pt220_r3_7536323_8-1cf5cef7ab,2026-04-30T19:46:17.015Z,14.526,3,33.95,210,0,0,,,,
powertraces-pt200array_pt220_r3_7536323_8-1cf5cef7ab,2026-04-30T19:46:17.115Z,14.626,0,47.18,210,0,0,,,,
powertraces-pt200array_pt220_r3_7536323_8-1cf5cef7ab,2026-04-30T19:46:17.115Z,14.626,1,33.28,210,0,0,,,,
powertraces-pt200array_pt220_r3_7536323_8-1cf5cef7ab,2026-04-30T19:46:17.115Z,14.626,2,35.03,210,0,0,,,,
powertraces-pt200array_pt220_r3_7536323_8-1cf5cef7ab,2026-04-30T19:46:17.115Z,14.626,3,33.95,210,0,0,,,,
powertraces-pt200array_pt220_r3_7536323_8-1cf5cef7ab,2026-04-30T19:46:17.215Z,14.726,0,47.18,210,0,0,,,,
powertraces-pt200array_pt220_r3_7536323_8-1cf5cef7ab,2026-04-30T19:46:17.215Z,14.726,1,33.28,210,0,0,,,,
powertraces-pt200array_pt220_r3_7536323_8-1cf5cef7ab,2026-04-30T19:46:17.215Z,14.726,2,35.03,210,0,0,,,,
powertraces-pt200array_pt220_r3_7536323_8-1cf5cef7ab,2026-04-30T19:46:17.215Z,14.726,3,33.95,210,0,0,,,,
powertraces-pt200array_pt220_r3_7536323_8-1cf5cef7ab,2026-04-30T19:46:17.315Z,14.826,0,47.18,210,0,0,,,,
powertraces-pt200array_pt220_r3_7536323_8-1cf5cef7ab,2026-04-30T19:46:17.315Z,14.826,1,33.28,210,0,0,,,,
powertraces-pt200array_pt220_r3_7536323_8-1cf5cef7ab,2026-04-30T19:46:17.315Z,14.826,2,35.03,210,0,0,,,,
powertraces-pt200array_pt220_r3_7536323_8-1cf5cef7ab,2026-04-30T19:46:17.315Z,14.826,3,33.95,210,0,0,,,,
powertraces-pt200array_pt220_r3_7536323_8-1cf5cef7ab,2026-04-30T19:46:17.415Z,14.926,0,47.18,210,0,0,,,,
powertraces-pt200array_pt220_r3_7536323_8-1cf5cef7ab,2026-04-30T19:46:17.415Z,14.926,1,33.28,210,0,0,,,,
powertraces-pt200array_pt220_r3_7536323_8-1cf5cef7ab,2026-04-30T19:46:17.415Z,14.926,2,35.03,210,0,0,,,,
powertraces-pt200array_pt220_r3_7536323_8-1cf5cef7ab,2026-04-30T19:46:17.415Z,14.926,3,33.95,210,0,0,,,,
powertraces-pt200array_pt220_r3_7536323_8-1cf5cef7ab,2026-04-30T19:46:17.515Z,15.026,0,47.18,210,0,0,,,,
powertraces-pt200array_pt220_r3_7536323_8-1cf5cef7ab,2026-04-30T19:46:17.515Z,15.026,1,33.28,210,0,0,,,,
powertraces-pt200array_pt220_r3_7536323_8-1cf5cef7ab,2026-04-30T19:46:17.515Z,15.026,2,35.03,210,0,0,,,,
powertraces-pt200array_pt220_r3_7536323_8-1cf5cef7ab,2026-04-30T19:46:17.515Z,15.026,3,33.95,210,0,0,,,,
powertraces-pt200array_pt220_r3_7536323_8-1cf5cef7ab,2026-04-30T19:46:17.615Z,15.126,0,47.18,210,0,0,,,,
powertraces-pt200array_pt220_r3_7536323_8-1cf5cef7ab,2026-04-30T19:46:17.615Z,15.126,1,33.28,210,0,0,,,,
powertraces-pt200array_pt220_r3_7536323_8-1cf5cef7ab,2026-04-30T19:46:17.615Z,15.126,2,35.03,210,0,0,,,,
powertraces-pt200array_pt220_r3_7536323_8-1cf5cef7ab,2026-04-30T19:46:17.615Z,15.126,3,33.95,210,0,0,,,,
powertraces-pt200array_pt220_r3_7536323_8-1cf5cef7ab,2026-04-30T19:46:17.716Z,15.227,0,47.06,210,0,0,,,,
powertraces-pt200array_pt220_r3_7536323_8-1cf5cef7ab,2026-04-30T19:46:17.716Z,15.227,1,33.28,210,0,0,,,,
powertraces-pt200array_pt220_r3_7536323_8-1cf5cef7ab,2026-04-30T19:46:17.716Z,15.227,2,35.03,210,0,0,,,,
powertraces-pt200array_pt220_r3_7536323_8-1cf5cef7ab,2026-04-30T19:46:17.716Z,15.227,3,33.95,210,0,0,,,,
powertraces-pt200array_pt220_r3_7536323_8-1cf5cef7ab,2026-04-30T19:46:17.816Z,15.327,0,47.06,210,0,0,,,,
powertraces-pt200array_pt220_r3_7536323_8-1cf5cef7ab,2026-04-30T19:46:17.816Z,15.327,1,33.28,210,0,0,,,,
powertraces-pt200array_pt220_r3_7536323_8-1cf5cef7ab,2026-04-30T19:46:17.816Z,15.327,2,35.03,210,0,0,,,,
powertraces-pt200array_pt220_r3_7536323_8-1cf5cef7ab,2026-04-30T19:46:17.816Z,15.327,3,33.95,210,0,0,,,,
powertraces-pt200array_pt220_r3_7536323_8-1cf5cef7ab,2026-04-30T19:46:17.916Z,15.427,0,47.06,210,0,0,,,,
powertraces-pt200array_pt220_r3_7536323_8-1cf5cef7ab,2026-04-30T19:46:17.916Z,15.427,1,33.28,210,0,0,,,,
powertraces-pt200array_pt220_r3_7536323_8-1cf5cef7ab,2026-04-30T19:46:17.916Z,15.427,2,35.03,210,0,0,,,,
powertraces-pt200array_pt220_r3_7536323_8-1cf5cef7ab,2026-04-30T19:46:17.916Z,15.427,3,33.95,210,0,0,,,,
powertraces-pt200array_pt220_r3_7536323_8-1cf5cef7ab,2026-04-30T19:46:18.016Z,15.527,0,47.06,210,0,0,,,,
powertraces-pt200array_pt220_r3_7536323_8-1cf5cef7ab,2026-04-30T19:46:18.016Z,15.527,1,33.28,210,0,0,,,,
powertraces-pt200array_pt220_r3_7536323_8-1cf5cef7ab,2026-04-30T19:46:18.016Z,15.527,2,35.03,210,0,0,,,,
powertraces-pt200array_pt220_r3_7536323_8-1cf5cef7ab,2026-04-30T19:46:18.016Z,15.527,3,33.95,210,0,0,,,,
powertraces-pt200array_pt220_r3_7536323_8-1cf5cef7ab,2026-04-30T19:46:18.116Z,15.627,0,47.06,210,0,0,,,,
powertraces-pt200array_pt220_r3_7536323_8-1cf5cef7ab,2026-04-30T19:46:18.116Z,15.627,1,33.28,210,0,0,,,,
powertraces-pt200array_pt220_r3_7536323_8-1cf5cef7ab,2026-04-30T19:46:18.116Z,15.627,2,35.03,210,0,0,,,,
powertraces-pt200array_pt220_r3_7536323_8-1cf5cef7ab,2026-04-30T19:46:18.116Z,15.627,3,33.95,210,0,0,,,,
powertraces-pt200array_pt220_r3_7536323_8-1cf5cef7ab,2026-04-30T19:46:18.216Z,15.727,0,47.06,210,0,0,,,,
powertraces-pt200array_pt220_r3_7536323_8-1cf5cef7ab,2026-04-30T19:46:18.216Z,15.727,1,33.28,210,0,0,,,,
powertraces-pt200array_pt220_r3_7536323_8-1cf5cef7ab,2026-04-30T19:46:18.216Z,15.727,2,35.03,210,0,0,,,,
powertraces-pt200array_pt220_r3_7536323_8-1cf5cef7ab,2026-04-30T19:46:18.216Z,15.727,3,33.95,210,0,0,,,,
powertraces-pt200array_pt220_r3_7536323_8-1cf5cef7ab,2026-04-30T19:46:18.317Z,15.828,0,47.06,210,0,0,,,,
powertraces-pt200array_pt220_r3_7536323_8-1cf5cef7ab,2026-04-30T19:46:18.317Z,15.828,1,33.28,210,0,0,,,,
powertraces-pt200array_pt220_r3_7536323_8-1cf5cef7ab,2026-04-30T19:46:18.317Z,15.828,2,35.03,210,0,0,,,,
powertraces-pt200array_pt220_r3_7536323_8-1cf5cef7ab,2026-04-30T19:46:18.317Z,15.828,3,33.95,210,0,0,,,,
powertraces-pt200array_pt220_r3_7536323_8-1cf5cef7ab,2026-04-30T19:46:18.417Z,15.928,0,47.06,210,0,0,,,,
powertraces-pt200array_pt220_r3_7536323_8-1cf5cef7ab,2026-04-30T19:46:18.417Z,15.928,1,33.28,210,0,0,,,,
powertraces-pt200array_pt220_r3_7536323_8-1cf5cef7ab,2026-04-30T19:46:18.417Z,15.928,2,35.03,210,0,0,,,,
powertraces-pt200array_pt220_r3_7536323_8-1cf5cef7ab,2026-04-30T19:46:18.417Z,15.928,3,33.95,210,0,0,,,,
powertraces-pt200array_pt220_r3_7536323_8-1cf5cef7ab,2026-04-30T19:46:18.517Z,16.028,0,47.06,210,0,0,,,,
powertraces-pt200array_pt220_r3_7536323_8-1cf5cef7ab,2026-04-30T19:46:18.517Z,16.028,1,33.28,210,0,0,,,,
powertraces-pt200array_pt220_r3_7536323_8-1cf5cef7ab,2026-04-30T19:46:18.517Z,16.028,2,35.03,210,0,0,,,,
powertraces-pt200array_pt220_r3_7536323_8-1cf5cef7ab,2026-04-30T19:46:18.517Z,16.028,3,33.95,210,0,0,,,,
powertraces-pt200array_pt220_r3_7536323_8-1cf5cef7ab,2026-04-30T19:46:18.617Z,16.128,0,47.06,210,0,0,,,,
powertraces-pt200array_pt220_r3_7536323_8-1cf5cef7ab,2026-04-30T19:46:18.617Z,16.128,1,33.28,210,0,0,,,,
powertraces-pt200array_pt220_r3_7536323_8-1cf5cef7ab,2026-04-30T19:46:18.617Z,16.128,2,35.03,210,0,0,,,,
powertraces-pt200array_pt220_r3_7536323_8-1cf5cef7ab,2026-04-30T19:46:18.617Z,16.128,3,33.95,210,0,0,,,,
powertraces-pt200array_pt220_r3_7536323_8-1cf5cef7ab,2026-04-30T19:46:18.717Z,16.228,0,46.81,210,0,0,,,,
powertraces-pt200array_pt220_r3_7536323_8-1cf5cef7ab,2026-04-30T19:46:18.717Z,16.228,1,33.28,210,0,0,,,,
powertraces-pt200array_pt220_r3_7536323_8-1cf5cef7ab,2026-04-30T19:46:18.717Z,16.228,2,35.03,210,0,0,,,,
powertraces-pt200array_pt220_r3_7536323_8-1cf5cef7ab,2026-04-30T19:46:18.717Z,16.228,3,33.95,210,0,0,,,,
powertraces-pt200array_pt220_r3_7536323_8-1cf5cef7ab,2026-04-30T19:46:18.817Z,16.328,0,46.81,210,0,0,,,,
powertraces-pt200array_pt220_r3_7536323_8-1cf5cef7ab,2026-04-30T19:46:18.817Z,16.328,1,33.28,210,0,0,,,,
powertraces-pt200array_pt220_r3_7536323_8-1cf5cef7ab,2026-04-30T19:46:18.818Z,16.329,2,35.03,210,0,0,,,,
powertraces-pt200array_pt220_r3_7536323_8-1cf5cef7ab,2026-04-30T19:46:18.818Z,16.329,3,33.95,210,0,0,,,,
powertraces-pt200array_pt220_r3_7536323_8-1cf5cef7ab,2026-04-30T19:46:18.918Z,16.429,0,46.81,210,0,0,,,,
powertraces-pt200array_pt220_r3_7536323_8-1cf5cef7ab,2026-04-30T19:46:18.918Z,16.429,1,33.28,210,0,0,,,,
powertraces-pt200array_pt220_r3_7536323_8-1cf5cef7ab,2026-04-30T19:46:18.918Z,16.429,2,35.03,210,0,0,,,,
powertraces-pt200array_pt220_r3_7536323_8-1cf5cef7ab,2026-04-30T19:46:18.918Z,16.429,3,33.95,210,0,0,,,,
powertraces-pt200array_pt220_r3_7536323_8-1cf5cef7ab,2026-04-30T19:46:19.018Z,16.529,0,46.81,210,0,0,,,,
powertraces-pt200array_pt220_r3_7536323_8-1cf5cef7ab,2026-04-30T19:46:19.018Z,16.529,1,33.28,210,0,0,,,,
powertraces-pt200array_pt220_r3_7536323_8-1cf5cef7ab,2026-04-30T19:46:19.018Z,16.529,2,35.03,210,0,0,,,,
powertraces-pt200array_pt220_r3_7536323_8-1cf5cef7ab,2026-04-30T19:46:19.018Z,16.529,3,33.95,210,0,0,,,,
powertraces-pt200array_pt220_r3_7536323_8-1cf5cef7ab,2026-04-30T19:46:19.118Z,16.629,0,46.81,210,0,0,,,,
powertraces-pt200array_pt220_r3_7536323_8-1cf5cef7ab,2026-04-30T19:46:19.118Z,16.629,1,33.28,210,0,0,,,,
powertraces-pt200array_pt220_r3_7536323_8-1cf5cef7ab,2026-04-30T19:46:19.118Z,16.629,2,35.03,210,0,0,,,,
powertraces-pt200array_pt220_r3_7536323_8-1cf5cef7ab,2026-04-30T19:46:19.118Z,16.629,3,33.95,210,0,0,,,,
powertraces-pt200array_pt220_r3_7536323_8-1cf5cef7ab,2026-04-30T19:46:19.218Z,16.729,0,46.81,210,0,0,,,,
powertraces-pt200array_pt220_r3_7536323_8-1cf5cef7ab,2026-04-30T19:46:19.218Z,16.729,1,33.28,210,0,0,,,,
powertraces-pt200array_pt220_r3_7536323_8-1cf5cef7ab,2026-04-30T19:46:19.218Z,16.729,2,35.03,210,0,0,,,,
powertraces-pt200array_pt220_r3_7536323_8-1cf5cef7ab,2026-04-30T19:46:19.218Z,16.729,3,33.95,210,0,0,,,,
powertraces-pt200array_pt220_r3_7536323_8-1cf5cef7ab,2026-04-30T19:46:19.318Z,16.829,0,46.81,210,0,0,,,,
powertraces-pt200array_pt220_r3_7536323_8-1cf5cef7ab,2026-04-30T19:46:19.318Z,16.829,1,33.28,210,0,0,,,,
powertraces-pt200array_pt220_r3_7536323_8-1cf5cef7ab,2026-04-30T19:46:19.318Z,16.829,2,35.03,210,0,0,,,,
powertraces-pt200array_pt220_r3_7536323_8-1cf5cef7ab,2026-04-30T19:46:19.318Z,16.829,3,33.95,210,0,0,,,,
powertraces-pt200array_pt220_r3_7536323_8-1cf5cef7ab,2026-04-30T19:46:19.418Z,16.929,0,46.81,210,0,0,,,,
powertraces-pt200array_pt220_r3_7536323_8-1cf5cef7ab,2026-04-30T19:46:19.418Z,16.929,1,33.28,210,0,0,,,,
powertraces-pt200array_pt220_r3_7536323_8-1cf5cef7ab,2026-04-30T19:46:19.418Z,16.929,2,35.03,210,0,0,,,,
powertraces-pt200array_pt220_r3_7536323_8-1cf5cef7ab,2026-04-30T19:46:19.418Z,16.929,3,33.95,210,0,0,,,,
powertraces-pt200array_pt220_r3_7536323_8-1cf5cef7ab,2026-04-30T19:46:19.518Z,17.029,0,46.81,210,0,0,,,,
powertraces-pt200array_pt220_r3_7536323_8-1cf5cef7ab,2026-04-30T19:46:19.519Z,17.03,1,33.28,210,0,0,,,,
powertraces-pt200array_pt220_r3_7536323_8-1cf5cef7ab,2026-04-30T19:46:19.519Z,17.03,2,35.03,210,0,0,,,,
powertraces-pt200array_pt220_r3_7536323_8-1cf5cef7ab,2026-04-30T19:46:19.519Z,17.03,3,33.95,210,0,0,,,,
powertraces-pt200array_pt220_r3_7536323_8-1cf5cef7ab,2026-04-30T19:46:19.619Z,17.13,0,46.81,210,0,0,,,,
powertraces-pt200array_pt220_r3_7536323_8-1cf5cef7ab,2026-04-30T19:46:19.619Z,17.13,1,33.28,210,0,0,,,,
powertraces-pt200array_pt220_r3_7536323_8-1cf5cef7ab,2026-04-30T19:46:19.619Z,17.13,2,35.03,210,0,0,,,,
powertraces-pt200array_pt220_r3_7536323_8-1cf5cef7ab,2026-04-30T19:46:19.619Z,17.13,3,33.95,210,0,0,,,,
powertraces-pt200array_pt220_r3_7536323_8-1cf5cef7ab,2026-04-30T19:46:19.719Z,17.23,0,46.57,210,0,0,,,,
powertraces-pt200array_pt220_r3_7536323_8-1cf5cef7ab,2026-04-30T19:46:19.719Z,17.23,1,33.28,210,0,0,,,,
powertraces-pt200array_pt220_r3_7536323_8-1cf5cef7ab,2026-04-30T19:46:19.719Z,17.23,2,35.03,210,0,0,,,,
powertraces-pt200array_pt220_r3_7536323_8-1cf5cef7ab,2026-04-30T19:46:19.719Z,17.23,3,33.95,210,0,0,,,,
powertraces-pt200array_pt220_r3_7536323_8-1cf5cef7ab,2026-04-30T19:46:19.819Z,17.33,0,46.57,210,0,0,,,,
powertraces-pt200array_pt220_r3_7536323_8-1cf5cef7ab,2026-04-30T19:46:19.819Z,17.33,1,33.28,210,0,0,,,,
powertraces-pt200array_pt220_r3_7536323_8-1cf5cef7ab,2026-04-30T19:46:19.819Z,17.33,2,35.03,210,0,0,,,,
powertraces-pt200array_pt220_r3_7536323_8-1cf5cef7ab,2026-04-30T19:46:19.819Z,17.33,3,33.95,210,0,0,,,,
powertraces-pt200array_pt220_r3_7536323_8-1cf5cef7ab,2026-04-30T19:46:19.919Z,17.43,0,46.57,210,0,0,,,,
powertraces-pt200array_pt220_r3_7536323_8-1cf5cef7ab,2026-04-30T19:46:19.919Z,17.43,1,33.28,210,0,0,,,,
powertraces-pt200array_pt220_r3_7536323_8-1cf5cef7ab,2026-04-30T19:46:19.919Z,17.43,2,35.03,210,0,0,,,,
powertraces-pt200array_pt220_r3_7536323_8-1cf5cef7ab,2026-04-30T19:46:19.919Z,17.43,3,33.95,210,0,0,,,,
powertraces-pt200array_pt220_r3_7536323_8-1cf5cef7ab,2026-04-30T19:46:20.019Z,17.53,0,46.57,210,0,0,,,,
powertraces-pt200array_pt220_r3_7536323_8-1cf5cef7ab,2026-04-30T19:46:20.019Z,17.53,1,33.28,210,0,0,,,,
powertraces-pt200array_pt220_r3_7536323_8-1cf5cef7ab,2026-04-30T19:46:20.019Z,17.53,2,35.03,210,0,0,,,,
powertraces-pt200array_pt220_r3_7536323_8-1cf5cef7ab,2026-04-30T19:46:20.019Z,17.53,3,33.95,210,0,0,,,,
powertraces-pt200array_pt220_r3_7536323_8-1cf5cef7ab,2026-04-30T19:46:20.12Z,17.631,0,46.57,210,0,0,,,,
powertraces-pt200array_pt220_r3_7536323_8-1cf5cef7ab,2026-04-30T19:46:20.12Z,17.631,1,33.28,210,0,0,,,,
powertraces-pt200array_pt220_r3_7536323_8-1cf5cef7ab,2026-04-30T19:46:20.12Z,17.631,2,35.03,210,0,0,,,,
powertraces-pt200array_pt220_r3_7536323_8-1cf5cef7ab,2026-04-30T19:46:20.12Z,17.631,3,33.95,210,0,0,,,,
powertraces-pt200array_pt220_r3_7536323_8-1cf5cef7ab,2026-04-30T19:46:20.22Z,17.731,0,46.57,210,0,0,,,,
powertraces-pt200array_pt220_r3_7536323_8-1cf5cef7ab,2026-04-30T19:46:20.22Z,17.731,1,33.28,210,0,0,,,,
powertraces-pt200array_pt220_r3_7536323_8-1cf5cef7ab,2026-04-30T19:46:20.22Z,17.731,2,35.03,210,0,0,,,,
powertraces-pt200array_pt220_r3_7536323_8-1cf5cef7ab,2026-04-30T19:46:20.22Z,17.731,3,33.95,210,0,0,,,,
powertraces-pt200array_pt220_r3_7536323_8-1cf5cef7ab,2026-04-30T19:46:20.32Z,17.831,0,46.57,210,0,0,,,,
powertraces-pt200array_pt220_r3_7536323_8-1cf5cef7ab,2026-04-30T19:46:20.32Z,17.831,1,33.28,210,0,0,,,,
powertraces-pt200array_pt220_r3_7536323_8-1cf5cef7ab,2026-04-30T19:46:20.32Z,17.831,2,35.03,210,0,0,,,,
powertraces-pt200array_pt220_r3_7536323_8-1cf5cef7ab,2026-04-30T19:46:20.32Z,17.831,3,33.95,210,0,0,,,,
powertraces-pt200array_pt220_r3_7536323_8-1cf5cef7ab,2026-04-30T19:46:20.42Z,17.931,0,46.57,210,0,0,,,,
powertraces-pt200array_pt220_r3_7536323_8-1cf5cef7ab,2026-04-30T19:46:20.42Z,17.931,1,33.28,210,0,0,,,,
powertraces-pt200array_pt220_r3_7536323_8-1cf5cef7ab,2026-04-30T19:46:20.42Z,17.931,2,35.03,210,0,0,,,,
powertraces-pt200array_pt220_r3_7536323_8-1cf5cef7ab,2026-04-30T19:46:20.42Z,17.931,3,33.95,210,0,0,,,,
powertraces-pt200array_pt220_r3_7536323_8-1cf5cef7ab,2026-04-30T19:46:20.52Z,18.031,0,46.57,210,0,0,,,,
powertraces-pt200array_pt220_r3_7536323_8-1cf5cef7ab,2026-04-30T19:46:20.52Z,18.031,1,33.28,210,0,0,,,,
powertraces-pt200array_pt220_r3_7536323_8-1cf5cef7ab,2026-04-30T19:46:20.52Z,18.031,2,35.03,210,0,0,,,,
powertraces-pt200array_pt220_r3_7536323_8-1cf5cef7ab,2026-04-30T19:46:20.52Z,18.031,3,33.95,210,0,0,,,,
powertraces-pt200array_pt220_r3_7536323_8-1cf5cef7ab,2026-04-30T19:46:20.62Z,18.131,0,46.57,210,0,0,,,,
powertraces-pt200array_pt220_r3_7536323_8-1cf5cef7ab,2026-04-30T19:46:20.62Z,18.131,1,33.28,210,0,0,,,,
powertraces-pt200array_pt220_r3_7536323_8-1cf5cef7ab,2026-04-30T19:46:20.62Z,18.131,2,35.03,210,0,0,,,,
powertraces-pt200array_pt220_r3_7536323_8-1cf5cef7ab,2026-04-30T19:46:20.62Z,18.131,3,33.95,210,0,0,,,,
powertraces-pt200array_pt220_r3_7536323_8-1cf5cef7ab,2026-04-30T19:46:20.72Z,18.231,0,46.32,210,0,0,,,,
powertraces-pt200array_pt220_r3_7536323_8-1cf5cef7ab,2026-04-30T19:46:20.721Z,18.232,1,33.28,210,0,0,,,,
powertraces-pt200array_pt220_r3_7536323_8-1cf5cef7ab,2026-04-30T19:46:20.721Z,18.232,2,35.03,210,0,0,,,,
powertraces-pt200array_pt220_r3_7536323_8-1cf5cef7ab,2026-04-30T19:46:20.721Z,18.232,3,33.95,210,0,0,,,,
powertraces-pt200array_pt220_r3_7536323_8-1cf5cef7ab,2026-04-30T19:46:20.821Z,18.332,0,46.32,210,0,0,,,,
powertraces-pt200array_pt220_r3_7536323_8-1cf5cef7ab,2026-04-30T19:46:20.821Z,18.332,1,33.28,210,0,0,,,,
powertraces-pt200array_pt220_r3_7536323_8-1cf5cef7ab,2026-04-30T19:46:20.821Z,18.332,2,35.03,210,0,0,,,,
powertraces-pt200array_pt220_r3_7536323_8-1cf5cef7ab,2026-04-30T19:46:20.821Z,18.332,3,33.95,210,0,0,,,,
powertraces-pt200array_pt220_r3_7536323_8-1cf5cef7ab,2026-04-30T19:46:20.921Z,18.432,0,46.32,210,0,0,,,,
powertraces-pt200array_pt220_r3_7536323_8-1cf5cef7ab,2026-04-30T19:46:20.921Z,18.432,1,33.28,210,0,0,,,,
powertraces-pt200array_pt220_r3_7536323_8-1cf5cef7ab,2026-04-30T19:46:20.921Z,18.432,2,35.03,210,0,0,,,,
powertraces-pt200array_pt220_r3_7536323_8-1cf5cef7ab,2026-04-30T19:46:20.921Z,18.432,3,33.95,210,0,0,,,,
powertraces-pt200array_pt220_r3_7536323_8-1cf5cef7ab,2026-04-30T19:46:21.021Z,18.532,0,46.32,210,0,0,,,,
powertraces-pt200array_pt220_r3_7536323_8-1cf5cef7ab,2026-04-30T19:46:21.021Z,18.532,1,33.28,210,0,0,,,,
powertraces-pt200array_pt220_r3_7536323_8-1cf5cef7ab,2026-04-30T19:46:21.021Z,18.532,2,35.03,210,0,0,,,,
powertraces-pt200array_pt220_r3_7536323_8-1cf5cef7ab,2026-04-30T19:46:21.021Z,18.532,3,33.95,210,0,0,,,,
powertraces-pt200array_pt220_r3_7536323_8-1cf5cef7ab,2026-04-30T19:46:21.121Z,18.632,0,46.32,210,0,0,,,,
powertraces-pt200array_pt220_r3_7536323_8-1cf5cef7ab,2026-04-30T19:46:21.121Z,18.632,1,33.28,210,0,0,,,,
powertraces-pt200array_pt220_r3_7536323_8-1cf5cef7ab,2026-04-30T19:46:21.121Z,18.632,2,35.03,210,0,0,,,,
powertraces-pt200array_pt220_r3_7536323_8-1cf5cef7ab,2026-04-30T19:46:21.121Z,18.632,3,33.95,210,0,0,,,,
powertraces-pt200array_pt220_r3_7536323_8-1cf5cef7ab,2026-04-30T19:46:21.221Z,18.732,0,46.32,210,0,0,,,,
powertraces-pt200array_pt220_r3_7536323_8-1cf5cef7ab,2026-04-30T19:46:21.221Z,18.732,1,33.28,210,0,0,,,,
powertraces-pt200array_pt220_r3_7536323_8-1cf5cef7ab,2026-04-30T19:46:21.221Z,18.732,2,35.03,210,0,0,,,,
powertraces-pt200array_pt220_r3_7536323_8-1cf5cef7ab,2026-04-30T19:46:21.221Z,18.732,3,33.95,210,0,0,,,,
powertraces-pt200array_pt220_r3_7536323_8-1cf5cef7ab,2026-04-30T19:46:21.321Z,18.832,0,46.32,210,0,0,,,,
powertraces-pt200array_pt220_r3_7536323_8-1cf5cef7ab,2026-04-30T19:46:21.321Z,18.832,1,33.28,210,0,0,,,,
powertraces-pt200array_pt220_r3_7536323_8-1cf5cef7ab,2026-04-30T19:46:21.321Z,18.832,2,35.03,210,0,0,,,,
powertraces-pt200array_pt220_r3_7536323_8-1cf5cef7ab,2026-04-30T19:46:21.321Z,18.832,3,33.95,210,0,0,,,,
powertraces-pt200array_pt220_r3_7536323_8-1cf5cef7ab,2026-04-30T19:46:21.422Z,18.933,0,46.32,210,0,0,,,,
powertraces-pt200array_pt220_r3_7536323_8-1cf5cef7ab,2026-04-30T19:46:21.422Z,18.933,1,33.28,210,0,0,,,,
powertraces-pt200array_pt220_r3_7536323_8-1cf5cef7ab,2026-04-30T19:46:21.422Z,18.933,2,35.03,210,0,0,,,,
powertraces-pt200array_pt220_r3_7536323_8-1cf5cef7ab,2026-04-30T19:46:21.422Z,18.933,3,33.95,210,0,0,,,,
powertraces-pt200array_pt220_r3_7536323_8-1cf5cef7ab,2026-04-30T19:46:21.522Z,19.033,0,46.32,210,0,0,,,,
powertraces-pt200array_pt220_r3_7536323_8-1cf5cef7ab,2026-04-30T19:46:21.522Z,19.033,1,33.28,210,0,0,,,,
powertraces-pt200array_pt220_r3_7536323_8-1cf5cef7ab,2026-04-30T19:46:21.522Z,19.033,2,35.03,210,0,0,,,,
powertraces-pt200array_pt220_r3_7536323_8-1cf5cef7ab,2026-04-30T19:46:21.522Z,19.033,3,33.95,210,0,0,,,,
powertraces-pt200array_pt220_r3_7536323_8-1cf5cef7ab,2026-04-30T19:46:21.622Z,19.133,0,46.32,210,0,0,,,,
powertraces-pt200array_pt220_r3_7536323_8-1cf5cef7ab,2026-04-30T19:46:21.622Z,19.133,1,33.28,210,0,0,,,,
powertraces-pt200array_pt220_r3_7536323_8-1cf5cef7ab,2026-04-30T19:46:21.622Z,19.133,2,35.03,210,0,0,,,,
powertraces-pt200array_pt220_r3_7536323_8-1cf5cef7ab,2026-04-30T19:46:21.622Z,19.133,3,33.95,210,0,0,,,,
powertraces-pt200array_pt220_r3_7536323_8-1cf5cef7ab,2026-04-30T19:46:21.722Z,19.233,0,46.15,210,0,0,,,,
powertraces-pt200array_pt220_r3_7536323_8-1cf5cef7ab,2026-04-30T19:46:21.722Z,19.233,1,33.28,210,0,0,,,,
powertraces-pt200array_pt220_r3_7536323_8-1cf5cef7ab,2026-04-30T19:46:21.722Z,19.233,2,35.03,210,0,0,,,,
powertraces-pt200array_pt220_r3_7536323_8-1cf5cef7ab,2026-04-30T19:46:21.722Z,19.233,3,33.95,210,0,0,,,,
powertraces-pt200array_pt220_r3_7536323_8-1cf5cef7ab,2026-04-30T19:46:21.822Z,19.333,0,46.15,210,0,0,,,,
powertraces-pt200array_pt220_r3_7536323_8-1cf5cef7ab,2026-04-30T19:46:21.822Z,19.333,1,33.28,210,0,0,,,,
powertraces-pt200array_pt220_r3_7536323_8-1cf5cef7ab,2026-04-30T19:46:21.822Z,19.333,2,35.03,210,0,0,,,,
powertraces-pt200array_pt220_r3_7536323_8-1cf5cef7ab,2026-04-30T19:46:21.822Z,19.333,3,33.95,210,0,0,,,,
powertraces-pt200array_pt220_r3_7536323_8-1cf5cef7ab,2026-04-30T19:46:21.922Z,19.433,0,46.15,210,0,0,,,,
powertraces-pt200array_pt220_r3_7536323_8-1cf5cef7ab,2026-04-30T19:46:21.923Z,19.434,1,33.28,210,0,0,,,,
powertraces-pt200array_pt220_r3_7536323_8-1cf5cef7ab,2026-04-30T19:46:21.923Z,19.434,2,35.03,210,0,0,,,,
powertraces-pt200array_pt220_r3_7536323_8-1cf5cef7ab,2026-04-30T19:46:21.923Z,19.434,3,33.95,210,0,0,,,,
powertraces-pt200array_pt220_r3_7536323_8-1cf5cef7ab,2026-04-30T19:46:22.023Z,19.534,0,46.15,210,0,0,,,,
powertraces-pt200array_pt220_r3_7536323_8-1cf5cef7ab,2026-04-30T19:46:22.023Z,19.534,1,33.28,210,0,0,,,,
powertraces-pt200array_pt220_r3_7536323_8-1cf5cef7ab,2026-04-30T19:46:22.023Z,19.534,2,35.15,210,0,0,,,,
powertraces-pt200array_pt220_r3_7536323_8-1cf5cef7ab,2026-04-30T19:46:22.023Z,19.534,3,33.95,210,0,0,,,,
powertraces-pt200array_pt220_r3_7536323_8-1cf5cef7ab,2026-04-30T19:46:22.123Z,19.634,0,46.15,210,0,0,,,,
powertraces-pt200array_pt220_r3_7536323_8-1cf5cef7ab,2026-04-30T19:46:22.123Z,19.634,1,33.28,210,0,0,,,,
powertraces-pt200array_pt220_r3_7536323_8-1cf5cef7ab,2026-04-30T19:46:22.123Z,19.634,2,35.15,210,0,0,,,,
powertraces-pt200array_pt220_r3_7536323_8-1cf5cef7ab,2026-04-30T19:46:22.123Z,19.634,3,33.95,210,0,0,,,,
powertraces-pt200array_pt220_r3_7536323_8-1cf5cef7ab,2026-04-30T19:46:22.223Z,19.734,0,46.15,210,0,0,,,,
powertraces-pt200array_pt220_r3_7536323_8-1cf5cef7ab,2026-04-30T19:46:22.223Z,19.734,1,33.28,210,0,0,,,,
powertraces-pt200array_pt220_r3_7536323_8-1cf5cef7ab,2026-04-30T19:46:22.223Z,19.734,2,35.15,210,0,0,,,,
powertraces-pt200array_pt220_r3_7536323_8-1cf5cef7ab,2026-04-30T19:46:22.223Z,19.734,3,33.95,210,0,0,,,,
powertraces-pt200array_pt220_r3_7536323_8-1cf5cef7ab,2026-04-30T19:46:22.323Z,19.834,0,46.15,210,0,0,,,,
powertraces-pt200array_pt220_r3_7536323_8-1cf5cef7ab,2026-04-30T19:46:22.323Z,19.834,1,33.28,210,0,0,,,,
powertraces-pt200array_pt220_r3_7536323_8-1cf5cef7ab,2026-04-30T19:46:22.323Z,19.834,2,35.15,210,0,0,,,,
powertraces-pt200array_pt220_r3_7536323_8-1cf5cef7ab,2026-04-30T19:46:22.323Z,19.834,3,33.95,210,0,0,,,,
powertraces-pt200array_pt220_r3_7536323_8-1cf5cef7ab,2026-04-30T19:46:22.423Z,19.934,0,46.15,210,0,0,,,,
powertraces-pt200array_pt220_r3_7536323_8-1cf5cef7ab,2026-04-30T19:46:22.423Z,19.934,1,33.28,210,0,0,,,,
powertraces-pt200array_pt220_r3_7536323_8-1cf5cef7ab,2026-04-30T19:46:22.423Z,19.934,2,35.15,210,0,0,,,,
powertraces-pt200array_pt220_r3_7536323_8-1cf5cef7ab,2026-04-30T19:46:22.423Z,19.934,3,33.95,210,0,0,,,,
powertraces-pt200array_pt220_r3_7536323_8-1cf5cef7ab,2026-04-30T19:46:22.523Z,20.034,0,46.15,210,0,0,,,,
powertraces-pt200array_pt220_r3_7536323_8-1cf5cef7ab,2026-04-30T19:46:22.523Z,20.034,1,33.28,210,0,0,,,,
powertraces-pt200array_pt220_r3_7536323_8-1cf5cef7ab,2026-04-30T19:46:22.523Z,20.034,2,35.15,210,0,0,,,,
powertraces-pt200array_pt220_r3_7536323_8-1cf5cef7ab,2026-04-30T19:46:22.523Z,20.034,3,33.95,210,0,0,,,,
powertraces-pt200array_pt220_r3_7536323_8-1cf5cef7ab,2026-04-30T19:46:22.624Z,20.135,0,46.15,210,0,0,,,,
powertraces-pt200array_pt220_r3_7536323_8-1cf5cef7ab,2026-04-30T19:46:22.624Z,20.135,1,33.28,210,0,0,,,,
powertraces-pt200array_pt220_r3_7536323_8-1cf5cef7ab,2026-04-30T19:46:22.624Z,20.135,2,35.15,210,0,0,,,,
powertraces-pt200array_pt220_r3_7536323_8-1cf5cef7ab,2026-04-30T19:46:22.624Z,20.135,3,33.95,210,0,0,,,,
powertraces-pt200array_pt220_r3_7536323_8-1cf5cef7ab,2026-04-30T19:46:22.724Z,20.235,0,46.03,210,0,0,,,,
powertraces-pt200array_pt220_r3_7536323_8-1cf5cef7ab,2026-04-30T19:46:22.724Z,20.235,1,33.28,210,0,0,,,,
powertraces-pt200array_pt220_r3_7536323_8-1cf5cef7ab,2026-04-30T19:46:22.724Z,20.235,2,35.15,210,0,0,,,,
powertraces-pt200array_pt220_r3_7536323_8-1cf5cef7ab,2026-04-30T19:46:22.724Z,20.235,3,33.95,210,0,0,,,,
powertraces-pt200array_pt220_r3_7536323_8-1cf5cef7ab,2026-04-30T19:46:22.824Z,20.335,0,46.03,210,0,0,,,,
powertraces-pt200array_pt220_r3_7536323_8-1cf5cef7ab,2026-04-30T19:46:22.824Z,20.335,1,33.28,210,0,0,,,,
powertraces-pt200array_pt220_r3_7536323_8-1cf5cef7ab,2026-04-30T19:46:22.824Z,20.335,2,35.15,210,0,0,,,,
powertraces-pt200array_pt220_r3_7536323_8-1cf5cef7ab,2026-04-30T19:46:22.824Z,20.335,3,33.95,210,0,0,,,,
powertraces-pt200array_pt220_r3_7536323_8-1cf5cef7ab,2026-04-30T19:46:22.924Z,20.435,0,46.03,210,0,0,,,,
powertraces-pt200array_pt220_r3_7536323_8-1cf5cef7ab,2026-04-30T19:46:22.924Z,20.435,1,33.28,210,0,0,,,,
powertraces-pt200array_pt220_r3_7536323_8-1cf5cef7ab,2026-04-30T19:46:22.924Z,20.435,2,35.15,210,0,0,,,,
powertraces-pt200array_pt220_r3_7536323_8-1cf5cef7ab,2026-04-30T19:46:22.924Z,20.435,3,33.95,210,0,0,,,,
powertraces-pt200array_pt220_r3_7536323_8-1cf5cef7ab,2026-04-30T19:46:23.024Z,20.535,0,46.03,210,0,0,,,,
powertraces-pt200array_pt220_r3_7536323_8-1cf5cef7ab,2026-04-30T19:46:23.024Z,20.535,1,33.28,210,0,0,,,,
powertraces-pt200array_pt220_r3_7536323_8-1cf5cef7ab,2026-04-30T19:46:23.024Z,20.535,2,35.27,210,0,0,,,,
powertraces-pt200array_pt220_r3_7536323_8-1cf5cef7ab,2026-04-30T19:46:23.024Z,20.535,3,33.95,210,0,0,,,,
powertraces-pt200array_pt220_r3_7536323_8-1cf5cef7ab,2026-04-30T19:46:23.124Z,20.635,0,46.03,210,0,0,,,,
powertraces-pt200array_pt220_r3_7536323_8-1cf5cef7ab,2026-04-30T19:46:23.124Z,20.635,1,33.28,210,0,0,,,,
powertraces-pt200array_pt220_r3_7536323_8-1cf5cef7ab,2026-04-30T19:46:23.124Z,20.635,2,35.27,210,0,0,,,,
powertraces-pt200array_pt220_r3_7536323_8-1cf5cef7ab,2026-04-30T19:46:23.124Z,20.635,3,33.95,210,0,0,,,,
powertraces-pt200array_pt220_r3_7536323_8-1cf5cef7ab,2026-04-30T19:46:23.224Z,20.735,0,46.03,210,0,0,,,,
powertraces-pt200array_pt220_r3_7536323_8-1cf5cef7ab,2026-04-30T19:46:23.224Z,20.735,1,33.28,210,0,0,,,,
powertraces-pt200array_pt220_r3_7536323_8-1cf5cef7ab,2026-04-30T19:46:23.224Z,20.735,2,35.27,210,0,0,,,,
powertraces-pt200array_pt220_r3_7536323_8-1cf5cef7ab,2026-04-30T19:46:23.224Z,20.735,3,33.95,210,0,0,,,,
powertraces-pt200array_pt220_r3_7536323_8-1cf5cef7ab,2026-04-30T19:46:23.325Z,20.836,0,46.03,210,0,0,,,,
powertraces-pt200array_pt220_r3_7536323_8-1cf5cef7ab,2026-04-30T19:46:23.325Z,20.836,1,33.28,210,0,0,,,,
powertraces-pt200array_pt220_r3_7536323_8-1cf5cef7ab,2026-04-30T19:46:23.325Z,20.836,2,35.27,210,0,0,,,,
powertraces-pt200array_pt220_r3_7536323_8-1cf5cef7ab,2026-04-30T19:46:23.325Z,20.836,3,33.95,210,0,0,,,,
powertraces-pt200array_pt220_r3_7536323_8-1cf5cef7ab,2026-04-30T19:46:23.425Z,20.936,0,46.03,210,0,0,,,,
powertraces-pt200array_pt220_r3_7536323_8-1cf5cef7ab,2026-04-30T19:46:23.425Z,20.936,1,33.28,210,0,0,,,,
powertraces-pt200array_pt220_r3_7536323_8-1cf5cef7ab,2026-04-30T19:46:23.425Z,20.936,2,35.27,210,0,0,,,,
powertraces-pt200array_pt220_r3_7536323_8-1cf5cef7ab,2026-04-30T19:46:23.425Z,20.936,3,33.95,210,0,0,,,,
powertraces-pt200array_pt220_r3_7536323_8-1cf5cef7ab,2026-04-30T19:46:23.525Z,21.036,0,46.03,210,0,0,,,,
powertraces-pt200array_pt220_r3_7536323_8-1cf5cef7ab,2026-04-30T19:46:23.525Z,21.036,1,33.28,210,0,0,,,,
powertraces-pt200array_pt220_r3_7536323_8-1cf5cef7ab,2026-04-30T19:46:23.525Z,21.036,2,35.27,210,0,0,,,,
powertraces-pt200array_pt220_r3_7536323_8-1cf5cef7ab,2026-04-30T19:46:23.525Z,21.036,3,33.95,210,0,0,,,,
powertraces-pt200array_pt220_r3_7536323_8-1cf5cef7ab,2026-04-30T19:46:23.625Z,21.136,0,46.03,210,0,0,,,,
powertraces-pt200array_pt220_r3_7536323_8-1cf5cef7ab,2026-04-30T19:46:23.625Z,21.136,1,33.28,210,0,0,,,,
powertraces-pt200array_pt220_r3_7536323_8-1cf5cef7ab,2026-04-30T19:46:23.625Z,21.136,2,35.27,210,0,0,,,,
powertraces-pt200array_pt220_r3_7536323_8-1cf5cef7ab,2026-04-30T19:46:23.625Z,21.136,3,33.95,210,0,0,,,,
powertraces-pt200array_pt220_r3_7536323_8-1cf5cef7ab,2026-04-30T19:46:23.725Z,21.236,0,45.78,210,0,0,,,,
powertraces-pt200array_pt220_r3_7536323_8-1cf5cef7ab,2026-04-30T19:46:23.725Z,21.236,1,33.28,210,0,0,,,,
powertraces-pt200array_pt220_r3_7536323_8-1cf5cef7ab,2026-04-30T19:46:23.725Z,21.236,2,35.27,210,0,0,,,,
powertraces-pt200array_pt220_r3_7536323_8-1cf5cef7ab,2026-04-30T19:46:23.725Z,21.236,3,33.95,210,0,0,,,,
powertraces-pt200array_pt220_r3_7536323_8-1cf5cef7ab,2026-04-30T19:46:23.825Z,21.336,0,45.78,210,0,0,,,,
powertraces-pt200array_pt220_r3_7536323_8-1cf5cef7ab,2026-04-30T19:46:23.825Z,21.336,1,33.28,210,0,0,,,,
powertraces-pt200array_pt220_r3_7536323_8-1cf5cef7ab,2026-04-30T19:46:23.825Z,21.336,2,35.27,210,0,0,,,,
powertraces-pt200array_pt220_r3_7536323_8-1cf5cef7ab,2026-04-30T19:46:23.825Z,21.336,3,33.95,210,0,0,,,,
powertraces-pt200array_pt220_r3_7536323_8-1cf5cef7ab,2026-04-30T19:46:23.925Z,21.436,0,45.78,210,0,0,,,,
powertraces-pt200array_pt220_r3_7536323_8-1cf5cef7ab,2026-04-30T19:46:23.925Z,21.436,1,33.28,210,0,0,,,,
powertraces-pt200array_pt220_r3_7536323_8-1cf5cef7ab,2026-04-30T19:46:23.925Z,21.436,2,35.27,210,0,0,,,,
powertraces-pt200array_pt220_r3_7536323_8-1cf5cef7ab,2026-04-30T19:46:23.925Z,21.436,3,33.95,210,0,0,,,,
powertraces-pt200array_pt220_r3_7536323_8-1cf5cef7ab,2026-04-30T19:46:24.025Z,21.536,0,45.78,210,0,0,,,,
powertraces-pt200array_pt220_r3_7536323_8-1cf5cef7ab,2026-04-30T19:46:24.025Z,21.536,1,33.28,210,0,0,,,,
powertraces-pt200array_pt220_r3_7536323_8-1cf5cef7ab,2026-04-30T19:46:24.025Z,21.536,2,35.15,210,0,0,,,,
powertraces-pt200array_pt220_r3_7536323_8-1cf5cef7ab,2026-04-30T19:46:24.026Z,21.537,3,33.95,210,0,0,,,,
powertraces-pt200array_pt220_r3_7536323_8-1cf5cef7ab,2026-04-30T19:46:24.126Z,21.637,0,45.78,210,0,0,,,,
powertraces-pt200array_pt220_r3_7536323_8-1cf5cef7ab,2026-04-30T19:46:24.126Z,21.637,1,33.28,210,0,0,,,,
powertraces-pt200array_pt220_r3_7536323_8-1cf5cef7ab,2026-04-30T19:46:24.126Z,21.637,2,35.15,210,0,0,,,,
powertraces-pt200array_pt220_r3_7536323_8-1cf5cef7ab,2026-04-30T19:46:24.126Z,21.637,3,33.95,210,0,0,,,,
powertraces-pt200array_pt220_r3_7536323_8-1cf5cef7ab,2026-04-30T19:46:24.226Z,21.737,0,45.78,210,0,0,,,,
powertraces-pt200array_pt220_r3_7536323_8-1cf5cef7ab,2026-04-30T19:46:24.226Z,21.737,1,33.28,210,0,0,,,,
powertraces-pt200array_pt220_r3_7536323_8-1cf5cef7ab,2026-04-30T19:46:24.226Z,21.737,2,35.15,210,0,0,,,,
powertraces-pt200array_pt220_r3_7536323_8-1cf5cef7ab,2026-04-30T19:46:24.226Z,21.737,3,33.95,210,0,0,,,,
powertraces-pt200array_pt220_r3_7536323_8-1cf5cef7ab,2026-04-30T19:46:24.326Z,21.837,0,45.78,210,0,0,,,,
powertraces-pt200array_pt220_r3_7536323_8-1cf5cef7ab,2026-04-30T19:46:24.326Z,21.837,1,33.28,210,0,0,,,,
powertraces-pt200array_pt220_r3_7536323_8-1cf5cef7ab,2026-04-30T19:46:24.326Z,21.837,2,35.15,210,0,0,,,,
powertraces-pt200array_pt220_r3_7536323_8-1cf5cef7ab,2026-04-30T19:46:24.326Z,21.837,3,33.95,210,0,0,,,,
powertraces-pt200array_pt220_r3_7536323_8-1cf5cef7ab,2026-04-30T19:46:24.426Z,21.937,0,45.78,210,0,0,,,,
powertraces-pt200array_pt220_r3_7536323_8-1cf5cef7ab,2026-04-30T19:46:24.426Z,21.937,1,33.28,210,0,0,,,,
powertraces-pt200array_pt220_r3_7536323_8-1cf5cef7ab,2026-04-30T19:46:24.426Z,21.937,2,35.15,210,0,0,,,,
powertraces-pt200array_pt220_r3_7536323_8-1cf5cef7ab,2026-04-30T19:46:24.426Z,21.937,3,33.95,210,0,0,,,,
powertraces-pt200array_pt220_r3_7536323_8-1cf5cef7ab,2026-04-30T19:46:24.526Z,22.037,0,45.78,210,0,0,,,,
powertraces-pt200array_pt220_r3_7536323_8-1cf5cef7ab,2026-04-30T19:46:24.526Z,22.037,1,33.28,210,0,0,,,,
powertraces-pt200array_pt220_r3_7536323_8-1cf5cef7ab,2026-04-30T19:46:24.526Z,22.037,2,35.15,210,0,0,,,,
powertraces-pt200array_pt220_r3_7536323_8-1cf5cef7ab,2026-04-30T19:46:24.526Z,22.037,3,33.95,210,0,0,,,,
powertraces-pt200array_pt220_r3_7536323_8-1cf5cef7ab,2026-04-30T19:46:24.626Z,22.137,0,45.78,210,0,0,,,,
powertraces-pt200array_pt220_r3_7536323_8-1cf5cef7ab,2026-04-30T19:46:24.626Z,22.137,1,33.28,210,0,0,,,,
powertraces-pt200array_pt220_r3_7536323_8-1cf5cef7ab,2026-04-30T19:46:24.626Z,22.137,2,35.15,210,0,0,,,,
powertraces-pt200array_pt220_r3_7536323_8-1cf5cef7ab,2026-04-30T19:46:24.626Z,22.137,3,33.95,210,0,0,,,,
powertraces-pt200array_pt220_r3_7536323_8-1cf5cef7ab,2026-04-30T19:46:24.726Z,22.237,0,45.61,210,0,0,,,,
powertraces-pt200array_pt220_r3_7536323_8-1cf5cef7ab,2026-04-30T19:46:24.726Z,22.237,1,33.28,210,0,0,,,,
powertraces-pt200array_pt220_r3_7536323_8-1cf5cef7ab,2026-04-30T19:46:24.726Z,22.237,2,35.15,210,0,0,,,,
powertraces-pt200array_pt220_r3_7536323_8-1cf5cef7ab,2026-04-30T19:46:24.726Z,22.237,3,33.95,210,0,0,,,,
powertraces-pt200array_pt220_r3_7536323_8-1cf5cef7ab,2026-04-30T19:46:24.827Z,22.338,0,45.61,210,0,0,,,,
powertraces-pt200array_pt220_r3_7536323_8-1cf5cef7ab,2026-04-30T19:46:24.827Z,22.338,1,33.28,210,0,0,,,,
powertraces-pt200array_pt220_r3_7536323_8-1cf5cef7ab,2026-04-30T19:46:24.827Z,22.338,2,35.15,210,0,0,,,,
powertraces-pt200array_pt220_r3_7536323_8-1cf5cef7ab,2026-04-30T19:46:24.827Z,22.338,3,33.95,210,0,0,,,,
powertraces-pt200array_pt220_r3_7536323_8-1cf5cef7ab,2026-04-30T19:46:24.927Z,22.438,0,45.61,210,0,0,,,,
powertraces-pt200array_pt220_r3_7536323_8-1cf5cef7ab,2026-04-30T19:46:24.927Z,22.438,1,33.28,210,0,0,,,,
powertraces-pt200array_pt220_r3_7536323_8-1cf5cef7ab,2026-04-30T19:46:24.927Z,22.438,2,35.15,210,0,0,,,,
powertraces-pt200array_pt220_r3_7536323_8-1cf5cef7ab,2026-04-30T19:46:24.927Z,22.438,3,33.95,210,0,0,,,,
powertraces-pt200array_pt220_r3_7536323_8-1cf5cef7ab,2026-04-30T19:46:25.027Z,22.538,0,45.61,210,0,0,,,,
powertraces-pt200array_pt220_r3_7536323_8-1cf5cef7ab,2026-04-30T19:46:25.027Z,22.538,1,33.28,210,0,0,,,,
powertraces-pt200array_pt220_r3_7536323_8-1cf5cef7ab,2026-04-30T19:46:25.027Z,22.538,2,35.03,210,0,0,,,,
powertraces-pt200array_pt220_r3_7536323_8-1cf5cef7ab,2026-04-30T19:46:25.027Z,22.538,3,33.95,210,0,0,,,,
powertraces-pt200array_pt220_r3_7536323_8-1cf5cef7ab,2026-04-30T19:46:25.127Z,22.638,0,45.61,210,0,0,,,,
powertraces-pt200array_pt220_r3_7536323_8-1cf5cef7ab,2026-04-30T19:46:25.127Z,22.638,1,33.28,210,0,0,,,,
powertraces-pt200array_pt220_r3_7536323_8-1cf5cef7ab,2026-04-30T19:46:25.127Z,22.638,2,35.03,210,0,0,,,,
powertraces-pt200array_pt220_r3_7536323_8-1cf5cef7ab,2026-04-30T19:46:25.127Z,22.638,3,33.95,210,0,0,,,,
powertraces-pt200array_pt220_r3_7536323_8-1cf5cef7ab,2026-04-30T19:46:25.227Z,22.738,0,45.61,210,0,0,,,,
powertraces-pt200array_pt220_r3_7536323_8-1cf5cef7ab,2026-04-30T19:46:25.227Z,22.738,1,33.28,210,0,0,,,,
powertraces-pt200array_pt220_r3_7536323_8-1cf5cef7ab,2026-04-30T19:46:25.227Z,22.738,2,35.03,210,0,0,,,,
powertraces-pt200array_pt220_r3_7536323_8-1cf5cef7ab,2026-04-30T19:46:25.227Z,22.738,3,33.95,210,0,0,,,,
powertraces-pt200array_pt220_r3_7536323_8-1cf5cef7ab,2026-04-30T19:46:25.327Z,22.838,0,45.61,210,0,0,,,,
powertraces-pt200array_pt220_r3_7536323_8-1cf5cef7ab,2026-04-30T19:46:25.327Z,22.838,1,33.28,210,0,0,,,,
powertraces-pt200array_pt220_r3_7536323_8-1cf5cef7ab,2026-04-30T19:46:25.327Z,22.838,2,35.03,210,0,0,,,,
powertraces-pt200array_pt220_r3_7536323_8-1cf5cef7ab,2026-04-30T19:46:25.327Z,22.838,3,33.95,210,0,0,,,,
powertraces-pt200array_pt220_r3_7536323_8-1cf5cef7ab,2026-04-30T19:46:25.428Z,22.939,0,45.61,210,0,0,,,,
powertraces-pt200array_pt220_r3_7536323_8-1cf5cef7ab,2026-04-30T19:46:25.428Z,22.939,1,33.28,210,0,0,,,,
powertraces-pt200array_pt220_r3_7536323_8-1cf5cef7ab,2026-04-30T19:46:25.428Z,22.939,2,35.03,210,0,0,,,,
powertraces-pt200array_pt220_r3_7536323_8-1cf5cef7ab,2026-04-30T19:46:25.428Z,22.939,3,33.95,210,0,0,,,,
powertraces-pt200array_pt220_r3_7536323_8-1cf5cef7ab,2026-04-30T19:46:25.528Z,23.039,0,45.61,210,0,0,,,,
powertraces-pt200array_pt220_r3_7536323_8-1cf5cef7ab,2026-04-30T19:46:25.528Z,23.039,1,33.28,210,0,0,,,,
powertraces-pt200array_pt220_r3_7536323_8-1cf5cef7ab,2026-04-30T19:46:25.528Z,23.039,2,35.03,210,0,0,,,,
powertraces-pt200array_pt220_r3_7536323_8-1cf5cef7ab,2026-04-30T19:46:25.528Z,23.039,3,33.95,210,0,0,,,,
powertraces-pt200array_pt220_r3_7536323_8-1cf5cef7ab,2026-04-30T19:46:25.628Z,23.139,0,45.61,210,0,0,,,,
powertraces-pt200array_pt220_r3_7536323_8-1cf5cef7ab,2026-04-30T19:46:25.628Z,23.139,1,33.28,210,0,0,,,,
powertraces-pt200array_pt220_r3_7536323_8-1cf5cef7ab,2026-04-30T19:46:25.628Z,23.139,2,35.03,210,0,0,,,,
powertraces-pt200array_pt220_r3_7536323_8-1cf5cef7ab,2026-04-30T19:46:25.628Z,23.139,3,33.95,210,0,0,,,,
powertraces-pt200array_pt220_r3_7536323_8-1cf5cef7ab,2026-04-30T19:46:25.728Z,23.239,0,45.49,210,0,0,,,,
powertraces-pt200array_pt220_r3_7536323_8-1cf5cef7ab,2026-04-30T19:46:25.728Z,23.239,1,33.28,210,0,0,,,,
powertraces-pt200array_pt220_r3_7536323_8-1cf5cef7ab,2026-04-30T19:46:25.728Z,23.239,2,35.03,210,0,0,,,,
powertraces-pt200array_pt220_r3_7536323_8-1cf5cef7ab,2026-04-30T19:46:25.728Z,23.239,3,33.95,210,0,0,,,,
powertraces-pt200array_pt220_r3_7536323_8-1cf5cef7ab,2026-04-30T19:46:25.828Z,23.339,0,45.49,210,0,0,,,,
powertraces-pt200array_pt220_r3_7536323_8-1cf5cef7ab,2026-04-30T19:46:25.828Z,23.339,1,33.28,210,0,0,,,,
powertraces-pt200array_pt220_r3_7536323_8-1cf5cef7ab,2026-04-30T19:46:25.828Z,23.339,2,35.03,210,0,0,,,,
powertraces-pt200array_pt220_r3_7536323_8-1cf5cef7ab,2026-04-30T19:46:25.828Z,23.339,3,33.95,210,0,0,,,,
powertraces-pt200array_pt220_r3_7536323_8-1cf5cef7ab,2026-04-30T19:46:25.928Z,23.439,0,45.49,210,0,0,,,,
powertraces-pt200array_pt220_r3_7536323_8-1cf5cef7ab,2026-04-30T19:46:25.928Z,23.439,1,33.28,210,0,0,,,,
powertraces-pt200array_pt220_r3_7536323_8-1cf5cef7ab,2026-04-30T19:46:25.928Z,23.439,2,35.03,210,0,0,,,,
powertraces-pt200array_pt220_r3_7536323_8-1cf5cef7ab,2026-04-30T19:46:25.928Z,23.439,3,33.95,210,0,0,,,,
powertraces-pt200array_pt220_r3_7536323_8-1cf5cef7ab,2026-04-30T19:46:26.029Z,23.54,0,45.49,210,0,0,,,,
powertraces-pt200array_pt220_r3_7536323_8-1cf5cef7ab,2026-04-30T19:46:26.029Z,23.54,1,33.28,210,0,0,,,,
powertraces-pt200array_pt220_r3_7536323_8-1cf5cef7ab,2026-04-30T19:46:26.029Z,23.54,2,35.03,210,0,0,,,,
powertraces-pt200array_pt220_r3_7536323_8-1cf5cef7ab,2026-04-30T19:46:26.029Z,23.54,3,33.95,210,0,0,,,,
powertraces-pt200array_pt220_r3_7536323_8-1cf5cef7ab,2026-04-30T19:46:26.129Z,23.64,0,45.49,210,0,0,,,,
powertraces-pt200array_pt220_r3_7536323_8-1cf5cef7ab,2026-04-30T19:46:26.129Z,23.64,1,33.28,210,0,0,,,,
powertraces-pt200array_pt220_r3_7536323_8-1cf5cef7ab,2026-04-30T19:46:26.129Z,23.64,2,35.03,210,0,0,,,,
powertraces-pt200array_pt220_r3_7536323_8-1cf5cef7ab,2026-04-30T19:46:26.129Z,23.64,3,33.95,210,0,0,,,,
powertraces-pt200array_pt220_r3_7536323_8-1cf5cef7ab,2026-04-30T19:46:26.229Z,23.74,0,45.49,210,0,0,,,,
powertraces-pt200array_pt220_r3_7536323_8-1cf5cef7ab,2026-04-30T19:46:26.229Z,23.74,1,33.28,210,0,0,,,,
powertraces-pt200array_pt220_r3_7536323_8-1cf5cef7ab,2026-04-30T19:46:26.229Z,23.74,2,35.03,210,0,0,,,,
powertraces-pt200array_pt220_r3_7536323_8-1cf5cef7ab,2026-04-30T19:46:26.229Z,23.74,3,33.95,210,0,0,,,,
powertraces-pt200array_pt220_r3_7536323_8-1cf5cef7ab,2026-04-30T19:46:26.329Z,23.84,0,45.49,210,0,0,,,,
powertraces-pt200array_pt220_r3_7536323_8-1cf5cef7ab,2026-04-30T19:46:26.329Z,23.84,1,33.28,210,0,0,,,,
powertraces-pt200array_pt220_r3_7536323_8-1cf5cef7ab,2026-04-30T19:46:26.329Z,23.84,2,35.03,210,0,0,,,,
powertraces-pt200array_pt220_r3_7536323_8-1cf5cef7ab,2026-04-30T19:46:26.329Z,23.84,3,33.95,210,0,0,,,,
powertraces-pt200array_pt220_r3_7536323_8-1cf5cef7ab,2026-04-30T19:46:26.429Z,23.94,0,45.49,210,0,0,,,,
powertraces-pt200array_pt220_r3_7536323_8-1cf5cef7ab,2026-04-30T19:46:26.429Z,23.94,1,33.28,210,0,0,,,,
powertraces-pt200array_pt220_r3_7536323_8-1cf5cef7ab,2026-04-30T19:46:26.429Z,23.94,2,35.03,210,0,0,,,,
powertraces-pt200array_pt220_r3_7536323_8-1cf5cef7ab,2026-04-30T19:46:26.429Z,23.94,3,33.95,210,0,0,,,,
powertraces-pt200array_pt220_r3_7536323_8-1cf5cef7ab,2026-04-30T19:46:26.529Z,24.04,0,45.49,210,0,0,,,,
powertraces-pt200array_pt220_r3_7536323_8-1cf5cef7ab,2026-04-30T19:46:26.529Z,24.04,1,33.28,210,0,0,,,,
powertraces-pt200array_pt220_r3_7536323_8-1cf5cef7ab,2026-04-30T19:46:26.529Z,24.04,2,35.03,210,0,0,,,,
powertraces-pt200array_pt220_r3_7536323_8-1cf5cef7ab,2026-04-30T19:46:26.529Z,24.04,3,33.95,210,0,0,,,,
powertraces-pt200array_pt220_r3_7536323_8-1cf5cef7ab,2026-04-30T19:46:26.629Z,24.14,0,45.49,210,0,0,,,,
powertraces-pt200array_pt220_r3_7536323_8-1cf5cef7ab,2026-04-30T19:46:26.629Z,24.14,1,33.28,210,0,0,,,,
powertraces-pt200array_pt220_r3_7536323_8-1cf5cef7ab,2026-04-30T19:46:26.629Z,24.14,2,35.03,210,0,0,,,,
powertraces-pt200array_pt220_r3_7536323_8-1cf5cef7ab,2026-04-30T19:46:26.629Z,24.14,3,33.95,210,0,0,,,,
powertraces-pt200array_pt220_r3_7536323_8-1cf5cef7ab,2026-04-30T19:46:26.729Z,24.24,0,45.25,210,0,0,,,,
powertraces-pt200array_pt220_r3_7536323_8-1cf5cef7ab,2026-04-30T19:46:26.729Z,24.24,1,33.28,210,0,0,,,,
powertraces-pt200array_pt220_r3_7536323_8-1cf5cef7ab,2026-04-30T19:46:26.729Z,24.24,2,35.03,210,0,0,,,,
powertraces-pt200array_pt220_r3_7536323_8-1cf5cef7ab,2026-04-30T19:46:26.729Z,24.24,3,33.95,210,0,0,,,,
powertraces-pt200array_pt220_r3_7536323_8-1cf5cef7ab,2026-04-30T19:46:26.83Z,24.341,0,45.25,210,0,0,,,,
powertraces-pt200array_pt220_r3_7536323_8-1cf5cef7ab,2026-04-30T19:46:26.83Z,24.341,1,33.28,210,0,0,,,,
powertraces-pt200array_pt220_r3_7536323_8-1cf5cef7ab,2026-04-30T19:46:26.83Z,24.341,2,35.03,210,0,0,,,,
powertraces-pt200array_pt220_r3_7536323_8-1cf5cef7ab,2026-04-30T19:46:26.83Z,24.341,3,33.95,210,0,0,,,,
powertraces-pt200array_pt220_r3_7536323_8-1cf5cef7ab,2026-04-30T19:46:26.93Z,24.441,0,45.25,210,0,0,,,,
powertraces-pt200array_pt220_r3_7536323_8-1cf5cef7ab,2026-04-30T19:46:26.93Z,24.441,1,33.28,210,0,0,,,,
powertraces-pt200array_pt220_r3_7536323_8-1cf5cef7ab,2026-04-30T19:46:26.93Z,24.441,2,35.03,210,0,0,,,,
powertraces-pt200array_pt220_r3_7536323_8-1cf5cef7ab,2026-04-30T19:46:26.93Z,24.441,3,33.95,210,0,0,,,,
powertraces-pt200array_pt220_r3_7536323_8-1cf5cef7ab,2026-04-30T19:46:27.03Z,24.541,0,45.25,210,0,0,,,,
powertraces-pt200array_pt220_r3_7536323_8-1cf5cef7ab,2026-04-30T19:46:27.03Z,24.541,1,33.28,210,0,0,,,,
powertraces-pt200array_pt220_r3_7536323_8-1cf5cef7ab,2026-04-30T19:46:27.03Z,24.541,2,35.1,210,0,0,,,,
powertraces-pt200array_pt220_r3_7536323_8-1cf5cef7ab,2026-04-30T19:46:27.03Z,24.541,3,33.95,210,0,0,,,,
powertraces-pt200array_pt220_r3_7536323_8-1cf5cef7ab,2026-04-30T19:46:27.13Z,24.641,0,45.25,210,0,0,,,,
powertraces-pt200array_pt220_r3_7536323_8-1cf5cef7ab,2026-04-30T19:46:27.13Z,24.641,1,33.28,210,0,0,,,,
powertraces-pt200array_pt220_r3_7536323_8-1cf5cef7ab,2026-04-30T19:46:27.13Z,24.641,2,35.1,210,0,0,,,,
powertraces-pt200array_pt220_r3_7536323_8-1cf5cef7ab,2026-04-30T19:46:27.13Z,24.641,3,33.95,210,0,0,,,,
powertraces-pt200array_pt220_r3_7536323_8-1cf5cef7ab,2026-04-30T19:46:27.23Z,24.741,0,45.25,210,0,0,,,,
powertraces-pt200array_pt220_r3_7536323_8-1cf5cef7ab,2026-04-30T19:46:27.23Z,24.741,1,33.28,210,0,0,,,,
powertraces-pt200array_pt220_r3_7536323_8-1cf5cef7ab,2026-04-30T19:46:27.23Z,24.741,2,35.1,210,0,0,,,,
powertraces-pt200array_pt220_r3_7536323_8-1cf5cef7ab,2026-04-30T19:46:27.23Z,24.741,3,33.95,210,0,0,,,,
powertraces-pt200array_pt220_r3_7536323_8-1cf5cef7ab,2026-04-30T19:46:27.33Z,24.841,0,45.25,210,0,0,,,,
powertraces-pt200array_pt220_r3_7536323_8-1cf5cef7ab,2026-04-30T19:46:27.33Z,24.841,1,33.28,210,0,0,,,,
powertraces-pt200array_pt220_r3_7536323_8-1cf5cef7ab,2026-04-30T19:46:27.33Z,24.841,2,35.1,210,0,0,,,,
powertraces-pt200array_pt220_r3_7536323_8-1cf5cef7ab,2026-04-30T19:46:27.33Z,24.841,3,33.95,210,0,0,,,,
powertraces-pt200array_pt220_r3_7536323_8-1cf5cef7ab,2026-04-30T19:46:27.43Z,24.941,0,45.25,210,0,0,,,,
powertraces-pt200array_pt220_r3_7536323_8-1cf5cef7ab,2026-04-30T19:46:27.43Z,24.941,1,33.28,210,0,0,,,,
powertraces-pt200array_pt220_r3_7536323_8-1cf5cef7ab,2026-04-30T19:46:27.431Z,24.942,2,35.1,210,0,0,,,,
powertraces-pt200array_pt220_r3_7536323_8-1cf5cef7ab,2026-04-30T19:46:27.431Z,24.942,3,33.95,210,0,0,,,,
powertraces-pt200array_pt220_r3_7536323_8-1cf5cef7ab,2026-04-30T19:46:27.531Z,25.042,0,45.25,210,0,0,,,,
powertraces-pt200array_pt220_r3_7536323_8-1cf5cef7ab,2026-04-30T19:46:27.531Z,25.042,1,33.28,210,0,0,,,,
powertraces-pt200array_pt220_r3_7536323_8-1cf5cef7ab,2026-04-30T19:46:27.531Z,25.042,2,35.1,210,0,0,,,,
powertraces-pt200array_pt220_r3_7536323_8-1cf5cef7ab,2026-04-30T19:46:27.531Z,25.042,3,33.95,210,0,0,,,,
powertraces-pt200array_pt220_r3_7536323_8-1cf5cef7ab,2026-04-30T19:46:27.631Z,25.142,0,45.25,210,0,0,,,,
powertraces-pt200array_pt220_r3_7536323_8-1cf5cef7ab,2026-04-30T19:46:27.631Z,25.142,1,33.28,210,0,0,,,,
powertraces-pt200array_pt220_r3_7536323_8-1cf5cef7ab,2026-04-30T19:46:27.631Z,25.142,2,35.1,210,0,0,,,,
powertraces-pt200array_pt220_r3_7536323_8-1cf5cef7ab,2026-04-30T19:46:27.631Z,25.142,3,33.95,210,0,0,,,,
powertraces-pt200array_pt220_r3_7536323_8-1cf5cef7ab,2026-04-30T19:46:27.731Z,25.242,0,45.12,210,0,0,,,,
powertraces-pt200array_pt220_r3_7536323_8-1cf5cef7ab,2026-04-30T19:46:27.731Z,25.242,1,33.28,210,0,0,,,,
powertraces-pt200array_pt220_r3_7536323_8-1cf5cef7ab,2026-04-30T19:46:27.731Z,25.242,2,35.1,210,0,0,,,,
powertraces-pt200array_pt220_r3_7536323_8-1cf5cef7ab,2026-04-30T19:46:27.731Z,25.242,3,33.95,210,0,0,,,,
powertraces-pt200array_pt220_r3_7536323_8-1cf5cef7ab,2026-04-30T19:46:27.831Z,25.342,0,45.12,210,0,0,,,,
powertraces-pt200array_pt220_r3_7536323_8-1cf5cef7ab,2026-04-30T19:46:27.831Z,25.342,1,33.28,210,0,0,,,,
powertraces-pt200array_pt220_r3_7536323_8-1cf5cef7ab,2026-04-30T19:46:27.831Z,25.342,2,35.1,210,0,0,,,,
powertraces-pt200array_pt220_r3_7536323_8-1cf5cef7ab,2026-04-30T19:46:27.831Z,25.342,3,33.95,210,0,0,,,,
powertraces-pt200array_pt220_r3_7536323_8-1cf5cef7ab,2026-04-30T19:46:27.931Z,25.442,0,45.12,210,0,0,,,,
powertraces-pt200array_pt220_r3_7536323_8-1cf5cef7ab,2026-04-30T19:46:27.931Z,25.442,1,33.28,210,0,0,,,,
powertraces-pt200array_pt220_r3_7536323_8-1cf5cef7ab,2026-04-30T19:46:27.931Z,25.442,2,35.1,210,0,0,,,,
powertraces-pt200array_pt220_r3_7536323_8-1cf5cef7ab,2026-04-30T19:46:27.931Z,25.442,3,33.95,210,0,0,,,,
powertraces-pt200array_pt220_r3_7536323_8-1cf5cef7ab,2026-04-30T19:46:28.031Z,25.542,0,45.12,210,0,0,,,,
powertraces-pt200array_pt220_r3_7536323_8-1cf5cef7ab,2026-04-30T19:46:28.031Z,25.542,1,33.28,210,0,0,,,,
powertraces-pt200array_pt220_r3_7536323_8-1cf5cef7ab,2026-04-30T19:46:28.031Z,25.542,2,35.1,210,0,0,,,,
powertraces-pt200array_pt220_r3_7536323_8-1cf5cef7ab,2026-04-30T19:46:28.031Z,25.542,3,33.95,210,0,0,,,,
powertraces-pt200array_pt220_r3_7536323_8-1cf5cef7ab,2026-04-30T19:46:28.132Z,25.643,0,45.12,210,0,0,,,,
powertraces-pt200array_pt220_r3_7536323_8-1cf5cef7ab,2026-04-30T19:46:28.132Z,25.643,1,33.28,210,0,0,,,,
powertraces-pt200array_pt220_r3_7536323_8-1cf5cef7ab,2026-04-30T19:46:28.132Z,25.643,2,35.1,210,0,0,,,,
powertraces-pt200array_pt220_r3_7536323_8-1cf5cef7ab,2026-04-30T19:46:28.132Z,25.643,3,33.95,210,0,0,,,,
powertraces-pt200array_pt220_r3_7536323_8-1cf5cef7ab,2026-04-30T19:46:28.232Z,25.743,0,45.12,210,0,0,,,,
powertraces-pt200array_pt220_r3_7536323_8-1cf5cef7ab,2026-04-30T19:46:28.232Z,25.743,1,33.28,210,0,0,,,,
powertraces-pt200array_pt220_r3_7536323_8-1cf5cef7ab,2026-04-30T19:46:28.232Z,25.743,2,35.1,210,0,0,,,,
powertraces-pt200array_pt220_r3_7536323_8-1cf5cef7ab,2026-04-30T19:46:28.232Z,25.743,3,33.95,210,0,0,,,,
powertraces-pt200array_pt220_r3_7536323_8-1cf5cef7ab,2026-04-30T19:46:28.332Z,25.843,0,45.12,210,0,0,,,,
powertraces-pt200array_pt220_r3_7536323_8-1cf5cef7ab,2026-04-30T19:46:28.332Z,25.843,1,33.28,210,0,0,,,,
powertraces-pt200array_pt220_r3_7536323_8-1cf5cef7ab,2026-04-30T19:46:28.332Z,25.843,2,35.1,210,0,0,,,,
powertraces-pt200array_pt220_r3_7536323_8-1cf5cef7ab,2026-04-30T19:46:28.332Z,25.843,3,33.95,210,0,0,,,,
powertraces-pt200array_pt220_r3_7536323_8-1cf5cef7ab,2026-04-30T19:46:28.432Z,25.943,0,45.12,210,0,0,,,,
powertraces-pt200array_pt220_r3_7536323_8-1cf5cef7ab,2026-04-30T19:46:28.432Z,25.943,1,33.28,210,0,0,,,,
powertraces-pt200array_pt220_r3_7536323_8-1cf5cef7ab,2026-04-30T19:46:28.432Z,25.943,2,35.1,210,0,0,,,,
powertraces-pt200array_pt220_r3_7536323_8-1cf5cef7ab,2026-04-30T19:46:28.432Z,25.943,3,33.95,210,0,0,,,,
powertraces-pt200array_pt220_r3_7536323_8-1cf5cef7ab,2026-04-30T19:46:28.532Z,26.043,0,45.12,210,0,0,,,,
powertraces-pt200array_pt220_r3_7536323_8-1cf5cef7ab,2026-04-30T19:46:28.532Z,26.043,1,33.28,210,0,0,,,,
powertraces-pt200array_pt220_r3_7536323_8-1cf5cef7ab,2026-04-30T19:46:28.532Z,26.043,2,35.1,210,0,0,,,,
powertraces-pt200array_pt220_r3_7536323_8-1cf5cef7ab,2026-04-30T19:46:28.532Z,26.043,3,33.95,210,0,0,,,,
powertraces-pt200array_pt220_r3_7536323_8-1cf5cef7ab,2026-04-30T19:46:28.632Z,26.143,0,45.12,210,0,0,,,,
powertraces-pt200array_pt220_r3_7536323_8-1cf5cef7ab,2026-04-30T19:46:28.632Z,26.143,1,33.28,210,0,0,,,,
powertraces-pt200array_pt220_r3_7536323_8-1cf5cef7ab,2026-04-30T19:46:28.632Z,26.143,2,35.1,210,0,0,,,,
powertraces-pt200array_pt220_r3_7536323_8-1cf5cef7ab,2026-04-30T19:46:28.632Z,26.143,3,33.95,210,0,0,,,,
powertraces-pt200array_pt220_r3_7536323_8-1cf5cef7ab,2026-04-30T19:46:28.732Z,26.243,0,45.0,210,0,0,,,,
powertraces-pt200array_pt220_r3_7536323_8-1cf5cef7ab,2026-04-30T19:46:28.732Z,26.243,1,33.28,210,0,0,,,,
powertraces-pt200array_pt220_r3_7536323_8-1cf5cef7ab,2026-04-30T19:46:28.732Z,26.243,2,35.1,210,0,0,,,,
powertraces-pt200array_pt220_r3_7536323_8-1cf5cef7ab,2026-04-30T19:46:28.732Z,26.243,3,33.95,210,0,0,,,,
powertraces-pt200array_pt220_r3_7536323_8-1cf5cef7ab,2026-04-30T19:46:28.833Z,26.344,0,45.0,210,0,0,,,,
powertraces-pt200array_pt220_r3_7536323_8-1cf5cef7ab,2026-04-30T19:46:28.833Z,26.344,1,33.28,210,0,0,,,,
powertraces-pt200array_pt220_r3_7536323_8-1cf5cef7ab,2026-04-30T19:46:28.833Z,26.344,2,35.1,210,0,0,,,,
powertraces-pt200array_pt220_r3_7536323_8-1cf5cef7ab,2026-04-30T19:46:28.833Z,26.344,3,33.95,210,0,0,,,,
powertraces-pt200array_pt220_r3_7536323_8-1cf5cef7ab,2026-04-30T19:46:28.933Z,26.444,0,45.0,210,0,0,,,,
powertraces-pt200array_pt220_r3_7536323_8-1cf5cef7ab,2026-04-30T19:46:28.933Z,26.444,1,33.28,210,0,0,,,,
powertraces-pt200array_pt220_r3_7536323_8-1cf5cef7ab,2026-04-30T19:46:28.933Z,26.444,2,35.1,210,0,0,,,,
powertraces-pt200array_pt220_r3_7536323_8-1cf5cef7ab,2026-04-30T19:46:28.933Z,26.444,3,33.95,210,0,0,,,,
powertraces-pt200array_pt220_r3_7536323_8-1cf5cef7ab,2026-04-30T19:46:29.033Z,26.544,0,45.0,210,0,0,,,,
powertraces-pt200array_pt220_r3_7536323_8-1cf5cef7ab,2026-04-30T19:46:29.033Z,26.544,1,33.28,210,0,0,,,,
powertraces-pt200array_pt220_r3_7536323_8-1cf5cef7ab,2026-04-30T19:46:29.033Z,26.544,2,35.15,210,0,0,,,,
powertraces-pt200array_pt220_r3_7536323_8-1cf5cef7ab,2026-04-30T19:46:29.033Z,26.544,3,33.95,210,0,0,,,,
powertraces-pt200array_pt220_r3_7536323_8-1cf5cef7ab,2026-04-30T19:46:29.133Z,26.644,0,45.0,210,0,0,,,,
powertraces-pt200array_pt220_r3_7536323_8-1cf5cef7ab,2026-04-30T19:46:29.133Z,26.644,1,33.28,210,0,0,,,,
powertraces-pt200array_pt220_r3_7536323_8-1cf5cef7ab,2026-04-30T19:46:29.133Z,26.644,2,35.15,210,0,0,,,,
powertraces-pt200array_pt220_r3_7536323_8-1cf5cef7ab,2026-04-30T19:46:29.133Z,26.644,3,33.95,210,0,0,,,,
powertraces-pt200array_pt220_r3_7536323_8-1cf5cef7ab,2026-04-30T19:46:29.233Z,26.744,0,45.0,210,0,0,,,,
powertraces-pt200array_pt220_r3_7536323_8-1cf5cef7ab,2026-04-30T19:46:29.233Z,26.744,1,33.28,210,0,0,,,,
powertraces-pt200array_pt220_r3_7536323_8-1cf5cef7ab,2026-04-30T19:46:29.233Z,26.744,2,35.15,210,0,0,,,,
powertraces-pt200array_pt220_r3_7536323_8-1cf5cef7ab,2026-04-30T19:46:29.233Z,26.744,3,33.95,210,0,0,,,,
powertraces-pt200array_pt220_r3_7536323_8-1cf5cef7ab,2026-04-30T19:46:29.333Z,26.844,0,45.0,210,0,0,,,,
powertraces-pt200array_pt220_r3_7536323_8-1cf5cef7ab,2026-04-30T19:46:29.333Z,26.844,1,33.28,210,0,0,,,,
powertraces-pt200array_pt220_r3_7536323_8-1cf5cef7ab,2026-04-30T19:46:29.333Z,26.844,2,35.15,210,0,0,,,,
powertraces-pt200array_pt220_r3_7536323_8-1cf5cef7ab,2026-04-30T19:46:29.333Z,26.844,3,33.95,210,0,0,,,,
powertraces-pt200array_pt220_r3_7536323_8-1cf5cef7ab,2026-04-30T19:46:29.434Z,26.945,0,45.0,210,0,0,,,,
powertraces-pt200array_pt220_r3_7536323_8-1cf5cef7ab,2026-04-30T19:46:29.434Z,26.945,1,33.28,210,0,0,,,,
powertraces-pt200array_pt220_r3_7536323_8-1cf5cef7ab,2026-04-30T19:46:29.434Z,26.945,2,35.15,210,0,0,,,,
powertraces-pt200array_pt220_r3_7536323_8-1cf5cef7ab,2026-04-30T19:46:29.434Z,26.945,3,33.95,210,0,0,,,,
powertraces-pt200array_pt220_r3_7536323_8-1cf5cef7ab,2026-04-30T19:46:29.534Z,27.045,0,45.0,210,0,0,,,,
powertraces-pt200array_pt220_r3_7536323_8-1cf5cef7ab,2026-04-30T19:46:29.534Z,27.045,1,33.28,210,0,0,,,,
powertraces-pt200array_pt220_r3_7536323_8-1cf5cef7ab,2026-04-30T19:46:29.534Z,27.045,2,35.15,210,0,0,,,,
powertraces-pt200array_pt220_r3_7536323_8-1cf5cef7ab,2026-04-30T19:46:29.534Z,27.045,3,33.95,210,0,0,,,,
powertraces-pt200array_pt220_r3_7536323_8-1cf5cef7ab,2026-04-30T19:46:29.634Z,27.145,0,45.0,210,0,0,,,,
powertraces-pt200array_pt220_r3_7536323_8-1cf5cef7ab,2026-04-30T19:46:29.634Z,27.145,1,33.28,210,0,0,,,,
powertraces-pt200array_pt220_r3_7536323_8-1cf5cef7ab,2026-04-30T19:46:29.634Z,27.145,2,35.15,210,0,0,,,,
powertraces-pt200array_pt220_r3_7536323_8-1cf5cef7ab,2026-04-30T19:46:29.634Z,27.145,3,33.95,210,0,0,,,,
powertraces-pt200array_pt220_r3_7536323_8-1cf5cef7ab,2026-04-30T19:46:29.734Z,27.245,0,44.88,210,0,0,,,,
powertraces-pt200array_pt220_r3_7536323_8-1cf5cef7ab,2026-04-30T19:46:29.734Z,27.245,1,33.28,210,0,0,,,,
powertraces-pt200array_pt220_r3_7536323_8-1cf5cef7ab,2026-04-30T19:46:29.734Z,27.245,2,35.15,210,0,0,,,,
powertraces-pt200array_pt220_r3_7536323_8-1cf5cef7ab,2026-04-30T19:46:29.734Z,27.245,3,33.95,210,0,0,,,,
powertraces-pt200array_pt220_r3_7536323_8-1cf5cef7ab,2026-04-30T19:46:29.834Z,27.345,0,44.88,210,0,0,,,,
powertraces-pt200array_pt220_r3_7536323_8-1cf5cef7ab,2026-04-30T19:46:29.834Z,27.345,1,33.28,210,0,0,,,,
powertraces-pt200array_pt220_r3_7536323_8-1cf5cef7ab,2026-04-30T19:46:29.834Z,27.345,2,35.15,210,0,0,,,,
powertraces-pt200array_pt220_r3_7536323_8-1cf5cef7ab,2026-04-30T19:46:29.834Z,27.345,3,33.95,210,0,0,,,,
powertraces-pt200array_pt220_r3_7536323_8-1cf5cef7ab,2026-04-30T19:46:29.934Z,27.445,0,44.88,210,0,0,,,,
powertraces-pt200array_pt220_r3_7536323_8-1cf5cef7ab,2026-04-30T19:46:29.934Z,27.445,1,33.28,210,0,0,,,,
powertraces-pt200array_pt220_r3_7536323_8-1cf5cef7ab,2026-04-30T19:46:29.934Z,27.445,2,35.15,210,0,0,,,,
powertraces-pt200array_pt220_r3_7536323_8-1cf5cef7ab,2026-04-30T19:46:29.934Z,27.445,3,33.95,210,0,0,,,,
powertraces-pt200array_pt220_r3_7536323_8-1cf5cef7ab,2026-04-30T19:46:30.034Z,27.545,0,44.88,210,0,0,,,,
powertraces-pt200array_pt220_r3_7536323_8-1cf5cef7ab,2026-04-30T19:46:30.034Z,27.545,1,33.28,210,0,0,,,,
powertraces-pt200array_pt220_r3_7536323_8-1cf5cef7ab,2026-04-30T19:46:30.034Z,27.545,2,35.27,210,0,0,,,,
powertraces-pt200array_pt220_r3_7536323_8-1cf5cef7ab,2026-04-30T19:46:30.034Z,27.545,3,33.95,210,0,0,,,,
powertraces-pt200array_pt220_r3_7536323_8-1cf5cef7ab,2026-04-30T19:46:30.135Z,27.646,0,44.88,210,0,0,,,,
powertraces-pt200array_pt220_r3_7536323_8-1cf5cef7ab,2026-04-30T19:46:30.135Z,27.646,1,33.28,210,0,0,,,,
powertraces-pt200array_pt220_r3_7536323_8-1cf5cef7ab,2026-04-30T19:46:30.135Z,27.646,2,35.27,210,0,0,,,,
powertraces-pt200array_pt220_r3_7536323_8-1cf5cef7ab,2026-04-30T19:46:30.135Z,27.646,3,33.95,210,0,0,,,,
powertraces-pt200array_pt220_r3_7536323_8-1cf5cef7ab,2026-04-30T19:46:30.235Z,27.746,0,44.88,210,0,0,,,,
powertraces-pt200array_pt220_r3_7536323_8-1cf5cef7ab,2026-04-30T19:46:30.235Z,27.746,1,33.28,210,0,0,,,,
powertraces-pt200array_pt220_r3_7536323_8-1cf5cef7ab,2026-04-30T19:46:30.235Z,27.746,2,35.27,210,0,0,,,,
powertraces-pt200array_pt220_r3_7536323_8-1cf5cef7ab,2026-04-30T19:46:30.235Z,27.746,3,33.95,210,0,0,,,,
powertraces-pt200array_pt220_r3_7536323_8-1cf5cef7ab,2026-04-30T19:46:30.335Z,27.846,0,44.88,210,0,0,,,,
powertraces-pt200array_pt220_r3_7536323_8-1cf5cef7ab,2026-04-30T19:46:30.335Z,27.846,1,33.28,210,0,0,,,,
powertraces-pt200array_pt220_r3_7536323_8-1cf5cef7ab,2026-04-30T19:46:30.335Z,27.846,2,35.27,210,0,0,,,,
powertraces-pt200array_pt220_r3_7536323_8-1cf5cef7ab,2026-04-30T19:46:30.335Z,27.846,3,33.95,210,0,0,,,,
powertraces-pt200array_pt220_r3_7536323_8-1cf5cef7ab,2026-04-30T19:46:30.435Z,27.946,0,44.88,210,0,0,,,,
powertraces-pt200array_pt220_r3_7536323_8-1cf5cef7ab,2026-04-30T19:46:30.435Z,27.946,1,33.28,210,0,0,,,,
powertraces-pt200array_pt220_r3_7536323_8-1cf5cef7ab,2026-04-30T19:46:30.435Z,27.946,2,35.27,210,0,0,,,,
powertraces-pt200array_pt220_r3_7536323_8-1cf5cef7ab,2026-04-30T19:46:30.435Z,27.946,3,33.95,210,0,0,,,,
powertraces-pt200array_pt220_r3_7536323_8-1cf5cef7ab,2026-04-30T19:46:30.535Z,28.046,0,44.88,210,0,0,,,,
powertraces-pt200array_pt220_r3_7536323_8-1cf5cef7ab,2026-04-30T19:46:30.535Z,28.046,1,33.28,210,0,0,,,,
powertraces-pt200array_pt220_r3_7536323_8-1cf5cef7ab,2026-04-30T19:46:30.535Z,28.046,2,35.27,210,0,0,,,,
powertraces-pt200array_pt220_r3_7536323_8-1cf5cef7ab,2026-04-30T19:46:30.535Z,28.046,3,33.95,210,0,0,,,,
powertraces-pt200array_pt220_r3_7536323_8-1cf5cef7ab,2026-04-30T19:46:30.635Z,28.146,0,44.88,210,0,0,,,,
powertraces-pt200array_pt220_r3_7536323_8-1cf5cef7ab,2026-04-30T19:46:30.635Z,28.146,1,33.28,210,0,0,,,,
powertraces-pt200array_pt220_r3_7536323_8-1cf5cef7ab,2026-04-30T19:46:30.635Z,28.146,2,35.27,210,0,0,,,,
powertraces-pt200array_pt220_r3_7536323_8-1cf5cef7ab,2026-04-30T19:46:30.635Z,28.146,3,33.95,210,0,0,,,,
powertraces-pt200array_pt220_r3_7536323_8-1cf5cef7ab,2026-04-30T19:46:30.735Z,28.246,0,44.75,210,0,0,,,,
powertraces-pt200array_pt220_r3_7536323_8-1cf5cef7ab,2026-04-30T19:46:30.735Z,28.246,1,33.28,210,0,0,,,,
powertraces-pt200array_pt220_r3_7536323_8-1cf5cef7ab,2026-04-30T19:46:30.735Z,28.246,2,35.27,210,0,0,,,,
powertraces-pt200array_pt220_r3_7536323_8-1cf5cef7ab,2026-04-30T19:46:30.735Z,28.246,3,33.95,210,0,0,,,,
powertraces-pt200array_pt220_r3_7536323_8-1cf5cef7ab,2026-04-30T19:46:30.836Z,28.347,0,44.75,210,0,0,,,,
powertraces-pt200array_pt220_r3_7536323_8-1cf5cef7ab,2026-04-30T19:46:30.836Z,28.347,1,33.28,210,0,0,,,,
powertraces-pt200array_pt220_r3_7536323_8-1cf5cef7ab,2026-04-30T19:46:30.836Z,28.347,2,35.27,210,0,0,,,,
powertraces-pt200array_pt220_r3_7536323_8-1cf5cef7ab,2026-04-30T19:46:30.836Z,28.347,3,33.95,210,0,0,,,,
powertraces-pt200array_pt220_r3_7536323_8-1cf5cef7ab,2026-04-30T19:46:30.936Z,28.447,0,44.75,210,0,0,,,,
powertraces-pt200array_pt220_r3_7536323_8-1cf5cef7ab,2026-04-30T19:46:30.936Z,28.447,1,33.28,210,0,0,,,,
powertraces-pt200array_pt220_r3_7536323_8-1cf5cef7ab,2026-04-30T19:46:30.936Z,28.447,2,35.27,210,0,0,,,,
powertraces-pt200array_pt220_r3_7536323_8-1cf5cef7ab,2026-04-30T19:46:30.936Z,28.447,3,33.95,210,0,0,,,,
powertraces-pt200array_pt220_r3_7536323_8-1cf5cef7ab,2026-04-30T19:46:31.036Z,28.547,0,44.75,210,0,0,,,,
powertraces-pt200array_pt220_r3_7536323_8-1cf5cef7ab,2026-04-30T19:46:31.036Z,28.547,1,33.28,210,0,0,,,,
powertraces-pt200array_pt220_r3_7536323_8-1cf5cef7ab,2026-04-30T19:46:31.036Z,28.547,2,35.27,210,0,0,,,,
powertraces-pt200array_pt220_r3_7536323_8-1cf5cef7ab,2026-04-30T19:46:31.036Z,28.547,3,33.95,210,0,0,,,,
powertraces-pt200array_pt220_r3_7536323_8-1cf5cef7ab,2026-04-30T19:46:31.136Z,28.647,0,44.75,210,0,0,,,,
powertraces-pt200array_pt220_r3_7536323_8-1cf5cef7ab,2026-04-30T19:46:31.136Z,28.647,1,33.28,210,0,0,,,,
powertraces-pt200array_pt220_r3_7536323_8-1cf5cef7ab,2026-04-30T19:46:31.136Z,28.647,2,35.27,210,0,0,,,,
powertraces-pt200array_pt220_r3_7536323_8-1cf5cef7ab,2026-04-30T19:46:31.136Z,28.647,3,33.95,210,0,0,,,,
powertraces-pt200array_pt220_r3_7536323_8-1cf5cef7ab,2026-04-30T19:46:31.236Z,28.747,0,44.75,210,0,0,,,,
powertraces-pt200array_pt220_r3_7536323_8-1cf5cef7ab,2026-04-30T19:46:31.236Z,28.747,1,33.28,210,0,0,,,,
powertraces-pt200array_pt220_r3_7536323_8-1cf5cef7ab,2026-04-30T19:46:31.236Z,28.747,2,35.27,210,0,0,,,,
powertraces-pt200array_pt220_r3_7536323_8-1cf5cef7ab,2026-04-30T19:46:31.236Z,28.747,3,33.95,210,0,0,,,,
powertraces-pt200array_pt220_r3_7536323_8-1cf5cef7ab,2026-04-30T19:46:31.336Z,28.847,0,44.75,210,0,0,,,,
powertraces-pt200array_pt220_r3_7536323_8-1cf5cef7ab,2026-04-30T19:46:31.336Z,28.847,1,33.28,210,0,0,,,,
powertraces-pt200array_pt220_r3_7536323_8-1cf5cef7ab,2026-04-30T19:46:31.336Z,28.847,2,35.27,210,0,0,,,,
powertraces-pt200array_pt220_r3_7536323_8-1cf5cef7ab,2026-04-30T19:46:31.336Z,28.847,3,33.95,210,0,0,,,,
powertraces-pt200array_pt220_r3_7536323_8-1cf5cef7ab,2026-04-30T19:46:31.436Z,28.947,0,44.75,210,0,0,,,,
powertraces-pt200array_pt220_r3_7536323_8-1cf5cef7ab,2026-04-30T19:46:31.436Z,28.947,1,33.28,210,0,0,,,,
powertraces-pt200array_pt220_r3_7536323_8-1cf5cef7ab,2026-04-30T19:46:31.436Z,28.947,2,35.27,210,0,0,,,,
powertraces-pt200array_pt220_r3_7536323_8-1cf5cef7ab,2026-04-30T19:46:31.436Z,28.947,3,33.95,210,0,0,,,,
powertraces-pt200array_pt220_r3_7536323_8-1cf5cef7ab,2026-04-30T19:46:31.536Z,29.047,0,44.75,210,0,0,,,,
powertraces-pt200array_pt220_r3_7536323_8-1cf5cef7ab,2026-04-30T19:46:31.537Z,29.048,1,33.28,210,0,0,,,,
powertraces-pt200array_pt220_r3_7536323_8-1cf5cef7ab,2026-04-30T19:46:31.537Z,29.048,2,35.27,210,0,0,,,,
powertraces-pt200array_pt220_r3_7536323_8-1cf5cef7ab,2026-04-30T19:46:31.537Z,29.048,3,33.95,210,0,0,,,,
powertraces-pt200array_pt220_r3_7536323_8-1cf5cef7ab,2026-04-30T19:46:31.637Z,29.148,0,44.75,210,0,0,,,,
powertraces-pt200array_pt220_r3_7536323_8-1cf5cef7ab,2026-04-30T19:46:31.637Z,29.148,1,33.28,210,0,0,,,,
powertraces-pt200array_pt220_r3_7536323_8-1cf5cef7ab,2026-04-30T19:46:31.637Z,29.148,2,35.27,210,0,0,,,,
powertraces-pt200array_pt220_r3_7536323_8-1cf5cef7ab,2026-04-30T19:46:31.637Z,29.148,3,33.95,210,0,0,,,,
powertraces-pt200array_pt220_r3_7536323_8-1cf5cef7ab,2026-04-30T19:46:31.737Z,29.248,0,44.63,210,0,0,,,,
powertraces-pt200array_pt220_r3_7536323_8-1cf5cef7ab,2026-04-30T19:46:31.737Z,29.248,1,33.28,210,0,0,,,,
powertraces-pt200array_pt220_r3_7536323_8-1cf5cef7ab,2026-04-30T19:46:31.737Z,29.248,2,35.27,210,0,0,,,,
powertraces-pt200array_pt220_r3_7536323_8-1cf5cef7ab,2026-04-30T19:46:31.737Z,29.248,3,33.95,210,0,0,,,,
powertraces-pt200array_pt220_r3_7536323_8-1cf5cef7ab,2026-04-30T19:46:31.837Z,29.348,0,44.63,210,0,0,,,,
powertraces-pt200array_pt220_r3_7536323_8-1cf5cef7ab,2026-04-30T19:46:31.837Z,29.348,1,33.28,210,0,0,,,,
powertraces-pt200array_pt220_r3_7536323_8-1cf5cef7ab,2026-04-30T19:46:31.837Z,29.348,2,35.27,210,0,0,,,,
powertraces-pt200array_pt220_r3_7536323_8-1cf5cef7ab,2026-04-30T19:46:31.837Z,29.348,3,33.95,210,0,0,,,,
powertraces-pt200array_pt220_r3_7536323_8-1cf5cef7ab,2026-04-30T19:46:31.937Z,29.448,0,44.63,210,0,0,,,,
powertraces-pt200array_pt220_r3_7536323_8-1cf5cef7ab,2026-04-30T19:46:31.937Z,29.448,1,33.28,210,0,0,,,,
powertraces-pt200array_pt220_r3_7536323_8-1cf5cef7ab,2026-04-30T19:46:31.937Z,29.448,2,35.27,210,0,0,,,,
powertraces-pt200array_pt220_r3_7536323_8-1cf5cef7ab,2026-04-30T19:46:31.937Z,29.448,3,33.95,210,0,0,,,,
powertraces-pt200array_pt220_r3_7536323_8-1cf5cef7ab,2026-04-30T19:46:32.037Z,29.548,0,44.63,210,0,0,,,,
powertraces-pt200array_pt220_r3_7536323_8-1cf5cef7ab,2026-04-30T19:46:32.037Z,29.548,1,33.28,210,0,0,,,,
powertraces-pt200array_pt220_r3_7536323_8-1cf5cef7ab,2026-04-30T19:46:32.037Z,29.548,2,35.27,210,0,0,,,,
powertraces-pt200array_pt220_r3_7536323_8-1cf5cef7ab,2026-04-30T19:46:32.037Z,29.548,3,33.95,210,0,0,,,,
powertraces-pt200array_pt220_r3_7536323_8-1cf5cef7ab,2026-04-30T19:46:32.137Z,29.648,0,44.63,210,0,0,,,,
powertraces-pt200array_pt220_r3_7536323_8-1cf5cef7ab,2026-04-30T19:46:32.137Z,29.648,1,33.28,210,0,0,,,,
powertraces-pt200array_pt220_r3_7536323_8-1cf5cef7ab,2026-04-30T19:46:32.137Z,29.648,2,35.27,210,0,0,,,,
powertraces-pt200array_pt220_r3_7536323_8-1cf5cef7ab,2026-04-30T19:46:32.137Z,29.648,3,33.95,210,0,0,,,,
powertraces-pt200array_pt220_r3_7536323_8-1cf5cef7ab,2026-04-30T19:46:32.237Z,29.748,0,44.63,210,0,0,,,,
powertraces-pt200array_pt220_r3_7536323_8-1cf5cef7ab,2026-04-30T19:46:32.237Z,29.748,1,33.28,210,0,0,,,,
powertraces-pt200array_pt220_r3_7536323_8-1cf5cef7ab,2026-04-30T19:46:32.237Z,29.748,2,35.27,210,0,0,,,,
powertraces-pt200array_pt220_r3_7536323_8-1cf5cef7ab,2026-04-30T19:46:32.238Z,29.749,3,33.95,210,0,0,,,,
powertraces-pt200array_pt220_r3_7536323_8-1cf5cef7ab,2026-04-30T19:46:32.338Z,29.849,0,44.63,210,0,0,,,,
powertraces-pt200array_pt220_r3_7536323_8-1cf5cef7ab,2026-04-30T19:46:32.338Z,29.849,1,33.28,210,0,0,,,,
powertraces-pt200array_pt220_r3_7536323_8-1cf5cef7ab,2026-04-30T19:46:32.338Z,29.849,2,35.27,210,0,0,,,,
powertraces-pt200array_pt220_r3_7536323_8-1cf5cef7ab,2026-04-30T19:46:32.338Z,29.849,3,33.95,210,0,0,,,,
powertraces-pt200array_pt220_r3_7536323_8-1cf5cef7ab,2026-04-30T19:46:32.438Z,29.949,0,44.63,210,0,0,,,,
powertraces-pt200array_pt220_r3_7536323_8-1cf5cef7ab,2026-04-30T19:46:32.438Z,29.949,1,33.28,210,0,0,,,,
powertraces-pt200array_pt220_r3_7536323_8-1cf5cef7ab,2026-04-30T19:46:32.438Z,29.949,2,35.27,210,0,0,,,,
powertraces-pt200array_pt220_r3_7536323_8-1cf5cef7ab,2026-04-30T19:46:32.438Z,29.949,3,33.95,210,0,0,,,,
powertraces-pt200array_pt220_r3_7536323_8-1cf5cef7ab,2026-04-30T19:46:32.538Z,30.049,0,44.63,210,0,0,,,,
powertraces-pt200array_pt220_r3_7536323_8-1cf5cef7ab,2026-04-30T19:46:32.538Z,30.049,1,33.28,210,0,0,,,,
powertraces-pt200array_pt220_r3_7536323_8-1cf5cef7ab,2026-04-30T19:46:32.538Z,30.049,2,35.27,210,0,0,,,,
powertraces-pt200array_pt220_r3_7536323_8-1cf5cef7ab,2026-04-30T19:46:32.538Z,30.049,3,33.95,210,0,0,,,,
powertraces-pt200array_pt220_r3_7536323_8-1cf5cef7ab,2026-04-30T19:46:32.638Z,30.149,0,44.63,210,0,0,,,,
powertraces-pt200array_pt220_r3_7536323_8-1cf5cef7ab,2026-04-30T19:46:32.638Z,30.149,1,33.28,210,0,0,,,,
powertraces-pt200array_pt220_r3_7536323_8-1cf5cef7ab,2026-04-30T19:46:32.638Z,30.149,2,35.27,210,0,0,,,,
powertraces-pt200array_pt220_r3_7536323_8-1cf5cef7ab,2026-04-30T19:46:32.638Z,30.149,3,33.95,210,0,0,,,,
powertraces-pt200array_pt220_r3_7536323_8-1cf5cef7ab,2026-04-30T19:46:32.738Z,30.249,0,44.51,210,0,0,,,,
powertraces-pt200array_pt220_r3_7536323_8-1cf5cef7ab,2026-04-30T19:46:32.738Z,30.249,1,33.28,210,0,0,,,,
powertraces-pt200array_pt220_r3_7536323_8-1cf5cef7ab,2026-04-30T19:46:32.738Z,30.249,2,35.27,210,0,0,,,,
powertraces-pt200array_pt220_r3_7536323_8-1cf5cef7ab,2026-04-30T19:46:32.738Z,30.249,3,33.95,210,0,0,,,,
powertraces-pt200array_pt220_r3_7536323_8-1cf5cef7ab,2026-04-30T19:46:32.838Z,30.349,0,44.51,210,0,0,,,,
powertraces-pt200array_pt220_r3_7536323_8-1cf5cef7ab,2026-04-30T19:46:32.838Z,30.349,1,33.28,210,0,0,,,,
powertraces-pt200array_pt220_r3_7536323_8-1cf5cef7ab,2026-04-30T19:46:32.838Z,30.349,2,35.27,210,0,0,,,,
powertraces-pt200array_pt220_r3_7536323_8-1cf5cef7ab,2026-04-30T19:46:32.838Z,30.349,3,33.95,210,0,0,,,,
powertraces-pt200array_pt220_r3_7536323_8-1cf5cef7ab,2026-04-30T19:46:32.939Z,30.45,0,44.51,210,0,0,,,,
powertraces-pt200array_pt220_r3_7536323_8-1cf5cef7ab,2026-04-30T19:46:32.939Z,30.45,1,33.28,210,0,0,,,,
powertraces-pt200array_pt220_r3_7536323_8-1cf5cef7ab,2026-04-30T19:46:32.939Z,30.45,2,35.27,210,0,0,,,,
powertraces-pt200array_pt220_r3_7536323_8-1cf5cef7ab,2026-04-30T19:46:32.939Z,30.45,3,33.95,210,0,0,,,,
powertraces-pt200array_pt220_r3_7536323_8-1cf5cef7ab,2026-04-30T19:46:33.039Z,30.55,0,44.51,210,0,0,,,,
powertraces-pt200array_pt220_r3_7536323_8-1cf5cef7ab,2026-04-30T19:46:33.039Z,30.55,1,33.28,210,0,0,,,,
powertraces-pt200array_pt220_r3_7536323_8-1cf5cef7ab,2026-04-30T19:46:33.039Z,30.55,2,35.15,210,0,0,,,,
powertraces-pt200array_pt220_r3_7536323_8-1cf5cef7ab,2026-04-30T19:46:33.039Z,30.55,3,33.95,210,0,0,,,,
powertraces-pt200array_pt220_r3_7536323_8-1cf5cef7ab,2026-04-30T19:46:33.139Z,30.65,0,44.51,210,0,0,,,,
powertraces-pt200array_pt220_r3_7536323_8-1cf5cef7ab,2026-04-30T19:46:33.139Z,30.65,1,33.28,210,0,0,,,,
powertraces-pt200array_pt220_r3_7536323_8-1cf5cef7ab,2026-04-30T19:46:33.139Z,30.65,2,35.15,210,0,0,,,,
powertraces-pt200array_pt220_r3_7536323_8-1cf5cef7ab,2026-04-30T19:46:33.139Z,30.65,3,33.95,210,0,0,,,,
powertraces-pt200array_pt220_r3_7536323_8-1cf5cef7ab,2026-04-30T19:46:33.239Z,30.75,0,44.51,210,0,0,,,,
powertraces-pt200array_pt220_r3_7536323_8-1cf5cef7ab,2026-04-30T19:46:33.239Z,30.75,1,33.28,210,0,0,,,,
powertraces-pt200array_pt220_r3_7536323_8-1cf5cef7ab,2026-04-30T19:46:33.239Z,30.75,2,35.15,210,0,0,,,,
powertraces-pt200array_pt220_r3_7536323_8-1cf5cef7ab,2026-04-30T19:46:33.239Z,30.75,3,33.95,210,0,0,,,,
powertraces-pt200array_pt220_r3_7536323_8-1cf5cef7ab,2026-04-30T19:46:33.339Z,30.85,0,44.51,210,0,0,,,,
powertraces-pt200array_pt220_r3_7536323_8-1cf5cef7ab,2026-04-30T19:46:33.339Z,30.85,1,33.28,210,0,0,,,,
powertraces-pt200array_pt220_r3_7536323_8-1cf5cef7ab,2026-04-30T19:46:33.339Z,30.85,2,35.15,210,0,0,,,,
powertraces-pt200array_pt220_r3_7536323_8-1cf5cef7ab,2026-04-30T19:46:33.339Z,30.85,3,33.95,210,0,0,,,,
powertraces-pt200array_pt220_r3_7536323_8-1cf5cef7ab,2026-04-30T19:46:33.439Z,30.95,0,44.51,210,0,0,,,,
powertraces-pt200array_pt220_r3_7536323_8-1cf5cef7ab,2026-04-30T19:46:33.439Z,30.95,1,33.28,210,0,0,,,,
powertraces-pt200array_pt220_r3_7536323_8-1cf5cef7ab,2026-04-30T19:46:33.439Z,30.95,2,35.15,210,0,0,,,,
powertraces-pt200array_pt220_r3_7536323_8-1cf5cef7ab,2026-04-30T19:46:33.439Z,30.95,3,33.95,210,0,0,,,,
powertraces-pt200array_pt220_r3_7536323_8-1cf5cef7ab,2026-04-30T19:46:33.539Z,31.05,0,44.51,210,0,0,,,,
powertraces-pt200array_pt220_r3_7536323_8-1cf5cef7ab,2026-04-30T19:46:33.539Z,31.05,1,33.28,210,0,0,,,,
powertraces-pt200array_pt220_r3_7536323_8-1cf5cef7ab,2026-04-30T19:46:33.539Z,31.05,2,35.15,210,0,0,,,,
powertraces-pt200array_pt220_r3_7536323_8-1cf5cef7ab,2026-04-30T19:46:33.539Z,31.05,3,33.95,210,0,0,,,,
powertraces-pt200array_pt220_r3_7536323_8-1cf5cef7ab,2026-04-30T19:46:33.64Z,31.151,0,44.51,210,0,0,,,,
powertraces-pt200array_pt220_r3_7536323_8-1cf5cef7ab,2026-04-30T19:46:33.64Z,31.151,1,33.41,210,0,0,,,,
powertraces-pt200array_pt220_r3_7536323_8-1cf5cef7ab,2026-04-30T19:46:33.64Z,31.151,2,35.15,210,0,0,,,,
powertraces-pt200array_pt220_r3_7536323_8-1cf5cef7ab,2026-04-30T19:46:33.64Z,31.151,3,33.95,210,0,0,,,,
powertraces-pt200array_pt220_r3_7536323_8-1cf5cef7ab,2026-04-30T19:46:33.74Z,31.251,0,44.39,210,0,0,,,,
powertraces-pt200array_pt220_r3_7536323_8-1cf5cef7ab,2026-04-30T19:46:33.74Z,31.251,1,33.41,210,0,0,,,,
powertraces-pt200array_pt220_r3_7536323_8-1cf5cef7ab,2026-04-30T19:46:33.74Z,31.251,2,35.15,210,0,0,,,,
powertraces-pt200array_pt220_r3_7536323_8-1cf5cef7ab,2026-04-30T19:46:33.74Z,31.251,3,33.95,210,0,0,,,,
powertraces-pt200array_pt220_r3_7536323_8-1cf5cef7ab,2026-04-30T19:46:33.84Z,31.351,0,44.39,210,0,0,,,,
powertraces-pt200array_pt220_r3_7536323_8-1cf5cef7ab,2026-04-30T19:46:33.84Z,31.351,1,33.41,210,0,0,,,,
powertraces-pt200array_pt220_r3_7536323_8-1cf5cef7ab,2026-04-30T19:46:33.84Z,31.351,2,35.15,210,0,0,,,,
powertraces-pt200array_pt220_r3_7536323_8-1cf5cef7ab,2026-04-30T19:46:33.84Z,31.351,3,33.95,210,0,0,,,,
powertraces-pt200array_pt220_r3_7536323_8-1cf5cef7ab,2026-04-30T19:46:33.94Z,31.451,0,44.39,210,0,0,,,,
powertraces-pt200array_pt220_r3_7536323_8-1cf5cef7ab,2026-04-30T19:46:33.94Z,31.451,1,33.41,210,0,0,,,,
powertraces-pt200array_pt220_r3_7536323_8-1cf5cef7ab,2026-04-30T19:46:33.94Z,31.451,2,35.15,210,0,0,,,,
powertraces-pt200array_pt220_r3_7536323_8-1cf5cef7ab,2026-04-30T19:46:33.94Z,31.451,3,33.95,210,0,0,,,,
powertraces-pt200array_pt220_r3_7536323_8-1cf5cef7ab,2026-04-30T19:46:34.04Z,31.551,0,44.39,210,0,0,,,,
powertraces-pt200array_pt220_r3_7536323_8-1cf5cef7ab,2026-04-30T19:46:34.04Z,31.551,1,33.41,210,0,0,,,,
powertraces-pt200array_pt220_r3_7536323_8-1cf5cef7ab,2026-04-30T19:46:34.04Z,31.551,2,35.15,210,0,0,,,,
powertraces-pt200array_pt220_r3_7536323_8-1cf5cef7ab,2026-04-30T19:46:34.04Z,31.551,3,33.95,210,0,0,,,,
powertraces-pt200array_pt220_r3_7536323_8-1cf5cef7ab,2026-04-30T19:46:34.14Z,31.651,0,44.39,210,0,0,,,,
powertraces-pt200array_pt220_r3_7536323_8-1cf5cef7ab,2026-04-30T19:46:34.14Z,31.651,1,33.41,210,0,0,,,,
powertraces-pt200array_pt220_r3_7536323_8-1cf5cef7ab,2026-04-30T19:46:34.14Z,31.651,2,35.15,210,0,0,,,,
powertraces-pt200array_pt220_r3_7536323_8-1cf5cef7ab,2026-04-30T19:46:34.14Z,31.651,3,33.95,210,0,0,,,,
powertraces-pt200array_pt220_r3_7536323_8-1cf5cef7ab,2026-04-30T19:46:34.24Z,31.751,0,44.39,210,0,0,,,,
powertraces-pt200array_pt220_r3_7536323_8-1cf5cef7ab,2026-04-30T19:46:34.24Z,31.751,1,33.41,210,0,0,,,,
powertraces-pt200array_pt220_r3_7536323_8-1cf5cef7ab,2026-04-30T19:46:34.24Z,31.751,2,35.15,210,0,0,,,,
powertraces-pt200array_pt220_r3_7536323_8-1cf5cef7ab,2026-04-30T19:46:34.24Z,31.751,3,33.95,210,0,0,,,,
powertraces-pt200array_pt220_r3_7536323_8-1cf5cef7ab,2026-04-30T19:46:34.341Z,31.852,0,44.39,210,0,0,,,,
powertraces-pt200array_pt220_r3_7536323_8-1cf5cef7ab,2026-04-30T19:46:34.341Z,31.852,1,33.41,210,0,0,,,,
powertraces-pt200array_pt220_r3_7536323_8-1cf5cef7ab,2026-04-30T19:46:34.341Z,31.852,2,35.15,210,0,0,,,,
powertraces-pt200array_pt220_r3_7536323_8-1cf5cef7ab,2026-04-30T19:46:34.341Z,31.852,3,33.95,210,0,0,,,,
powertraces-pt200array_pt220_r3_7536323_8-1cf5cef7ab,2026-04-30T19:46:34.441Z,31.952,0,44.39,210,0,0,,,,
powertraces-pt200array_pt220_r3_7536323_8-1cf5cef7ab,2026-04-30T19:46:34.441Z,31.952,1,33.41,210,0,0,,,,
powertraces-pt200array_pt220_r3_7536323_8-1cf5cef7ab,2026-04-30T19:46:34.441Z,31.952,2,35.15,210,0,0,,,,
powertraces-pt200array_pt220_r3_7536323_8-1cf5cef7ab,2026-04-30T19:46:34.441Z,31.952,3,33.95,210,0,0,,,,
powertraces-pt200array_pt220_r3_7536323_8-1cf5cef7ab,2026-04-30T19:46:34.541Z,32.052,0,44.39,210,0,0,,,,
powertraces-pt200array_pt220_r3_7536323_8-1cf5cef7ab,2026-04-30T19:46:34.541Z,32.052,1,33.41,210,0,0,,,,
powertraces-pt200array_pt220_r3_7536323_8-1cf5cef7ab,2026-04-30T19:46:34.541Z,32.052,2,35.15,210,0,0,,,,
powertraces-pt200array_pt220_r3_7536323_8-1cf5cef7ab,2026-04-30T19:46:34.541Z,32.052,3,33.95,210,0,0,,,,
powertraces-pt200array_pt220_r3_7536323_8-1cf5cef7ab,2026-04-30T19:46:34.641Z,32.152,0,44.39,210,0,0,,,,
powertraces-pt200array_pt220_r3_7536323_8-1cf5cef7ab,2026-04-30T19:46:34.641Z,32.152,1,33.53,210,0,0,,,,
powertraces-pt200array_pt220_r3_7536323_8-1cf5cef7ab,2026-04-30T19:46:34.641Z,32.152,2,35.15,210,0,0,,,,
powertraces-pt200array_pt220_r3_7536323_8-1cf5cef7ab,2026-04-30T19:46:34.641Z,32.152,3,33.95,210,0,0,,,,
powertraces-pt200array_pt220_r3_7536323_8-1cf5cef7ab,2026-04-30T19:46:34.741Z,32.252,0,44.26,210,0,0,,,,
powertraces-pt200array_pt220_r3_7536323_8-1cf5cef7ab,2026-04-30T19:46:34.741Z,32.252,1,33.53,210,0,0,,,,
powertraces-pt200array_pt220_r3_7536323_8-1cf5cef7ab,2026-04-30T19:46:34.741Z,32.252,2,35.15,210,0,0,,,,
powertraces-pt200array_pt220_r3_7536323_8-1cf5cef7ab,2026-04-30T19:46:34.741Z,32.252,3,33.95,210,0,0,,,,
powertraces-pt200array_pt220_r3_7536323_8-1cf5cef7ab,2026-04-30T19:46:34.841Z,32.352,0,44.26,210,0,0,,,,
powertraces-pt200array_pt220_r3_7536323_8-1cf5cef7ab,2026-04-30T19:46:34.841Z,32.352,1,33.53,210,0,0,,,,
powertraces-pt200array_pt220_r3_7536323_8-1cf5cef7ab,2026-04-30T19:46:34.841Z,32.352,2,35.15,210,0,0,,,,
powertraces-pt200array_pt220_r3_7536323_8-1cf5cef7ab,2026-04-30T19:46:34.841Z,32.352,3,33.95,210,0,0,,,,
powertraces-pt200array_pt220_r3_7536323_8-1cf5cef7ab,2026-04-30T19:46:34.941Z,32.452,0,44.26,210,0,0,,,,
powertraces-pt200array_pt220_r3_7536323_8-1cf5cef7ab,2026-04-30T19:46:34.941Z,32.452,1,33.53,210,0,0,,,,
powertraces-pt200array_pt220_r3_7536323_8-1cf5cef7ab,2026-04-30T19:46:34.941Z,32.452,2,35.15,210,0,0,,,,
powertraces-pt200array_pt220_r3_7536323_8-1cf5cef7ab,2026-04-30T19:46:34.941Z,32.452,3,33.95,210,0,0,,,,
powertraces-pt200array_pt220_r3_7536323_8-1cf5cef7ab,2026-04-30T19:46:35.042Z,32.553,0,44.26,210,0,0,,,,
powertraces-pt200array_pt220_r3_7536323_8-1cf5cef7ab,2026-04-30T19:46:35.042Z,32.553,1,33.53,210,0,0,,,,
powertraces-pt200array_pt220_r3_7536323_8-1cf5cef7ab,2026-04-30T19:46:35.042Z,32.553,2,35.27,210,0,0,,,,
powertraces-pt200array_pt220_r3_7536323_8-1cf5cef7ab,2026-04-30T19:46:35.042Z,32.553,3,33.95,210,0,0,,,,
powertraces-pt200array_pt220_r3_7536323_8-1cf5cef7ab,2026-04-30T19:46:35.142Z,32.653,0,44.26,210,0,0,,,,
powertraces-pt200array_pt220_r3_7536323_8-1cf5cef7ab,2026-04-30T19:46:35.142Z,32.653,1,33.53,210,0,0,,,,
powertraces-pt200array_pt220_r3_7536323_8-1cf5cef7ab,2026-04-30T19:46:35.142Z,32.653,2,35.27,210,0,0,,,,
powertraces-pt200array_pt220_r3_7536323_8-1cf5cef7ab,2026-04-30T19:46:35.142Z,32.653,3,33.95,210,0,0,,,,
powertraces-pt200array_pt220_r3_7536323_8-1cf5cef7ab,2026-04-30T19:46:35.242Z,32.753,0,44.26,210,0,0,,,,
powertraces-pt200array_pt220_r3_7536323_8-1cf5cef7ab,2026-04-30T19:46:35.242Z,32.753,1,33.53,210,0,0,,,,
powertraces-pt200array_pt220_r3_7536323_8-1cf5cef7ab,2026-04-30T19:46:35.242Z,32.753,2,35.27,210,0,0,,,,
powertraces-pt200array_pt220_r3_7536323_8-1cf5cef7ab,2026-04-30T19:46:35.242Z,32.753,3,33.95,210,0,0,,,,
powertraces-pt200array_pt220_r3_7536323_8-1cf5cef7ab,2026-04-30T19:46:35.342Z,32.853,0,44.26,210,0,0,,,,
powertraces-pt200array_pt220_r3_7536323_8-1cf5cef7ab,2026-04-30T19:46:35.342Z,32.853,1,33.53,210,0,0,,,,
powertraces-pt200array_pt220_r3_7536323_8-1cf5cef7ab,2026-04-30T19:46:35.342Z,32.853,2,35.27,210,0,0,,,,
powertraces-pt200array_pt220_r3_7536323_8-1cf5cef7ab,2026-04-30T19:46:35.342Z,32.853,3,33.95,210,0,0,,,,
powertraces-pt200array_pt220_r3_7536323_8-1cf5cef7ab,2026-04-30T19:46:35.442Z,32.953,0,44.26,210,0,0,,,,
powertraces-pt200array_pt220_r3_7536323_8-1cf5cef7ab,2026-04-30T19:46:35.442Z,32.953,1,33.53,210,0,0,,,,
powertraces-pt200array_pt220_r3_7536323_8-1cf5cef7ab,2026-04-30T19:46:35.442Z,32.953,2,35.27,210,0,0,,,,
powertraces-pt200array_pt220_r3_7536323_8-1cf5cef7ab,2026-04-30T19:46:35.442Z,32.953,3,33.95,210,0,0,,,,
powertraces-pt200array_pt220_r3_7536323_8-1cf5cef7ab,2026-04-30T19:46:35.542Z,33.053,0,44.26,210,0,0,,,,
powertraces-pt200array_pt220_r3_7536323_8-1cf5cef7ab,2026-04-30T19:46:35.542Z,33.053,1,33.53,210,0,0,,,,
powertraces-pt200array_pt220_r3_7536323_8-1cf5cef7ab,2026-04-30T19:46:35.542Z,33.053,2,35.27,210,0,0,,,,
powertraces-pt200array_pt220_r3_7536323_8-1cf5cef7ab,2026-04-30T19:46:35.542Z,33.053,3,33.95,210,0,0,,,,
powertraces-pt200array_pt220_r3_7536323_8-1cf5cef7ab,2026-04-30T19:46:35.642Z,33.153,0,44.26,210,0,0,,,,
powertraces-pt200array_pt220_r3_7536323_8-1cf5cef7ab,2026-04-30T19:46:35.642Z,33.153,1,33.53,210,0,0,,,,
powertraces-pt200array_pt220_r3_7536323_8-1cf5cef7ab,2026-04-30T19:46:35.643Z,33.154,2,35.27,210,0,0,,,,
powertraces-pt200array_pt220_r3_7536323_8-1cf5cef7ab,2026-04-30T19:46:35.643Z,33.154,3,33.95,210,0,0,,,,
powertraces-pt200array_pt220_r3_7536323_8-1cf5cef7ab,2026-04-30T19:46:35.743Z,33.254,0,44.14,210,0,0,,,,
powertraces-pt200array_pt220_r3_7536323_8-1cf5cef7ab,2026-04-30T19:46:35.743Z,33.254,1,33.53,210,0,0,,,,
powertraces-pt200array_pt220_r3_7536323_8-1cf5cef7ab,2026-04-30T19:46:35.743Z,33.254,2,35.27,210,0,0,,,,
powertraces-pt200array_pt220_r3_7536323_8-1cf5cef7ab,2026-04-30T19:46:35.743Z,33.254,3,33.95,210,0,0,,,,
powertraces-pt200array_pt220_r3_7536323_8-1cf5cef7ab,2026-04-30T19:46:35.843Z,33.354,0,44.14,210,0,0,,,,
powertraces-pt200array_pt220_r3_7536323_8-1cf5cef7ab,2026-04-30T19:46:35.843Z,33.354,1,33.53,210,0,0,,,,
powertraces-pt200array_pt220_r3_7536323_8-1cf5cef7ab,2026-04-30T19:46:35.843Z,33.354,2,35.27,210,0,0,,,,
powertraces-pt200array_pt220_r3_7536323_8-1cf5cef7ab,2026-04-30T19:46:35.843Z,33.354,3,33.95,210,0,0,,,,
powertraces-pt200array_pt220_r3_7536323_8-1cf5cef7ab,2026-04-30T19:46:35.943Z,33.454,0,44.14,210,0,0,,,,
powertraces-pt200array_pt220_r3_7536323_8-1cf5cef7ab,2026-04-30T19:46:35.943Z,33.454,1,33.53,210,0,0,,,,
powertraces-pt200array_pt220_r3_7536323_8-1cf5cef7ab,2026-04-30T19:46:35.943Z,33.454,2,35.27,210,0,0,,,,
powertraces-pt200array_pt220_r3_7536323_8-1cf5cef7ab,2026-04-30T19:46:35.943Z,33.454,3,33.95,210,0,0,,,,
powertraces-pt200array_pt220_r3_7536323_8-1cf5cef7ab,2026-04-30T19:46:36.043Z,33.554,0,44.14,210,0,0,,,,
powertraces-pt200array_pt220_r3_7536323_8-1cf5cef7ab,2026-04-30T19:46:36.043Z,33.554,1,33.53,210,0,0,,,,
powertraces-pt200array_pt220_r3_7536323_8-1cf5cef7ab,2026-04-30T19:46:36.043Z,33.554,2,35.27,210,0,0,,,,
powertraces-pt200array_pt220_r3_7536323_8-1cf5cef7ab,2026-04-30T19:46:36.043Z,33.554,3,33.95,210,0,0,,,,
powertraces-pt200array_pt220_r3_7536323_8-1cf5cef7ab,2026-04-30T19:46:36.143Z,33.654,0,44.14,210,0,0,,,,
powertraces-pt200array_pt220_r3_7536323_8-1cf5cef7ab,2026-04-30T19:46:36.143Z,33.654,1,33.53,210,0,0,,,,
powertraces-pt200array_pt220_r3_7536323_8-1cf5cef7ab,2026-04-30T19:46:36.143Z,33.654,2,35.27,210,0,0,,,,
powertraces-pt200array_pt220_r3_7536323_8-1cf5cef7ab,2026-04-30T19:46:36.143Z,33.654,3,33.95,210,0,0,,,,
powertraces-pt200array_pt220_r3_7536323_8-1cf5cef7ab,2026-04-30T19:46:36.243Z,33.754,0,44.14,210,0,0,,,,
powertraces-pt200array_pt220_r3_7536323_8-1cf5cef7ab,2026-04-30T19:46:36.243Z,33.754,1,33.53,210,0,0,,,,
powertraces-pt200array_pt220_r3_7536323_8-1cf5cef7ab,2026-04-30T19:46:36.243Z,33.754,2,35.27,210,0,0,,,,
powertraces-pt200array_pt220_r3_7536323_8-1cf5cef7ab,2026-04-30T19:46:36.243Z,33.754,3,33.95,210,0,0,,,,
powertraces-pt200array_pt220_r3_7536323_8-1cf5cef7ab,2026-04-30T19:46:36.344Z,33.855,0,44.14,210,0,0,,,,
powertraces-pt200array_pt220_r3_7536323_8-1cf5cef7ab,2026-04-30T19:46:36.344Z,33.855,1,33.53,210,0,0,,,,
powertraces-pt200array_pt220_r3_7536323_8-1cf5cef7ab,2026-04-30T19:46:36.344Z,33.855,2,35.27,210,0,0,,,,
powertraces-pt200array_pt220_r3_7536323_8-1cf5cef7ab,2026-04-30T19:46:36.344Z,33.855,3,33.95,210,0,0,,,,
powertraces-pt200array_pt220_r3_7536323_8-1cf5cef7ab,2026-04-30T19:46:36.444Z,33.955,0,44.14,210,0,0,,,,
powertraces-pt200array_pt220_r3_7536323_8-1cf5cef7ab,2026-04-30T19:46:36.444Z,33.955,1,33.53,210,0,0,,,,
powertraces-pt200array_pt220_r3_7536323_8-1cf5cef7ab,2026-04-30T19:46:36.444Z,33.955,2,35.27,210,0,0,,,,
powertraces-pt200array_pt220_r3_7536323_8-1cf5cef7ab,2026-04-30T19:46:36.444Z,33.955,3,33.95,210,0,0,,,,
powertraces-pt200array_pt220_r3_7536323_8-1cf5cef7ab,2026-04-30T19:46:36.544Z,34.055,0,44.14,210,0,0,,,,
powertraces-pt200array_pt220_r3_7536323_8-1cf5cef7ab,2026-04-30T19:46:36.544Z,34.055,1,33.53,210,0,0,,,,
powertraces-pt200array_pt220_r3_7536323_8-1cf5cef7ab,2026-04-30T19:46:36.544Z,34.055,2,35.27,210,0,0,,,,
powertraces-pt200array_pt220_r3_7536323_8-1cf5cef7ab,2026-04-30T19:46:36.544Z,34.055,3,33.95,210,0,0,,,,
powertraces-pt200array_pt220_r3_7536323_8-1cf5cef7ab,2026-04-30T19:46:36.644Z,34.155,0,44.14,210,0,0,,,,
powertraces-pt200array_pt220_r3_7536323_8-1cf5cef7ab,2026-04-30T19:46:36.644Z,34.155,1,33.53,210,0,0,,,,
powertraces-pt200array_pt220_r3_7536323_8-1cf5cef7ab,2026-04-30T19:46:36.644Z,34.155,2,35.27,210,0,0,,,,
powertraces-pt200array_pt220_r3_7536323_8-1cf5cef7ab,2026-04-30T19:46:36.644Z,34.155,3,33.95,210,0,0,,,,
powertraces-pt200array_pt220_r3_7536323_8-1cf5cef7ab,2026-04-30T19:46:36.744Z,34.255,0,44.14,210,0,0,,,,
powertraces-pt200array_pt220_r3_7536323_8-1cf5cef7ab,2026-04-30T19:46:36.744Z,34.255,1,33.53,210,0,0,,,,
powertraces-pt200array_pt220_r3_7536323_8-1cf5cef7ab,2026-04-30T19:46:36.744Z,34.255,2,35.27,210,0,0,,,,
powertraces-pt200array_pt220_r3_7536323_8-1cf5cef7ab,2026-04-30T19:46:36.744Z,34.255,3,33.95,210,0,0,,,,
powertraces-pt200array_pt220_r3_7536323_8-1cf5cef7ab,2026-04-30T19:46:36.844Z,34.355,0,44.14,210,0,0,,,,
powertraces-pt200array_pt220_r3_7536323_8-1cf5cef7ab,2026-04-30T19:46:36.844Z,34.355,1,33.53,210,0,0,,,,
powertraces-pt200array_pt220_r3_7536323_8-1cf5cef7ab,2026-04-30T19:46:36.844Z,34.355,2,35.27,210,0,0,,,,
powertraces-pt200array_pt220_r3_7536323_8-1cf5cef7ab,2026-04-30T19:46:36.844Z,34.355,3,33.95,210,0,0,,,,
powertraces-pt200array_pt220_r3_7536323_8-1cf5cef7ab,2026-04-30T19:46:36.944Z,34.455,0,44.14,210,0,0,,,,
powertraces-pt200array_pt220_r3_7536323_8-1cf5cef7ab,2026-04-30T19:46:36.944Z,34.455,1,33.53,210,0,0,,,,
powertraces-pt200array_pt220_r3_7536323_8-1cf5cef7ab,2026-04-30T19:46:36.945Z,34.456,2,35.27,210,0,0,,,,
powertraces-pt200array_pt220_r3_7536323_8-1cf5cef7ab,2026-04-30T19:46:36.945Z,34.456,3,33.95,210,0,0,,,,
powertraces-pt200array_pt220_r3_7536323_8-1cf5cef7ab,2026-04-30T19:46:37.045Z,34.556,0,44.14,210,0,0,,,,
powertraces-pt200array_pt220_r3_7536323_8-1cf5cef7ab,2026-04-30T19:46:37.045Z,34.556,1,33.53,210,0,0,,,,
powertraces-pt200array_pt220_r3_7536323_8-1cf5cef7ab,2026-04-30T19:46:37.045Z,34.556,2,35.27,210,0,0,,,,
powertraces-pt200array_pt220_r3_7536323_8-1cf5cef7ab,2026-04-30T19:46:37.045Z,34.556,3,33.95,210,0,0,,,,
powertraces-pt200array_pt220_r3_7536323_8-1cf5cef7ab,2026-04-30T19:46:37.145Z,34.656,0,44.14,210,0,0,,,,
powertraces-pt200array_pt220_r3_7536323_8-1cf5cef7ab,2026-04-30T19:46:37.145Z,34.656,1,33.53,210,0,0,,,,
powertraces-pt200array_pt220_r3_7536323_8-1cf5cef7ab,2026-04-30T19:46:37.145Z,34.656,2,35.27,210,0,0,,,,
powertraces-pt200array_pt220_r3_7536323_8-1cf5cef7ab,2026-04-30T19:46:37.145Z,34.656,3,33.95,210,0,0,,,,
powertraces-pt200array_pt220_r3_7536323_8-1cf5cef7ab,2026-04-30T19:46:37.245Z,34.756,0,44.14,210,0,0,,,,
powertraces-pt200array_pt220_r3_7536323_8-1cf5cef7ab,2026-04-30T19:46:37.245Z,34.756,1,33.53,210,0,0,,,,
powertraces-pt200array_pt220_r3_7536323_8-1cf5cef7ab,2026-04-30T19:46:37.245Z,34.756,2,35.27,210,0,0,,,,
powertraces-pt200array_pt220_r3_7536323_8-1cf5cef7ab,2026-04-30T19:46:37.245Z,34.756,3,33.95,210,0,0,,,,
powertraces-pt200array_pt220_r3_7536323_8-1cf5cef7ab,2026-04-30T19:46:37.345Z,34.856,0,44.14,210,0,0,,,,
powertraces-pt200array_pt220_r3_7536323_8-1cf5cef7ab,2026-04-30T19:46:37.345Z,34.856,1,33.53,210,0,0,,,,
powertraces-pt200array_pt220_r3_7536323_8-1cf5cef7ab,2026-04-30T19:46:37.345Z,34.856,2,35.27,210,0,0,,,,
powertraces-pt200array_pt220_r3_7536323_8-1cf5cef7ab,2026-04-30T19:46:37.345Z,34.856,3,33.95,210,0,0,,,,
powertraces-pt200array_pt220_r3_7536323_8-1cf5cef7ab,2026-04-30T19:46:37.445Z,34.956,0,44.14,210,0,0,,,,
powertraces-pt200array_pt220_r3_7536323_8-1cf5cef7ab,2026-04-30T19:46:37.445Z,34.956,1,33.53,210,0,0,,,,
powertraces-pt200array_pt220_r3_7536323_8-1cf5cef7ab,2026-04-30T19:46:37.445Z,34.956,2,35.27,210,0,0,,,,
powertraces-pt200array_pt220_r3_7536323_8-1cf5cef7ab,2026-04-30T19:46:37.445Z,34.956,3,33.95,210,0,0,,,,
powertraces-pt200array_pt220_r3_7536323_8-1cf5cef7ab,2026-04-30T19:46:37.545Z,35.056,0,44.14,210,0,0,,,,
powertraces-pt200array_pt220_r3_7536323_8-1cf5cef7ab,2026-04-30T19:46:37.545Z,35.056,1,33.53,210,0,0,,,,
powertraces-pt200array_pt220_r3_7536323_8-1cf5cef7ab,2026-04-30T19:46:37.545Z,35.056,2,35.27,210,0,0,,,,
powertraces-pt200array_pt220_r3_7536323_8-1cf5cef7ab,2026-04-30T19:46:37.546Z,35.057,3,33.95,210,0,0,,,,
powertraces-pt200array_pt220_r3_7536323_8-1cf5cef7ab,2026-04-30T19:46:37.646Z,35.157,0,44.14,210,0,0,,,,
powertraces-pt200array_pt220_r3_7536323_8-1cf5cef7ab,2026-04-30T19:46:37.646Z,35.157,1,33.53,210,0,0,,,,
powertraces-pt200array_pt220_r3_7536323_8-1cf5cef7ab,2026-04-30T19:46:37.646Z,35.157,2,35.27,210,0,0,,,,
powertraces-pt200array_pt220_r3_7536323_8-1cf5cef7ab,2026-04-30T19:46:37.646Z,35.157,3,33.95,210,0,0,,,,
powertraces-pt200array_pt220_r3_7536323_8-1cf5cef7ab,2026-04-30T19:46:37.746Z,35.257,0,44.02,210,0,0,,,,
powertraces-pt200array_pt220_r3_7536323_8-1cf5cef7ab,2026-04-30T19:46:37.746Z,35.257,1,33.53,210,0,0,,,,
powertraces-pt200array_pt220_r3_7536323_8-1cf5cef7ab,2026-04-30T19:46:37.746Z,35.257,2,35.27,210,0,0,,,,
powertraces-pt200array_pt220_r3_7536323_8-1cf5cef7ab,2026-04-30T19:46:37.746Z,35.257,3,33.95,210,0,0,,,,
powertraces-pt200array_pt220_r3_7536323_8-1cf5cef7ab,2026-04-30T19:46:37.846Z,35.357,0,44.02,210,0,0,,,,
powertraces-pt200array_pt220_r3_7536323_8-1cf5cef7ab,2026-04-30T19:46:37.846Z,35.357,1,33.53,210,0,0,,,,
powertraces-pt200array_pt220_r3_7536323_8-1cf5cef7ab,2026-04-30T19:46:37.846Z,35.357,2,35.27,210,0,0,,,,
powertraces-pt200array_pt220_r3_7536323_8-1cf5cef7ab,2026-04-30T19:46:37.846Z,35.357,3,33.95,210,0,0,,,,
powertraces-pt200array_pt220_r3_7536323_8-1cf5cef7ab,2026-04-30T19:46:37.946Z,35.457,0,44.02,210,0,0,,,,
powertraces-pt200array_pt220_r3_7536323_8-1cf5cef7ab,2026-04-30T19:46:37.946Z,35.457,1,33.53,210,0,0,,,,
powertraces-pt200array_pt220_r3_7536323_8-1cf5cef7ab,2026-04-30T19:46:37.946Z,35.457,2,35.27,210,0,0,,,,
powertraces-pt200array_pt220_r3_7536323_8-1cf5cef7ab,2026-04-30T19:46:37.946Z,35.457,3,33.95,210,0,0,,,,
powertraces-pt200array_pt220_r3_7536323_8-1cf5cef7ab,2026-04-30T19:46:38.046Z,35.557,0,44.02,210,0,0,,,,
powertraces-pt200array_pt220_r3_7536323_8-1cf5cef7ab,2026-04-30T19:46:38.046Z,35.557,1,33.53,210,0,0,,,,
powertraces-pt200array_pt220_r3_7536323_8-1cf5cef7ab,2026-04-30T19:46:38.046Z,35.557,2,35.22,210,0,0,,,,
powertraces-pt200array_pt220_r3_7536323_8-1cf5cef7ab,2026-04-30T19:46:38.046Z,35.557,3,33.95,210,0,0,,,,
powertraces-pt200array_pt220_r3_7536323_8-1cf5cef7ab,2026-04-30T19:46:38.146Z,35.657,0,44.02,210,0,0,,,,
powertraces-pt200array_pt220_r3_7536323_8-1cf5cef7ab,2026-04-30T19:46:38.146Z,35.657,1,33.53,210,0,0,,,,
powertraces-pt200array_pt220_r3_7536323_8-1cf5cef7ab,2026-04-30T19:46:38.146Z,35.657,2,35.22,210,0,0,,,,
powertraces-pt200array_pt220_r3_7536323_8-1cf5cef7ab,2026-04-30T19:46:38.146Z,35.657,3,33.95,210,0,0,,,,
powertraces-pt200array_pt220_r3_7536323_8-1cf5cef7ab,2026-04-30T19:46:38.246Z,35.757,0,44.02,210,0,0,,,,
powertraces-pt200array_pt220_r3_7536323_8-1cf5cef7ab,2026-04-30T19:46:38.246Z,35.757,1,33.53,210,0,0,,,,
powertraces-pt200array_pt220_r3_7536323_8-1cf5cef7ab,2026-04-30T19:46:38.246Z,35.757,2,35.22,210,0,0,,,,
powertraces-pt200array_pt220_r3_7536323_8-1cf5cef7ab,2026-04-30T19:46:38.246Z,35.757,3,33.95,210,0,0,,,,
powertraces-pt200array_pt220_r3_7536323_8-1cf5cef7ab,2026-04-30T19:46:38.347Z,35.858,0,44.02,210,0,0,,,,
powertraces-pt200array_pt220_r3_7536323_8-1cf5cef7ab,2026-04-30T19:46:38.347Z,35.858,1,33.53,210,0,0,,,,
powertraces-pt200array_pt220_r3_7536323_8-1cf5cef7ab,2026-04-30T19:46:38.347Z,35.858,2,35.22,210,0,0,,,,
powertraces-pt200array_pt220_r3_7536323_8-1cf5cef7ab,2026-04-30T19:46:38.347Z,35.858,3,33.95,210,0,0,,,,
powertraces-pt200array_pt220_r3_7536323_8-1cf5cef7ab,2026-04-30T19:46:38.447Z,35.958,0,44.02,210,0,0,,,,
powertraces-pt200array_pt220_r3_7536323_8-1cf5cef7ab,2026-04-30T19:46:38.447Z,35.958,1,33.53,210,0,0,,,,
powertraces-pt200array_pt220_r3_7536323_8-1cf5cef7ab,2026-04-30T19:46:38.447Z,35.958,2,35.22,210,0,0,,,,
powertraces-pt200array_pt220_r3_7536323_8-1cf5cef7ab,2026-04-30T19:46:38.447Z,35.958,3,33.95,210,0,0,,,,
powertraces-pt200array_pt220_r3_7536323_8-1cf5cef7ab,2026-04-30T19:46:38.547Z,36.058,0,44.02,210,0,0,,,,
powertraces-pt200array_pt220_r3_7536323_8-1cf5cef7ab,2026-04-30T19:46:38.547Z,36.058,1,33.53,210,0,0,,,,
powertraces-pt200array_pt220_r3_7536323_8-1cf5cef7ab,2026-04-30T19:46:38.547Z,36.058,2,35.22,210,0,0,,,,
powertraces-pt200array_pt220_r3_7536323_8-1cf5cef7ab,2026-04-30T19:46:38.547Z,36.058,3,33.95,210,0,0,,,,
powertraces-pt200array_pt220_r3_7536323_8-1cf5cef7ab,2026-04-30T19:46:38.647Z,36.158,0,44.02,210,0,0,,,,
powertraces-pt200array_pt220_r3_7536323_8-1cf5cef7ab,2026-04-30T19:46:38.647Z,36.158,1,33.53,210,0,0,,,,
powertraces-pt200array_pt220_r3_7536323_8-1cf5cef7ab,2026-04-30T19:46:38.647Z,36.158,2,35.22,210,0,0,,,,
powertraces-pt200array_pt220_r3_7536323_8-1cf5cef7ab,2026-04-30T19:46:38.647Z,36.158,3,33.95,210,0,0,,,,
powertraces-pt200array_pt220_r3_7536323_8-1cf5cef7ab,2026-04-30T19:46:38.747Z,36.258,0,43.9,210,0,0,,,,
powertraces-pt200array_pt220_r3_7536323_8-1cf5cef7ab,2026-04-30T19:46:38.747Z,36.258,1,33.53,210,0,0,,,,
powertraces-pt200array_pt220_r3_7536323_8-1cf5cef7ab,2026-04-30T19:46:38.747Z,36.258,2,35.22,210,0,0,,,,
powertraces-pt200array_pt220_r3_7536323_8-1cf5cef7ab,2026-04-30T19:46:38.747Z,36.258,3,33.95,210,0,0,,,,
powertraces-pt200array_pt220_r3_7536323_8-1cf5cef7ab,2026-04-30T19:46:38.847Z,36.358,0,43.9,210,0,0,,,,
powertraces-pt200array_pt220_r3_7536323_8-1cf5cef7ab,2026-04-30T19:46:38.847Z,36.358,1,33.53,210,0,0,,,,
powertraces-pt200array_pt220_r3_7536323_8-1cf5cef7ab,2026-04-30T19:46:38.847Z,36.358,2,35.22,210,0,0,,,,
powertraces-pt200array_pt220_r3_7536323_8-1cf5cef7ab,2026-04-30T19:46:38.847Z,36.358,3,33.95,210,0,0,,,,
powertraces-pt200array_pt220_r3_7536323_8-1cf5cef7ab,2026-04-30T19:46:38.947Z,36.458,0,43.9,210,0,0,,,,
powertraces-pt200array_pt220_r3_7536323_8-1cf5cef7ab,2026-04-30T19:46:38.947Z,36.458,1,33.53,210,0,0,,,,
powertraces-pt200array_pt220_r3_7536323_8-1cf5cef7ab,2026-04-30T19:46:38.947Z,36.458,2,35.22,210,0,0,,,,
powertraces-pt200array_pt220_r3_7536323_8-1cf5cef7ab,2026-04-30T19:46:38.947Z,36.458,3,33.95,210,0,0,,,,
powertraces-pt200array_pt220_r3_7536323_8-1cf5cef7ab,2026-04-30T19:46:39.048Z,36.559,0,43.9,210,0,0,,,,
powertraces-pt200array_pt220_r3_7536323_8-1cf5cef7ab,2026-04-30T19:46:39.048Z,36.559,1,33.53,210,0,0,,,,
powertraces-pt200array_pt220_r3_7536323_8-1cf5cef7ab,2026-04-30T19:46:39.048Z,36.559,2,35.22,210,0,0,,,,
powertraces-pt200array_pt220_r3_7536323_8-1cf5cef7ab,2026-04-30T19:46:39.048Z,36.559,3,33.95,210,0,0,,,,
powertraces-pt200array_pt220_r3_7536323_8-1cf5cef7ab,2026-04-30T19:46:39.148Z,36.659,0,43.9,210,0,0,,,,
powertraces-pt200array_pt220_r3_7536323_8-1cf5cef7ab,2026-04-30T19:46:39.148Z,36.659,1,33.53,210,0,0,,,,
powertraces-pt200array_pt220_r3_7536323_8-1cf5cef7ab,2026-04-30T19:46:39.148Z,36.659,2,35.22,210,0,0,,,,
powertraces-pt200array_pt220_r3_7536323_8-1cf5cef7ab,2026-04-30T19:46:39.148Z,36.659,3,33.95,210,0,0,,,,
powertraces-pt200array_pt220_r3_7536323_8-1cf5cef7ab,2026-04-30T19:46:39.248Z,36.759,0,43.9,210,0,0,,,,
powertraces-pt200array_pt220_r3_7536323_8-1cf5cef7ab,2026-04-30T19:46:39.248Z,36.759,1,33.53,210,0,0,,,,
powertraces-pt200array_pt220_r3_7536323_8-1cf5cef7ab,2026-04-30T19:46:39.248Z,36.759,2,35.22,210,0,0,,,,
powertraces-pt200array_pt220_r3_7536323_8-1cf5cef7ab,2026-04-30T19:46:39.248Z,36.759,3,33.95,210,0,0,,,,
powertraces-pt200array_pt220_r3_7536323_8-1cf5cef7ab,2026-04-30T19:46:39.348Z,36.859,0,43.9,210,0,0,,,,
powertraces-pt200array_pt220_r3_7536323_8-1cf5cef7ab,2026-04-30T19:46:39.348Z,36.859,1,33.53,210,0,0,,,,
powertraces-pt200array_pt220_r3_7536323_8-1cf5cef7ab,2026-04-30T19:46:39.348Z,36.859,2,35.22,210,0,0,,,,
powertraces-pt200array_pt220_r3_7536323_8-1cf5cef7ab,2026-04-30T19:46:39.348Z,36.859,3,33.95,210,0,0,,,,
powertraces-pt200array_pt220_r3_7536323_8-1cf5cef7ab,2026-04-30T19:46:39.448Z,36.959,0,43.9,210,0,0,,,,
powertraces-pt200array_pt220_r3_7536323_8-1cf5cef7ab,2026-04-30T19:46:39.448Z,36.959,1,33.53,210,0,0,,,,
powertraces-pt200array_pt220_r3_7536323_8-1cf5cef7ab,2026-04-30T19:46:39.448Z,36.959,2,35.22,210,0,0,,,,
powertraces-pt200array_pt220_r3_7536323_8-1cf5cef7ab,2026-04-30T19:46:39.448Z,36.959,3,33.95,210,0,0,,,,
powertraces-pt200array_pt220_r3_7536323_8-1cf5cef7ab,2026-04-30T19:46:39.548Z,37.059,0,43.9,210,0,0,,,,
powertraces-pt200array_pt220_r3_7536323_8-1cf5cef7ab,2026-04-30T19:46:39.548Z,37.059,1,33.53,210,0,0,,,,
powertraces-pt200array_pt220_r3_7536323_8-1cf5cef7ab,2026-04-30T19:46:39.548Z,37.059,2,35.22,210,0,0,,,,
powertraces-pt200array_pt220_r3_7536323_8-1cf5cef7ab,2026-04-30T19:46:39.548Z,37.059,3,33.95,210,0,0,,,,
powertraces-pt200array_pt220_r3_7536323_8-1cf5cef7ab,2026-04-30T19:46:39.648Z,37.159,0,43.9,210,0,0,,,,
powertraces-pt200array_pt220_r3_7536323_8-1cf5cef7ab,2026-04-30T19:46:39.648Z,37.159,1,33.53,210,0,0,,,,
powertraces-pt200array_pt220_r3_7536323_8-1cf5cef7ab,2026-04-30T19:46:39.648Z,37.159,2,35.22,210,0,0,,,,
powertraces-pt200array_pt220_r3_7536323_8-1cf5cef7ab,2026-04-30T19:46:39.648Z,37.159,3,33.95,210,0,0,,,,
powertraces-pt200array_pt220_r3_7536323_8-1cf5cef7ab,2026-04-30T19:46:39.749Z,37.26,0,43.9,210,0,0,,,,
powertraces-pt200array_pt220_r3_7536323_8-1cf5cef7ab,2026-04-30T19:46:39.749Z,37.26,1,33.53,210,0,0,,,,
powertraces-pt200array_pt220_r3_7536323_8-1cf5cef7ab,2026-04-30T19:46:39.749Z,37.26,2,35.22,210,0,0,,,,
powertraces-pt200array_pt220_r3_7536323_8-1cf5cef7ab,2026-04-30T19:46:39.749Z,37.26,3,33.95,210,0,0,,,,
powertraces-pt200array_pt220_r3_7536323_8-1cf5cef7ab,2026-04-30T19:46:39.849Z,37.36,0,43.9,210,0,0,,,,
powertraces-pt200array_pt220_r3_7536323_8-1cf5cef7ab,2026-04-30T19:46:39.849Z,37.36,1,33.53,210,0,0,,,,
powertraces-pt200array_pt220_r3_7536323_8-1cf5cef7ab,2026-04-30T19:46:39.849Z,37.36,2,35.22,210,0,0,,,,
powertraces-pt200array_pt220_r3_7536323_8-1cf5cef7ab,2026-04-30T19:46:39.849Z,37.36,3,33.95,210,0,0,,,,
powertraces-pt200array_pt220_r3_7536323_8-1cf5cef7ab,2026-04-30T19:46:39.949Z,37.46,0,43.9,210,0,0,,,,
powertraces-pt200array_pt220_r3_7536323_8-1cf5cef7ab,2026-04-30T19:46:39.949Z,37.46,1,33.53,210,0,0,,,,
powertraces-pt200array_pt220_r3_7536323_8-1cf5cef7ab,2026-04-30T19:46:39.949Z,37.46,2,35.22,210,0,0,,,,
powertraces-pt200array_pt220_r3_7536323_8-1cf5cef7ab,2026-04-30T19:46:39.949Z,37.46,3,33.95,210,0,0,,,,
powertraces-pt200array_pt220_r3_7536323_8-1cf5cef7ab,2026-04-30T19:46:40.049Z,37.56,0,43.9,210,0,0,,,,
powertraces-pt200array_pt220_r3_7536323_8-1cf5cef7ab,2026-04-30T19:46:40.049Z,37.56,1,33.53,210,0,0,,,,
powertraces-pt200array_pt220_r3_7536323_8-1cf5cef7ab,2026-04-30T19:46:40.049Z,37.56,2,35.27,210,0,0,,,,
powertraces-pt200array_pt220_r3_7536323_8-1cf5cef7ab,2026-04-30T19:46:40.049Z,37.56,3,33.95,210,0,0,,,,
powertraces-pt200array_pt220_r3_7536323_8-1cf5cef7ab,2026-04-30T19:46:40.149Z,37.66,0,43.9,210,0,0,,,,
powertraces-pt200array_pt220_r3_7536323_8-1cf5cef7ab,2026-04-30T19:46:40.149Z,37.66,1,33.53,210,0,0,,,,
powertraces-pt200array_pt220_r3_7536323_8-1cf5cef7ab,2026-04-30T19:46:40.149Z,37.66,2,35.27,210,0,0,,,,
powertraces-pt200array_pt220_r3_7536323_8-1cf5cef7ab,2026-04-30T19:46:40.149Z,37.66,3,33.95,210,0,0,,,,
powertraces-pt200array_pt220_r3_7536323_8-1cf5cef7ab,2026-04-30T19:46:40.249Z,37.76,0,43.9,210,0,0,,,,
powertraces-pt200array_pt220_r3_7536323_8-1cf5cef7ab,2026-04-30T19:46:40.249Z,37.76,1,33.53,210,0,0,,,,
powertraces-pt200array_pt220_r3_7536323_8-1cf5cef7ab,2026-04-30T19:46:40.249Z,37.76,2,35.27,210,0,0,,,,
powertraces-pt200array_pt220_r3_7536323_8-1cf5cef7ab,2026-04-30T19:46:40.249Z,37.76,3,33.95,210,0,0,,,,
powertraces-pt200array_pt220_r3_7536323_8-1cf5cef7ab,2026-04-30T19:46:40.349Z,37.86,0,43.9,210,0,0,,,,
powertraces-pt200array_pt220_r3_7536323_8-1cf5cef7ab,2026-04-30T19:46:40.349Z,37.86,1,33.53,210,0,0,,,,
powertraces-pt200array_pt220_r3_7536323_8-1cf5cef7ab,2026-04-30T19:46:40.349Z,37.86,2,35.27,210,0,0,,,,
powertraces-pt200array_pt220_r3_7536323_8-1cf5cef7ab,2026-04-30T19:46:40.349Z,37.86,3,33.95,210,0,0,,,,
powertraces-pt200array_pt220_r3_7536323_8-1cf5cef7ab,2026-04-30T19:46:40.449Z,37.96,0,43.9,210,0,0,,,,
powertraces-pt200array_pt220_r3_7536323_8-1cf5cef7ab,2026-04-30T19:46:40.449Z,37.96,1,33.53,210,0,0,,,,
powertraces-pt200array_pt220_r3_7536323_8-1cf5cef7ab,2026-04-30T19:46:40.449Z,37.96,2,35.27,210,0,0,,,,
powertraces-pt200array_pt220_r3_7536323_8-1cf5cef7ab,2026-04-30T19:46:40.449Z,37.96,3,33.95,210,0,0,,,,
powertraces-pt200array_pt220_r3_7536323_8-1cf5cef7ab,2026-04-30T19:46:40.55Z,38.061,0,43.9,210,0,0,,,,
powertraces-pt200array_pt220_r3_7536323_8-1cf5cef7ab,2026-04-30T19:46:40.55Z,38.061,1,33.53,210,0,0,,,,
powertraces-pt200array_pt220_r3_7536323_8-1cf5cef7ab,2026-04-30T19:46:40.55Z,38.061,2,35.27,210,0,0,,,,
powertraces-pt200array_pt220_r3_7536323_8-1cf5cef7ab,2026-04-30T19:46:40.55Z,38.061,3,33.95,210,0,0,,,,
powertraces-pt200array_pt220_r3_7536323_8-1cf5cef7ab,2026-04-30T19:46:40.65Z,38.161,0,43.9,210,0,0,,,,
powertraces-pt200array_pt220_r3_7536323_8-1cf5cef7ab,2026-04-30T19:46:40.65Z,38.161,1,33.53,210,0,0,,,,
powertraces-pt200array_pt220_r3_7536323_8-1cf5cef7ab,2026-04-30T19:46:40.65Z,38.161,2,35.27,210,0,0,,,,
powertraces-pt200array_pt220_r3_7536323_8-1cf5cef7ab,2026-04-30T19:46:40.65Z,38.161,3,33.95,210,0,0,,,,
powertraces-pt200array_pt220_r3_7536323_8-1cf5cef7ab,2026-04-30T19:46:40.75Z,38.261,0,43.9,210,0,0,,,,
powertraces-pt200array_pt220_r3_7536323_8-1cf5cef7ab,2026-04-30T19:46:40.75Z,38.261,1,33.53,210,0,0,,,,
powertraces-pt200array_pt220_r3_7536323_8-1cf5cef7ab,2026-04-30T19:46:40.75Z,38.261,2,35.27,210,0,0,,,,
powertraces-pt200array_pt220_r3_7536323_8-1cf5cef7ab,2026-04-30T19:46:40.75Z,38.261,3,33.95,210,0,0,,,,
powertraces-pt200array_pt220_r3_7536323_8-1cf5cef7ab,2026-04-30T19:46:40.85Z,38.361,0,43.9,210,0,0,,,,
powertraces-pt200array_pt220_r3_7536323_8-1cf5cef7ab,2026-04-30T19:46:40.85Z,38.361,1,33.53,210,0,0,,,,
powertraces-pt200array_pt220_r3_7536323_8-1cf5cef7ab,2026-04-30T19:46:40.85Z,38.361,2,35.27,210,0,0,,,,
powertraces-pt200array_pt220_r3_7536323_8-1cf5cef7ab,2026-04-30T19:46:40.85Z,38.361,3,33.95,210,0,0,,,,
powertraces-pt200array_pt220_r3_7536323_8-1cf5cef7ab,2026-04-30T19:46:40.95Z,38.461,0,43.9,210,0,0,,,,
powertraces-pt200array_pt220_r3_7536323_8-1cf5cef7ab,2026-04-30T19:46:40.95Z,38.461,1,33.53,210,0,0,,,,
powertraces-pt200array_pt220_r3_7536323_8-1cf5cef7ab,2026-04-30T19:46:40.95Z,38.461,2,35.27,210,0,0,,,,
powertraces-pt200array_pt220_r3_7536323_8-1cf5cef7ab,2026-04-30T19:46:40.95Z,38.461,3,33.95,210,0,0,,,,
powertraces-pt200array_pt220_r3_7536323_8-1cf5cef7ab,2026-04-30T19:46:41.05Z,38.561,0,43.9,210,0,0,,,,
powertraces-pt200array_pt220_r3_7536323_8-1cf5cef7ab,2026-04-30T19:46:41.05Z,38.561,1,33.53,210,0,0,,,,
powertraces-pt200array_pt220_r3_7536323_8-1cf5cef7ab,2026-04-30T19:46:41.05Z,38.561,2,35.27,210,0,0,,,,
powertraces-pt200array_pt220_r3_7536323_8-1cf5cef7ab,2026-04-30T19:46:41.05Z,38.561,3,33.95,210,0,0,,,,
powertraces-pt200array_pt220_r3_7536323_8-1cf5cef7ab,2026-04-30T19:46:41.15Z,38.661,0,43.9,210,0,0,,,,
powertraces-pt200array_pt220_r3_7536323_8-1cf5cef7ab,2026-04-30T19:46:41.15Z,38.661,1,33.53,210,0,0,,,,
powertraces-pt200array_pt220_r3_7536323_8-1cf5cef7ab,2026-04-30T19:46:41.15Z,38.661,2,35.27,210,0,0,,,,
powertraces-pt200array_pt220_r3_7536323_8-1cf5cef7ab,2026-04-30T19:46:41.15Z,38.661,3,33.95,210,0,0,,,,
powertraces-pt200array_pt220_r3_7536323_8-1cf5cef7ab,2026-04-30T19:46:41.25Z,38.761,0,43.9,210,0,0,,,,
powertraces-pt200array_pt220_r3_7536323_8-1cf5cef7ab,2026-04-30T19:46:41.251Z,38.762,1,33.53,210,0,0,,,,
powertraces-pt200array_pt220_r3_7536323_8-1cf5cef7ab,2026-04-30T19:46:41.251Z,38.762,2,35.27,210,0,0,,,,
powertraces-pt200array_pt220_r3_7536323_8-1cf5cef7ab,2026-04-30T19:46:41.251Z,38.762,3,33.95,210,0,0,,,,
powertraces-pt200array_pt220_r3_7536323_8-1cf5cef7ab,2026-04-30T19:46:41.351Z,38.862,0,43.9,210,0,0,,,,
powertraces-pt200array_pt220_r3_7536323_8-1cf5cef7ab,2026-04-30T19:46:41.351Z,38.862,1,33.53,210,0,0,,,,
powertraces-pt200array_pt220_r3_7536323_8-1cf5cef7ab,2026-04-30T19:46:41.351Z,38.862,2,35.27,210,0,0,,,,
powertraces-pt200array_pt220_r3_7536323_8-1cf5cef7ab,2026-04-30T19:46:41.351Z,38.862,3,33.95,210,0,0,,,,
powertraces-pt200array_pt220_r3_7536323_8-1cf5cef7ab,2026-04-30T19:46:41.451Z,38.962,0,43.9,210,0,0,,,,
powertraces-pt200array_pt220_r3_7536323_8-1cf5cef7ab,2026-04-30T19:46:41.451Z,38.962,1,33.53,210,0,0,,,,
powertraces-pt200array_pt220_r3_7536323_8-1cf5cef7ab,2026-04-30T19:46:41.451Z,38.962,2,35.27,210,0,0,,,,
powertraces-pt200array_pt220_r3_7536323_8-1cf5cef7ab,2026-04-30T19:46:41.451Z,38.962,3,33.95,210,0,0,,,,
powertraces-pt200array_pt220_r3_7536323_8-1cf5cef7ab,2026-04-30T19:46:41.551Z,39.062,0,43.9,210,0,0,,,,
powertraces-pt200array_pt220_r3_7536323_8-1cf5cef7ab,2026-04-30T19:46:41.551Z,39.062,1,33.53,210,0,0,,,,
powertraces-pt200array_pt220_r3_7536323_8-1cf5cef7ab,2026-04-30T19:46:41.551Z,39.062,2,35.27,210,0,0,,,,
powertraces-pt200array_pt220_r3_7536323_8-1cf5cef7ab,2026-04-30T19:46:41.551Z,39.062,3,33.95,210,0,0,,,,
powertraces-pt200array_pt220_r3_7536323_8-1cf5cef7ab,2026-04-30T19:46:41.651Z,39.162,0,43.9,210,0,0,,,,
powertraces-pt200array_pt220_r3_7536323_8-1cf5cef7ab,2026-04-30T19:46:41.651Z,39.162,1,33.53,210,0,0,,,,
powertraces-pt200array_pt220_r3_7536323_8-1cf5cef7ab,2026-04-30T19:46:41.651Z,39.162,2,35.27,210,0,0,,,,
powertraces-pt200array_pt220_r3_7536323_8-1cf5cef7ab,2026-04-30T19:46:41.651Z,39.162,3,33.95,210,0,0,,,,
powertraces-pt200array_pt220_r3_7536323_8-1cf5cef7ab,2026-04-30T19:46:41.751Z,39.262,0,43.77,210,0,0,,,,
powertraces-pt200array_pt220_r3_7536323_8-1cf5cef7ab,2026-04-30T19:46:41.751Z,39.262,1,33.53,210,0,0,,,,
powertraces-pt200array_pt220_r3_7536323_8-1cf5cef7ab,2026-04-30T19:46:41.751Z,39.262,2,35.27,210,0,0,,,,
powertraces-pt200array_pt220_r3_7536323_8-1cf5cef7ab,2026-04-30T19:46:41.751Z,39.262,3,33.95,210,0,0,,,,
powertraces-pt200array_pt220_r3_7536323_8-1cf5cef7ab,2026-04-30T19:46:41.851Z,39.362,0,43.77,210,0,0,,,,
powertraces-pt200array_pt220_r3_7536323_8-1cf5cef7ab,2026-04-30T19:46:41.851Z,39.362,1,33.53,210,0,0,,,,
powertraces-pt200array_pt220_r3_7536323_8-1cf5cef7ab,2026-04-30T19:46:41.851Z,39.362,2,35.27,210,0,0,,,,
powertraces-pt200array_pt220_r3_7536323_8-1cf5cef7ab,2026-04-30T19:46:41.851Z,39.362,3,33.95,210,0,0,,,,
powertraces-pt200array_pt220_r3_7536323_8-1cf5cef7ab,2026-04-30T19:46:41.951Z,39.462,0,43.77,210,0,0,,,,
powertraces-pt200array_pt220_r3_7536323_8-1cf5cef7ab,2026-04-30T19:46:41.951Z,39.462,1,33.53,210,0,0,,,,
powertraces-pt200array_pt220_r3_7536323_8-1cf5cef7ab,2026-04-30T19:46:41.951Z,39.462,2,35.27,210,0,0,,,,
powertraces-pt200array_pt220_r3_7536323_8-1cf5cef7ab,2026-04-30T19:46:41.952Z,39.463,3,33.95,210,0,0,,,,
powertraces-pt200array_pt220_r3_7536323_8-1cf5cef7ab,2026-04-30T19:46:42.052Z,39.563,0,43.77,210,0,0,,,,
powertraces-pt200array_pt220_r3_7536323_8-1cf5cef7ab,2026-04-30T19:46:42.052Z,39.563,1,33.53,210,0,0,,,,
powertraces-pt200array_pt220_r3_7536323_8-1cf5cef7ab,2026-04-30T19:46:42.052Z,39.563,2,35.27,210,0,0,,,,
powertraces-pt200array_pt220_r3_7536323_8-1cf5cef7ab,2026-04-30T19:46:42.052Z,39.563,3,33.95,210,0,0,,,,
powertraces-pt200array_pt220_r3_7536323_8-1cf5cef7ab,2026-04-30T19:46:42.152Z,39.663,0,43.77,210,0,0,,,,
powertraces-pt200array_pt220_r3_7536323_8-1cf5cef7ab,2026-04-30T19:46:42.152Z,39.663,1,33.53,210,0,0,,,,
powertraces-pt200array_pt220_r3_7536323_8-1cf5cef7ab,2026-04-30T19:46:42.152Z,39.663,2,35.27,210,0,0,,,,
powertraces-pt200array_pt220_r3_7536323_8-1cf5cef7ab,2026-04-30T19:46:42.152Z,39.663,3,33.95,210,0,0,,,,
powertraces-pt200array_pt220_r3_7536323_8-1cf5cef7ab,2026-04-30T19:46:42.252Z,39.763,0,43.77,210,0,0,,,,
powertraces-pt200array_pt220_r3_7536323_8-1cf5cef7ab,2026-04-30T19:46:42.252Z,39.763,1,33.53,210,0,0,,,,
powertraces-pt200array_pt220_r3_7536323_8-1cf5cef7ab,2026-04-30T19:46:42.252Z,39.763,2,35.27,210,0,0,,,,
powertraces-pt200array_pt220_r3_7536323_8-1cf5cef7ab,2026-04-30T19:46:42.252Z,39.763,3,33.95,210,0,0,,,,
powertraces-pt200array_pt220_r3_7536323_8-1cf5cef7ab,2026-04-30T19:46:42.352Z,39.863,0,43.77,210,0,0,,,,
powertraces-pt200array_pt220_r3_7536323_8-1cf5cef7ab,2026-04-30T19:46:42.352Z,39.863,1,33.53,210,0,0,,,,
powertraces-pt200array_pt220_r3_7536323_8-1cf5cef7ab,2026-04-30T19:46:42.352Z,39.863,2,35.27,210,0,0,,,,
powertraces-pt200array_pt220_r3_7536323_8-1cf5cef7ab,2026-04-30T19:46:42.352Z,39.863,3,33.95,210,0,0,,,,
powertraces-pt200array_pt220_r3_7536323_8-1cf5cef7ab,2026-04-30T19:46:42.452Z,39.963,0,43.77,210,0,0,,,,
powertraces-pt200array_pt220_r3_7536323_8-1cf5cef7ab,2026-04-30T19:46:42.452Z,39.963,1,33.53,210,0,0,,,,
powertraces-pt200array_pt220_r3_7536323_8-1cf5cef7ab,2026-04-30T19:46:42.452Z,39.963,2,35.27,210,0,0,,,,
powertraces-pt200array_pt220_r3_7536323_8-1cf5cef7ab,2026-04-30T19:46:42.452Z,39.963,3,33.95,210,0,0,,,,
powertraces-pt200array_pt220_r3_7536323_8-1cf5cef7ab,2026-04-30T19:46:42.552Z,40.063,0,43.77,210,0,0,,,,
powertraces-pt200array_pt220_r3_7536323_8-1cf5cef7ab,2026-04-30T19:46:42.552Z,40.063,1,33.53,210,0,0,,,,
powertraces-pt200array_pt220_r3_7536323_8-1cf5cef7ab,2026-04-30T19:46:42.552Z,40.063,2,35.27,210,0,0,,,,
powertraces-pt200array_pt220_r3_7536323_8-1cf5cef7ab,2026-04-30T19:46:42.552Z,40.063,3,33.95,210,0,0,,,,
powertraces-pt200array_pt220_r3_7536323_8-1cf5cef7ab,2026-04-30T19:46:42.652Z,40.163,0,43.77,210,0,0,,,,
powertraces-pt200array_pt220_r3_7536323_8-1cf5cef7ab,2026-04-30T19:46:42.652Z,40.163,1,33.53,210,0,0,,,,
powertraces-pt200array_pt220_r3_7536323_8-1cf5cef7ab,2026-04-30T19:46:42.652Z,40.163,2,35.27,210,0,0,,,,
powertraces-pt200array_pt220_r3_7536323_8-1cf5cef7ab,2026-04-30T19:46:42.652Z,40.163,3,33.95,210,0,0,,,,
powertraces-pt200array_pt220_r3_7536323_8-1cf5cef7ab,2026-04-30T19:46:42.753Z,40.264,0,43.65,210,0,0,,,,
powertraces-pt200array_pt220_r3_7536323_8-1cf5cef7ab,2026-04-30T19:46:42.753Z,40.264,1,33.53,210,0,0,,,,
powertraces-pt200array_pt220_r3_7536323_8-1cf5cef7ab,2026-04-30T19:46:42.753Z,40.264,2,35.27,210,0,0,,,,
powertraces-pt200array_pt220_r3_7536323_8-1cf5cef7ab,2026-04-30T19:46:42.753Z,40.264,3,33.95,210,0,0,,,,
powertraces-pt200array_pt220_r3_7536323_8-1cf5cef7ab,2026-04-30T19:46:42.853Z,40.364,0,43.65,210,0,0,,,,
powertraces-pt200array_pt220_r3_7536323_8-1cf5cef7ab,2026-04-30T19:46:42.853Z,40.364,1,33.53,210,0,0,,,,
powertraces-pt200array_pt220_r3_7536323_8-1cf5cef7ab,2026-04-30T19:46:42.853Z,40.364,2,35.27,210,0,0,,,,
powertraces-pt200array_pt220_r3_7536323_8-1cf5cef7ab,2026-04-30T19:46:42.853Z,40.364,3,33.95,210,0,0,,,,
powertraces-pt200array_pt220_r3_7536323_8-1cf5cef7ab,2026-04-30T19:46:42.953Z,40.464,0,43.65,210,0,0,,,,
powertraces-pt200array_pt220_r3_7536323_8-1cf5cef7ab,2026-04-30T19:46:42.953Z,40.464,1,33.53,210,0,0,,,,
powertraces-pt200array_pt220_r3_7536323_8-1cf5cef7ab,2026-04-30T19:46:42.953Z,40.464,2,35.27,210,0,0,,,,
powertraces-pt200array_pt220_r3_7536323_8-1cf5cef7ab,2026-04-30T19:46:42.953Z,40.464,3,33.95,210,0,0,,,,
powertraces-pt200array_pt220_r3_7536323_8-1cf5cef7ab,2026-04-30T19:46:43.053Z,40.564,0,43.65,210,0,0,,,,
powertraces-pt200array_pt220_r3_7536323_8-1cf5cef7ab,2026-04-30T19:46:43.053Z,40.564,1,33.53,210,0,0,,,,
powertraces-pt200array_pt220_r3_7536323_8-1cf5cef7ab,2026-04-30T19:46:43.053Z,40.564,2,35.27,210,0,0,,,,
powertraces-pt200array_pt220_r3_7536323_8-1cf5cef7ab,2026-04-30T19:46:43.053Z,40.564,3,33.95,210,0,0,,,,
powertraces-pt200array_pt220_r3_7536323_8-1cf5cef7ab,2026-04-30T19:46:43.153Z,40.664,0,43.65,210,0,0,,,,
powertraces-pt200array_pt220_r3_7536323_8-1cf5cef7ab,2026-04-30T19:46:43.153Z,40.664,1,33.53,210,0,0,,,,
powertraces-pt200array_pt220_r3_7536323_8-1cf5cef7ab,2026-04-30T19:46:43.153Z,40.664,2,35.27,210,0,0,,,,
powertraces-pt200array_pt220_r3_7536323_8-1cf5cef7ab,2026-04-30T19:46:43.153Z,40.664,3,33.95,210,0,0,,,,
powertraces-pt200array_pt220_r3_7536323_8-1cf5cef7ab,2026-04-30T19:46:43.253Z,40.764,0,43.65,210,0,0,,,,
powertraces-pt200array_pt220_r3_7536323_8-1cf5cef7ab,2026-04-30T19:46:43.253Z,40.764,1,33.53,210,0,0,,,,
powertraces-pt200array_pt220_r3_7536323_8-1cf5cef7ab,2026-04-30T19:46:43.253Z,40.764,2,35.27,210,0,0,,,,
powertraces-pt200array_pt220_r3_7536323_8-1cf5cef7ab,2026-04-30T19:46:43.253Z,40.764,3,33.95,210,0,0,,,,
powertraces-pt200array_pt220_r3_7536323_8-1cf5cef7ab,2026-04-30T19:46:43.353Z,40.864,0,43.65,210,0,0,,,,
powertraces-pt200array_pt220_r3_7536323_8-1cf5cef7ab,2026-04-30T19:46:43.353Z,40.864,1,33.53,210,0,0,,,,
powertraces-pt200array_pt220_r3_7536323_8-1cf5cef7ab,2026-04-30T19:46:43.353Z,40.864,2,35.27,210,0,0,,,,
powertraces-pt200array_pt220_r3_7536323_8-1cf5cef7ab,2026-04-30T19:46:43.353Z,40.864,3,33.95,210,0,0,,,,
powertraces-pt200array_pt220_r3_7536323_8-1cf5cef7ab,2026-04-30T19:46:43.453Z,40.964,0,43.65,210,0,0,,,,
powertraces-pt200array_pt220_r3_7536323_8-1cf5cef7ab,2026-04-30T19:46:43.453Z,40.964,1,33.53,210,0,0,,,,
powertraces-pt200array_pt220_r3_7536323_8-1cf5cef7ab,2026-04-30T19:46:43.453Z,40.964,2,35.27,210,0,0,,,,
powertraces-pt200array_pt220_r3_7536323_8-1cf5cef7ab,2026-04-30T19:46:43.453Z,40.964,3,33.95,210,0,0,,,,
powertraces-pt200array_pt220_r3_7536323_8-1cf5cef7ab,2026-04-30T19:46:43.554Z,41.065,0,43.65,210,0,0,,,,
powertraces-pt200array_pt220_r3_7536323_8-1cf5cef7ab,2026-04-30T19:46:43.554Z,41.065,1,33.53,210,0,0,,,,
powertraces-pt200array_pt220_r3_7536323_8-1cf5cef7ab,2026-04-30T19:46:43.554Z,41.065,2,35.27,210,0,0,,,,
powertraces-pt200array_pt220_r3_7536323_8-1cf5cef7ab,2026-04-30T19:46:43.554Z,41.065,3,33.95,210,0,0,,,,
powertraces-pt200array_pt220_r3_7536323_8-1cf5cef7ab,2026-04-30T19:46:43.654Z,41.165,0,43.65,210,0,0,,,,
powertraces-pt200array_pt220_r3_7536323_8-1cf5cef7ab,2026-04-30T19:46:43.654Z,41.165,1,33.53,210,0,0,,,,
powertraces-pt200array_pt220_r3_7536323_8-1cf5cef7ab,2026-04-30T19:46:43.654Z,41.165,2,35.27,210,0,0,,,,
powertraces-pt200array_pt220_r3_7536323_8-1cf5cef7ab,2026-04-30T19:46:43.654Z,41.165,3,33.95,210,0,0,,,,
powertraces-pt200array_pt220_r3_7536323_8-1cf5cef7ab,2026-04-30T19:46:43.754Z,41.265,0,43.65,210,0,0,,,,
powertraces-pt200array_pt220_r3_7536323_8-1cf5cef7ab,2026-04-30T19:46:43.754Z,41.265,1,33.53,210,0,0,,,,
powertraces-pt200array_pt220_r3_7536323_8-1cf5cef7ab,2026-04-30T19:46:43.754Z,41.265,2,35.27,210,0,0,,,,
powertraces-pt200array_pt220_r3_7536323_8-1cf5cef7ab,2026-04-30T19:46:43.754Z,41.265,3,33.95,210,0,0,,,,
powertraces-pt200array_pt220_r3_7536323_8-1cf5cef7ab,2026-04-30T19:46:43.854Z,41.365,0,43.65,210,0,0,,,,
powertraces-pt200array_pt220_r3_7536323_8-1cf5cef7ab,2026-04-30T19:46:43.854Z,41.365,1,33.53,210,0,0,,,,
powertraces-pt200array_pt220_r3_7536323_8-1cf5cef7ab,2026-04-30T19:46:43.854Z,41.365,2,35.27,210,0,0,,,,
powertraces-pt200array_pt220_r3_7536323_8-1cf5cef7ab,2026-04-30T19:46:43.854Z,41.365,3,33.95,210,0,0,,,,
powertraces-pt200array_pt220_r3_7536323_8-1cf5cef7ab,2026-04-30T19:46:43.954Z,41.465,0,43.65,210,0,0,,,,
powertraces-pt200array_pt220_r3_7536323_8-1cf5cef7ab,2026-04-30T19:46:43.954Z,41.465,1,33.53,210,0,0,,,,
powertraces-pt200array_pt220_r3_7536323_8-1cf5cef7ab,2026-04-30T19:46:43.954Z,41.465,2,35.27,210,0,0,,,,
powertraces-pt200array_pt220_r3_7536323_8-1cf5cef7ab,2026-04-30T19:46:43.954Z,41.465,3,33.95,210,0,0,,,,
powertraces-pt200array_pt220_r3_7536323_8-1cf5cef7ab,2026-04-30T19:46:44.054Z,41.565,0,43.65,210,0,0,,,,
powertraces-pt200array_pt220_r3_7536323_8-1cf5cef7ab,2026-04-30T19:46:44.054Z,41.565,1,33.53,210,0,0,,,,
powertraces-pt200array_pt220_r3_7536323_8-1cf5cef7ab,2026-04-30T19:46:44.054Z,41.565,2,35.27,210,0,0,,,,
powertraces-pt200array_pt220_r3_7536323_8-1cf5cef7ab,2026-04-30T19:46:44.054Z,41.565,3,33.95,210,0,0,,,,
powertraces-pt200array_pt220_r3_7536323_8-1cf5cef7ab,2026-04-30T19:46:44.155Z,41.666,0,43.65,210,0,0,,,,
powertraces-pt200array_pt220_r3_7536323_8-1cf5cef7ab,2026-04-30T19:46:44.155Z,41.666,1,33.53,210,0,0,,,,
powertraces-pt200array_pt220_r3_7536323_8-1cf5cef7ab,2026-04-30T19:46:44.155Z,41.666,2,35.27,210,0,0,,,,
powertraces-pt200array_pt220_r3_7536323_8-1cf5cef7ab,2026-04-30T19:46:44.155Z,41.666,3,33.95,210,0,0,,,,
powertraces-pt200array_pt220_r3_7536323_8-1cf5cef7ab,2026-04-30T19:46:44.255Z,41.766,0,43.65,210,0,0,,,,
powertraces-pt200array_pt220_r3_7536323_8-1cf5cef7ab,2026-04-30T19:46:44.255Z,41.766,1,33.53,210,0,0,,,,
powertraces-pt200array_pt220_r3_7536323_8-1cf5cef7ab,2026-04-30T19:46:44.255Z,41.766,2,35.27,210,0,0,,,,
powertraces-pt200array_pt220_r3_7536323_8-1cf5cef7ab,2026-04-30T19:46:44.255Z,41.766,3,33.95,210,0,0,,,,
powertraces-pt200array_pt220_r3_7536323_8-1cf5cef7ab,2026-04-30T19:46:44.355Z,41.866,0,43.65,210,0,0,,,,
powertraces-pt200array_pt220_r3_7536323_8-1cf5cef7ab,2026-04-30T19:46:44.355Z,41.866,1,33.53,210,0,0,,,,
powertraces-pt200array_pt220_r3_7536323_8-1cf5cef7ab,2026-04-30T19:46:44.355Z,41.866,2,35.27,210,0,0,,,,
powertraces-pt200array_pt220_r3_7536323_8-1cf5cef7ab,2026-04-30T19:46:44.355Z,41.866,3,33.95,210,0,0,,,,
powertraces-pt200array_pt220_r3_7536323_8-1cf5cef7ab,2026-04-30T19:46:44.455Z,41.966,0,43.65,210,0,0,,,,
powertraces-pt200array_pt220_r3_7536323_8-1cf5cef7ab,2026-04-30T19:46:44.455Z,41.966,1,33.53,210,0,0,,,,
powertraces-pt200array_pt220_r3_7536323_8-1cf5cef7ab,2026-04-30T19:46:44.455Z,41.966,2,35.27,210,0,0,,,,
powertraces-pt200array_pt220_r3_7536323_8-1cf5cef7ab,2026-04-30T19:46:44.455Z,41.966,3,33.95,210,0,0,,,,
powertraces-pt200array_pt220_r3_7536323_8-1cf5cef7ab,2026-04-30T19:46:44.555Z,42.066,0,43.65,210,0,0,,,,
powertraces-pt200array_pt220_r3_7536323_8-1cf5cef7ab,2026-04-30T19:46:44.555Z,42.066,1,33.53,210,0,0,,,,
powertraces-pt200array_pt220_r3_7536323_8-1cf5cef7ab,2026-04-30T19:46:44.555Z,42.066,2,35.27,210,0,0,,,,
powertraces-pt200array_pt220_r3_7536323_8-1cf5cef7ab,2026-04-30T19:46:44.555Z,42.066,3,33.95,210,0,0,,,,
powertraces-pt200array_pt220_r3_7536323_8-1cf5cef7ab,2026-04-30T19:46:44.655Z,42.166,0,43.65,210,0,0,,,,
powertraces-pt200array_pt220_r3_7536323_8-1cf5cef7ab,2026-04-30T19:46:44.655Z,42.166,1,33.53,210,0,0,,,,
powertraces-pt200array_pt220_r3_7536323_8-1cf5cef7ab,2026-04-30T19:46:44.655Z,42.166,2,35.27,210,0,0,,,,
powertraces-pt200array_pt220_r3_7536323_8-1cf5cef7ab,2026-04-30T19:46:44.655Z,42.166,3,33.95,210,0,0,,,,
powertraces-pt200array_pt220_r3_7536323_8-1cf5cef7ab,2026-04-30T19:46:44.755Z,42.266,0,43.65,210,0,0,,,,
powertraces-pt200array_pt220_r3_7536323_8-1cf5cef7ab,2026-04-30T19:46:44.755Z,42.266,1,33.53,210,0,0,,,,
powertraces-pt200array_pt220_r3_7536323_8-1cf5cef7ab,2026-04-30T19:46:44.755Z,42.266,2,35.27,210,0,0,,,,
powertraces-pt200array_pt220_r3_7536323_8-1cf5cef7ab,2026-04-30T19:46:44.755Z,42.266,3,33.95,210,0,0,,,,
powertraces-pt200array_pt220_r3_7536323_8-1cf5cef7ab,2026-04-30T19:46:44.856Z,42.367,0,43.65,210,0,0,,,,
powertraces-pt200array_pt220_r3_7536323_8-1cf5cef7ab,2026-04-30T19:46:44.856Z,42.367,1,33.53,210,0,0,,,,
powertraces-pt200array_pt220_r3_7536323_8-1cf5cef7ab,2026-04-30T19:46:44.856Z,42.367,2,35.27,210,0,0,,,,
powertraces-pt200array_pt220_r3_7536323_8-1cf5cef7ab,2026-04-30T19:46:44.856Z,42.367,3,33.95,210,0,0,,,,
powertraces-pt200array_pt220_r3_7536323_8-1cf5cef7ab,2026-04-30T19:46:44.956Z,42.467,0,43.65,210,0,0,,,,
powertraces-pt200array_pt220_r3_7536323_8-1cf5cef7ab,2026-04-30T19:46:44.956Z,42.467,1,33.53,210,0,0,,,,
powertraces-pt200array_pt220_r3_7536323_8-1cf5cef7ab,2026-04-30T19:46:44.956Z,42.467,2,35.27,210,0,0,,,,
powertraces-pt200array_pt220_r3_7536323_8-1cf5cef7ab,2026-04-30T19:46:44.956Z,42.467,3,33.95,210,0,0,,,,
powertraces-pt200array_pt220_r3_7536323_8-1cf5cef7ab,2026-04-30T19:46:45.056Z,42.567,0,43.65,210,0,0,,,,
powertraces-pt200array_pt220_r3_7536323_8-1cf5cef7ab,2026-04-30T19:46:45.056Z,42.567,1,33.53,210,0,0,,,,
powertraces-pt200array_pt220_r3_7536323_8-1cf5cef7ab,2026-04-30T19:46:45.056Z,42.567,2,35.27,210,0,0,,,,
powertraces-pt200array_pt220_r3_7536323_8-1cf5cef7ab,2026-04-30T19:46:45.056Z,42.567,3,33.95,210,0,0,,,,
powertraces-pt200array_pt220_r3_7536323_8-1cf5cef7ab,2026-04-30T19:46:45.156Z,42.667,0,43.65,210,0,0,,,,
powertraces-pt200array_pt220_r3_7536323_8-1cf5cef7ab,2026-04-30T19:46:45.156Z,42.667,1,33.53,210,0,0,,,,
powertraces-pt200array_pt220_r3_7536323_8-1cf5cef7ab,2026-04-30T19:46:45.156Z,42.667,2,35.27,210,0,0,,,,
powertraces-pt200array_pt220_r3_7536323_8-1cf5cef7ab,2026-04-30T19:46:45.156Z,42.667,3,33.95,210,0,0,,,,
powertraces-pt200array_pt220_r3_7536323_8-1cf5cef7ab,2026-04-30T19:46:45.256Z,42.767,0,43.65,210,0,0,,,,
powertraces-pt200array_pt220_r3_7536323_8-1cf5cef7ab,2026-04-30T19:46:45.256Z,42.767,1,33.53,210,0,0,,,,
powertraces-pt200array_pt220_r3_7536323_8-1cf5cef7ab,2026-04-30T19:46:45.256Z,42.767,2,35.27,210,0,0,,,,
powertraces-pt200array_pt220_r3_7536323_8-1cf5cef7ab,2026-04-30T19:46:45.256Z,42.767,3,33.95,210,0,0,,,,
powertraces-pt200array_pt220_r3_7536323_8-1cf5cef7ab,2026-04-30T19:46:45.356Z,42.867,0,43.65,210,0,0,,,,
powertraces-pt200array_pt220_r3_7536323_8-1cf5cef7ab,2026-04-30T19:46:45.356Z,42.867,1,33.53,210,0,0,,,,
powertraces-pt200array_pt220_r3_7536323_8-1cf5cef7ab,2026-04-30T19:46:45.356Z,42.867,2,35.27,210,0,0,,,,
powertraces-pt200array_pt220_r3_7536323_8-1cf5cef7ab,2026-04-30T19:46:45.356Z,42.867,3,33.95,210,0,0,,,,
powertraces-pt200array_pt220_r3_7536323_8-1cf5cef7ab,2026-04-30T19:46:45.456Z,42.967,0,43.65,210,0,0,,,,
powertraces-pt200array_pt220_r3_7536323_8-1cf5cef7ab,2026-04-30T19:46:45.456Z,42.967,1,33.53,210,0,0,,,,
powertraces-pt200array_pt220_r3_7536323_8-1cf5cef7ab,2026-04-30T19:46:45.456Z,42.967,2,35.27,210,0,0,,,,
powertraces-pt200array_pt220_r3_7536323_8-1cf5cef7ab,2026-04-30T19:46:45.456Z,42.967,3,33.95,210,0,0,,,,
powertraces-pt200array_pt220_r3_7536323_8-1cf5cef7ab,2026-04-30T19:46:45.556Z,43.067,0,43.65,210,0,0,,,,
powertraces-pt200array_pt220_r3_7536323_8-1cf5cef7ab,2026-04-30T19:46:45.557Z,43.068,1,33.53,210,0,0,,,,
powertraces-pt200array_pt220_r3_7536323_8-1cf5cef7ab,2026-04-30T19:46:45.557Z,43.068,2,35.27,210,0,0,,,,
powertraces-pt200array_pt220_r3_7536323_8-1cf5cef7ab,2026-04-30T19:46:45.557Z,43.068,3,33.95,210,0,0,,,,
powertraces-pt200array_pt220_r3_7536323_8-1cf5cef7ab,2026-04-30T19:46:45.657Z,43.168,0,43.65,210,0,0,,,,
powertraces-pt200array_pt220_r3_7536323_8-1cf5cef7ab,2026-04-30T19:46:45.657Z,43.168,1,33.53,210,0,0,,,,
powertraces-pt200array_pt220_r3_7536323_8-1cf5cef7ab,2026-04-30T19:46:45.657Z,43.168,2,35.27,210,0,0,,,,
powertraces-pt200array_pt220_r3_7536323_8-1cf5cef7ab,2026-04-30T19:46:45.657Z,43.168,3,33.95,210,0,0,,,,
powertraces-pt200array_pt220_r3_7536323_8-1cf5cef7ab,2026-04-30T19:46:45.757Z,43.268,0,43.53,210,0,0,,,,
powertraces-pt200array_pt220_r3_7536323_8-1cf5cef7ab,2026-04-30T19:46:45.757Z,43.268,1,33.53,210,0,0,,,,
powertraces-pt200array_pt220_r3_7536323_8-1cf5cef7ab,2026-04-30T19:46:45.757Z,43.268,2,35.27,210,0,0,,,,
powertraces-pt200array_pt220_r3_7536323_8-1cf5cef7ab,2026-04-30T19:46:45.757Z,43.268,3,33.95,210,0,0,,,,
powertraces-pt200array_pt220_r3_7536323_8-1cf5cef7ab,2026-04-30T19:46:45.857Z,43.368,0,43.53,210,0,0,,,,
powertraces-pt200array_pt220_r3_7536323_8-1cf5cef7ab,2026-04-30T19:46:45.857Z,43.368,1,33.53,210,0,0,,,,
powertraces-pt200array_pt220_r3_7536323_8-1cf5cef7ab,2026-04-30T19:46:45.857Z,43.368,2,35.27,210,0,0,,,,
powertraces-pt200array_pt220_r3_7536323_8-1cf5cef7ab,2026-04-30T19:46:45.857Z,43.368,3,33.95,210,0,0,,,,
powertraces-pt200array_pt220_r3_7536323_8-1cf5cef7ab,2026-04-30T19:46:45.957Z,43.468,0,43.53,210,0,0,,,,
powertraces-pt200array_pt220_r3_7536323_8-1cf5cef7ab,2026-04-30T19:46:45.957Z,43.468,1,33.53,210,0,0,,,,
powertraces-pt200array_pt220_r3_7536323_8-1cf5cef7ab,2026-04-30T19:46:45.957Z,43.468,2,35.27,210,0,0,,,,
powertraces-pt200array_pt220_r3_7536323_8-1cf5cef7ab,2026-04-30T19:46:45.957Z,43.468,3,33.95,210,0,0,,,,
powertraces-pt200array_pt220_r3_7536323_8-1cf5cef7ab,2026-04-30T19:46:46.057Z,43.568,0,43.53,210,0,0,,,,
powertraces-pt200array_pt220_r3_7536323_8-1cf5cef7ab,2026-04-30T19:46:46.057Z,43.568,1,33.53,210,0,0,,,,
powertraces-pt200array_pt220_r3_7536323_8-1cf5cef7ab,2026-04-30T19:46:46.057Z,43.568,2,35.27,210,0,0,,,,
powertraces-pt200array_pt220_r3_7536323_8-1cf5cef7ab,2026-04-30T19:46:46.057Z,43.568,3,33.95,210,0,0,,,,
powertraces-pt200array_pt220_r3_7536323_8-1cf5cef7ab,2026-04-30T19:46:46.157Z,43.668,0,43.53,210,0,0,,,,
powertraces-pt200array_pt220_r3_7536323_8-1cf5cef7ab,2026-04-30T19:46:46.157Z,43.668,1,33.53,210,0,0,,,,
powertraces-pt200array_pt220_r3_7536323_8-1cf5cef7ab,2026-04-30T19:46:46.157Z,43.668,2,35.27,210,0,0,,,,
powertraces-pt200array_pt220_r3_7536323_8-1cf5cef7ab,2026-04-30T19:46:46.157Z,43.668,3,33.95,210,0,0,,,,
powertraces-pt200array_pt220_r3_7536323_8-1cf5cef7ab,2026-04-30T19:46:46.257Z,43.768,0,43.53,210,0,0,,,,
powertraces-pt200array_pt220_r3_7536323_8-1cf5cef7ab,2026-04-30T19:46:46.257Z,43.768,1,33.53,210,0,0,,,,
powertraces-pt200array_pt220_r3_7536323_8-1cf5cef7ab,2026-04-30T19:46:46.257Z,43.768,2,35.27,210,0,0,,,,
powertraces-pt200array_pt220_r3_7536323_8-1cf5cef7ab,2026-04-30T19:46:46.257Z,43.768,3,33.95,210,0,0,,,,
powertraces-pt200array_pt220_r3_7536323_8-1cf5cef7ab,2026-04-30T19:46:46.358Z,43.869,0,43.53,210,0,0,,,,
powertraces-pt200array_pt220_r3_7536323_8-1cf5cef7ab,2026-04-30T19:46:46.358Z,43.869,1,33.53,210,0,0,,,,
powertraces-pt200array_pt220_r3_7536323_8-1cf5cef7ab,2026-04-30T19:46:46.358Z,43.869,2,35.27,210,0,0,,,,
powertraces-pt200array_pt220_r3_7536323_8-1cf5cef7ab,2026-04-30T19:46:46.358Z,43.869,3,33.95,210,0,0,,,,
powertraces-pt200array_pt220_r3_7536323_8-1cf5cef7ab,2026-04-30T19:46:46.458Z,43.969,0,43.53,210,0,0,,,,
powertraces-pt200array_pt220_r3_7536323_8-1cf5cef7ab,2026-04-30T19:46:46.458Z,43.969,1,33.53,210,0,0,,,,
powertraces-pt200array_pt220_r3_7536323_8-1cf5cef7ab,2026-04-30T19:46:46.458Z,43.969,2,35.27,210,0,0,,,,
powertraces-pt200array_pt220_r3_7536323_8-1cf5cef7ab,2026-04-30T19:46:46.458Z,43.969,3,33.95,210,0,0,,,,
powertraces-pt200array_pt220_r3_7536323_8-1cf5cef7ab,2026-04-30T19:46:46.558Z,44.069,0,43.53,210,0,0,,,,
powertraces-pt200array_pt220_r3_7536323_8-1cf5cef7ab,2026-04-30T19:46:46.558Z,44.069,1,33.53,210,0,0,,,,
powertraces-pt200array_pt220_r3_7536323_8-1cf5cef7ab,2026-04-30T19:46:46.558Z,44.069,2,35.27,210,0,0,,,,
powertraces-pt200array_pt220_r3_7536323_8-1cf5cef7ab,2026-04-30T19:46:46.558Z,44.069,3,33.95,210,0,0,,,,
powertraces-pt200array_pt220_r3_7536323_8-1cf5cef7ab,2026-04-30T19:46:46.658Z,44.169,0,43.53,210,0,0,,,,
powertraces-pt200array_pt220_r3_7536323_8-1cf5cef7ab,2026-04-30T19:46:46.658Z,44.169,1,33.53,210,0,0,,,,
powertraces-pt200array_pt220_r3_7536323_8-1cf5cef7ab,2026-04-30T19:46:46.658Z,44.169,2,35.27,210,0,0,,,,
powertraces-pt200array_pt220_r3_7536323_8-1cf5cef7ab,2026-04-30T19:46:46.658Z,44.169,3,33.95,210,0,0,,,,
powertraces-pt200array_pt220_r3_7536323_8-1cf5cef7ab,2026-04-30T19:46:46.758Z,44.269,0,43.4,210,0,0,,,,
powertraces-pt200array_pt220_r3_7536323_8-1cf5cef7ab,2026-04-30T19:46:46.758Z,44.269,1,33.53,210,0,0,,,,
powertraces-pt200array_pt220_r3_7536323_8-1cf5cef7ab,2026-04-30T19:46:46.758Z,44.269,2,35.27,210,0,0,,,,
powertraces-pt200array_pt220_r3_7536323_8-1cf5cef7ab,2026-04-30T19:46:46.758Z,44.269,3,33.95,210,0,0,,,,
powertraces-pt200array_pt220_r3_7536323_8-1cf5cef7ab,2026-04-30T19:46:46.858Z,44.369,0,43.4,210,0,0,,,,
powertraces-pt200array_pt220_r3_7536323_8-1cf5cef7ab,2026-04-30T19:46:46.858Z,44.369,1,33.53,210,0,0,,,,
powertraces-pt200array_pt220_r3_7536323_8-1cf5cef7ab,2026-04-30T19:46:46.858Z,44.369,2,35.27,210,0,0,,,,
powertraces-pt200array_pt220_r3_7536323_8-1cf5cef7ab,2026-04-30T19:46:46.858Z,44.369,3,33.95,210,0,0,,,,
powertraces-pt200array_pt220_r3_7536323_8-1cf5cef7ab,2026-04-30T19:46:46.958Z,44.469,0,43.4,210,0,0,,,,
powertraces-pt200array_pt220_r3_7536323_8-1cf5cef7ab,2026-04-30T19:46:46.958Z,44.469,1,33.53,210,0,0,,,,
powertraces-pt200array_pt220_r3_7536323_8-1cf5cef7ab,2026-04-30T19:46:46.958Z,44.469,2,35.27,210,0,0,,,,
powertraces-pt200array_pt220_r3_7536323_8-1cf5cef7ab,2026-04-30T19:46:46.958Z,44.469,3,33.95,210,0,0,,,,
powertraces-pt200array_pt220_r3_7536323_8-1cf5cef7ab,2026-04-30T19:46:47.059Z,44.57,0,43.4,210,0,0,,,,
powertraces-pt200array_pt220_r3_7536323_8-1cf5cef7ab,2026-04-30T19:46:47.059Z,44.57,1,33.53,210,0,0,,,,
powertraces-pt200array_pt220_r3_7536323_8-1cf5cef7ab,2026-04-30T19:46:47.059Z,44.57,2,35.27,210,0,0,,,,
powertraces-pt200array_pt220_r3_7536323_8-1cf5cef7ab,2026-04-30T19:46:47.059Z,44.57,3,33.95,210,0,0,,,,
powertraces-pt200array_pt220_r3_7536323_8-1cf5cef7ab,2026-04-30T19:46:47.159Z,44.67,0,43.4,210,0,0,,,,
powertraces-pt200array_pt220_r3_7536323_8-1cf5cef7ab,2026-04-30T19:46:47.159Z,44.67,1,33.53,210,0,0,,,,
powertraces-pt200array_pt220_r3_7536323_8-1cf5cef7ab,2026-04-30T19:46:47.159Z,44.67,2,35.27,210,0,0,,,,
powertraces-pt200array_pt220_r3_7536323_8-1cf5cef7ab,2026-04-30T19:46:47.159Z,44.67,3,33.95,210,0,0,,,,
powertraces-pt200array_pt220_r3_7536323_8-1cf5cef7ab,2026-04-30T19:46:47.259Z,44.77,0,43.4,210,0,0,,,,
powertraces-pt200array_pt220_r3_7536323_8-1cf5cef7ab,2026-04-30T19:46:47.259Z,44.77,1,33.53,210,0,0,,,,
powertraces-pt200array_pt220_r3_7536323_8-1cf5cef7ab,2026-04-30T19:46:47.259Z,44.77,2,35.27,210,0,0,,,,
powertraces-pt200array_pt220_r3_7536323_8-1cf5cef7ab,2026-04-30T19:46:47.259Z,44.77,3,33.95,210,0,0,,,,
powertraces-pt200array_pt220_r3_7536323_8-1cf5cef7ab,2026-04-30T19:46:47.359Z,44.87,0,43.4,210,0,0,,,,
powertraces-pt200array_pt220_r3_7536323_8-1cf5cef7ab,2026-04-30T19:46:47.359Z,44.87,1,33.53,210,0,0,,,,
powertraces-pt200array_pt220_r3_7536323_8-1cf5cef7ab,2026-04-30T19:46:47.359Z,44.87,2,35.27,210,0,0,,,,
powertraces-pt200array_pt220_r3_7536323_8-1cf5cef7ab,2026-04-30T19:46:47.359Z,44.87,3,33.95,210,0,0,,,,
powertraces-pt200array_pt220_r3_7536323_8-1cf5cef7ab,2026-04-30T19:46:47.459Z,44.97,0,43.4,210,0,0,,,,
powertraces-pt200array_pt220_r3_7536323_8-1cf5cef7ab,2026-04-30T19:46:47.459Z,44.97,1,33.53,210,0,0,,,,
powertraces-pt200array_pt220_r3_7536323_8-1cf5cef7ab,2026-04-30T19:46:47.459Z,44.97,2,35.27,210,0,0,,,,
powertraces-pt200array_pt220_r3_7536323_8-1cf5cef7ab,2026-04-30T19:46:47.459Z,44.97,3,33.95,210,0,0,,,,
powertraces-pt200array_pt220_r3_7536323_8-1cf5cef7ab,2026-04-30T19:46:47.559Z,45.07,0,43.4,210,0,0,,,,
powertraces-pt200array_pt220_r3_7536323_8-1cf5cef7ab,2026-04-30T19:46:47.559Z,45.07,1,33.53,210,0,0,,,,
powertraces-pt200array_pt220_r3_7536323_8-1cf5cef7ab,2026-04-30T19:46:47.559Z,45.07,2,35.27,210,0,0,,,,
powertraces-pt200array_pt220_r3_7536323_8-1cf5cef7ab,2026-04-30T19:46:47.559Z,45.07,3,33.95,210,0,0,,,,
powertraces-pt200array_pt220_r3_7536323_8-1cf5cef7ab,2026-04-30T19:46:47.659Z,45.17,0,43.4,210,0,0,,,,
powertraces-pt200array_pt220_r3_7536323_8-1cf5cef7ab,2026-04-30T19:46:47.659Z,45.17,1,33.53,210,0,0,,,,
powertraces-pt200array_pt220_r3_7536323_8-1cf5cef7ab,2026-04-30T19:46:47.659Z,45.17,2,35.27,210,0,0,,,,
powertraces-pt200array_pt220_r3_7536323_8-1cf5cef7ab,2026-04-30T19:46:47.659Z,45.17,3,33.95,210,0,0,,,,
powertraces-pt200array_pt220_r3_7536323_8-1cf5cef7ab,2026-04-30T19:46:47.76Z,45.271,0,43.4,210,0,0,,,,
powertraces-pt200array_pt220_r3_7536323_8-1cf5cef7ab,2026-04-30T19:46:47.76Z,45.271,1,33.53,210,0,0,,,,
powertraces-pt200array_pt220_r3_7536323_8-1cf5cef7ab,2026-04-30T19:46:47.76Z,45.271,2,35.27,210,0,0,,,,
powertraces-pt200array_pt220_r3_7536323_8-1cf5cef7ab,2026-04-30T19:46:47.76Z,45.271,3,33.95,210,0,0,,,,
powertraces-pt200array_pt220_r3_7536323_8-1cf5cef7ab,2026-04-30T19:46:47.86Z,45.371,0,43.4,210,0,0,,,,
powertraces-pt200array_pt220_r3_7536323_8-1cf5cef7ab,2026-04-30T19:46:47.86Z,45.371,1,33.53,210,0,0,,,,
powertraces-pt200array_pt220_r3_7536323_8-1cf5cef7ab,2026-04-30T19:46:47.86Z,45.371,2,35.27,210,0,0,,,,
powertraces-pt200array_pt220_r3_7536323_8-1cf5cef7ab,2026-04-30T19:46:47.86Z,45.371,3,33.95,210,0,0,,,,
powertraces-pt200array_pt220_r3_7536323_8-1cf5cef7ab,2026-04-30T19:46:47.96Z,45.471,0,43.4,210,0,0,,,,
powertraces-pt200array_pt220_r3_7536323_8-1cf5cef7ab,2026-04-30T19:46:47.96Z,45.471,1,33.53,210,0,0,,,,
powertraces-pt200array_pt220_r3_7536323_8-1cf5cef7ab,2026-04-30T19:46:47.96Z,45.471,2,35.27,210,0,0,,,,
powertraces-pt200array_pt220_r3_7536323_8-1cf5cef7ab,2026-04-30T19:46:47.96Z,45.471,3,33.95,210,0,0,,,,
powertraces-pt200array_pt220_r3_7536323_8-1cf5cef7ab,2026-04-30T19:46:48.06Z,45.571,0,43.4,210,0,0,,,,
powertraces-pt200array_pt220_r3_7536323_8-1cf5cef7ab,2026-04-30T19:46:48.06Z,45.571,1,33.53,210,0,0,,,,
powertraces-pt200array_pt220_r3_7536323_8-1cf5cef7ab,2026-04-30T19:46:48.06Z,45.571,2,35.27,210,0,0,,,,
powertraces-pt200array_pt220_r3_7536323_8-1cf5cef7ab,2026-04-30T19:46:48.06Z,45.571,3,33.95,210,0,0,,,,
powertraces-pt200array_pt220_r3_7536323_8-1cf5cef7ab,2026-04-30T19:46:48.16Z,45.671,0,43.4,210,0,0,,,,
powertraces-pt200array_pt220_r3_7536323_8-1cf5cef7ab,2026-04-30T19:46:48.16Z,45.671,1,33.53,210,0,0,,,,
powertraces-pt200array_pt220_r3_7536323_8-1cf5cef7ab,2026-04-30T19:46:48.16Z,45.671,2,35.27,210,0,0,,,,
powertraces-pt200array_pt220_r3_7536323_8-1cf5cef7ab,2026-04-30T19:46:48.16Z,45.671,3,33.95,210,0,0,,,,
powertraces-pt200array_pt220_r3_7536323_8-1cf5cef7ab,2026-04-30T19:46:48.26Z,45.771,0,43.4,210,0,0,,,,
powertraces-pt200array_pt220_r3_7536323_8-1cf5cef7ab,2026-04-30T19:46:48.26Z,45.771,1,33.53,210,0,0,,,,
powertraces-pt200array_pt220_r3_7536323_8-1cf5cef7ab,2026-04-30T19:46:48.26Z,45.771,2,35.27,210,0,0,,,,
powertraces-pt200array_pt220_r3_7536323_8-1cf5cef7ab,2026-04-30T19:46:48.26Z,45.771,3,33.95,210,0,0,,,,
powertraces-pt200array_pt220_r3_7536323_8-1cf5cef7ab,2026-04-30T19:46:48.36Z,45.871,0,43.4,210,0,0,,,,
powertraces-pt200array_pt220_r3_7536323_8-1cf5cef7ab,2026-04-30T19:46:48.36Z,45.871,1,33.53,210,0,0,,,,
powertraces-pt200array_pt220_r3_7536323_8-1cf5cef7ab,2026-04-30T19:46:48.36Z,45.871,2,35.27,210,0,0,,,,
powertraces-pt200array_pt220_r3_7536323_8-1cf5cef7ab,2026-04-30T19:46:48.361Z,45.872,3,33.95,210,0,0,,,,
powertraces-pt200array_pt220_r3_7536323_8-1cf5cef7ab,2026-04-30T19:46:48.461Z,45.972,0,43.4,210,0,0,,,,
powertraces-pt200array_pt220_r3_7536323_8-1cf5cef7ab,2026-04-30T19:46:48.461Z,45.972,1,33.53,210,0,0,,,,
powertraces-pt200array_pt220_r3_7536323_8-1cf5cef7ab,2026-04-30T19:46:48.461Z,45.972,2,35.27,210,0,0,,,,
powertraces-pt200array_pt220_r3_7536323_8-1cf5cef7ab,2026-04-30T19:46:48.461Z,45.972,3,33.95,210,0,0,,,,
powertraces-pt200array_pt220_r3_7536323_8-1cf5cef7ab,2026-04-30T19:46:48.561Z,46.072,0,43.4,210,0,0,,,,
powertraces-pt200array_pt220_r3_7536323_8-1cf5cef7ab,2026-04-30T19:46:48.561Z,46.072,1,33.53,210,0,0,,,,
powertraces-pt200array_pt220_r3_7536323_8-1cf5cef7ab,2026-04-30T19:46:48.561Z,46.072,2,35.27,210,0,0,,,,
powertraces-pt200array_pt220_r3_7536323_8-1cf5cef7ab,2026-04-30T19:46:48.561Z,46.072,3,33.95,210,0,0,,,,
powertraces-pt200array_pt220_r3_7536323_8-1cf5cef7ab,2026-04-30T19:46:48.661Z,46.172,0,43.4,210,0,0,,,,
powertraces-pt200array_pt220_r3_7536323_8-1cf5cef7ab,2026-04-30T19:46:48.661Z,46.172,1,33.53,210,0,0,,,,
powertraces-pt200array_pt220_r3_7536323_8-1cf5cef7ab,2026-04-30T19:46:48.661Z,46.172,2,35.27,210,0,0,,,,
powertraces-pt200array_pt220_r3_7536323_8-1cf5cef7ab,2026-04-30T19:46:48.661Z,46.172,3,33.95,210,0,0,,,,
powertraces-pt200array_pt220_r3_7536323_8-1cf5cef7ab,2026-04-30T19:46:48.761Z,46.272,0,43.4,210,0,0,,,,
powertraces-pt200array_pt220_r3_7536323_8-1cf5cef7ab,2026-04-30T19:46:48.761Z,46.272,1,33.53,210,0,0,,,,
powertraces-pt200array_pt220_r3_7536323_8-1cf5cef7ab,2026-04-30T19:46:48.761Z,46.272,2,35.27,210,0,0,,,,
powertraces-pt200array_pt220_r3_7536323_8-1cf5cef7ab,2026-04-30T19:46:48.761Z,46.272,3,33.95,210,0,0,,,,
powertraces-pt200array_pt220_r3_7536323_8-1cf5cef7ab,2026-04-30T19:46:48.861Z,46.372,0,43.4,210,0,0,,,,
powertraces-pt200array_pt220_r3_7536323_8-1cf5cef7ab,2026-04-30T19:46:48.861Z,46.372,1,33.53,210,0,0,,,,
powertraces-pt200array_pt220_r3_7536323_8-1cf5cef7ab,2026-04-30T19:46:48.861Z,46.372,2,35.27,210,0,0,,,,
powertraces-pt200array_pt220_r3_7536323_8-1cf5cef7ab,2026-04-30T19:46:48.861Z,46.372,3,33.95,210,0,0,,,,
powertraces-pt200array_pt220_r3_7536323_8-1cf5cef7ab,2026-04-30T19:46:48.961Z,46.472,0,43.4,210,0,0,,,,
powertraces-pt200array_pt220_r3_7536323_8-1cf5cef7ab,2026-04-30T19:46:48.961Z,46.472,1,33.53,210,0,0,,,,
powertraces-pt200array_pt220_r3_7536323_8-1cf5cef7ab,2026-04-30T19:46:48.961Z,46.472,2,35.27,210,0,0,,,,
powertraces-pt200array_pt220_r3_7536323_8-1cf5cef7ab,2026-04-30T19:46:48.961Z,46.472,3,33.95,210,0,0,,,,
powertraces-pt200array_pt220_r3_7536323_8-1cf5cef7ab,2026-04-30T19:46:49.061Z,46.572,0,43.4,210,0,0,,,,
powertraces-pt200array_pt220_r3_7536323_8-1cf5cef7ab,2026-04-30T19:46:49.061Z,46.572,1,33.53,210,0,0,,,,
powertraces-pt200array_pt220_r3_7536323_8-1cf5cef7ab,2026-04-30T19:46:49.061Z,46.572,2,35.27,210,0,0,,,,
powertraces-pt200array_pt220_r3_7536323_8-1cf5cef7ab,2026-04-30T19:46:49.061Z,46.572,3,33.95,210,0,0,,,,
powertraces-pt200array_pt220_r3_7536323_8-1cf5cef7ab,2026-04-30T19:46:49.162Z,46.673,0,43.4,210,0,0,,,,
powertraces-pt200array_pt220_r3_7536323_8-1cf5cef7ab,2026-04-30T19:46:49.162Z,46.673,1,33.53,210,0,0,,,,
powertraces-pt200array_pt220_r3_7536323_8-1cf5cef7ab,2026-04-30T19:46:49.162Z,46.673,2,35.27,210,0,0,,,,
powertraces-pt200array_pt220_r3_7536323_8-1cf5cef7ab,2026-04-30T19:46:49.162Z,46.673,3,33.95,210,0,0,,,,
powertraces-pt200array_pt220_r3_7536323_8-1cf5cef7ab,2026-04-30T19:46:49.262Z,46.773,0,43.4,210,0,0,,,,
powertraces-pt200array_pt220_r3_7536323_8-1cf5cef7ab,2026-04-30T19:46:49.262Z,46.773,1,33.53,210,0,0,,,,
powertraces-pt200array_pt220_r3_7536323_8-1cf5cef7ab,2026-04-30T19:46:49.262Z,46.773,2,35.27,210,0,0,,,,
powertraces-pt200array_pt220_r3_7536323_8-1cf5cef7ab,2026-04-30T19:46:49.262Z,46.773,3,33.95,210,0,0,,,,
powertraces-pt200array_pt220_r3_7536323_8-1cf5cef7ab,2026-04-30T19:46:49.362Z,46.873,0,43.4,210,0,0,,,,
powertraces-pt200array_pt220_r3_7536323_8-1cf5cef7ab,2026-04-30T19:46:49.362Z,46.873,1,33.53,210,0,0,,,,
powertraces-pt200array_pt220_r3_7536323_8-1cf5cef7ab,2026-04-30T19:46:49.362Z,46.873,2,35.27,210,0,0,,,,
powertraces-pt200array_pt220_r3_7536323_8-1cf5cef7ab,2026-04-30T19:46:49.362Z,46.873,3,33.95,210,0,0,,,,
powertraces-pt200array_pt220_r3_7536323_8-1cf5cef7ab,2026-04-30T19:46:49.462Z,46.973,0,43.4,210,0,0,,,,
powertraces-pt200array_pt220_r3_7536323_8-1cf5cef7ab,2026-04-30T19:46:49.462Z,46.973,1,33.53,210,0,0,,,,
powertraces-pt200array_pt220_r3_7536323_8-1cf5cef7ab,2026-04-30T19:46:49.462Z,46.973,2,35.27,210,0,0,,,,
powertraces-pt200array_pt220_r3_7536323_8-1cf5cef7ab,2026-04-30T19:46:49.462Z,46.973,3,33.95,210,0,0,,,,
powertraces-pt200array_pt220_r3_7536323_8-1cf5cef7ab,2026-04-30T19:46:49.562Z,47.073,0,43.4,210,0,0,,,,
powertraces-pt200array_pt220_r3_7536323_8-1cf5cef7ab,2026-04-30T19:46:49.562Z,47.073,1,33.53,210,0,0,,,,
powertraces-pt200array_pt220_r3_7536323_8-1cf5cef7ab,2026-04-30T19:46:49.562Z,47.073,2,35.27,210,0,0,,,,
powertraces-pt200array_pt220_r3_7536323_8-1cf5cef7ab,2026-04-30T19:46:49.562Z,47.073,3,33.95,210,0,0,,,,
powertraces-pt200array_pt220_r3_7536323_8-1cf5cef7ab,2026-04-30T19:46:49.662Z,47.173,0,43.4,210,0,0,,,,
powertraces-pt200array_pt220_r3_7536323_8-1cf5cef7ab,2026-04-30T19:46:49.662Z,47.173,1,33.53,210,0,0,,,,
powertraces-pt200array_pt220_r3_7536323_8-1cf5cef7ab,2026-04-30T19:46:49.662Z,47.173,2,35.27,210,0,0,,,,
powertraces-pt200array_pt220_r3_7536323_8-1cf5cef7ab,2026-04-30T19:46:49.662Z,47.173,3,33.95,210,0,0,,,,
powertraces-pt200array_pt220_r3_7536323_8-1cf5cef7ab,2026-04-30T19:46:49.762Z,47.273,0,43.28,210,0,0,,,,
powertraces-pt200array_pt220_r3_7536323_8-1cf5cef7ab,2026-04-30T19:46:49.762Z,47.273,1,33.53,210,0,0,,,,
powertraces-pt200array_pt220_r3_7536323_8-1cf5cef7ab,2026-04-30T19:46:49.762Z,47.273,2,35.27,210,0,0,,,,
powertraces-pt200array_pt220_r3_7536323_8-1cf5cef7ab,2026-04-30T19:46:49.762Z,47.273,3,33.95,210,0,0,,,,
powertraces-pt200array_pt220_r3_7536323_8-1cf5cef7ab,2026-04-30T19:46:49.863Z,47.374,0,43.28,210,0,0,,,,
powertraces-pt200array_pt220_r3_7536323_8-1cf5cef7ab,2026-04-30T19:46:49.863Z,47.374,1,33.53,210,0,0,,,,
powertraces-pt200array_pt220_r3_7536323_8-1cf5cef7ab,2026-04-30T19:46:49.863Z,47.374,2,35.27,210,0,0,,,,
powertraces-pt200array_pt220_r3_7536323_8-1cf5cef7ab,2026-04-30T19:46:49.863Z,47.374,3,33.95,210,0,0,,,,
powertraces-pt200array_pt220_r3_7536323_8-1cf5cef7ab,2026-04-30T19:46:49.963Z,47.474,0,43.28,210,0,0,,,,
powertraces-pt200array_pt220_r3_7536323_8-1cf5cef7ab,2026-04-30T19:46:49.963Z,47.474,1,33.53,210,0,0,,,,
powertraces-pt200array_pt220_r3_7536323_8-1cf5cef7ab,2026-04-30T19:46:49.963Z,47.474,2,35.27,210,0,0,,,,
powertraces-pt200array_pt220_r3_7536323_8-1cf5cef7ab,2026-04-30T19:46:49.963Z,47.474,3,33.95,210,0,0,,,,
powertraces-pt200array_pt220_r3_7536323_8-1cf5cef7ab,2026-04-30T19:46:50.063Z,47.574,0,43.28,210,0,0,,,,
powertraces-pt200array_pt220_r3_7536323_8-1cf5cef7ab,2026-04-30T19:46:50.063Z,47.574,1,33.53,210,0,0,,,,
powertraces-pt200array_pt220_r3_7536323_8-1cf5cef7ab,2026-04-30T19:46:50.063Z,47.574,2,35.27,210,0,0,,,,
powertraces-pt200array_pt220_r3_7536323_8-1cf5cef7ab,2026-04-30T19:46:50.063Z,47.574,3,33.95,210,0,0,,,,
powertraces-pt200array_pt220_r3_7536323_8-1cf5cef7ab,2026-04-30T19:46:50.163Z,47.674,0,43.28,210,0,0,,,,
powertraces-pt200array_pt220_r3_7536323_8-1cf5cef7ab,2026-04-30T19:46:50.163Z,47.674,1,33.53,210,0,0,,,,
powertraces-pt200array_pt220_r3_7536323_8-1cf5cef7ab,2026-04-30T19:46:50.163Z,47.674,2,35.27,210,0,0,,,,
powertraces-pt200array_pt220_r3_7536323_8-1cf5cef7ab,2026-04-30T19:46:50.163Z,47.674,3,33.95,210,0,0,,,,
powertraces-pt200array_pt220_r3_7536323_8-1cf5cef7ab,2026-04-30T19:46:50.263Z,47.774,0,43.28,210,0,0,,,,
powertraces-pt200array_pt220_r3_7536323_8-1cf5cef7ab,2026-04-30T19:46:50.263Z,47.774,1,33.53,210,0,0,,,,
powertraces-pt200array_pt220_r3_7536323_8-1cf5cef7ab,2026-04-30T19:46:50.263Z,47.774,2,35.27,210,0,0,,,,
powertraces-pt200array_pt220_r3_7536323_8-1cf5cef7ab,2026-04-30T19:46:50.263Z,47.774,3,33.95,210,0,0,,,,
powertraces-pt200array_pt220_r3_7536323_8-1cf5cef7ab,2026-04-30T19:46:50.363Z,47.874,0,43.28,210,0,0,,,,
powertraces-pt200array_pt220_r3_7536323_8-1cf5cef7ab,2026-04-30T19:46:50.363Z,47.874,1,33.53,210,0,0,,,,
powertraces-pt200array_pt220_r3_7536323_8-1cf5cef7ab,2026-04-30T19:46:50.363Z,47.874,2,35.27,210,0,0,,,,
powertraces-pt200array_pt220_r3_7536323_8-1cf5cef7ab,2026-04-30T19:46:50.363Z,47.874,3,33.95,210,0,0,,,,
powertraces-pt200array_pt220_r3_7536323_8-1cf5cef7ab,2026-04-30T19:46:50.464Z,47.975,0,43.28,210,0,0,,,,
powertraces-pt200array_pt220_r3_7536323_8-1cf5cef7ab,2026-04-30T19:46:50.464Z,47.975,1,33.53,210,0,0,,,,
powertraces-pt200array_pt220_r3_7536323_8-1cf5cef7ab,2026-04-30T19:46:50.464Z,47.975,2,35.27,210,0,0,,,,
powertraces-pt200array_pt220_r3_7536323_8-1cf5cef7ab,2026-04-30T19:46:50.464Z,47.975,3,33.95,210,0,0,,,,
powertraces-pt200array_pt220_r3_7536323_8-1cf5cef7ab,2026-04-30T19:46:50.564Z,48.075,0,43.28,210,0,0,,,,
powertraces-pt200array_pt220_r3_7536323_8-1cf5cef7ab,2026-04-30T19:46:50.564Z,48.075,1,33.53,210,0,0,,,,
powertraces-pt200array_pt220_r3_7536323_8-1cf5cef7ab,2026-04-30T19:46:50.564Z,48.075,2,35.27,210,0,0,,,,
powertraces-pt200array_pt220_r3_7536323_8-1cf5cef7ab,2026-04-30T19:46:50.564Z,48.075,3,33.95,210,0,0,,,,
powertraces-pt200array_pt220_r3_7536323_8-1cf5cef7ab,2026-04-30T19:46:50.664Z,48.175,0,43.28,210,0,0,,,,
powertraces-pt200array_pt220_r3_7536323_8-1cf5cef7ab,2026-04-30T19:46:50.664Z,48.175,1,33.53,210,0,0,,,,
powertraces-pt200array_pt220_r3_7536323_8-1cf5cef7ab,2026-04-30T19:46:50.664Z,48.175,2,35.27,210,0,0,,,,
powertraces-pt200array_pt220_r3_7536323_8-1cf5cef7ab,2026-04-30T19:46:50.664Z,48.175,3,33.95,210,0,0,,,,
powertraces-pt200array_pt220_r3_7536323_8-1cf5cef7ab,2026-04-30T19:46:50.764Z,48.275,0,43.16,210,0,0,,,,
powertraces-pt200array_pt220_r3_7536323_8-1cf5cef7ab,2026-04-30T19:46:50.764Z,48.275,1,33.53,210,0,0,,,,
powertraces-pt200array_pt220_r3_7536323_8-1cf5cef7ab,2026-04-30T19:46:50.764Z,48.275,2,35.27,210,0,0,,,,
powertraces-pt200array_pt220_r3_7536323_8-1cf5cef7ab,2026-04-30T19:46:50.764Z,48.275,3,33.95,210,0,0,,,,
powertraces-pt200array_pt220_r3_7536323_8-1cf5cef7ab,2026-04-30T19:46:50.864Z,48.375,0,43.16,210,0,0,,,,
powertraces-pt200array_pt220_r3_7536323_8-1cf5cef7ab,2026-04-30T19:46:50.864Z,48.375,1,33.53,210,0,0,,,,
powertraces-pt200array_pt220_r3_7536323_8-1cf5cef7ab,2026-04-30T19:46:50.864Z,48.375,2,35.27,210,0,0,,,,
powertraces-pt200array_pt220_r3_7536323_8-1cf5cef7ab,2026-04-30T19:46:50.864Z,48.375,3,33.95,210,0,0,,,,
powertraces-pt200array_pt220_r3_7536323_8-1cf5cef7ab,2026-04-30T19:46:50.964Z,48.475,0,43.16,210,0,0,,,,
powertraces-pt200array_pt220_r3_7536323_8-1cf5cef7ab,2026-04-30T19:46:50.964Z,48.475,1,33.53,210,0,0,,,,
powertraces-pt200array_pt220_r3_7536323_8-1cf5cef7ab,2026-04-30T19:46:50.964Z,48.475,2,35.27,210,0,0,,,,
powertraces-pt200array_pt220_r3_7536323_8-1cf5cef7ab,2026-04-30T19:46:50.964Z,48.475,3,33.95,210,0,0,,,,
powertraces-pt200array_pt220_r3_7536323_8-1cf5cef7ab,2026-04-30T19:46:51.064Z,48.575,0,43.16,210,0,0,,,,
powertraces-pt200array_pt220_r3_7536323_8-1cf5cef7ab,2026-04-30T19:46:51.064Z,48.575,1,33.53,210,0,0,,,,
powertraces-pt200array_pt220_r3_7536323_8-1cf5cef7ab,2026-04-30T19:46:51.065Z,48.576,2,35.27,210,0,0,,,,
powertraces-pt200array_pt220_r3_7536323_8-1cf5cef7ab,2026-04-30T19:46:51.065Z,48.576,3,33.95,210,0,0,,,,
powertraces-pt200array_pt220_r3_7536323_8-1cf5cef7ab,2026-04-30T19:46:51.165Z,48.676,0,43.16,210,0,0,,,,
powertraces-pt200array_pt220_r3_7536323_8-1cf5cef7ab,2026-04-30T19:46:51.165Z,48.676,1,33.53,210,0,0,,,,
powertraces-pt200array_pt220_r3_7536323_8-1cf5cef7ab,2026-04-30T19:46:51.165Z,48.676,2,35.27,210,0,0,,,,
powertraces-pt200array_pt220_r3_7536323_8-1cf5cef7ab,2026-04-30T19:46:51.165Z,48.676,3,33.95,210,0,0,,,,
powertraces-pt200array_pt220_r3_7536323_8-1cf5cef7ab,2026-04-30T19:46:51.265Z,48.776,0,43.16,210,0,0,,,,
powertraces-pt200array_pt220_r3_7536323_8-1cf5cef7ab,2026-04-30T19:46:51.265Z,48.776,1,33.53,210,0,0,,,,
powertraces-pt200array_pt220_r3_7536323_8-1cf5cef7ab,2026-04-30T19:46:51.265Z,48.776,2,35.27,210,0,0,,,,
powertraces-pt200array_pt220_r3_7536323_8-1cf5cef7ab,2026-04-30T19:46:51.265Z,48.776,3,33.95,210,0,0,,,,
powertraces-pt200array_pt220_r3_7536323_8-1cf5cef7ab,2026-04-30T19:46:51.365Z,48.876,0,43.16,210,0,0,,,,
powertraces-pt200array_pt220_r3_7536323_8-1cf5cef7ab,2026-04-30T19:46:51.365Z,48.876,1,33.53,210,0,0,,,,
powertraces-pt200array_pt220_r3_7536323_8-1cf5cef7ab,2026-04-30T19:46:51.365Z,48.876,2,35.27,210,0,0,,,,
powertraces-pt200array_pt220_r3_7536323_8-1cf5cef7ab,2026-04-30T19:46:51.365Z,48.876,3,33.95,210,0,0,,,,
powertraces-pt200array_pt220_r3_7536323_8-1cf5cef7ab,2026-04-30T19:46:51.465Z,48.976,0,43.16,210,0,0,,,,
powertraces-pt200array_pt220_r3_7536323_8-1cf5cef7ab,2026-04-30T19:46:51.465Z,48.976,1,33.53,210,0,0,,,,
powertraces-pt200array_pt220_r3_7536323_8-1cf5cef7ab,2026-04-30T19:46:51.465Z,48.976,2,35.27,210,0,0,,,,
powertraces-pt200array_pt220_r3_7536323_8-1cf5cef7ab,2026-04-30T19:46:51.465Z,48.976,3,33.95,210,0,0,,,,
powertraces-pt200array_pt220_r3_7536323_8-1cf5cef7ab,2026-04-30T19:46:51.565Z,49.076,0,43.16,210,0,0,,,,
powertraces-pt200array_pt220_r3_7536323_8-1cf5cef7ab,2026-04-30T19:46:51.565Z,49.076,1,33.53,210,0,0,,,,
powertraces-pt200array_pt220_r3_7536323_8-1cf5cef7ab,2026-04-30T19:46:51.565Z,49.076,2,35.27,210,0,0,,,,
powertraces-pt200array_pt220_r3_7536323_8-1cf5cef7ab,2026-04-30T19:46:51.565Z,49.076,3,33.95,210,0,0,,,,
powertraces-pt200array_pt220_r3_7536323_8-1cf5cef7ab,2026-04-30T19:46:51.665Z,49.176,0,43.16,210,0,0,,,,
powertraces-pt200array_pt220_r3_7536323_8-1cf5cef7ab,2026-04-30T19:46:51.665Z,49.176,1,33.53,210,0,0,,,,
powertraces-pt200array_pt220_r3_7536323_8-1cf5cef7ab,2026-04-30T19:46:51.665Z,49.176,2,35.27,210,0,0,,,,
powertraces-pt200array_pt220_r3_7536323_8-1cf5cef7ab,2026-04-30T19:46:51.665Z,49.176,3,33.95,210,0,0,,,,
powertraces-pt200array_pt220_r3_7536323_8-1cf5cef7ab,2026-04-30T19:46:51.765Z,49.276,0,43.16,210,0,0,,,,
powertraces-pt200array_pt220_r3_7536323_8-1cf5cef7ab,2026-04-30T19:46:51.765Z,49.276,1,33.53,210,0,0,,,,
powertraces-pt200array_pt220_r3_7536323_8-1cf5cef7ab,2026-04-30T19:46:51.765Z,49.276,2,35.27,210,0,0,,,,
powertraces-pt200array_pt220_r3_7536323_8-1cf5cef7ab,2026-04-30T19:46:51.765Z,49.276,3,33.95,210,0,0,,,,
powertraces-pt200array_pt220_r3_7536323_8-1cf5cef7ab,2026-04-30T19:46:51.866Z,49.377,0,43.16,210,0,0,,,,
powertraces-pt200array_pt220_r3_7536323_8-1cf5cef7ab,2026-04-30T19:46:51.866Z,49.377,1,33.53,210,0,0,,,,
powertraces-pt200array_pt220_r3_7536323_8-1cf5cef7ab,2026-04-30T19:46:51.866Z,49.377,2,35.27,210,0,0,,,,
powertraces-pt200array_pt220_r3_7536323_8-1cf5cef7ab,2026-04-30T19:46:51.866Z,49.377,3,33.95,210,0,0,,,,
powertraces-pt200array_pt220_r3_7536323_8-1cf5cef7ab,2026-04-30T19:46:51.966Z,49.477,0,43.16,210,0,0,,,,
powertraces-pt200array_pt220_r3_7536323_8-1cf5cef7ab,2026-04-30T19:46:51.966Z,49.477,1,33.53,210,0,0,,,,
powertraces-pt200array_pt220_r3_7536323_8-1cf5cef7ab,2026-04-30T19:46:51.966Z,49.477,2,35.27,210,0,0,,,,
powertraces-pt200array_pt220_r3_7536323_8-1cf5cef7ab,2026-04-30T19:46:51.966Z,49.477,3,33.95,210,0,0,,,,
powertraces-pt200array_pt220_r3_7536323_8-1cf5cef7ab,2026-04-30T19:46:52.066Z,49.577,0,43.16,210,0,0,,,,
powertraces-pt200array_pt220_r3_7536323_8-1cf5cef7ab,2026-04-30T19:46:52.066Z,49.577,1,33.53,210,0,0,,,,
powertraces-pt200array_pt220_r3_7536323_8-1cf5cef7ab,2026-04-30T19:46:52.066Z,49.577,2,35.27,210,0,0,,,,
powertraces-pt200array_pt220_r3_7536323_8-1cf5cef7ab,2026-04-30T19:46:52.066Z,49.577,3,33.95,210,0,0,,,,
powertraces-pt200array_pt220_r3_7536323_8-1cf5cef7ab,2026-04-30T19:46:52.166Z,49.677,0,43.16,210,0,0,,,,
powertraces-pt200array_pt220_r3_7536323_8-1cf5cef7ab,2026-04-30T19:46:52.166Z,49.677,1,33.53,210,0,0,,,,
powertraces-pt200array_pt220_r3_7536323_8-1cf5cef7ab,2026-04-30T19:46:52.166Z,49.677,2,35.27,210,0,0,,,,
powertraces-pt200array_pt220_r3_7536323_8-1cf5cef7ab,2026-04-30T19:46:52.166Z,49.677,3,33.95,210,0,0,,,,
powertraces-pt200array_pt220_r3_7536323_8-1cf5cef7ab,2026-04-30T19:46:52.266Z,49.777,0,43.16,210,0,0,,,,
powertraces-pt200array_pt220_r3_7536323_8-1cf5cef7ab,2026-04-30T19:46:52.266Z,49.777,1,33.53,210,0,0,,,,
powertraces-pt200array_pt220_r3_7536323_8-1cf5cef7ab,2026-04-30T19:46:52.266Z,49.777,2,35.27,210,0,0,,,,
powertraces-pt200array_pt220_r3_7536323_8-1cf5cef7ab,2026-04-30T19:46:52.266Z,49.777,3,33.95,210,0,0,,,,
powertraces-pt200array_pt220_r3_7536323_8-1cf5cef7ab,2026-04-30T19:46:52.366Z,49.877,0,43.16,210,0,0,,,,
powertraces-pt200array_pt220_r3_7536323_8-1cf5cef7ab,2026-04-30T19:46:52.366Z,49.877,1,33.53,210,0,0,,,,
powertraces-pt200array_pt220_r3_7536323_8-1cf5cef7ab,2026-04-30T19:46:52.366Z,49.877,2,35.27,210,0,0,,,,
powertraces-pt200array_pt220_r3_7536323_8-1cf5cef7ab,2026-04-30T19:46:52.366Z,49.877,3,33.95,210,0,0,,,,
powertraces-pt200array_pt220_r3_7536323_8-1cf5cef7ab,2026-04-30T19:46:52.467Z,49.978,0,43.16,210,0,0,,,,
powertraces-pt200array_pt220_r3_7536323_8-1cf5cef7ab,2026-04-30T19:46:52.467Z,49.978,1,33.53,210,0,0,,,,
powertraces-pt200array_pt220_r3_7536323_8-1cf5cef7ab,2026-04-30T19:46:52.467Z,49.978,2,35.27,210,0,0,,,,
powertraces-pt200array_pt220_r3_7536323_8-1cf5cef7ab,2026-04-30T19:46:52.467Z,49.978,3,33.95,210,0,0,,,,
powertraces-pt200array_pt220_r3_7536323_8-1cf5cef7ab,2026-04-30T19:46:52.567Z,50.078,0,43.16,210,0,0,,,,
powertraces-pt200array_pt220_r3_7536323_8-1cf5cef7ab,2026-04-30T19:46:52.567Z,50.078,1,33.53,210,0,0,,,,
powertraces-pt200array_pt220_r3_7536323_8-1cf5cef7ab,2026-04-30T19:46:52.567Z,50.078,2,35.27,210,0,0,,,,
powertraces-pt200array_pt220_r3_7536323_8-1cf5cef7ab,2026-04-30T19:46:52.567Z,50.078,3,33.95,210,0,0,,,,
powertraces-pt200array_pt220_r3_7536323_8-1cf5cef7ab,2026-04-30T19:46:52.667Z,50.178,0,43.16,210,0,0,,,,
powertraces-pt200array_pt220_r3_7536323_8-1cf5cef7ab,2026-04-30T19:46:52.667Z,50.178,1,33.53,210,0,0,,,,
powertraces-pt200array_pt220_r3_7536323_8-1cf5cef7ab,2026-04-30T19:46:52.667Z,50.178,2,35.27,210,0,0,,,,
powertraces-pt200array_pt220_r3_7536323_8-1cf5cef7ab,2026-04-30T19:46:52.667Z,50.178,3,33.95,210,0,0,,,,
powertraces-pt200array_pt220_r3_7536323_8-1cf5cef7ab,2026-04-30T19:46:52.767Z,50.278,0,43.16,210,0,0,,,,
powertraces-pt200array_pt220_r3_7536323_8-1cf5cef7ab,2026-04-30T19:46:52.767Z,50.278,1,33.53,210,0,0,,,,
powertraces-pt200array_pt220_r3_7536323_8-1cf5cef7ab,2026-04-30T19:46:52.767Z,50.278,2,35.27,210,0,0,,,,
powertraces-pt200array_pt220_r3_7536323_8-1cf5cef7ab,2026-04-30T19:46:52.767Z,50.278,3,33.95,210,0,0,,,,
powertraces-pt200array_pt220_r3_7536323_8-1cf5cef7ab,2026-04-30T19:46:52.867Z,50.378,0,43.16,210,0,0,,,,
powertraces-pt200array_pt220_r3_7536323_8-1cf5cef7ab,2026-04-30T19:46:52.867Z,50.378,1,33.53,210,0,0,,,,
powertraces-pt200array_pt220_r3_7536323_8-1cf5cef7ab,2026-04-30T19:46:52.867Z,50.378,2,35.27,210,0,0,,,,
powertraces-pt200array_pt220_r3_7536323_8-1cf5cef7ab,2026-04-30T19:46:52.867Z,50.378,3,33.95,210,0,0,,,,
powertraces-pt200array_pt220_r3_7536323_8-1cf5cef7ab,2026-04-30T19:46:52.967Z,50.478,0,43.16,210,0,0,,,,
powertraces-pt200array_pt220_r3_7536323_8-1cf5cef7ab,2026-04-30T19:46:52.967Z,50.478,1,33.53,210,0,0,,,,
powertraces-pt200array_pt220_r3_7536323_8-1cf5cef7ab,2026-04-30T19:46:52.967Z,50.478,2,35.27,210,0,0,,,,
powertraces-pt200array_pt220_r3_7536323_8-1cf5cef7ab,2026-04-30T19:46:52.967Z,50.478,3,33.95,210,0,0,,,,
powertraces-pt200array_pt220_r3_7536323_8-1cf5cef7ab,2026-04-30T19:46:53.067Z,50.578,0,43.16,210,0,0,,,,
powertraces-pt200array_pt220_r3_7536323_8-1cf5cef7ab,2026-04-30T19:46:53.068Z,50.579,1,33.53,210,0,0,,,,
powertraces-pt200array_pt220_r3_7536323_8-1cf5cef7ab,2026-04-30T19:46:53.068Z,50.579,2,35.27,210,0,0,,,,
powertraces-pt200array_pt220_r3_7536323_8-1cf5cef7ab,2026-04-30T19:46:53.068Z,50.579,3,33.95,210,0,0,,,,
powertraces-pt200array_pt220_r3_7536323_8-1cf5cef7ab,2026-04-30T19:46:53.168Z,50.679,0,43.16,210,0,0,,,,
powertraces-pt200array_pt220_r3_7536323_8-1cf5cef7ab,2026-04-30T19:46:53.168Z,50.679,1,33.53,210,0,0,,,,
powertraces-pt200array_pt220_r3_7536323_8-1cf5cef7ab,2026-04-30T19:46:53.168Z,50.679,2,35.27,210,0,0,,,,
powertraces-pt200array_pt220_r3_7536323_8-1cf5cef7ab,2026-04-30T19:46:53.168Z,50.679,3,33.95,210,0,0,,,,
powertraces-pt200array_pt220_r3_7536323_8-1cf5cef7ab,2026-04-30T19:46:53.268Z,50.779,0,43.16,210,0,0,,,,
powertraces-pt200array_pt220_r3_7536323_8-1cf5cef7ab,2026-04-30T19:46:53.268Z,50.779,1,33.53,210,0,0,,,,
powertraces-pt200array_pt220_r3_7536323_8-1cf5cef7ab,2026-04-30T19:46:53.268Z,50.779,2,35.27,210,0,0,,,,
powertraces-pt200array_pt220_r3_7536323_8-1cf5cef7ab,2026-04-30T19:46:53.268Z,50.779,3,33.95,210,0,0,,,,
powertraces-pt200array_pt220_r3_7536323_8-1cf5cef7ab,2026-04-30T19:46:53.368Z,50.879,0,43.16,210,0,0,,,,
powertraces-pt200array_pt220_r3_7536323_8-1cf5cef7ab,2026-04-30T19:46:53.368Z,50.879,1,33.53,210,0,0,,,,
powertraces-pt200array_pt220_r3_7536323_8-1cf5cef7ab,2026-04-30T19:46:53.368Z,50.879,2,35.27,210,0,0,,,,
powertraces-pt200array_pt220_r3_7536323_8-1cf5cef7ab,2026-04-30T19:46:53.368Z,50.879,3,33.95,210,0,0,,,,
powertraces-pt200array_pt220_r3_7536323_8-1cf5cef7ab,2026-04-30T19:46:53.468Z,50.979,0,43.16,210,0,0,,,,
powertraces-pt200array_pt220_r3_7536323_8-1cf5cef7ab,2026-04-30T19:46:53.468Z,50.979,1,33.53,210,0,0,,,,
powertraces-pt200array_pt220_r3_7536323_8-1cf5cef7ab,2026-04-30T19:46:53.468Z,50.979,2,35.27,210,0,0,,,,
powertraces-pt200array_pt220_r3_7536323_8-1cf5cef7ab,2026-04-30T19:46:53.468Z,50.979,3,33.95,210,0,0,,,,
powertraces-pt200array_pt220_r3_7536323_8-1cf5cef7ab,2026-04-30T19:46:53.568Z,51.079,0,43.16,210,0,0,,,,
powertraces-pt200array_pt220_r3_7536323_8-1cf5cef7ab,2026-04-30T19:46:53.568Z,51.079,1,33.53,210,0,0,,,,
powertraces-pt200array_pt220_r3_7536323_8-1cf5cef7ab,2026-04-30T19:46:53.568Z,51.079,2,35.27,210,0,0,,,,
powertraces-pt200array_pt220_r3_7536323_8-1cf5cef7ab,2026-04-30T19:46:53.568Z,51.079,3,33.95,210,0,0,,,,
powertraces-pt200array_pt220_r3_7536323_8-1cf5cef7ab,2026-04-30T19:46:53.668Z,51.179,0,43.16,210,0,0,,,,
powertraces-pt200array_pt220_r3_7536323_8-1cf5cef7ab,2026-04-30T19:46:53.669Z,51.18,1,33.53,210,0,0,,,,
powertraces-pt200array_pt220_r3_7536323_8-1cf5cef7ab,2026-04-30T19:46:53.669Z,51.18,2,35.27,210,0,0,,,,
powertraces-pt200array_pt220_r3_7536323_8-1cf5cef7ab,2026-04-30T19:46:53.669Z,51.18,3,33.95,210,0,0,,,,
powertraces-pt200array_pt220_r3_7536323_8-1cf5cef7ab,2026-04-30T19:46:53.769Z,51.28,0,43.16,210,0,0,,,,
powertraces-pt200array_pt220_r3_7536323_8-1cf5cef7ab,2026-04-30T19:46:53.769Z,51.28,1,33.53,210,0,0,,,,
powertraces-pt200array_pt220_r3_7536323_8-1cf5cef7ab,2026-04-30T19:46:53.769Z,51.28,2,35.27,210,0,0,,,,
powertraces-pt200array_pt220_r3_7536323_8-1cf5cef7ab,2026-04-30T19:46:53.769Z,51.28,3,33.95,210,0,0,,,,
powertraces-pt200array_pt220_r3_7536323_8-1cf5cef7ab,2026-04-30T19:46:53.869Z,51.38,0,43.16,210,0,0,,,,
powertraces-pt200array_pt220_r3_7536323_8-1cf5cef7ab,2026-04-30T19:46:53.869Z,51.38,1,33.53,210,0,0,,,,
powertraces-pt200array_pt220_r3_7536323_8-1cf5cef7ab,2026-04-30T19:46:53.869Z,51.38,2,35.27,210,0,0,,,,
powertraces-pt200array_pt220_r3_7536323_8-1cf5cef7ab,2026-04-30T19:46:53.869Z,51.38,3,33.95,210,0,0,,,,
powertraces-pt200array_pt220_r3_7536323_8-1cf5cef7ab,2026-04-30T19:46:53.969Z,51.48,0,43.16,210,0,0,,,,
powertraces-pt200array_pt220_r3_7536323_8-1cf5cef7ab,2026-04-30T19:46:53.969Z,51.48,1,33.53,210,0,0,,,,
powertraces-pt200array_pt220_r3_7536323_8-1cf5cef7ab,2026-04-30T19:46:53.969Z,51.48,2,35.27,210,0,0,,,,
powertraces-pt200array_pt220_r3_7536323_8-1cf5cef7ab,2026-04-30T19:46:53.969Z,51.48,3,33.95,210,0,0,,,,
powertraces-pt200array_pt220_r3_7536323_8-1cf5cef7ab,2026-04-30T19:46:54.069Z,51.58,0,43.16,210,0,0,,,,
powertraces-pt200array_pt220_r3_7536323_8-1cf5cef7ab,2026-04-30T19:46:54.069Z,51.58,1,33.53,210,0,0,,,,
powertraces-pt200array_pt220_r3_7536323_8-1cf5cef7ab,2026-04-30T19:46:54.069Z,51.58,2,35.27,210,0,0,,,,
powertraces-pt200array_pt220_r3_7536323_8-1cf5cef7ab,2026-04-30T19:46:54.069Z,51.58,3,33.95,210,0,0,,,,
powertraces-pt200array_pt220_r3_7536323_8-1cf5cef7ab,2026-04-30T19:46:54.169Z,51.68,0,43.16,210,0,0,,,,
powertraces-pt200array_pt220_r3_7536323_8-1cf5cef7ab,2026-04-30T19:46:54.169Z,51.68,1,33.53,210,0,0,,,,
powertraces-pt200array_pt220_r3_7536323_8-1cf5cef7ab,2026-04-30T19:46:54.169Z,51.68,2,35.27,210,0,0,,,,
powertraces-pt200array_pt220_r3_7536323_8-1cf5cef7ab,2026-04-30T19:46:54.169Z,51.68,3,33.95,210,0,0,,,,
powertraces-pt200array_pt220_r3_7536323_8-1cf5cef7ab,2026-04-30T19:46:54.269Z,51.78,0,43.16,210,0,0,,,,
powertraces-pt200array_pt220_r3_7536323_8-1cf5cef7ab,2026-04-30T19:46:54.269Z,51.78,1,33.53,210,0,0,,,,
powertraces-pt200array_pt220_r3_7536323_8-1cf5cef7ab,2026-04-30T19:46:54.269Z,51.78,2,35.27,210,0,0,,,,
powertraces-pt200array_pt220_r3_7536323_8-1cf5cef7ab,2026-04-30T19:46:54.269Z,51.78,3,33.95,210,0,0,,,,
powertraces-pt200array_pt220_r3_7536323_8-1cf5cef7ab,2026-04-30T19:46:54.369Z,51.88,0,43.16,210,0,0,,,,
powertraces-pt200array_pt220_r3_7536323_8-1cf5cef7ab,2026-04-30T19:46:54.369Z,51.88,1,33.53,210,0,0,,,,
powertraces-pt200array_pt220_r3_7536323_8-1cf5cef7ab,2026-04-30T19:46:54.369Z,51.88,2,35.27,210,0,0,,,,
powertraces-pt200array_pt220_r3_7536323_8-1cf5cef7ab,2026-04-30T19:46:54.369Z,51.88,3,33.95,210,0,0,,,,
powertraces-pt200array_pt220_r3_7536323_8-1cf5cef7ab,2026-04-30T19:46:54.47Z,51.981,0,43.16,210,0,0,,,,
powertraces-pt200array_pt220_r3_7536323_8-1cf5cef7ab,2026-04-30T19:46:54.47Z,51.981,1,33.53,210,0,0,,,,
powertraces-pt200array_pt220_r3_7536323_8-1cf5cef7ab,2026-04-30T19:46:54.47Z,51.981,2,35.27,210,0,0,,,,
powertraces-pt200array_pt220_r3_7536323_8-1cf5cef7ab,2026-04-30T19:46:54.47Z,51.981,3,33.95,210,0,0,,,,
powertraces-pt200array_pt220_r3_7536323_8-1cf5cef7ab,2026-04-30T19:46:54.57Z,52.081,0,43.16,210,0,0,,,,
powertraces-pt200array_pt220_r3_7536323_8-1cf5cef7ab,2026-04-30T19:46:54.57Z,52.081,1,33.53,210,0,0,,,,
powertraces-pt200array_pt220_r3_7536323_8-1cf5cef7ab,2026-04-30T19:46:54.57Z,52.081,2,35.27,210,0,0,,,,
powertraces-pt200array_pt220_r3_7536323_8-1cf5cef7ab,2026-04-30T19:46:54.57Z,52.081,3,33.95,210,0,0,,,,
powertraces-pt200array_pt220_r3_7536323_8-1cf5cef7ab,2026-04-30T19:46:54.67Z,52.181,0,43.16,210,0,0,,,,
powertraces-pt200array_pt220_r3_7536323_8-1cf5cef7ab,2026-04-30T19:46:54.67Z,52.181,1,33.53,210,0,0,,,,
powertraces-pt200array_pt220_r3_7536323_8-1cf5cef7ab,2026-04-30T19:46:54.67Z,52.181,2,35.27,210,0,0,,,,
powertraces-pt200array_pt220_r3_7536323_8-1cf5cef7ab,2026-04-30T19:46:54.67Z,52.181,3,33.95,210,0,0,,,,
powertraces-pt200array_pt220_r3_7536323_8-1cf5cef7ab,2026-04-30T19:46:54.77Z,52.281,0,43.16,210,0,0,,,,
powertraces-pt200array_pt220_r3_7536323_8-1cf5cef7ab,2026-04-30T19:46:54.77Z,52.281,1,33.53,210,0,0,,,,
powertraces-pt200array_pt220_r3_7536323_8-1cf5cef7ab,2026-04-30T19:46:54.77Z,52.281,2,35.27,210,0,0,,,,
powertraces-pt200array_pt220_r3_7536323_8-1cf5cef7ab,2026-04-30T19:46:54.77Z,52.281,3,33.95,210,0,0,,,,
powertraces-pt200array_pt220_r3_7536323_8-1cf5cef7ab,2026-04-30T19:46:54.87Z,52.381,0,43.16,210,0,0,,,,
powertraces-pt200array_pt220_r3_7536323_8-1cf5cef7ab,2026-04-30T19:46:54.87Z,52.381,1,33.53,210,0,0,,,,
powertraces-pt200array_pt220_r3_7536323_8-1cf5cef7ab,2026-04-30T19:46:54.87Z,52.381,2,35.27,210,0,0,,,,
powertraces-pt200array_pt220_r3_7536323_8-1cf5cef7ab,2026-04-30T19:46:54.87Z,52.381,3,33.95,210,0,0,,,,
powertraces-pt200array_pt220_r3_7536323_8-1cf5cef7ab,2026-04-30T19:46:54.97Z,52.481,0,43.16,210,0,0,,,,
powertraces-pt200array_pt220_r3_7536323_8-1cf5cef7ab,2026-04-30T19:46:54.97Z,52.481,1,33.53,210,0,0,,,,
powertraces-pt200array_pt220_r3_7536323_8-1cf5cef7ab,2026-04-30T19:46:54.97Z,52.481,2,35.27,210,0,0,,,,
powertraces-pt200array_pt220_r3_7536323_8-1cf5cef7ab,2026-04-30T19:46:54.97Z,52.481,3,33.95,210,0,0,,,,
powertraces-pt200array_pt220_r3_7536323_8-1cf5cef7ab,2026-04-30T19:46:55.07Z,52.581,0,43.16,210,0,0,,,,
powertraces-pt200array_pt220_r3_7536323_8-1cf5cef7ab,2026-04-30T19:46:55.07Z,52.581,1,33.53,210,0,0,,,,
powertraces-pt200array_pt220_r3_7536323_8-1cf5cef7ab,2026-04-30T19:46:55.07Z,52.581,2,35.27,210,0,0,,,,
powertraces-pt200array_pt220_r3_7536323_8-1cf5cef7ab,2026-04-30T19:46:55.07Z,52.581,3,33.95,210,0,0,,,,
powertraces-pt200array_pt220_r3_7536323_8-1cf5cef7ab,2026-04-30T19:46:55.171Z,52.682,0,43.16,210,0,0,,,,
powertraces-pt200array_pt220_r3_7536323_8-1cf5cef7ab,2026-04-30T19:46:55.171Z,52.682,1,33.53,210,0,0,,,,
powertraces-pt200array_pt220_r3_7536323_8-1cf5cef7ab,2026-04-30T19:46:55.171Z,52.682,2,35.27,210,0,0,,,,
powertraces-pt200array_pt220_r3_7536323_8-1cf5cef7ab,2026-04-30T19:46:55.171Z,52.682,3,33.95,210,0,0,,,,
powertraces-pt200array_pt220_r3_7536323_8-1cf5cef7ab,2026-04-30T19:46:55.271Z,52.782,0,43.16,210,0,0,,,,
powertraces-pt200array_pt220_r3_7536323_8-1cf5cef7ab,2026-04-30T19:46:55.271Z,52.782,1,33.53,210,0,0,,,,
powertraces-pt200array_pt220_r3_7536323_8-1cf5cef7ab,2026-04-30T19:46:55.271Z,52.782,2,35.27,210,0,0,,,,
powertraces-pt200array_pt220_r3_7536323_8-1cf5cef7ab,2026-04-30T19:46:55.271Z,52.782,3,33.95,210,0,0,,,,
powertraces-pt200array_pt220_r3_7536323_8-1cf5cef7ab,2026-04-30T19:46:55.371Z,52.882,0,43.16,210,0,0,,,,
powertraces-pt200array_pt220_r3_7536323_8-1cf5cef7ab,2026-04-30T19:46:55.371Z,52.882,1,33.53,210,0,0,,,,
powertraces-pt200array_pt220_r3_7536323_8-1cf5cef7ab,2026-04-30T19:46:55.371Z,52.882,2,35.27,210,0,0,,,,
powertraces-pt200array_pt220_r3_7536323_8-1cf5cef7ab,2026-04-30T19:46:55.371Z,52.882,3,33.95,210,0,0,,,,
powertraces-pt200array_pt220_r3_7536323_8-1cf5cef7ab,2026-04-30T19:46:55.471Z,52.982,0,43.16,210,0,0,,,,
powertraces-pt200array_pt220_r3_7536323_8-1cf5cef7ab,2026-04-30T19:46:55.471Z,52.982,1,33.53,210,0,0,,,,
powertraces-pt200array_pt220_r3_7536323_8-1cf5cef7ab,2026-04-30T19:46:55.471Z,52.982,2,35.27,210,0,0,,,,
powertraces-pt200array_pt220_r3_7536323_8-1cf5cef7ab,2026-04-30T19:46:55.471Z,52.982,3,33.95,210,0,0,,,,
powertraces-pt200array_pt220_r3_7536323_8-1cf5cef7ab,2026-04-30T19:46:55.571Z,53.082,0,43.16,210,0,0,,,,
powertraces-pt200array_pt220_r3_7536323_8-1cf5cef7ab,2026-04-30T19:46:55.571Z,53.082,1,33.53,210,0,0,,,,
powertraces-pt200array_pt220_r3_7536323_8-1cf5cef7ab,2026-04-30T19:46:55.571Z,53.082,2,35.27,210,0,0,,,,
powertraces-pt200array_pt220_r3_7536323_8-1cf5cef7ab,2026-04-30T19:46:55.571Z,53.082,3,33.95,210,0,0,,,,
powertraces-pt200array_pt220_r3_7536323_8-1cf5cef7ab,2026-04-30T19:46:55.671Z,53.182,0,43.16,210,0,0,,,,
powertraces-pt200array_pt220_r3_7536323_8-1cf5cef7ab,2026-04-30T19:46:55.671Z,53.182,1,33.53,210,0,0,,,,
powertraces-pt200array_pt220_r3_7536323_8-1cf5cef7ab,2026-04-30T19:46:55.671Z,53.182,2,35.27,210,0,0,,,,
powertraces-pt200array_pt220_r3_7536323_8-1cf5cef7ab,2026-04-30T19:46:55.671Z,53.182,3,33.95,210,0,0,,,,
powertraces-pt200array_pt220_r3_7536323_8-1cf5cef7ab,2026-04-30T19:46:55.771Z,53.282,0,43.03,210,0,0,,,,
powertraces-pt200array_pt220_r3_7536323_8-1cf5cef7ab,2026-04-30T19:46:55.771Z,53.282,1,33.53,210,0,0,,,,
powertraces-pt200array_pt220_r3_7536323_8-1cf5cef7ab,2026-04-30T19:46:55.771Z,53.282,2,35.27,210,0,0,,,,
powertraces-pt200array_pt220_r3_7536323_8-1cf5cef7ab,2026-04-30T19:46:55.771Z,53.282,3,33.95,210,0,0,,,,
powertraces-pt200array_pt220_r3_7536323_8-1cf5cef7ab,2026-04-30T19:46:55.872Z,53.383,0,43.03,210,0,0,,,,
powertraces-pt200array_pt220_r3_7536323_8-1cf5cef7ab,2026-04-30T19:46:55.872Z,53.383,1,33.53,210,0,0,,,,
powertraces-pt200array_pt220_r3_7536323_8-1cf5cef7ab,2026-04-30T19:46:55.872Z,53.383,2,35.27,210,0,0,,,,
powertraces-pt200array_pt220_r3_7536323_8-1cf5cef7ab,2026-04-30T19:46:55.872Z,53.383,3,33.95,210,0,0,,,,
powertraces-pt200array_pt220_r3_7536323_8-1cf5cef7ab,2026-04-30T19:46:55.972Z,53.483,0,43.03,210,0,0,,,,
powertraces-pt200array_pt220_r3_7536323_8-1cf5cef7ab,2026-04-30T19:46:55.972Z,53.483,1,33.53,210,0,0,,,,
powertraces-pt200array_pt220_r3_7536323_8-1cf5cef7ab,2026-04-30T19:46:55.972Z,53.483,2,35.27,210,0,0,,,,
powertraces-pt200array_pt220_r3_7536323_8-1cf5cef7ab,2026-04-30T19:46:55.972Z,53.483,3,33.95,210,0,0,,,,
powertraces-pt200array_pt220_r3_7536323_8-1cf5cef7ab,2026-04-30T19:46:56.072Z,53.583,0,43.03,210,0,0,,,,
powertraces-pt200array_pt220_r3_7536323_8-1cf5cef7ab,2026-04-30T19:46:56.072Z,53.583,1,33.53,210,0,0,,,,
powertraces-pt200array_pt220_r3_7536323_8-1cf5cef7ab,2026-04-30T19:46:56.072Z,53.583,2,35.27,210,0,0,,,,
powertraces-pt200array_pt220_r3_7536323_8-1cf5cef7ab,2026-04-30T19:46:56.072Z,53.583,3,33.95,210,0,0,,,,
powertraces-pt200array_pt220_r3_7536323_8-1cf5cef7ab,2026-04-30T19:46:56.172Z,53.683,0,43.03,210,0,0,,,,
powertraces-pt200array_pt220_r3_7536323_8-1cf5cef7ab,2026-04-30T19:46:56.172Z,53.683,1,33.53,210,0,0,,,,
powertraces-pt200array_pt220_r3_7536323_8-1cf5cef7ab,2026-04-30T19:46:56.172Z,53.683,2,35.27,210,0,0,,,,
powertraces-pt200array_pt220_r3_7536323_8-1cf5cef7ab,2026-04-30T19:46:56.172Z,53.683,3,33.95,210,0,0,,,,
powertraces-pt200array_pt220_r3_7536323_8-1cf5cef7ab,2026-04-30T19:46:56.272Z,53.783,0,43.03,210,0,0,,,,
powertraces-pt200array_pt220_r3_7536323_8-1cf5cef7ab,2026-04-30T19:46:56.272Z,53.783,1,33.53,210,0,0,,,,
powertraces-pt200array_pt220_r3_7536323_8-1cf5cef7ab,2026-04-30T19:46:56.272Z,53.783,2,35.27,210,0,0,,,,
powertraces-pt200array_pt220_r3_7536323_8-1cf5cef7ab,2026-04-30T19:46:56.272Z,53.783,3,33.95,210,0,0,,,,
powertraces-pt200array_pt220_r3_7536323_8-1cf5cef7ab,2026-04-30T19:46:56.372Z,53.883,0,43.03,210,0,0,,,,
powertraces-pt200array_pt220_r3_7536323_8-1cf5cef7ab,2026-04-30T19:46:56.372Z,53.883,1,33.53,210,0,0,,,,
powertraces-pt200array_pt220_r3_7536323_8-1cf5cef7ab,2026-04-30T19:46:56.372Z,53.883,2,35.27,210,0,0,,,,
powertraces-pt200array_pt220_r3_7536323_8-1cf5cef7ab,2026-04-30T19:46:56.372Z,53.883,3,33.95,210,0,0,,,,
powertraces-pt200array_pt220_r3_7536323_8-1cf5cef7ab,2026-04-30T19:46:56.472Z,53.983,0,43.03,210,0,0,,,,
powertraces-pt200array_pt220_r3_7536323_8-1cf5cef7ab,2026-04-30T19:46:56.472Z,53.983,1,33.53,210,0,0,,,,
powertraces-pt200array_pt220_r3_7536323_8-1cf5cef7ab,2026-04-30T19:46:56.472Z,53.983,2,35.27,210,0,0,,,,
powertraces-pt200array_pt220_r3_7536323_8-1cf5cef7ab,2026-04-30T19:46:56.472Z,53.983,3,33.95,210,0,0,,,,
powertraces-pt200array_pt220_r3_7536323_8-1cf5cef7ab,2026-04-30T19:46:56.573Z,54.084,0,43.03,210,0,0,,,,
powertraces-pt200array_pt220_r3_7536323_8-1cf5cef7ab,2026-04-30T19:46:56.573Z,54.084,1,33.53,210,0,0,,,,
powertraces-pt200array_pt220_r3_7536323_8-1cf5cef7ab,2026-04-30T19:46:56.573Z,54.084,2,35.27,210,0,0,,,,
powertraces-pt200array_pt220_r3_7536323_8-1cf5cef7ab,2026-04-30T19:46:56.573Z,54.084,3,33.95,210,0,0,,,,
powertraces-pt200array_pt220_r3_7536323_8-1cf5cef7ab,2026-04-30T19:46:56.673Z,54.184,0,43.03,210,0,0,,,,
powertraces-pt200array_pt220_r3_7536323_8-1cf5cef7ab,2026-04-30T19:46:56.673Z,54.184,1,33.53,210,0,0,,,,
powertraces-pt200array_pt220_r3_7536323_8-1cf5cef7ab,2026-04-30T19:46:56.673Z,54.184,2,35.27,210,0,0,,,,
powertraces-pt200array_pt220_r3_7536323_8-1cf5cef7ab,2026-04-30T19:46:56.673Z,54.184,3,33.95,210,0,0,,,,
powertraces-pt200array_pt220_r3_7536323_8-1cf5cef7ab,2026-04-30T19:46:56.773Z,54.284,0,42.91,210,0,0,,,,
powertraces-pt200array_pt220_r3_7536323_8-1cf5cef7ab,2026-04-30T19:46:56.773Z,54.284,1,33.53,210,0,0,,,,
powertraces-pt200array_pt220_r3_7536323_8-1cf5cef7ab,2026-04-30T19:46:56.773Z,54.284,2,35.27,210,0,0,,,,
powertraces-pt200array_pt220_r3_7536323_8-1cf5cef7ab,2026-04-30T19:46:56.773Z,54.284,3,33.95,210,0,0,,,,
powertraces-pt200array_pt220_r3_7536323_8-1cf5cef7ab,2026-04-30T19:46:56.873Z,54.384,0,42.91,210,0,0,,,,
powertraces-pt200array_pt220_r3_7536323_8-1cf5cef7ab,2026-04-30T19:46:56.873Z,54.384,1,33.53,210,0,0,,,,
powertraces-pt200array_pt220_r3_7536323_8-1cf5cef7ab,2026-04-30T19:46:56.873Z,54.384,2,35.27,210,0,0,,,,
powertraces-pt200array_pt220_r3_7536323_8-1cf5cef7ab,2026-04-30T19:46:56.873Z,54.384,3,33.95,210,0,0,,,,
powertraces-pt200array_pt220_r3_7536323_8-1cf5cef7ab,2026-04-30T19:46:56.973Z,54.484,0,42.91,210,0,0,,,,
powertraces-pt200array_pt220_r3_7536323_8-1cf5cef7ab,2026-04-30T19:46:56.973Z,54.484,1,33.53,210,0,0,,,,
powertraces-pt200array_pt220_r3_7536323_8-1cf5cef7ab,2026-04-30T19:46:56.973Z,54.484,2,35.27,210,0,0,,,,
powertraces-pt200array_pt220_r3_7536323_8-1cf5cef7ab,2026-04-30T19:46:56.973Z,54.484,3,33.95,210,0,0,,,,
powertraces-pt200array_pt220_r3_7536323_8-1cf5cef7ab,2026-04-30T19:46:57.073Z,54.584,0,42.91,210,0,0,,,,
powertraces-pt200array_pt220_r3_7536323_8-1cf5cef7ab,2026-04-30T19:46:57.073Z,54.584,1,33.53,210,0,0,,,,
powertraces-pt200array_pt220_r3_7536323_8-1cf5cef7ab,2026-04-30T19:46:57.073Z,54.584,2,35.27,210,0,0,,,,
powertraces-pt200array_pt220_r3_7536323_8-1cf5cef7ab,2026-04-30T19:46:57.073Z,54.584,3,33.95,210,0,0,,,,
powertraces-pt200array_pt220_r3_7536323_8-1cf5cef7ab,2026-04-30T19:46:57.174Z,54.685,0,42.91,210,0,0,,,,
powertraces-pt200array_pt220_r3_7536323_8-1cf5cef7ab,2026-04-30T19:46:57.174Z,54.685,1,33.53,210,0,0,,,,
powertraces-pt200array_pt220_r3_7536323_8-1cf5cef7ab,2026-04-30T19:46:57.174Z,54.685,2,35.27,210,0,0,,,,
powertraces-pt200array_pt220_r3_7536323_8-1cf5cef7ab,2026-04-30T19:46:57.174Z,54.685,3,33.95,210,0,0,,,,
powertraces-pt200array_pt220_r3_7536323_8-1cf5cef7ab,2026-04-30T19:46:57.274Z,54.785,0,42.91,210,0,0,,,,
powertraces-pt200array_pt220_r3_7536323_8-1cf5cef7ab,2026-04-30T19:46:57.274Z,54.785,1,33.53,210,0,0,,,,
powertraces-pt200array_pt220_r3_7536323_8-1cf5cef7ab,2026-04-30T19:46:57.274Z,54.785,2,35.27,210,0,0,,,,
powertraces-pt200array_pt220_r3_7536323_8-1cf5cef7ab,2026-04-30T19:46:57.274Z,54.785,3,33.95,210,0,0,,,,
powertraces-pt200array_pt220_r3_7536323_8-1cf5cef7ab,2026-04-30T19:46:57.374Z,54.885,0,42.91,210,0,0,,,,
powertraces-pt200array_pt220_r3_7536323_8-1cf5cef7ab,2026-04-30T19:46:57.374Z,54.885,1,33.53,210,0,0,,,,
powertraces-pt200array_pt220_r3_7536323_8-1cf5cef7ab,2026-04-30T19:46:57.374Z,54.885,2,35.27,210,0,0,,,,
powertraces-pt200array_pt220_r3_7536323_8-1cf5cef7ab,2026-04-30T19:46:57.374Z,54.885,3,33.95,210,0,0,,,,
powertraces-pt200array_pt220_r3_7536323_8-1cf5cef7ab,2026-04-30T19:46:57.474Z,54.985,0,42.91,210,0,0,,,,
powertraces-pt200array_pt220_r3_7536323_8-1cf5cef7ab,2026-04-30T19:46:57.474Z,54.985,1,33.53,210,0,0,,,,
powertraces-pt200array_pt220_r3_7536323_8-1cf5cef7ab,2026-04-30T19:46:57.474Z,54.985,2,35.27,210,0,0,,,,
powertraces-pt200array_pt220_r3_7536323_8-1cf5cef7ab,2026-04-30T19:46:57.474Z,54.985,3,33.95,210,0,0,,,,
powertraces-pt200array_pt220_r3_7536323_8-1cf5cef7ab,2026-04-30T19:46:57.574Z,55.085,0,42.91,210,0,0,,,,
powertraces-pt200array_pt220_r3_7536323_8-1cf5cef7ab,2026-04-30T19:46:57.574Z,55.085,1,33.53,210,0,0,,,,
powertraces-pt200array_pt220_r3_7536323_8-1cf5cef7ab,2026-04-30T19:46:57.574Z,55.085,2,35.27,210,0,0,,,,
powertraces-pt200array_pt220_r3_7536323_8-1cf5cef7ab,2026-04-30T19:46:57.574Z,55.085,3,33.95,210,0,0,,,,
powertraces-pt200array_pt220_r3_7536323_8-1cf5cef7ab,2026-04-30T19:46:57.674Z,55.185,0,42.91,210,0,0,,,,
powertraces-pt200array_pt220_r3_7536323_8-1cf5cef7ab,2026-04-30T19:46:57.674Z,55.185,1,33.53,210,0,0,,,,
powertraces-pt200array_pt220_r3_7536323_8-1cf5cef7ab,2026-04-30T19:46:57.674Z,55.185,2,35.27,210,0,0,,,,
powertraces-pt200array_pt220_r3_7536323_8-1cf5cef7ab,2026-04-30T19:46:57.674Z,55.185,3,33.95,210,0,0,,,,
powertraces-pt200array_pt220_r3_7536323_8-1cf5cef7ab,2026-04-30T19:46:57.774Z,55.285,0,42.91,210,0,0,,,,
powertraces-pt200array_pt220_r3_7536323_8-1cf5cef7ab,2026-04-30T19:46:57.774Z,55.285,1,33.53,210,0,0,,,,
powertraces-pt200array_pt220_r3_7536323_8-1cf5cef7ab,2026-04-30T19:46:57.774Z,55.285,2,35.27,210,0,0,,,,
powertraces-pt200array_pt220_r3_7536323_8-1cf5cef7ab,2026-04-30T19:46:57.774Z,55.285,3,33.95,210,0,0,,,,
powertraces-pt200array_pt220_r3_7536323_8-1cf5cef7ab,2026-04-30T19:46:57.875Z,55.386,0,42.91,210,0,0,,,,
powertraces-pt200array_pt220_r3_7536323_8-1cf5cef7ab,2026-04-30T19:46:57.875Z,55.386,1,33.53,210,0,0,,,,
powertraces-pt200array_pt220_r3_7536323_8-1cf5cef7ab,2026-04-30T19:46:57.875Z,55.386,2,35.27,210,0,0,,,,
powertraces-pt200array_pt220_r3_7536323_8-1cf5cef7ab,2026-04-30T19:46:57.875Z,55.386,3,33.95,210,0,0,,,,
powertraces-pt200array_pt220_r3_7536323_8-1cf5cef7ab,2026-04-30T19:46:57.975Z,55.486,0,42.91,210,0,0,,,,
powertraces-pt200array_pt220_r3_7536323_8-1cf5cef7ab,2026-04-30T19:46:57.975Z,55.486,1,33.53,210,0,0,,,,
powertraces-pt200array_pt220_r3_7536323_8-1cf5cef7ab,2026-04-30T19:46:57.975Z,55.486,2,35.27,210,0,0,,,,
powertraces-pt200array_pt220_r3_7536323_8-1cf5cef7ab,2026-04-30T19:46:57.975Z,55.486,3,33.95,210,0,0,,,,
powertraces-pt200array_pt220_r3_7536323_8-1cf5cef7ab,2026-04-30T19:46:58.075Z,55.586,0,42.91,210,0,0,,,,
powertraces-pt200array_pt220_r3_7536323_8-1cf5cef7ab,2026-04-30T19:46:58.075Z,55.586,1,33.53,210,0,0,,,,
powertraces-pt200array_pt220_r3_7536323_8-1cf5cef7ab,2026-04-30T19:46:58.075Z,55.586,2,35.27,210,0,0,,,,
powertraces-pt200array_pt220_r3_7536323_8-1cf5cef7ab,2026-04-30T19:46:58.075Z,55.586,3,33.95,210,0,0,,,,
powertraces-pt200array_pt220_r3_7536323_8-1cf5cef7ab,2026-04-30T19:46:58.175Z,55.686,0,42.91,210,0,0,,,,
powertraces-pt200array_pt220_r3_7536323_8-1cf5cef7ab,2026-04-30T19:46:58.175Z,55.686,1,33.53,210,0,0,,,,
powertraces-pt200array_pt220_r3_7536323_8-1cf5cef7ab,2026-04-30T19:46:58.175Z,55.686,2,35.27,210,0,0,,,,
powertraces-pt200array_pt220_r3_7536323_8-1cf5cef7ab,2026-04-30T19:46:58.175Z,55.686,3,33.95,210,0,0,,,,
powertraces-pt200array_pt220_r3_7536323_8-1cf5cef7ab,2026-04-30T19:46:58.275Z,55.786,0,42.91,210,0,0,,,,
powertraces-pt200array_pt220_r3_7536323_8-1cf5cef7ab,2026-04-30T19:46:58.275Z,55.786,1,33.53,210,0,0,,,,
powertraces-pt200array_pt220_r3_7536323_8-1cf5cef7ab,2026-04-30T19:46:58.275Z,55.786,2,35.27,210,0,0,,,,
powertraces-pt200array_pt220_r3_7536323_8-1cf5cef7ab,2026-04-30T19:46:58.275Z,55.786,3,33.95,210,0,0,,,,
powertraces-pt200array_pt220_r3_7536323_8-1cf5cef7ab,2026-04-30T19:46:58.375Z,55.886,0,42.91,210,0,0,,,,
powertraces-pt200array_pt220_r3_7536323_8-1cf5cef7ab,2026-04-30T19:46:58.375Z,55.886,1,33.53,210,0,0,,,,
powertraces-pt200array_pt220_r3_7536323_8-1cf5cef7ab,2026-04-30T19:46:58.375Z,55.886,2,35.27,210,0,0,,,,
powertraces-pt200array_pt220_r3_7536323_8-1cf5cef7ab,2026-04-30T19:46:58.375Z,55.886,3,33.95,210,0,0,,,,
powertraces-pt200array_pt220_r3_7536323_8-1cf5cef7ab,2026-04-30T19:46:58.475Z,55.986,0,42.91,210,0,0,,,,
powertraces-pt200array_pt220_r3_7536323_8-1cf5cef7ab,2026-04-30T19:46:58.476Z,55.987,1,33.53,210,0,0,,,,
powertraces-pt200array_pt220_r3_7536323_8-1cf5cef7ab,2026-04-30T19:46:58.476Z,55.987,2,35.27,210,0,0,,,,
powertraces-pt200array_pt220_r3_7536323_8-1cf5cef7ab,2026-04-30T19:46:58.476Z,55.987,3,33.95,210,0,0,,,,
powertraces-pt200array_pt220_r3_7536323_8-1cf5cef7ab,2026-04-30T19:46:58.576Z,56.087,0,42.91,210,0,0,,,,
powertraces-pt200array_pt220_r3_7536323_8-1cf5cef7ab,2026-04-30T19:46:58.576Z,56.087,1,33.53,210,0,0,,,,
powertraces-pt200array_pt220_r3_7536323_8-1cf5cef7ab,2026-04-30T19:46:58.576Z,56.087,2,35.27,210,0,0,,,,
powertraces-pt200array_pt220_r3_7536323_8-1cf5cef7ab,2026-04-30T19:46:58.576Z,56.087,3,33.95,210,0,0,,,,
powertraces-pt200array_pt220_r3_7536323_8-1cf5cef7ab,2026-04-30T19:46:58.676Z,56.187,0,42.91,210,0,0,,,,
powertraces-pt200array_pt220_r3_7536323_8-1cf5cef7ab,2026-04-30T19:46:58.676Z,56.187,1,33.53,210,0,0,,,,
powertraces-pt200array_pt220_r3_7536323_8-1cf5cef7ab,2026-04-30T19:46:58.676Z,56.187,2,35.27,210,0,0,,,,
powertraces-pt200array_pt220_r3_7536323_8-1cf5cef7ab,2026-04-30T19:46:58.676Z,56.187,3,33.95,210,0,0,,,,
powertraces-pt200array_pt220_r3_7536323_8-1cf5cef7ab,2026-04-30T19:46:58.776Z,56.287,0,42.91,210,0,0,,,,
powertraces-pt200array_pt220_r3_7536323_8-1cf5cef7ab,2026-04-30T19:46:58.776Z,56.287,1,33.53,210,0,0,,,,
powertraces-pt200array_pt220_r3_7536323_8-1cf5cef7ab,2026-04-30T19:46:58.776Z,56.287,2,35.27,210,0,0,,,,
powertraces-pt200array_pt220_r3_7536323_8-1cf5cef7ab,2026-04-30T19:46:58.776Z,56.287,3,33.95,210,0,0,,,,
powertraces-pt200array_pt220_r3_7536323_8-1cf5cef7ab,2026-04-30T19:46:58.876Z,56.387,0,42.91,210,0,0,,,,
powertraces-pt200array_pt220_r3_7536323_8-1cf5cef7ab,2026-04-30T19:46:58.876Z,56.387,1,33.53,210,0,0,,,,
powertraces-pt200array_pt220_r3_7536323_8-1cf5cef7ab,2026-04-30T19:46:58.876Z,56.387,2,35.27,210,0,0,,,,
powertraces-pt200array_pt220_r3_7536323_8-1cf5cef7ab,2026-04-30T19:46:58.876Z,56.387,3,33.95,210,0,0,,,,
powertraces-pt200array_pt220_r3_7536323_8-1cf5cef7ab,2026-04-30T19:46:58.976Z,56.487,0,42.91,210,0,0,,,,
powertraces-pt200array_pt220_r3_7536323_8-1cf5cef7ab,2026-04-30T19:46:58.976Z,56.487,1,33.53,210,0,0,,,,
powertraces-pt200array_pt220_r3_7536323_8-1cf5cef7ab,2026-04-30T19:46:58.976Z,56.487,2,35.27,210,0,0,,,,
powertraces-pt200array_pt220_r3_7536323_8-1cf5cef7ab,2026-04-30T19:46:58.976Z,56.487,3,33.95,210,0,0,,,,
powertraces-pt200array_pt220_r3_7536323_8-1cf5cef7ab,2026-04-30T19:46:59.076Z,56.587,0,42.91,210,0,0,,,,
powertraces-pt200array_pt220_r3_7536323_8-1cf5cef7ab,2026-04-30T19:46:59.076Z,56.587,1,33.53,210,0,0,,,,
powertraces-pt200array_pt220_r3_7536323_8-1cf5cef7ab,2026-04-30T19:46:59.076Z,56.587,2,35.27,210,0,0,,,,
powertraces-pt200array_pt220_r3_7536323_8-1cf5cef7ab,2026-04-30T19:46:59.076Z,56.587,3,33.95,210,0,0,,,,
powertraces-pt200array_pt220_r3_7536323_8-1cf5cef7ab,2026-04-30T19:46:59.177Z,56.688,0,42.91,210,0,0,,,,
powertraces-pt200array_pt220_r3_7536323_8-1cf5cef7ab,2026-04-30T19:46:59.177Z,56.688,1,33.53,210,0,0,,,,
powertraces-pt200array_pt220_r3_7536323_8-1cf5cef7ab,2026-04-30T19:46:59.177Z,56.688,2,35.27,210,0,0,,,,
powertraces-pt200array_pt220_r3_7536323_8-1cf5cef7ab,2026-04-30T19:46:59.177Z,56.688,3,33.95,210,0,0,,,,
powertraces-pt200array_pt220_r3_7536323_8-1cf5cef7ab,2026-04-30T19:46:59.277Z,56.788,0,42.91,210,0,0,,,,
powertraces-pt200array_pt220_r3_7536323_8-1cf5cef7ab,2026-04-30T19:46:59.277Z,56.788,1,33.53,210,0,0,,,,
powertraces-pt200array_pt220_r3_7536323_8-1cf5cef7ab,2026-04-30T19:46:59.277Z,56.788,2,35.27,210,0,0,,,,
powertraces-pt200array_pt220_r3_7536323_8-1cf5cef7ab,2026-04-30T19:46:59.277Z,56.788,3,33.95,210,0,0,,,,
powertraces-pt200array_pt220_r3_7536323_8-1cf5cef7ab,2026-04-30T19:46:59.377Z,56.888,0,42.91,210,0,0,,,,
powertraces-pt200array_pt220_r3_7536323_8-1cf5cef7ab,2026-04-30T19:46:59.377Z,56.888,1,33.53,210,0,0,,,,
powertraces-pt200array_pt220_r3_7536323_8-1cf5cef7ab,2026-04-30T19:46:59.377Z,56.888,2,35.27,210,0,0,,,,
powertraces-pt200array_pt220_r3_7536323_8-1cf5cef7ab,2026-04-30T19:46:59.377Z,56.888,3,33.95,210,0,0,,,,
powertraces-pt200array_pt220_r3_7536323_8-1cf5cef7ab,2026-04-30T19:46:59.477Z,56.988,0,42.91,210,0,0,,,,
powertraces-pt200array_pt220_r3_7536323_8-1cf5cef7ab,2026-04-30T19:46:59.477Z,56.988,1,33.53,210,0,0,,,,
powertraces-pt200array_pt220_r3_7536323_8-1cf5cef7ab,2026-04-30T19:46:59.477Z,56.988,2,35.27,210,0,0,,,,
powertraces-pt200array_pt220_r3_7536323_8-1cf5cef7ab,2026-04-30T19:46:59.477Z,56.988,3,33.95,210,0,0,,,,
powertraces-pt200array_pt220_r3_7536323_8-1cf5cef7ab,2026-04-30T19:46:59.577Z,57.088,0,42.91,210,0,0,,,,
powertraces-pt200array_pt220_r3_7536323_8-1cf5cef7ab,2026-04-30T19:46:59.577Z,57.088,1,33.53,210,0,0,,,,
powertraces-pt200array_pt220_r3_7536323_8-1cf5cef7ab,2026-04-30T19:46:59.577Z,57.088,2,35.27,210,0,0,,,,
powertraces-pt200array_pt220_r3_7536323_8-1cf5cef7ab,2026-04-30T19:46:59.577Z,57.088,3,33.95,210,0,0,,,,
powertraces-pt200array_pt220_r3_7536323_8-1cf5cef7ab,2026-04-30T19:46:59.677Z,57.188,0,42.91,210,0,0,,,,
powertraces-pt200array_pt220_r3_7536323_8-1cf5cef7ab,2026-04-30T19:46:59.677Z,57.188,1,33.53,210,0,0,,,,
powertraces-pt200array_pt220_r3_7536323_8-1cf5cef7ab,2026-04-30T19:46:59.677Z,57.188,2,35.27,210,0,0,,,,
powertraces-pt200array_pt220_r3_7536323_8-1cf5cef7ab,2026-04-30T19:46:59.677Z,57.188,3,33.95,210,0,0,,,,
powertraces-pt200array_pt220_r3_7536323_8-1cf5cef7ab,2026-04-30T19:46:59.777Z,57.288,0,42.91,210,0,0,,,,
powertraces-pt200array_pt220_r3_7536323_8-1cf5cef7ab,2026-04-30T19:46:59.777Z,57.288,1,33.53,210,0,0,,,,
powertraces-pt200array_pt220_r3_7536323_8-1cf5cef7ab,2026-04-30T19:46:59.777Z,57.288,2,35.27,210,0,0,,,,
powertraces-pt200array_pt220_r3_7536323_8-1cf5cef7ab,2026-04-30T19:46:59.777Z,57.288,3,33.95,210,0,0,,,,
powertraces-pt200array_pt220_r3_7536323_8-1cf5cef7ab,2026-04-30T19:46:59.878Z,57.389,0,42.91,210,0,0,,,,
powertraces-pt200array_pt220_r3_7536323_8-1cf5cef7ab,2026-04-30T19:46:59.878Z,57.389,1,33.53,210,0,0,,,,
powertraces-pt200array_pt220_r3_7536323_8-1cf5cef7ab,2026-04-30T19:46:59.878Z,57.389,2,35.27,210,0,0,,,,
powertraces-pt200array_pt220_r3_7536323_8-1cf5cef7ab,2026-04-30T19:46:59.878Z,57.389,3,33.95,210,0,0,,,,
powertraces-pt200array_pt220_r3_7536323_8-1cf5cef7ab,2026-04-30T19:46:59.978Z,57.489,0,42.91,210,0,0,,,,
powertraces-pt200array_pt220_r3_7536323_8-1cf5cef7ab,2026-04-30T19:46:59.978Z,57.489,1,33.53,210,0,0,,,,
powertraces-pt200array_pt220_r3_7536323_8-1cf5cef7ab,2026-04-30T19:46:59.978Z,57.489,2,35.27,210,0,0,,,,
powertraces-pt200array_pt220_r3_7536323_8-1cf5cef7ab,2026-04-30T19:46:59.978Z,57.489,3,33.95,210,0,0,,,,
powertraces-pt200array_pt220_r3_7536323_8-1cf5cef7ab,2026-04-30T19:47:00.078Z,57.589,0,42.91,210,0,0,,,,
powertraces-pt200array_pt220_r3_7536323_8-1cf5cef7ab,2026-04-30T19:47:00.078Z,57.589,1,33.53,210,0,0,,,,
powertraces-pt200array_pt220_r3_7536323_8-1cf5cef7ab,2026-04-30T19:47:00.078Z,57.589,2,35.27,210,0,0,,,,
powertraces-pt200array_pt220_r3_7536323_8-1cf5cef7ab,2026-04-30T19:47:00.078Z,57.589,3,33.95,210,0,0,,,,
powertraces-pt200array_pt220_r3_7536323_8-1cf5cef7ab,2026-04-30T19:47:00.178Z,57.689,0,42.91,210,0,0,,,,
powertraces-pt200array_pt220_r3_7536323_8-1cf5cef7ab,2026-04-30T19:47:00.178Z,57.689,1,33.53,210,0,0,,,,
powertraces-pt200array_pt220_r3_7536323_8-1cf5cef7ab,2026-04-30T19:47:00.178Z,57.689,2,35.27,210,0,0,,,,
powertraces-pt200array_pt220_r3_7536323_8-1cf5cef7ab,2026-04-30T19:47:00.178Z,57.689,3,33.95,210,0,0,,,,
powertraces-pt200array_pt220_r3_7536323_8-1cf5cef7ab,2026-04-30T19:47:00.278Z,57.789,0,42.91,210,0,0,,,,
powertraces-pt200array_pt220_r3_7536323_8-1cf5cef7ab,2026-04-30T19:47:00.278Z,57.789,1,33.53,210,0,0,,,,
powertraces-pt200array_pt220_r3_7536323_8-1cf5cef7ab,2026-04-30T19:47:00.278Z,57.789,2,35.27,210,0,0,,,,
powertraces-pt200array_pt220_r3_7536323_8-1cf5cef7ab,2026-04-30T19:47:00.278Z,57.789,3,33.95,210,0,0,,,,
powertraces-pt200array_pt220_r3_7536323_8-1cf5cef7ab,2026-04-30T19:47:00.378Z,57.889,0,42.91,210,0,0,,,,
powertraces-pt200array_pt220_r3_7536323_8-1cf5cef7ab,2026-04-30T19:47:00.378Z,57.889,1,33.53,210,0,0,,,,
powertraces-pt200array_pt220_r3_7536323_8-1cf5cef7ab,2026-04-30T19:47:00.378Z,57.889,2,35.27,210,0,0,,,,
powertraces-pt200array_pt220_r3_7536323_8-1cf5cef7ab,2026-04-30T19:47:00.378Z,57.889,3,33.95,210,0,0,,,,
powertraces-pt200array_pt220_r3_7536323_8-1cf5cef7ab,2026-04-30T19:47:00.478Z,57.989,0,42.91,210,0,0,,,,
powertraces-pt200array_pt220_r3_7536323_8-1cf5cef7ab,2026-04-30T19:47:00.478Z,57.989,1,33.53,210,0,0,,,,
powertraces-pt200array_pt220_r3_7536323_8-1cf5cef7ab,2026-04-30T19:47:00.478Z,57.989,2,35.27,210,0,0,,,,
powertraces-pt200array_pt220_r3_7536323_8-1cf5cef7ab,2026-04-30T19:47:00.478Z,57.989,3,33.95,210,0,0,,,,
powertraces-pt200array_pt220_r3_7536323_8-1cf5cef7ab,2026-04-30T19:47:00.579Z,58.09,0,42.91,210,0,0,,,,
powertraces-pt200array_pt220_r3_7536323_8-1cf5cef7ab,2026-04-30T19:47:00.579Z,58.09,1,33.53,210,0,0,,,,
powertraces-pt200array_pt220_r3_7536323_8-1cf5cef7ab,2026-04-30T19:47:00.579Z,58.09,2,35.27,210,0,0,,,,
powertraces-pt200array_pt220_r3_7536323_8-1cf5cef7ab,2026-04-30T19:47:00.579Z,58.09,3,33.95,210,0,0,,,,
powertraces-pt200array_pt220_r3_7536323_8-1cf5cef7ab,2026-04-30T19:47:00.679Z,58.19,0,42.91,210,0,0,,,,
powertraces-pt200array_pt220_r3_7536323_8-1cf5cef7ab,2026-04-30T19:47:00.679Z,58.19,1,33.53,210,0,0,,,,
powertraces-pt200array_pt220_r3_7536323_8-1cf5cef7ab,2026-04-30T19:47:00.679Z,58.19,2,35.27,210,0,0,,,,
powertraces-pt200array_pt220_r3_7536323_8-1cf5cef7ab,2026-04-30T19:47:00.679Z,58.19,3,33.95,210,0,0,,,,
powertraces-pt200array_pt220_r3_7536323_8-1cf5cef7ab,2026-04-30T19:47:00.779Z,58.29,0,42.91,210,0,0,,,,
powertraces-pt200array_pt220_r3_7536323_8-1cf5cef7ab,2026-04-30T19:47:00.779Z,58.29,1,33.53,210,0,0,,,,
powertraces-pt200array_pt220_r3_7536323_8-1cf5cef7ab,2026-04-30T19:47:00.779Z,58.29,2,35.27,210,0,0,,,,
powertraces-pt200array_pt220_r3_7536323_8-1cf5cef7ab,2026-04-30T19:47:00.779Z,58.29,3,33.95,210,0,0,,,,
powertraces-pt200array_pt220_r3_7536323_8-1cf5cef7ab,2026-04-30T19:47:00.879Z,58.39,0,42.91,210,0,0,,,,
powertraces-pt200array_pt220_r3_7536323_8-1cf5cef7ab,2026-04-30T19:47:00.879Z,58.39,1,33.53,210,0,0,,,,
powertraces-pt200array_pt220_r3_7536323_8-1cf5cef7ab,2026-04-30T19:47:00.879Z,58.39,2,35.27,210,0,0,,,,
powertraces-pt200array_pt220_r3_7536323_8-1cf5cef7ab,2026-04-30T19:47:00.879Z,58.39,3,33.95,210,0,0,,,,
powertraces-pt200array_pt220_r3_7536323_8-1cf5cef7ab,2026-04-30T19:47:00.979Z,58.49,0,42.91,210,0,0,,,,
powertraces-pt200array_pt220_r3_7536323_8-1cf5cef7ab,2026-04-30T19:47:00.979Z,58.49,1,33.53,210,0,0,,,,
powertraces-pt200array_pt220_r3_7536323_8-1cf5cef7ab,2026-04-30T19:47:00.979Z,58.49,2,35.27,210,0,0,,,,
powertraces-pt200array_pt220_r3_7536323_8-1cf5cef7ab,2026-04-30T19:47:00.979Z,58.49,3,33.95,210,0,0,,,,
powertraces-pt200array_pt220_r3_7536323_8-1cf5cef7ab,2026-04-30T19:47:01.079Z,58.59,0,42.91,210,0,0,,,,
powertraces-pt200array_pt220_r3_7536323_8-1cf5cef7ab,2026-04-30T19:47:01.079Z,58.59,1,33.53,210,0,0,,,,
powertraces-pt200array_pt220_r3_7536323_8-1cf5cef7ab,2026-04-30T19:47:01.079Z,58.59,2,35.27,210,0,0,,,,
powertraces-pt200array_pt220_r3_7536323_8-1cf5cef7ab,2026-04-30T19:47:01.079Z,58.59,3,33.95,210,0,0,,,,
powertraces-pt200array_pt220_r3_7536323_8-1cf5cef7ab,2026-04-30T19:47:01.179Z,58.69,0,42.91,210,0,0,,,,
powertraces-pt200array_pt220_r3_7536323_8-1cf5cef7ab,2026-04-30T19:47:01.179Z,58.69,1,33.53,210,0,0,,,,
powertraces-pt200array_pt220_r3_7536323_8-1cf5cef7ab,2026-04-30T19:47:01.179Z,58.69,2,35.27,210,0,0,,,,
powertraces-pt200array_pt220_r3_7536323_8-1cf5cef7ab,2026-04-30T19:47:01.179Z,58.69,3,33.95,210,0,0,,,,
powertraces-pt200array_pt220_r3_7536323_8-1cf5cef7ab,2026-04-30T19:47:01.28Z,58.791,0,42.91,210,0,0,,,,
powertraces-pt200array_pt220_r3_7536323_8-1cf5cef7ab,2026-04-30T19:47:01.28Z,58.791,1,33.53,210,0,0,,,,
powertraces-pt200array_pt220_r3_7536323_8-1cf5cef7ab,2026-04-30T19:47:01.28Z,58.791,2,35.27,210,0,0,,,,
powertraces-pt200array_pt220_r3_7536323_8-1cf5cef7ab,2026-04-30T19:47:01.28Z,58.791,3,33.95,210,0,0,,,,
powertraces-pt200array_pt220_r3_7536323_8-1cf5cef7ab,2026-04-30T19:47:01.38Z,58.891,0,42.91,210,0,0,,,,
powertraces-pt200array_pt220_r3_7536323_8-1cf5cef7ab,2026-04-30T19:47:01.38Z,58.891,1,33.53,210,0,0,,,,
powertraces-pt200array_pt220_r3_7536323_8-1cf5cef7ab,2026-04-30T19:47:01.38Z,58.891,2,35.27,210,0,0,,,,
powertraces-pt200array_pt220_r3_7536323_8-1cf5cef7ab,2026-04-30T19:47:01.38Z,58.891,3,33.95,210,0,0,,,,
powertraces-pt200array_pt220_r3_7536323_8-1cf5cef7ab,2026-04-30T19:47:01.48Z,58.991,0,42.91,210,0,0,,,,
powertraces-pt200array_pt220_r3_7536323_8-1cf5cef7ab,2026-04-30T19:47:01.48Z,58.991,1,33.53,210,0,0,,,,
powertraces-pt200array_pt220_r3_7536323_8-1cf5cef7ab,2026-04-30T19:47:01.48Z,58.991,2,35.27,210,0,0,,,,
powertraces-pt200array_pt220_r3_7536323_8-1cf5cef7ab,2026-04-30T19:47:01.48Z,58.991,3,33.95,210,0,0,,,,
powertraces-pt200array_pt220_r3_7536323_8-1cf5cef7ab,2026-04-30T19:47:01.58Z,59.091,0,42.91,210,0,0,,,,
powertraces-pt200array_pt220_r3_7536323_8-1cf5cef7ab,2026-04-30T19:47:01.58Z,59.091,1,33.53,210,0,0,,,,
powertraces-pt200array_pt220_r3_7536323_8-1cf5cef7ab,2026-04-30T19:47:01.58Z,59.091,2,35.27,210,0,0,,,,
powertraces-pt200array_pt220_r3_7536323_8-1cf5cef7ab,2026-04-30T19:47:01.58Z,59.091,3,33.95,210,0,0,,,,
powertraces-pt200array_pt220_r3_7536323_8-1cf5cef7ab,2026-04-30T19:47:01.68Z,59.191,0,42.91,210,0,0,,,,
powertraces-pt200array_pt220_r3_7536323_8-1cf5cef7ab,2026-04-30T19:47:01.68Z,59.191,1,33.53,210,0,0,,,,
powertraces-pt200array_pt220_r3_7536323_8-1cf5cef7ab,2026-04-30T19:47:01.68Z,59.191,2,35.27,210,0,0,,,,
powertraces-pt200array_pt220_r3_7536323_8-1cf5cef7ab,2026-04-30T19:47:01.68Z,59.191,3,33.95,210,0,0,,,,
powertraces-pt200array_pt220_r3_7536323_8-1cf5cef7ab,2026-04-30T19:47:01.78Z,59.291,0,42.74,210,0,0,,,,
powertraces-pt200array_pt220_r3_7536323_8-1cf5cef7ab,2026-04-30T19:47:01.78Z,59.291,1,33.53,210,0,0,,,,
powertraces-pt200array_pt220_r3_7536323_8-1cf5cef7ab,2026-04-30T19:47:01.78Z,59.291,2,35.27,210,0,0,,,,
powertraces-pt200array_pt220_r3_7536323_8-1cf5cef7ab,2026-04-30T19:47:01.78Z,59.291,3,33.95,210,0,0,,,,
powertraces-pt200array_pt220_r3_7536323_8-1cf5cef7ab,2026-04-30T19:47:01.88Z,59.391,0,42.74,210,0,0,,,,
powertraces-pt200array_pt220_r3_7536323_8-1cf5cef7ab,2026-04-30T19:47:01.88Z,59.391,1,33.53,210,0,0,,,,
powertraces-pt200array_pt220_r3_7536323_8-1cf5cef7ab,2026-04-30T19:47:01.88Z,59.391,2,35.27,210,0,0,,,,
powertraces-pt200array_pt220_r3_7536323_8-1cf5cef7ab,2026-04-30T19:47:01.88Z,59.391,3,33.95,210,0,0,,,,
powertraces-pt200array_pt220_r3_7536323_8-1cf5cef7ab,2026-04-30T19:47:01.98Z,59.491,0,42.74,210,0,0,,,,
powertraces-pt200array_pt220_r3_7536323_8-1cf5cef7ab,2026-04-30T19:47:01.98Z,59.491,1,33.53,210,0,0,,,,
powertraces-pt200array_pt220_r3_7536323_8-1cf5cef7ab,2026-04-30T19:47:01.98Z,59.491,2,35.27,210,0,0,,,,
powertraces-pt200array_pt220_r3_7536323_8-1cf5cef7ab,2026-04-30T19:47:01.98Z,59.491,3,33.95,210,0,0,,,,
powertraces-pt200array_pt220_r3_7536323_8-1cf5cef7ab,2026-04-30T19:47:02.081Z,59.592,0,42.74,210,0,0,,,,
powertraces-pt200array_pt220_r3_7536323_8-1cf5cef7ab,2026-04-30T19:47:02.081Z,59.592,1,33.53,210,0,0,,,,
powertraces-pt200array_pt220_r3_7536323_8-1cf5cef7ab,2026-04-30T19:47:02.081Z,59.592,2,35.27,210,0,0,,,,
powertraces-pt200array_pt220_r3_7536323_8-1cf5cef7ab,2026-04-30T19:47:02.081Z,59.592,3,33.95,210,0,0,,,,
powertraces-pt200array_pt220_r3_7536323_8-1cf5cef7ab,2026-04-30T19:47:02.181Z,59.692,0,42.74,210,0,0,,,,
powertraces-pt200array_pt220_r3_7536323_8-1cf5cef7ab,2026-04-30T19:47:02.181Z,59.692,1,33.53,210,0,0,,,,
powertraces-pt200array_pt220_r3_7536323_8-1cf5cef7ab,2026-04-30T19:47:02.181Z,59.692,2,35.27,210,0,0,,,,
powertraces-pt200array_pt220_r3_7536323_8-1cf5cef7ab,2026-04-30T19:47:02.181Z,59.692,3,33.95,210,0,0,,,,
powertraces-pt200array_pt220_r3_7536323_8-1cf5cef7ab,2026-04-30T19:47:02.281Z,59.792,0,42.74,210,0,0,,,,
powertraces-pt200array_pt220_r3_7536323_8-1cf5cef7ab,2026-04-30T19:47:02.281Z,59.792,1,33.53,210,0,0,,,,
powertraces-pt200array_pt220_r3_7536323_8-1cf5cef7ab,2026-04-30T19:47:02.281Z,59.792,2,35.27,210,0,0,,,,
powertraces-pt200array_pt220_r3_7536323_8-1cf5cef7ab,2026-04-30T19:47:02.281Z,59.792,3,33.95,210,0,0,,,,
powertraces-pt200array_pt220_r3_7536323_8-1cf5cef7ab,2026-04-30T19:47:02.381Z,59.892,0,42.74,210,0,0,,,,
powertraces-pt200array_pt220_r3_7536323_8-1cf5cef7ab,2026-04-30T19:47:02.381Z,59.892,1,33.53,210,0,0,,,,
powertraces-pt200array_pt220_r3_7536323_8-1cf5cef7ab,2026-04-30T19:47:02.381Z,59.892,2,35.27,210,0,0,,,,
powertraces-pt200array_pt220_r3_7536323_8-1cf5cef7ab,2026-04-30T19:47:02.381Z,59.892,3,33.95,210,0,0,,,,
powertraces-pt200array_pt220_r3_7536323_8-1cf5cef7ab,2026-04-30T19:47:02.481Z,59.992,0,42.74,210,0,0,,,,
powertraces-pt200array_pt220_r3_7536323_8-1cf5cef7ab,2026-04-30T19:47:02.481Z,59.992,1,33.53,210,0,0,,,,
powertraces-pt200array_pt220_r3_7536323_8-1cf5cef7ab,2026-04-30T19:47:02.481Z,59.992,2,35.27,210,0,0,,,,
powertraces-pt200array_pt220_r3_7536323_8-1cf5cef7ab,2026-04-30T19:47:02.481Z,59.992,3,33.95,210,0,0,,,,
powertraces-pt200array_pt220_r3_7536323_8-1cf5cef7ab,2026-04-30T19:47:02.581Z,60.092,0,42.74,210,0,0,,,,
powertraces-pt200array_pt220_r3_7536323_8-1cf5cef7ab,2026-04-30T19:47:02.581Z,60.092,1,33.53,210,0,0,,,,
powertraces-pt200array_pt220_r3_7536323_8-1cf5cef7ab,2026-04-30T19:47:02.581Z,60.092,2,35.27,210,0,0,,,,
powertraces-pt200array_pt220_r3_7536323_8-1cf5cef7ab,2026-04-30T19:47:02.581Z,60.092,3,33.95,210,0,0,,,,
powertraces-pt200array_pt220_r3_7536323_8-1cf5cef7ab,2026-04-30T19:47:02.681Z,60.192,0,42.74,210,0,0,,,,
powertraces-pt200array_pt220_r3_7536323_8-1cf5cef7ab,2026-04-30T19:47:02.681Z,60.192,1,33.53,210,0,0,,,,
powertraces-pt200array_pt220_r3_7536323_8-1cf5cef7ab,2026-04-30T19:47:02.681Z,60.192,2,35.27,210,0,0,,,,
powertraces-pt200array_pt220_r3_7536323_8-1cf5cef7ab,2026-04-30T19:47:02.681Z,60.192,3,33.95,210,0,0,,,,
powertraces-pt200array_pt220_r3_7536323_8-1cf5cef7ab,2026-04-30T19:47:02.781Z,60.292,0,42.62,210,0,0,,,,
powertraces-pt200array_pt220_r3_7536323_8-1cf5cef7ab,2026-04-30T19:47:02.781Z,60.292,1,33.53,210,0,0,,,,
powertraces-pt200array_pt220_r3_7536323_8-1cf5cef7ab,2026-04-30T19:47:02.781Z,60.292,2,35.27,210,0,0,,,,
powertraces-pt200array_pt220_r3_7536323_8-1cf5cef7ab,2026-04-30T19:47:02.781Z,60.292,3,33.95,210,0,0,,,,
powertraces-pt200array_pt220_r3_7536323_8-1cf5cef7ab,2026-04-30T19:47:02.882Z,60.393,0,42.62,210,0,0,,,,
powertraces-pt200array_pt220_r3_7536323_8-1cf5cef7ab,2026-04-30T19:47:02.882Z,60.393,1,33.53,210,0,0,,,,
powertraces-pt200array_pt220_r3_7536323_8-1cf5cef7ab,2026-04-30T19:47:02.882Z,60.393,2,35.27,210,0,0,,,,
powertraces-pt200array_pt220_r3_7536323_8-1cf5cef7ab,2026-04-30T19:47:02.882Z,60.393,3,33.95,210,0,0,,,,
powertraces-pt200array_pt220_r3_7536323_8-1cf5cef7ab,2026-04-30T19:47:02.982Z,60.493,0,42.62,210,0,0,,,,
powertraces-pt200array_pt220_r3_7536323_8-1cf5cef7ab,2026-04-30T19:47:02.982Z,60.493,1,33.53,210,0,0,,,,
powertraces-pt200array_pt220_r3_7536323_8-1cf5cef7ab,2026-04-30T19:47:02.982Z,60.493,2,35.27,210,0,0,,,,
powertraces-pt200array_pt220_r3_7536323_8-1cf5cef7ab,2026-04-30T19:47:02.982Z,60.493,3,33.95,210,0,0,,,,
powertraces-pt200array_pt220_r3_7536323_8-1cf5cef7ab,2026-04-30T19:47:03.082Z,60.593,0,42.62,210,0,0,,,,
powertraces-pt200array_pt220_r3_7536323_8-1cf5cef7ab,2026-04-30T19:47:03.082Z,60.593,1,33.53,210,0,0,,,,
powertraces-pt200array_pt220_r3_7536323_8-1cf5cef7ab,2026-04-30T19:47:03.082Z,60.593,2,35.27,210,0,0,,,,
powertraces-pt200array_pt220_r3_7536323_8-1cf5cef7ab,2026-04-30T19:47:03.082Z,60.593,3,33.95,210,0,0,,,,
powertraces-pt200array_pt220_r3_7536323_8-1cf5cef7ab,2026-04-30T19:47:03.182Z,60.693,0,42.62,210,0,0,,,,
powertraces-pt200array_pt220_r3_7536323_8-1cf5cef7ab,2026-04-30T19:47:03.182Z,60.693,1,33.53,210,0,0,,,,
powertraces-pt200array_pt220_r3_7536323_8-1cf5cef7ab,2026-04-30T19:47:03.182Z,60.693,2,35.27,210,0,0,,,,
powertraces-pt200array_pt220_r3_7536323_8-1cf5cef7ab,2026-04-30T19:47:03.182Z,60.693,3,33.95,210,0,0,,,,
powertraces-pt200array_pt220_r3_7536323_8-1cf5cef7ab,2026-04-30T19:47:03.282Z,60.793,0,42.62,210,0,0,,,,
powertraces-pt200array_pt220_r3_7536323_8-1cf5cef7ab,2026-04-30T19:47:03.282Z,60.793,1,33.53,210,0,0,,,,
powertraces-pt200array_pt220_r3_7536323_8-1cf5cef7ab,2026-04-30T19:47:03.282Z,60.793,2,35.27,210,0,0,,,,
powertraces-pt200array_pt220_r3_7536323_8-1cf5cef7ab,2026-04-30T19:47:03.282Z,60.793,3,33.95,210,0,0,,,,
powertraces-pt200array_pt220_r3_7536323_8-1cf5cef7ab,2026-04-30T19:47:03.382Z,60.893,0,42.62,210,0,0,,,,
powertraces-pt200array_pt220_r3_7536323_8-1cf5cef7ab,2026-04-30T19:47:03.382Z,60.893,1,33.53,210,0,0,,,,
powertraces-pt200array_pt220_r3_7536323_8-1cf5cef7ab,2026-04-30T19:47:03.382Z,60.893,2,35.27,210,0,0,,,,
powertraces-pt200array_pt220_r3_7536323_8-1cf5cef7ab,2026-04-30T19:47:03.382Z,60.893,3,33.95,210,0,0,,,,
powertraces-pt200array_pt220_r3_7536323_8-1cf5cef7ab,2026-04-30T19:47:03.482Z,60.993,0,42.62,210,0,0,,,,
powertraces-pt200array_pt220_r3_7536323_8-1cf5cef7ab,2026-04-30T19:47:03.482Z,60.993,1,33.53,210,0,0,,,,
powertraces-pt200array_pt220_r3_7536323_8-1cf5cef7ab,2026-04-30T19:47:03.482Z,60.993,2,35.27,210,0,0,,,,
powertraces-pt200array_pt220_r3_7536323_8-1cf5cef7ab,2026-04-30T19:47:03.482Z,60.993,3,33.95,210,0,0,,,,
powertraces-pt200array_pt220_r3_7536323_8-1cf5cef7ab,2026-04-30T19:47:03.583Z,61.094,0,42.62,210,0,0,,,,
powertraces-pt200array_pt220_r3_7536323_8-1cf5cef7ab,2026-04-30T19:47:03.583Z,61.094,1,33.53,210,0,0,,,,
powertraces-pt200array_pt220_r3_7536323_8-1cf5cef7ab,2026-04-30T19:47:03.583Z,61.094,2,35.27,210,0,0,,,,
powertraces-pt200array_pt220_r3_7536323_8-1cf5cef7ab,2026-04-30T19:47:03.583Z,61.094,3,33.95,210,0,0,,,,
powertraces-pt200array_pt220_r3_7536323_8-1cf5cef7ab,2026-04-30T19:47:03.683Z,61.194,0,42.62,210,0,0,,,,
powertraces-pt200array_pt220_r3_7536323_8-1cf5cef7ab,2026-04-30T19:47:03.683Z,61.194,1,33.53,210,0,0,,,,
powertraces-pt200array_pt220_r3_7536323_8-1cf5cef7ab,2026-04-30T19:47:03.683Z,61.194,2,35.27,210,0,0,,,,
powertraces-pt200array_pt220_r3_7536323_8-1cf5cef7ab,2026-04-30T19:47:03.683Z,61.194,3,33.95,210,0,0,,,,
powertraces-pt200array_pt220_r3_7536323_8-1cf5cef7ab,2026-04-30T19:47:03.783Z,61.294,0,42.67,210,0,0,,,,
powertraces-pt200array_pt220_r3_7536323_8-1cf5cef7ab,2026-04-30T19:47:03.783Z,61.294,1,33.53,210,0,0,,,,
powertraces-pt200array_pt220_r3_7536323_8-1cf5cef7ab,2026-04-30T19:47:03.783Z,61.294,2,35.27,210,0,0,,,,
powertraces-pt200array_pt220_r3_7536323_8-1cf5cef7ab,2026-04-30T19:47:03.783Z,61.294,3,33.95,210,0,0,,,,
powertraces-pt200array_pt220_r3_7536323_8-1cf5cef7ab,2026-04-30T19:47:03.883Z,61.394,0,42.67,210,0,0,,,,
powertraces-pt200array_pt220_r3_7536323_8-1cf5cef7ab,2026-04-30T19:47:03.883Z,61.394,1,33.53,210,0,0,,,,
powertraces-pt200array_pt220_r3_7536323_8-1cf5cef7ab,2026-04-30T19:47:03.883Z,61.394,2,35.27,210,0,0,,,,
powertraces-pt200array_pt220_r3_7536323_8-1cf5cef7ab,2026-04-30T19:47:03.883Z,61.394,3,34.07,210,0,0,,,,
powertraces-pt200array_pt220_r3_7536323_8-1cf5cef7ab,2026-04-30T19:47:03.983Z,61.494,0,42.67,210,0,0,,,,
powertraces-pt200array_pt220_r3_7536323_8-1cf5cef7ab,2026-04-30T19:47:03.983Z,61.494,1,33.53,210,0,0,,,,
powertraces-pt200array_pt220_r3_7536323_8-1cf5cef7ab,2026-04-30T19:47:03.983Z,61.494,2,35.27,210,0,0,,,,
powertraces-pt200array_pt220_r3_7536323_8-1cf5cef7ab,2026-04-30T19:47:03.983Z,61.494,3,34.07,210,0,0,,,,
powertraces-pt200array_pt220_r3_7536323_8-1cf5cef7ab,2026-04-30T19:47:04.083Z,61.594,0,42.67,210,0,0,,,,
powertraces-pt200array_pt220_r3_7536323_8-1cf5cef7ab,2026-04-30T19:47:04.083Z,61.594,1,33.53,210,0,0,,,,
powertraces-pt200array_pt220_r3_7536323_8-1cf5cef7ab,2026-04-30T19:47:04.083Z,61.594,2,35.27,210,0,0,,,,
powertraces-pt200array_pt220_r3_7536323_8-1cf5cef7ab,2026-04-30T19:47:04.083Z,61.594,3,34.07,210,0,0,,,,
powertraces-pt200array_pt220_r3_7536323_8-1cf5cef7ab,2026-04-30T19:47:04.183Z,61.694,0,42.67,210,0,0,,,,
powertraces-pt200array_pt220_r3_7536323_8-1cf5cef7ab,2026-04-30T19:47:04.183Z,61.694,1,33.53,210,0,0,,,,
powertraces-pt200array_pt220_r3_7536323_8-1cf5cef7ab,2026-04-30T19:47:04.183Z,61.694,2,35.27,210,0,0,,,,
powertraces-pt200array_pt220_r3_7536323_8-1cf5cef7ab,2026-04-30T19:47:04.183Z,61.694,3,34.07,210,0,0,,,,
powertraces-pt200array_pt220_r3_7536323_8-1cf5cef7ab,2026-04-30T19:47:04.284Z,61.795,0,42.67,210,0,0,,,,
powertraces-pt200array_pt220_r3_7536323_8-1cf5cef7ab,2026-04-30T19:47:04.284Z,61.795,1,33.53,210,0,0,,,,
powertraces-pt200array_pt220_r3_7536323_8-1cf5cef7ab,2026-04-30T19:47:04.284Z,61.795,2,35.27,210,0,0,,,,
powertraces-pt200array_pt220_r3_7536323_8-1cf5cef7ab,2026-04-30T19:47:04.284Z,61.795,3,34.07,210,0,0,,,,
powertraces-pt200array_pt220_r3_7536323_8-1cf5cef7ab,2026-04-30T19:47:04.384Z,61.895,0,42.67,210,0,0,,,,
powertraces-pt200array_pt220_r3_7536323_8-1cf5cef7ab,2026-04-30T19:47:04.384Z,61.895,1,33.53,210,0,0,,,,
powertraces-pt200array_pt220_r3_7536323_8-1cf5cef7ab,2026-04-30T19:47:04.384Z,61.895,2,35.27,210,0,0,,,,
powertraces-pt200array_pt220_r3_7536323_8-1cf5cef7ab,2026-04-30T19:47:04.384Z,61.895,3,34.07,210,0,0,,,,
powertraces-pt200array_pt220_r3_7536323_8-1cf5cef7ab,2026-04-30T19:47:04.484Z,61.995,0,42.67,210,0,0,,,,
powertraces-pt200array_pt220_r3_7536323_8-1cf5cef7ab,2026-04-30T19:47:04.484Z,61.995,1,33.53,210,0,0,,,,
powertraces-pt200array_pt220_r3_7536323_8-1cf5cef7ab,2026-04-30T19:47:04.484Z,61.995,2,35.27,210,0,0,,,,
powertraces-pt200array_pt220_r3_7536323_8-1cf5cef7ab,2026-04-30T19:47:04.484Z,61.995,3,34.07,210,0,0,,,,
powertraces-pt200array_pt220_r3_7536323_8-1cf5cef7ab,2026-04-30T19:47:04.584Z,62.095,0,42.67,210,0,0,,,,
powertraces-pt200array_pt220_r3_7536323_8-1cf5cef7ab,2026-04-30T19:47:04.584Z,62.095,1,33.53,210,0,0,,,,
powertraces-pt200array_pt220_r3_7536323_8-1cf5cef7ab,2026-04-30T19:47:04.584Z,62.095,2,35.27,210,0,0,,,,
powertraces-pt200array_pt220_r3_7536323_8-1cf5cef7ab,2026-04-30T19:47:04.584Z,62.095,3,34.07,210,0,0,,,,
powertraces-pt200array_pt220_r3_7536323_8-1cf5cef7ab,2026-04-30T19:47:04.684Z,62.195,0,42.67,210,0,0,,,,
powertraces-pt200array_pt220_r3_7536323_8-1cf5cef7ab,2026-04-30T19:47:04.684Z,62.195,1,33.53,210,0,0,,,,
powertraces-pt200array_pt220_r3_7536323_8-1cf5cef7ab,2026-04-30T19:47:04.684Z,62.195,2,35.27,210,0,0,,,,
powertraces-pt200array_pt220_r3_7536323_8-1cf5cef7ab,2026-04-30T19:47:04.684Z,62.195,3,34.07,210,0,0,,,,
powertraces-pt200array_pt220_r3_7536323_8-1cf5cef7ab,2026-04-30T19:47:04.784Z,62.295,0,42.66,210,0,0,,,,
powertraces-pt200array_pt220_r3_7536323_8-1cf5cef7ab,2026-04-30T19:47:04.784Z,62.295,1,33.53,210,0,0,,,,
powertraces-pt200array_pt220_r3_7536323_8-1cf5cef7ab,2026-04-30T19:47:04.784Z,62.295,2,35.27,210,0,0,,,,
powertraces-pt200array_pt220_r3_7536323_8-1cf5cef7ab,2026-04-30T19:47:04.784Z,62.295,3,34.07,210,0,0,,,,
powertraces-pt200array_pt220_r3_7536323_8-1cf5cef7ab,2026-04-30T19:47:04.885Z,62.396,0,42.66,210,0,0,,,,
powertraces-pt200array_pt220_r3_7536323_8-1cf5cef7ab,2026-04-30T19:47:04.885Z,62.396,1,33.53,210,0,0,,,,
powertraces-pt200array_pt220_r3_7536323_8-1cf5cef7ab,2026-04-30T19:47:04.885Z,62.396,2,35.27,210,0,0,,,,
powertraces-pt200array_pt220_r3_7536323_8-1cf5cef7ab,2026-04-30T19:47:04.885Z,62.396,3,34.07,210,0,0,,,,
powertraces-pt200array_pt220_r3_7536323_8-1cf5cef7ab,2026-04-30T19:47:04.985Z,62.496,0,42.66,210,0,0,,,,
powertraces-pt200array_pt220_r3_7536323_8-1cf5cef7ab,2026-04-30T19:47:04.985Z,62.496,1,33.53,210,0,0,,,,
powertraces-pt200array_pt220_r3_7536323_8-1cf5cef7ab,2026-04-30T19:47:04.985Z,62.496,2,35.27,210,0,0,,,,
powertraces-pt200array_pt220_r3_7536323_8-1cf5cef7ab,2026-04-30T19:47:04.985Z,62.496,3,34.07,210,0,0,,,,
powertraces-pt200array_pt220_r3_7536323_8-1cf5cef7ab,2026-04-30T19:47:05.085Z,62.596,0,42.66,210,0,0,,,,
powertraces-pt200array_pt220_r3_7536323_8-1cf5cef7ab,2026-04-30T19:47:05.085Z,62.596,1,33.53,210,0,0,,,,
powertraces-pt200array_pt220_r3_7536323_8-1cf5cef7ab,2026-04-30T19:47:05.085Z,62.596,2,35.27,210,0,0,,,,
powertraces-pt200array_pt220_r3_7536323_8-1cf5cef7ab,2026-04-30T19:47:05.085Z,62.596,3,34.07,210,0,0,,,,
powertraces-pt200array_pt220_r3_7536323_8-1cf5cef7ab,2026-04-30T19:47:05.185Z,62.696,0,42.66,210,0,0,,,,
powertraces-pt200array_pt220_r3_7536323_8-1cf5cef7ab,2026-04-30T19:47:05.185Z,62.696,1,33.53,210,0,0,,,,
powertraces-pt200array_pt220_r3_7536323_8-1cf5cef7ab,2026-04-30T19:47:05.185Z,62.696,2,35.27,210,0,0,,,,
powertraces-pt200array_pt220_r3_7536323_8-1cf5cef7ab,2026-04-30T19:47:05.185Z,62.696,3,34.07,210,0,0,,,,
powertraces-pt200array_pt220_r3_7536323_8-1cf5cef7ab,2026-04-30T19:47:05.285Z,62.796,0,42.66,210,0,0,,,,
powertraces-pt200array_pt220_r3_7536323_8-1cf5cef7ab,2026-04-30T19:47:05.285Z,62.796,1,33.53,210,0,0,,,,
powertraces-pt200array_pt220_r3_7536323_8-1cf5cef7ab,2026-04-30T19:47:05.285Z,62.796,2,35.27,210,0,0,,,,
powertraces-pt200array_pt220_r3_7536323_8-1cf5cef7ab,2026-04-30T19:47:05.285Z,62.796,3,34.07,210,0,0,,,,
powertraces-pt200array_pt220_r3_7536323_8-1cf5cef7ab,2026-04-30T19:47:05.385Z,62.896,0,42.66,210,0,0,,,,
powertraces-pt200array_pt220_r3_7536323_8-1cf5cef7ab,2026-04-30T19:47:05.385Z,62.896,1,33.53,210,0,0,,,,
powertraces-pt200array_pt220_r3_7536323_8-1cf5cef7ab,2026-04-30T19:47:05.385Z,62.896,2,35.27,210,0,0,,,,
powertraces-pt200array_pt220_r3_7536323_8-1cf5cef7ab,2026-04-30T19:47:05.385Z,62.896,3,34.07,210,0,0,,,,
powertraces-pt200array_pt220_r3_7536323_8-1cf5cef7ab,2026-04-30T19:47:05.485Z,62.996,0,42.66,210,0,0,,,,
powertraces-pt200array_pt220_r3_7536323_8-1cf5cef7ab,2026-04-30T19:47:05.485Z,62.996,1,33.53,210,0,0,,,,
powertraces-pt200array_pt220_r3_7536323_8-1cf5cef7ab,2026-04-30T19:47:05.485Z,62.996,2,35.27,210,0,0,,,,
powertraces-pt200array_pt220_r3_7536323_8-1cf5cef7ab,2026-04-30T19:47:05.485Z,62.996,3,34.07,210,0,0,,,,
powertraces-pt200array_pt220_r3_7536323_8-1cf5cef7ab,2026-04-30T19:47:05.585Z,63.096,0,42.66,210,0,0,,,,
powertraces-pt200array_pt220_r3_7536323_8-1cf5cef7ab,2026-04-30T19:47:05.585Z,63.096,1,33.53,210,0,0,,,,
powertraces-pt200array_pt220_r3_7536323_8-1cf5cef7ab,2026-04-30T19:47:05.586Z,63.097,2,35.27,210,0,0,,,,
powertraces-pt200array_pt220_r3_7536323_8-1cf5cef7ab,2026-04-30T19:47:05.586Z,63.097,3,34.07,210,0,0,,,,
powertraces-pt200array_pt220_r3_7536323_8-1cf5cef7ab,2026-04-30T19:47:05.686Z,63.197,0,42.66,210,0,0,,,,
powertraces-pt200array_pt220_r3_7536323_8-1cf5cef7ab,2026-04-30T19:47:05.686Z,63.197,1,33.53,210,0,0,,,,
powertraces-pt200array_pt220_r3_7536323_8-1cf5cef7ab,2026-04-30T19:47:05.686Z,63.197,2,35.27,210,0,0,,,,
powertraces-pt200array_pt220_r3_7536323_8-1cf5cef7ab,2026-04-30T19:47:05.686Z,63.197,3,34.07,210,0,0,,,,
powertraces-pt200array_pt220_r3_7536323_8-1cf5cef7ab,2026-04-30T19:47:05.786Z,63.297,0,42.67,210,0,0,,,,
powertraces-pt200array_pt220_r3_7536323_8-1cf5cef7ab,2026-04-30T19:47:05.786Z,63.297,1,33.53,210,0,0,,,,
powertraces-pt200array_pt220_r3_7536323_8-1cf5cef7ab,2026-04-30T19:47:05.786Z,63.297,2,35.27,210,0,0,,,,
powertraces-pt200array_pt220_r3_7536323_8-1cf5cef7ab,2026-04-30T19:47:05.786Z,63.297,3,34.07,210,0,0,,,,
powertraces-pt200array_pt220_r3_7536323_8-1cf5cef7ab,2026-04-30T19:47:05.886Z,63.397,0,42.67,210,0,0,,,,
powertraces-pt200array_pt220_r3_7536323_8-1cf5cef7ab,2026-04-30T19:47:05.886Z,63.397,1,33.53,210,0,0,,,,
powertraces-pt200array_pt220_r3_7536323_8-1cf5cef7ab,2026-04-30T19:47:05.886Z,63.397,2,35.27,210,0,0,,,,
powertraces-pt200array_pt220_r3_7536323_8-1cf5cef7ab,2026-04-30T19:47:05.886Z,63.397,3,33.95,210,0,0,,,,
powertraces-pt200array_pt220_r3_7536323_8-1cf5cef7ab,2026-04-30T19:47:05.986Z,63.497,0,42.67,210,0,0,,,,
powertraces-pt200array_pt220_r3_7536323_8-1cf5cef7ab,2026-04-30T19:47:05.986Z,63.497,1,33.53,210,0,0,,,,
powertraces-pt200array_pt220_r3_7536323_8-1cf5cef7ab,2026-04-30T19:47:05.986Z,63.497,2,35.27,210,0,0,,,,
powertraces-pt200array_pt220_r3_7536323_8-1cf5cef7ab,2026-04-30T19:47:05.986Z,63.497,3,33.95,210,0,0,,,,
powertraces-pt200array_pt220_r3_7536323_8-1cf5cef7ab,2026-04-30T19:47:06.086Z,63.597,0,42.67,210,0,0,,,,
powertraces-pt200array_pt220_r3_7536323_8-1cf5cef7ab,2026-04-30T19:47:06.086Z,63.597,1,33.53,210,0,0,,,,
powertraces-pt200array_pt220_r3_7536323_8-1cf5cef7ab,2026-04-30T19:47:06.086Z,63.597,2,35.27,210,0,0,,,,
powertraces-pt200array_pt220_r3_7536323_8-1cf5cef7ab,2026-04-30T19:47:06.086Z,63.597,3,33.95,210,0,0,,,,
powertraces-pt200array_pt220_r3_7536323_8-1cf5cef7ab,2026-04-30T19:47:06.186Z,63.697,0,42.67,210,0,0,,,,
powertraces-pt200array_pt220_r3_7536323_8-1cf5cef7ab,2026-04-30T19:47:06.186Z,63.697,1,33.53,210,0,0,,,,
powertraces-pt200array_pt220_r3_7536323_8-1cf5cef7ab,2026-04-30T19:47:06.186Z,63.697,2,35.27,210,0,0,,,,
powertraces-pt200array_pt220_r3_7536323_8-1cf5cef7ab,2026-04-30T19:47:06.186Z,63.697,3,33.95,210,0,0,,,,
powertraces-pt200array_pt220_r3_7536323_8-1cf5cef7ab,2026-04-30T19:47:06.286Z,63.797,0,42.67,210,0,0,,,,
powertraces-pt200array_pt220_r3_7536323_8-1cf5cef7ab,2026-04-30T19:47:06.286Z,63.797,1,33.53,210,0,0,,,,
powertraces-pt200array_pt220_r3_7536323_8-1cf5cef7ab,2026-04-30T19:47:06.286Z,63.797,2,35.27,210,0,0,,,,
powertraces-pt200array_pt220_r3_7536323_8-1cf5cef7ab,2026-04-30T19:47:06.286Z,63.797,3,33.95,210,0,0,,,,
powertraces-pt200array_pt220_r3_7536323_8-1cf5cef7ab,2026-04-30T19:47:06.386Z,63.897,0,42.67,210,0,0,,,,
powertraces-pt200array_pt220_r3_7536323_8-1cf5cef7ab,2026-04-30T19:47:06.387Z,63.898,1,33.53,210,0,0,,,,
powertraces-pt200array_pt220_r3_7536323_8-1cf5cef7ab,2026-04-30T19:47:06.387Z,63.898,2,35.27,210,0,0,,,,
powertraces-pt200array_pt220_r3_7536323_8-1cf5cef7ab,2026-04-30T19:47:06.387Z,63.898,3,33.95,210,0,0,,,,
powertraces-pt200array_pt220_r3_7536323_8-1cf5cef7ab,2026-04-30T19:47:06.487Z,63.998,0,42.67,210,0,0,,,,
powertraces-pt200array_pt220_r3_7536323_8-1cf5cef7ab,2026-04-30T19:47:06.487Z,63.998,1,33.53,210,0,0,,,,
powertraces-pt200array_pt220_r3_7536323_8-1cf5cef7ab,2026-04-30T19:47:06.487Z,63.998,2,35.27,210,0,0,,,,
powertraces-pt200array_pt220_r3_7536323_8-1cf5cef7ab,2026-04-30T19:47:06.487Z,63.998,3,33.95,210,0,0,,,,
powertraces-pt200array_pt220_r3_7536323_8-1cf5cef7ab,2026-04-30T19:47:06.587Z,64.098,0,42.67,210,0,0,,,,
powertraces-pt200array_pt220_r3_7536323_8-1cf5cef7ab,2026-04-30T19:47:06.587Z,64.098,1,33.53,210,0,0,,,,
powertraces-pt200array_pt220_r3_7536323_8-1cf5cef7ab,2026-04-30T19:47:06.587Z,64.098,2,35.27,210,0,0,,,,
powertraces-pt200array_pt220_r3_7536323_8-1cf5cef7ab,2026-04-30T19:47:06.587Z,64.098,3,33.95,210,0,0,,,,
powertraces-pt200array_pt220_r3_7536323_8-1cf5cef7ab,2026-04-30T19:47:06.687Z,64.198,0,42.67,210,0,0,,,,
powertraces-pt200array_pt220_r3_7536323_8-1cf5cef7ab,2026-04-30T19:47:06.687Z,64.198,1,33.53,210,0,0,,,,
powertraces-pt200array_pt220_r3_7536323_8-1cf5cef7ab,2026-04-30T19:47:06.687Z,64.198,2,35.27,210,0,0,,,,
powertraces-pt200array_pt220_r3_7536323_8-1cf5cef7ab,2026-04-30T19:47:06.687Z,64.198,3,33.95,210,0,0,,,,
powertraces-pt200array_pt220_r3_7536323_8-1cf5cef7ab,2026-04-30T19:47:06.787Z,64.298,0,42.62,210,0,0,,,,
powertraces-pt200array_pt220_r3_7536323_8-1cf5cef7ab,2026-04-30T19:47:06.787Z,64.298,1,33.53,210,0,0,,,,
powertraces-pt200array_pt220_r3_7536323_8-1cf5cef7ab,2026-04-30T19:47:06.787Z,64.298,2,35.27,210,0,0,,,,
powertraces-pt200array_pt220_r3_7536323_8-1cf5cef7ab,2026-04-30T19:47:06.787Z,64.298,3,33.95,210,0,0,,,,
powertraces-pt200array_pt220_r3_7536323_8-1cf5cef7ab,2026-04-30T19:47:06.887Z,64.398,0,42.62,210,0,0,,,,
powertraces-pt200array_pt220_r3_7536323_8-1cf5cef7ab,2026-04-30T19:47:06.887Z,64.398,1,33.53,210,0,0,,,,
powertraces-pt200array_pt220_r3_7536323_8-1cf5cef7ab,2026-04-30T19:47:06.887Z,64.398,2,35.27,210,0,0,,,,
powertraces-pt200array_pt220_r3_7536323_8-1cf5cef7ab,2026-04-30T19:47:06.887Z,64.398,3,34.07,210,0,0,,,,
powertraces-pt200array_pt220_r3_7536323_8-1cf5cef7ab,2026-04-30T19:47:06.987Z,64.498,0,42.62,210,0,0,,,,
powertraces-pt200array_pt220_r3_7536323_8-1cf5cef7ab,2026-04-30T19:47:06.987Z,64.498,1,33.53,210,0,0,,,,
powertraces-pt200array_pt220_r3_7536323_8-1cf5cef7ab,2026-04-30T19:47:06.987Z,64.498,2,35.27,210,0,0,,,,
powertraces-pt200array_pt220_r3_7536323_8-1cf5cef7ab,2026-04-30T19:47:06.987Z,64.498,3,34.07,210,0,0,,,,
powertraces-pt200array_pt220_r3_7536323_8-1cf5cef7ab,2026-04-30T19:47:07.087Z,64.598,0,42.62,210,0,0,,,,
powertraces-pt200array_pt220_r3_7536323_8-1cf5cef7ab,2026-04-30T19:47:07.087Z,64.598,1,33.53,210,0,0,,,,
powertraces-pt200array_pt220_r3_7536323_8-1cf5cef7ab,2026-04-30T19:47:07.087Z,64.598,2,35.27,210,0,0,,,,
powertraces-pt200array_pt220_r3_7536323_8-1cf5cef7ab,2026-04-30T19:47:07.087Z,64.598,3,34.07,210,0,0,,,,
powertraces-pt200array_pt220_r3_7536323_8-1cf5cef7ab,2026-04-30T19:47:07.188Z,64.699,0,42.62,210,0,0,,,,
powertraces-pt200array_pt220_r3_7536323_8-1cf5cef7ab,2026-04-30T19:47:07.188Z,64.699,1,33.53,210,0,0,,,,
powertraces-pt200array_pt220_r3_7536323_8-1cf5cef7ab,2026-04-30T19:47:07.188Z,64.699,2,35.27,210,0,0,,,,
powertraces-pt200array_pt220_r3_7536323_8-1cf5cef7ab,2026-04-30T19:47:07.188Z,64.699,3,34.07,210,0,0,,,,
powertraces-pt200array_pt220_r3_7536323_8-1cf5cef7ab,2026-04-30T19:47:07.288Z,64.799,0,42.62,210,0,0,,,,
powertraces-pt200array_pt220_r3_7536323_8-1cf5cef7ab,2026-04-30T19:47:07.288Z,64.799,1,33.53,210,0,0,,,,
powertraces-pt200array_pt220_r3_7536323_8-1cf5cef7ab,2026-04-30T19:47:07.288Z,64.799,2,35.27,210,0,0,,,,
powertraces-pt200array_pt220_r3_7536323_8-1cf5cef7ab,2026-04-30T19:47:07.288Z,64.799,3,34.07,210,0,0,,,,
powertraces-pt200array_pt220_r3_7536323_8-1cf5cef7ab,2026-04-30T19:47:07.388Z,64.899,0,42.62,210,0,0,,,,
powertraces-pt200array_pt220_r3_7536323_8-1cf5cef7ab,2026-04-30T19:47:07.388Z,64.899,1,33.53,210,0,0,,,,
powertraces-pt200array_pt220_r3_7536323_8-1cf5cef7ab,2026-04-30T19:47:07.388Z,64.899,2,35.27,210,0,0,,,,
powertraces-pt200array_pt220_r3_7536323_8-1cf5cef7ab,2026-04-30T19:47:07.388Z,64.899,3,34.07,210,0,0,,,,
powertraces-pt200array_pt220_r3_7536323_8-1cf5cef7ab,2026-04-30T19:47:07.488Z,64.999,0,42.62,210,0,0,,,,
powertraces-pt200array_pt220_r3_7536323_8-1cf5cef7ab,2026-04-30T19:47:07.488Z,64.999,1,33.53,210,0,0,,,,
powertraces-pt200array_pt220_r3_7536323_8-1cf5cef7ab,2026-04-30T19:47:07.488Z,64.999,2,35.27,210,0,0,,,,
powertraces-pt200array_pt220_r3_7536323_8-1cf5cef7ab,2026-04-30T19:47:07.488Z,64.999,3,34.07,210,0,0,,,,
powertraces-pt200array_pt220_r3_7536323_8-1cf5cef7ab,2026-04-30T19:47:07.588Z,65.099,0,42.62,210,0,0,,,,
powertraces-pt200array_pt220_r3_7536323_8-1cf5cef7ab,2026-04-30T19:47:07.588Z,65.099,1,33.53,210,0,0,,,,
powertraces-pt200array_pt220_r3_7536323_8-1cf5cef7ab,2026-04-30T19:47:07.588Z,65.099,2,35.27,210,0,0,,,,
powertraces-pt200array_pt220_r3_7536323_8-1cf5cef7ab,2026-04-30T19:47:07.588Z,65.099,3,34.07,210,0,0,,,,
powertraces-pt200array_pt220_r3_7536323_8-1cf5cef7ab,2026-04-30T19:47:07.688Z,65.199,0,42.62,210,0,0,,,,
powertraces-pt200array_pt220_r3_7536323_8-1cf5cef7ab,2026-04-30T19:47:07.688Z,65.199,1,33.53,210,0,0,,,,
powertraces-pt200array_pt220_r3_7536323_8-1cf5cef7ab,2026-04-30T19:47:07.688Z,65.199,2,35.27,210,0,0,,,,
powertraces-pt200array_pt220_r3_7536323_8-1cf5cef7ab,2026-04-30T19:47:07.688Z,65.199,3,34.07,210,0,0,,,,
powertraces-pt200array_pt220_r3_7536323_8-1cf5cef7ab,2026-04-30T19:47:07.788Z,65.299,0,42.49,210,0,0,,,,
powertraces-pt200array_pt220_r3_7536323_8-1cf5cef7ab,2026-04-30T19:47:07.788Z,65.299,1,33.53,210,0,0,,,,
powertraces-pt200array_pt220_r3_7536323_8-1cf5cef7ab,2026-04-30T19:47:07.788Z,65.299,2,35.27,210,0,0,,,,
powertraces-pt200array_pt220_r3_7536323_8-1cf5cef7ab,2026-04-30T19:47:07.788Z,65.299,3,34.07,210,0,0,,,,
powertraces-pt200array_pt220_r3_7536323_8-1cf5cef7ab,2026-04-30T19:47:07.888Z,65.399,0,42.49,210,0,0,,,,
powertraces-pt200array_pt220_r3_7536323_8-1cf5cef7ab,2026-04-30T19:47:07.888Z,65.399,1,33.53,210,0,0,,,,
powertraces-pt200array_pt220_r3_7536323_8-1cf5cef7ab,2026-04-30T19:47:07.889Z,65.4,2,35.27,210,0,0,,,,
powertraces-pt200array_pt220_r3_7536323_8-1cf5cef7ab,2026-04-30T19:47:07.889Z,65.4,3,34.07,210,0,0,,,,
powertraces-pt200array_pt220_r3_7536323_8-1cf5cef7ab,2026-04-30T19:47:07.989Z,65.5,0,42.49,210,0,0,,,,
powertraces-pt200array_pt220_r3_7536323_8-1cf5cef7ab,2026-04-30T19:47:07.989Z,65.5,1,33.53,210,0,0,,,,
powertraces-pt200array_pt220_r3_7536323_8-1cf5cef7ab,2026-04-30T19:47:07.989Z,65.5,2,35.27,210,0,0,,,,
powertraces-pt200array_pt220_r3_7536323_8-1cf5cef7ab,2026-04-30T19:47:07.989Z,65.5,3,34.07,210,0,0,,,,
powertraces-pt200array_pt220_r3_7536323_8-1cf5cef7ab,2026-04-30T19:47:08.089Z,65.6,0,42.49,210,0,0,,,,
powertraces-pt200array_pt220_r3_7536323_8-1cf5cef7ab,2026-04-30T19:47:08.089Z,65.6,1,33.53,210,0,0,,,,
powertraces-pt200array_pt220_r3_7536323_8-1cf5cef7ab,2026-04-30T19:47:08.089Z,65.6,2,35.27,210,0,0,,,,
powertraces-pt200array_pt220_r3_7536323_8-1cf5cef7ab,2026-04-30T19:47:08.089Z,65.6,3,34.07,210,0,0,,,,
powertraces-pt200array_pt220_r3_7536323_8-1cf5cef7ab,2026-04-30T19:47:08.189Z,65.7,0,42.49,210,0,0,,,,
powertraces-pt200array_pt220_r3_7536323_8-1cf5cef7ab,2026-04-30T19:47:08.189Z,65.7,1,33.53,210,0,0,,,,
powertraces-pt200array_pt220_r3_7536323_8-1cf5cef7ab,2026-04-30T19:47:08.189Z,65.7,2,35.27,210,0,0,,,,
powertraces-pt200array_pt220_r3_7536323_8-1cf5cef7ab,2026-04-30T19:47:08.189Z,65.7,3,34.07,210,0,0,,,,
powertraces-pt200array_pt220_r3_7536323_8-1cf5cef7ab,2026-04-30T19:47:08.289Z,65.8,0,42.49,210,0,0,,,,
powertraces-pt200array_pt220_r3_7536323_8-1cf5cef7ab,2026-04-30T19:47:08.289Z,65.8,1,33.53,210,0,0,,,,
powertraces-pt200array_pt220_r3_7536323_8-1cf5cef7ab,2026-04-30T19:47:08.289Z,65.8,2,35.27,210,0,0,,,,
powertraces-pt200array_pt220_r3_7536323_8-1cf5cef7ab,2026-04-30T19:47:08.289Z,65.8,3,34.07,210,0,0,,,,
powertraces-pt200array_pt220_r3_7536323_8-1cf5cef7ab,2026-04-30T19:47:08.389Z,65.9,0,42.49,210,0,0,,,,
powertraces-pt200array_pt220_r3_7536323_8-1cf5cef7ab,2026-04-30T19:47:08.389Z,65.9,1,33.53,210,0,0,,,,
powertraces-pt200array_pt220_r3_7536323_8-1cf5cef7ab,2026-04-30T19:47:08.389Z,65.9,2,35.27,210,0,0,,,,
powertraces-pt200array_pt220_r3_7536323_8-1cf5cef7ab,2026-04-30T19:47:08.389Z,65.9,3,34.07,210,0,0,,,,
powertraces-pt200array_pt220_r3_7536323_8-1cf5cef7ab,2026-04-30T19:47:08.489Z,66.0,0,42.49,210,0,0,,,,
powertraces-pt200array_pt220_r3_7536323_8-1cf5cef7ab,2026-04-30T19:47:08.489Z,66.0,1,33.53,210,0,0,,,,
powertraces-pt200array_pt220_r3_7536323_8-1cf5cef7ab,2026-04-30T19:47:08.489Z,66.0,2,35.27,210,0,0,,,,
powertraces-pt200array_pt220_r3_7536323_8-1cf5cef7ab,2026-04-30T19:47:08.489Z,66.0,3,34.07,210,0,0,,,,
powertraces-pt200array_pt220_r3_7536323_8-1cf5cef7ab,2026-04-30T19:47:08.589Z,66.1,0,42.49,210,0,0,,,,
powertraces-pt200array_pt220_r3_7536323_8-1cf5cef7ab,2026-04-30T19:47:08.59Z,66.101,1,33.53,210,0,0,,,,
powertraces-pt200array_pt220_r3_7536323_8-1cf5cef7ab,2026-04-30T19:47:08.59Z,66.101,2,35.27,210,0,0,,,,
powertraces-pt200array_pt220_r3_7536323_8-1cf5cef7ab,2026-04-30T19:47:08.59Z,66.101,3,34.07,210,0,0,,,,
powertraces-pt200array_pt220_r3_7536323_8-1cf5cef7ab,2026-04-30T19:47:08.69Z,66.201,0,42.49,210,0,0,,,,
powertraces-pt200array_pt220_r3_7536323_8-1cf5cef7ab,2026-04-30T19:47:08.69Z,66.201,1,33.53,210,0,0,,,,
powertraces-pt200array_pt220_r3_7536323_8-1cf5cef7ab,2026-04-30T19:47:08.69Z,66.201,2,35.27,210,0,0,,,,
powertraces-pt200array_pt220_r3_7536323_8-1cf5cef7ab,2026-04-30T19:47:08.69Z,66.201,3,34.07,210,0,0,,,,
powertraces-pt200array_pt220_r3_7536323_8-1cf5cef7ab,2026-04-30T19:47:08.79Z,66.301,0,42.42,210,0,0,,,,
powertraces-pt200array_pt220_r3_7536323_8-1cf5cef7ab,2026-04-30T19:47:08.79Z,66.301,1,33.53,210,0,0,,,,
powertraces-pt200array_pt220_r3_7536323_8-1cf5cef7ab,2026-04-30T19:47:08.79Z,66.301,2,35.27,210,0,0,,,,
powertraces-pt200array_pt220_r3_7536323_8-1cf5cef7ab,2026-04-30T19:47:08.79Z,66.301,3,34.07,210,0,0,,,,
powertraces-pt200array_pt220_r3_7536323_8-1cf5cef7ab,2026-04-30T19:47:08.89Z,66.401,0,42.42,210,0,0,,,,
powertraces-pt200array_pt220_r3_7536323_8-1cf5cef7ab,2026-04-30T19:47:08.89Z,66.401,1,33.53,210,0,0,,,,
powertraces-pt200array_pt220_r3_7536323_8-1cf5cef7ab,2026-04-30T19:47:08.89Z,66.401,2,35.27,210,0,0,,,,
powertraces-pt200array_pt220_r3_7536323_8-1cf5cef7ab,2026-04-30T19:47:08.89Z,66.401,3,34.07,210,0,0,,,,
powertraces-pt200array_pt220_r3_7536323_8-1cf5cef7ab,2026-04-30T19:47:08.99Z,66.501,0,42.42,210,0,0,,,,
powertraces-pt200array_pt220_r3_7536323_8-1cf5cef7ab,2026-04-30T19:47:08.99Z,66.501,1,33.53,210,0,0,,,,
powertraces-pt200array_pt220_r3_7536323_8-1cf5cef7ab,2026-04-30T19:47:08.99Z,66.501,2,35.27,210,0,0,,,,
powertraces-pt200array_pt220_r3_7536323_8-1cf5cef7ab,2026-04-30T19:47:08.99Z,66.501,3,34.07,210,0,0,,,,
powertraces-pt200array_pt220_r3_7536323_8-1cf5cef7ab,2026-04-30T19:47:09.09Z,66.601,0,42.42,210,0,0,,,,
powertraces-pt200array_pt220_r3_7536323_8-1cf5cef7ab,2026-04-30T19:47:09.09Z,66.601,1,33.53,210,0,0,,,,
powertraces-pt200array_pt220_r3_7536323_8-1cf5cef7ab,2026-04-30T19:47:09.09Z,66.601,2,35.27,210,0,0,,,,
powertraces-pt200array_pt220_r3_7536323_8-1cf5cef7ab,2026-04-30T19:47:09.09Z,66.601,3,34.07,210,0,0,,,,
powertraces-pt200array_pt220_r3_7536323_8-1cf5cef7ab,2026-04-30T19:47:09.19Z,66.701,0,42.42,210,0,0,,,,
powertraces-pt200array_pt220_r3_7536323_8-1cf5cef7ab,2026-04-30T19:47:09.19Z,66.701,1,33.53,210,0,0,,,,
powertraces-pt200array_pt220_r3_7536323_8-1cf5cef7ab,2026-04-30T19:47:09.19Z,66.701,2,35.27,210,0,0,,,,
powertraces-pt200array_pt220_r3_7536323_8-1cf5cef7ab,2026-04-30T19:47:09.19Z,66.701,3,34.07,210,0,0,,,,
powertraces-pt200array_pt220_r3_7536323_8-1cf5cef7ab,2026-04-30T19:47:09.291Z,66.802,0,42.42,210,0,0,,,,
powertraces-pt200array_pt220_r3_7536323_8-1cf5cef7ab,2026-04-30T19:47:09.291Z,66.802,1,33.53,210,0,0,,,,
powertraces-pt200array_pt220_r3_7536323_8-1cf5cef7ab,2026-04-30T19:47:09.291Z,66.802,2,35.27,210,0,0,,,,
powertraces-pt200array_pt220_r3_7536323_8-1cf5cef7ab,2026-04-30T19:47:09.291Z,66.802,3,34.07,210,0,0,,,,
powertraces-pt200array_pt220_r3_7536323_8-1cf5cef7ab,2026-04-30T19:47:09.391Z,66.902,0,42.42,210,0,0,,,,
powertraces-pt200array_pt220_r3_7536323_8-1cf5cef7ab,2026-04-30T19:47:09.391Z,66.902,1,33.53,210,0,0,,,,
powertraces-pt200array_pt220_r3_7536323_8-1cf5cef7ab,2026-04-30T19:47:09.391Z,66.902,2,35.27,210,0,0,,,,
powertraces-pt200array_pt220_r3_7536323_8-1cf5cef7ab,2026-04-30T19:47:09.391Z,66.902,3,34.07,210,0,0,,,,
powertraces-pt200array_pt220_r3_7536323_8-1cf5cef7ab,2026-04-30T19:47:09.491Z,67.002,0,42.42,210,0,0,,,,
powertraces-pt200array_pt220_r3_7536323_8-1cf5cef7ab,2026-04-30T19:47:09.491Z,67.002,1,33.53,210,0,0,,,,
powertraces-pt200array_pt220_r3_7536323_8-1cf5cef7ab,2026-04-30T19:47:09.491Z,67.002,2,35.27,210,0,0,,,,
powertraces-pt200array_pt220_r3_7536323_8-1cf5cef7ab,2026-04-30T19:47:09.491Z,67.002,3,34.07,210,0,0,,,,
powertraces-pt200array_pt220_r3_7536323_8-1cf5cef7ab,2026-04-30T19:47:09.591Z,67.102,0,42.42,210,0,0,,,,
powertraces-pt200array_pt220_r3_7536323_8-1cf5cef7ab,2026-04-30T19:47:09.591Z,67.102,1,33.53,210,0,0,,,,
powertraces-pt200array_pt220_r3_7536323_8-1cf5cef7ab,2026-04-30T19:47:09.591Z,67.102,2,35.27,210,0,0,,,,
powertraces-pt200array_pt220_r3_7536323_8-1cf5cef7ab,2026-04-30T19:47:09.591Z,67.102,3,34.07,210,0,0,,,,
powertraces-pt200array_pt220_r3_7536323_8-1cf5cef7ab,2026-04-30T19:47:09.691Z,67.202,0,42.42,210,0,0,,,,
powertraces-pt200array_pt220_r3_7536323_8-1cf5cef7ab,2026-04-30T19:47:09.691Z,67.202,1,33.53,210,0,0,,,,
powertraces-pt200array_pt220_r3_7536323_8-1cf5cef7ab,2026-04-30T19:47:09.691Z,67.202,2,35.27,210,0,0,,,,
powertraces-pt200array_pt220_r3_7536323_8-1cf5cef7ab,2026-04-30T19:47:09.691Z,67.202,3,34.07,210,0,0,,,,
powertraces-pt200array_pt220_r3_7536323_8-1cf5cef7ab,2026-04-30T19:47:09.791Z,67.302,0,42.42,210,0,0,,,,
powertraces-pt200array_pt220_r3_7536323_8-1cf5cef7ab,2026-04-30T19:47:09.791Z,67.302,1,33.53,210,0,0,,,,
powertraces-pt200array_pt220_r3_7536323_8-1cf5cef7ab,2026-04-30T19:47:09.791Z,67.302,2,35.27,210,0,0,,,,
powertraces-pt200array_pt220_r3_7536323_8-1cf5cef7ab,2026-04-30T19:47:09.791Z,67.302,3,34.07,210,0,0,,,,
powertraces-pt200array_pt220_r3_7536323_8-1cf5cef7ab,2026-04-30T19:47:09.891Z,67.402,0,42.42,210,0,0,,,,
powertraces-pt200array_pt220_r3_7536323_8-1cf5cef7ab,2026-04-30T19:47:09.891Z,67.402,1,33.53,210,0,0,,,,
powertraces-pt200array_pt220_r3_7536323_8-1cf5cef7ab,2026-04-30T19:47:09.891Z,67.402,2,35.27,210,0,0,,,,
powertraces-pt200array_pt220_r3_7536323_8-1cf5cef7ab,2026-04-30T19:47:09.891Z,67.402,3,34.2,210,0,0,,,,
powertraces-pt200array_pt220_r3_7536323_8-1cf5cef7ab,2026-04-30T19:47:09.992Z,67.503,0,42.42,210,0,0,,,,
powertraces-pt200array_pt220_r3_7536323_8-1cf5cef7ab,2026-04-30T19:47:09.992Z,67.503,1,33.53,210,0,0,,,,
powertraces-pt200array_pt220_r3_7536323_8-1cf5cef7ab,2026-04-30T19:47:09.992Z,67.503,2,35.27,210,0,0,,,,
powertraces-pt200array_pt220_r3_7536323_8-1cf5cef7ab,2026-04-30T19:47:09.992Z,67.503,3,34.2,210,0,0,,,,
powertraces-pt200array_pt220_r3_7536323_8-1cf5cef7ab,2026-04-30T19:47:10.092Z,67.603,0,42.42,210,0,0,,,,
powertraces-pt200array_pt220_r3_7536323_8-1cf5cef7ab,2026-04-30T19:47:10.092Z,67.603,1,33.53,210,0,0,,,,
powertraces-pt200array_pt220_r3_7536323_8-1cf5cef7ab,2026-04-30T19:47:10.092Z,67.603,2,35.27,210,0,0,,,,
powertraces-pt200array_pt220_r3_7536323_8-1cf5cef7ab,2026-04-30T19:47:10.092Z,67.603,3,34.2,210,0,0,,,,
powertraces-pt200array_pt220_r3_7536323_8-1cf5cef7ab,2026-04-30T19:47:10.192Z,67.703,0,42.42,210,0,0,,,,
powertraces-pt200array_pt220_r3_7536323_8-1cf5cef7ab,2026-04-30T19:47:10.192Z,67.703,1,33.53,210,0,0,,,,
powertraces-pt200array_pt220_r3_7536323_8-1cf5cef7ab,2026-04-30T19:47:10.192Z,67.703,2,35.27,210,0,0,,,,
powertraces-pt200array_pt220_r3_7536323_8-1cf5cef7ab,2026-04-30T19:47:10.192Z,67.703,3,34.2,210,0,0,,,,
powertraces-pt200array_pt220_r3_7536323_8-1cf5cef7ab,2026-04-30T19:47:10.292Z,67.803,0,42.42,210,0,0,,,,
powertraces-pt200array_pt220_r3_7536323_8-1cf5cef7ab,2026-04-30T19:47:10.292Z,67.803,1,33.53,210,0,0,,,,
powertraces-pt200array_pt220_r3_7536323_8-1cf5cef7ab,2026-04-30T19:47:10.292Z,67.803,2,35.27,210,0,0,,,,
powertraces-pt200array_pt220_r3_7536323_8-1cf5cef7ab,2026-04-30T19:47:10.292Z,67.803,3,34.2,210,0,0,,,,
powertraces-pt200array_pt220_r3_7536323_8-1cf5cef7ab,2026-04-30T19:47:10.392Z,67.903,0,42.42,210,0,0,,,,
powertraces-pt200array_pt220_r3_7536323_8-1cf5cef7ab,2026-04-30T19:47:10.392Z,67.903,1,33.53,210,0,0,,,,
powertraces-pt200array_pt220_r3_7536323_8-1cf5cef7ab,2026-04-30T19:47:10.392Z,67.903,2,35.27,210,0,0,,,,
powertraces-pt200array_pt220_r3_7536323_8-1cf5cef7ab,2026-04-30T19:47:10.392Z,67.903,3,34.2,210,0,0,,,,
powertraces-pt200array_pt220_r3_7536323_8-1cf5cef7ab,2026-04-30T19:47:10.492Z,68.003,0,42.42,210,0,0,,,,
powertraces-pt200array_pt220_r3_7536323_8-1cf5cef7ab,2026-04-30T19:47:10.492Z,68.003,1,33.53,210,0,0,,,,
powertraces-pt200array_pt220_r3_7536323_8-1cf5cef7ab,2026-04-30T19:47:10.492Z,68.003,2,35.27,210,0,0,,,,
powertraces-pt200array_pt220_r3_7536323_8-1cf5cef7ab,2026-04-30T19:47:10.492Z,68.003,3,34.2,210,0,0,,,,
powertraces-pt200array_pt220_r3_7536323_8-1cf5cef7ab,2026-04-30T19:47:10.592Z,68.103,0,42.42,210,0,0,,,,
powertraces-pt200array_pt220_r3_7536323_8-1cf5cef7ab,2026-04-30T19:47:10.592Z,68.103,1,33.53,210,0,0,,,,
powertraces-pt200array_pt220_r3_7536323_8-1cf5cef7ab,2026-04-30T19:47:10.592Z,68.103,2,35.27,210,0,0,,,,
powertraces-pt200array_pt220_r3_7536323_8-1cf5cef7ab,2026-04-30T19:47:10.592Z,68.103,3,34.2,210,0,0,,,,
powertraces-pt200array_pt220_r3_7536323_8-1cf5cef7ab,2026-04-30T19:47:10.692Z,68.203,0,42.42,210,0,0,,,,
powertraces-pt200array_pt220_r3_7536323_8-1cf5cef7ab,2026-04-30T19:47:10.692Z,68.203,1,33.53,210,0,0,,,,
powertraces-pt200array_pt220_r3_7536323_8-1cf5cef7ab,2026-04-30T19:47:10.693Z,68.204,2,35.27,210,0,0,,,,
powertraces-pt200array_pt220_r3_7536323_8-1cf5cef7ab,2026-04-30T19:47:10.693Z,68.204,3,34.2,210,0,0,,,,
powertraces-pt200array_pt220_r3_7536323_8-1cf5cef7ab,2026-04-30T19:47:10.793Z,68.304,0,42.42,210,0,0,,,,
powertraces-pt200array_pt220_r3_7536323_8-1cf5cef7ab,2026-04-30T19:47:10.793Z,68.304,1,33.53,210,0,0,,,,
powertraces-pt200array_pt220_r3_7536323_8-1cf5cef7ab,2026-04-30T19:47:10.793Z,68.304,2,35.27,210,0,0,,,,
powertraces-pt200array_pt220_r3_7536323_8-1cf5cef7ab,2026-04-30T19:47:10.793Z,68.304,3,34.2,210,0,0,,,,
powertraces-pt200array_pt220_r3_7536323_8-1cf5cef7ab,2026-04-30T19:47:10.893Z,68.404,0,42.42,210,0,0,,,,
powertraces-pt200array_pt220_r3_7536323_8-1cf5cef7ab,2026-04-30T19:47:10.893Z,68.404,1,33.53,210,0,0,,,,
powertraces-pt200array_pt220_r3_7536323_8-1cf5cef7ab,2026-04-30T19:47:10.893Z,68.404,2,35.27,210,0,0,,,,
powertraces-pt200array_pt220_r3_7536323_8-1cf5cef7ab,2026-04-30T19:47:10.893Z,68.404,3,34.2,210,0,0,,,,
powertraces-pt200array_pt220_r3_7536323_8-1cf5cef7ab,2026-04-30T19:47:10.993Z,68.504,0,42.42,210,0,0,,,,
powertraces-pt200array_pt220_r3_7536323_8-1cf5cef7ab,2026-04-30T19:47:10.993Z,68.504,1,33.53,210,0,0,,,,
powertraces-pt200array_pt220_r3_7536323_8-1cf5cef7ab,2026-04-30T19:47:10.993Z,68.504,2,35.27,210,0,0,,,,
powertraces-pt200array_pt220_r3_7536323_8-1cf5cef7ab,2026-04-30T19:47:10.993Z,68.504,3,34.2,210,0,0,,,,
powertraces-pt200array_pt220_r3_7536323_8-1cf5cef7ab,2026-04-30T19:47:11.093Z,68.604,0,42.42,210,0,0,,,,
powertraces-pt200array_pt220_r3_7536323_8-1cf5cef7ab,2026-04-30T19:47:11.093Z,68.604,1,33.53,210,0,0,,,,
powertraces-pt200array_pt220_r3_7536323_8-1cf5cef7ab,2026-04-30T19:47:11.093Z,68.604,2,35.27,210,0,0,,,,
powertraces-pt200array_pt220_r3_7536323_8-1cf5cef7ab,2026-04-30T19:47:11.093Z,68.604,3,34.2,210,0,0,,,,
powertraces-pt200array_pt220_r3_7536323_8-1cf5cef7ab,2026-04-30T19:47:11.193Z,68.704,0,42.42,210,0,0,,,,
powertraces-pt200array_pt220_r3_7536323_8-1cf5cef7ab,2026-04-30T19:47:11.193Z,68.704,1,33.53,210,0,0,,,,
powertraces-pt200array_pt220_r3_7536323_8-1cf5cef7ab,2026-04-30T19:47:11.193Z,68.704,2,35.27,210,0,0,,,,
powertraces-pt200array_pt220_r3_7536323_8-1cf5cef7ab,2026-04-30T19:47:11.193Z,68.704,3,34.2,210,0,0,,,,
powertraces-pt200array_pt220_r3_7536323_8-1cf5cef7ab,2026-04-30T19:47:11.293Z,68.804,0,42.42,210,0,0,,,,
powertraces-pt200array_pt220_r3_7536323_8-1cf5cef7ab,2026-04-30T19:47:11.293Z,68.804,1,33.53,210,0,0,,,,
powertraces-pt200array_pt220_r3_7536323_8-1cf5cef7ab,2026-04-30T19:47:11.294Z,68.805,2,35.27,210,0,0,,,,
powertraces-pt200array_pt220_r3_7536323_8-1cf5cef7ab,2026-04-30T19:47:11.294Z,68.805,3,34.2,210,0,0,,,,
powertraces-pt200array_pt220_r3_7536323_8-1cf5cef7ab,2026-04-30T19:47:11.394Z,68.905,0,42.42,210,0,0,,,,
powertraces-pt200array_pt220_r3_7536323_8-1cf5cef7ab,2026-04-30T19:47:11.394Z,68.905,1,33.53,210,0,0,,,,
powertraces-pt200array_pt220_r3_7536323_8-1cf5cef7ab,2026-04-30T19:47:11.394Z,68.905,2,35.27,210,0,0,,,,
powertraces-pt200array_pt220_r3_7536323_8-1cf5cef7ab,2026-04-30T19:47:11.394Z,68.905,3,34.2,210,0,0,,,,
powertraces-pt200array_pt220_r3_7536323_8-1cf5cef7ab,2026-04-30T19:47:11.494Z,69.005,0,42.42,210,0,0,,,,
powertraces-pt200array_pt220_r3_7536323_8-1cf5cef7ab,2026-04-30T19:47:11.494Z,69.005,1,33.53,210,0,0,,,,
powertraces-pt200array_pt220_r3_7536323_8-1cf5cef7ab,2026-04-30T19:47:11.494Z,69.005,2,35.27,210,0,0,,,,
powertraces-pt200array_pt220_r3_7536323_8-1cf5cef7ab,2026-04-30T19:47:11.494Z,69.005,3,34.2,210,0,0,,,,
powertraces-pt200array_pt220_r3_7536323_8-1cf5cef7ab,2026-04-30T19:47:11.594Z,69.105,0,42.42,210,0,0,,,,
powertraces-pt200array_pt220_r3_7536323_8-1cf5cef7ab,2026-04-30T19:47:11.594Z,69.105,1,33.53,210,0,0,,,,
powertraces-pt200array_pt220_r3_7536323_8-1cf5cef7ab,2026-04-30T19:47:11.594Z,69.105,2,35.27,210,0,0,,,,
powertraces-pt200array_pt220_r3_7536323_8-1cf5cef7ab,2026-04-30T19:47:11.594Z,69.105,3,34.2,210,0,0,,,,
powertraces-pt200array_pt220_r3_7536323_8-1cf5cef7ab,2026-04-30T19:47:11.694Z,69.205,0,42.42,210,0,0,,,,
powertraces-pt200array_pt220_r3_7536323_8-1cf5cef7ab,2026-04-30T19:47:11.694Z,69.205,1,33.53,210,0,0,,,,
powertraces-pt200array_pt220_r3_7536323_8-1cf5cef7ab,2026-04-30T19:47:11.694Z,69.205,2,35.27,210,0,0,,,,
powertraces-pt200array_pt220_r3_7536323_8-1cf5cef7ab,2026-04-30T19:47:11.694Z,69.205,3,34.2,210,0,0,,,,
powertraces-pt200array_pt220_r3_7536323_8-1cf5cef7ab,2026-04-30T19:47:11.794Z,69.305,0,42.42,210,0,0,,,,
powertraces-pt200array_pt220_r3_7536323_8-1cf5cef7ab,2026-04-30T19:47:11.794Z,69.305,1,33.53,210,0,0,,,,
powertraces-pt200array_pt220_r3_7536323_8-1cf5cef7ab,2026-04-30T19:47:11.794Z,69.305,2,35.27,210,0,0,,,,
powertraces-pt200array_pt220_r3_7536323_8-1cf5cef7ab,2026-04-30T19:47:11.794Z,69.305,3,34.2,210,0,0,,,,
powertraces-pt200array_pt220_r3_7536323_8-1cf5cef7ab,2026-04-30T19:47:11.894Z,69.405,0,42.42,210,0,0,,,,
powertraces-pt200array_pt220_r3_7536323_8-1cf5cef7ab,2026-04-30T19:47:11.894Z,69.405,1,33.53,210,0,0,,,,
powertraces-pt200array_pt220_r3_7536323_8-1cf5cef7ab,2026-04-30T19:47:11.894Z,69.405,2,35.27,210,0,0,,,,
powertraces-pt200array_pt220_r3_7536323_8-1cf5cef7ab,2026-04-30T19:47:11.894Z,69.405,3,34.2,210,0,0,,,,
powertraces-pt200array_pt220_r3_7536323_8-1cf5cef7ab,2026-04-30T19:47:11.994Z,69.505,0,42.42,210,0,0,,,,
powertraces-pt200array_pt220_r3_7536323_8-1cf5cef7ab,2026-04-30T19:47:11.994Z,69.505,1,33.53,210,0,0,,,,
powertraces-pt200array_pt220_r3_7536323_8-1cf5cef7ab,2026-04-30T19:47:11.994Z,69.505,2,35.27,210,0,0,,,,
powertraces-pt200array_pt220_r3_7536323_8-1cf5cef7ab,2026-04-30T19:47:11.994Z,69.505,3,34.2,210,0,0,,,,
powertraces-pt200array_pt220_r3_7536323_8-1cf5cef7ab,2026-04-30T19:47:12.095Z,69.606,0,42.42,210,0,0,,,,
powertraces-pt200array_pt220_r3_7536323_8-1cf5cef7ab,2026-04-30T19:47:12.095Z,69.606,1,33.53,210,0,0,,,,
powertraces-pt200array_pt220_r3_7536323_8-1cf5cef7ab,2026-04-30T19:47:12.095Z,69.606,2,35.27,210,0,0,,,,
powertraces-pt200array_pt220_r3_7536323_8-1cf5cef7ab,2026-04-30T19:47:12.095Z,69.606,3,34.2,210,0,0,,,,
powertraces-pt200array_pt220_r3_7536323_8-1cf5cef7ab,2026-04-30T19:47:12.195Z,69.706,0,42.42,210,0,0,,,,
powertraces-pt200array_pt220_r3_7536323_8-1cf5cef7ab,2026-04-30T19:47:12.195Z,69.706,1,33.53,210,0,0,,,,
powertraces-pt200array_pt220_r3_7536323_8-1cf5cef7ab,2026-04-30T19:47:12.195Z,69.706,2,35.27,210,0,0,,,,
powertraces-pt200array_pt220_r3_7536323_8-1cf5cef7ab,2026-04-30T19:47:12.195Z,69.706,3,34.2,210,0,0,,,,
powertraces-pt200array_pt220_r3_7536323_8-1cf5cef7ab,2026-04-30T19:47:12.295Z,69.806,0,42.42,210,0,0,,,,
powertraces-pt200array_pt220_r3_7536323_8-1cf5cef7ab,2026-04-30T19:47:12.295Z,69.806,1,33.53,210,0,0,,,,
powertraces-pt200array_pt220_r3_7536323_8-1cf5cef7ab,2026-04-30T19:47:12.295Z,69.806,2,35.27,210,0,0,,,,
powertraces-pt200array_pt220_r3_7536323_8-1cf5cef7ab,2026-04-30T19:47:12.295Z,69.806,3,34.2,210,0,0,,,,
powertraces-pt200array_pt220_r3_7536323_8-1cf5cef7ab,2026-04-30T19:47:12.395Z,69.906,0,42.42,210,0,0,,,,
powertraces-pt200array_pt220_r3_7536323_8-1cf5cef7ab,2026-04-30T19:47:12.395Z,69.906,1,33.53,210,0,0,,,,
powertraces-pt200array_pt220_r3_7536323_8-1cf5cef7ab,2026-04-30T19:47:12.395Z,69.906,2,35.27,210,0,0,,,,
powertraces-pt200array_pt220_r3_7536323_8-1cf5cef7ab,2026-04-30T19:47:12.395Z,69.906,3,34.2,210,0,0,,,,
powertraces-pt200array_pt220_r3_7536323_8-1cf5cef7ab,2026-04-30T19:47:12.495Z,70.006,0,42.42,210,0,0,,,,
powertraces-pt200array_pt220_r3_7536323_8-1cf5cef7ab,2026-04-30T19:47:12.495Z,70.006,1,33.53,210,0,0,,,,
powertraces-pt200array_pt220_r3_7536323_8-1cf5cef7ab,2026-04-30T19:47:12.495Z,70.006,2,35.27,210,0,0,,,,
powertraces-pt200array_pt220_r3_7536323_8-1cf5cef7ab,2026-04-30T19:47:12.495Z,70.006,3,34.2,210,0,0,,,,
powertraces-pt200array_pt220_r3_7536323_8-1cf5cef7ab,2026-04-30T19:47:12.595Z,70.106,0,42.42,210,0,0,,,,
powertraces-pt200array_pt220_r3_7536323_8-1cf5cef7ab,2026-04-30T19:47:12.595Z,70.106,1,33.53,210,0,0,,,,
powertraces-pt200array_pt220_r3_7536323_8-1cf5cef7ab,2026-04-30T19:47:12.595Z,70.106,2,35.27,210,0,0,,,,
powertraces-pt200array_pt220_r3_7536323_8-1cf5cef7ab,2026-04-30T19:47:12.595Z,70.106,3,34.2,210,0,0,,,,
powertraces-pt200array_pt220_r3_7536323_8-1cf5cef7ab,2026-04-30T19:47:12.695Z,70.206,0,42.42,210,0,0,,,,
powertraces-pt200array_pt220_r3_7536323_8-1cf5cef7ab,2026-04-30T19:47:12.695Z,70.206,1,33.53,210,0,0,,,,
powertraces-pt200array_pt220_r3_7536323_8-1cf5cef7ab,2026-04-30T19:47:12.695Z,70.206,2,35.27,210,0,0,,,,
powertraces-pt200array_pt220_r3_7536323_8-1cf5cef7ab,2026-04-30T19:47:12.695Z,70.206,3,34.2,210,0,0,,,,
powertraces-pt200array_pt220_r3_7536323_8-1cf5cef7ab,2026-04-30T19:47:12.796Z,70.307,0,42.42,210,0,0,,,,
powertraces-pt200array_pt220_r3_7536323_8-1cf5cef7ab,2026-04-30T19:47:12.796Z,70.307,1,33.53,210,0,0,,,,
powertraces-pt200array_pt220_r3_7536323_8-1cf5cef7ab,2026-04-30T19:47:12.796Z,70.307,2,35.27,210,0,0,,,,
powertraces-pt200array_pt220_r3_7536323_8-1cf5cef7ab,2026-04-30T19:47:12.796Z,70.307,3,34.2,210,0,0,,,,
powertraces-pt200array_pt220_r3_7536323_8-1cf5cef7ab,2026-04-30T19:47:12.896Z,70.407,0,42.42,210,0,0,,,,
powertraces-pt200array_pt220_r3_7536323_8-1cf5cef7ab,2026-04-30T19:47:12.896Z,70.407,1,33.53,210,0,0,,,,
powertraces-pt200array_pt220_r3_7536323_8-1cf5cef7ab,2026-04-30T19:47:12.896Z,70.407,2,35.27,210,0,0,,,,
powertraces-pt200array_pt220_r3_7536323_8-1cf5cef7ab,2026-04-30T19:47:12.896Z,70.407,3,34.2,210,0,0,,,,
powertraces-pt200array_pt220_r3_7536323_8-1cf5cef7ab,2026-04-30T19:47:12.996Z,70.507,0,42.42,210,0,0,,,,
powertraces-pt200array_pt220_r3_7536323_8-1cf5cef7ab,2026-04-30T19:47:12.996Z,70.507,1,33.53,210,0,0,,,,
powertraces-pt200array_pt220_r3_7536323_8-1cf5cef7ab,2026-04-30T19:47:12.996Z,70.507,2,35.27,210,0,0,,,,
powertraces-pt200array_pt220_r3_7536323_8-1cf5cef7ab,2026-04-30T19:47:12.996Z,70.507,3,34.2,210,0,0,,,,
powertraces-pt200array_pt220_r3_7536323_8-1cf5cef7ab,2026-04-30T19:47:13.096Z,70.607,0,42.42,210,0,0,,,,
powertraces-pt200array_pt220_r3_7536323_8-1cf5cef7ab,2026-04-30T19:47:13.096Z,70.607,1,33.53,210,0,0,,,,
powertraces-pt200array_pt220_r3_7536323_8-1cf5cef7ab,2026-04-30T19:47:13.096Z,70.607,2,35.27,210,0,0,,,,
powertraces-pt200array_pt220_r3_7536323_8-1cf5cef7ab,2026-04-30T19:47:13.096Z,70.607,3,34.2,210,0,0,,,,
powertraces-pt200array_pt220_r3_7536323_8-1cf5cef7ab,2026-04-30T19:47:13.196Z,70.707,0,42.42,210,0,0,,,,
powertraces-pt200array_pt220_r3_7536323_8-1cf5cef7ab,2026-04-30T19:47:13.196Z,70.707,1,33.53,210,0,0,,,,
powertraces-pt200array_pt220_r3_7536323_8-1cf5cef7ab,2026-04-30T19:47:13.196Z,70.707,2,35.27,210,0,0,,,,
powertraces-pt200array_pt220_r3_7536323_8-1cf5cef7ab,2026-04-30T19:47:13.196Z,70.707,3,34.2,210,0,0,,,,
powertraces-pt200array_pt220_r3_7536323_8-1cf5cef7ab,2026-04-30T19:47:13.296Z,70.807,0,42.42,210,0,0,,,,
powertraces-pt200array_pt220_r3_7536323_8-1cf5cef7ab,2026-04-30T19:47:13.296Z,70.807,1,33.53,210,0,0,,,,
powertraces-pt200array_pt220_r3_7536323_8-1cf5cef7ab,2026-04-30T19:47:13.296Z,70.807,2,35.27,210,0,0,,,,
powertraces-pt200array_pt220_r3_7536323_8-1cf5cef7ab,2026-04-30T19:47:13.296Z,70.807,3,34.2,210,0,0,,,,
powertraces-pt200array_pt220_r3_7536323_8-1cf5cef7ab,2026-04-30T19:47:13.396Z,70.907,0,42.42,210,0,0,,,,
powertraces-pt200array_pt220_r3_7536323_8-1cf5cef7ab,2026-04-30T19:47:13.396Z,70.907,1,33.53,210,0,0,,,,
powertraces-pt200array_pt220_r3_7536323_8-1cf5cef7ab,2026-04-30T19:47:13.396Z,70.907,2,35.27,210,0,0,,,,
powertraces-pt200array_pt220_r3_7536323_8-1cf5cef7ab,2026-04-30T19:47:13.396Z,70.907,3,34.2,210,0,0,,,,
powertraces-pt200array_pt220_r3_7536323_8-1cf5cef7ab,2026-04-30T19:47:13.496Z,71.007,0,42.42,210,0,0,,,,
powertraces-pt200array_pt220_r3_7536323_8-1cf5cef7ab,2026-04-30T19:47:13.496Z,71.007,1,33.53,210,0,0,,,,
powertraces-pt200array_pt220_r3_7536323_8-1cf5cef7ab,2026-04-30T19:47:13.496Z,71.007,2,35.27,210,0,0,,,,
powertraces-pt200array_pt220_r3_7536323_8-1cf5cef7ab,2026-04-30T19:47:13.496Z,71.007,3,34.2,210,0,0,,,,
powertraces-pt200array_pt220_r3_7536323_8-1cf5cef7ab,2026-04-30T19:47:13.597Z,71.108,0,42.42,210,0,0,,,,
powertraces-pt200array_pt220_r3_7536323_8-1cf5cef7ab,2026-04-30T19:47:13.597Z,71.108,1,33.53,210,0,0,,,,
powertraces-pt200array_pt220_r3_7536323_8-1cf5cef7ab,2026-04-30T19:47:13.597Z,71.108,2,35.27,210,0,0,,,,
powertraces-pt200array_pt220_r3_7536323_8-1cf5cef7ab,2026-04-30T19:47:13.597Z,71.108,3,34.2,210,0,0,,,,
powertraces-pt200array_pt220_r3_7536323_8-1cf5cef7ab,2026-04-30T19:47:13.697Z,71.208,0,42.42,210,0,0,,,,
powertraces-pt200array_pt220_r3_7536323_8-1cf5cef7ab,2026-04-30T19:47:13.697Z,71.208,1,33.53,210,0,0,,,,
powertraces-pt200array_pt220_r3_7536323_8-1cf5cef7ab,2026-04-30T19:47:13.697Z,71.208,2,35.27,210,0,0,,,,
powertraces-pt200array_pt220_r3_7536323_8-1cf5cef7ab,2026-04-30T19:47:13.697Z,71.208,3,34.2,210,0,0,,,,
powertraces-pt200array_pt220_r3_7536323_8-1cf5cef7ab,2026-04-30T19:47:13.797Z,71.308,0,42.25,210,0,0,,,,
powertraces-pt200array_pt220_r3_7536323_8-1cf5cef7ab,2026-04-30T19:47:13.797Z,71.308,1,33.53,210,0,0,,,,
powertraces-pt200array_pt220_r3_7536323_8-1cf5cef7ab,2026-04-30T19:47:13.797Z,71.308,2,35.27,210,0,0,,,,
powertraces-pt200array_pt220_r3_7536323_8-1cf5cef7ab,2026-04-30T19:47:13.797Z,71.308,3,34.2,210,0,0,,,,
powertraces-pt200array_pt220_r3_7536323_8-1cf5cef7ab,2026-04-30T19:47:13.897Z,71.408,0,42.25,210,0,0,,,,
powertraces-pt200array_pt220_r3_7536323_8-1cf5cef7ab,2026-04-30T19:47:13.897Z,71.408,1,33.53,210,0,0,,,,
powertraces-pt200array_pt220_r3_7536323_8-1cf5cef7ab,2026-04-30T19:47:13.897Z,71.408,2,35.27,210,0,0,,,,
powertraces-pt200array_pt220_r3_7536323_8-1cf5cef7ab,2026-04-30T19:47:13.897Z,71.408,3,34.07,210,0,0,,,,
powertraces-pt200array_pt220_r3_7536323_8-1cf5cef7ab,2026-04-30T19:47:13.997Z,71.508,0,42.25,210,0,0,,,,
powertraces-pt200array_pt220_r3_7536323_8-1cf5cef7ab,2026-04-30T19:47:13.997Z,71.508,1,33.53,210,0,0,,,,
powertraces-pt200array_pt220_r3_7536323_8-1cf5cef7ab,2026-04-30T19:47:13.997Z,71.508,2,35.27,210,0,0,,,,
powertraces-pt200array_pt220_r3_7536323_8-1cf5cef7ab,2026-04-30T19:47:13.997Z,71.508,3,34.07,210,0,0,,,,
powertraces-pt200array_pt220_r3_7536323_8-1cf5cef7ab,2026-04-30T19:47:14.097Z,71.608,0,42.25,210,0,0,,,,
powertraces-pt200array_pt220_r3_7536323_8-1cf5cef7ab,2026-04-30T19:47:14.097Z,71.608,1,33.53,210,0,0,,,,
powertraces-pt200array_pt220_r3_7536323_8-1cf5cef7ab,2026-04-30T19:47:14.097Z,71.608,2,35.27,210,0,0,,,,
powertraces-pt200array_pt220_r3_7536323_8-1cf5cef7ab,2026-04-30T19:47:14.097Z,71.608,3,34.07,210,0,0,,,,
powertraces-pt200array_pt220_r3_7536323_8-1cf5cef7ab,2026-04-30T19:47:14.197Z,71.708,0,42.25,210,0,0,,,,
powertraces-pt200array_pt220_r3_7536323_8-1cf5cef7ab,2026-04-30T19:47:14.198Z,71.709,1,33.53,210,0,0,,,,
powertraces-pt200array_pt220_r3_7536323_8-1cf5cef7ab,2026-04-30T19:47:14.198Z,71.709,2,35.27,210,0,0,,,,
powertraces-pt200array_pt220_r3_7536323_8-1cf5cef7ab,2026-04-30T19:47:14.198Z,71.709,3,34.07,210,0,0,,,,
powertraces-pt200array_pt220_r3_7536323_8-1cf5cef7ab,2026-04-30T19:47:14.298Z,71.809,0,42.25,210,0,0,,,,
powertraces-pt200array_pt220_r3_7536323_8-1cf5cef7ab,2026-04-30T19:47:14.298Z,71.809,1,33.53,210,0,0,,,,
powertraces-pt200array_pt220_r3_7536323_8-1cf5cef7ab,2026-04-30T19:47:14.298Z,71.809,2,35.27,210,0,0,,,,
powertraces-pt200array_pt220_r3_7536323_8-1cf5cef7ab,2026-04-30T19:47:14.298Z,71.809,3,34.07,210,0,0,,,,
powertraces-pt200array_pt220_r3_7536323_8-1cf5cef7ab,2026-04-30T19:47:14.398Z,71.909,0,42.25,210,0,0,,,,
powertraces-pt200array_pt220_r3_7536323_8-1cf5cef7ab,2026-04-30T19:47:14.398Z,71.909,1,33.53,210,0,0,,,,
powertraces-pt200array_pt220_r3_7536323_8-1cf5cef7ab,2026-04-30T19:47:14.398Z,71.909,2,35.27,210,0,0,,,,
powertraces-pt200array_pt220_r3_7536323_8-1cf5cef7ab,2026-04-30T19:47:14.398Z,71.909,3,34.07,210,0,0,,,,
powertraces-pt200array_pt220_r3_7536323_8-1cf5cef7ab,2026-04-30T19:47:14.498Z,72.009,0,42.25,210,0,0,,,,
powertraces-pt200array_pt220_r3_7536323_8-1cf5cef7ab,2026-04-30T19:47:14.498Z,72.009,1,33.53,210,0,0,,,,
powertraces-pt200array_pt220_r3_7536323_8-1cf5cef7ab,2026-04-30T19:47:14.498Z,72.009,2,35.27,210,0,0,,,,
powertraces-pt200array_pt220_r3_7536323_8-1cf5cef7ab,2026-04-30T19:47:14.498Z,72.009,3,34.07,210,0,0,,,,
powertraces-pt200array_pt220_r3_7536323_8-1cf5cef7ab,2026-04-30T19:47:14.598Z,72.109,0,42.25,210,0,0,,,,
powertraces-pt200array_pt220_r3_7536323_8-1cf5cef7ab,2026-04-30T19:47:14.598Z,72.109,1,33.53,210,0,0,,,,
powertraces-pt200array_pt220_r3_7536323_8-1cf5cef7ab,2026-04-30T19:47:14.598Z,72.109,2,35.27,210,0,0,,,,
powertraces-pt200array_pt220_r3_7536323_8-1cf5cef7ab,2026-04-30T19:47:14.598Z,72.109,3,34.07,210,0,0,,,,
powertraces-pt200array_pt220_r3_7536323_8-1cf5cef7ab,2026-04-30T19:47:14.698Z,72.209,0,42.08,210,0,0,,,,
powertraces-pt200array_pt220_r3_7536323_8-1cf5cef7ab,2026-04-30T19:47:14.698Z,72.209,1,33.53,210,0,0,,,,
powertraces-pt200array_pt220_r3_7536323_8-1cf5cef7ab,2026-04-30T19:47:14.698Z,72.209,2,35.27,210,0,0,,,,
powertraces-pt200array_pt220_r3_7536323_8-1cf5cef7ab,2026-04-30T19:47:14.698Z,72.209,3,34.07,210,0,0,,,,
powertraces-pt200array_pt220_r3_7536323_8-1cf5cef7ab,2026-04-30T19:47:14.798Z,72.309,0,42.08,210,0,0,,,,
powertraces-pt200array_pt220_r3_7536323_8-1cf5cef7ab,2026-04-30T19:47:14.798Z,72.309,1,33.53,210,0,0,,,,
powertraces-pt200array_pt220_r3_7536323_8-1cf5cef7ab,2026-04-30T19:47:14.798Z,72.309,2,35.27,210,0,0,,,,
powertraces-pt200array_pt220_r3_7536323_8-1cf5cef7ab,2026-04-30T19:47:14.798Z,72.309,3,34.07,210,0,0,,,,
powertraces-pt200array_pt220_r3_7536323_8-1cf5cef7ab,2026-04-30T19:47:14.899Z,72.41,0,42.08,210,0,0,,,,
powertraces-pt200array_pt220_r3_7536323_8-1cf5cef7ab,2026-04-30T19:47:14.899Z,72.41,1,33.53,210,0,0,,,,
powertraces-pt200array_pt220_r3_7536323_8-1cf5cef7ab,2026-04-30T19:47:14.899Z,72.41,2,35.27,210,0,0,,,,
powertraces-pt200array_pt220_r3_7536323_8-1cf5cef7ab,2026-04-30T19:47:14.899Z,72.41,3,34.07,210,0,0,,,,
powertraces-pt200array_pt220_r3_7536323_8-1cf5cef7ab,2026-04-30T19:47:14.999Z,72.51,0,42.08,210,0,0,,,,
powertraces-pt200array_pt220_r3_7536323_8-1cf5cef7ab,2026-04-30T19:47:14.999Z,72.51,1,33.53,210,0,0,,,,
powertraces-pt200array_pt220_r3_7536323_8-1cf5cef7ab,2026-04-30T19:47:14.999Z,72.51,2,35.27,210,0,0,,,,
powertraces-pt200array_pt220_r3_7536323_8-1cf5cef7ab,2026-04-30T19:47:14.999Z,72.51,3,34.07,210,0,0,,,,
powertraces-pt200array_pt220_r3_7536323_8-1cf5cef7ab,2026-04-30T19:47:15.099Z,72.61,0,42.08,210,0,0,,,,
powertraces-pt200array_pt220_r3_7536323_8-1cf5cef7ab,2026-04-30T19:47:15.099Z,72.61,1,33.53,210,0,0,,,,
powertraces-pt200array_pt220_r3_7536323_8-1cf5cef7ab,2026-04-30T19:47:15.099Z,72.61,2,35.27,210,0,0,,,,
powertraces-pt200array_pt220_r3_7536323_8-1cf5cef7ab,2026-04-30T19:47:15.099Z,72.61,3,34.07,210,0,0,,,,
powertraces-pt200array_pt220_r3_7536323_8-1cf5cef7ab,2026-04-30T19:47:15.199Z,72.71,0,42.08,210,0,0,,,,
powertraces-pt200array_pt220_r3_7536323_8-1cf5cef7ab,2026-04-30T19:47:15.199Z,72.71,1,33.53,210,0,0,,,,
powertraces-pt200array_pt220_r3_7536323_8-1cf5cef7ab,2026-04-30T19:47:15.199Z,72.71,2,35.27,210,0,0,,,,
powertraces-pt200array_pt220_r3_7536323_8-1cf5cef7ab,2026-04-30T19:47:15.199Z,72.71,3,34.07,210,0,0,,,,
powertraces-pt200array_pt220_r3_7536323_8-1cf5cef7ab,2026-04-30T19:47:15.299Z,72.81,0,42.08,210,0,0,,,,
powertraces-pt200array_pt220_r3_7536323_8-1cf5cef7ab,2026-04-30T19:47:15.299Z,72.81,1,33.53,210,0,0,,,,
powertraces-pt200array_pt220_r3_7536323_8-1cf5cef7ab,2026-04-30T19:47:15.299Z,72.81,2,35.27,210,0,0,,,,
powertraces-pt200array_pt220_r3_7536323_8-1cf5cef7ab,2026-04-30T19:47:15.299Z,72.81,3,34.07,210,0,0,,,,
powertraces-pt200array_pt220_r3_7536323_8-1cf5cef7ab,2026-04-30T19:47:15.4Z,72.911,0,42.08,210,0,0,,,,
powertraces-pt200array_pt220_r3_7536323_8-1cf5cef7ab,2026-04-30T19:47:15.4Z,72.911,1,33.53,210,0,0,,,,
powertraces-pt200array_pt220_r3_7536323_8-1cf5cef7ab,2026-04-30T19:47:15.4Z,72.911,2,35.27,210,0,0,,,,
powertraces-pt200array_pt220_r3_7536323_8-1cf5cef7ab,2026-04-30T19:47:15.4Z,72.911,3,34.07,210,0,0,,,,
powertraces-pt200array_pt220_r3_7536323_8-1cf5cef7ab,2026-04-30T19:47:15.5Z,73.011,0,42.08,210,0,0,,,,
powertraces-pt200array_pt220_r3_7536323_8-1cf5cef7ab,2026-04-30T19:47:15.5Z,73.011,1,33.53,210,0,0,,,,
powertraces-pt200array_pt220_r3_7536323_8-1cf5cef7ab,2026-04-30T19:47:15.5Z,73.011,2,35.27,210,0,0,,,,
powertraces-pt200array_pt220_r3_7536323_8-1cf5cef7ab,2026-04-30T19:47:15.5Z,73.011,3,34.07,210,0,0,,,,
powertraces-pt200array_pt220_r3_7536323_8-1cf5cef7ab,2026-04-30T19:47:15.6Z,73.111,0,42.08,210,0,0,,,,
powertraces-pt200array_pt220_r3_7536323_8-1cf5cef7ab,2026-04-30T19:47:15.6Z,73.111,1,33.65,210,0,0,,,,
powertraces-pt200array_pt220_r3_7536323_8-1cf5cef7ab,2026-04-30T19:47:15.6Z,73.111,2,35.27,210,0,0,,,,
powertraces-pt200array_pt220_r3_7536323_8-1cf5cef7ab,2026-04-30T19:47:15.6Z,73.111,3,34.07,210,0,0,,,,
powertraces-pt200array_pt220_r3_7536323_8-1cf5cef7ab,2026-04-30T19:47:15.7Z,73.211,0,42.13,210,0,0,,,,
powertraces-pt200array_pt220_r3_7536323_8-1cf5cef7ab,2026-04-30T19:47:15.7Z,73.211,1,33.65,210,0,0,,,,
powertraces-pt200array_pt220_r3_7536323_8-1cf5cef7ab,2026-04-30T19:47:15.7Z,73.211,2,35.27,210,0,0,,,,
powertraces-pt200array_pt220_r3_7536323_8-1cf5cef7ab,2026-04-30T19:47:15.7Z,73.211,3,34.07,210,0,0,,,,
powertraces-pt200array_pt220_r3_7536323_8-1cf5cef7ab,2026-04-30T19:47:15.8Z,73.311,0,42.13,210,0,0,,,,
powertraces-pt200array_pt220_r3_7536323_8-1cf5cef7ab,2026-04-30T19:47:15.8Z,73.311,1,33.65,210,0,0,,,,
powertraces-pt200array_pt220_r3_7536323_8-1cf5cef7ab,2026-04-30T19:47:15.8Z,73.311,2,35.27,210,0,0,,,,
powertraces-pt200array_pt220_r3_7536323_8-1cf5cef7ab,2026-04-30T19:47:15.8Z,73.311,3,34.07,210,0,0,,,,
powertraces-pt200array_pt220_r3_7536323_8-1cf5cef7ab,2026-04-30T19:47:15.9Z,73.411,0,42.13,210,0,0,,,,
powertraces-pt200array_pt220_r3_7536323_8-1cf5cef7ab,2026-04-30T19:47:15.9Z,73.411,1,33.65,210,0,0,,,,
powertraces-pt200array_pt220_r3_7536323_8-1cf5cef7ab,2026-04-30T19:47:15.9Z,73.411,2,35.27,210,0,0,,,,
powertraces-pt200array_pt220_r3_7536323_8-1cf5cef7ab,2026-04-30T19:47:15.9Z,73.411,3,34.2,210,0,0,,,,
powertraces-pt200array_pt220_r3_7536323_8-1cf5cef7ab,2026-04-30T19:47:16Z,73.511,0,42.13,210,0,0,,,,
powertraces-pt200array_pt220_r3_7536323_8-1cf5cef7ab,2026-04-30T19:47:16Z,73.511,1,33.65,210,0,0,,,,
powertraces-pt200array_pt220_r3_7536323_8-1cf5cef7ab,2026-04-30T19:47:16Z,73.511,2,35.27,210,0,0,,,,
powertraces-pt200array_pt220_r3_7536323_8-1cf5cef7ab,2026-04-30T19:47:16Z,73.511,3,34.2,210,0,0,,,,
powertraces-pt200array_pt220_r3_7536323_8-1cf5cef7ab,2026-04-30T19:47:16.1Z,73.611,0,42.13,210,0,0,,,,
powertraces-pt200array_pt220_r3_7536323_8-1cf5cef7ab,2026-04-30T19:47:16.1Z,73.611,1,33.65,210,0,0,,,,
powertraces-pt200array_pt220_r3_7536323_8-1cf5cef7ab,2026-04-30T19:47:16.1Z,73.611,2,35.27,210,0,0,,,,
powertraces-pt200array_pt220_r3_7536323_8-1cf5cef7ab,2026-04-30T19:47:16.101Z,73.612,3,34.2,210,0,0,,,,
powertraces-pt200array_pt220_r3_7536323_8-1cf5cef7ab,2026-04-30T19:47:16.201Z,73.712,0,42.13,210,0,0,,,,
powertraces-pt200array_pt220_r3_7536323_8-1cf5cef7ab,2026-04-30T19:47:16.201Z,73.712,1,33.65,210,0,0,,,,
powertraces-pt200array_pt220_r3_7536323_8-1cf5cef7ab,2026-04-30T19:47:16.201Z,73.712,2,35.27,210,0,0,,,,
powertraces-pt200array_pt220_r3_7536323_8-1cf5cef7ab,2026-04-30T19:47:16.201Z,73.712,3,34.2,210,0,0,,,,
powertraces-pt200array_pt220_r3_7536323_8-1cf5cef7ab,2026-04-30T19:47:16.301Z,73.812,0,42.13,210,0,0,,,,
powertraces-pt200array_pt220_r3_7536323_8-1cf5cef7ab,2026-04-30T19:47:16.301Z,73.812,1,33.65,210,0,0,,,,
powertraces-pt200array_pt220_r3_7536323_8-1cf5cef7ab,2026-04-30T19:47:16.301Z,73.812,2,35.27,210,0,0,,,,
powertraces-pt200array_pt220_r3_7536323_8-1cf5cef7ab,2026-04-30T19:47:16.301Z,73.812,3,34.2,210,0,0,,,,
powertraces-pt200array_pt220_r3_7536323_8-1cf5cef7ab,2026-04-30T19:47:16.401Z,73.912,0,42.13,210,0,0,,,,
powertraces-pt200array_pt220_r3_7536323_8-1cf5cef7ab,2026-04-30T19:47:16.401Z,73.912,1,33.65,210,0,0,,,,
powertraces-pt200array_pt220_r3_7536323_8-1cf5cef7ab,2026-04-30T19:47:16.401Z,73.912,2,35.27,210,0,0,,,,
powertraces-pt200array_pt220_r3_7536323_8-1cf5cef7ab,2026-04-30T19:47:16.401Z,73.912,3,34.2,210,0,0,,,,
powertraces-pt200array_pt220_r3_7536323_8-1cf5cef7ab,2026-04-30T19:47:16.501Z,74.012,0,42.13,210,0,0,,,,
powertraces-pt200array_pt220_r3_7536323_8-1cf5cef7ab,2026-04-30T19:47:16.501Z,74.012,1,33.65,210,0,0,,,,
powertraces-pt200array_pt220_r3_7536323_8-1cf5cef7ab,2026-04-30T19:47:16.501Z,74.012,2,35.27,210,0,0,,,,
powertraces-pt200array_pt220_r3_7536323_8-1cf5cef7ab,2026-04-30T19:47:16.501Z,74.012,3,34.2,210,0,0,,,,
powertraces-pt200array_pt220_r3_7536323_8-1cf5cef7ab,2026-04-30T19:47:16.601Z,74.112,0,42.13,210,0,0,,,,
powertraces-pt200array_pt220_r3_7536323_8-1cf5cef7ab,2026-04-30T19:47:16.601Z,74.112,1,33.78,210,0,0,,,,
powertraces-pt200array_pt220_r3_7536323_8-1cf5cef7ab,2026-04-30T19:47:16.601Z,74.112,2,35.27,210,0,0,,,,
powertraces-pt200array_pt220_r3_7536323_8-1cf5cef7ab,2026-04-30T19:47:16.601Z,74.112,3,34.2,210,0,0,,,,
powertraces-pt200array_pt220_r3_7536323_8-1cf5cef7ab,2026-04-30T19:47:16.701Z,74.212,0,42.13,210,0,0,,,,
powertraces-pt200array_pt220_r3_7536323_8-1cf5cef7ab,2026-04-30T19:47:16.701Z,74.212,1,33.78,210,0,0,,,,
powertraces-pt200array_pt220_r3_7536323_8-1cf5cef7ab,2026-04-30T19:47:16.701Z,74.212,2,35.27,210,0,0,,,,
powertraces-pt200array_pt220_r3_7536323_8-1cf5cef7ab,2026-04-30T19:47:16.701Z,74.212,3,34.2,210,0,0,,,,
powertraces-pt200array_pt220_r3_7536323_8-1cf5cef7ab,2026-04-30T19:47:16.802Z,74.313,0,42.13,210,0,0,,,,
powertraces-pt200array_pt220_r3_7536323_8-1cf5cef7ab,2026-04-30T19:47:16.802Z,74.313,1,33.78,210,0,0,,,,
powertraces-pt200array_pt220_r3_7536323_8-1cf5cef7ab,2026-04-30T19:47:16.802Z,74.313,2,35.27,210,0,0,,,,
powertraces-pt200array_pt220_r3_7536323_8-1cf5cef7ab,2026-04-30T19:47:16.802Z,74.313,3,34.2,210,0,0,,,,
powertraces-pt200array_pt220_r3_7536323_8-1cf5cef7ab,2026-04-30T19:47:16.902Z,74.413,0,42.13,210,0,0,,,,
powertraces-pt200array_pt220_r3_7536323_8-1cf5cef7ab,2026-04-30T19:47:16.902Z,74.413,1,33.78,210,0,0,,,,
powertraces-pt200array_pt220_r3_7536323_8-1cf5cef7ab,2026-04-30T19:47:16.902Z,74.413,2,35.4,210,0,0,,,,
powertraces-pt200array_pt220_r3_7536323_8-1cf5cef7ab,2026-04-30T19:47:16.902Z,74.413,3,34.2,210,0,0,,,,
powertraces-pt200array_pt220_r3_7536323_8-1cf5cef7ab,2026-04-30T19:47:17.002Z,74.513,0,42.13,210,0,0,,,,
powertraces-pt200array_pt220_r3_7536323_8-1cf5cef7ab,2026-04-30T19:47:17.002Z,74.513,1,33.78,210,0,0,,,,
powertraces-pt200array_pt220_r3_7536323_8-1cf5cef7ab,2026-04-30T19:47:17.002Z,74.513,2,35.4,210,0,0,,,,
powertraces-pt200array_pt220_r3_7536323_8-1cf5cef7ab,2026-04-30T19:47:17.002Z,74.513,3,34.2,210,0,0,,,,
powertraces-pt200array_pt220_r3_7536323_8-1cf5cef7ab,2026-04-30T19:47:17.102Z,74.613,0,42.13,210,0,0,,,,
powertraces-pt200array_pt220_r3_7536323_8-1cf5cef7ab,2026-04-30T19:47:17.102Z,74.613,1,33.78,210,0,0,,,,
powertraces-pt200array_pt220_r3_7536323_8-1cf5cef7ab,2026-04-30T19:47:17.102Z,74.613,2,35.4,210,0,0,,,,
powertraces-pt200array_pt220_r3_7536323_8-1cf5cef7ab,2026-04-30T19:47:17.102Z,74.613,3,34.2,210,0,0,,,,
powertraces-pt200array_pt220_r3_7536323_8-1cf5cef7ab,2026-04-30T19:47:17.202Z,74.713,0,42.13,210,0,0,,,,
powertraces-pt200array_pt220_r3_7536323_8-1cf5cef7ab,2026-04-30T19:47:17.202Z,74.713,1,33.78,210,0,0,,,,
powertraces-pt200array_pt220_r3_7536323_8-1cf5cef7ab,2026-04-30T19:47:17.202Z,74.713,2,35.4,210,0,0,,,,
powertraces-pt200array_pt220_r3_7536323_8-1cf5cef7ab,2026-04-30T19:47:17.202Z,74.713,3,34.2,210,0,0,,,,
powertraces-pt200array_pt220_r3_7536323_8-1cf5cef7ab,2026-04-30T19:47:17.302Z,74.813,0,42.13,210,0,0,,,,
powertraces-pt200array_pt220_r3_7536323_8-1cf5cef7ab,2026-04-30T19:47:17.302Z,74.813,1,33.78,210,0,0,,,,
powertraces-pt200array_pt220_r3_7536323_8-1cf5cef7ab,2026-04-30T19:47:17.302Z,74.813,2,35.4,210,0,0,,,,
powertraces-pt200array_pt220_r3_7536323_8-1cf5cef7ab,2026-04-30T19:47:17.302Z,74.813,3,34.2,210,0,0,,,,
powertraces-pt200array_pt220_r3_7536323_8-1cf5cef7ab,2026-04-30T19:47:17.403Z,74.914,0,42.13,210,0,0,,,,
powertraces-pt200array_pt220_r3_7536323_8-1cf5cef7ab,2026-04-30T19:47:17.403Z,74.914,1,33.78,210,0,0,,,,
powertraces-pt200array_pt220_r3_7536323_8-1cf5cef7ab,2026-04-30T19:47:17.403Z,74.914,2,35.4,210,0,0,,,,
powertraces-pt200array_pt220_r3_7536323_8-1cf5cef7ab,2026-04-30T19:47:17.403Z,74.914,3,34.2,210,0,0,,,,
powertraces-pt200array_pt220_r3_7536323_8-1cf5cef7ab,2026-04-30T19:47:17.503Z,75.014,0,42.13,210,0,0,,,,
powertraces-pt200array_pt220_r3_7536323_8-1cf5cef7ab,2026-04-30T19:47:17.503Z,75.014,1,33.78,210,0,0,,,,
powertraces-pt200array_pt220_r3_7536323_8-1cf5cef7ab,2026-04-30T19:47:17.503Z,75.014,2,35.4,210,0,0,,,,
powertraces-pt200array_pt220_r3_7536323_8-1cf5cef7ab,2026-04-30T19:47:17.503Z,75.014,3,34.2,210,0,0,,,,
powertraces-pt200array_pt220_r3_7536323_8-1cf5cef7ab,2026-04-30T19:47:17.603Z,75.114,0,42.13,210,0,0,,,,
powertraces-pt200array_pt220_r3_7536323_8-1cf5cef7ab,2026-04-30T19:47:17.603Z,75.114,1,33.65,210,0,0,,,,
powertraces-pt200array_pt220_r3_7536323_8-1cf5cef7ab,2026-04-30T19:47:17.603Z,75.114,2,35.4,210,0,0,,,,
powertraces-pt200array_pt220_r3_7536323_8-1cf5cef7ab,2026-04-30T19:47:17.603Z,75.114,3,34.2,210,0,0,,,,
powertraces-pt200array_pt220_r3_7536323_8-1cf5cef7ab,2026-04-30T19:47:17.703Z,75.214,0,42.08,210,0,0,,,,
powertraces-pt200array_pt220_r3_7536323_8-1cf5cef7ab,2026-04-30T19:47:17.703Z,75.214,1,33.65,210,0,0,,,,
powertraces-pt200array_pt220_r3_7536323_8-1cf5cef7ab,2026-04-30T19:47:17.703Z,75.214,2,35.4,210,0,0,,,,
powertraces-pt200array_pt220_r3_7536323_8-1cf5cef7ab,2026-04-30T19:47:17.703Z,75.214,3,34.2,210,0,0,,,,
powertraces-pt200array_pt220_r3_7536323_8-1cf5cef7ab,2026-04-30T19:47:17.803Z,75.314,0,42.08,210,0,0,,,,
powertraces-pt200array_pt220_r3_7536323_8-1cf5cef7ab,2026-04-30T19:47:17.803Z,75.314,1,33.65,210,0,0,,,,
powertraces-pt200array_pt220_r3_7536323_8-1cf5cef7ab,2026-04-30T19:47:17.803Z,75.314,2,35.4,210,0,0,,,,
powertraces-pt200array_pt220_r3_7536323_8-1cf5cef7ab,2026-04-30T19:47:17.803Z,75.314,3,34.2,210,0,0,,,,
powertraces-pt200array_pt220_r3_7536323_8-1cf5cef7ab,2026-04-30T19:47:17.903Z,75.414,0,42.08,210,0,0,,,,
powertraces-pt200array_pt220_r3_7536323_8-1cf5cef7ab,2026-04-30T19:47:17.903Z,75.414,1,33.65,210,0,0,,,,
powertraces-pt200array_pt220_r3_7536323_8-1cf5cef7ab,2026-04-30T19:47:17.903Z,75.414,2,35.4,210,0,0,,,,
powertraces-pt200array_pt220_r3_7536323_8-1cf5cef7ab,2026-04-30T19:47:17.903Z,75.414,3,34.2,210,0,0,,,,
powertraces-pt200array_pt220_r3_7536323_8-1cf5cef7ab,2026-04-30T19:47:18.003Z,75.514,0,42.08,210,0,0,,,,
powertraces-pt200array_pt220_r3_7536323_8-1cf5cef7ab,2026-04-30T19:47:18.003Z,75.514,1,33.65,210,0,0,,,,
powertraces-pt200array_pt220_r3_7536323_8-1cf5cef7ab,2026-04-30T19:47:18.003Z,75.514,2,35.4,210,0,0,,,,
powertraces-pt200array_pt220_r3_7536323_8-1cf5cef7ab,2026-04-30T19:47:18.003Z,75.514,3,34.2,210,0,0,,,,
powertraces-pt200array_pt220_r3_7536323_8-1cf5cef7ab,2026-04-30T19:47:18.104Z,75.615,0,42.08,210,0,0,,,,
powertraces-pt200array_pt220_r3_7536323_8-1cf5cef7ab,2026-04-30T19:47:18.104Z,75.615,1,33.65,210,0,0,,,,
powertraces-pt200array_pt220_r3_7536323_8-1cf5cef7ab,2026-04-30T19:47:18.104Z,75.615,2,35.4,210,0,0,,,,
powertraces-pt200array_pt220_r3_7536323_8-1cf5cef7ab,2026-04-30T19:47:18.104Z,75.615,3,34.2,210,0,0,,,,
powertraces-pt200array_pt220_r3_7536323_8-1cf5cef7ab,2026-04-30T19:47:18.204Z,75.715,0,42.08,210,0,0,,,,
powertraces-pt200array_pt220_r3_7536323_8-1cf5cef7ab,2026-04-30T19:47:18.204Z,75.715,1,33.65,210,0,0,,,,
powertraces-pt200array_pt220_r3_7536323_8-1cf5cef7ab,2026-04-30T19:47:18.204Z,75.715,2,35.4,210,0,0,,,,
powertraces-pt200array_pt220_r3_7536323_8-1cf5cef7ab,2026-04-30T19:47:18.204Z,75.715,3,34.2,210,0,0,,,,
powertraces-pt200array_pt220_r3_7536323_8-1cf5cef7ab,2026-04-30T19:47:18.304Z,75.815,0,42.08,210,0,0,,,,
powertraces-pt200array_pt220_r3_7536323_8-1cf5cef7ab,2026-04-30T19:47:18.304Z,75.815,1,33.65,210,0,0,,,,
powertraces-pt200array_pt220_r3_7536323_8-1cf5cef7ab,2026-04-30T19:47:18.304Z,75.815,2,35.4,210,0,0,,,,
powertraces-pt200array_pt220_r3_7536323_8-1cf5cef7ab,2026-04-30T19:47:18.304Z,75.815,3,34.2,210,0,0,,,,
powertraces-pt200array_pt220_r3_7536323_8-1cf5cef7ab,2026-04-30T19:47:18.404Z,75.915,0,42.08,210,0,0,,,,
powertraces-pt200array_pt220_r3_7536323_8-1cf5cef7ab,2026-04-30T19:47:18.404Z,75.915,1,33.65,210,0,0,,,,
powertraces-pt200array_pt220_r3_7536323_8-1cf5cef7ab,2026-04-30T19:47:18.404Z,75.915,2,35.4,210,0,0,,,,
powertraces-pt200array_pt220_r3_7536323_8-1cf5cef7ab,2026-04-30T19:47:18.404Z,75.915,3,34.2,210,0,0,,,,
powertraces-pt200array_pt220_r3_7536323_8-1cf5cef7ab,2026-04-30T19:47:18.504Z,76.015,0,42.08,210,0,0,,,,
powertraces-pt200array_pt220_r3_7536323_8-1cf5cef7ab,2026-04-30T19:47:18.504Z,76.015,1,33.65,210,0,0,,,,
powertraces-pt200array_pt220_r3_7536323_8-1cf5cef7ab,2026-04-30T19:47:18.504Z,76.015,2,35.4,210,0,0,,,,
powertraces-pt200array_pt220_r3_7536323_8-1cf5cef7ab,2026-04-30T19:47:18.504Z,76.015,3,34.2,210,0,0,,,,
powertraces-pt200array_pt220_r3_7536323_8-1cf5cef7ab,2026-04-30T19:47:18.604Z,76.115,0,42.08,210,0,0,,,,
powertraces-pt200array_pt220_r3_7536323_8-1cf5cef7ab,2026-04-30T19:47:18.604Z,76.115,1,33.65,210,0,0,,,,
powertraces-pt200array_pt220_r3_7536323_8-1cf5cef7ab,2026-04-30T19:47:18.604Z,76.115,2,35.4,210,0,0,,,,
powertraces-pt200array_pt220_r3_7536323_8-1cf5cef7ab,2026-04-30T19:47:18.604Z,76.115,3,34.2,210,0,0,,,,
powertraces-pt200array_pt220_r3_7536323_8-1cf5cef7ab,2026-04-30T19:47:18.704Z,76.215,0,42.08,210,0,0,,,,
powertraces-pt200array_pt220_r3_7536323_8-1cf5cef7ab,2026-04-30T19:47:18.704Z,76.215,1,33.65,210,0,0,,,,
powertraces-pt200array_pt220_r3_7536323_8-1cf5cef7ab,2026-04-30T19:47:18.704Z,76.215,2,35.4,210,0,0,,,,
powertraces-pt200array_pt220_r3_7536323_8-1cf5cef7ab,2026-04-30T19:47:18.704Z,76.215,3,34.2,210,0,0,,,,
powertraces-pt200array_pt220_r3_7536323_8-1cf5cef7ab,2026-04-30T19:47:18.805Z,76.316,0,42.08,210,0,0,,,,
powertraces-pt200array_pt220_r3_7536323_8-1cf5cef7ab,2026-04-30T19:47:18.805Z,76.316,1,33.65,210,0,0,,,,
powertraces-pt200array_pt220_r3_7536323_8-1cf5cef7ab,2026-04-30T19:47:18.805Z,76.316,2,35.4,210,0,0,,,,
powertraces-pt200array_pt220_r3_7536323_8-1cf5cef7ab,2026-04-30T19:47:18.805Z,76.316,3,34.2,210,0,0,,,,
powertraces-pt200array_pt220_r3_7536323_8-1cf5cef7ab,2026-04-30T19:47:18.905Z,76.416,0,42.08,210,0,0,,,,
powertraces-pt200array_pt220_r3_7536323_8-1cf5cef7ab,2026-04-30T19:47:18.905Z,76.416,1,33.65,210,0,0,,,,
powertraces-pt200array_pt220_r3_7536323_8-1cf5cef7ab,2026-04-30T19:47:18.905Z,76.416,2,35.27,210,0,0,,,,
powertraces-pt200array_pt220_r3_7536323_8-1cf5cef7ab,2026-04-30T19:47:18.905Z,76.416,3,34.2,210,0,0,,,,
powertraces-pt200array_pt220_r3_7536323_8-1cf5cef7ab,2026-04-30T19:47:19.005Z,76.516,0,42.08,210,0,0,,,,
powertraces-pt200array_pt220_r3_7536323_8-1cf5cef7ab,2026-04-30T19:47:19.005Z,76.516,1,33.65,210,0,0,,,,
powertraces-pt200array_pt220_r3_7536323_8-1cf5cef7ab,2026-04-30T19:47:19.005Z,76.516,2,35.27,210,0,0,,,,
powertraces-pt200array_pt220_r3_7536323_8-1cf5cef7ab,2026-04-30T19:47:19.005Z,76.516,3,34.2,210,0,0,,,,
powertraces-pt200array_pt220_r3_7536323_8-1cf5cef7ab,2026-04-30T19:47:19.105Z,76.616,0,42.08,210,0,0,,,,
powertraces-pt200array_pt220_r3_7536323_8-1cf5cef7ab,2026-04-30T19:47:19.105Z,76.616,1,33.65,210,0,0,,,,
powertraces-pt200array_pt220_r3_7536323_8-1cf5cef7ab,2026-04-30T19:47:19.105Z,76.616,2,35.27,210,0,0,,,,
powertraces-pt200array_pt220_r3_7536323_8-1cf5cef7ab,2026-04-30T19:47:19.105Z,76.616,3,34.2,210,0,0,,,,
powertraces-pt200array_pt220_r3_7536323_8-1cf5cef7ab,2026-04-30T19:47:19.205Z,76.716,0,42.08,210,0,0,,,,
powertraces-pt200array_pt220_r3_7536323_8-1cf5cef7ab,2026-04-30T19:47:19.205Z,76.716,1,33.65,210,0,0,,,,
powertraces-pt200array_pt220_r3_7536323_8-1cf5cef7ab,2026-04-30T19:47:19.205Z,76.716,2,35.27,210,0,0,,,,
powertraces-pt200array_pt220_r3_7536323_8-1cf5cef7ab,2026-04-30T19:47:19.205Z,76.716,3,34.2,210,0,0,,,,
powertraces-pt200array_pt220_r3_7536323_8-1cf5cef7ab,2026-04-30T19:47:19.305Z,76.816,0,42.08,210,0,0,,,,
powertraces-pt200array_pt220_r3_7536323_8-1cf5cef7ab,2026-04-30T19:47:19.305Z,76.816,1,33.65,210,0,0,,,,
powertraces-pt200array_pt220_r3_7536323_8-1cf5cef7ab,2026-04-30T19:47:19.305Z,76.816,2,35.27,210,0,0,,,,
powertraces-pt200array_pt220_r3_7536323_8-1cf5cef7ab,2026-04-30T19:47:19.305Z,76.816,3,34.2,210,0,0,,,,
powertraces-pt200array_pt220_r3_7536323_8-1cf5cef7ab,2026-04-30T19:47:19.406Z,76.917,0,42.08,210,0,0,,,,
powertraces-pt200array_pt220_r3_7536323_8-1cf5cef7ab,2026-04-30T19:47:19.406Z,76.917,1,33.65,210,0,0,,,,
powertraces-pt200array_pt220_r3_7536323_8-1cf5cef7ab,2026-04-30T19:47:19.406Z,76.917,2,35.27,210,0,0,,,,
powertraces-pt200array_pt220_r3_7536323_8-1cf5cef7ab,2026-04-30T19:47:19.406Z,76.917,3,34.2,210,0,0,,,,
powertraces-pt200array_pt220_r3_7536323_8-1cf5cef7ab,2026-04-30T19:47:19.506Z,77.017,0,42.08,210,0,0,,,,
powertraces-pt200array_pt220_r3_7536323_8-1cf5cef7ab,2026-04-30T19:47:19.506Z,77.017,1,33.65,210,0,0,,,,
powertraces-pt200array_pt220_r3_7536323_8-1cf5cef7ab,2026-04-30T19:47:19.506Z,77.017,2,35.27,210,0,0,,,,
powertraces-pt200array_pt220_r3_7536323_8-1cf5cef7ab,2026-04-30T19:47:19.506Z,77.017,3,34.2,210,0,0,,,,
powertraces-pt200array_pt220_r3_7536323_8-1cf5cef7ab,2026-04-30T19:47:19.606Z,77.117,0,42.08,210,0,0,,,,
powertraces-pt200array_pt220_r3_7536323_8-1cf5cef7ab,2026-04-30T19:47:19.606Z,77.117,1,33.78,210,0,0,,,,
powertraces-pt200array_pt220_r3_7536323_8-1cf5cef7ab,2026-04-30T19:47:19.606Z,77.117,2,35.27,210,0,0,,,,
powertraces-pt200array_pt220_r3_7536323_8-1cf5cef7ab,2026-04-30T19:47:19.606Z,77.117,3,34.2,210,0,0,,,,
powertraces-pt200array_pt220_r3_7536323_8-1cf5cef7ab,2026-04-30T19:47:19.706Z,77.217,0,41.95,210,0,0,,,,
powertraces-pt200array_pt220_r3_7536323_8-1cf5cef7ab,2026-04-30T19:47:19.706Z,77.217,1,33.78,210,0,0,,,,
powertraces-pt200array_pt220_r3_7536323_8-1cf5cef7ab,2026-04-30T19:47:19.706Z,77.217,2,35.27,210,0,0,,,,
powertraces-pt200array_pt220_r3_7536323_8-1cf5cef7ab,2026-04-30T19:47:19.706Z,77.217,3,34.2,210,0,0,,,,
powertraces-pt200array_pt220_r3_7536323_8-1cf5cef7ab,2026-04-30T19:47:19.806Z,77.317,0,41.95,210,0,0,,,,
powertraces-pt200array_pt220_r3_7536323_8-1cf5cef7ab,2026-04-30T19:47:19.806Z,77.317,1,33.78,210,0,0,,,,
powertraces-pt200array_pt220_r3_7536323_8-1cf5cef7ab,2026-04-30T19:47:19.806Z,77.317,2,35.27,210,0,0,,,,
powertraces-pt200array_pt220_r3_7536323_8-1cf5cef7ab,2026-04-30T19:47:19.806Z,77.317,3,34.2,210,0,0,,,,
powertraces-pt200array_pt220_r3_7536323_8-1cf5cef7ab,2026-04-30T19:47:19.906Z,77.417,0,41.95,210,0,0,,,,
powertraces-pt200array_pt220_r3_7536323_8-1cf5cef7ab,2026-04-30T19:47:19.906Z,77.417,1,33.78,210,0,0,,,,
powertraces-pt200array_pt220_r3_7536323_8-1cf5cef7ab,2026-04-30T19:47:19.906Z,77.417,2,35.27,210,0,0,,,,
powertraces-pt200array_pt220_r3_7536323_8-1cf5cef7ab,2026-04-30T19:47:19.906Z,77.417,3,34.2,210,0,0,,,,
powertraces-pt200array_pt220_r3_7536323_8-1cf5cef7ab,2026-04-30T19:47:20.006Z,77.517,0,41.95,210,0,0,,,,
powertraces-pt200array_pt220_r3_7536323_8-1cf5cef7ab,2026-04-30T19:47:20.006Z,77.517,1,33.78,210,0,0,,,,
powertraces-pt200array_pt220_r3_7536323_8-1cf5cef7ab,2026-04-30T19:47:20.006Z,77.517,2,35.27,210,0,0,,,,
powertraces-pt200array_pt220_r3_7536323_8-1cf5cef7ab,2026-04-30T19:47:20.006Z,77.517,3,34.2,210,0,0,,,,
powertraces-pt200array_pt220_r3_7536323_8-1cf5cef7ab,2026-04-30T19:47:20.106Z,77.617,0,41.95,210,0,0,,,,
powertraces-pt200array_pt220_r3_7536323_8-1cf5cef7ab,2026-04-30T19:47:20.106Z,77.617,1,33.78,210,0,0,,,,
powertraces-pt200array_pt220_r3_7536323_8-1cf5cef7ab,2026-04-30T19:47:20.106Z,77.617,2,35.27,210,0,0,,,,
powertraces-pt200array_pt220_r3_7536323_8-1cf5cef7ab,2026-04-30T19:47:20.106Z,77.617,3,34.2,210,0,0,,,,
powertraces-pt200array_pt220_r3_7536323_8-1cf5cef7ab,2026-04-30T19:47:20.207Z,77.718,0,41.95,210,0,0,,,,
powertraces-pt200array_pt220_r3_7536323_8-1cf5cef7ab,2026-04-30T19:47:20.207Z,77.718,1,33.78,210,0,0,,,,
powertraces-pt200array_pt220_r3_7536323_8-1cf5cef7ab,2026-04-30T19:47:20.207Z,77.718,2,35.27,210,0,0,,,,
powertraces-pt200array_pt220_r3_7536323_8-1cf5cef7ab,2026-04-30T19:47:20.207Z,77.718,3,34.2,210,0,0,,,,
powertraces-pt200array_pt220_r3_7536323_8-1cf5cef7ab,2026-04-30T19:47:20.307Z,77.818,0,41.95,210,0,0,,,,
powertraces-pt200array_pt220_r3_7536323_8-1cf5cef7ab,2026-04-30T19:47:20.307Z,77.818,1,33.78,210,0,0,,,,
powertraces-pt200array_pt220_r3_7536323_8-1cf5cef7ab,2026-04-30T19:47:20.307Z,77.818,2,35.27,210,0,0,,,,
powertraces-pt200array_pt220_r3_7536323_8-1cf5cef7ab,2026-04-30T19:47:20.307Z,77.818,3,34.2,210,0,0,,,,
powertraces-pt200array_pt220_r3_7536323_8-1cf5cef7ab,2026-04-30T19:47:20.407Z,77.918,0,41.95,210,0,0,,,,
powertraces-pt200array_pt220_r3_7536323_8-1cf5cef7ab,2026-04-30T19:47:20.407Z,77.918,1,33.78,210,0,0,,,,
powertraces-pt200array_pt220_r3_7536323_8-1cf5cef7ab,2026-04-30T19:47:20.407Z,77.918,2,35.27,210,0,0,,,,
powertraces-pt200array_pt220_r3_7536323_8-1cf5cef7ab,2026-04-30T19:47:20.407Z,77.918,3,34.2,210,0,0,,,,
powertraces-pt200array_pt220_r3_7536323_8-1cf5cef7ab,2026-04-30T19:47:20.507Z,78.018,0,41.95,210,0,0,,,,
powertraces-pt200array_pt220_r3_7536323_8-1cf5cef7ab,2026-04-30T19:47:20.507Z,78.018,1,33.78,210,0,0,,,,
powertraces-pt200array_pt220_r3_7536323_8-1cf5cef7ab,2026-04-30T19:47:20.507Z,78.018,2,35.27,210,0,0,,,,
powertraces-pt200array_pt220_r3_7536323_8-1cf5cef7ab,2026-04-30T19:47:20.507Z,78.018,3,34.2,210,0,0,,,,
powertraces-pt200array_pt220_r3_7536323_8-1cf5cef7ab,2026-04-30T19:47:20.607Z,78.118,0,41.95,210,0,0,,,,
powertraces-pt200array_pt220_r3_7536323_8-1cf5cef7ab,2026-04-30T19:47:20.607Z,78.118,1,33.78,210,0,0,,,,
powertraces-pt200array_pt220_r3_7536323_8-1cf5cef7ab,2026-04-30T19:47:20.607Z,78.118,2,35.27,210,0,0,,,,
powertraces-pt200array_pt220_r3_7536323_8-1cf5cef7ab,2026-04-30T19:47:20.607Z,78.118,3,34.2,210,0,0,,,,
powertraces-pt200array_pt220_r3_7536323_8-1cf5cef7ab,2026-04-30T19:47:20.707Z,78.218,0,41.83,210,0,0,,,,
powertraces-pt200array_pt220_r3_7536323_8-1cf5cef7ab,2026-04-30T19:47:20.707Z,78.218,1,33.78,210,0,0,,,,
powertraces-pt200array_pt220_r3_7536323_8-1cf5cef7ab,2026-04-30T19:47:20.707Z,78.218,2,35.27,210,0,0,,,,
powertraces-pt200array_pt220_r3_7536323_8-1cf5cef7ab,2026-04-30T19:47:20.707Z,78.218,3,34.2,210,0,0,,,,
powertraces-pt200array_pt220_r3_7536323_8-1cf5cef7ab,2026-04-30T19:47:20.807Z,78.318,0,41.83,210,0,0,,,,
powertraces-pt200array_pt220_r3_7536323_8-1cf5cef7ab,2026-04-30T19:47:20.807Z,78.318,1,33.78,210,0,0,,,,
powertraces-pt200array_pt220_r3_7536323_8-1cf5cef7ab,2026-04-30T19:47:20.807Z,78.318,2,35.27,210,0,0,,,,
powertraces-pt200array_pt220_r3_7536323_8-1cf5cef7ab,2026-04-30T19:47:20.807Z,78.318,3,34.2,210,0,0,,,,
powertraces-pt200array_pt220_r3_7536323_8-1cf5cef7ab,2026-04-30T19:47:20.907Z,78.418,0,41.83,210,0,0,,,,
powertraces-pt200array_pt220_r3_7536323_8-1cf5cef7ab,2026-04-30T19:47:20.908Z,78.419,1,33.78,210,0,0,,,,
powertraces-pt200array_pt220_r3_7536323_8-1cf5cef7ab,2026-04-30T19:47:20.908Z,78.419,2,35.4,210,0,0,,,,
powertraces-pt200array_pt220_r3_7536323_8-1cf5cef7ab,2026-04-30T19:47:20.908Z,78.419,3,34.2,210,0,0,,,,
powertraces-pt200array_pt220_r3_7536323_8-1cf5cef7ab,2026-04-30T19:47:21.008Z,78.519,0,41.83,210,0,0,,,,
powertraces-pt200array_pt220_r3_7536323_8-1cf5cef7ab,2026-04-30T19:47:21.008Z,78.519,1,33.78,210,0,0,,,,
powertraces-pt200array_pt220_r3_7536323_8-1cf5cef7ab,2026-04-30T19:47:21.008Z,78.519,2,35.4,210,0,0,,,,
powertraces-pt200array_pt220_r3_7536323_8-1cf5cef7ab,2026-04-30T19:47:21.008Z,78.519,3,34.2,210,0,0,,,,
powertraces-pt200array_pt220_r3_7536323_8-1cf5cef7ab,2026-04-30T19:47:21.108Z,78.619,0,41.83,210,0,0,,,,
powertraces-pt200array_pt220_r3_7536323_8-1cf5cef7ab,2026-04-30T19:47:21.108Z,78.619,1,33.78,210,0,0,,,,
powertraces-pt200array_pt220_r3_7536323_8-1cf5cef7ab,2026-04-30T19:47:21.108Z,78.619,2,35.4,210,0,0,,,,
powertraces-pt200array_pt220_r3_7536323_8-1cf5cef7ab,2026-04-30T19:47:21.108Z,78.619,3,34.2,210,0,0,,,,
powertraces-pt200array_pt220_r3_7536323_8-1cf5cef7ab,2026-04-30T19:47:21.208Z,78.719,0,41.83,210,0,0,,,,
powertraces-pt200array_pt220_r3_7536323_8-1cf5cef7ab,2026-04-30T19:47:21.208Z,78.719,1,33.78,210,0,0,,,,
powertraces-pt200array_pt220_r3_7536323_8-1cf5cef7ab,2026-04-30T19:47:21.208Z,78.719,2,35.4,210,0,0,,,,
powertraces-pt200array_pt220_r3_7536323_8-1cf5cef7ab,2026-04-30T19:47:21.208Z,78.719,3,34.2,210,0,0,,,,
powertraces-pt200array_pt220_r3_7536323_8-1cf5cef7ab,2026-04-30T19:47:21.308Z,78.819,0,41.83,210,0,0,,,,
powertraces-pt200array_pt220_r3_7536323_8-1cf5cef7ab,2026-04-30T19:47:21.308Z,78.819,1,33.78,210,0,0,,,,
powertraces-pt200array_pt220_r3_7536323_8-1cf5cef7ab,2026-04-30T19:47:21.308Z,78.819,2,35.4,210,0,0,,,,
powertraces-pt200array_pt220_r3_7536323_8-1cf5cef7ab,2026-04-30T19:47:21.308Z,78.819,3,34.2,210,0,0,,,,
powertraces-pt200array_pt220_r3_7536323_8-1cf5cef7ab,2026-04-30T19:47:21.408Z,78.919,0,41.83,210,0,0,,,,
powertraces-pt200array_pt220_r3_7536323_8-1cf5cef7ab,2026-04-30T19:47:21.408Z,78.919,1,33.78,210,0,0,,,,
powertraces-pt200array_pt220_r3_7536323_8-1cf5cef7ab,2026-04-30T19:47:21.408Z,78.919,2,35.4,210,0,0,,,,
powertraces-pt200array_pt220_r3_7536323_8-1cf5cef7ab,2026-04-30T19:47:21.408Z,78.919,3,34.2,210,0,0,,,,
powertraces-pt200array_pt220_r3_7536323_8-1cf5cef7ab,2026-04-30T19:47:21.508Z,79.019,0,41.83,210,0,0,,,,
powertraces-pt200array_pt220_r3_7536323_8-1cf5cef7ab,2026-04-30T19:47:21.508Z,79.019,1,33.65,210,0,0,,,,
powertraces-pt200array_pt220_r3_7536323_8-1cf5cef7ab,2026-04-30T19:47:21.508Z,79.019,2,35.4,210,0,0,,,,
powertraces-pt200array_pt220_r3_7536323_8-1cf5cef7ab,2026-04-30T19:47:21.508Z,79.019,3,34.2,210,0,0,,,,
powertraces-pt200array_pt220_r3_7536323_8-1cf5cef7ab,2026-04-30T19:47:21.608Z,79.119,0,41.83,210,0,0,,,,
powertraces-pt200array_pt220_r3_7536323_8-1cf5cef7ab,2026-04-30T19:47:21.608Z,79.119,1,33.65,210,0,0,,,,
powertraces-pt200array_pt220_r3_7536323_8-1cf5cef7ab,2026-04-30T19:47:21.608Z,79.119,2,35.4,210,0,0,,,,
powertraces-pt200array_pt220_r3_7536323_8-1cf5cef7ab,2026-04-30T19:47:21.608Z,79.119,3,34.2,210,0,0,,,,
powertraces-pt200array_pt220_r3_7536323_8-1cf5cef7ab,2026-04-30T19:47:21.708Z,79.219,0,41.83,210,0,0,,,,
powertraces-pt200array_pt220_r3_7536323_8-1cf5cef7ab,2026-04-30T19:47:21.709Z,79.22,1,33.65,210,0,0,,,,
powertraces-pt200array_pt220_r3_7536323_8-1cf5cef7ab,2026-04-30T19:47:21.709Z,79.22,2,35.4,210,0,0,,,,
powertraces-pt200array_pt220_r3_7536323_8-1cf5cef7ab,2026-04-30T19:47:21.709Z,79.22,3,34.2,210,0,0,,,,
powertraces-pt200array_pt220_r3_7536323_8-1cf5cef7ab,2026-04-30T19:47:21.809Z,79.32,0,41.83,210,0,0,,,,
powertraces-pt200array_pt220_r3_7536323_8-1cf5cef7ab,2026-04-30T19:47:21.809Z,79.32,1,33.65,210,0,0,,,,
powertraces-pt200array_pt220_r3_7536323_8-1cf5cef7ab,2026-04-30T19:47:21.809Z,79.32,2,35.4,210,0,0,,,,
powertraces-pt200array_pt220_r3_7536323_8-1cf5cef7ab,2026-04-30T19:47:21.809Z,79.32,3,34.2,210,0,0,,,,
powertraces-pt200array_pt220_r3_7536323_8-1cf5cef7ab,2026-04-30T19:47:21.909Z,79.42,0,41.83,210,0,0,,,,
powertraces-pt200array_pt220_r3_7536323_8-1cf5cef7ab,2026-04-30T19:47:21.909Z,79.42,1,33.65,210,0,0,,,,
powertraces-pt200array_pt220_r3_7536323_8-1cf5cef7ab,2026-04-30T19:47:21.909Z,79.42,2,35.52,210,0,0,,,,
powertraces-pt200array_pt220_r3_7536323_8-1cf5cef7ab,2026-04-30T19:47:21.909Z,79.42,3,34.2,210,0,0,,,,
powertraces-pt200array_pt220_r3_7536323_8-1cf5cef7ab,2026-04-30T19:47:22.009Z,79.52,0,41.83,210,0,0,,,,
powertraces-pt200array_pt220_r3_7536323_8-1cf5cef7ab,2026-04-30T19:47:22.009Z,79.52,1,33.65,210,0,0,,,,
powertraces-pt200array_pt220_r3_7536323_8-1cf5cef7ab,2026-04-30T19:47:22.009Z,79.52,2,35.52,210,0,0,,,,
powertraces-pt200array_pt220_r3_7536323_8-1cf5cef7ab,2026-04-30T19:47:22.009Z,79.52,3,34.2,210,0,0,,,,
powertraces-pt200array_pt220_r3_7536323_8-1cf5cef7ab,2026-04-30T19:47:22.109Z,79.62,0,41.83,210,0,0,,,,
powertraces-pt200array_pt220_r3_7536323_8-1cf5cef7ab,2026-04-30T19:47:22.109Z,79.62,1,33.65,210,0,0,,,,
powertraces-pt200array_pt220_r3_7536323_8-1cf5cef7ab,2026-04-30T19:47:22.109Z,79.62,2,35.52,210,0,0,,,,
powertraces-pt200array_pt220_r3_7536323_8-1cf5cef7ab,2026-04-30T19:47:22.109Z,79.62,3,34.2,210,0,0,,,,
powertraces-pt200array_pt220_r3_7536323_8-1cf5cef7ab,2026-04-30T19:47:22.209Z,79.72,0,41.83,210,0,0,,,,
powertraces-pt200array_pt220_r3_7536323_8-1cf5cef7ab,2026-04-30T19:47:22.209Z,79.72,1,33.65,210,0,0,,,,
powertraces-pt200array_pt220_r3_7536323_8-1cf5cef7ab,2026-04-30T19:47:22.209Z,79.72,2,35.52,210,0,0,,,,
powertraces-pt200array_pt220_r3_7536323_8-1cf5cef7ab,2026-04-30T19:47:22.209Z,79.72,3,34.2,210,0,0,,,,
powertraces-pt200array_pt220_r3_7536323_8-1cf5cef7ab,2026-04-30T19:47:22.309Z,79.82,0,41.83,210,0,0,,,,
powertraces-pt200array_pt220_r3_7536323_8-1cf5cef7ab,2026-04-30T19:47:22.309Z,79.82,1,33.65,210,0,0,,,,
powertraces-pt200array_pt220_r3_7536323_8-1cf5cef7ab,2026-04-30T19:47:22.309Z,79.82,2,35.52,210,0,0,,,,
powertraces-pt200array_pt220_r3_7536323_8-1cf5cef7ab,2026-04-30T19:47:22.309Z,79.82,3,34.2,210,0,0,,,,
powertraces-pt200array_pt220_r3_7536323_8-1cf5cef7ab,2026-04-30T19:47:22.409Z,79.92,0,41.83,210,0,0,,,,
powertraces-pt200array_pt220_r3_7536323_8-1cf5cef7ab,2026-04-30T19:47:22.409Z,79.92,1,33.65,210,0,0,,,,
powertraces-pt200array_pt220_r3_7536323_8-1cf5cef7ab,2026-04-30T19:47:22.409Z,79.92,2,35.52,210,0,0,,,,
powertraces-pt200array_pt220_r3_7536323_8-1cf5cef7ab,2026-04-30T19:47:22.409Z,79.92,3,34.2,210,0,0,,,,
powertraces-pt200array_pt220_r3_7536323_8-1cf5cef7ab,2026-04-30T19:47:22.51Z,80.021,0,41.83,210,0,0,,,,
powertraces-pt200array_pt220_r3_7536323_8-1cf5cef7ab,2026-04-30T19:47:22.51Z,80.021,1,33.65,210,0,0,,,,
powertraces-pt200array_pt220_r3_7536323_8-1cf5cef7ab,2026-04-30T19:47:22.51Z,80.021,2,35.52,210,0,0,,,,
powertraces-pt200array_pt220_r3_7536323_8-1cf5cef7ab,2026-04-30T19:47:22.51Z,80.021,3,34.2,210,0,0,,,,
powertraces-pt200array_pt220_r3_7536323_8-1cf5cef7ab,2026-04-30T19:47:22.61Z,80.121,0,41.83,210,0,0,,,,
powertraces-pt200array_pt220_r3_7536323_8-1cf5cef7ab,2026-04-30T19:47:22.61Z,80.121,1,33.65,210,0,0,,,,
powertraces-pt200array_pt220_r3_7536323_8-1cf5cef7ab,2026-04-30T19:47:22.61Z,80.121,2,35.52,210,0,0,,,,
powertraces-pt200array_pt220_r3_7536323_8-1cf5cef7ab,2026-04-30T19:47:22.61Z,80.121,3,34.2,210,0,0,,,,
powertraces-pt200array_pt220_r3_7536323_8-1cf5cef7ab,2026-04-30T19:47:22.71Z,80.221,0,41.88,210,0,0,,,,
powertraces-pt200array_pt220_r3_7536323_8-1cf5cef7ab,2026-04-30T19:47:22.71Z,80.221,1,33.65,210,0,0,,,,
powertraces-pt200array_pt220_r3_7536323_8-1cf5cef7ab,2026-04-30T19:47:22.71Z,80.221,2,35.52,210,0,0,,,,
powertraces-pt200array_pt220_r3_7536323_8-1cf5cef7ab,2026-04-30T19:47:22.71Z,80.221,3,34.2,210,0,0,,,,
powertraces-pt200array_pt220_r3_7536323_8-1cf5cef7ab,2026-04-30T19:47:22.81Z,80.321,0,41.88,210,0,0,,,,
powertraces-pt200array_pt220_r3_7536323_8-1cf5cef7ab,2026-04-30T19:47:22.81Z,80.321,1,33.65,210,0,0,,,,
powertraces-pt200array_pt220_r3_7536323_8-1cf5cef7ab,2026-04-30T19:47:22.81Z,80.321,2,35.52,210,0,0,,,,
powertraces-pt200array_pt220_r3_7536323_8-1cf5cef7ab,2026-04-30T19:47:22.81Z,80.321,3,34.2,210,0,0,,,,
powertraces-pt200array_pt220_r3_7536323_8-1cf5cef7ab,2026-04-30T19:47:22.91Z,80.421,0,41.88,210,0,0,,,,
powertraces-pt200array_pt220_r3_7536323_8-1cf5cef7ab,2026-04-30T19:47:22.91Z,80.421,1,33.65,210,0,0,,,,
powertraces-pt200array_pt220_r3_7536323_8-1cf5cef7ab,2026-04-30T19:47:22.91Z,80.421,2,35.52,210,0,0,,,,
powertraces-pt200array_pt220_r3_7536323_8-1cf5cef7ab,2026-04-30T19:47:22.91Z,80.421,3,34.2,210,0,0,,,,
powertraces-pt200array_pt220_r3_7536323_8-1cf5cef7ab,2026-04-30T19:47:23.01Z,80.521,0,41.88,210,0,0,,,,
powertraces-pt200array_pt220_r3_7536323_8-1cf5cef7ab,2026-04-30T19:47:23.01Z,80.521,1,33.65,210,0,0,,,,
powertraces-pt200array_pt220_r3_7536323_8-1cf5cef7ab,2026-04-30T19:47:23.01Z,80.521,2,35.52,210,0,0,,,,
powertraces-pt200array_pt220_r3_7536323_8-1cf5cef7ab,2026-04-30T19:47:23.01Z,80.521,3,34.2,210,0,0,,,,
powertraces-pt200array_pt220_r3_7536323_8-1cf5cef7ab,2026-04-30T19:47:23.11Z,80.621,0,41.88,210,0,0,,,,
powertraces-pt200array_pt220_r3_7536323_8-1cf5cef7ab,2026-04-30T19:47:23.11Z,80.621,1,33.65,210,0,0,,,,
powertraces-pt200array_pt220_r3_7536323_8-1cf5cef7ab,2026-04-30T19:47:23.11Z,80.621,2,35.52,210,0,0,,,,
powertraces-pt200array_pt220_r3_7536323_8-1cf5cef7ab,2026-04-30T19:47:23.11Z,80.621,3,34.2,210,0,0,,,,
powertraces-pt200array_pt220_r3_7536323_8-1cf5cef7ab,2026-04-30T19:47:23.211Z,80.722,0,41.88,210,0,0,,,,
powertraces-pt200array_pt220_r3_7536323_8-1cf5cef7ab,2026-04-30T19:47:23.211Z,80.722,1,33.65,210,0,0,,,,
powertraces-pt200array_pt220_r3_7536323_8-1cf5cef7ab,2026-04-30T19:47:23.211Z,80.722,2,35.52,210,0,0,,,,
powertraces-pt200array_pt220_r3_7536323_8-1cf5cef7ab,2026-04-30T19:47:23.211Z,80.722,3,34.2,210,0,0,,,,
powertraces-pt200array_pt220_r3_7536323_8-1cf5cef7ab,2026-04-30T19:47:23.311Z,80.822,0,41.88,210,0,0,,,,
powertraces-pt200array_pt220_r3_7536323_8-1cf5cef7ab,2026-04-30T19:47:23.311Z,80.822,1,33.65,210,0,0,,,,
powertraces-pt200array_pt220_r3_7536323_8-1cf5cef7ab,2026-04-30T19:47:23.311Z,80.822,2,35.52,210,0,0,,,,
powertraces-pt200array_pt220_r3_7536323_8-1cf5cef7ab,2026-04-30T19:47:23.311Z,80.822,3,34.2,210,0,0,,,,
powertraces-pt200array_pt220_r3_7536323_8-1cf5cef7ab,2026-04-30T19:47:23.411Z,80.922,0,41.88,210,0,0,,,,
powertraces-pt200array_pt220_r3_7536323_8-1cf5cef7ab,2026-04-30T19:47:23.411Z,80.922,1,33.65,210,0,0,,,,
powertraces-pt200array_pt220_r3_7536323_8-1cf5cef7ab,2026-04-30T19:47:23.411Z,80.922,2,35.52,210,0,0,,,,
powertraces-pt200array_pt220_r3_7536323_8-1cf5cef7ab,2026-04-30T19:47:23.411Z,80.922,3,34.2,210,0,0,,,,
powertraces-pt200array_pt220_r3_7536323_8-1cf5cef7ab,2026-04-30T19:47:23.511Z,81.022,0,41.88,210,0,0,,,,
powertraces-pt200array_pt220_r3_7536323_8-1cf5cef7ab,2026-04-30T19:47:23.511Z,81.022,1,33.78,210,0,0,,,,
powertraces-pt200array_pt220_r3_7536323_8-1cf5cef7ab,2026-04-30T19:47:23.511Z,81.022,2,35.52,210,0,0,,,,
powertraces-pt200array_pt220_r3_7536323_8-1cf5cef7ab,2026-04-30T19:47:23.511Z,81.022,3,34.2,210,0,0,,,,
powertraces-pt200array_pt220_r3_7536323_8-1cf5cef7ab,2026-04-30T19:47:23.611Z,81.122,0,41.88,210,0,0,,,,
powertraces-pt200array_pt220_r3_7536323_8-1cf5cef7ab,2026-04-30T19:47:23.611Z,81.122,1,33.78,210,0,0,,,,
powertraces-pt200array_pt220_r3_7536323_8-1cf5cef7ab,2026-04-30T19:47:23.611Z,81.122,2,35.52,210,0,0,,,,
powertraces-pt200array_pt220_r3_7536323_8-1cf5cef7ab,2026-04-30T19:47:23.611Z,81.122,3,34.2,210,0,0,,,,
powertraces-pt200array_pt220_r3_7536323_8-1cf5cef7ab,2026-04-30T19:47:23.711Z,81.222,0,41.93,210,0,0,,,,
powertraces-pt200array_pt220_r3_7536323_8-1cf5cef7ab,2026-04-30T19:47:23.711Z,81.222,1,33.78,210,0,0,,,,
powertraces-pt200array_pt220_r3_7536323_8-1cf5cef7ab,2026-04-30T19:47:23.711Z,81.222,2,35.52,210,0,0,,,,
powertraces-pt200array_pt220_r3_7536323_8-1cf5cef7ab,2026-04-30T19:47:23.711Z,81.222,3,34.2,210,0,0,,,,
powertraces-pt200array_pt220_r3_7536323_8-1cf5cef7ab,2026-04-30T19:47:23.811Z,81.322,0,41.93,210,0,0,,,,
powertraces-pt200array_pt220_r3_7536323_8-1cf5cef7ab,2026-04-30T19:47:23.811Z,81.322,1,33.78,210,0,0,,,,
powertraces-pt200array_pt220_r3_7536323_8-1cf5cef7ab,2026-04-30T19:47:23.811Z,81.322,2,35.52,210,0,0,,,,
powertraces-pt200array_pt220_r3_7536323_8-1cf5cef7ab,2026-04-30T19:47:23.811Z,81.322,3,34.2,210,0,0,,,,
powertraces-pt200array_pt220_r3_7536323_8-1cf5cef7ab,2026-04-30T19:47:23.911Z,81.422,0,41.93,210,0,0,,,,
powertraces-pt200array_pt220_r3_7536323_8-1cf5cef7ab,2026-04-30T19:47:23.912Z,81.423,1,33.78,210,0,0,,,,
powertraces-pt200array_pt220_r3_7536323_8-1cf5cef7ab,2026-04-30T19:47:23.912Z,81.423,2,35.52,210,0,0,,,,
powertraces-pt200array_pt220_r3_7536323_8-1cf5cef7ab,2026-04-30T19:47:23.912Z,81.423,3,34.2,210,0,0,,,,
powertraces-pt200array_pt220_r3_7536323_8-1cf5cef7ab,2026-04-30T19:47:24.012Z,81.523,0,41.93,210,0,0,,,,
powertraces-pt200array_pt220_r3_7536323_8-1cf5cef7ab,2026-04-30T19:47:24.012Z,81.523,1,33.78,210,0,0,,,,
powertraces-pt200array_pt220_r3_7536323_8-1cf5cef7ab,2026-04-30T19:47:24.012Z,81.523,2,35.52,210,0,0,,,,
powertraces-pt200array_pt220_r3_7536323_8-1cf5cef7ab,2026-04-30T19:47:24.012Z,81.523,3,34.2,210,0,0,,,,
powertraces-pt200array_pt220_r3_7536323_8-1cf5cef7ab,2026-04-30T19:47:24.112Z,81.623,0,41.93,210,0,0,,,,
powertraces-pt200array_pt220_r3_7536323_8-1cf5cef7ab,2026-04-30T19:47:24.112Z,81.623,1,33.78,210,0,0,,,,
powertraces-pt200array_pt220_r3_7536323_8-1cf5cef7ab,2026-04-30T19:47:24.112Z,81.623,2,35.52,210,0,0,,,,
powertraces-pt200array_pt220_r3_7536323_8-1cf5cef7ab,2026-04-30T19:47:24.112Z,81.623,3,34.2,210,0,0,,,,
powertraces-pt200array_pt220_r3_7536323_8-1cf5cef7ab,2026-04-30T19:47:24.212Z,81.723,0,41.93,210,0,0,,,,
powertraces-pt200array_pt220_r3_7536323_8-1cf5cef7ab,2026-04-30T19:47:24.212Z,81.723,1,33.78,210,0,0,,,,
powertraces-pt200array_pt220_r3_7536323_8-1cf5cef7ab,2026-04-30T19:47:24.212Z,81.723,2,35.52,210,0,0,,,,
powertraces-pt200array_pt220_r3_7536323_8-1cf5cef7ab,2026-04-30T19:47:24.212Z,81.723,3,34.2,210,0,0,,,,
powertraces-pt200array_pt220_r3_7536323_8-1cf5cef7ab,2026-04-30T19:47:24.312Z,81.823,0,41.93,210,0,0,,,,
powertraces-pt200array_pt220_r3_7536323_8-1cf5cef7ab,2026-04-30T19:47:24.312Z,81.823,1,33.78,210,0,0,,,,
powertraces-pt200array_pt220_r3_7536323_8-1cf5cef7ab,2026-04-30T19:47:24.312Z,81.823,2,35.52,210,0,0,,,,
powertraces-pt200array_pt220_r3_7536323_8-1cf5cef7ab,2026-04-30T19:47:24.312Z,81.823,3,34.2,210,0,0,,,,
powertraces-pt200array_pt220_r3_7536323_8-1cf5cef7ab,2026-04-30T19:47:24.412Z,81.923,0,41.93,210,0,0,,,,
powertraces-pt200array_pt220_r3_7536323_8-1cf5cef7ab,2026-04-30T19:47:24.412Z,81.923,1,33.78,210,0,0,,,,
powertraces-pt200array_pt220_r3_7536323_8-1cf5cef7ab,2026-04-30T19:47:24.412Z,81.923,2,35.52,210,0,0,,,,
powertraces-pt200array_pt220_r3_7536323_8-1cf5cef7ab,2026-04-30T19:47:24.412Z,81.923,3,34.2,210,0,0,,,,
powertraces-pt200array_pt220_r3_7536323_8-1cf5cef7ab,2026-04-30T19:47:24.512Z,82.023,0,41.93,210,0,0,,,,
powertraces-pt200array_pt220_r3_7536323_8-1cf5cef7ab,2026-04-30T19:47:24.512Z,82.023,1,33.78,210,0,0,,,,
powertraces-pt200array_pt220_r3_7536323_8-1cf5cef7ab,2026-04-30T19:47:24.512Z,82.023,2,35.52,210,0,0,,,,
powertraces-pt200array_pt220_r3_7536323_8-1cf5cef7ab,2026-04-30T19:47:24.512Z,82.023,3,34.2,210,0,0,,,,
powertraces-pt200array_pt220_r3_7536323_8-1cf5cef7ab,2026-04-30T19:47:24.612Z,82.123,0,41.93,210,0,0,,,,
powertraces-pt200array_pt220_r3_7536323_8-1cf5cef7ab,2026-04-30T19:47:24.612Z,82.123,1,33.78,210,0,0,,,,
powertraces-pt200array_pt220_r3_7536323_8-1cf5cef7ab,2026-04-30T19:47:24.612Z,82.123,2,35.52,210,0,0,,,,
powertraces-pt200array_pt220_r3_7536323_8-1cf5cef7ab,2026-04-30T19:47:24.612Z,82.123,3,34.2,210,0,0,,,,
powertraces-pt200array_pt220_r3_7536323_8-1cf5cef7ab,2026-04-30T19:47:24.713Z,82.224,0,41.88,210,0,0,,,,
powertraces-pt200array_pt220_r3_7536323_8-1cf5cef7ab,2026-04-30T19:47:24.713Z,82.224,1,33.78,210,0,0,,,,
powertraces-pt200array_pt220_r3_7536323_8-1cf5cef7ab,2026-04-30T19:47:24.713Z,82.224,2,35.52,210,0,0,,,,
powertraces-pt200array_pt220_r3_7536323_8-1cf5cef7ab,2026-04-30T19:47:24.713Z,82.224,3,34.2,210,0,0,,,,
powertraces-pt200array_pt220_r3_7536323_8-1cf5cef7ab,2026-04-30T19:47:24.813Z,82.324,0,41.88,210,0,0,,,,
powertraces-pt200array_pt220_r3_7536323_8-1cf5cef7ab,2026-04-30T19:47:24.813Z,82.324,1,33.78,210,0,0,,,,
powertraces-pt200array_pt220_r3_7536323_8-1cf5cef7ab,2026-04-30T19:47:24.813Z,82.324,2,35.52,210,0,0,,,,
powertraces-pt200array_pt220_r3_7536323_8-1cf5cef7ab,2026-04-30T19:47:24.813Z,82.324,3,34.2,210,0,0,,,,
powertraces-pt200array_pt220_r3_7536323_8-1cf5cef7ab,2026-04-30T19:47:24.913Z,82.424,0,41.88,210,0,0,,,,
powertraces-pt200array_pt220_r3_7536323_8-1cf5cef7ab,2026-04-30T19:47:24.913Z,82.424,1,33.78,210,0,0,,,,
powertraces-pt200array_pt220_r3_7536323_8-1cf5cef7ab,2026-04-30T19:47:24.913Z,82.424,2,35.52,210,0,0,,,,
powertraces-pt200array_pt220_r3_7536323_8-1cf5cef7ab,2026-04-30T19:47:24.913Z,82.424,3,34.2,210,0,0,,,,
powertraces-pt200array_pt220_r3_7536323_8-1cf5cef7ab,2026-04-30T19:47:25.013Z,82.524,0,41.88,210,0,0,,,,
powertraces-pt200array_pt220_r3_7536323_8-1cf5cef7ab,2026-04-30T19:47:25.013Z,82.524,1,33.78,210,0,0,,,,
powertraces-pt200array_pt220_r3_7536323_8-1cf5cef7ab,2026-04-30T19:47:25.013Z,82.524,2,35.52,210,0,0,,,,
powertraces-pt200array_pt220_r3_7536323_8-1cf5cef7ab,2026-04-30T19:47:25.013Z,82.524,3,34.2,210,0,0,,,,
powertraces-pt200array_pt220_r3_7536323_8-1cf5cef7ab,2026-04-30T19:47:25.113Z,82.624,0,41.88,210,0,0,,,,
powertraces-pt200array_pt220_r3_7536323_8-1cf5cef7ab,2026-04-30T19:47:25.113Z,82.624,1,33.78,210,0,0,,,,
powertraces-pt200array_pt220_r3_7536323_8-1cf5cef7ab,2026-04-30T19:47:25.113Z,82.624,2,35.52,210,0,0,,,,
powertraces-pt200array_pt220_r3_7536323_8-1cf5cef7ab,2026-04-30T19:47:25.113Z,82.624,3,34.2,210,0,0,,,,
powertraces-pt200array_pt220_r3_7536323_8-1cf5cef7ab,2026-04-30T19:47:25.213Z,82.724,0,41.88,210,0,0,,,,
powertraces-pt200array_pt220_r3_7536323_8-1cf5cef7ab,2026-04-30T19:47:25.213Z,82.724,1,33.78,210,0,0,,,,
powertraces-pt200array_pt220_r3_7536323_8-1cf5cef7ab,2026-04-30T19:47:25.213Z,82.724,2,35.52,210,0,0,,,,
powertraces-pt200array_pt220_r3_7536323_8-1cf5cef7ab,2026-04-30T19:47:25.213Z,82.724,3,34.2,210,0,0,,,,
powertraces-pt200array_pt220_r3_7536323_8-1cf5cef7ab,2026-04-30T19:47:25.313Z,82.824,0,41.88,210,0,0,,,,
powertraces-pt200array_pt220_r3_7536323_8-1cf5cef7ab,2026-04-30T19:47:25.313Z,82.824,1,33.78,210,0,0,,,,
powertraces-pt200array_pt220_r3_7536323_8-1cf5cef7ab,2026-04-30T19:47:25.313Z,82.824,2,35.52,210,0,0,,,,
powertraces-pt200array_pt220_r3_7536323_8-1cf5cef7ab,2026-04-30T19:47:25.313Z,82.824,3,34.2,210,0,0,,,,
powertraces-pt200array_pt220_r3_7536323_8-1cf5cef7ab,2026-04-30T19:47:25.413Z,82.924,0,41.88,210,0,0,,,,
powertraces-pt200array_pt220_r3_7536323_8-1cf5cef7ab,2026-04-30T19:47:25.413Z,82.924,1,33.78,210,0,0,,,,
powertraces-pt200array_pt220_r3_7536323_8-1cf5cef7ab,2026-04-30T19:47:25.413Z,82.924,2,35.52,210,0,0,,,,
powertraces-pt200array_pt220_r3_7536323_8-1cf5cef7ab,2026-04-30T19:47:25.413Z,82.924,3,34.2,210,0,0,,,,
powertraces-pt200array_pt220_r3_7536323_8-1cf5cef7ab,2026-04-30T19:47:25.514Z,83.025,0,41.88,210,0,0,,,,
powertraces-pt200array_pt220_r3_7536323_8-1cf5cef7ab,2026-04-30T19:47:25.514Z,83.025,1,33.78,210,0,0,,,,
powertraces-pt200array_pt220_r3_7536323_8-1cf5cef7ab,2026-04-30T19:47:25.514Z,83.025,2,35.52,210,0,0,,,,
powertraces-pt200array_pt220_r3_7536323_8-1cf5cef7ab,2026-04-30T19:47:25.514Z,83.025,3,34.2,210,0,0,,,,
powertraces-pt200array_pt220_r3_7536323_8-1cf5cef7ab,2026-04-30T19:47:25.614Z,83.125,0,41.88,210,0,0,,,,
powertraces-pt200array_pt220_r3_7536323_8-1cf5cef7ab,2026-04-30T19:47:25.614Z,83.125,1,33.78,210,0,0,,,,
powertraces-pt200array_pt220_r3_7536323_8-1cf5cef7ab,2026-04-30T19:47:25.614Z,83.125,2,35.52,210,0,0,,,,
powertraces-pt200array_pt220_r3_7536323_8-1cf5cef7ab,2026-04-30T19:47:25.614Z,83.125,3,34.2,210,0,0,,,,
powertraces-pt200array_pt220_r3_7536323_8-1cf5cef7ab,2026-04-30T19:47:25.714Z,83.225,0,41.71,210,0,0,,,,
powertraces-pt200array_pt220_r3_7536323_8-1cf5cef7ab,2026-04-30T19:47:25.714Z,83.225,1,33.78,210,0,0,,,,
powertraces-pt200array_pt220_r3_7536323_8-1cf5cef7ab,2026-04-30T19:47:25.714Z,83.225,2,35.52,210,0,0,,,,
powertraces-pt200array_pt220_r3_7536323_8-1cf5cef7ab,2026-04-30T19:47:25.714Z,83.225,3,34.2,210,0,0,,,,
powertraces-pt200array_pt220_r3_7536323_8-1cf5cef7ab,2026-04-30T19:47:25.814Z,83.325,0,41.71,210,0,0,,,,
powertraces-pt200array_pt220_r3_7536323_8-1cf5cef7ab,2026-04-30T19:47:25.814Z,83.325,1,33.78,210,0,0,,,,
powertraces-pt200array_pt220_r3_7536323_8-1cf5cef7ab,2026-04-30T19:47:25.814Z,83.325,2,35.52,210,0,0,,,,
powertraces-pt200array_pt220_r3_7536323_8-1cf5cef7ab,2026-04-30T19:47:25.814Z,83.325,3,34.2,210,0,0,,,,
powertraces-pt200array_pt220_r3_7536323_8-1cf5cef7ab,2026-04-30T19:47:25.914Z,83.425,0,41.71,210,0,0,,,,
powertraces-pt200array_pt220_r3_7536323_8-1cf5cef7ab,2026-04-30T19:47:25.914Z,83.425,1,33.78,210,0,0,,,,
powertraces-pt200array_pt220_r3_7536323_8-1cf5cef7ab,2026-04-30T19:47:25.914Z,83.425,2,35.52,210,0,0,,,,
powertraces-pt200array_pt220_r3_7536323_8-1cf5cef7ab,2026-04-30T19:47:25.914Z,83.425,3,34.2,210,0,0,,,,
powertraces-pt200array_pt220_r3_7536323_8-1cf5cef7ab,2026-04-30T19:47:26.014Z,83.525,0,41.71,210,0,0,,,,
powertraces-pt200array_pt220_r3_7536323_8-1cf5cef7ab,2026-04-30T19:47:26.014Z,83.525,1,33.78,210,0,0,,,,
powertraces-pt200array_pt220_r3_7536323_8-1cf5cef7ab,2026-04-30T19:47:26.014Z,83.525,2,35.52,210,0,0,,,,
powertraces-pt200array_pt220_r3_7536323_8-1cf5cef7ab,2026-04-30T19:47:26.014Z,83.525,3,34.2,210,0,0,,,,
powertraces-pt200array_pt220_r3_7536323_8-1cf5cef7ab,2026-04-30T19:47:26.114Z,83.625,0,41.71,210,0,0,,,,
powertraces-pt200array_pt220_r3_7536323_8-1cf5cef7ab,2026-04-30T19:47:26.114Z,83.625,1,33.78,210,0,0,,,,
powertraces-pt200array_pt220_r3_7536323_8-1cf5cef7ab,2026-04-30T19:47:26.114Z,83.625,2,35.52,210,0,0,,,,
powertraces-pt200array_pt220_r3_7536323_8-1cf5cef7ab,2026-04-30T19:47:26.114Z,83.625,3,34.2,210,0,0,,,,
powertraces-pt200array_pt220_r3_7536323_8-1cf5cef7ab,2026-04-30T19:47:26.215Z,83.726,0,41.71,210,0,0,,,,
powertraces-pt200array_pt220_r3_7536323_8-1cf5cef7ab,2026-04-30T19:47:26.215Z,83.726,1,33.78,210,0,0,,,,
powertraces-pt200array_pt220_r3_7536323_8-1cf5cef7ab,2026-04-30T19:47:26.215Z,83.726,2,35.52,210,0,0,,,,
powertraces-pt200array_pt220_r3_7536323_8-1cf5cef7ab,2026-04-30T19:47:26.215Z,83.726,3,34.2,210,0,0,,,,
powertraces-pt200array_pt220_r3_7536323_8-1cf5cef7ab,2026-04-30T19:47:26.315Z,83.826,0,41.71,210,0,0,,,,
powertraces-pt200array_pt220_r3_7536323_8-1cf5cef7ab,2026-04-30T19:47:26.315Z,83.826,1,33.78,210,0,0,,,,
powertraces-pt200array_pt220_r3_7536323_8-1cf5cef7ab,2026-04-30T19:47:26.315Z,83.826,2,35.52,210,0,0,,,,
powertraces-pt200array_pt220_r3_7536323_8-1cf5cef7ab,2026-04-30T19:47:26.315Z,83.826,3,34.2,210,0,0,,,,
powertraces-pt200array_pt220_r3_7536323_8-1cf5cef7ab,2026-04-30T19:47:26.415Z,83.926,0,41.71,210,0,0,,,,
powertraces-pt200array_pt220_r3_7536323_8-1cf5cef7ab,2026-04-30T19:47:26.415Z,83.926,1,33.78,210,0,0,,,,
powertraces-pt200array_pt220_r3_7536323_8-1cf5cef7ab,2026-04-30T19:47:26.415Z,83.926,2,35.52,210,0,0,,,,
powertraces-pt200array_pt220_r3_7536323_8-1cf5cef7ab,2026-04-30T19:47:26.415Z,83.926,3,34.2,210,0,0,,,,
powertraces-pt200array_pt220_r3_7536323_8-1cf5cef7ab,2026-04-30T19:47:26.515Z,84.026,0,41.71,210,0,0,,,,
powertraces-pt200array_pt220_r3_7536323_8-1cf5cef7ab,2026-04-30T19:47:26.515Z,84.026,1,33.78,210,0,0,,,,
powertraces-pt200array_pt220_r3_7536323_8-1cf5cef7ab,2026-04-30T19:47:26.515Z,84.026,2,35.52,210,0,0,,,,
powertraces-pt200array_pt220_r3_7536323_8-1cf5cef7ab,2026-04-30T19:47:26.515Z,84.026,3,34.2,210,0,0,,,,
powertraces-pt200array_pt220_r3_7536323_8-1cf5cef7ab,2026-04-30T19:47:26.615Z,84.126,0,41.71,210,0,0,,,,
powertraces-pt200array_pt220_r3_7536323_8-1cf5cef7ab,2026-04-30T19:47:26.615Z,84.126,1,33.78,210,0,0,,,,
powertraces-pt200array_pt220_r3_7536323_8-1cf5cef7ab,2026-04-30T19:47:26.615Z,84.126,2,35.52,210,0,0,,,,
powertraces-pt200array_pt220_r3_7536323_8-1cf5cef7ab,2026-04-30T19:47:26.615Z,84.126,3,34.2,210,0,0,,,,
powertraces-pt200array_pt220_r3_7536323_8-1cf5cef7ab,2026-04-30T19:47:26.715Z,84.226,0,41.58,210,0,0,,,,
powertraces-pt200array_pt220_r3_7536323_8-1cf5cef7ab,2026-04-30T19:47:26.715Z,84.226,1,33.78,210,0,0,,,,
powertraces-pt200array_pt220_r3_7536323_8-1cf5cef7ab,2026-04-30T19:47:26.715Z,84.226,2,35.52,210,0,0,,,,
powertraces-pt200array_pt220_r3_7536323_8-1cf5cef7ab,2026-04-30T19:47:26.715Z,84.226,3,34.2,210,0,0,,,,
powertraces-pt200array_pt220_r3_7536323_8-1cf5cef7ab,2026-04-30T19:47:26.815Z,84.326,0,41.58,210,0,0,,,,
powertraces-pt200array_pt220_r3_7536323_8-1cf5cef7ab,2026-04-30T19:47:26.816Z,84.327,1,33.78,210,0,0,,,,
powertraces-pt200array_pt220_r3_7536323_8-1cf5cef7ab,2026-04-30T19:47:26.816Z,84.327,2,35.52,210,0,0,,,,
powertraces-pt200array_pt220_r3_7536323_8-1cf5cef7ab,2026-04-30T19:47:26.816Z,84.327,3,34.2,210,0,0,,,,
powertraces-pt200array_pt220_r3_7536323_8-1cf5cef7ab,2026-04-30T19:47:26.916Z,84.427,0,41.58,210,0,0,,,,
powertraces-pt200array_pt220_r3_7536323_8-1cf5cef7ab,2026-04-30T19:47:26.916Z,84.427,1,33.78,210,0,0,,,,
powertraces-pt200array_pt220_r3_7536323_8-1cf5cef7ab,2026-04-30T19:47:26.916Z,84.427,2,35.52,210,0,0,,,,
powertraces-pt200array_pt220_r3_7536323_8-1cf5cef7ab,2026-04-30T19:47:26.916Z,84.427,3,34.2,210,0,0,,,,
powertraces-pt200array_pt220_r3_7536323_8-1cf5cef7ab,2026-04-30T19:47:27.016Z,84.527,0,41.58,210,0,0,,,,
powertraces-pt200array_pt220_r3_7536323_8-1cf5cef7ab,2026-04-30T19:47:27.016Z,84.527,1,33.78,210,0,0,,,,
powertraces-pt200array_pt220_r3_7536323_8-1cf5cef7ab,2026-04-30T19:47:27.016Z,84.527,2,35.52,210,0,0,,,,
powertraces-pt200array_pt220_r3_7536323_8-1cf5cef7ab,2026-04-30T19:47:27.016Z,84.527,3,34.2,210,0,0,,,,
powertraces-pt200array_pt220_r3_7536323_8-1cf5cef7ab,2026-04-30T19:47:27.116Z,84.627,0,41.58,210,0,0,,,,
powertraces-pt200array_pt220_r3_7536323_8-1cf5cef7ab,2026-04-30T19:47:27.116Z,84.627,1,33.78,210,0,0,,,,
powertraces-pt200array_pt220_r3_7536323_8-1cf5cef7ab,2026-04-30T19:47:27.116Z,84.627,2,35.52,210,0,0,,,,
powertraces-pt200array_pt220_r3_7536323_8-1cf5cef7ab,2026-04-30T19:47:27.116Z,84.627,3,34.2,210,0,0,,,,
powertraces-pt200array_pt220_r3_7536323_8-1cf5cef7ab,2026-04-30T19:47:27.216Z,84.727,0,41.58,210,0,0,,,,
powertraces-pt200array_pt220_r3_7536323_8-1cf5cef7ab,2026-04-30T19:47:27.216Z,84.727,1,33.78,210,0,0,,,,
powertraces-pt200array_pt220_r3_7536323_8-1cf5cef7ab,2026-04-30T19:47:27.216Z,84.727,2,35.52,210,0,0,,,,
powertraces-pt200array_pt220_r3_7536323_8-1cf5cef7ab,2026-04-30T19:47:27.216Z,84.727,3,34.2,210,0,0,,,,
powertraces-pt200array_pt220_r3_7536323_8-1cf5cef7ab,2026-04-30T19:47:27.316Z,84.827,0,41.58,210,0,0,,,,
powertraces-pt200array_pt220_r3_7536323_8-1cf5cef7ab,2026-04-30T19:47:27.316Z,84.827,1,33.78,210,0,0,,,,
powertraces-pt200array_pt220_r3_7536323_8-1cf5cef7ab,2026-04-30T19:47:27.316Z,84.827,2,35.52,210,0,0,,,,
powertraces-pt200array_pt220_r3_7536323_8-1cf5cef7ab,2026-04-30T19:47:27.316Z,84.827,3,34.2,210,0,0,,,,
powertraces-pt200array_pt220_r3_7536323_8-1cf5cef7ab,2026-04-30T19:47:27.416Z,84.927,0,41.58,210,0,0,,,,
powertraces-pt200array_pt220_r3_7536323_8-1cf5cef7ab,2026-04-30T19:47:27.416Z,84.927,1,33.78,210,0,0,,,,
powertraces-pt200array_pt220_r3_7536323_8-1cf5cef7ab,2026-04-30T19:47:27.416Z,84.927,2,35.52,210,0,0,,,,
powertraces-pt200array_pt220_r3_7536323_8-1cf5cef7ab,2026-04-30T19:47:27.416Z,84.927,3,34.2,210,0,0,,,,
powertraces-pt200array_pt220_r3_7536323_8-1cf5cef7ab,2026-04-30T19:47:27.516Z,85.027,0,41.58,210,0,0,,,,
powertraces-pt200array_pt220_r3_7536323_8-1cf5cef7ab,2026-04-30T19:47:27.516Z,85.027,1,33.78,210,0,0,,,,
powertraces-pt200array_pt220_r3_7536323_8-1cf5cef7ab,2026-04-30T19:47:27.516Z,85.027,2,35.52,210,0,0,,,,
powertraces-pt200array_pt220_r3_7536323_8-1cf5cef7ab,2026-04-30T19:47:27.516Z,85.027,3,34.2,210,0,0,,,,
powertraces-pt200array_pt220_r3_7536323_8-1cf5cef7ab,2026-04-30T19:47:27.617Z,85.128,0,41.58,210,0,0,,,,
powertraces-pt200array_pt220_r3_7536323_8-1cf5cef7ab,2026-04-30T19:47:27.617Z,85.128,1,33.78,210,0,0,,,,
powertraces-pt200array_pt220_r3_7536323_8-1cf5cef7ab,2026-04-30T19:47:27.617Z,85.128,2,35.52,210,0,0,,,,
powertraces-pt200array_pt220_r3_7536323_8-1cf5cef7ab,2026-04-30T19:47:27.617Z,85.128,3,34.2,210,0,0,,,,
powertraces-pt200array_pt220_r3_7536323_8-1cf5cef7ab,2026-04-30T19:47:27.717Z,85.228,0,41.58,210,0,0,,,,
powertraces-pt200array_pt220_r3_7536323_8-1cf5cef7ab,2026-04-30T19:47:27.717Z,85.228,1,33.78,210,0,0,,,,
powertraces-pt200array_pt220_r3_7536323_8-1cf5cef7ab,2026-04-30T19:47:27.717Z,85.228,2,35.52,210,0,0,,,,
powertraces-pt200array_pt220_r3_7536323_8-1cf5cef7ab,2026-04-30T19:47:27.717Z,85.228,3,34.2,210,0,0,,,,
powertraces-pt200array_pt220_r3_7536323_8-1cf5cef7ab,2026-04-30T19:47:27.817Z,85.328,0,41.58,210,0,0,,,,
powertraces-pt200array_pt220_r3_7536323_8-1cf5cef7ab,2026-04-30T19:47:27.817Z,85.328,1,33.78,210,0,0,,,,
powertraces-pt200array_pt220_r3_7536323_8-1cf5cef7ab,2026-04-30T19:47:27.817Z,85.328,2,35.52,210,0,0,,,,
powertraces-pt200array_pt220_r3_7536323_8-1cf5cef7ab,2026-04-30T19:47:27.817Z,85.328,3,34.2,210,0,0,,,,
powertraces-pt200array_pt220_r3_7536323_8-1cf5cef7ab,2026-04-30T19:47:27.917Z,85.428,0,41.58,210,0,0,,,,
powertraces-pt200array_pt220_r3_7536323_8-1cf5cef7ab,2026-04-30T19:47:27.917Z,85.428,1,33.78,210,0,0,,,,
powertraces-pt200array_pt220_r3_7536323_8-1cf5cef7ab,2026-04-30T19:47:27.917Z,85.428,2,35.52,210,0,0,,,,
powertraces-pt200array_pt220_r3_7536323_8-1cf5cef7ab,2026-04-30T19:47:27.917Z,85.428,3,34.2,210,0,0,,,,
powertraces-pt200array_pt220_r3_7536323_8-1cf5cef7ab,2026-04-30T19:47:28.017Z,85.528,0,41.58,210,0,0,,,,
powertraces-pt200array_pt220_r3_7536323_8-1cf5cef7ab,2026-04-30T19:47:28.017Z,85.528,1,33.78,210,0,0,,,,
powertraces-pt200array_pt220_r3_7536323_8-1cf5cef7ab,2026-04-30T19:47:28.017Z,85.528,2,35.52,210,0,0,,,,
powertraces-pt200array_pt220_r3_7536323_8-1cf5cef7ab,2026-04-30T19:47:28.017Z,85.528,3,34.2,210,0,0,,,,
powertraces-pt200array_pt220_r3_7536323_8-1cf5cef7ab,2026-04-30T19:47:28.117Z,85.628,0,41.58,210,0,0,,,,
powertraces-pt200array_pt220_r3_7536323_8-1cf5cef7ab,2026-04-30T19:47:28.117Z,85.628,1,33.78,210,0,0,,,,
powertraces-pt200array_pt220_r3_7536323_8-1cf5cef7ab,2026-04-30T19:47:28.117Z,85.628,2,35.52,210,0,0,,,,
powertraces-pt200array_pt220_r3_7536323_8-1cf5cef7ab,2026-04-30T19:47:28.117Z,85.628,3,34.2,210,0,0,,,,
powertraces-pt200array_pt220_r3_7536323_8-1cf5cef7ab,2026-04-30T19:47:28.217Z,85.728,0,41.58,210,0,0,,,,
powertraces-pt200array_pt220_r3_7536323_8-1cf5cef7ab,2026-04-30T19:47:28.217Z,85.728,1,33.78,210,0,0,,,,
powertraces-pt200array_pt220_r3_7536323_8-1cf5cef7ab,2026-04-30T19:47:28.217Z,85.728,2,35.52,210,0,0,,,,
powertraces-pt200array_pt220_r3_7536323_8-1cf5cef7ab,2026-04-30T19:47:28.217Z,85.728,3,34.2,210,0,0,,,,
powertraces-pt200array_pt220_r3_7536323_8-1cf5cef7ab,2026-04-30T19:47:28.318Z,85.829,0,41.58,210,0,0,,,,
powertraces-pt200array_pt220_r3_7536323_8-1cf5cef7ab,2026-04-30T19:47:28.318Z,85.829,1,33.78,210,0,0,,,,
powertraces-pt200array_pt220_r3_7536323_8-1cf5cef7ab,2026-04-30T19:47:28.318Z,85.829,2,35.52,210,0,0,,,,
powertraces-pt200array_pt220_r3_7536323_8-1cf5cef7ab,2026-04-30T19:47:28.318Z,85.829,3,34.2,210,0,0,,,,
powertraces-pt200array_pt220_r3_7536323_8-1cf5cef7ab,2026-04-30T19:47:28.418Z,85.929,0,41.58,210,0,0,,,,
powertraces-pt200array_pt220_r3_7536323_8-1cf5cef7ab,2026-04-30T19:47:28.418Z,85.929,1,33.78,210,0,0,,,,
powertraces-pt200array_pt220_r3_7536323_8-1cf5cef7ab,2026-04-30T19:47:28.418Z,85.929,2,35.52,210,0,0,,,,
powertraces-pt200array_pt220_r3_7536323_8-1cf5cef7ab,2026-04-30T19:47:28.418Z,85.929,3,34.2,210,0,0,,,,
powertraces-pt200array_pt220_r3_7536323_8-1cf5cef7ab,2026-04-30T19:47:28.518Z,86.029,0,41.58,210,0,0,,,,
powertraces-pt200array_pt220_r3_7536323_8-1cf5cef7ab,2026-04-30T19:47:28.518Z,86.029,1,33.77,210,0,0,,,,
powertraces-pt200array_pt220_r3_7536323_8-1cf5cef7ab,2026-04-30T19:47:28.518Z,86.029,2,35.52,210,0,0,,,,
powertraces-pt200array_pt220_r3_7536323_8-1cf5cef7ab,2026-04-30T19:47:28.518Z,86.029,3,34.2,210,0,0,,,,
powertraces-pt200array_pt220_r3_7536323_8-1cf5cef7ab,2026-04-30T19:47:28.618Z,86.129,0,41.58,210,0,0,,,,
powertraces-pt200array_pt220_r3_7536323_8-1cf5cef7ab,2026-04-30T19:47:28.618Z,86.129,1,33.77,210,0,0,,,,
powertraces-pt200array_pt220_r3_7536323_8-1cf5cef7ab,2026-04-30T19:47:28.618Z,86.129,2,35.52,210,0,0,,,,
powertraces-pt200array_pt220_r3_7536323_8-1cf5cef7ab,2026-04-30T19:47:28.618Z,86.129,3,34.2,210,0,0,,,,
powertraces-pt200array_pt220_r3_7536323_8-1cf5cef7ab,2026-04-30T19:47:28.718Z,86.229,0,41.58,210,0,0,,,,
powertraces-pt200array_pt220_r3_7536323_8-1cf5cef7ab,2026-04-30T19:47:28.718Z,86.229,1,33.77,210,0,0,,,,
powertraces-pt200array_pt220_r3_7536323_8-1cf5cef7ab,2026-04-30T19:47:28.718Z,86.229,2,35.52,210,0,0,,,,
powertraces-pt200array_pt220_r3_7536323_8-1cf5cef7ab,2026-04-30T19:47:28.718Z,86.229,3,34.2,210,0,0,,,,
powertraces-pt200array_pt220_r3_7536323_8-1cf5cef7ab,2026-04-30T19:47:28.818Z,86.329,0,41.58,210,0,0,,,,
powertraces-pt200array_pt220_r3_7536323_8-1cf5cef7ab,2026-04-30T19:47:28.818Z,86.329,1,33.77,210,0,0,,,,
powertraces-pt200array_pt220_r3_7536323_8-1cf5cef7ab,2026-04-30T19:47:28.818Z,86.329,2,35.52,210,0,0,,,,
powertraces-pt200array_pt220_r3_7536323_8-1cf5cef7ab,2026-04-30T19:47:28.818Z,86.329,3,34.2,210,0,0,,,,
powertraces-pt200array_pt220_r3_7536323_8-1cf5cef7ab,2026-04-30T19:47:28.919Z,86.43,0,41.58,210,0,0,,,,
powertraces-pt200array_pt220_r3_7536323_8-1cf5cef7ab,2026-04-30T19:47:28.919Z,86.43,1,33.77,210,0,0,,,,
powertraces-pt200array_pt220_r3_7536323_8-1cf5cef7ab,2026-04-30T19:47:28.919Z,86.43,2,35.52,210,0,0,,,,
powertraces-pt200array_pt220_r3_7536323_8-1cf5cef7ab,2026-04-30T19:47:28.919Z,86.43,3,34.2,210,0,0,,,,
powertraces-pt200array_pt220_r3_7536323_8-1cf5cef7ab,2026-04-30T19:47:29.019Z,86.53,0,41.58,210,0,0,,,,
powertraces-pt200array_pt220_r3_7536323_8-1cf5cef7ab,2026-04-30T19:47:29.019Z,86.53,1,33.77,210,0,0,,,,
powertraces-pt200array_pt220_r3_7536323_8-1cf5cef7ab,2026-04-30T19:47:29.019Z,86.53,2,35.52,210,0,0,,,,
powertraces-pt200array_pt220_r3_7536323_8-1cf5cef7ab,2026-04-30T19:47:29.019Z,86.53,3,34.2,210,0,0,,,,
powertraces-pt200array_pt220_r3_7536323_8-1cf5cef7ab,2026-04-30T19:47:29.119Z,86.63,0,41.58,210,0,0,,,,
powertraces-pt200array_pt220_r3_7536323_8-1cf5cef7ab,2026-04-30T19:47:29.119Z,86.63,1,33.77,210,0,0,,,,
powertraces-pt200array_pt220_r3_7536323_8-1cf5cef7ab,2026-04-30T19:47:29.119Z,86.63,2,35.52,210,0,0,,,,
powertraces-pt200array_pt220_r3_7536323_8-1cf5cef7ab,2026-04-30T19:47:29.119Z,86.63,3,34.2,210,0,0,,,,
powertraces-pt200array_pt220_r3_7536323_8-1cf5cef7ab,2026-04-30T19:47:29.219Z,86.73,0,41.58,210,0,0,,,,
powertraces-pt200array_pt220_r3_7536323_8-1cf5cef7ab,2026-04-30T19:47:29.219Z,86.73,1,33.77,210,0,0,,,,
powertraces-pt200array_pt220_r3_7536323_8-1cf5cef7ab,2026-04-30T19:47:29.219Z,86.73,2,35.52,210,0,0,,,,
powertraces-pt200array_pt220_r3_7536323_8-1cf5cef7ab,2026-04-30T19:47:29.219Z,86.73,3,34.2,210,0,0,,,,
powertraces-pt200array_pt220_r3_7536323_8-1cf5cef7ab,2026-04-30T19:47:29.319Z,86.83,0,41.58,210,0,0,,,,
powertraces-pt200array_pt220_r3_7536323_8-1cf5cef7ab,2026-04-30T19:47:29.319Z,86.83,1,33.77,210,0,0,,,,
powertraces-pt200array_pt220_r3_7536323_8-1cf5cef7ab,2026-04-30T19:47:29.319Z,86.83,2,35.52,210,0,0,,,,
powertraces-pt200array_pt220_r3_7536323_8-1cf5cef7ab,2026-04-30T19:47:29.319Z,86.83,3,34.2,210,0,0,,,,
powertraces-pt200array_pt220_r3_7536323_8-1cf5cef7ab,2026-04-30T19:47:29.419Z,86.93,0,41.58,210,0,0,,,,
powertraces-pt200array_pt220_r3_7536323_8-1cf5cef7ab,2026-04-30T19:47:29.419Z,86.93,1,33.77,210,0,0,,,,
powertraces-pt200array_pt220_r3_7536323_8-1cf5cef7ab,2026-04-30T19:47:29.419Z,86.93,2,35.52,210,0,0,,,,
powertraces-pt200array_pt220_r3_7536323_8-1cf5cef7ab,2026-04-30T19:47:29.419Z,86.93,3,34.2,210,0,0,,,,
powertraces-pt200array_pt220_r3_7536323_8-1cf5cef7ab,2026-04-30T19:47:29.519Z,87.03,0,41.58,210,0,0,,,,
powertraces-pt200array_pt220_r3_7536323_8-1cf5cef7ab,2026-04-30T19:47:29.52Z,87.031,1,33.78,210,0,0,,,,
powertraces-pt200array_pt220_r3_7536323_8-1cf5cef7ab,2026-04-30T19:47:29.52Z,87.031,2,35.52,210,0,0,,,,
powertraces-pt200array_pt220_r3_7536323_8-1cf5cef7ab,2026-04-30T19:47:29.52Z,87.031,3,34.2,210,0,0,,,,
powertraces-pt200array_pt220_r3_7536323_8-1cf5cef7ab,2026-04-30T19:47:29.62Z,87.131,0,41.58,210,0,0,,,,
powertraces-pt200array_pt220_r3_7536323_8-1cf5cef7ab,2026-04-30T19:47:29.62Z,87.131,1,33.78,210,0,0,,,,
powertraces-pt200array_pt220_r3_7536323_8-1cf5cef7ab,2026-04-30T19:47:29.62Z,87.131,2,35.52,210,0,0,,,,
powertraces-pt200array_pt220_r3_7536323_8-1cf5cef7ab,2026-04-30T19:47:29.62Z,87.131,3,34.2,210,0,0,,,,
powertraces-pt200array_pt220_r3_7536323_8-1cf5cef7ab,2026-04-30T19:47:29.72Z,87.231,0,41.58,210,0,0,,,,
powertraces-pt200array_pt220_r3_7536323_8-1cf5cef7ab,2026-04-30T19:47:29.72Z,87.231,1,33.78,210,0,0,,,,
powertraces-pt200array_pt220_r3_7536323_8-1cf5cef7ab,2026-04-30T19:47:29.72Z,87.231,2,35.52,210,0,0,,,,
powertraces-pt200array_pt220_r3_7536323_8-1cf5cef7ab,2026-04-30T19:47:29.72Z,87.231,3,34.2,210,0,0,,,,
powertraces-pt200array_pt220_r3_7536323_8-1cf5cef7ab,2026-04-30T19:47:29.82Z,87.331,0,41.58,210,0,0,,,,
powertraces-pt200array_pt220_r3_7536323_8-1cf5cef7ab,2026-04-30T19:47:29.82Z,87.331,1,33.78,210,0,0,,,,
powertraces-pt200array_pt220_r3_7536323_8-1cf5cef7ab,2026-04-30T19:47:29.82Z,87.331,2,35.52,210,0,0,,,,
powertraces-pt200array_pt220_r3_7536323_8-1cf5cef7ab,2026-04-30T19:47:29.82Z,87.331,3,34.2,210,0,0,,,,
powertraces-pt200array_pt220_r3_7536323_8-1cf5cef7ab,2026-04-30T19:47:29.92Z,87.431,0,41.58,210,0,0,,,,
powertraces-pt200array_pt220_r3_7536323_8-1cf5cef7ab,2026-04-30T19:47:29.92Z,87.431,1,33.78,210,0,0,,,,
powertraces-pt200array_pt220_r3_7536323_8-1cf5cef7ab,2026-04-30T19:47:29.92Z,87.431,2,35.52,210,0,0,,,,
powertraces-pt200array_pt220_r3_7536323_8-1cf5cef7ab,2026-04-30T19:47:29.92Z,87.431,3,34.2,210,0,0,,,,
powertraces-pt200array_pt220_r3_7536323_8-1cf5cef7ab,2026-04-30T19:47:30.02Z,87.531,0,41.58,210,0,0,,,,
powertraces-pt200array_pt220_r3_7536323_8-1cf5cef7ab,2026-04-30T19:47:30.02Z,87.531,1,33.78,210,0,0,,,,
powertraces-pt200array_pt220_r3_7536323_8-1cf5cef7ab,2026-04-30T19:47:30.02Z,87.531,2,35.52,210,0,0,,,,
powertraces-pt200array_pt220_r3_7536323_8-1cf5cef7ab,2026-04-30T19:47:30.02Z,87.531,3,34.2,210,0,0,,,,
powertraces-pt200array_pt220_r3_7536323_8-1cf5cef7ab,2026-04-30T19:47:30.12Z,87.631,0,41.58,210,0,0,,,,
powertraces-pt200array_pt220_r3_7536323_8-1cf5cef7ab,2026-04-30T19:47:30.12Z,87.631,1,33.78,210,0,0,,,,
powertraces-pt200array_pt220_r3_7536323_8-1cf5cef7ab,2026-04-30T19:47:30.12Z,87.631,2,35.52,210,0,0,,,,
powertraces-pt200array_pt220_r3_7536323_8-1cf5cef7ab,2026-04-30T19:47:30.12Z,87.631,3,34.2,210,0,0,,,,
powertraces-pt200array_pt220_r3_7536323_8-1cf5cef7ab,2026-04-30T19:47:30.221Z,87.732,0,41.58,210,0,0,,,,
powertraces-pt200array_pt220_r3_7536323_8-1cf5cef7ab,2026-04-30T19:47:30.221Z,87.732,1,33.78,210,0,0,,,,
powertraces-pt200array_pt220_r3_7536323_8-1cf5cef7ab,2026-04-30T19:47:30.221Z,87.732,2,35.52,210,0,0,,,,
powertraces-pt200array_pt220_r3_7536323_8-1cf5cef7ab,2026-04-30T19:47:30.221Z,87.732,3,34.2,210,0,0,,,,
powertraces-pt200array_pt220_r3_7536323_8-1cf5cef7ab,2026-04-30T19:47:30.321Z,87.832,0,41.58,210,0,0,,,,
powertraces-pt200array_pt220_r3_7536323_8-1cf5cef7ab,2026-04-30T19:47:30.321Z,87.832,1,33.78,210,0,0,,,,
powertraces-pt200array_pt220_r3_7536323_8-1cf5cef7ab,2026-04-30T19:47:30.321Z,87.832,2,35.52,210,0,0,,,,
powertraces-pt200array_pt220_r3_7536323_8-1cf5cef7ab,2026-04-30T19:47:30.321Z,87.832,3,34.2,210,0,0,,,,
powertraces-pt200array_pt220_r3_7536323_8-1cf5cef7ab,2026-04-30T19:47:30.421Z,87.932,0,41.58,210,0,0,,,,
powertraces-pt200array_pt220_r3_7536323_8-1cf5cef7ab,2026-04-30T19:47:30.421Z,87.932,1,33.78,210,0,0,,,,
powertraces-pt200array_pt220_r3_7536323_8-1cf5cef7ab,2026-04-30T19:47:30.421Z,87.932,2,35.52,210,0,0,,,,
powertraces-pt200array_pt220_r3_7536323_8-1cf5cef7ab,2026-04-30T19:47:30.421Z,87.932,3,34.2,210,0,0,,,,
powertraces-pt200array_pt220_r3_7536323_8-1cf5cef7ab,2026-04-30T19:47:30.521Z,88.032,0,41.58,210,0,0,,,,
powertraces-pt200array_pt220_r3_7536323_8-1cf5cef7ab,2026-04-30T19:47:30.521Z,88.032,1,33.78,210,0,0,,,,
powertraces-pt200array_pt220_r3_7536323_8-1cf5cef7ab,2026-04-30T19:47:30.521Z,88.032,2,35.52,210,0,0,,,,
powertraces-pt200array_pt220_r3_7536323_8-1cf5cef7ab,2026-04-30T19:47:30.521Z,88.032,3,34.2,210,0,0,,,,
powertraces-pt200array_pt220_r3_7536323_8-1cf5cef7ab,2026-04-30T19:47:30.621Z,88.132,0,41.58,210,0,0,,,,
powertraces-pt200array_pt220_r3_7536323_8-1cf5cef7ab,2026-04-30T19:47:30.621Z,88.132,1,33.78,210,0,0,,,,
powertraces-pt200array_pt220_r3_7536323_8-1cf5cef7ab,2026-04-30T19:47:30.621Z,88.132,2,35.52,210,0,0,,,,
powertraces-pt200array_pt220_r3_7536323_8-1cf5cef7ab,2026-04-30T19:47:30.621Z,88.132,3,34.2,210,0,0,,,,
powertraces-pt200array_pt220_r3_7536323_8-1cf5cef7ab,2026-04-30T19:47:30.721Z,88.232,0,41.58,210,0,0,,,,
powertraces-pt200array_pt220_r3_7536323_8-1cf5cef7ab,2026-04-30T19:47:30.721Z,88.232,1,33.78,210,0,0,,,,
powertraces-pt200array_pt220_r3_7536323_8-1cf5cef7ab,2026-04-30T19:47:30.721Z,88.232,2,35.52,210,0,0,,,,
powertraces-pt200array_pt220_r3_7536323_8-1cf5cef7ab,2026-04-30T19:47:30.721Z,88.232,3,34.2,210,0,0,,,,
powertraces-pt200array_pt220_r3_7536323_8-1cf5cef7ab,2026-04-30T19:47:30.821Z,88.332,0,41.58,210,0,0,,,,
powertraces-pt200array_pt220_r3_7536323_8-1cf5cef7ab,2026-04-30T19:47:30.821Z,88.332,1,33.78,210,0,0,,,,
powertraces-pt200array_pt220_r3_7536323_8-1cf5cef7ab,2026-04-30T19:47:30.821Z,88.332,2,35.52,210,0,0,,,,
powertraces-pt200array_pt220_r3_7536323_8-1cf5cef7ab,2026-04-30T19:47:30.821Z,88.332,3,34.2,210,0,0,,,,
powertraces-pt200array_pt220_r3_7536323_8-1cf5cef7ab,2026-04-30T19:47:30.921Z,88.432,0,41.58,210,0,0,,,,
powertraces-pt200array_pt220_r3_7536323_8-1cf5cef7ab,2026-04-30T19:47:30.922Z,88.433,1,33.78,210,0,0,,,,
powertraces-pt200array_pt220_r3_7536323_8-1cf5cef7ab,2026-04-30T19:47:30.922Z,88.433,2,35.52,210,0,0,,,,
powertraces-pt200array_pt220_r3_7536323_8-1cf5cef7ab,2026-04-30T19:47:30.922Z,88.433,3,34.2,210,0,0,,,,
powertraces-pt200array_pt220_r3_7536323_8-1cf5cef7ab,2026-04-30T19:47:31.022Z,88.533,0,41.58,210,0,0,,,,
powertraces-pt200array_pt220_r3_7536323_8-1cf5cef7ab,2026-04-30T19:47:31.022Z,88.533,1,33.78,210,0,0,,,,
powertraces-pt200array_pt220_r3_7536323_8-1cf5cef7ab,2026-04-30T19:47:31.022Z,88.533,2,35.52,210,0,0,,,,
powertraces-pt200array_pt220_r3_7536323_8-1cf5cef7ab,2026-04-30T19:47:31.022Z,88.533,3,34.2,210,0,0,,,,
powertraces-pt200array_pt220_r3_7536323_8-1cf5cef7ab,2026-04-30T19:47:31.122Z,88.633,0,41.58,210,0,0,,,,
powertraces-pt200array_pt220_r3_7536323_8-1cf5cef7ab,2026-04-30T19:47:31.122Z,88.633,1,33.78,210,0,0,,,,
powertraces-pt200array_pt220_r3_7536323_8-1cf5cef7ab,2026-04-30T19:47:31.122Z,88.633,2,35.52,210,0,0,,,,
powertraces-pt200array_pt220_r3_7536323_8-1cf5cef7ab,2026-04-30T19:47:31.122Z,88.633,3,34.2,210,0,0,,,,
powertraces-pt200array_pt220_r3_7536323_8-1cf5cef7ab,2026-04-30T19:47:31.222Z,88.733,0,41.58,210,0,0,,,,
powertraces-pt200array_pt220_r3_7536323_8-1cf5cef7ab,2026-04-30T19:47:31.222Z,88.733,1,33.78,210,0,0,,,,
powertraces-pt200array_pt220_r3_7536323_8-1cf5cef7ab,2026-04-30T19:47:31.222Z,88.733,2,35.52,210,0,0,,,,
powertraces-pt200array_pt220_r3_7536323_8-1cf5cef7ab,2026-04-30T19:47:31.222Z,88.733,3,34.2,210,0,0,,,,
powertraces-pt200array_pt220_r3_7536323_8-1cf5cef7ab,2026-04-30T19:47:31.322Z,88.833,0,41.58,210,0,0,,,,
powertraces-pt200array_pt220_r3_7536323_8-1cf5cef7ab,2026-04-30T19:47:31.322Z,88.833,1,33.78,210,0,0,,,,
powertraces-pt200array_pt220_r3_7536323_8-1cf5cef7ab,2026-04-30T19:47:31.322Z,88.833,2,35.52,210,0,0,,,,
powertraces-pt200array_pt220_r3_7536323_8-1cf5cef7ab,2026-04-30T19:47:31.322Z,88.833,3,34.2,210,0,0,,,,
powertraces-pt200array_pt220_r3_7536323_8-1cf5cef7ab,2026-04-30T19:47:31.422Z,88.933,0,41.58,210,0,0,,,,
powertraces-pt200array_pt220_r3_7536323_8-1cf5cef7ab,2026-04-30T19:47:31.422Z,88.933,1,33.78,210,0,0,,,,
powertraces-pt200array_pt220_r3_7536323_8-1cf5cef7ab,2026-04-30T19:47:31.422Z,88.933,2,35.52,210,0,0,,,,
powertraces-pt200array_pt220_r3_7536323_8-1cf5cef7ab,2026-04-30T19:47:31.422Z,88.933,3,34.2,210,0,0,,,,
powertraces-pt200array_pt220_r3_7536323_8-1cf5cef7ab,2026-04-30T19:47:31.522Z,89.033,0,41.58,210,0,0,,,,
powertraces-pt200array_pt220_r3_7536323_8-1cf5cef7ab,2026-04-30T19:47:31.522Z,89.033,1,33.78,210,0,0,,,,
powertraces-pt200array_pt220_r3_7536323_8-1cf5cef7ab,2026-04-30T19:47:31.522Z,89.033,2,35.52,210,0,0,,,,
powertraces-pt200array_pt220_r3_7536323_8-1cf5cef7ab,2026-04-30T19:47:31.522Z,89.033,3,34.2,210,0,0,,,,
powertraces-pt200array_pt220_r3_7536323_8-1cf5cef7ab,2026-04-30T19:47:31.622Z,89.133,0,41.58,210,0,0,,,,
powertraces-pt200array_pt220_r3_7536323_8-1cf5cef7ab,2026-04-30T19:47:31.622Z,89.133,1,33.78,210,0,0,,,,
powertraces-pt200array_pt220_r3_7536323_8-1cf5cef7ab,2026-04-30T19:47:31.622Z,89.133,2,35.52,210,0,0,,,,
powertraces-pt200array_pt220_r3_7536323_8-1cf5cef7ab,2026-04-30T19:47:31.622Z,89.133,3,34.2,210,0,0,,,,
powertraces-pt200array_pt220_r3_7536323_8-1cf5cef7ab,2026-04-30T19:47:31.723Z,89.234,0,41.58,210,0,0,,,,
powertraces-pt200array_pt220_r3_7536323_8-1cf5cef7ab,2026-04-30T19:47:31.723Z,89.234,1,33.78,210,0,0,,,,
powertraces-pt200array_pt220_r3_7536323_8-1cf5cef7ab,2026-04-30T19:47:31.723Z,89.234,2,35.52,210,0,0,,,,
powertraces-pt200array_pt220_r3_7536323_8-1cf5cef7ab,2026-04-30T19:47:31.723Z,89.234,3,34.2,210,0,0,,,,
powertraces-pt200array_pt220_r3_7536323_8-1cf5cef7ab,2026-04-30T19:47:31.823Z,89.334,0,41.56,210,0,0,,,,
powertraces-pt200array_pt220_r3_7536323_8-1cf5cef7ab,2026-04-30T19:47:31.823Z,89.334,1,33.78,210,0,0,,,,
powertraces-pt200array_pt220_r3_7536323_8-1cf5cef7ab,2026-04-30T19:47:31.823Z,89.334,2,35.52,210,0,0,,,,
powertraces-pt200array_pt220_r3_7536323_8-1cf5cef7ab,2026-04-30T19:47:31.823Z,89.334,3,34.32,210,0,0,,,,
powertraces-pt200array_pt220_r3_7536323_8-1cf5cef7ab,2026-04-30T19:47:31.923Z,89.434,0,41.54,210,0,0,,,,
powertraces-pt200array_pt220_r3_7536323_8-1cf5cef7ab,2026-04-30T19:47:31.923Z,89.434,1,33.78,210,0,0,,,,
powertraces-pt200array_pt220_r3_7536323_8-1cf5cef7ab,2026-04-30T19:47:31.923Z,89.434,2,35.52,210,0,0,,,,
powertraces-pt200array_pt220_r3_7536323_8-1cf5cef7ab,2026-04-30T19:47:31.923Z,89.434,3,34.42,210,0,0,,,,
powertraces-pt200array_pt220_r3_7536323_8-1cf5cef7ab,2026-04-30T19:47:32.023Z,89.534,0,41.53,210,0,0,,,,
powertraces-pt200array_pt220_r3_7536323_8-1cf5cef7ab,2026-04-30T19:47:32.023Z,89.534,1,33.78,210,0,0,,,,
powertraces-pt200array_pt220_r3_7536323_8-1cf5cef7ab,2026-04-30T19:47:32.023Z,89.534,2,35.52,210,0,0,,,,
powertraces-pt200array_pt220_r3_7536323_8-1cf5cef7ab,2026-04-30T19:47:32.023Z,89.534,3,34.4,210,0,0,,,,
powertraces-pt200array_pt220_r3_7536323_8-1cf5cef7ab,2026-04-30T19:47:32.123Z,89.634,0,41.51,210,0,0,,,,
powertraces-pt200array_pt220_r3_7536323_8-1cf5cef7ab,2026-04-30T19:47:32.123Z,89.634,1,33.78,210,0,0,,,,
powertraces-pt200array_pt220_r3_7536323_8-1cf5cef7ab,2026-04-30T19:47:32.123Z,89.634,2,35.52,210,0,0,,,,
powertraces-pt200array_pt220_r3_7536323_8-1cf5cef7ab,2026-04-30T19:47:32.123Z,89.634,3,34.38,210,0,0,,,,
powertraces-pt200array_pt220_r3_7536323_8-1cf5cef7ab,2026-04-30T19:47:32.223Z,89.734,0,41.51,210,0,0,,,,
powertraces-pt200array_pt220_r3_7536323_8-1cf5cef7ab,2026-04-30T19:47:32.223Z,89.734,1,33.78,210,0,0,,,,
powertraces-pt200array_pt220_r3_7536323_8-1cf5cef7ab,2026-04-30T19:47:32.223Z,89.734,2,35.52,210,0,0,,,,
powertraces-pt200array_pt220_r3_7536323_8-1cf5cef7ab,2026-04-30T19:47:32.223Z,89.734,3,34.37,210,0,0,,,,
powertraces-pt200array_pt220_r3_7536323_8-1cf5cef7ab,2026-04-30T19:47:32.323Z,89.834,0,41.5,210,0,0,,,,
powertraces-pt200array_pt220_r3_7536323_8-1cf5cef7ab,2026-04-30T19:47:32.323Z,89.834,1,33.77,210,0,0,,,,
powertraces-pt200array_pt220_r3_7536323_8-1cf5cef7ab,2026-04-30T19:47:32.323Z,89.834,2,35.52,210,0,0,,,,
powertraces-pt200array_pt220_r3_7536323_8-1cf5cef7ab,2026-04-30T19:47:32.323Z,89.834,3,34.36,210,0,0,,,,
powertraces-pt200array_pt220_r3_7536323_8-1cf5cef7ab,2026-04-30T19:47:32.424Z,89.935,0,41.49,210,0,0,,,,
powertraces-pt200array_pt220_r3_7536323_8-1cf5cef7ab,2026-04-30T19:47:32.424Z,89.935,1,33.78,210,0,0,,,,
powertraces-pt200array_pt220_r3_7536323_8-1cf5cef7ab,2026-04-30T19:47:32.424Z,89.935,2,35.52,210,0,0,,,,
powertraces-pt200array_pt220_r3_7536323_8-1cf5cef7ab,2026-04-30T19:47:32.424Z,89.935,3,34.35,210,0,0,,,,
powertraces-pt200array_pt220_r3_7536323_8-1cf5cef7ab,2026-04-30T19:47:32.524Z,90.035,0,41.48,210,0,0,,,,
powertraces-pt200array_pt220_r3_7536323_8-1cf5cef7ab,2026-04-30T19:47:32.524Z,90.035,1,33.78,210,0,0,,,,
powertraces-pt200array_pt220_r3_7536323_8-1cf5cef7ab,2026-04-30T19:47:32.524Z,90.035,2,35.52,210,0,0,,,,
powertraces-pt200array_pt220_r3_7536323_8-1cf5cef7ab,2026-04-30T19:47:32.524Z,90.035,3,34.34,210,0,0,,,,
powertraces-pt200array_pt220_r3_7536323_8-1cf5cef7ab,2026-04-30T19:47:32.624Z,90.135,0,41.47,210,0,0,,,,
powertraces-pt200array_pt220_r3_7536323_8-1cf5cef7ab,2026-04-30T19:47:32.624Z,90.135,1,33.78,210,0,0,,,,
powertraces-pt200array_pt220_r3_7536323_8-1cf5cef7ab,2026-04-30T19:47:32.624Z,90.135,2,35.52,210,0,0,,,,
powertraces-pt200array_pt220_r3_7536323_8-1cf5cef7ab,2026-04-30T19:47:32.624Z,90.135,3,34.33,210,0,0,,,,
powertraces-pt200array_pt220_r3_7536323_8-1cf5cef7ab,2026-04-30T19:47:32.724Z,90.235,0,41.47,210,0,0,,,,
powertraces-pt200array_pt220_r3_7536323_8-1cf5cef7ab,2026-04-30T19:47:32.724Z,90.235,1,33.78,210,0,0,,,,
powertraces-pt200array_pt220_r3_7536323_8-1cf5cef7ab,2026-04-30T19:47:32.724Z,90.235,2,35.52,210,0,0,,,,
powertraces-pt200array_pt220_r3_7536323_8-1cf5cef7ab,2026-04-30T19:47:32.724Z,90.235,3,34.32,210,0,0,,,,
powertraces-pt200array_pt220_r3_7536323_8-1cf5cef7ab,2026-04-30T19:47:32.824Z,90.335,0,41.47,210,0,0,,,,
powertraces-pt200array_pt220_r3_7536323_8-1cf5cef7ab,2026-04-30T19:47:32.824Z,90.335,1,33.78,210,0,0,,,,
powertraces-pt200array_pt220_r3_7536323_8-1cf5cef7ab,2026-04-30T19:47:32.824Z,90.335,2,35.52,210,0,0,,,,
powertraces-pt200array_pt220_r3_7536323_8-1cf5cef7ab,2026-04-30T19:47:32.824Z,90.335,3,34.32,210,0,0,,,,
powertraces-pt200array_pt220_r3_7536323_8-1cf5cef7ab,2026-04-30T19:47:32.924Z,90.435,0,41.47,210,0,0,,,,
powertraces-pt200array_pt220_r3_7536323_8-1cf5cef7ab,2026-04-30T19:47:32.924Z,90.435,1,33.78,210,0,0,,,,
powertraces-pt200array_pt220_r3_7536323_8-1cf5cef7ab,2026-04-30T19:47:32.924Z,90.435,2,35.52,210,0,0,,,,
powertraces-pt200array_pt220_r3_7536323_8-1cf5cef7ab,2026-04-30T19:47:32.924Z,90.435,3,34.32,210,0,0,,,,
powertraces-pt200array_pt220_r3_7536323_8-1cf5cef7ab,2026-04-30T19:47:33.024Z,90.535,0,41.47,210,0,0,,,,
powertraces-pt200array_pt220_r3_7536323_8-1cf5cef7ab,2026-04-30T19:47:33.024Z,90.535,1,33.78,210,0,0,,,,
powertraces-pt200array_pt220_r3_7536323_8-1cf5cef7ab,2026-04-30T19:47:33.024Z,90.535,2,35.52,210,0,0,,,,
powertraces-pt200array_pt220_r3_7536323_8-1cf5cef7ab,2026-04-30T19:47:33.024Z,90.535,3,34.32,210,0,0,,,,
powertraces-pt200array_pt220_r3_7536323_8-1cf5cef7ab,2026-04-30T19:47:33.124Z,90.635,0,41.47,210,0,0,,,,
powertraces-pt200array_pt220_r3_7536323_8-1cf5cef7ab,2026-04-30T19:47:33.125Z,90.636,1,33.78,210,0,0,,,,
powertraces-pt200array_pt220_r3_7536323_8-1cf5cef7ab,2026-04-30T19:47:33.125Z,90.636,2,35.52,210,0,0,,,,
powertraces-pt200array_pt220_r3_7536323_8-1cf5cef7ab,2026-04-30T19:47:33.125Z,90.636,3,34.32,210,0,0,,,,
powertraces-pt200array_pt220_r3_7536323_8-1cf5cef7ab,2026-04-30T19:47:33.225Z,90.736,0,41.47,210,0,0,,,,
powertraces-pt200array_pt220_r3_7536323_8-1cf5cef7ab,2026-04-30T19:47:33.225Z,90.736,1,33.78,210,0,0,,,,
powertraces-pt200array_pt220_r3_7536323_8-1cf5cef7ab,2026-04-30T19:47:33.225Z,90.736,2,35.52,210,0,0,,,,
powertraces-pt200array_pt220_r3_7536323_8-1cf5cef7ab,2026-04-30T19:47:33.225Z,90.736,3,34.32,210,0,0,,,,
powertraces-pt200array_pt220_r3_7536323_8-1cf5cef7ab,2026-04-30T19:47:33.325Z,90.836,0,41.47,210,0,0,,,,
powertraces-pt200array_pt220_r3_7536323_8-1cf5cef7ab,2026-04-30T19:47:33.325Z,90.836,1,33.78,210,0,0,,,,
powertraces-pt200array_pt220_r3_7536323_8-1cf5cef7ab,2026-04-30T19:47:33.325Z,90.836,2,35.52,210,0,0,,,,
powertraces-pt200array_pt220_r3_7536323_8-1cf5cef7ab,2026-04-30T19:47:33.325Z,90.836,3,34.32,210,0,0,,,,
powertraces-pt200array_pt220_r3_7536323_8-1cf5cef7ab,2026-04-30T19:47:33.425Z,90.936,0,41.47,210,0,0,,,,
powertraces-pt200array_pt220_r3_7536323_8-1cf5cef7ab,2026-04-30T19:47:33.425Z,90.936,1,33.78,210,0,0,,,,
powertraces-pt200array_pt220_r3_7536323_8-1cf5cef7ab,2026-04-30T19:47:33.425Z,90.936,2,35.52,210,0,0,,,,
powertraces-pt200array_pt220_r3_7536323_8-1cf5cef7ab,2026-04-30T19:47:33.425Z,90.936,3,34.32,210,0,0,,,,
powertraces-pt200array_pt220_r3_7536323_8-1cf5cef7ab,2026-04-30T19:47:33.525Z,91.036,0,41.47,210,0,0,,,,
powertraces-pt200array_pt220_r3_7536323_8-1cf5cef7ab,2026-04-30T19:47:33.525Z,91.036,1,33.78,210,0,0,,,,
powertraces-pt200array_pt220_r3_7536323_8-1cf5cef7ab,2026-04-30T19:47:33.525Z,91.036,2,35.52,210,0,0,,,,
powertraces-pt200array_pt220_r3_7536323_8-1cf5cef7ab,2026-04-30T19:47:33.525Z,91.036,3,34.32,210,0,0,,,,
powertraces-pt200array_pt220_r3_7536323_8-1cf5cef7ab,2026-04-30T19:47:33.625Z,91.136,0,41.43,210,0,0,,,,
powertraces-pt200array_pt220_r3_7536323_8-1cf5cef7ab,2026-04-30T19:47:33.625Z,91.136,1,33.78,210,0,0,,,,
powertraces-pt200array_pt220_r3_7536323_8-1cf5cef7ab,2026-04-30T19:47:33.625Z,91.136,2,35.52,210,0,0,,,,
powertraces-pt200array_pt220_r3_7536323_8-1cf5cef7ab,2026-04-30T19:47:33.625Z,91.136,3,34.32,210,0,0,,,,
powertraces-pt200array_pt220_r3_7536323_8-1cf5cef7ab,2026-04-30T19:47:33.725Z,91.236,0,41.43,210,0,0,,,,
powertraces-pt200array_pt220_r3_7536323_8-1cf5cef7ab,2026-04-30T19:47:33.725Z,91.236,1,33.78,210,0,0,,,,
powertraces-pt200array_pt220_r3_7536323_8-1cf5cef7ab,2026-04-30T19:47:33.725Z,91.236,2,35.52,210,0,0,,,,
powertraces-pt200array_pt220_r3_7536323_8-1cf5cef7ab,2026-04-30T19:47:33.725Z,91.236,3,34.32,210,0,0,,,,
powertraces-pt200array_pt220_r3_7536323_8-1cf5cef7ab,2026-04-30T19:47:33.825Z,91.336,0,41.43,210,0,0,,,,
powertraces-pt200array_pt220_r3_7536323_8-1cf5cef7ab,2026-04-30T19:47:33.825Z,91.336,1,33.78,210,0,0,,,,
powertraces-pt200array_pt220_r3_7536323_8-1cf5cef7ab,2026-04-30T19:47:33.825Z,91.336,2,35.52,210,0,0,,,,
powertraces-pt200array_pt220_r3_7536323_8-1cf5cef7ab,2026-04-30T19:47:33.825Z,91.336,3,34.19,210,0,0,,,,
powertraces-pt200array_pt220_r3_7536323_8-1cf5cef7ab,2026-04-30T19:47:33.926Z,91.437,0,41.43,210,0,0,,,,
powertraces-pt200array_pt220_r3_7536323_8-1cf5cef7ab,2026-04-30T19:47:33.926Z,91.437,1,33.78,210,0,0,,,,
powertraces-pt200array_pt220_r3_7536323_8-1cf5cef7ab,2026-04-30T19:47:33.926Z,91.437,2,35.52,210,0,0,,,,
powertraces-pt200array_pt220_r3_7536323_8-1cf5cef7ab,2026-04-30T19:47:33.926Z,91.437,3,34.19,210,0,0,,,,
powertraces-pt200array_pt220_r3_7536323_8-1cf5cef7ab,2026-04-30T19:47:34.026Z,91.537,0,49.33,2520,0,0,,,,
powertraces-pt200array_pt220_r3_7536323_8-1cf5cef7ab,2026-04-30T19:47:34.026Z,91.537,1,33.78,210,0,0,,,,
powertraces-pt200array_pt220_r3_7536323_8-1cf5cef7ab,2026-04-30T19:47:34.026Z,91.537,2,35.52,210,0,0,,,,
powertraces-pt200array_pt220_r3_7536323_8-1cf5cef7ab,2026-04-30T19:47:34.026Z,91.537,3,34.19,210,0,0,,,,
powertraces-pt200array_pt220_r3_7536323_8-1cf5cef7ab,2026-04-30T19:47:34.126Z,91.637,0,49.67,2505,0,0,,,,
powertraces-pt200array_pt220_r3_7536323_8-1cf5cef7ab,2026-04-30T19:47:34.126Z,91.637,1,33.78,210,0,0,,,,
powertraces-pt200array_pt220_r3_7536323_8-1cf5cef7ab,2026-04-30T19:47:34.126Z,91.637,2,35.51,210,0,0,,,,
powertraces-pt200array_pt220_r3_7536323_8-1cf5cef7ab,2026-04-30T19:47:34.126Z,91.637,3,34.19,210,0,0,,,,
powertraces-pt200array_pt220_r3_7536323_8-1cf5cef7ab,2026-04-30T19:47:34.226Z,91.737,0,53.52,2505,0,0,,,,
powertraces-pt200array_pt220_r3_7536323_8-1cf5cef7ab,2026-04-30T19:47:34.226Z,91.737,1,37.83,2520,0,0,,,,
powertraces-pt200array_pt220_r3_7536323_8-1cf5cef7ab,2026-04-30T19:47:34.226Z,91.737,2,35.51,210,0,0,,,,
powertraces-pt200array_pt220_r3_7536323_8-1cf5cef7ab,2026-04-30T19:47:34.226Z,91.737,3,34.19,210,0,0,,,,
powertraces-pt200array_pt220_r3_7536323_8-1cf5cef7ab,2026-04-30T19:47:34.326Z,91.837,0,57.02,2505,0,0,,,,
powertraces-pt200array_pt220_r3_7536323_8-1cf5cef7ab,2026-04-30T19:47:34.326Z,91.837,1,41.81,2520,2,0,,,,
powertraces-pt200array_pt220_r3_7536323_8-1cf5cef7ab,2026-04-30T19:47:34.326Z,91.837,2,40.15,2520,0,0,,,,
powertraces-pt200array_pt220_r3_7536323_8-1cf5cef7ab,2026-04-30T19:47:34.326Z,91.837,3,34.18,2520,0,0,,,,
powertraces-pt200array_pt220_r3_7536323_8-1cf5cef7ab,2026-04-30T19:47:34.426Z,91.937,0,60.12,2520,0,0,,,,
powertraces-pt200array_pt220_r3_7536323_8-1cf5cef7ab,2026-04-30T19:47:34.426Z,91.937,1,45.33,2520,2,0,,,,
powertraces-pt200array_pt220_r3_7536323_8-1cf5cef7ab,2026-04-30T19:47:34.426Z,91.937,2,44.26,2520,2,0,,,,
powertraces-pt200array_pt220_r3_7536323_8-1cf5cef7ab,2026-04-30T19:47:34.426Z,91.937,3,38.57,2520,3,0,,,,
powertraces-pt200array_pt220_r3_7536323_8-1cf5cef7ab,2026-04-30T19:47:34.526Z,92.037,0,62.97,2520,0,0,,,,
powertraces-pt200array_pt220_r3_7536323_8-1cf5cef7ab,2026-04-30T19:47:34.526Z,92.037,1,48.46,2520,0,0,,,,
powertraces-pt200array_pt220_r3_7536323_8-1cf5cef7ab,2026-04-30T19:47:34.526Z,92.037,2,47.93,2520,2,0,,,,
powertraces-pt200array_pt220_r3_7536323_8-1cf5cef7ab,2026-04-30T19:47:34.526Z,92.037,3,42.38,2520,3,0,,,,
powertraces-pt200array_pt220_r3_7536323_8-1cf5cef7ab,2026-04-30T19:47:34.626Z,92.137,0,66.11,2520,0,0,,,,
powertraces-pt200array_pt220_r3_7536323_8-1cf5cef7ab,2026-04-30T19:47:34.627Z,92.138,1,51.28,2520,0,0,,,,
powertraces-pt200array_pt220_r3_7536323_8-1cf5cef7ab,2026-04-30T19:47:34.627Z,92.138,2,51.21,2520,0,0,,,,
powertraces-pt200array_pt220_r3_7536323_8-1cf5cef7ab,2026-04-30T19:47:34.627Z,92.138,3,45.78,2520,0,0,,,,
powertraces-pt200array_pt220_r3_7536323_8-1cf5cef7ab,2026-04-30T19:47:34.727Z,92.238,0,93.02,2520,4,1,,,,
powertraces-pt200array_pt220_r3_7536323_8-1cf5cef7ab,2026-04-30T19:47:34.727Z,92.238,1,53.79,2520,0,0,,,,
powertraces-pt200array_pt220_r3_7536323_8-1cf5cef7ab,2026-04-30T19:47:34.727Z,92.238,2,54.16,2520,0,0,,,,
powertraces-pt200array_pt220_r3_7536323_8-1cf5cef7ab,2026-04-30T19:47:34.727Z,92.238,3,48.83,2520,0,0,,,,
powertraces-pt200array_pt220_r3_7536323_8-1cf5cef7ab,2026-04-30T19:47:34.827Z,92.338,0,96.09,2520,4,1,,,,
powertraces-pt200array_pt220_r3_7536323_8-1cf5cef7ab,2026-04-30T19:47:34.827Z,92.338,1,76.34,2520,0,0,,,,
powertraces-pt200array_pt220_r3_7536323_8-1cf5cef7ab,2026-04-30T19:47:34.827Z,92.338,2,76.19,2520,0,0,,,,
powertraces-pt200array_pt220_r3_7536323_8-1cf5cef7ab,2026-04-30T19:47:34.827Z,92.338,3,51.57,2520,0,0,,,,
powertraces-pt200array_pt220_r3_7536323_8-1cf5cef7ab,2026-04-30T19:47:34.927Z,92.438,0,97.66,2520,5,1,,,,
powertraces-pt200array_pt220_r3_7536323_8-1cf5cef7ab,2026-04-30T19:47:34.927Z,92.438,1,78.45,2520,0,0,,,,
powertraces-pt200array_pt220_r3_7536323_8-1cf5cef7ab,2026-04-30T19:47:34.927Z,92.438,2,79.05,2520,0,0,,,,
powertraces-pt200array_pt220_r3_7536323_8-1cf5cef7ab,2026-04-30T19:47:34.927Z,92.438,3,72.1,2520,0,0,,,,
powertraces-pt200array_pt220_r3_7536323_8-1cf5cef7ab,2026-04-30T19:47:35.027Z,92.538,0,99.23,2520,5,1,,,,
powertraces-pt200array_pt220_r3_7536323_8-1cf5cef7ab,2026-04-30T19:47:35.027Z,92.538,1,80.25,2520,0,0,,,,
powertraces-pt200array_pt220_r3_7536323_8-1cf5cef7ab,2026-04-30T19:47:35.027Z,92.538,2,81.47,2520,0,0,,,,
powertraces-pt200array_pt220_r3_7536323_8-1cf5cef7ab,2026-04-30T19:47:35.027Z,92.538,3,75.08,2520,17,1,,,,
powertraces-pt200array_pt220_r3_7536323_8-1cf5cef7ab,2026-04-30T19:47:35.127Z,92.638,0,117.22,2520,5,0,,,,
powertraces-pt200array_pt220_r3_7536323_8-1cf5cef7ab,2026-04-30T19:47:35.127Z,92.638,1,81.78,2520,0,0,,,,
powertraces-pt200array_pt220_r3_7536323_8-1cf5cef7ab,2026-04-30T19:47:35.127Z,92.638,2,83.54,2520,0,0,,,,
powertraces-pt200array_pt220_r3_7536323_8-1cf5cef7ab,2026-04-30T19:47:35.127Z,92.638,3,89.33,2520,17,1,,,,
powertraces-pt200array_pt220_r3_7536323_8-1cf5cef7ab,2026-04-30T19:47:35.227Z,92.738,0,117.43,2520,5,0,,,,
powertraces-pt200array_pt220_r3_7536323_8-1cf5cef7ab,2026-04-30T19:47:35.227Z,92.738,1,101.66,2520,0,0,,,,
powertraces-pt200array_pt220_r3_7536323_8-1cf5cef7ab,2026-04-30T19:47:35.227Z,92.738,2,103.96,2520,0,0,,,,
powertraces-pt200array_pt220_r3_7536323_8-1cf5cef7ab,2026-04-30T19:47:35.227Z,92.738,3,91.43,2520,0,0,,,,
powertraces-pt200array_pt220_r3_7536323_8-1cf5cef7ab,2026-04-30T19:47:35.327Z,92.838,0,117.9,2520,13,2,,,,
powertraces-pt200array_pt220_r3_7536323_8-1cf5cef7ab,2026-04-30T19:47:35.327Z,92.838,1,101.71,2520,0,0,,,,
powertraces-pt200array_pt220_r3_7536323_8-1cf5cef7ab,2026-04-30T19:47:35.327Z,92.838,2,110.27,2520,0,0,,,,
powertraces-pt200array_pt220_r3_7536323_8-1cf5cef7ab,2026-04-30T19:47:35.327Z,92.838,3,97.72,2520,0,0,,,,
powertraces-pt200array_pt220_r3_7536323_8-1cf5cef7ab,2026-04-30T19:47:35.427Z,92.938,0,118.2,2520,13,2,,,,
powertraces-pt200array_pt220_r3_7536323_8-1cf5cef7ab,2026-04-30T19:47:35.428Z,92.939,1,101.74,2520,0,0,,,,
powertraces-pt200array_pt220_r3_7536323_8-1cf5cef7ab,2026-04-30T19:47:35.428Z,92.939,2,110.33,2520,0,0,,,,
powertraces-pt200array_pt220_r3_7536323_8-1cf5cef7ab,2026-04-30T19:47:35.428Z,92.939,3,104.04,2520,0,0,,,,
powertraces-pt200array_pt220_r3_7536323_8-1cf5cef7ab,2026-04-30T19:47:35.528Z,93.039,0,118.55,2520,15,2,,,,
powertraces-pt200array_pt220_r3_7536323_8-1cf5cef7ab,2026-04-30T19:47:35.528Z,93.039,1,102.0,2520,11,1,,,,
powertraces-pt200array_pt220_r3_7536323_8-1cf5cef7ab,2026-04-30T19:47:35.528Z,93.039,2,110.33,2520,0,0,,,,
powertraces-pt200array_pt220_r3_7536323_8-1cf5cef7ab,2026-04-30T19:47:35.528Z,93.039,3,103.98,2520,0,0,,,,
powertraces-pt200array_pt220_r3_7536323_8-1cf5cef7ab,2026-04-30T19:47:35.628Z,93.139,0,119.39,2520,15,2,,,,
powertraces-pt200array_pt220_r3_7536323_8-1cf5cef7ab,2026-04-30T19:47:35.628Z,93.139,1,102.45,2520,11,1,,,,
powertraces-pt200array_pt220_r3_7536323_8-1cf5cef7ab,2026-04-30T19:47:35.628Z,93.139,2,110.33,2520,0,0,,,,
powertraces-pt200array_pt220_r3_7536323_8-1cf5cef7ab,2026-04-30T19:47:35.628Z,93.139,3,104.0,2520,0,0,,,,
powertraces-pt200array_pt220_r3_7536323_8-1cf5cef7ab,2026-04-30T19:47:35.728Z,93.239,0,118.39,2520,0,0,,,,
powertraces-pt200array_pt220_r3_7536323_8-1cf5cef7ab,2026-04-30T19:47:35.728Z,93.239,1,103.95,2520,16,2,,,,
powertraces-pt200array_pt220_r3_7536323_8-1cf5cef7ab,2026-04-30T19:47:35.728Z,93.239,2,110.33,2520,0,0,,,,
powertraces-pt200array_pt220_r3_7536323_8-1cf5cef7ab,2026-04-30T19:47:35.728Z,93.239,3,104.0,2520,0,0,,,,
powertraces-pt200array_pt220_r3_7536323_8-1cf5cef7ab,2026-04-30T19:47:35.828Z,93.339,0,118.35,2520,0,0,,,,
powertraces-pt200array_pt220_r3_7536323_8-1cf5cef7ab,2026-04-30T19:47:35.828Z,93.339,1,105.41,2520,16,2,,,,
powertraces-pt200array_pt220_r3_7536323_8-1cf5cef7ab,2026-04-30T19:47:35.828Z,93.339,2,110.33,2520,0,0,,,,
powertraces-pt200array_pt220_r3_7536323_8-1cf5cef7ab,2026-04-30T19:47:35.828Z,93.339,3,104.02,2520,0,0,,,,
powertraces-pt200array_pt220_r3_7536323_8-1cf5cef7ab,2026-04-30T19:47:35.928Z,93.439,0,116.99,2520,0,0,,,,
powertraces-pt200array_pt220_r3_7536323_8-1cf5cef7ab,2026-04-30T19:47:35.928Z,93.439,1,105.49,2520,11,1,,,,
powertraces-pt200array_pt220_r3_7536323_8-1cf5cef7ab,2026-04-30T19:47:35.928Z,93.439,2,110.33,2520,0,0,,,,
powertraces-pt200array_pt220_r3_7536323_8-1cf5cef7ab,2026-04-30T19:47:35.928Z,93.439,3,104.02,2520,0,0,,,,
powertraces-pt200array_pt220_r3_7536323_8-1cf5cef7ab,2026-04-30T19:47:36.028Z,93.539,0,116.85,2520,0,0,,,,
powertraces-pt200array_pt220_r3_7536323_8-1cf5cef7ab,2026-04-30T19:47:36.028Z,93.539,1,105.75,2520,11,1,,,,
powertraces-pt200array_pt220_r3_7536323_8-1cf5cef7ab,2026-04-30T19:47:36.028Z,93.539,2,110.33,2520,0,0,,,,
powertraces-pt200array_pt220_r3_7536323_8-1cf5cef7ab,2026-04-30T19:47:36.028Z,93.539,3,104.04,2520,0,0,,,,
powertraces-pt200array_pt220_r3_7536323_8-1cf5cef7ab,2026-04-30T19:47:36.128Z,93.639,0,116.41,2520,0,0,,,,
powertraces-pt200array_pt220_r3_7536323_8-1cf5cef7ab,2026-04-30T19:47:36.128Z,93.639,1,105.98,2520,15,2,,,,
powertraces-pt200array_pt220_r3_7536323_8-1cf5cef7ab,2026-04-30T19:47:36.129Z,93.64,2,110.33,2520,0,0,,,,
powertraces-pt200array_pt220_r3_7536323_8-1cf5cef7ab,2026-04-30T19:47:36.129Z,93.64,3,104.04,2520,0,0,,,,
powertraces-pt200array_pt220_r3_7536323_8-1cf5cef7ab,2026-04-30T19:47:36.229Z,93.74,0,116.41,2520,0,0,,,,
powertraces-pt200array_pt220_r3_7536323_8-1cf5cef7ab,2026-04-30T19:47:36.229Z,93.74,1,107.25,2520,15,2,,,,
powertraces-pt200array_pt220_r3_7536323_8-1cf5cef7ab,2026-04-30T19:47:36.229Z,93.74,2,110.33,2520,0,0,,,,
powertraces-pt200array_pt220_r3_7536323_8-1cf5cef7ab,2026-04-30T19:47:36.229Z,93.74,3,104.04,2520,0,0,,,,
powertraces-pt200array_pt220_r3_7536323_8-1cf5cef7ab,2026-04-30T19:47:36.329Z,93.84,0,116.23,2520,0,0,,,,
powertraces-pt200array_pt220_r3_7536323_8-1cf5cef7ab,2026-04-30T19:47:36.329Z,93.84,1,107.47,2520,11,1,,,,
powertraces-pt200array_pt220_r3_7536323_8-1cf5cef7ab,2026-04-30T19:47:36.329Z,93.84,2,110.33,2520,0,0,,,,
powertraces-pt200array_pt220_r3_7536323_8-1cf5cef7ab,2026-04-30T19:47:36.329Z,93.84,3,104.04,2520,0,0,,,,
powertraces-pt200array_pt220_r3_7536323_8-1cf5cef7ab,2026-04-30T19:47:36.429Z,93.94,0,115.98,2520,0,0,,,,
powertraces-pt200array_pt220_r3_7536323_8-1cf5cef7ab,2026-04-30T19:47:36.429Z,93.94,1,107.97,2520,11,1,,,,
powertraces-pt200array_pt220_r3_7536323_8-1cf5cef7ab,2026-04-30T19:47:36.429Z,93.94,2,110.68,2520,0,0,,,,
powertraces-pt200array_pt220_r3_7536323_8-1cf5cef7ab,2026-04-30T19:47:36.429Z,93.94,3,104.04,2520,0,0,,,,
powertraces-pt200array_pt220_r3_7536323_8-1cf5cef7ab,2026-04-30T19:47:36.529Z,94.04,0,115.84,2520,0,0,,,,
powertraces-pt200array_pt220_r3_7536323_8-1cf5cef7ab,2026-04-30T19:47:36.529Z,94.04,1,108.62,2520,18,2,,,,
powertraces-pt200array_pt220_r3_7536323_8-1cf5cef7ab,2026-04-30T19:47:36.529Z,94.04,2,111.67,2520,0,0,,,,
powertraces-pt200array_pt220_r3_7536323_8-1cf5cef7ab,2026-04-30T19:47:36.529Z,94.04,3,104.04,2520,0,0,,,,
powertraces-pt200array_pt220_r3_7536323_8-1cf5cef7ab,2026-04-30T19:47:36.629Z,94.14,0,115.84,2520,0,0,,,,
powertraces-pt200array_pt220_r3_7536323_8-1cf5cef7ab,2026-04-30T19:47:36.629Z,94.14,1,110.52,2520,18,2,,,,
powertraces-pt200array_pt220_r3_7536323_8-1cf5cef7ab,2026-04-30T19:47:36.629Z,94.14,2,111.63,2520,8,1,,,,
powertraces-pt200array_pt220_r3_7536323_8-1cf5cef7ab,2026-04-30T19:47:36.629Z,94.14,3,104.04,2520,0,0,,,,
powertraces-pt200array_pt220_r3_7536323_8-1cf5cef7ab,2026-04-30T19:47:36.729Z,94.24,0,115.84,2520,0,0,,,,
powertraces-pt200array_pt220_r3_7536323_8-1cf5cef7ab,2026-04-30T19:47:36.729Z,94.24,1,110.11,2520,6,1,,,,
powertraces-pt200array_pt220_r3_7536323_8-1cf5cef7ab,2026-04-30T19:47:36.729Z,94.24,2,111.85,2520,8,1,,,,
powertraces-pt200array_pt220_r3_7536323_8-1cf5cef7ab,2026-04-30T19:47:36.729Z,94.24,3,104.04,2520,0,0,,,,
powertraces-pt200array_pt220_r3_7536323_8-1cf5cef7ab,2026-04-30T19:47:36.829Z,94.34,0,115.84,2520,0,0,,,,
powertraces-pt200array_pt220_r3_7536323_8-1cf5cef7ab,2026-04-30T19:47:36.83Z,94.341,1,108.64,2520,6,1,,,,
powertraces-pt200array_pt220_r3_7536323_8-1cf5cef7ab,2026-04-30T19:47:36.83Z,94.341,2,112.14,2520,18,2,,,,
powertraces-pt200array_pt220_r3_7536323_8-1cf5cef7ab,2026-04-30T19:47:36.83Z,94.341,3,104.04,2520,0,0,,,,
powertraces-pt200array_pt220_r3_7536323_8-1cf5cef7ab,2026-04-30T19:47:36.93Z,94.441,0,115.84,2520,0,0,,,,
powertraces-pt200array_pt220_r3_7536323_8-1cf5cef7ab,2026-04-30T19:47:36.93Z,94.441,1,107.2,2520,0,0,,,,
powertraces-pt200array_pt220_r3_7536323_8-1cf5cef7ab,2026-04-30T19:47:36.93Z,94.441,2,112.28,2520,18,2,,,,
powertraces-pt200array_pt220_r3_7536323_8-1cf5cef7ab,2026-04-30T19:47:36.93Z,94.441,3,104.04,2520,0,0,,,,
powertraces-pt200array_pt220_r3_7536323_8-1cf5cef7ab,2026-04-30T19:47:37.03Z,94.541,0,115.84,2520,0,0,,,,
powertraces-pt200array_pt220_r3_7536323_8-1cf5cef7ab,2026-04-30T19:47:37.03Z,94.541,1,107.13,2520,0,0,,,,
powertraces-pt200array_pt220_r3_7536323_8-1cf5cef7ab,2026-04-30T19:47:37.03Z,94.541,2,112.43,2520,14,2,,,,
powertraces-pt200array_pt220_r3_7536323_8-1cf5cef7ab,2026-04-30T19:47:37.03Z,94.541,3,103.88,2520,0,0,,,,
powertraces-pt200array_pt220_r3_7536323_8-1cf5cef7ab,2026-04-30T19:47:37.13Z,94.641,0,115.84,2520,0,0,,,,
powertraces-pt200array_pt220_r3_7536323_8-1cf5cef7ab,2026-04-30T19:47:37.13Z,94.641,1,106.92,2520,0,0,,,,
powertraces-pt200array_pt220_r3_7536323_8-1cf5cef7ab,2026-04-30T19:47:37.13Z,94.641,2,112.39,2520,14,2,,,,
powertraces-pt200array_pt220_r3_7536323_8-1cf5cef7ab,2026-04-30T19:47:37.13Z,94.641,3,103.88,2520,0,0,,,,
powertraces-pt200array_pt220_r3_7536323_8-1cf5cef7ab,2026-04-30T19:47:37.23Z,94.741,0,115.84,2520,0,0,,,,
powertraces-pt200array_pt220_r3_7536323_8-1cf5cef7ab,2026-04-30T19:47:37.23Z,94.741,1,106.7,2520,0,0,,,,
powertraces-pt200array_pt220_r3_7536323_8-1cf5cef7ab,2026-04-30T19:47:37.23Z,94.741,2,112.62,2520,18,2,,,,
powertraces-pt200array_pt220_r3_7536323_8-1cf5cef7ab,2026-04-30T19:47:37.23Z,94.741,3,103.88,2520,0,0,,,,
powertraces-pt200array_pt220_r3_7536323_8-1cf5cef7ab,2026-04-30T19:47:37.33Z,94.841,0,115.84,2520,0,0,,,,
powertraces-pt200array_pt220_r3_7536323_8-1cf5cef7ab,2026-04-30T19:47:37.33Z,94.841,1,105.44,2520,0,0,,,,
powertraces-pt200array_pt220_r3_7536323_8-1cf5cef7ab,2026-04-30T19:47:37.33Z,94.841,2,113.22,2520,18,2,,,,
powertraces-pt200array_pt220_r3_7536323_8-1cf5cef7ab,2026-04-30T19:47:37.33Z,94.841,3,103.88,2520,0,0,,,,
powertraces-pt200array_pt220_r3_7536323_8-1cf5cef7ab,2026-04-30T19:47:37.43Z,94.941,0,115.17,2520,0,0,,,,
powertraces-pt200array_pt220_r3_7536323_8-1cf5cef7ab,2026-04-30T19:47:37.43Z,94.941,1,105.27,2520,0,0,,,,
powertraces-pt200array_pt220_r3_7536323_8-1cf5cef7ab,2026-04-30T19:47:37.43Z,94.941,2,113.37,2520,7,1,,,,
powertraces-pt200array_pt220_r3_7536323_8-1cf5cef7ab,2026-04-30T19:47:37.43Z,94.941,3,103.88,2520,0,0,,,,
powertraces-pt200array_pt220_r3_7536323_8-1cf5cef7ab,2026-04-30T19:47:37.53Z,95.041,0,115.17,2520,0,0,,,,
powertraces-pt200array_pt220_r3_7536323_8-1cf5cef7ab,2026-04-30T19:47:37.53Z,95.041,1,104.79,2520,0,0,,,,
powertraces-pt200array_pt220_r3_7536323_8-1cf5cef7ab,2026-04-30T19:47:37.53Z,95.041,2,115.77,2520,7,1,,,,
powertraces-pt200array_pt220_r3_7536323_8-1cf5cef7ab,2026-04-30T19:47:37.53Z,95.041,3,103.88,2520,0,0,,,,
powertraces-pt200array_pt220_r3_7536323_8-1cf5cef7ab,2026-04-30T19:47:37.631Z,95.142,0,115.17,2520,0,0,,,,
powertraces-pt200array_pt220_r3_7536323_8-1cf5cef7ab,2026-04-30T19:47:37.631Z,95.142,1,104.14,2520,0,0,,,,
powertraces-pt200array_pt220_r3_7536323_8-1cf5cef7ab,2026-04-30T19:47:37.631Z,95.142,2,115.08,2520,16,2,,,,
powertraces-pt200array_pt220_r3_7536323_8-1cf5cef7ab,2026-04-30T19:47:37.631Z,95.142,3,105.84,2520,9,1,,,,
powertraces-pt200array_pt220_r3_7536323_8-1cf5cef7ab,2026-04-30T19:47:37.731Z,95.242,0,115.17,2520,0,0,,,,
powertraces-pt200array_pt220_r3_7536323_8-1cf5cef7ab,2026-04-30T19:47:37.731Z,95.242,1,104.14,2520,0,0,,,,
powertraces-pt200array_pt220_r3_7536323_8-1cf5cef7ab,2026-04-30T19:47:37.731Z,95.242,2,115.71,2520,16,2,,,,
powertraces-pt200array_pt220_r3_7536323_8-1cf5cef7ab,2026-04-30T19:47:37.731Z,95.242,3,105.72,2520,9,1,,,,
powertraces-pt200array_pt220_r3_7536323_8-1cf5cef7ab,2026-04-30T19:47:37.831Z,95.342,0,115.17,2520,0,0,,,,
powertraces-pt200array_pt220_r3_7536323_8-1cf5cef7ab,2026-04-30T19:47:37.831Z,95.342,1,104.14,2520,0,0,,,,
powertraces-pt200array_pt220_r3_7536323_8-1cf5cef7ab,2026-04-30T19:47:37.831Z,95.342,2,115.37,2520,5,1,,,,
powertraces-pt200array_pt220_r3_7536323_8-1cf5cef7ab,2026-04-30T19:47:37.831Z,95.342,3,105.81,2520,13,2,,,,
powertraces-pt200array_pt220_r3_7536323_8-1cf5cef7ab,2026-04-30T19:47:37.931Z,95.442,0,115.17,2520,0,0,,,,
powertraces-pt200array_pt220_r3_7536323_8-1cf5cef7ab,2026-04-30T19:47:37.931Z,95.442,1,104.14,2520,0,0,,,,
powertraces-pt200array_pt220_r3_7536323_8-1cf5cef7ab,2026-04-30T19:47:37.931Z,95.442,2,114.92,2520,5,1,,,,
powertraces-pt200array_pt220_r3_7536323_8-1cf5cef7ab,2026-04-30T19:47:37.931Z,95.442,3,105.78,2520,13,2,,,,
powertraces-pt200array_pt220_r3_7536323_8-1cf5cef7ab,2026-04-30T19:47:38.031Z,95.542,0,115.17,2520,0,0,,,,
powertraces-pt200array_pt220_r3_7536323_8-1cf5cef7ab,2026-04-30T19:47:38.031Z,95.542,1,104.14,2520,0,0,,,,
powertraces-pt200array_pt220_r3_7536323_8-1cf5cef7ab,2026-04-30T19:47:38.031Z,95.542,2,114.6,2520,0,0,,,,
powertraces-pt200array_pt220_r3_7536323_8-1cf5cef7ab,2026-04-30T19:47:38.031Z,95.542,3,105.81,2520,16,2,,,,
powertraces-pt200array_pt220_r3_7536323_8-1cf5cef7ab,2026-04-30T19:47:38.131Z,95.642,0,115.17,2520,0,0,,,,
powertraces-pt200array_pt220_r3_7536323_8-1cf5cef7ab,2026-04-30T19:47:38.131Z,95.642,1,104.14,2520,0,0,,,,
powertraces-pt200array_pt220_r3_7536323_8-1cf5cef7ab,2026-04-30T19:47:38.131Z,95.642,2,114.25,2520,0,0,,,,
powertraces-pt200array_pt220_r3_7536323_8-1cf5cef7ab,2026-04-30T19:47:38.131Z,95.642,3,107.79,2520,16,2,,,,
powertraces-pt200array_pt220_r3_7536323_8-1cf5cef7ab,2026-04-30T19:47:38.231Z,95.742,0,115.17,2520,0,0,,,,
powertraces-pt200array_pt220_r3_7536323_8-1cf5cef7ab,2026-04-30T19:47:38.231Z,95.742,1,104.14,2520,0,0,,,,
powertraces-pt200array_pt220_r3_7536323_8-1cf5cef7ab,2026-04-30T19:47:38.231Z,95.742,2,114.16,2520,0,0,,,,
powertraces-pt200array_pt220_r3_7536323_8-1cf5cef7ab,2026-04-30T19:47:38.231Z,95.742,3,107.5,2520,5,1,,,,
powertraces-pt200array_pt220_r3_7536323_8-1cf5cef7ab,2026-04-30T19:47:38.331Z,95.842,0,115.08,2520,0,0,,,,
powertraces-pt200array_pt220_r3_7536323_8-1cf5cef7ab,2026-04-30T19:47:38.331Z,95.842,1,104.14,2520,0,0,,,,
powertraces-pt200array_pt220_r3_7536323_8-1cf5cef7ab,2026-04-30T19:47:38.332Z,95.843,2,113.65,2520,0,0,,,,
powertraces-pt200array_pt220_r3_7536323_8-1cf5cef7ab,2026-04-30T19:47:38.332Z,95.843,3,109.02,2520,5,1,,,,
powertraces-pt200array_pt220_r3_7536323_8-1cf5cef7ab,2026-04-30T19:47:38.432Z,95.943,0,115.09,2520,0,0,,,,
powertraces-pt200array_pt220_r3_7536323_8-1cf5cef7ab,2026-04-30T19:47:38.432Z,95.943,1,104.14,2520,0,0,,,,
powertraces-pt200array_pt220_r3_7536323_8-1cf5cef7ab,2026-04-30T19:47:38.432Z,95.943,2,112.46,2520,0,0,,,,
powertraces-pt200array_pt220_r3_7536323_8-1cf5cef7ab,2026-04-30T19:47:38.432Z,95.943,3,108.67,2520,8,1,,,,
powertraces-pt200array_pt220_r3_7536323_8-1cf5cef7ab,2026-04-30T19:47:38.532Z,96.043,0,115.3,2520,0,0,,,,
powertraces-pt200array_pt220_r3_7536323_8-1cf5cef7ab,2026-04-30T19:47:38.532Z,96.043,1,104.14,2520,0,0,,,,
powertraces-pt200array_pt220_r3_7536323_8-1cf5cef7ab,2026-04-30T19:47:38.532Z,96.043,2,111.96,2520,0,0,,,,
powertraces-pt200array_pt220_r3_7536323_8-1cf5cef7ab,2026-04-30T19:47:38.532Z,96.043,3,108.72,2520,8,1,,,,
powertraces-pt200array_pt220_r3_7536323_8-1cf5cef7ab,2026-04-30T19:47:38.632Z,96.143,0,115.29,2520,0,0,,,,
powertraces-pt200array_pt220_r3_7536323_8-1cf5cef7ab,2026-04-30T19:47:38.632Z,96.143,1,102.1,2520,0,0,,,,
powertraces-pt200array_pt220_r3_7536323_8-1cf5cef7ab,2026-04-30T19:47:38.632Z,96.143,2,111.73,2520,0,0,,,,
powertraces-pt200array_pt220_r3_7536323_8-1cf5cef7ab,2026-04-30T19:47:38.632Z,96.143,3,108.17,2520,0,0,,,,
powertraces-pt200array_pt220_r3_7536323_8-1cf5cef7ab,2026-04-30T19:47:38.732Z,96.243,0,115.28,2520,11,0,,,,
powertraces-pt200array_pt220_r3_7536323_8-1cf5cef7ab,2026-04-30T19:47:38.732Z,96.243,1,102.1,2520,0,0,,,,
powertraces-pt200array_pt220_r3_7536323_8-1cf5cef7ab,2026-04-30T19:47:38.732Z,96.243,2,111.49,2520,0,0,,,,
powertraces-pt200array_pt220_r3_7536323_8-1cf5cef7ab,2026-04-30T19:47:38.732Z,96.243,3,107.62,2520,0,0,,,,
powertraces-pt200array_pt220_r3_7536323_8-1cf5cef7ab,2026-04-30T19:47:38.832Z,96.343,0,115.27,2520,11,0,,,,
powertraces-pt200array_pt220_r3_7536323_8-1cf5cef7ab,2026-04-30T19:47:38.832Z,96.343,1,102.1,2520,0,0,,,,
powertraces-pt200array_pt220_r3_7536323_8-1cf5cef7ab,2026-04-30T19:47:38.832Z,96.343,2,111.49,2520,0,0,,,,
powertraces-pt200array_pt220_r3_7536323_8-1cf5cef7ab,2026-04-30T19:47:38.832Z,96.343,3,107.65,2520,0,0,,,,
powertraces-pt200array_pt220_r3_7536323_8-1cf5cef7ab,2026-04-30T19:47:38.932Z,96.443,0,115.27,2520,0,0,,,,
powertraces-pt200array_pt220_r3_7536323_8-1cf5cef7ab,2026-04-30T19:47:38.932Z,96.443,1,102.17,2520,0,0,,,,
powertraces-pt200array_pt220_r3_7536323_8-1cf5cef7ab,2026-04-30T19:47:38.932Z,96.443,2,110.83,2520,0,0,,,,
powertraces-pt200array_pt220_r3_7536323_8-1cf5cef7ab,2026-04-30T19:47:38.932Z,96.443,3,107.35,2520,0,0,,,,
powertraces-pt200array_pt220_r3_7536323_8-1cf5cef7ab,2026-04-30T19:47:39.033Z,96.544,0,115.26,2520,0,0,,,,
powertraces-pt200array_pt220_r3_7536323_8-1cf5cef7ab,2026-04-30T19:47:39.033Z,96.544,1,102.17,2520,0,0,,,,
powertraces-pt200array_pt220_r3_7536323_8-1cf5cef7ab,2026-04-30T19:47:39.033Z,96.544,2,110.83,2520,0,0,,,,
powertraces-pt200array_pt220_r3_7536323_8-1cf5cef7ab,2026-04-30T19:47:39.033Z,96.544,3,107.26,2520,0,0,,,,
powertraces-pt200array_pt220_r3_7536323_8-1cf5cef7ab,2026-04-30T19:47:39.133Z,96.644,0,115.26,2520,1,0,,,,
powertraces-pt200array_pt220_r3_7536323_8-1cf5cef7ab,2026-04-30T19:47:39.133Z,96.644,1,102.2,2520,8,1,,,,
powertraces-pt200array_pt220_r3_7536323_8-1cf5cef7ab,2026-04-30T19:47:39.133Z,96.644,2,110.9,2520,0,0,,,,
powertraces-pt200array_pt220_r3_7536323_8-1cf5cef7ab,2026-04-30T19:47:39.133Z,96.644,3,107.05,2520,0,0,,,,
powertraces-pt200array_pt220_r3_7536323_8-1cf5cef7ab,2026-04-30T19:47:39.233Z,96.744,0,115.26,2520,1,0,,,,
powertraces-pt200array_pt220_r3_7536323_8-1cf5cef7ab,2026-04-30T19:47:39.233Z,96.744,1,102.19,2520,8,1,,,,
powertraces-pt200array_pt220_r3_7536323_8-1cf5cef7ab,2026-04-30T19:47:39.233Z,96.744,2,110.91,2520,0,0,,,,
powertraces-pt200array_pt220_r3_7536323_8-1cf5cef7ab,2026-04-30T19:47:39.233Z,96.744,3,106.67,2520,0,0,,,,
powertraces-pt200array_pt220_r3_7536323_8-1cf5cef7ab,2026-04-30T19:47:39.333Z,96.844,0,115.52,2520,0,0,,,,
powertraces-pt200array_pt220_r3_7536323_8-1cf5cef7ab,2026-04-30T19:47:39.333Z,96.844,1,102.19,2520,0,0,,,,
powertraces-pt200array_pt220_r3_7536323_8-1cf5cef7ab,2026-04-30T19:47:39.333Z,96.844,2,110.93,2520,0,0,,,,
powertraces-pt200array_pt220_r3_7536323_8-1cf5cef7ab,2026-04-30T19:47:39.333Z,96.844,3,106.65,2520,0,0,,,,
powertraces-pt200array_pt220_r3_7536323_8-1cf5cef7ab,2026-04-30T19:47:39.433Z,96.944,0,115.5,2520,0,0,,,,
powertraces-pt200array_pt220_r3_7536323_8-1cf5cef7ab,2026-04-30T19:47:39.433Z,96.944,1,102.19,2520,0,0,,,,
powertraces-pt200array_pt220_r3_7536323_8-1cf5cef7ab,2026-04-30T19:47:39.433Z,96.944,2,110.93,2520,0,0,,,,
powertraces-pt200array_pt220_r3_7536323_8-1cf5cef7ab,2026-04-30T19:47:39.433Z,96.944,3,104.55,2520,0,0,,,,
powertraces-pt200array_pt220_r3_7536323_8-1cf5cef7ab,2026-04-30T19:47:39.533Z,97.044,0,115.5,2520,0,0,,,,
powertraces-pt200array_pt220_r3_7536323_8-1cf5cef7ab,2026-04-30T19:47:39.533Z,97.044,1,102.19,2520,0,0,,,,
powertraces-pt200array_pt220_r3_7536323_8-1cf5cef7ab,2026-04-30T19:47:39.533Z,97.044,2,110.93,2520,0,0,,,,
powertraces-pt200array_pt220_r3_7536323_8-1cf5cef7ab,2026-04-30T19:47:39.533Z,97.044,3,104.55,2520,0,0,,,,
powertraces-pt200array_pt220_r3_7536323_8-1cf5cef7ab,2026-04-30T19:47:39.633Z,97.144,0,115.2,2520,0,0,,,,
powertraces-pt200array_pt220_r3_7536323_8-1cf5cef7ab,2026-04-30T19:47:39.633Z,97.144,1,102.18,2520,0,0,,,,
powertraces-pt200array_pt220_r3_7536323_8-1cf5cef7ab,2026-04-30T19:47:39.633Z,97.144,2,110.95,2520,0,0,,,,
powertraces-pt200array_pt220_r3_7536323_8-1cf5cef7ab,2026-04-30T19:47:39.633Z,97.144,3,104.08,2520,0,0,,,,
powertraces-pt200array_pt220_r3_7536323_8-1cf5cef7ab,2026-04-30T19:47:39.734Z,97.245,0,115.2,2520,0,0,,,,
powertraces-pt200array_pt220_r3_7536323_8-1cf5cef7ab,2026-04-30T19:47:39.734Z,97.245,1,102.23,2520,0,0,,,,
powertraces-pt200array_pt220_r3_7536323_8-1cf5cef7ab,2026-04-30T19:47:39.734Z,97.245,2,110.97,2520,0,0,,,,
powertraces-pt200array_pt220_r3_7536323_8-1cf5cef7ab,2026-04-30T19:47:39.734Z,97.245,3,104.1,2520,0,0,,,,
powertraces-pt200array_pt220_r3_7536323_8-1cf5cef7ab,2026-04-30T19:47:39.834Z,97.345,0,115.22,2520,0,0,,,,
powertraces-pt200array_pt220_r3_7536323_8-1cf5cef7ab,2026-04-30T19:47:39.834Z,97.345,1,102.22,2520,0,0,,,,
powertraces-pt200array_pt220_r3_7536323_8-1cf5cef7ab,2026-04-30T19:47:39.834Z,97.345,2,111.0,2520,0,0,,,,
powertraces-pt200array_pt220_r3_7536323_8-1cf5cef7ab,2026-04-30T19:47:39.834Z,97.345,3,104.12,2520,0,0,,,,
powertraces-pt200array_pt220_r3_7536323_8-1cf5cef7ab,2026-04-30T19:47:39.934Z,97.445,0,115.29,2520,2,0,,,,
powertraces-pt200array_pt220_r3_7536323_8-1cf5cef7ab,2026-04-30T19:47:39.934Z,97.445,1,102.18,2520,0,0,,,,
powertraces-pt200array_pt220_r3_7536323_8-1cf5cef7ab,2026-04-30T19:47:39.934Z,97.445,2,111.0,2520,0,0,,,,
powertraces-pt200array_pt220_r3_7536323_8-1cf5cef7ab,2026-04-30T19:47:39.934Z,97.445,3,104.1,2520,0,0,,,,
powertraces-pt200array_pt220_r3_7536323_8-1cf5cef7ab,2026-04-30T19:47:40.034Z,97.545,0,115.92,2520,2,0,,,,
powertraces-pt200array_pt220_r3_7536323_8-1cf5cef7ab,2026-04-30T19:47:40.034Z,97.545,1,102.2,2520,0,0,,,,
powertraces-pt200array_pt220_r3_7536323_8-1cf5cef7ab,2026-04-30T19:47:40.034Z,97.545,2,111.0,2520,0,0,,,,
powertraces-pt200array_pt220_r3_7536323_8-1cf5cef7ab,2026-04-30T19:47:40.034Z,97.545,3,104.1,2520,0,0,,,,
powertraces-pt200array_pt220_r3_7536323_8-1cf5cef7ab,2026-04-30T19:47:40.134Z,97.645,0,115.93,2520,6,5,,,,
powertraces-pt200array_pt220_r3_7536323_8-1cf5cef7ab,2026-04-30T19:47:40.134Z,97.645,1,102.67,2520,10,7,,,,
powertraces-pt200array_pt220_r3_7536323_8-1cf5cef7ab,2026-04-30T19:47:40.134Z,97.645,2,117.6,2520,0,0,,,,
powertraces-pt200array_pt220_r3_7536323_8-1cf5cef7ab,2026-04-30T19:47:40.134Z,97.645,3,104.15,2520,0,0,,,,
powertraces-pt200array_pt220_r3_7536323_8-1cf5cef7ab,2026-04-30T19:47:40.234Z,97.745,0,129.12,2520,6,5,,,,
powertraces-pt200array_pt220_r3_7536323_8-1cf5cef7ab,2026-04-30T19:47:40.234Z,97.745,1,102.74,2520,10,7,,,,
powertraces-pt200array_pt220_r3_7536323_8-1cf5cef7ab,2026-04-30T19:47:40.234Z,97.745,2,129.23,2520,16,14,,,,
powertraces-pt200array_pt220_r3_7536323_8-1cf5cef7ab,2026-04-30T19:47:40.234Z,97.745,3,104.71,2520,22,18,,,,
powertraces-pt200array_pt220_r3_7536323_8-1cf5cef7ab,2026-04-30T19:47:40.334Z,97.845,0,129.2,2520,18,16,,,,
powertraces-pt200array_pt220_r3_7536323_8-1cf5cef7ab,2026-04-30T19:47:40.334Z,97.845,1,103.39,2520,23,20,,,,
powertraces-pt200array_pt220_r3_7536323_8-1cf5cef7ab,2026-04-30T19:47:40.334Z,97.845,2,129.82,2520,16,14,,,,
powertraces-pt200array_pt220_r3_7536323_8-1cf5cef7ab,2026-04-30T19:47:40.334Z,97.845,3,108.03,2520,22,18,,,,
powertraces-pt200array_pt220_r3_7536323_8-1cf5cef7ab,2026-04-30T19:47:40.434Z,97.945,0,129.44,2520,18,16,,,,
powertraces-pt200array_pt220_r3_7536323_8-1cf5cef7ab,2026-04-30T19:47:40.435Z,97.946,1,112.88,2520,23,20,,,,
powertraces-pt200array_pt220_r3_7536323_8-1cf5cef7ab,2026-04-30T19:47:40.435Z,97.946,2,130.86,2520,32,33,,,,
powertraces-pt200array_pt220_r3_7536323_8-1cf5cef7ab,2026-04-30T19:47:40.435Z,97.946,3,121.87,2520,20,19,,,,
powertraces-pt200array_pt220_r3_7536323_8-1cf5cef7ab,2026-04-30T19:47:40.535Z,98.046,0,132.77,2520,30,30,,,,
powertraces-pt200array_pt220_r3_7536323_8-1cf5cef7ab,2026-04-30T19:47:40.535Z,98.046,1,129.37,2520,29,30,,,,
powertraces-pt200array_pt220_r3_7536323_8-1cf5cef7ab,2026-04-30T19:47:40.535Z,98.046,2,132.07,2520,32,33,,,,
powertraces-pt200array_pt220_r3_7536323_8-1cf5cef7ab,2026-04-30T19:47:40.535Z,98.046,3,122.04,2520,20,19,,,,
powertraces-pt200array_pt220_r3_7536323_8-1cf5cef7ab,2026-04-30T19:47:40.635Z,98.146,0,145.76,2520,30,30,,,,
powertraces-pt200array_pt220_r3_7536323_8-1cf5cef7ab,2026-04-30T19:47:40.635Z,98.146,1,129.65,2520,29,30,,,,
powertraces-pt200array_pt220_r3_7536323_8-1cf5cef7ab,2026-04-30T19:47:40.635Z,98.146,2,147.08,2520,33,33,,,,
powertraces-pt200array_pt220_r3_7536323_8-1cf5cef7ab,2026-04-30T19:47:40.635Z,98.146,3,122.43,2520,33,33,,,,
powertraces-pt200array_pt220_r3_7536323_8-1cf5cef7ab,2026-04-30T19:47:40.735Z,98.246,0,145.91,2520,18,19,,,,
powertraces-pt200array_pt220_r3_7536323_8-1cf5cef7ab,2026-04-30T19:47:40.735Z,98.246,1,131.6,2520,36,37,,,,
powertraces-pt200array_pt220_r3_7536323_8-1cf5cef7ab,2026-04-30T19:47:40.735Z,98.246,2,149.37,2520,33,33,,,,
powertraces-pt200array_pt220_r3_7536323_8-1cf5cef7ab,2026-04-30T19:47:40.735Z,98.246,3,132.12,2520,33,33,,,,
powertraces-pt200array_pt220_r3_7536323_8-1cf5cef7ab,2026-04-30T19:47:40.835Z,98.346,0,146.51,2520,18,19,,,,
powertraces-pt200array_pt220_r3_7536323_8-1cf5cef7ab,2026-04-30T19:47:40.835Z,98.346,1,134.19,2520,36,37,,,,
powertraces-pt200array_pt220_r3_7536323_8-1cf5cef7ab,2026-04-30T19:47:40.835Z,98.346,2,149.31,2520,29,30,,,,
powertraces-pt200array_pt220_r3_7536323_8-1cf5cef7ab,2026-04-30T19:47:40.835Z,98.346,3,134.67,2520,6,5,,,,
powertraces-pt200array_pt220_r3_7536323_8-1cf5cef7ab,2026-04-30T19:47:40.935Z,98.446,0,146.51,2520,30,30,,,,
powertraces-pt200array_pt220_r3_7536323_8-1cf5cef7ab,2026-04-30T19:47:40.935Z,98.446,1,146.61,2520,26,26,,,,
powertraces-pt200array_pt220_r3_7536323_8-1cf5cef7ab,2026-04-30T19:47:40.935Z,98.446,2,153.31,2520,29,30,,,,
powertraces-pt200array_pt220_r3_7536323_8-1cf5cef7ab,2026-04-30T19:47:40.935Z,98.446,3,134.91,2520,6,5,,,,
powertraces-pt200array_pt220_r3_7536323_8-1cf5cef7ab,2026-04-30T19:47:41.035Z,98.546,0,151.95,2520,30,30,,,,
powertraces-pt200array_pt220_r3_7536323_8-1cf5cef7ab,2026-04-30T19:47:41.035Z,98.546,1,147.08,2520,26,26,,,,
powertraces-pt200array_pt220_r3_7536323_8-1cf5cef7ab,2026-04-30T19:47:41.035Z,98.546,2,162.39,2520,19,19,,,,
powertraces-pt200array_pt220_r3_7536323_8-1cf5cef7ab,2026-04-30T19:47:41.035Z,98.546,3,136.29,2520,33,33,,,,
powertraces-pt200array_pt220_r3_7536323_8-1cf5cef7ab,2026-04-30T19:47:41.135Z,98.646,0,151.48,2520,5,5,,,,
powertraces-pt200array_pt220_r3_7536323_8-1cf5cef7ab,2026-04-30T19:47:41.135Z,98.646,1,152.36,2520,36,37,,,,
powertraces-pt200array_pt220_r3_7536323_8-1cf5cef7ab,2026-04-30T19:47:41.135Z,98.646,2,170.14,2520,19,19,,,,
powertraces-pt200array_pt220_r3_7536323_8-1cf5cef7ab,2026-04-30T19:47:41.135Z,98.646,3,151.85,2520,33,33,,,,
powertraces-pt200array_pt220_r3_7536323_8-1cf5cef7ab,2026-04-30T19:47:41.236Z,98.747,0,152.96,2520,5,5,,,,
powertraces-pt200array_pt220_r3_7536323_8-1cf5cef7ab,2026-04-30T19:47:41.236Z,98.747,1,159.32,2520,36,37,,,,
powertraces-pt200array_pt220_r3_7536323_8-1cf5cef7ab,2026-04-30T19:47:41.236Z,98.747,2,163.94,2520,29,30,,,,
powertraces-pt200array_pt220_r3_7536323_8-1cf5cef7ab,2026-04-30T19:47:41.236Z,98.747,3,151.9,2520,3,3,,,,
powertraces-pt200array_pt220_r3_7536323_8-1cf5cef7ab,2026-04-30T19:47:41.336Z,98.847,0,152.88,2520,28,29,,,,
powertraces-pt200array_pt220_r3_7536323_8-1cf5cef7ab,2026-04-30T19:47:41.336Z,98.847,1,161.6,2520,13,12,,,,
powertraces-pt200array_pt220_r3_7536323_8-1cf5cef7ab,2026-04-30T19:47:41.336Z,98.847,2,164.02,2520,29,30,,,,
powertraces-pt200array_pt220_r3_7536323_8-1cf5cef7ab,2026-04-30T19:47:41.336Z,98.847,3,151.51,2520,3,3,,,,
powertraces-pt200array_pt220_r3_7536323_8-1cf5cef7ab,2026-04-30T19:47:41.436Z,98.947,0,152.89,2520,28,29,,,,
powertraces-pt200array_pt220_r3_7536323_8-1cf5cef7ab,2026-04-30T19:47:41.436Z,98.947,1,161.98,2520,13,12,,,,
powertraces-pt200array_pt220_r3_7536323_8-1cf5cef7ab,2026-04-30T19:47:41.436Z,98.947,2,164.32,2520,8,7,,,,
powertraces-pt200array_pt220_r3_7536323_8-1cf5cef7ab,2026-04-30T19:47:41.436Z,98.947,3,152.21,2520,33,33,,,,
powertraces-pt200array_pt220_r3_7536323_8-1cf5cef7ab,2026-04-30T19:47:41.536Z,99.047,0,152.92,2520,2,2,,,,
powertraces-pt200array_pt220_r3_7536323_8-1cf5cef7ab,2026-04-30T19:47:41.536Z,99.047,1,159.16,2520,36,37,,,,
powertraces-pt200array_pt220_r3_7536323_8-1cf5cef7ab,2026-04-30T19:47:41.536Z,99.047,2,163.12,2520,8,7,,,,
powertraces-pt200array_pt220_r3_7536323_8-1cf5cef7ab,2026-04-30T19:47:41.536Z,99.047,3,149.95,2520,33,33,,,,
powertraces-pt200array_pt220_r3_7536323_8-1cf5cef7ab,2026-04-30T19:47:41.636Z,99.147,0,153.59,2520,2,2,,,,
powertraces-pt200array_pt220_r3_7536323_8-1cf5cef7ab,2026-04-30T19:47:41.636Z,99.147,1,158.39,2520,36,37,,,,
powertraces-pt200array_pt220_r3_7536323_8-1cf5cef7ab,2026-04-30T19:47:41.636Z,99.147,2,163.47,2520,35,35,,,,
powertraces-pt200array_pt220_r3_7536323_8-1cf5cef7ab,2026-04-30T19:47:41.636Z,99.147,3,149.88,2520,17,17,,,,
powertraces-pt200array_pt220_r3_7536323_8-1cf5cef7ab,2026-04-30T19:47:41.736Z,99.247,0,151.91,2520,15,16,,,,
powertraces-pt200array_pt220_r3_7536323_8-1cf5cef7ab,2026-04-30T19:47:41.736Z,99.247,1,158.35,2520,8,7,,,,
powertraces-pt200array_pt220_r3_7536323_8-1cf5cef7ab,2026-04-30T19:47:41.736Z,99.247,2,162.95,2520,35,35,,,,
powertraces-pt200array_pt220_r3_7536323_8-1cf5cef7ab,2026-04-30T19:47:41.736Z,99.247,3,150.04,2520,17,17,,,,
powertraces-pt200array_pt220_r3_7536323_8-1cf5cef7ab,2026-04-30T19:47:41.836Z,99.347,0,151.86,2520,15,16,,,,
powertraces-pt200array_pt220_r3_7536323_8-1cf5cef7ab,2026-04-30T19:47:41.836Z,99.347,1,158.79,2520,8,7,,,,
powertraces-pt200array_pt220_r3_7536323_8-1cf5cef7ab,2026-04-30T19:47:41.836Z,99.347,2,163.92,2520,14,13,,,,
powertraces-pt200array_pt220_r3_7536323_8-1cf5cef7ab,2026-04-30T19:47:41.836Z,99.347,3,152.66,2520,33,33,,,,
powertraces-pt200array_pt220_r3_7536323_8-1cf5cef7ab,2026-04-30T19:47:41.937Z,99.448,0,151.93,2520,15,14,,,,
powertraces-pt200array_pt220_r3_7536323_8-1cf5cef7ab,2026-04-30T19:47:41.937Z,99.448,1,159.44,2520,29,30,,,,
powertraces-pt200array_pt220_r3_7536323_8-1cf5cef7ab,2026-04-30T19:47:41.937Z,99.448,2,164.01,2520,14,13,,,,
powertraces-pt200array_pt220_r3_7536323_8-1cf5cef7ab,2026-04-30T19:47:41.937Z,99.448,3,150.29,2520,33,33,,,,
powertraces-pt200array_pt220_r3_7536323_8-1cf5cef7ab,2026-04-30T19:47:42.037Z,99.548,0,159.1,2520,15,14,,,,
powertraces-pt200array_pt220_r3_7536323_8-1cf5cef7ab,2026-04-30T19:47:42.037Z,99.548,1,157.81,2520,29,30,,,,
powertraces-pt200array_pt220_r3_7536323_8-1cf5cef7ab,2026-04-30T19:47:42.037Z,99.548,2,164.96,2520,36,37,,,,
powertraces-pt200array_pt220_r3_7536323_8-1cf5cef7ab,2026-04-30T19:47:42.037Z,99.548,3,150.22,2520,30,30,,,,
powertraces-pt200array_pt220_r3_7536323_8-1cf5cef7ab,2026-04-30T19:47:42.137Z,99.648,0,157.64,2520,2,2,,,,
powertraces-pt200array_pt220_r3_7536323_8-1cf5cef7ab,2026-04-30T19:47:42.137Z,99.648,1,157.93,2520,20,20,,,,
powertraces-pt200array_pt220_r3_7536323_8-1cf5cef7ab,2026-04-30T19:47:42.137Z,99.648,2,161.48,2520,36,37,,,,
powertraces-pt200array_pt220_r3_7536323_8-1cf5cef7ab,2026-04-30T19:47:42.137Z,99.648,3,150.61,2520,30,30,,,,
powertraces-pt200array_pt220_r3_7536323_8-1cf5cef7ab,2026-04-30T19:47:42.237Z,99.748,0,157.69,2520,2,2,,,,
powertraces-pt200array_pt220_r3_7536323_8-1cf5cef7ab,2026-04-30T19:47:42.237Z,99.748,1,159.12,2520,20,20,,,,
powertraces-pt200array_pt220_r3_7536323_8-1cf5cef7ab,2026-04-30T19:47:42.237Z,99.748,2,163.61,2520,28,28,,,,
powertraces-pt200array_pt220_r3_7536323_8-1cf5cef7ab,2026-04-30T19:47:42.237Z,99.748,3,150.96,2520,27,26,,,,
powertraces-pt200array_pt220_r3_7536323_8-1cf5cef7ab,2026-04-30T19:47:42.337Z,99.848,0,157.65,2520,29,30,,,,
powertraces-pt200array_pt220_r3_7536323_8-1cf5cef7ab,2026-04-30T19:47:42.337Z,99.848,1,160.79,2520,29,30,,,,
powertraces-pt200array_pt220_r3_7536323_8-1cf5cef7ab,2026-04-30T19:47:42.337Z,99.848,2,163.79,2520,28,28,,,,
powertraces-pt200array_pt220_r3_7536323_8-1cf5cef7ab,2026-04-30T19:47:42.337Z,99.848,3,154.19,2520,27,26,,,,
powertraces-pt200array_pt220_r3_7536323_8-1cf5cef7ab,2026-04-30T19:47:42.437Z,99.948,0,144.67,2520,29,30,,,,
powertraces-pt200array_pt220_r3_7536323_8-1cf5cef7ab,2026-04-30T19:47:42.437Z,99.948,1,160.79,2520,29,30,,,,
powertraces-pt200array_pt220_r3_7536323_8-1cf5cef7ab,2026-04-30T19:47:42.437Z,99.948,2,155.91,2520,24,26,,,,
powertraces-pt200array_pt220_r3_7536323_8-1cf5cef7ab,2026-04-30T19:47:42.437Z,99.948,3,161.99,2520,31,35,,,,
powertraces-pt200array_pt220_r3_7536323_8-1cf5cef7ab,2026-04-30T19:47:42.537Z,100.048,0,144.69,2520,0,0,,,,
powertraces-pt200array_pt220_r3_7536323_8-1cf5cef7ab,2026-04-30T19:47:42.537Z,100.048,1,159.93,2520,0,0,,,,
powertraces-pt200array_pt220_r3_7536323_8-1cf5cef7ab,2026-04-30T19:47:42.537Z,100.048,2,164.81,2520,24,26,,,,
powertraces-pt200array_pt220_r3_7536323_8-1cf5cef7ab,2026-04-30T19:47:42.537Z,100.048,3,159.39,2520,31,35,,,,
powertraces-pt200array_pt220_r3_7536323_8-1cf5cef7ab,2026-04-30T19:47:42.637Z,100.148,0,158.67,2520,0,0,,,,
powertraces-pt200array_pt220_r3_7536323_8-1cf5cef7ab,2026-04-30T19:47:42.637Z,100.148,1,166.12,2520,0,0,,,,
powertraces-pt200array_pt220_r3_7536323_8-1cf5cef7ab,2026-04-30T19:47:42.637Z,100.148,2,165.02,2520,47,52,,,,
powertraces-pt200array_pt220_r3_7536323_8-1cf5cef7ab,2026-04-30T19:47:42.638Z,100.149,3,147.78,2520,0,0,,,,
powertraces-pt200array_pt220_r3_7536323_8-1cf5cef7ab,2026-04-30T19:47:42.738Z,100.249,0,159.8,2520,18,16,,,,
powertraces-pt200array_pt220_r3_7536323_8-1cf5cef7ab,2026-04-30T19:47:42.738Z,100.249,1,150.98,2520,8,7,,,,
powertraces-pt200array_pt220_r3_7536323_8-1cf5cef7ab,2026-04-30T19:47:42.738Z,100.249,2,179.07,2520,47,52,,,,
powertraces-pt200array_pt220_r3_7536323_8-1cf5cef7ab,2026-04-30T19:47:42.738Z,100.249,3,148.59,2520,0,0,,,,
powertraces-pt200array_pt220_r3_7536323_8-1cf5cef7ab,2026-04-30T19:47:42.838Z,100.349,0,158.25,2520,18,16,,,,
powertraces-pt200array_pt220_r3_7536323_8-1cf5cef7ab,2026-04-30T19:47:42.838Z,100.349,1,151.04,2520,8,7,,,,
powertraces-pt200array_pt220_r3_7536323_8-1cf5cef7ab,2026-04-30T19:47:42.838Z,100.349,2,178.18,2520,27,27,,,,
powertraces-pt200array_pt220_r3_7536323_8-1cf5cef7ab,2026-04-30T19:47:42.838Z,100.349,3,148.94,2520,33,33,,,,
powertraces-pt200array_pt220_r3_7536323_8-1cf5cef7ab,2026-04-30T19:47:42.938Z,100.449,0,158.3,2520,18,17,,,,
powertraces-pt200array_pt220_r3_7536323_8-1cf5cef7ab,2026-04-30T19:47:42.938Z,100.449,1,151.44,2520,36,37,,,,
powertraces-pt200array_pt220_r3_7536323_8-1cf5cef7ab,2026-04-30T19:47:42.938Z,100.449,2,178.87,2520,27,27,,,,
powertraces-pt200array_pt220_r3_7536323_8-1cf5cef7ab,2026-04-30T19:47:42.938Z,100.449,3,151.76,2520,33,33,,,,
powertraces-pt200array_pt220_r3_7536323_8-1cf5cef7ab,2026-04-30T19:47:43.038Z,100.549,0,158.46,2520,18,17,,,,
powertraces-pt200array_pt220_r3_7536323_8-1cf5cef7ab,2026-04-30T19:47:43.038Z,100.549,1,152.12,2520,36,37,,,,
powertraces-pt200array_pt220_r3_7536323_8-1cf5cef7ab,2026-04-30T19:47:43.038Z,100.549,2,178.94,2520,29,30,,,,
powertraces-pt200array_pt220_r3_7536323_8-1cf5cef7ab,2026-04-30T19:47:43.038Z,100.549,3,151.73,2520,1,1,,,,
powertraces-pt200array_pt220_r3_7536323_8-1cf5cef7ab,2026-04-30T19:47:43.138Z,100.649,0,161.3,2520,30,30,,,,
powertraces-pt200array_pt220_r3_7536323_8-1cf5cef7ab,2026-04-30T19:47:43.138Z,100.649,1,150.74,2520,21,20,,,,
powertraces-pt200array_pt220_r3_7536323_8-1cf5cef7ab,2026-04-30T19:47:43.138Z,100.649,2,180.48,2520,29,30,,,,
powertraces-pt200array_pt220_r3_7536323_8-1cf5cef7ab,2026-04-30T19:47:43.138Z,100.649,3,151.69,2520,1,1,,,,
powertraces-pt200array_pt220_r3_7536323_8-1cf5cef7ab,2026-04-30T19:47:43.238Z,100.749,0,161.3,2520,30,30,,,,
powertraces-pt200array_pt220_r3_7536323_8-1cf5cef7ab,2026-04-30T19:47:43.238Z,100.749,1,150.81,2520,21,20,,,,
powertraces-pt200array_pt220_r3_7536323_8-1cf5cef7ab,2026-04-30T19:47:43.238Z,100.749,2,177.58,2520,14,13,,,,
powertraces-pt200array_pt220_r3_7536323_8-1cf5cef7ab,2026-04-30T19:47:43.238Z,100.749,3,152.35,2520,33,33,,,,
powertraces-pt200array_pt220_r3_7536323_8-1cf5cef7ab,2026-04-30T19:47:43.338Z,100.849,0,161.35,2520,30,30,,,,
powertraces-pt200array_pt220_r3_7536323_8-1cf5cef7ab,2026-04-30T19:47:43.338Z,100.849,1,152.65,2520,36,37,,,,
powertraces-pt200array_pt220_r3_7536323_8-1cf5cef7ab,2026-04-30T19:47:43.338Z,100.849,2,174.91,2520,14,13,,,,
powertraces-pt200array_pt220_r3_7536323_8-1cf5cef7ab,2026-04-30T19:47:43.338Z,100.849,3,151.28,2520,33,33,,,,
powertraces-pt200array_pt220_r3_7536323_8-1cf5cef7ab,2026-04-30T19:47:43.438Z,100.949,0,162.14,2520,30,30,,,,
powertraces-pt200array_pt220_r3_7536323_8-1cf5cef7ab,2026-04-30T19:47:43.439Z,100.95,1,154.56,2520,36,37,,,,
powertraces-pt200array_pt220_r3_7536323_8-1cf5cef7ab,2026-04-30T19:47:43.439Z,100.95,2,175.07,2520,29,30,,,,
powertraces-pt200array_pt220_r3_7536323_8-1cf5cef7ab,2026-04-30T19:47:43.439Z,100.95,3,148.13,2520,9,9,,,,
powertraces-pt200array_pt220_r3_7536323_8-1cf5cef7ab,2026-04-30T19:47:43.539Z,101.05,0,175.93,2520,23,24,,,,
powertraces-pt200array_pt220_r3_7536323_8-1cf5cef7ab,2026-04-30T19:47:43.539Z,101.05,1,152.39,2520,8,7,,,,
powertraces-pt200array_pt220_r3_7536323_8-1cf5cef7ab,2026-04-30T19:47:43.539Z,101.05,2,186.98,2520,29,30,,,,
powertraces-pt200array_pt220_r3_7536323_8-1cf5cef7ab,2026-04-30T19:47:43.539Z,101.05,3,140.49,2520,9,9,,,,
powertraces-pt200array_pt220_r3_7536323_8-1cf5cef7ab,2026-04-30T19:47:43.639Z,101.15,0,176.02,2520,23,24,,,,
powertraces-pt200array_pt220_r3_7536323_8-1cf5cef7ab,2026-04-30T19:47:43.639Z,101.15,1,153.71,2520,8,7,,,,
powertraces-pt200array_pt220_r3_7536323_8-1cf5cef7ab,2026-04-30T19:47:43.639Z,101.15,2,178.79,2520,8,7,,,,
powertraces-pt200array_pt220_r3_7536323_8-1cf5cef7ab,2026-04-30T19:47:43.639Z,101.15,3,146.01,2520,33,33,,,,
powertraces-pt200array_pt220_r3_7536323_8-1cf5cef7ab,2026-04-30T19:47:43.739Z,101.25,0,162.21,2520,30,30,,,,
powertraces-pt200array_pt220_r3_7536323_8-1cf5cef7ab,2026-04-30T19:47:43.739Z,101.25,1,155.84,2520,30,31,,,,
powertraces-pt200array_pt220_r3_7536323_8-1cf5cef7ab,2026-04-30T19:47:43.739Z,101.25,2,178.63,2520,8,7,,,,
powertraces-pt200array_pt220_r3_7536323_8-1cf5cef7ab,2026-04-30T19:47:43.739Z,101.25,3,155.28,2520,33,33,,,,
powertraces-pt200array_pt220_r3_7536323_8-1cf5cef7ab,2026-04-30T19:47:43.839Z,101.35,0,163.64,2520,30,30,,,,
powertraces-pt200array_pt220_r3_7536323_8-1cf5cef7ab,2026-04-30T19:47:43.839Z,101.35,1,163.82,2520,30,31,,,,
powertraces-pt200array_pt220_r3_7536323_8-1cf5cef7ab,2026-04-30T19:47:43.839Z,101.35,2,165.75,2520,36,37,,,,
powertraces-pt200array_pt220_r3_7536323_8-1cf5cef7ab,2026-04-30T19:47:43.839Z,101.35,3,154.6,2520,23,24,,,,
powertraces-pt200array_pt220_r3_7536323_8-1cf5cef7ab,2026-04-30T19:47:43.939Z,101.45,0,160.26,2520,9,9,,,,
powertraces-pt200array_pt220_r3_7536323_8-1cf5cef7ab,2026-04-30T19:47:43.939Z,101.45,1,163.99,2520,13,12,,,,
powertraces-pt200array_pt220_r3_7536323_8-1cf5cef7ab,2026-04-30T19:47:43.939Z,101.45,2,162.65,2520,36,37,,,,
powertraces-pt200array_pt220_r3_7536323_8-1cf5cef7ab,2026-04-30T19:47:43.939Z,101.45,3,154.62,2520,23,24,,,,
powertraces-pt200array_pt220_r3_7536323_8-1cf5cef7ab,2026-04-30T19:47:44.039Z,101.55,0,160.31,2520,9,9,,,,
powertraces-pt200array_pt220_r3_7536323_8-1cf5cef7ab,2026-04-30T19:47:44.039Z,101.55,1,164.93,2520,13,12,,,,
powertraces-pt200array_pt220_r3_7536323_8-1cf5cef7ab,2026-04-30T19:47:44.039Z,101.55,2,164.2,2520,21,20,,,,
powertraces-pt200array_pt220_r3_7536323_8-1cf5cef7ab,2026-04-30T19:47:44.039Z,101.55,3,156.74,2520,33,33,,,,
powertraces-pt200array_pt220_r3_7536323_8-1cf5cef7ab,2026-04-30T19:47:44.139Z,101.65,0,160.65,2520,30,31,,,,
powertraces-pt200array_pt220_r3_7536323_8-1cf5cef7ab,2026-04-30T19:47:44.139Z,101.65,1,166.43,2520,29,30,,,,
powertraces-pt200array_pt220_r3_7536323_8-1cf5cef7ab,2026-04-30T19:47:44.139Z,101.65,2,164.31,2520,21,20,,,,
powertraces-pt200array_pt220_r3_7536323_8-1cf5cef7ab,2026-04-30T19:47:44.139Z,101.65,3,156.64,2520,33,33,,,,
powertraces-pt200array_pt220_r3_7536323_8-1cf5cef7ab,2026-04-30T19:47:44.24Z,101.751,0,162.63,2520,30,31,,,,
powertraces-pt200array_pt220_r3_7536323_8-1cf5cef7ab,2026-04-30T19:47:44.24Z,101.751,1,163.83,2520,29,30,,,,
powertraces-pt200array_pt220_r3_7536323_8-1cf5cef7ab,2026-04-30T19:47:44.24Z,101.751,2,167.36,2520,36,37,,,,
powertraces-pt200array_pt220_r3_7536323_8-1cf5cef7ab,2026-04-30T19:47:44.24Z,101.751,3,156.71,2520,33,33,,,,
powertraces-pt200array_pt220_r3_7536323_8-1cf5cef7ab,2026-04-30T19:47:44.34Z,101.851,0,162.71,2520,0,0,,,,
powertraces-pt200array_pt220_r3_7536323_8-1cf5cef7ab,2026-04-30T19:47:44.34Z,101.851,1,164.0,2520,27,27,,,,
powertraces-pt200array_pt220_r3_7536323_8-1cf5cef7ab,2026-04-30T19:47:44.34Z,101.851,2,165.35,2520,36,37,,,,
powertraces-pt200array_pt220_r3_7536323_8-1cf5cef7ab,2026-04-30T19:47:44.34Z,101.851,3,157.6,2520,33,33,,,,
powertraces-pt200array_pt220_r3_7536323_8-1cf5cef7ab,2026-04-30T19:47:44.44Z,101.951,0,162.78,2520,0,0,,,,
powertraces-pt200array_pt220_r3_7536323_8-1cf5cef7ab,2026-04-30T19:47:44.44Z,101.951,1,165.53,2520,27,27,,,,
powertraces-pt200array_pt220_r3_7536323_8-1cf5cef7ab,2026-04-30T19:47:44.44Z,101.951,2,159.96,2520,32,33,,,,
powertraces-pt200array_pt220_r3_7536323_8-1cf5cef7ab,2026-04-30T19:47:44.44Z,101.951,3,155.95,2520,20,19,,,,
powertraces-pt200array_pt220_r3_7536323_8-1cf5cef7ab,2026-04-30T19:47:44.54Z,102.051,0,163.72,2520,30,30,,,,
powertraces-pt200array_pt220_r3_7536323_8-1cf5cef7ab,2026-04-30T19:47:44.54Z,102.051,1,169.94,2520,29,30,,,,
powertraces-pt200array_pt220_r3_7536323_8-1cf5cef7ab,2026-04-30T19:47:44.54Z,102.051,2,160.4,2520,32,33,,,,
powertraces-pt200array_pt220_r3_7536323_8-1cf5cef7ab,2026-04-30T19:47:44.54Z,102.051,3,155.83,2520,20,19,,,,
powertraces-pt200array_pt220_r3_7536323_8-1cf5cef7ab,2026-04-30T19:47:44.64Z,102.151,0,162.56,2520,30,30,,,,
powertraces-pt200array_pt220_r3_7536323_8-1cf5cef7ab,2026-04-30T19:47:44.64Z,102.151,1,169.98,2520,29,30,,,,
powertraces-pt200array_pt220_r3_7536323_8-1cf5cef7ab,2026-04-30T19:47:44.64Z,102.151,2,159.96,2520,33,34,,,,
powertraces-pt200array_pt220_r3_7536323_8-1cf5cef7ab,2026-04-30T19:47:44.64Z,102.151,3,156.1,2520,33,33,,,,
powertraces-pt200array_pt220_r3_7536323_8-1cf5cef7ab,2026-04-30T19:47:44.74Z,102.251,0,162.51,2520,11,11,,,,
powertraces-pt200array_pt220_r3_7536323_8-1cf5cef7ab,2026-04-30T19:47:44.74Z,102.251,1,170.54,2520,36,37,,,,
powertraces-pt200array_pt220_r3_7536323_8-1cf5cef7ab,2026-04-30T19:47:44.74Z,102.251,2,160.96,2520,33,34,,,,
powertraces-pt200array_pt220_r3_7536323_8-1cf5cef7ab,2026-04-30T19:47:44.74Z,102.251,3,159.42,2520,33,33,,,,
powertraces-pt200array_pt220_r3_7536323_8-1cf5cef7ab,2026-04-30T19:47:44.84Z,102.351,0,174.21,2520,11,11,,,,
powertraces-pt200array_pt220_r3_7536323_8-1cf5cef7ab,2026-04-30T19:47:44.84Z,102.351,1,162.75,2520,36,37,,,,
powertraces-pt200array_pt220_r3_7536323_8-1cf5cef7ab,2026-04-30T19:47:44.84Z,102.351,2,161.74,2520,33,35,,,,
powertraces-pt200array_pt220_r3_7536323_8-1cf5cef7ab,2026-04-30T19:47:44.84Z,102.351,3,159.89,2520,25,27,,,,
powertraces-pt200array_pt220_r3_7536323_8-1cf5cef7ab,2026-04-30T19:47:44.941Z,102.452,0,168.17,2520,45,48,,,,
powertraces-pt200array_pt220_r3_7536323_8-1cf5cef7ab,2026-04-30T19:47:44.941Z,102.452,1,162.75,2520,98,100,,,,
powertraces-pt200array_pt220_r3_7536323_8-1cf5cef7ab,2026-04-30T19:47:44.941Z,102.452,2,171.65,2520,33,35,,,,
powertraces-pt200array_pt220_r3_7536323_8-1cf5cef7ab,2026-04-30T19:47:44.941Z,102.452,3,164.16,2520,25,27,,,,
powertraces-pt200array_pt220_r3_7536323_8-1cf5cef7ab,2026-04-30T19:47:45.041Z,102.552,0,162.09,2520,45,48,,,,
powertraces-pt200array_pt220_r3_7536323_8-1cf5cef7ab,2026-04-30T19:47:45.041Z,102.552,1,174.12,2520,98,100,,,,
powertraces-pt200array_pt220_r3_7536323_8-1cf5cef7ab,2026-04-30T19:47:45.041Z,102.552,2,163.51,2520,28,26,,,,
powertraces-pt200array_pt220_r3_7536323_8-1cf5cef7ab,2026-04-30T19:47:45.041Z,102.552,3,177.13,2520,35,33,,,,
powertraces-pt200array_pt220_r3_7536323_8-1cf5cef7ab,2026-04-30T19:47:45.141Z,102.652,0,164.85,2520,30,30,,,,
powertraces-pt200array_pt220_r3_7536323_8-1cf5cef7ab,2026-04-30T19:47:45.141Z,102.652,1,185.91,2520,29,30,,,,
powertraces-pt200array_pt220_r3_7536323_8-1cf5cef7ab,2026-04-30T19:47:45.141Z,102.652,2,162.53,2520,28,26,,,,
powertraces-pt200array_pt220_r3_7536323_8-1cf5cef7ab,2026-04-30T19:47:45.141Z,102.652,3,160.04,2520,35,33,,,,
powertraces-pt200array_pt220_r3_7536323_8-1cf5cef7ab,2026-04-30T19:47:45.241Z,102.752,0,176.23,2520,30,30,,,,
powertraces-pt200array_pt220_r3_7536323_8-1cf5cef7ab,2026-04-30T19:47:45.241Z,102.752,1,180.78,2520,29,30,,,,
powertraces-pt200array_pt220_r3_7536323_8-1cf5cef7ab,2026-04-30T19:47:45.241Z,102.752,2,172.03,2520,34,34,,,,
powertraces-pt200array_pt220_r3_7536323_8-1cf5cef7ab,2026-04-30T19:47:45.241Z,102.752,3,160.51,2520,33,33,,,,
powertraces-pt200array_pt220_r3_7536323_8-1cf5cef7ab,2026-04-30T19:47:45.341Z,102.852,0,160.46,2520,11,10,,,,
powertraces-pt200array_pt220_r3_7536323_8-1cf5cef7ab,2026-04-30T19:47:45.341Z,102.852,1,175.93,2520,36,37,,,,
powertraces-pt200array_pt220_r3_7536323_8-1cf5cef7ab,2026-04-30T19:47:45.341Z,102.852,2,164.89,2520,34,34,,,,
powertraces-pt200array_pt220_r3_7536323_8-1cf5cef7ab,2026-04-30T19:47:45.341Z,102.852,3,170.76,2520,33,33,,,,
powertraces-pt200array_pt220_r3_7536323_8-1cf5cef7ab,2026-04-30T19:47:45.441Z,102.952,0,161.01,2520,11,10,,,,
powertraces-pt200array_pt220_r3_7536323_8-1cf5cef7ab,2026-04-30T19:47:45.441Z,102.952,1,177.98,2520,36,37,,,,
powertraces-pt200array_pt220_r3_7536323_8-1cf5cef7ab,2026-04-30T19:47:45.441Z,102.952,2,164.24,2520,29,30,,,,
powertraces-pt200array_pt220_r3_7536323_8-1cf5cef7ab,2026-04-30T19:47:45.441Z,102.952,3,170.59,2520,6,5,,,,
powertraces-pt200array_pt220_r3_7536323_8-1cf5cef7ab,2026-04-30T19:47:45.541Z,103.052,0,170.66,2520,30,30,,,,
powertraces-pt200array_pt220_r3_7536323_8-1cf5cef7ab,2026-04-30T19:47:45.541Z,103.052,1,181.17,2520,26,25,,,,
powertraces-pt200array_pt220_r3_7536323_8-1cf5cef7ab,2026-04-30T19:47:45.541Z,103.052,2,167.26,2520,29,30,,,,
powertraces-pt200array_pt220_r3_7536323_8-1cf5cef7ab,2026-04-30T19:47:45.541Z,103.052,3,157.71,2520,6,5,,,,
powertraces-pt200array_pt220_r3_7536323_8-1cf5cef7ab,2026-04-30T19:47:45.641Z,103.152,0,167.65,2520,30,30,,,,
powertraces-pt200array_pt220_r3_7536323_8-1cf5cef7ab,2026-04-30T19:47:45.641Z,103.152,1,166.32,2520,26,25,,,,
powertraces-pt200array_pt220_r3_7536323_8-1cf5cef7ab,2026-04-30T19:47:45.641Z,103.152,2,173.93,2520,18,18,,,,
powertraces-pt200array_pt220_r3_7536323_8-1cf5cef7ab,2026-04-30T19:47:45.641Z,103.152,3,159.19,2520,33,33,,,,
powertraces-pt200array_pt220_r3_7536323_8-1cf5cef7ab,2026-04-30T19:47:45.742Z,103.253,0,155.1,2520,26,26,,,,
powertraces-pt200array_pt220_r3_7536323_8-1cf5cef7ab,2026-04-30T19:47:45.742Z,103.253,1,172.07,2520,36,37,,,,
powertraces-pt200array_pt220_r3_7536323_8-1cf5cef7ab,2026-04-30T19:47:45.742Z,103.253,2,167.41,2520,18,18,,,,
powertraces-pt200array_pt220_r3_7536323_8-1cf5cef7ab,2026-04-30T19:47:45.742Z,103.253,3,175.42,2520,33,33,,,,
powertraces-pt200array_pt220_r3_7536323_8-1cf5cef7ab,2026-04-30T19:47:45.842Z,103.353,0,156.8,2520,26,26,,,,
powertraces-pt200array_pt220_r3_7536323_8-1cf5cef7ab,2026-04-30T19:47:45.842Z,103.353,1,178.81,2520,36,37,,,,
powertraces-pt200array_pt220_r3_7536323_8-1cf5cef7ab,2026-04-30T19:47:45.842Z,103.353,2,165.39,2520,29,30,,,,
powertraces-pt200array_pt220_r3_7536323_8-1cf5cef7ab,2026-04-30T19:47:45.842Z,103.353,3,165.32,2520,4,4,,,,
powertraces-pt200array_pt220_r3_7536323_8-1cf5cef7ab,2026-04-30T19:47:45.942Z,103.453,0,159.47,2520,26,27,,,,
powertraces-pt200array_pt220_r3_7536323_8-1cf5cef7ab,2026-04-30T19:47:45.942Z,103.453,1,176.27,2520,11,10,,,,
powertraces-pt200array_pt220_r3_7536323_8-1cf5cef7ab,2026-04-30T19:47:45.942Z,103.453,2,179.5,2520,29,30,,,,
powertraces-pt200array_pt220_r3_7536323_8-1cf5cef7ab,2026-04-30T19:47:45.942Z,103.453,3,155.87,2520,4,4,,,,
powertraces-pt200array_pt220_r3_7536323_8-1cf5cef7ab,2026-04-30T19:47:46.042Z,103.553,0,159.19,2520,26,27,,,,
powertraces-pt200array_pt220_r3_7536323_8-1cf5cef7ab,2026-04-30T19:47:46.042Z,103.553,1,164.53,2520,11,10,,,,
powertraces-pt200array_pt220_r3_7536323_8-1cf5cef7ab,2026-04-30T19:47:46.042Z,103.553,2,167.95,2520,8,7,,,,
powertraces-pt200array_pt220_r3_7536323_8-1cf5cef7ab,2026-04-30T19:47:46.042Z,103.553,3,156.31,2520,33,33,,,,
powertraces-pt200array_pt220_r3_7536323_8-1cf5cef7ab,2026-04-30T19:47:46.142Z,103.653,0,159.32,2520,30,31,,,,
powertraces-pt200array_pt220_r3_7536323_8-1cf5cef7ab,2026-04-30T19:47:46.142Z,103.653,1,156.79,2520,34,35,,,,
powertraces-pt200array_pt220_r3_7536323_8-1cf5cef7ab,2026-04-30T19:47:46.142Z,103.653,2,165.52,2520,8,7,,,,
powertraces-pt200array_pt220_r3_7536323_8-1cf5cef7ab,2026-04-30T19:47:46.142Z,103.653,3,153.81,2520,33,33,,,,
powertraces-pt200array_pt220_r3_7536323_8-1cf5cef7ab,2026-04-30T19:47:46.242Z,103.753,0,160.89,2520,30,31,,,,
powertraces-pt200array_pt220_r3_7536323_8-1cf5cef7ab,2026-04-30T19:47:46.242Z,103.753,1,156.33,2520,34,35,,,,
powertraces-pt200array_pt220_r3_7536323_8-1cf5cef7ab,2026-04-30T19:47:46.242Z,103.753,2,167.53,2520,36,37,,,,
powertraces-pt200array_pt220_r3_7536323_8-1cf5cef7ab,2026-04-30T19:47:46.242Z,103.753,3,153.75,2520,19,20,,,,
powertraces-pt200array_pt220_r3_7536323_8-1cf5cef7ab,2026-04-30T19:47:46.342Z,103.853,0,157.78,2520,13,14,,,,
powertraces-pt200array_pt220_r3_7536323_8-1cf5cef7ab,2026-04-30T19:47:46.342Z,103.853,1,156.42,2520,9,8,,,,
powertraces-pt200array_pt220_r3_7536323_8-1cf5cef7ab,2026-04-30T19:47:46.343Z,103.854,2,166.2,2520,36,37,,,,
powertraces-pt200array_pt220_r3_7536323_8-1cf5cef7ab,2026-04-30T19:47:46.343Z,103.854,3,154.13,2520,19,20,,,,
powertraces-pt200array_pt220_r3_7536323_8-1cf5cef7ab,2026-04-30T19:47:46.443Z,103.954,0,157.83,2520,13,14,,,,
powertraces-pt200array_pt220_r3_7536323_8-1cf5cef7ab,2026-04-30T19:47:46.443Z,103.954,1,157.32,2520,9,8,,,,
powertraces-pt200array_pt220_r3_7536323_8-1cf5cef7ab,2026-04-30T19:47:46.443Z,103.954,2,167.83,2520,16,16,,,,
powertraces-pt200array_pt220_r3_7536323_8-1cf5cef7ab,2026-04-30T19:47:46.443Z,103.954,3,158.82,2520,33,33,,,,
powertraces-pt200array_pt220_r3_7536323_8-1cf5cef7ab,2026-04-30T19:47:46.543Z,104.054,0,157.99,2520,30,30,,,,
powertraces-pt200array_pt220_r3_7536323_8-1cf5cef7ab,2026-04-30T19:47:46.543Z,104.054,1,158.54,2520,29,30,,,,
powertraces-pt200array_pt220_r3_7536323_8-1cf5cef7ab,2026-04-30T19:47:46.543Z,104.054,2,167.95,2520,16,16,,,,
powertraces-pt200array_pt220_r3_7536323_8-1cf5cef7ab,2026-04-30T19:47:46.543Z,104.054,3,155.91,2520,33,33,,,,
powertraces-pt200array_pt220_r3_7536323_8-1cf5cef7ab,2026-04-30T19:47:46.643Z,104.154,0,162.51,2520,30,30,,,,
powertraces-pt200array_pt220_r3_7536323_8-1cf5cef7ab,2026-04-30T19:47:46.643Z,104.154,1,155.19,2520,29,30,,,,
powertraces-pt200array_pt220_r3_7536323_8-1cf5cef7ab,2026-04-30T19:47:46.643Z,104.154,2,170.1,2520,37,37,,,,
powertraces-pt200array_pt220_r3_7536323_8-1cf5cef7ab,2026-04-30T19:47:46.643Z,104.154,3,155.97,2520,33,32,,,,
powertraces-pt200array_pt220_r3_7536323_8-1cf5cef7ab,2026-04-30T19:47:46.743Z,104.254,0,162.51,2520,0,0,,,,
powertraces-pt200array_pt220_r3_7536323_8-1cf5cef7ab,2026-04-30T19:47:46.743Z,104.254,1,155.32,2520,23,23,,,,
powertraces-pt200array_pt220_r3_7536323_8-1cf5cef7ab,2026-04-30T19:47:46.743Z,104.254,2,165.25,2520,37,37,,,,
powertraces-pt200array_pt220_r3_7536323_8-1cf5cef7ab,2026-04-30T19:47:46.743Z,104.254,3,156.85,2520,33,32,,,,
powertraces-pt200array_pt220_r3_7536323_8-1cf5cef7ab,2026-04-30T19:47:46.843Z,104.354,0,162.62,2520,0,0,,,,
powertraces-pt200array_pt220_r3_7536323_8-1cf5cef7ab,2026-04-30T19:47:46.843Z,104.354,1,157.65,2520,23,23,,,,
powertraces-pt200array_pt220_r3_7536323_8-1cf5cef7ab,2026-04-30T19:47:46.843Z,104.354,2,163.11,2520,31,31,,,,
powertraces-pt200array_pt220_r3_7536323_8-1cf5cef7ab,2026-04-30T19:47:46.843Z,104.354,3,154.36,2520,24,23,,,,
powertraces-pt200array_pt220_r3_7536323_8-1cf5cef7ab,2026-04-30T19:47:46.943Z,104.454,0,163.2,2520,30,31,,,,
powertraces-pt200array_pt220_r3_7536323_8-1cf5cef7ab,2026-04-30T19:47:46.943Z,104.454,1,160.33,2520,29,30,,,,
powertraces-pt200array_pt220_r3_7536323_8-1cf5cef7ab,2026-04-30T19:47:46.943Z,104.454,2,163.39,2520,31,31,,,,
powertraces-pt200array_pt220_r3_7536323_8-1cf5cef7ab,2026-04-30T19:47:46.943Z,104.454,3,154.32,2520,24,23,,,,
powertraces-pt200array_pt220_r3_7536323_8-1cf5cef7ab,2026-04-30T19:47:47.043Z,104.554,0,162.96,2520,30,31,,,,
powertraces-pt200array_pt220_r3_7536323_8-1cf5cef7ab,2026-04-30T19:47:47.043Z,104.554,1,160.31,2520,29,30,,,,
powertraces-pt200array_pt220_r3_7536323_8-1cf5cef7ab,2026-04-30T19:47:47.044Z,104.555,2,165.48,2520,36,37,,,,
powertraces-pt200array_pt220_r3_7536323_8-1cf5cef7ab,2026-04-30T19:47:47.044Z,104.555,3,154.51,2520,33,33,,,,
powertraces-pt200array_pt220_r3_7536323_8-1cf5cef7ab,2026-04-30T19:47:47.144Z,104.655,0,175.91,2520,95,100,,,,
powertraces-pt200array_pt220_r3_7536323_8-1cf5cef7ab,2026-04-30T19:47:47.144Z,104.655,1,170.67,2520,71,75,,,,
powertraces-pt200array_pt220_r3_7536323_8-1cf5cef7ab,2026-04-30T19:47:47.144Z,104.655,2,175.7,2520,36,37,,,,
powertraces-pt200array_pt220_r3_7536323_8-1cf5cef7ab,2026-04-30T19:47:47.144Z,104.655,3,162.26,2520,33,33,,,,
powertraces-pt200array_pt220_r3_7536323_8-1cf5cef7ab,2026-04-30T19:47:47.244Z,104.755,0,190.54,2520,95,100,,,,
powertraces-pt200array_pt220_r3_7536323_8-1cf5cef7ab,2026-04-30T19:47:47.244Z,104.755,1,157.14,2520,71,75,,,,
powertraces-pt200array_pt220_r3_7536323_8-1cf5cef7ab,2026-04-30T19:47:47.244Z,104.755,2,178.3,2520,71,76,,,,
powertraces-pt200array_pt220_r3_7536323_8-1cf5cef7ab,2026-04-30T19:47:47.244Z,104.755,3,154.03,2520,45,45,,,,
powertraces-pt200array_pt220_r3_7536323_8-1cf5cef7ab,2026-04-30T19:47:47.344Z,104.855,0,186.21,2520,0,0,,,,
powertraces-pt200array_pt220_r3_7536323_8-1cf5cef7ab,2026-04-30T19:47:47.344Z,104.855,1,153.32,2520,23,20,,,,
powertraces-pt200array_pt220_r3_7536323_8-1cf5cef7ab,2026-04-30T19:47:47.344Z,104.855,2,179.48,2520,71,76,,,,
powertraces-pt200array_pt220_r3_7536323_8-1cf5cef7ab,2026-04-30T19:47:47.344Z,104.855,3,156.48,2520,45,45,,,,
powertraces-pt200array_pt220_r3_7536323_8-1cf5cef7ab,2026-04-30T19:47:47.444Z,104.955,0,177.05,2520,0,0,,,,
powertraces-pt200array_pt220_r3_7536323_8-1cf5cef7ab,2026-04-30T19:47:47.444Z,104.955,1,161.54,2520,23,20,,,,
powertraces-pt200array_pt220_r3_7536323_8-1cf5cef7ab,2026-04-30T19:47:47.444Z,104.955,2,174.18,2520,31,30,,,,
powertraces-pt200array_pt220_r3_7536323_8-1cf5cef7ab,2026-04-30T19:47:47.444Z,104.955,3,169.99,2520,24,23,,,,
powertraces-pt200array_pt220_r3_7536323_8-1cf5cef7ab,2026-04-30T19:47:47.544Z,105.055,0,179.19,2520,30,31,,,,
powertraces-pt200array_pt220_r3_7536323_8-1cf5cef7ab,2026-04-30T19:47:47.544Z,105.055,1,170.18,2520,29,30,,,,
powertraces-pt200array_pt220_r3_7536323_8-1cf5cef7ab,2026-04-30T19:47:47.544Z,105.055,2,171.04,2520,31,30,,,,
powertraces-pt200array_pt220_r3_7536323_8-1cf5cef7ab,2026-04-30T19:47:47.544Z,105.055,3,155.04,2520,24,23,,,,
powertraces-pt200array_pt220_r3_7536323_8-1cf5cef7ab,2026-04-30T19:47:47.644Z,105.155,0,192.22,2520,30,31,,,,
powertraces-pt200array_pt220_r3_7536323_8-1cf5cef7ab,2026-04-30T19:47:47.644Z,105.155,1,166.49,2520,29,30,,,,
powertraces-pt200array_pt220_r3_7536323_8-1cf5cef7ab,2026-04-30T19:47:47.644Z,105.155,2,186.59,2520,36,37,,,,
powertraces-pt200array_pt220_r3_7536323_8-1cf5cef7ab,2026-04-30T19:47:47.644Z,105.155,3,155.27,2520,33,33,,,,
powertraces-pt200array_pt220_r3_7536323_8-1cf5cef7ab,2026-04-30T19:47:47.744Z,105.255,0,177.88,2520,8,6,,,,
powertraces-pt200array_pt220_r3_7536323_8-1cf5cef7ab,2026-04-30T19:47:47.744Z,105.255,1,158.43,2520,37,37,,,,
powertraces-pt200array_pt220_r3_7536323_8-1cf5cef7ab,2026-04-30T19:47:47.744Z,105.255,2,181.36,2520,36,37,,,,
powertraces-pt200array_pt220_r3_7536323_8-1cf5cef7ab,2026-04-30T19:47:47.744Z,105.255,3,162.32,2520,33,33,,,,
powertraces-pt200array_pt220_r3_7536323_8-1cf5cef7ab,2026-04-30T19:47:47.844Z,105.355,0,178.26,2520,8,6,,,,
powertraces-pt200array_pt220_r3_7536323_8-1cf5cef7ab,2026-04-30T19:47:47.845Z,105.356,1,159.69,2520,37,37,,,,
powertraces-pt200array_pt220_r3_7536323_8-1cf5cef7ab,2026-04-30T19:47:47.845Z,105.356,2,178.32,2520,29,30,,,,
powertraces-pt200array_pt220_r3_7536323_8-1cf5cef7ab,2026-04-30T19:47:47.845Z,105.356,3,167.83,2520,10,8,,,,
powertraces-pt200array_pt220_r3_7536323_8-1cf5cef7ab,2026-04-30T19:47:47.945Z,105.456,0,184.99,2520,30,30,,,,
powertraces-pt200array_pt220_r3_7536323_8-1cf5cef7ab,2026-04-30T19:47:47.945Z,105.456,1,164.82,2520,29,30,,,,
powertraces-pt200array_pt220_r3_7536323_8-1cf5cef7ab,2026-04-30T19:47:47.945Z,105.456,2,174.71,2520,29,30,,,,
powertraces-pt200array_pt220_r3_7536323_8-1cf5cef7ab,2026-04-30T19:47:47.945Z,105.456,3,153.74,2520,10,8,,,,
powertraces-pt200array_pt220_r3_7536323_8-1cf5cef7ab,2026-04-30T19:47:48.045Z,105.556,0,187.53,2520,30,30,,,,
powertraces-pt200array_pt220_r3_7536323_8-1cf5cef7ab,2026-04-30T19:47:48.045Z,105.556,1,153.76,2520,29,30,,,,
powertraces-pt200array_pt220_r3_7536323_8-1cf5cef7ab,2026-04-30T19:47:48.045Z,105.556,2,185.5,2520,23,22,,,,
powertraces-pt200array_pt220_r3_7536323_8-1cf5cef7ab,2026-04-30T19:47:48.045Z,105.556,3,154.82,2520,33,33,,,,
powertraces-pt200array_pt220_r3_7536323_8-1cf5cef7ab,2026-04-30T19:47:48.145Z,105.656,0,173.21,2520,22,22,,,,
powertraces-pt200array_pt220_r3_7536323_8-1cf5cef7ab,2026-04-30T19:47:48.145Z,105.656,1,157.92,2520,37,37,,,,
powertraces-pt200array_pt220_r3_7536323_8-1cf5cef7ab,2026-04-30T19:47:48.145Z,105.656,2,174.56,2520,23,22,,,,
powertraces-pt200array_pt220_r3_7536323_8-1cf5cef7ab,2026-04-30T19:47:48.145Z,105.656,3,171.57,2520,33,33,,,,
powertraces-pt200array_pt220_r3_7536323_8-1cf5cef7ab,2026-04-30T19:47:48.245Z,105.756,0,161.31,2520,22,22,,,,
powertraces-pt200array_pt220_r3_7536323_8-1cf5cef7ab,2026-04-30T19:47:48.245Z,105.756,1,152.74,2520,37,37,,,,
powertraces-pt200array_pt220_r3_7536323_8-1cf5cef7ab,2026-04-30T19:47:48.245Z,105.756,2,163.63,2520,29,30,,,,
powertraces-pt200array_pt220_r3_7536323_8-1cf5cef7ab,2026-04-30T19:47:48.245Z,105.756,3,159.07,2520,0,0,,,,
powertraces-pt200array_pt220_r3_7536323_8-1cf5cef7ab,2026-04-30T19:47:48.345Z,105.856,0,160.87,2520,30,30,,,,
powertraces-pt200array_pt220_r3_7536323_8-1cf5cef7ab,2026-04-30T19:47:48.345Z,105.856,1,157.48,2520,15,15,,,,
powertraces-pt200array_pt220_r3_7536323_8-1cf5cef7ab,2026-04-30T19:47:48.345Z,105.856,2,171.44,2520,29,30,,,,
powertraces-pt200array_pt220_r3_7536323_8-1cf5cef7ab,2026-04-30T19:47:48.345Z,105.856,3,156.14,2520,0,0,,,,
powertraces-pt200array_pt220_r3_7536323_8-1cf5cef7ab,2026-04-30T19:47:48.445Z,105.956,0,160.9,2520,30,30,,,,
powertraces-pt200array_pt220_r3_7536323_8-1cf5cef7ab,2026-04-30T19:47:48.445Z,105.956,1,157.27,2520,15,15,,,,
powertraces-pt200array_pt220_r3_7536323_8-1cf5cef7ab,2026-04-30T19:47:48.445Z,105.956,2,169.02,2520,8,7,,,,
powertraces-pt200array_pt220_r3_7536323_8-1cf5cef7ab,2026-04-30T19:47:48.445Z,105.956,3,157.21,2520,33,33,,,,
powertraces-pt200array_pt220_r3_7536323_8-1cf5cef7ab,2026-04-30T19:47:48.545Z,106.056,0,161.01,2520,30,31,,,,
powertraces-pt200array_pt220_r3_7536323_8-1cf5cef7ab,2026-04-30T19:47:48.545Z,106.056,1,158.06,2520,36,37,,,,
powertraces-pt200array_pt220_r3_7536323_8-1cf5cef7ab,2026-04-30T19:47:48.545Z,106.056,2,161.32,2520,8,7,,,,
powertraces-pt200array_pt220_r3_7536323_8-1cf5cef7ab,2026-04-30T19:47:48.545Z,106.056,3,155.79,2520,33,33,,,,
powertraces-pt200array_pt220_r3_7536323_8-1cf5cef7ab,2026-04-30T19:47:48.646Z,106.157,0,161.99,2520,30,31,,,,
powertraces-pt200array_pt220_r3_7536323_8-1cf5cef7ab,2026-04-30T19:47:48.646Z,106.157,1,162.58,2520,36,37,,,,
powertraces-pt200array_pt220_r3_7536323_8-1cf5cef7ab,2026-04-30T19:47:48.646Z,106.157,2,161.81,2520,32,33,,,,
powertraces-pt200array_pt220_r3_7536323_8-1cf5cef7ab,2026-04-30T19:47:48.646Z,106.157,3,155.83,2520,14,15,,,,
powertraces-pt200array_pt220_r3_7536323_8-1cf5cef7ab,2026-04-30T19:47:48.746Z,106.257,0,160.17,2520,17,18,,,,
powertraces-pt200array_pt220_r3_7536323_8-1cf5cef7ab,2026-04-30T19:47:48.746Z,106.257,1,162.52,2520,8,7,,,,
powertraces-pt200array_pt220_r3_7536323_8-1cf5cef7ab,2026-04-30T19:47:48.746Z,106.257,2,160.53,2520,32,33,,,,
powertraces-pt200array_pt220_r3_7536323_8-1cf5cef7ab,2026-04-30T19:47:48.746Z,106.257,3,156.01,2520,14,15,,,,
powertraces-pt200array_pt220_r3_7536323_8-1cf5cef7ab,2026-04-30T19:47:48.846Z,106.357,0,160.22,2520,17,18,,,,
powertraces-pt200array_pt220_r3_7536323_8-1cf5cef7ab,2026-04-30T19:47:48.846Z,106.357,1,162.89,2520,8,7,,,,
powertraces-pt200array_pt220_r3_7536323_8-1cf5cef7ab,2026-04-30T19:47:48.846Z,106.357,2,161.38,2520,12,11,,,,
powertraces-pt200array_pt220_r3_7536323_8-1cf5cef7ab,2026-04-30T19:47:48.846Z,106.357,3,158.71,2520,33,33,,,,
powertraces-pt200array_pt220_r3_7536323_8-1cf5cef7ab,2026-04-30T19:47:48.946Z,106.457,0,160.42,2520,30,31,,,,
powertraces-pt200array_pt220_r3_7536323_8-1cf5cef7ab,2026-04-30T19:47:48.946Z,106.457,1,163.75,2520,29,30,,,,
powertraces-pt200array_pt220_r3_7536323_8-1cf5cef7ab,2026-04-30T19:47:48.946Z,106.457,2,161.47,2520,12,11,,,,
powertraces-pt200array_pt220_r3_7536323_8-1cf5cef7ab,2026-04-30T19:47:48.946Z,106.457,3,153.01,2520,33,33,,,,
powertraces-pt200array_pt220_r3_7536323_8-1cf5cef7ab,2026-04-30T19:47:49.046Z,106.557,0,164.1,2520,30,31,,,,
powertraces-pt200array_pt220_r3_7536323_8-1cf5cef7ab,2026-04-30T19:47:49.046Z,106.557,1,163.37,2520,29,30,,,,
powertraces-pt200array_pt220_r3_7536323_8-1cf5cef7ab,2026-04-30T19:47:49.046Z,106.557,2,163.64,2520,37,37,,,,
powertraces-pt200array_pt220_r3_7536323_8-1cf5cef7ab,2026-04-30T19:47:49.046Z,106.557,3,152.92,2520,29,29,,,,
powertraces-pt200array_pt220_r3_7536323_8-1cf5cef7ab,2026-04-30T19:47:49.146Z,106.657,0,159.36,2520,3,3,,,,
powertraces-pt200array_pt220_r3_7536323_8-1cf5cef7ab,2026-04-30T19:47:49.146Z,106.657,1,163.61,2520,19,18,,,,
powertraces-pt200array_pt220_r3_7536323_8-1cf5cef7ab,2026-04-30T19:47:49.146Z,106.657,2,159.25,2520,37,37,,,,
powertraces-pt200array_pt220_r3_7536323_8-1cf5cef7ab,2026-04-30T19:47:49.146Z,106.657,3,153.57,2520,29,29,,,,
powertraces-pt200array_pt220_r3_7536323_8-1cf5cef7ab,2026-04-30T19:47:49.246Z,106.757,0,159.4,2520,3,3,,,,
powertraces-pt200array_pt220_r3_7536323_8-1cf5cef7ab,2026-04-30T19:47:49.246Z,106.757,1,165.36,2520,19,18,,,,
powertraces-pt200array_pt220_r3_7536323_8-1cf5cef7ab,2026-04-30T19:47:49.246Z,106.757,2,162.6,2520,27,26,,,,
powertraces-pt200array_pt220_r3_7536323_8-1cf5cef7ab,2026-04-30T19:47:49.246Z,106.757,3,151.95,2520,28,28,,,,
powertraces-pt200array_pt220_r3_7536323_8-1cf5cef7ab,2026-04-30T19:47:49.346Z,106.857,0,169.79,2520,60,66,,,,
powertraces-pt200array_pt220_r3_7536323_8-1cf5cef7ab,2026-04-30T19:47:49.346Z,106.857,1,167.82,2520,29,30,,,,
powertraces-pt200array_pt220_r3_7536323_8-1cf5cef7ab,2026-04-30T19:47:49.347Z,106.858,2,162.84,2520,27,26,,,,
powertraces-pt200array_pt220_r3_7536323_8-1cf5cef7ab,2026-04-30T19:47:49.347Z,106.858,3,155.12,2520,28,28,,,,
powertraces-pt200array_pt220_r3_7536323_8-1cf5cef7ab,2026-04-30T19:47:49.447Z,106.958,0,156.45,2520,60,66,,,,
powertraces-pt200array_pt220_r3_7536323_8-1cf5cef7ab,2026-04-30T19:47:49.447Z,106.958,1,174.75,2520,29,30,,,,
powertraces-pt200array_pt220_r3_7536323_8-1cf5cef7ab,2026-04-30T19:47:49.447Z,106.958,2,164.46,2520,86,92,,,,
powertraces-pt200array_pt220_r3_7536323_8-1cf5cef7ab,2026-04-30T19:47:49.447Z,106.958,3,158.8,2520,81,90,,,,
powertraces-pt200array_pt220_r3_7536323_8-1cf5cef7ab,2026-04-30T19:47:49.547Z,107.058,0,156.9,2520,18,16,,,,
powertraces-pt200array_pt220_r3_7536323_8-1cf5cef7ab,2026-04-30T19:47:49.547Z,107.058,1,180.71,2520,40,41,,,,
powertraces-pt200array_pt220_r3_7536323_8-1cf5cef7ab,2026-04-30T19:47:49.547Z,107.058,2,165.43,2520,86,92,,,,
powertraces-pt200array_pt220_r3_7536323_8-1cf5cef7ab,2026-04-30T19:47:49.547Z,107.058,3,157.34,2520,81,90,,,,
powertraces-pt200array_pt220_r3_7536323_8-1cf5cef7ab,2026-04-30T19:47:49.647Z,107.158,0,166.62,2520,18,16,,,,
powertraces-pt200array_pt220_r3_7536323_8-1cf5cef7ab,2026-04-30T19:47:49.647Z,107.158,1,183.83,2520,40,41,,,,
powertraces-pt200array_pt220_r3_7536323_8-1cf5cef7ab,2026-04-30T19:47:49.647Z,107.158,2,170.2,2520,36,37,,,,
powertraces-pt200array_pt220_r3_7536323_8-1cf5cef7ab,2026-04-30T19:47:49.647Z,107.158,3,144.59,2520,28,28,,,,
powertraces-pt200array_pt220_r3_7536323_8-1cf5cef7ab,2026-04-30T19:47:49.747Z,107.258,0,163.49,2520,4,4,,,,
powertraces-pt200array_pt220_r3_7536323_8-1cf5cef7ab,2026-04-30T19:47:49.747Z,107.258,1,168.41,2520,19,18,,,,
powertraces-pt200array_pt220_r3_7536323_8-1cf5cef7ab,2026-04-30T19:47:49.747Z,107.258,2,176.26,2520,36,37,,,,
powertraces-pt200array_pt220_r3_7536323_8-1cf5cef7ab,2026-04-30T19:47:49.747Z,107.258,3,145.9,2520,28,28,,,,
powertraces-pt200array_pt220_r3_7536323_8-1cf5cef7ab,2026-04-30T19:47:49.847Z,107.358,0,151.73,2520,4,4,,,,
powertraces-pt200array_pt220_r3_7536323_8-1cf5cef7ab,2026-04-30T19:47:49.847Z,107.358,1,174.06,2520,19,18,,,,
powertraces-pt200array_pt220_r3_7536323_8-1cf5cef7ab,2026-04-30T19:47:49.847Z,107.358,2,170.4,2520,26,26,,,,
powertraces-pt200array_pt220_r3_7536323_8-1cf5cef7ab,2026-04-30T19:47:49.847Z,107.358,3,162.0,2520,29,28,,,,
powertraces-pt200array_pt220_r3_7536323_8-1cf5cef7ab,2026-04-30T19:47:49.947Z,107.458,0,153.26,2520,30,30,,,,
powertraces-pt200array_pt220_r3_7536323_8-1cf5cef7ab,2026-04-30T19:47:49.947Z,107.458,1,180.79,2520,29,30,,,,
powertraces-pt200array_pt220_r3_7536323_8-1cf5cef7ab,2026-04-30T19:47:49.947Z,107.458,2,168.46,2520,26,26,,,,
powertraces-pt200array_pt220_r3_7536323_8-1cf5cef7ab,2026-04-30T19:47:49.947Z,107.458,3,152.11,2520,29,28,,,,
powertraces-pt200array_pt220_r3_7536323_8-1cf5cef7ab,2026-04-30T19:47:50.047Z,107.558,0,166.68,2520,30,30,,,,
powertraces-pt200array_pt220_r3_7536323_8-1cf5cef7ab,2026-04-30T19:47:50.047Z,107.558,1,178.3,2520,29,30,,,,
powertraces-pt200array_pt220_r3_7536323_8-1cf5cef7ab,2026-04-30T19:47:50.047Z,107.558,2,182.53,2520,36,37,,,,
powertraces-pt200array_pt220_r3_7536323_8-1cf5cef7ab,2026-04-30T19:47:50.047Z,107.558,3,150.13,2520,33,33,,,,
powertraces-pt200array_pt220_r3_7536323_8-1cf5cef7ab,2026-04-30T19:47:50.147Z,107.658,0,156.14,2520,4,3,,,,
powertraces-pt200array_pt220_r3_7536323_8-1cf5cef7ab,2026-04-30T19:47:50.148Z,107.659,1,166.43,2520,33,33,,,,
powertraces-pt200array_pt220_r3_7536323_8-1cf5cef7ab,2026-04-30T19:47:50.148Z,107.659,2,178.47,2520,36,37,,,,
powertraces-pt200array_pt220_r3_7536323_8-1cf5cef7ab,2026-04-30T19:47:50.148Z,107.659,3,155.27,2520,33,33,,,,
powertraces-pt200array_pt220_r3_7536323_8-1cf5cef7ab,2026-04-30T19:47:50.248Z,107.759,0,156.34,2520,4,3,,,,
powertraces-pt200array_pt220_r3_7536323_8-1cf5cef7ab,2026-04-30T19:47:50.248Z,107.759,1,169.48,2520,33,33,,,,
powertraces-pt200array_pt220_r3_7536323_8-1cf5cef7ab,2026-04-30T19:47:50.248Z,107.759,2,171.15,2520,29,30,,,,
powertraces-pt200array_pt220_r3_7536323_8-1cf5cef7ab,2026-04-30T19:47:50.248Z,107.759,3,165.36,2520,14,13,,,,
powertraces-pt200array_pt220_r3_7536323_8-1cf5cef7ab,2026-04-30T19:47:50.348Z,107.859,0,161.39,2520,30,30,,,,
powertraces-pt200array_pt220_r3_7536323_8-1cf5cef7ab,2026-04-30T19:47:50.348Z,107.859,1,179.72,2520,29,30,,,,
powertraces-pt200array_pt220_r3_7536323_8-1cf5cef7ab,2026-04-30T19:47:50.348Z,107.859,2,164.39,2520,29,30,,,,
powertraces-pt200array_pt220_r3_7536323_8-1cf5cef7ab,2026-04-30T19:47:50.348Z,107.859,3,150.12,2520,14,13,,,,
powertraces-pt200array_pt220_r3_7536323_8-1cf5cef7ab,2026-04-30T19:47:50.448Z,107.959,0,158.07,2520,30,30,,,,
powertraces-pt200array_pt220_r3_7536323_8-1cf5cef7ab,2026-04-30T19:47:50.448Z,107.959,1,171.4,2520,29,30,,,,
powertraces-pt200array_pt220_r3_7536323_8-1cf5cef7ab,2026-04-30T19:47:50.448Z,107.959,2,176.23,2520,27,27,,,,
powertraces-pt200array_pt220_r3_7536323_8-1cf5cef7ab,2026-04-30T19:47:50.448Z,107.959,3,147.62,2520,33,33,,,,
powertraces-pt200array_pt220_r3_7536323_8-1cf5cef7ab,2026-04-30T19:47:50.548Z,108.059,0,157.06,2520,18,18,,,,
powertraces-pt200array_pt220_r3_7536323_8-1cf5cef7ab,2026-04-30T19:47:50.548Z,108.059,1,162.25,2520,36,37,,,,
powertraces-pt200array_pt220_r3_7536323_8-1cf5cef7ab,2026-04-30T19:47:50.548Z,108.059,2,168.47,2520,27,27,,,,
powertraces-pt200array_pt220_r3_7536323_8-1cf5cef7ab,2026-04-30T19:47:50.548Z,108.059,3,160.97,2520,33,33,,,,
powertraces-pt200array_pt220_r3_7536323_8-1cf5cef7ab,2026-04-30T19:47:50.648Z,108.159,0,157.46,2520,18,18,,,,
powertraces-pt200array_pt220_r3_7536323_8-1cf5cef7ab,2026-04-30T19:47:50.648Z,108.159,1,160.23,2520,36,37,,,,
powertraces-pt200array_pt220_r3_7536323_8-1cf5cef7ab,2026-04-30T19:47:50.648Z,108.159,2,167.01,2520,29,30,,,,
powertraces-pt200array_pt220_r3_7536323_8-1cf5cef7ab,2026-04-30T19:47:50.648Z,108.159,3,159.04,2520,0,0,,,,
powertraces-pt200array_pt220_r3_7536323_8-1cf5cef7ab,2026-04-30T19:47:50.748Z,108.259,0,163.15,2520,30,31,,,,
powertraces-pt200array_pt220_r3_7536323_8-1cf5cef7ab,2026-04-30T19:47:50.748Z,108.259,1,156.11,2520,19,19,,,,
powertraces-pt200array_pt220_r3_7536323_8-1cf5cef7ab,2026-04-30T19:47:50.748Z,108.259,2,169.86,2520,29,30,,,,
powertraces-pt200array_pt220_r3_7536323_8-1cf5cef7ab,2026-04-30T19:47:50.748Z,108.259,3,158.95,2520,0,0,,,,
powertraces-pt200array_pt220_r3_7536323_8-1cf5cef7ab,2026-04-30T19:47:50.848Z,108.359,0,163.1,2520,30,31,,,,
powertraces-pt200array_pt220_r3_7536323_8-1cf5cef7ab,2026-04-30T19:47:50.848Z,108.359,1,156.33,2520,19,19,,,,
powertraces-pt200array_pt220_r3_7536323_8-1cf5cef7ab,2026-04-30T19:47:50.848Z,108.359,2,164.34,2520,12,11,,,,
powertraces-pt200array_pt220_r3_7536323_8-1cf5cef7ab,2026-04-30T19:47:50.848Z,108.359,3,160.0,2520,33,33,,,,
powertraces-pt200array_pt220_r3_7536323_8-1cf5cef7ab,2026-04-30T19:47:50.948Z,108.459,0,163.05,2520,30,30,,,,
powertraces-pt200array_pt220_r3_7536323_8-1cf5cef7ab,2026-04-30T19:47:50.949Z,108.46,1,160.06,2520,36,37,,,,
powertraces-pt200array_pt220_r3_7536323_8-1cf5cef7ab,2026-04-30T19:47:50.949Z,108.46,2,161.28,2520,12,11,,,,
powertraces-pt200array_pt220_r3_7536323_8-1cf5cef7ab,2026-04-30T19:47:50.949Z,108.46,3,157.48,2520,33,33,,,,
powertraces-pt200array_pt220_r3_7536323_8-1cf5cef7ab,2026-04-30T19:47:51.049Z,108.56,0,164.04,2520,30,30,,,,
powertraces-pt200array_pt220_r3_7536323_8-1cf5cef7ab,2026-04-30T19:47:51.049Z,108.56,1,164.8,2520,36,37,,,,
powertraces-pt200array_pt220_r3_7536323_8-1cf5cef7ab,2026-04-30T19:47:51.049Z,108.56,2,161.75,2520,30,31,,,,
powertraces-pt200array_pt220_r3_7536323_8-1cf5cef7ab,2026-04-30T19:47:51.049Z,108.56,3,157.53,2520,11,12,,,,
powertraces-pt200array_pt220_r3_7536323_8-1cf5cef7ab,2026-04-30T19:47:51.149Z,108.66,0,163.96,2520,20,22,,,,
powertraces-pt200array_pt220_r3_7536323_8-1cf5cef7ab,2026-04-30T19:47:51.149Z,108.66,1,164.8,2520,8,7,,,,
powertraces-pt200array_pt220_r3_7536323_8-1cf5cef7ab,2026-04-30T19:47:51.149Z,108.66,2,163.62,2520,30,31,,,,
powertraces-pt200array_pt220_r3_7536323_8-1cf5cef7ab,2026-04-30T19:47:51.149Z,108.66,3,157.83,2520,11,12,,,,
powertraces-pt200array_pt220_r3_7536323_8-1cf5cef7ab,2026-04-30T19:47:51.249Z,108.76,0,164.04,2520,20,22,,,,
powertraces-pt200array_pt220_r3_7536323_8-1cf5cef7ab,2026-04-30T19:47:51.249Z,108.76,1,165.42,2520,8,7,,,,
powertraces-pt200array_pt220_r3_7536323_8-1cf5cef7ab,2026-04-30T19:47:51.249Z,108.76,2,164.5,2520,9,8,,,,
powertraces-pt200array_pt220_r3_7536323_8-1cf5cef7ab,2026-04-30T19:47:51.249Z,108.76,3,161.26,2520,33,33,,,,
powertraces-pt200array_pt220_r3_7536323_8-1cf5cef7ab,2026-04-30T19:47:51.349Z,108.86,0,164.24,2520,30,31,,,,
powertraces-pt200array_pt220_r3_7536323_8-1cf5cef7ab,2026-04-30T19:47:51.349Z,108.86,1,164.09,2520,29,30,,,,
powertraces-pt200array_pt220_r3_7536323_8-1cf5cef7ab,2026-04-30T19:47:51.349Z,108.86,2,164.54,2520,9,8,,,,
powertraces-pt200array_pt220_r3_7536323_8-1cf5cef7ab,2026-04-30T19:47:51.349Z,108.86,3,155.41,2520,33,33,,,,
powertraces-pt200array_pt220_r3_7536323_8-1cf5cef7ab,2026-04-30T19:47:51.449Z,108.96,0,166.8,2520,30,31,,,,
powertraces-pt200array_pt220_r3_7536323_8-1cf5cef7ab,2026-04-30T19:47:51.449Z,108.96,1,160.94,2520,29,30,,,,
powertraces-pt200array_pt220_r3_7536323_8-1cf5cef7ab,2026-04-30T19:47:51.449Z,108.96,2,165.67,2520,36,37,,,,
powertraces-pt200array_pt220_r3_7536323_8-1cf5cef7ab,2026-04-30T19:47:51.449Z,108.96,3,155.23,2520,26,27,,,,
powertraces-pt200array_pt220_r3_7536323_8-1cf5cef7ab,2026-04-30T19:47:51.549Z,109.06,0,161.74,2520,6,7,,,,
powertraces-pt200array_pt220_r3_7536323_8-1cf5cef7ab,2026-04-30T19:47:51.549Z,109.06,1,161.0,2520,16,15,,,,
powertraces-pt200array_pt220_r3_7536323_8-1cf5cef7ab,2026-04-30T19:47:51.549Z,109.06,2,163.42,2520,36,37,,,,
powertraces-pt200array_pt220_r3_7536323_8-1cf5cef7ab,2026-04-30T19:47:51.549Z,109.06,3,155.76,2520,26,27,,,,
powertraces-pt200array_pt220_r3_7536323_8-1cf5cef7ab,2026-04-30T19:47:51.649Z,109.16,0,173.74,2520,6,7,,,,
powertraces-pt200array_pt220_r3_7536323_8-1cf5cef7ab,2026-04-30T19:47:51.649Z,109.16,1,168.03,2520,16,15,,,,
powertraces-pt200array_pt220_r3_7536323_8-1cf5cef7ab,2026-04-30T19:47:51.649Z,109.16,2,169.31,2520,44,47,,,,
powertraces-pt200array_pt220_r3_7536323_8-1cf5cef7ab,2026-04-30T19:47:51.649Z,109.16,3,150.74,2520,51,56,,,,
powertraces-pt200array_pt220_r3_7536323_8-1cf5cef7ab,2026-04-30T19:47:51.75Z,109.261,0,180.01,2520,26,27,,,,
powertraces-pt200array_pt220_r3_7536323_8-1cf5cef7ab,2026-04-30T19:47:51.75Z,109.261,1,170.35,2520,84,90,,,,
powertraces-pt200array_pt220_r3_7536323_8-1cf5cef7ab,2026-04-30T19:47:51.75Z,109.261,2,178.09,2520,44,47,,,,
powertraces-pt200array_pt220_r3_7536323_8-1cf5cef7ab,2026-04-30T19:47:51.75Z,109.261,3,160.87,2520,51,56,,,,
powertraces-pt200array_pt220_r3_7536323_8-1cf5cef7ab,2026-04-30T19:47:51.85Z,109.361,0,164.46,2520,26,27,,,,
powertraces-pt200array_pt220_r3_7536323_8-1cf5cef7ab,2026-04-30T19:47:51.85Z,109.361,1,163.8,2520,84,90,,,,
powertraces-pt200array_pt220_r3_7536323_8-1cf5cef7ab,2026-04-30T19:47:51.85Z,109.361,2,172.7,2520,23,20,,,,
powertraces-pt200array_pt220_r3_7536323_8-1cf5cef7ab,2026-04-30T19:47:51.85Z,109.361,3,168.76,2520,33,33,,,,
powertraces-pt200array_pt220_r3_7536323_8-1cf5cef7ab,2026-04-30T19:47:51.95Z,109.461,0,164.88,2520,30,30,,,,
powertraces-pt200array_pt220_r3_7536323_8-1cf5cef7ab,2026-04-30T19:47:51.95Z,109.461,1,165.15,2520,29,30,,,,
powertraces-pt200array_pt220_r3_7536323_8-1cf5cef7ab,2026-04-30T19:47:51.95Z,109.461,2,170.83,2520,23,20,,,,
powertraces-pt200array_pt220_r3_7536323_8-1cf5cef7ab,2026-04-30T19:47:51.95Z,109.461,3,173.36,2520,33,33,,,,
powertraces-pt200array_pt220_r3_7536323_8-1cf5cef7ab,2026-04-30T19:47:52.05Z,109.561,0,171.61,2520,30,30,,,,
powertraces-pt200array_pt220_r3_7536323_8-1cf5cef7ab,2026-04-30T19:47:52.05Z,109.561,1,168.64,2520,29,30,,,,
powertraces-pt200array_pt220_r3_7536323_8-1cf5cef7ab,2026-04-30T19:47:52.05Z,109.561,2,168.68,2520,36,37,,,,
powertraces-pt200array_pt220_r3_7536323_8-1cf5cef7ab,2026-04-30T19:47:52.05Z,109.561,3,159.31,2520,25,26,,,,
powertraces-pt200array_pt220_r3_7536323_8-1cf5cef7ab,2026-04-30T19:47:52.15Z,109.661,0,173.56,2520,7,8,,,,
powertraces-pt200array_pt220_r3_7536323_8-1cf5cef7ab,2026-04-30T19:47:52.15Z,109.661,1,155.74,2520,15,14,,,,
powertraces-pt200array_pt220_r3_7536323_8-1cf5cef7ab,2026-04-30T19:47:52.15Z,109.661,2,177.77,2520,36,37,,,,
powertraces-pt200array_pt220_r3_7536323_8-1cf5cef7ab,2026-04-30T19:47:52.15Z,109.661,3,160.35,2520,25,26,,,,
powertraces-pt200array_pt220_r3_7536323_8-1cf5cef7ab,2026-04-30T19:47:52.25Z,109.761,0,159.78,2520,7,8,,,,
powertraces-pt200array_pt220_r3_7536323_8-1cf5cef7ab,2026-04-30T19:47:52.25Z,109.761,1,159.83,2520,15,14,,,,
powertraces-pt200array_pt220_r3_7536323_8-1cf5cef7ab,2026-04-30T19:47:52.25Z,109.761,2,167.83,2520,22,22,,,,
powertraces-pt200array_pt220_r3_7536323_8-1cf5cef7ab,2026-04-30T19:47:52.25Z,109.761,3,176.47,2520,33,32,,,,
powertraces-pt200array_pt220_r3_7536323_8-1cf5cef7ab,2026-04-30T19:47:52.35Z,109.861,0,160.82,2520,30,31,,,,
powertraces-pt200array_pt220_r3_7536323_8-1cf5cef7ab,2026-04-30T19:47:52.35Z,109.861,1,164.61,2520,29,30,,,,
powertraces-pt200array_pt220_r3_7536323_8-1cf5cef7ab,2026-04-30T19:47:52.35Z,109.861,2,166.2,2520,22,22,,,,
powertraces-pt200array_pt220_r3_7536323_8-1cf5cef7ab,2026-04-30T19:47:52.35Z,109.861,3,167.98,2520,33,32,,,,
powertraces-pt200array_pt220_r3_7536323_8-1cf5cef7ab,2026-04-30T19:47:52.45Z,109.961,0,174.36,2520,30,31,,,,
powertraces-pt200array_pt220_r3_7536323_8-1cf5cef7ab,2026-04-30T19:47:52.45Z,109.961,1,167.02,2520,29,30,,,,
powertraces-pt200array_pt220_r3_7536323_8-1cf5cef7ab,2026-04-30T19:47:52.45Z,109.961,2,176.65,2520,36,37,,,,
powertraces-pt200array_pt220_r3_7536323_8-1cf5cef7ab,2026-04-30T19:47:52.45Z,109.961,3,162.08,2520,33,33,,,,
powertraces-pt200array_pt220_r3_7536323_8-1cf5cef7ab,2026-04-30T19:47:52.551Z,110.062,0,166.71,2520,0,0,,,,
powertraces-pt200array_pt220_r3_7536323_8-1cf5cef7ab,2026-04-30T19:47:52.551Z,110.062,1,154.73,2520,29,29,,,,
powertraces-pt200array_pt220_r3_7536323_8-1cf5cef7ab,2026-04-30T19:47:52.551Z,110.062,2,173.89,2520,36,37,,,,
powertraces-pt200array_pt220_r3_7536323_8-1cf5cef7ab,2026-04-30T19:47:52.551Z,110.062,3,165.86,2520,33,33,,,,
powertraces-pt200array_pt220_r3_7536323_8-1cf5cef7ab,2026-04-30T19:47:52.651Z,110.162,0,163.83,2520,0,0,,,,
powertraces-pt200array_pt220_r3_7536323_8-1cf5cef7ab,2026-04-30T19:47:52.651Z,110.162,1,163.08,2520,29,29,,,,
powertraces-pt200array_pt220_r3_7536323_8-1cf5cef7ab,2026-04-30T19:47:52.651Z,110.162,2,163.62,2520,32,33,,,,
powertraces-pt200array_pt220_r3_7536323_8-1cf5cef7ab,2026-04-30T19:47:52.651Z,110.162,3,176.88,2520,18,17,,,,
powertraces-pt200array_pt220_r3_7536323_8-1cf5cef7ab,2026-04-30T19:47:52.751Z,110.262,0,155.29,2520,30,30,,,,
powertraces-pt200array_pt220_r3_7536323_8-1cf5cef7ab,2026-04-30T19:47:52.751Z,110.262,1,169.22,2520,29,30,,,,
powertraces-pt200array_pt220_r3_7536323_8-1cf5cef7ab,2026-04-30T19:47:52.751Z,110.262,2,155.15,2520,32,33,,,,
powertraces-pt200array_pt220_r3_7536323_8-1cf5cef7ab,2026-04-30T19:47:52.751Z,110.262,3,164.9,2520,18,17,,,,
powertraces-pt200array_pt220_r3_7536323_8-1cf5cef7ab,2026-04-30T19:47:52.851Z,110.362,0,160.12,2520,30,30,,,,
powertraces-pt200array_pt220_r3_7536323_8-1cf5cef7ab,2026-04-30T19:47:52.851Z,110.362,1,162.37,2520,29,30,,,,
powertraces-pt200array_pt220_r3_7536323_8-1cf5cef7ab,2026-04-30T19:47:52.851Z,110.362,2,160.84,2520,32,32,,,,
powertraces-pt200array_pt220_r3_7536323_8-1cf5cef7ab,2026-04-30T19:47:52.851Z,110.362,3,155.14,2520,33,33,,,,
powertraces-pt200array_pt220_r3_7536323_8-1cf5cef7ab,2026-04-30T19:47:52.951Z,110.462,0,160.13,2520,13,12,,,,
powertraces-pt200array_pt220_r3_7536323_8-1cf5cef7ab,2026-04-30T19:47:52.951Z,110.462,1,162.76,2520,36,37,,,,
powertraces-pt200array_pt220_r3_7536323_8-1cf5cef7ab,2026-04-30T19:47:52.951Z,110.462,2,161.58,2520,32,32,,,,
powertraces-pt200array_pt220_r3_7536323_8-1cf5cef7ab,2026-04-30T19:47:52.951Z,110.462,3,159.0,2520,33,33,,,,
powertraces-pt200array_pt220_r3_7536323_8-1cf5cef7ab,2026-04-30T19:47:53.051Z,110.562,0,160.24,2520,13,12,,,,
powertraces-pt200array_pt220_r3_7536323_8-1cf5cef7ab,2026-04-30T19:47:53.051Z,110.562,1,163.63,2520,36,37,,,,
powertraces-pt200array_pt220_r3_7536323_8-1cf5cef7ab,2026-04-30T19:47:53.051Z,110.562,2,161.62,2520,29,30,,,,
powertraces-pt200array_pt220_r3_7536323_8-1cf5cef7ab,2026-04-30T19:47:53.051Z,110.562,3,153.16,2520,5,4,,,,
powertraces-pt200array_pt220_r3_7536323_8-1cf5cef7ab,2026-04-30T19:47:53.151Z,110.662,0,164.29,2520,30,30,,,,
powertraces-pt200array_pt220_r3_7536323_8-1cf5cef7ab,2026-04-30T19:47:53.151Z,110.662,1,162.05,2520,25,25,,,,
powertraces-pt200array_pt220_r3_7536323_8-1cf5cef7ab,2026-04-30T19:47:53.151Z,110.662,2,163.12,2520,29,30,,,,
powertraces-pt200array_pt220_r3_7536323_8-1cf5cef7ab,2026-04-30T19:47:53.151Z,110.662,3,153.22,2520,5,4,,,,
powertraces-pt200array_pt220_r3_7536323_8-1cf5cef7ab,2026-04-30T19:47:53.251Z,110.762,0,159.83,2520,30,30,,,,
powertraces-pt200array_pt220_r3_7536323_8-1cf5cef7ab,2026-04-30T19:47:53.251Z,110.762,1,162.15,2520,25,25,,,,
powertraces-pt200array_pt220_r3_7536323_8-1cf5cef7ab,2026-04-30T19:47:53.252Z,110.763,2,160.46,2520,18,17,,,,
powertraces-pt200array_pt220_r3_7536323_8-1cf5cef7ab,2026-04-30T19:47:53.252Z,110.763,3,153.78,2520,33,33,,,,
powertraces-pt200array_pt220_r3_7536323_8-1cf5cef7ab,2026-04-30T19:47:53.352Z,110.863,0,159.86,2520,28,28,,,,
powertraces-pt200array_pt220_r3_7536323_8-1cf5cef7ab,2026-04-30T19:47:53.352Z,110.863,1,164.01,2520,37,37,,,,
powertraces-pt200array_pt220_r3_7536323_8-1cf5cef7ab,2026-04-30T19:47:53.352Z,110.863,2,163.43,2520,18,17,,,,
powertraces-pt200array_pt220_r3_7536323_8-1cf5cef7ab,2026-04-30T19:47:53.352Z,110.863,3,152.61,2520,33,33,,,,
powertraces-pt200array_pt220_r3_7536323_8-1cf5cef7ab,2026-04-30T19:47:53.452Z,110.963,0,160.4,2520,28,28,,,,
powertraces-pt200array_pt220_r3_7536323_8-1cf5cef7ab,2026-04-30T19:47:53.452Z,110.963,1,166.37,2520,37,37,,,,
powertraces-pt200array_pt220_r3_7536323_8-1cf5cef7ab,2026-04-30T19:47:53.452Z,110.963,2,163.69,2520,29,30,,,,
powertraces-pt200array_pt220_r3_7536323_8-1cf5cef7ab,2026-04-30T19:47:53.452Z,110.963,3,152.68,2520,6,6,,,,
powertraces-pt200array_pt220_r3_7536323_8-1cf5cef7ab,2026-04-30T19:47:53.552Z,111.063,0,160.71,2520,25,27,,,,
powertraces-pt200array_pt220_r3_7536323_8-1cf5cef7ab,2026-04-30T19:47:53.552Z,111.063,1,161.92,2520,10,9,,,,
powertraces-pt200array_pt220_r3_7536323_8-1cf5cef7ab,2026-04-30T19:47:53.552Z,111.063,2,168.58,2520,29,30,,,,
powertraces-pt200array_pt220_r3_7536323_8-1cf5cef7ab,2026-04-30T19:47:53.552Z,111.063,3,152.86,2520,6,6,,,,
powertraces-pt200array_pt220_r3_7536323_8-1cf5cef7ab,2026-04-30T19:47:53.652Z,111.163,0,160.7,2520,25,27,,,,
powertraces-pt200array_pt220_r3_7536323_8-1cf5cef7ab,2026-04-30T19:47:53.652Z,111.163,1,162.14,2520,10,9,,,,
powertraces-pt200array_pt220_r3_7536323_8-1cf5cef7ab,2026-04-30T19:47:53.652Z,111.163,2,168.96,2520,8,7,,,,
powertraces-pt200array_pt220_r3_7536323_8-1cf5cef7ab,2026-04-30T19:47:53.652Z,111.163,3,154.16,2520,33,33,,,,
powertraces-pt200array_pt220_r3_7536323_8-1cf5cef7ab,2026-04-30T19:47:53.752Z,111.263,0,160.77,2520,30,31,,,,
powertraces-pt200array_pt220_r3_7536323_8-1cf5cef7ab,2026-04-30T19:47:53.752Z,111.263,1,156.85,2520,34,34,,,,
powertraces-pt200array_pt220_r3_7536323_8-1cf5cef7ab,2026-04-30T19:47:53.752Z,111.263,2,168.97,2520,8,7,,,,
powertraces-pt200array_pt220_r3_7536323_8-1cf5cef7ab,2026-04-30T19:47:53.752Z,111.263,3,152.93,2520,33,33,,,,
powertraces-pt200array_pt220_r3_7536323_8-1cf5cef7ab,2026-04-30T19:47:53.852Z,111.363,0,168.28,2520,30,31,,,,
powertraces-pt200array_pt220_r3_7536323_8-1cf5cef7ab,2026-04-30T19:47:53.852Z,111.363,1,155.79,2520,34,34,,,,
powertraces-pt200array_pt220_r3_7536323_8-1cf5cef7ab,2026-04-30T19:47:53.852Z,111.363,2,169.65,2520,36,37,,,,
powertraces-pt200array_pt220_r3_7536323_8-1cf5cef7ab,2026-04-30T19:47:53.852Z,111.363,3,152.82,2520,19,20,,,,
powertraces-pt200array_pt220_r3_7536323_8-1cf5cef7ab,2026-04-30T19:47:53.952Z,111.463,0,159.29,2520,74,79,,,,
powertraces-pt200array_pt220_r3_7536323_8-1cf5cef7ab,2026-04-30T19:47:53.952Z,111.463,1,168.48,2520,72,78,,,,
powertraces-pt200array_pt220_r3_7536323_8-1cf5cef7ab,2026-04-30T19:47:53.952Z,111.463,2,167.63,2520,36,37,,,,
powertraces-pt200array_pt220_r3_7536323_8-1cf5cef7ab,2026-04-30T19:47:53.952Z,111.463,3,163.98,2520,19,20,,,,
powertraces-pt200array_pt220_r3_7536323_8-1cf5cef7ab,2026-04-30T19:47:54.052Z,111.563,0,160.84,2520,74,79,,,,
powertraces-pt200array_pt220_r3_7536323_8-1cf5cef7ab,2026-04-30T19:47:54.053Z,111.564,1,180.66,2520,72,78,,,,
powertraces-pt200array_pt220_r3_7536323_8-1cf5cef7ab,2026-04-30T19:47:54.053Z,111.564,2,170.38,2520,52,54,,,,
powertraces-pt200array_pt220_r3_7536323_8-1cf5cef7ab,2026-04-30T19:47:54.053Z,111.564,3,152.58,2520,21,18,,,,
powertraces-pt200array_pt220_r3_7536323_8-1cf5cef7ab,2026-04-30T19:47:54.153Z,111.664,0,174.42,2520,26,27,,,,
powertraces-pt200array_pt220_r3_7536323_8-1cf5cef7ab,2026-04-30T19:47:54.153Z,111.664,1,177.96,2520,11,10,,,,
powertraces-pt200array_pt220_r3_7536323_8-1cf5cef7ab,2026-04-30T19:47:54.153Z,111.664,2,184.35,2520,52,54,,,,
powertraces-pt200array_pt220_r3_7536323_8-1cf5cef7ab,2026-04-30T19:47:54.153Z,111.664,3,151.71,2520,21,18,,,,
powertraces-pt200array_pt220_r3_7536323_8-1cf5cef7ab,2026-04-30T19:47:54.253Z,111.764,0,163.65,2520,26,27,,,,
powertraces-pt200array_pt220_r3_7536323_8-1cf5cef7ab,2026-04-30T19:47:54.253Z,111.764,1,167.56,2520,11,10,,,,
powertraces-pt200array_pt220_r3_7536323_8-1cf5cef7ab,2026-04-30T19:47:54.253Z,111.764,2,180.74,2520,8,7,,,,
powertraces-pt200array_pt220_r3_7536323_8-1cf5cef7ab,2026-04-30T19:47:54.253Z,111.764,3,156.77,2520,33,33,,,,
powertraces-pt200array_pt220_r3_7536323_8-1cf5cef7ab,2026-04-30T19:47:54.353Z,111.864,0,163.92,2520,30,30,,,,
powertraces-pt200array_pt220_r3_7536323_8-1cf5cef7ab,2026-04-30T19:47:54.353Z,111.864,1,171.37,2520,34,35,,,,
powertraces-pt200array_pt220_r3_7536323_8-1cf5cef7ab,2026-04-30T19:47:54.353Z,111.864,2,173.18,2520,8,7,,,,
powertraces-pt200array_pt220_r3_7536323_8-1cf5cef7ab,2026-04-30T19:47:54.353Z,111.864,3,165.9,2520,33,33,,,,
powertraces-pt200array_pt220_r3_7536323_8-1cf5cef7ab,2026-04-30T19:47:54.453Z,111.964,0,168.2,2520,30,30,,,,
powertraces-pt200array_pt220_r3_7536323_8-1cf5cef7ab,2026-04-30T19:47:54.453Z,111.964,1,180.81,2520,34,35,,,,
powertraces-pt200array_pt220_r3_7536323_8-1cf5cef7ab,2026-04-30T19:47:54.453Z,111.964,2,166.24,2520,36,37,,,,
powertraces-pt200array_pt220_r3_7536323_8-1cf5cef7ab,2026-04-30T19:47:54.453Z,111.964,3,150.62,2520,19,20,,,,
powertraces-pt200array_pt220_r3_7536323_8-1cf5cef7ab,2026-04-30T19:47:54.553Z,112.064,0,175.86,2520,13,14,,,,
powertraces-pt200array_pt220_r3_7536323_8-1cf5cef7ab,2026-04-30T19:47:54.553Z,112.064,1,172.36,2520,9,8,,,,
powertraces-pt200array_pt220_r3_7536323_8-1cf5cef7ab,2026-04-30T19:47:54.553Z,112.064,2,178.46,2520,36,37,,,,
powertraces-pt200array_pt220_r3_7536323_8-1cf5cef7ab,2026-04-30T19:47:54.553Z,112.064,3,151.09,2520,19,20,,,,
powertraces-pt200array_pt220_r3_7536323_8-1cf5cef7ab,2026-04-30T19:47:54.653Z,112.164,0,161.62,2520,13,14,,,,
powertraces-pt200array_pt220_r3_7536323_8-1cf5cef7ab,2026-04-30T19:47:54.653Z,112.164,1,174.93,2520,9,8,,,,
powertraces-pt200array_pt220_r3_7536323_8-1cf5cef7ab,2026-04-30T19:47:54.653Z,112.164,2,167.19,2520,16,16,,,,
powertraces-pt200array_pt220_r3_7536323_8-1cf5cef7ab,2026-04-30T19:47:54.653Z,112.164,3,166.34,2520,33,33,,,,
powertraces-pt200array_pt220_r3_7536323_8-1cf5cef7ab,2026-04-30T19:47:54.753Z,112.264,0,162.39,2520,30,30,,,,
powertraces-pt200array_pt220_r3_7536323_8-1cf5cef7ab,2026-04-30T19:47:54.753Z,112.264,1,177.93,2520,29,30,,,,
powertraces-pt200array_pt220_r3_7536323_8-1cf5cef7ab,2026-04-30T19:47:54.753Z,112.264,2,166.16,2520,16,16,,,,
powertraces-pt200array_pt220_r3_7536323_8-1cf5cef7ab,2026-04-30T19:47:54.753Z,112.264,3,161.39,2520,33,33,,,,
powertraces-pt200array_pt220_r3_7536323_8-1cf5cef7ab,2026-04-30T19:47:54.853Z,112.364,0,175.74,2520,30,30,,,,
powertraces-pt200array_pt220_r3_7536323_8-1cf5cef7ab,2026-04-30T19:47:54.854Z,112.365,1,183.75,2520,29,30,,,,
powertraces-pt200array_pt220_r3_7536323_8-1cf5cef7ab,2026-04-30T19:47:54.854Z,112.365,2,173.15,2520,36,37,,,,
powertraces-pt200array_pt220_r3_7536323_8-1cf5cef7ab,2026-04-30T19:47:54.854Z,112.365,3,150.43,2520,33,32,,,,
powertraces-pt200array_pt220_r3_7536323_8-1cf5cef7ab,2026-04-30T19:47:54.954Z,112.465,0,164.78,2520,0,0,,,,
powertraces-pt200array_pt220_r3_7536323_8-1cf5cef7ab,2026-04-30T19:47:54.954Z,112.465,1,169.28,2520,23,23,,,,
powertraces-pt200array_pt220_r3_7536323_8-1cf5cef7ab,2026-04-30T19:47:54.954Z,112.465,2,173.62,2520,36,37,,,,
powertraces-pt200array_pt220_r3_7536323_8-1cf5cef7ab,2026-04-30T19:47:54.954Z,112.465,3,152.67,2520,33,32,,,,
powertraces-pt200array_pt220_r3_7536323_8-1cf5cef7ab,2026-04-30T19:47:55.054Z,112.565,0,161.93,2520,0,0,,,,
powertraces-pt200array_pt220_r3_7536323_8-1cf5cef7ab,2026-04-30T19:47:55.054Z,112.565,1,164.78,2520,23,23,,,,
powertraces-pt200array_pt220_r3_7536323_8-1cf5cef7ab,2026-04-30T19:47:55.054Z,112.565,2,168.38,2520,31,31,,,,
powertraces-pt200array_pt220_r3_7536323_8-1cf5cef7ab,2026-04-30T19:47:55.054Z,112.565,3,156.06,2520,24,23,,,,
powertraces-pt200array_pt220_r3_7536323_8-1cf5cef7ab,2026-04-30T19:47:55.154Z,112.665,0,162.63,2520,30,30,,,,
powertraces-pt200array_pt220_r3_7536323_8-1cf5cef7ab,2026-04-30T19:47:55.154Z,112.665,1,162.16,2520,29,30,,,,
powertraces-pt200array_pt220_r3_7536323_8-1cf5cef7ab,2026-04-30T19:47:55.154Z,112.665,2,163.72,2520,31,31,,,,
powertraces-pt200array_pt220_r3_7536323_8-1cf5cef7ab,2026-04-30T19:47:55.154Z,112.665,3,155.82,2520,24,23,,,,
powertraces-pt200array_pt220_r3_7536323_8-1cf5cef7ab,2026-04-30T19:47:55.254Z,112.765,0,162.94,2520,30,30,,,,
powertraces-pt200array_pt220_r3_7536323_8-1cf5cef7ab,2026-04-30T19:47:55.254Z,112.765,1,162.21,2520,29,30,,,,
powertraces-pt200array_pt220_r3_7536323_8-1cf5cef7ab,2026-04-30T19:47:55.254Z,112.765,2,165.73,2520,36,37,,,,
powertraces-pt200array_pt220_r3_7536323_8-1cf5cef7ab,2026-04-30T19:47:55.254Z,112.765,3,155.75,2520,33,33,,,,
powertraces-pt200array_pt220_r3_7536323_8-1cf5cef7ab,2026-04-30T19:47:55.354Z,112.865,0,162.93,2520,8,6,,,,
powertraces-pt200array_pt220_r3_7536323_8-1cf5cef7ab,2026-04-30T19:47:55.354Z,112.865,1,162.57,2520,36,37,,,,
powertraces-pt200array_pt220_r3_7536323_8-1cf5cef7ab,2026-04-30T19:47:55.354Z,112.865,2,166.29,2520,36,37,,,,
powertraces-pt200array_pt220_r3_7536323_8-1cf5cef7ab,2026-04-30T19:47:55.354Z,112.865,3,157.72,2520,33,33,,,,
powertraces-pt200array_pt220_r3_7536323_8-1cf5cef7ab,2026-04-30T19:47:55.454Z,112.965,0,163.02,2520,8,6,,,,
powertraces-pt200array_pt220_r3_7536323_8-1cf5cef7ab,2026-04-30T19:47:55.454Z,112.965,1,160.04,2520,36,37,,,,
powertraces-pt200array_pt220_r3_7536323_8-1cf5cef7ab,2026-04-30T19:47:55.454Z,112.965,2,166.32,2520,29,30,,,,
powertraces-pt200array_pt220_r3_7536323_8-1cf5cef7ab,2026-04-30T19:47:55.454Z,112.965,3,155.07,2520,10,9,,,,
powertraces-pt200array_pt220_r3_7536323_8-1cf5cef7ab,2026-04-30T19:47:55.554Z,113.065,0,165.39,2520,30,30,,,,
powertraces-pt200array_pt220_r3_7536323_8-1cf5cef7ab,2026-04-30T19:47:55.554Z,113.065,1,158.1,2520,29,30,,,,
powertraces-pt200array_pt220_r3_7536323_8-1cf5cef7ab,2026-04-30T19:47:55.554Z,113.065,2,167.35,2520,29,30,,,,
powertraces-pt200array_pt220_r3_7536323_8-1cf5cef7ab,2026-04-30T19:47:55.554Z,113.065,3,155.14,2520,10,9,,,,
powertraces-pt200array_pt220_r3_7536323_8-1cf5cef7ab,2026-04-30T19:47:55.655Z,113.166,0,162.46,2520,30,30,,,,
powertraces-pt200array_pt220_r3_7536323_8-1cf5cef7ab,2026-04-30T19:47:55.655Z,113.166,1,158.15,2520,29,30,,,,
powertraces-pt200array_pt220_r3_7536323_8-1cf5cef7ab,2026-04-30T19:47:55.655Z,113.166,2,165.32,2520,24,23,,,,
powertraces-pt200array_pt220_r3_7536323_8-1cf5cef7ab,2026-04-30T19:47:55.655Z,113.166,3,155.5,2520,33,33,,,,
powertraces-pt200array_pt220_r3_7536323_8-1cf5cef7ab,2026-04-30T19:47:55.755Z,113.266,0,162.53,2520,21,21,,,,
powertraces-pt200array_pt220_r3_7536323_8-1cf5cef7ab,2026-04-30T19:47:55.755Z,113.266,1,159.31,2520,36,37,,,,
powertraces-pt200array_pt220_r3_7536323_8-1cf5cef7ab,2026-04-30T19:47:55.755Z,113.266,2,166.8,2520,24,23,,,,
powertraces-pt200array_pt220_r3_7536323_8-1cf5cef7ab,2026-04-30T19:47:55.755Z,113.266,3,155.95,2520,33,33,,,,
powertraces-pt200array_pt220_r3_7536323_8-1cf5cef7ab,2026-04-30T19:47:55.855Z,113.366,0,162.84,2520,21,21,,,,
powertraces-pt200array_pt220_r3_7536323_8-1cf5cef7ab,2026-04-30T19:47:55.855Z,113.366,1,160.82,2520,36,37,,,,
powertraces-pt200array_pt220_r3_7536323_8-1cf5cef7ab,2026-04-30T19:47:55.855Z,113.366,2,167.0,2520,29,30,,,,
powertraces-pt200array_pt220_r3_7536323_8-1cf5cef7ab,2026-04-30T19:47:55.855Z,113.366,3,155.9,2520,0,0,,,,
powertraces-pt200array_pt220_r3_7536323_8-1cf5cef7ab,2026-04-30T19:47:55.955Z,113.466,0,163.88,2520,30,31,,,,
powertraces-pt200array_pt220_r3_7536323_8-1cf5cef7ab,2026-04-30T19:47:55.955Z,113.466,1,157.13,2520,16,15,,,,
powertraces-pt200array_pt220_r3_7536323_8-1cf5cef7ab,2026-04-30T19:47:55.955Z,113.466,2,169.79,2520,29,30,,,,
powertraces-pt200array_pt220_r3_7536323_8-1cf5cef7ab,2026-04-30T19:47:55.955Z,113.466,3,156.02,2520,0,0,,,,
powertraces-pt200array_pt220_r3_7536323_8-1cf5cef7ab,2026-04-30T19:47:56.055Z,113.566,0,163.86,2520,30,31,,,,
powertraces-pt200array_pt220_r3_7536323_8-1cf5cef7ab,2026-04-30T19:47:56.055Z,113.566,1,157.26,2520,16,15,,,,
powertraces-pt200array_pt220_r3_7536323_8-1cf5cef7ab,2026-04-30T19:47:56.055Z,113.566,2,167.84,2520,9,8,,,,
powertraces-pt200array_pt220_r3_7536323_8-1cf5cef7ab,2026-04-30T19:47:56.055Z,113.566,3,157.41,2520,33,33,,,,
powertraces-pt200array_pt220_r3_7536323_8-1cf5cef7ab,2026-04-30T19:47:56.155Z,113.666,0,176.41,2520,90,96,,,,
powertraces-pt200array_pt220_r3_7536323_8-1cf5cef7ab,2026-04-30T19:47:56.155Z,113.666,1,155.89,2520,43,46,,,,
powertraces-pt200array_pt220_r3_7536323_8-1cf5cef7ab,2026-04-30T19:47:56.155Z,113.666,2,167.46,2520,9,8,,,,
powertraces-pt200array_pt220_r3_7536323_8-1cf5cef7ab,2026-04-30T19:47:56.155Z,113.666,3,153.68,2520,33,33,,,,
powertraces-pt200array_pt220_r3_7536323_8-1cf5cef7ab,2026-04-30T19:47:56.255Z,113.766,0,174.3,2520,90,96,,,,
powertraces-pt200array_pt220_r3_7536323_8-1cf5cef7ab,2026-04-30T19:47:56.255Z,113.766,1,161.24,2520,43,46,,,,
powertraces-pt200array_pt220_r3_7536323_8-1cf5cef7ab,2026-04-30T19:47:56.255Z,113.766,2,174.87,2520,92,100,,,,
powertraces-pt200array_pt220_r3_7536323_8-1cf5cef7ab,2026-04-30T19:47:56.255Z,113.766,3,169.46,2520,72,74,,,,
powertraces-pt200array_pt220_r3_7536323_8-1cf5cef7ab,2026-04-30T19:47:56.355Z,113.866,0,160.04,2520,18,16,,,,
powertraces-pt200array_pt220_r3_7536323_8-1cf5cef7ab,2026-04-30T19:47:56.355Z,113.866,1,165.05,2520,23,20,,,,
powertraces-pt200array_pt220_r3_7536323_8-1cf5cef7ab,2026-04-30T19:47:56.355Z,113.866,2,164.22,2520,92,100,,,,
powertraces-pt200array_pt220_r3_7536323_8-1cf5cef7ab,2026-04-30T19:47:56.355Z,113.866,3,185.93,2520,72,74,,,,
powertraces-pt200array_pt220_r3_7536323_8-1cf5cef7ab,2026-04-30T19:47:56.456Z,113.967,0,161.01,2520,18,16,,,,
powertraces-pt200array_pt220_r3_7536323_8-1cf5cef7ab,2026-04-30T19:47:56.456Z,113.967,1,168.8,2520,23,20,,,,
powertraces-pt200array_pt220_r3_7536323_8-1cf5cef7ab,2026-04-30T19:47:56.456Z,113.967,2,162.75,2520,29,30,,,,
powertraces-pt200array_pt220_r3_7536323_8-1cf5cef7ab,2026-04-30T19:47:56.456Z,113.967,3,178.86,2520,0,0,,,,
powertraces-pt200array_pt220_r3_7536323_8-1cf5cef7ab,2026-04-30T19:47:56.556Z,114.067,0,176.48,2520,30,30,,,,
powertraces-pt200array_pt220_r3_7536323_8-1cf5cef7ab,2026-04-30T19:47:56.556Z,114.067,1,173.98,2520,17,16,,,,
powertraces-pt200array_pt220_r3_7536323_8-1cf5cef7ab,2026-04-30T19:47:56.556Z,114.067,2,172.46,2520,29,30,,,,
powertraces-pt200array_pt220_r3_7536323_8-1cf5cef7ab,2026-04-30T19:47:56.556Z,114.067,3,170.89,2520,0,0,,,,
powertraces-pt200array_pt220_r3_7536323_8-1cf5cef7ab,2026-04-30T19:47:56.656Z,114.167,0,169.76,2520,30,30,,,,
powertraces-pt200array_pt220_r3_7536323_8-1cf5cef7ab,2026-04-30T19:47:56.656Z,114.167,1,161.17,2520,17,16,,,,
powertraces-pt200array_pt220_r3_7536323_8-1cf5cef7ab,2026-04-30T19:47:56.656Z,114.167,2,170.12,2520,10,9,,,,
powertraces-pt200array_pt220_r3_7536323_8-1cf5cef7ab,2026-04-30T19:47:56.656Z,114.167,3,173.76,2520,33,33,,,,
powertraces-pt200array_pt220_r3_7536323_8-1cf5cef7ab,2026-04-30T19:47:56.756Z,114.267,0,163.64,2520,30,31,,,,
powertraces-pt200array_pt220_r3_7536323_8-1cf5cef7ab,2026-04-30T19:47:56.756Z,114.267,1,170.55,2520,37,37,,,,
powertraces-pt200array_pt220_r3_7536323_8-1cf5cef7ab,2026-04-30T19:47:56.756Z,114.267,2,161.47,2520,10,9,,,,
powertraces-pt200array_pt220_r3_7536323_8-1cf5cef7ab,2026-04-30T19:47:56.756Z,114.267,3,186.25,2520,33,33,,,,
powertraces-pt200array_pt220_r3_7536323_8-1cf5cef7ab,2026-04-30T19:47:56.856Z,114.367,0,166.34,2520,30,31,,,,
powertraces-pt200array_pt220_r3_7536323_8-1cf5cef7ab,2026-04-30T19:47:56.856Z,114.367,1,181.79,2520,37,37,,,,
powertraces-pt200array_pt220_r3_7536323_8-1cf5cef7ab,2026-04-30T19:47:56.856Z,114.367,2,157.21,2520,31,32,,,,
powertraces-pt200array_pt220_r3_7536323_8-1cf5cef7ab,2026-04-30T19:47:56.856Z,114.367,3,170.47,2520,13,14,,,,
powertraces-pt200array_pt220_r3_7536323_8-1cf5cef7ab,2026-04-30T19:47:56.956Z,114.467,0,178.27,2520,19,20,,,,
powertraces-pt200array_pt220_r3_7536323_8-1cf5cef7ab,2026-04-30T19:47:56.956Z,114.467,1,176.45,2520,8,7,,,,
powertraces-pt200array_pt220_r3_7536323_8-1cf5cef7ab,2026-04-30T19:47:56.956Z,114.467,2,171.27,2520,31,32,,,,
powertraces-pt200array_pt220_r3_7536323_8-1cf5cef7ab,2026-04-30T19:47:56.956Z,114.467,3,170.79,2520,13,14,,,,
powertraces-pt200array_pt220_r3_7536323_8-1cf5cef7ab,2026-04-30T19:47:57.056Z,114.567,0,163.72,2520,19,20,,,,
powertraces-pt200array_pt220_r3_7536323_8-1cf5cef7ab,2026-04-30T19:47:57.056Z,114.567,1,172.79,2520,8,7,,,,
powertraces-pt200array_pt220_r3_7536323_8-1cf5cef7ab,2026-04-30T19:47:57.056Z,114.567,2,164.06,2520,11,10,,,,
powertraces-pt200array_pt220_r3_7536323_8-1cf5cef7ab,2026-04-30T19:47:57.056Z,114.567,3,180.43,2520,33,33,,,,
powertraces-pt200array_pt220_r3_7536323_8-1cf5cef7ab,2026-04-30T19:47:57.157Z,114.668,0,164.19,2520,30,30,,,,
powertraces-pt200array_pt220_r3_7536323_8-1cf5cef7ab,2026-04-30T19:47:57.157Z,114.668,1,174.66,2520,29,30,,,,
powertraces-pt200array_pt220_r3_7536323_8-1cf5cef7ab,2026-04-30T19:47:57.157Z,114.668,2,163.38,2520,11,10,,,,
powertraces-pt200array_pt220_r3_7536323_8-1cf5cef7ab,2026-04-30T19:47:57.157Z,114.668,3,180.01,2520,33,33,,,,
powertraces-pt200array_pt220_r3_7536323_8-1cf5cef7ab,2026-04-30T19:47:57.257Z,114.768,0,160.62,2520,30,30,,,,
powertraces-pt200array_pt220_r3_7536323_8-1cf5cef7ab,2026-04-30T19:47:57.257Z,114.768,1,180.03,2520,29,30,,,,
powertraces-pt200array_pt220_r3_7536323_8-1cf5cef7ab,2026-04-30T19:47:57.257Z,114.768,2,160.6,2520,36,37,,,,
powertraces-pt200array_pt220_r3_7536323_8-1cf5cef7ab,2026-04-30T19:47:57.257Z,114.768,3,168.89,2520,27,28,,,,
powertraces-pt200array_pt220_r3_7536323_8-1cf5cef7ab,2026-04-30T19:47:57.357Z,114.868,0,160.5,2520,4,4,,,,
powertraces-pt200array_pt220_r3_7536323_8-1cf5cef7ab,2026-04-30T19:47:57.357Z,114.868,1,163.55,2520,17,17,,,,
powertraces-pt200array_pt220_r3_7536323_8-1cf5cef7ab,2026-04-30T19:47:57.357Z,114.868,2,160.08,2520,36,37,,,,
powertraces-pt200array_pt220_r3_7536323_8-1cf5cef7ab,2026-04-30T19:47:57.357Z,114.868,3,154.44,2520,27,28,,,,
powertraces-pt200array_pt220_r3_7536323_8-1cf5cef7ab,2026-04-30T19:47:57.457Z,114.968,0,160.48,2520,4,4,,,,
powertraces-pt200array_pt220_r3_7536323_8-1cf5cef7ab,2026-04-30T19:47:57.457Z,114.968,1,164.97,2520,17,17,,,,
powertraces-pt200array_pt220_r3_7536323_8-1cf5cef7ab,2026-04-30T19:47:57.457Z,114.968,2,162.37,2520,25,25,,,,
powertraces-pt200array_pt220_r3_7536323_8-1cf5cef7ab,2026-04-30T19:47:57.457Z,114.968,3,153.49,2520,29,29,,,,
powertraces-pt200array_pt220_r3_7536323_8-1cf5cef7ab,2026-04-30T19:47:57.557Z,115.068,0,160.97,2520,30,30,,,,
powertraces-pt200array_pt220_r3_7536323_8-1cf5cef7ab,2026-04-30T19:47:57.557Z,115.068,1,167.67,2520,29,30,,,,
powertraces-pt200array_pt220_r3_7536323_8-1cf5cef7ab,2026-04-30T19:47:57.557Z,115.068,2,162.6,2520,25,25,,,,
powertraces-pt200array_pt220_r3_7536323_8-1cf5cef7ab,2026-04-30T19:47:57.557Z,115.068,3,153.5,2520,29,29,,,,
powertraces-pt200array_pt220_r3_7536323_8-1cf5cef7ab,2026-04-30T19:47:57.657Z,115.168,0,159.34,2520,30,30,,,,
powertraces-pt200array_pt220_r3_7536323_8-1cf5cef7ab,2026-04-30T19:47:57.657Z,115.168,1,162.1,2520,29,30,,,,
powertraces-pt200array_pt220_r3_7536323_8-1cf5cef7ab,2026-04-30T19:47:57.657Z,115.168,2,166.83,2520,36,37,,,,
powertraces-pt200array_pt220_r3_7536323_8-1cf5cef7ab,2026-04-30T19:47:57.657Z,115.168,3,153.6,2520,33,32,,,,
powertraces-pt200array_pt220_r3_7536323_8-1cf5cef7ab,2026-04-30T19:47:57.757Z,115.268,0,159.41,2520,3,2,,,,
powertraces-pt200array_pt220_r3_7536323_8-1cf5cef7ab,2026-04-30T19:47:57.757Z,115.268,1,162.33,2520,32,32,,,,
powertraces-pt200array_pt220_r3_7536323_8-1cf5cef7ab,2026-04-30T19:47:57.757Z,115.268,2,167.29,2520,36,37,,,,
powertraces-pt200array_pt220_r3_7536323_8-1cf5cef7ab,2026-04-30T19:47:57.757Z,115.268,3,155.68,2520,33,32,,,,
powertraces-pt200array_pt220_r3_7536323_8-1cf5cef7ab,2026-04-30T19:47:57.857Z,115.368,0,159.47,2520,3,2,,,,
powertraces-pt200array_pt220_r3_7536323_8-1cf5cef7ab,2026-04-30T19:47:57.857Z,115.368,1,156.31,2520,32,32,,,,
powertraces-pt200array_pt220_r3_7536323_8-1cf5cef7ab,2026-04-30T19:47:57.857Z,115.368,2,165.15,2520,29,30,,,,
powertraces-pt200array_pt220_r3_7536323_8-1cf5cef7ab,2026-04-30T19:47:57.857Z,115.368,3,153.35,2520,15,13,,,,
powertraces-pt200array_pt220_r3_7536323_8-1cf5cef7ab,2026-04-30T19:47:57.958Z,115.469,0,161.1,2520,30,31,,,,
powertraces-pt200array_pt220_r3_7536323_8-1cf5cef7ab,2026-04-30T19:47:57.958Z,115.469,1,156.57,2520,29,31,,,,
powertraces-pt200array_pt220_r3_7536323_8-1cf5cef7ab,2026-04-30T19:47:57.958Z,115.469,2,165.98,2520,29,30,,,,
powertraces-pt200array_pt220_r3_7536323_8-1cf5cef7ab,2026-04-30T19:47:57.958Z,115.469,3,153.38,2520,15,13,,,,
powertraces-pt200array_pt220_r3_7536323_8-1cf5cef7ab,2026-04-30T19:47:58.058Z,115.569,0,157.96,2520,30,31,,,,
powertraces-pt200array_pt220_r3_7536323_8-1cf5cef7ab,2026-04-30T19:47:58.058Z,115.569,1,156.74,2520,29,31,,,,
powertraces-pt200array_pt220_r3_7536323_8-1cf5cef7ab,2026-04-30T19:47:58.058Z,115.569,2,165.34,2520,28,28,,,,
powertraces-pt200array_pt220_r3_7536323_8-1cf5cef7ab,2026-04-30T19:47:58.058Z,115.569,3,153.68,2520,33,33,,,,
powertraces-pt200array_pt220_r3_7536323_8-1cf5cef7ab,2026-04-30T19:47:58.158Z,115.669,0,157.94,2520,17,17,,,,
powertraces-pt200array_pt220_r3_7536323_8-1cf5cef7ab,2026-04-30T19:47:58.158Z,115.669,1,157.69,2520,36,37,,,,
powertraces-pt200array_pt220_r3_7536323_8-1cf5cef7ab,2026-04-30T19:47:58.158Z,115.669,2,166.79,2520,28,28,,,,
powertraces-pt200array_pt220_r3_7536323_8-1cf5cef7ab,2026-04-30T19:47:58.158Z,115.669,3,159.04,2520,33,33,,,,
powertraces-pt200array_pt220_r3_7536323_8-1cf5cef7ab,2026-04-30T19:47:58.258Z,115.769,0,158.25,2520,17,17,,,,
powertraces-pt200array_pt220_r3_7536323_8-1cf5cef7ab,2026-04-30T19:47:58.258Z,115.769,1,158.89,2520,36,37,,,,
powertraces-pt200array_pt220_r3_7536323_8-1cf5cef7ab,2026-04-30T19:47:58.258Z,115.769,2,166.92,2520,29,30,,,,
powertraces-pt200array_pt220_r3_7536323_8-1cf5cef7ab,2026-04-30T19:47:58.258Z,115.769,3,155.94,2520,1,1,,,,
powertraces-pt200array_pt220_r3_7536323_8-1cf5cef7ab,2026-04-30T19:47:58.358Z,115.869,0,159.16,2520,33,35,,,,
powertraces-pt200array_pt220_r3_7536323_8-1cf5cef7ab,2026-04-30T19:47:58.358Z,115.869,1,156.33,2520,21,20,,,,
powertraces-pt200array_pt220_r3_7536323_8-1cf5cef7ab,2026-04-30T19:47:58.358Z,115.869,2,169.46,2520,29,30,,,,
powertraces-pt200array_pt220_r3_7536323_8-1cf5cef7ab,2026-04-30T19:47:58.358Z,115.869,3,155.95,2520,1,1,,,,
powertraces-pt200array_pt220_r3_7536323_8-1cf5cef7ab,2026-04-30T19:47:58.458Z,115.969,0,167.57,2520,33,35,,,,
powertraces-pt200array_pt220_r3_7536323_8-1cf5cef7ab,2026-04-30T19:47:58.458Z,115.969,1,168.21,2520,21,20,,,,
powertraces-pt200array_pt220_r3_7536323_8-1cf5cef7ab,2026-04-30T19:47:58.458Z,115.969,2,173.77,2520,59,64,,,,
powertraces-pt200array_pt220_r3_7536323_8-1cf5cef7ab,2026-04-30T19:47:58.458Z,115.969,3,166.94,2520,81,88,,,,
powertraces-pt200array_pt220_r3_7536323_8-1cf5cef7ab,2026-04-30T19:47:58.558Z,116.069,0,178.54,2520,36,37,,,,
powertraces-pt200array_pt220_r3_7536323_8-1cf5cef7ab,2026-04-30T19:47:58.558Z,116.069,1,163.46,2520,55,60,,,,
powertraces-pt200array_pt220_r3_7536323_8-1cf5cef7ab,2026-04-30T19:47:58.558Z,116.069,2,181.9,2520,59,64,,,,
powertraces-pt200array_pt220_r3_7536323_8-1cf5cef7ab,2026-04-30T19:47:58.558Z,116.069,3,152.1,2520,81,88,,,,
powertraces-pt200array_pt220_r3_7536323_8-1cf5cef7ab,2026-04-30T19:47:58.658Z,116.169,0,179.82,2520,36,37,,,,
powertraces-pt200array_pt220_r3_7536323_8-1cf5cef7ab,2026-04-30T19:47:58.659Z,116.17,1,168.24,2520,55,60,,,,
powertraces-pt200array_pt220_r3_7536323_8-1cf5cef7ab,2026-04-30T19:47:58.659Z,116.17,2,194.03,2520,74,80,,,,
powertraces-pt200array_pt220_r3_7536323_8-1cf5cef7ab,2026-04-30T19:47:58.659Z,116.17,3,163.04,2520,90,100,,,,
powertraces-pt200array_pt220_r3_7536323_8-1cf5cef7ab,2026-04-30T19:47:58.759Z,116.27,0,167.07,2520,18,16,,,,
powertraces-pt200array_pt220_r3_7536323_8-1cf5cef7ab,2026-04-30T19:47:58.759Z,116.27,1,180.93,2520,54,55,,,,
powertraces-pt200array_pt220_r3_7536323_8-1cf5cef7ab,2026-04-30T19:47:58.759Z,116.27,2,185.15,2520,74,80,,,,
powertraces-pt200array_pt220_r3_7536323_8-1cf5cef7ab,2026-04-30T19:47:58.759Z,116.27,3,163.05,2520,90,100,,,,
powertraces-pt200array_pt220_r3_7536323_8-1cf5cef7ab,2026-04-30T19:47:58.859Z,116.37,0,180.82,2520,18,16,,,,
powertraces-pt200array_pt220_r3_7536323_8-1cf5cef7ab,2026-04-30T19:47:58.859Z,116.37,1,181.11,2520,54,55,,,,
powertraces-pt200array_pt220_r3_7536323_8-1cf5cef7ab,2026-04-30T19:47:58.859Z,116.37,2,196.83,2520,36,36,,,,
powertraces-pt200array_pt220_r3_7536323_8-1cf5cef7ab,2026-04-30T19:47:58.859Z,116.37,3,158.38,2520,33,33,,,,
powertraces-pt200array_pt220_r3_7536323_8-1cf5cef7ab,2026-04-30T19:47:58.959Z,116.47,0,180.63,2520,2,2,,,,
powertraces-pt200array_pt220_r3_7536323_8-1cf5cef7ab,2026-04-30T19:47:58.959Z,116.47,1,178.32,2520,32,32,,,,
powertraces-pt200array_pt220_r3_7536323_8-1cf5cef7ab,2026-04-30T19:47:58.959Z,116.47,2,197.89,2520,36,36,,,,
powertraces-pt200array_pt220_r3_7536323_8-1cf5cef7ab,2026-04-30T19:47:58.959Z,116.47,3,151.76,2520,33,33,,,,
powertraces-pt200array_pt220_r3_7536323_8-1cf5cef7ab,2026-04-30T19:47:59.059Z,116.57,0,176.45,2520,2,2,,,,
powertraces-pt200array_pt220_r3_7536323_8-1cf5cef7ab,2026-04-30T19:47:59.059Z,116.57,1,169.82,2520,32,32,,,,
powertraces-pt200array_pt220_r3_7536323_8-1cf5cef7ab,2026-04-30T19:47:59.059Z,116.57,2,195.81,2520,30,31,,,,
powertraces-pt200array_pt220_r3_7536323_8-1cf5cef7ab,2026-04-30T19:47:59.059Z,116.57,3,163.8,2520,16,15,,,,
powertraces-pt200array_pt220_r3_7536323_8-1cf5cef7ab,2026-04-30T19:47:59.159Z,116.67,0,170.57,2520,30,30,,,,
powertraces-pt200array_pt220_r3_7536323_8-1cf5cef7ab,2026-04-30T19:47:59.159Z,116.67,1,185.11,2520,29,31,,,,
powertraces-pt200array_pt220_r3_7536323_8-1cf5cef7ab,2026-04-30T19:47:59.159Z,116.67,2,183.77,2520,30,31,,,,
powertraces-pt200array_pt220_r3_7536323_8-1cf5cef7ab,2026-04-30T19:47:59.159Z,116.67,3,163.31,2520,16,15,,,,
powertraces-pt200array_pt220_r3_7536323_8-1cf5cef7ab,2026-04-30T19:47:59.259Z,116.77,0,181.24,2520,30,30,,,,
powertraces-pt200array_pt220_r3_7536323_8-1cf5cef7ab,2026-04-30T19:47:59.259Z,116.77,1,182.6,2520,29,31,,,,
powertraces-pt200array_pt220_r3_7536323_8-1cf5cef7ab,2026-04-30T19:47:59.259Z,116.77,2,194.05,2520,30,30,,,,
powertraces-pt200array_pt220_r3_7536323_8-1cf5cef7ab,2026-04-30T19:47:59.259Z,116.77,3,148.65,2520,33,33,,,,
powertraces-pt200array_pt220_r3_7536323_8-1cf5cef7ab,2026-04-30T19:47:59.359Z,116.87,0,180.51,2520,15,15,,,,
powertraces-pt200array_pt220_r3_7536323_8-1cf5cef7ab,2026-04-30T19:47:59.359Z,116.87,1,181.06,2520,36,37,,,,
powertraces-pt200array_pt220_r3_7536323_8-1cf5cef7ab,2026-04-30T19:47:59.359Z,116.87,2,197.3,2520,30,30,,,,
powertraces-pt200array_pt220_r3_7536323_8-1cf5cef7ab,2026-04-30T19:47:59.359Z,116.87,3,161.93,2520,33,33,,,,
powertraces-pt200array_pt220_r3_7536323_8-1cf5cef7ab,2026-04-30T19:47:59.459Z,116.97,0,171.1,2520,15,15,,,,
powertraces-pt200array_pt220_r3_7536323_8-1cf5cef7ab,2026-04-30T19:47:59.459Z,116.97,1,174.66,2520,36,37,,,,
powertraces-pt200array_pt220_r3_7536323_8-1cf5cef7ab,2026-04-30T19:47:59.46Z,116.971,2,190.66,2520,29,30,,,,
powertraces-pt200array_pt220_r3_7536323_8-1cf5cef7ab,2026-04-30T19:47:59.46Z,116.971,3,161.86,2520,3,3,,,,
powertraces-pt200array_pt220_r3_7536323_8-1cf5cef7ab,2026-04-30T19:47:59.56Z,117.071,0,174.24,2520,30,30,,,,
powertraces-pt200array_pt220_r3_7536323_8-1cf5cef7ab,2026-04-30T19:47:59.56Z,117.071,1,173.37,2520,23,23,,,,
powertraces-pt200array_pt220_r3_7536323_8-1cf5cef7ab,2026-04-30T19:47:59.56Z,117.071,2,184.06,2520,29,30,,,,
powertraces-pt200array_pt220_r3_7536323_8-1cf5cef7ab,2026-04-30T19:47:59.56Z,117.071,3,149.66,2520,3,3,,,,
powertraces-pt200array_pt220_r3_7536323_8-1cf5cef7ab,2026-04-30T19:47:59.66Z,117.171,0,163.21,2520,30,30,,,,
powertraces-pt200array_pt220_r3_7536323_8-1cf5cef7ab,2026-04-30T19:47:59.66Z,117.171,1,173.26,2520,23,23,,,,
powertraces-pt200array_pt220_r3_7536323_8-1cf5cef7ab,2026-04-30T19:47:59.66Z,117.171,2,174.09,2520,16,16,,,,
powertraces-pt200array_pt220_r3_7536323_8-1cf5cef7ab,2026-04-30T19:47:59.66Z,117.171,3,150.63,2520,33,33,,,,
powertraces-pt200array_pt220_r3_7536323_8-1cf5cef7ab,2026-04-30T19:47:59.76Z,117.271,0,160.56,2520,29,29,,,,
powertraces-pt200array_pt220_r3_7536323_8-1cf5cef7ab,2026-04-30T19:47:59.76Z,117.271,1,167.13,2520,36,37,,,,
powertraces-pt200array_pt220_r3_7536323_8-1cf5cef7ab,2026-04-30T19:47:59.76Z,117.271,2,170.74,2520,16,16,,,,
powertraces-pt200array_pt220_r3_7536323_8-1cf5cef7ab,2026-04-30T19:47:59.76Z,117.271,3,155.06,2520,33,33,,,,
powertraces-pt200array_pt220_r3_7536323_8-1cf5cef7ab,2026-04-30T19:47:59.86Z,117.371,0,160.85,2520,29,29,,,,
powertraces-pt200array_pt220_r3_7536323_8-1cf5cef7ab,2026-04-30T19:47:59.86Z,117.371,1,162.51,2520,36,37,,,,
powertraces-pt200array_pt220_r3_7536323_8-1cf5cef7ab,2026-04-30T19:47:59.86Z,117.371,2,166.37,2520,29,30,,,,
powertraces-pt200array_pt220_r3_7536323_8-1cf5cef7ab,2026-04-30T19:47:59.86Z,117.371,3,154.78,2520,6,6,,,,
powertraces-pt200array_pt220_r3_7536323_8-1cf5cef7ab,2026-04-30T19:47:59.96Z,117.471,0,161.47,2520,25,26,,,,
powertraces-pt200array_pt220_r3_7536323_8-1cf5cef7ab,2026-04-30T19:47:59.96Z,117.471,1,161.52,2520,10,9,,,,
powertraces-pt200array_pt220_r3_7536323_8-1cf5cef7ab,2026-04-30T19:47:59.96Z,117.471,2,168.77,2520,29,30,,,,
powertraces-pt200array_pt220_r3_7536323_8-1cf5cef7ab,2026-04-30T19:47:59.96Z,117.471,3,154.72,2520,6,6,,,,
powertraces-pt200array_pt220_r3_7536323_8-1cf5cef7ab,2026-04-30T19:48:00.06Z,117.571,0,161.38,2520,25,26,,,,
powertraces-pt200array_pt220_r3_7536323_8-1cf5cef7ab,2026-04-30T19:48:00.06Z,117.571,1,161.71,2520,10,9,,,,
powertraces-pt200array_pt220_r3_7536323_8-1cf5cef7ab,2026-04-30T19:48:00.06Z,117.571,2,169.13,2520,8,7,,,,
powertraces-pt200array_pt220_r3_7536323_8-1cf5cef7ab,2026-04-30T19:48:00.06Z,117.571,3,155.67,2520,33,33,,,,
powertraces-pt200array_pt220_r3_7536323_8-1cf5cef7ab,2026-04-30T19:48:00.16Z,117.671,0,161.39,2520,30,31,,,,
powertraces-pt200array_pt220_r3_7536323_8-1cf5cef7ab,2026-04-30T19:48:00.16Z,117.671,1,158.26,2520,33,34,,,,
powertraces-pt200array_pt220_r3_7536323_8-1cf5cef7ab,2026-04-30T19:48:00.16Z,117.671,2,169.17,2520,8,7,,,,
powertraces-pt200array_pt220_r3_7536323_8-1cf5cef7ab,2026-04-30T19:48:00.16Z,117.671,3,154.37,2520,33,33,,,,
powertraces-pt200array_pt220_r3_7536323_8-1cf5cef7ab,2026-04-30T19:48:00.26Z,117.771,0,162.47,2520,30,31,,,,
powertraces-pt200array_pt220_r3_7536323_8-1cf5cef7ab,2026-04-30T19:48:00.261Z,117.772,1,157.95,2520,33,34,,,,
powertraces-pt200array_pt220_r3_7536323_8-1cf5cef7ab,2026-04-30T19:48:00.261Z,117.772,2,169.74,2520,36,37,,,,
powertraces-pt200array_pt220_r3_7536323_8-1cf5cef7ab,2026-04-30T19:48:00.261Z,117.772,3,154.37,2520,20,21,,,,
powertraces-pt200array_pt220_r3_7536323_8-1cf5cef7ab,2026-04-30T19:48:00.361Z,117.872,0,160.74,2520,12,13,,,,
powertraces-pt200array_pt220_r3_7536323_8-1cf5cef7ab,2026-04-30T19:48:00.361Z,117.872,1,158.0,2520,10,9,,,,
powertraces-pt200array_pt220_r3_7536323_8-1cf5cef7ab,2026-04-30T19:48:00.361Z,117.872,2,168.25,2520,36,37,,,,
powertraces-pt200array_pt220_r3_7536323_8-1cf5cef7ab,2026-04-30T19:48:00.361Z,117.872,3,154.55,2520,20,21,,,,
powertraces-pt200array_pt220_r3_7536323_8-1cf5cef7ab,2026-04-30T19:48:00.461Z,117.972,0,160.79,2520,12,13,,,,
powertraces-pt200array_pt220_r3_7536323_8-1cf5cef7ab,2026-04-30T19:48:00.461Z,117.972,1,158.47,2520,10,9,,,,
powertraces-pt200array_pt220_r3_7536323_8-1cf5cef7ab,2026-04-30T19:48:00.461Z,117.972,2,168.8,2520,17,16,,,,
powertraces-pt200array_pt220_r3_7536323_8-1cf5cef7ab,2026-04-30T19:48:00.461Z,117.972,3,156.8,2520,33,33,,,,
powertraces-pt200array_pt220_r3_7536323_8-1cf5cef7ab,2026-04-30T19:48:00.561Z,118.072,0,160.9,2520,30,30,,,,
powertraces-pt200array_pt220_r3_7536323_8-1cf5cef7ab,2026-04-30T19:48:00.561Z,118.072,1,159.08,2520,29,30,,,,
powertraces-pt200array_pt220_r3_7536323_8-1cf5cef7ab,2026-04-30T19:48:00.561Z,118.072,2,168.88,2520,17,16,,,,
powertraces-pt200array_pt220_r3_7536323_8-1cf5cef7ab,2026-04-30T19:48:00.561Z,118.072,3,156.8,2520,33,33,,,,
powertraces-pt200array_pt220_r3_7536323_8-1cf5cef7ab,2026-04-30T19:48:00.661Z,118.172,0,163.36,2520,30,30,,,,
powertraces-pt200array_pt220_r3_7536323_8-1cf5cef7ab,2026-04-30T19:48:00.661Z,118.172,1,157.96,2520,29,30,,,,
powertraces-pt200array_pt220_r3_7536323_8-1cf5cef7ab,2026-04-30T19:48:00.661Z,118.172,2,170.11,2520,36,37,,,,
powertraces-pt200array_pt220_r3_7536323_8-1cf5cef7ab,2026-04-30T19:48:00.661Z,118.172,3,156.79,2520,33,32,,,,
powertraces-pt200array_pt220_r3_7536323_8-1cf5cef7ab,2026-04-30T19:48:00.761Z,118.272,0,163.35,2520,0,0,,,,
powertraces-pt200array_pt220_r3_7536323_8-1cf5cef7ab,2026-04-30T19:48:00.761Z,118.272,1,158.03,2520,23,23,,,,
powertraces-pt200array_pt220_r3_7536323_8-1cf5cef7ab,2026-04-30T19:48:00.761Z,118.272,2,167.44,2520,36,37,,,,
powertraces-pt200array_pt220_r3_7536323_8-1cf5cef7ab,2026-04-30T19:48:00.761Z,118.272,3,145.09,2520,33,32,,,,
powertraces-pt200array_pt220_r3_7536323_8-1cf5cef7ab,2026-04-30T19:48:00.861Z,118.372,0,175.62,2520,0,0,,,,
powertraces-pt200array_pt220_r3_7536323_8-1cf5cef7ab,2026-04-30T19:48:00.861Z,118.372,1,160.01,2520,23,23,,,,
powertraces-pt200array_pt220_r3_7536323_8-1cf5cef7ab,2026-04-30T19:48:00.861Z,118.372,2,166.79,2520,44,47,,,,
powertraces-pt200array_pt220_r3_7536323_8-1cf5cef7ab,2026-04-30T19:48:00.861Z,118.372,3,153.07,2520,43,48,,,,
powertraces-pt200array_pt220_r3_7536323_8-1cf5cef7ab,2026-04-30T19:48:00.961Z,118.472,0,174.02,2520,27,28,,,,
powertraces-pt200array_pt220_r3_7536323_8-1cf5cef7ab,2026-04-30T19:48:00.961Z,118.472,1,163.14,2520,91,100,,,,
powertraces-pt200array_pt220_r3_7536323_8-1cf5cef7ab,2026-04-30T19:48:00.961Z,118.472,2,179.19,2520,44,47,,,,
powertraces-pt200array_pt220_r3_7536323_8-1cf5cef7ab,2026-04-30T19:48:00.961Z,118.472,3,171.8,2520,43,48,,,,
powertraces-pt200array_pt220_r3_7536323_8-1cf5cef7ab,2026-04-30T19:48:01.062Z,118.573,0,159.65,2520,27,28,,,,
powertraces-pt200array_pt220_r3_7536323_8-1cf5cef7ab,2026-04-30T19:48:01.062Z,118.573,1,165.86,2520,91,100,,,,
powertraces-pt200array_pt220_r3_7536323_8-1cf5cef7ab,2026-04-30T19:48:01.062Z,118.573,2,167.66,2520,23,20,,,,
powertraces-pt200array_pt220_r3_7536323_8-1cf5cef7ab,2026-04-30T19:48:01.062Z,118.573,3,185.33,2520,33,33,,,,
powertraces-pt200array_pt220_r3_7536323_8-1cf5cef7ab,2026-04-30T19:48:01.162Z,118.673,0,160.32,2520,30,31,,,,
powertraces-pt200array_pt220_r3_7536323_8-1cf5cef7ab,2026-04-30T19:48:01.162Z,118.673,1,168.41,2520,29,30,,,,
powertraces-pt200array_pt220_r3_7536323_8-1cf5cef7ab,2026-04-30T19:48:01.162Z,118.673,2,166.42,2520,23,20,,,,
powertraces-pt200array_pt220_r3_7536323_8-1cf5cef7ab,2026-04-30T19:48:01.162Z,118.673,3,180.04,2520,33,33,,,,
powertraces-pt200array_pt220_r3_7536323_8-1cf5cef7ab,2026-04-30T19:48:01.262Z,118.773,0,173.14,2520,30,31,,,,
powertraces-pt200array_pt220_r3_7536323_8-1cf5cef7ab,2026-04-30T19:48:01.262Z,118.773,1,174.89,2520,29,30,,,,
powertraces-pt200array_pt220_r3_7536323_8-1cf5cef7ab,2026-04-30T19:48:01.262Z,118.773,2,172.31,2520,36,37,,,,
powertraces-pt200array_pt220_r3_7536323_8-1cf5cef7ab,2026-04-30T19:48:01.262Z,118.773,3,169.18,2520,31,31,,,,
powertraces-pt200array_pt220_r3_7536323_8-1cf5cef7ab,2026-04-30T19:48:01.362Z,118.873,0,168.12,2520,1,0,,,,
powertraces-pt200array_pt220_r3_7536323_8-1cf5cef7ab,2026-04-30T19:48:01.362Z,118.873,1,160.17,2520,22,21,,,,
powertraces-pt200array_pt220_r3_7536323_8-1cf5cef7ab,2026-04-30T19:48:01.362Z,118.873,2,174.48,2520,36,37,,,,
powertraces-pt200array_pt220_r3_7536323_8-1cf5cef7ab,2026-04-30T19:48:01.362Z,118.873,3,171.13,2520,31,31,,,,
powertraces-pt200array_pt220_r3_7536323_8-1cf5cef7ab,2026-04-30T19:48:01.462Z,118.973,0,159.26,2520,1,0,,,,
powertraces-pt200array_pt220_r3_7536323_8-1cf5cef7ab,2026-04-30T19:48:01.462Z,118.973,1,166.75,2520,22,21,,,,
powertraces-pt200array_pt220_r3_7536323_8-1cf5cef7ab,2026-04-30T19:48:01.462Z,118.973,2,170.77,2520,29,29,,,,
powertraces-pt200array_pt220_r3_7536323_8-1cf5cef7ab,2026-04-30T19:48:01.462Z,118.973,3,184.96,2520,26,25,,,,
powertraces-pt200array_pt220_r3_7536323_8-1cf5cef7ab,2026-04-30T19:48:01.562Z,119.073,0,161.0,2520,30,30,,,,
powertraces-pt200array_pt220_r3_7536323_8-1cf5cef7ab,2026-04-30T19:48:01.562Z,119.073,1,173.39,2520,29,30,,,,
powertraces-pt200array_pt220_r3_7536323_8-1cf5cef7ab,2026-04-30T19:48:01.562Z,119.073,2,167.56,2520,29,29,,,,
powertraces-pt200array_pt220_r3_7536323_8-1cf5cef7ab,2026-04-30T19:48:01.562Z,119.073,3,169.42,2520,26,25,,,,
powertraces-pt200array_pt220_r3_7536323_8-1cf5cef7ab,2026-04-30T19:48:01.662Z,119.173,0,174.88,2520,30,30,,,,
powertraces-pt200array_pt220_r3_7536323_8-1cf5cef7ab,2026-04-30T19:48:01.662Z,119.173,1,169.55,2520,29,30,,,,
powertraces-pt200array_pt220_r3_7536323_8-1cf5cef7ab,2026-04-30T19:48:01.662Z,119.173,2,183.19,2520,36,37,,,,
powertraces-pt200array_pt220_r3_7536323_8-1cf5cef7ab,2026-04-30T19:48:01.662Z,119.173,3,169.67,2520,33,33,,,,
powertraces-pt200array_pt220_r3_7536323_8-1cf5cef7ab,2026-04-30T19:48:01.762Z,119.273,0,160.94,2520,6,5,,,,
powertraces-pt200array_pt220_r3_7536323_8-1cf5cef7ab,2026-04-30T19:48:01.762Z,119.273,1,160.85,2520,35,35,,,,
powertraces-pt200array_pt220_r3_7536323_8-1cf5cef7ab,2026-04-30T19:48:01.762Z,119.273,2,178.01,2520,36,37,,,,
powertraces-pt200array_pt220_r3_7536323_8-1cf5cef7ab,2026-04-30T19:48:01.762Z,119.273,3,175.79,2520,33,33,,,,
powertraces-pt200array_pt220_r3_7536323_8-1cf5cef7ab,2026-04-30T19:48:01.863Z,119.374,0,161.23,2520,6,5,,,,
powertraces-pt200array_pt220_r3_7536323_8-1cf5cef7ab,2026-04-30T19:48:01.863Z,119.374,1,161.93,2520,35,35,,,,
powertraces-pt200array_pt220_r3_7536323_8-1cf5cef7ab,2026-04-30T19:48:01.863Z,119.374,2,174.93,2520,29,30,,,,
powertraces-pt200array_pt220_r3_7536323_8-1cf5cef7ab,2026-04-30T19:48:01.863Z,119.374,3,183.02,2520,13,11,,,,
powertraces-pt200array_pt220_r3_7536323_8-1cf5cef7ab,2026-04-30T19:48:01.963Z,119.474,0,154.23,2520,30,30,,,,
powertraces-pt200array_pt220_r3_7536323_8-1cf5cef7ab,2026-04-30T19:48:01.963Z,119.474,1,168.09,2520,29,30,,,,
powertraces-pt200array_pt220_r3_7536323_8-1cf5cef7ab,2026-04-30T19:48:01.963Z,119.474,2,168.72,2520,29,30,,,,
powertraces-pt200array_pt220_r3_7536323_8-1cf5cef7ab,2026-04-30T19:48:01.963Z,119.474,3,171.56,2520,13,11,,,,
powertraces-pt200array_pt220_r3_7536323_8-1cf5cef7ab,2026-04-30T19:48:02.063Z,119.574,0,161.81,2520,30,30,,,,
powertraces-pt200array_pt220_r3_7536323_8-1cf5cef7ab,2026-04-30T19:48:02.063Z,119.574,1,155.92,2520,29,30,,,,
powertraces-pt200array_pt220_r3_7536323_8-1cf5cef7ab,2026-04-30T19:48:02.063Z,119.574,2,167.86,2520,26,26,,,,
powertraces-pt200array_pt220_r3_7536323_8-1cf5cef7ab,2026-04-30T19:48:02.063Z,119.574,3,153.57,2520,33,33,,,,
powertraces-pt200array_pt220_r3_7536323_8-1cf5cef7ab,2026-04-30T19:48:02.163Z,119.674,0,161.77,2520,19,18,,,,
powertraces-pt200array_pt220_r3_7536323_8-1cf5cef7ab,2026-04-30T19:48:02.163Z,119.674,1,156.05,2520,36,37,,,,
powertraces-pt200array_pt220_r3_7536323_8-1cf5cef7ab,2026-04-30T19:48:02.163Z,119.674,2,168.46,2520,26,26,,,,
powertraces-pt200array_pt220_r3_7536323_8-1cf5cef7ab,2026-04-30T19:48:02.163Z,119.674,3,156.26,2520,33,33,,,,
powertraces-pt200array_pt220_r3_7536323_8-1cf5cef7ab,2026-04-30T19:48:02.263Z,119.774,0,161.94,2520,19,18,,,,
powertraces-pt200array_pt220_r3_7536323_8-1cf5cef7ab,2026-04-30T19:48:02.263Z,119.774,1,156.76,2520,36,37,,,,
powertraces-pt200array_pt220_r3_7536323_8-1cf5cef7ab,2026-04-30T19:48:02.263Z,119.774,2,168.52,2520,29,30,,,,
powertraces-pt200array_pt220_r3_7536323_8-1cf5cef7ab,2026-04-30T19:48:02.263Z,119.774,3,156.18,2520,0,0,,,,
powertraces-pt200array_pt220_r3_7536323_8-1cf5cef7ab,2026-04-30T19:48:02.363Z,119.874,0,165.09,2520,30,30,,,,
powertraces-pt200array_pt220_r3_7536323_8-1cf5cef7ab,2026-04-30T19:48:02.363Z,119.874,1,155.8,2520,20,19,,,,
powertraces-pt200array_pt220_r3_7536323_8-1cf5cef7ab,2026-04-30T19:48:02.363Z,119.874,2,170.13,2520,29,30,,,,
powertraces-pt200array_pt220_r3_7536323_8-1cf5cef7ab,2026-04-30T19:48:02.363Z,119.874,3,156.38,2520,0,0,,,,
powertraces-pt200array_pt220_r3_7536323_8-1cf5cef7ab,2026-04-30T19:48:02.463Z,119.974,0,165.07,2520,30,30,,,,
powertraces-pt200array_pt220_r3_7536323_8-1cf5cef7ab,2026-04-30T19:48:02.463Z,119.974,1,155.86,2520,20,19,,,,
powertraces-pt200array_pt220_r3_7536323_8-1cf5cef7ab,2026-04-30T19:48:02.463Z,119.974,2,167.45,2520,13,12,,,,
powertraces-pt200array_pt220_r3_7536323_8-1cf5cef7ab,2026-04-30T19:48:02.463Z,119.974,3,156.68,2520,33,33,,,,
powertraces-pt200array_pt220_r3_7536323_8-1cf5cef7ab,2026-04-30T19:48:02.564Z,120.075,0,165.09,2520,30,30,,,,
powertraces-pt200array_pt220_r3_7536323_8-1cf5cef7ab,2026-04-30T19:48:02.564Z,120.075,1,157.82,2520,36,37,,,,
powertraces-pt200array_pt220_r3_7536323_8-1cf5cef7ab,2026-04-30T19:48:02.564Z,120.075,2,165.18,2520,13,12,,,,
powertraces-pt200array_pt220_r3_7536323_8-1cf5cef7ab,2026-04-30T19:48:02.564Z,120.075,3,156.26,2520,33,33,,,,
powertraces-pt200array_pt220_r3_7536323_8-1cf5cef7ab,2026-04-30T19:48:02.664Z,120.175,0,165.61,2520,30,30,,,,
powertraces-pt200array_pt220_r3_7536323_8-1cf5cef7ab,2026-04-30T19:48:02.664Z,120.175,1,161.11,2520,36,37,,,,
powertraces-pt200array_pt220_r3_7536323_8-1cf5cef7ab,2026-04-30T19:48:02.664Z,120.175,2,165.38,2520,29,30,,,,
powertraces-pt200array_pt220_r3_7536323_8-1cf5cef7ab,2026-04-30T19:48:02.664Z,120.175,3,156.29,2520,10,10,,,,
powertraces-pt200array_pt220_r3_7536323_8-1cf5cef7ab,2026-04-30T19:48:02.764Z,120.275,0,165.31,2520,22,23,,,,
powertraces-pt200array_pt220_r3_7536323_8-1cf5cef7ab,2026-04-30T19:48:02.764Z,120.275,1,161.14,2520,8,7,,,,
powertraces-pt200array_pt220_r3_7536323_8-1cf5cef7ab,2026-04-30T19:48:02.764Z,120.275,2,165.5,2520,29,30,,,,
powertraces-pt200array_pt220_r3_7536323_8-1cf5cef7ab,2026-04-30T19:48:02.764Z,120.275,3,156.45,2520,10,10,,,,
powertraces-pt200array_pt220_r3_7536323_8-1cf5cef7ab,2026-04-30T19:48:02.864Z,120.375,0,165.26,2520,22,23,,,,
powertraces-pt200array_pt220_r3_7536323_8-1cf5cef7ab,2026-04-30T19:48:02.864Z,120.375,1,161.45,2520,8,7,,,,
powertraces-pt200array_pt220_r3_7536323_8-1cf5cef7ab,2026-04-30T19:48:02.864Z,120.375,2,165.93,2520,8,7,,,,
powertraces-pt200array_pt220_r3_7536323_8-1cf5cef7ab,2026-04-30T19:48:02.864Z,120.375,3,157.9,2520,33,33,,,,
powertraces-pt200array_pt220_r3_7536323_8-1cf5cef7ab,2026-04-30T19:48:02.964Z,120.475,0,165.28,2520,30,30,,,,
powertraces-pt200array_pt220_r3_7536323_8-1cf5cef7ab,2026-04-30T19:48:02.964Z,120.475,1,161.82,2520,29,30,,,,
powertraces-pt200array_pt220_r3_7536323_8-1cf5cef7ab,2026-04-30T19:48:02.964Z,120.475,2,165.93,2520,8,7,,,,
powertraces-pt200array_pt220_r3_7536323_8-1cf5cef7ab,2026-04-30T19:48:02.964Z,120.475,3,156.58,2520,33,33,,,,
powertraces-pt200array_pt220_r3_7536323_8-1cf5cef7ab,2026-04-30T19:48:03.064Z,120.575,0,170.67,2520,30,30,,,,
powertraces-pt200array_pt220_r3_7536323_8-1cf5cef7ab,2026-04-30T19:48:03.064Z,120.575,1,161.35,2520,29,30,,,,
powertraces-pt200array_pt220_r3_7536323_8-1cf5cef7ab,2026-04-30T19:48:03.064Z,120.575,2,166.77,2520,36,37,,,,
powertraces-pt200array_pt220_r3_7536323_8-1cf5cef7ab,2026-04-30T19:48:03.064Z,120.575,3,156.73,2520,24,25,,,,
powertraces-pt200array_pt220_r3_7536323_8-1cf5cef7ab,2026-04-30T19:48:03.164Z,120.675,0,167.02,2520,78,85,,,,
powertraces-pt200array_pt220_r3_7536323_8-1cf5cef7ab,2026-04-30T19:48:03.164Z,120.675,1,173.75,2520,72,79,,,,
powertraces-pt200array_pt220_r3_7536323_8-1cf5cef7ab,2026-04-30T19:48:03.164Z,120.675,2,167.28,2520,36,37,,,,
powertraces-pt200array_pt220_r3_7536323_8-1cf5cef7ab,2026-04-30T19:48:03.164Z,120.675,3,168.6,2520,24,25,,,,
powertraces-pt200array_pt220_r3_7536323_8-1cf5cef7ab,2026-04-30T19:48:03.265Z,120.776,0,169.11,2520,78,85,,,,
powertraces-pt200array_pt220_r3_7536323_8-1cf5cef7ab,2026-04-30T19:48:03.265Z,120.776,1,181.09,2520,72,79,,,,
powertraces-pt200array_pt220_r3_7536323_8-1cf5cef7ab,2026-04-30T19:48:03.265Z,120.776,2,171.32,2520,57,59,,,,
powertraces-pt200array_pt220_r3_7536323_8-1cf5cef7ab,2026-04-30T19:48:03.265Z,120.776,3,152.47,2520,21,18,,,,
powertraces-pt200array_pt220_r3_7536323_8-1cf5cef7ab,2026-04-30T19:48:03.365Z,120.876,0,182.18,2520,23,24,,,,
powertraces-pt200array_pt220_r3_7536323_8-1cf5cef7ab,2026-04-30T19:48:03.365Z,120.876,1,176.94,2520,11,10,,,,
powertraces-pt200array_pt220_r3_7536323_8-1cf5cef7ab,2026-04-30T19:48:03.365Z,120.876,2,187.38,2520,57,59,,,,
powertraces-pt200array_pt220_r3_7536323_8-1cf5cef7ab,2026-04-30T19:48:03.365Z,120.876,3,152.85,2520,21,18,,,,
powertraces-pt200array_pt220_r3_7536323_8-1cf5cef7ab,2026-04-30T19:48:03.465Z,120.976,0,166.0,2520,23,24,,,,
powertraces-pt200array_pt220_r3_7536323_8-1cf5cef7ab,2026-04-30T19:48:03.465Z,120.976,1,169.49,2520,11,10,,,,
powertraces-pt200array_pt220_r3_7536323_8-1cf5cef7ab,2026-04-30T19:48:03.465Z,120.976,2,181.66,2520,8,7,,,,
powertraces-pt200array_pt220_r3_7536323_8-1cf5cef7ab,2026-04-30T19:48:03.465Z,120.976,3,160.04,2520,33,33,,,,
powertraces-pt200array_pt220_r3_7536323_8-1cf5cef7ab,2026-04-30T19:48:03.565Z,121.076,0,166.44,2520,30,31,,,,
powertraces-pt200array_pt220_r3_7536323_8-1cf5cef7ab,2026-04-30T19:48:03.565Z,121.076,1,170.9,2520,30,31,,,,
powertraces-pt200array_pt220_r3_7536323_8-1cf5cef7ab,2026-04-30T19:48:03.565Z,121.076,2,179.92,2520,8,7,,,,
powertraces-pt200array_pt220_r3_7536323_8-1cf5cef7ab,2026-04-30T19:48:03.565Z,121.076,3,166.76,2520,33,33,,,,
powertraces-pt200array_pt220_r3_7536323_8-1cf5cef7ab,2026-04-30T19:48:03.665Z,121.176,0,173.49,2520,30,31,,,,
powertraces-pt200array_pt220_r3_7536323_8-1cf5cef7ab,2026-04-30T19:48:03.665Z,121.176,1,177.93,2520,30,31,,,,
powertraces-pt200array_pt220_r3_7536323_8-1cf5cef7ab,2026-04-30T19:48:03.665Z,121.176,2,176.51,2520,37,37,,,,
powertraces-pt200array_pt220_r3_7536323_8-1cf5cef7ab,2026-04-30T19:48:03.665Z,121.176,3,152.87,2520,23,24,,,,
powertraces-pt200array_pt220_r3_7536323_8-1cf5cef7ab,2026-04-30T19:48:03.765Z,121.276,0,176.01,2520,8,9,,,,
powertraces-pt200array_pt220_r3_7536323_8-1cf5cef7ab,2026-04-30T19:48:03.765Z,121.276,1,169.36,2520,14,13,,,,
powertraces-pt200array_pt220_r3_7536323_8-1cf5cef7ab,2026-04-30T19:48:03.765Z,121.276,2,186.45,2520,37,37,,,,
powertraces-pt200array_pt220_r3_7536323_8-1cf5cef7ab,2026-04-30T19:48:03.765Z,121.276,3,153.84,2520,23,24,,,,
powertraces-pt200array_pt220_r3_7536323_8-1cf5cef7ab,2026-04-30T19:48:03.865Z,121.376,0,161.8,2520,8,9,,,,
powertraces-pt200array_pt220_r3_7536323_8-1cf5cef7ab,2026-04-30T19:48:03.865Z,121.376,1,169.36,2520,14,13,,,,
powertraces-pt200array_pt220_r3_7536323_8-1cf5cef7ab,2026-04-30T19:48:03.866Z,121.377,2,176.58,2520,21,20,,,,
powertraces-pt200array_pt220_r3_7536323_8-1cf5cef7ab,2026-04-30T19:48:03.866Z,121.377,3,170.99,2520,33,33,,,,
powertraces-pt200array_pt220_r3_7536323_8-1cf5cef7ab,2026-04-30T19:48:03.966Z,121.477,0,162.88,2520,30,30,,,,
powertraces-pt200array_pt220_r3_7536323_8-1cf5cef7ab,2026-04-30T19:48:03.966Z,121.477,1,174.12,2520,29,30,,,,
powertraces-pt200array_pt220_r3_7536323_8-1cf5cef7ab,2026-04-30T19:48:03.966Z,121.477,2,175.07,2520,21,20,,,,
powertraces-pt200array_pt220_r3_7536323_8-1cf5cef7ab,2026-04-30T19:48:03.966Z,121.477,3,163.41,2520,33,33,,,,
powertraces-pt200array_pt220_r3_7536323_8-1cf5cef7ab,2026-04-30T19:48:04.066Z,121.577,0,177.95,2520,30,30,,,,
powertraces-pt200array_pt220_r3_7536323_8-1cf5cef7ab,2026-04-30T19:48:04.066Z,121.577,1,164.01,2520,28,28,,,,
powertraces-pt200array_pt220_r3_7536323_8-1cf5cef7ab,2026-04-30T19:48:04.066Z,121.577,2,185.44,2520,36,37,,,,
powertraces-pt200array_pt220_r3_7536323_8-1cf5cef7ab,2026-04-30T19:48:04.066Z,121.577,3,155.73,2520,33,33,,,,
powertraces-pt200array_pt220_r3_7536323_8-1cf5cef7ab,2026-04-30T19:48:04.166Z,121.677,0,167.17,2520,0,0,,,,
powertraces-pt200array_pt220_r3_7536323_8-1cf5cef7ab,2026-04-30T19:48:04.166Z,121.677,1,160.82,2520,28,28,,,,
powertraces-pt200array_pt220_r3_7536323_8-1cf5cef7ab,2026-04-30T19:48:04.166Z,121.677,2,182.97,2520,36,37,,,,
powertraces-pt200array_pt220_r3_7536323_8-1cf5cef7ab,2026-04-30T19:48:04.166Z,121.677,3,158.73,2520,33,33,,,,
powertraces-pt200array_pt220_r3_7536323_8-1cf5cef7ab,2026-04-30T19:48:04.266Z,121.777,0,163.32,2520,0,0,,,,
powertraces-pt200array_pt220_r3_7536323_8-1cf5cef7ab,2026-04-30T19:48:04.266Z,121.777,1,166.02,2520,29,30,,,,
powertraces-pt200array_pt220_r3_7536323_8-1cf5cef7ab,2026-04-30T19:48:04.266Z,121.777,2,171.86,2520,32,33,,,,
powertraces-pt200array_pt220_r3_7536323_8-1cf5cef7ab,2026-04-30T19:48:04.266Z,121.777,3,159.08,2520,20,19,,,,
powertraces-pt200array_pt220_r3_7536323_8-1cf5cef7ab,2026-04-30T19:48:04.366Z,121.877,0,164.12,2520,30,31,,,,
powertraces-pt200array_pt220_r3_7536323_8-1cf5cef7ab,2026-04-30T19:48:04.366Z,121.877,1,165.99,2520,29,30,,,,
powertraces-pt200array_pt220_r3_7536323_8-1cf5cef7ab,2026-04-30T19:48:04.366Z,121.877,2,164.85,2520,32,33,,,,
powertraces-pt200array_pt220_r3_7536323_8-1cf5cef7ab,2026-04-30T19:48:04.366Z,121.877,3,158.71,2520,20,19,,,,
powertraces-pt200array_pt220_r3_7536323_8-1cf5cef7ab,2026-04-30T19:48:04.466Z,121.977,0,162.07,2520,30,31,,,,
powertraces-pt200array_pt220_r3_7536323_8-1cf5cef7ab,2026-04-30T19:48:04.466Z,121.977,1,166.4,2520,36,37,,,,
powertraces-pt200array_pt220_r3_7536323_8-1cf5cef7ab,2026-04-30T19:48:04.466Z,121.977,2,163.39,2520,33,34,,,,
powertraces-pt200array_pt220_r3_7536323_8-1cf5cef7ab,2026-04-30T19:48:04.466Z,121.977,3,158.78,2520,33,33,,,,
powertraces-pt200array_pt220_r3_7536323_8-1cf5cef7ab,2026-04-30T19:48:04.566Z,122.077,0,162.01,2520,12,11,,,,
powertraces-pt200array_pt220_r3_7536323_8-1cf5cef7ab,2026-04-30T19:48:04.566Z,122.077,1,166.95,2520,36,37,,,,
powertraces-pt200array_pt220_r3_7536323_8-1cf5cef7ab,2026-04-30T19:48:04.566Z,122.077,2,164.13,2520,33,34,,,,
powertraces-pt200array_pt220_r3_7536323_8-1cf5cef7ab,2026-04-30T19:48:04.566Z,122.077,3,160.97,2520,33,33,,,,
powertraces-pt200array_pt220_r3_7536323_8-1cf5cef7ab,2026-04-30T19:48:04.666Z,122.177,0,162.03,2520,12,11,,,,
powertraces-pt200array_pt220_r3_7536323_8-1cf5cef7ab,2026-04-30T19:48:04.667Z,122.178,1,164.13,2520,26,26,,,,
powertraces-pt200array_pt220_r3_7536323_8-1cf5cef7ab,2026-04-30T19:48:04.667Z,122.178,2,164.19,2520,29,30,,,,
powertraces-pt200array_pt220_r3_7536323_8-1cf5cef7ab,2026-04-30T19:48:04.667Z,122.178,3,155.4,2520,6,5,,,,
powertraces-pt200array_pt220_r3_7536323_8-1cf5cef7ab,2026-04-30T19:48:04.767Z,122.278,0,164.52,2520,30,30,,,,
powertraces-pt200array_pt220_r3_7536323_8-1cf5cef7ab,2026-04-30T19:48:04.767Z,122.278,1,164.17,2520,26,26,,,,
powertraces-pt200array_pt220_r3_7536323_8-1cf5cef7ab,2026-04-30T19:48:04.767Z,122.278,2,165.62,2520,29,30,,,,
powertraces-pt200array_pt220_r3_7536323_8-1cf5cef7ab,2026-04-30T19:48:04.767Z,122.278,3,155.4,2520,6,5,,,,
powertraces-pt200array_pt220_r3_7536323_8-1cf5cef7ab,2026-04-30T19:48:04.867Z,122.378,0,159.61,2520,30,30,,,,
powertraces-pt200array_pt220_r3_7536323_8-1cf5cef7ab,2026-04-30T19:48:04.867Z,122.378,1,165.36,2520,36,37,,,,
powertraces-pt200array_pt220_r3_7536323_8-1cf5cef7ab,2026-04-30T19:48:04.867Z,122.378,2,163.12,2520,19,18,,,,
powertraces-pt200array_pt220_r3_7536323_8-1cf5cef7ab,2026-04-30T19:48:04.867Z,122.378,3,155.82,2520,33,33,,,,
powertraces-pt200array_pt220_r3_7536323_8-1cf5cef7ab,2026-04-30T19:48:04.967Z,122.478,0,159.68,2520,26,26,,,,
powertraces-pt200array_pt220_r3_7536323_8-1cf5cef7ab,2026-04-30T19:48:04.967Z,122.478,1,166.48,2520,36,37,,,,
powertraces-pt200array_pt220_r3_7536323_8-1cf5cef7ab,2026-04-30T19:48:04.967Z,122.478,2,164.88,2520,19,18,,,,
powertraces-pt200array_pt220_r3_7536323_8-1cf5cef7ab,2026-04-30T19:48:04.967Z,122.478,3,154.21,2520,33,33,,,,
powertraces-pt200array_pt220_r3_7536323_8-1cf5cef7ab,2026-04-30T19:48:05.067Z,122.578,0,159.89,2520,26,26,,,,
powertraces-pt200array_pt220_r3_7536323_8-1cf5cef7ab,2026-04-30T19:48:05.067Z,122.578,1,162.29,2520,36,37,,,,
powertraces-pt200array_pt220_r3_7536323_8-1cf5cef7ab,2026-04-30T19:48:05.067Z,122.578,2,164.96,2520,29,30,,,,
powertraces-pt200array_pt220_r3_7536323_8-1cf5cef7ab,2026-04-30T19:48:05.067Z,122.578,3,154.14,2520,4,4,,,,
powertraces-pt200array_pt220_r3_7536323_8-1cf5cef7ab,2026-04-30T19:48:05.167Z,122.678,0,158.3,2520,27,28,,,,
powertraces-pt200array_pt220_r3_7536323_8-1cf5cef7ab,2026-04-30T19:48:05.167Z,122.678,1,162.43,2520,12,11,,,,
powertraces-pt200array_pt220_r3_7536323_8-1cf5cef7ab,2026-04-30T19:48:05.167Z,122.678,2,168.3,2520,29,30,,,,
powertraces-pt200array_pt220_r3_7536323_8-1cf5cef7ab,2026-04-30T19:48:05.167Z,122.678,3,154.26,2520,4,4,,,,
powertraces-pt200array_pt220_r3_7536323_8-1cf5cef7ab,2026-04-30T19:48:05.267Z,122.778,0,158.27,2520,27,28,,,,
powertraces-pt200array_pt220_r3_7536323_8-1cf5cef7ab,2026-04-30T19:48:05.267Z,122.778,1,158.5,2520,39,41,,,,
powertraces-pt200array_pt220_r3_7536323_8-1cf5cef7ab,2026-04-30T19:48:05.267Z,122.778,2,168.61,2520,8,7,,,,
powertraces-pt200array_pt220_r3_7536323_8-1cf5cef7ab,2026-04-30T19:48:05.267Z,122.778,3,155.68,2520,33,33,,,,
powertraces-pt200array_pt220_r3_7536323_8-1cf5cef7ab,2026-04-30T19:48:05.367Z,122.878,0,170.68,2520,86,94,,,,
powertraces-pt200array_pt220_r3_7536323_8-1cf5cef7ab,2026-04-30T19:48:05.367Z,122.878,1,157.49,2520,39,41,,,,
powertraces-pt200array_pt220_r3_7536323_8-1cf5cef7ab,2026-04-30T19:48:05.367Z,122.878,2,172.73,2520,8,7,,,,
powertraces-pt200array_pt220_r3_7536323_8-1cf5cef7ab,2026-04-30T19:48:05.367Z,122.878,3,153.82,2520,33,33,,,,
powertraces-pt200array_pt220_r3_7536323_8-1cf5cef7ab,2026-04-30T19:48:05.468Z,122.979,0,167.93,2520,86,94,,,,
powertraces-pt200array_pt220_r3_7536323_8-1cf5cef7ab,2026-04-30T19:48:05.468Z,122.979,1,162.73,2520,23,20,,,,
powertraces-pt200array_pt220_r3_7536323_8-1cf5cef7ab,2026-04-30T19:48:05.468Z,122.979,2,179.7,2520,92,100,,,,
powertraces-pt200array_pt220_r3_7536323_8-1cf5cef7ab,2026-04-30T19:48:05.468Z,122.979,3,168.37,2520,72,75,,,,
powertraces-pt200array_pt220_r3_7536323_8-1cf5cef7ab,2026-04-30T19:48:05.568Z,123.079,0,156.16,2520,18,16,,,,
powertraces-pt200array_pt220_r3_7536323_8-1cf5cef7ab,2026-04-30T19:48:05.568Z,123.079,1,167.6,2520,23,20,,,,
powertraces-pt200array_pt220_r3_7536323_8-1cf5cef7ab,2026-04-30T19:48:05.568Z,123.079,2,172.05,2520,92,100,,,,
powertraces-pt200array_pt220_r3_7536323_8-1cf5cef7ab,2026-04-30T19:48:05.568Z,123.079,3,183.54,2520,72,75,,,,
powertraces-pt200array_pt220_r3_7536323_8-1cf5cef7ab,2026-04-30T19:48:05.668Z,123.179,0,157.43,2520,18,16,,,,
powertraces-pt200array_pt220_r3_7536323_8-1cf5cef7ab,2026-04-30T19:48:05.668Z,123.179,1,167.52,2520,14,13,,,,
powertraces-pt200array_pt220_r3_7536323_8-1cf5cef7ab,2026-04-30T19:48:05.668Z,123.179,2,170.04,2520,29,30,,,,
powertraces-pt200array_pt220_r3_7536323_8-1cf5cef7ab,2026-04-30T19:48:05.668Z,123.179,3,174.0,2520,2,2,,,,
powertraces-pt200array_pt220_r3_7536323_8-1cf5cef7ab,2026-04-30T19:48:05.768Z,123.279,0,170.72,2520,29,30,,,,
powertraces-pt200array_pt220_r3_7536323_8-1cf5cef7ab,2026-04-30T19:48:05.768Z,123.279,1,155.28,2520,14,13,,,,
powertraces-pt200array_pt220_r3_7536323_8-1cf5cef7ab,2026-04-30T19:48:05.768Z,123.279,2,181.64,2520,29,30,,,,
powertraces-pt200array_pt220_r3_7536323_8-1cf5cef7ab,2026-04-30T19:48:05.768Z,123.279,3,170.72,2520,2,2,,,,
powertraces-pt200array_pt220_r3_7536323_8-1cf5cef7ab,2026-04-30T19:48:05.868Z,123.379,0,161.05,2520,29,30,,,,
powertraces-pt200array_pt220_r3_7536323_8-1cf5cef7ab,2026-04-30T19:48:05.868Z,123.379,1,162.62,2520,36,37,,,,
powertraces-pt200array_pt220_r3_7536323_8-1cf5cef7ab,2026-04-30T19:48:05.868Z,123.379,2,177.9,2520,8,7,,,,
powertraces-pt200array_pt220_r3_7536323_8-1cf5cef7ab,2026-04-30T19:48:05.868Z,123.379,3,174.53,2520,33,33,,,,
powertraces-pt200array_pt220_r3_7536323_8-1cf5cef7ab,2026-04-30T19:48:05.968Z,123.479,0,161.24,2520,30,31,,,,
powertraces-pt200array_pt220_r3_7536323_8-1cf5cef7ab,2026-04-30T19:48:05.968Z,123.479,1,173.2,2520,36,37,,,,
powertraces-pt200array_pt220_r3_7536323_8-1cf5cef7ab,2026-04-30T19:48:05.968Z,123.479,2,169.47,2520,8,7,,,,
powertraces-pt200array_pt220_r3_7536323_8-1cf5cef7ab,2026-04-30T19:48:05.968Z,123.479,3,185.1,2520,33,33,,,,
powertraces-pt200array_pt220_r3_7536323_8-1cf5cef7ab,2026-04-30T19:48:06.068Z,123.579,0,164.87,2520,30,31,,,,
powertraces-pt200array_pt220_r3_7536323_8-1cf5cef7ab,2026-04-30T19:48:06.068Z,123.579,1,166.15,2520,8,7,,,,
powertraces-pt200array_pt220_r3_7536323_8-1cf5cef7ab,2026-04-30T19:48:06.068Z,123.579,2,163.16,2520,34,34,,,,
powertraces-pt200array_pt220_r3_7536323_8-1cf5cef7ab,2026-04-30T19:48:06.068Z,123.579,3,169.23,2520,15,16,,,,
powertraces-pt200array_pt220_r3_7536323_8-1cf5cef7ab,2026-04-30T19:48:06.168Z,123.679,0,175.29,2520,16,17,,,,
powertraces-pt200array_pt220_r3_7536323_8-1cf5cef7ab,2026-04-30T19:48:06.169Z,123.68,1,167.22,2520,8,7,,,,
powertraces-pt200array_pt220_r3_7536323_8-1cf5cef7ab,2026-04-30T19:48:06.169Z,123.68,2,178.03,2520,34,34,,,,
powertraces-pt200array_pt220_r3_7536323_8-1cf5cef7ab,2026-04-30T19:48:06.169Z,123.68,3,169.82,2520,15,16,,,,
powertraces-pt200array_pt220_r3_7536323_8-1cf5cef7ab,2026-04-30T19:48:06.269Z,123.78,0,161.5,2520,16,17,,,,
powertraces-pt200array_pt220_r3_7536323_8-1cf5cef7ab,2026-04-30T19:48:06.269Z,123.78,1,169.29,2520,29,30,,,,
powertraces-pt200array_pt220_r3_7536323_8-1cf5cef7ab,2026-04-30T19:48:06.269Z,123.78,2,167.35,2520,13,12,,,,
powertraces-pt200array_pt220_r3_7536323_8-1cf5cef7ab,2026-04-30T19:48:06.269Z,123.78,3,182.14,2520,33,33,,,,
powertraces-pt200array_pt220_r3_7536323_8-1cf5cef7ab,2026-04-30T19:48:06.369Z,123.88,0,161.98,2520,30,30,,,,
powertraces-pt200array_pt220_r3_7536323_8-1cf5cef7ab,2026-04-30T19:48:06.369Z,123.88,1,175.68,2520,29,30,,,,
powertraces-pt200array_pt220_r3_7536323_8-1cf5cef7ab,2026-04-30T19:48:06.369Z,123.88,2,166.45,2520,13,12,,,,
powertraces-pt200array_pt220_r3_7536323_8-1cf5cef7ab,2026-04-30T19:48:06.369Z,123.88,3,178.43,2520,33,33,,,,
powertraces-pt200array_pt220_r3_7536323_8-1cf5cef7ab,2026-04-30T19:48:06.469Z,123.98,0,159.46,2520,30,30,,,,
powertraces-pt200array_pt220_r3_7536323_8-1cf5cef7ab,2026-04-30T19:48:06.469Z,123.98,1,161.64,2520,19,19,,,,
powertraces-pt200array_pt220_r3_7536323_8-1cf5cef7ab,2026-04-30T19:48:06.469Z,123.98,2,166.08,2520,36,37,,,,
powertraces-pt200array_pt220_r3_7536323_8-1cf5cef7ab,2026-04-30T19:48:06.469Z,123.98,3,167.47,2520,29,29,,,,
powertraces-pt200array_pt220_r3_7536323_8-1cf5cef7ab,2026-04-30T19:48:06.569Z,124.08,0,159.29,2520,3,3,,,,
powertraces-pt200array_pt220_r3_7536323_8-1cf5cef7ab,2026-04-30T19:48:06.569Z,124.08,1,161.91,2520,19,19,,,,
powertraces-pt200array_pt220_r3_7536323_8-1cf5cef7ab,2026-04-30T19:48:06.569Z,124.08,2,164.88,2520,36,37,,,,
powertraces-pt200array_pt220_r3_7536323_8-1cf5cef7ab,2026-04-30T19:48:06.569Z,124.08,3,154.38,2520,29,29,,,,
powertraces-pt200array_pt220_r3_7536323_8-1cf5cef7ab,2026-04-30T19:48:06.669Z,124.18,0,159.27,2520,3,3,,,,
powertraces-pt200array_pt220_r3_7536323_8-1cf5cef7ab,2026-04-30T19:48:06.669Z,124.18,1,163.61,2520,29,30,,,,
powertraces-pt200array_pt220_r3_7536323_8-1cf5cef7ab,2026-04-30T19:48:06.669Z,124.18,2,166.58,2520,27,26,,,,
powertraces-pt200array_pt220_r3_7536323_8-1cf5cef7ab,2026-04-30T19:48:06.669Z,124.18,3,154.84,2520,28,28,,,,
powertraces-pt200array_pt220_r3_7536323_8-1cf5cef7ab,2026-04-30T19:48:06.769Z,124.28,0,159.58,2520,30,31,,,,
powertraces-pt200array_pt220_r3_7536323_8-1cf5cef7ab,2026-04-30T19:48:06.769Z,124.28,1,161.29,2520,29,30,,,,
powertraces-pt200array_pt220_r3_7536323_8-1cf5cef7ab,2026-04-30T19:48:06.769Z,124.28,2,166.78,2520,27,26,,,,
powertraces-pt200array_pt220_r3_7536323_8-1cf5cef7ab,2026-04-30T19:48:06.769Z,124.28,3,154.86,2520,28,28,,,,
powertraces-pt200array_pt220_r3_7536323_8-1cf5cef7ab,2026-04-30T19:48:06.869Z,124.38,0,160.23,2520,30,31,,,,
powertraces-pt200array_pt220_r3_7536323_8-1cf5cef7ab,2026-04-30T19:48:06.869Z,124.38,1,161.41,2520,33,33,,,,
powertraces-pt200array_pt220_r3_7536323_8-1cf5cef7ab,2026-04-30T19:48:06.869Z,124.38,2,169.73,2520,36,37,,,,
powertraces-pt200array_pt220_r3_7536323_8-1cf5cef7ab,2026-04-30T19:48:06.869Z,124.38,3,154.92,2520,33,33,,,,
powertraces-pt200array_pt220_r3_7536323_8-1cf5cef7ab,2026-04-30T19:48:06.97Z,124.481,0,160.18,2520,4,3,,,,
powertraces-pt200array_pt220_r3_7536323_8-1cf5cef7ab,2026-04-30T19:48:06.97Z,124.481,1,158.39,2520,33,33,,,,
powertraces-pt200array_pt220_r3_7536323_8-1cf5cef7ab,2026-04-30T19:48:06.97Z,124.481,2,169.95,2520,36,37,,,,
powertraces-pt200array_pt220_r3_7536323_8-1cf5cef7ab,2026-04-30T19:48:06.97Z,124.481,3,155.93,2520,33,33,,,,
powertraces-pt200array_pt220_r3_7536323_8-1cf5cef7ab,2026-04-30T19:48:07.07Z,124.581,0,160.29,2520,4,3,,,,
powertraces-pt200array_pt220_r3_7536323_8-1cf5cef7ab,2026-04-30T19:48:07.07Z,124.581,1,159.86,2520,29,30,,,,
powertraces-pt200array_pt220_r3_7536323_8-1cf5cef7ab,2026-04-30T19:48:07.07Z,124.581,2,170.01,2520,29,30,,,,
powertraces-pt200array_pt220_r3_7536323_8-1cf5cef7ab,2026-04-30T19:48:07.07Z,124.581,3,156.07,2520,15,14,,,,
powertraces-pt200array_pt220_r3_7536323_8-1cf5cef7ab,2026-04-30T19:48:07.17Z,124.681,0,161.42,2520,30,31,,,,
powertraces-pt200array_pt220_r3_7536323_8-1cf5cef7ab,2026-04-30T19:48:07.17Z,124.681,1,159.88,2520,29,30,,,,
powertraces-pt200array_pt220_r3_7536323_8-1cf5cef7ab,2026-04-30T19:48:07.17Z,124.681,2,170.88,2520,29,30,,,,
powertraces-pt200array_pt220_r3_7536323_8-1cf5cef7ab,2026-04-30T19:48:07.17Z,124.681,3,156.11,2520,15,14,,,,
powertraces-pt200array_pt220_r3_7536323_8-1cf5cef7ab,2026-04-30T19:48:07.27Z,124.781,0,158.89,2520,30,31,,,,
powertraces-pt200array_pt220_r3_7536323_8-1cf5cef7ab,2026-04-30T19:48:07.27Z,124.781,1,160.47,2520,37,37,,,,
powertraces-pt200array_pt220_r3_7536323_8-1cf5cef7ab,2026-04-30T19:48:07.27Z,124.781,2,168.96,2520,28,28,,,,
powertraces-pt200array_pt220_r3_7536323_8-1cf5cef7ab,2026-04-30T19:48:07.27Z,124.781,3,156.16,2520,33,33,,,,
powertraces-pt200array_pt220_r3_7536323_8-1cf5cef7ab,2026-04-30T19:48:07.37Z,124.881,0,158.85,2520,17,17,,,,
powertraces-pt200array_pt220_r3_7536323_8-1cf5cef7ab,2026-04-30T19:48:07.37Z,124.881,1,161.39,2520,37,37,,,,
powertraces-pt200array_pt220_r3_7536323_8-1cf5cef7ab,2026-04-30T19:48:07.37Z,124.881,2,169.77,2520,28,28,,,,
powertraces-pt200array_pt220_r3_7536323_8-1cf5cef7ab,2026-04-30T19:48:07.37Z,124.881,3,158.75,2520,33,33,,,,
powertraces-pt200array_pt220_r3_7536323_8-1cf5cef7ab,2026-04-30T19:48:07.47Z,124.981,0,159.0,2520,17,17,,,,
powertraces-pt200array_pt220_r3_7536323_8-1cf5cef7ab,2026-04-30T19:48:07.47Z,124.981,1,159.27,2520,21,21,,,,
powertraces-pt200array_pt220_r3_7536323_8-1cf5cef7ab,2026-04-30T19:48:07.47Z,124.981,2,169.84,2520,29,30,,,,
powertraces-pt200array_pt220_r3_7536323_8-1cf5cef7ab,2026-04-30T19:48:07.47Z,124.981,3,157.85,2520,1,1,,,,
powertraces-pt200array_pt220_r3_7536323_8-1cf5cef7ab,2026-04-30T19:48:07.57Z,125.081,0,158.92,2520,33,35,,,,
powertraces-pt200array_pt220_r3_7536323_8-1cf5cef7ab,2026-04-30T19:48:07.57Z,125.081,1,170.92,2520,21,21,,,,
powertraces-pt200array_pt220_r3_7536323_8-1cf5cef7ab,2026-04-30T19:48:07.57Z,125.081,2,170.86,2520,29,30,,,,
powertraces-pt200array_pt220_r3_7536323_8-1cf5cef7ab,2026-04-30T19:48:07.57Z,125.081,3,157.9,2520,1,1,,,,
powertraces-pt200array_pt220_r3_7536323_8-1cf5cef7ab,2026-04-30T19:48:07.671Z,125.182,0,166.94,2520,33,35,,,,
powertraces-pt200array_pt220_r3_7536323_8-1cf5cef7ab,2026-04-30T19:48:07.671Z,125.182,1,166.01,2520,55,58,,,,
powertraces-pt200array_pt220_r3_7536323_8-1cf5cef7ab,2026-04-30T19:48:07.671Z,125.182,2,175.92,2520,59,64,,,,
powertraces-pt200array_pt220_r3_7536323_8-1cf5cef7ab,2026-04-30T19:48:07.671Z,125.182,3,168.78,2520,82,89,,,,
powertraces-pt200array_pt220_r3_7536323_8-1cf5cef7ab,2026-04-30T19:48:07.771Z,125.282,0,170.99,2520,18,16,,,,
powertraces-pt200array_pt220_r3_7536323_8-1cf5cef7ab,2026-04-30T19:48:07.771Z,125.282,1,157.91,2520,55,58,,,,
powertraces-pt200array_pt220_r3_7536323_8-1cf5cef7ab,2026-04-30T19:48:07.771Z,125.282,2,182.62,2520,59,64,,,,
powertraces-pt200array_pt220_r3_7536323_8-1cf5cef7ab,2026-04-30T19:48:07.771Z,125.282,3,153.62,2520,82,89,,,,
powertraces-pt200array_pt220_r3_7536323_8-1cf5cef7ab,2026-04-30T19:48:07.871Z,125.382,0,179.43,2520,18,16,,,,
powertraces-pt200array_pt220_r3_7536323_8-1cf5cef7ab,2026-04-30T19:48:07.871Z,125.382,1,160.26,2520,36,37,,,,
powertraces-pt200array_pt220_r3_7536323_8-1cf5cef7ab,2026-04-30T19:48:07.871Z,125.382,2,195.57,2520,30,29,,,,
powertraces-pt200array_pt220_r3_7536323_8-1cf5cef7ab,2026-04-30T19:48:07.871Z,125.382,3,154.22,2520,33,33,,,,
powertraces-pt200array_pt220_r3_7536323_8-1cf5cef7ab,2026-04-30T19:48:07.971Z,125.482,0,165.09,2520,15,15,,,,
powertraces-pt200array_pt220_r3_7536323_8-1cf5cef7ab,2026-04-30T19:48:07.971Z,125.482,1,162.79,2520,36,37,,,,
powertraces-pt200array_pt220_r3_7536323_8-1cf5cef7ab,2026-04-30T19:48:07.971Z,125.482,2,184.47,2520,30,29,,,,
powertraces-pt200array_pt220_r3_7536323_8-1cf5cef7ab,2026-04-30T19:48:07.971Z,125.482,3,168.51,2520,33,33,,,,
powertraces-pt200array_pt220_r3_7536323_8-1cf5cef7ab,2026-04-30T19:48:08.071Z,125.582,0,165.76,2520,15,15,,,,
powertraces-pt200array_pt220_r3_7536323_8-1cf5cef7ab,2026-04-30T19:48:08.071Z,125.582,1,168.76,2520,23,22,,,,
powertraces-pt200array_pt220_r3_7536323_8-1cf5cef7ab,2026-04-30T19:48:08.071Z,125.582,2,183.46,2520,29,30,,,,
powertraces-pt200array_pt220_r3_7536323_8-1cf5cef7ab,2026-04-30T19:48:08.071Z,125.582,3,163.64,2520,3,2,,,,
powertraces-pt200array_pt220_r3_7536323_8-1cf5cef7ab,2026-04-30T19:48:08.171Z,125.682,0,177.99,2520,30,31,,,,
powertraces-pt200array_pt220_r3_7536323_8-1cf5cef7ab,2026-04-30T19:48:08.171Z,125.682,1,152.35,2520,23,22,,,,
powertraces-pt200array_pt220_r3_7536323_8-1cf5cef7ab,2026-04-30T19:48:08.171Z,125.682,2,189.15,2520,29,30,,,,
powertraces-pt200array_pt220_r3_7536323_8-1cf5cef7ab,2026-04-30T19:48:08.171Z,125.682,3,151.59,2520,3,2,,,,
powertraces-pt200array_pt220_r3_7536323_8-1cf5cef7ab,2026-04-30T19:48:08.271Z,125.782,0,173.11,2520,30,31,,,,
powertraces-pt200array_pt220_r3_7536323_8-1cf5cef7ab,2026-04-30T19:48:08.271Z,125.782,1,159.31,2520,37,37,,,,
powertraces-pt200array_pt220_r3_7536323_8-1cf5cef7ab,2026-04-30T19:48:08.271Z,125.782,2,192.51,2520,16,15,,,,
powertraces-pt200array_pt220_r3_7536323_8-1cf5cef7ab,2026-04-30T19:48:08.271Z,125.782,3,153.42,2520,33,33,,,,
powertraces-pt200array_pt220_r3_7536323_8-1cf5cef7ab,2026-04-30T19:48:08.371Z,125.882,0,163.93,2520,30,30,,,,
powertraces-pt200array_pt220_r3_7536323_8-1cf5cef7ab,2026-04-30T19:48:08.371Z,125.882,1,168.01,2520,37,37,,,,
powertraces-pt200array_pt220_r3_7536323_8-1cf5cef7ab,2026-04-30T19:48:08.372Z,125.883,2,189.63,2520,16,15,,,,
powertraces-pt200array_pt220_r3_7536323_8-1cf5cef7ab,2026-04-30T19:48:08.372Z,125.883,3,169.24,2520,33,33,,,,
powertraces-pt200array_pt220_r3_7536323_8-1cf5cef7ab,2026-04-30T19:48:08.472Z,125.983,0,166.0,2520,30,30,,,,
powertraces-pt200array_pt220_r3_7536323_8-1cf5cef7ab,2026-04-30T19:48:08.472Z,125.983,1,164.38,2520,8,7,,,,
powertraces-pt200array_pt220_r3_7536323_8-1cf5cef7ab,2026-04-30T19:48:08.472Z,125.983,2,186.66,2520,29,30,,,,
powertraces-pt200array_pt220_r3_7536323_8-1cf5cef7ab,2026-04-30T19:48:08.472Z,125.983,3,154.23,2520,7,8,,,,
powertraces-pt200array_pt220_r3_7536323_8-1cf5cef7ab,2026-04-30T19:48:08.572Z,126.083,0,179.59,2520,24,26,,,,
powertraces-pt200array_pt220_r3_7536323_8-1cf5cef7ab,2026-04-30T19:48:08.572Z,126.083,1,155.87,2520,8,7,,,,
powertraces-pt200array_pt220_r3_7536323_8-1cf5cef7ab,2026-04-30T19:48:08.572Z,126.083,2,202.11,2520,29,30,,,,
powertraces-pt200array_pt220_r3_7536323_8-1cf5cef7ab,2026-04-30T19:48:08.572Z,126.083,3,154.49,2520,7,8,,,,
powertraces-pt200array_pt220_r3_7536323_8-1cf5cef7ab,2026-04-30T19:48:08.672Z,126.183,0,169.52,2520,24,26,,,,
powertraces-pt200array_pt220_r3_7536323_8-1cf5cef7ab,2026-04-30T19:48:08.672Z,126.183,1,145.55,2520,31,32,,,,
powertraces-pt200array_pt220_r3_7536323_8-1cf5cef7ab,2026-04-30T19:48:08.672Z,126.183,2,197.46,2520,8,7,,,,
powertraces-pt200array_pt220_r3_7536323_8-1cf5cef7ab,2026-04-30T19:48:08.672Z,126.183,3,161.15,2520,33,33,,,,
powertraces-pt200array_pt220_r3_7536323_8-1cf5cef7ab,2026-04-30T19:48:08.772Z,126.283,0,161.81,2520,30,30,,,,
powertraces-pt200array_pt220_r3_7536323_8-1cf5cef7ab,2026-04-30T19:48:08.772Z,126.283,1,159.15,2520,31,32,,,,
powertraces-pt200array_pt220_r3_7536323_8-1cf5cef7ab,2026-04-30T19:48:08.772Z,126.283,2,185.4,2520,8,7,,,,
powertraces-pt200array_pt220_r3_7536323_8-1cf5cef7ab,2026-04-30T19:48:08.772Z,126.283,3,157.93,2520,33,33,,,,
powertraces-pt200array_pt220_r3_7536323_8-1cf5cef7ab,2026-04-30T19:48:08.872Z,126.383,0,163.39,2520,30,30,,,,
powertraces-pt200array_pt220_r3_7536323_8-1cf5cef7ab,2026-04-30T19:48:08.872Z,126.383,1,159.19,2520,12,11,,,,
powertraces-pt200array_pt220_r3_7536323_8-1cf5cef7ab,2026-04-30T19:48:08.872Z,126.383,2,172.67,2520,36,37,,,,
powertraces-pt200array_pt220_r3_7536323_8-1cf5cef7ab,2026-04-30T19:48:08.872Z,126.383,3,157.2,2520,22,23,,,,
powertraces-pt200array_pt220_r3_7536323_8-1cf5cef7ab,2026-04-30T19:48:08.972Z,126.483,0,160.32,2520,10,10,,,,
powertraces-pt200array_pt220_r3_7536323_8-1cf5cef7ab,2026-04-30T19:48:08.972Z,126.483,1,160.16,2520,12,11,,,,
powertraces-pt200array_pt220_r3_7536323_8-1cf5cef7ab,2026-04-30T19:48:08.972Z,126.483,2,171.31,2520,36,37,,,,
powertraces-pt200array_pt220_r3_7536323_8-1cf5cef7ab,2026-04-30T19:48:08.972Z,126.483,3,157.38,2520,22,23,,,,
powertraces-pt200array_pt220_r3_7536323_8-1cf5cef7ab,2026-04-30T19:48:09.072Z,126.583,0,160.28,2520,10,10,,,,
powertraces-pt200array_pt220_r3_7536323_8-1cf5cef7ab,2026-04-30T19:48:09.072Z,126.583,1,161.57,2520,29,30,,,,
powertraces-pt200array_pt220_r3_7536323_8-1cf5cef7ab,2026-04-30T19:48:09.072Z,126.583,2,172.7,2520,19,19,,,,
powertraces-pt200array_pt220_r3_7536323_8-1cf5cef7ab,2026-04-30T19:48:09.072Z,126.583,3,158.98,2520,33,33,,,,
powertraces-pt200array_pt220_r3_7536323_8-1cf5cef7ab,2026-04-30T19:48:09.172Z,126.683,0,160.5,2520,30,30,,,,
powertraces-pt200array_pt220_r3_7536323_8-1cf5cef7ab,2026-04-30T19:48:09.173Z,126.684,1,158.54,2520,29,30,,,,
powertraces-pt200array_pt220_r3_7536323_8-1cf5cef7ab,2026-04-30T19:48:09.173Z,126.684,2,172.83,2520,19,19,,,,
powertraces-pt200array_pt220_r3_7536323_8-1cf5cef7ab,2026-04-30T19:48:09.173Z,126.684,3,158.89,2520,33,33,,,,
powertraces-pt200array_pt220_r3_7536323_8-1cf5cef7ab,2026-04-30T19:48:09.273Z,126.784,0,164.35,2520,30,30,,,,
powertraces-pt200array_pt220_r3_7536323_8-1cf5cef7ab,2026-04-30T19:48:09.273Z,126.784,1,158.68,2520,26,26,,,,
powertraces-pt200array_pt220_r3_7536323_8-1cf5cef7ab,2026-04-30T19:48:09.273Z,126.784,2,175.82,2520,37,37,,,,
powertraces-pt200array_pt220_r3_7536323_8-1cf5cef7ab,2026-04-30T19:48:09.273Z,126.784,3,158.98,2520,33,33,,,,
powertraces-pt200array_pt220_r3_7536323_8-1cf5cef7ab,2026-04-30T19:48:09.373Z,126.884,0,164.36,2520,0,0,,,,
powertraces-pt200array_pt220_r3_7536323_8-1cf5cef7ab,2026-04-30T19:48:09.373Z,126.884,1,161.42,2520,26,26,,,,
powertraces-pt200array_pt220_r3_7536323_8-1cf5cef7ab,2026-04-30T19:48:09.373Z,126.884,2,170.68,2520,37,37,,,,
powertraces-pt200array_pt220_r3_7536323_8-1cf5cef7ab,2026-04-30T19:48:09.373Z,126.884,3,159.9,2520,33,33,,,,
powertraces-pt200array_pt220_r3_7536323_8-1cf5cef7ab,2026-04-30T19:48:09.473Z,126.984,0,164.38,2520,0,0,,,,
powertraces-pt200array_pt220_r3_7536323_8-1cf5cef7ab,2026-04-30T19:48:09.473Z,126.984,1,163.41,2520,29,30,,,,
powertraces-pt200array_pt220_r3_7536323_8-1cf5cef7ab,2026-04-30T19:48:09.473Z,126.984,2,164.59,2520,32,33,,,,
powertraces-pt200array_pt220_r3_7536323_8-1cf5cef7ab,2026-04-30T19:48:09.473Z,126.984,3,156.82,2520,22,21,,,,
powertraces-pt200array_pt220_r3_7536323_8-1cf5cef7ab,2026-04-30T19:48:09.573Z,127.084,0,164.99,2520,30,31,,,,
powertraces-pt200array_pt220_r3_7536323_8-1cf5cef7ab,2026-04-30T19:48:09.573Z,127.084,1,163.37,2520,29,30,,,,
powertraces-pt200array_pt220_r3_7536323_8-1cf5cef7ab,2026-04-30T19:48:09.573Z,127.084,2,164.88,2520,32,33,,,,
powertraces-pt200array_pt220_r3_7536323_8-1cf5cef7ab,2026-04-30T19:48:09.573Z,127.084,3,156.71,2520,22,21,,,,
powertraces-pt200array_pt220_r3_7536323_8-1cf5cef7ab,2026-04-30T19:48:09.673Z,127.184,0,164.15,2520,30,31,,,,
powertraces-pt200array_pt220_r3_7536323_8-1cf5cef7ab,2026-04-30T19:48:09.673Z,127.184,1,163.66,2520,36,37,,,,
powertraces-pt200array_pt220_r3_7536323_8-1cf5cef7ab,2026-04-30T19:48:09.673Z,127.184,2,165.23,2520,35,36,,,,
powertraces-pt200array_pt220_r3_7536323_8-1cf5cef7ab,2026-04-30T19:48:09.673Z,127.184,3,156.91,2520,33,33,,,,
powertraces-pt200array_pt220_r3_7536323_8-1cf5cef7ab,2026-04-30T19:48:09.773Z,127.284,0,164.24,2520,10,9,,,,
powertraces-pt200array_pt220_r3_7536323_8-1cf5cef7ab,2026-04-30T19:48:09.773Z,127.284,1,165.16,2520,36,37,,,,
powertraces-pt200array_pt220_r3_7536323_8-1cf5cef7ab,2026-04-30T19:48:09.773Z,127.284,2,165.67,2520,35,36,,,,
powertraces-pt200array_pt220_r3_7536323_8-1cf5cef7ab,2026-04-30T19:48:09.773Z,127.284,3,158.32,2520,33,33,,,,
powertraces-pt200array_pt220_r3_7536323_8-1cf5cef7ab,2026-04-30T19:48:09.873Z,127.384,0,175.87,2520,10,9,,,,
powertraces-pt200array_pt220_r3_7536323_8-1cf5cef7ab,2026-04-30T19:48:09.873Z,127.384,1,163.59,2520,98,100,,,,
powertraces-pt200array_pt220_r3_7536323_8-1cf5cef7ab,2026-04-30T19:48:09.873Z,127.384,2,168.63,2520,34,35,,,,
powertraces-pt200array_pt220_r3_7536323_8-1cf5cef7ab,2026-04-30T19:48:09.873Z,127.384,3,159.28,2520,27,29,,,,
powertraces-pt200array_pt220_r3_7536323_8-1cf5cef7ab,2026-04-30T19:48:09.974Z,127.485,0,170.41,2520,42,44,,,,
powertraces-pt200array_pt220_r3_7536323_8-1cf5cef7ab,2026-04-30T19:48:09.974Z,127.485,1,173.03,2520,98,100,,,,
powertraces-pt200array_pt220_r3_7536323_8-1cf5cef7ab,2026-04-30T19:48:09.974Z,127.485,2,178.67,2520,34,35,,,,
powertraces-pt200array_pt220_r3_7536323_8-1cf5cef7ab,2026-04-30T19:48:09.974Z,127.485,3,166.34,2520,27,29,,,,
powertraces-pt200array_pt220_r3_7536323_8-1cf5cef7ab,2026-04-30T19:48:10.074Z,127.585,0,163.57,2520,42,44,,,,
powertraces-pt200array_pt220_r3_7536323_8-1cf5cef7ab,2026-04-30T19:48:10.074Z,127.585,1,181.92,2520,29,30,,,,
powertraces-pt200array_pt220_r3_7536323_8-1cf5cef7ab,2026-04-30T19:48:10.074Z,127.585,2,173.35,2520,30,27,,,,
powertraces-pt200array_pt220_r3_7536323_8-1cf5cef7ab,2026-04-30T19:48:10.074Z,127.585,3,179.49,2520,36,34,,,,
powertraces-pt200array_pt220_r3_7536323_8-1cf5cef7ab,2026-04-30T19:48:10.174Z,127.685,0,165.9,2520,30,30,,,,
powertraces-pt200array_pt220_r3_7536323_8-1cf5cef7ab,2026-04-30T19:48:10.174Z,127.685,1,177.27,2520,29,30,,,,
powertraces-pt200array_pt220_r3_7536323_8-1cf5cef7ab,2026-04-30T19:48:10.174Z,127.685,2,169.45,2520,30,27,,,,
powertraces-pt200array_pt220_r3_7536323_8-1cf5cef7ab,2026-04-30T19:48:10.174Z,127.685,3,163.35,2520,36,34,,,,
powertraces-pt200array_pt220_r3_7536323_8-1cf5cef7ab,2026-04-30T19:48:10.274Z,127.785,0,178.8,2520,30,30,,,,
powertraces-pt200array_pt220_r3_7536323_8-1cf5cef7ab,2026-04-30T19:48:10.274Z,127.785,1,171.04,2520,36,37,,,,
powertraces-pt200array_pt220_r3_7536323_8-1cf5cef7ab,2026-04-30T19:48:10.274Z,127.785,2,184.94,2520,36,37,,,,
powertraces-pt200array_pt220_r3_7536323_8-1cf5cef7ab,2026-04-30T19:48:10.274Z,127.785,3,163.75,2520,33,33,,,,
powertraces-pt200array_pt220_r3_7536323_8-1cf5cef7ab,2026-04-30T19:48:10.374Z,127.885,0,162.43,2520,8,7,,,,
powertraces-pt200array_pt220_r3_7536323_8-1cf5cef7ab,2026-04-30T19:48:10.374Z,127.885,1,172.41,2520,36,37,,,,
powertraces-pt200array_pt220_r3_7536323_8-1cf5cef7ab,2026-04-30T19:48:10.374Z,127.885,2,178.21,2520,36,37,,,,
powertraces-pt200array_pt220_r3_7536323_8-1cf5cef7ab,2026-04-30T19:48:10.374Z,127.885,3,171.57,2520,33,33,,,,
powertraces-pt200array_pt220_r3_7536323_8-1cf5cef7ab,2026-04-30T19:48:10.474Z,127.985,0,162.78,2520,8,7,,,,
powertraces-pt200array_pt220_r3_7536323_8-1cf5cef7ab,2026-04-30T19:48:10.474Z,127.985,1,176.12,2520,29,29,,,,
powertraces-pt200array_pt220_r3_7536323_8-1cf5cef7ab,2026-04-30T19:48:10.474Z,127.985,2,177.65,2520,29,30,,,,
powertraces-pt200array_pt220_r3_7536323_8-1cf5cef7ab,2026-04-30T19:48:10.474Z,127.985,3,176.07,2520,9,8,,,,
powertraces-pt200array_pt220_r3_7536323_8-1cf5cef7ab,2026-04-30T19:48:10.574Z,128.085,0,169.47,2520,30,30,,,,
powertraces-pt200array_pt220_r3_7536323_8-1cf5cef7ab,2026-04-30T19:48:10.574Z,128.085,1,163.13,2520,29,29,,,,
powertraces-pt200array_pt220_r3_7536323_8-1cf5cef7ab,2026-04-30T19:48:10.574Z,128.085,2,176.42,2520,29,30,,,,
powertraces-pt200array_pt220_r3_7536323_8-1cf5cef7ab,2026-04-30T19:48:10.574Z,128.085,3,162.9,2520,9,8,,,,
powertraces-pt200array_pt220_r3_7536323_8-1cf5cef7ab,2026-04-30T19:48:10.674Z,128.185,0,171.19,2520,30,30,,,,
powertraces-pt200array_pt220_r3_7536323_8-1cf5cef7ab,2026-04-30T19:48:10.674Z,128.185,1,166.88,2520,36,37,,,,
powertraces-pt200array_pt220_r3_7536323_8-1cf5cef7ab,2026-04-30T19:48:10.674Z,128.185,2,186.67,2520,23,22,,,,
powertraces-pt200array_pt220_r3_7536323_8-1cf5cef7ab,2026-04-30T19:48:10.675Z,128.186,3,163.86,2520,33,33,,,,
powertraces-pt200array_pt220_r3_7536323_8-1cf5cef7ab,2026-04-30T19:48:10.775Z,128.286,0,157.83,2520,22,22,,,,
powertraces-pt200array_pt220_r3_7536323_8-1cf5cef7ab,2026-04-30T19:48:10.775Z,128.286,1,171.18,2520,36,37,,,,
powertraces-pt200array_pt220_r3_7536323_8-1cf5cef7ab,2026-04-30T19:48:10.775Z,128.286,2,176.84,2520,23,22,,,,
powertraces-pt200array_pt220_r3_7536323_8-1cf5cef7ab,2026-04-30T19:48:10.775Z,128.286,3,179.72,2520,33,33,,,,
powertraces-pt200array_pt220_r3_7536323_8-1cf5cef7ab,2026-04-30T19:48:10.875Z,128.386,0,158.9,2520,22,22,,,,
powertraces-pt200array_pt220_r3_7536323_8-1cf5cef7ab,2026-04-30T19:48:10.875Z,128.386,1,173.77,2520,16,15,,,,
powertraces-pt200array_pt220_r3_7536323_8-1cf5cef7ab,2026-04-30T19:48:10.875Z,128.386,2,175.16,2520,29,30,,,,
powertraces-pt200array_pt220_r3_7536323_8-1cf5cef7ab,2026-04-30T19:48:10.875Z,128.386,3,171.55,2520,0,0,,,,
powertraces-pt200array_pt220_r3_7536323_8-1cf5cef7ab,2026-04-30T19:48:10.975Z,128.486,0,162.31,2520,30,30,,,,
powertraces-pt200array_pt220_r3_7536323_8-1cf5cef7ab,2026-04-30T19:48:10.975Z,128.486,1,161.78,2520,16,15,,,,
powertraces-pt200array_pt220_r3_7536323_8-1cf5cef7ab,2026-04-30T19:48:10.975Z,128.486,2,181.92,2520,29,30,,,,
powertraces-pt200array_pt220_r3_7536323_8-1cf5cef7ab,2026-04-30T19:48:10.975Z,128.486,3,161.63,2520,0,0,,,,
powertraces-pt200array_pt220_r3_7536323_8-1cf5cef7ab,2026-04-30T19:48:11.075Z,128.586,0,162.03,2520,30,30,,,,
powertraces-pt200array_pt220_r3_7536323_8-1cf5cef7ab,2026-04-30T19:48:11.075Z,128.586,1,161.8,2520,37,37,,,,
powertraces-pt200array_pt220_r3_7536323_8-1cf5cef7ab,2026-04-30T19:48:11.075Z,128.586,2,169.81,2520,9,8,,,,
powertraces-pt200array_pt220_r3_7536323_8-1cf5cef7ab,2026-04-30T19:48:11.075Z,128.586,3,157.82,2520,33,33,,,,
powertraces-pt200array_pt220_r3_7536323_8-1cf5cef7ab,2026-04-30T19:48:11.175Z,128.686,0,162.07,2520,30,30,,,,
powertraces-pt200array_pt220_r3_7536323_8-1cf5cef7ab,2026-04-30T19:48:11.175Z,128.686,1,164.85,2520,37,37,,,,
powertraces-pt200array_pt220_r3_7536323_8-1cf5cef7ab,2026-04-30T19:48:11.175Z,128.686,2,164.44,2520,9,8,,,,
powertraces-pt200array_pt220_r3_7536323_8-1cf5cef7ab,2026-04-30T19:48:11.175Z,128.686,3,157.03,2520,33,33,,,,
powertraces-pt200array_pt220_r3_7536323_8-1cf5cef7ab,2026-04-30T19:48:11.275Z,128.786,0,162.56,2520,30,30,,,,
powertraces-pt200array_pt220_r3_7536323_8-1cf5cef7ab,2026-04-30T19:48:11.275Z,128.786,1,164.84,2520,8,7,,,,
powertraces-pt200array_pt220_r3_7536323_8-1cf5cef7ab,2026-04-30T19:48:11.275Z,128.786,2,164.76,2520,32,32,,,,
powertraces-pt200array_pt220_r3_7536323_8-1cf5cef7ab,2026-04-30T19:48:11.275Z,128.786,3,157.08,2520,13,14,,,,
powertraces-pt200array_pt220_r3_7536323_8-1cf5cef7ab,2026-04-30T19:48:11.375Z,128.886,0,161.79,2520,18,19,,,,
powertraces-pt200array_pt220_r3_7536323_8-1cf5cef7ab,2026-04-30T19:48:11.375Z,128.886,1,165.3,2520,8,7,,,,
powertraces-pt200array_pt220_r3_7536323_8-1cf5cef7ab,2026-04-30T19:48:11.375Z,128.886,2,165.36,2520,32,32,,,,
powertraces-pt200array_pt220_r3_7536323_8-1cf5cef7ab,2026-04-30T19:48:11.375Z,128.886,3,157.12,2520,13,14,,,,
powertraces-pt200array_pt220_r3_7536323_8-1cf5cef7ab,2026-04-30T19:48:11.475Z,128.986,0,161.83,2520,18,19,,,,
powertraces-pt200array_pt220_r3_7536323_8-1cf5cef7ab,2026-04-30T19:48:11.476Z,128.987,1,165.74,2520,29,30,,,,
powertraces-pt200array_pt220_r3_7536323_8-1cf5cef7ab,2026-04-30T19:48:11.476Z,128.987,2,166.01,2520,11,10,,,,
powertraces-pt200array_pt220_r3_7536323_8-1cf5cef7ab,2026-04-30T19:48:11.476Z,128.987,3,158.78,2520,33,33,,,,
powertraces-pt200array_pt220_r3_7536323_8-1cf5cef7ab,2026-04-30T19:48:11.576Z,129.087,0,161.88,2520,30,30,,,,
powertraces-pt200array_pt220_r3_7536323_8-1cf5cef7ab,2026-04-30T19:48:11.576Z,129.087,1,164.77,2520,29,30,,,,
powertraces-pt200array_pt220_r3_7536323_8-1cf5cef7ab,2026-04-30T19:48:11.576Z,129.087,2,166.06,2520,11,10,,,,
powertraces-pt200array_pt220_r3_7536323_8-1cf5cef7ab,2026-04-30T19:48:11.576Z,129.087,3,155.19,2520,33,33,,,,
powertraces-pt200array_pt220_r3_7536323_8-1cf5cef7ab,2026-04-30T19:48:11.676Z,129.187,0,163.76,2520,30,30,,,,
powertraces-pt200array_pt220_r3_7536323_8-1cf5cef7ab,2026-04-30T19:48:11.676Z,129.187,1,164.77,2520,17,16,,,,
powertraces-pt200array_pt220_r3_7536323_8-1cf5cef7ab,2026-04-30T19:48:11.676Z,129.187,2,166.79,2520,36,37,,,,
powertraces-pt200array_pt220_r3_7536323_8-1cf5cef7ab,2026-04-30T19:48:11.676Z,129.187,3,155.15,2520,27,27,,,,
powertraces-pt200array_pt220_r3_7536323_8-1cf5cef7ab,2026-04-30T19:48:11.776Z,129.287,0,160.45,2520,5,5,,,,
powertraces-pt200array_pt220_r3_7536323_8-1cf5cef7ab,2026-04-30T19:48:11.776Z,129.287,1,165.65,2520,17,16,,,,
powertraces-pt200array_pt220_r3_7536323_8-1cf5cef7ab,2026-04-30T19:48:11.776Z,129.287,2,164.87,2520,36,37,,,,
powertraces-pt200array_pt220_r3_7536323_8-1cf5cef7ab,2026-04-30T19:48:11.776Z,129.287,3,155.51,2520,27,27,,,,
powertraces-pt200array_pt220_r3_7536323_8-1cf5cef7ab,2026-04-30T19:48:11.876Z,129.387,0,160.47,2520,5,5,,,,
powertraces-pt200array_pt220_r3_7536323_8-1cf5cef7ab,2026-04-30T19:48:11.876Z,129.387,1,166.63,2520,29,30,,,,
powertraces-pt200array_pt220_r3_7536323_8-1cf5cef7ab,2026-04-30T19:48:11.876Z,129.387,2,166.05,2520,24,24,,,,
powertraces-pt200array_pt220_r3_7536323_8-1cf5cef7ab,2026-04-30T19:48:11.876Z,129.387,3,154.66,2520,31,30,,,,
powertraces-pt200array_pt220_r3_7536323_8-1cf5cef7ab,2026-04-30T19:48:11.976Z,129.487,0,160.65,2520,30,31,,,,
powertraces-pt200array_pt220_r3_7536323_8-1cf5cef7ab,2026-04-30T19:48:11.976Z,129.487,1,163.13,2520,29,30,,,,
powertraces-pt200array_pt220_r3_7536323_8-1cf5cef7ab,2026-04-30T19:48:11.976Z,129.487,2,166.15,2520,24,24,,,,
powertraces-pt200array_pt220_r3_7536323_8-1cf5cef7ab,2026-04-30T19:48:11.976Z,129.487,3,154.59,2520,31,30,,,,
powertraces-pt200array_pt220_r3_7536323_8-1cf5cef7ab,2026-04-30T19:48:12.076Z,129.587,0,157.8,2520,30,31,,,,
powertraces-pt200array_pt220_r3_7536323_8-1cf5cef7ab,2026-04-30T19:48:12.076Z,129.587,1,174.18,2520,72,79,,,,
powertraces-pt200array_pt220_r3_7536323_8-1cf5cef7ab,2026-04-30T19:48:12.076Z,129.587,2,167.82,2520,36,37,,,,
powertraces-pt200array_pt220_r3_7536323_8-1cf5cef7ab,2026-04-30T19:48:12.076Z,129.587,3,154.68,2520,33,33,,,,
powertraces-pt200array_pt220_r3_7536323_8-1cf5cef7ab,2026-04-30T19:48:12.176Z,129.687,0,173.04,2520,92,99,,,,
powertraces-pt200array_pt220_r3_7536323_8-1cf5cef7ab,2026-04-30T19:48:12.176Z,129.687,1,165.7,2520,72,79,,,,
powertraces-pt200array_pt220_r3_7536323_8-1cf5cef7ab,2026-04-30T19:48:12.176Z,129.687,2,178.93,2520,36,37,,,,
powertraces-pt200array_pt220_r3_7536323_8-1cf5cef7ab,2026-04-30T19:48:12.176Z,129.687,3,163.67,2520,33,33,,,,
powertraces-pt200array_pt220_r3_7536323_8-1cf5cef7ab,2026-04-30T19:48:12.277Z,129.788,0,180.51,2520,92,99,,,,
powertraces-pt200array_pt220_r3_7536323_8-1cf5cef7ab,2026-04-30T19:48:12.277Z,129.788,1,150.66,2520,23,20,,,,
powertraces-pt200array_pt220_r3_7536323_8-1cf5cef7ab,2026-04-30T19:48:12.277Z,129.788,2,188.46,2520,70,74,,,,
powertraces-pt200array_pt220_r3_7536323_8-1cf5cef7ab,2026-04-30T19:48:12.277Z,129.788,3,152.15,2520,37,37,,,,
powertraces-pt200array_pt220_r3_7536323_8-1cf5cef7ab,2026-04-30T19:48:12.377Z,129.888,0,180.54,2520,6,6,,,,
powertraces-pt200array_pt220_r3_7536323_8-1cf5cef7ab,2026-04-30T19:48:12.377Z,129.888,1,155.26,2520,23,20,,,,
powertraces-pt200array_pt220_r3_7536323_8-1cf5cef7ab,2026-04-30T19:48:12.377Z,129.888,2,197.43,2520,70,74,,,,
powertraces-pt200array_pt220_r3_7536323_8-1cf5cef7ab,2026-04-30T19:48:12.377Z,129.888,3,153.49,2520,37,37,,,,
powertraces-pt200array_pt220_r3_7536323_8-1cf5cef7ab,2026-04-30T19:48:12.477Z,129.988,0,167.51,2520,6,6,,,,
powertraces-pt200array_pt220_r3_7536323_8-1cf5cef7ab,2026-04-30T19:48:12.477Z,129.988,1,160.38,2520,29,30,,,,
powertraces-pt200array_pt220_r3_7536323_8-1cf5cef7ab,2026-04-30T19:48:12.477Z,129.988,2,187.9,2520,23,23,,,,
powertraces-pt200array_pt220_r3_7536323_8-1cf5cef7ab,2026-04-30T19:48:12.477Z,129.988,3,169.43,2520,31,31,,,,
powertraces-pt200array_pt220_r3_7536323_8-1cf5cef7ab,2026-04-30T19:48:12.577Z,130.088,0,168.7,2520,30,31,,,,
powertraces-pt200array_pt220_r3_7536323_8-1cf5cef7ab,2026-04-30T19:48:12.577Z,130.088,1,161.48,2520,29,30,,,,
powertraces-pt200array_pt220_r3_7536323_8-1cf5cef7ab,2026-04-30T19:48:12.577Z,130.088,2,185.85,2520,23,23,,,,
powertraces-pt200array_pt220_r3_7536323_8-1cf5cef7ab,2026-04-30T19:48:12.577Z,130.088,3,159.94,2520,31,31,,,,
powertraces-pt200array_pt220_r3_7536323_8-1cf5cef7ab,2026-04-30T19:48:12.677Z,130.188,0,181.45,2520,30,31,,,,
powertraces-pt200array_pt220_r3_7536323_8-1cf5cef7ab,2026-04-30T19:48:12.677Z,130.188,1,149.65,2520,30,30,,,,
powertraces-pt200array_pt220_r3_7536323_8-1cf5cef7ab,2026-04-30T19:48:12.677Z,130.188,2,196.7,2520,36,37,,,,
powertraces-pt200array_pt220_r3_7536323_8-1cf5cef7ab,2026-04-30T19:48:12.677Z,130.188,3,156.27,2520,33,33,,,,
powertraces-pt200array_pt220_r3_7536323_8-1cf5cef7ab,2026-04-30T19:48:12.777Z,130.288,0,172.8,2520,1,0,,,,
powertraces-pt200array_pt220_r3_7536323_8-1cf5cef7ab,2026-04-30T19:48:12.777Z,130.288,1,156.98,2520,30,30,,,,
powertraces-pt200array_pt220_r3_7536323_8-1cf5cef7ab,2026-04-30T19:48:12.777Z,130.288,2,193.75,2520,36,37,,,,
powertraces-pt200array_pt220_r3_7536323_8-1cf5cef7ab,2026-04-30T19:48:12.777Z,130.288,3,160.06,2520,33,33,,,,
powertraces-pt200array_pt220_r3_7536323_8-1cf5cef7ab,2026-04-30T19:48:12.877Z,130.388,0,171.89,2520,1,0,,,,
powertraces-pt200array_pt220_r3_7536323_8-1cf5cef7ab,2026-04-30T19:48:12.877Z,130.388,1,167.9,2520,29,30,,,,
powertraces-pt200array_pt220_r3_7536323_8-1cf5cef7ab,2026-04-30T19:48:12.877Z,130.388,2,184.22,2520,32,33,,,,
powertraces-pt200array_pt220_r3_7536323_8-1cf5cef7ab,2026-04-30T19:48:12.877Z,130.388,3,170.77,2520,18,17,,,,
powertraces-pt200array_pt220_r3_7536323_8-1cf5cef7ab,2026-04-30T19:48:12.977Z,130.488,0,175.25,2520,30,31,,,,
powertraces-pt200array_pt220_r3_7536323_8-1cf5cef7ab,2026-04-30T19:48:12.978Z,130.489,1,161.2,2520,29,30,,,,
powertraces-pt200array_pt220_r3_7536323_8-1cf5cef7ab,2026-04-30T19:48:12.978Z,130.489,2,178.39,2520,32,33,,,,
powertraces-pt200array_pt220_r3_7536323_8-1cf5cef7ab,2026-04-30T19:48:12.978Z,130.489,3,155.38,2520,18,17,,,,
powertraces-pt200array_pt220_r3_7536323_8-1cf5cef7ab,2026-04-30T19:48:13.078Z,130.589,0,185.11,2520,30,31,,,,
powertraces-pt200array_pt220_r3_7536323_8-1cf5cef7ab,2026-04-30T19:48:13.078Z,130.589,1,160.98,2520,36,37,,,,
powertraces-pt200array_pt220_r3_7536323_8-1cf5cef7ab,2026-04-30T19:48:13.078Z,130.589,2,192.35,2520,32,32,,,,
powertraces-pt200array_pt220_r3_7536323_8-1cf5cef7ab,2026-04-30T19:48:13.078Z,130.589,3,155.76,2520,33,33,,,,
powertraces-pt200array_pt220_r3_7536323_8-1cf5cef7ab,2026-04-30T19:48:13.178Z,130.689,0,172.54,2520,13,13,,,,
powertraces-pt200array_pt220_r3_7536323_8-1cf5cef7ab,2026-04-30T19:48:13.178Z,130.689,1,152.0,2520,36,37,,,,
powertraces-pt200array_pt220_r3_7536323_8-1cf5cef7ab,2026-04-30T19:48:13.178Z,130.689,2,183.89,2520,32,32,,,,
powertraces-pt200array_pt220_r3_7536323_8-1cf5cef7ab,2026-04-30T19:48:13.178Z,130.689,3,167.68,2520,33,33,,,,
powertraces-pt200array_pt220_r3_7536323_8-1cf5cef7ab,2026-04-30T19:48:13.278Z,130.789,0,157.83,2520,13,13,,,,
powertraces-pt200array_pt220_r3_7536323_8-1cf5cef7ab,2026-04-30T19:48:13.278Z,130.789,1,162.93,2520,25,24,,,,
powertraces-pt200array_pt220_r3_7536323_8-1cf5cef7ab,2026-04-30T19:48:13.278Z,130.789,2,172.19,2520,29,30,,,,
powertraces-pt200array_pt220_r3_7536323_8-1cf5cef7ab,2026-04-30T19:48:13.278Z,130.789,3,156.75,2520,5,4,,,,
powertraces-pt200array_pt220_r3_7536323_8-1cf5cef7ab,2026-04-30T19:48:13.378Z,130.889,0,160.04,2520,30,31,,,,
powertraces-pt200array_pt220_r3_7536323_8-1cf5cef7ab,2026-04-30T19:48:13.378Z,130.889,1,163.09,2520,25,24,,,,
powertraces-pt200array_pt220_r3_7536323_8-1cf5cef7ab,2026-04-30T19:48:13.378Z,130.889,2,165.92,2520,29,30,,,,
powertraces-pt200array_pt220_r3_7536323_8-1cf5cef7ab,2026-04-30T19:48:13.378Z,130.889,3,155.25,2520,5,4,,,,
powertraces-pt200array_pt220_r3_7536323_8-1cf5cef7ab,2026-04-30T19:48:13.478Z,130.989,0,157.15,2520,30,31,,,,
powertraces-pt200array_pt220_r3_7536323_8-1cf5cef7ab,2026-04-30T19:48:13.478Z,130.989,1,163.93,2520,36,37,,,,
powertraces-pt200array_pt220_r3_7536323_8-1cf5cef7ab,2026-04-30T19:48:13.478Z,130.989,2,162.79,2520,18,17,,,,
powertraces-pt200array_pt220_r3_7536323_8-1cf5cef7ab,2026-04-30T19:48:13.478Z,130.989,3,155.29,2520,33,33,,,,
powertraces-pt200array_pt220_r3_7536323_8-1cf5cef7ab,2026-04-30T19:48:13.578Z,131.089,0,157.2,2520,27,27,,,,
powertraces-pt200array_pt220_r3_7536323_8-1cf5cef7ab,2026-04-30T19:48:13.578Z,131.089,1,165.01,2520,36,37,,,,
powertraces-pt200array_pt220_r3_7536323_8-1cf5cef7ab,2026-04-30T19:48:13.578Z,131.089,2,164.14,2520,18,17,,,,
powertraces-pt200array_pt220_r3_7536323_8-1cf5cef7ab,2026-04-30T19:48:13.578Z,131.089,3,154.22,2520,33,33,,,,
powertraces-pt200array_pt220_r3_7536323_8-1cf5cef7ab,2026-04-30T19:48:13.678Z,131.189,0,157.43,2520,27,27,,,,
powertraces-pt200array_pt220_r3_7536323_8-1cf5cef7ab,2026-04-30T19:48:13.678Z,131.189,1,161.59,2520,11,10,,,,
powertraces-pt200array_pt220_r3_7536323_8-1cf5cef7ab,2026-04-30T19:48:13.678Z,131.189,2,164.24,2520,29,30,,,,
powertraces-pt200array_pt220_r3_7536323_8-1cf5cef7ab,2026-04-30T19:48:13.678Z,131.189,3,154.13,2520,5,5,,,,
powertraces-pt200array_pt220_r3_7536323_8-1cf5cef7ab,2026-04-30T19:48:13.779Z,131.29,0,158.02,2520,27,28,,,,
powertraces-pt200array_pt220_r3_7536323_8-1cf5cef7ab,2026-04-30T19:48:13.779Z,131.29,1,161.65,2520,11,10,,,,
powertraces-pt200array_pt220_r3_7536323_8-1cf5cef7ab,2026-04-30T19:48:13.779Z,131.29,2,167.46,2520,29,30,,,,
powertraces-pt200array_pt220_r3_7536323_8-1cf5cef7ab,2026-04-30T19:48:13.779Z,131.29,3,154.26,2520,5,5,,,,
powertraces-pt200array_pt220_r3_7536323_8-1cf5cef7ab,2026-04-30T19:48:13.879Z,131.39,0,157.98,2520,27,28,,,,
powertraces-pt200array_pt220_r3_7536323_8-1cf5cef7ab,2026-04-30T19:48:13.879Z,131.39,1,159.21,2520,35,36,,,,
powertraces-pt200array_pt220_r3_7536323_8-1cf5cef7ab,2026-04-30T19:48:13.879Z,131.39,2,167.61,2520,8,7,,,,
powertraces-pt200array_pt220_r3_7536323_8-1cf5cef7ab,2026-04-30T19:48:13.879Z,131.39,3,154.99,2520,33,33,,,,
powertraces-pt200array_pt220_r3_7536323_8-1cf5cef7ab,2026-04-30T19:48:13.979Z,131.49,0,157.97,2520,30,30,,,,
powertraces-pt200array_pt220_r3_7536323_8-1cf5cef7ab,2026-04-30T19:48:13.979Z,131.49,1,158.56,2520,35,36,,,,
powertraces-pt200array_pt220_r3_7536323_8-1cf5cef7ab,2026-04-30T19:48:13.979Z,131.49,2,167.69,2520,8,7,,,,
powertraces-pt200array_pt220_r3_7536323_8-1cf5cef7ab,2026-04-30T19:48:13.979Z,131.49,3,154.43,2520,33,33,,,,
powertraces-pt200array_pt220_r3_7536323_8-1cf5cef7ab,2026-04-30T19:48:14.079Z,131.59,0,158.69,2520,30,30,,,,
powertraces-pt200array_pt220_r3_7536323_8-1cf5cef7ab,2026-04-30T19:48:14.079Z,131.59,1,158.58,2520,8,7,,,,
powertraces-pt200array_pt220_r3_7536323_8-1cf5cef7ab,2026-04-30T19:48:14.079Z,131.59,2,168.15,2520,36,36,,,,
powertraces-pt200array_pt220_r3_7536323_8-1cf5cef7ab,2026-04-30T19:48:14.079Z,131.59,3,154.32,2520,18,19,,,,
powertraces-pt200array_pt220_r3_7536323_8-1cf5cef7ab,2026-04-30T19:48:14.179Z,131.69,0,157.71,2520,14,15,,,,
powertraces-pt200array_pt220_r3_7536323_8-1cf5cef7ab,2026-04-30T19:48:14.179Z,131.69,1,159.0,2520,8,7,,,,
powertraces-pt200array_pt220_r3_7536323_8-1cf5cef7ab,2026-04-30T19:48:14.179Z,131.69,2,167.45,2520,36,36,,,,
powertraces-pt200array_pt220_r3_7536323_8-1cf5cef7ab,2026-04-30T19:48:14.179Z,131.69,3,154.72,2520,18,19,,,,
powertraces-pt200array_pt220_r3_7536323_8-1cf5cef7ab,2026-04-30T19:48:14.279Z,131.79,0,157.72,2520,14,15,,,,
powertraces-pt200array_pt220_r3_7536323_8-1cf5cef7ab,2026-04-30T19:48:14.279Z,131.79,1,159.85,2520,29,30,,,,
powertraces-pt200array_pt220_r3_7536323_8-1cf5cef7ab,2026-04-30T19:48:14.279Z,131.79,2,168.02,2520,15,14,,,,
powertraces-pt200array_pt220_r3_7536323_8-1cf5cef7ab,2026-04-30T19:48:14.279Z,131.79,3,156.77,2520,33,33,,,,
powertraces-pt200array_pt220_r3_7536323_8-1cf5cef7ab,2026-04-30T19:48:14.379Z,131.89,0,168.95,2520,72,79,,,,
powertraces-pt200array_pt220_r3_7536323_8-1cf5cef7ab,2026-04-30T19:48:14.379Z,131.89,1,160.12,2520,29,30,,,,
powertraces-pt200array_pt220_r3_7536323_8-1cf5cef7ab,2026-04-30T19:48:14.379Z,131.89,2,168.08,2520,15,14,,,,
powertraces-pt200array_pt220_r3_7536323_8-1cf5cef7ab,2026-04-30T19:48:14.379Z,131.89,3,164.07,2520,33,33,,,,
powertraces-pt200array_pt220_r3_7536323_8-1cf5cef7ab,2026-04-30T19:48:14.48Z,131.991,0,159.51,2520,72,79,,,,
powertraces-pt200array_pt220_r3_7536323_8-1cf5cef7ab,2026-04-30T19:48:14.48Z,131.991,1,167.31,2520,36,34,,,,
powertraces-pt200array_pt220_r3_7536323_8-1cf5cef7ab,2026-04-30T19:48:14.48Z,131.991,2,175.74,2520,98,100,,,,
powertraces-pt200array_pt220_r3_7536323_8-1cf5cef7ab,2026-04-30T19:48:14.48Z,131.991,3,165.59,2520,72,78,,,,
powertraces-pt200array_pt220_r3_7536323_8-1cf5cef7ab,2026-04-30T19:48:14.58Z,132.091,0,159.68,2520,18,16,,,,
powertraces-pt200array_pt220_r3_7536323_8-1cf5cef7ab,2026-04-30T19:48:14.58Z,132.091,1,178.39,2520,36,34,,,,
powertraces-pt200array_pt220_r3_7536323_8-1cf5cef7ab,2026-04-30T19:48:14.58Z,132.091,2,169.27,2520,98,100,,,,
powertraces-pt200array_pt220_r3_7536323_8-1cf5cef7ab,2026-04-30T19:48:14.58Z,132.091,3,176.95,2520,72,78,,,,
powertraces-pt200array_pt220_r3_7536323_8-1cf5cef7ab,2026-04-30T19:48:14.68Z,132.191,0,163.54,2520,18,16,,,,
powertraces-pt200array_pt220_r3_7536323_8-1cf5cef7ab,2026-04-30T19:48:14.68Z,132.191,1,170.55,2520,8,7,,,,
powertraces-pt200array_pt220_r3_7536323_8-1cf5cef7ab,2026-04-30T19:48:14.68Z,132.191,2,162.97,2520,35,35,,,,
powertraces-pt200array_pt220_r3_7536323_8-1cf5cef7ab,2026-04-30T19:48:14.68Z,132.191,3,161.87,2520,17,18,,,,
powertraces-pt200array_pt220_r3_7536323_8-1cf5cef7ab,2026-04-30T19:48:14.78Z,132.291,0,172.98,2520,15,15,,,,
powertraces-pt200array_pt220_r3_7536323_8-1cf5cef7ab,2026-04-30T19:48:14.78Z,132.291,1,172.85,2520,8,7,,,,
powertraces-pt200array_pt220_r3_7536323_8-1cf5cef7ab,2026-04-30T19:48:14.78Z,132.291,2,176.43,2520,35,35,,,,
powertraces-pt200array_pt220_r3_7536323_8-1cf5cef7ab,2026-04-30T19:48:14.78Z,132.291,3,162.39,2520,17,18,,,,
powertraces-pt200array_pt220_r3_7536323_8-1cf5cef7ab,2026-04-30T19:48:14.88Z,132.391,0,159.22,2520,15,15,,,,
powertraces-pt200array_pt220_r3_7536323_8-1cf5cef7ab,2026-04-30T19:48:14.88Z,132.391,1,174.99,2520,29,30,,,,
powertraces-pt200array_pt220_r3_7536323_8-1cf5cef7ab,2026-04-30T19:48:14.88Z,132.391,2,165.71,2520,15,14,,,,
powertraces-pt200array_pt220_r3_7536323_8-1cf5cef7ab,2026-04-30T19:48:14.88Z,132.391,3,175.28,2520,33,33,,,,
powertraces-pt200array_pt220_r3_7536323_8-1cf5cef7ab,2026-04-30T19:48:14.98Z,132.491,0,159.76,2520,30,30,,,,
powertraces-pt200array_pt220_r3_7536323_8-1cf5cef7ab,2026-04-30T19:48:14.98Z,132.491,1,180.27,2520,29,30,,,,
powertraces-pt200array_pt220_r3_7536323_8-1cf5cef7ab,2026-04-30T19:48:14.98Z,132.491,2,164.74,2520,15,14,,,,
powertraces-pt200array_pt220_r3_7536323_8-1cf5cef7ab,2026-04-30T19:48:14.98Z,132.491,3,170.64,2520,33,33,,,,
powertraces-pt200array_pt220_r3_7536323_8-1cf5cef7ab,2026-04-30T19:48:15.08Z,132.591,0,171.26,2520,30,30,,,,
powertraces-pt200array_pt220_r3_7536323_8-1cf5cef7ab,2026-04-30T19:48:15.08Z,132.591,1,165.77,2520,21,20,,,,
powertraces-pt200array_pt220_r3_7536323_8-1cf5cef7ab,2026-04-30T19:48:15.08Z,132.591,2,170.25,2520,36,37,,,,
powertraces-pt200array_pt220_r3_7536323_8-1cf5cef7ab,2026-04-30T19:48:15.08Z,132.591,3,159.36,2520,30,30,,,,
powertraces-pt200array_pt220_r3_7536323_8-1cf5cef7ab,2026-04-30T19:48:15.18Z,132.691,0,167.1,2520,1,1,,,,
powertraces-pt200array_pt220_r3_7536323_8-1cf5cef7ab,2026-04-30T19:48:15.18Z,132.691,1,171.96,2520,21,20,,,,
powertraces-pt200array_pt220_r3_7536323_8-1cf5cef7ab,2026-04-30T19:48:15.181Z,132.692,2,173.99,2520,36,37,,,,
powertraces-pt200array_pt220_r3_7536323_8-1cf5cef7ab,2026-04-30T19:48:15.181Z,132.692,3,161.3,2520,30,30,,,,
powertraces-pt200array_pt220_r3_7536323_8-1cf5cef7ab,2026-04-30T19:48:15.281Z,132.792,0,156.99,2520,1,1,,,,
powertraces-pt200array_pt220_r3_7536323_8-1cf5cef7ab,2026-04-30T19:48:15.281Z,132.792,1,178.5,2520,29,30,,,,
powertraces-pt200array_pt220_r3_7536323_8-1cf5cef7ab,2026-04-30T19:48:15.281Z,132.792,2,169.56,2520,28,28,,,,
powertraces-pt200array_pt220_r3_7536323_8-1cf5cef7ab,2026-04-30T19:48:15.281Z,132.792,3,176.14,2520,27,26,,,,
powertraces-pt200array_pt220_r3_7536323_8-1cf5cef7ab,2026-04-30T19:48:15.381Z,132.892,0,158.66,2520,30,31,,,,
powertraces-pt200array_pt220_r3_7536323_8-1cf5cef7ab,2026-04-30T19:48:15.381Z,132.892,1,174.99,2520,29,30,,,,
powertraces-pt200array_pt220_r3_7536323_8-1cf5cef7ab,2026-04-30T19:48:15.381Z,132.892,2,166.73,2520,28,28,,,,
powertraces-pt200array_pt220_r3_7536323_8-1cf5cef7ab,2026-04-30T19:48:15.381Z,132.892,3,162.1,2520,27,26,,,,
powertraces-pt200array_pt220_r3_7536323_8-1cf5cef7ab,2026-04-30T19:48:15.481Z,132.992,0,161.71,2520,30,31,,,,
powertraces-pt200array_pt220_r3_7536323_8-1cf5cef7ab,2026-04-30T19:48:15.481Z,132.992,1,163.57,2520,34,34,,,,
powertraces-pt200array_pt220_r3_7536323_8-1cf5cef7ab,2026-04-30T19:48:15.481Z,132.992,2,182.59,2520,36,37,,,,
powertraces-pt200array_pt220_r3_7536323_8-1cf5cef7ab,2026-04-30T19:48:15.481Z,132.992,3,153.58,2520,33,33,,,,
powertraces-pt200array_pt220_r3_7536323_8-1cf5cef7ab,2026-04-30T19:48:15.581Z,133.092,0,161.31,2520,5,4,,,,
powertraces-pt200array_pt220_r3_7536323_8-1cf5cef7ab,2026-04-30T19:48:15.581Z,133.092,1,158.66,2520,34,34,,,,
powertraces-pt200array_pt220_r3_7536323_8-1cf5cef7ab,2026-04-30T19:48:15.581Z,133.092,2,171.54,2520,36,37,,,,
powertraces-pt200array_pt220_r3_7536323_8-1cf5cef7ab,2026-04-30T19:48:15.581Z,133.092,3,157.48,2520,33,33,,,,
powertraces-pt200array_pt220_r3_7536323_8-1cf5cef7ab,2026-04-30T19:48:15.681Z,133.192,0,161.34,2520,5,4,,,,
powertraces-pt200array_pt220_r3_7536323_8-1cf5cef7ab,2026-04-30T19:48:15.681Z,133.192,1,157.77,2520,29,30,,,,
powertraces-pt200array_pt220_r3_7536323_8-1cf5cef7ab,2026-04-30T19:48:15.681Z,133.192,2,170.86,2520,29,30,,,,
powertraces-pt200array_pt220_r3_7536323_8-1cf5cef7ab,2026-04-30T19:48:15.681Z,133.192,3,155.22,2520,14,13,,,,
powertraces-pt200array_pt220_r3_7536323_8-1cf5cef7ab,2026-04-30T19:48:15.781Z,133.292,0,162.22,2520,30,31,,,,
powertraces-pt200array_pt220_r3_7536323_8-1cf5cef7ab,2026-04-30T19:48:15.781Z,133.292,1,157.84,2520,29,30,,,,
powertraces-pt200array_pt220_r3_7536323_8-1cf5cef7ab,2026-04-30T19:48:15.781Z,133.292,2,171.35,2520,29,30,,,,
powertraces-pt200array_pt220_r3_7536323_8-1cf5cef7ab,2026-04-30T19:48:15.781Z,133.292,3,155.1,2520,14,13,,,,
powertraces-pt200array_pt220_r3_7536323_8-1cf5cef7ab,2026-04-30T19:48:15.881Z,133.392,0,160.61,2520,30,31,,,,
powertraces-pt200array_pt220_r3_7536323_8-1cf5cef7ab,2026-04-30T19:48:15.881Z,133.392,1,158.38,2520,37,37,,,,
powertraces-pt200array_pt220_r3_7536323_8-1cf5cef7ab,2026-04-30T19:48:15.881Z,133.392,2,171.69,2520,27,27,,,,
powertraces-pt200array_pt220_r3_7536323_8-1cf5cef7ab,2026-04-30T19:48:15.881Z,133.392,3,155.43,2520,33,33,,,,
powertraces-pt200array_pt220_r3_7536323_8-1cf5cef7ab,2026-04-30T19:48:15.982Z,133.493,0,160.61,2520,19,18,,,,
powertraces-pt200array_pt220_r3_7536323_8-1cf5cef7ab,2026-04-30T19:48:15.982Z,133.493,1,159.63,2520,37,37,,,,
powertraces-pt200array_pt220_r3_7536323_8-1cf5cef7ab,2026-04-30T19:48:15.982Z,133.493,2,172.69,2520,27,27,,,,
powertraces-pt200array_pt220_r3_7536323_8-1cf5cef7ab,2026-04-30T19:48:15.982Z,133.493,3,159.52,2520,33,33,,,,
powertraces-pt200array_pt220_r3_7536323_8-1cf5cef7ab,2026-04-30T19:48:16.082Z,133.593,0,160.79,2520,19,18,,,,
powertraces-pt200array_pt220_r3_7536323_8-1cf5cef7ab,2026-04-30T19:48:16.082Z,133.593,1,158.49,2520,20,19,,,,
powertraces-pt200array_pt220_r3_7536323_8-1cf5cef7ab,2026-04-30T19:48:16.082Z,133.593,2,172.71,2520,29,30,,,,
powertraces-pt200array_pt220_r3_7536323_8-1cf5cef7ab,2026-04-30T19:48:16.082Z,133.593,3,159.6,2520,0,0,,,,
powertraces-pt200array_pt220_r3_7536323_8-1cf5cef7ab,2026-04-30T19:48:16.182Z,133.693,0,163.82,2520,30,30,,,,
powertraces-pt200array_pt220_r3_7536323_8-1cf5cef7ab,2026-04-30T19:48:16.182Z,133.693,1,158.56,2520,20,19,,,,
powertraces-pt200array_pt220_r3_7536323_8-1cf5cef7ab,2026-04-30T19:48:16.182Z,133.693,2,174.7,2520,29,30,,,,
powertraces-pt200array_pt220_r3_7536323_8-1cf5cef7ab,2026-04-30T19:48:16.182Z,133.693,3,159.5,2520,0,0,,,,
powertraces-pt200array_pt220_r3_7536323_8-1cf5cef7ab,2026-04-30T19:48:16.282Z,133.793,0,163.81,2520,30,30,,,,
powertraces-pt200array_pt220_r3_7536323_8-1cf5cef7ab,2026-04-30T19:48:16.282Z,133.793,1,161.14,2520,37,37,,,,
powertraces-pt200array_pt220_r3_7536323_8-1cf5cef7ab,2026-04-30T19:48:16.282Z,133.793,2,171.07,2520,13,12,,,,
powertraces-pt200array_pt220_r3_7536323_8-1cf5cef7ab,2026-04-30T19:48:16.282Z,133.793,3,160.13,2520,33,33,,,,
powertraces-pt200array_pt220_r3_7536323_8-1cf5cef7ab,2026-04-30T19:48:16.382Z,133.893,0,163.87,2520,30,31,,,,
powertraces-pt200array_pt220_r3_7536323_8-1cf5cef7ab,2026-04-30T19:48:16.382Z,133.893,1,164.24,2520,37,37,,,,
powertraces-pt200array_pt220_r3_7536323_8-1cf5cef7ab,2026-04-30T19:48:16.382Z,133.893,2,168.74,2520,13,12,,,,
powertraces-pt200array_pt220_r3_7536323_8-1cf5cef7ab,2026-04-30T19:48:16.382Z,133.893,3,158.93,2520,33,33,,,,
powertraces-pt200array_pt220_r3_7536323_8-1cf5cef7ab,2026-04-30T19:48:16.482Z,133.993,0,164.5,2520,30,31,,,,
powertraces-pt200array_pt220_r3_7536323_8-1cf5cef7ab,2026-04-30T19:48:16.482Z,133.993,1,164.25,2520,8,7,,,,
powertraces-pt200array_pt220_r3_7536323_8-1cf5cef7ab,2026-04-30T19:48:16.482Z,133.993,2,169.05,2520,29,30,,,,
powertraces-pt200array_pt220_r3_7536323_8-1cf5cef7ab,2026-04-30T19:48:16.482Z,133.993,3,158.85,2520,10,10,,,,
powertraces-pt200array_pt220_r3_7536323_8-1cf5cef7ab,2026-04-30T19:48:16.582Z,134.093,0,163.21,2520,22,23,,,,
powertraces-pt200array_pt220_r3_7536323_8-1cf5cef7ab,2026-04-30T19:48:16.582Z,134.093,1,174.75,2520,8,7,,,,
powertraces-pt200array_pt220_r3_7536323_8-1cf5cef7ab,2026-04-30T19:48:16.582Z,134.093,2,168.77,2520,29,30,,,,
powertraces-pt200array_pt220_r3_7536323_8-1cf5cef7ab,2026-04-30T19:48:16.582Z,134.093,3,159.03,2520,10,10,,,,
powertraces-pt200array_pt220_r3_7536323_8-1cf5cef7ab,2026-04-30T19:48:16.682Z,134.193,0,176.1,2520,22,23,,,,
powertraces-pt200array_pt220_r3_7536323_8-1cf5cef7ab,2026-04-30T19:48:16.682Z,134.193,1,173.98,2520,68,73,,,,
powertraces-pt200array_pt220_r3_7536323_8-1cf5cef7ab,2026-04-30T19:48:16.682Z,134.193,2,178.81,2520,44,48,,,,
powertraces-pt200array_pt220_r3_7536323_8-1cf5cef7ab,2026-04-30T19:48:16.682Z,134.193,3,166.2,2520,66,71,,,,
powertraces-pt200array_pt220_r3_7536323_8-1cf5cef7ab,2026-04-30T19:48:16.783Z,134.294,0,189.07,2520,21,18,,,,
powertraces-pt200array_pt220_r3_7536323_8-1cf5cef7ab,2026-04-30T19:48:16.783Z,134.294,1,158.77,2520,68,73,,,,
powertraces-pt200array_pt220_r3_7536323_8-1cf5cef7ab,2026-04-30T19:48:16.783Z,134.294,2,181.46,2520,44,48,,,,
powertraces-pt200array_pt220_r3_7536323_8-1cf5cef7ab,2026-04-30T19:48:16.783Z,134.294,3,158.41,2520,66,71,,,,
powertraces-pt200array_pt220_r3_7536323_8-1cf5cef7ab,2026-04-30T19:48:16.883Z,134.394,0,184.25,2520,21,18,,,,
powertraces-pt200array_pt220_r3_7536323_8-1cf5cef7ab,2026-04-30T19:48:16.883Z,134.394,1,166.53,2520,36,37,,,,
powertraces-pt200array_pt220_r3_7536323_8-1cf5cef7ab,2026-04-30T19:48:16.883Z,134.394,2,183.06,2520,25,23,,,,
powertraces-pt200array_pt220_r3_7536323_8-1cf5cef7ab,2026-04-30T19:48:16.883Z,134.394,3,160.65,2520,33,33,,,,
powertraces-pt200array_pt220_r3_7536323_8-1cf5cef7ab,2026-04-30T19:48:16.983Z,134.494,0,175.05,2520,30,30,,,,
powertraces-pt200array_pt220_r3_7536323_8-1cf5cef7ab,2026-04-30T19:48:16.983Z,134.494,1,174.65,2520,36,37,,,,
powertraces-pt200array_pt220_r3_7536323_8-1cf5cef7ab,2026-04-30T19:48:16.983Z,134.494,2,177.59,2520,25,23,,,,
powertraces-pt200array_pt220_r3_7536323_8-1cf5cef7ab,2026-04-30T19:48:16.983Z,134.494,3,175.3,2520,33,33,,,,
powertraces-pt200array_pt220_r3_7536323_8-1cf5cef7ab,2026-04-30T19:48:17.083Z,134.594,0,176.96,2520,30,30,,,,
powertraces-pt200array_pt220_r3_7536323_8-1cf5cef7ab,2026-04-30T19:48:17.083Z,134.594,1,170.56,2520,8,7,,,,
powertraces-pt200array_pt220_r3_7536323_8-1cf5cef7ab,2026-04-30T19:48:17.083Z,134.594,2,174.08,2520,29,30,,,,
powertraces-pt200array_pt220_r3_7536323_8-1cf5cef7ab,2026-04-30T19:48:17.083Z,134.594,3,158.17,2520,8,8,,,,
powertraces-pt200array_pt220_r3_7536323_8-1cf5cef7ab,2026-04-30T19:48:17.183Z,134.694,0,190.43,2520,24,25,,,,
powertraces-pt200array_pt220_r3_7536323_8-1cf5cef7ab,2026-04-30T19:48:17.183Z,134.694,1,162.56,2520,8,7,,,,
powertraces-pt200array_pt220_r3_7536323_8-1cf5cef7ab,2026-04-30T19:48:17.183Z,134.694,2,189.84,2520,29,30,,,,
powertraces-pt200array_pt220_r3_7536323_8-1cf5cef7ab,2026-04-30T19:48:17.183Z,134.694,3,158.41,2520,8,8,,,,
powertraces-pt200array_pt220_r3_7536323_8-1cf5cef7ab,2026-04-30T19:48:17.283Z,134.794,0,175.66,2520,24,25,,,,
powertraces-pt200array_pt220_r3_7536323_8-1cf5cef7ab,2026-04-30T19:48:17.283Z,134.794,1,163.51,2520,32,33,,,,
powertraces-pt200array_pt220_r3_7536323_8-1cf5cef7ab,2026-04-30T19:48:17.283Z,134.794,2,183.95,2520,8,7,,,,
powertraces-pt200array_pt220_r3_7536323_8-1cf5cef7ab,2026-04-30T19:48:17.283Z,134.794,3,164.28,2520,33,33,,,,
powertraces-pt200array_pt220_r3_7536323_8-1cf5cef7ab,2026-04-30T19:48:17.383Z,134.894,0,175.99,2520,30,30,,,,
powertraces-pt200array_pt220_r3_7536323_8-1cf5cef7ab,2026-04-30T19:48:17.383Z,134.894,1,169.35,2520,32,33,,,,
powertraces-pt200array_pt220_r3_7536323_8-1cf5cef7ab,2026-04-30T19:48:17.383Z,134.894,2,181.88,2520,8,7,,,,
powertraces-pt200array_pt220_r3_7536323_8-1cf5cef7ab,2026-04-30T19:48:17.383Z,134.894,3,170.34,2520,33,33,,,,
powertraces-pt200array_pt220_r3_7536323_8-1cf5cef7ab,2026-04-30T19:48:17.483Z,134.994,0,181.63,2520,30,30,,,,
powertraces-pt200array_pt220_r3_7536323_8-1cf5cef7ab,2026-04-30T19:48:17.483Z,134.994,1,157.46,2520,12,11,,,,
powertraces-pt200array_pt220_r3_7536323_8-1cf5cef7ab,2026-04-30T19:48:17.483Z,134.994,2,177.65,2520,36,37,,,,
powertraces-pt200array_pt220_r3_7536323_8-1cf5cef7ab,2026-04-30T19:48:17.483Z,134.994,3,155.99,2520,22,22,,,,
powertraces-pt200array_pt220_r3_7536323_8-1cf5cef7ab,2026-04-30T19:48:17.584Z,135.095,0,186.5,2520,10,11,,,,
powertraces-pt200array_pt220_r3_7536323_8-1cf5cef7ab,2026-04-30T19:48:17.584Z,135.095,1,160.63,2520,12,11,,,,
powertraces-pt200array_pt220_r3_7536323_8-1cf5cef7ab,2026-04-30T19:48:17.584Z,135.095,2,188.85,2520,36,37,,,,
powertraces-pt200array_pt220_r3_7536323_8-1cf5cef7ab,2026-04-30T19:48:17.584Z,135.095,3,156.86,2520,22,22,,,,
powertraces-pt200array_pt220_r3_7536323_8-1cf5cef7ab,2026-04-30T19:48:17.684Z,135.195,0,172.96,2520,10,11,,,,
powertraces-pt200array_pt220_r3_7536323_8-1cf5cef7ab,2026-04-30T19:48:17.684Z,135.195,1,153.66,2520,29,30,,,,
powertraces-pt200array_pt220_r3_7536323_8-1cf5cef7ab,2026-04-30T19:48:17.684Z,135.195,2,177.74,2520,19,18,,,,
powertraces-pt200array_pt220_r3_7536323_8-1cf5cef7ab,2026-04-30T19:48:17.684Z,135.195,3,172.73,2520,33,33,,,,
powertraces-pt200array_pt220_r3_7536323_8-1cf5cef7ab,2026-04-30T19:48:17.784Z,135.295,0,160.86,2520,30,30,,,,
powertraces-pt200array_pt220_r3_7536323_8-1cf5cef7ab,2026-04-30T19:48:17.784Z,135.295,1,160.19,2520,29,30,,,,
powertraces-pt200array_pt220_r3_7536323_8-1cf5cef7ab,2026-04-30T19:48:17.784Z,135.295,2,166.59,2520,19,18,,,,
powertraces-pt200array_pt220_r3_7536323_8-1cf5cef7ab,2026-04-30T19:48:17.784Z,135.295,3,160.06,2520,33,33,,,,
powertraces-pt200array_pt220_r3_7536323_8-1cf5cef7ab,2026-04-30T19:48:17.884Z,135.395,0,163.69,2520,30,30,,,,
powertraces-pt200array_pt220_r3_7536323_8-1cf5cef7ab,2026-04-30T19:48:17.884Z,135.395,1,160.23,2520,25,25,,,,
powertraces-pt200array_pt220_r3_7536323_8-1cf5cef7ab,2026-04-30T19:48:17.884Z,135.395,2,171.55,2520,36,37,,,,
powertraces-pt200array_pt220_r3_7536323_8-1cf5cef7ab,2026-04-30T19:48:17.884Z,135.395,3,157.47,2520,33,33,,,,
powertraces-pt200array_pt220_r3_7536323_8-1cf5cef7ab,2026-04-30T19:48:17.984Z,135.495,0,163.62,2520,0,0,,,,
powertraces-pt200array_pt220_r3_7536323_8-1cf5cef7ab,2026-04-30T19:48:17.984Z,135.495,1,161.39,2520,25,25,,,,
powertraces-pt200array_pt220_r3_7536323_8-1cf5cef7ab,2026-04-30T19:48:17.984Z,135.495,2,169.29,2520,36,37,,,,
powertraces-pt200array_pt220_r3_7536323_8-1cf5cef7ab,2026-04-30T19:48:17.984Z,135.495,3,157.67,2520,33,33,,,,
powertraces-pt200array_pt220_r3_7536323_8-1cf5cef7ab,2026-04-30T19:48:18.084Z,135.595,0,163.6,2520,0,0,,,,
powertraces-pt200array_pt220_r3_7536323_8-1cf5cef7ab,2026-04-30T19:48:18.084Z,135.595,1,163.53,2520,29,30,,,,
powertraces-pt200array_pt220_r3_7536323_8-1cf5cef7ab,2026-04-30T19:48:18.084Z,135.595,2,166.32,2520,32,32,,,,
powertraces-pt200array_pt220_r3_7536323_8-1cf5cef7ab,2026-04-30T19:48:18.084Z,135.595,3,157.23,2520,23,22,,,,
powertraces-pt200array_pt220_r3_7536323_8-1cf5cef7ab,2026-04-30T19:48:18.184Z,135.695,0,164.08,2520,30,30,,,,
powertraces-pt200array_pt220_r3_7536323_8-1cf5cef7ab,2026-04-30T19:48:18.184Z,135.695,1,163.48,2520,29,30,,,,
powertraces-pt200array_pt220_r3_7536323_8-1cf5cef7ab,2026-04-30T19:48:18.184Z,135.695,2,166.49,2520,32,32,,,,
powertraces-pt200array_pt220_r3_7536323_8-1cf5cef7ab,2026-04-30T19:48:18.184Z,135.695,3,157.29,2520,23,22,,,,
powertraces-pt200array_pt220_r3_7536323_8-1cf5cef7ab,2026-04-30T19:48:18.285Z,135.796,0,163.66,2520,30,30,,,,
powertraces-pt200array_pt220_r3_7536323_8-1cf5cef7ab,2026-04-30T19:48:18.285Z,135.796,1,163.54,2520,36,37,,,,
powertraces-pt200array_pt220_r3_7536323_8-1cf5cef7ab,2026-04-30T19:48:18.285Z,135.796,2,166.51,2520,36,37,,,,
powertraces-pt200array_pt220_r3_7536323_8-1cf5cef7ab,2026-04-30T19:48:18.285Z,135.796,3,157.23,2520,33,33,,,,
powertraces-pt200array_pt220_r3_7536323_8-1cf5cef7ab,2026-04-30T19:48:18.385Z,135.896,0,163.66,2520,9,8,,,,
powertraces-pt200array_pt220_r3_7536323_8-1cf5cef7ab,2026-04-30T19:48:18.385Z,135.896,1,163.92,2520,36,37,,,,
powertraces-pt200array_pt220_r3_7536323_8-1cf5cef7ab,2026-04-30T19:48:18.385Z,135.896,2,166.8,2520,36,37,,,,
powertraces-pt200array_pt220_r3_7536323_8-1cf5cef7ab,2026-04-30T19:48:18.385Z,135.896,3,159.29,2520,33,33,,,,
powertraces-pt200array_pt220_r3_7536323_8-1cf5cef7ab,2026-04-30T19:48:18.485Z,135.996,0,163.66,2520,9,8,,,,
powertraces-pt200array_pt220_r3_7536323_8-1cf5cef7ab,2026-04-30T19:48:18.485Z,135.996,1,162.63,2520,29,29,,,,
powertraces-pt200array_pt220_r3_7536323_8-1cf5cef7ab,2026-04-30T19:48:18.485Z,135.996,2,166.83,2520,29,30,,,,
powertraces-pt200array_pt220_r3_7536323_8-1cf5cef7ab,2026-04-30T19:48:18.485Z,135.996,3,158.35,2520,9,8,,,,
powertraces-pt200array_pt220_r3_7536323_8-1cf5cef7ab,2026-04-30T19:48:18.585Z,136.096,0,164.78,2520,30,30,,,,
powertraces-pt200array_pt220_r3_7536323_8-1cf5cef7ab,2026-04-30T19:48:18.585Z,136.096,1,162.68,2520,29,29,,,,
powertraces-pt200array_pt220_r3_7536323_8-1cf5cef7ab,2026-04-30T19:48:18.585Z,136.096,2,167.33,2520,29,30,,,,
powertraces-pt200array_pt220_r3_7536323_8-1cf5cef7ab,2026-04-30T19:48:18.585Z,136.096,3,158.44,2520,9,8,,,,
powertraces-pt200array_pt220_r3_7536323_8-1cf5cef7ab,2026-04-30T19:48:18.685Z,136.196,0,162.63,2520,30,30,,,,
powertraces-pt200array_pt220_r3_7536323_8-1cf5cef7ab,2026-04-30T19:48:18.685Z,136.196,1,163.37,2520,36,37,,,,
powertraces-pt200array_pt220_r3_7536323_8-1cf5cef7ab,2026-04-30T19:48:18.685Z,136.196,2,166.71,2520,23,22,,,,
powertraces-pt200array_pt220_r3_7536323_8-1cf5cef7ab,2026-04-30T19:48:18.685Z,136.196,3,158.68,2520,33,33,,,,
powertraces-pt200array_pt220_r3_7536323_8-1cf5cef7ab,2026-04-30T19:48:18.785Z,136.296,0,162.71,2520,22,22,,,,
powertraces-pt200array_pt220_r3_7536323_8-1cf5cef7ab,2026-04-30T19:48:18.785Z,136.296,1,164.43,2520,36,37,,,,
powertraces-pt200array_pt220_r3_7536323_8-1cf5cef7ab,2026-04-30T19:48:18.785Z,136.296,2,168.09,2520,23,22,,,,
powertraces-pt200array_pt220_r3_7536323_8-1cf5cef7ab,2026-04-30T19:48:18.785Z,136.296,3,158.31,2520,33,33,,,,
powertraces-pt200array_pt220_r3_7536323_8-1cf5cef7ab,2026-04-30T19:48:18.885Z,136.396,0,173.26,2520,22,22,,,,
powertraces-pt200array_pt220_r3_7536323_8-1cf5cef7ab,2026-04-30T19:48:18.885Z,136.396,1,167.98,2520,90,97,,,,
powertraces-pt200array_pt220_r3_7536323_8-1cf5cef7ab,2026-04-30T19:48:18.885Z,136.396,2,168.23,2520,29,30,,,,
powertraces-pt200array_pt220_r3_7536323_8-1cf5cef7ab,2026-04-30T19:48:18.885Z,136.396,3,164.83,2520,15,16,,,,
powertraces-pt200array_pt220_r3_7536323_8-1cf5cef7ab,2026-04-30T19:48:18.985Z,136.496,0,157.91,2520,54,57,,,,
powertraces-pt200array_pt220_r3_7536323_8-1cf5cef7ab,2026-04-30T19:48:18.985Z,136.496,1,172.22,2520,90,97,,,,
powertraces-pt200array_pt220_r3_7536323_8-1cf5cef7ab,2026-04-30T19:48:18.985Z,136.496,2,172.93,2520,29,30,,,,
powertraces-pt200array_pt220_r3_7536323_8-1cf5cef7ab,2026-04-30T19:48:18.985Z,136.496,3,167.36,2520,15,16,,,,
powertraces-pt200array_pt220_r3_7536323_8-1cf5cef7ab,2026-04-30T19:48:19.086Z,136.597,0,158.29,2520,54,57,,,,
powertraces-pt200array_pt220_r3_7536323_8-1cf5cef7ab,2026-04-30T19:48:19.086Z,136.597,1,177.43,2520,29,30,,,,
powertraces-pt200array_pt220_r3_7536323_8-1cf5cef7ab,2026-04-30T19:48:19.086Z,136.597,2,172.49,2520,33,32,,,,
powertraces-pt200array_pt220_r3_7536323_8-1cf5cef7ab,2026-04-30T19:48:19.086Z,136.597,3,174.15,2520,31,27,,,,
powertraces-pt200array_pt220_r3_7536323_8-1cf5cef7ab,2026-04-30T19:48:19.186Z,136.697,0,164.63,2520,30,30,,,,
powertraces-pt200array_pt220_r3_7536323_8-1cf5cef7ab,2026-04-30T19:48:19.186Z,136.697,1,164.54,2520,29,30,,,,
powertraces-pt200array_pt220_r3_7536323_8-1cf5cef7ab,2026-04-30T19:48:19.186Z,136.697,2,169.46,2520,33,32,,,,
powertraces-pt200array_pt220_r3_7536323_8-1cf5cef7ab,2026-04-30T19:48:19.186Z,136.697,3,159.23,2520,31,27,,,,
powertraces-pt200array_pt220_r3_7536323_8-1cf5cef7ab,2026-04-30T19:48:19.286Z,136.797,0,168.66,2520,30,30,,,,
powertraces-pt200array_pt220_r3_7536323_8-1cf5cef7ab,2026-04-30T19:48:19.286Z,136.797,1,167.85,2520,37,37,,,,
powertraces-pt200array_pt220_r3_7536323_8-1cf5cef7ab,2026-04-30T19:48:19.286Z,136.797,2,180.15,2520,24,24,,,,
powertraces-pt200array_pt220_r3_7536323_8-1cf5cef7ab,2026-04-30T19:48:19.286Z,136.797,3,160.19,2520,33,33,,,,
powertraces-pt200array_pt220_r3_7536323_8-1cf5cef7ab,2026-04-30T19:48:19.386Z,136.897,0,154.92,2520,21,20,,,,
powertraces-pt200array_pt220_r3_7536323_8-1cf5cef7ab,2026-04-30T19:48:19.386Z,136.897,1,171.56,2520,37,37,,,,
powertraces-pt200array_pt220_r3_7536323_8-1cf5cef7ab,2026-04-30T19:48:19.386Z,136.897,2,169.64,2520,24,24,,,,
powertraces-pt200array_pt220_r3_7536323_8-1cf5cef7ab,2026-04-30T19:48:19.386Z,136.897,3,176.89,2520,33,33,,,,
powertraces-pt200array_pt220_r3_7536323_8-1cf5cef7ab,2026-04-30T19:48:19.486Z,136.997,0,155.8,2520,21,20,,,,
powertraces-pt200array_pt220_r3_7536323_8-1cf5cef7ab,2026-04-30T19:48:19.486Z,136.997,1,176.06,2520,17,17,,,,
powertraces-pt200array_pt220_r3_7536323_8-1cf5cef7ab,2026-04-30T19:48:19.486Z,136.997,2,168.11,2520,29,30,,,,
powertraces-pt200array_pt220_r3_7536323_8-1cf5cef7ab,2026-04-30T19:48:19.486Z,136.997,3,168.95,2520,0,0,,,,
powertraces-pt200array_pt220_r3_7536323_8-1cf5cef7ab,2026-04-30T19:48:19.586Z,137.097,0,171.48,2520,30,30,,,,
powertraces-pt200array_pt220_r3_7536323_8-1cf5cef7ab,2026-04-30T19:48:19.586Z,137.097,1,163.25,2520,17,17,,,,
powertraces-pt200array_pt220_r3_7536323_8-1cf5cef7ab,2026-04-30T19:48:19.586Z,137.097,2,176.35,2520,29,30,,,,
powertraces-pt200array_pt220_r3_7536323_8-1cf5cef7ab,2026-04-30T19:48:19.586Z,137.097,3,161.47,2520,0,0,,,,
powertraces-pt200array_pt220_r3_7536323_8-1cf5cef7ab,2026-04-30T19:48:19.686Z,137.197,0,164.56,2520,30,30,,,,
powertraces-pt200array_pt220_r3_7536323_8-1cf5cef7ab,2026-04-30T19:48:19.686Z,137.197,1,173.46,2520,36,37,,,,
powertraces-pt200array_pt220_r3_7536323_8-1cf5cef7ab,2026-04-30T19:48:19.686Z,137.197,2,173.82,2520,11,10,,,,
powertraces-pt200array_pt220_r3_7536323_8-1cf5cef7ab,2026-04-30T19:48:19.686Z,137.197,3,164.06,2520,33,33,,,,
powertraces-pt200array_pt220_r3_7536323_8-1cf5cef7ab,2026-04-30T19:48:19.786Z,137.297,0,159.67,2520,30,30,,,,
powertraces-pt200array_pt220_r3_7536323_8-1cf5cef7ab,2026-04-30T19:48:19.786Z,137.297,1,185.45,2520,36,37,,,,
powertraces-pt200array_pt220_r3_7536323_8-1cf5cef7ab,2026-04-30T19:48:19.786Z,137.297,2,166.36,2520,11,10,,,,
powertraces-pt200array_pt220_r3_7536323_8-1cf5cef7ab,2026-04-30T19:48:19.786Z,137.297,3,177.31,2520,33,33,,,,
powertraces-pt200array_pt220_r3_7536323_8-1cf5cef7ab,2026-04-30T19:48:19.887Z,137.398,0,162.34,2520,30,30,,,,
powertraces-pt200array_pt220_r3_7536323_8-1cf5cef7ab,2026-04-30T19:48:19.887Z,137.398,1,180.14,2520,8,7,,,,
powertraces-pt200array_pt220_r3_7536323_8-1cf5cef7ab,2026-04-30T19:48:19.887Z,137.398,2,161.64,2520,30,31,,,,
powertraces-pt200array_pt220_r3_7536323_8-1cf5cef7ab,2026-04-30T19:48:19.887Z,137.398,3,161.53,2520,12,12,,,,
powertraces-pt200array_pt220_r3_7536323_8-1cf5cef7ab,2026-04-30T19:48:19.987Z,137.498,0,163.7,2520,20,21,,,,
powertraces-pt200array_pt220_r3_7536323_8-1cf5cef7ab,2026-04-30T19:48:19.987Z,137.498,1,169.67,2520,8,7,,,,
powertraces-pt200array_pt220_r3_7536323_8-1cf5cef7ab,2026-04-30T19:48:19.987Z,137.498,2,176.47,2520,30,31,,,,
powertraces-pt200array_pt220_r3_7536323_8-1cf5cef7ab,2026-04-30T19:48:19.987Z,137.498,3,155.3,2520,12,12,,,,
powertraces-pt200array_pt220_r3_7536323_8-1cf5cef7ab,2026-04-30T19:48:20.087Z,137.598,0,163.08,2520,20,21,,,,
powertraces-pt200array_pt220_r3_7536323_8-1cf5cef7ab,2026-04-30T19:48:20.087Z,137.598,1,167.22,2520,29,30,,,,
powertraces-pt200array_pt220_r3_7536323_8-1cf5cef7ab,2026-04-30T19:48:20.087Z,137.598,2,166.51,2520,10,9,,,,
powertraces-pt200array_pt220_r3_7536323_8-1cf5cef7ab,2026-04-30T19:48:20.087Z,137.598,3,161.23,2520,33,33,,,,
powertraces-pt200array_pt220_r3_7536323_8-1cf5cef7ab,2026-04-30T19:48:20.187Z,137.698,0,163.14,2520,30,31,,,,
powertraces-pt200array_pt220_r3_7536323_8-1cf5cef7ab,2026-04-30T19:48:20.187Z,137.698,1,166.31,2520,29,30,,,,
powertraces-pt200array_pt220_r3_7536323_8-1cf5cef7ab,2026-04-30T19:48:20.187Z,137.698,2,165.33,2520,10,9,,,,
powertraces-pt200array_pt220_r3_7536323_8-1cf5cef7ab,2026-04-30T19:48:20.187Z,137.698,3,158.27,2520,33,33,,,,
powertraces-pt200array_pt220_r3_7536323_8-1cf5cef7ab,2026-04-30T19:48:20.287Z,137.798,0,164.61,2520,30,31,,,,
powertraces-pt200array_pt220_r3_7536323_8-1cf5cef7ab,2026-04-30T19:48:20.287Z,137.798,1,166.28,2520,16,15,,,,
powertraces-pt200array_pt220_r3_7536323_8-1cf5cef7ab,2026-04-30T19:48:20.287Z,137.798,2,166.06,2520,36,37,,,,
powertraces-pt200array_pt220_r3_7536323_8-1cf5cef7ab,2026-04-30T19:48:20.287Z,137.798,3,158.15,2520,26,27,,,,
powertraces-pt200array_pt220_r3_7536323_8-1cf5cef7ab,2026-04-30T19:48:20.387Z,137.898,0,161.69,2520,6,6,,,,
powertraces-pt200array_pt220_r3_7536323_8-1cf5cef7ab,2026-04-30T19:48:20.387Z,137.898,1,167.58,2520,16,15,,,,
powertraces-pt200array_pt220_r3_7536323_8-1cf5cef7ab,2026-04-30T19:48:20.387Z,137.898,2,164.62,2520,36,37,,,,
powertraces-pt200array_pt220_r3_7536323_8-1cf5cef7ab,2026-04-30T19:48:20.387Z,137.898,3,158.57,2520,26,27,,,,
powertraces-pt200array_pt220_r3_7536323_8-1cf5cef7ab,2026-04-30T19:48:20.487Z,137.998,0,161.71,2520,6,6,,,,
powertraces-pt200array_pt220_r3_7536323_8-1cf5cef7ab,2026-04-30T19:48:20.487Z,137.998,1,168.8,2520,29,30,,,,
powertraces-pt200array_pt220_r3_7536323_8-1cf5cef7ab,2026-04-30T19:48:20.487Z,137.998,2,165.94,2520,23,23,,,,
powertraces-pt200array_pt220_r3_7536323_8-1cf5cef7ab,2026-04-30T19:48:20.487Z,137.998,3,157.35,2520,32,31,,,,
powertraces-pt200array_pt220_r3_7536323_8-1cf5cef7ab,2026-04-30T19:48:20.587Z,138.098,0,161.96,2520,30,30,,,,
powertraces-pt200array_pt220_r3_7536323_8-1cf5cef7ab,2026-04-30T19:48:20.587Z,138.098,1,165.99,2520,29,30,,,,
powertraces-pt200array_pt220_r3_7536323_8-1cf5cef7ab,2026-04-30T19:48:20.587Z,138.098,2,166.05,2520,23,23,,,,
powertraces-pt200array_pt220_r3_7536323_8-1cf5cef7ab,2026-04-30T19:48:20.588Z,138.099,3,157.39,2520,32,31,,,,
powertraces-pt200array_pt220_r3_7536323_8-1cf5cef7ab,2026-04-30T19:48:20.688Z,138.199,0,160.27,2520,30,30,,,,
powertraces-pt200array_pt220_r3_7536323_8-1cf5cef7ab,2026-04-30T19:48:20.688Z,138.199,1,166.18,2520,30,30,,,,
powertraces-pt200array_pt220_r3_7536323_8-1cf5cef7ab,2026-04-30T19:48:20.688Z,138.199,2,169.02,2520,36,37,,,,
powertraces-pt200array_pt220_r3_7536323_8-1cf5cef7ab,2026-04-30T19:48:20.688Z,138.199,3,157.34,2520,33,33,,,,
powertraces-pt200array_pt220_r3_7536323_8-1cf5cef7ab,2026-04-30T19:48:20.788Z,138.299,0,160.23,2520,0,0,,,,
powertraces-pt200array_pt220_r3_7536323_8-1cf5cef7ab,2026-04-30T19:48:20.788Z,138.299,1,164.0,2520,30,30,,,,
powertraces-pt200array_pt220_r3_7536323_8-1cf5cef7ab,2026-04-30T19:48:20.788Z,138.299,2,169.27,2520,36,37,,,,
powertraces-pt200array_pt220_r3_7536323_8-1cf5cef7ab,2026-04-30T19:48:20.788Z,138.299,3,158.56,2520,33,33,,,,
powertraces-pt200array_pt220_r3_7536323_8-1cf5cef7ab,2026-04-30T19:48:20.888Z,138.399,0,160.28,2520,0,0,,,,
powertraces-pt200array_pt220_r3_7536323_8-1cf5cef7ab,2026-04-30T19:48:20.888Z,138.399,1,164.71,2520,29,30,,,,
powertraces-pt200array_pt220_r3_7536323_8-1cf5cef7ab,2026-04-30T19:48:20.888Z,138.399,2,165.12,2520,32,33,,,,
powertraces-pt200array_pt220_r3_7536323_8-1cf5cef7ab,2026-04-30T19:48:20.888Z,138.399,3,156.94,2520,18,17,,,,
powertraces-pt200array_pt220_r3_7536323_8-1cf5cef7ab,2026-04-30T19:48:20.988Z,138.499,0,160.92,2520,30,30,,,,
powertraces-pt200array_pt220_r3_7536323_8-1cf5cef7ab,2026-04-30T19:48:20.988Z,138.499,1,164.65,2520,29,30,,,,
powertraces-pt200array_pt220_r3_7536323_8-1cf5cef7ab,2026-04-30T19:48:20.988Z,138.499,2,165.56,2520,32,33,,,,
powertraces-pt200array_pt220_r3_7536323_8-1cf5cef7ab,2026-04-30T19:48:20.988Z,138.499,3,156.85,2520,18,17,,,,
powertraces-pt200array_pt220_r3_7536323_8-1cf5cef7ab,2026-04-30T19:48:21.088Z,138.599,0,159.73,2520,30,30,,,,
powertraces-pt200array_pt220_r3_7536323_8-1cf5cef7ab,2026-04-30T19:48:21.088Z,138.599,1,174.27,2520,65,69,,,,
powertraces-pt200array_pt220_r3_7536323_8-1cf5cef7ab,2026-04-30T19:48:21.088Z,138.599,2,164.78,2520,32,32,,,,
powertraces-pt200array_pt220_r3_7536323_8-1cf5cef7ab,2026-04-30T19:48:21.088Z,138.599,3,156.9,2520,33,33,,,,
powertraces-pt200array_pt220_r3_7536323_8-1cf5cef7ab,2026-04-30T19:48:21.188Z,138.699,0,172.37,2520,95,100,,,,
powertraces-pt200array_pt220_r3_7536323_8-1cf5cef7ab,2026-04-30T19:48:21.188Z,138.699,1,175.09,2520,65,69,,,,
powertraces-pt200array_pt220_r3_7536323_8-1cf5cef7ab,2026-04-30T19:48:21.188Z,138.699,2,173.58,2520,32,32,,,,
powertraces-pt200array_pt220_r3_7536323_8-1cf5cef7ab,2026-04-30T19:48:21.188Z,138.699,3,160.92,2520,33,33,,,,
powertraces-pt200array_pt220_r3_7536323_8-1cf5cef7ab,2026-04-30T19:48:21.288Z,138.799,0,185.95,2520,95,100,,,,
powertraces-pt200array_pt220_r3_7536323_8-1cf5cef7ab,2026-04-30T19:48:21.288Z,138.799,1,167.57,2520,23,20,,,,
powertraces-pt200array_pt220_r3_7536323_8-1cf5cef7ab,2026-04-30T19:48:21.288Z,138.799,2,177.34,2520,72,79,,,,
powertraces-pt200array_pt220_r3_7536323_8-1cf5cef7ab,2026-04-30T19:48:21.288Z,138.799,3,159.14,2520,50,51,,,,
powertraces-pt200array_pt220_r3_7536323_8-1cf5cef7ab,2026-04-30T19:48:21.389Z,138.9,0,178.03,2520,0,0,,,,
powertraces-pt200array_pt220_r3_7536323_8-1cf5cef7ab,2026-04-30T19:48:21.389Z,138.9,1,172.62,2520,23,20,,,,
powertraces-pt200array_pt220_r3_7536323_8-1cf5cef7ab,2026-04-30T19:48:21.389Z,138.9,2,174.64,2520,72,79,,,,
powertraces-pt200array_pt220_r3_7536323_8-1cf5cef7ab,2026-04-30T19:48:21.389Z,138.9,3,162.47,2520,50,51,,,,
powertraces-pt200array_pt220_r3_7536323_8-1cf5cef7ab,2026-04-30T19:48:21.489Z,139.0,0,174.61,2520,0,0,,,,
powertraces-pt200array_pt220_r3_7536323_8-1cf5cef7ab,2026-04-30T19:48:21.489Z,139.0,1,185.82,2520,29,30,,,,
powertraces-pt200array_pt220_r3_7536323_8-1cf5cef7ab,2026-04-30T19:48:21.489Z,139.0,2,165.7,2520,32,33,,,,
powertraces-pt200array_pt220_r3_7536323_8-1cf5cef7ab,2026-04-30T19:48:21.489Z,139.0,3,175.24,2520,19,18,,,,
powertraces-pt200array_pt220_r3_7536323_8-1cf5cef7ab,2026-04-30T19:48:21.589Z,139.1,0,178.24,2520,30,31,,,,
powertraces-pt200array_pt220_r3_7536323_8-1cf5cef7ab,2026-04-30T19:48:21.589Z,139.1,1,179.94,2520,29,30,,,,
powertraces-pt200array_pt220_r3_7536323_8-1cf5cef7ab,2026-04-30T19:48:21.589Z,139.1,2,160.55,2520,32,33,,,,
powertraces-pt200array_pt220_r3_7536323_8-1cf5cef7ab,2026-04-30T19:48:21.589Z,139.1,3,159.61,2520,19,18,,,,
powertraces-pt200array_pt220_r3_7536323_8-1cf5cef7ab,2026-04-30T19:48:21.689Z,139.2,0,190.01,2520,30,31,,,,
powertraces-pt200array_pt220_r3_7536323_8-1cf5cef7ab,2026-04-30T19:48:21.689Z,139.2,1,178.73,2520,37,37,,,,
powertraces-pt200array_pt220_r3_7536323_8-1cf5cef7ab,2026-04-30T19:48:21.689Z,139.2,2,175.89,2520,32,32,,,,
powertraces-pt200array_pt220_r3_7536323_8-1cf5cef7ab,2026-04-30T19:48:21.689Z,139.2,3,160.07,2520,33,33,,,,
powertraces-pt200array_pt220_r3_7536323_8-1cf5cef7ab,2026-04-30T19:48:21.789Z,139.3,0,175.71,2520,13,13,,,,
powertraces-pt200array_pt220_r3_7536323_8-1cf5cef7ab,2026-04-30T19:48:21.789Z,139.3,1,181.03,2520,37,37,,,,
powertraces-pt200array_pt220_r3_7536323_8-1cf5cef7ab,2026-04-30T19:48:21.789Z,139.3,2,167.6,2520,32,32,,,,
powertraces-pt200array_pt220_r3_7536323_8-1cf5cef7ab,2026-04-30T19:48:21.789Z,139.3,3,170.7,2520,33,33,,,,
powertraces-pt200array_pt220_r3_7536323_8-1cf5cef7ab,2026-04-30T19:48:21.889Z,139.4,0,176.33,2520,13,13,,,,
powertraces-pt200array_pt220_r3_7536323_8-1cf5cef7ab,2026-04-30T19:48:21.889Z,139.4,1,185.92,2520,25,24,,,,
powertraces-pt200array_pt220_r3_7536323_8-1cf5cef7ab,2026-04-30T19:48:21.889Z,139.4,2,166.9,2520,29,30,,,,
powertraces-pt200array_pt220_r3_7536323_8-1cf5cef7ab,2026-04-30T19:48:21.889Z,139.4,3,167.6,2520,5,4,,,,
powertraces-pt200array_pt220_r3_7536323_8-1cf5cef7ab,2026-04-30T19:48:21.989Z,139.5,0,186.95,2520,30,31,,,,
powertraces-pt200array_pt220_r3_7536323_8-1cf5cef7ab,2026-04-30T19:48:21.989Z,139.5,1,169.91,2520,25,24,,,,
powertraces-pt200array_pt220_r3_7536323_8-1cf5cef7ab,2026-04-30T19:48:21.989Z,139.5,2,172.57,2520,29,30,,,,
powertraces-pt200array_pt220_r3_7536323_8-1cf5cef7ab,2026-04-30T19:48:21.989Z,139.5,3,154.95,2520,5,4,,,,
powertraces-pt200array_pt220_r3_7536323_8-1cf5cef7ab,2026-04-30T19:48:22.089Z,139.6,0,183.56,2520,30,31,,,,
powertraces-pt200array_pt220_r3_7536323_8-1cf5cef7ab,2026-04-30T19:48:22.089Z,139.6,1,176.05,2520,36,37,,,,
powertraces-pt200array_pt220_r3_7536323_8-1cf5cef7ab,2026-04-30T19:48:22.089Z,139.6,2,178.23,2520,18,17,,,,
powertraces-pt200array_pt220_r3_7536323_8-1cf5cef7ab,2026-04-30T19:48:22.089Z,139.6,3,156.81,2520,33,33,,,,
powertraces-pt200array_pt220_r3_7536323_8-1cf5cef7ab,2026-04-30T19:48:22.19Z,139.701,0,172.09,2520,28,28,,,,
powertraces-pt200array_pt220_r3_7536323_8-1cf5cef7ab,2026-04-30T19:48:22.19Z,139.701,1,173.34,2520,36,37,,,,
powertraces-pt200array_pt220_r3_7536323_8-1cf5cef7ab,2026-04-30T19:48:22.19Z,139.701,2,172.75,2520,18,17,,,,
powertraces-pt200array_pt220_r3_7536323_8-1cf5cef7ab,2026-04-30T19:48:22.19Z,139.701,3,172.19,2520,33,33,,,,
powertraces-pt200array_pt220_r3_7536323_8-1cf5cef7ab,2026-04-30T19:48:22.29Z,139.801,0,160.99,2520,28,28,,,,
powertraces-pt200array_pt220_r3_7536323_8-1cf5cef7ab,2026-04-30T19:48:22.29Z,139.801,1,170.55,2520,11,10,,,,
powertraces-pt200array_pt220_r3_7536323_8-1cf5cef7ab,2026-04-30T19:48:22.29Z,139.801,2,162.24,2520,29,30,,,,
powertraces-pt200array_pt220_r3_7536323_8-1cf5cef7ab,2026-04-30T19:48:22.29Z,139.801,3,159.58,2520,5,5,,,,
powertraces-pt200array_pt220_r3_7536323_8-1cf5cef7ab,2026-04-30T19:48:22.39Z,139.901,0,161.1,2520,26,27,,,,
powertraces-pt200array_pt220_r3_7536323_8-1cf5cef7ab,2026-04-30T19:48:22.39Z,139.901,1,171.12,2520,11,10,,,,
powertraces-pt200array_pt220_r3_7536323_8-1cf5cef7ab,2026-04-30T19:48:22.39Z,139.901,2,172.59,2520,29,30,,,,
powertraces-pt200array_pt220_r3_7536323_8-1cf5cef7ab,2026-04-30T19:48:22.39Z,139.901,3,155.28,2520,5,5,,,,
powertraces-pt200array_pt220_r3_7536323_8-1cf5cef7ab,2026-04-30T19:48:22.49Z,140.001,0,161.1,2520,26,27,,,,
powertraces-pt200array_pt220_r3_7536323_8-1cf5cef7ab,2026-04-30T19:48:22.49Z,140.001,1,165.51,2520,35,35,,,,
powertraces-pt200array_pt220_r3_7536323_8-1cf5cef7ab,2026-04-30T19:48:22.49Z,140.001,2,172.89,2520,8,7,,,,
powertraces-pt200array_pt220_r3_7536323_8-1cf5cef7ab,2026-04-30T19:48:22.49Z,140.001,3,157.0,2520,33,33,,,,
powertraces-pt200array_pt220_r3_7536323_8-1cf5cef7ab,2026-04-30T19:48:22.59Z,140.101,0,161.24,2520,30,30,,,,
powertraces-pt200array_pt220_r3_7536323_8-1cf5cef7ab,2026-04-30T19:48:22.59Z,140.101,1,163.89,2520,35,35,,,,
powertraces-pt200array_pt220_r3_7536323_8-1cf5cef7ab,2026-04-30T19:48:22.59Z,140.101,2,171.47,2520,8,7,,,,
powertraces-pt200array_pt220_r3_7536323_8-1cf5cef7ab,2026-04-30T19:48:22.59Z,140.101,3,154.32,2520,33,33,,,,
powertraces-pt200array_pt220_r3_7536323_8-1cf5cef7ab,2026-04-30T19:48:22.69Z,140.201,0,162.1,2520,30,30,,,,
powertraces-pt200array_pt220_r3_7536323_8-1cf5cef7ab,2026-04-30T19:48:22.69Z,140.201,1,163.96,2520,9,7,,,,
powertraces-pt200array_pt220_r3_7536323_8-1cf5cef7ab,2026-04-30T19:48:22.69Z,140.201,2,171.99,2520,36,36,,,,
powertraces-pt200array_pt220_r3_7536323_8-1cf5cef7ab,2026-04-30T19:48:22.69Z,140.201,3,154.37,2520,18,19,,,,
powertraces-pt200array_pt220_r3_7536323_8-1cf5cef7ab,2026-04-30T19:48:22.79Z,140.301,0,159.69,2520,13,14,,,,
powertraces-pt200array_pt220_r3_7536323_8-1cf5cef7ab,2026-04-30T19:48:22.79Z,140.301,1,164.54,2520,9,7,,,,
powertraces-pt200array_pt220_r3_7536323_8-1cf5cef7ab,2026-04-30T19:48:22.79Z,140.301,2,170.5,2520,36,36,,,,
powertraces-pt200array_pt220_r3_7536323_8-1cf5cef7ab,2026-04-30T19:48:22.79Z,140.301,3,154.47,2520,18,19,,,,
powertraces-pt200array_pt220_r3_7536323_8-1cf5cef7ab,2026-04-30T19:48:22.89Z,140.401,0,159.69,2520,13,14,,,,
powertraces-pt200array_pt220_r3_7536323_8-1cf5cef7ab,2026-04-30T19:48:22.891Z,140.402,1,165.39,2520,29,30,,,,
powertraces-pt200array_pt220_r3_7536323_8-1cf5cef7ab,2026-04-30T19:48:22.891Z,140.402,2,171.1,2520,16,15,,,,
powertraces-pt200array_pt220_r3_7536323_8-1cf5cef7ab,2026-04-30T19:48:22.891Z,140.402,3,157.82,2520,33,33,,,,
powertraces-pt200array_pt220_r3_7536323_8-1cf5cef7ab,2026-04-30T19:48:22.991Z,140.502,0,159.71,2520,30,31,,,,
powertraces-pt200array_pt220_r3_7536323_8-1cf5cef7ab,2026-04-30T19:48:22.991Z,140.502,1,162.45,2520,29,30,,,,
powertraces-pt200array_pt220_r3_7536323_8-1cf5cef7ab,2026-04-30T19:48:22.991Z,140.502,2,171.07,2520,16,15,,,,
powertraces-pt200array_pt220_r3_7536323_8-1cf5cef7ab,2026-04-30T19:48:22.991Z,140.502,3,157.01,2520,33,33,,,,
powertraces-pt200array_pt220_r3_7536323_8-1cf5cef7ab,2026-04-30T19:48:23.091Z,140.602,0,161.21,2520,30,31,,,,
powertraces-pt200array_pt220_r3_7536323_8-1cf5cef7ab,2026-04-30T19:48:23.091Z,140.602,1,162.56,2520,22,22,,,,
powertraces-pt200array_pt220_r3_7536323_8-1cf5cef7ab,2026-04-30T19:48:23.091Z,140.602,2,171.57,2520,36,37,,,,
powertraces-pt200array_pt220_r3_7536323_8-1cf5cef7ab,2026-04-30T19:48:23.091Z,140.602,3,157.0,2520,32,32,,,,
powertraces-pt200array_pt220_r3_7536323_8-1cf5cef7ab,2026-04-30T19:48:23.191Z,140.702,0,161.18,2520,0,0,,,,
powertraces-pt200array_pt220_r3_7536323_8-1cf5cef7ab,2026-04-30T19:48:23.191Z,140.702,1,164.04,2520,22,22,,,,
powertraces-pt200array_pt220_r3_7536323_8-1cf5cef7ab,2026-04-30T19:48:23.191Z,140.702,2,169.33,2520,36,37,,,,
powertraces-pt200array_pt220_r3_7536323_8-1cf5cef7ab,2026-04-30T19:48:23.191Z,140.702,3,157.41,2520,32,32,,,,
powertraces-pt200array_pt220_r3_7536323_8-1cf5cef7ab,2026-04-30T19:48:23.291Z,140.802,0,161.23,2520,0,0,,,,
powertraces-pt200array_pt220_r3_7536323_8-1cf5cef7ab,2026-04-30T19:48:23.291Z,140.802,1,167.14,2520,29,30,,,,
powertraces-pt200array_pt220_r3_7536323_8-1cf5cef7ab,2026-04-30T19:48:23.291Z,140.802,2,169.11,2520,29,29,,,,
powertraces-pt200array_pt220_r3_7536323_8-1cf5cef7ab,2026-04-30T19:48:23.291Z,140.802,3,157.54,2520,26,25,,,,
powertraces-pt200array_pt220_r3_7536323_8-1cf5cef7ab,2026-04-30T19:48:23.391Z,140.902,0,171.13,2520,58,63,,,,
powertraces-pt200array_pt220_r3_7536323_8-1cf5cef7ab,2026-04-30T19:48:23.391Z,140.902,1,179.5,2520,29,30,,,,
powertraces-pt200array_pt220_r3_7536323_8-1cf5cef7ab,2026-04-30T19:48:23.391Z,140.902,2,169.4,2520,29,29,,,,
powertraces-pt200array_pt220_r3_7536323_8-1cf5cef7ab,2026-04-30T19:48:23.391Z,140.902,3,160.84,2520,26,25,,,,
powertraces-pt200array_pt220_r3_7536323_8-1cf5cef7ab,2026-04-30T19:48:23.491Z,141.002,0,157.61,2520,58,63,,,,
powertraces-pt200array_pt220_r3_7536323_8-1cf5cef7ab,2026-04-30T19:48:23.491Z,141.002,1,178.48,2520,21,24,,,,
powertraces-pt200array_pt220_r3_7536323_8-1cf5cef7ab,2026-04-30T19:48:23.491Z,141.002,2,167.35,2520,84,90,,,,
powertraces-pt200array_pt220_r3_7536323_8-1cf5cef7ab,2026-04-30T19:48:23.491Z,141.002,3,165.27,2520,84,91,,,,
powertraces-pt200array_pt220_r3_7536323_8-1cf5cef7ab,2026-04-30T19:48:23.591Z,141.102,0,157.57,2520,0,0,,,,
powertraces-pt200array_pt220_r3_7536323_8-1cf5cef7ab,2026-04-30T19:48:23.591Z,141.102,1,173.63,2520,21,24,,,,
powertraces-pt200array_pt220_r3_7536323_8-1cf5cef7ab,2026-04-30T19:48:23.591Z,141.102,2,166.09,2520,84,90,,,,
powertraces-pt200array_pt220_r3_7536323_8-1cf5cef7ab,2026-04-30T19:48:23.591Z,141.102,3,160.15,2520,84,91,,,,
powertraces-pt200array_pt220_r3_7536323_8-1cf5cef7ab,2026-04-30T19:48:23.692Z,141.203,0,157.27,2520,0,0,,,,
powertraces-pt200array_pt220_r3_7536323_8-1cf5cef7ab,2026-04-30T19:48:23.692Z,141.203,1,157.44,2520,0,0,,,,
powertraces-pt200array_pt220_r3_7536323_8-1cf5cef7ab,2026-04-30T19:48:23.692Z,141.203,2,166.01,2520,0,0,,,,
powertraces-pt200array_pt220_r3_7536323_8-1cf5cef7ab,2026-04-30T19:48:23.692Z,141.203,3,148.57,2520,0,0,,,,
powertraces-pt200array_pt220_r3_7536323_8-1cf5cef7ab,2026-04-30T19:48:23.792Z,141.303,0,152.65,2520,0,0,,,,
powertraces-pt200array_pt220_r3_7536323_8-1cf5cef7ab,2026-04-30T19:48:23.792Z,141.303,1,157.07,2520,0,0,,,,
powertraces-pt200array_pt220_r3_7536323_8-1cf5cef7ab,2026-04-30T19:48:23.792Z,141.303,2,163.76,2520,0,0,,,,
powertraces-pt200array_pt220_r3_7536323_8-1cf5cef7ab,2026-04-30T19:48:23.792Z,141.303,3,148.31,2520,0,0,,,,
powertraces-pt200array_pt220_r3_7536323_8-1cf5cef7ab,2026-04-30T19:48:23.892Z,141.403,0,142.07,2520,0,0,,,,
powertraces-pt200array_pt220_r3_7536323_8-1cf5cef7ab,2026-04-30T19:48:23.892Z,141.403,1,154.28,2520,0,0,,,,
powertraces-pt200array_pt220_r3_7536323_8-1cf5cef7ab,2026-04-30T19:48:23.892Z,141.403,2,149.32,2520,0,0,,,,
powertraces-pt200array_pt220_r3_7536323_8-1cf5cef7ab,2026-04-30T19:48:23.892Z,141.403,3,147.59,2520,0,0,,,,
powertraces-pt200array_pt220_r3_7536323_8-1cf5cef7ab,2026-04-30T19:48:23.992Z,141.503,0,141.97,2520,0,0,,,,
powertraces-pt200array_pt220_r3_7536323_8-1cf5cef7ab,2026-04-30T19:48:23.992Z,141.503,1,150.42,2520,0,0,,,,
powertraces-pt200array_pt220_r3_7536323_8-1cf5cef7ab,2026-04-30T19:48:23.992Z,141.503,2,145.62,2520,0,0,,,,
powertraces-pt200array_pt220_r3_7536323_8-1cf5cef7ab,2026-04-30T19:48:23.992Z,141.503,3,133.44,2520,0,0,,,,
powertraces-pt200array_pt220_r3_7536323_8-1cf5cef7ab,2026-04-30T19:48:24.092Z,141.603,0,141.27,2520,0,0,,,,
powertraces-pt200array_pt220_r3_7536323_8-1cf5cef7ab,2026-04-30T19:48:24.092Z,141.603,1,140.27,2520,0,0,,,,
powertraces-pt200array_pt220_r3_7536323_8-1cf5cef7ab,2026-04-30T19:48:24.092Z,141.603,2,145.27,2520,0,0,,,,
powertraces-pt200array_pt220_r3_7536323_8-1cf5cef7ab,2026-04-30T19:48:24.092Z,141.603,3,133.33,2520,0,0,,,,
powertraces-pt200array_pt220_r3_7536323_8-1cf5cef7ab,2026-04-30T19:48:24.192Z,141.703,0,128.88,2520,1,0,,,,
powertraces-pt200array_pt220_r3_7536323_8-1cf5cef7ab,2026-04-30T19:48:24.192Z,141.703,1,139.68,2520,0,0,,,,
powertraces-pt200array_pt220_r3_7536323_8-1cf5cef7ab,2026-04-30T19:48:24.192Z,141.703,2,138.98,2520,0,0,,,,
powertraces-pt200array_pt220_r3_7536323_8-1cf5cef7ab,2026-04-30T19:48:24.192Z,141.703,3,133.19,2520,0,0,,,,
powertraces-pt200array_pt220_r3_7536323_8-1cf5cef7ab,2026-04-30T19:48:24.292Z,141.803,0,128.82,2520,1,0,,,,
powertraces-pt200array_pt220_r3_7536323_8-1cf5cef7ab,2026-04-30T19:48:24.292Z,141.803,1,131.99,2520,0,0,,,,
powertraces-pt200array_pt220_r3_7536323_8-1cf5cef7ab,2026-04-30T19:48:24.292Z,141.803,2,133.72,2520,0,0,,,,
powertraces-pt200array_pt220_r3_7536323_8-1cf5cef7ab,2026-04-30T19:48:24.292Z,141.803,3,130.82,2520,0,0,,,,
powertraces-pt200array_pt220_r3_7536323_8-1cf5cef7ab,2026-04-30T19:48:24.392Z,141.903,0,128.6,2520,0,0,,,,
powertraces-pt200array_pt220_r3_7536323_8-1cf5cef7ab,2026-04-30T19:48:24.392Z,141.903,1,120.53,2520,0,0,,,,
powertraces-pt200array_pt220_r3_7536323_8-1cf5cef7ab,2026-04-30T19:48:24.392Z,141.903,2,124.82,2520,0,0,,,,
powertraces-pt200array_pt220_r3_7536323_8-1cf5cef7ab,2026-04-30T19:48:24.392Z,141.903,3,114.9,2520,0,0,,,,
powertraces-pt200array_pt220_r3_7536323_8-1cf5cef7ab,2026-04-30T19:48:24.493Z,142.004,0,116.99,2520,0,0,,,,
powertraces-pt200array_pt220_r3_7536323_8-1cf5cef7ab,2026-04-30T19:48:24.493Z,142.004,1,108.06,2520,5,0,,,,
powertraces-pt200array_pt220_r3_7536323_8-1cf5cef7ab,2026-04-30T19:48:24.493Z,142.004,2,123.79,2520,0,0,,,,
powertraces-pt200array_pt220_r3_7536323_8-1cf5cef7ab,2026-04-30T19:48:24.493Z,142.004,3,111.49,2520,0,0,,,,
powertraces-pt200array_pt220_r3_7536323_8-1cf5cef7ab,2026-04-30T19:48:24.593Z,142.104,0,118.17,2520,38,4,,,,
powertraces-pt200array_pt220_r3_7536323_8-1cf5cef7ab,2026-04-30T19:48:24.593Z,142.104,1,109.91,2520,5,0,,,,
powertraces-pt200array_pt220_r3_7536323_8-1cf5cef7ab,2026-04-30T19:48:24.593Z,142.104,2,113.15,2520,0,0,,,,
powertraces-pt200array_pt220_r3_7536323_8-1cf5cef7ab,2026-04-30T19:48:24.593Z,142.104,3,108.63,2520,0,0,,,,
powertraces-pt200array_pt220_r3_7536323_8-1cf5cef7ab,2026-04-30T19:48:24.693Z,142.204,0,120.04,2520,38,4,,,,
powertraces-pt200array_pt220_r3_7536323_8-1cf5cef7ab,2026-04-30T19:48:24.693Z,142.204,1,111.8,2520,100,9,,,,
powertraces-pt200array_pt220_r3_7536323_8-1cf5cef7ab,2026-04-30T19:48:24.693Z,142.204,2,114.98,2520,100,9,,,,
powertraces-pt200array_pt220_r3_7536323_8-1cf5cef7ab,2026-04-30T19:48:24.693Z,142.204,3,110.54,2520,100,9,,,,
powertraces-pt200array_pt220_r3_7536323_8-1cf5cef7ab,2026-04-30T19:48:24.793Z,142.304,0,121.93,2520,100,9,,,,
powertraces-pt200array_pt220_r3_7536323_8-1cf5cef7ab,2026-04-30T19:48:24.793Z,142.304,1,113.71,2520,100,9,,,,
powertraces-pt200array_pt220_r3_7536323_8-1cf5cef7ab,2026-04-30T19:48:24.793Z,142.304,2,116.9,2520,100,9,,,,
powertraces-pt200array_pt220_r3_7536323_8-1cf5cef7ab,2026-04-30T19:48:24.793Z,142.304,3,112.44,2520,100,9,,,,
powertraces-pt200array_pt220_r3_7536323_8-1cf5cef7ab,2026-04-30T19:48:24.893Z,142.404,0,121.95,2520,100,9,,,,
powertraces-pt200array_pt220_r3_7536323_8-1cf5cef7ab,2026-04-30T19:48:24.893Z,142.404,1,113.71,2520,18,2,,,,
powertraces-pt200array_pt220_r3_7536323_8-1cf5cef7ab,2026-04-30T19:48:24.893Z,142.404,2,118.73,2520,95,9,,,,
powertraces-pt200array_pt220_r3_7536323_8-1cf5cef7ab,2026-04-30T19:48:24.893Z,142.404,3,112.44,2520,15,1,,,,
powertraces-pt200array_pt220_r3_7536323_8-1cf5cef7ab,2026-04-30T19:48:24.993Z,142.504,0,121.92,2520,0,0,,,,
powertraces-pt200array_pt220_r3_7536323_8-1cf5cef7ab,2026-04-30T19:48:24.993Z,142.504,1,113.69,2520,18,2,,,,
powertraces-pt200array_pt220_r3_7536323_8-1cf5cef7ab,2026-04-30T19:48:24.993Z,142.504,2,118.74,2520,95,9,,,,
powertraces-pt200array_pt220_r3_7536323_8-1cf5cef7ab,2026-04-30T19:48:24.993Z,142.504,3,112.44,2520,15,1,,,,
powertraces-pt200array_pt220_r3_7536323_8-1cf5cef7ab,2026-04-30T19:48:25.093Z,142.604,0,121.88,2520,0,0,,,,
powertraces-pt200array_pt220_r3_7536323_8-1cf5cef7ab,2026-04-30T19:48:25.093Z,142.604,1,113.68,2520,0,0,,,,
powertraces-pt200array_pt220_r3_7536323_8-1cf5cef7ab,2026-04-30T19:48:25.093Z,142.604,2,118.74,2520,0,0,,,,
powertraces-pt200array_pt220_r3_7536323_8-1cf5cef7ab,2026-04-30T19:48:25.093Z,142.604,3,112.44,2520,0,0,,,,
powertraces-pt200array_pt220_r3_7536323_8-1cf5cef7ab,2026-04-30T19:48:25.194Z,142.705,0,121.86,2520,0,0,,,,
powertraces-pt200array_pt220_r3_7536323_8-1cf5cef7ab,2026-04-30T19:48:25.194Z,142.705,1,113.65,2520,0,0,,,,
powertraces-pt200array_pt220_r3_7536323_8-1cf5cef7ab,2026-04-30T19:48:25.194Z,142.705,2,118.71,2520,0,0,,,,
powertraces-pt200array_pt220_r3_7536323_8-1cf5cef7ab,2026-04-30T19:48:25.194Z,142.705,3,112.44,2520,0,0,,,,
powertraces-pt200array_pt220_r3_7536323_8-1cf5cef7ab,2026-04-30T19:48:25.294Z,142.805,0,121.82,2520,0,0,,,,
powertraces-pt200array_pt220_r3_7536323_8-1cf5cef7ab,2026-04-30T19:48:25.294Z,142.805,1,113.63,2520,0,0,,,,
powertraces-pt200array_pt220_r3_7536323_8-1cf5cef7ab,2026-04-30T19:48:25.294Z,142.805,2,118.69,2520,0,0,,,,
powertraces-pt200array_pt220_r3_7536323_8-1cf5cef7ab,2026-04-30T19:48:25.294Z,142.805,3,112.4,2520,0,0,,,,
powertraces-pt200array_pt220_r3_7536323_8-1cf5cef7ab,2026-04-30T19:48:25.394Z,142.905,0,121.79,2520,0,0,,,,
powertraces-pt200array_pt220_r3_7536323_8-1cf5cef7ab,2026-04-30T19:48:25.394Z,142.905,1,113.62,2520,0,0,,,,
powertraces-pt200array_pt220_r3_7536323_8-1cf5cef7ab,2026-04-30T19:48:25.394Z,142.905,2,118.67,2520,0,0,,,,
powertraces-pt200array_pt220_r3_7536323_8-1cf5cef7ab,2026-04-30T19:48:25.394Z,142.905,3,112.38,2520,0,0,,,,
powertraces-pt200array_pt220_r3_7536323_8-1cf5cef7ab,2026-04-30T19:48:25.494Z,143.005,0,121.77,2520,0,0,,,,
powertraces-pt200array_pt220_r3_7536323_8-1cf5cef7ab,2026-04-30T19:48:25.494Z,143.005,1,113.62,2520,0,0,,,,
powertraces-pt200array_pt220_r3_7536323_8-1cf5cef7ab,2026-04-30T19:48:25.494Z,143.005,2,118.65,2520,0,0,,,,
powertraces-pt200array_pt220_r3_7536323_8-1cf5cef7ab,2026-04-30T19:48:25.494Z,143.005,3,112.35,2520,0,0,,,,
powertraces-pt200array_pt220_r3_7536323_8-1cf5cef7ab,2026-04-30T19:48:25.594Z,143.105,0,121.75,2520,0,0,,,,
powertraces-pt200array_pt220_r3_7536323_8-1cf5cef7ab,2026-04-30T19:48:25.594Z,143.105,1,113.5,2520,0,0,,,,
powertraces-pt200array_pt220_r3_7536323_8-1cf5cef7ab,2026-04-30T19:48:25.594Z,143.105,2,118.62,2520,0,0,,,,
powertraces-pt200array_pt220_r3_7536323_8-1cf5cef7ab,2026-04-30T19:48:25.594Z,143.105,3,112.33,2520,0,0,,,,
powertraces-pt200array_pt220_r3_7536323_8-1cf5cef7ab,2026-04-30T19:48:25.694Z,143.205,0,119.87,2520,0,0,,,,
powertraces-pt200array_pt220_r3_7536323_8-1cf5cef7ab,2026-04-30T19:48:25.694Z,143.205,1,111.55,2520,0,0,,,,
powertraces-pt200array_pt220_r3_7536323_8-1cf5cef7ab,2026-04-30T19:48:25.694Z,143.205,2,116.96,2520,0,0,,,,
powertraces-pt200array_pt220_r3_7536323_8-1cf5cef7ab,2026-04-30T19:48:25.694Z,143.205,3,110.4,2520,0,0,,,,
powertraces-pt200array_pt220_r3_7536323_8-1cf5cef7ab,2026-04-30T19:48:25.794Z,143.305,0,117.89,2520,0,0,,,,
powertraces-pt200array_pt220_r3_7536323_8-1cf5cef7ab,2026-04-30T19:48:25.794Z,143.305,1,109.62,2520,0,0,,,,
powertraces-pt200array_pt220_r3_7536323_8-1cf5cef7ab,2026-04-30T19:48:25.794Z,143.305,2,115.01,2520,0,0,,,,
powertraces-pt200array_pt220_r3_7536323_8-1cf5cef7ab,2026-04-30T19:48:25.794Z,143.305,3,108.45,2520,0,0,,,,
powertraces-pt200array_pt220_r3_7536323_8-1cf5cef7ab,2026-04-30T19:48:25.895Z,143.406,0,117.89,2520,0,0,,,,
powertraces-pt200array_pt220_r3_7536323_8-1cf5cef7ab,2026-04-30T19:48:25.895Z,143.406,1,109.62,2520,0,0,,,,
powertraces-pt200array_pt220_r3_7536323_8-1cf5cef7ab,2026-04-30T19:48:25.895Z,143.406,2,113.04,2520,0,0,,,,
powertraces-pt200array_pt220_r3_7536323_8-1cf5cef7ab,2026-04-30T19:48:25.895Z,143.406,3,108.45,2520,0,0,,,,
