run_id,timestamp,time_relative_s,gpu_id,power_w,sm_clock_mhz,gpu_util_pct,memory_util_pct,memory_used_mb,memory_total_mb,temperature_c,stage
powertraces-pt200array_pt220_r4_7536323_9-486809b730,2026-05-01T12:44:37.638Z,0.0,0,39.74,210,0,0,,,,
powertraces-pt200array_pt220_r4_7536323_9-486809b730,2026-05-01T12:44:37.64Z,0.002,1,41.76,210,0,0,,,,
powertraces-pt200array_pt220_r4_7536323_9-486809b730,2026-05-01T12:44:37.641Z,0.003,2,39.72,210,0,0,,,,
powertraces-pt200array_pt220_r4_7536323_9-486809b730,2026-05-01T12:44:37.642Z,0.004,3,44.93,210,0,0,,,,
powertraces-pt200array_pt220_r4_7536323_9-486809b730,2026-05-01T12:44:37.743Z,0.105,0,39.62,210,0,0,,,,
powertraces-pt200array_pt220_r4_7536323_9-486809b730,2026-05-01T12:44:37.743Z,0.105,1,41.76,210,0,0,,,,
powertraces-pt200array_pt220_r4_7536323_9-486809b730,2026-05-01T12:44:37.743Z,0.105,2,39.72,210,0,0,,,,
powertraces-pt200array_pt220_r4_7536323_9-486809b730,2026-05-01T12:44:37.743Z,0.105,3,44.93,210,0,0,,,,
powertraces-pt200array_pt220_r4_7536323_9-486809b730,2026-05-01T12:44:37.843Z,0.205,0,39.62,210,0,0,,,,
powertraces-pt200array_pt220_r4_7536323_9-486809b730,2026-05-01T12:44:37.843Z,0.205,1,41.76,210,0,0,,,,
powertraces-pt200array_pt220_r4_7536323_9-486809b730,2026-05-01T12:44:37.843Z,0.205,2,39.6,210,0,0,,,,
powertraces-pt200array_pt220_r4_7536323_9-486809b730,2026-05-01T12:44:37.843Z,0.205,3,44.68,210,0,0,,,,
powertraces-pt200array_pt220_r4_7536323_9-486809b730,2026-05-01T12:44:37.943Z,0.305,0,39.62,210,0,0,,,,
powertraces-pt200array_pt220_r4_7536323_9-486809b730,2026-05-01T12:44:37.943Z,0.305,1,41.76,210,0,0,,,,
powertraces-pt200array_pt220_r4_7536323_9-486809b730,2026-05-01T12:44:37.943Z,0.305,2,39.6,210,0,0,,,,
powertraces-pt200array_pt220_r4_7536323_9-486809b730,2026-05-01T12:44:37.943Z,0.305,3,44.68,210,0,0,,,,
powertraces-pt200array_pt220_r4_7536323_9-486809b730,2026-05-01T12:44:38.043Z,0.405,0,39.62,210,0,0,,,,
powertraces-pt200array_pt220_r4_7536323_9-486809b730,2026-05-01T12:44:38.043Z,0.405,1,41.76,210,0,0,,,,
powertraces-pt200array_pt220_r4_7536323_9-486809b730,2026-05-01T12:44:38.043Z,0.405,2,39.6,210,0,0,,,,
powertraces-pt200array_pt220_r4_7536323_9-486809b730,2026-05-01T12:44:38.043Z,0.405,3,44.68,210,0,0,,,,
powertraces-pt200array_pt220_r4_7536323_9-486809b730,2026-05-01T12:44:38.143Z,0.505,0,39.62,210,0,0,,,,
powertraces-pt200array_pt220_r4_7536323_9-486809b730,2026-05-01T12:44:38.143Z,0.505,1,41.76,210,0,0,,,,
powertraces-pt200array_pt220_r4_7536323_9-486809b730,2026-05-01T12:44:38.143Z,0.505,2,39.6,210,0,0,,,,
powertraces-pt200array_pt220_r4_7536323_9-486809b730,2026-05-01T12:44:38.143Z,0.505,3,44.68,210,0,0,,,,
powertraces-pt200array_pt220_r4_7536323_9-486809b730,2026-05-01T12:44:38.243Z,0.605,0,39.62,210,0,0,,,,
powertraces-pt200array_pt220_r4_7536323_9-486809b730,2026-05-01T12:44:38.244Z,0.606,1,41.76,210,0,0,,,,
powertraces-pt200array_pt220_r4_7536323_9-486809b730,2026-05-01T12:44:38.244Z,0.606,2,39.6,210,0,0,,,,
powertraces-pt200array_pt220_r4_7536323_9-486809b730,2026-05-01T12:44:38.244Z,0.606,3,44.68,210,0,0,,,,
powertraces-pt200array_pt220_r4_7536323_9-486809b730,2026-05-01T12:44:38.344Z,0.706,0,39.62,210,0,0,,,,
powertraces-pt200array_pt220_r4_7536323_9-486809b730,2026-05-01T12:44:38.344Z,0.706,1,41.51,210,0,0,,,,
powertraces-pt200array_pt220_r4_7536323_9-486809b730,2026-05-01T12:44:38.344Z,0.706,2,39.6,210,0,0,,,,
powertraces-pt200array_pt220_r4_7536323_9-486809b730,2026-05-01T12:44:38.344Z,0.706,3,44.68,210,0,0,,,,
powertraces-pt200array_pt220_r4_7536323_9-486809b730,2026-05-01T12:44:38.444Z,0.806,0,39.62,210,0,0,,,,
powertraces-pt200array_pt220_r4_7536323_9-486809b730,2026-05-01T12:44:38.444Z,0.806,1,41.51,210,0,0,,,,
powertraces-pt200array_pt220_r4_7536323_9-486809b730,2026-05-01T12:44:38.444Z,0.806,2,39.6,210,0,0,,,,
powertraces-pt200array_pt220_r4_7536323_9-486809b730,2026-05-01T12:44:38.444Z,0.806,3,44.68,210,0,0,,,,
powertraces-pt200array_pt220_r4_7536323_9-486809b730,2026-05-01T12:44:38.544Z,0.906,0,39.62,210,0,0,,,,
powertraces-pt200array_pt220_r4_7536323_9-486809b730,2026-05-01T12:44:38.544Z,0.906,1,41.51,210,0,0,,,,
powertraces-pt200array_pt220_r4_7536323_9-486809b730,2026-05-01T12:44:38.544Z,0.906,2,39.6,210,0,0,,,,
powertraces-pt200array_pt220_r4_7536323_9-486809b730,2026-05-01T12:44:38.544Z,0.906,3,44.68,210,0,0,,,,
powertraces-pt200array_pt220_r4_7536323_9-486809b730,2026-05-01T12:44:38.644Z,1.006,0,39.62,210,0,0,,,,
powertraces-pt200array_pt220_r4_7536323_9-486809b730,2026-05-01T12:44:38.644Z,1.006,1,41.51,210,0,0,,,,
powertraces-pt200array_pt220_r4_7536323_9-486809b730,2026-05-01T12:44:38.644Z,1.006,2,39.6,210,0,0,,,,
powertraces-pt200array_pt220_r4_7536323_9-486809b730,2026-05-01T12:44:38.644Z,1.006,3,44.68,210,0,0,,,,
powertraces-pt200array_pt220_r4_7536323_9-486809b730,2026-05-01T12:44:38.744Z,1.106,0,39.5,210,0,0,,,,
powertraces-pt200array_pt220_r4_7536323_9-486809b730,2026-05-01T12:44:38.744Z,1.106,1,41.51,210,0,0,,,,
powertraces-pt200array_pt220_r4_7536323_9-486809b730,2026-05-01T12:44:38.744Z,1.106,2,39.6,210,0,0,,,,
powertraces-pt200array_pt220_r4_7536323_9-486809b730,2026-05-01T12:44:38.744Z,1.106,3,44.68,210,0,0,,,,
powertraces-pt200array_pt220_r4_7536323_9-486809b730,2026-05-01T12:44:38.844Z,1.206,0,39.5,210,0,0,,,,
powertraces-pt200array_pt220_r4_7536323_9-486809b730,2026-05-01T12:44:38.844Z,1.206,1,41.51,210,0,0,,,,
powertraces-pt200array_pt220_r4_7536323_9-486809b730,2026-05-01T12:44:38.844Z,1.206,2,39.47,210,0,0,,,,
powertraces-pt200array_pt220_r4_7536323_9-486809b730,2026-05-01T12:44:38.844Z,1.206,3,44.44,210,0,0,,,,
powertraces-pt200array_pt220_r4_7536323_9-486809b730,2026-05-01T12:44:38.944Z,1.306,0,39.5,210,0,0,,,,
powertraces-pt200array_pt220_r4_7536323_9-486809b730,2026-05-01T12:44:38.944Z,1.306,1,41.51,210,0,0,,,,
powertraces-pt200array_pt220_r4_7536323_9-486809b730,2026-05-01T12:44:38.944Z,1.306,2,39.47,210,0,0,,,,
powertraces-pt200array_pt220_r4_7536323_9-486809b730,2026-05-01T12:44:38.944Z,1.306,3,44.44,210,0,0,,,,
powertraces-pt200array_pt220_r4_7536323_9-486809b730,2026-05-01T12:44:39.045Z,1.407,0,39.5,210,0,0,,,,
powertraces-pt200array_pt220_r4_7536323_9-486809b730,2026-05-01T12:44:39.045Z,1.407,1,41.51,210,0,0,,,,
powertraces-pt200array_pt220_r4_7536323_9-486809b730,2026-05-01T12:44:39.045Z,1.407,2,39.47,210,0,0,,,,
powertraces-pt200array_pt220_r4_7536323_9-486809b730,2026-05-01T12:44:39.045Z,1.407,3,44.44,210,0,0,,,,
powertraces-pt200array_pt220_r4_7536323_9-486809b730,2026-05-01T12:44:39.145Z,1.507,0,39.5,210,0,0,,,,
powertraces-pt200array_pt220_r4_7536323_9-486809b730,2026-05-01T12:44:39.145Z,1.507,1,41.51,210,0,0,,,,
powertraces-pt200array_pt220_r4_7536323_9-486809b730,2026-05-01T12:44:39.145Z,1.507,2,39.47,210,0,0,,,,
powertraces-pt200array_pt220_r4_7536323_9-486809b730,2026-05-01T12:44:39.145Z,1.507,3,44.44,210,0,0,,,,
powertraces-pt200array_pt220_r4_7536323_9-486809b730,2026-05-01T12:44:39.245Z,1.607,0,39.5,210,0,0,,,,
powertraces-pt200array_pt220_r4_7536323_9-486809b730,2026-05-01T12:44:39.245Z,1.607,1,41.51,210,0,0,,,,
powertraces-pt200array_pt220_r4_7536323_9-486809b730,2026-05-01T12:44:39.245Z,1.607,2,39.47,210,0,0,,,,
powertraces-pt200array_pt220_r4_7536323_9-486809b730,2026-05-01T12:44:39.245Z,1.607,3,44.44,210,0,0,,,,
powertraces-pt200array_pt220_r4_7536323_9-486809b730,2026-05-01T12:44:39.345Z,1.707,0,39.5,210,0,0,,,,
powertraces-pt200array_pt220_r4_7536323_9-486809b730,2026-05-01T12:44:39.345Z,1.707,1,41.34,210,0,0,,,,
powertraces-pt200array_pt220_r4_7536323_9-486809b730,2026-05-01T12:44:39.345Z,1.707,2,39.47,210,0,0,,,,
powertraces-pt200array_pt220_r4_7536323_9-486809b730,2026-05-01T12:44:39.345Z,1.707,3,44.44,210,0,0,,,,
powertraces-pt200array_pt220_r4_7536323_9-486809b730,2026-05-01T12:44:39.445Z,1.807,0,39.5,210,0,0,,,,
powertraces-pt200array_pt220_r4_7536323_9-486809b730,2026-05-01T12:44:39.445Z,1.807,1,41.34,210,0,0,,,,
powertraces-pt200array_pt220_r4_7536323_9-486809b730,2026-05-01T12:44:39.445Z,1.807,2,39.47,210,0,0,,,,
powertraces-pt200array_pt220_r4_7536323_9-486809b730,2026-05-01T12:44:39.445Z,1.807,3,44.44,210,0,0,,,,
powertraces-pt200array_pt220_r4_7536323_9-486809b730,2026-05-01T12:44:39.545Z,1.907,0,39.5,210,0,0,,,,
powertraces-pt200array_pt220_r4_7536323_9-486809b730,2026-05-01T12:44:39.545Z,1.907,1,41.34,210,0,0,,,,
powertraces-pt200array_pt220_r4_7536323_9-486809b730,2026-05-01T12:44:39.545Z,1.907,2,39.47,210,0,0,,,,
powertraces-pt200array_pt220_r4_7536323_9-486809b730,2026-05-01T12:44:39.545Z,1.907,3,44.44,210,0,0,,,,
powertraces-pt200array_pt220_r4_7536323_9-486809b730,2026-05-01T12:44:39.645Z,2.007,0,39.5,210,0,0,,,,
powertraces-pt200array_pt220_r4_7536323_9-486809b730,2026-05-01T12:44:39.645Z,2.007,1,41.34,210,0,0,,,,
powertraces-pt200array_pt220_r4_7536323_9-486809b730,2026-05-01T12:44:39.645Z,2.007,2,39.47,210,0,0,,,,
powertraces-pt200array_pt220_r4_7536323_9-486809b730,2026-05-01T12:44:39.645Z,2.007,3,44.44,210,0,0,,,,
powertraces-pt200array_pt220_r4_7536323_9-486809b730,2026-05-01T12:44:39.745Z,2.107,0,39.37,210,0,0,,,,
powertraces-pt200array_pt220_r4_7536323_9-486809b730,2026-05-01T12:44:39.745Z,2.107,1,41.34,210,0,0,,,,
powertraces-pt200array_pt220_r4_7536323_9-486809b730,2026-05-01T12:44:39.745Z,2.107,2,39.47,210,0,0,,,,
powertraces-pt200array_pt220_r4_7536323_9-486809b730,2026-05-01T12:44:39.745Z,2.107,3,44.44,210,0,0,,,,
powertraces-pt200array_pt220_r4_7536323_9-486809b730,2026-05-01T12:44:39.846Z,2.208,0,39.37,210,0,0,,,,
powertraces-pt200array_pt220_r4_7536323_9-486809b730,2026-05-01T12:44:39.846Z,2.208,1,41.34,210,0,0,,,,
powertraces-pt200array_pt220_r4_7536323_9-486809b730,2026-05-01T12:44:39.846Z,2.208,2,39.47,210,0,0,,,,
powertraces-pt200array_pt220_r4_7536323_9-486809b730,2026-05-01T12:44:39.846Z,2.208,3,44.19,210,0,0,,,,
powertraces-pt200array_pt220_r4_7536323_9-486809b730,2026-05-01T12:44:39.946Z,2.308,0,39.37,210,0,0,,,,
powertraces-pt200array_pt220_r4_7536323_9-486809b730,2026-05-01T12:44:39.946Z,2.308,1,41.34,210,0,0,,,,
powertraces-pt200array_pt220_r4_7536323_9-486809b730,2026-05-01T12:44:39.946Z,2.308,2,39.47,210,0,0,,,,
powertraces-pt200array_pt220_r4_7536323_9-486809b730,2026-05-01T12:44:39.946Z,2.308,3,44.19,210,0,0,,,,
powertraces-pt200array_pt220_r4_7536323_9-486809b730,2026-05-01T12:44:40.046Z,2.408,0,39.37,210,0,0,,,,
powertraces-pt200array_pt220_r4_7536323_9-486809b730,2026-05-01T12:44:40.046Z,2.408,1,41.34,210,0,0,,,,
powertraces-pt200array_pt220_r4_7536323_9-486809b730,2026-05-01T12:44:40.046Z,2.408,2,39.47,210,0,0,,,,
powertraces-pt200array_pt220_r4_7536323_9-486809b730,2026-05-01T12:44:40.046Z,2.408,3,44.19,210,0,0,,,,
powertraces-pt200array_pt220_r4_7536323_9-486809b730,2026-05-01T12:44:40.146Z,2.508,0,39.37,210,0,0,,,,
powertraces-pt200array_pt220_r4_7536323_9-486809b730,2026-05-01T12:44:40.146Z,2.508,1,41.34,210,0,0,,,,
powertraces-pt200array_pt220_r4_7536323_9-486809b730,2026-05-01T12:44:40.146Z,2.508,2,39.47,210,0,0,,,,
powertraces-pt200array_pt220_r4_7536323_9-486809b730,2026-05-01T12:44:40.146Z,2.508,3,44.19,210,0,0,,,,
powertraces-pt200array_pt220_r4_7536323_9-486809b730,2026-05-01T12:44:40.246Z,2.608,0,39.37,210,0,0,,,,
powertraces-pt200array_pt220_r4_7536323_9-486809b730,2026-05-01T12:44:40.246Z,2.608,1,41.34,210,0,0,,,,
powertraces-pt200array_pt220_r4_7536323_9-486809b730,2026-05-01T12:44:40.246Z,2.608,2,39.47,210,0,0,,,,
powertraces-pt200array_pt220_r4_7536323_9-486809b730,2026-05-01T12:44:40.246Z,2.608,3,44.19,210,0,0,,,,
powertraces-pt200array_pt220_r4_7536323_9-486809b730,2026-05-01T12:44:40.346Z,2.708,0,39.37,210,0,0,,,,
powertraces-pt200array_pt220_r4_7536323_9-486809b730,2026-05-01T12:44:40.346Z,2.708,1,41.21,210,0,0,,,,
powertraces-pt200array_pt220_r4_7536323_9-486809b730,2026-05-01T12:44:40.346Z,2.708,2,39.47,210,0,0,,,,
powertraces-pt200array_pt220_r4_7536323_9-486809b730,2026-05-01T12:44:40.346Z,2.708,3,44.19,210,0,0,,,,
powertraces-pt200array_pt220_r4_7536323_9-486809b730,2026-05-01T12:44:40.446Z,2.808,0,39.37,210,0,0,,,,
powertraces-pt200array_pt220_r4_7536323_9-486809b730,2026-05-01T12:44:40.446Z,2.808,1,41.21,210,0,0,,,,
powertraces-pt200array_pt220_r4_7536323_9-486809b730,2026-05-01T12:44:40.446Z,2.808,2,39.47,210,0,0,,,,
powertraces-pt200array_pt220_r4_7536323_9-486809b730,2026-05-01T12:44:40.446Z,2.808,3,44.19,210,0,0,,,,
powertraces-pt200array_pt220_r4_7536323_9-486809b730,2026-05-01T12:44:40.546Z,2.908,0,39.37,210,0,0,,,,
powertraces-pt200array_pt220_r4_7536323_9-486809b730,2026-05-01T12:44:40.546Z,2.908,1,41.21,210,0,0,,,,
powertraces-pt200array_pt220_r4_7536323_9-486809b730,2026-05-01T12:44:40.546Z,2.908,2,39.47,210,0,0,,,,
powertraces-pt200array_pt220_r4_7536323_9-486809b730,2026-05-01T12:44:40.546Z,2.908,3,44.19,210,0,0,,,,
powertraces-pt200array_pt220_r4_7536323_9-486809b730,2026-05-01T12:44:40.647Z,3.009,0,39.37,210,0,0,,,,
powertraces-pt200array_pt220_r4_7536323_9-486809b730,2026-05-01T12:44:40.647Z,3.009,1,41.21,210,0,0,,,,
powertraces-pt200array_pt220_r4_7536323_9-486809b730,2026-05-01T12:44:40.647Z,3.009,2,39.47,210,0,0,,,,
powertraces-pt200array_pt220_r4_7536323_9-486809b730,2026-05-01T12:44:40.647Z,3.009,3,44.19,210,0,0,,,,
powertraces-pt200array_pt220_r4_7536323_9-486809b730,2026-05-01T12:44:40.747Z,3.109,0,39.25,210,0,0,,,,
powertraces-pt200array_pt220_r4_7536323_9-486809b730,2026-05-01T12:44:40.747Z,3.109,1,41.21,210,0,0,,,,
powertraces-pt200array_pt220_r4_7536323_9-486809b730,2026-05-01T12:44:40.747Z,3.109,2,39.47,210,0,0,,,,
powertraces-pt200array_pt220_r4_7536323_9-486809b730,2026-05-01T12:44:40.747Z,3.109,3,44.19,210,0,0,,,,
powertraces-pt200array_pt220_r4_7536323_9-486809b730,2026-05-01T12:44:40.847Z,3.209,0,39.25,210,0,0,,,,
powertraces-pt200array_pt220_r4_7536323_9-486809b730,2026-05-01T12:44:40.847Z,3.209,1,41.21,210,0,0,,,,
powertraces-pt200array_pt220_r4_7536323_9-486809b730,2026-05-01T12:44:40.847Z,3.209,2,39.35,210,0,0,,,,
powertraces-pt200array_pt220_r4_7536323_9-486809b730,2026-05-01T12:44:40.847Z,3.209,3,44.07,210,0,0,,,,
powertraces-pt200array_pt220_r4_7536323_9-486809b730,2026-05-01T12:44:40.947Z,3.309,0,39.25,210,0,0,,,,
powertraces-pt200array_pt220_r4_7536323_9-486809b730,2026-05-01T12:44:40.947Z,3.309,1,41.21,210,0,0,,,,
powertraces-pt200array_pt220_r4_7536323_9-486809b730,2026-05-01T12:44:40.947Z,3.309,2,39.35,210,0,0,,,,
powertraces-pt200array_pt220_r4_7536323_9-486809b730,2026-05-01T12:44:40.947Z,3.309,3,44.07,210,0,0,,,,
powertraces-pt200array_pt220_r4_7536323_9-486809b730,2026-05-01T12:44:41.047Z,3.409,0,39.25,210,0,0,,,,
powertraces-pt200array_pt220_r4_7536323_9-486809b730,2026-05-01T12:44:41.047Z,3.409,1,41.21,210,0,0,,,,
powertraces-pt200array_pt220_r4_7536323_9-486809b730,2026-05-01T12:44:41.047Z,3.409,2,39.35,210,0,0,,,,
powertraces-pt200array_pt220_r4_7536323_9-486809b730,2026-05-01T12:44:41.047Z,3.409,3,44.07,210,0,0,,,,
powertraces-pt200array_pt220_r4_7536323_9-486809b730,2026-05-01T12:44:41.147Z,3.509,0,39.25,210,0,0,,,,
powertraces-pt200array_pt220_r4_7536323_9-486809b730,2026-05-01T12:44:41.147Z,3.509,1,41.21,210,0,0,,,,
powertraces-pt200array_pt220_r4_7536323_9-486809b730,2026-05-01T12:44:41.147Z,3.509,2,39.35,210,0,0,,,,
powertraces-pt200array_pt220_r4_7536323_9-486809b730,2026-05-01T12:44:41.147Z,3.509,3,44.07,210,0,0,,,,
powertraces-pt200array_pt220_r4_7536323_9-486809b730,2026-05-01T12:44:41.247Z,3.609,0,39.25,210,0,0,,,,
powertraces-pt200array_pt220_r4_7536323_9-486809b730,2026-05-01T12:44:41.247Z,3.609,1,41.21,210,0,0,,,,
powertraces-pt200array_pt220_r4_7536323_9-486809b730,2026-05-01T12:44:41.247Z,3.609,2,39.35,210,0,0,,,,
powertraces-pt200array_pt220_r4_7536323_9-486809b730,2026-05-01T12:44:41.247Z,3.609,3,44.07,210,0,0,,,,
powertraces-pt200array_pt220_r4_7536323_9-486809b730,2026-05-01T12:44:41.348Z,3.71,0,39.25,210,0,0,,,,
powertraces-pt200array_pt220_r4_7536323_9-486809b730,2026-05-01T12:44:41.348Z,3.71,1,41.09,210,0,0,,,,
powertraces-pt200array_pt220_r4_7536323_9-486809b730,2026-05-01T12:44:41.348Z,3.71,2,39.35,210,0,0,,,,
powertraces-pt200array_pt220_r4_7536323_9-486809b730,2026-05-01T12:44:41.348Z,3.71,3,44.07,210,0,0,,,,
powertraces-pt200array_pt220_r4_7536323_9-486809b730,2026-05-01T12:44:41.448Z,3.81,0,39.25,210,0,0,,,,
powertraces-pt200array_pt220_r4_7536323_9-486809b730,2026-05-01T12:44:41.448Z,3.81,1,41.09,210,0,0,,,,
powertraces-pt200array_pt220_r4_7536323_9-486809b730,2026-05-01T12:44:41.448Z,3.81,2,39.35,210,0,0,,,,
powertraces-pt200array_pt220_r4_7536323_9-486809b730,2026-05-01T12:44:41.448Z,3.81,3,44.07,210,0,0,,,,
powertraces-pt200array_pt220_r4_7536323_9-486809b730,2026-05-01T12:44:41.548Z,3.91,0,39.25,210,0,0,,,,
powertraces-pt200array_pt220_r4_7536323_9-486809b730,2026-05-01T12:44:41.548Z,3.91,1,41.09,210,0,0,,,,
powertraces-pt200array_pt220_r4_7536323_9-486809b730,2026-05-01T12:44:41.548Z,3.91,2,39.35,210,0,0,,,,
powertraces-pt200array_pt220_r4_7536323_9-486809b730,2026-05-01T12:44:41.548Z,3.91,3,44.07,210,0,0,,,,
powertraces-pt200array_pt220_r4_7536323_9-486809b730,2026-05-01T12:44:41.648Z,4.01,0,39.25,210,0,0,,,,
powertraces-pt200array_pt220_r4_7536323_9-486809b730,2026-05-01T12:44:41.648Z,4.01,1,41.09,210,0,0,,,,
powertraces-pt200array_pt220_r4_7536323_9-486809b730,2026-05-01T12:44:41.648Z,4.01,2,39.35,210,0,0,,,,
powertraces-pt200array_pt220_r4_7536323_9-486809b730,2026-05-01T12:44:41.648Z,4.01,3,44.07,210,0,0,,,,
powertraces-pt200array_pt220_r4_7536323_9-486809b730,2026-05-01T12:44:41.748Z,4.11,0,39.13,210,0,0,,,,
powertraces-pt200array_pt220_r4_7536323_9-486809b730,2026-05-01T12:44:41.748Z,4.11,1,41.09,210,0,0,,,,
powertraces-pt200array_pt220_r4_7536323_9-486809b730,2026-05-01T12:44:41.748Z,4.11,2,39.35,210,0,0,,,,
powertraces-pt200array_pt220_r4_7536323_9-486809b730,2026-05-01T12:44:41.748Z,4.11,3,44.07,210,0,0,,,,
powertraces-pt200array_pt220_r4_7536323_9-486809b730,2026-05-01T12:44:41.848Z,4.21,0,39.13,210,0,0,,,,
powertraces-pt200array_pt220_r4_7536323_9-486809b730,2026-05-01T12:44:41.848Z,4.21,1,41.09,210,0,0,,,,
powertraces-pt200array_pt220_r4_7536323_9-486809b730,2026-05-01T12:44:41.848Z,4.21,2,39.23,210,0,0,,,,
powertraces-pt200array_pt220_r4_7536323_9-486809b730,2026-05-01T12:44:41.848Z,4.21,3,43.95,210,0,0,,,,
powertraces-pt200array_pt220_r4_7536323_9-486809b730,2026-05-01T12:44:41.948Z,4.31,0,39.13,210,0,0,,,,
powertraces-pt200array_pt220_r4_7536323_9-486809b730,2026-05-01T12:44:41.948Z,4.31,1,41.09,210,0,0,,,,
powertraces-pt200array_pt220_r4_7536323_9-486809b730,2026-05-01T12:44:41.948Z,4.31,2,39.23,210,0,0,,,,
powertraces-pt200array_pt220_r4_7536323_9-486809b730,2026-05-01T12:44:41.948Z,4.31,3,43.95,210,0,0,,,,
powertraces-pt200array_pt220_r4_7536323_9-486809b730,2026-05-01T12:44:42.048Z,4.41,0,39.13,210,0,0,,,,
powertraces-pt200array_pt220_r4_7536323_9-486809b730,2026-05-01T12:44:42.049Z,4.411,1,41.09,210,0,0,,,,
powertraces-pt200array_pt220_r4_7536323_9-486809b730,2026-05-01T12:44:42.049Z,4.411,2,39.23,210,0,0,,,,
powertraces-pt200array_pt220_r4_7536323_9-486809b730,2026-05-01T12:44:42.049Z,4.411,3,43.95,210,0,0,,,,
powertraces-pt200array_pt220_r4_7536323_9-486809b730,2026-05-01T12:44:42.149Z,4.511,0,39.13,210,0,0,,,,
powertraces-pt200array_pt220_r4_7536323_9-486809b730,2026-05-01T12:44:42.149Z,4.511,1,41.09,210,0,0,,,,
powertraces-pt200array_pt220_r4_7536323_9-486809b730,2026-05-01T12:44:42.149Z,4.511,2,39.23,210,0,0,,,,
powertraces-pt200array_pt220_r4_7536323_9-486809b730,2026-05-01T12:44:42.149Z,4.511,3,43.95,210,0,0,,,,
powertraces-pt200array_pt220_r4_7536323_9-486809b730,2026-05-01T12:44:42.249Z,4.611,0,39.13,210,0,0,,,,
powertraces-pt200array_pt220_r4_7536323_9-486809b730,2026-05-01T12:44:42.249Z,4.611,1,41.09,210,0,0,,,,
powertraces-pt200array_pt220_r4_7536323_9-486809b730,2026-05-01T12:44:42.249Z,4.611,2,39.23,210,0,0,,,,
powertraces-pt200array_pt220_r4_7536323_9-486809b730,2026-05-01T12:44:42.249Z,4.611,3,43.95,210,0,0,,,,
powertraces-pt200array_pt220_r4_7536323_9-486809b730,2026-05-01T12:44:42.349Z,4.711,0,39.13,210,0,0,,,,
powertraces-pt200array_pt220_r4_7536323_9-486809b730,2026-05-01T12:44:42.349Z,4.711,1,40.97,210,0,0,,,,
powertraces-pt200array_pt220_r4_7536323_9-486809b730,2026-05-01T12:44:42.349Z,4.711,2,39.23,210,0,0,,,,
powertraces-pt200array_pt220_r4_7536323_9-486809b730,2026-05-01T12:44:42.349Z,4.711,3,43.95,210,0,0,,,,
powertraces-pt200array_pt220_r4_7536323_9-486809b730,2026-05-01T12:44:42.449Z,4.811,0,39.13,210,0,0,,,,
powertraces-pt200array_pt220_r4_7536323_9-486809b730,2026-05-01T12:44:42.449Z,4.811,1,40.97,210,0,0,,,,
powertraces-pt200array_pt220_r4_7536323_9-486809b730,2026-05-01T12:44:42.449Z,4.811,2,39.23,210,0,0,,,,
powertraces-pt200array_pt220_r4_7536323_9-486809b730,2026-05-01T12:44:42.449Z,4.811,3,43.95,210,0,0,,,,
powertraces-pt200array_pt220_r4_7536323_9-486809b730,2026-05-01T12:44:42.549Z,4.911,0,39.13,210,0,0,,,,
powertraces-pt200array_pt220_r4_7536323_9-486809b730,2026-05-01T12:44:42.549Z,4.911,1,40.97,210,0,0,,,,
powertraces-pt200array_pt220_r4_7536323_9-486809b730,2026-05-01T12:44:42.549Z,4.911,2,39.23,210,0,0,,,,
powertraces-pt200array_pt220_r4_7536323_9-486809b730,2026-05-01T12:44:42.549Z,4.911,3,43.95,210,0,0,,,,
powertraces-pt200array_pt220_r4_7536323_9-486809b730,2026-05-01T12:44:42.649Z,5.011,0,39.13,210,0,0,,,,
powertraces-pt200array_pt220_r4_7536323_9-486809b730,2026-05-01T12:44:42.649Z,5.011,1,40.97,210,0,0,,,,
powertraces-pt200array_pt220_r4_7536323_9-486809b730,2026-05-01T12:44:42.649Z,5.011,2,39.23,210,0,0,,,,
powertraces-pt200array_pt220_r4_7536323_9-486809b730,2026-05-01T12:44:42.649Z,5.011,3,43.95,210,0,0,,,,
powertraces-pt200array_pt220_r4_7536323_9-486809b730,2026-05-01T12:44:42.75Z,5.112,0,39.13,210,0,0,,,,
powertraces-pt200array_pt220_r4_7536323_9-486809b730,2026-05-01T12:44:42.75Z,5.112,1,40.97,210,0,0,,,,
powertraces-pt200array_pt220_r4_7536323_9-486809b730,2026-05-01T12:44:42.75Z,5.112,2,39.23,210,0,0,,,,
powertraces-pt200array_pt220_r4_7536323_9-486809b730,2026-05-01T12:44:42.75Z,5.112,3,43.95,210,0,0,,,,
powertraces-pt200array_pt220_r4_7536323_9-486809b730,2026-05-01T12:44:42.85Z,5.212,0,39.13,210,0,0,,,,
powertraces-pt200array_pt220_r4_7536323_9-486809b730,2026-05-01T12:44:42.85Z,5.212,1,40.97,210,0,0,,,,
powertraces-pt200array_pt220_r4_7536323_9-486809b730,2026-05-01T12:44:42.85Z,5.212,2,39.18,210,0,0,,,,
powertraces-pt200array_pt220_r4_7536323_9-486809b730,2026-05-01T12:44:42.85Z,5.212,3,43.83,210,0,0,,,,
powertraces-pt200array_pt220_r4_7536323_9-486809b730,2026-05-01T12:44:42.95Z,5.312,0,39.13,210,0,0,,,,
powertraces-pt200array_pt220_r4_7536323_9-486809b730,2026-05-01T12:44:42.95Z,5.312,1,40.97,210,0,0,,,,
powertraces-pt200array_pt220_r4_7536323_9-486809b730,2026-05-01T12:44:42.95Z,5.312,2,39.18,210,0,0,,,,
powertraces-pt200array_pt220_r4_7536323_9-486809b730,2026-05-01T12:44:42.95Z,5.312,3,43.83,210,0,0,,,,
powertraces-pt200array_pt220_r4_7536323_9-486809b730,2026-05-01T12:44:43.05Z,5.412,0,39.13,210,0,0,,,,
powertraces-pt200array_pt220_r4_7536323_9-486809b730,2026-05-01T12:44:43.05Z,5.412,1,40.97,210,0,0,,,,
powertraces-pt200array_pt220_r4_7536323_9-486809b730,2026-05-01T12:44:43.05Z,5.412,2,39.18,210,0,0,,,,
powertraces-pt200array_pt220_r4_7536323_9-486809b730,2026-05-01T12:44:43.05Z,5.412,3,43.83,210,0,0,,,,
powertraces-pt200array_pt220_r4_7536323_9-486809b730,2026-05-01T12:44:43.15Z,5.512,0,39.13,210,0,0,,,,
powertraces-pt200array_pt220_r4_7536323_9-486809b730,2026-05-01T12:44:43.15Z,5.512,1,40.97,210,0,0,,,,
powertraces-pt200array_pt220_r4_7536323_9-486809b730,2026-05-01T12:44:43.15Z,5.512,2,39.18,210,0,0,,,,
powertraces-pt200array_pt220_r4_7536323_9-486809b730,2026-05-01T12:44:43.15Z,5.512,3,43.83,210,0,0,,,,
powertraces-pt200array_pt220_r4_7536323_9-486809b730,2026-05-01T12:44:43.25Z,5.612,0,39.13,210,0,0,,,,
powertraces-pt200array_pt220_r4_7536323_9-486809b730,2026-05-01T12:44:43.25Z,5.612,1,40.97,210,0,0,,,,
powertraces-pt200array_pt220_r4_7536323_9-486809b730,2026-05-01T12:44:43.25Z,5.612,2,39.18,210,0,0,,,,
powertraces-pt200array_pt220_r4_7536323_9-486809b730,2026-05-01T12:44:43.25Z,5.612,3,43.83,210,0,0,,,,
powertraces-pt200array_pt220_r4_7536323_9-486809b730,2026-05-01T12:44:43.35Z,5.712,0,39.13,210,0,0,,,,
powertraces-pt200array_pt220_r4_7536323_9-486809b730,2026-05-01T12:44:43.35Z,5.712,1,40.85,210,0,0,,,,
powertraces-pt200array_pt220_r4_7536323_9-486809b730,2026-05-01T12:44:43.35Z,5.712,2,39.18,210,0,0,,,,
powertraces-pt200array_pt220_r4_7536323_9-486809b730,2026-05-01T12:44:43.35Z,5.712,3,43.83,210,0,0,,,,
powertraces-pt200array_pt220_r4_7536323_9-486809b730,2026-05-01T12:44:43.45Z,5.812,0,39.13,210,0,0,,,,
powertraces-pt200array_pt220_r4_7536323_9-486809b730,2026-05-01T12:44:43.45Z,5.812,1,40.85,210,0,0,,,,
powertraces-pt200array_pt220_r4_7536323_9-486809b730,2026-05-01T12:44:43.45Z,5.812,2,39.18,210,0,0,,,,
powertraces-pt200array_pt220_r4_7536323_9-486809b730,2026-05-01T12:44:43.45Z,5.812,3,43.83,210,0,0,,,,
powertraces-pt200array_pt220_r4_7536323_9-486809b730,2026-05-01T12:44:43.551Z,5.913,0,39.13,210,0,0,,,,
powertraces-pt200array_pt220_r4_7536323_9-486809b730,2026-05-01T12:44:43.551Z,5.913,1,40.85,210,0,0,,,,
powertraces-pt200array_pt220_r4_7536323_9-486809b730,2026-05-01T12:44:43.551Z,5.913,2,39.18,210,0,0,,,,
powertraces-pt200array_pt220_r4_7536323_9-486809b730,2026-05-01T12:44:43.551Z,5.913,3,43.83,210,0,0,,,,
powertraces-pt200array_pt220_r4_7536323_9-486809b730,2026-05-01T12:44:43.651Z,6.013,0,39.13,210,0,0,,,,
powertraces-pt200array_pt220_r4_7536323_9-486809b730,2026-05-01T12:44:43.651Z,6.013,1,40.85,210,0,0,,,,
powertraces-pt200array_pt220_r4_7536323_9-486809b730,2026-05-01T12:44:43.651Z,6.013,2,39.18,210,0,0,,,,
powertraces-pt200array_pt220_r4_7536323_9-486809b730,2026-05-01T12:44:43.651Z,6.013,3,43.83,210,0,0,,,,
powertraces-pt200array_pt220_r4_7536323_9-486809b730,2026-05-01T12:44:43.751Z,6.113,0,39.0,210,0,0,,,,
powertraces-pt200array_pt220_r4_7536323_9-486809b730,2026-05-01T12:44:43.751Z,6.113,1,40.85,210,0,0,,,,
powertraces-pt200array_pt220_r4_7536323_9-486809b730,2026-05-01T12:44:43.751Z,6.113,2,39.18,210,0,0,,,,
powertraces-pt200array_pt220_r4_7536323_9-486809b730,2026-05-01T12:44:43.751Z,6.113,3,43.83,210,0,0,,,,
powertraces-pt200array_pt220_r4_7536323_9-486809b730,2026-05-01T12:44:43.851Z,6.213,0,39.0,210,0,0,,,,
powertraces-pt200array_pt220_r4_7536323_9-486809b730,2026-05-01T12:44:43.851Z,6.213,1,40.85,210,0,0,,,,
powertraces-pt200array_pt220_r4_7536323_9-486809b730,2026-05-01T12:44:43.851Z,6.213,2,39.06,210,0,0,,,,
powertraces-pt200array_pt220_r4_7536323_9-486809b730,2026-05-01T12:44:43.851Z,6.213,3,43.7,210,0,0,,,,
powertraces-pt200array_pt220_r4_7536323_9-486809b730,2026-05-01T12:44:43.951Z,6.313,0,39.0,210,0,0,,,,
powertraces-pt200array_pt220_r4_7536323_9-486809b730,2026-05-01T12:44:43.951Z,6.313,1,40.85,210,0,0,,,,
powertraces-pt200array_pt220_r4_7536323_9-486809b730,2026-05-01T12:44:43.951Z,6.313,2,39.06,210,0,0,,,,
powertraces-pt200array_pt220_r4_7536323_9-486809b730,2026-05-01T12:44:43.951Z,6.313,3,43.7,210,0,0,,,,
powertraces-pt200array_pt220_r4_7536323_9-486809b730,2026-05-01T12:44:44.051Z,6.413,0,39.0,210,0,0,,,,
powertraces-pt200array_pt220_r4_7536323_9-486809b730,2026-05-01T12:44:44.051Z,6.413,1,40.85,210,0,0,,,,
powertraces-pt200array_pt220_r4_7536323_9-486809b730,2026-05-01T12:44:44.051Z,6.413,2,39.06,210,0,0,,,,
powertraces-pt200array_pt220_r4_7536323_9-486809b730,2026-05-01T12:44:44.051Z,6.413,3,43.7,210,0,0,,,,
powertraces-pt200array_pt220_r4_7536323_9-486809b730,2026-05-01T12:44:44.151Z,6.513,0,39.0,210,0,0,,,,
powertraces-pt200array_pt220_r4_7536323_9-486809b730,2026-05-01T12:44:44.151Z,6.513,1,40.85,210,0,0,,,,
powertraces-pt200array_pt220_r4_7536323_9-486809b730,2026-05-01T12:44:44.151Z,6.513,2,39.06,210,0,0,,,,
powertraces-pt200array_pt220_r4_7536323_9-486809b730,2026-05-01T12:44:44.151Z,6.513,3,43.7,210,0,0,,,,
powertraces-pt200array_pt220_r4_7536323_9-486809b730,2026-05-01T12:44:44.252Z,6.614,0,39.0,210,0,0,,,,
powertraces-pt200array_pt220_r4_7536323_9-486809b730,2026-05-01T12:44:44.252Z,6.614,1,40.85,210,0,0,,,,
powertraces-pt200array_pt220_r4_7536323_9-486809b730,2026-05-01T12:44:44.252Z,6.614,2,39.06,210,0,0,,,,
powertraces-pt200array_pt220_r4_7536323_9-486809b730,2026-05-01T12:44:44.252Z,6.614,3,43.7,210,0,0,,,,
powertraces-pt200array_pt220_r4_7536323_9-486809b730,2026-05-01T12:44:44.352Z,6.714,0,39.0,210,0,0,,,,
powertraces-pt200array_pt220_r4_7536323_9-486809b730,2026-05-01T12:44:44.352Z,6.714,1,40.85,210,0,0,,,,
powertraces-pt200array_pt220_r4_7536323_9-486809b730,2026-05-01T12:44:44.352Z,6.714,2,39.06,210,0,0,,,,
powertraces-pt200array_pt220_r4_7536323_9-486809b730,2026-05-01T12:44:44.352Z,6.714,3,43.7,210,0,0,,,,
powertraces-pt200array_pt220_r4_7536323_9-486809b730,2026-05-01T12:44:44.452Z,6.814,0,39.0,210,0,0,,,,
powertraces-pt200array_pt220_r4_7536323_9-486809b730,2026-05-01T12:44:44.452Z,6.814,1,40.85,210,0,0,,,,
powertraces-pt200array_pt220_r4_7536323_9-486809b730,2026-05-01T12:44:44.452Z,6.814,2,39.06,210,0,0,,,,
powertraces-pt200array_pt220_r4_7536323_9-486809b730,2026-05-01T12:44:44.452Z,6.814,3,43.7,210,0,0,,,,
powertraces-pt200array_pt220_r4_7536323_9-486809b730,2026-05-01T12:44:44.552Z,6.914,0,39.0,210,0,0,,,,
powertraces-pt200array_pt220_r4_7536323_9-486809b730,2026-05-01T12:44:44.552Z,6.914,1,40.85,210,0,0,,,,
powertraces-pt200array_pt220_r4_7536323_9-486809b730,2026-05-01T12:44:44.552Z,6.914,2,39.06,210,0,0,,,,
powertraces-pt200array_pt220_r4_7536323_9-486809b730,2026-05-01T12:44:44.552Z,6.914,3,43.7,210,0,0,,,,
powertraces-pt200array_pt220_r4_7536323_9-486809b730,2026-05-01T12:44:44.652Z,7.014,0,39.0,210,0,0,,,,
powertraces-pt200array_pt220_r4_7536323_9-486809b730,2026-05-01T12:44:44.652Z,7.014,1,40.85,210,0,0,,,,
powertraces-pt200array_pt220_r4_7536323_9-486809b730,2026-05-01T12:44:44.652Z,7.014,2,39.06,210,0,0,,,,
powertraces-pt200array_pt220_r4_7536323_9-486809b730,2026-05-01T12:44:44.652Z,7.014,3,43.7,210,0,0,,,,
powertraces-pt200array_pt220_r4_7536323_9-486809b730,2026-05-01T12:44:44.752Z,7.114,0,38.88,210,0,0,,,,
powertraces-pt200array_pt220_r4_7536323_9-486809b730,2026-05-01T12:44:44.752Z,7.114,1,40.85,210,0,0,,,,
powertraces-pt200array_pt220_r4_7536323_9-486809b730,2026-05-01T12:44:44.752Z,7.114,2,39.06,210,0,0,,,,
powertraces-pt200array_pt220_r4_7536323_9-486809b730,2026-05-01T12:44:44.752Z,7.114,3,43.7,210,0,0,,,,
powertraces-pt200array_pt220_r4_7536323_9-486809b730,2026-05-01T12:44:44.852Z,7.214,0,38.88,210,0,0,,,,
powertraces-pt200array_pt220_r4_7536323_9-486809b730,2026-05-01T12:44:44.852Z,7.214,1,40.85,210,0,0,,,,
powertraces-pt200array_pt220_r4_7536323_9-486809b730,2026-05-01T12:44:44.852Z,7.214,2,38.93,210,0,0,,,,
powertraces-pt200array_pt220_r4_7536323_9-486809b730,2026-05-01T12:44:44.852Z,7.214,3,43.58,210,0,0,,,,
powertraces-pt200array_pt220_r4_7536323_9-486809b730,2026-05-01T12:44:44.952Z,7.314,0,38.88,210,0,0,,,,
powertraces-pt200array_pt220_r4_7536323_9-486809b730,2026-05-01T12:44:44.952Z,7.314,1,40.85,210,0,0,,,,
powertraces-pt200array_pt220_r4_7536323_9-486809b730,2026-05-01T12:44:44.952Z,7.314,2,38.93,210,0,0,,,,
powertraces-pt200array_pt220_r4_7536323_9-486809b730,2026-05-01T12:44:44.952Z,7.314,3,43.58,210,0,0,,,,
powertraces-pt200array_pt220_r4_7536323_9-486809b730,2026-05-01T12:44:45.053Z,7.415,0,38.88,210,0,0,,,,
powertraces-pt200array_pt220_r4_7536323_9-486809b730,2026-05-01T12:44:45.053Z,7.415,1,40.85,210,0,0,,,,
powertraces-pt200array_pt220_r4_7536323_9-486809b730,2026-05-01T12:44:45.053Z,7.415,2,38.93,210,0,0,,,,
powertraces-pt200array_pt220_r4_7536323_9-486809b730,2026-05-01T12:44:45.053Z,7.415,3,43.58,210,0,0,,,,
powertraces-pt200array_pt220_r4_7536323_9-486809b730,2026-05-01T12:44:45.153Z,7.515,0,38.88,210,0,0,,,,
powertraces-pt200array_pt220_r4_7536323_9-486809b730,2026-05-01T12:44:45.153Z,7.515,1,40.85,210,0,0,,,,
powertraces-pt200array_pt220_r4_7536323_9-486809b730,2026-05-01T12:44:45.153Z,7.515,2,38.93,210,0,0,,,,
powertraces-pt200array_pt220_r4_7536323_9-486809b730,2026-05-01T12:44:45.153Z,7.515,3,43.58,210,0,0,,,,
powertraces-pt200array_pt220_r4_7536323_9-486809b730,2026-05-01T12:44:45.253Z,7.615,0,38.88,210,0,0,,,,
powertraces-pt200array_pt220_r4_7536323_9-486809b730,2026-05-01T12:44:45.253Z,7.615,1,40.85,210,0,0,,,,
powertraces-pt200array_pt220_r4_7536323_9-486809b730,2026-05-01T12:44:45.253Z,7.615,2,38.93,210,0,0,,,,
powertraces-pt200array_pt220_r4_7536323_9-486809b730,2026-05-01T12:44:45.253Z,7.615,3,43.58,210,0,0,,,,
powertraces-pt200array_pt220_r4_7536323_9-486809b730,2026-05-01T12:44:45.353Z,7.715,0,38.88,210,0,0,,,,
powertraces-pt200array_pt220_r4_7536323_9-486809b730,2026-05-01T12:44:45.353Z,7.715,1,40.72,210,0,0,,,,
powertraces-pt200array_pt220_r4_7536323_9-486809b730,2026-05-01T12:44:45.353Z,7.715,2,38.93,210,0,0,,,,
powertraces-pt200array_pt220_r4_7536323_9-486809b730,2026-05-01T12:44:45.353Z,7.715,3,43.58,210,0,0,,,,
powertraces-pt200array_pt220_r4_7536323_9-486809b730,2026-05-01T12:44:45.453Z,7.815,0,38.88,210,0,0,,,,
powertraces-pt200array_pt220_r4_7536323_9-486809b730,2026-05-01T12:44:45.453Z,7.815,1,40.72,210,0,0,,,,
powertraces-pt200array_pt220_r4_7536323_9-486809b730,2026-05-01T12:44:45.453Z,7.815,2,38.93,210,0,0,,,,
powertraces-pt200array_pt220_r4_7536323_9-486809b730,2026-05-01T12:44:45.453Z,7.815,3,43.58,210,0,0,,,,
powertraces-pt200array_pt220_r4_7536323_9-486809b730,2026-05-01T12:44:45.553Z,7.915,0,38.88,210,0,0,,,,
powertraces-pt200array_pt220_r4_7536323_9-486809b730,2026-05-01T12:44:45.553Z,7.915,1,40.72,210,0,0,,,,
powertraces-pt200array_pt220_r4_7536323_9-486809b730,2026-05-01T12:44:45.553Z,7.915,2,38.93,210,0,0,,,,
powertraces-pt200array_pt220_r4_7536323_9-486809b730,2026-05-01T12:44:45.553Z,7.915,3,43.58,210,0,0,,,,
powertraces-pt200array_pt220_r4_7536323_9-486809b730,2026-05-01T12:44:45.653Z,8.015,0,38.88,210,0,0,,,,
powertraces-pt200array_pt220_r4_7536323_9-486809b730,2026-05-01T12:44:45.653Z,8.015,1,40.72,210,0,0,,,,
powertraces-pt200array_pt220_r4_7536323_9-486809b730,2026-05-01T12:44:45.654Z,8.016,2,38.93,210,0,0,,,,
powertraces-pt200array_pt220_r4_7536323_9-486809b730,2026-05-01T12:44:45.654Z,8.016,3,43.58,210,0,0,,,,
powertraces-pt200array_pt220_r4_7536323_9-486809b730,2026-05-01T12:44:45.754Z,8.116,0,38.88,210,0,0,,,,
powertraces-pt200array_pt220_r4_7536323_9-486809b730,2026-05-01T12:44:45.754Z,8.116,1,40.72,210,0,0,,,,
powertraces-pt200array_pt220_r4_7536323_9-486809b730,2026-05-01T12:44:45.754Z,8.116,2,38.93,210,0,0,,,,
powertraces-pt200array_pt220_r4_7536323_9-486809b730,2026-05-01T12:44:45.754Z,8.116,3,43.58,210,0,0,,,,
powertraces-pt200array_pt220_r4_7536323_9-486809b730,2026-05-01T12:44:45.854Z,8.216,0,38.88,210,0,0,,,,
powertraces-pt200array_pt220_r4_7536323_9-486809b730,2026-05-01T12:44:45.854Z,8.216,1,40.72,210,0,0,,,,
powertraces-pt200array_pt220_r4_7536323_9-486809b730,2026-05-01T12:44:45.854Z,8.216,2,38.88,210,0,0,,,,
powertraces-pt200array_pt220_r4_7536323_9-486809b730,2026-05-01T12:44:45.854Z,8.216,3,43.46,210,0,0,,,,
powertraces-pt200array_pt220_r4_7536323_9-486809b730,2026-05-01T12:44:45.954Z,8.316,0,38.88,210,0,0,,,,
powertraces-pt200array_pt220_r4_7536323_9-486809b730,2026-05-01T12:44:45.954Z,8.316,1,40.72,210,0,0,,,,
powertraces-pt200array_pt220_r4_7536323_9-486809b730,2026-05-01T12:44:45.954Z,8.316,2,38.88,210,0,0,,,,
powertraces-pt200array_pt220_r4_7536323_9-486809b730,2026-05-01T12:44:45.954Z,8.316,3,43.46,210,0,0,,,,
powertraces-pt200array_pt220_r4_7536323_9-486809b730,2026-05-01T12:44:46.054Z,8.416,0,38.88,210,0,0,,,,
powertraces-pt200array_pt220_r4_7536323_9-486809b730,2026-05-01T12:44:46.054Z,8.416,1,40.72,210,0,0,,,,
powertraces-pt200array_pt220_r4_7536323_9-486809b730,2026-05-01T12:44:46.054Z,8.416,2,38.88,210,0,0,,,,
powertraces-pt200array_pt220_r4_7536323_9-486809b730,2026-05-01T12:44:46.054Z,8.416,3,43.46,210,0,0,,,,
powertraces-pt200array_pt220_r4_7536323_9-486809b730,2026-05-01T12:44:46.154Z,8.516,0,38.88,210,0,0,,,,
powertraces-pt200array_pt220_r4_7536323_9-486809b730,2026-05-01T12:44:46.154Z,8.516,1,40.72,210,0,0,,,,
powertraces-pt200array_pt220_r4_7536323_9-486809b730,2026-05-01T12:44:46.154Z,8.516,2,38.88,210,0,0,,,,
powertraces-pt200array_pt220_r4_7536323_9-486809b730,2026-05-01T12:44:46.154Z,8.516,3,43.46,210,0,0,,,,
powertraces-pt200array_pt220_r4_7536323_9-486809b730,2026-05-01T12:44:46.254Z,8.616,0,38.88,210,0,0,,,,
powertraces-pt200array_pt220_r4_7536323_9-486809b730,2026-05-01T12:44:46.254Z,8.616,1,40.72,210,0,0,,,,
powertraces-pt200array_pt220_r4_7536323_9-486809b730,2026-05-01T12:44:46.254Z,8.616,2,38.88,210,0,0,,,,
powertraces-pt200array_pt220_r4_7536323_9-486809b730,2026-05-01T12:44:46.254Z,8.616,3,43.46,210,0,0,,,,
powertraces-pt200array_pt220_r4_7536323_9-486809b730,2026-05-01T12:44:46.354Z,8.716,0,38.88,210,0,0,,,,
powertraces-pt200array_pt220_r4_7536323_9-486809b730,2026-05-01T12:44:46.355Z,8.717,1,40.6,210,0,0,,,,
powertraces-pt200array_pt220_r4_7536323_9-486809b730,2026-05-01T12:44:46.355Z,8.717,2,38.88,210,0,0,,,,
powertraces-pt200array_pt220_r4_7536323_9-486809b730,2026-05-01T12:44:46.355Z,8.717,3,43.46,210,0,0,,,,
powertraces-pt200array_pt220_r4_7536323_9-486809b730,2026-05-01T12:44:46.455Z,8.817,0,38.88,210,0,0,,,,
powertraces-pt200array_pt220_r4_7536323_9-486809b730,2026-05-01T12:44:46.455Z,8.817,1,40.6,210,0,0,,,,
powertraces-pt200array_pt220_r4_7536323_9-486809b730,2026-05-01T12:44:46.455Z,8.817,2,38.88,210,0,0,,,,
powertraces-pt200array_pt220_r4_7536323_9-486809b730,2026-05-01T12:44:46.455Z,8.817,3,43.46,210,0,0,,,,
powertraces-pt200array_pt220_r4_7536323_9-486809b730,2026-05-01T12:44:46.555Z,8.917,0,38.88,210,0,0,,,,
powertraces-pt200array_pt220_r4_7536323_9-486809b730,2026-05-01T12:44:46.555Z,8.917,1,40.6,210,0,0,,,,
powertraces-pt200array_pt220_r4_7536323_9-486809b730,2026-05-01T12:44:46.555Z,8.917,2,38.88,210,0,0,,,,
powertraces-pt200array_pt220_r4_7536323_9-486809b730,2026-05-01T12:44:46.555Z,8.917,3,43.46,210,0,0,,,,
powertraces-pt200array_pt220_r4_7536323_9-486809b730,2026-05-01T12:44:46.655Z,9.017,0,38.88,210,0,0,,,,
powertraces-pt200array_pt220_r4_7536323_9-486809b730,2026-05-01T12:44:46.655Z,9.017,1,40.6,210,0,0,,,,
powertraces-pt200array_pt220_r4_7536323_9-486809b730,2026-05-01T12:44:46.655Z,9.017,2,38.88,210,0,0,,,,
powertraces-pt200array_pt220_r4_7536323_9-486809b730,2026-05-01T12:44:46.655Z,9.017,3,43.46,210,0,0,,,,
powertraces-pt200array_pt220_r4_7536323_9-486809b730,2026-05-01T12:44:46.755Z,9.117,0,38.88,210,0,0,,,,
powertraces-pt200array_pt220_r4_7536323_9-486809b730,2026-05-01T12:44:46.755Z,9.117,1,40.6,210,0,0,,,,
powertraces-pt200array_pt220_r4_7536323_9-486809b730,2026-05-01T12:44:46.755Z,9.117,2,38.88,210,0,0,,,,
powertraces-pt200array_pt220_r4_7536323_9-486809b730,2026-05-01T12:44:46.755Z,9.117,3,43.46,210,0,0,,,,
powertraces-pt200array_pt220_r4_7536323_9-486809b730,2026-05-01T12:44:46.855Z,9.217,0,38.88,210,0,0,,,,
powertraces-pt200array_pt220_r4_7536323_9-486809b730,2026-05-01T12:44:46.855Z,9.217,1,40.6,210,0,0,,,,
powertraces-pt200array_pt220_r4_7536323_9-486809b730,2026-05-01T12:44:46.855Z,9.217,2,38.76,210,0,0,,,,
powertraces-pt200array_pt220_r4_7536323_9-486809b730,2026-05-01T12:44:46.855Z,9.217,3,43.33,210,0,0,,,,
powertraces-pt200array_pt220_r4_7536323_9-486809b730,2026-05-01T12:44:46.955Z,9.317,0,38.88,210,0,0,,,,
powertraces-pt200array_pt220_r4_7536323_9-486809b730,2026-05-01T12:44:46.955Z,9.317,1,40.6,210,0,0,,,,
powertraces-pt200array_pt220_r4_7536323_9-486809b730,2026-05-01T12:44:46.955Z,9.317,2,38.76,210,0,0,,,,
powertraces-pt200array_pt220_r4_7536323_9-486809b730,2026-05-01T12:44:46.955Z,9.317,3,43.33,210,0,0,,,,
powertraces-pt200array_pt220_r4_7536323_9-486809b730,2026-05-01T12:44:47.056Z,9.418,0,38.88,210,0,0,,,,
powertraces-pt200array_pt220_r4_7536323_9-486809b730,2026-05-01T12:44:47.056Z,9.418,1,40.6,210,0,0,,,,
powertraces-pt200array_pt220_r4_7536323_9-486809b730,2026-05-01T12:44:47.056Z,9.418,2,38.76,210,0,0,,,,
powertraces-pt200array_pt220_r4_7536323_9-486809b730,2026-05-01T12:44:47.056Z,9.418,3,43.33,210,0,0,,,,
powertraces-pt200array_pt220_r4_7536323_9-486809b730,2026-05-01T12:44:47.156Z,9.518,0,38.88,210,0,0,,,,
powertraces-pt200array_pt220_r4_7536323_9-486809b730,2026-05-01T12:44:47.156Z,9.518,1,40.6,210,0,0,,,,
powertraces-pt200array_pt220_r4_7536323_9-486809b730,2026-05-01T12:44:47.156Z,9.518,2,38.76,210,0,0,,,,
powertraces-pt200array_pt220_r4_7536323_9-486809b730,2026-05-01T12:44:47.156Z,9.518,3,43.33,210,0,0,,,,
powertraces-pt200array_pt220_r4_7536323_9-486809b730,2026-05-01T12:44:47.256Z,9.618,0,38.88,210,0,0,,,,
powertraces-pt200array_pt220_r4_7536323_9-486809b730,2026-05-01T12:44:47.256Z,9.618,1,40.6,210,0,0,,,,
powertraces-pt200array_pt220_r4_7536323_9-486809b730,2026-05-01T12:44:47.256Z,9.618,2,38.76,210,0,0,,,,
powertraces-pt200array_pt220_r4_7536323_9-486809b730,2026-05-01T12:44:47.256Z,9.618,3,43.33,210,0,0,,,,
powertraces-pt200array_pt220_r4_7536323_9-486809b730,2026-05-01T12:44:47.356Z,9.718,0,38.88,210,0,0,,,,
powertraces-pt200array_pt220_r4_7536323_9-486809b730,2026-05-01T12:44:47.356Z,9.718,1,40.48,210,0,0,,,,
powertraces-pt200array_pt220_r4_7536323_9-486809b730,2026-05-01T12:44:47.356Z,9.718,2,38.76,210,0,0,,,,
powertraces-pt200array_pt220_r4_7536323_9-486809b730,2026-05-01T12:44:47.356Z,9.718,3,43.33,210,0,0,,,,
powertraces-pt200array_pt220_r4_7536323_9-486809b730,2026-05-01T12:44:47.456Z,9.818,0,38.88,210,0,0,,,,
powertraces-pt200array_pt220_r4_7536323_9-486809b730,2026-05-01T12:44:47.456Z,9.818,1,40.48,210,0,0,,,,
powertraces-pt200array_pt220_r4_7536323_9-486809b730,2026-05-01T12:44:47.456Z,9.818,2,38.76,210,0,0,,,,
powertraces-pt200array_pt220_r4_7536323_9-486809b730,2026-05-01T12:44:47.456Z,9.818,3,43.33,210,0,0,,,,
powertraces-pt200array_pt220_r4_7536323_9-486809b730,2026-05-01T12:44:47.556Z,9.918,0,38.88,210,0,0,,,,
powertraces-pt200array_pt220_r4_7536323_9-486809b730,2026-05-01T12:44:47.556Z,9.918,1,40.48,210,0,0,,,,
powertraces-pt200array_pt220_r4_7536323_9-486809b730,2026-05-01T12:44:47.556Z,9.918,2,38.76,210,0,0,,,,
powertraces-pt200array_pt220_r4_7536323_9-486809b730,2026-05-01T12:44:47.556Z,9.918,3,43.33,210,0,0,,,,
powertraces-pt200array_pt220_r4_7536323_9-486809b730,2026-05-01T12:44:47.656Z,10.018,0,38.88,210,0,0,,,,
powertraces-pt200array_pt220_r4_7536323_9-486809b730,2026-05-01T12:44:47.657Z,10.019,1,40.48,210,0,0,,,,
powertraces-pt200array_pt220_r4_7536323_9-486809b730,2026-05-01T12:44:47.657Z,10.019,2,38.76,210,0,0,,,,
powertraces-pt200array_pt220_r4_7536323_9-486809b730,2026-05-01T12:44:47.657Z,10.019,3,43.33,210,0,0,,,,
powertraces-pt200array_pt220_r4_7536323_9-486809b730,2026-05-01T12:44:47.757Z,10.119,0,38.76,210,0,0,,,,
powertraces-pt200array_pt220_r4_7536323_9-486809b730,2026-05-01T12:44:47.757Z,10.119,1,40.48,210,0,0,,,,
powertraces-pt200array_pt220_r4_7536323_9-486809b730,2026-05-01T12:44:47.757Z,10.119,2,38.76,210,0,0,,,,
powertraces-pt200array_pt220_r4_7536323_9-486809b730,2026-05-01T12:44:47.757Z,10.119,3,43.33,210,0,0,,,,
powertraces-pt200array_pt220_r4_7536323_9-486809b730,2026-05-01T12:44:47.857Z,10.219,0,38.76,210,0,0,,,,
powertraces-pt200array_pt220_r4_7536323_9-486809b730,2026-05-01T12:44:47.857Z,10.219,1,40.48,210,0,0,,,,
powertraces-pt200array_pt220_r4_7536323_9-486809b730,2026-05-01T12:44:47.857Z,10.219,2,38.64,210,0,0,,,,
powertraces-pt200array_pt220_r4_7536323_9-486809b730,2026-05-01T12:44:47.857Z,10.219,3,43.21,210,0,0,,,,
powertraces-pt200array_pt220_r4_7536323_9-486809b730,2026-05-01T12:44:47.957Z,10.319,0,38.76,210,0,0,,,,
powertraces-pt200array_pt220_r4_7536323_9-486809b730,2026-05-01T12:44:47.957Z,10.319,1,40.48,210,0,0,,,,
powertraces-pt200array_pt220_r4_7536323_9-486809b730,2026-05-01T12:44:47.957Z,10.319,2,38.64,210,0,0,,,,
powertraces-pt200array_pt220_r4_7536323_9-486809b730,2026-05-01T12:44:47.957Z,10.319,3,43.21,210,0,0,,,,
powertraces-pt200array_pt220_r4_7536323_9-486809b730,2026-05-01T12:44:48.057Z,10.419,0,38.76,210,0,0,,,,
powertraces-pt200array_pt220_r4_7536323_9-486809b730,2026-05-01T12:44:48.057Z,10.419,1,40.48,210,0,0,,,,
powertraces-pt200array_pt220_r4_7536323_9-486809b730,2026-05-01T12:44:48.057Z,10.419,2,38.64,210,0,0,,,,
powertraces-pt200array_pt220_r4_7536323_9-486809b730,2026-05-01T12:44:48.057Z,10.419,3,43.21,210,0,0,,,,
powertraces-pt200array_pt220_r4_7536323_9-486809b730,2026-05-01T12:44:48.157Z,10.519,0,38.76,210,0,0,,,,
powertraces-pt200array_pt220_r4_7536323_9-486809b730,2026-05-01T12:44:48.157Z,10.519,1,40.48,210,0,0,,,,
powertraces-pt200array_pt220_r4_7536323_9-486809b730,2026-05-01T12:44:48.157Z,10.519,2,38.64,210,0,0,,,,
powertraces-pt200array_pt220_r4_7536323_9-486809b730,2026-05-01T12:44:48.157Z,10.519,3,43.21,210,0,0,,,,
powertraces-pt200array_pt220_r4_7536323_9-486809b730,2026-05-01T12:44:48.257Z,10.619,0,38.76,210,0,0,,,,
powertraces-pt200array_pt220_r4_7536323_9-486809b730,2026-05-01T12:44:48.257Z,10.619,1,40.48,210,0,0,,,,
powertraces-pt200array_pt220_r4_7536323_9-486809b730,2026-05-01T12:44:48.257Z,10.619,2,38.64,210,0,0,,,,
powertraces-pt200array_pt220_r4_7536323_9-486809b730,2026-05-01T12:44:48.257Z,10.619,3,43.21,210,0,0,,,,
powertraces-pt200array_pt220_r4_7536323_9-486809b730,2026-05-01T12:44:48.357Z,10.719,0,38.76,210,0,0,,,,
powertraces-pt200array_pt220_r4_7536323_9-486809b730,2026-05-01T12:44:48.357Z,10.719,1,40.36,210,0,0,,,,
powertraces-pt200array_pt220_r4_7536323_9-486809b730,2026-05-01T12:44:48.357Z,10.719,2,38.64,210,0,0,,,,
powertraces-pt200array_pt220_r4_7536323_9-486809b730,2026-05-01T12:44:48.357Z,10.719,3,43.21,210,0,0,,,,
powertraces-pt200array_pt220_r4_7536323_9-486809b730,2026-05-01T12:44:48.458Z,10.82,0,38.76,210,0,0,,,,
powertraces-pt200array_pt220_r4_7536323_9-486809b730,2026-05-01T12:44:48.458Z,10.82,1,40.36,210,0,0,,,,
powertraces-pt200array_pt220_r4_7536323_9-486809b730,2026-05-01T12:44:48.458Z,10.82,2,38.64,210,0,0,,,,
powertraces-pt200array_pt220_r4_7536323_9-486809b730,2026-05-01T12:44:48.458Z,10.82,3,43.21,210,0,0,,,,
powertraces-pt200array_pt220_r4_7536323_9-486809b730,2026-05-01T12:44:48.558Z,10.92,0,38.76,210,0,0,,,,
powertraces-pt200array_pt220_r4_7536323_9-486809b730,2026-05-01T12:44:48.558Z,10.92,1,40.36,210,0,0,,,,
powertraces-pt200array_pt220_r4_7536323_9-486809b730,2026-05-01T12:44:48.558Z,10.92,2,38.64,210,0,0,,,,
powertraces-pt200array_pt220_r4_7536323_9-486809b730,2026-05-01T12:44:48.558Z,10.92,3,43.21,210,0,0,,,,
powertraces-pt200array_pt220_r4_7536323_9-486809b730,2026-05-01T12:44:48.658Z,11.02,0,38.76,210,0,0,,,,
powertraces-pt200array_pt220_r4_7536323_9-486809b730,2026-05-01T12:44:48.658Z,11.02,1,40.36,210,0,0,,,,
powertraces-pt200array_pt220_r4_7536323_9-486809b730,2026-05-01T12:44:48.658Z,11.02,2,38.64,210,0,0,,,,
powertraces-pt200array_pt220_r4_7536323_9-486809b730,2026-05-01T12:44:48.658Z,11.02,3,43.21,210,0,0,,,,
powertraces-pt200array_pt220_r4_7536323_9-486809b730,2026-05-01T12:44:48.758Z,11.12,0,38.64,210,0,0,,,,
powertraces-pt200array_pt220_r4_7536323_9-486809b730,2026-05-01T12:44:48.758Z,11.12,1,40.36,210,0,0,,,,
powertraces-pt200array_pt220_r4_7536323_9-486809b730,2026-05-01T12:44:48.758Z,11.12,2,38.64,210,0,0,,,,
powertraces-pt200array_pt220_r4_7536323_9-486809b730,2026-05-01T12:44:48.758Z,11.12,3,43.21,210,0,0,,,,
powertraces-pt200array_pt220_r4_7536323_9-486809b730,2026-05-01T12:44:48.858Z,11.22,0,38.64,210,0,0,,,,
powertraces-pt200array_pt220_r4_7536323_9-486809b730,2026-05-01T12:44:48.858Z,11.22,1,40.36,210,0,0,,,,
powertraces-pt200array_pt220_r4_7536323_9-486809b730,2026-05-01T12:44:48.858Z,11.22,2,38.64,210,0,0,,,,
powertraces-pt200array_pt220_r4_7536323_9-486809b730,2026-05-01T12:44:48.858Z,11.22,3,43.09,210,0,0,,,,
powertraces-pt200array_pt220_r4_7536323_9-486809b730,2026-05-01T12:44:48.958Z,11.32,0,38.64,210,0,0,,,,
powertraces-pt200array_pt220_r4_7536323_9-486809b730,2026-05-01T12:44:48.958Z,11.32,1,40.36,210,0,0,,,,
powertraces-pt200array_pt220_r4_7536323_9-486809b730,2026-05-01T12:44:48.958Z,11.32,2,38.64,210,0,0,,,,
powertraces-pt200array_pt220_r4_7536323_9-486809b730,2026-05-01T12:44:48.958Z,11.32,3,43.09,210,0,0,,,,
powertraces-pt200array_pt220_r4_7536323_9-486809b730,2026-05-01T12:44:49.058Z,11.42,0,38.64,210,0,0,,,,
powertraces-pt200array_pt220_r4_7536323_9-486809b730,2026-05-01T12:44:49.058Z,11.42,1,40.36,210,0,0,,,,
powertraces-pt200array_pt220_r4_7536323_9-486809b730,2026-05-01T12:44:49.058Z,11.42,2,38.64,210,0,0,,,,
powertraces-pt200array_pt220_r4_7536323_9-486809b730,2026-05-01T12:44:49.058Z,11.42,3,43.09,210,0,0,,,,
powertraces-pt200array_pt220_r4_7536323_9-486809b730,2026-05-01T12:44:49.158Z,11.52,0,38.64,210,0,0,,,,
powertraces-pt200array_pt220_r4_7536323_9-486809b730,2026-05-01T12:44:49.158Z,11.52,1,40.36,210,0,0,,,,
powertraces-pt200array_pt220_r4_7536323_9-486809b730,2026-05-01T12:44:49.158Z,11.52,2,38.64,210,0,0,,,,
powertraces-pt200array_pt220_r4_7536323_9-486809b730,2026-05-01T12:44:49.158Z,11.52,3,43.09,210,0,0,,,,
powertraces-pt200array_pt220_r4_7536323_9-486809b730,2026-05-01T12:44:49.259Z,11.621,0,38.64,210,0,0,,,,
powertraces-pt200array_pt220_r4_7536323_9-486809b730,2026-05-01T12:44:49.259Z,11.621,1,40.36,210,0,0,,,,
powertraces-pt200array_pt220_r4_7536323_9-486809b730,2026-05-01T12:44:49.259Z,11.621,2,38.64,210,0,0,,,,
powertraces-pt200array_pt220_r4_7536323_9-486809b730,2026-05-01T12:44:49.259Z,11.621,3,43.09,210,0,0,,,,
powertraces-pt200array_pt220_r4_7536323_9-486809b730,2026-05-01T12:44:49.359Z,11.721,0,38.64,210,0,0,,,,
powertraces-pt200array_pt220_r4_7536323_9-486809b730,2026-05-01T12:44:49.359Z,11.721,1,40.36,210,0,0,,,,
powertraces-pt200array_pt220_r4_7536323_9-486809b730,2026-05-01T12:44:49.359Z,11.721,2,38.64,210,0,0,,,,
powertraces-pt200array_pt220_r4_7536323_9-486809b730,2026-05-01T12:44:49.359Z,11.721,3,43.09,210,0,0,,,,
powertraces-pt200array_pt220_r4_7536323_9-486809b730,2026-05-01T12:44:49.459Z,11.821,0,38.64,210,0,0,,,,
powertraces-pt200array_pt220_r4_7536323_9-486809b730,2026-05-01T12:44:49.459Z,11.821,1,40.36,210,0,0,,,,
powertraces-pt200array_pt220_r4_7536323_9-486809b730,2026-05-01T12:44:49.459Z,11.821,2,38.64,210,0,0,,,,
powertraces-pt200array_pt220_r4_7536323_9-486809b730,2026-05-01T12:44:49.459Z,11.821,3,43.09,210,0,0,,,,
powertraces-pt200array_pt220_r4_7536323_9-486809b730,2026-05-01T12:44:49.559Z,11.921,0,38.64,210,0,0,,,,
powertraces-pt200array_pt220_r4_7536323_9-486809b730,2026-05-01T12:44:49.559Z,11.921,1,40.36,210,0,0,,,,
powertraces-pt200array_pt220_r4_7536323_9-486809b730,2026-05-01T12:44:49.559Z,11.921,2,38.64,210,0,0,,,,
powertraces-pt200array_pt220_r4_7536323_9-486809b730,2026-05-01T12:44:49.559Z,11.921,3,43.09,210,0,0,,,,
powertraces-pt200array_pt220_r4_7536323_9-486809b730,2026-05-01T12:44:49.659Z,12.021,0,38.64,210,0,0,,,,
powertraces-pt200array_pt220_r4_7536323_9-486809b730,2026-05-01T12:44:49.659Z,12.021,1,40.36,210,0,0,,,,
powertraces-pt200array_pt220_r4_7536323_9-486809b730,2026-05-01T12:44:49.659Z,12.021,2,38.64,210,0,0,,,,
powertraces-pt200array_pt220_r4_7536323_9-486809b730,2026-05-01T12:44:49.659Z,12.021,3,43.09,210,0,0,,,,
powertraces-pt200array_pt220_r4_7536323_9-486809b730,2026-05-01T12:44:49.759Z,12.121,0,38.64,210,0,0,,,,
powertraces-pt200array_pt220_r4_7536323_9-486809b730,2026-05-01T12:44:49.759Z,12.121,1,40.36,210,0,0,,,,
powertraces-pt200array_pt220_r4_7536323_9-486809b730,2026-05-01T12:44:49.759Z,12.121,2,38.64,210,0,0,,,,
powertraces-pt200array_pt220_r4_7536323_9-486809b730,2026-05-01T12:44:49.759Z,12.121,3,43.09,210,0,0,,,,
powertraces-pt200array_pt220_r4_7536323_9-486809b730,2026-05-01T12:44:49.859Z,12.221,0,38.64,210,0,0,,,,
powertraces-pt200array_pt220_r4_7536323_9-486809b730,2026-05-01T12:44:49.859Z,12.221,1,40.36,210,0,0,,,,
powertraces-pt200array_pt220_r4_7536323_9-486809b730,2026-05-01T12:44:49.859Z,12.221,2,38.64,210,0,0,,,,
powertraces-pt200array_pt220_r4_7536323_9-486809b730,2026-05-01T12:44:49.859Z,12.221,3,42.97,210,0,0,,,,
powertraces-pt200array_pt220_r4_7536323_9-486809b730,2026-05-01T12:44:49.96Z,12.322,0,38.64,210,0,0,,,,
powertraces-pt200array_pt220_r4_7536323_9-486809b730,2026-05-01T12:44:49.96Z,12.322,1,40.36,210,0,0,,,,
powertraces-pt200array_pt220_r4_7536323_9-486809b730,2026-05-01T12:44:49.96Z,12.322,2,38.64,210,0,0,,,,
powertraces-pt200array_pt220_r4_7536323_9-486809b730,2026-05-01T12:44:49.96Z,12.322,3,42.97,210,0,0,,,,
powertraces-pt200array_pt220_r4_7536323_9-486809b730,2026-05-01T12:44:50.06Z,12.422,0,38.64,210,0,0,,,,
powertraces-pt200array_pt220_r4_7536323_9-486809b730,2026-05-01T12:44:50.06Z,12.422,1,40.36,210,0,0,,,,
powertraces-pt200array_pt220_r4_7536323_9-486809b730,2026-05-01T12:44:50.06Z,12.422,2,38.64,210,0,0,,,,
powertraces-pt200array_pt220_r4_7536323_9-486809b730,2026-05-01T12:44:50.06Z,12.422,3,42.97,210,0,0,,,,
powertraces-pt200array_pt220_r4_7536323_9-486809b730,2026-05-01T12:44:50.16Z,12.522,0,38.64,210,0,0,,,,
powertraces-pt200array_pt220_r4_7536323_9-486809b730,2026-05-01T12:44:50.16Z,12.522,1,40.36,210,0,0,,,,
powertraces-pt200array_pt220_r4_7536323_9-486809b730,2026-05-01T12:44:50.16Z,12.522,2,38.64,210,0,0,,,,
powertraces-pt200array_pt220_r4_7536323_9-486809b730,2026-05-01T12:44:50.16Z,12.522,3,42.97,210,0,0,,,,
powertraces-pt200array_pt220_r4_7536323_9-486809b730,2026-05-01T12:44:50.26Z,12.622,0,38.64,210,0,0,,,,
powertraces-pt200array_pt220_r4_7536323_9-486809b730,2026-05-01T12:44:50.26Z,12.622,1,40.36,210,0,0,,,,
powertraces-pt200array_pt220_r4_7536323_9-486809b730,2026-05-01T12:44:50.26Z,12.622,2,38.64,210,0,0,,,,
powertraces-pt200array_pt220_r4_7536323_9-486809b730,2026-05-01T12:44:50.26Z,12.622,3,42.97,210,0,0,,,,
powertraces-pt200array_pt220_r4_7536323_9-486809b730,2026-05-01T12:44:50.36Z,12.722,0,38.64,210,0,0,,,,
powertraces-pt200array_pt220_r4_7536323_9-486809b730,2026-05-01T12:44:50.36Z,12.722,1,40.36,210,0,0,,,,
powertraces-pt200array_pt220_r4_7536323_9-486809b730,2026-05-01T12:44:50.36Z,12.722,2,38.64,210,0,0,,,,
powertraces-pt200array_pt220_r4_7536323_9-486809b730,2026-05-01T12:44:50.36Z,12.722,3,42.97,210,0,0,,,,
powertraces-pt200array_pt220_r4_7536323_9-486809b730,2026-05-01T12:44:50.46Z,12.822,0,38.64,210,0,0,,,,
powertraces-pt200array_pt220_r4_7536323_9-486809b730,2026-05-01T12:44:50.46Z,12.822,1,40.36,210,0,0,,,,
powertraces-pt200array_pt220_r4_7536323_9-486809b730,2026-05-01T12:44:50.46Z,12.822,2,38.64,210,0,0,,,,
powertraces-pt200array_pt220_r4_7536323_9-486809b730,2026-05-01T12:44:50.46Z,12.822,3,42.97,210,0,0,,,,
powertraces-pt200array_pt220_r4_7536323_9-486809b730,2026-05-01T12:44:50.56Z,12.922,0,38.64,210,0,0,,,,
powertraces-pt200array_pt220_r4_7536323_9-486809b730,2026-05-01T12:44:50.56Z,12.922,1,40.36,210,0,0,,,,
powertraces-pt200array_pt220_r4_7536323_9-486809b730,2026-05-01T12:44:50.56Z,12.922,2,38.64,210,0,0,,,,
powertraces-pt200array_pt220_r4_7536323_9-486809b730,2026-05-01T12:44:50.56Z,12.922,3,42.97,210,0,0,,,,
powertraces-pt200array_pt220_r4_7536323_9-486809b730,2026-05-01T12:44:50.661Z,13.023,0,38.64,210,0,0,,,,
powertraces-pt200array_pt220_r4_7536323_9-486809b730,2026-05-01T12:44:50.661Z,13.023,1,40.36,210,0,0,,,,
powertraces-pt200array_pt220_r4_7536323_9-486809b730,2026-05-01T12:44:50.661Z,13.023,2,38.64,210,0,0,,,,
powertraces-pt200array_pt220_r4_7536323_9-486809b730,2026-05-01T12:44:50.661Z,13.023,3,42.97,210,0,0,,,,
powertraces-pt200array_pt220_r4_7536323_9-486809b730,2026-05-01T12:44:50.761Z,13.123,0,38.64,210,0,0,,,,
powertraces-pt200array_pt220_r4_7536323_9-486809b730,2026-05-01T12:44:50.761Z,13.123,1,40.36,210,0,0,,,,
powertraces-pt200array_pt220_r4_7536323_9-486809b730,2026-05-01T12:44:50.761Z,13.123,2,38.64,210,0,0,,,,
powertraces-pt200array_pt220_r4_7536323_9-486809b730,2026-05-01T12:44:50.761Z,13.123,3,42.97,210,0,0,,,,
powertraces-pt200array_pt220_r4_7536323_9-486809b730,2026-05-01T12:44:50.861Z,13.223,0,38.64,210,0,0,,,,
powertraces-pt200array_pt220_r4_7536323_9-486809b730,2026-05-01T12:44:50.861Z,13.223,1,40.36,210,0,0,,,,
powertraces-pt200array_pt220_r4_7536323_9-486809b730,2026-05-01T12:44:50.861Z,13.223,2,38.64,210,0,0,,,,
powertraces-pt200array_pt220_r4_7536323_9-486809b730,2026-05-01T12:44:50.861Z,13.223,3,42.84,210,0,0,,,,
powertraces-pt200array_pt220_r4_7536323_9-486809b730,2026-05-01T12:44:50.961Z,13.323,0,38.64,210,0,0,,,,
powertraces-pt200array_pt220_r4_7536323_9-486809b730,2026-05-01T12:44:50.961Z,13.323,1,40.36,210,0,0,,,,
powertraces-pt200array_pt220_r4_7536323_9-486809b730,2026-05-01T12:44:50.961Z,13.323,2,38.64,210,0,0,,,,
powertraces-pt200array_pt220_r4_7536323_9-486809b730,2026-05-01T12:44:50.961Z,13.323,3,42.84,210,0,0,,,,
powertraces-pt200array_pt220_r4_7536323_9-486809b730,2026-05-01T12:44:51.061Z,13.423,0,38.64,210,0,0,,,,
powertraces-pt200array_pt220_r4_7536323_9-486809b730,2026-05-01T12:44:51.061Z,13.423,1,40.36,210,0,0,,,,
powertraces-pt200array_pt220_r4_7536323_9-486809b730,2026-05-01T12:44:51.061Z,13.423,2,38.64,210,0,0,,,,
powertraces-pt200array_pt220_r4_7536323_9-486809b730,2026-05-01T12:44:51.061Z,13.423,3,42.84,210,0,0,,,,
powertraces-pt200array_pt220_r4_7536323_9-486809b730,2026-05-01T12:44:51.161Z,13.523,0,38.64,210,0,0,,,,
powertraces-pt200array_pt220_r4_7536323_9-486809b730,2026-05-01T12:44:51.161Z,13.523,1,40.36,210,0,0,,,,
powertraces-pt200array_pt220_r4_7536323_9-486809b730,2026-05-01T12:44:51.161Z,13.523,2,38.64,210,0,0,,,,
powertraces-pt200array_pt220_r4_7536323_9-486809b730,2026-05-01T12:44:51.161Z,13.523,3,42.84,210,0,0,,,,
powertraces-pt200array_pt220_r4_7536323_9-486809b730,2026-05-01T12:44:51.261Z,13.623,0,38.64,210,0,0,,,,
powertraces-pt200array_pt220_r4_7536323_9-486809b730,2026-05-01T12:44:51.261Z,13.623,1,40.36,210,0,0,,,,
powertraces-pt200array_pt220_r4_7536323_9-486809b730,2026-05-01T12:44:51.261Z,13.623,2,38.64,210,0,0,,,,
powertraces-pt200array_pt220_r4_7536323_9-486809b730,2026-05-01T12:44:51.261Z,13.623,3,42.84,210,0,0,,,,
powertraces-pt200array_pt220_r4_7536323_9-486809b730,2026-05-01T12:44:51.361Z,13.723,0,38.64,210,0,0,,,,
powertraces-pt200array_pt220_r4_7536323_9-486809b730,2026-05-01T12:44:51.361Z,13.723,1,40.36,210,0,0,,,,
powertraces-pt200array_pt220_r4_7536323_9-486809b730,2026-05-01T12:44:51.361Z,13.723,2,38.64,210,0,0,,,,
powertraces-pt200array_pt220_r4_7536323_9-486809b730,2026-05-01T12:44:51.361Z,13.723,3,42.84,210,0,0,,,,
powertraces-pt200array_pt220_r4_7536323_9-486809b730,2026-05-01T12:44:51.462Z,13.824,0,38.64,210,0,0,,,,
powertraces-pt200array_pt220_r4_7536323_9-486809b730,2026-05-01T12:44:51.462Z,13.824,1,40.36,210,0,0,,,,
powertraces-pt200array_pt220_r4_7536323_9-486809b730,2026-05-01T12:44:51.462Z,13.824,2,38.64,210,0,0,,,,
powertraces-pt200array_pt220_r4_7536323_9-486809b730,2026-05-01T12:44:51.462Z,13.824,3,42.84,210,0,0,,,,
powertraces-pt200array_pt220_r4_7536323_9-486809b730,2026-05-01T12:44:51.562Z,13.924,0,38.64,210,0,0,,,,
powertraces-pt200array_pt220_r4_7536323_9-486809b730,2026-05-01T12:44:51.562Z,13.924,1,40.36,210,0,0,,,,
powertraces-pt200array_pt220_r4_7536323_9-486809b730,2026-05-01T12:44:51.562Z,13.924,2,38.64,210,0,0,,,,
powertraces-pt200array_pt220_r4_7536323_9-486809b730,2026-05-01T12:44:51.562Z,13.924,3,42.84,210,0,0,,,,
powertraces-pt200array_pt220_r4_7536323_9-486809b730,2026-05-01T12:44:51.662Z,14.024,0,38.64,210,0,0,,,,
powertraces-pt200array_pt220_r4_7536323_9-486809b730,2026-05-01T12:44:51.662Z,14.024,1,40.36,210,0,0,,,,
powertraces-pt200array_pt220_r4_7536323_9-486809b730,2026-05-01T12:44:51.662Z,14.024,2,38.64,210,0,0,,,,
powertraces-pt200array_pt220_r4_7536323_9-486809b730,2026-05-01T12:44:51.662Z,14.024,3,42.84,210,0,0,,,,
powertraces-pt200array_pt220_r4_7536323_9-486809b730,2026-05-01T12:44:51.762Z,14.124,0,38.51,210,0,0,,,,
powertraces-pt200array_pt220_r4_7536323_9-486809b730,2026-05-01T12:44:51.762Z,14.124,1,40.36,210,0,0,,,,
powertraces-pt200array_pt220_r4_7536323_9-486809b730,2026-05-01T12:44:51.762Z,14.124,2,38.64,210,0,0,,,,
powertraces-pt200array_pt220_r4_7536323_9-486809b730,2026-05-01T12:44:51.762Z,14.124,3,42.84,210,0,0,,,,
powertraces-pt200array_pt220_r4_7536323_9-486809b730,2026-05-01T12:44:51.862Z,14.224,0,38.51,210,0,0,,,,
powertraces-pt200array_pt220_r4_7536323_9-486809b730,2026-05-01T12:44:51.862Z,14.224,1,40.36,210,0,0,,,,
powertraces-pt200array_pt220_r4_7536323_9-486809b730,2026-05-01T12:44:51.862Z,14.224,2,38.52,210,0,0,,,,
powertraces-pt200array_pt220_r4_7536323_9-486809b730,2026-05-01T12:44:51.862Z,14.224,3,42.84,210,0,0,,,,
powertraces-pt200array_pt220_r4_7536323_9-486809b730,2026-05-01T12:44:51.962Z,14.324,0,38.51,210,0,0,,,,
powertraces-pt200array_pt220_r4_7536323_9-486809b730,2026-05-01T12:44:51.962Z,14.324,1,40.36,210,0,0,,,,
powertraces-pt200array_pt220_r4_7536323_9-486809b730,2026-05-01T12:44:51.962Z,14.324,2,38.52,210,0,0,,,,
powertraces-pt200array_pt220_r4_7536323_9-486809b730,2026-05-01T12:44:51.962Z,14.324,3,42.84,210,0,0,,,,
powertraces-pt200array_pt220_r4_7536323_9-486809b730,2026-05-01T12:44:52.062Z,14.424,0,38.51,210,0,0,,,,
powertraces-pt200array_pt220_r4_7536323_9-486809b730,2026-05-01T12:44:52.062Z,14.424,1,40.36,210,0,0,,,,
powertraces-pt200array_pt220_r4_7536323_9-486809b730,2026-05-01T12:44:52.063Z,14.425,2,38.52,210,0,0,,,,
powertraces-pt200array_pt220_r4_7536323_9-486809b730,2026-05-01T12:44:52.063Z,14.425,3,42.84,210,0,0,,,,
powertraces-pt200array_pt220_r4_7536323_9-486809b730,2026-05-01T12:44:52.163Z,14.525,0,38.51,210,0,0,,,,
powertraces-pt200array_pt220_r4_7536323_9-486809b730,2026-05-01T12:44:52.163Z,14.525,1,40.36,210,0,0,,,,
powertraces-pt200array_pt220_r4_7536323_9-486809b730,2026-05-01T12:44:52.163Z,14.525,2,38.52,210,0,0,,,,
powertraces-pt200array_pt220_r4_7536323_9-486809b730,2026-05-01T12:44:52.163Z,14.525,3,42.84,210,0,0,,,,
powertraces-pt200array_pt220_r4_7536323_9-486809b730,2026-05-01T12:44:52.263Z,14.625,0,38.51,210,0,0,,,,
powertraces-pt200array_pt220_r4_7536323_9-486809b730,2026-05-01T12:44:52.263Z,14.625,1,40.23,210,0,0,,,,
powertraces-pt200array_pt220_r4_7536323_9-486809b730,2026-05-01T12:44:52.263Z,14.625,2,38.52,210,0,0,,,,
powertraces-pt200array_pt220_r4_7536323_9-486809b730,2026-05-01T12:44:52.263Z,14.625,3,42.84,210,0,0,,,,
powertraces-pt200array_pt220_r4_7536323_9-486809b730,2026-05-01T12:44:52.363Z,14.725,0,38.51,210,0,0,,,,
powertraces-pt200array_pt220_r4_7536323_9-486809b730,2026-05-01T12:44:52.363Z,14.725,1,40.23,210,0,0,,,,
powertraces-pt200array_pt220_r4_7536323_9-486809b730,2026-05-01T12:44:52.363Z,14.725,2,38.52,210,0,0,,,,
powertraces-pt200array_pt220_r4_7536323_9-486809b730,2026-05-01T12:44:52.363Z,14.725,3,42.84,210,0,0,,,,
powertraces-pt200array_pt220_r4_7536323_9-486809b730,2026-05-01T12:44:52.463Z,14.825,0,38.51,210,0,0,,,,
powertraces-pt200array_pt220_r4_7536323_9-486809b730,2026-05-01T12:44:52.463Z,14.825,1,40.23,210,0,0,,,,
powertraces-pt200array_pt220_r4_7536323_9-486809b730,2026-05-01T12:44:52.463Z,14.825,2,38.52,210,0,0,,,,
powertraces-pt200array_pt220_r4_7536323_9-486809b730,2026-05-01T12:44:52.463Z,14.825,3,42.84,210,0,0,,,,
powertraces-pt200array_pt220_r4_7536323_9-486809b730,2026-05-01T12:44:52.563Z,14.925,0,38.51,210,0,0,,,,
powertraces-pt200array_pt220_r4_7536323_9-486809b730,2026-05-01T12:44:52.563Z,14.925,1,40.23,210,0,0,,,,
powertraces-pt200array_pt220_r4_7536323_9-486809b730,2026-05-01T12:44:52.563Z,14.925,2,38.52,210,0,0,,,,
powertraces-pt200array_pt220_r4_7536323_9-486809b730,2026-05-01T12:44:52.563Z,14.925,3,42.84,210,0,0,,,,
powertraces-pt200array_pt220_r4_7536323_9-486809b730,2026-05-01T12:44:52.663Z,15.025,0,38.51,210,0,0,,,,
powertraces-pt200array_pt220_r4_7536323_9-486809b730,2026-05-01T12:44:52.663Z,15.025,1,40.23,210,0,0,,,,
powertraces-pt200array_pt220_r4_7536323_9-486809b730,2026-05-01T12:44:52.663Z,15.025,2,38.52,210,0,0,,,,
powertraces-pt200array_pt220_r4_7536323_9-486809b730,2026-05-01T12:44:52.663Z,15.025,3,42.84,210,0,0,,,,
powertraces-pt200array_pt220_r4_7536323_9-486809b730,2026-05-01T12:44:52.763Z,15.125,0,38.39,210,0,0,,,,
powertraces-pt200array_pt220_r4_7536323_9-486809b730,2026-05-01T12:44:52.764Z,15.126,1,40.23,210,0,0,,,,
powertraces-pt200array_pt220_r4_7536323_9-486809b730,2026-05-01T12:44:52.764Z,15.126,2,38.52,210,0,0,,,,
powertraces-pt200array_pt220_r4_7536323_9-486809b730,2026-05-01T12:44:52.764Z,15.126,3,42.84,210,0,0,,,,
powertraces-pt200array_pt220_r4_7536323_9-486809b730,2026-05-01T12:44:52.864Z,15.226,0,38.39,210,0,0,,,,
powertraces-pt200array_pt220_r4_7536323_9-486809b730,2026-05-01T12:44:52.864Z,15.226,1,40.23,210,0,0,,,,
powertraces-pt200array_pt220_r4_7536323_9-486809b730,2026-05-01T12:44:52.864Z,15.226,2,38.39,210,0,0,,,,
powertraces-pt200array_pt220_r4_7536323_9-486809b730,2026-05-01T12:44:52.864Z,15.226,3,42.72,210,0,0,,,,
powertraces-pt200array_pt220_r4_7536323_9-486809b730,2026-05-01T12:44:52.964Z,15.326,0,38.39,210,0,0,,,,
powertraces-pt200array_pt220_r4_7536323_9-486809b730,2026-05-01T12:44:52.964Z,15.326,1,40.23,210,0,0,,,,
powertraces-pt200array_pt220_r4_7536323_9-486809b730,2026-05-01T12:44:52.964Z,15.326,2,38.39,210,0,0,,,,
powertraces-pt200array_pt220_r4_7536323_9-486809b730,2026-05-01T12:44:52.964Z,15.326,3,42.72,210,0,0,,,,
powertraces-pt200array_pt220_r4_7536323_9-486809b730,2026-05-01T12:44:53.064Z,15.426,0,38.39,210,0,0,,,,
powertraces-pt200array_pt220_r4_7536323_9-486809b730,2026-05-01T12:44:53.064Z,15.426,1,40.23,210,0,0,,,,
powertraces-pt200array_pt220_r4_7536323_9-486809b730,2026-05-01T12:44:53.064Z,15.426,2,38.39,210,0,0,,,,
powertraces-pt200array_pt220_r4_7536323_9-486809b730,2026-05-01T12:44:53.064Z,15.426,3,42.72,210,0,0,,,,
powertraces-pt200array_pt220_r4_7536323_9-486809b730,2026-05-01T12:44:53.164Z,15.526,0,38.39,210,0,0,,,,
powertraces-pt200array_pt220_r4_7536323_9-486809b730,2026-05-01T12:44:53.164Z,15.526,1,40.23,210,0,0,,,,
powertraces-pt200array_pt220_r4_7536323_9-486809b730,2026-05-01T12:44:53.164Z,15.526,2,38.39,210,0,0,,,,
powertraces-pt200array_pt220_r4_7536323_9-486809b730,2026-05-01T12:44:53.164Z,15.526,3,42.72,210,0,0,,,,
powertraces-pt200array_pt220_r4_7536323_9-486809b730,2026-05-01T12:44:53.264Z,15.626,0,38.39,210,0,0,,,,
powertraces-pt200array_pt220_r4_7536323_9-486809b730,2026-05-01T12:44:53.264Z,15.626,1,40.11,210,0,0,,,,
powertraces-pt200array_pt220_r4_7536323_9-486809b730,2026-05-01T12:44:53.264Z,15.626,2,38.39,210,0,0,,,,
powertraces-pt200array_pt220_r4_7536323_9-486809b730,2026-05-01T12:44:53.264Z,15.626,3,42.72,210,0,0,,,,
powertraces-pt200array_pt220_r4_7536323_9-486809b730,2026-05-01T12:44:53.364Z,15.726,0,38.39,210,0,0,,,,
powertraces-pt200array_pt220_r4_7536323_9-486809b730,2026-05-01T12:44:53.364Z,15.726,1,40.11,210,0,0,,,,
powertraces-pt200array_pt220_r4_7536323_9-486809b730,2026-05-01T12:44:53.364Z,15.726,2,38.39,210,0,0,,,,
powertraces-pt200array_pt220_r4_7536323_9-486809b730,2026-05-01T12:44:53.364Z,15.726,3,42.72,210,0,0,,,,
powertraces-pt200array_pt220_r4_7536323_9-486809b730,2026-05-01T12:44:53.464Z,15.826,0,38.39,210,0,0,,,,
powertraces-pt200array_pt220_r4_7536323_9-486809b730,2026-05-01T12:44:53.464Z,15.826,1,40.11,210,0,0,,,,
powertraces-pt200array_pt220_r4_7536323_9-486809b730,2026-05-01T12:44:53.464Z,15.826,2,38.39,210,0,0,,,,
powertraces-pt200array_pt220_r4_7536323_9-486809b730,2026-05-01T12:44:53.464Z,15.826,3,42.72,210,0,0,,,,
powertraces-pt200array_pt220_r4_7536323_9-486809b730,2026-05-01T12:44:53.565Z,15.927,0,38.39,210,0,0,,,,
powertraces-pt200array_pt220_r4_7536323_9-486809b730,2026-05-01T12:44:53.565Z,15.927,1,40.11,210,0,0,,,,
powertraces-pt200array_pt220_r4_7536323_9-486809b730,2026-05-01T12:44:53.565Z,15.927,2,38.39,210,0,0,,,,
powertraces-pt200array_pt220_r4_7536323_9-486809b730,2026-05-01T12:44:53.565Z,15.927,3,42.72,210,0,0,,,,
powertraces-pt200array_pt220_r4_7536323_9-486809b730,2026-05-01T12:44:53.665Z,16.027,0,38.39,210,0,0,,,,
powertraces-pt200array_pt220_r4_7536323_9-486809b730,2026-05-01T12:44:53.665Z,16.027,1,40.11,210,0,0,,,,
powertraces-pt200array_pt220_r4_7536323_9-486809b730,2026-05-01T12:44:53.665Z,16.027,2,38.39,210,0,0,,,,
powertraces-pt200array_pt220_r4_7536323_9-486809b730,2026-05-01T12:44:53.665Z,16.027,3,42.72,210,0,0,,,,
powertraces-pt200array_pt220_r4_7536323_9-486809b730,2026-05-01T12:44:53.765Z,16.127,0,38.39,210,0,0,,,,
powertraces-pt200array_pt220_r4_7536323_9-486809b730,2026-05-01T12:44:53.765Z,16.127,1,40.11,210,0,0,,,,
powertraces-pt200array_pt220_r4_7536323_9-486809b730,2026-05-01T12:44:53.765Z,16.127,2,38.39,210,0,0,,,,
powertraces-pt200array_pt220_r4_7536323_9-486809b730,2026-05-01T12:44:53.765Z,16.127,3,42.72,210,0,0,,,,
powertraces-pt200array_pt220_r4_7536323_9-486809b730,2026-05-01T12:44:53.865Z,16.227,0,38.39,210,0,0,,,,
powertraces-pt200array_pt220_r4_7536323_9-486809b730,2026-05-01T12:44:53.865Z,16.227,1,40.11,210,0,0,,,,
powertraces-pt200array_pt220_r4_7536323_9-486809b730,2026-05-01T12:44:53.865Z,16.227,2,38.39,210,0,0,,,,
powertraces-pt200array_pt220_r4_7536323_9-486809b730,2026-05-01T12:44:53.865Z,16.227,3,42.6,210,0,0,,,,
powertraces-pt200array_pt220_r4_7536323_9-486809b730,2026-05-01T12:44:53.965Z,16.327,0,38.39,210,0,0,,,,
powertraces-pt200array_pt220_r4_7536323_9-486809b730,2026-05-01T12:44:53.965Z,16.327,1,40.11,210,0,0,,,,
powertraces-pt200array_pt220_r4_7536323_9-486809b730,2026-05-01T12:44:53.965Z,16.327,2,38.39,210,0,0,,,,
powertraces-pt200array_pt220_r4_7536323_9-486809b730,2026-05-01T12:44:53.965Z,16.327,3,42.6,210,0,0,,,,
powertraces-pt200array_pt220_r4_7536323_9-486809b730,2026-05-01T12:44:54.065Z,16.427,0,38.39,210,0,0,,,,
powertraces-pt200array_pt220_r4_7536323_9-486809b730,2026-05-01T12:44:54.065Z,16.427,1,40.11,210,0,0,,,,
powertraces-pt200array_pt220_r4_7536323_9-486809b730,2026-05-01T12:44:54.065Z,16.427,2,38.39,210,0,0,,,,
powertraces-pt200array_pt220_r4_7536323_9-486809b730,2026-05-01T12:44:54.065Z,16.427,3,42.6,210,0,0,,,,
powertraces-pt200array_pt220_r4_7536323_9-486809b730,2026-05-01T12:44:54.165Z,16.527,0,38.39,210,0,0,,,,
powertraces-pt200array_pt220_r4_7536323_9-486809b730,2026-05-01T12:44:54.165Z,16.527,1,40.11,210,0,0,,,,
powertraces-pt200array_pt220_r4_7536323_9-486809b730,2026-05-01T12:44:54.165Z,16.527,2,38.39,210,0,0,,,,
powertraces-pt200array_pt220_r4_7536323_9-486809b730,2026-05-01T12:44:54.165Z,16.527,3,42.6,210,0,0,,,,
powertraces-pt200array_pt220_r4_7536323_9-486809b730,2026-05-01T12:44:54.266Z,16.628,0,38.39,210,0,0,,,,
powertraces-pt200array_pt220_r4_7536323_9-486809b730,2026-05-01T12:44:54.266Z,16.628,1,40.11,210,0,0,,,,
powertraces-pt200array_pt220_r4_7536323_9-486809b730,2026-05-01T12:44:54.266Z,16.628,2,38.39,210,0,0,,,,
powertraces-pt200array_pt220_r4_7536323_9-486809b730,2026-05-01T12:44:54.266Z,16.628,3,42.6,210,0,0,,,,
powertraces-pt200array_pt220_r4_7536323_9-486809b730,2026-05-01T12:44:54.366Z,16.728,0,38.39,210,0,0,,,,
powertraces-pt200array_pt220_r4_7536323_9-486809b730,2026-05-01T12:44:54.366Z,16.728,1,40.11,210,0,0,,,,
powertraces-pt200array_pt220_r4_7536323_9-486809b730,2026-05-01T12:44:54.366Z,16.728,2,38.39,210,0,0,,,,
powertraces-pt200array_pt220_r4_7536323_9-486809b730,2026-05-01T12:44:54.366Z,16.728,3,42.6,210,0,0,,,,
powertraces-pt200array_pt220_r4_7536323_9-486809b730,2026-05-01T12:44:54.466Z,16.828,0,38.39,210,0,0,,,,
powertraces-pt200array_pt220_r4_7536323_9-486809b730,2026-05-01T12:44:54.466Z,16.828,1,40.11,210,0,0,,,,
powertraces-pt200array_pt220_r4_7536323_9-486809b730,2026-05-01T12:44:54.466Z,16.828,2,38.39,210,0,0,,,,
powertraces-pt200array_pt220_r4_7536323_9-486809b730,2026-05-01T12:44:54.466Z,16.828,3,42.6,210,0,0,,,,
powertraces-pt200array_pt220_r4_7536323_9-486809b730,2026-05-01T12:44:54.566Z,16.928,0,38.39,210,0,0,,,,
powertraces-pt200array_pt220_r4_7536323_9-486809b730,2026-05-01T12:44:54.566Z,16.928,1,40.11,210,0,0,,,,
powertraces-pt200array_pt220_r4_7536323_9-486809b730,2026-05-01T12:44:54.566Z,16.928,2,38.39,210,0,0,,,,
powertraces-pt200array_pt220_r4_7536323_9-486809b730,2026-05-01T12:44:54.566Z,16.928,3,42.6,210,0,0,,,,
powertraces-pt200array_pt220_r4_7536323_9-486809b730,2026-05-01T12:44:54.666Z,17.028,0,38.39,210,0,0,,,,
powertraces-pt200array_pt220_r4_7536323_9-486809b730,2026-05-01T12:44:54.666Z,17.028,1,40.11,210,0,0,,,,
powertraces-pt200array_pt220_r4_7536323_9-486809b730,2026-05-01T12:44:54.666Z,17.028,2,38.39,210,0,0,,,,
powertraces-pt200array_pt220_r4_7536323_9-486809b730,2026-05-01T12:44:54.666Z,17.028,3,42.6,210,0,0,,,,
powertraces-pt200array_pt220_r4_7536323_9-486809b730,2026-05-01T12:44:54.766Z,17.128,0,38.39,210,0,0,,,,
powertraces-pt200array_pt220_r4_7536323_9-486809b730,2026-05-01T12:44:54.766Z,17.128,1,40.11,210,0,0,,,,
powertraces-pt200array_pt220_r4_7536323_9-486809b730,2026-05-01T12:44:54.766Z,17.128,2,38.39,210,0,0,,,,
powertraces-pt200array_pt220_r4_7536323_9-486809b730,2026-05-01T12:44:54.766Z,17.128,3,42.6,210,0,0,,,,
powertraces-pt200array_pt220_r4_7536323_9-486809b730,2026-05-01T12:44:54.866Z,17.228,0,38.39,210,0,0,,,,
powertraces-pt200array_pt220_r4_7536323_9-486809b730,2026-05-01T12:44:54.866Z,17.228,1,40.11,210,0,0,,,,
powertraces-pt200array_pt220_r4_7536323_9-486809b730,2026-05-01T12:44:54.866Z,17.228,2,38.39,210,0,0,,,,
powertraces-pt200array_pt220_r4_7536323_9-486809b730,2026-05-01T12:44:54.866Z,17.228,3,42.6,210,0,0,,,,
powertraces-pt200array_pt220_r4_7536323_9-486809b730,2026-05-01T12:44:54.967Z,17.329,0,38.39,210,0,0,,,,
powertraces-pt200array_pt220_r4_7536323_9-486809b730,2026-05-01T12:44:54.967Z,17.329,1,40.11,210,0,0,,,,
powertraces-pt200array_pt220_r4_7536323_9-486809b730,2026-05-01T12:44:54.967Z,17.329,2,38.39,210,0,0,,,,
powertraces-pt200array_pt220_r4_7536323_9-486809b730,2026-05-01T12:44:54.967Z,17.329,3,42.6,210,0,0,,,,
powertraces-pt200array_pt220_r4_7536323_9-486809b730,2026-05-01T12:44:55.067Z,17.429,0,38.39,210,0,0,,,,
powertraces-pt200array_pt220_r4_7536323_9-486809b730,2026-05-01T12:44:55.067Z,17.429,1,40.11,210,0,0,,,,
powertraces-pt200array_pt220_r4_7536323_9-486809b730,2026-05-01T12:44:55.067Z,17.429,2,38.39,210,0,0,,,,
powertraces-pt200array_pt220_r4_7536323_9-486809b730,2026-05-01T12:44:55.067Z,17.429,3,42.6,210,0,0,,,,
powertraces-pt200array_pt220_r4_7536323_9-486809b730,2026-05-01T12:44:55.167Z,17.529,0,38.39,210,0,0,,,,
powertraces-pt200array_pt220_r4_7536323_9-486809b730,2026-05-01T12:44:55.167Z,17.529,1,40.11,210,0,0,,,,
powertraces-pt200array_pt220_r4_7536323_9-486809b730,2026-05-01T12:44:55.167Z,17.529,2,38.39,210,0,0,,,,
powertraces-pt200array_pt220_r4_7536323_9-486809b730,2026-05-01T12:44:55.167Z,17.529,3,42.6,210,0,0,,,,
powertraces-pt200array_pt220_r4_7536323_9-486809b730,2026-05-01T12:44:55.267Z,17.629,0,38.39,210,0,0,,,,
powertraces-pt200array_pt220_r4_7536323_9-486809b730,2026-05-01T12:44:55.267Z,17.629,1,39.99,210,0,0,,,,
powertraces-pt200array_pt220_r4_7536323_9-486809b730,2026-05-01T12:44:55.267Z,17.629,2,38.39,210,0,0,,,,
powertraces-pt200array_pt220_r4_7536323_9-486809b730,2026-05-01T12:44:55.267Z,17.629,3,42.6,210,0,0,,,,
powertraces-pt200array_pt220_r4_7536323_9-486809b730,2026-05-01T12:44:55.367Z,17.729,0,38.39,210,0,0,,,,
powertraces-pt200array_pt220_r4_7536323_9-486809b730,2026-05-01T12:44:55.367Z,17.729,1,39.99,210,0,0,,,,
powertraces-pt200array_pt220_r4_7536323_9-486809b730,2026-05-01T12:44:55.367Z,17.729,2,38.39,210,0,0,,,,
powertraces-pt200array_pt220_r4_7536323_9-486809b730,2026-05-01T12:44:55.367Z,17.729,3,42.6,210,0,0,,,,
powertraces-pt200array_pt220_r4_7536323_9-486809b730,2026-05-01T12:44:55.467Z,17.829,0,38.39,210,0,0,,,,
powertraces-pt200array_pt220_r4_7536323_9-486809b730,2026-05-01T12:44:55.467Z,17.829,1,39.99,210,0,0,,,,
powertraces-pt200array_pt220_r4_7536323_9-486809b730,2026-05-01T12:44:55.467Z,17.829,2,38.39,210,0,0,,,,
powertraces-pt200array_pt220_r4_7536323_9-486809b730,2026-05-01T12:44:55.467Z,17.829,3,42.6,210,0,0,,,,
powertraces-pt200array_pt220_r4_7536323_9-486809b730,2026-05-01T12:44:55.567Z,17.929,0,38.39,210,0,0,,,,
powertraces-pt200array_pt220_r4_7536323_9-486809b730,2026-05-01T12:44:55.567Z,17.929,1,39.99,210,0,0,,,,
powertraces-pt200array_pt220_r4_7536323_9-486809b730,2026-05-01T12:44:55.567Z,17.929,2,38.39,210,0,0,,,,
powertraces-pt200array_pt220_r4_7536323_9-486809b730,2026-05-01T12:44:55.567Z,17.929,3,42.6,210,0,0,,,,
powertraces-pt200array_pt220_r4_7536323_9-486809b730,2026-05-01T12:44:55.667Z,18.029,0,38.39,210,0,0,,,,
powertraces-pt200array_pt220_r4_7536323_9-486809b730,2026-05-01T12:44:55.667Z,18.029,1,39.99,210,0,0,,,,
powertraces-pt200array_pt220_r4_7536323_9-486809b730,2026-05-01T12:44:55.667Z,18.029,2,38.39,210,0,0,,,,
powertraces-pt200array_pt220_r4_7536323_9-486809b730,2026-05-01T12:44:55.667Z,18.029,3,42.6,210,0,0,,,,
powertraces-pt200array_pt220_r4_7536323_9-486809b730,2026-05-01T12:44:55.768Z,18.13,0,38.39,210,0,0,,,,
powertraces-pt200array_pt220_r4_7536323_9-486809b730,2026-05-01T12:44:55.768Z,18.13,1,39.99,210,0,0,,,,
powertraces-pt200array_pt220_r4_7536323_9-486809b730,2026-05-01T12:44:55.768Z,18.13,2,38.39,210,0,0,,,,
powertraces-pt200array_pt220_r4_7536323_9-486809b730,2026-05-01T12:44:55.768Z,18.13,3,42.6,210,0,0,,,,
powertraces-pt200array_pt220_r4_7536323_9-486809b730,2026-05-01T12:44:55.868Z,18.23,0,38.39,210,0,0,,,,
powertraces-pt200array_pt220_r4_7536323_9-486809b730,2026-05-01T12:44:55.868Z,18.23,1,39.99,210,0,0,,,,
powertraces-pt200array_pt220_r4_7536323_9-486809b730,2026-05-01T12:44:55.868Z,18.23,2,38.39,210,0,0,,,,
powertraces-pt200array_pt220_r4_7536323_9-486809b730,2026-05-01T12:44:55.868Z,18.23,3,42.6,210,0,0,,,,
powertraces-pt200array_pt220_r4_7536323_9-486809b730,2026-05-01T12:44:55.968Z,18.33,0,38.39,210,0,0,,,,
powertraces-pt200array_pt220_r4_7536323_9-486809b730,2026-05-01T12:44:55.968Z,18.33,1,39.99,210,0,0,,,,
powertraces-pt200array_pt220_r4_7536323_9-486809b730,2026-05-01T12:44:55.968Z,18.33,2,38.39,210,0,0,,,,
powertraces-pt200array_pt220_r4_7536323_9-486809b730,2026-05-01T12:44:55.968Z,18.33,3,42.6,210,0,0,,,,
powertraces-pt200array_pt220_r4_7536323_9-486809b730,2026-05-01T12:44:56.068Z,18.43,0,38.39,210,0,0,,,,
powertraces-pt200array_pt220_r4_7536323_9-486809b730,2026-05-01T12:44:56.068Z,18.43,1,39.99,210,0,0,,,,
powertraces-pt200array_pt220_r4_7536323_9-486809b730,2026-05-01T12:44:56.068Z,18.43,2,38.39,210,0,0,,,,
powertraces-pt200array_pt220_r4_7536323_9-486809b730,2026-05-01T12:44:56.068Z,18.43,3,42.6,210,0,0,,,,
powertraces-pt200array_pt220_r4_7536323_9-486809b730,2026-05-01T12:44:56.168Z,18.53,0,38.39,210,0,0,,,,
powertraces-pt200array_pt220_r4_7536323_9-486809b730,2026-05-01T12:44:56.168Z,18.53,1,39.99,210,0,0,,,,
powertraces-pt200array_pt220_r4_7536323_9-486809b730,2026-05-01T12:44:56.168Z,18.53,2,38.39,210,0,0,,,,
powertraces-pt200array_pt220_r4_7536323_9-486809b730,2026-05-01T12:44:56.168Z,18.53,3,42.6,210,0,0,,,,
powertraces-pt200array_pt220_r4_7536323_9-486809b730,2026-05-01T12:44:56.268Z,18.63,0,38.39,210,0,0,,,,
powertraces-pt200array_pt220_r4_7536323_9-486809b730,2026-05-01T12:44:56.268Z,18.63,1,39.86,210,0,0,,,,
powertraces-pt200array_pt220_r4_7536323_9-486809b730,2026-05-01T12:44:56.268Z,18.63,2,38.39,210,0,0,,,,
powertraces-pt200array_pt220_r4_7536323_9-486809b730,2026-05-01T12:44:56.268Z,18.63,3,42.6,210,0,0,,,,
powertraces-pt200array_pt220_r4_7536323_9-486809b730,2026-05-01T12:44:56.368Z,18.73,0,38.39,210,0,0,,,,
powertraces-pt200array_pt220_r4_7536323_9-486809b730,2026-05-01T12:44:56.368Z,18.73,1,39.86,210,0,0,,,,
powertraces-pt200array_pt220_r4_7536323_9-486809b730,2026-05-01T12:44:56.368Z,18.73,2,38.39,210,0,0,,,,
powertraces-pt200array_pt220_r4_7536323_9-486809b730,2026-05-01T12:44:56.368Z,18.73,3,42.6,210,0,0,,,,
powertraces-pt200array_pt220_r4_7536323_9-486809b730,2026-05-01T12:44:56.469Z,18.831,0,38.39,210,0,0,,,,
powertraces-pt200array_pt220_r4_7536323_9-486809b730,2026-05-01T12:44:56.469Z,18.831,1,39.86,210,0,0,,,,
powertraces-pt200array_pt220_r4_7536323_9-486809b730,2026-05-01T12:44:56.469Z,18.831,2,38.39,210,0,0,,,,
powertraces-pt200array_pt220_r4_7536323_9-486809b730,2026-05-01T12:44:56.469Z,18.831,3,42.6,210,0,0,,,,
powertraces-pt200array_pt220_r4_7536323_9-486809b730,2026-05-01T12:44:56.569Z,18.931,0,38.39,210,0,0,,,,
powertraces-pt200array_pt220_r4_7536323_9-486809b730,2026-05-01T12:44:56.569Z,18.931,1,39.86,210,0,0,,,,
powertraces-pt200array_pt220_r4_7536323_9-486809b730,2026-05-01T12:44:56.569Z,18.931,2,38.39,210,0,0,,,,
powertraces-pt200array_pt220_r4_7536323_9-486809b730,2026-05-01T12:44:56.569Z,18.931,3,42.6,210,0,0,,,,
powertraces-pt200array_pt220_r4_7536323_9-486809b730,2026-05-01T12:44:56.669Z,19.031,0,38.39,210,0,0,,,,
powertraces-pt200array_pt220_r4_7536323_9-486809b730,2026-05-01T12:44:56.669Z,19.031,1,39.86,210,0,0,,,,
powertraces-pt200array_pt220_r4_7536323_9-486809b730,2026-05-01T12:44:56.669Z,19.031,2,38.39,210,0,0,,,,
powertraces-pt200array_pt220_r4_7536323_9-486809b730,2026-05-01T12:44:56.669Z,19.031,3,42.6,210,0,0,,,,
powertraces-pt200array_pt220_r4_7536323_9-486809b730,2026-05-01T12:44:56.769Z,19.131,0,38.27,210,0,0,,,,
powertraces-pt200array_pt220_r4_7536323_9-486809b730,2026-05-01T12:44:56.769Z,19.131,1,39.86,210,0,0,,,,
powertraces-pt200array_pt220_r4_7536323_9-486809b730,2026-05-01T12:44:56.769Z,19.131,2,38.39,210,0,0,,,,
powertraces-pt200array_pt220_r4_7536323_9-486809b730,2026-05-01T12:44:56.769Z,19.131,3,42.6,210,0,0,,,,
powertraces-pt200array_pt220_r4_7536323_9-486809b730,2026-05-01T12:44:56.869Z,19.231,0,38.27,210,0,0,,,,
powertraces-pt200array_pt220_r4_7536323_9-486809b730,2026-05-01T12:44:56.869Z,19.231,1,39.86,210,0,0,,,,
powertraces-pt200array_pt220_r4_7536323_9-486809b730,2026-05-01T12:44:56.869Z,19.231,2,38.4,210,0,0,,,,
powertraces-pt200array_pt220_r4_7536323_9-486809b730,2026-05-01T12:44:56.869Z,19.231,3,42.47,210,0,0,,,,
powertraces-pt200array_pt220_r4_7536323_9-486809b730,2026-05-01T12:44:56.969Z,19.331,0,38.27,210,0,0,,,,
powertraces-pt200array_pt220_r4_7536323_9-486809b730,2026-05-01T12:44:56.969Z,19.331,1,39.86,210,0,0,,,,
powertraces-pt200array_pt220_r4_7536323_9-486809b730,2026-05-01T12:44:56.969Z,19.331,2,38.4,210,0,0,,,,
powertraces-pt200array_pt220_r4_7536323_9-486809b730,2026-05-01T12:44:56.969Z,19.331,3,42.47,210,0,0,,,,
powertraces-pt200array_pt220_r4_7536323_9-486809b730,2026-05-01T12:44:57.069Z,19.431,0,38.27,210,0,0,,,,
powertraces-pt200array_pt220_r4_7536323_9-486809b730,2026-05-01T12:44:57.069Z,19.431,1,39.86,210,0,0,,,,
powertraces-pt200array_pt220_r4_7536323_9-486809b730,2026-05-01T12:44:57.069Z,19.431,2,38.4,210,0,0,,,,
powertraces-pt200array_pt220_r4_7536323_9-486809b730,2026-05-01T12:44:57.069Z,19.431,3,42.47,210,0,0,,,,
powertraces-pt200array_pt220_r4_7536323_9-486809b730,2026-05-01T12:44:57.169Z,19.531,0,38.27,210,0,0,,,,
powertraces-pt200array_pt220_r4_7536323_9-486809b730,2026-05-01T12:44:57.17Z,19.532,1,39.86,210,0,0,,,,
powertraces-pt200array_pt220_r4_7536323_9-486809b730,2026-05-01T12:44:57.17Z,19.532,2,38.4,210,0,0,,,,
powertraces-pt200array_pt220_r4_7536323_9-486809b730,2026-05-01T12:44:57.17Z,19.532,3,42.47,210,0,0,,,,
powertraces-pt200array_pt220_r4_7536323_9-486809b730,2026-05-01T12:44:57.27Z,19.632,0,38.27,210,0,0,,,,
powertraces-pt200array_pt220_r4_7536323_9-486809b730,2026-05-01T12:44:57.27Z,19.632,1,39.86,210,0,0,,,,
powertraces-pt200array_pt220_r4_7536323_9-486809b730,2026-05-01T12:44:57.27Z,19.632,2,38.4,210,0,0,,,,
powertraces-pt200array_pt220_r4_7536323_9-486809b730,2026-05-01T12:44:57.27Z,19.632,3,42.47,210,0,0,,,,
powertraces-pt200array_pt220_r4_7536323_9-486809b730,2026-05-01T12:44:57.37Z,19.732,0,38.27,210,0,0,,,,
powertraces-pt200array_pt220_r4_7536323_9-486809b730,2026-05-01T12:44:57.37Z,19.732,1,39.86,210,0,0,,,,
powertraces-pt200array_pt220_r4_7536323_9-486809b730,2026-05-01T12:44:57.37Z,19.732,2,38.4,210,0,0,,,,
powertraces-pt200array_pt220_r4_7536323_9-486809b730,2026-05-01T12:44:57.37Z,19.732,3,42.47,210,0,0,,,,
powertraces-pt200array_pt220_r4_7536323_9-486809b730,2026-05-01T12:44:57.47Z,19.832,0,38.27,210,0,0,,,,
powertraces-pt200array_pt220_r4_7536323_9-486809b730,2026-05-01T12:44:57.47Z,19.832,1,39.86,210,0,0,,,,
powertraces-pt200array_pt220_r4_7536323_9-486809b730,2026-05-01T12:44:57.47Z,19.832,2,38.4,210,0,0,,,,
powertraces-pt200array_pt220_r4_7536323_9-486809b730,2026-05-01T12:44:57.47Z,19.832,3,42.47,210,0,0,,,,
powertraces-pt200array_pt220_r4_7536323_9-486809b730,2026-05-01T12:44:57.57Z,19.932,0,38.27,210,0,0,,,,
powertraces-pt200array_pt220_r4_7536323_9-486809b730,2026-05-01T12:44:57.57Z,19.932,1,39.86,210,0,0,,,,
powertraces-pt200array_pt220_r4_7536323_9-486809b730,2026-05-01T12:44:57.57Z,19.932,2,38.4,210,0,0,,,,
powertraces-pt200array_pt220_r4_7536323_9-486809b730,2026-05-01T12:44:57.57Z,19.932,3,42.47,210,0,0,,,,
powertraces-pt200array_pt220_r4_7536323_9-486809b730,2026-05-01T12:44:57.67Z,20.032,0,38.27,210,0,0,,,,
powertraces-pt200array_pt220_r4_7536323_9-486809b730,2026-05-01T12:44:57.67Z,20.032,1,39.86,210,0,0,,,,
powertraces-pt200array_pt220_r4_7536323_9-486809b730,2026-05-01T12:44:57.67Z,20.032,2,38.4,210,0,0,,,,
powertraces-pt200array_pt220_r4_7536323_9-486809b730,2026-05-01T12:44:57.67Z,20.032,3,42.47,210,0,0,,,,
powertraces-pt200array_pt220_r4_7536323_9-486809b730,2026-05-01T12:44:57.77Z,20.132,0,38.15,210,0,0,,,,
powertraces-pt200array_pt220_r4_7536323_9-486809b730,2026-05-01T12:44:57.77Z,20.132,1,39.86,210,0,0,,,,
powertraces-pt200array_pt220_r4_7536323_9-486809b730,2026-05-01T12:44:57.77Z,20.132,2,38.4,210,0,0,,,,
powertraces-pt200array_pt220_r4_7536323_9-486809b730,2026-05-01T12:44:57.77Z,20.132,3,42.47,210,0,0,,,,
powertraces-pt200array_pt220_r4_7536323_9-486809b730,2026-05-01T12:44:57.87Z,20.232,0,38.15,210,0,0,,,,
powertraces-pt200array_pt220_r4_7536323_9-486809b730,2026-05-01T12:44:57.87Z,20.232,1,39.86,210,0,0,,,,
powertraces-pt200array_pt220_r4_7536323_9-486809b730,2026-05-01T12:44:57.87Z,20.232,2,38.4,210,0,0,,,,
powertraces-pt200array_pt220_r4_7536323_9-486809b730,2026-05-01T12:44:57.87Z,20.232,3,42.35,210,0,0,,,,
powertraces-pt200array_pt220_r4_7536323_9-486809b730,2026-05-01T12:44:57.97Z,20.332,0,38.15,210,0,0,,,,
powertraces-pt200array_pt220_r4_7536323_9-486809b730,2026-05-01T12:44:57.97Z,20.332,1,39.86,210,0,0,,,,
powertraces-pt200array_pt220_r4_7536323_9-486809b730,2026-05-01T12:44:57.97Z,20.332,2,38.4,210,0,0,,,,
powertraces-pt200array_pt220_r4_7536323_9-486809b730,2026-05-01T12:44:57.97Z,20.332,3,42.35,210,0,0,,,,
powertraces-pt200array_pt220_r4_7536323_9-486809b730,2026-05-01T12:44:58.071Z,20.433,0,38.15,210,0,0,,,,
powertraces-pt200array_pt220_r4_7536323_9-486809b730,2026-05-01T12:44:58.071Z,20.433,1,39.86,210,0,0,,,,
powertraces-pt200array_pt220_r4_7536323_9-486809b730,2026-05-01T12:44:58.071Z,20.433,2,38.4,210,0,0,,,,
powertraces-pt200array_pt220_r4_7536323_9-486809b730,2026-05-01T12:44:58.071Z,20.433,3,42.35,210,0,0,,,,
powertraces-pt200array_pt220_r4_7536323_9-486809b730,2026-05-01T12:44:58.171Z,20.533,0,38.15,210,0,0,,,,
powertraces-pt200array_pt220_r4_7536323_9-486809b730,2026-05-01T12:44:58.171Z,20.533,1,39.86,210,0,0,,,,
powertraces-pt200array_pt220_r4_7536323_9-486809b730,2026-05-01T12:44:58.171Z,20.533,2,38.4,210,0,0,,,,
powertraces-pt200array_pt220_r4_7536323_9-486809b730,2026-05-01T12:44:58.171Z,20.533,3,42.35,210,0,0,,,,
powertraces-pt200array_pt220_r4_7536323_9-486809b730,2026-05-01T12:44:58.271Z,20.633,0,38.15,210,0,0,,,,
powertraces-pt200array_pt220_r4_7536323_9-486809b730,2026-05-01T12:44:58.271Z,20.633,1,39.86,210,0,0,,,,
powertraces-pt200array_pt220_r4_7536323_9-486809b730,2026-05-01T12:44:58.271Z,20.633,2,38.4,210,0,0,,,,
powertraces-pt200array_pt220_r4_7536323_9-486809b730,2026-05-01T12:44:58.271Z,20.633,3,42.35,210,0,0,,,,
powertraces-pt200array_pt220_r4_7536323_9-486809b730,2026-05-01T12:44:58.371Z,20.733,0,38.15,210,0,0,,,,
powertraces-pt200array_pt220_r4_7536323_9-486809b730,2026-05-01T12:44:58.371Z,20.733,1,39.86,210,0,0,,,,
powertraces-pt200array_pt220_r4_7536323_9-486809b730,2026-05-01T12:44:58.371Z,20.733,2,38.4,210,0,0,,,,
powertraces-pt200array_pt220_r4_7536323_9-486809b730,2026-05-01T12:44:58.371Z,20.733,3,42.35,210,0,0,,,,
powertraces-pt200array_pt220_r4_7536323_9-486809b730,2026-05-01T12:44:58.471Z,20.833,0,38.15,210,0,0,,,,
powertraces-pt200array_pt220_r4_7536323_9-486809b730,2026-05-01T12:44:58.471Z,20.833,1,39.86,210,0,0,,,,
powertraces-pt200array_pt220_r4_7536323_9-486809b730,2026-05-01T12:44:58.471Z,20.833,2,38.4,210,0,0,,,,
powertraces-pt200array_pt220_r4_7536323_9-486809b730,2026-05-01T12:44:58.471Z,20.833,3,42.35,210,0,0,,,,
powertraces-pt200array_pt220_r4_7536323_9-486809b730,2026-05-01T12:44:58.571Z,20.933,0,38.15,210,0,0,,,,
powertraces-pt200array_pt220_r4_7536323_9-486809b730,2026-05-01T12:44:58.571Z,20.933,1,39.86,210,0,0,,,,
powertraces-pt200array_pt220_r4_7536323_9-486809b730,2026-05-01T12:44:58.571Z,20.933,2,38.4,210,0,0,,,,
powertraces-pt200array_pt220_r4_7536323_9-486809b730,2026-05-01T12:44:58.571Z,20.933,3,42.35,210,0,0,,,,
powertraces-pt200array_pt220_r4_7536323_9-486809b730,2026-05-01T12:44:58.671Z,21.033,0,38.15,210,0,0,,,,
powertraces-pt200array_pt220_r4_7536323_9-486809b730,2026-05-01T12:44:58.671Z,21.033,1,39.86,210,0,0,,,,
powertraces-pt200array_pt220_r4_7536323_9-486809b730,2026-05-01T12:44:58.671Z,21.033,2,38.4,210,0,0,,,,
powertraces-pt200array_pt220_r4_7536323_9-486809b730,2026-05-01T12:44:58.671Z,21.033,3,42.35,210,0,0,,,,
powertraces-pt200array_pt220_r4_7536323_9-486809b730,2026-05-01T12:44:58.771Z,21.133,0,38.15,210,0,0,,,,
powertraces-pt200array_pt220_r4_7536323_9-486809b730,2026-05-01T12:44:58.771Z,21.133,1,39.86,210,0,0,,,,
powertraces-pt200array_pt220_r4_7536323_9-486809b730,2026-05-01T12:44:58.772Z,21.134,2,38.4,210,0,0,,,,
powertraces-pt200array_pt220_r4_7536323_9-486809b730,2026-05-01T12:44:58.772Z,21.134,3,42.35,210,0,0,,,,
powertraces-pt200array_pt220_r4_7536323_9-486809b730,2026-05-01T12:44:58.872Z,21.234,0,38.15,210,0,0,,,,
powertraces-pt200array_pt220_r4_7536323_9-486809b730,2026-05-01T12:44:58.872Z,21.234,1,39.86,210,0,0,,,,
powertraces-pt200array_pt220_r4_7536323_9-486809b730,2026-05-01T12:44:58.872Z,21.234,2,38.27,210,0,0,,,,
powertraces-pt200array_pt220_r4_7536323_9-486809b730,2026-05-01T12:44:58.872Z,21.234,3,42.23,210,0,0,,,,
powertraces-pt200array_pt220_r4_7536323_9-486809b730,2026-05-01T12:44:58.972Z,21.334,0,38.15,210,0,0,,,,
powertraces-pt200array_pt220_r4_7536323_9-486809b730,2026-05-01T12:44:58.972Z,21.334,1,39.86,210,0,0,,,,
powertraces-pt200array_pt220_r4_7536323_9-486809b730,2026-05-01T12:44:58.972Z,21.334,2,38.27,210,0,0,,,,
powertraces-pt200array_pt220_r4_7536323_9-486809b730,2026-05-01T12:44:58.972Z,21.334,3,42.23,210,0,0,,,,
powertraces-pt200array_pt220_r4_7536323_9-486809b730,2026-05-01T12:44:59.072Z,21.434,0,38.15,210,0,0,,,,
powertraces-pt200array_pt220_r4_7536323_9-486809b730,2026-05-01T12:44:59.072Z,21.434,1,39.86,210,0,0,,,,
powertraces-pt200array_pt220_r4_7536323_9-486809b730,2026-05-01T12:44:59.072Z,21.434,2,38.27,210,0,0,,,,
powertraces-pt200array_pt220_r4_7536323_9-486809b730,2026-05-01T12:44:59.072Z,21.434,3,42.23,210,0,0,,,,
powertraces-pt200array_pt220_r4_7536323_9-486809b730,2026-05-01T12:44:59.172Z,21.534,0,38.15,210,0,0,,,,
powertraces-pt200array_pt220_r4_7536323_9-486809b730,2026-05-01T12:44:59.172Z,21.534,1,39.86,210,0,0,,,,
powertraces-pt200array_pt220_r4_7536323_9-486809b730,2026-05-01T12:44:59.172Z,21.534,2,38.27,210,0,0,,,,
powertraces-pt200array_pt220_r4_7536323_9-486809b730,2026-05-01T12:44:59.172Z,21.534,3,42.23,210,0,0,,,,
powertraces-pt200array_pt220_r4_7536323_9-486809b730,2026-05-01T12:44:59.272Z,21.634,0,38.15,210,0,0,,,,
powertraces-pt200array_pt220_r4_7536323_9-486809b730,2026-05-01T12:44:59.272Z,21.634,1,39.86,210,0,0,,,,
powertraces-pt200array_pt220_r4_7536323_9-486809b730,2026-05-01T12:44:59.272Z,21.634,2,38.27,210,0,0,,,,
powertraces-pt200array_pt220_r4_7536323_9-486809b730,2026-05-01T12:44:59.272Z,21.634,3,42.23,210,0,0,,,,
powertraces-pt200array_pt220_r4_7536323_9-486809b730,2026-05-01T12:44:59.372Z,21.734,0,38.15,210,0,0,,,,
powertraces-pt200array_pt220_r4_7536323_9-486809b730,2026-05-01T12:44:59.372Z,21.734,1,39.86,210,0,0,,,,
powertraces-pt200array_pt220_r4_7536323_9-486809b730,2026-05-01T12:44:59.372Z,21.734,2,38.27,210,0,0,,,,
powertraces-pt200array_pt220_r4_7536323_9-486809b730,2026-05-01T12:44:59.372Z,21.734,3,42.23,210,0,0,,,,
powertraces-pt200array_pt220_r4_7536323_9-486809b730,2026-05-01T12:44:59.473Z,21.835,0,38.15,210,0,0,,,,
powertraces-pt200array_pt220_r4_7536323_9-486809b730,2026-05-01T12:44:59.473Z,21.835,1,39.86,210,0,0,,,,
powertraces-pt200array_pt220_r4_7536323_9-486809b730,2026-05-01T12:44:59.473Z,21.835,2,38.27,210,0,0,,,,
powertraces-pt200array_pt220_r4_7536323_9-486809b730,2026-05-01T12:44:59.473Z,21.835,3,42.23,210,0,0,,,,
powertraces-pt200array_pt220_r4_7536323_9-486809b730,2026-05-01T12:44:59.573Z,21.935,0,38.15,210,0,0,,,,
powertraces-pt200array_pt220_r4_7536323_9-486809b730,2026-05-01T12:44:59.573Z,21.935,1,39.86,210,0,0,,,,
powertraces-pt200array_pt220_r4_7536323_9-486809b730,2026-05-01T12:44:59.573Z,21.935,2,38.27,210,0,0,,,,
powertraces-pt200array_pt220_r4_7536323_9-486809b730,2026-05-01T12:44:59.573Z,21.935,3,42.23,210,0,0,,,,
powertraces-pt200array_pt220_r4_7536323_9-486809b730,2026-05-01T12:44:59.673Z,22.035,0,38.15,210,0,0,,,,
powertraces-pt200array_pt220_r4_7536323_9-486809b730,2026-05-01T12:44:59.673Z,22.035,1,39.86,210,0,0,,,,
powertraces-pt200array_pt220_r4_7536323_9-486809b730,2026-05-01T12:44:59.673Z,22.035,2,38.27,210,0,0,,,,
powertraces-pt200array_pt220_r4_7536323_9-486809b730,2026-05-01T12:44:59.673Z,22.035,3,42.23,210,0,0,,,,
powertraces-pt200array_pt220_r4_7536323_9-486809b730,2026-05-01T12:44:59.773Z,22.135,0,38.15,210,0,0,,,,
powertraces-pt200array_pt220_r4_7536323_9-486809b730,2026-05-01T12:44:59.773Z,22.135,1,39.86,210,0,0,,,,
powertraces-pt200array_pt220_r4_7536323_9-486809b730,2026-05-01T12:44:59.773Z,22.135,2,38.27,210,0,0,,,,
powertraces-pt200array_pt220_r4_7536323_9-486809b730,2026-05-01T12:44:59.773Z,22.135,3,42.23,210,0,0,,,,
powertraces-pt200array_pt220_r4_7536323_9-486809b730,2026-05-01T12:44:59.873Z,22.235,0,38.15,210,0,0,,,,
powertraces-pt200array_pt220_r4_7536323_9-486809b730,2026-05-01T12:44:59.873Z,22.235,1,39.86,210,0,0,,,,
powertraces-pt200array_pt220_r4_7536323_9-486809b730,2026-05-01T12:44:59.873Z,22.235,2,38.15,210,0,0,,,,
powertraces-pt200array_pt220_r4_7536323_9-486809b730,2026-05-01T12:44:59.873Z,22.235,3,42.1,210,0,0,,,,
powertraces-pt200array_pt220_r4_7536323_9-486809b730,2026-05-01T12:44:59.973Z,22.335,0,38.15,210,0,0,,,,
powertraces-pt200array_pt220_r4_7536323_9-486809b730,2026-05-01T12:44:59.973Z,22.335,1,39.86,210,0,0,,,,
powertraces-pt200array_pt220_r4_7536323_9-486809b730,2026-05-01T12:44:59.973Z,22.335,2,38.15,210,0,0,,,,
powertraces-pt200array_pt220_r4_7536323_9-486809b730,2026-05-01T12:44:59.973Z,22.335,3,42.1,210,0,0,,,,
powertraces-pt200array_pt220_r4_7536323_9-486809b730,2026-05-01T12:45:00.073Z,22.435,0,38.15,210,0,0,,,,
powertraces-pt200array_pt220_r4_7536323_9-486809b730,2026-05-01T12:45:00.073Z,22.435,1,39.86,210,0,0,,,,
powertraces-pt200array_pt220_r4_7536323_9-486809b730,2026-05-01T12:45:00.073Z,22.435,2,38.15,210,0,0,,,,
powertraces-pt200array_pt220_r4_7536323_9-486809b730,2026-05-01T12:45:00.073Z,22.435,3,42.1,210,0,0,,,,
powertraces-pt200array_pt220_r4_7536323_9-486809b730,2026-05-01T12:45:00.173Z,22.535,0,38.15,210,0,0,,,,
powertraces-pt200array_pt220_r4_7536323_9-486809b730,2026-05-01T12:45:00.173Z,22.535,1,39.86,210,0,0,,,,
powertraces-pt200array_pt220_r4_7536323_9-486809b730,2026-05-01T12:45:00.173Z,22.535,2,38.15,210,0,0,,,,
powertraces-pt200array_pt220_r4_7536323_9-486809b730,2026-05-01T12:45:00.173Z,22.535,3,42.1,210,0,0,,,,
powertraces-pt200array_pt220_r4_7536323_9-486809b730,2026-05-01T12:45:00.273Z,22.635,0,38.15,210,0,0,,,,
powertraces-pt200array_pt220_r4_7536323_9-486809b730,2026-05-01T12:45:00.274Z,22.636,1,39.86,210,0,0,,,,
powertraces-pt200array_pt220_r4_7536323_9-486809b730,2026-05-01T12:45:00.274Z,22.636,2,38.15,210,0,0,,,,
powertraces-pt200array_pt220_r4_7536323_9-486809b730,2026-05-01T12:45:00.274Z,22.636,3,42.1,210,0,0,,,,
powertraces-pt200array_pt220_r4_7536323_9-486809b730,2026-05-01T12:45:00.374Z,22.736,0,38.15,210,0,0,,,,
powertraces-pt200array_pt220_r4_7536323_9-486809b730,2026-05-01T12:45:00.374Z,22.736,1,39.86,210,0,0,,,,
powertraces-pt200array_pt220_r4_7536323_9-486809b730,2026-05-01T12:45:00.374Z,22.736,2,38.15,210,0,0,,,,
powertraces-pt200array_pt220_r4_7536323_9-486809b730,2026-05-01T12:45:00.374Z,22.736,3,42.1,210,0,0,,,,
powertraces-pt200array_pt220_r4_7536323_9-486809b730,2026-05-01T12:45:00.474Z,22.836,0,38.15,210,0,0,,,,
powertraces-pt200array_pt220_r4_7536323_9-486809b730,2026-05-01T12:45:00.474Z,22.836,1,39.86,210,0,0,,,,
powertraces-pt200array_pt220_r4_7536323_9-486809b730,2026-05-01T12:45:00.474Z,22.836,2,38.15,210,0,0,,,,
powertraces-pt200array_pt220_r4_7536323_9-486809b730,2026-05-01T12:45:00.474Z,22.836,3,42.1,210,0,0,,,,
powertraces-pt200array_pt220_r4_7536323_9-486809b730,2026-05-01T12:45:00.574Z,22.936,0,38.15,210,0,0,,,,
powertraces-pt200array_pt220_r4_7536323_9-486809b730,2026-05-01T12:45:00.574Z,22.936,1,39.86,210,0,0,,,,
powertraces-pt200array_pt220_r4_7536323_9-486809b730,2026-05-01T12:45:00.574Z,22.936,2,38.15,210,0,0,,,,
powertraces-pt200array_pt220_r4_7536323_9-486809b730,2026-05-01T12:45:00.574Z,22.936,3,42.1,210,0,0,,,,
powertraces-pt200array_pt220_r4_7536323_9-486809b730,2026-05-01T12:45:00.674Z,23.036,0,38.15,210,0,0,,,,
powertraces-pt200array_pt220_r4_7536323_9-486809b730,2026-05-01T12:45:00.674Z,23.036,1,39.86,210,0,0,,,,
powertraces-pt200array_pt220_r4_7536323_9-486809b730,2026-05-01T12:45:00.674Z,23.036,2,38.15,210,0,0,,,,
powertraces-pt200array_pt220_r4_7536323_9-486809b730,2026-05-01T12:45:00.674Z,23.036,3,42.1,210,0,0,,,,
powertraces-pt200array_pt220_r4_7536323_9-486809b730,2026-05-01T12:45:00.774Z,23.136,0,38.15,210,0,0,,,,
powertraces-pt200array_pt220_r4_7536323_9-486809b730,2026-05-01T12:45:00.774Z,23.136,1,39.86,210,0,0,,,,
powertraces-pt200array_pt220_r4_7536323_9-486809b730,2026-05-01T12:45:00.774Z,23.136,2,38.15,210,0,0,,,,
powertraces-pt200array_pt220_r4_7536323_9-486809b730,2026-05-01T12:45:00.774Z,23.136,3,42.1,210,0,0,,,,
powertraces-pt200array_pt220_r4_7536323_9-486809b730,2026-05-01T12:45:00.874Z,23.236,0,38.15,210,0,0,,,,
powertraces-pt200array_pt220_r4_7536323_9-486809b730,2026-05-01T12:45:00.875Z,23.237,1,39.86,210,0,0,,,,
powertraces-pt200array_pt220_r4_7536323_9-486809b730,2026-05-01T12:45:00.875Z,23.237,2,38.15,210,0,0,,,,
powertraces-pt200array_pt220_r4_7536323_9-486809b730,2026-05-01T12:45:00.875Z,23.237,3,42.1,210,0,0,,,,
powertraces-pt200array_pt220_r4_7536323_9-486809b730,2026-05-01T12:45:00.975Z,23.337,0,38.15,210,0,0,,,,
powertraces-pt200array_pt220_r4_7536323_9-486809b730,2026-05-01T12:45:00.975Z,23.337,1,39.86,210,0,0,,,,
powertraces-pt200array_pt220_r4_7536323_9-486809b730,2026-05-01T12:45:00.975Z,23.337,2,38.15,210,0,0,,,,
powertraces-pt200array_pt220_r4_7536323_9-486809b730,2026-05-01T12:45:00.975Z,23.337,3,42.1,210,0,0,,,,
powertraces-pt200array_pt220_r4_7536323_9-486809b730,2026-05-01T12:45:01.075Z,23.437,0,38.15,210,0,0,,,,
powertraces-pt200array_pt220_r4_7536323_9-486809b730,2026-05-01T12:45:01.075Z,23.437,1,39.86,210,0,0,,,,
powertraces-pt200array_pt220_r4_7536323_9-486809b730,2026-05-01T12:45:01.075Z,23.437,2,38.15,210,0,0,,,,
powertraces-pt200array_pt220_r4_7536323_9-486809b730,2026-05-01T12:45:01.075Z,23.437,3,42.1,210,0,0,,,,
powertraces-pt200array_pt220_r4_7536323_9-486809b730,2026-05-01T12:45:01.175Z,23.537,0,38.15,210,0,0,,,,
powertraces-pt200array_pt220_r4_7536323_9-486809b730,2026-05-01T12:45:01.175Z,23.537,1,39.86,210,0,0,,,,
powertraces-pt200array_pt220_r4_7536323_9-486809b730,2026-05-01T12:45:01.175Z,23.537,2,38.15,210,0,0,,,,
powertraces-pt200array_pt220_r4_7536323_9-486809b730,2026-05-01T12:45:01.175Z,23.537,3,42.1,210,0,0,,,,
powertraces-pt200array_pt220_r4_7536323_9-486809b730,2026-05-01T12:45:01.275Z,23.637,0,38.15,210,0,0,,,,
powertraces-pt200array_pt220_r4_7536323_9-486809b730,2026-05-01T12:45:01.275Z,23.637,1,39.74,210,0,0,,,,
powertraces-pt200array_pt220_r4_7536323_9-486809b730,2026-05-01T12:45:01.275Z,23.637,2,38.15,210,0,0,,,,
powertraces-pt200array_pt220_r4_7536323_9-486809b730,2026-05-01T12:45:01.275Z,23.637,3,42.1,210,0,0,,,,
powertraces-pt200array_pt220_r4_7536323_9-486809b730,2026-05-01T12:45:01.375Z,23.737,0,38.15,210,0,0,,,,
powertraces-pt200array_pt220_r4_7536323_9-486809b730,2026-05-01T12:45:01.375Z,23.737,1,39.74,210,0,0,,,,
powertraces-pt200array_pt220_r4_7536323_9-486809b730,2026-05-01T12:45:01.375Z,23.737,2,38.15,210,0,0,,,,
powertraces-pt200array_pt220_r4_7536323_9-486809b730,2026-05-01T12:45:01.375Z,23.737,3,42.1,210,0,0,,,,
powertraces-pt200array_pt220_r4_7536323_9-486809b730,2026-05-01T12:45:01.475Z,23.837,0,38.15,210,0,0,,,,
powertraces-pt200array_pt220_r4_7536323_9-486809b730,2026-05-01T12:45:01.475Z,23.837,1,39.74,210,0,0,,,,
powertraces-pt200array_pt220_r4_7536323_9-486809b730,2026-05-01T12:45:01.475Z,23.837,2,38.15,210,0,0,,,,
powertraces-pt200array_pt220_r4_7536323_9-486809b730,2026-05-01T12:45:01.475Z,23.837,3,42.1,210,0,0,,,,
powertraces-pt200array_pt220_r4_7536323_9-486809b730,2026-05-01T12:45:01.575Z,23.937,0,38.15,210,0,0,,,,
powertraces-pt200array_pt220_r4_7536323_9-486809b730,2026-05-01T12:45:01.575Z,23.937,1,39.74,210,0,0,,,,
powertraces-pt200array_pt220_r4_7536323_9-486809b730,2026-05-01T12:45:01.575Z,23.937,2,38.15,210,0,0,,,,
powertraces-pt200array_pt220_r4_7536323_9-486809b730,2026-05-01T12:45:01.575Z,23.937,3,42.1,210,0,0,,,,
powertraces-pt200array_pt220_r4_7536323_9-486809b730,2026-05-01T12:45:01.675Z,24.037,0,38.15,210,0,0,,,,
powertraces-pt200array_pt220_r4_7536323_9-486809b730,2026-05-01T12:45:01.676Z,24.038,1,39.74,210,0,0,,,,
powertraces-pt200array_pt220_r4_7536323_9-486809b730,2026-05-01T12:45:01.676Z,24.038,2,38.15,210,0,0,,,,
powertraces-pt200array_pt220_r4_7536323_9-486809b730,2026-05-01T12:45:01.676Z,24.038,3,42.1,210,0,0,,,,
powertraces-pt200array_pt220_r4_7536323_9-486809b730,2026-05-01T12:45:01.776Z,24.138,0,38.15,210,0,0,,,,
powertraces-pt200array_pt220_r4_7536323_9-486809b730,2026-05-01T12:45:01.776Z,24.138,1,39.74,210,0,0,,,,
powertraces-pt200array_pt220_r4_7536323_9-486809b730,2026-05-01T12:45:01.776Z,24.138,2,38.15,210,0,0,,,,
powertraces-pt200array_pt220_r4_7536323_9-486809b730,2026-05-01T12:45:01.776Z,24.138,3,42.1,210,0,0,,,,
powertraces-pt200array_pt220_r4_7536323_9-486809b730,2026-05-01T12:45:01.876Z,24.238,0,38.15,210,0,0,,,,
powertraces-pt200array_pt220_r4_7536323_9-486809b730,2026-05-01T12:45:01.876Z,24.238,1,39.74,210,0,0,,,,
powertraces-pt200array_pt220_r4_7536323_9-486809b730,2026-05-01T12:45:01.876Z,24.238,2,38.15,210,0,0,,,,
powertraces-pt200array_pt220_r4_7536323_9-486809b730,2026-05-01T12:45:01.876Z,24.238,3,42.1,210,0,0,,,,
powertraces-pt200array_pt220_r4_7536323_9-486809b730,2026-05-01T12:45:01.976Z,24.338,0,38.15,210,0,0,,,,
powertraces-pt200array_pt220_r4_7536323_9-486809b730,2026-05-01T12:45:01.976Z,24.338,1,39.74,210,0,0,,,,
powertraces-pt200array_pt220_r4_7536323_9-486809b730,2026-05-01T12:45:01.976Z,24.338,2,38.15,210,0,0,,,,
powertraces-pt200array_pt220_r4_7536323_9-486809b730,2026-05-01T12:45:01.976Z,24.338,3,42.1,210,0,0,,,,
powertraces-pt200array_pt220_r4_7536323_9-486809b730,2026-05-01T12:45:02.076Z,24.438,0,38.15,210,0,0,,,,
powertraces-pt200array_pt220_r4_7536323_9-486809b730,2026-05-01T12:45:02.076Z,24.438,1,39.74,210,0,0,,,,
powertraces-pt200array_pt220_r4_7536323_9-486809b730,2026-05-01T12:45:02.076Z,24.438,2,38.15,210,0,0,,,,
powertraces-pt200array_pt220_r4_7536323_9-486809b730,2026-05-01T12:45:02.076Z,24.438,3,42.1,210,0,0,,,,
powertraces-pt200array_pt220_r4_7536323_9-486809b730,2026-05-01T12:45:02.176Z,24.538,0,38.15,210,0,0,,,,
powertraces-pt200array_pt220_r4_7536323_9-486809b730,2026-05-01T12:45:02.176Z,24.538,1,39.74,210,0,0,,,,
powertraces-pt200array_pt220_r4_7536323_9-486809b730,2026-05-01T12:45:02.176Z,24.538,2,38.15,210,0,0,,,,
powertraces-pt200array_pt220_r4_7536323_9-486809b730,2026-05-01T12:45:02.176Z,24.538,3,42.1,210,0,0,,,,
powertraces-pt200array_pt220_r4_7536323_9-486809b730,2026-05-01T12:45:02.276Z,24.638,0,38.15,210,0,0,,,,
powertraces-pt200array_pt220_r4_7536323_9-486809b730,2026-05-01T12:45:02.276Z,24.638,1,39.62,210,0,0,,,,
powertraces-pt200array_pt220_r4_7536323_9-486809b730,2026-05-01T12:45:02.276Z,24.638,2,38.15,210,0,0,,,,
powertraces-pt200array_pt220_r4_7536323_9-486809b730,2026-05-01T12:45:02.276Z,24.638,3,42.1,210,0,0,,,,
powertraces-pt200array_pt220_r4_7536323_9-486809b730,2026-05-01T12:45:02.376Z,24.738,0,38.15,210,0,0,,,,
powertraces-pt200array_pt220_r4_7536323_9-486809b730,2026-05-01T12:45:02.376Z,24.738,1,39.62,210,0,0,,,,
powertraces-pt200array_pt220_r4_7536323_9-486809b730,2026-05-01T12:45:02.376Z,24.738,2,38.15,210,0,0,,,,
powertraces-pt200array_pt220_r4_7536323_9-486809b730,2026-05-01T12:45:02.376Z,24.738,3,42.1,210,0,0,,,,
powertraces-pt200array_pt220_r4_7536323_9-486809b730,2026-05-01T12:45:02.477Z,24.839,0,38.15,210,0,0,,,,
powertraces-pt200array_pt220_r4_7536323_9-486809b730,2026-05-01T12:45:02.477Z,24.839,1,39.62,210,0,0,,,,
powertraces-pt200array_pt220_r4_7536323_9-486809b730,2026-05-01T12:45:02.477Z,24.839,2,38.15,210,0,0,,,,
powertraces-pt200array_pt220_r4_7536323_9-486809b730,2026-05-01T12:45:02.477Z,24.839,3,42.1,210,0,0,,,,
powertraces-pt200array_pt220_r4_7536323_9-486809b730,2026-05-01T12:45:02.577Z,24.939,0,38.15,210,0,0,,,,
powertraces-pt200array_pt220_r4_7536323_9-486809b730,2026-05-01T12:45:02.577Z,24.939,1,39.62,210,0,0,,,,
powertraces-pt200array_pt220_r4_7536323_9-486809b730,2026-05-01T12:45:02.577Z,24.939,2,38.15,210,0,0,,,,
powertraces-pt200array_pt220_r4_7536323_9-486809b730,2026-05-01T12:45:02.577Z,24.939,3,42.1,210,0,0,,,,
powertraces-pt200array_pt220_r4_7536323_9-486809b730,2026-05-01T12:45:02.677Z,25.039,0,38.15,210,0,0,,,,
powertraces-pt200array_pt220_r4_7536323_9-486809b730,2026-05-01T12:45:02.677Z,25.039,1,39.62,210,0,0,,,,
powertraces-pt200array_pt220_r4_7536323_9-486809b730,2026-05-01T12:45:02.677Z,25.039,2,38.15,210,0,0,,,,
powertraces-pt200array_pt220_r4_7536323_9-486809b730,2026-05-01T12:45:02.677Z,25.039,3,42.1,210,0,0,,,,
powertraces-pt200array_pt220_r4_7536323_9-486809b730,2026-05-01T12:45:02.777Z,25.139,0,38.02,210,0,0,,,,
powertraces-pt200array_pt220_r4_7536323_9-486809b730,2026-05-01T12:45:02.777Z,25.139,1,39.62,210,0,0,,,,
powertraces-pt200array_pt220_r4_7536323_9-486809b730,2026-05-01T12:45:02.777Z,25.139,2,38.15,210,0,0,,,,
powertraces-pt200array_pt220_r4_7536323_9-486809b730,2026-05-01T12:45:02.777Z,25.139,3,42.1,210,0,0,,,,
powertraces-pt200array_pt220_r4_7536323_9-486809b730,2026-05-01T12:45:02.877Z,25.239,0,38.02,210,0,0,,,,
powertraces-pt200array_pt220_r4_7536323_9-486809b730,2026-05-01T12:45:02.877Z,25.239,1,39.62,210,0,0,,,,
powertraces-pt200array_pt220_r4_7536323_9-486809b730,2026-05-01T12:45:02.877Z,25.239,2,38.15,210,0,0,,,,
powertraces-pt200array_pt220_r4_7536323_9-486809b730,2026-05-01T12:45:02.877Z,25.239,3,41.93,210,0,0,,,,
powertraces-pt200array_pt220_r4_7536323_9-486809b730,2026-05-01T12:45:02.977Z,25.339,0,38.02,210,0,0,,,,
powertraces-pt200array_pt220_r4_7536323_9-486809b730,2026-05-01T12:45:02.977Z,25.339,1,39.62,210,0,0,,,,
powertraces-pt200array_pt220_r4_7536323_9-486809b730,2026-05-01T12:45:02.977Z,25.339,2,38.15,210,0,0,,,,
powertraces-pt200array_pt220_r4_7536323_9-486809b730,2026-05-01T12:45:02.977Z,25.339,3,41.93,210,0,0,,,,
powertraces-pt200array_pt220_r4_7536323_9-486809b730,2026-05-01T12:45:03.077Z,25.439,0,38.02,210,0,0,,,,
powertraces-pt200array_pt220_r4_7536323_9-486809b730,2026-05-01T12:45:03.077Z,25.439,1,39.62,210,0,0,,,,
powertraces-pt200array_pt220_r4_7536323_9-486809b730,2026-05-01T12:45:03.077Z,25.439,2,38.15,210,0,0,,,,
powertraces-pt200array_pt220_r4_7536323_9-486809b730,2026-05-01T12:45:03.077Z,25.439,3,41.93,210,0,0,,,,
powertraces-pt200array_pt220_r4_7536323_9-486809b730,2026-05-01T12:45:03.177Z,25.539,0,38.02,210,0,0,,,,
powertraces-pt200array_pt220_r4_7536323_9-486809b730,2026-05-01T12:45:03.178Z,25.54,1,39.62,210,0,0,,,,
powertraces-pt200array_pt220_r4_7536323_9-486809b730,2026-05-01T12:45:03.178Z,25.54,2,38.15,210,0,0,,,,
powertraces-pt200array_pt220_r4_7536323_9-486809b730,2026-05-01T12:45:03.178Z,25.54,3,41.93,210,0,0,,,,
powertraces-pt200array_pt220_r4_7536323_9-486809b730,2026-05-01T12:45:03.278Z,25.64,0,38.02,210,0,0,,,,
powertraces-pt200array_pt220_r4_7536323_9-486809b730,2026-05-01T12:45:03.278Z,25.64,1,39.62,210,0,0,,,,
powertraces-pt200array_pt220_r4_7536323_9-486809b730,2026-05-01T12:45:03.278Z,25.64,2,38.15,210,0,0,,,,
powertraces-pt200array_pt220_r4_7536323_9-486809b730,2026-05-01T12:45:03.278Z,25.64,3,41.93,210,0,0,,,,
powertraces-pt200array_pt220_r4_7536323_9-486809b730,2026-05-01T12:45:03.378Z,25.74,0,38.02,210,0,0,,,,
powertraces-pt200array_pt220_r4_7536323_9-486809b730,2026-05-01T12:45:03.378Z,25.74,1,39.62,210,0,0,,,,
powertraces-pt200array_pt220_r4_7536323_9-486809b730,2026-05-01T12:45:03.378Z,25.74,2,38.15,210,0,0,,,,
powertraces-pt200array_pt220_r4_7536323_9-486809b730,2026-05-01T12:45:03.378Z,25.74,3,41.93,210,0,0,,,,
powertraces-pt200array_pt220_r4_7536323_9-486809b730,2026-05-01T12:45:03.478Z,25.84,0,38.02,210,0,0,,,,
powertraces-pt200array_pt220_r4_7536323_9-486809b730,2026-05-01T12:45:03.478Z,25.84,1,39.62,210,0,0,,,,
powertraces-pt200array_pt220_r4_7536323_9-486809b730,2026-05-01T12:45:03.478Z,25.84,2,38.15,210,0,0,,,,
powertraces-pt200array_pt220_r4_7536323_9-486809b730,2026-05-01T12:45:03.478Z,25.84,3,41.93,210,0,0,,,,
powertraces-pt200array_pt220_r4_7536323_9-486809b730,2026-05-01T12:45:03.578Z,25.94,0,38.02,210,0,0,,,,
powertraces-pt200array_pt220_r4_7536323_9-486809b730,2026-05-01T12:45:03.578Z,25.94,1,39.62,210,0,0,,,,
powertraces-pt200array_pt220_r4_7536323_9-486809b730,2026-05-01T12:45:03.578Z,25.94,2,38.15,210,0,0,,,,
powertraces-pt200array_pt220_r4_7536323_9-486809b730,2026-05-01T12:45:03.578Z,25.94,3,41.93,210,0,0,,,,
powertraces-pt200array_pt220_r4_7536323_9-486809b730,2026-05-01T12:45:03.678Z,26.04,0,38.02,210,0,0,,,,
powertraces-pt200array_pt220_r4_7536323_9-486809b730,2026-05-01T12:45:03.678Z,26.04,1,39.62,210,0,0,,,,
powertraces-pt200array_pt220_r4_7536323_9-486809b730,2026-05-01T12:45:03.678Z,26.04,2,38.15,210,0,0,,,,
powertraces-pt200array_pt220_r4_7536323_9-486809b730,2026-05-01T12:45:03.678Z,26.04,3,41.93,210,0,0,,,,
powertraces-pt200array_pt220_r4_7536323_9-486809b730,2026-05-01T12:45:03.778Z,26.14,0,37.9,210,0,0,,,,
powertraces-pt200array_pt220_r4_7536323_9-486809b730,2026-05-01T12:45:03.778Z,26.14,1,39.62,210,0,0,,,,
powertraces-pt200array_pt220_r4_7536323_9-486809b730,2026-05-01T12:45:03.778Z,26.14,2,38.15,210,0,0,,,,
powertraces-pt200array_pt220_r4_7536323_9-486809b730,2026-05-01T12:45:03.778Z,26.14,3,41.93,210,0,0,,,,
powertraces-pt200array_pt220_r4_7536323_9-486809b730,2026-05-01T12:45:03.878Z,26.24,0,37.9,210,0,0,,,,
powertraces-pt200array_pt220_r4_7536323_9-486809b730,2026-05-01T12:45:03.878Z,26.24,1,39.62,210,0,0,,,,
powertraces-pt200array_pt220_r4_7536323_9-486809b730,2026-05-01T12:45:03.878Z,26.24,2,38.15,210,0,0,,,,
powertraces-pt200array_pt220_r4_7536323_9-486809b730,2026-05-01T12:45:03.878Z,26.24,3,41.76,210,0,0,,,,
powertraces-pt200array_pt220_r4_7536323_9-486809b730,2026-05-01T12:45:03.979Z,26.341,0,37.9,210,0,0,,,,
powertraces-pt200array_pt220_r4_7536323_9-486809b730,2026-05-01T12:45:03.979Z,26.341,1,39.62,210,0,0,,,,
powertraces-pt200array_pt220_r4_7536323_9-486809b730,2026-05-01T12:45:03.979Z,26.341,2,38.15,210,0,0,,,,
powertraces-pt200array_pt220_r4_7536323_9-486809b730,2026-05-01T12:45:03.979Z,26.341,3,41.76,210,0,0,,,,
powertraces-pt200array_pt220_r4_7536323_9-486809b730,2026-05-01T12:45:04.079Z,26.441,0,37.9,210,0,0,,,,
powertraces-pt200array_pt220_r4_7536323_9-486809b730,2026-05-01T12:45:04.079Z,26.441,1,39.62,210,0,0,,,,
powertraces-pt200array_pt220_r4_7536323_9-486809b730,2026-05-01T12:45:04.079Z,26.441,2,38.15,210,0,0,,,,
powertraces-pt200array_pt220_r4_7536323_9-486809b730,2026-05-01T12:45:04.079Z,26.441,3,41.76,210,0,0,,,,
powertraces-pt200array_pt220_r4_7536323_9-486809b730,2026-05-01T12:45:04.179Z,26.541,0,37.9,210,0,0,,,,
powertraces-pt200array_pt220_r4_7536323_9-486809b730,2026-05-01T12:45:04.179Z,26.541,1,39.62,210,0,0,,,,
powertraces-pt200array_pt220_r4_7536323_9-486809b730,2026-05-01T12:45:04.179Z,26.541,2,38.15,210,0,0,,,,
powertraces-pt200array_pt220_r4_7536323_9-486809b730,2026-05-01T12:45:04.179Z,26.541,3,41.76,210,0,0,,,,
powertraces-pt200array_pt220_r4_7536323_9-486809b730,2026-05-01T12:45:04.279Z,26.641,0,37.9,210,0,0,,,,
powertraces-pt200array_pt220_r4_7536323_9-486809b730,2026-05-01T12:45:04.279Z,26.641,1,39.62,210,0,0,,,,
powertraces-pt200array_pt220_r4_7536323_9-486809b730,2026-05-01T12:45:04.279Z,26.641,2,38.15,210,0,0,,,,
powertraces-pt200array_pt220_r4_7536323_9-486809b730,2026-05-01T12:45:04.279Z,26.641,3,41.76,210,0,0,,,,
powertraces-pt200array_pt220_r4_7536323_9-486809b730,2026-05-01T12:45:04.379Z,26.741,0,37.9,210,0,0,,,,
powertraces-pt200array_pt220_r4_7536323_9-486809b730,2026-05-01T12:45:04.379Z,26.741,1,39.62,210,0,0,,,,
powertraces-pt200array_pt220_r4_7536323_9-486809b730,2026-05-01T12:45:04.379Z,26.741,2,38.15,210,0,0,,,,
powertraces-pt200array_pt220_r4_7536323_9-486809b730,2026-05-01T12:45:04.379Z,26.741,3,41.76,210,0,0,,,,
powertraces-pt200array_pt220_r4_7536323_9-486809b730,2026-05-01T12:45:04.479Z,26.841,0,37.9,210,0,0,,,,
powertraces-pt200array_pt220_r4_7536323_9-486809b730,2026-05-01T12:45:04.479Z,26.841,1,39.62,210,0,0,,,,
powertraces-pt200array_pt220_r4_7536323_9-486809b730,2026-05-01T12:45:04.479Z,26.841,2,38.15,210,0,0,,,,
powertraces-pt200array_pt220_r4_7536323_9-486809b730,2026-05-01T12:45:04.479Z,26.841,3,41.76,210,0,0,,,,
powertraces-pt200array_pt220_r4_7536323_9-486809b730,2026-05-01T12:45:04.579Z,26.941,0,37.9,210,0,0,,,,
powertraces-pt200array_pt220_r4_7536323_9-486809b730,2026-05-01T12:45:04.58Z,26.942,1,39.62,210,0,0,,,,
powertraces-pt200array_pt220_r4_7536323_9-486809b730,2026-05-01T12:45:04.58Z,26.942,2,38.15,210,0,0,,,,
powertraces-pt200array_pt220_r4_7536323_9-486809b730,2026-05-01T12:45:04.58Z,26.942,3,41.76,210,0,0,,,,
powertraces-pt200array_pt220_r4_7536323_9-486809b730,2026-05-01T12:45:04.68Z,27.042,0,37.9,210,0,0,,,,
powertraces-pt200array_pt220_r4_7536323_9-486809b730,2026-05-01T12:45:04.68Z,27.042,1,39.62,210,0,0,,,,
powertraces-pt200array_pt220_r4_7536323_9-486809b730,2026-05-01T12:45:04.68Z,27.042,2,38.15,210,0,0,,,,
powertraces-pt200array_pt220_r4_7536323_9-486809b730,2026-05-01T12:45:04.68Z,27.042,3,41.76,210,0,0,,,,
powertraces-pt200array_pt220_r4_7536323_9-486809b730,2026-05-01T12:45:04.78Z,27.142,0,37.9,210,0,0,,,,
powertraces-pt200array_pt220_r4_7536323_9-486809b730,2026-05-01T12:45:04.78Z,27.142,1,39.62,210,0,0,,,,
powertraces-pt200array_pt220_r4_7536323_9-486809b730,2026-05-01T12:45:04.78Z,27.142,2,38.15,210,0,0,,,,
powertraces-pt200array_pt220_r4_7536323_9-486809b730,2026-05-01T12:45:04.78Z,27.142,3,41.76,210,0,0,,,,
powertraces-pt200array_pt220_r4_7536323_9-486809b730,2026-05-01T12:45:04.88Z,27.242,0,37.9,210,0,0,,,,
powertraces-pt200array_pt220_r4_7536323_9-486809b730,2026-05-01T12:45:04.88Z,27.242,1,39.62,210,0,0,,,,
powertraces-pt200array_pt220_r4_7536323_9-486809b730,2026-05-01T12:45:04.88Z,27.242,2,38.15,210,0,0,,,,
powertraces-pt200array_pt220_r4_7536323_9-486809b730,2026-05-01T12:45:04.88Z,27.242,3,41.76,210,0,0,,,,
powertraces-pt200array_pt220_r4_7536323_9-486809b730,2026-05-01T12:45:04.98Z,27.342,0,37.9,210,0,0,,,,
powertraces-pt200array_pt220_r4_7536323_9-486809b730,2026-05-01T12:45:04.98Z,27.342,1,39.62,210,0,0,,,,
powertraces-pt200array_pt220_r4_7536323_9-486809b730,2026-05-01T12:45:04.98Z,27.342,2,38.15,210,0,0,,,,
powertraces-pt200array_pt220_r4_7536323_9-486809b730,2026-05-01T12:45:04.98Z,27.342,3,41.76,210,0,0,,,,
powertraces-pt200array_pt220_r4_7536323_9-486809b730,2026-05-01T12:45:05.08Z,27.442,0,37.9,210,0,0,,,,
powertraces-pt200array_pt220_r4_7536323_9-486809b730,2026-05-01T12:45:05.08Z,27.442,1,39.62,210,0,0,,,,
powertraces-pt200array_pt220_r4_7536323_9-486809b730,2026-05-01T12:45:05.08Z,27.442,2,38.15,210,0,0,,,,
powertraces-pt200array_pt220_r4_7536323_9-486809b730,2026-05-01T12:45:05.08Z,27.442,3,41.76,210,0,0,,,,
powertraces-pt200array_pt220_r4_7536323_9-486809b730,2026-05-01T12:45:05.18Z,27.542,0,37.9,210,0,0,,,,
powertraces-pt200array_pt220_r4_7536323_9-486809b730,2026-05-01T12:45:05.18Z,27.542,1,39.62,210,0,0,,,,
powertraces-pt200array_pt220_r4_7536323_9-486809b730,2026-05-01T12:45:05.18Z,27.542,2,38.15,210,0,0,,,,
powertraces-pt200array_pt220_r4_7536323_9-486809b730,2026-05-01T12:45:05.18Z,27.542,3,41.76,210,0,0,,,,
powertraces-pt200array_pt220_r4_7536323_9-486809b730,2026-05-01T12:45:05.28Z,27.642,0,37.9,210,0,0,,,,
powertraces-pt200array_pt220_r4_7536323_9-486809b730,2026-05-01T12:45:05.28Z,27.642,1,39.62,210,0,0,,,,
powertraces-pt200array_pt220_r4_7536323_9-486809b730,2026-05-01T12:45:05.28Z,27.642,2,38.15,210,0,0,,,,
powertraces-pt200array_pt220_r4_7536323_9-486809b730,2026-05-01T12:45:05.28Z,27.642,3,41.76,210,0,0,,,,
powertraces-pt200array_pt220_r4_7536323_9-486809b730,2026-05-01T12:45:05.38Z,27.742,0,37.9,210,0,0,,,,
powertraces-pt200array_pt220_r4_7536323_9-486809b730,2026-05-01T12:45:05.381Z,27.743,1,39.62,210,0,0,,,,
powertraces-pt200array_pt220_r4_7536323_9-486809b730,2026-05-01T12:45:05.381Z,27.743,2,38.15,210,0,0,,,,
powertraces-pt200array_pt220_r4_7536323_9-486809b730,2026-05-01T12:45:05.381Z,27.743,3,41.76,210,0,0,,,,
powertraces-pt200array_pt220_r4_7536323_9-486809b730,2026-05-01T12:45:05.481Z,27.843,0,37.9,210,0,0,,,,
powertraces-pt200array_pt220_r4_7536323_9-486809b730,2026-05-01T12:45:05.481Z,27.843,1,39.62,210,0,0,,,,
powertraces-pt200array_pt220_r4_7536323_9-486809b730,2026-05-01T12:45:05.481Z,27.843,2,38.15,210,0,0,,,,
powertraces-pt200array_pt220_r4_7536323_9-486809b730,2026-05-01T12:45:05.481Z,27.843,3,41.76,210,0,0,,,,
powertraces-pt200array_pt220_r4_7536323_9-486809b730,2026-05-01T12:45:05.581Z,27.943,0,37.9,210,0,0,,,,
powertraces-pt200array_pt220_r4_7536323_9-486809b730,2026-05-01T12:45:05.581Z,27.943,1,39.62,210,0,0,,,,
powertraces-pt200array_pt220_r4_7536323_9-486809b730,2026-05-01T12:45:05.581Z,27.943,2,38.15,210,0,0,,,,
powertraces-pt200array_pt220_r4_7536323_9-486809b730,2026-05-01T12:45:05.581Z,27.943,3,41.76,210,0,0,,,,
powertraces-pt200array_pt220_r4_7536323_9-486809b730,2026-05-01T12:45:05.681Z,28.043,0,37.9,210,0,0,,,,
powertraces-pt200array_pt220_r4_7536323_9-486809b730,2026-05-01T12:45:05.681Z,28.043,1,39.62,210,0,0,,,,
powertraces-pt200array_pt220_r4_7536323_9-486809b730,2026-05-01T12:45:05.681Z,28.043,2,38.15,210,0,0,,,,
powertraces-pt200array_pt220_r4_7536323_9-486809b730,2026-05-01T12:45:05.681Z,28.043,3,41.76,210,0,0,,,,
powertraces-pt200array_pt220_r4_7536323_9-486809b730,2026-05-01T12:45:05.781Z,28.143,0,37.9,210,0,0,,,,
powertraces-pt200array_pt220_r4_7536323_9-486809b730,2026-05-01T12:45:05.781Z,28.143,1,39.62,210,0,0,,,,
powertraces-pt200array_pt220_r4_7536323_9-486809b730,2026-05-01T12:45:05.781Z,28.143,2,38.15,210,0,0,,,,
powertraces-pt200array_pt220_r4_7536323_9-486809b730,2026-05-01T12:45:05.781Z,28.143,3,41.76,210,0,0,,,,
powertraces-pt200array_pt220_r4_7536323_9-486809b730,2026-05-01T12:45:05.881Z,28.243,0,37.9,210,0,0,,,,
powertraces-pt200array_pt220_r4_7536323_9-486809b730,2026-05-01T12:45:05.881Z,28.243,1,39.62,210,0,0,,,,
powertraces-pt200array_pt220_r4_7536323_9-486809b730,2026-05-01T12:45:05.881Z,28.243,2,38.15,210,0,0,,,,
powertraces-pt200array_pt220_r4_7536323_9-486809b730,2026-05-01T12:45:05.881Z,28.243,3,41.81,210,0,0,,,,
powertraces-pt200array_pt220_r4_7536323_9-486809b730,2026-05-01T12:45:05.981Z,28.343,0,37.9,210,0,0,,,,
powertraces-pt200array_pt220_r4_7536323_9-486809b730,2026-05-01T12:45:05.981Z,28.343,1,39.62,210,0,0,,,,
powertraces-pt200array_pt220_r4_7536323_9-486809b730,2026-05-01T12:45:05.981Z,28.343,2,38.15,210,0,0,,,,
powertraces-pt200array_pt220_r4_7536323_9-486809b730,2026-05-01T12:45:05.981Z,28.343,3,41.81,210,0,0,,,,
powertraces-pt200array_pt220_r4_7536323_9-486809b730,2026-05-01T12:45:06.081Z,28.443,0,37.9,210,0,0,,,,
powertraces-pt200array_pt220_r4_7536323_9-486809b730,2026-05-01T12:45:06.081Z,28.443,1,39.62,210,0,0,,,,
powertraces-pt200array_pt220_r4_7536323_9-486809b730,2026-05-01T12:45:06.081Z,28.443,2,38.15,210,0,0,,,,
powertraces-pt200array_pt220_r4_7536323_9-486809b730,2026-05-01T12:45:06.081Z,28.443,3,41.81,210,0,0,,,,
powertraces-pt200array_pt220_r4_7536323_9-486809b730,2026-05-01T12:45:06.182Z,28.544,0,37.9,210,0,0,,,,
powertraces-pt200array_pt220_r4_7536323_9-486809b730,2026-05-01T12:45:06.182Z,28.544,1,39.62,210,0,0,,,,
powertraces-pt200array_pt220_r4_7536323_9-486809b730,2026-05-01T12:45:06.182Z,28.544,2,38.15,210,0,0,,,,
powertraces-pt200array_pt220_r4_7536323_9-486809b730,2026-05-01T12:45:06.182Z,28.544,3,41.81,210,0,0,,,,
powertraces-pt200array_pt220_r4_7536323_9-486809b730,2026-05-01T12:45:06.282Z,28.644,0,37.9,210,0,0,,,,
powertraces-pt200array_pt220_r4_7536323_9-486809b730,2026-05-01T12:45:06.282Z,28.644,1,39.62,210,0,0,,,,
powertraces-pt200array_pt220_r4_7536323_9-486809b730,2026-05-01T12:45:06.282Z,28.644,2,38.15,210,0,0,,,,
powertraces-pt200array_pt220_r4_7536323_9-486809b730,2026-05-01T12:45:06.282Z,28.644,3,41.81,210,0,0,,,,
powertraces-pt200array_pt220_r4_7536323_9-486809b730,2026-05-01T12:45:06.382Z,28.744,0,37.9,210,0,0,,,,
powertraces-pt200array_pt220_r4_7536323_9-486809b730,2026-05-01T12:45:06.382Z,28.744,1,39.62,210,0,0,,,,
powertraces-pt200array_pt220_r4_7536323_9-486809b730,2026-05-01T12:45:06.382Z,28.744,2,38.15,210,0,0,,,,
powertraces-pt200array_pt220_r4_7536323_9-486809b730,2026-05-01T12:45:06.382Z,28.744,3,41.81,210,0,0,,,,
powertraces-pt200array_pt220_r4_7536323_9-486809b730,2026-05-01T12:45:06.482Z,28.844,0,37.9,210,0,0,,,,
powertraces-pt200array_pt220_r4_7536323_9-486809b730,2026-05-01T12:45:06.482Z,28.844,1,39.62,210,0,0,,,,
powertraces-pt200array_pt220_r4_7536323_9-486809b730,2026-05-01T12:45:06.482Z,28.844,2,38.15,210,0,0,,,,
powertraces-pt200array_pt220_r4_7536323_9-486809b730,2026-05-01T12:45:06.482Z,28.844,3,41.81,210,0,0,,,,
powertraces-pt200array_pt220_r4_7536323_9-486809b730,2026-05-01T12:45:06.582Z,28.944,0,37.9,210,0,0,,,,
powertraces-pt200array_pt220_r4_7536323_9-486809b730,2026-05-01T12:45:06.582Z,28.944,1,39.62,210,0,0,,,,
powertraces-pt200array_pt220_r4_7536323_9-486809b730,2026-05-01T12:45:06.582Z,28.944,2,38.15,210,0,0,,,,
powertraces-pt200array_pt220_r4_7536323_9-486809b730,2026-05-01T12:45:06.582Z,28.944,3,41.81,210,0,0,,,,
powertraces-pt200array_pt220_r4_7536323_9-486809b730,2026-05-01T12:45:06.682Z,29.044,0,37.9,210,0,0,,,,
powertraces-pt200array_pt220_r4_7536323_9-486809b730,2026-05-01T12:45:06.682Z,29.044,1,39.62,210,0,0,,,,
powertraces-pt200array_pt220_r4_7536323_9-486809b730,2026-05-01T12:45:06.682Z,29.044,2,38.15,210,0,0,,,,
powertraces-pt200array_pt220_r4_7536323_9-486809b730,2026-05-01T12:45:06.682Z,29.044,3,41.81,210,0,0,,,,
powertraces-pt200array_pt220_r4_7536323_9-486809b730,2026-05-01T12:45:06.782Z,29.144,0,37.9,210,0,0,,,,
powertraces-pt200array_pt220_r4_7536323_9-486809b730,2026-05-01T12:45:06.783Z,29.145,1,39.62,210,0,0,,,,
powertraces-pt200array_pt220_r4_7536323_9-486809b730,2026-05-01T12:45:06.783Z,29.145,2,38.15,210,0,0,,,,
powertraces-pt200array_pt220_r4_7536323_9-486809b730,2026-05-01T12:45:06.783Z,29.145,3,41.81,210,0,0,,,,
powertraces-pt200array_pt220_r4_7536323_9-486809b730,2026-05-01T12:45:06.883Z,29.245,0,37.9,210,0,0,,,,
powertraces-pt200array_pt220_r4_7536323_9-486809b730,2026-05-01T12:45:06.883Z,29.245,1,39.62,210,0,0,,,,
powertraces-pt200array_pt220_r4_7536323_9-486809b730,2026-05-01T12:45:06.883Z,29.245,2,38.03,210,0,0,,,,
powertraces-pt200array_pt220_r4_7536323_9-486809b730,2026-05-01T12:45:06.883Z,29.245,3,41.81,210,0,0,,,,
powertraces-pt200array_pt220_r4_7536323_9-486809b730,2026-05-01T12:45:06.983Z,29.345,0,37.9,210,0,0,,,,
powertraces-pt200array_pt220_r4_7536323_9-486809b730,2026-05-01T12:45:06.983Z,29.345,1,39.62,210,0,0,,,,
powertraces-pt200array_pt220_r4_7536323_9-486809b730,2026-05-01T12:45:06.983Z,29.345,2,38.03,210,0,0,,,,
powertraces-pt200array_pt220_r4_7536323_9-486809b730,2026-05-01T12:45:06.983Z,29.345,3,41.81,210,0,0,,,,
powertraces-pt200array_pt220_r4_7536323_9-486809b730,2026-05-01T12:45:07.083Z,29.445,0,37.9,210,0,0,,,,
powertraces-pt200array_pt220_r4_7536323_9-486809b730,2026-05-01T12:45:07.083Z,29.445,1,39.62,210,0,0,,,,
powertraces-pt200array_pt220_r4_7536323_9-486809b730,2026-05-01T12:45:07.083Z,29.445,2,38.03,210,0,0,,,,
powertraces-pt200array_pt220_r4_7536323_9-486809b730,2026-05-01T12:45:07.083Z,29.445,3,41.81,210,0,0,,,,
powertraces-pt200array_pt220_r4_7536323_9-486809b730,2026-05-01T12:45:07.183Z,29.545,0,37.9,210,0,0,,,,
powertraces-pt200array_pt220_r4_7536323_9-486809b730,2026-05-01T12:45:07.183Z,29.545,1,39.62,210,0,0,,,,
powertraces-pt200array_pt220_r4_7536323_9-486809b730,2026-05-01T12:45:07.183Z,29.545,2,38.03,210,0,0,,,,
powertraces-pt200array_pt220_r4_7536323_9-486809b730,2026-05-01T12:45:07.183Z,29.545,3,41.81,210,0,0,,,,
powertraces-pt200array_pt220_r4_7536323_9-486809b730,2026-05-01T12:45:07.283Z,29.645,0,37.9,210,0,0,,,,
powertraces-pt200array_pt220_r4_7536323_9-486809b730,2026-05-01T12:45:07.283Z,29.645,1,39.5,210,0,0,,,,
powertraces-pt200array_pt220_r4_7536323_9-486809b730,2026-05-01T12:45:07.283Z,29.645,2,38.03,210,0,0,,,,
powertraces-pt200array_pt220_r4_7536323_9-486809b730,2026-05-01T12:45:07.283Z,29.645,3,41.81,210,0,0,,,,
powertraces-pt200array_pt220_r4_7536323_9-486809b730,2026-05-01T12:45:07.383Z,29.745,0,37.9,210,0,0,,,,
powertraces-pt200array_pt220_r4_7536323_9-486809b730,2026-05-01T12:45:07.383Z,29.745,1,39.5,210,0,0,,,,
powertraces-pt200array_pt220_r4_7536323_9-486809b730,2026-05-01T12:45:07.383Z,29.745,2,38.03,210,0,0,,,,
powertraces-pt200array_pt220_r4_7536323_9-486809b730,2026-05-01T12:45:07.383Z,29.745,3,41.81,210,0,0,,,,
powertraces-pt200array_pt220_r4_7536323_9-486809b730,2026-05-01T12:45:07.483Z,29.845,0,37.9,210,0,0,,,,
powertraces-pt200array_pt220_r4_7536323_9-486809b730,2026-05-01T12:45:07.483Z,29.845,1,39.5,210,0,0,,,,
powertraces-pt200array_pt220_r4_7536323_9-486809b730,2026-05-01T12:45:07.484Z,29.846,2,38.03,210,0,0,,,,
powertraces-pt200array_pt220_r4_7536323_9-486809b730,2026-05-01T12:45:07.484Z,29.846,3,41.81,210,0,0,,,,
powertraces-pt200array_pt220_r4_7536323_9-486809b730,2026-05-01T12:45:07.584Z,29.946,0,37.9,210,0,0,,,,
powertraces-pt200array_pt220_r4_7536323_9-486809b730,2026-05-01T12:45:07.584Z,29.946,1,39.5,210,0,0,,,,
powertraces-pt200array_pt220_r4_7536323_9-486809b730,2026-05-01T12:45:07.584Z,29.946,2,38.03,210,0,0,,,,
powertraces-pt200array_pt220_r4_7536323_9-486809b730,2026-05-01T12:45:07.584Z,29.946,3,41.81,210,0,0,,,,
powertraces-pt200array_pt220_r4_7536323_9-486809b730,2026-05-01T12:45:07.684Z,30.046,0,37.9,210,0,0,,,,
powertraces-pt200array_pt220_r4_7536323_9-486809b730,2026-05-01T12:45:07.684Z,30.046,1,39.5,210,0,0,,,,
powertraces-pt200array_pt220_r4_7536323_9-486809b730,2026-05-01T12:45:07.684Z,30.046,2,38.03,210,0,0,,,,
powertraces-pt200array_pt220_r4_7536323_9-486809b730,2026-05-01T12:45:07.684Z,30.046,3,41.81,210,0,0,,,,
powertraces-pt200array_pt220_r4_7536323_9-486809b730,2026-05-01T12:45:07.784Z,30.146,0,37.9,210,0,0,,,,
powertraces-pt200array_pt220_r4_7536323_9-486809b730,2026-05-01T12:45:07.784Z,30.146,1,39.5,210,0,0,,,,
powertraces-pt200array_pt220_r4_7536323_9-486809b730,2026-05-01T12:45:07.784Z,30.146,2,38.03,210,0,0,,,,
powertraces-pt200array_pt220_r4_7536323_9-486809b730,2026-05-01T12:45:07.784Z,30.146,3,41.81,210,0,0,,,,
powertraces-pt200array_pt220_r4_7536323_9-486809b730,2026-05-01T12:45:07.884Z,30.246,0,37.9,210,0,0,,,,
powertraces-pt200array_pt220_r4_7536323_9-486809b730,2026-05-01T12:45:07.884Z,30.246,1,39.5,210,0,0,,,,
powertraces-pt200array_pt220_r4_7536323_9-486809b730,2026-05-01T12:45:07.884Z,30.246,2,37.9,210,0,0,,,,
powertraces-pt200array_pt220_r4_7536323_9-486809b730,2026-05-01T12:45:07.884Z,30.246,3,41.69,210,0,0,,,,
powertraces-pt200array_pt220_r4_7536323_9-486809b730,2026-05-01T12:45:07.984Z,30.346,0,37.9,210,0,0,,,,
powertraces-pt200array_pt220_r4_7536323_9-486809b730,2026-05-01T12:45:07.984Z,30.346,1,39.5,210,0,0,,,,
powertraces-pt200array_pt220_r4_7536323_9-486809b730,2026-05-01T12:45:07.984Z,30.346,2,37.9,210,0,0,,,,
powertraces-pt200array_pt220_r4_7536323_9-486809b730,2026-05-01T12:45:07.984Z,30.346,3,41.69,210,0,0,,,,
powertraces-pt200array_pt220_r4_7536323_9-486809b730,2026-05-01T12:45:08.084Z,30.446,0,37.9,210,0,0,,,,
powertraces-pt200array_pt220_r4_7536323_9-486809b730,2026-05-01T12:45:08.084Z,30.446,1,39.5,210,0,0,,,,
powertraces-pt200array_pt220_r4_7536323_9-486809b730,2026-05-01T12:45:08.084Z,30.446,2,37.9,210,0,0,,,,
powertraces-pt200array_pt220_r4_7536323_9-486809b730,2026-05-01T12:45:08.084Z,30.446,3,41.69,210,0,0,,,,
powertraces-pt200array_pt220_r4_7536323_9-486809b730,2026-05-01T12:45:08.184Z,30.546,0,37.9,210,0,0,,,,
powertraces-pt200array_pt220_r4_7536323_9-486809b730,2026-05-01T12:45:08.185Z,30.547,1,39.5,210,0,0,,,,
powertraces-pt200array_pt220_r4_7536323_9-486809b730,2026-05-01T12:45:08.185Z,30.547,2,37.9,210,0,0,,,,
powertraces-pt200array_pt220_r4_7536323_9-486809b730,2026-05-01T12:45:08.185Z,30.547,3,41.69,210,0,0,,,,
powertraces-pt200array_pt220_r4_7536323_9-486809b730,2026-05-01T12:45:08.285Z,30.647,0,37.9,210,0,0,,,,
powertraces-pt200array_pt220_r4_7536323_9-486809b730,2026-05-01T12:45:08.285Z,30.647,1,39.37,210,0,0,,,,
powertraces-pt200array_pt220_r4_7536323_9-486809b730,2026-05-01T12:45:08.285Z,30.647,2,37.9,210,0,0,,,,
powertraces-pt200array_pt220_r4_7536323_9-486809b730,2026-05-01T12:45:08.285Z,30.647,3,41.69,210,0,0,,,,
powertraces-pt200array_pt220_r4_7536323_9-486809b730,2026-05-01T12:45:08.385Z,30.747,0,37.9,210,0,0,,,,
powertraces-pt200array_pt220_r4_7536323_9-486809b730,2026-05-01T12:45:08.385Z,30.747,1,39.37,210,0,0,,,,
powertraces-pt200array_pt220_r4_7536323_9-486809b730,2026-05-01T12:45:08.385Z,30.747,2,37.9,210,0,0,,,,
powertraces-pt200array_pt220_r4_7536323_9-486809b730,2026-05-01T12:45:08.385Z,30.747,3,41.69,210,0,0,,,,
powertraces-pt200array_pt220_r4_7536323_9-486809b730,2026-05-01T12:45:08.485Z,30.847,0,37.9,210,0,0,,,,
powertraces-pt200array_pt220_r4_7536323_9-486809b730,2026-05-01T12:45:08.485Z,30.847,1,39.37,210,0,0,,,,
powertraces-pt200array_pt220_r4_7536323_9-486809b730,2026-05-01T12:45:08.485Z,30.847,2,37.9,210,0,0,,,,
powertraces-pt200array_pt220_r4_7536323_9-486809b730,2026-05-01T12:45:08.485Z,30.847,3,41.69,210,0,0,,,,
powertraces-pt200array_pt220_r4_7536323_9-486809b730,2026-05-01T12:45:08.585Z,30.947,0,37.9,210,0,0,,,,
powertraces-pt200array_pt220_r4_7536323_9-486809b730,2026-05-01T12:45:08.585Z,30.947,1,39.37,210,0,0,,,,
powertraces-pt200array_pt220_r4_7536323_9-486809b730,2026-05-01T12:45:08.585Z,30.947,2,37.9,210,0,0,,,,
powertraces-pt200array_pt220_r4_7536323_9-486809b730,2026-05-01T12:45:08.585Z,30.947,3,41.69,210,0,0,,,,
powertraces-pt200array_pt220_r4_7536323_9-486809b730,2026-05-01T12:45:08.685Z,31.047,0,37.9,210,0,0,,,,
powertraces-pt200array_pt220_r4_7536323_9-486809b730,2026-05-01T12:45:08.685Z,31.047,1,39.37,210,0,0,,,,
powertraces-pt200array_pt220_r4_7536323_9-486809b730,2026-05-01T12:45:08.685Z,31.047,2,37.9,210,0,0,,,,
powertraces-pt200array_pt220_r4_7536323_9-486809b730,2026-05-01T12:45:08.685Z,31.047,3,41.69,210,0,0,,,,
powertraces-pt200array_pt220_r4_7536323_9-486809b730,2026-05-01T12:45:08.785Z,31.147,0,37.9,210,0,0,,,,
powertraces-pt200array_pt220_r4_7536323_9-486809b730,2026-05-01T12:45:08.785Z,31.147,1,39.37,210,0,0,,,,
powertraces-pt200array_pt220_r4_7536323_9-486809b730,2026-05-01T12:45:08.785Z,31.147,2,37.9,210,0,0,,,,
powertraces-pt200array_pt220_r4_7536323_9-486809b730,2026-05-01T12:45:08.785Z,31.147,3,41.69,210,0,0,,,,
powertraces-pt200array_pt220_r4_7536323_9-486809b730,2026-05-01T12:45:08.885Z,31.247,0,37.9,210,0,0,,,,
powertraces-pt200array_pt220_r4_7536323_9-486809b730,2026-05-01T12:45:08.885Z,31.247,1,39.37,210,0,0,,,,
powertraces-pt200array_pt220_r4_7536323_9-486809b730,2026-05-01T12:45:08.885Z,31.247,2,37.9,210,0,0,,,,
powertraces-pt200array_pt220_r4_7536323_9-486809b730,2026-05-01T12:45:08.886Z,31.248,3,41.56,210,0,0,,,,
powertraces-pt200array_pt220_r4_7536323_9-486809b730,2026-05-01T12:45:08.986Z,31.348,0,37.9,210,0,0,,,,
powertraces-pt200array_pt220_r4_7536323_9-486809b730,2026-05-01T12:45:08.986Z,31.348,1,39.37,210,0,0,,,,
powertraces-pt200array_pt220_r4_7536323_9-486809b730,2026-05-01T12:45:08.986Z,31.348,2,37.9,210,0,0,,,,
powertraces-pt200array_pt220_r4_7536323_9-486809b730,2026-05-01T12:45:08.986Z,31.348,3,41.56,210,0,0,,,,
powertraces-pt200array_pt220_r4_7536323_9-486809b730,2026-05-01T12:45:09.086Z,31.448,0,37.9,210,0,0,,,,
powertraces-pt200array_pt220_r4_7536323_9-486809b730,2026-05-01T12:45:09.086Z,31.448,1,39.37,210,0,0,,,,
powertraces-pt200array_pt220_r4_7536323_9-486809b730,2026-05-01T12:45:09.086Z,31.448,2,37.9,210,0,0,,,,
powertraces-pt200array_pt220_r4_7536323_9-486809b730,2026-05-01T12:45:09.086Z,31.448,3,41.56,210,0,0,,,,
powertraces-pt200array_pt220_r4_7536323_9-486809b730,2026-05-01T12:45:09.186Z,31.548,0,37.9,210,0,0,,,,
powertraces-pt200array_pt220_r4_7536323_9-486809b730,2026-05-01T12:45:09.186Z,31.548,1,39.37,210,0,0,,,,
powertraces-pt200array_pt220_r4_7536323_9-486809b730,2026-05-01T12:45:09.186Z,31.548,2,37.9,210,0,0,,,,
powertraces-pt200array_pt220_r4_7536323_9-486809b730,2026-05-01T12:45:09.186Z,31.548,3,41.56,210,0,0,,,,
powertraces-pt200array_pt220_r4_7536323_9-486809b730,2026-05-01T12:45:09.286Z,31.648,0,37.9,210,0,0,,,,
powertraces-pt200array_pt220_r4_7536323_9-486809b730,2026-05-01T12:45:09.286Z,31.648,1,39.37,210,0,0,,,,
powertraces-pt200array_pt220_r4_7536323_9-486809b730,2026-05-01T12:45:09.286Z,31.648,2,37.9,210,0,0,,,,
powertraces-pt200array_pt220_r4_7536323_9-486809b730,2026-05-01T12:45:09.286Z,31.648,3,41.56,210,0,0,,,,
powertraces-pt200array_pt220_r4_7536323_9-486809b730,2026-05-01T12:45:09.386Z,31.748,0,37.9,210,0,0,,,,
powertraces-pt200array_pt220_r4_7536323_9-486809b730,2026-05-01T12:45:09.386Z,31.748,1,39.37,210,0,0,,,,
powertraces-pt200array_pt220_r4_7536323_9-486809b730,2026-05-01T12:45:09.386Z,31.748,2,37.9,210,0,0,,,,
powertraces-pt200array_pt220_r4_7536323_9-486809b730,2026-05-01T12:45:09.386Z,31.748,3,41.56,210,0,0,,,,
powertraces-pt200array_pt220_r4_7536323_9-486809b730,2026-05-01T12:45:09.486Z,31.848,0,37.9,210,0,0,,,,
powertraces-pt200array_pt220_r4_7536323_9-486809b730,2026-05-01T12:45:09.486Z,31.848,1,39.37,210,0,0,,,,
powertraces-pt200array_pt220_r4_7536323_9-486809b730,2026-05-01T12:45:09.486Z,31.848,2,37.9,210,0,0,,,,
powertraces-pt200array_pt220_r4_7536323_9-486809b730,2026-05-01T12:45:09.486Z,31.848,3,41.56,210,0,0,,,,
powertraces-pt200array_pt220_r4_7536323_9-486809b730,2026-05-01T12:45:09.586Z,31.948,0,37.9,210,0,0,,,,
powertraces-pt200array_pt220_r4_7536323_9-486809b730,2026-05-01T12:45:09.587Z,31.949,1,39.37,210,0,0,,,,
powertraces-pt200array_pt220_r4_7536323_9-486809b730,2026-05-01T12:45:09.587Z,31.949,2,37.9,210,0,0,,,,
powertraces-pt200array_pt220_r4_7536323_9-486809b730,2026-05-01T12:45:09.587Z,31.949,3,41.56,210,0,0,,,,
powertraces-pt200array_pt220_r4_7536323_9-486809b730,2026-05-01T12:45:09.687Z,32.049,0,37.9,210,0,0,,,,
powertraces-pt200array_pt220_r4_7536323_9-486809b730,2026-05-01T12:45:09.687Z,32.049,1,39.37,210,0,0,,,,
powertraces-pt200array_pt220_r4_7536323_9-486809b730,2026-05-01T12:45:09.687Z,32.049,2,37.9,210,0,0,,,,
powertraces-pt200array_pt220_r4_7536323_9-486809b730,2026-05-01T12:45:09.687Z,32.049,3,41.56,210,0,0,,,,
powertraces-pt200array_pt220_r4_7536323_9-486809b730,2026-05-01T12:45:09.787Z,32.149,0,37.78,210,0,0,,,,
powertraces-pt200array_pt220_r4_7536323_9-486809b730,2026-05-01T12:45:09.787Z,32.149,1,39.37,210,0,0,,,,
powertraces-pt200array_pt220_r4_7536323_9-486809b730,2026-05-01T12:45:09.787Z,32.149,2,37.9,210,0,0,,,,
powertraces-pt200array_pt220_r4_7536323_9-486809b730,2026-05-01T12:45:09.787Z,32.149,3,41.56,210,0,0,,,,
powertraces-pt200array_pt220_r4_7536323_9-486809b730,2026-05-01T12:45:09.887Z,32.249,0,37.78,210,0,0,,,,
powertraces-pt200array_pt220_r4_7536323_9-486809b730,2026-05-01T12:45:09.887Z,32.249,1,39.37,210,0,0,,,,
powertraces-pt200array_pt220_r4_7536323_9-486809b730,2026-05-01T12:45:09.887Z,32.249,2,37.9,210,0,0,,,,
powertraces-pt200array_pt220_r4_7536323_9-486809b730,2026-05-01T12:45:09.887Z,32.249,3,41.52,210,0,0,,,,
powertraces-pt200array_pt220_r4_7536323_9-486809b730,2026-05-01T12:45:09.987Z,32.349,0,37.78,210,0,0,,,,
powertraces-pt200array_pt220_r4_7536323_9-486809b730,2026-05-01T12:45:09.987Z,32.349,1,39.37,210,0,0,,,,
powertraces-pt200array_pt220_r4_7536323_9-486809b730,2026-05-01T12:45:09.987Z,32.349,2,37.9,210,0,0,,,,
powertraces-pt200array_pt220_r4_7536323_9-486809b730,2026-05-01T12:45:09.987Z,32.349,3,41.52,210,0,0,,,,
powertraces-pt200array_pt220_r4_7536323_9-486809b730,2026-05-01T12:45:10.087Z,32.449,0,37.78,210,0,0,,,,
powertraces-pt200array_pt220_r4_7536323_9-486809b730,2026-05-01T12:45:10.087Z,32.449,1,39.37,210,0,0,,,,
powertraces-pt200array_pt220_r4_7536323_9-486809b730,2026-05-01T12:45:10.087Z,32.449,2,37.9,210,0,0,,,,
powertraces-pt200array_pt220_r4_7536323_9-486809b730,2026-05-01T12:45:10.087Z,32.449,3,41.52,210,0,0,,,,
powertraces-pt200array_pt220_r4_7536323_9-486809b730,2026-05-01T12:45:10.187Z,32.549,0,37.78,210,0,0,,,,
powertraces-pt200array_pt220_r4_7536323_9-486809b730,2026-05-01T12:45:10.187Z,32.549,1,39.37,210,0,0,,,,
powertraces-pt200array_pt220_r4_7536323_9-486809b730,2026-05-01T12:45:10.187Z,32.549,2,37.9,210,0,0,,,,
powertraces-pt200array_pt220_r4_7536323_9-486809b730,2026-05-01T12:45:10.187Z,32.549,3,41.52,210,0,0,,,,
powertraces-pt200array_pt220_r4_7536323_9-486809b730,2026-05-01T12:45:10.287Z,32.649,0,37.78,210,0,0,,,,
powertraces-pt200array_pt220_r4_7536323_9-486809b730,2026-05-01T12:45:10.287Z,32.649,1,39.37,210,0,0,,,,
powertraces-pt200array_pt220_r4_7536323_9-486809b730,2026-05-01T12:45:10.287Z,32.649,2,37.9,210,0,0,,,,
powertraces-pt200array_pt220_r4_7536323_9-486809b730,2026-05-01T12:45:10.287Z,32.649,3,41.52,210,0,0,,,,
powertraces-pt200array_pt220_r4_7536323_9-486809b730,2026-05-01T12:45:10.387Z,32.749,0,37.78,210,0,0,,,,
powertraces-pt200array_pt220_r4_7536323_9-486809b730,2026-05-01T12:45:10.388Z,32.75,1,39.37,210,0,0,,,,
powertraces-pt200array_pt220_r4_7536323_9-486809b730,2026-05-01T12:45:10.388Z,32.75,2,37.9,210,0,0,,,,
powertraces-pt200array_pt220_r4_7536323_9-486809b730,2026-05-01T12:45:10.388Z,32.75,3,41.52,210,0,0,,,,
powertraces-pt200array_pt220_r4_7536323_9-486809b730,2026-05-01T12:45:10.488Z,32.85,0,37.78,210,0,0,,,,
powertraces-pt200array_pt220_r4_7536323_9-486809b730,2026-05-01T12:45:10.488Z,32.85,1,39.37,210,0,0,,,,
powertraces-pt200array_pt220_r4_7536323_9-486809b730,2026-05-01T12:45:10.488Z,32.85,2,37.9,210,0,0,,,,
powertraces-pt200array_pt220_r4_7536323_9-486809b730,2026-05-01T12:45:10.488Z,32.85,3,41.52,210,0,0,,,,
powertraces-pt200array_pt220_r4_7536323_9-486809b730,2026-05-01T12:45:10.588Z,32.95,0,37.78,210,0,0,,,,
powertraces-pt200array_pt220_r4_7536323_9-486809b730,2026-05-01T12:45:10.588Z,32.95,1,39.37,210,0,0,,,,
powertraces-pt200array_pt220_r4_7536323_9-486809b730,2026-05-01T12:45:10.588Z,32.95,2,37.9,210,0,0,,,,
powertraces-pt200array_pt220_r4_7536323_9-486809b730,2026-05-01T12:45:10.588Z,32.95,3,41.52,210,0,0,,,,
powertraces-pt200array_pt220_r4_7536323_9-486809b730,2026-05-01T12:45:10.688Z,33.05,0,37.78,210,0,0,,,,
powertraces-pt200array_pt220_r4_7536323_9-486809b730,2026-05-01T12:45:10.688Z,33.05,1,39.37,210,0,0,,,,
powertraces-pt200array_pt220_r4_7536323_9-486809b730,2026-05-01T12:45:10.688Z,33.05,2,37.9,210,0,0,,,,
powertraces-pt200array_pt220_r4_7536323_9-486809b730,2026-05-01T12:45:10.688Z,33.05,3,41.52,210,0,0,,,,
powertraces-pt200array_pt220_r4_7536323_9-486809b730,2026-05-01T12:45:10.788Z,33.15,0,37.65,210,0,0,,,,
powertraces-pt200array_pt220_r4_7536323_9-486809b730,2026-05-01T12:45:10.788Z,33.15,1,39.37,210,0,0,,,,
powertraces-pt200array_pt220_r4_7536323_9-486809b730,2026-05-01T12:45:10.788Z,33.15,2,37.9,210,0,0,,,,
powertraces-pt200array_pt220_r4_7536323_9-486809b730,2026-05-01T12:45:10.788Z,33.15,3,41.52,210,0,0,,,,
powertraces-pt200array_pt220_r4_7536323_9-486809b730,2026-05-01T12:45:10.888Z,33.25,0,37.65,210,0,0,,,,
powertraces-pt200array_pt220_r4_7536323_9-486809b730,2026-05-01T12:45:10.888Z,33.25,1,39.37,210,0,0,,,,
powertraces-pt200array_pt220_r4_7536323_9-486809b730,2026-05-01T12:45:10.888Z,33.25,2,37.9,210,0,0,,,,
powertraces-pt200array_pt220_r4_7536323_9-486809b730,2026-05-01T12:45:10.888Z,33.25,3,41.52,210,0,0,,,,
powertraces-pt200array_pt220_r4_7536323_9-486809b730,2026-05-01T12:45:10.988Z,33.35,0,37.65,210,0,0,,,,
powertraces-pt200array_pt220_r4_7536323_9-486809b730,2026-05-01T12:45:10.988Z,33.35,1,39.37,210,0,0,,,,
powertraces-pt200array_pt220_r4_7536323_9-486809b730,2026-05-01T12:45:10.988Z,33.35,2,37.9,210,0,0,,,,
powertraces-pt200array_pt220_r4_7536323_9-486809b730,2026-05-01T12:45:10.989Z,33.351,3,41.52,210,0,0,,,,
powertraces-pt200array_pt220_r4_7536323_9-486809b730,2026-05-01T12:45:11.089Z,33.451,0,37.65,210,0,0,,,,
powertraces-pt200array_pt220_r4_7536323_9-486809b730,2026-05-01T12:45:11.089Z,33.451,1,39.37,210,0,0,,,,
powertraces-pt200array_pt220_r4_7536323_9-486809b730,2026-05-01T12:45:11.089Z,33.451,2,37.9,210,0,0,,,,
powertraces-pt200array_pt220_r4_7536323_9-486809b730,2026-05-01T12:45:11.089Z,33.451,3,41.52,210,0,0,,,,
powertraces-pt200array_pt220_r4_7536323_9-486809b730,2026-05-01T12:45:11.189Z,33.551,0,37.65,210,0,0,,,,
powertraces-pt200array_pt220_r4_7536323_9-486809b730,2026-05-01T12:45:11.189Z,33.551,1,39.37,210,0,0,,,,
powertraces-pt200array_pt220_r4_7536323_9-486809b730,2026-05-01T12:45:11.189Z,33.551,2,37.9,210,0,0,,,,
powertraces-pt200array_pt220_r4_7536323_9-486809b730,2026-05-01T12:45:11.189Z,33.551,3,41.52,210,0,0,,,,
powertraces-pt200array_pt220_r4_7536323_9-486809b730,2026-05-01T12:45:11.289Z,33.651,0,37.65,210,0,0,,,,
powertraces-pt200array_pt220_r4_7536323_9-486809b730,2026-05-01T12:45:11.289Z,33.651,1,39.37,210,0,0,,,,
powertraces-pt200array_pt220_r4_7536323_9-486809b730,2026-05-01T12:45:11.289Z,33.651,2,37.9,210,0,0,,,,
powertraces-pt200array_pt220_r4_7536323_9-486809b730,2026-05-01T12:45:11.289Z,33.651,3,41.52,210,0,0,,,,
powertraces-pt200array_pt220_r4_7536323_9-486809b730,2026-05-01T12:45:11.389Z,33.751,0,37.65,210,0,0,,,,
powertraces-pt200array_pt220_r4_7536323_9-486809b730,2026-05-01T12:45:11.389Z,33.751,1,39.37,210,0,0,,,,
powertraces-pt200array_pt220_r4_7536323_9-486809b730,2026-05-01T12:45:11.389Z,33.751,2,37.9,210,0,0,,,,
powertraces-pt200array_pt220_r4_7536323_9-486809b730,2026-05-01T12:45:11.389Z,33.751,3,41.52,210,0,0,,,,
powertraces-pt200array_pt220_r4_7536323_9-486809b730,2026-05-01T12:45:11.489Z,33.851,0,37.65,210,0,0,,,,
powertraces-pt200array_pt220_r4_7536323_9-486809b730,2026-05-01T12:45:11.489Z,33.851,1,39.37,210,0,0,,,,
powertraces-pt200array_pt220_r4_7536323_9-486809b730,2026-05-01T12:45:11.489Z,33.851,2,37.9,210,0,0,,,,
powertraces-pt200array_pt220_r4_7536323_9-486809b730,2026-05-01T12:45:11.489Z,33.851,3,41.52,210,0,0,,,,
powertraces-pt200array_pt220_r4_7536323_9-486809b730,2026-05-01T12:45:11.589Z,33.951,0,37.65,210,0,0,,,,
powertraces-pt200array_pt220_r4_7536323_9-486809b730,2026-05-01T12:45:11.589Z,33.951,1,39.37,210,0,0,,,,
powertraces-pt200array_pt220_r4_7536323_9-486809b730,2026-05-01T12:45:11.589Z,33.951,2,37.9,210,0,0,,,,
powertraces-pt200array_pt220_r4_7536323_9-486809b730,2026-05-01T12:45:11.589Z,33.951,3,41.52,210,0,0,,,,
powertraces-pt200array_pt220_r4_7536323_9-486809b730,2026-05-01T12:45:11.689Z,34.051,0,37.65,210,0,0,,,,
powertraces-pt200array_pt220_r4_7536323_9-486809b730,2026-05-01T12:45:11.689Z,34.051,1,39.37,210,0,0,,,,
powertraces-pt200array_pt220_r4_7536323_9-486809b730,2026-05-01T12:45:11.689Z,34.051,2,37.9,210,0,0,,,,
powertraces-pt200array_pt220_r4_7536323_9-486809b730,2026-05-01T12:45:11.689Z,34.051,3,41.52,210,0,0,,,,
powertraces-pt200array_pt220_r4_7536323_9-486809b730,2026-05-01T12:45:11.79Z,34.152,0,37.65,210,0,0,,,,
powertraces-pt200array_pt220_r4_7536323_9-486809b730,2026-05-01T12:45:11.79Z,34.152,1,39.37,210,0,0,,,,
powertraces-pt200array_pt220_r4_7536323_9-486809b730,2026-05-01T12:45:11.79Z,34.152,2,37.9,210,0,0,,,,
powertraces-pt200array_pt220_r4_7536323_9-486809b730,2026-05-01T12:45:11.79Z,34.152,3,41.52,210,0,0,,,,
powertraces-pt200array_pt220_r4_7536323_9-486809b730,2026-05-01T12:45:11.89Z,34.252,0,37.65,210,0,0,,,,
powertraces-pt200array_pt220_r4_7536323_9-486809b730,2026-05-01T12:45:11.89Z,34.252,1,39.37,210,0,0,,,,
powertraces-pt200array_pt220_r4_7536323_9-486809b730,2026-05-01T12:45:11.89Z,34.252,2,37.9,210,0,0,,,,
powertraces-pt200array_pt220_r4_7536323_9-486809b730,2026-05-01T12:45:11.89Z,34.252,3,41.51,210,0,0,,,,
powertraces-pt200array_pt220_r4_7536323_9-486809b730,2026-05-01T12:45:11.99Z,34.352,0,37.65,210,0,0,,,,
powertraces-pt200array_pt220_r4_7536323_9-486809b730,2026-05-01T12:45:11.99Z,34.352,1,39.37,210,0,0,,,,
powertraces-pt200array_pt220_r4_7536323_9-486809b730,2026-05-01T12:45:11.99Z,34.352,2,37.9,210,0,0,,,,
powertraces-pt200array_pt220_r4_7536323_9-486809b730,2026-05-01T12:45:11.99Z,34.352,3,41.51,210,0,0,,,,
powertraces-pt200array_pt220_r4_7536323_9-486809b730,2026-05-01T12:45:12.09Z,34.452,0,37.65,210,0,0,,,,
powertraces-pt200array_pt220_r4_7536323_9-486809b730,2026-05-01T12:45:12.09Z,34.452,1,39.37,210,0,0,,,,
powertraces-pt200array_pt220_r4_7536323_9-486809b730,2026-05-01T12:45:12.09Z,34.452,2,37.9,210,0,0,,,,
powertraces-pt200array_pt220_r4_7536323_9-486809b730,2026-05-01T12:45:12.09Z,34.452,3,41.51,210,0,0,,,,
powertraces-pt200array_pt220_r4_7536323_9-486809b730,2026-05-01T12:45:12.19Z,34.552,0,37.65,210,0,0,,,,
powertraces-pt200array_pt220_r4_7536323_9-486809b730,2026-05-01T12:45:12.19Z,34.552,1,39.37,210,0,0,,,,
powertraces-pt200array_pt220_r4_7536323_9-486809b730,2026-05-01T12:45:12.19Z,34.552,2,37.9,210,0,0,,,,
powertraces-pt200array_pt220_r4_7536323_9-486809b730,2026-05-01T12:45:12.19Z,34.552,3,41.51,210,0,0,,,,
powertraces-pt200array_pt220_r4_7536323_9-486809b730,2026-05-01T12:45:12.29Z,34.652,0,37.65,210,0,0,,,,
powertraces-pt200array_pt220_r4_7536323_9-486809b730,2026-05-01T12:45:12.29Z,34.652,1,39.37,210,0,0,,,,
powertraces-pt200array_pt220_r4_7536323_9-486809b730,2026-05-01T12:45:12.29Z,34.652,2,37.9,210,0,0,,,,
powertraces-pt200array_pt220_r4_7536323_9-486809b730,2026-05-01T12:45:12.29Z,34.652,3,41.51,210,0,0,,,,
powertraces-pt200array_pt220_r4_7536323_9-486809b730,2026-05-01T12:45:12.39Z,34.752,0,37.65,210,0,0,,,,
powertraces-pt200array_pt220_r4_7536323_9-486809b730,2026-05-01T12:45:12.39Z,34.752,1,39.37,210,0,0,,,,
powertraces-pt200array_pt220_r4_7536323_9-486809b730,2026-05-01T12:45:12.39Z,34.752,2,37.9,210,0,0,,,,
powertraces-pt200array_pt220_r4_7536323_9-486809b730,2026-05-01T12:45:12.39Z,34.752,3,41.51,210,0,0,,,,
powertraces-pt200array_pt220_r4_7536323_9-486809b730,2026-05-01T12:45:12.491Z,34.853,0,37.65,210,0,0,,,,
powertraces-pt200array_pt220_r4_7536323_9-486809b730,2026-05-01T12:45:12.491Z,34.853,1,39.37,210,0,0,,,,
powertraces-pt200array_pt220_r4_7536323_9-486809b730,2026-05-01T12:45:12.491Z,34.853,2,37.9,210,0,0,,,,
powertraces-pt200array_pt220_r4_7536323_9-486809b730,2026-05-01T12:45:12.491Z,34.853,3,41.51,210,0,0,,,,
powertraces-pt200array_pt220_r4_7536323_9-486809b730,2026-05-01T12:45:12.591Z,34.953,0,37.65,210,0,0,,,,
powertraces-pt200array_pt220_r4_7536323_9-486809b730,2026-05-01T12:45:12.591Z,34.953,1,39.37,210,0,0,,,,
powertraces-pt200array_pt220_r4_7536323_9-486809b730,2026-05-01T12:45:12.591Z,34.953,2,37.9,210,0,0,,,,
powertraces-pt200array_pt220_r4_7536323_9-486809b730,2026-05-01T12:45:12.591Z,34.953,3,41.51,210,0,0,,,,
powertraces-pt200array_pt220_r4_7536323_9-486809b730,2026-05-01T12:45:12.691Z,35.053,0,37.65,210,0,0,,,,
powertraces-pt200array_pt220_r4_7536323_9-486809b730,2026-05-01T12:45:12.691Z,35.053,1,39.37,210,0,0,,,,
powertraces-pt200array_pt220_r4_7536323_9-486809b730,2026-05-01T12:45:12.691Z,35.053,2,37.9,210,0,0,,,,
powertraces-pt200array_pt220_r4_7536323_9-486809b730,2026-05-01T12:45:12.691Z,35.053,3,41.51,210,0,0,,,,
powertraces-pt200array_pt220_r4_7536323_9-486809b730,2026-05-01T12:45:12.791Z,35.153,0,37.65,210,0,0,,,,
powertraces-pt200array_pt220_r4_7536323_9-486809b730,2026-05-01T12:45:12.791Z,35.153,1,39.37,210,0,0,,,,
powertraces-pt200array_pt220_r4_7536323_9-486809b730,2026-05-01T12:45:12.791Z,35.153,2,37.9,210,0,0,,,,
powertraces-pt200array_pt220_r4_7536323_9-486809b730,2026-05-01T12:45:12.791Z,35.153,3,41.51,210,0,0,,,,
powertraces-pt200array_pt220_r4_7536323_9-486809b730,2026-05-01T12:45:12.891Z,35.253,0,37.65,210,0,0,,,,
powertraces-pt200array_pt220_r4_7536323_9-486809b730,2026-05-01T12:45:12.891Z,35.253,1,39.37,210,0,0,,,,
powertraces-pt200array_pt220_r4_7536323_9-486809b730,2026-05-01T12:45:12.891Z,35.253,2,37.9,210,0,0,,,,
powertraces-pt200array_pt220_r4_7536323_9-486809b730,2026-05-01T12:45:12.891Z,35.253,3,41.51,210,0,0,,,,
powertraces-pt200array_pt220_r4_7536323_9-486809b730,2026-05-01T12:45:12.991Z,35.353,0,37.65,210,0,0,,,,
powertraces-pt200array_pt220_r4_7536323_9-486809b730,2026-05-01T12:45:12.991Z,35.353,1,39.37,210,0,0,,,,
powertraces-pt200array_pt220_r4_7536323_9-486809b730,2026-05-01T12:45:12.991Z,35.353,2,37.9,210,0,0,,,,
powertraces-pt200array_pt220_r4_7536323_9-486809b730,2026-05-01T12:45:12.991Z,35.353,3,41.51,210,0,0,,,,
powertraces-pt200array_pt220_r4_7536323_9-486809b730,2026-05-01T12:45:13.091Z,35.453,0,37.65,210,0,0,,,,
powertraces-pt200array_pt220_r4_7536323_9-486809b730,2026-05-01T12:45:13.091Z,35.453,1,39.37,210,0,0,,,,
powertraces-pt200array_pt220_r4_7536323_9-486809b730,2026-05-01T12:45:13.091Z,35.453,2,37.9,210,0,0,,,,
powertraces-pt200array_pt220_r4_7536323_9-486809b730,2026-05-01T12:45:13.091Z,35.453,3,41.51,210,0,0,,,,
powertraces-pt200array_pt220_r4_7536323_9-486809b730,2026-05-01T12:45:13.191Z,35.553,0,37.65,210,0,0,,,,
powertraces-pt200array_pt220_r4_7536323_9-486809b730,2026-05-01T12:45:13.192Z,35.554,1,39.37,210,0,0,,,,
powertraces-pt200array_pt220_r4_7536323_9-486809b730,2026-05-01T12:45:13.192Z,35.554,2,37.9,210,0,0,,,,
powertraces-pt200array_pt220_r4_7536323_9-486809b730,2026-05-01T12:45:13.192Z,35.554,3,41.51,210,0,0,,,,
powertraces-pt200array_pt220_r4_7536323_9-486809b730,2026-05-01T12:45:13.292Z,35.654,0,37.65,210,0,0,,,,
powertraces-pt200array_pt220_r4_7536323_9-486809b730,2026-05-01T12:45:13.292Z,35.654,1,39.37,210,0,0,,,,
powertraces-pt200array_pt220_r4_7536323_9-486809b730,2026-05-01T12:45:13.292Z,35.654,2,37.9,210,0,0,,,,
powertraces-pt200array_pt220_r4_7536323_9-486809b730,2026-05-01T12:45:13.292Z,35.654,3,41.51,210,0,0,,,,
powertraces-pt200array_pt220_r4_7536323_9-486809b730,2026-05-01T12:45:13.392Z,35.754,0,37.65,210,0,0,,,,
powertraces-pt200array_pt220_r4_7536323_9-486809b730,2026-05-01T12:45:13.392Z,35.754,1,39.37,210,0,0,,,,
powertraces-pt200array_pt220_r4_7536323_9-486809b730,2026-05-01T12:45:13.392Z,35.754,2,37.9,210,0,0,,,,
powertraces-pt200array_pt220_r4_7536323_9-486809b730,2026-05-01T12:45:13.392Z,35.754,3,41.51,210,0,0,,,,
powertraces-pt200array_pt220_r4_7536323_9-486809b730,2026-05-01T12:45:13.492Z,35.854,0,37.65,210,0,0,,,,
powertraces-pt200array_pt220_r4_7536323_9-486809b730,2026-05-01T12:45:13.492Z,35.854,1,39.37,210,0,0,,,,
powertraces-pt200array_pt220_r4_7536323_9-486809b730,2026-05-01T12:45:13.492Z,35.854,2,37.9,210,0,0,,,,
powertraces-pt200array_pt220_r4_7536323_9-486809b730,2026-05-01T12:45:13.492Z,35.854,3,41.51,210,0,0,,,,
powertraces-pt200array_pt220_r4_7536323_9-486809b730,2026-05-01T12:45:13.592Z,35.954,0,37.65,210,0,0,,,,
powertraces-pt200array_pt220_r4_7536323_9-486809b730,2026-05-01T12:45:13.592Z,35.954,1,39.37,210,0,0,,,,
powertraces-pt200array_pt220_r4_7536323_9-486809b730,2026-05-01T12:45:13.592Z,35.954,2,37.9,210,0,0,,,,
powertraces-pt200array_pt220_r4_7536323_9-486809b730,2026-05-01T12:45:13.592Z,35.954,3,41.51,210,0,0,,,,
powertraces-pt200array_pt220_r4_7536323_9-486809b730,2026-05-01T12:45:13.692Z,36.054,0,37.65,210,0,0,,,,
powertraces-pt200array_pt220_r4_7536323_9-486809b730,2026-05-01T12:45:13.692Z,36.054,1,39.37,210,0,0,,,,
powertraces-pt200array_pt220_r4_7536323_9-486809b730,2026-05-01T12:45:13.692Z,36.054,2,37.9,210,0,0,,,,
powertraces-pt200array_pt220_r4_7536323_9-486809b730,2026-05-01T12:45:13.692Z,36.054,3,41.51,210,0,0,,,,
powertraces-pt200array_pt220_r4_7536323_9-486809b730,2026-05-01T12:45:13.792Z,36.154,0,37.65,210,0,0,,,,
powertraces-pt200array_pt220_r4_7536323_9-486809b730,2026-05-01T12:45:13.792Z,36.154,1,39.37,210,0,0,,,,
powertraces-pt200array_pt220_r4_7536323_9-486809b730,2026-05-01T12:45:13.792Z,36.154,2,37.9,210,0,0,,,,
powertraces-pt200array_pt220_r4_7536323_9-486809b730,2026-05-01T12:45:13.792Z,36.154,3,41.51,210,0,0,,,,
powertraces-pt200array_pt220_r4_7536323_9-486809b730,2026-05-01T12:45:13.893Z,36.255,0,37.65,210,0,0,,,,
powertraces-pt200array_pt220_r4_7536323_9-486809b730,2026-05-01T12:45:13.893Z,36.255,1,39.37,210,0,0,,,,
powertraces-pt200array_pt220_r4_7536323_9-486809b730,2026-05-01T12:45:13.893Z,36.255,2,37.9,210,0,0,,,,
powertraces-pt200array_pt220_r4_7536323_9-486809b730,2026-05-01T12:45:13.893Z,36.255,3,41.39,210,0,0,,,,
powertraces-pt200array_pt220_r4_7536323_9-486809b730,2026-05-01T12:45:13.993Z,36.355,0,37.65,210,0,0,,,,
powertraces-pt200array_pt220_r4_7536323_9-486809b730,2026-05-01T12:45:13.993Z,36.355,1,39.37,210,0,0,,,,
powertraces-pt200array_pt220_r4_7536323_9-486809b730,2026-05-01T12:45:13.993Z,36.355,2,37.9,210,0,0,,,,
powertraces-pt200array_pt220_r4_7536323_9-486809b730,2026-05-01T12:45:13.993Z,36.355,3,41.39,210,0,0,,,,
powertraces-pt200array_pt220_r4_7536323_9-486809b730,2026-05-01T12:45:14.093Z,36.455,0,37.65,210,0,0,,,,
powertraces-pt200array_pt220_r4_7536323_9-486809b730,2026-05-01T12:45:14.093Z,36.455,1,39.37,210,0,0,,,,
powertraces-pt200array_pt220_r4_7536323_9-486809b730,2026-05-01T12:45:14.093Z,36.455,2,37.9,210,0,0,,,,
powertraces-pt200array_pt220_r4_7536323_9-486809b730,2026-05-01T12:45:14.093Z,36.455,3,41.39,210,0,0,,,,
powertraces-pt200array_pt220_r4_7536323_9-486809b730,2026-05-01T12:45:14.193Z,36.555,0,37.65,210,0,0,,,,
powertraces-pt200array_pt220_r4_7536323_9-486809b730,2026-05-01T12:45:14.193Z,36.555,1,39.37,210,0,0,,,,
powertraces-pt200array_pt220_r4_7536323_9-486809b730,2026-05-01T12:45:14.193Z,36.555,2,37.9,210,0,0,,,,
powertraces-pt200array_pt220_r4_7536323_9-486809b730,2026-05-01T12:45:14.193Z,36.555,3,41.39,210,0,0,,,,
powertraces-pt200array_pt220_r4_7536323_9-486809b730,2026-05-01T12:45:14.293Z,36.655,0,37.65,210,0,0,,,,
powertraces-pt200array_pt220_r4_7536323_9-486809b730,2026-05-01T12:45:14.293Z,36.655,1,39.25,210,0,0,,,,
powertraces-pt200array_pt220_r4_7536323_9-486809b730,2026-05-01T12:45:14.293Z,36.655,2,37.9,210,0,0,,,,
powertraces-pt200array_pt220_r4_7536323_9-486809b730,2026-05-01T12:45:14.293Z,36.655,3,41.39,210,0,0,,,,
powertraces-pt200array_pt220_r4_7536323_9-486809b730,2026-05-01T12:45:14.393Z,36.755,0,37.65,210,0,0,,,,
powertraces-pt200array_pt220_r4_7536323_9-486809b730,2026-05-01T12:45:14.393Z,36.755,1,39.25,210,0,0,,,,
powertraces-pt200array_pt220_r4_7536323_9-486809b730,2026-05-01T12:45:14.393Z,36.755,2,37.9,210,0,0,,,,
powertraces-pt200array_pt220_r4_7536323_9-486809b730,2026-05-01T12:45:14.393Z,36.755,3,41.39,210,0,0,,,,
powertraces-pt200array_pt220_r4_7536323_9-486809b730,2026-05-01T12:45:14.493Z,36.855,0,37.65,210,0,0,,,,
powertraces-pt200array_pt220_r4_7536323_9-486809b730,2026-05-01T12:45:14.493Z,36.855,1,39.25,210,0,0,,,,
powertraces-pt200array_pt220_r4_7536323_9-486809b730,2026-05-01T12:45:14.493Z,36.855,2,37.9,210,0,0,,,,
powertraces-pt200array_pt220_r4_7536323_9-486809b730,2026-05-01T12:45:14.493Z,36.855,3,41.39,210,0,0,,,,
powertraces-pt200array_pt220_r4_7536323_9-486809b730,2026-05-01T12:45:14.593Z,36.955,0,37.65,210,0,0,,,,
powertraces-pt200array_pt220_r4_7536323_9-486809b730,2026-05-01T12:45:14.593Z,36.955,1,39.25,210,0,0,,,,
powertraces-pt200array_pt220_r4_7536323_9-486809b730,2026-05-01T12:45:14.593Z,36.955,2,37.9,210,0,0,,,,
powertraces-pt200array_pt220_r4_7536323_9-486809b730,2026-05-01T12:45:14.593Z,36.955,3,41.39,210,0,0,,,,
powertraces-pt200array_pt220_r4_7536323_9-486809b730,2026-05-01T12:45:14.693Z,37.055,0,37.65,210,0,0,,,,
powertraces-pt200array_pt220_r4_7536323_9-486809b730,2026-05-01T12:45:14.694Z,37.056,1,39.25,210,0,0,,,,
powertraces-pt200array_pt220_r4_7536323_9-486809b730,2026-05-01T12:45:14.694Z,37.056,2,37.9,210,0,0,,,,
powertraces-pt200array_pt220_r4_7536323_9-486809b730,2026-05-01T12:45:14.694Z,37.056,3,41.39,210,0,0,,,,
powertraces-pt200array_pt220_r4_7536323_9-486809b730,2026-05-01T12:45:14.794Z,37.156,0,37.65,210,0,0,,,,
powertraces-pt200array_pt220_r4_7536323_9-486809b730,2026-05-01T12:45:14.794Z,37.156,1,39.25,210,0,0,,,,
powertraces-pt200array_pt220_r4_7536323_9-486809b730,2026-05-01T12:45:14.794Z,37.156,2,37.9,210,0,0,,,,
powertraces-pt200array_pt220_r4_7536323_9-486809b730,2026-05-01T12:45:14.794Z,37.156,3,41.39,210,0,0,,,,
powertraces-pt200array_pt220_r4_7536323_9-486809b730,2026-05-01T12:45:14.894Z,37.256,0,37.65,210,0,0,,,,
powertraces-pt200array_pt220_r4_7536323_9-486809b730,2026-05-01T12:45:14.894Z,37.256,1,39.25,210,0,0,,,,
powertraces-pt200array_pt220_r4_7536323_9-486809b730,2026-05-01T12:45:14.894Z,37.256,2,37.9,210,0,0,,,,
powertraces-pt200array_pt220_r4_7536323_9-486809b730,2026-05-01T12:45:14.894Z,37.256,3,41.27,210,0,0,,,,
powertraces-pt200array_pt220_r4_7536323_9-486809b730,2026-05-01T12:45:14.994Z,37.356,0,37.65,210,0,0,,,,
powertraces-pt200array_pt220_r4_7536323_9-486809b730,2026-05-01T12:45:14.994Z,37.356,1,39.25,210,0,0,,,,
powertraces-pt200array_pt220_r4_7536323_9-486809b730,2026-05-01T12:45:14.994Z,37.356,2,37.9,210,0,0,,,,
powertraces-pt200array_pt220_r4_7536323_9-486809b730,2026-05-01T12:45:14.994Z,37.356,3,41.27,210,0,0,,,,
powertraces-pt200array_pt220_r4_7536323_9-486809b730,2026-05-01T12:45:15.094Z,37.456,0,37.65,210,0,0,,,,
powertraces-pt200array_pt220_r4_7536323_9-486809b730,2026-05-01T12:45:15.094Z,37.456,1,39.25,210,0,0,,,,
powertraces-pt200array_pt220_r4_7536323_9-486809b730,2026-05-01T12:45:15.094Z,37.456,2,37.9,210,0,0,,,,
powertraces-pt200array_pt220_r4_7536323_9-486809b730,2026-05-01T12:45:15.094Z,37.456,3,41.27,210,0,0,,,,
powertraces-pt200array_pt220_r4_7536323_9-486809b730,2026-05-01T12:45:15.194Z,37.556,0,37.65,210,0,0,,,,
powertraces-pt200array_pt220_r4_7536323_9-486809b730,2026-05-01T12:45:15.194Z,37.556,1,39.25,210,0,0,,,,
powertraces-pt200array_pt220_r4_7536323_9-486809b730,2026-05-01T12:45:15.194Z,37.556,2,37.9,210,0,0,,,,
powertraces-pt200array_pt220_r4_7536323_9-486809b730,2026-05-01T12:45:15.194Z,37.556,3,41.27,210,0,0,,,,
powertraces-pt200array_pt220_r4_7536323_9-486809b730,2026-05-01T12:45:15.294Z,37.656,0,37.65,210,0,0,,,,
powertraces-pt200array_pt220_r4_7536323_9-486809b730,2026-05-01T12:45:15.294Z,37.656,1,39.13,210,0,0,,,,
powertraces-pt200array_pt220_r4_7536323_9-486809b730,2026-05-01T12:45:15.294Z,37.656,2,37.9,210,0,0,,,,
powertraces-pt200array_pt220_r4_7536323_9-486809b730,2026-05-01T12:45:15.294Z,37.656,3,41.27,210,0,0,,,,
powertraces-pt200array_pt220_r4_7536323_9-486809b730,2026-05-01T12:45:15.394Z,37.756,0,37.65,210,0,0,,,,
powertraces-pt200array_pt220_r4_7536323_9-486809b730,2026-05-01T12:45:15.394Z,37.756,1,39.13,210,0,0,,,,
powertraces-pt200array_pt220_r4_7536323_9-486809b730,2026-05-01T12:45:15.394Z,37.756,2,37.9,210,0,0,,,,
powertraces-pt200array_pt220_r4_7536323_9-486809b730,2026-05-01T12:45:15.394Z,37.756,3,41.27,210,0,0,,,,
powertraces-pt200array_pt220_r4_7536323_9-486809b730,2026-05-01T12:45:15.495Z,37.857,0,37.65,210,0,0,,,,
powertraces-pt200array_pt220_r4_7536323_9-486809b730,2026-05-01T12:45:15.495Z,37.857,1,39.13,210,0,0,,,,
powertraces-pt200array_pt220_r4_7536323_9-486809b730,2026-05-01T12:45:15.495Z,37.857,2,37.9,210,0,0,,,,
powertraces-pt200array_pt220_r4_7536323_9-486809b730,2026-05-01T12:45:15.495Z,37.857,3,41.27,210,0,0,,,,
powertraces-pt200array_pt220_r4_7536323_9-486809b730,2026-05-01T12:45:15.595Z,37.957,0,37.65,210,0,0,,,,
powertraces-pt200array_pt220_r4_7536323_9-486809b730,2026-05-01T12:45:15.595Z,37.957,1,39.13,210,0,0,,,,
powertraces-pt200array_pt220_r4_7536323_9-486809b730,2026-05-01T12:45:15.595Z,37.957,2,37.9,210,0,0,,,,
powertraces-pt200array_pt220_r4_7536323_9-486809b730,2026-05-01T12:45:15.595Z,37.957,3,41.27,210,0,0,,,,
powertraces-pt200array_pt220_r4_7536323_9-486809b730,2026-05-01T12:45:15.695Z,38.057,0,37.66,210,0,0,,,,
powertraces-pt200array_pt220_r4_7536323_9-486809b730,2026-05-01T12:45:15.695Z,38.057,1,39.13,210,0,0,,,,
powertraces-pt200array_pt220_r4_7536323_9-486809b730,2026-05-01T12:45:15.695Z,38.057,2,37.9,210,0,0,,,,
powertraces-pt200array_pt220_r4_7536323_9-486809b730,2026-05-01T12:45:15.695Z,38.057,3,41.27,210,0,0,,,,
powertraces-pt200array_pt220_r4_7536323_9-486809b730,2026-05-01T12:45:15.795Z,38.157,0,37.66,210,0,0,,,,
powertraces-pt200array_pt220_r4_7536323_9-486809b730,2026-05-01T12:45:15.795Z,38.157,1,39.13,210,0,0,,,,
powertraces-pt200array_pt220_r4_7536323_9-486809b730,2026-05-01T12:45:15.795Z,38.157,2,37.9,210,0,0,,,,
powertraces-pt200array_pt220_r4_7536323_9-486809b730,2026-05-01T12:45:15.795Z,38.157,3,41.27,210,0,0,,,,
powertraces-pt200array_pt220_r4_7536323_9-486809b730,2026-05-01T12:45:15.895Z,38.257,0,37.66,210,0,0,,,,
powertraces-pt200array_pt220_r4_7536323_9-486809b730,2026-05-01T12:45:15.895Z,38.257,1,39.13,210,0,0,,,,
powertraces-pt200array_pt220_r4_7536323_9-486809b730,2026-05-01T12:45:15.895Z,38.257,2,37.78,210,0,0,,,,
powertraces-pt200array_pt220_r4_7536323_9-486809b730,2026-05-01T12:45:15.895Z,38.257,3,41.27,210,0,0,,,,
powertraces-pt200array_pt220_r4_7536323_9-486809b730,2026-05-01T12:45:15.995Z,38.357,0,37.66,210,0,0,,,,
powertraces-pt200array_pt220_r4_7536323_9-486809b730,2026-05-01T12:45:15.995Z,38.357,1,39.13,210,0,0,,,,
powertraces-pt200array_pt220_r4_7536323_9-486809b730,2026-05-01T12:45:15.995Z,38.357,2,37.78,210,0,0,,,,
powertraces-pt200array_pt220_r4_7536323_9-486809b730,2026-05-01T12:45:15.995Z,38.357,3,41.27,210,0,0,,,,
powertraces-pt200array_pt220_r4_7536323_9-486809b730,2026-05-01T12:45:16.096Z,38.458,0,37.66,210,0,0,,,,
powertraces-pt200array_pt220_r4_7536323_9-486809b730,2026-05-01T12:45:16.096Z,38.458,1,39.13,210,0,0,,,,
powertraces-pt200array_pt220_r4_7536323_9-486809b730,2026-05-01T12:45:16.096Z,38.458,2,37.78,210,0,0,,,,
powertraces-pt200array_pt220_r4_7536323_9-486809b730,2026-05-01T12:45:16.096Z,38.458,3,41.27,210,0,0,,,,
powertraces-pt200array_pt220_r4_7536323_9-486809b730,2026-05-01T12:45:16.196Z,38.558,0,37.66,210,0,0,,,,
powertraces-pt200array_pt220_r4_7536323_9-486809b730,2026-05-01T12:45:16.196Z,38.558,1,39.13,210,0,0,,,,
powertraces-pt200array_pt220_r4_7536323_9-486809b730,2026-05-01T12:45:16.196Z,38.558,2,37.78,210,0,0,,,,
powertraces-pt200array_pt220_r4_7536323_9-486809b730,2026-05-01T12:45:16.196Z,38.558,3,41.27,210,0,0,,,,
powertraces-pt200array_pt220_r4_7536323_9-486809b730,2026-05-01T12:45:16.296Z,38.658,0,37.66,210,0,0,,,,
powertraces-pt200array_pt220_r4_7536323_9-486809b730,2026-05-01T12:45:16.296Z,38.658,1,39.13,210,0,0,,,,
powertraces-pt200array_pt220_r4_7536323_9-486809b730,2026-05-01T12:45:16.296Z,38.658,2,37.78,210,0,0,,,,
powertraces-pt200array_pt220_r4_7536323_9-486809b730,2026-05-01T12:45:16.296Z,38.658,3,41.27,210,0,0,,,,
powertraces-pt200array_pt220_r4_7536323_9-486809b730,2026-05-01T12:45:16.396Z,38.758,0,37.66,210,0,0,,,,
powertraces-pt200array_pt220_r4_7536323_9-486809b730,2026-05-01T12:45:16.396Z,38.758,1,39.13,210,0,0,,,,
powertraces-pt200array_pt220_r4_7536323_9-486809b730,2026-05-01T12:45:16.396Z,38.758,2,37.78,210,0,0,,,,
powertraces-pt200array_pt220_r4_7536323_9-486809b730,2026-05-01T12:45:16.396Z,38.758,3,41.27,210,0,0,,,,
powertraces-pt200array_pt220_r4_7536323_9-486809b730,2026-05-01T12:45:16.496Z,38.858,0,37.66,210,0,0,,,,
powertraces-pt200array_pt220_r4_7536323_9-486809b730,2026-05-01T12:45:16.496Z,38.858,1,39.13,210,0,0,,,,
powertraces-pt200array_pt220_r4_7536323_9-486809b730,2026-05-01T12:45:16.496Z,38.858,2,37.78,210,0,0,,,,
powertraces-pt200array_pt220_r4_7536323_9-486809b730,2026-05-01T12:45:16.496Z,38.858,3,41.27,210,0,0,,,,
powertraces-pt200array_pt220_r4_7536323_9-486809b730,2026-05-01T12:45:16.596Z,38.958,0,37.66,210,0,0,,,,
powertraces-pt200array_pt220_r4_7536323_9-486809b730,2026-05-01T12:45:16.596Z,38.958,1,39.13,210,0,0,,,,
powertraces-pt200array_pt220_r4_7536323_9-486809b730,2026-05-01T12:45:16.596Z,38.958,2,37.78,210,0,0,,,,
powertraces-pt200array_pt220_r4_7536323_9-486809b730,2026-05-01T12:45:16.596Z,38.958,3,41.27,210,0,0,,,,
powertraces-pt200array_pt220_r4_7536323_9-486809b730,2026-05-01T12:45:16.697Z,39.059,0,37.66,210,0,0,,,,
powertraces-pt200array_pt220_r4_7536323_9-486809b730,2026-05-01T12:45:16.697Z,39.059,1,39.13,210,0,0,,,,
powertraces-pt200array_pt220_r4_7536323_9-486809b730,2026-05-01T12:45:16.697Z,39.059,2,37.78,210,0,0,,,,
powertraces-pt200array_pt220_r4_7536323_9-486809b730,2026-05-01T12:45:16.697Z,39.059,3,41.27,210,0,0,,,,
powertraces-pt200array_pt220_r4_7536323_9-486809b730,2026-05-01T12:45:16.797Z,39.159,0,37.66,210,0,0,,,,
powertraces-pt200array_pt220_r4_7536323_9-486809b730,2026-05-01T12:45:16.797Z,39.159,1,39.13,210,0,0,,,,
powertraces-pt200array_pt220_r4_7536323_9-486809b730,2026-05-01T12:45:16.797Z,39.159,2,37.78,210,0,0,,,,
powertraces-pt200array_pt220_r4_7536323_9-486809b730,2026-05-01T12:45:16.797Z,39.159,3,41.27,210,0,0,,,,
powertraces-pt200array_pt220_r4_7536323_9-486809b730,2026-05-01T12:45:16.897Z,39.259,0,37.66,210,0,0,,,,
powertraces-pt200array_pt220_r4_7536323_9-486809b730,2026-05-01T12:45:16.897Z,39.259,1,39.13,210,0,0,,,,
powertraces-pt200array_pt220_r4_7536323_9-486809b730,2026-05-01T12:45:16.897Z,39.259,2,37.66,210,0,0,,,,
powertraces-pt200array_pt220_r4_7536323_9-486809b730,2026-05-01T12:45:16.897Z,39.259,3,41.27,210,0,0,,,,
powertraces-pt200array_pt220_r4_7536323_9-486809b730,2026-05-01T12:45:16.997Z,39.359,0,37.66,210,0,0,,,,
powertraces-pt200array_pt220_r4_7536323_9-486809b730,2026-05-01T12:45:16.997Z,39.359,1,39.13,210,0,0,,,,
powertraces-pt200array_pt220_r4_7536323_9-486809b730,2026-05-01T12:45:16.997Z,39.359,2,37.66,210,0,0,,,,
powertraces-pt200array_pt220_r4_7536323_9-486809b730,2026-05-01T12:45:16.997Z,39.359,3,41.27,210,0,0,,,,
powertraces-pt200array_pt220_r4_7536323_9-486809b730,2026-05-01T12:45:17.097Z,39.459,0,37.66,210,0,0,,,,
powertraces-pt200array_pt220_r4_7536323_9-486809b730,2026-05-01T12:45:17.097Z,39.459,1,39.13,210,0,0,,,,
powertraces-pt200array_pt220_r4_7536323_9-486809b730,2026-05-01T12:45:17.097Z,39.459,2,37.66,210,0,0,,,,
powertraces-pt200array_pt220_r4_7536323_9-486809b730,2026-05-01T12:45:17.097Z,39.459,3,41.27,210,0,0,,,,
powertraces-pt200array_pt220_r4_7536323_9-486809b730,2026-05-01T12:45:17.197Z,39.559,0,37.66,210,0,0,,,,
powertraces-pt200array_pt220_r4_7536323_9-486809b730,2026-05-01T12:45:17.197Z,39.559,1,39.13,210,0,0,,,,
powertraces-pt200array_pt220_r4_7536323_9-486809b730,2026-05-01T12:45:17.197Z,39.559,2,37.66,210,0,0,,,,
powertraces-pt200array_pt220_r4_7536323_9-486809b730,2026-05-01T12:45:17.197Z,39.559,3,41.27,210,0,0,,,,
powertraces-pt200array_pt220_r4_7536323_9-486809b730,2026-05-01T12:45:17.297Z,39.659,0,37.66,210,0,0,,,,
powertraces-pt200array_pt220_r4_7536323_9-486809b730,2026-05-01T12:45:17.297Z,39.659,1,39.13,210,0,0,,,,
powertraces-pt200array_pt220_r4_7536323_9-486809b730,2026-05-01T12:45:17.297Z,39.659,2,37.66,210,0,0,,,,
powertraces-pt200array_pt220_r4_7536323_9-486809b730,2026-05-01T12:45:17.297Z,39.659,3,41.27,210,0,0,,,,
powertraces-pt200array_pt220_r4_7536323_9-486809b730,2026-05-01T12:45:17.397Z,39.759,0,37.66,210,0,0,,,,
powertraces-pt200array_pt220_r4_7536323_9-486809b730,2026-05-01T12:45:17.398Z,39.76,1,39.13,210,0,0,,,,
powertraces-pt200array_pt220_r4_7536323_9-486809b730,2026-05-01T12:45:17.398Z,39.76,2,37.66,210,0,0,,,,
powertraces-pt200array_pt220_r4_7536323_9-486809b730,2026-05-01T12:45:17.398Z,39.76,3,41.27,210,0,0,,,,
powertraces-pt200array_pt220_r4_7536323_9-486809b730,2026-05-01T12:45:17.498Z,39.86,0,37.66,210,0,0,,,,
powertraces-pt200array_pt220_r4_7536323_9-486809b730,2026-05-01T12:45:17.498Z,39.86,1,39.13,210,0,0,,,,
powertraces-pt200array_pt220_r4_7536323_9-486809b730,2026-05-01T12:45:17.498Z,39.86,2,37.66,210,0,0,,,,
powertraces-pt200array_pt220_r4_7536323_9-486809b730,2026-05-01T12:45:17.498Z,39.86,3,41.27,210,0,0,,,,
powertraces-pt200array_pt220_r4_7536323_9-486809b730,2026-05-01T12:45:17.598Z,39.96,0,37.66,210,0,0,,,,
powertraces-pt200array_pt220_r4_7536323_9-486809b730,2026-05-01T12:45:17.598Z,39.96,1,39.13,210,0,0,,,,
powertraces-pt200array_pt220_r4_7536323_9-486809b730,2026-05-01T12:45:17.598Z,39.96,2,37.66,210,0,0,,,,
powertraces-pt200array_pt220_r4_7536323_9-486809b730,2026-05-01T12:45:17.598Z,39.96,3,41.27,210,0,0,,,,
powertraces-pt200array_pt220_r4_7536323_9-486809b730,2026-05-01T12:45:17.698Z,40.06,0,37.61,210,0,0,,,,
powertraces-pt200array_pt220_r4_7536323_9-486809b730,2026-05-01T12:45:17.698Z,40.06,1,39.13,210,0,0,,,,
powertraces-pt200array_pt220_r4_7536323_9-486809b730,2026-05-01T12:45:17.698Z,40.06,2,37.66,210,0,0,,,,
powertraces-pt200array_pt220_r4_7536323_9-486809b730,2026-05-01T12:45:17.698Z,40.06,3,41.27,210,0,0,,,,
powertraces-pt200array_pt220_r4_7536323_9-486809b730,2026-05-01T12:45:17.798Z,40.16,0,37.61,210,0,0,,,,
powertraces-pt200array_pt220_r4_7536323_9-486809b730,2026-05-01T12:45:17.798Z,40.16,1,39.13,210,0,0,,,,
powertraces-pt200array_pt220_r4_7536323_9-486809b730,2026-05-01T12:45:17.798Z,40.16,2,37.66,210,0,0,,,,
powertraces-pt200array_pt220_r4_7536323_9-486809b730,2026-05-01T12:45:17.798Z,40.16,3,41.27,210,0,0,,,,
powertraces-pt200array_pt220_r4_7536323_9-486809b730,2026-05-01T12:45:17.898Z,40.26,0,37.61,210,0,0,,,,
powertraces-pt200array_pt220_r4_7536323_9-486809b730,2026-05-01T12:45:17.898Z,40.26,1,39.13,210,0,0,,,,
powertraces-pt200array_pt220_r4_7536323_9-486809b730,2026-05-01T12:45:17.898Z,40.26,2,37.66,210,0,0,,,,
powertraces-pt200array_pt220_r4_7536323_9-486809b730,2026-05-01T12:45:17.898Z,40.26,3,41.15,210,0,0,,,,
powertraces-pt200array_pt220_r4_7536323_9-486809b730,2026-05-01T12:45:17.998Z,40.36,0,37.61,210,0,0,,,,
powertraces-pt200array_pt220_r4_7536323_9-486809b730,2026-05-01T12:45:17.998Z,40.36,1,39.13,210,0,0,,,,
powertraces-pt200array_pt220_r4_7536323_9-486809b730,2026-05-01T12:45:17.998Z,40.36,2,37.66,210,0,0,,,,
powertraces-pt200array_pt220_r4_7536323_9-486809b730,2026-05-01T12:45:17.998Z,40.36,3,41.15,210,0,0,,,,
powertraces-pt200array_pt220_r4_7536323_9-486809b730,2026-05-01T12:45:18.098Z,40.46,0,37.61,210,0,0,,,,
powertraces-pt200array_pt220_r4_7536323_9-486809b730,2026-05-01T12:45:18.099Z,40.461,1,39.13,210,0,0,,,,
powertraces-pt200array_pt220_r4_7536323_9-486809b730,2026-05-01T12:45:18.099Z,40.461,2,37.66,210,0,0,,,,
powertraces-pt200array_pt220_r4_7536323_9-486809b730,2026-05-01T12:45:18.099Z,40.461,3,41.15,210,0,0,,,,
powertraces-pt200array_pt220_r4_7536323_9-486809b730,2026-05-01T12:45:18.199Z,40.561,0,37.61,210,0,0,,,,
powertraces-pt200array_pt220_r4_7536323_9-486809b730,2026-05-01T12:45:18.199Z,40.561,1,39.13,210,0,0,,,,
powertraces-pt200array_pt220_r4_7536323_9-486809b730,2026-05-01T12:45:18.199Z,40.561,2,37.66,210,0,0,,,,
powertraces-pt200array_pt220_r4_7536323_9-486809b730,2026-05-01T12:45:18.199Z,40.561,3,41.15,210,0,0,,,,
powertraces-pt200array_pt220_r4_7536323_9-486809b730,2026-05-01T12:45:18.299Z,40.661,0,37.61,210,0,0,,,,
powertraces-pt200array_pt220_r4_7536323_9-486809b730,2026-05-01T12:45:18.299Z,40.661,1,39.13,210,0,0,,,,
powertraces-pt200array_pt220_r4_7536323_9-486809b730,2026-05-01T12:45:18.299Z,40.661,2,37.66,210,0,0,,,,
powertraces-pt200array_pt220_r4_7536323_9-486809b730,2026-05-01T12:45:18.299Z,40.661,3,41.15,210,0,0,,,,
powertraces-pt200array_pt220_r4_7536323_9-486809b730,2026-05-01T12:45:18.399Z,40.761,0,37.61,210,0,0,,,,
powertraces-pt200array_pt220_r4_7536323_9-486809b730,2026-05-01T12:45:18.399Z,40.761,1,39.13,210,0,0,,,,
powertraces-pt200array_pt220_r4_7536323_9-486809b730,2026-05-01T12:45:18.399Z,40.761,2,37.66,210,0,0,,,,
powertraces-pt200array_pt220_r4_7536323_9-486809b730,2026-05-01T12:45:18.399Z,40.761,3,41.15,210,0,0,,,,
powertraces-pt200array_pt220_r4_7536323_9-486809b730,2026-05-01T12:45:18.499Z,40.861,0,37.61,210,0,0,,,,
powertraces-pt200array_pt220_r4_7536323_9-486809b730,2026-05-01T12:45:18.499Z,40.861,1,39.13,210,0,0,,,,
powertraces-pt200array_pt220_r4_7536323_9-486809b730,2026-05-01T12:45:18.499Z,40.861,2,37.66,210,0,0,,,,
powertraces-pt200array_pt220_r4_7536323_9-486809b730,2026-05-01T12:45:18.499Z,40.861,3,41.15,210,0,0,,,,
powertraces-pt200array_pt220_r4_7536323_9-486809b730,2026-05-01T12:45:18.599Z,40.961,0,37.61,210,0,0,,,,
powertraces-pt200array_pt220_r4_7536323_9-486809b730,2026-05-01T12:45:18.599Z,40.961,1,39.13,210,0,0,,,,
powertraces-pt200array_pt220_r4_7536323_9-486809b730,2026-05-01T12:45:18.599Z,40.961,2,37.66,210,0,0,,,,
powertraces-pt200array_pt220_r4_7536323_9-486809b730,2026-05-01T12:45:18.599Z,40.961,3,41.15,210,0,0,,,,
powertraces-pt200array_pt220_r4_7536323_9-486809b730,2026-05-01T12:45:18.699Z,41.061,0,37.48,210,0,0,,,,
powertraces-pt200array_pt220_r4_7536323_9-486809b730,2026-05-01T12:45:18.699Z,41.061,1,39.13,210,0,0,,,,
powertraces-pt200array_pt220_r4_7536323_9-486809b730,2026-05-01T12:45:18.699Z,41.061,2,37.66,210,0,0,,,,
powertraces-pt200array_pt220_r4_7536323_9-486809b730,2026-05-01T12:45:18.699Z,41.061,3,41.15,210,0,0,,,,
powertraces-pt200array_pt220_r4_7536323_9-486809b730,2026-05-01T12:45:18.799Z,41.161,0,37.48,210,0,0,,,,
powertraces-pt200array_pt220_r4_7536323_9-486809b730,2026-05-01T12:45:18.799Z,41.161,1,39.13,210,0,0,,,,
powertraces-pt200array_pt220_r4_7536323_9-486809b730,2026-05-01T12:45:18.799Z,41.161,2,37.66,210,0,0,,,,
powertraces-pt200array_pt220_r4_7536323_9-486809b730,2026-05-01T12:45:18.799Z,41.161,3,41.15,210,0,0,,,,
powertraces-pt200array_pt220_r4_7536323_9-486809b730,2026-05-01T12:45:18.899Z,41.261,0,37.48,210,0,0,,,,
powertraces-pt200array_pt220_r4_7536323_9-486809b730,2026-05-01T12:45:18.9Z,41.262,1,39.13,210,0,0,,,,
powertraces-pt200array_pt220_r4_7536323_9-486809b730,2026-05-01T12:45:18.9Z,41.262,2,37.66,210,0,0,,,,
powertraces-pt200array_pt220_r4_7536323_9-486809b730,2026-05-01T12:45:18.9Z,41.262,3,41.07,210,0,0,,,,
powertraces-pt200array_pt220_r4_7536323_9-486809b730,2026-05-01T12:45:19Z,41.362,0,37.48,210,0,0,,,,
powertraces-pt200array_pt220_r4_7536323_9-486809b730,2026-05-01T12:45:19Z,41.362,1,39.13,210,0,0,,,,
powertraces-pt200array_pt220_r4_7536323_9-486809b730,2026-05-01T12:45:19Z,41.362,2,37.66,210,0,0,,,,
powertraces-pt200array_pt220_r4_7536323_9-486809b730,2026-05-01T12:45:19Z,41.362,3,41.07,210,0,0,,,,
powertraces-pt200array_pt220_r4_7536323_9-486809b730,2026-05-01T12:45:19.1Z,41.462,0,37.48,210,0,0,,,,
powertraces-pt200array_pt220_r4_7536323_9-486809b730,2026-05-01T12:45:19.1Z,41.462,1,39.13,210,0,0,,,,
powertraces-pt200array_pt220_r4_7536323_9-486809b730,2026-05-01T12:45:19.1Z,41.462,2,37.66,210,0,0,,,,
powertraces-pt200array_pt220_r4_7536323_9-486809b730,2026-05-01T12:45:19.1Z,41.462,3,41.07,210,0,0,,,,
powertraces-pt200array_pt220_r4_7536323_9-486809b730,2026-05-01T12:45:19.2Z,41.562,0,37.48,210,0,0,,,,
powertraces-pt200array_pt220_r4_7536323_9-486809b730,2026-05-01T12:45:19.2Z,41.562,1,39.13,210,0,0,,,,
powertraces-pt200array_pt220_r4_7536323_9-486809b730,2026-05-01T12:45:19.2Z,41.562,2,37.66,210,0,0,,,,
powertraces-pt200array_pt220_r4_7536323_9-486809b730,2026-05-01T12:45:19.2Z,41.562,3,41.07,210,0,0,,,,
powertraces-pt200array_pt220_r4_7536323_9-486809b730,2026-05-01T12:45:19.3Z,41.662,0,37.48,210,0,0,,,,
powertraces-pt200array_pt220_r4_7536323_9-486809b730,2026-05-01T12:45:19.3Z,41.662,1,39.14,210,0,0,,,,
powertraces-pt200array_pt220_r4_7536323_9-486809b730,2026-05-01T12:45:19.3Z,41.662,2,37.66,210,0,0,,,,
powertraces-pt200array_pt220_r4_7536323_9-486809b730,2026-05-01T12:45:19.3Z,41.662,3,41.07,210,0,0,,,,
powertraces-pt200array_pt220_r4_7536323_9-486809b730,2026-05-01T12:45:19.4Z,41.762,0,37.48,210,0,0,,,,
powertraces-pt200array_pt220_r4_7536323_9-486809b730,2026-05-01T12:45:19.4Z,41.762,1,39.14,210,0,0,,,,
powertraces-pt200array_pt220_r4_7536323_9-486809b730,2026-05-01T12:45:19.4Z,41.762,2,37.66,210,0,0,,,,
powertraces-pt200array_pt220_r4_7536323_9-486809b730,2026-05-01T12:45:19.4Z,41.762,3,41.07,210,0,0,,,,
powertraces-pt200array_pt220_r4_7536323_9-486809b730,2026-05-01T12:45:19.5Z,41.862,0,37.48,210,0,0,,,,
powertraces-pt200array_pt220_r4_7536323_9-486809b730,2026-05-01T12:45:19.5Z,41.862,1,39.14,210,0,0,,,,
powertraces-pt200array_pt220_r4_7536323_9-486809b730,2026-05-01T12:45:19.5Z,41.862,2,37.66,210,0,0,,,,
powertraces-pt200array_pt220_r4_7536323_9-486809b730,2026-05-01T12:45:19.5Z,41.862,3,41.07,210,0,0,,,,
powertraces-pt200array_pt220_r4_7536323_9-486809b730,2026-05-01T12:45:19.6Z,41.962,0,37.48,210,0,0,,,,
powertraces-pt200array_pt220_r4_7536323_9-486809b730,2026-05-01T12:45:19.6Z,41.962,1,39.14,210,0,0,,,,
powertraces-pt200array_pt220_r4_7536323_9-486809b730,2026-05-01T12:45:19.6Z,41.962,2,37.66,210,0,0,,,,
powertraces-pt200array_pt220_r4_7536323_9-486809b730,2026-05-01T12:45:19.6Z,41.962,3,41.07,210,0,0,,,,
powertraces-pt200array_pt220_r4_7536323_9-486809b730,2026-05-01T12:45:19.701Z,42.063,0,37.41,210,0,0,,,,
powertraces-pt200array_pt220_r4_7536323_9-486809b730,2026-05-01T12:45:19.701Z,42.063,1,39.14,210,0,0,,,,
powertraces-pt200array_pt220_r4_7536323_9-486809b730,2026-05-01T12:45:19.701Z,42.063,2,37.66,210,0,0,,,,
powertraces-pt200array_pt220_r4_7536323_9-486809b730,2026-05-01T12:45:19.701Z,42.063,3,41.07,210,0,0,,,,
powertraces-pt200array_pt220_r4_7536323_9-486809b730,2026-05-01T12:45:19.801Z,42.163,0,37.41,210,0,0,,,,
powertraces-pt200array_pt220_r4_7536323_9-486809b730,2026-05-01T12:45:19.801Z,42.163,1,39.14,210,0,0,,,,
powertraces-pt200array_pt220_r4_7536323_9-486809b730,2026-05-01T12:45:19.801Z,42.163,2,37.66,210,0,0,,,,
powertraces-pt200array_pt220_r4_7536323_9-486809b730,2026-05-01T12:45:19.801Z,42.163,3,41.07,210,0,0,,,,
powertraces-pt200array_pt220_r4_7536323_9-486809b730,2026-05-01T12:45:19.901Z,42.263,0,37.41,210,0,0,,,,
powertraces-pt200array_pt220_r4_7536323_9-486809b730,2026-05-01T12:45:19.901Z,42.263,1,39.14,210,0,0,,,,
powertraces-pt200array_pt220_r4_7536323_9-486809b730,2026-05-01T12:45:19.901Z,42.263,2,37.66,210,0,0,,,,
powertraces-pt200array_pt220_r4_7536323_9-486809b730,2026-05-01T12:45:19.901Z,42.263,3,41.07,210,0,0,,,,
powertraces-pt200array_pt220_r4_7536323_9-486809b730,2026-05-01T12:45:20.001Z,42.363,0,37.41,210,0,0,,,,
powertraces-pt200array_pt220_r4_7536323_9-486809b730,2026-05-01T12:45:20.001Z,42.363,1,39.14,210,0,0,,,,
powertraces-pt200array_pt220_r4_7536323_9-486809b730,2026-05-01T12:45:20.001Z,42.363,2,37.66,210,0,0,,,,
powertraces-pt200array_pt220_r4_7536323_9-486809b730,2026-05-01T12:45:20.001Z,42.363,3,41.07,210,0,0,,,,
powertraces-pt200array_pt220_r4_7536323_9-486809b730,2026-05-01T12:45:20.101Z,42.463,0,37.41,210,0,0,,,,
powertraces-pt200array_pt220_r4_7536323_9-486809b730,2026-05-01T12:45:20.101Z,42.463,1,39.14,210,0,0,,,,
powertraces-pt200array_pt220_r4_7536323_9-486809b730,2026-05-01T12:45:20.101Z,42.463,2,37.66,210,0,0,,,,
powertraces-pt200array_pt220_r4_7536323_9-486809b730,2026-05-01T12:45:20.101Z,42.463,3,41.07,210,0,0,,,,
powertraces-pt200array_pt220_r4_7536323_9-486809b730,2026-05-01T12:45:20.201Z,42.563,0,37.41,210,0,0,,,,
powertraces-pt200array_pt220_r4_7536323_9-486809b730,2026-05-01T12:45:20.201Z,42.563,1,39.14,210,0,0,,,,
powertraces-pt200array_pt220_r4_7536323_9-486809b730,2026-05-01T12:45:20.201Z,42.563,2,37.66,210,0,0,,,,
powertraces-pt200array_pt220_r4_7536323_9-486809b730,2026-05-01T12:45:20.201Z,42.563,3,41.07,210,0,0,,,,
powertraces-pt200array_pt220_r4_7536323_9-486809b730,2026-05-01T12:45:20.301Z,42.663,0,37.41,210,0,0,,,,
powertraces-pt200array_pt220_r4_7536323_9-486809b730,2026-05-01T12:45:20.301Z,42.663,1,39.15,210,0,0,,,,
powertraces-pt200array_pt220_r4_7536323_9-486809b730,2026-05-01T12:45:20.301Z,42.663,2,37.66,210,0,0,,,,
powertraces-pt200array_pt220_r4_7536323_9-486809b730,2026-05-01T12:45:20.301Z,42.663,3,41.07,210,0,0,,,,
powertraces-pt200array_pt220_r4_7536323_9-486809b730,2026-05-01T12:45:20.402Z,42.764,0,37.41,210,0,0,,,,
powertraces-pt200array_pt220_r4_7536323_9-486809b730,2026-05-01T12:45:20.402Z,42.764,1,39.15,210,0,0,,,,
powertraces-pt200array_pt220_r4_7536323_9-486809b730,2026-05-01T12:45:20.402Z,42.764,2,37.66,210,0,0,,,,
powertraces-pt200array_pt220_r4_7536323_9-486809b730,2026-05-01T12:45:20.402Z,42.764,3,41.07,210,0,0,,,,
powertraces-pt200array_pt220_r4_7536323_9-486809b730,2026-05-01T12:45:20.502Z,42.864,0,37.41,210,0,0,,,,
powertraces-pt200array_pt220_r4_7536323_9-486809b730,2026-05-01T12:45:20.502Z,42.864,1,39.15,210,0,0,,,,
powertraces-pt200array_pt220_r4_7536323_9-486809b730,2026-05-01T12:45:20.502Z,42.864,2,37.66,210,0,0,,,,
powertraces-pt200array_pt220_r4_7536323_9-486809b730,2026-05-01T12:45:20.502Z,42.864,3,41.07,210,0,0,,,,
powertraces-pt200array_pt220_r4_7536323_9-486809b730,2026-05-01T12:45:20.602Z,42.964,0,37.41,210,0,0,,,,
powertraces-pt200array_pt220_r4_7536323_9-486809b730,2026-05-01T12:45:20.602Z,42.964,1,39.15,210,0,0,,,,
powertraces-pt200array_pt220_r4_7536323_9-486809b730,2026-05-01T12:45:20.602Z,42.964,2,37.66,210,0,0,,,,
powertraces-pt200array_pt220_r4_7536323_9-486809b730,2026-05-01T12:45:20.602Z,42.964,3,41.07,210,0,0,,,,
powertraces-pt200array_pt220_r4_7536323_9-486809b730,2026-05-01T12:45:20.702Z,43.064,0,37.41,210,0,0,,,,
powertraces-pt200array_pt220_r4_7536323_9-486809b730,2026-05-01T12:45:20.702Z,43.064,1,39.15,210,0,0,,,,
powertraces-pt200array_pt220_r4_7536323_9-486809b730,2026-05-01T12:45:20.702Z,43.064,2,37.66,210,0,0,,,,
powertraces-pt200array_pt220_r4_7536323_9-486809b730,2026-05-01T12:45:20.702Z,43.064,3,41.07,210,0,0,,,,
powertraces-pt200array_pt220_r4_7536323_9-486809b730,2026-05-01T12:45:20.802Z,43.164,0,37.41,210,0,0,,,,
powertraces-pt200array_pt220_r4_7536323_9-486809b730,2026-05-01T12:45:20.802Z,43.164,1,39.15,210,0,0,,,,
powertraces-pt200array_pt220_r4_7536323_9-486809b730,2026-05-01T12:45:20.802Z,43.164,2,37.66,210,0,0,,,,
powertraces-pt200array_pt220_r4_7536323_9-486809b730,2026-05-01T12:45:20.802Z,43.164,3,41.07,210,0,0,,,,
powertraces-pt200array_pt220_r4_7536323_9-486809b730,2026-05-01T12:45:20.902Z,43.264,0,37.41,210,0,0,,,,
powertraces-pt200array_pt220_r4_7536323_9-486809b730,2026-05-01T12:45:20.902Z,43.264,1,39.15,210,0,0,,,,
powertraces-pt200array_pt220_r4_7536323_9-486809b730,2026-05-01T12:45:20.902Z,43.264,2,37.66,210,0,0,,,,
powertraces-pt200array_pt220_r4_7536323_9-486809b730,2026-05-01T12:45:20.902Z,43.264,3,41.02,210,0,0,,,,
powertraces-pt200array_pt220_r4_7536323_9-486809b730,2026-05-01T12:45:21.002Z,43.364,0,37.41,210,0,0,,,,
powertraces-pt200array_pt220_r4_7536323_9-486809b730,2026-05-01T12:45:21.002Z,43.364,1,39.15,210,0,0,,,,
powertraces-pt200array_pt220_r4_7536323_9-486809b730,2026-05-01T12:45:21.002Z,43.364,2,37.66,210,0,0,,,,
powertraces-pt200array_pt220_r4_7536323_9-486809b730,2026-05-01T12:45:21.002Z,43.364,3,41.02,210,0,0,,,,
powertraces-pt200array_pt220_r4_7536323_9-486809b730,2026-05-01T12:45:21.102Z,43.464,0,37.41,210,0,0,,,,
powertraces-pt200array_pt220_r4_7536323_9-486809b730,2026-05-01T12:45:21.103Z,43.465,1,39.15,210,0,0,,,,
powertraces-pt200array_pt220_r4_7536323_9-486809b730,2026-05-01T12:45:21.103Z,43.465,2,37.66,210,0,0,,,,
powertraces-pt200array_pt220_r4_7536323_9-486809b730,2026-05-01T12:45:21.103Z,43.465,3,41.02,210,0,0,,,,
powertraces-pt200array_pt220_r4_7536323_9-486809b730,2026-05-01T12:45:21.203Z,43.565,0,37.41,210,0,0,,,,
powertraces-pt200array_pt220_r4_7536323_9-486809b730,2026-05-01T12:45:21.203Z,43.565,1,39.15,210,0,0,,,,
powertraces-pt200array_pt220_r4_7536323_9-486809b730,2026-05-01T12:45:21.203Z,43.565,2,37.66,210,0,0,,,,
powertraces-pt200array_pt220_r4_7536323_9-486809b730,2026-05-01T12:45:21.203Z,43.565,3,41.02,210,0,0,,,,
powertraces-pt200array_pt220_r4_7536323_9-486809b730,2026-05-01T12:45:21.303Z,43.665,0,37.41,210,0,0,,,,
powertraces-pt200array_pt220_r4_7536323_9-486809b730,2026-05-01T12:45:21.303Z,43.665,1,39.14,210,0,0,,,,
powertraces-pt200array_pt220_r4_7536323_9-486809b730,2026-05-01T12:45:21.303Z,43.665,2,37.66,210,0,0,,,,
powertraces-pt200array_pt220_r4_7536323_9-486809b730,2026-05-01T12:45:21.303Z,43.665,3,41.02,210,0,0,,,,
powertraces-pt200array_pt220_r4_7536323_9-486809b730,2026-05-01T12:45:21.403Z,43.765,0,37.41,210,0,0,,,,
powertraces-pt200array_pt220_r4_7536323_9-486809b730,2026-05-01T12:45:21.403Z,43.765,1,39.14,210,0,0,,,,
powertraces-pt200array_pt220_r4_7536323_9-486809b730,2026-05-01T12:45:21.403Z,43.765,2,37.66,210,0,0,,,,
powertraces-pt200array_pt220_r4_7536323_9-486809b730,2026-05-01T12:45:21.403Z,43.765,3,41.02,210,0,0,,,,
powertraces-pt200array_pt220_r4_7536323_9-486809b730,2026-05-01T12:45:21.503Z,43.865,0,37.41,210,0,0,,,,
powertraces-pt200array_pt220_r4_7536323_9-486809b730,2026-05-01T12:45:21.503Z,43.865,1,39.14,210,0,0,,,,
powertraces-pt200array_pt220_r4_7536323_9-486809b730,2026-05-01T12:45:21.503Z,43.865,2,37.66,210,0,0,,,,
powertraces-pt200array_pt220_r4_7536323_9-486809b730,2026-05-01T12:45:21.503Z,43.865,3,41.02,210,0,0,,,,
powertraces-pt200array_pt220_r4_7536323_9-486809b730,2026-05-01T12:45:21.603Z,43.965,0,37.41,210,0,0,,,,
powertraces-pt200array_pt220_r4_7536323_9-486809b730,2026-05-01T12:45:21.603Z,43.965,1,39.14,210,0,0,,,,
powertraces-pt200array_pt220_r4_7536323_9-486809b730,2026-05-01T12:45:21.603Z,43.965,2,37.66,210,0,0,,,,
powertraces-pt200array_pt220_r4_7536323_9-486809b730,2026-05-01T12:45:21.603Z,43.965,3,41.02,210,0,0,,,,
powertraces-pt200array_pt220_r4_7536323_9-486809b730,2026-05-01T12:45:21.703Z,44.065,0,37.41,210,0,0,,,,
powertraces-pt200array_pt220_r4_7536323_9-486809b730,2026-05-01T12:45:21.703Z,44.065,1,39.14,210,0,0,,,,
powertraces-pt200array_pt220_r4_7536323_9-486809b730,2026-05-01T12:45:21.703Z,44.065,2,37.66,210,0,0,,,,
powertraces-pt200array_pt220_r4_7536323_9-486809b730,2026-05-01T12:45:21.703Z,44.065,3,41.02,210,0,0,,,,
powertraces-pt200array_pt220_r4_7536323_9-486809b730,2026-05-01T12:45:21.804Z,44.166,0,37.41,210,0,0,,,,
powertraces-pt200array_pt220_r4_7536323_9-486809b730,2026-05-01T12:45:21.804Z,44.166,1,39.14,210,0,0,,,,
powertraces-pt200array_pt220_r4_7536323_9-486809b730,2026-05-01T12:45:21.804Z,44.166,2,37.66,210,0,0,,,,
powertraces-pt200array_pt220_r4_7536323_9-486809b730,2026-05-01T12:45:21.804Z,44.166,3,41.02,210,0,0,,,,
powertraces-pt200array_pt220_r4_7536323_9-486809b730,2026-05-01T12:45:21.904Z,44.266,0,37.41,210,0,0,,,,
powertraces-pt200array_pt220_r4_7536323_9-486809b730,2026-05-01T12:45:21.904Z,44.266,1,39.14,210,0,0,,,,
powertraces-pt200array_pt220_r4_7536323_9-486809b730,2026-05-01T12:45:21.904Z,44.266,2,37.66,210,0,0,,,,
powertraces-pt200array_pt220_r4_7536323_9-486809b730,2026-05-01T12:45:21.904Z,44.266,3,41.02,210,0,0,,,,
powertraces-pt200array_pt220_r4_7536323_9-486809b730,2026-05-01T12:45:22.004Z,44.366,0,37.41,210,0,0,,,,
powertraces-pt200array_pt220_r4_7536323_9-486809b730,2026-05-01T12:45:22.004Z,44.366,1,39.14,210,0,0,,,,
powertraces-pt200array_pt220_r4_7536323_9-486809b730,2026-05-01T12:45:22.004Z,44.366,2,37.66,210,0,0,,,,
powertraces-pt200array_pt220_r4_7536323_9-486809b730,2026-05-01T12:45:22.004Z,44.366,3,41.02,210,0,0,,,,
powertraces-pt200array_pt220_r4_7536323_9-486809b730,2026-05-01T12:45:22.104Z,44.466,0,37.41,210,0,0,,,,
powertraces-pt200array_pt220_r4_7536323_9-486809b730,2026-05-01T12:45:22.104Z,44.466,1,39.14,210,0,0,,,,
powertraces-pt200array_pt220_r4_7536323_9-486809b730,2026-05-01T12:45:22.104Z,44.466,2,37.66,210,0,0,,,,
powertraces-pt200array_pt220_r4_7536323_9-486809b730,2026-05-01T12:45:22.104Z,44.466,3,41.02,210,0,0,,,,
powertraces-pt200array_pt220_r4_7536323_9-486809b730,2026-05-01T12:45:22.204Z,44.566,0,37.41,210,0,0,,,,
powertraces-pt200array_pt220_r4_7536323_9-486809b730,2026-05-01T12:45:22.204Z,44.566,1,39.14,210,0,0,,,,
powertraces-pt200array_pt220_r4_7536323_9-486809b730,2026-05-01T12:45:22.204Z,44.566,2,37.66,210,0,0,,,,
powertraces-pt200array_pt220_r4_7536323_9-486809b730,2026-05-01T12:45:22.204Z,44.566,3,41.02,210,0,0,,,,
powertraces-pt200array_pt220_r4_7536323_9-486809b730,2026-05-01T12:45:22.304Z,44.666,0,37.41,210,0,0,,,,
powertraces-pt200array_pt220_r4_7536323_9-486809b730,2026-05-01T12:45:22.304Z,44.666,1,39.01,210,0,0,,,,
powertraces-pt200array_pt220_r4_7536323_9-486809b730,2026-05-01T12:45:22.304Z,44.666,2,37.66,210,0,0,,,,
powertraces-pt200array_pt220_r4_7536323_9-486809b730,2026-05-01T12:45:22.304Z,44.666,3,41.02,210,0,0,,,,
powertraces-pt200array_pt220_r4_7536323_9-486809b730,2026-05-01T12:45:22.405Z,44.767,0,37.41,210,0,0,,,,
powertraces-pt200array_pt220_r4_7536323_9-486809b730,2026-05-01T12:45:22.405Z,44.767,1,39.01,210,0,0,,,,
powertraces-pt200array_pt220_r4_7536323_9-486809b730,2026-05-01T12:45:22.405Z,44.767,2,37.66,210,0,0,,,,
powertraces-pt200array_pt220_r4_7536323_9-486809b730,2026-05-01T12:45:22.405Z,44.767,3,41.02,210,0,0,,,,
powertraces-pt200array_pt220_r4_7536323_9-486809b730,2026-05-01T12:45:22.505Z,44.867,0,37.41,210,0,0,,,,
powertraces-pt200array_pt220_r4_7536323_9-486809b730,2026-05-01T12:45:22.505Z,44.867,1,39.01,210,0,0,,,,
powertraces-pt200array_pt220_r4_7536323_9-486809b730,2026-05-01T12:45:22.505Z,44.867,2,37.66,210,0,0,,,,
powertraces-pt200array_pt220_r4_7536323_9-486809b730,2026-05-01T12:45:22.505Z,44.867,3,41.02,210,0,0,,,,
powertraces-pt200array_pt220_r4_7536323_9-486809b730,2026-05-01T12:45:22.605Z,44.967,0,37.41,210,0,0,,,,
powertraces-pt200array_pt220_r4_7536323_9-486809b730,2026-05-01T12:45:22.605Z,44.967,1,39.01,210,0,0,,,,
powertraces-pt200array_pt220_r4_7536323_9-486809b730,2026-05-01T12:45:22.605Z,44.967,2,37.66,210,0,0,,,,
powertraces-pt200array_pt220_r4_7536323_9-486809b730,2026-05-01T12:45:22.605Z,44.967,3,41.02,210,0,0,,,,
powertraces-pt200array_pt220_r4_7536323_9-486809b730,2026-05-01T12:45:22.705Z,45.067,0,37.41,210,0,0,,,,
powertraces-pt200array_pt220_r4_7536323_9-486809b730,2026-05-01T12:45:22.705Z,45.067,1,39.01,210,0,0,,,,
powertraces-pt200array_pt220_r4_7536323_9-486809b730,2026-05-01T12:45:22.705Z,45.067,2,37.66,210,0,0,,,,
powertraces-pt200array_pt220_r4_7536323_9-486809b730,2026-05-01T12:45:22.705Z,45.067,3,41.02,210,0,0,,,,
powertraces-pt200array_pt220_r4_7536323_9-486809b730,2026-05-01T12:45:22.805Z,45.167,0,37.41,210,0,0,,,,
powertraces-pt200array_pt220_r4_7536323_9-486809b730,2026-05-01T12:45:22.805Z,45.167,1,39.01,210,0,0,,,,
powertraces-pt200array_pt220_r4_7536323_9-486809b730,2026-05-01T12:45:22.805Z,45.167,2,37.66,210,0,0,,,,
powertraces-pt200array_pt220_r4_7536323_9-486809b730,2026-05-01T12:45:22.805Z,45.167,3,41.02,210,0,0,,,,
powertraces-pt200array_pt220_r4_7536323_9-486809b730,2026-05-01T12:45:22.905Z,45.267,0,37.41,210,0,0,,,,
powertraces-pt200array_pt220_r4_7536323_9-486809b730,2026-05-01T12:45:22.905Z,45.267,1,39.01,210,0,0,,,,
powertraces-pt200array_pt220_r4_7536323_9-486809b730,2026-05-01T12:45:22.905Z,45.267,2,37.66,210,0,0,,,,
powertraces-pt200array_pt220_r4_7536323_9-486809b730,2026-05-01T12:45:22.905Z,45.267,3,41.02,210,0,0,,,,
powertraces-pt200array_pt220_r4_7536323_9-486809b730,2026-05-01T12:45:23.005Z,45.367,0,37.41,210,0,0,,,,
powertraces-pt200array_pt220_r4_7536323_9-486809b730,2026-05-01T12:45:23.005Z,45.367,1,39.01,210,0,0,,,,
powertraces-pt200array_pt220_r4_7536323_9-486809b730,2026-05-01T12:45:23.005Z,45.367,2,37.66,210,0,0,,,,
powertraces-pt200array_pt220_r4_7536323_9-486809b730,2026-05-01T12:45:23.005Z,45.367,3,41.02,210,0,0,,,,
powertraces-pt200array_pt220_r4_7536323_9-486809b730,2026-05-01T12:45:23.106Z,45.468,0,37.41,210,0,0,,,,
powertraces-pt200array_pt220_r4_7536323_9-486809b730,2026-05-01T12:45:23.106Z,45.468,1,39.01,210,0,0,,,,
powertraces-pt200array_pt220_r4_7536323_9-486809b730,2026-05-01T12:45:23.106Z,45.468,2,37.66,210,0,0,,,,
powertraces-pt200array_pt220_r4_7536323_9-486809b730,2026-05-01T12:45:23.106Z,45.468,3,41.02,210,0,0,,,,
powertraces-pt200array_pt220_r4_7536323_9-486809b730,2026-05-01T12:45:23.206Z,45.568,0,37.41,210,0,0,,,,
powertraces-pt200array_pt220_r4_7536323_9-486809b730,2026-05-01T12:45:23.206Z,45.568,1,39.01,210,0,0,,,,
powertraces-pt200array_pt220_r4_7536323_9-486809b730,2026-05-01T12:45:23.206Z,45.568,2,37.66,210,0,0,,,,
powertraces-pt200array_pt220_r4_7536323_9-486809b730,2026-05-01T12:45:23.206Z,45.568,3,41.02,210,0,0,,,,
powertraces-pt200array_pt220_r4_7536323_9-486809b730,2026-05-01T12:45:23.306Z,45.668,0,37.41,210,0,0,,,,
powertraces-pt200array_pt220_r4_7536323_9-486809b730,2026-05-01T12:45:23.306Z,45.668,1,38.88,210,0,0,,,,
powertraces-pt200array_pt220_r4_7536323_9-486809b730,2026-05-01T12:45:23.306Z,45.668,2,37.66,210,0,0,,,,
powertraces-pt200array_pt220_r4_7536323_9-486809b730,2026-05-01T12:45:23.306Z,45.668,3,41.02,210,0,0,,,,
powertraces-pt200array_pt220_r4_7536323_9-486809b730,2026-05-01T12:45:23.406Z,45.768,0,37.41,210,0,0,,,,
powertraces-pt200array_pt220_r4_7536323_9-486809b730,2026-05-01T12:45:23.406Z,45.768,1,38.88,210,0,0,,,,
powertraces-pt200array_pt220_r4_7536323_9-486809b730,2026-05-01T12:45:23.406Z,45.768,2,37.66,210,0,0,,,,
powertraces-pt200array_pt220_r4_7536323_9-486809b730,2026-05-01T12:45:23.406Z,45.768,3,41.02,210,0,0,,,,
powertraces-pt200array_pt220_r4_7536323_9-486809b730,2026-05-01T12:45:23.506Z,45.868,0,37.41,210,0,0,,,,
powertraces-pt200array_pt220_r4_7536323_9-486809b730,2026-05-01T12:45:23.506Z,45.868,1,38.88,210,0,0,,,,
powertraces-pt200array_pt220_r4_7536323_9-486809b730,2026-05-01T12:45:23.506Z,45.868,2,37.66,210,0,0,,,,
powertraces-pt200array_pt220_r4_7536323_9-486809b730,2026-05-01T12:45:23.506Z,45.868,3,41.02,210,0,0,,,,
powertraces-pt200array_pt220_r4_7536323_9-486809b730,2026-05-01T12:45:23.606Z,45.968,0,37.41,210,0,0,,,,
powertraces-pt200array_pt220_r4_7536323_9-486809b730,2026-05-01T12:45:23.606Z,45.968,1,38.88,210,0,0,,,,
powertraces-pt200array_pt220_r4_7536323_9-486809b730,2026-05-01T12:45:23.606Z,45.968,2,37.66,210,0,0,,,,
powertraces-pt200array_pt220_r4_7536323_9-486809b730,2026-05-01T12:45:23.606Z,45.968,3,41.02,210,0,0,,,,
powertraces-pt200array_pt220_r4_7536323_9-486809b730,2026-05-01T12:45:23.706Z,46.068,0,37.41,210,0,0,,,,
powertraces-pt200array_pt220_r4_7536323_9-486809b730,2026-05-01T12:45:23.706Z,46.068,1,38.88,210,0,0,,,,
powertraces-pt200array_pt220_r4_7536323_9-486809b730,2026-05-01T12:45:23.706Z,46.068,2,37.66,210,0,0,,,,
powertraces-pt200array_pt220_r4_7536323_9-486809b730,2026-05-01T12:45:23.706Z,46.068,3,41.02,210,0,0,,,,
powertraces-pt200array_pt220_r4_7536323_9-486809b730,2026-05-01T12:45:23.806Z,46.168,0,37.41,210,0,0,,,,
powertraces-pt200array_pt220_r4_7536323_9-486809b730,2026-05-01T12:45:23.806Z,46.168,1,38.88,210,0,0,,,,
powertraces-pt200array_pt220_r4_7536323_9-486809b730,2026-05-01T12:45:23.806Z,46.168,2,37.66,210,0,0,,,,
powertraces-pt200array_pt220_r4_7536323_9-486809b730,2026-05-01T12:45:23.806Z,46.168,3,41.02,210,0,0,,,,
powertraces-pt200array_pt220_r4_7536323_9-486809b730,2026-05-01T12:45:23.907Z,46.269,0,37.41,210,0,0,,,,
powertraces-pt200array_pt220_r4_7536323_9-486809b730,2026-05-01T12:45:23.907Z,46.269,1,38.88,210,0,0,,,,
powertraces-pt200array_pt220_r4_7536323_9-486809b730,2026-05-01T12:45:23.907Z,46.269,2,37.66,210,0,0,,,,
powertraces-pt200array_pt220_r4_7536323_9-486809b730,2026-05-01T12:45:23.907Z,46.269,3,41.02,210,0,0,,,,
powertraces-pt200array_pt220_r4_7536323_9-486809b730,2026-05-01T12:45:24.007Z,46.369,0,37.41,210,0,0,,,,
powertraces-pt200array_pt220_r4_7536323_9-486809b730,2026-05-01T12:45:24.007Z,46.369,1,38.88,210,0,0,,,,
powertraces-pt200array_pt220_r4_7536323_9-486809b730,2026-05-01T12:45:24.007Z,46.369,2,37.66,210,0,0,,,,
powertraces-pt200array_pt220_r4_7536323_9-486809b730,2026-05-01T12:45:24.007Z,46.369,3,41.02,210,0,0,,,,
powertraces-pt200array_pt220_r4_7536323_9-486809b730,2026-05-01T12:45:24.107Z,46.469,0,37.41,210,0,0,,,,
powertraces-pt200array_pt220_r4_7536323_9-486809b730,2026-05-01T12:45:24.107Z,46.469,1,38.88,210,0,0,,,,
powertraces-pt200array_pt220_r4_7536323_9-486809b730,2026-05-01T12:45:24.107Z,46.469,2,37.66,210,0,0,,,,
powertraces-pt200array_pt220_r4_7536323_9-486809b730,2026-05-01T12:45:24.107Z,46.469,3,41.02,210,0,0,,,,
powertraces-pt200array_pt220_r4_7536323_9-486809b730,2026-05-01T12:45:24.207Z,46.569,0,37.41,210,0,0,,,,
powertraces-pt200array_pt220_r4_7536323_9-486809b730,2026-05-01T12:45:24.207Z,46.569,1,38.88,210,0,0,,,,
powertraces-pt200array_pt220_r4_7536323_9-486809b730,2026-05-01T12:45:24.207Z,46.569,2,37.66,210,0,0,,,,
powertraces-pt200array_pt220_r4_7536323_9-486809b730,2026-05-01T12:45:24.207Z,46.569,3,41.02,210,0,0,,,,
powertraces-pt200array_pt220_r4_7536323_9-486809b730,2026-05-01T12:45:24.307Z,46.669,0,37.41,210,0,0,,,,
powertraces-pt200array_pt220_r4_7536323_9-486809b730,2026-05-01T12:45:24.307Z,46.669,1,38.88,210,0,0,,,,
powertraces-pt200array_pt220_r4_7536323_9-486809b730,2026-05-01T12:45:24.307Z,46.669,2,37.66,210,0,0,,,,
powertraces-pt200array_pt220_r4_7536323_9-486809b730,2026-05-01T12:45:24.307Z,46.669,3,41.02,210,0,0,,,,
powertraces-pt200array_pt220_r4_7536323_9-486809b730,2026-05-01T12:45:24.407Z,46.769,0,37.41,210,0,0,,,,
powertraces-pt200array_pt220_r4_7536323_9-486809b730,2026-05-01T12:45:24.407Z,46.769,1,38.88,210,0,0,,,,
powertraces-pt200array_pt220_r4_7536323_9-486809b730,2026-05-01T12:45:24.407Z,46.769,2,37.66,210,0,0,,,,
powertraces-pt200array_pt220_r4_7536323_9-486809b730,2026-05-01T12:45:24.407Z,46.769,3,41.02,210,0,0,,,,
powertraces-pt200array_pt220_r4_7536323_9-486809b730,2026-05-01T12:45:24.507Z,46.869,0,37.41,210,0,0,,,,
powertraces-pt200array_pt220_r4_7536323_9-486809b730,2026-05-01T12:45:24.507Z,46.869,1,38.88,210,0,0,,,,
powertraces-pt200array_pt220_r4_7536323_9-486809b730,2026-05-01T12:45:24.507Z,46.869,2,37.66,210,0,0,,,,
powertraces-pt200array_pt220_r4_7536323_9-486809b730,2026-05-01T12:45:24.507Z,46.869,3,41.02,210,0,0,,,,
powertraces-pt200array_pt220_r4_7536323_9-486809b730,2026-05-01T12:45:24.608Z,46.97,0,37.41,210,0,0,,,,
powertraces-pt200array_pt220_r4_7536323_9-486809b730,2026-05-01T12:45:24.608Z,46.97,1,38.88,210,0,0,,,,
powertraces-pt200array_pt220_r4_7536323_9-486809b730,2026-05-01T12:45:24.608Z,46.97,2,37.66,210,0,0,,,,
powertraces-pt200array_pt220_r4_7536323_9-486809b730,2026-05-01T12:45:24.608Z,46.97,3,41.02,210,0,0,,,,
powertraces-pt200array_pt220_r4_7536323_9-486809b730,2026-05-01T12:45:24.708Z,47.07,0,37.36,210,0,0,,,,
powertraces-pt200array_pt220_r4_7536323_9-486809b730,2026-05-01T12:45:24.708Z,47.07,1,38.88,210,0,0,,,,
powertraces-pt200array_pt220_r4_7536323_9-486809b730,2026-05-01T12:45:24.708Z,47.07,2,37.66,210,0,0,,,,
powertraces-pt200array_pt220_r4_7536323_9-486809b730,2026-05-01T12:45:24.708Z,47.07,3,41.02,210,0,0,,,,
powertraces-pt200array_pt220_r4_7536323_9-486809b730,2026-05-01T12:45:24.808Z,47.17,0,37.36,210,0,0,,,,
powertraces-pt200array_pt220_r4_7536323_9-486809b730,2026-05-01T12:45:24.808Z,47.17,1,38.88,210,0,0,,,,
powertraces-pt200array_pt220_r4_7536323_9-486809b730,2026-05-01T12:45:24.808Z,47.17,2,37.66,210,0,0,,,,
powertraces-pt200array_pt220_r4_7536323_9-486809b730,2026-05-01T12:45:24.808Z,47.17,3,41.02,210,0,0,,,,
powertraces-pt200array_pt220_r4_7536323_9-486809b730,2026-05-01T12:45:24.908Z,47.27,0,37.36,210,0,0,,,,
powertraces-pt200array_pt220_r4_7536323_9-486809b730,2026-05-01T12:45:24.908Z,47.27,1,38.88,210,0,0,,,,
powertraces-pt200array_pt220_r4_7536323_9-486809b730,2026-05-01T12:45:24.908Z,47.27,2,37.66,210,0,0,,,,
powertraces-pt200array_pt220_r4_7536323_9-486809b730,2026-05-01T12:45:24.908Z,47.27,3,41.02,210,0,0,,,,
powertraces-pt200array_pt220_r4_7536323_9-486809b730,2026-05-01T12:45:25.008Z,47.37,0,37.36,210,0,0,,,,
powertraces-pt200array_pt220_r4_7536323_9-486809b730,2026-05-01T12:45:25.008Z,47.37,1,38.88,210,0,0,,,,
powertraces-pt200array_pt220_r4_7536323_9-486809b730,2026-05-01T12:45:25.008Z,47.37,2,37.66,210,0,0,,,,
powertraces-pt200array_pt220_r4_7536323_9-486809b730,2026-05-01T12:45:25.008Z,47.37,3,41.02,210,0,0,,,,
powertraces-pt200array_pt220_r4_7536323_9-486809b730,2026-05-01T12:45:25.108Z,47.47,0,37.36,210,0,0,,,,
powertraces-pt200array_pt220_r4_7536323_9-486809b730,2026-05-01T12:45:25.108Z,47.47,1,38.88,210,0,0,,,,
powertraces-pt200array_pt220_r4_7536323_9-486809b730,2026-05-01T12:45:25.108Z,47.47,2,37.66,210,0,0,,,,
powertraces-pt200array_pt220_r4_7536323_9-486809b730,2026-05-01T12:45:25.108Z,47.47,3,41.02,210,0,0,,,,
powertraces-pt200array_pt220_r4_7536323_9-486809b730,2026-05-01T12:45:25.208Z,47.57,0,37.36,210,0,0,,,,
powertraces-pt200array_pt220_r4_7536323_9-486809b730,2026-05-01T12:45:25.208Z,47.57,1,38.88,210,0,0,,,,
powertraces-pt200array_pt220_r4_7536323_9-486809b730,2026-05-01T12:45:25.208Z,47.57,2,37.66,210,0,0,,,,
powertraces-pt200array_pt220_r4_7536323_9-486809b730,2026-05-01T12:45:25.208Z,47.57,3,41.02,210,0,0,,,,
powertraces-pt200array_pt220_r4_7536323_9-486809b730,2026-05-01T12:45:25.308Z,47.67,0,37.36,210,0,0,,,,
powertraces-pt200array_pt220_r4_7536323_9-486809b730,2026-05-01T12:45:25.308Z,47.67,1,38.9,210,0,0,,,,
powertraces-pt200array_pt220_r4_7536323_9-486809b730,2026-05-01T12:45:25.308Z,47.67,2,37.66,210,0,0,,,,
powertraces-pt200array_pt220_r4_7536323_9-486809b730,2026-05-01T12:45:25.308Z,47.67,3,41.02,210,0,0,,,,
powertraces-pt200array_pt220_r4_7536323_9-486809b730,2026-05-01T12:45:25.409Z,47.771,0,37.36,210,0,0,,,,
powertraces-pt200array_pt220_r4_7536323_9-486809b730,2026-05-01T12:45:25.409Z,47.771,1,38.9,210,0,0,,,,
powertraces-pt200array_pt220_r4_7536323_9-486809b730,2026-05-01T12:45:25.409Z,47.771,2,37.66,210,0,0,,,,
powertraces-pt200array_pt220_r4_7536323_9-486809b730,2026-05-01T12:45:25.409Z,47.771,3,41.02,210,0,0,,,,
powertraces-pt200array_pt220_r4_7536323_9-486809b730,2026-05-01T12:45:25.509Z,47.871,0,37.36,210,0,0,,,,
powertraces-pt200array_pt220_r4_7536323_9-486809b730,2026-05-01T12:45:25.509Z,47.871,1,38.9,210,0,0,,,,
powertraces-pt200array_pt220_r4_7536323_9-486809b730,2026-05-01T12:45:25.509Z,47.871,2,37.66,210,0,0,,,,
powertraces-pt200array_pt220_r4_7536323_9-486809b730,2026-05-01T12:45:25.509Z,47.871,3,41.02,210,0,0,,,,
powertraces-pt200array_pt220_r4_7536323_9-486809b730,2026-05-01T12:45:25.609Z,47.971,0,37.36,210,0,0,,,,
powertraces-pt200array_pt220_r4_7536323_9-486809b730,2026-05-01T12:45:25.609Z,47.971,1,38.9,210,0,0,,,,
powertraces-pt200array_pt220_r4_7536323_9-486809b730,2026-05-01T12:45:25.609Z,47.971,2,37.66,210,0,0,,,,
powertraces-pt200array_pt220_r4_7536323_9-486809b730,2026-05-01T12:45:25.609Z,47.971,3,41.02,210,0,0,,,,
powertraces-pt200array_pt220_r4_7536323_9-486809b730,2026-05-01T12:45:25.709Z,48.071,0,37.36,210,0,0,,,,
powertraces-pt200array_pt220_r4_7536323_9-486809b730,2026-05-01T12:45:25.709Z,48.071,1,38.9,210,0,0,,,,
powertraces-pt200array_pt220_r4_7536323_9-486809b730,2026-05-01T12:45:25.709Z,48.071,2,37.66,210,0,0,,,,
powertraces-pt200array_pt220_r4_7536323_9-486809b730,2026-05-01T12:45:25.709Z,48.071,3,41.02,210,0,0,,,,
powertraces-pt200array_pt220_r4_7536323_9-486809b730,2026-05-01T12:45:25.809Z,48.171,0,37.36,210,0,0,,,,
powertraces-pt200array_pt220_r4_7536323_9-486809b730,2026-05-01T12:45:25.809Z,48.171,1,38.9,210,0,0,,,,
powertraces-pt200array_pt220_r4_7536323_9-486809b730,2026-05-01T12:45:25.809Z,48.171,2,37.66,210,0,0,,,,
powertraces-pt200array_pt220_r4_7536323_9-486809b730,2026-05-01T12:45:25.809Z,48.171,3,41.02,210,0,0,,,,
powertraces-pt200array_pt220_r4_7536323_9-486809b730,2026-05-01T12:45:25.909Z,48.271,0,37.36,210,0,0,,,,
powertraces-pt200array_pt220_r4_7536323_9-486809b730,2026-05-01T12:45:25.909Z,48.271,1,38.9,210,0,0,,,,
powertraces-pt200array_pt220_r4_7536323_9-486809b730,2026-05-01T12:45:25.909Z,48.271,2,37.66,210,0,0,,,,
powertraces-pt200array_pt220_r4_7536323_9-486809b730,2026-05-01T12:45:25.909Z,48.271,3,41.02,210,0,0,,,,
powertraces-pt200array_pt220_r4_7536323_9-486809b730,2026-05-01T12:45:26.009Z,48.371,0,37.36,210,0,0,,,,
powertraces-pt200array_pt220_r4_7536323_9-486809b730,2026-05-01T12:45:26.009Z,48.371,1,38.9,210,0,0,,,,
powertraces-pt200array_pt220_r4_7536323_9-486809b730,2026-05-01T12:45:26.009Z,48.371,2,37.66,210,0,0,,,,
powertraces-pt200array_pt220_r4_7536323_9-486809b730,2026-05-01T12:45:26.009Z,48.371,3,41.02,210,0,0,,,,
powertraces-pt200array_pt220_r4_7536323_9-486809b730,2026-05-01T12:45:26.109Z,48.471,0,37.36,210,0,0,,,,
powertraces-pt200array_pt220_r4_7536323_9-486809b730,2026-05-01T12:45:26.109Z,48.471,1,38.9,210,0,0,,,,
powertraces-pt200array_pt220_r4_7536323_9-486809b730,2026-05-01T12:45:26.109Z,48.471,2,37.66,210,0,0,,,,
powertraces-pt200array_pt220_r4_7536323_9-486809b730,2026-05-01T12:45:26.109Z,48.471,3,41.02,210,0,0,,,,
powertraces-pt200array_pt220_r4_7536323_9-486809b730,2026-05-01T12:45:26.21Z,48.572,0,37.36,210,0,0,,,,
powertraces-pt200array_pt220_r4_7536323_9-486809b730,2026-05-01T12:45:26.21Z,48.572,1,38.9,210,0,0,,,,
powertraces-pt200array_pt220_r4_7536323_9-486809b730,2026-05-01T12:45:26.21Z,48.572,2,37.66,210,0,0,,,,
powertraces-pt200array_pt220_r4_7536323_9-486809b730,2026-05-01T12:45:26.21Z,48.572,3,41.02,210,0,0,,,,
powertraces-pt200array_pt220_r4_7536323_9-486809b730,2026-05-01T12:45:26.31Z,48.672,0,37.36,210,0,0,,,,
powertraces-pt200array_pt220_r4_7536323_9-486809b730,2026-05-01T12:45:26.31Z,48.672,1,38.9,210,0,0,,,,
powertraces-pt200array_pt220_r4_7536323_9-486809b730,2026-05-01T12:45:26.31Z,48.672,2,37.66,210,0,0,,,,
powertraces-pt200array_pt220_r4_7536323_9-486809b730,2026-05-01T12:45:26.31Z,48.672,3,41.02,210,0,0,,,,
powertraces-pt200array_pt220_r4_7536323_9-486809b730,2026-05-01T12:45:26.41Z,48.772,0,37.36,210,0,0,,,,
powertraces-pt200array_pt220_r4_7536323_9-486809b730,2026-05-01T12:45:26.41Z,48.772,1,38.9,210,0,0,,,,
powertraces-pt200array_pt220_r4_7536323_9-486809b730,2026-05-01T12:45:26.41Z,48.772,2,37.66,210,0,0,,,,
powertraces-pt200array_pt220_r4_7536323_9-486809b730,2026-05-01T12:45:26.41Z,48.772,3,41.02,210,0,0,,,,
powertraces-pt200array_pt220_r4_7536323_9-486809b730,2026-05-01T12:45:26.51Z,48.872,0,37.36,210,0,0,,,,
powertraces-pt200array_pt220_r4_7536323_9-486809b730,2026-05-01T12:45:26.51Z,48.872,1,38.9,210,0,0,,,,
powertraces-pt200array_pt220_r4_7536323_9-486809b730,2026-05-01T12:45:26.51Z,48.872,2,37.66,210,0,0,,,,
powertraces-pt200array_pt220_r4_7536323_9-486809b730,2026-05-01T12:45:26.51Z,48.872,3,41.02,210,0,0,,,,
powertraces-pt200array_pt220_r4_7536323_9-486809b730,2026-05-01T12:45:26.61Z,48.972,0,37.36,210,0,0,,,,
powertraces-pt200array_pt220_r4_7536323_9-486809b730,2026-05-01T12:45:26.61Z,48.972,1,38.9,210,0,0,,,,
powertraces-pt200array_pt220_r4_7536323_9-486809b730,2026-05-01T12:45:26.61Z,48.972,2,37.66,210,0,0,,,,
powertraces-pt200array_pt220_r4_7536323_9-486809b730,2026-05-01T12:45:26.61Z,48.972,3,41.02,210,0,0,,,,
powertraces-pt200array_pt220_r4_7536323_9-486809b730,2026-05-01T12:45:26.71Z,49.072,0,37.41,210,0,0,,,,
powertraces-pt200array_pt220_r4_7536323_9-486809b730,2026-05-01T12:45:26.71Z,49.072,1,38.9,210,0,0,,,,
powertraces-pt200array_pt220_r4_7536323_9-486809b730,2026-05-01T12:45:26.71Z,49.072,2,37.66,210,0,0,,,,
powertraces-pt200array_pt220_r4_7536323_9-486809b730,2026-05-01T12:45:26.71Z,49.072,3,41.02,210,0,0,,,,
powertraces-pt200array_pt220_r4_7536323_9-486809b730,2026-05-01T12:45:26.81Z,49.172,0,37.41,210,0,0,,,,
powertraces-pt200array_pt220_r4_7536323_9-486809b730,2026-05-01T12:45:26.81Z,49.172,1,38.9,210,0,0,,,,
powertraces-pt200array_pt220_r4_7536323_9-486809b730,2026-05-01T12:45:26.81Z,49.172,2,37.66,210,0,0,,,,
powertraces-pt200array_pt220_r4_7536323_9-486809b730,2026-05-01T12:45:26.81Z,49.172,3,41.02,210,0,0,,,,
powertraces-pt200array_pt220_r4_7536323_9-486809b730,2026-05-01T12:45:26.91Z,49.272,0,37.41,210,0,0,,,,
powertraces-pt200array_pt220_r4_7536323_9-486809b730,2026-05-01T12:45:26.911Z,49.273,1,38.9,210,0,0,,,,
powertraces-pt200array_pt220_r4_7536323_9-486809b730,2026-05-01T12:45:26.911Z,49.273,2,37.66,210,0,0,,,,
powertraces-pt200array_pt220_r4_7536323_9-486809b730,2026-05-01T12:45:26.911Z,49.273,3,41.02,210,0,0,,,,
powertraces-pt200array_pt220_r4_7536323_9-486809b730,2026-05-01T12:45:27.011Z,49.373,0,37.41,210,0,0,,,,
powertraces-pt200array_pt220_r4_7536323_9-486809b730,2026-05-01T12:45:27.011Z,49.373,1,38.9,210,0,0,,,,
powertraces-pt200array_pt220_r4_7536323_9-486809b730,2026-05-01T12:45:27.011Z,49.373,2,37.66,210,0,0,,,,
powertraces-pt200array_pt220_r4_7536323_9-486809b730,2026-05-01T12:45:27.011Z,49.373,3,41.02,210,0,0,,,,
powertraces-pt200array_pt220_r4_7536323_9-486809b730,2026-05-01T12:45:27.111Z,49.473,0,37.41,210,0,0,,,,
powertraces-pt200array_pt220_r4_7536323_9-486809b730,2026-05-01T12:45:27.111Z,49.473,1,38.9,210,0,0,,,,
powertraces-pt200array_pt220_r4_7536323_9-486809b730,2026-05-01T12:45:27.111Z,49.473,2,37.66,210,0,0,,,,
powertraces-pt200array_pt220_r4_7536323_9-486809b730,2026-05-01T12:45:27.111Z,49.473,3,41.02,210,0,0,,,,
powertraces-pt200array_pt220_r4_7536323_9-486809b730,2026-05-01T12:45:27.211Z,49.573,0,37.41,210,0,0,,,,
powertraces-pt200array_pt220_r4_7536323_9-486809b730,2026-05-01T12:45:27.211Z,49.573,1,38.9,210,0,0,,,,
powertraces-pt200array_pt220_r4_7536323_9-486809b730,2026-05-01T12:45:27.211Z,49.573,2,37.66,210,0,0,,,,
powertraces-pt200array_pt220_r4_7536323_9-486809b730,2026-05-01T12:45:27.211Z,49.573,3,41.02,210,0,0,,,,
powertraces-pt200array_pt220_r4_7536323_9-486809b730,2026-05-01T12:45:27.311Z,49.673,0,37.41,210,0,0,,,,
powertraces-pt200array_pt220_r4_7536323_9-486809b730,2026-05-01T12:45:27.311Z,49.673,1,38.9,210,0,0,,,,
powertraces-pt200array_pt220_r4_7536323_9-486809b730,2026-05-01T12:45:27.311Z,49.673,2,37.66,210,0,0,,,,
powertraces-pt200array_pt220_r4_7536323_9-486809b730,2026-05-01T12:45:27.311Z,49.673,3,41.02,210,0,0,,,,
powertraces-pt200array_pt220_r4_7536323_9-486809b730,2026-05-01T12:45:27.411Z,49.773,0,37.41,210,0,0,,,,
powertraces-pt200array_pt220_r4_7536323_9-486809b730,2026-05-01T12:45:27.411Z,49.773,1,38.9,210,0,0,,,,
powertraces-pt200array_pt220_r4_7536323_9-486809b730,2026-05-01T12:45:27.411Z,49.773,2,37.66,210,0,0,,,,
powertraces-pt200array_pt220_r4_7536323_9-486809b730,2026-05-01T12:45:27.411Z,49.773,3,41.02,210,0,0,,,,
powertraces-pt200array_pt220_r4_7536323_9-486809b730,2026-05-01T12:45:27.511Z,49.873,0,37.41,210,0,0,,,,
powertraces-pt200array_pt220_r4_7536323_9-486809b730,2026-05-01T12:45:27.511Z,49.873,1,38.9,210,0,0,,,,
powertraces-pt200array_pt220_r4_7536323_9-486809b730,2026-05-01T12:45:27.511Z,49.873,2,37.66,210,0,0,,,,
powertraces-pt200array_pt220_r4_7536323_9-486809b730,2026-05-01T12:45:27.511Z,49.873,3,41.02,210,0,0,,,,
powertraces-pt200array_pt220_r4_7536323_9-486809b730,2026-05-01T12:45:27.611Z,49.973,0,37.41,210,0,0,,,,
powertraces-pt200array_pt220_r4_7536323_9-486809b730,2026-05-01T12:45:27.611Z,49.973,1,38.9,210,0,0,,,,
powertraces-pt200array_pt220_r4_7536323_9-486809b730,2026-05-01T12:45:27.611Z,49.973,2,37.66,210,0,0,,,,
powertraces-pt200array_pt220_r4_7536323_9-486809b730,2026-05-01T12:45:27.611Z,49.973,3,41.02,210,0,0,,,,
powertraces-pt200array_pt220_r4_7536323_9-486809b730,2026-05-01T12:45:27.712Z,50.074,0,37.41,210,0,0,,,,
powertraces-pt200array_pt220_r4_7536323_9-486809b730,2026-05-01T12:45:27.712Z,50.074,1,38.9,210,0,0,,,,
powertraces-pt200array_pt220_r4_7536323_9-486809b730,2026-05-01T12:45:27.712Z,50.074,2,37.66,210,0,0,,,,
powertraces-pt200array_pt220_r4_7536323_9-486809b730,2026-05-01T12:45:27.712Z,50.074,3,41.02,210,0,0,,,,
powertraces-pt200array_pt220_r4_7536323_9-486809b730,2026-05-01T12:45:27.812Z,50.174,0,37.41,210,0,0,,,,
powertraces-pt200array_pt220_r4_7536323_9-486809b730,2026-05-01T12:45:27.812Z,50.174,1,38.9,210,0,0,,,,
powertraces-pt200array_pt220_r4_7536323_9-486809b730,2026-05-01T12:45:27.812Z,50.174,2,37.66,210,0,0,,,,
powertraces-pt200array_pt220_r4_7536323_9-486809b730,2026-05-01T12:45:27.812Z,50.174,3,41.02,210,0,0,,,,
powertraces-pt200array_pt220_r4_7536323_9-486809b730,2026-05-01T12:45:27.912Z,50.274,0,37.41,210,0,0,,,,
powertraces-pt200array_pt220_r4_7536323_9-486809b730,2026-05-01T12:45:27.912Z,50.274,1,38.9,210,0,0,,,,
powertraces-pt200array_pt220_r4_7536323_9-486809b730,2026-05-01T12:45:27.912Z,50.274,2,37.66,210,0,0,,,,
powertraces-pt200array_pt220_r4_7536323_9-486809b730,2026-05-01T12:45:27.912Z,50.274,3,40.9,210,0,0,,,,
powertraces-pt200array_pt220_r4_7536323_9-486809b730,2026-05-01T12:45:28.012Z,50.374,0,37.41,210,0,0,,,,
powertraces-pt200array_pt220_r4_7536323_9-486809b730,2026-05-01T12:45:28.012Z,50.374,1,38.9,210,0,0,,,,
powertraces-pt200array_pt220_r4_7536323_9-486809b730,2026-05-01T12:45:28.012Z,50.374,2,37.66,210,0,0,,,,
powertraces-pt200array_pt220_r4_7536323_9-486809b730,2026-05-01T12:45:28.012Z,50.374,3,40.9,210,0,0,,,,
powertraces-pt200array_pt220_r4_7536323_9-486809b730,2026-05-01T12:45:28.112Z,50.474,0,37.41,210,0,0,,,,
powertraces-pt200array_pt220_r4_7536323_9-486809b730,2026-05-01T12:45:28.112Z,50.474,1,38.9,210,0,0,,,,
powertraces-pt200array_pt220_r4_7536323_9-486809b730,2026-05-01T12:45:28.112Z,50.474,2,37.66,210,0,0,,,,
powertraces-pt200array_pt220_r4_7536323_9-486809b730,2026-05-01T12:45:28.112Z,50.474,3,40.9,210,0,0,,,,
powertraces-pt200array_pt220_r4_7536323_9-486809b730,2026-05-01T12:45:28.212Z,50.574,0,37.41,210,0,0,,,,
powertraces-pt200array_pt220_r4_7536323_9-486809b730,2026-05-01T12:45:28.212Z,50.574,1,38.9,210,0,0,,,,
powertraces-pt200array_pt220_r4_7536323_9-486809b730,2026-05-01T12:45:28.212Z,50.574,2,37.66,210,0,0,,,,
powertraces-pt200array_pt220_r4_7536323_9-486809b730,2026-05-01T12:45:28.212Z,50.574,3,40.9,210,0,0,,,,
powertraces-pt200array_pt220_r4_7536323_9-486809b730,2026-05-01T12:45:28.312Z,50.674,0,37.41,210,0,0,,,,
powertraces-pt200array_pt220_r4_7536323_9-486809b730,2026-05-01T12:45:28.312Z,50.674,1,38.9,210,0,0,,,,
powertraces-pt200array_pt220_r4_7536323_9-486809b730,2026-05-01T12:45:28.312Z,50.674,2,37.66,210,0,0,,,,
powertraces-pt200array_pt220_r4_7536323_9-486809b730,2026-05-01T12:45:28.312Z,50.674,3,40.9,210,0,0,,,,
powertraces-pt200array_pt220_r4_7536323_9-486809b730,2026-05-01T12:45:28.413Z,50.775,0,37.41,210,0,0,,,,
powertraces-pt200array_pt220_r4_7536323_9-486809b730,2026-05-01T12:45:28.413Z,50.775,1,38.9,210,0,0,,,,
powertraces-pt200array_pt220_r4_7536323_9-486809b730,2026-05-01T12:45:28.413Z,50.775,2,37.66,210,0,0,,,,
powertraces-pt200array_pt220_r4_7536323_9-486809b730,2026-05-01T12:45:28.413Z,50.775,3,40.9,210,0,0,,,,
powertraces-pt200array_pt220_r4_7536323_9-486809b730,2026-05-01T12:45:28.513Z,50.875,0,37.41,210,0,0,,,,
powertraces-pt200array_pt220_r4_7536323_9-486809b730,2026-05-01T12:45:28.513Z,50.875,1,38.9,210,0,0,,,,
powertraces-pt200array_pt220_r4_7536323_9-486809b730,2026-05-01T12:45:28.513Z,50.875,2,37.66,210,0,0,,,,
powertraces-pt200array_pt220_r4_7536323_9-486809b730,2026-05-01T12:45:28.513Z,50.875,3,40.9,210,0,0,,,,
powertraces-pt200array_pt220_r4_7536323_9-486809b730,2026-05-01T12:45:28.613Z,50.975,0,37.41,210,0,0,,,,
powertraces-pt200array_pt220_r4_7536323_9-486809b730,2026-05-01T12:45:28.613Z,50.975,1,38.9,210,0,0,,,,
powertraces-pt200array_pt220_r4_7536323_9-486809b730,2026-05-01T12:45:28.613Z,50.975,2,37.66,210,0,0,,,,
powertraces-pt200array_pt220_r4_7536323_9-486809b730,2026-05-01T12:45:28.613Z,50.975,3,40.9,210,0,0,,,,
powertraces-pt200array_pt220_r4_7536323_9-486809b730,2026-05-01T12:45:28.713Z,51.075,0,37.41,210,0,0,,,,
powertraces-pt200array_pt220_r4_7536323_9-486809b730,2026-05-01T12:45:28.713Z,51.075,1,38.9,210,0,0,,,,
powertraces-pt200array_pt220_r4_7536323_9-486809b730,2026-05-01T12:45:28.713Z,51.075,2,37.66,210,0,0,,,,
powertraces-pt200array_pt220_r4_7536323_9-486809b730,2026-05-01T12:45:28.713Z,51.075,3,40.9,210,0,0,,,,
powertraces-pt200array_pt220_r4_7536323_9-486809b730,2026-05-01T12:45:28.813Z,51.175,0,37.41,210,0,0,,,,
powertraces-pt200array_pt220_r4_7536323_9-486809b730,2026-05-01T12:45:28.813Z,51.175,1,38.9,210,0,0,,,,
powertraces-pt200array_pt220_r4_7536323_9-486809b730,2026-05-01T12:45:28.813Z,51.175,2,37.66,210,0,0,,,,
powertraces-pt200array_pt220_r4_7536323_9-486809b730,2026-05-01T12:45:28.813Z,51.175,3,40.9,210,0,0,,,,
powertraces-pt200array_pt220_r4_7536323_9-486809b730,2026-05-01T12:45:28.913Z,51.275,0,37.41,210,0,0,,,,
powertraces-pt200array_pt220_r4_7536323_9-486809b730,2026-05-01T12:45:28.913Z,51.275,1,38.9,210,0,0,,,,
powertraces-pt200array_pt220_r4_7536323_9-486809b730,2026-05-01T12:45:28.913Z,51.275,2,37.54,210,0,0,,,,
powertraces-pt200array_pt220_r4_7536323_9-486809b730,2026-05-01T12:45:28.913Z,51.275,3,40.78,210,0,0,,,,
powertraces-pt200array_pt220_r4_7536323_9-486809b730,2026-05-01T12:45:29.013Z,51.375,0,37.41,210,0,0,,,,
powertraces-pt200array_pt220_r4_7536323_9-486809b730,2026-05-01T12:45:29.013Z,51.375,1,38.9,210,0,0,,,,
powertraces-pt200array_pt220_r4_7536323_9-486809b730,2026-05-01T12:45:29.013Z,51.375,2,37.54,210,0,0,,,,
powertraces-pt200array_pt220_r4_7536323_9-486809b730,2026-05-01T12:45:29.013Z,51.375,3,40.78,210,0,0,,,,
powertraces-pt200array_pt220_r4_7536323_9-486809b730,2026-05-01T12:45:29.113Z,51.475,0,37.41,210,0,0,,,,
powertraces-pt200array_pt220_r4_7536323_9-486809b730,2026-05-01T12:45:29.114Z,51.476,1,38.9,210,0,0,,,,
powertraces-pt200array_pt220_r4_7536323_9-486809b730,2026-05-01T12:45:29.114Z,51.476,2,37.54,210,0,0,,,,
powertraces-pt200array_pt220_r4_7536323_9-486809b730,2026-05-01T12:45:29.114Z,51.476,3,40.78,210,0,0,,,,
powertraces-pt200array_pt220_r4_7536323_9-486809b730,2026-05-01T12:45:29.214Z,51.576,0,37.41,210,0,0,,,,
powertraces-pt200array_pt220_r4_7536323_9-486809b730,2026-05-01T12:45:29.214Z,51.576,1,38.9,210,0,0,,,,
powertraces-pt200array_pt220_r4_7536323_9-486809b730,2026-05-01T12:45:29.214Z,51.576,2,37.54,210,0,0,,,,
powertraces-pt200array_pt220_r4_7536323_9-486809b730,2026-05-01T12:45:29.214Z,51.576,3,40.78,210,0,0,,,,
powertraces-pt200array_pt220_r4_7536323_9-486809b730,2026-05-01T12:45:29.314Z,51.676,0,37.41,210,0,0,,,,
powertraces-pt200array_pt220_r4_7536323_9-486809b730,2026-05-01T12:45:29.314Z,51.676,1,38.88,210,0,0,,,,
powertraces-pt200array_pt220_r4_7536323_9-486809b730,2026-05-01T12:45:29.314Z,51.676,2,37.54,210,0,0,,,,
powertraces-pt200array_pt220_r4_7536323_9-486809b730,2026-05-01T12:45:29.314Z,51.676,3,40.78,210,0,0,,,,
powertraces-pt200array_pt220_r4_7536323_9-486809b730,2026-05-01T12:45:29.414Z,51.776,0,37.41,210,0,0,,,,
powertraces-pt200array_pt220_r4_7536323_9-486809b730,2026-05-01T12:45:29.414Z,51.776,1,38.88,210,0,0,,,,
powertraces-pt200array_pt220_r4_7536323_9-486809b730,2026-05-01T12:45:29.414Z,51.776,2,37.54,210,0,0,,,,
powertraces-pt200array_pt220_r4_7536323_9-486809b730,2026-05-01T12:45:29.414Z,51.776,3,40.78,210,0,0,,,,
powertraces-pt200array_pt220_r4_7536323_9-486809b730,2026-05-01T12:45:29.514Z,51.876,0,37.41,210,0,0,,,,
powertraces-pt200array_pt220_r4_7536323_9-486809b730,2026-05-01T12:45:29.514Z,51.876,1,38.88,210,0,0,,,,
powertraces-pt200array_pt220_r4_7536323_9-486809b730,2026-05-01T12:45:29.514Z,51.876,2,37.54,210,0,0,,,,
powertraces-pt200array_pt220_r4_7536323_9-486809b730,2026-05-01T12:45:29.514Z,51.876,3,40.78,210,0,0,,,,
powertraces-pt200array_pt220_r4_7536323_9-486809b730,2026-05-01T12:45:29.614Z,51.976,0,37.41,210,0,0,,,,
powertraces-pt200array_pt220_r4_7536323_9-486809b730,2026-05-01T12:45:29.614Z,51.976,1,38.88,210,0,0,,,,
powertraces-pt200array_pt220_r4_7536323_9-486809b730,2026-05-01T12:45:29.614Z,51.976,2,37.54,210,0,0,,,,
powertraces-pt200array_pt220_r4_7536323_9-486809b730,2026-05-01T12:45:29.614Z,51.976,3,40.78,210,0,0,,,,
powertraces-pt200array_pt220_r4_7536323_9-486809b730,2026-05-01T12:45:29.714Z,52.076,0,37.36,210,0,0,,,,
powertraces-pt200array_pt220_r4_7536323_9-486809b730,2026-05-01T12:45:29.714Z,52.076,1,38.88,210,0,0,,,,
powertraces-pt200array_pt220_r4_7536323_9-486809b730,2026-05-01T12:45:29.714Z,52.076,2,37.54,210,0,0,,,,
powertraces-pt200array_pt220_r4_7536323_9-486809b730,2026-05-01T12:45:29.714Z,52.076,3,40.78,210,0,0,,,,
powertraces-pt200array_pt220_r4_7536323_9-486809b730,2026-05-01T12:45:29.815Z,52.177,0,37.36,210,0,0,,,,
powertraces-pt200array_pt220_r4_7536323_9-486809b730,2026-05-01T12:45:29.815Z,52.177,1,38.88,210,0,0,,,,
powertraces-pt200array_pt220_r4_7536323_9-486809b730,2026-05-01T12:45:29.815Z,52.177,2,37.41,210,0,0,,,,
powertraces-pt200array_pt220_r4_7536323_9-486809b730,2026-05-01T12:45:29.815Z,52.177,3,40.78,210,0,0,,,,
powertraces-pt200array_pt220_r4_7536323_9-486809b730,2026-05-01T12:45:29.915Z,52.277,0,37.36,210,0,0,,,,
powertraces-pt200array_pt220_r4_7536323_9-486809b730,2026-05-01T12:45:29.915Z,52.277,1,38.88,210,0,0,,,,
powertraces-pt200array_pt220_r4_7536323_9-486809b730,2026-05-01T12:45:29.915Z,52.277,2,37.41,210,0,0,,,,
powertraces-pt200array_pt220_r4_7536323_9-486809b730,2026-05-01T12:45:29.915Z,52.277,3,40.78,210,0,0,,,,
powertraces-pt200array_pt220_r4_7536323_9-486809b730,2026-05-01T12:45:30.015Z,52.377,0,37.36,210,0,0,,,,
powertraces-pt200array_pt220_r4_7536323_9-486809b730,2026-05-01T12:45:30.015Z,52.377,1,38.88,210,0,0,,,,
powertraces-pt200array_pt220_r4_7536323_9-486809b730,2026-05-01T12:45:30.015Z,52.377,2,37.41,210,0,0,,,,
powertraces-pt200array_pt220_r4_7536323_9-486809b730,2026-05-01T12:45:30.015Z,52.377,3,40.78,210,0,0,,,,
powertraces-pt200array_pt220_r4_7536323_9-486809b730,2026-05-01T12:45:30.115Z,52.477,0,37.36,210,0,0,,,,
powertraces-pt200array_pt220_r4_7536323_9-486809b730,2026-05-01T12:45:30.115Z,52.477,1,38.88,210,0,0,,,,
powertraces-pt200array_pt220_r4_7536323_9-486809b730,2026-05-01T12:45:30.115Z,52.477,2,37.41,210,0,0,,,,
powertraces-pt200array_pt220_r4_7536323_9-486809b730,2026-05-01T12:45:30.115Z,52.477,3,40.78,210,0,0,,,,
powertraces-pt200array_pt220_r4_7536323_9-486809b730,2026-05-01T12:45:30.215Z,52.577,0,37.36,210,0,0,,,,
powertraces-pt200array_pt220_r4_7536323_9-486809b730,2026-05-01T12:45:30.215Z,52.577,1,38.88,210,0,0,,,,
powertraces-pt200array_pt220_r4_7536323_9-486809b730,2026-05-01T12:45:30.215Z,52.577,2,37.41,210,0,0,,,,
powertraces-pt200array_pt220_r4_7536323_9-486809b730,2026-05-01T12:45:30.215Z,52.577,3,40.78,210,0,0,,,,
powertraces-pt200array_pt220_r4_7536323_9-486809b730,2026-05-01T12:45:30.315Z,52.677,0,37.36,210,0,0,,,,
powertraces-pt200array_pt220_r4_7536323_9-486809b730,2026-05-01T12:45:30.315Z,52.677,1,38.88,210,0,0,,,,
powertraces-pt200array_pt220_r4_7536323_9-486809b730,2026-05-01T12:45:30.315Z,52.677,2,37.41,210,0,0,,,,
powertraces-pt200array_pt220_r4_7536323_9-486809b730,2026-05-01T12:45:30.315Z,52.677,3,40.78,210,0,0,,,,
powertraces-pt200array_pt220_r4_7536323_9-486809b730,2026-05-01T12:45:30.415Z,52.777,0,37.36,210,0,0,,,,
powertraces-pt200array_pt220_r4_7536323_9-486809b730,2026-05-01T12:45:30.416Z,52.778,1,38.88,210,0,0,,,,
powertraces-pt200array_pt220_r4_7536323_9-486809b730,2026-05-01T12:45:30.416Z,52.778,2,37.41,210,0,0,,,,
powertraces-pt200array_pt220_r4_7536323_9-486809b730,2026-05-01T12:45:30.416Z,52.778,3,40.78,210,0,0,,,,
powertraces-pt200array_pt220_r4_7536323_9-486809b730,2026-05-01T12:45:30.516Z,52.878,0,37.36,210,0,0,,,,
powertraces-pt200array_pt220_r4_7536323_9-486809b730,2026-05-01T12:45:30.516Z,52.878,1,38.88,210,0,0,,,,
powertraces-pt200array_pt220_r4_7536323_9-486809b730,2026-05-01T12:45:30.516Z,52.878,2,37.41,210,0,0,,,,
powertraces-pt200array_pt220_r4_7536323_9-486809b730,2026-05-01T12:45:30.516Z,52.878,3,40.78,210,0,0,,,,
powertraces-pt200array_pt220_r4_7536323_9-486809b730,2026-05-01T12:45:30.616Z,52.978,0,37.36,210,0,0,,,,
powertraces-pt200array_pt220_r4_7536323_9-486809b730,2026-05-01T12:45:30.616Z,52.978,1,38.88,210,0,0,,,,
powertraces-pt200array_pt220_r4_7536323_9-486809b730,2026-05-01T12:45:30.616Z,52.978,2,37.41,210,0,0,,,,
powertraces-pt200array_pt220_r4_7536323_9-486809b730,2026-05-01T12:45:30.616Z,52.978,3,40.78,210,0,0,,,,
powertraces-pt200array_pt220_r4_7536323_9-486809b730,2026-05-01T12:45:30.716Z,53.078,0,37.31,210,0,0,,,,
powertraces-pt200array_pt220_r4_7536323_9-486809b730,2026-05-01T12:45:30.716Z,53.078,1,38.88,210,0,0,,,,
powertraces-pt200array_pt220_r4_7536323_9-486809b730,2026-05-01T12:45:30.716Z,53.078,2,37.41,210,0,0,,,,
powertraces-pt200array_pt220_r4_7536323_9-486809b730,2026-05-01T12:45:30.716Z,53.078,3,40.78,210,0,0,,,,
powertraces-pt200array_pt220_r4_7536323_9-486809b730,2026-05-01T12:45:30.816Z,53.178,0,37.31,210,0,0,,,,
powertraces-pt200array_pt220_r4_7536323_9-486809b730,2026-05-01T12:45:30.816Z,53.178,1,38.88,210,0,0,,,,
powertraces-pt200array_pt220_r4_7536323_9-486809b730,2026-05-01T12:45:30.816Z,53.178,2,37.41,210,0,0,,,,
powertraces-pt200array_pt220_r4_7536323_9-486809b730,2026-05-01T12:45:30.816Z,53.178,3,40.78,210,0,0,,,,
powertraces-pt200array_pt220_r4_7536323_9-486809b730,2026-05-01T12:45:30.916Z,53.278,0,37.31,210,0,0,,,,
powertraces-pt200array_pt220_r4_7536323_9-486809b730,2026-05-01T12:45:30.916Z,53.278,1,38.88,210,0,0,,,,
powertraces-pt200array_pt220_r4_7536323_9-486809b730,2026-05-01T12:45:30.916Z,53.278,2,37.41,210,0,0,,,,
powertraces-pt200array_pt220_r4_7536323_9-486809b730,2026-05-01T12:45:30.916Z,53.278,3,40.78,210,0,0,,,,
powertraces-pt200array_pt220_r4_7536323_9-486809b730,2026-05-01T12:45:31.016Z,53.378,0,37.31,210,0,0,,,,
powertraces-pt200array_pt220_r4_7536323_9-486809b730,2026-05-01T12:45:31.016Z,53.378,1,38.88,210,0,0,,,,
powertraces-pt200array_pt220_r4_7536323_9-486809b730,2026-05-01T12:45:31.016Z,53.378,2,37.41,210,0,0,,,,
powertraces-pt200array_pt220_r4_7536323_9-486809b730,2026-05-01T12:45:31.016Z,53.378,3,40.78,210,0,0,,,,
powertraces-pt200array_pt220_r4_7536323_9-486809b730,2026-05-01T12:45:31.116Z,53.478,0,37.31,210,0,0,,,,
powertraces-pt200array_pt220_r4_7536323_9-486809b730,2026-05-01T12:45:31.116Z,53.478,1,38.88,210,0,0,,,,
powertraces-pt200array_pt220_r4_7536323_9-486809b730,2026-05-01T12:45:31.116Z,53.478,2,37.41,210,0,0,,,,
powertraces-pt200array_pt220_r4_7536323_9-486809b730,2026-05-01T12:45:31.116Z,53.478,3,40.78,210,0,0,,,,
powertraces-pt200array_pt220_r4_7536323_9-486809b730,2026-05-01T12:45:31.217Z,53.579,0,37.31,210,0,0,,,,
powertraces-pt200array_pt220_r4_7536323_9-486809b730,2026-05-01T12:45:31.217Z,53.579,1,38.88,210,0,0,,,,
powertraces-pt200array_pt220_r4_7536323_9-486809b730,2026-05-01T12:45:31.217Z,53.579,2,37.41,210,0,0,,,,
powertraces-pt200array_pt220_r4_7536323_9-486809b730,2026-05-01T12:45:31.217Z,53.579,3,40.78,210,0,0,,,,
powertraces-pt200array_pt220_r4_7536323_9-486809b730,2026-05-01T12:45:31.317Z,53.679,0,37.31,210,0,0,,,,
powertraces-pt200array_pt220_r4_7536323_9-486809b730,2026-05-01T12:45:31.317Z,53.679,1,38.88,210,0,0,,,,
powertraces-pt200array_pt220_r4_7536323_9-486809b730,2026-05-01T12:45:31.317Z,53.679,2,37.41,210,0,0,,,,
powertraces-pt200array_pt220_r4_7536323_9-486809b730,2026-05-01T12:45:31.317Z,53.679,3,40.78,210,0,0,,,,
powertraces-pt200array_pt220_r4_7536323_9-486809b730,2026-05-01T12:45:31.417Z,53.779,0,37.31,210,0,0,,,,
powertraces-pt200array_pt220_r4_7536323_9-486809b730,2026-05-01T12:45:31.417Z,53.779,1,38.88,210,0,0,,,,
powertraces-pt200array_pt220_r4_7536323_9-486809b730,2026-05-01T12:45:31.417Z,53.779,2,37.41,210,0,0,,,,
powertraces-pt200array_pt220_r4_7536323_9-486809b730,2026-05-01T12:45:31.417Z,53.779,3,40.78,210,0,0,,,,
powertraces-pt200array_pt220_r4_7536323_9-486809b730,2026-05-01T12:45:31.517Z,53.879,0,37.31,210,0,0,,,,
powertraces-pt200array_pt220_r4_7536323_9-486809b730,2026-05-01T12:45:31.517Z,53.879,1,38.88,210,0,0,,,,
powertraces-pt200array_pt220_r4_7536323_9-486809b730,2026-05-01T12:45:31.517Z,53.879,2,37.41,210,0,0,,,,
powertraces-pt200array_pt220_r4_7536323_9-486809b730,2026-05-01T12:45:31.517Z,53.879,3,40.78,210,0,0,,,,
powertraces-pt200array_pt220_r4_7536323_9-486809b730,2026-05-01T12:45:31.617Z,53.979,0,37.31,210,0,0,,,,
powertraces-pt200array_pt220_r4_7536323_9-486809b730,2026-05-01T12:45:31.617Z,53.979,1,38.88,210,0,0,,,,
powertraces-pt200array_pt220_r4_7536323_9-486809b730,2026-05-01T12:45:31.617Z,53.979,2,37.41,210,0,0,,,,
powertraces-pt200array_pt220_r4_7536323_9-486809b730,2026-05-01T12:45:31.617Z,53.979,3,40.78,210,0,0,,,,
powertraces-pt200array_pt220_r4_7536323_9-486809b730,2026-05-01T12:45:31.717Z,54.079,0,37.36,210,0,0,,,,
powertraces-pt200array_pt220_r4_7536323_9-486809b730,2026-05-01T12:45:31.717Z,54.079,1,38.88,210,0,0,,,,
powertraces-pt200array_pt220_r4_7536323_9-486809b730,2026-05-01T12:45:31.717Z,54.079,2,37.41,210,0,0,,,,
powertraces-pt200array_pt220_r4_7536323_9-486809b730,2026-05-01T12:45:31.717Z,54.079,3,40.78,210,0,0,,,,
powertraces-pt200array_pt220_r4_7536323_9-486809b730,2026-05-01T12:45:31.817Z,54.179,0,37.36,210,0,0,,,,
powertraces-pt200array_pt220_r4_7536323_9-486809b730,2026-05-01T12:45:31.817Z,54.179,1,38.88,210,0,0,,,,
powertraces-pt200array_pt220_r4_7536323_9-486809b730,2026-05-01T12:45:31.817Z,54.179,2,37.41,210,0,0,,,,
powertraces-pt200array_pt220_r4_7536323_9-486809b730,2026-05-01T12:45:31.817Z,54.179,3,40.78,210,0,0,,,,
powertraces-pt200array_pt220_r4_7536323_9-486809b730,2026-05-01T12:45:31.918Z,54.28,0,37.36,210,0,0,,,,
powertraces-pt200array_pt220_r4_7536323_9-486809b730,2026-05-01T12:45:31.918Z,54.28,1,38.88,210,0,0,,,,
powertraces-pt200array_pt220_r4_7536323_9-486809b730,2026-05-01T12:45:31.918Z,54.28,2,37.41,210,0,0,,,,
powertraces-pt200array_pt220_r4_7536323_9-486809b730,2026-05-01T12:45:31.918Z,54.28,3,40.78,210,0,0,,,,
powertraces-pt200array_pt220_r4_7536323_9-486809b730,2026-05-01T12:45:32.018Z,54.38,0,37.36,210,0,0,,,,
powertraces-pt200array_pt220_r4_7536323_9-486809b730,2026-05-01T12:45:32.018Z,54.38,1,38.88,210,0,0,,,,
powertraces-pt200array_pt220_r4_7536323_9-486809b730,2026-05-01T12:45:32.018Z,54.38,2,37.41,210,0,0,,,,
powertraces-pt200array_pt220_r4_7536323_9-486809b730,2026-05-01T12:45:32.018Z,54.38,3,40.78,210,0,0,,,,
powertraces-pt200array_pt220_r4_7536323_9-486809b730,2026-05-01T12:45:32.118Z,54.48,0,37.36,210,0,0,,,,
powertraces-pt200array_pt220_r4_7536323_9-486809b730,2026-05-01T12:45:32.118Z,54.48,1,38.88,210,0,0,,,,
powertraces-pt200array_pt220_r4_7536323_9-486809b730,2026-05-01T12:45:32.118Z,54.48,2,37.41,210,0,0,,,,
powertraces-pt200array_pt220_r4_7536323_9-486809b730,2026-05-01T12:45:32.118Z,54.48,3,40.78,210,0,0,,,,
powertraces-pt200array_pt220_r4_7536323_9-486809b730,2026-05-01T12:45:32.218Z,54.58,0,37.36,210,0,0,,,,
powertraces-pt200array_pt220_r4_7536323_9-486809b730,2026-05-01T12:45:32.218Z,54.58,1,38.88,210,0,0,,,,
powertraces-pt200array_pt220_r4_7536323_9-486809b730,2026-05-01T12:45:32.218Z,54.58,2,37.41,210,0,0,,,,
powertraces-pt200array_pt220_r4_7536323_9-486809b730,2026-05-01T12:45:32.218Z,54.58,3,40.78,210,0,0,,,,
powertraces-pt200array_pt220_r4_7536323_9-486809b730,2026-05-01T12:45:32.318Z,54.68,0,37.36,210,0,0,,,,
powertraces-pt200array_pt220_r4_7536323_9-486809b730,2026-05-01T12:45:32.318Z,54.68,1,38.88,210,0,0,,,,
powertraces-pt200array_pt220_r4_7536323_9-486809b730,2026-05-01T12:45:32.318Z,54.68,2,37.41,210,0,0,,,,
powertraces-pt200array_pt220_r4_7536323_9-486809b730,2026-05-01T12:45:32.318Z,54.68,3,40.78,210,0,0,,,,
powertraces-pt200array_pt220_r4_7536323_9-486809b730,2026-05-01T12:45:32.418Z,54.78,0,37.36,210,0,0,,,,
powertraces-pt200array_pt220_r4_7536323_9-486809b730,2026-05-01T12:45:32.418Z,54.78,1,38.88,210,0,0,,,,
powertraces-pt200array_pt220_r4_7536323_9-486809b730,2026-05-01T12:45:32.418Z,54.78,2,37.41,210,0,0,,,,
powertraces-pt200array_pt220_r4_7536323_9-486809b730,2026-05-01T12:45:32.418Z,54.78,3,40.78,210,0,0,,,,
powertraces-pt200array_pt220_r4_7536323_9-486809b730,2026-05-01T12:45:32.518Z,54.88,0,37.36,210,0,0,,,,
powertraces-pt200array_pt220_r4_7536323_9-486809b730,2026-05-01T12:45:32.518Z,54.88,1,38.88,210,0,0,,,,
powertraces-pt200array_pt220_r4_7536323_9-486809b730,2026-05-01T12:45:32.518Z,54.88,2,37.41,210,0,0,,,,
powertraces-pt200array_pt220_r4_7536323_9-486809b730,2026-05-01T12:45:32.518Z,54.88,3,40.78,210,0,0,,,,
powertraces-pt200array_pt220_r4_7536323_9-486809b730,2026-05-01T12:45:32.618Z,54.98,0,37.36,210,0,0,,,,
powertraces-pt200array_pt220_r4_7536323_9-486809b730,2026-05-01T12:45:32.618Z,54.98,1,38.88,210,0,0,,,,
powertraces-pt200array_pt220_r4_7536323_9-486809b730,2026-05-01T12:45:32.618Z,54.98,2,37.41,210,0,0,,,,
powertraces-pt200array_pt220_r4_7536323_9-486809b730,2026-05-01T12:45:32.618Z,54.98,3,40.78,210,0,0,,,,
powertraces-pt200array_pt220_r4_7536323_9-486809b730,2026-05-01T12:45:32.719Z,55.081,0,37.41,210,0,0,,,,
powertraces-pt200array_pt220_r4_7536323_9-486809b730,2026-05-01T12:45:32.719Z,55.081,1,38.88,210,0,0,,,,
powertraces-pt200array_pt220_r4_7536323_9-486809b730,2026-05-01T12:45:32.719Z,55.081,2,37.41,210,0,0,,,,
powertraces-pt200array_pt220_r4_7536323_9-486809b730,2026-05-01T12:45:32.719Z,55.081,3,40.78,210,0,0,,,,
powertraces-pt200array_pt220_r4_7536323_9-486809b730,2026-05-01T12:45:32.819Z,55.181,0,37.41,210,0,0,,,,
powertraces-pt200array_pt220_r4_7536323_9-486809b730,2026-05-01T12:45:32.819Z,55.181,1,38.88,210,0,0,,,,
powertraces-pt200array_pt220_r4_7536323_9-486809b730,2026-05-01T12:45:32.819Z,55.181,2,37.41,210,0,0,,,,
powertraces-pt200array_pt220_r4_7536323_9-486809b730,2026-05-01T12:45:32.819Z,55.181,3,40.78,210,0,0,,,,
powertraces-pt200array_pt220_r4_7536323_9-486809b730,2026-05-01T12:45:32.919Z,55.281,0,37.41,210,0,0,,,,
powertraces-pt200array_pt220_r4_7536323_9-486809b730,2026-05-01T12:45:32.919Z,55.281,1,38.88,210,0,0,,,,
powertraces-pt200array_pt220_r4_7536323_9-486809b730,2026-05-01T12:45:32.919Z,55.281,2,37.41,210,0,0,,,,
powertraces-pt200array_pt220_r4_7536323_9-486809b730,2026-05-01T12:45:32.919Z,55.281,3,40.78,210,0,0,,,,
powertraces-pt200array_pt220_r4_7536323_9-486809b730,2026-05-01T12:45:33.019Z,55.381,0,37.41,210,0,0,,,,
powertraces-pt200array_pt220_r4_7536323_9-486809b730,2026-05-01T12:45:33.019Z,55.381,1,38.88,210,0,0,,,,
powertraces-pt200array_pt220_r4_7536323_9-486809b730,2026-05-01T12:45:33.019Z,55.381,2,37.41,210,0,0,,,,
powertraces-pt200array_pt220_r4_7536323_9-486809b730,2026-05-01T12:45:33.019Z,55.381,3,40.78,210,0,0,,,,
powertraces-pt200array_pt220_r4_7536323_9-486809b730,2026-05-01T12:45:33.119Z,55.481,0,37.41,210,0,0,,,,
powertraces-pt200array_pt220_r4_7536323_9-486809b730,2026-05-01T12:45:33.119Z,55.481,1,38.88,210,0,0,,,,
powertraces-pt200array_pt220_r4_7536323_9-486809b730,2026-05-01T12:45:33.119Z,55.481,2,37.41,210,0,0,,,,
powertraces-pt200array_pt220_r4_7536323_9-486809b730,2026-05-01T12:45:33.119Z,55.481,3,40.78,210,0,0,,,,
powertraces-pt200array_pt220_r4_7536323_9-486809b730,2026-05-01T12:45:33.219Z,55.581,0,37.41,210,0,0,,,,
powertraces-pt200array_pt220_r4_7536323_9-486809b730,2026-05-01T12:45:33.219Z,55.581,1,38.88,210,0,0,,,,
powertraces-pt200array_pt220_r4_7536323_9-486809b730,2026-05-01T12:45:33.219Z,55.581,2,37.41,210,0,0,,,,
powertraces-pt200array_pt220_r4_7536323_9-486809b730,2026-05-01T12:45:33.219Z,55.581,3,40.78,210,0,0,,,,
powertraces-pt200array_pt220_r4_7536323_9-486809b730,2026-05-01T12:45:33.319Z,55.681,0,37.41,210,0,0,,,,
powertraces-pt200array_pt220_r4_7536323_9-486809b730,2026-05-01T12:45:33.32Z,55.682,1,38.89,210,0,0,,,,
powertraces-pt200array_pt220_r4_7536323_9-486809b730,2026-05-01T12:45:33.32Z,55.682,2,37.41,210,0,0,,,,
powertraces-pt200array_pt220_r4_7536323_9-486809b730,2026-05-01T12:45:33.32Z,55.682,3,40.78,210,0,0,,,,
powertraces-pt200array_pt220_r4_7536323_9-486809b730,2026-05-01T12:45:33.42Z,55.782,0,37.41,210,0,0,,,,
powertraces-pt200array_pt220_r4_7536323_9-486809b730,2026-05-01T12:45:33.42Z,55.782,1,38.89,210,0,0,,,,
powertraces-pt200array_pt220_r4_7536323_9-486809b730,2026-05-01T12:45:33.42Z,55.782,2,37.41,210,0,0,,,,
powertraces-pt200array_pt220_r4_7536323_9-486809b730,2026-05-01T12:45:33.42Z,55.782,3,40.78,210,0,0,,,,
powertraces-pt200array_pt220_r4_7536323_9-486809b730,2026-05-01T12:45:33.52Z,55.882,0,37.41,210,0,0,,,,
powertraces-pt200array_pt220_r4_7536323_9-486809b730,2026-05-01T12:45:33.52Z,55.882,1,38.89,210,0,0,,,,
powertraces-pt200array_pt220_r4_7536323_9-486809b730,2026-05-01T12:45:33.52Z,55.882,2,37.41,210,0,0,,,,
powertraces-pt200array_pt220_r4_7536323_9-486809b730,2026-05-01T12:45:33.52Z,55.882,3,40.78,210,0,0,,,,
powertraces-pt200array_pt220_r4_7536323_9-486809b730,2026-05-01T12:45:33.62Z,55.982,0,37.41,210,0,0,,,,
powertraces-pt200array_pt220_r4_7536323_9-486809b730,2026-05-01T12:45:33.62Z,55.982,1,38.89,210,0,0,,,,
powertraces-pt200array_pt220_r4_7536323_9-486809b730,2026-05-01T12:45:33.62Z,55.982,2,37.41,210,0,0,,,,
powertraces-pt200array_pt220_r4_7536323_9-486809b730,2026-05-01T12:45:33.62Z,55.982,3,40.78,210,0,0,,,,
powertraces-pt200array_pt220_r4_7536323_9-486809b730,2026-05-01T12:45:33.72Z,56.082,0,37.41,210,0,0,,,,
powertraces-pt200array_pt220_r4_7536323_9-486809b730,2026-05-01T12:45:33.72Z,56.082,1,38.89,210,0,0,,,,
powertraces-pt200array_pt220_r4_7536323_9-486809b730,2026-05-01T12:45:33.72Z,56.082,2,37.41,210,0,0,,,,
powertraces-pt200array_pt220_r4_7536323_9-486809b730,2026-05-01T12:45:33.72Z,56.082,3,40.78,210,0,0,,,,
powertraces-pt200array_pt220_r4_7536323_9-486809b730,2026-05-01T12:45:33.82Z,56.182,0,37.41,210,0,0,,,,
powertraces-pt200array_pt220_r4_7536323_9-486809b730,2026-05-01T12:45:33.82Z,56.182,1,38.89,210,0,0,,,,
powertraces-pt200array_pt220_r4_7536323_9-486809b730,2026-05-01T12:45:33.82Z,56.182,2,37.41,210,0,0,,,,
powertraces-pt200array_pt220_r4_7536323_9-486809b730,2026-05-01T12:45:33.82Z,56.182,3,40.78,210,0,0,,,,
powertraces-pt200array_pt220_r4_7536323_9-486809b730,2026-05-01T12:45:33.92Z,56.282,0,37.41,210,0,0,,,,
powertraces-pt200array_pt220_r4_7536323_9-486809b730,2026-05-01T12:45:33.92Z,56.282,1,38.89,210,0,0,,,,
powertraces-pt200array_pt220_r4_7536323_9-486809b730,2026-05-01T12:45:33.92Z,56.282,2,37.41,210,0,0,,,,
powertraces-pt200array_pt220_r4_7536323_9-486809b730,2026-05-01T12:45:33.92Z,56.282,3,40.78,210,0,0,,,,
powertraces-pt200array_pt220_r4_7536323_9-486809b730,2026-05-01T12:45:34.021Z,56.383,0,37.41,210,0,0,,,,
powertraces-pt200array_pt220_r4_7536323_9-486809b730,2026-05-01T12:45:34.021Z,56.383,1,38.89,210,0,0,,,,
powertraces-pt200array_pt220_r4_7536323_9-486809b730,2026-05-01T12:45:34.021Z,56.383,2,37.41,210,0,0,,,,
powertraces-pt200array_pt220_r4_7536323_9-486809b730,2026-05-01T12:45:34.021Z,56.383,3,40.78,210,0,0,,,,
powertraces-pt200array_pt220_r4_7536323_9-486809b730,2026-05-01T12:45:34.121Z,56.483,0,37.41,210,0,0,,,,
powertraces-pt200array_pt220_r4_7536323_9-486809b730,2026-05-01T12:45:34.121Z,56.483,1,38.89,210,0,0,,,,
powertraces-pt200array_pt220_r4_7536323_9-486809b730,2026-05-01T12:45:34.121Z,56.483,2,37.41,210,0,0,,,,
powertraces-pt200array_pt220_r4_7536323_9-486809b730,2026-05-01T12:45:34.121Z,56.483,3,40.78,210,0,0,,,,
powertraces-pt200array_pt220_r4_7536323_9-486809b730,2026-05-01T12:45:34.221Z,56.583,0,37.41,210,0,0,,,,
powertraces-pt200array_pt220_r4_7536323_9-486809b730,2026-05-01T12:45:34.221Z,56.583,1,38.89,210,0,0,,,,
powertraces-pt200array_pt220_r4_7536323_9-486809b730,2026-05-01T12:45:34.221Z,56.583,2,37.41,210,0,0,,,,
powertraces-pt200array_pt220_r4_7536323_9-486809b730,2026-05-01T12:45:34.221Z,56.583,3,40.78,210,0,0,,,,
powertraces-pt200array_pt220_r4_7536323_9-486809b730,2026-05-01T12:45:34.321Z,56.683,0,37.41,210,0,0,,,,
powertraces-pt200array_pt220_r4_7536323_9-486809b730,2026-05-01T12:45:34.321Z,56.683,1,38.89,210,0,0,,,,
powertraces-pt200array_pt220_r4_7536323_9-486809b730,2026-05-01T12:45:34.321Z,56.683,2,37.41,210,0,0,,,,
powertraces-pt200array_pt220_r4_7536323_9-486809b730,2026-05-01T12:45:34.321Z,56.683,3,40.78,210,0,0,,,,
powertraces-pt200array_pt220_r4_7536323_9-486809b730,2026-05-01T12:45:34.421Z,56.783,0,37.41,210,0,0,,,,
powertraces-pt200array_pt220_r4_7536323_9-486809b730,2026-05-01T12:45:34.421Z,56.783,1,38.89,210,0,0,,,,
powertraces-pt200array_pt220_r4_7536323_9-486809b730,2026-05-01T12:45:34.421Z,56.783,2,37.41,210,0,0,,,,
powertraces-pt200array_pt220_r4_7536323_9-486809b730,2026-05-01T12:45:34.421Z,56.783,3,40.78,210,0,0,,,,
powertraces-pt200array_pt220_r4_7536323_9-486809b730,2026-05-01T12:45:34.521Z,56.883,0,37.41,210,0,0,,,,
powertraces-pt200array_pt220_r4_7536323_9-486809b730,2026-05-01T12:45:34.521Z,56.883,1,38.89,210,0,0,,,,
powertraces-pt200array_pt220_r4_7536323_9-486809b730,2026-05-01T12:45:34.521Z,56.883,2,37.41,210,0,0,,,,
powertraces-pt200array_pt220_r4_7536323_9-486809b730,2026-05-01T12:45:34.521Z,56.883,3,40.78,210,0,0,,,,
powertraces-pt200array_pt220_r4_7536323_9-486809b730,2026-05-01T12:45:34.621Z,56.983,0,37.41,210,0,0,,,,
powertraces-pt200array_pt220_r4_7536323_9-486809b730,2026-05-01T12:45:34.621Z,56.983,1,38.89,210,0,0,,,,
powertraces-pt200array_pt220_r4_7536323_9-486809b730,2026-05-01T12:45:34.621Z,56.983,2,37.41,210,0,0,,,,
powertraces-pt200array_pt220_r4_7536323_9-486809b730,2026-05-01T12:45:34.621Z,56.983,3,40.78,210,0,0,,,,
powertraces-pt200array_pt220_r4_7536323_9-486809b730,2026-05-01T12:45:34.721Z,57.083,0,37.24,210,0,0,,,,
powertraces-pt200array_pt220_r4_7536323_9-486809b730,2026-05-01T12:45:34.721Z,57.083,1,38.89,210,0,0,,,,
powertraces-pt200array_pt220_r4_7536323_9-486809b730,2026-05-01T12:45:34.721Z,57.083,2,37.41,210,0,0,,,,
powertraces-pt200array_pt220_r4_7536323_9-486809b730,2026-05-01T12:45:34.721Z,57.083,3,40.78,210,0,0,,,,
powertraces-pt200array_pt220_r4_7536323_9-486809b730,2026-05-01T12:45:34.822Z,57.184,0,37.24,210,0,0,,,,
powertraces-pt200array_pt220_r4_7536323_9-486809b730,2026-05-01T12:45:34.822Z,57.184,1,38.89,210,0,0,,,,
powertraces-pt200array_pt220_r4_7536323_9-486809b730,2026-05-01T12:45:34.822Z,57.184,2,37.41,210,0,0,,,,
powertraces-pt200array_pt220_r4_7536323_9-486809b730,2026-05-01T12:45:34.822Z,57.184,3,40.78,210,0,0,,,,
powertraces-pt200array_pt220_r4_7536323_9-486809b730,2026-05-01T12:45:34.922Z,57.284,0,37.24,210,0,0,,,,
powertraces-pt200array_pt220_r4_7536323_9-486809b730,2026-05-01T12:45:34.922Z,57.284,1,38.89,210,0,0,,,,
powertraces-pt200array_pt220_r4_7536323_9-486809b730,2026-05-01T12:45:34.922Z,57.284,2,37.41,210,0,0,,,,
powertraces-pt200array_pt220_r4_7536323_9-486809b730,2026-05-01T12:45:34.922Z,57.284,3,40.78,210,0,0,,,,
powertraces-pt200array_pt220_r4_7536323_9-486809b730,2026-05-01T12:45:35.022Z,57.384,0,37.24,210,0,0,,,,
powertraces-pt200array_pt220_r4_7536323_9-486809b730,2026-05-01T12:45:35.022Z,57.384,1,38.89,210,0,0,,,,
powertraces-pt200array_pt220_r4_7536323_9-486809b730,2026-05-01T12:45:35.022Z,57.384,2,37.41,210,0,0,,,,
powertraces-pt200array_pt220_r4_7536323_9-486809b730,2026-05-01T12:45:35.022Z,57.384,3,40.78,210,0,0,,,,
powertraces-pt200array_pt220_r4_7536323_9-486809b730,2026-05-01T12:45:35.122Z,57.484,0,37.24,210,0,0,,,,
powertraces-pt200array_pt220_r4_7536323_9-486809b730,2026-05-01T12:45:35.122Z,57.484,1,38.89,210,0,0,,,,
powertraces-pt200array_pt220_r4_7536323_9-486809b730,2026-05-01T12:45:35.122Z,57.484,2,37.41,210,0,0,,,,
powertraces-pt200array_pt220_r4_7536323_9-486809b730,2026-05-01T12:45:35.122Z,57.484,3,40.78,210,0,0,,,,
powertraces-pt200array_pt220_r4_7536323_9-486809b730,2026-05-01T12:45:35.222Z,57.584,0,37.24,210,0,0,,,,
powertraces-pt200array_pt220_r4_7536323_9-486809b730,2026-05-01T12:45:35.222Z,57.584,1,38.89,210,0,0,,,,
powertraces-pt200array_pt220_r4_7536323_9-486809b730,2026-05-01T12:45:35.222Z,57.584,2,37.41,210,0,0,,,,
powertraces-pt200array_pt220_r4_7536323_9-486809b730,2026-05-01T12:45:35.222Z,57.584,3,40.78,210,0,0,,,,
powertraces-pt200array_pt220_r4_7536323_9-486809b730,2026-05-01T12:45:35.322Z,57.684,0,37.24,210,0,0,,,,
powertraces-pt200array_pt220_r4_7536323_9-486809b730,2026-05-01T12:45:35.322Z,57.684,1,38.9,210,0,0,,,,
powertraces-pt200array_pt220_r4_7536323_9-486809b730,2026-05-01T12:45:35.322Z,57.684,2,37.41,210,0,0,,,,
powertraces-pt200array_pt220_r4_7536323_9-486809b730,2026-05-01T12:45:35.322Z,57.684,3,40.78,210,0,0,,,,
powertraces-pt200array_pt220_r4_7536323_9-486809b730,2026-05-01T12:45:35.423Z,57.785,0,37.24,210,0,0,,,,
powertraces-pt200array_pt220_r4_7536323_9-486809b730,2026-05-01T12:45:35.423Z,57.785,1,38.9,210,0,0,,,,
powertraces-pt200array_pt220_r4_7536323_9-486809b730,2026-05-01T12:45:35.423Z,57.785,2,37.41,210,0,0,,,,
powertraces-pt200array_pt220_r4_7536323_9-486809b730,2026-05-01T12:45:35.423Z,57.785,3,40.78,210,0,0,,,,
powertraces-pt200array_pt220_r4_7536323_9-486809b730,2026-05-01T12:45:35.523Z,57.885,0,37.24,210,0,0,,,,
powertraces-pt200array_pt220_r4_7536323_9-486809b730,2026-05-01T12:45:35.523Z,57.885,1,38.9,210,0,0,,,,
powertraces-pt200array_pt220_r4_7536323_9-486809b730,2026-05-01T12:45:35.523Z,57.885,2,37.41,210,0,0,,,,
powertraces-pt200array_pt220_r4_7536323_9-486809b730,2026-05-01T12:45:35.523Z,57.885,3,40.78,210,0,0,,,,
powertraces-pt200array_pt220_r4_7536323_9-486809b730,2026-05-01T12:45:35.623Z,57.985,0,37.24,210,0,0,,,,
powertraces-pt200array_pt220_r4_7536323_9-486809b730,2026-05-01T12:45:35.623Z,57.985,1,38.9,210,0,0,,,,
powertraces-pt200array_pt220_r4_7536323_9-486809b730,2026-05-01T12:45:35.623Z,57.985,2,37.41,210,0,0,,,,
powertraces-pt200array_pt220_r4_7536323_9-486809b730,2026-05-01T12:45:35.623Z,57.985,3,40.78,210,0,0,,,,
powertraces-pt200array_pt220_r4_7536323_9-486809b730,2026-05-01T12:45:35.723Z,58.085,0,37.12,210,0,0,,,,
powertraces-pt200array_pt220_r4_7536323_9-486809b730,2026-05-01T12:45:35.723Z,58.085,1,38.9,210,0,0,,,,
powertraces-pt200array_pt220_r4_7536323_9-486809b730,2026-05-01T12:45:35.723Z,58.085,2,37.41,210,0,0,,,,
powertraces-pt200array_pt220_r4_7536323_9-486809b730,2026-05-01T12:45:35.723Z,58.085,3,40.78,210,0,0,,,,
powertraces-pt200array_pt220_r4_7536323_9-486809b730,2026-05-01T12:45:35.823Z,58.185,0,37.12,210,0,0,,,,
powertraces-pt200array_pt220_r4_7536323_9-486809b730,2026-05-01T12:45:35.823Z,58.185,1,38.9,210,0,0,,,,
powertraces-pt200array_pt220_r4_7536323_9-486809b730,2026-05-01T12:45:35.823Z,58.185,2,37.41,210,0,0,,,,
powertraces-pt200array_pt220_r4_7536323_9-486809b730,2026-05-01T12:45:35.823Z,58.185,3,40.78,210,0,0,,,,
powertraces-pt200array_pt220_r4_7536323_9-486809b730,2026-05-01T12:45:35.923Z,58.285,0,37.12,210,0,0,,,,
powertraces-pt200array_pt220_r4_7536323_9-486809b730,2026-05-01T12:45:35.923Z,58.285,1,38.9,210,0,0,,,,
powertraces-pt200array_pt220_r4_7536323_9-486809b730,2026-05-01T12:45:35.923Z,58.285,2,37.41,210,0,0,,,,
powertraces-pt200array_pt220_r4_7536323_9-486809b730,2026-05-01T12:45:35.923Z,58.285,3,40.78,210,0,0,,,,
powertraces-pt200array_pt220_r4_7536323_9-486809b730,2026-05-01T12:45:36.024Z,58.386,0,37.12,210,0,0,,,,
powertraces-pt200array_pt220_r4_7536323_9-486809b730,2026-05-01T12:45:36.024Z,58.386,1,38.9,210,0,0,,,,
powertraces-pt200array_pt220_r4_7536323_9-486809b730,2026-05-01T12:45:36.024Z,58.386,2,37.41,210,0,0,,,,
powertraces-pt200array_pt220_r4_7536323_9-486809b730,2026-05-01T12:45:36.024Z,58.386,3,40.78,210,0,0,,,,
powertraces-pt200array_pt220_r4_7536323_9-486809b730,2026-05-01T12:45:36.124Z,58.486,0,37.12,210,0,0,,,,
powertraces-pt200array_pt220_r4_7536323_9-486809b730,2026-05-01T12:45:36.124Z,58.486,1,38.9,210,0,0,,,,
powertraces-pt200array_pt220_r4_7536323_9-486809b730,2026-05-01T12:45:36.124Z,58.486,2,37.41,210,0,0,,,,
powertraces-pt200array_pt220_r4_7536323_9-486809b730,2026-05-01T12:45:36.124Z,58.486,3,40.78,210,0,0,,,,
powertraces-pt200array_pt220_r4_7536323_9-486809b730,2026-05-01T12:45:36.224Z,58.586,0,37.12,210,0,0,,,,
powertraces-pt200array_pt220_r4_7536323_9-486809b730,2026-05-01T12:45:36.224Z,58.586,1,38.9,210,0,0,,,,
powertraces-pt200array_pt220_r4_7536323_9-486809b730,2026-05-01T12:45:36.224Z,58.586,2,37.41,210,0,0,,,,
powertraces-pt200array_pt220_r4_7536323_9-486809b730,2026-05-01T12:45:36.224Z,58.586,3,40.78,210,0,0,,,,
powertraces-pt200array_pt220_r4_7536323_9-486809b730,2026-05-01T12:45:36.324Z,58.686,0,37.12,210,0,0,,,,
powertraces-pt200array_pt220_r4_7536323_9-486809b730,2026-05-01T12:45:36.324Z,58.686,1,38.9,210,0,0,,,,
powertraces-pt200array_pt220_r4_7536323_9-486809b730,2026-05-01T12:45:36.324Z,58.686,2,37.41,210,0,0,,,,
powertraces-pt200array_pt220_r4_7536323_9-486809b730,2026-05-01T12:45:36.324Z,58.686,3,40.78,210,0,0,,,,
powertraces-pt200array_pt220_r4_7536323_9-486809b730,2026-05-01T12:45:36.424Z,58.786,0,37.12,210,0,0,,,,
powertraces-pt200array_pt220_r4_7536323_9-486809b730,2026-05-01T12:45:36.424Z,58.786,1,38.9,210,0,0,,,,
powertraces-pt200array_pt220_r4_7536323_9-486809b730,2026-05-01T12:45:36.424Z,58.786,2,37.41,210,0,0,,,,
powertraces-pt200array_pt220_r4_7536323_9-486809b730,2026-05-01T12:45:36.424Z,58.786,3,40.78,210,0,0,,,,
powertraces-pt200array_pt220_r4_7536323_9-486809b730,2026-05-01T12:45:36.524Z,58.886,0,37.12,210,0,0,,,,
powertraces-pt200array_pt220_r4_7536323_9-486809b730,2026-05-01T12:45:36.524Z,58.886,1,38.9,210,0,0,,,,
powertraces-pt200array_pt220_r4_7536323_9-486809b730,2026-05-01T12:45:36.524Z,58.886,2,37.41,210,0,0,,,,
powertraces-pt200array_pt220_r4_7536323_9-486809b730,2026-05-01T12:45:36.524Z,58.886,3,40.78,210,0,0,,,,
powertraces-pt200array_pt220_r4_7536323_9-486809b730,2026-05-01T12:45:36.624Z,58.986,0,37.12,210,0,0,,,,
powertraces-pt200array_pt220_r4_7536323_9-486809b730,2026-05-01T12:45:36.624Z,58.986,1,38.9,210,0,0,,,,
powertraces-pt200array_pt220_r4_7536323_9-486809b730,2026-05-01T12:45:36.625Z,58.987,2,37.41,210,0,0,,,,
powertraces-pt200array_pt220_r4_7536323_9-486809b730,2026-05-01T12:45:36.625Z,58.987,3,40.78,210,0,0,,,,
powertraces-pt200array_pt220_r4_7536323_9-486809b730,2026-05-01T12:45:36.725Z,59.087,0,37.12,210,0,0,,,,
powertraces-pt200array_pt220_r4_7536323_9-486809b730,2026-05-01T12:45:36.725Z,59.087,1,38.9,210,0,0,,,,
powertraces-pt200array_pt220_r4_7536323_9-486809b730,2026-05-01T12:45:36.725Z,59.087,2,37.41,210,0,0,,,,
powertraces-pt200array_pt220_r4_7536323_9-486809b730,2026-05-01T12:45:36.725Z,59.087,3,40.78,210,0,0,,,,
powertraces-pt200array_pt220_r4_7536323_9-486809b730,2026-05-01T12:45:36.825Z,59.187,0,37.12,210,0,0,,,,
powertraces-pt200array_pt220_r4_7536323_9-486809b730,2026-05-01T12:45:36.825Z,59.187,1,38.9,210,0,0,,,,
powertraces-pt200array_pt220_r4_7536323_9-486809b730,2026-05-01T12:45:36.825Z,59.187,2,37.41,210,0,0,,,,
powertraces-pt200array_pt220_r4_7536323_9-486809b730,2026-05-01T12:45:36.825Z,59.187,3,40.78,210,0,0,,,,
powertraces-pt200array_pt220_r4_7536323_9-486809b730,2026-05-01T12:45:36.925Z,59.287,0,37.12,210,0,0,,,,
powertraces-pt200array_pt220_r4_7536323_9-486809b730,2026-05-01T12:45:36.925Z,59.287,1,38.9,210,0,0,,,,
powertraces-pt200array_pt220_r4_7536323_9-486809b730,2026-05-01T12:45:36.925Z,59.287,2,37.41,210,0,0,,,,
powertraces-pt200array_pt220_r4_7536323_9-486809b730,2026-05-01T12:45:36.925Z,59.287,3,40.78,210,0,0,,,,
powertraces-pt200array_pt220_r4_7536323_9-486809b730,2026-05-01T12:45:37.025Z,59.387,0,37.12,210,0,0,,,,
powertraces-pt200array_pt220_r4_7536323_9-486809b730,2026-05-01T12:45:37.025Z,59.387,1,38.9,210,0,0,,,,
powertraces-pt200array_pt220_r4_7536323_9-486809b730,2026-05-01T12:45:37.025Z,59.387,2,37.41,210,0,0,,,,
powertraces-pt200array_pt220_r4_7536323_9-486809b730,2026-05-01T12:45:37.025Z,59.387,3,40.78,210,0,0,,,,
powertraces-pt200array_pt220_r4_7536323_9-486809b730,2026-05-01T12:45:37.125Z,59.487,0,37.12,210,0,0,,,,
powertraces-pt200array_pt220_r4_7536323_9-486809b730,2026-05-01T12:45:37.125Z,59.487,1,38.9,210,0,0,,,,
powertraces-pt200array_pt220_r4_7536323_9-486809b730,2026-05-01T12:45:37.125Z,59.487,2,37.41,210,0,0,,,,
powertraces-pt200array_pt220_r4_7536323_9-486809b730,2026-05-01T12:45:37.125Z,59.487,3,40.78,210,0,0,,,,
powertraces-pt200array_pt220_r4_7536323_9-486809b730,2026-05-01T12:45:37.225Z,59.587,0,37.12,210,0,0,,,,
powertraces-pt200array_pt220_r4_7536323_9-486809b730,2026-05-01T12:45:37.225Z,59.587,1,38.9,210,0,0,,,,
powertraces-pt200array_pt220_r4_7536323_9-486809b730,2026-05-01T12:45:37.225Z,59.587,2,37.41,210,0,0,,,,
powertraces-pt200array_pt220_r4_7536323_9-486809b730,2026-05-01T12:45:37.225Z,59.587,3,40.78,210,0,0,,,,
powertraces-pt200array_pt220_r4_7536323_9-486809b730,2026-05-01T12:45:37.326Z,59.688,0,37.12,210,0,0,,,,
powertraces-pt200array_pt220_r4_7536323_9-486809b730,2026-05-01T12:45:37.326Z,59.688,1,38.88,210,0,0,,,,
powertraces-pt200array_pt220_r4_7536323_9-486809b730,2026-05-01T12:45:37.326Z,59.688,2,37.41,210,0,0,,,,
powertraces-pt200array_pt220_r4_7536323_9-486809b730,2026-05-01T12:45:37.326Z,59.688,3,40.78,210,0,0,,,,
powertraces-pt200array_pt220_r4_7536323_9-486809b730,2026-05-01T12:45:37.426Z,59.788,0,37.12,210,0,0,,,,
powertraces-pt200array_pt220_r4_7536323_9-486809b730,2026-05-01T12:45:37.426Z,59.788,1,38.88,210,0,0,,,,
powertraces-pt200array_pt220_r4_7536323_9-486809b730,2026-05-01T12:45:37.426Z,59.788,2,37.41,210,0,0,,,,
powertraces-pt200array_pt220_r4_7536323_9-486809b730,2026-05-01T12:45:37.426Z,59.788,3,40.78,210,0,0,,,,
powertraces-pt200array_pt220_r4_7536323_9-486809b730,2026-05-01T12:45:37.526Z,59.888,0,37.12,210,0,0,,,,
powertraces-pt200array_pt220_r4_7536323_9-486809b730,2026-05-01T12:45:37.526Z,59.888,1,38.88,210,0,0,,,,
powertraces-pt200array_pt220_r4_7536323_9-486809b730,2026-05-01T12:45:37.526Z,59.888,2,37.41,210,0,0,,,,
powertraces-pt200array_pt220_r4_7536323_9-486809b730,2026-05-01T12:45:37.526Z,59.888,3,40.78,210,0,0,,,,
powertraces-pt200array_pt220_r4_7536323_9-486809b730,2026-05-01T12:45:37.626Z,59.988,0,37.12,210,0,0,,,,
powertraces-pt200array_pt220_r4_7536323_9-486809b730,2026-05-01T12:45:37.626Z,59.988,1,38.88,210,0,0,,,,
powertraces-pt200array_pt220_r4_7536323_9-486809b730,2026-05-01T12:45:37.626Z,59.988,2,37.41,210,0,0,,,,
powertraces-pt200array_pt220_r4_7536323_9-486809b730,2026-05-01T12:45:37.626Z,59.988,3,40.78,210,0,0,,,,
powertraces-pt200array_pt220_r4_7536323_9-486809b730,2026-05-01T12:45:37.726Z,60.088,0,37.07,210,0,0,,,,
powertraces-pt200array_pt220_r4_7536323_9-486809b730,2026-05-01T12:45:37.726Z,60.088,1,38.88,210,0,0,,,,
powertraces-pt200array_pt220_r4_7536323_9-486809b730,2026-05-01T12:45:37.726Z,60.088,2,37.41,210,0,0,,,,
powertraces-pt200array_pt220_r4_7536323_9-486809b730,2026-05-01T12:45:37.726Z,60.088,3,40.78,210,0,0,,,,
powertraces-pt200array_pt220_r4_7536323_9-486809b730,2026-05-01T12:45:37.826Z,60.188,0,37.07,210,0,0,,,,
powertraces-pt200array_pt220_r4_7536323_9-486809b730,2026-05-01T12:45:37.826Z,60.188,1,38.88,210,0,0,,,,
powertraces-pt200array_pt220_r4_7536323_9-486809b730,2026-05-01T12:45:37.826Z,60.188,2,37.41,210,0,0,,,,
powertraces-pt200array_pt220_r4_7536323_9-486809b730,2026-05-01T12:45:37.826Z,60.188,3,40.78,210,0,0,,,,
powertraces-pt200array_pt220_r4_7536323_9-486809b730,2026-05-01T12:45:37.926Z,60.288,0,37.07,210,0,0,,,,
powertraces-pt200array_pt220_r4_7536323_9-486809b730,2026-05-01T12:45:37.926Z,60.288,1,38.88,210,0,0,,,,
powertraces-pt200array_pt220_r4_7536323_9-486809b730,2026-05-01T12:45:37.926Z,60.288,2,37.41,210,0,0,,,,
powertraces-pt200array_pt220_r4_7536323_9-486809b730,2026-05-01T12:45:37.926Z,60.288,3,40.78,210,0,0,,,,
powertraces-pt200array_pt220_r4_7536323_9-486809b730,2026-05-01T12:45:38.026Z,60.388,0,37.07,210,0,0,,,,
powertraces-pt200array_pt220_r4_7536323_9-486809b730,2026-05-01T12:45:38.026Z,60.388,1,38.88,210,0,0,,,,
powertraces-pt200array_pt220_r4_7536323_9-486809b730,2026-05-01T12:45:38.026Z,60.388,2,37.41,210,0,0,,,,
powertraces-pt200array_pt220_r4_7536323_9-486809b730,2026-05-01T12:45:38.026Z,60.388,3,40.78,210,0,0,,,,
powertraces-pt200array_pt220_r4_7536323_9-486809b730,2026-05-01T12:45:38.127Z,60.489,0,37.07,210,0,0,,,,
powertraces-pt200array_pt220_r4_7536323_9-486809b730,2026-05-01T12:45:38.127Z,60.489,1,38.88,210,0,0,,,,
powertraces-pt200array_pt220_r4_7536323_9-486809b730,2026-05-01T12:45:38.127Z,60.489,2,37.41,210,0,0,,,,
powertraces-pt200array_pt220_r4_7536323_9-486809b730,2026-05-01T12:45:38.127Z,60.489,3,40.78,210,0,0,,,,
powertraces-pt200array_pt220_r4_7536323_9-486809b730,2026-05-01T12:45:38.227Z,60.589,0,37.07,210,0,0,,,,
powertraces-pt200array_pt220_r4_7536323_9-486809b730,2026-05-01T12:45:38.227Z,60.589,1,38.88,210,0,0,,,,
powertraces-pt200array_pt220_r4_7536323_9-486809b730,2026-05-01T12:45:38.227Z,60.589,2,37.41,210,0,0,,,,
powertraces-pt200array_pt220_r4_7536323_9-486809b730,2026-05-01T12:45:38.227Z,60.589,3,40.78,210,0,0,,,,
powertraces-pt200array_pt220_r4_7536323_9-486809b730,2026-05-01T12:45:38.327Z,60.689,0,37.07,210,0,0,,,,
powertraces-pt200array_pt220_r4_7536323_9-486809b730,2026-05-01T12:45:38.327Z,60.689,1,38.88,210,0,0,,,,
powertraces-pt200array_pt220_r4_7536323_9-486809b730,2026-05-01T12:45:38.327Z,60.689,2,37.41,210,0,0,,,,
powertraces-pt200array_pt220_r4_7536323_9-486809b730,2026-05-01T12:45:38.327Z,60.689,3,40.78,210,0,0,,,,
powertraces-pt200array_pt220_r4_7536323_9-486809b730,2026-05-01T12:45:38.427Z,60.789,0,37.07,210,0,0,,,,
powertraces-pt200array_pt220_r4_7536323_9-486809b730,2026-05-01T12:45:38.427Z,60.789,1,38.88,210,0,0,,,,
powertraces-pt200array_pt220_r4_7536323_9-486809b730,2026-05-01T12:45:38.427Z,60.789,2,37.41,210,0,0,,,,
powertraces-pt200array_pt220_r4_7536323_9-486809b730,2026-05-01T12:45:38.427Z,60.789,3,40.78,210,0,0,,,,
powertraces-pt200array_pt220_r4_7536323_9-486809b730,2026-05-01T12:45:38.527Z,60.889,0,37.07,210,0,0,,,,
powertraces-pt200array_pt220_r4_7536323_9-486809b730,2026-05-01T12:45:38.527Z,60.889,1,38.88,210,0,0,,,,
powertraces-pt200array_pt220_r4_7536323_9-486809b730,2026-05-01T12:45:38.527Z,60.889,2,37.41,210,0,0,,,,
powertraces-pt200array_pt220_r4_7536323_9-486809b730,2026-05-01T12:45:38.527Z,60.889,3,40.78,210,0,0,,,,
powertraces-pt200array_pt220_r4_7536323_9-486809b730,2026-05-01T12:45:38.627Z,60.989,0,37.07,210,0,0,,,,
powertraces-pt200array_pt220_r4_7536323_9-486809b730,2026-05-01T12:45:38.627Z,60.989,1,38.88,210,0,0,,,,
powertraces-pt200array_pt220_r4_7536323_9-486809b730,2026-05-01T12:45:38.627Z,60.989,2,37.41,210,0,0,,,,
powertraces-pt200array_pt220_r4_7536323_9-486809b730,2026-05-01T12:45:38.627Z,60.989,3,40.78,210,0,0,,,,
powertraces-pt200array_pt220_r4_7536323_9-486809b730,2026-05-01T12:45:38.727Z,61.089,0,37.07,210,0,0,,,,
powertraces-pt200array_pt220_r4_7536323_9-486809b730,2026-05-01T12:45:38.727Z,61.089,1,38.88,210,0,0,,,,
powertraces-pt200array_pt220_r4_7536323_9-486809b730,2026-05-01T12:45:38.727Z,61.089,2,37.41,210,0,0,,,,
powertraces-pt200array_pt220_r4_7536323_9-486809b730,2026-05-01T12:45:38.727Z,61.089,3,40.78,210,0,0,,,,
powertraces-pt200array_pt220_r4_7536323_9-486809b730,2026-05-01T12:45:38.827Z,61.189,0,37.07,210,0,0,,,,
powertraces-pt200array_pt220_r4_7536323_9-486809b730,2026-05-01T12:45:38.827Z,61.189,1,38.88,210,0,0,,,,
powertraces-pt200array_pt220_r4_7536323_9-486809b730,2026-05-01T12:45:38.827Z,61.189,2,37.41,210,0,0,,,,
powertraces-pt200array_pt220_r4_7536323_9-486809b730,2026-05-01T12:45:38.827Z,61.189,3,40.78,210,0,0,,,,
powertraces-pt200array_pt220_r4_7536323_9-486809b730,2026-05-01T12:45:38.928Z,61.29,0,37.07,210,0,0,,,,
powertraces-pt200array_pt220_r4_7536323_9-486809b730,2026-05-01T12:45:38.928Z,61.29,1,38.88,210,0,0,,,,
powertraces-pt200array_pt220_r4_7536323_9-486809b730,2026-05-01T12:45:38.928Z,61.29,2,37.41,210,0,0,,,,
powertraces-pt200array_pt220_r4_7536323_9-486809b730,2026-05-01T12:45:38.928Z,61.29,3,40.78,210,0,0,,,,
powertraces-pt200array_pt220_r4_7536323_9-486809b730,2026-05-01T12:45:39.028Z,61.39,0,37.07,210,0,0,,,,
powertraces-pt200array_pt220_r4_7536323_9-486809b730,2026-05-01T12:45:39.028Z,61.39,1,38.88,210,0,0,,,,
powertraces-pt200array_pt220_r4_7536323_9-486809b730,2026-05-01T12:45:39.028Z,61.39,2,37.41,210,0,0,,,,
powertraces-pt200array_pt220_r4_7536323_9-486809b730,2026-05-01T12:45:39.028Z,61.39,3,40.78,210,0,0,,,,
powertraces-pt200array_pt220_r4_7536323_9-486809b730,2026-05-01T12:45:39.128Z,61.49,0,37.07,210,0,0,,,,
powertraces-pt200array_pt220_r4_7536323_9-486809b730,2026-05-01T12:45:39.128Z,61.49,1,38.88,210,0,0,,,,
powertraces-pt200array_pt220_r4_7536323_9-486809b730,2026-05-01T12:45:39.128Z,61.49,2,37.41,210,0,0,,,,
powertraces-pt200array_pt220_r4_7536323_9-486809b730,2026-05-01T12:45:39.128Z,61.49,3,40.78,210,0,0,,,,
powertraces-pt200array_pt220_r4_7536323_9-486809b730,2026-05-01T12:45:39.228Z,61.59,0,37.07,210,0,0,,,,
powertraces-pt200array_pt220_r4_7536323_9-486809b730,2026-05-01T12:45:39.228Z,61.59,1,38.88,210,0,0,,,,
powertraces-pt200array_pt220_r4_7536323_9-486809b730,2026-05-01T12:45:39.228Z,61.59,2,37.41,210,0,0,,,,
powertraces-pt200array_pt220_r4_7536323_9-486809b730,2026-05-01T12:45:39.228Z,61.59,3,40.78,210,0,0,,,,
powertraces-pt200array_pt220_r4_7536323_9-486809b730,2026-05-01T12:45:39.328Z,61.69,0,37.07,210,0,0,,,,
powertraces-pt200array_pt220_r4_7536323_9-486809b730,2026-05-01T12:45:39.328Z,61.69,1,38.9,210,0,0,,,,
powertraces-pt200array_pt220_r4_7536323_9-486809b730,2026-05-01T12:45:39.328Z,61.69,2,37.41,210,0,0,,,,
powertraces-pt200array_pt220_r4_7536323_9-486809b730,2026-05-01T12:45:39.328Z,61.69,3,40.78,210,0,0,,,,
powertraces-pt200array_pt220_r4_7536323_9-486809b730,2026-05-01T12:45:39.428Z,61.79,0,37.07,210,0,0,,,,
powertraces-pt200array_pt220_r4_7536323_9-486809b730,2026-05-01T12:45:39.428Z,61.79,1,38.9,210,0,0,,,,
powertraces-pt200array_pt220_r4_7536323_9-486809b730,2026-05-01T12:45:39.428Z,61.79,2,37.41,210,0,0,,,,
powertraces-pt200array_pt220_r4_7536323_9-486809b730,2026-05-01T12:45:39.428Z,61.79,3,40.78,210,0,0,,,,
powertraces-pt200array_pt220_r4_7536323_9-486809b730,2026-05-01T12:45:39.528Z,61.89,0,37.07,210,0,0,,,,
powertraces-pt200array_pt220_r4_7536323_9-486809b730,2026-05-01T12:45:39.528Z,61.89,1,38.9,210,0,0,,,,
powertraces-pt200array_pt220_r4_7536323_9-486809b730,2026-05-01T12:45:39.528Z,61.89,2,37.41,210,0,0,,,,
powertraces-pt200array_pt220_r4_7536323_9-486809b730,2026-05-01T12:45:39.528Z,61.89,3,40.78,210,0,0,,,,
powertraces-pt200array_pt220_r4_7536323_9-486809b730,2026-05-01T12:45:39.629Z,61.991,0,37.07,210,0,0,,,,
powertraces-pt200array_pt220_r4_7536323_9-486809b730,2026-05-01T12:45:39.629Z,61.991,1,38.9,210,0,0,,,,
powertraces-pt200array_pt220_r4_7536323_9-486809b730,2026-05-01T12:45:39.629Z,61.991,2,37.41,210,0,0,,,,
powertraces-pt200array_pt220_r4_7536323_9-486809b730,2026-05-01T12:45:39.629Z,61.991,3,40.78,210,0,0,,,,
powertraces-pt200array_pt220_r4_7536323_9-486809b730,2026-05-01T12:45:39.729Z,62.091,0,37.07,210,0,0,,,,
powertraces-pt200array_pt220_r4_7536323_9-486809b730,2026-05-01T12:45:39.729Z,62.091,1,38.9,210,0,0,,,,
powertraces-pt200array_pt220_r4_7536323_9-486809b730,2026-05-01T12:45:39.729Z,62.091,2,37.41,210,0,0,,,,
powertraces-pt200array_pt220_r4_7536323_9-486809b730,2026-05-01T12:45:39.729Z,62.091,3,40.78,210,0,0,,,,
powertraces-pt200array_pt220_r4_7536323_9-486809b730,2026-05-01T12:45:39.829Z,62.191,0,37.07,210,0,0,,,,
powertraces-pt200array_pt220_r4_7536323_9-486809b730,2026-05-01T12:45:39.829Z,62.191,1,38.9,210,0,0,,,,
powertraces-pt200array_pt220_r4_7536323_9-486809b730,2026-05-01T12:45:39.829Z,62.191,2,37.41,210,0,0,,,,
powertraces-pt200array_pt220_r4_7536323_9-486809b730,2026-05-01T12:45:39.829Z,62.191,3,40.78,210,0,0,,,,
powertraces-pt200array_pt220_r4_7536323_9-486809b730,2026-05-01T12:45:39.929Z,62.291,0,37.07,210,0,0,,,,
powertraces-pt200array_pt220_r4_7536323_9-486809b730,2026-05-01T12:45:39.929Z,62.291,1,38.9,210,0,0,,,,
powertraces-pt200array_pt220_r4_7536323_9-486809b730,2026-05-01T12:45:39.929Z,62.291,2,37.41,210,0,0,,,,
powertraces-pt200array_pt220_r4_7536323_9-486809b730,2026-05-01T12:45:39.929Z,62.291,3,40.78,210,0,0,,,,
powertraces-pt200array_pt220_r4_7536323_9-486809b730,2026-05-01T12:45:40.029Z,62.391,0,37.07,210,0,0,,,,
powertraces-pt200array_pt220_r4_7536323_9-486809b730,2026-05-01T12:45:40.029Z,62.391,1,38.9,210,0,0,,,,
powertraces-pt200array_pt220_r4_7536323_9-486809b730,2026-05-01T12:45:40.029Z,62.391,2,37.41,210,0,0,,,,
powertraces-pt200array_pt220_r4_7536323_9-486809b730,2026-05-01T12:45:40.029Z,62.391,3,40.78,210,0,0,,,,
powertraces-pt200array_pt220_r4_7536323_9-486809b730,2026-05-01T12:45:40.129Z,62.491,0,37.07,210,0,0,,,,
powertraces-pt200array_pt220_r4_7536323_9-486809b730,2026-05-01T12:45:40.129Z,62.491,1,38.9,210,0,0,,,,
powertraces-pt200array_pt220_r4_7536323_9-486809b730,2026-05-01T12:45:40.129Z,62.491,2,37.41,210,0,0,,,,
powertraces-pt200array_pt220_r4_7536323_9-486809b730,2026-05-01T12:45:40.129Z,62.491,3,40.78,210,0,0,,,,
powertraces-pt200array_pt220_r4_7536323_9-486809b730,2026-05-01T12:45:40.229Z,62.591,0,37.07,210,0,0,,,,
powertraces-pt200array_pt220_r4_7536323_9-486809b730,2026-05-01T12:45:40.229Z,62.591,1,38.9,210,0,0,,,,
powertraces-pt200array_pt220_r4_7536323_9-486809b730,2026-05-01T12:45:40.229Z,62.591,2,37.41,210,0,0,,,,
powertraces-pt200array_pt220_r4_7536323_9-486809b730,2026-05-01T12:45:40.229Z,62.591,3,40.78,210,0,0,,,,
powertraces-pt200array_pt220_r4_7536323_9-486809b730,2026-05-01T12:45:40.33Z,62.692,0,37.07,210,0,0,,,,
powertraces-pt200array_pt220_r4_7536323_9-486809b730,2026-05-01T12:45:40.33Z,62.692,1,38.89,210,0,0,,,,
powertraces-pt200array_pt220_r4_7536323_9-486809b730,2026-05-01T12:45:40.33Z,62.692,2,37.41,210,0,0,,,,
powertraces-pt200array_pt220_r4_7536323_9-486809b730,2026-05-01T12:45:40.33Z,62.692,3,40.78,210,0,0,,,,
powertraces-pt200array_pt220_r4_7536323_9-486809b730,2026-05-01T12:45:40.43Z,62.792,0,37.07,210,0,0,,,,
powertraces-pt200array_pt220_r4_7536323_9-486809b730,2026-05-01T12:45:40.43Z,62.792,1,38.89,210,0,0,,,,
powertraces-pt200array_pt220_r4_7536323_9-486809b730,2026-05-01T12:45:40.43Z,62.792,2,37.41,210,0,0,,,,
powertraces-pt200array_pt220_r4_7536323_9-486809b730,2026-05-01T12:45:40.43Z,62.792,3,40.78,210,0,0,,,,
powertraces-pt200array_pt220_r4_7536323_9-486809b730,2026-05-01T12:45:40.53Z,62.892,0,37.07,210,0,0,,,,
powertraces-pt200array_pt220_r4_7536323_9-486809b730,2026-05-01T12:45:40.53Z,62.892,1,38.89,210,0,0,,,,
powertraces-pt200array_pt220_r4_7536323_9-486809b730,2026-05-01T12:45:40.53Z,62.892,2,37.41,210,0,0,,,,
powertraces-pt200array_pt220_r4_7536323_9-486809b730,2026-05-01T12:45:40.53Z,62.892,3,40.78,210,0,0,,,,
powertraces-pt200array_pt220_r4_7536323_9-486809b730,2026-05-01T12:45:40.63Z,62.992,0,37.07,210,0,0,,,,
powertraces-pt200array_pt220_r4_7536323_9-486809b730,2026-05-01T12:45:40.63Z,62.992,1,38.89,210,0,0,,,,
powertraces-pt200array_pt220_r4_7536323_9-486809b730,2026-05-01T12:45:40.63Z,62.992,2,37.41,210,0,0,,,,
powertraces-pt200array_pt220_r4_7536323_9-486809b730,2026-05-01T12:45:40.63Z,62.992,3,40.78,210,0,0,,,,
powertraces-pt200array_pt220_r4_7536323_9-486809b730,2026-05-01T12:45:40.73Z,63.092,0,37.11,210,0,0,,,,
powertraces-pt200array_pt220_r4_7536323_9-486809b730,2026-05-01T12:45:40.73Z,63.092,1,38.89,210,0,0,,,,
powertraces-pt200array_pt220_r4_7536323_9-486809b730,2026-05-01T12:45:40.73Z,63.092,2,37.41,210,0,0,,,,
powertraces-pt200array_pt220_r4_7536323_9-486809b730,2026-05-01T12:45:40.73Z,63.092,3,40.78,210,0,0,,,,
powertraces-pt200array_pt220_r4_7536323_9-486809b730,2026-05-01T12:45:40.83Z,63.192,0,37.11,210,0,0,,,,
powertraces-pt200array_pt220_r4_7536323_9-486809b730,2026-05-01T12:45:40.83Z,63.192,1,38.89,210,0,0,,,,
powertraces-pt200array_pt220_r4_7536323_9-486809b730,2026-05-01T12:45:40.83Z,63.192,2,37.41,210,0,0,,,,
powertraces-pt200array_pt220_r4_7536323_9-486809b730,2026-05-01T12:45:40.83Z,63.192,3,40.78,210,0,0,,,,
powertraces-pt200array_pt220_r4_7536323_9-486809b730,2026-05-01T12:45:40.93Z,63.292,0,37.11,210,0,0,,,,
powertraces-pt200array_pt220_r4_7536323_9-486809b730,2026-05-01T12:45:40.93Z,63.292,1,38.89,210,0,0,,,,
powertraces-pt200array_pt220_r4_7536323_9-486809b730,2026-05-01T12:45:40.93Z,63.292,2,37.41,210,0,0,,,,
powertraces-pt200array_pt220_r4_7536323_9-486809b730,2026-05-01T12:45:40.93Z,63.292,3,40.78,210,0,0,,,,
powertraces-pt200array_pt220_r4_7536323_9-486809b730,2026-05-01T12:45:41.03Z,63.392,0,37.11,210,0,0,,,,
powertraces-pt200array_pt220_r4_7536323_9-486809b730,2026-05-01T12:45:41.03Z,63.392,1,38.89,210,0,0,,,,
powertraces-pt200array_pt220_r4_7536323_9-486809b730,2026-05-01T12:45:41.03Z,63.392,2,37.41,210,0,0,,,,
powertraces-pt200array_pt220_r4_7536323_9-486809b730,2026-05-01T12:45:41.03Z,63.392,3,40.78,210,0,0,,,,
powertraces-pt200array_pt220_r4_7536323_9-486809b730,2026-05-01T12:45:41.131Z,63.493,0,37.11,210,0,0,,,,
powertraces-pt200array_pt220_r4_7536323_9-486809b730,2026-05-01T12:45:41.131Z,63.493,1,38.89,210,0,0,,,,
powertraces-pt200array_pt220_r4_7536323_9-486809b730,2026-05-01T12:45:41.131Z,63.493,2,37.41,210,0,0,,,,
powertraces-pt200array_pt220_r4_7536323_9-486809b730,2026-05-01T12:45:41.131Z,63.493,3,40.78,210,0,0,,,,
powertraces-pt200array_pt220_r4_7536323_9-486809b730,2026-05-01T12:45:41.231Z,63.593,0,37.11,210,0,0,,,,
powertraces-pt200array_pt220_r4_7536323_9-486809b730,2026-05-01T12:45:41.231Z,63.593,1,38.89,210,0,0,,,,
powertraces-pt200array_pt220_r4_7536323_9-486809b730,2026-05-01T12:45:41.231Z,63.593,2,37.41,210,0,0,,,,
powertraces-pt200array_pt220_r4_7536323_9-486809b730,2026-05-01T12:45:41.231Z,63.593,3,40.78,210,0,0,,,,
powertraces-pt200array_pt220_r4_7536323_9-486809b730,2026-05-01T12:45:41.331Z,63.693,0,37.11,210,0,0,,,,
powertraces-pt200array_pt220_r4_7536323_9-486809b730,2026-05-01T12:45:41.331Z,63.693,1,38.88,210,0,0,,,,
powertraces-pt200array_pt220_r4_7536323_9-486809b730,2026-05-01T12:45:41.331Z,63.693,2,37.41,210,0,0,,,,
powertraces-pt200array_pt220_r4_7536323_9-486809b730,2026-05-01T12:45:41.331Z,63.693,3,40.78,210,0,0,,,,
powertraces-pt200array_pt220_r4_7536323_9-486809b730,2026-05-01T12:45:41.431Z,63.793,0,37.11,210,0,0,,,,
powertraces-pt200array_pt220_r4_7536323_9-486809b730,2026-05-01T12:45:41.431Z,63.793,1,38.88,210,0,0,,,,
powertraces-pt200array_pt220_r4_7536323_9-486809b730,2026-05-01T12:45:41.431Z,63.793,2,37.41,210,0,0,,,,
powertraces-pt200array_pt220_r4_7536323_9-486809b730,2026-05-01T12:45:41.431Z,63.793,3,40.78,210,0,0,,,,
powertraces-pt200array_pt220_r4_7536323_9-486809b730,2026-05-01T12:45:41.531Z,63.893,0,37.11,210,0,0,,,,
powertraces-pt200array_pt220_r4_7536323_9-486809b730,2026-05-01T12:45:41.531Z,63.893,1,38.88,210,0,0,,,,
powertraces-pt200array_pt220_r4_7536323_9-486809b730,2026-05-01T12:45:41.531Z,63.893,2,37.41,210,0,0,,,,
powertraces-pt200array_pt220_r4_7536323_9-486809b730,2026-05-01T12:45:41.531Z,63.893,3,40.78,210,0,0,,,,
powertraces-pt200array_pt220_r4_7536323_9-486809b730,2026-05-01T12:45:41.631Z,63.993,0,37.11,210,0,0,,,,
powertraces-pt200array_pt220_r4_7536323_9-486809b730,2026-05-01T12:45:41.631Z,63.993,1,38.88,210,0,0,,,,
powertraces-pt200array_pt220_r4_7536323_9-486809b730,2026-05-01T12:45:41.631Z,63.993,2,37.41,210,0,0,,,,
powertraces-pt200array_pt220_r4_7536323_9-486809b730,2026-05-01T12:45:41.631Z,63.993,3,40.78,210,0,0,,,,
powertraces-pt200array_pt220_r4_7536323_9-486809b730,2026-05-01T12:45:41.731Z,64.093,0,37.12,210,0,0,,,,
powertraces-pt200array_pt220_r4_7536323_9-486809b730,2026-05-01T12:45:41.731Z,64.093,1,38.88,210,0,0,,,,
powertraces-pt200array_pt220_r4_7536323_9-486809b730,2026-05-01T12:45:41.731Z,64.093,2,37.41,210,0,0,,,,
powertraces-pt200array_pt220_r4_7536323_9-486809b730,2026-05-01T12:45:41.731Z,64.093,3,40.78,210,0,0,,,,
powertraces-pt200array_pt220_r4_7536323_9-486809b730,2026-05-01T12:45:41.832Z,64.194,0,37.12,210,0,0,,,,
powertraces-pt200array_pt220_r4_7536323_9-486809b730,2026-05-01T12:45:41.832Z,64.194,1,38.88,210,0,0,,,,
powertraces-pt200array_pt220_r4_7536323_9-486809b730,2026-05-01T12:45:41.832Z,64.194,2,37.41,210,0,0,,,,
powertraces-pt200array_pt220_r4_7536323_9-486809b730,2026-05-01T12:45:41.832Z,64.194,3,40.78,210,0,0,,,,
powertraces-pt200array_pt220_r4_7536323_9-486809b730,2026-05-01T12:45:41.932Z,64.294,0,37.12,210,0,0,,,,
powertraces-pt200array_pt220_r4_7536323_9-486809b730,2026-05-01T12:45:41.932Z,64.294,1,38.88,210,0,0,,,,
powertraces-pt200array_pt220_r4_7536323_9-486809b730,2026-05-01T12:45:41.932Z,64.294,2,37.41,210,0,0,,,,
powertraces-pt200array_pt220_r4_7536323_9-486809b730,2026-05-01T12:45:41.932Z,64.294,3,40.65,210,0,0,,,,
powertraces-pt200array_pt220_r4_7536323_9-486809b730,2026-05-01T12:45:42.032Z,64.394,0,37.12,210,0,0,,,,
powertraces-pt200array_pt220_r4_7536323_9-486809b730,2026-05-01T12:45:42.032Z,64.394,1,38.88,210,0,0,,,,
powertraces-pt200array_pt220_r4_7536323_9-486809b730,2026-05-01T12:45:42.032Z,64.394,2,37.41,210,0,0,,,,
powertraces-pt200array_pt220_r4_7536323_9-486809b730,2026-05-01T12:45:42.032Z,64.394,3,40.65,210,0,0,,,,
powertraces-pt200array_pt220_r4_7536323_9-486809b730,2026-05-01T12:45:42.132Z,64.494,0,37.12,210,0,0,,,,
powertraces-pt200array_pt220_r4_7536323_9-486809b730,2026-05-01T12:45:42.132Z,64.494,1,38.88,210,0,0,,,,
powertraces-pt200array_pt220_r4_7536323_9-486809b730,2026-05-01T12:45:42.132Z,64.494,2,37.41,210,0,0,,,,
powertraces-pt200array_pt220_r4_7536323_9-486809b730,2026-05-01T12:45:42.132Z,64.494,3,40.65,210,0,0,,,,
powertraces-pt200array_pt220_r4_7536323_9-486809b730,2026-05-01T12:45:42.232Z,64.594,0,37.12,210,0,0,,,,
powertraces-pt200array_pt220_r4_7536323_9-486809b730,2026-05-01T12:45:42.232Z,64.594,1,38.88,210,0,0,,,,
powertraces-pt200array_pt220_r4_7536323_9-486809b730,2026-05-01T12:45:42.232Z,64.594,2,37.41,210,0,0,,,,
powertraces-pt200array_pt220_r4_7536323_9-486809b730,2026-05-01T12:45:42.232Z,64.594,3,40.65,210,0,0,,,,
powertraces-pt200array_pt220_r4_7536323_9-486809b730,2026-05-01T12:45:42.332Z,64.694,0,37.12,210,0,0,,,,
powertraces-pt200array_pt220_r4_7536323_9-486809b730,2026-05-01T12:45:42.332Z,64.694,1,38.77,210,0,0,,,,
powertraces-pt200array_pt220_r4_7536323_9-486809b730,2026-05-01T12:45:42.332Z,64.694,2,37.41,210,0,0,,,,
powertraces-pt200array_pt220_r4_7536323_9-486809b730,2026-05-01T12:45:42.332Z,64.694,3,40.65,210,0,0,,,,
powertraces-pt200array_pt220_r4_7536323_9-486809b730,2026-05-01T12:45:42.432Z,64.794,0,37.12,210,0,0,,,,
powertraces-pt200array_pt220_r4_7536323_9-486809b730,2026-05-01T12:45:42.433Z,64.795,1,38.77,210,0,0,,,,
powertraces-pt200array_pt220_r4_7536323_9-486809b730,2026-05-01T12:45:42.433Z,64.795,2,37.41,210,0,0,,,,
powertraces-pt200array_pt220_r4_7536323_9-486809b730,2026-05-01T12:45:42.433Z,64.795,3,40.65,210,0,0,,,,
powertraces-pt200array_pt220_r4_7536323_9-486809b730,2026-05-01T12:45:42.533Z,64.895,0,37.12,210,0,0,,,,
powertraces-pt200array_pt220_r4_7536323_9-486809b730,2026-05-01T12:45:42.533Z,64.895,1,38.77,210,0,0,,,,
powertraces-pt200array_pt220_r4_7536323_9-486809b730,2026-05-01T12:45:42.533Z,64.895,2,37.41,210,0,0,,,,
powertraces-pt200array_pt220_r4_7536323_9-486809b730,2026-05-01T12:45:42.533Z,64.895,3,40.65,210,0,0,,,,
powertraces-pt200array_pt220_r4_7536323_9-486809b730,2026-05-01T12:45:42.633Z,64.995,0,37.12,210,0,0,,,,
powertraces-pt200array_pt220_r4_7536323_9-486809b730,2026-05-01T12:45:42.633Z,64.995,1,38.77,210,0,0,,,,
powertraces-pt200array_pt220_r4_7536323_9-486809b730,2026-05-01T12:45:42.633Z,64.995,2,37.41,210,0,0,,,,
powertraces-pt200array_pt220_r4_7536323_9-486809b730,2026-05-01T12:45:42.633Z,64.995,3,40.65,210,0,0,,,,
powertraces-pt200array_pt220_r4_7536323_9-486809b730,2026-05-01T12:45:42.733Z,65.095,0,37.07,210,0,0,,,,
powertraces-pt200array_pt220_r4_7536323_9-486809b730,2026-05-01T12:45:42.733Z,65.095,1,38.77,210,0,0,,,,
powertraces-pt200array_pt220_r4_7536323_9-486809b730,2026-05-01T12:45:42.733Z,65.095,2,37.41,210,0,0,,,,
powertraces-pt200array_pt220_r4_7536323_9-486809b730,2026-05-01T12:45:42.733Z,65.095,3,40.65,210,0,0,,,,
powertraces-pt200array_pt220_r4_7536323_9-486809b730,2026-05-01T12:45:42.833Z,65.195,0,37.07,210,0,0,,,,
powertraces-pt200array_pt220_r4_7536323_9-486809b730,2026-05-01T12:45:42.833Z,65.195,1,38.77,210,0,0,,,,
powertraces-pt200array_pt220_r4_7536323_9-486809b730,2026-05-01T12:45:42.833Z,65.195,2,37.41,210,0,0,,,,
powertraces-pt200array_pt220_r4_7536323_9-486809b730,2026-05-01T12:45:42.833Z,65.195,3,40.65,210,0,0,,,,
powertraces-pt200array_pt220_r4_7536323_9-486809b730,2026-05-01T12:45:42.933Z,65.295,0,37.07,210,0,0,,,,
powertraces-pt200array_pt220_r4_7536323_9-486809b730,2026-05-01T12:45:42.933Z,65.295,1,38.77,210,0,0,,,,
powertraces-pt200array_pt220_r4_7536323_9-486809b730,2026-05-01T12:45:42.933Z,65.295,2,37.41,210,0,0,,,,
powertraces-pt200array_pt220_r4_7536323_9-486809b730,2026-05-01T12:45:42.933Z,65.295,3,40.53,210,0,0,,,,
powertraces-pt200array_pt220_r4_7536323_9-486809b730,2026-05-01T12:45:43.033Z,65.395,0,37.07,210,0,0,,,,
powertraces-pt200array_pt220_r4_7536323_9-486809b730,2026-05-01T12:45:43.033Z,65.395,1,38.77,210,0,0,,,,
powertraces-pt200array_pt220_r4_7536323_9-486809b730,2026-05-01T12:45:43.033Z,65.395,2,37.41,210,0,0,,,,
powertraces-pt200array_pt220_r4_7536323_9-486809b730,2026-05-01T12:45:43.033Z,65.395,3,40.53,210,0,0,,,,
powertraces-pt200array_pt220_r4_7536323_9-486809b730,2026-05-01T12:45:43.133Z,65.495,0,37.07,210,0,0,,,,
powertraces-pt200array_pt220_r4_7536323_9-486809b730,2026-05-01T12:45:43.133Z,65.495,1,38.77,210,0,0,,,,
powertraces-pt200array_pt220_r4_7536323_9-486809b730,2026-05-01T12:45:43.133Z,65.495,2,37.41,210,0,0,,,,
powertraces-pt200array_pt220_r4_7536323_9-486809b730,2026-05-01T12:45:43.133Z,65.495,3,40.53,210,0,0,,,,
powertraces-pt200array_pt220_r4_7536323_9-486809b730,2026-05-01T12:45:43.234Z,65.596,0,37.07,210,0,0,,,,
powertraces-pt200array_pt220_r4_7536323_9-486809b730,2026-05-01T12:45:43.234Z,65.596,1,38.77,210,0,0,,,,
powertraces-pt200array_pt220_r4_7536323_9-486809b730,2026-05-01T12:45:43.234Z,65.596,2,37.41,210,0,0,,,,
powertraces-pt200array_pt220_r4_7536323_9-486809b730,2026-05-01T12:45:43.234Z,65.596,3,40.53,210,0,0,,,,
powertraces-pt200array_pt220_r4_7536323_9-486809b730,2026-05-01T12:45:43.334Z,65.696,0,37.07,210,0,0,,,,
powertraces-pt200array_pt220_r4_7536323_9-486809b730,2026-05-01T12:45:43.334Z,65.696,1,38.78,210,0,0,,,,
powertraces-pt200array_pt220_r4_7536323_9-486809b730,2026-05-01T12:45:43.334Z,65.696,2,37.41,210,0,0,,,,
powertraces-pt200array_pt220_r4_7536323_9-486809b730,2026-05-01T12:45:43.334Z,65.696,3,40.53,210,0,0,,,,
powertraces-pt200array_pt220_r4_7536323_9-486809b730,2026-05-01T12:45:43.434Z,65.796,0,37.07,210,0,0,,,,
powertraces-pt200array_pt220_r4_7536323_9-486809b730,2026-05-01T12:45:43.434Z,65.796,1,38.78,210,0,0,,,,
powertraces-pt200array_pt220_r4_7536323_9-486809b730,2026-05-01T12:45:43.434Z,65.796,2,37.41,210,0,0,,,,
powertraces-pt200array_pt220_r4_7536323_9-486809b730,2026-05-01T12:45:43.434Z,65.796,3,40.53,210,0,0,,,,
powertraces-pt200array_pt220_r4_7536323_9-486809b730,2026-05-01T12:45:43.534Z,65.896,0,37.07,210,0,0,,,,
powertraces-pt200array_pt220_r4_7536323_9-486809b730,2026-05-01T12:45:43.534Z,65.896,1,38.78,210,0,0,,,,
powertraces-pt200array_pt220_r4_7536323_9-486809b730,2026-05-01T12:45:43.534Z,65.896,2,37.41,210,0,0,,,,
powertraces-pt200array_pt220_r4_7536323_9-486809b730,2026-05-01T12:45:43.534Z,65.896,3,40.53,210,0,0,,,,
powertraces-pt200array_pt220_r4_7536323_9-486809b730,2026-05-01T12:45:43.634Z,65.996,0,37.07,210,0,0,,,,
powertraces-pt200array_pt220_r4_7536323_9-486809b730,2026-05-01T12:45:43.634Z,65.996,1,38.78,210,0,0,,,,
powertraces-pt200array_pt220_r4_7536323_9-486809b730,2026-05-01T12:45:43.634Z,65.996,2,37.41,210,0,0,,,,
powertraces-pt200array_pt220_r4_7536323_9-486809b730,2026-05-01T12:45:43.634Z,65.996,3,40.53,210,0,0,,,,
powertraces-pt200array_pt220_r4_7536323_9-486809b730,2026-05-01T12:45:43.734Z,66.096,0,37.07,210,0,0,,,,
powertraces-pt200array_pt220_r4_7536323_9-486809b730,2026-05-01T12:45:43.734Z,66.096,1,38.78,210,0,0,,,,
powertraces-pt200array_pt220_r4_7536323_9-486809b730,2026-05-01T12:45:43.734Z,66.096,2,37.41,210,0,0,,,,
powertraces-pt200array_pt220_r4_7536323_9-486809b730,2026-05-01T12:45:43.734Z,66.096,3,40.53,210,0,0,,,,
powertraces-pt200array_pt220_r4_7536323_9-486809b730,2026-05-01T12:45:43.834Z,66.196,0,37.07,210,0,0,,,,
powertraces-pt200array_pt220_r4_7536323_9-486809b730,2026-05-01T12:45:43.834Z,66.196,1,38.78,210,0,0,,,,
powertraces-pt200array_pt220_r4_7536323_9-486809b730,2026-05-01T12:45:43.834Z,66.196,2,37.41,210,0,0,,,,
powertraces-pt200array_pt220_r4_7536323_9-486809b730,2026-05-01T12:45:43.834Z,66.196,3,40.53,210,0,0,,,,
powertraces-pt200array_pt220_r4_7536323_9-486809b730,2026-05-01T12:45:43.935Z,66.297,0,37.07,210,0,0,,,,
powertraces-pt200array_pt220_r4_7536323_9-486809b730,2026-05-01T12:45:43.935Z,66.297,1,38.78,210,0,0,,,,
powertraces-pt200array_pt220_r4_7536323_9-486809b730,2026-05-01T12:45:43.935Z,66.297,2,37.41,210,0,0,,,,
powertraces-pt200array_pt220_r4_7536323_9-486809b730,2026-05-01T12:45:43.935Z,66.297,3,40.53,210,0,0,,,,
powertraces-pt200array_pt220_r4_7536323_9-486809b730,2026-05-01T12:45:44.035Z,66.397,0,37.07,210,0,0,,,,
powertraces-pt200array_pt220_r4_7536323_9-486809b730,2026-05-01T12:45:44.035Z,66.397,1,38.78,210,0,0,,,,
powertraces-pt200array_pt220_r4_7536323_9-486809b730,2026-05-01T12:45:44.035Z,66.397,2,37.41,210,0,0,,,,
powertraces-pt200array_pt220_r4_7536323_9-486809b730,2026-05-01T12:45:44.035Z,66.397,3,40.53,210,0,0,,,,
powertraces-pt200array_pt220_r4_7536323_9-486809b730,2026-05-01T12:45:44.135Z,66.497,0,37.07,210,0,0,,,,
powertraces-pt200array_pt220_r4_7536323_9-486809b730,2026-05-01T12:45:44.135Z,66.497,1,38.78,210,0,0,,,,
powertraces-pt200array_pt220_r4_7536323_9-486809b730,2026-05-01T12:45:44.135Z,66.497,2,37.41,210,0,0,,,,
powertraces-pt200array_pt220_r4_7536323_9-486809b730,2026-05-01T12:45:44.135Z,66.497,3,40.53,210,0,0,,,,
powertraces-pt200array_pt220_r4_7536323_9-486809b730,2026-05-01T12:45:44.235Z,66.597,0,37.07,210,0,0,,,,
powertraces-pt200array_pt220_r4_7536323_9-486809b730,2026-05-01T12:45:44.235Z,66.597,1,38.78,210,0,0,,,,
powertraces-pt200array_pt220_r4_7536323_9-486809b730,2026-05-01T12:45:44.235Z,66.597,2,37.41,210,0,0,,,,
powertraces-pt200array_pt220_r4_7536323_9-486809b730,2026-05-01T12:45:44.235Z,66.597,3,40.53,210,0,0,,,,
powertraces-pt200array_pt220_r4_7536323_9-486809b730,2026-05-01T12:45:44.335Z,66.697,0,37.07,210,0,0,,,,
powertraces-pt200array_pt220_r4_7536323_9-486809b730,2026-05-01T12:45:44.335Z,66.697,1,38.78,210,0,0,,,,
powertraces-pt200array_pt220_r4_7536323_9-486809b730,2026-05-01T12:45:44.335Z,66.697,2,37.41,210,0,0,,,,
powertraces-pt200array_pt220_r4_7536323_9-486809b730,2026-05-01T12:45:44.335Z,66.697,3,40.53,210,0,0,,,,
powertraces-pt200array_pt220_r4_7536323_9-486809b730,2026-05-01T12:45:44.435Z,66.797,0,37.07,210,0,0,,,,
powertraces-pt200array_pt220_r4_7536323_9-486809b730,2026-05-01T12:45:44.435Z,66.797,1,38.78,210,0,0,,,,
powertraces-pt200array_pt220_r4_7536323_9-486809b730,2026-05-01T12:45:44.435Z,66.797,2,37.41,210,0,0,,,,
powertraces-pt200array_pt220_r4_7536323_9-486809b730,2026-05-01T12:45:44.435Z,66.797,3,40.53,210,0,0,,,,
powertraces-pt200array_pt220_r4_7536323_9-486809b730,2026-05-01T12:45:44.535Z,66.897,0,37.07,210,0,0,,,,
powertraces-pt200array_pt220_r4_7536323_9-486809b730,2026-05-01T12:45:44.535Z,66.897,1,38.78,210,0,0,,,,
powertraces-pt200array_pt220_r4_7536323_9-486809b730,2026-05-01T12:45:44.535Z,66.897,2,37.41,210,0,0,,,,
powertraces-pt200array_pt220_r4_7536323_9-486809b730,2026-05-01T12:45:44.535Z,66.897,3,40.53,210,0,0,,,,
powertraces-pt200array_pt220_r4_7536323_9-486809b730,2026-05-01T12:45:44.636Z,66.998,0,37.07,210,0,0,,,,
powertraces-pt200array_pt220_r4_7536323_9-486809b730,2026-05-01T12:45:44.636Z,66.998,1,38.78,210,0,0,,,,
powertraces-pt200array_pt220_r4_7536323_9-486809b730,2026-05-01T12:45:44.636Z,66.998,2,37.41,210,0,0,,,,
powertraces-pt200array_pt220_r4_7536323_9-486809b730,2026-05-01T12:45:44.636Z,66.998,3,40.53,210,0,0,,,,
powertraces-pt200array_pt220_r4_7536323_9-486809b730,2026-05-01T12:45:44.736Z,67.098,0,37.12,210,0,0,,,,
powertraces-pt200array_pt220_r4_7536323_9-486809b730,2026-05-01T12:45:44.736Z,67.098,1,38.78,210,0,0,,,,
powertraces-pt200array_pt220_r4_7536323_9-486809b730,2026-05-01T12:45:44.736Z,67.098,2,37.41,210,0,0,,,,
powertraces-pt200array_pt220_r4_7536323_9-486809b730,2026-05-01T12:45:44.736Z,67.098,3,40.53,210,0,0,,,,
powertraces-pt200array_pt220_r4_7536323_9-486809b730,2026-05-01T12:45:44.836Z,67.198,0,37.12,210,0,0,,,,
powertraces-pt200array_pt220_r4_7536323_9-486809b730,2026-05-01T12:45:44.836Z,67.198,1,38.78,210,0,0,,,,
powertraces-pt200array_pt220_r4_7536323_9-486809b730,2026-05-01T12:45:44.836Z,67.198,2,37.41,210,0,0,,,,
powertraces-pt200array_pt220_r4_7536323_9-486809b730,2026-05-01T12:45:44.836Z,67.198,3,40.53,210,0,0,,,,
powertraces-pt200array_pt220_r4_7536323_9-486809b730,2026-05-01T12:45:44.936Z,67.298,0,37.12,210,0,0,,,,
powertraces-pt200array_pt220_r4_7536323_9-486809b730,2026-05-01T12:45:44.936Z,67.298,1,38.78,210,0,0,,,,
powertraces-pt200array_pt220_r4_7536323_9-486809b730,2026-05-01T12:45:44.936Z,67.298,2,37.41,210,0,0,,,,
powertraces-pt200array_pt220_r4_7536323_9-486809b730,2026-05-01T12:45:44.936Z,67.298,3,40.53,210,0,0,,,,
powertraces-pt200array_pt220_r4_7536323_9-486809b730,2026-05-01T12:45:45.036Z,67.398,0,37.12,210,0,0,,,,
powertraces-pt200array_pt220_r4_7536323_9-486809b730,2026-05-01T12:45:45.036Z,67.398,1,38.78,210,0,0,,,,
powertraces-pt200array_pt220_r4_7536323_9-486809b730,2026-05-01T12:45:45.036Z,67.398,2,37.41,210,0,0,,,,
powertraces-pt200array_pt220_r4_7536323_9-486809b730,2026-05-01T12:45:45.036Z,67.398,3,40.53,210,0,0,,,,
powertraces-pt200array_pt220_r4_7536323_9-486809b730,2026-05-01T12:45:45.136Z,67.498,0,37.12,210,0,0,,,,
powertraces-pt200array_pt220_r4_7536323_9-486809b730,2026-05-01T12:45:45.136Z,67.498,1,38.78,210,0,0,,,,
powertraces-pt200array_pt220_r4_7536323_9-486809b730,2026-05-01T12:45:45.136Z,67.498,2,37.41,210,0,0,,,,
powertraces-pt200array_pt220_r4_7536323_9-486809b730,2026-05-01T12:45:45.136Z,67.498,3,40.53,210,0,0,,,,
powertraces-pt200array_pt220_r4_7536323_9-486809b730,2026-05-01T12:45:45.236Z,67.598,0,37.12,210,0,0,,,,
powertraces-pt200array_pt220_r4_7536323_9-486809b730,2026-05-01T12:45:45.237Z,67.599,1,38.78,210,0,0,,,,
powertraces-pt200array_pt220_r4_7536323_9-486809b730,2026-05-01T12:45:45.237Z,67.599,2,37.41,210,0,0,,,,
powertraces-pt200array_pt220_r4_7536323_9-486809b730,2026-05-01T12:45:45.237Z,67.599,3,40.53,210,0,0,,,,
powertraces-pt200array_pt220_r4_7536323_9-486809b730,2026-05-01T12:45:45.337Z,67.699,0,37.12,210,0,0,,,,
powertraces-pt200array_pt220_r4_7536323_9-486809b730,2026-05-01T12:45:45.337Z,67.699,1,38.66,210,0,0,,,,
powertraces-pt200array_pt220_r4_7536323_9-486809b730,2026-05-01T12:45:45.337Z,67.699,2,37.41,210,0,0,,,,
powertraces-pt200array_pt220_r4_7536323_9-486809b730,2026-05-01T12:45:45.337Z,67.699,3,40.53,210,0,0,,,,
powertraces-pt200array_pt220_r4_7536323_9-486809b730,2026-05-01T12:45:45.437Z,67.799,0,37.12,210,0,0,,,,
powertraces-pt200array_pt220_r4_7536323_9-486809b730,2026-05-01T12:45:45.437Z,67.799,1,38.66,210,0,0,,,,
powertraces-pt200array_pt220_r4_7536323_9-486809b730,2026-05-01T12:45:45.437Z,67.799,2,37.41,210,0,0,,,,
powertraces-pt200array_pt220_r4_7536323_9-486809b730,2026-05-01T12:45:45.437Z,67.799,3,40.53,210,0,0,,,,
powertraces-pt200array_pt220_r4_7536323_9-486809b730,2026-05-01T12:45:45.537Z,67.899,0,37.12,210,0,0,,,,
powertraces-pt200array_pt220_r4_7536323_9-486809b730,2026-05-01T12:45:45.537Z,67.899,1,38.66,210,0,0,,,,
powertraces-pt200array_pt220_r4_7536323_9-486809b730,2026-05-01T12:45:45.537Z,67.899,2,37.41,210,0,0,,,,
powertraces-pt200array_pt220_r4_7536323_9-486809b730,2026-05-01T12:45:45.537Z,67.899,3,40.53,210,0,0,,,,
powertraces-pt200array_pt220_r4_7536323_9-486809b730,2026-05-01T12:45:45.637Z,67.999,0,37.12,210,0,0,,,,
powertraces-pt200array_pt220_r4_7536323_9-486809b730,2026-05-01T12:45:45.637Z,67.999,1,38.66,210,0,0,,,,
powertraces-pt200array_pt220_r4_7536323_9-486809b730,2026-05-01T12:45:45.637Z,67.999,2,37.41,210,0,0,,,,
powertraces-pt200array_pt220_r4_7536323_9-486809b730,2026-05-01T12:45:45.637Z,67.999,3,40.53,210,0,0,,,,
powertraces-pt200array_pt220_r4_7536323_9-486809b730,2026-05-01T12:45:45.737Z,68.099,0,37.12,210,0,0,,,,
powertraces-pt200array_pt220_r4_7536323_9-486809b730,2026-05-01T12:45:45.737Z,68.099,1,38.66,210,0,0,,,,
powertraces-pt200array_pt220_r4_7536323_9-486809b730,2026-05-01T12:45:45.737Z,68.099,2,37.41,210,0,0,,,,
powertraces-pt200array_pt220_r4_7536323_9-486809b730,2026-05-01T12:45:45.737Z,68.099,3,40.53,210,0,0,,,,
powertraces-pt200array_pt220_r4_7536323_9-486809b730,2026-05-01T12:45:45.837Z,68.199,0,37.12,210,0,0,,,,
powertraces-pt200array_pt220_r4_7536323_9-486809b730,2026-05-01T12:45:45.837Z,68.199,1,38.66,210,0,0,,,,
powertraces-pt200array_pt220_r4_7536323_9-486809b730,2026-05-01T12:45:45.837Z,68.199,2,37.41,210,0,0,,,,
powertraces-pt200array_pt220_r4_7536323_9-486809b730,2026-05-01T12:45:45.837Z,68.199,3,40.53,210,0,0,,,,
powertraces-pt200array_pt220_r4_7536323_9-486809b730,2026-05-01T12:45:45.937Z,68.299,0,37.12,210,0,0,,,,
powertraces-pt200array_pt220_r4_7536323_9-486809b730,2026-05-01T12:45:45.937Z,68.299,1,38.66,210,0,0,,,,
powertraces-pt200array_pt220_r4_7536323_9-486809b730,2026-05-01T12:45:45.937Z,68.299,2,37.41,210,0,0,,,,
powertraces-pt200array_pt220_r4_7536323_9-486809b730,2026-05-01T12:45:45.937Z,68.299,3,40.53,210,0,0,,,,
powertraces-pt200array_pt220_r4_7536323_9-486809b730,2026-05-01T12:45:46.038Z,68.4,0,37.12,210,0,0,,,,
powertraces-pt200array_pt220_r4_7536323_9-486809b730,2026-05-01T12:45:46.038Z,68.4,1,38.66,210,0,0,,,,
powertraces-pt200array_pt220_r4_7536323_9-486809b730,2026-05-01T12:45:46.038Z,68.4,2,37.41,210,0,0,,,,
powertraces-pt200array_pt220_r4_7536323_9-486809b730,2026-05-01T12:45:46.038Z,68.4,3,40.53,210,0,0,,,,
powertraces-pt200array_pt220_r4_7536323_9-486809b730,2026-05-01T12:45:46.138Z,68.5,0,37.12,210,0,0,,,,
powertraces-pt200array_pt220_r4_7536323_9-486809b730,2026-05-01T12:45:46.138Z,68.5,1,38.66,210,0,0,,,,
powertraces-pt200array_pt220_r4_7536323_9-486809b730,2026-05-01T12:45:46.138Z,68.5,2,37.41,210,0,0,,,,
powertraces-pt200array_pt220_r4_7536323_9-486809b730,2026-05-01T12:45:46.138Z,68.5,3,40.53,210,0,0,,,,
powertraces-pt200array_pt220_r4_7536323_9-486809b730,2026-05-01T12:45:46.238Z,68.6,0,37.12,210,0,0,,,,
powertraces-pt200array_pt220_r4_7536323_9-486809b730,2026-05-01T12:45:46.238Z,68.6,1,38.66,210,0,0,,,,
powertraces-pt200array_pt220_r4_7536323_9-486809b730,2026-05-01T12:45:46.238Z,68.6,2,37.41,210,0,0,,,,
powertraces-pt200array_pt220_r4_7536323_9-486809b730,2026-05-01T12:45:46.238Z,68.6,3,40.53,210,0,0,,,,
powertraces-pt200array_pt220_r4_7536323_9-486809b730,2026-05-01T12:45:46.338Z,68.7,0,37.12,210,0,0,,,,
powertraces-pt200array_pt220_r4_7536323_9-486809b730,2026-05-01T12:45:46.338Z,68.7,1,38.65,210,0,0,,,,
powertraces-pt200array_pt220_r4_7536323_9-486809b730,2026-05-01T12:45:46.338Z,68.7,2,37.41,210,0,0,,,,
powertraces-pt200array_pt220_r4_7536323_9-486809b730,2026-05-01T12:45:46.338Z,68.7,3,40.53,210,0,0,,,,
powertraces-pt200array_pt220_r4_7536323_9-486809b730,2026-05-01T12:45:46.438Z,68.8,0,37.12,210,0,0,,,,
powertraces-pt200array_pt220_r4_7536323_9-486809b730,2026-05-01T12:45:46.438Z,68.8,1,38.65,210,0,0,,,,
powertraces-pt200array_pt220_r4_7536323_9-486809b730,2026-05-01T12:45:46.438Z,68.8,2,37.41,210,0,0,,,,
powertraces-pt200array_pt220_r4_7536323_9-486809b730,2026-05-01T12:45:46.438Z,68.8,3,40.53,210,0,0,,,,
powertraces-pt200array_pt220_r4_7536323_9-486809b730,2026-05-01T12:45:46.538Z,68.9,0,37.12,210,0,0,,,,
powertraces-pt200array_pt220_r4_7536323_9-486809b730,2026-05-01T12:45:46.538Z,68.9,1,38.65,210,0,0,,,,
powertraces-pt200array_pt220_r4_7536323_9-486809b730,2026-05-01T12:45:46.538Z,68.9,2,37.41,210,0,0,,,,
powertraces-pt200array_pt220_r4_7536323_9-486809b730,2026-05-01T12:45:46.538Z,68.9,3,40.53,210,0,0,,,,
powertraces-pt200array_pt220_r4_7536323_9-486809b730,2026-05-01T12:45:46.638Z,69.0,0,37.12,210,0,0,,,,
powertraces-pt200array_pt220_r4_7536323_9-486809b730,2026-05-01T12:45:46.638Z,69.0,1,38.65,210,0,0,,,,
powertraces-pt200array_pt220_r4_7536323_9-486809b730,2026-05-01T12:45:46.638Z,69.0,2,37.41,210,0,0,,,,
powertraces-pt200array_pt220_r4_7536323_9-486809b730,2026-05-01T12:45:46.638Z,69.0,3,40.53,210,0,0,,,,
powertraces-pt200array_pt220_r4_7536323_9-486809b730,2026-05-01T12:45:46.738Z,69.1,0,37.12,210,0,0,,,,
powertraces-pt200array_pt220_r4_7536323_9-486809b730,2026-05-01T12:45:46.739Z,69.101,1,38.65,210,0,0,,,,
powertraces-pt200array_pt220_r4_7536323_9-486809b730,2026-05-01T12:45:46.739Z,69.101,2,37.41,210,0,0,,,,
powertraces-pt200array_pt220_r4_7536323_9-486809b730,2026-05-01T12:45:46.739Z,69.101,3,40.53,210,0,0,,,,
powertraces-pt200array_pt220_r4_7536323_9-486809b730,2026-05-01T12:45:46.839Z,69.201,0,37.12,210,0,0,,,,
powertraces-pt200array_pt220_r4_7536323_9-486809b730,2026-05-01T12:45:46.839Z,69.201,1,38.65,210,0,0,,,,
powertraces-pt200array_pt220_r4_7536323_9-486809b730,2026-05-01T12:45:46.839Z,69.201,2,37.41,210,0,0,,,,
powertraces-pt200array_pt220_r4_7536323_9-486809b730,2026-05-01T12:45:46.839Z,69.201,3,40.53,210,0,0,,,,
powertraces-pt200array_pt220_r4_7536323_9-486809b730,2026-05-01T12:45:46.939Z,69.301,0,37.12,210,0,0,,,,
powertraces-pt200array_pt220_r4_7536323_9-486809b730,2026-05-01T12:45:46.939Z,69.301,1,38.65,210,0,0,,,,
powertraces-pt200array_pt220_r4_7536323_9-486809b730,2026-05-01T12:45:46.939Z,69.301,2,37.41,210,0,0,,,,
powertraces-pt200array_pt220_r4_7536323_9-486809b730,2026-05-01T12:45:46.939Z,69.301,3,40.53,210,0,0,,,,
powertraces-pt200array_pt220_r4_7536323_9-486809b730,2026-05-01T12:45:47.039Z,69.401,0,37.12,210,0,0,,,,
powertraces-pt200array_pt220_r4_7536323_9-486809b730,2026-05-01T12:45:47.039Z,69.401,1,38.65,210,0,0,,,,
powertraces-pt200array_pt220_r4_7536323_9-486809b730,2026-05-01T12:45:47.039Z,69.401,2,37.41,210,0,0,,,,
powertraces-pt200array_pt220_r4_7536323_9-486809b730,2026-05-01T12:45:47.039Z,69.401,3,40.53,210,0,0,,,,
powertraces-pt200array_pt220_r4_7536323_9-486809b730,2026-05-01T12:45:47.139Z,69.501,0,37.12,210,0,0,,,,
powertraces-pt200array_pt220_r4_7536323_9-486809b730,2026-05-01T12:45:47.139Z,69.501,1,38.65,210,0,0,,,,
powertraces-pt200array_pt220_r4_7536323_9-486809b730,2026-05-01T12:45:47.139Z,69.501,2,37.41,210,0,0,,,,
powertraces-pt200array_pt220_r4_7536323_9-486809b730,2026-05-01T12:45:47.139Z,69.501,3,40.53,210,0,0,,,,
powertraces-pt200array_pt220_r4_7536323_9-486809b730,2026-05-01T12:45:47.239Z,69.601,0,37.12,210,0,0,,,,
powertraces-pt200array_pt220_r4_7536323_9-486809b730,2026-05-01T12:45:47.239Z,69.601,1,38.65,210,0,0,,,,
powertraces-pt200array_pt220_r4_7536323_9-486809b730,2026-05-01T12:45:47.239Z,69.601,2,37.41,210,0,0,,,,
powertraces-pt200array_pt220_r4_7536323_9-486809b730,2026-05-01T12:45:47.239Z,69.601,3,40.53,210,0,0,,,,
powertraces-pt200array_pt220_r4_7536323_9-486809b730,2026-05-01T12:45:47.339Z,69.701,0,37.12,210,0,0,,,,
powertraces-pt200array_pt220_r4_7536323_9-486809b730,2026-05-01T12:45:47.339Z,69.701,1,38.64,210,0,0,,,,
powertraces-pt200array_pt220_r4_7536323_9-486809b730,2026-05-01T12:45:47.339Z,69.701,2,37.41,210,0,0,,,,
powertraces-pt200array_pt220_r4_7536323_9-486809b730,2026-05-01T12:45:47.339Z,69.701,3,40.53,210,0,0,,,,
powertraces-pt200array_pt220_r4_7536323_9-486809b730,2026-05-01T12:45:47.44Z,69.802,0,37.12,210,0,0,,,,
powertraces-pt200array_pt220_r4_7536323_9-486809b730,2026-05-01T12:45:47.44Z,69.802,1,38.64,210,0,0,,,,
powertraces-pt200array_pt220_r4_7536323_9-486809b730,2026-05-01T12:45:47.44Z,69.802,2,37.41,210,0,0,,,,
powertraces-pt200array_pt220_r4_7536323_9-486809b730,2026-05-01T12:45:47.44Z,69.802,3,40.53,210,0,0,,,,
powertraces-pt200array_pt220_r4_7536323_9-486809b730,2026-05-01T12:45:47.54Z,69.902,0,37.12,210,0,0,,,,
powertraces-pt200array_pt220_r4_7536323_9-486809b730,2026-05-01T12:45:47.54Z,69.902,1,38.64,210,0,0,,,,
powertraces-pt200array_pt220_r4_7536323_9-486809b730,2026-05-01T12:45:47.54Z,69.902,2,37.41,210,0,0,,,,
powertraces-pt200array_pt220_r4_7536323_9-486809b730,2026-05-01T12:45:47.54Z,69.902,3,40.53,210,0,0,,,,
powertraces-pt200array_pt220_r4_7536323_9-486809b730,2026-05-01T12:45:47.64Z,70.002,0,37.12,210,0,0,,,,
powertraces-pt200array_pt220_r4_7536323_9-486809b730,2026-05-01T12:45:47.64Z,70.002,1,38.64,210,0,0,,,,
powertraces-pt200array_pt220_r4_7536323_9-486809b730,2026-05-01T12:45:47.64Z,70.002,2,37.41,210,0,0,,,,
powertraces-pt200array_pt220_r4_7536323_9-486809b730,2026-05-01T12:45:47.64Z,70.002,3,40.53,210,0,0,,,,
powertraces-pt200array_pt220_r4_7536323_9-486809b730,2026-05-01T12:45:47.74Z,70.102,0,37.16,210,0,0,,,,
powertraces-pt200array_pt220_r4_7536323_9-486809b730,2026-05-01T12:45:47.74Z,70.102,1,38.64,210,0,0,,,,
powertraces-pt200array_pt220_r4_7536323_9-486809b730,2026-05-01T12:45:47.74Z,70.102,2,37.41,210,0,0,,,,
powertraces-pt200array_pt220_r4_7536323_9-486809b730,2026-05-01T12:45:47.74Z,70.102,3,40.53,210,0,0,,,,
powertraces-pt200array_pt220_r4_7536323_9-486809b730,2026-05-01T12:45:47.84Z,70.202,0,37.16,210,0,0,,,,
powertraces-pt200array_pt220_r4_7536323_9-486809b730,2026-05-01T12:45:47.84Z,70.202,1,38.64,210,0,0,,,,
powertraces-pt200array_pt220_r4_7536323_9-486809b730,2026-05-01T12:45:47.84Z,70.202,2,37.41,210,0,0,,,,
powertraces-pt200array_pt220_r4_7536323_9-486809b730,2026-05-01T12:45:47.84Z,70.202,3,40.53,210,0,0,,,,
powertraces-pt200array_pt220_r4_7536323_9-486809b730,2026-05-01T12:45:47.94Z,70.302,0,37.16,210,0,0,,,,
powertraces-pt200array_pt220_r4_7536323_9-486809b730,2026-05-01T12:45:47.94Z,70.302,1,38.64,210,0,0,,,,
powertraces-pt200array_pt220_r4_7536323_9-486809b730,2026-05-01T12:45:47.94Z,70.302,2,37.41,210,0,0,,,,
powertraces-pt200array_pt220_r4_7536323_9-486809b730,2026-05-01T12:45:47.94Z,70.302,3,40.53,210,0,0,,,,
powertraces-pt200array_pt220_r4_7536323_9-486809b730,2026-05-01T12:45:48.04Z,70.402,0,37.16,210,0,0,,,,
powertraces-pt200array_pt220_r4_7536323_9-486809b730,2026-05-01T12:45:48.04Z,70.402,1,38.64,210,0,0,,,,
powertraces-pt200array_pt220_r4_7536323_9-486809b730,2026-05-01T12:45:48.04Z,70.402,2,37.41,210,0,0,,,,
powertraces-pt200array_pt220_r4_7536323_9-486809b730,2026-05-01T12:45:48.04Z,70.402,3,40.53,210,0,0,,,,
powertraces-pt200array_pt220_r4_7536323_9-486809b730,2026-05-01T12:45:48.14Z,70.502,0,37.16,210,0,0,,,,
powertraces-pt200array_pt220_r4_7536323_9-486809b730,2026-05-01T12:45:48.141Z,70.503,1,38.64,210,0,0,,,,
powertraces-pt200array_pt220_r4_7536323_9-486809b730,2026-05-01T12:45:48.141Z,70.503,2,37.41,210,0,0,,,,
powertraces-pt200array_pt220_r4_7536323_9-486809b730,2026-05-01T12:45:48.141Z,70.503,3,40.53,210,0,0,,,,
powertraces-pt200array_pt220_r4_7536323_9-486809b730,2026-05-01T12:45:48.241Z,70.603,0,37.16,210,0,0,,,,
powertraces-pt200array_pt220_r4_7536323_9-486809b730,2026-05-01T12:45:48.241Z,70.603,1,38.64,210,0,0,,,,
powertraces-pt200array_pt220_r4_7536323_9-486809b730,2026-05-01T12:45:48.241Z,70.603,2,37.41,210,0,0,,,,
powertraces-pt200array_pt220_r4_7536323_9-486809b730,2026-05-01T12:45:48.241Z,70.603,3,40.53,210,0,0,,,,
powertraces-pt200array_pt220_r4_7536323_9-486809b730,2026-05-01T12:45:48.341Z,70.703,0,37.16,210,0,0,,,,
powertraces-pt200array_pt220_r4_7536323_9-486809b730,2026-05-01T12:45:48.341Z,70.703,1,38.64,210,0,0,,,,
powertraces-pt200array_pt220_r4_7536323_9-486809b730,2026-05-01T12:45:48.341Z,70.703,2,37.41,210,0,0,,,,
powertraces-pt200array_pt220_r4_7536323_9-486809b730,2026-05-01T12:45:48.341Z,70.703,3,40.53,210,0,0,,,,
powertraces-pt200array_pt220_r4_7536323_9-486809b730,2026-05-01T12:45:48.441Z,70.803,0,37.16,210,0,0,,,,
powertraces-pt200array_pt220_r4_7536323_9-486809b730,2026-05-01T12:45:48.441Z,70.803,1,38.64,210,0,0,,,,
powertraces-pt200array_pt220_r4_7536323_9-486809b730,2026-05-01T12:45:48.441Z,70.803,2,37.41,210,0,0,,,,
powertraces-pt200array_pt220_r4_7536323_9-486809b730,2026-05-01T12:45:48.441Z,70.803,3,40.53,210,0,0,,,,
powertraces-pt200array_pt220_r4_7536323_9-486809b730,2026-05-01T12:45:48.541Z,70.903,0,37.16,210,0,0,,,,
powertraces-pt200array_pt220_r4_7536323_9-486809b730,2026-05-01T12:45:48.541Z,70.903,1,38.64,210,0,0,,,,
powertraces-pt200array_pt220_r4_7536323_9-486809b730,2026-05-01T12:45:48.541Z,70.903,2,37.41,210,0,0,,,,
powertraces-pt200array_pt220_r4_7536323_9-486809b730,2026-05-01T12:45:48.541Z,70.903,3,40.53,210,0,0,,,,
powertraces-pt200array_pt220_r4_7536323_9-486809b730,2026-05-01T12:45:48.641Z,71.003,0,37.16,210,0,0,,,,
powertraces-pt200array_pt220_r4_7536323_9-486809b730,2026-05-01T12:45:48.641Z,71.003,1,38.64,210,0,0,,,,
powertraces-pt200array_pt220_r4_7536323_9-486809b730,2026-05-01T12:45:48.641Z,71.003,2,37.41,210,0,0,,,,
powertraces-pt200array_pt220_r4_7536323_9-486809b730,2026-05-01T12:45:48.641Z,71.003,3,40.53,210,0,0,,,,
powertraces-pt200array_pt220_r4_7536323_9-486809b730,2026-05-01T12:45:48.741Z,71.103,0,37.16,210,0,0,,,,
powertraces-pt200array_pt220_r4_7536323_9-486809b730,2026-05-01T12:45:48.742Z,71.104,1,38.64,210,0,0,,,,
powertraces-pt200array_pt220_r4_7536323_9-486809b730,2026-05-01T12:45:48.742Z,71.104,2,37.41,210,0,0,,,,
powertraces-pt200array_pt220_r4_7536323_9-486809b730,2026-05-01T12:45:48.742Z,71.104,3,40.53,210,0,0,,,,
powertraces-pt200array_pt220_r4_7536323_9-486809b730,2026-05-01T12:45:48.842Z,71.204,0,37.16,210,0,0,,,,
powertraces-pt200array_pt220_r4_7536323_9-486809b730,2026-05-01T12:45:48.842Z,71.204,1,38.64,210,0,0,,,,
powertraces-pt200array_pt220_r4_7536323_9-486809b730,2026-05-01T12:45:48.842Z,71.204,2,37.41,210,0,0,,,,
powertraces-pt200array_pt220_r4_7536323_9-486809b730,2026-05-01T12:45:48.842Z,71.204,3,40.53,210,0,0,,,,
powertraces-pt200array_pt220_r4_7536323_9-486809b730,2026-05-01T12:45:48.942Z,71.304,0,37.16,210,0,0,,,,
powertraces-pt200array_pt220_r4_7536323_9-486809b730,2026-05-01T12:45:48.942Z,71.304,1,38.64,210,0,0,,,,
powertraces-pt200array_pt220_r4_7536323_9-486809b730,2026-05-01T12:45:48.942Z,71.304,2,37.41,210,0,0,,,,
powertraces-pt200array_pt220_r4_7536323_9-486809b730,2026-05-01T12:45:48.942Z,71.304,3,40.53,210,0,0,,,,
powertraces-pt200array_pt220_r4_7536323_9-486809b730,2026-05-01T12:45:49.042Z,71.404,0,37.16,210,0,0,,,,
powertraces-pt200array_pt220_r4_7536323_9-486809b730,2026-05-01T12:45:49.042Z,71.404,1,38.64,210,0,0,,,,
powertraces-pt200array_pt220_r4_7536323_9-486809b730,2026-05-01T12:45:49.042Z,71.404,2,37.41,210,0,0,,,,
powertraces-pt200array_pt220_r4_7536323_9-486809b730,2026-05-01T12:45:49.042Z,71.404,3,40.53,210,0,0,,,,
powertraces-pt200array_pt220_r4_7536323_9-486809b730,2026-05-01T12:45:49.142Z,71.504,0,37.16,210,0,0,,,,
powertraces-pt200array_pt220_r4_7536323_9-486809b730,2026-05-01T12:45:49.142Z,71.504,1,38.64,210,0,0,,,,
powertraces-pt200array_pt220_r4_7536323_9-486809b730,2026-05-01T12:45:49.142Z,71.504,2,37.41,210,0,0,,,,
powertraces-pt200array_pt220_r4_7536323_9-486809b730,2026-05-01T12:45:49.142Z,71.504,3,40.53,210,0,0,,,,
powertraces-pt200array_pt220_r4_7536323_9-486809b730,2026-05-01T12:45:49.242Z,71.604,0,37.16,210,0,0,,,,
powertraces-pt200array_pt220_r4_7536323_9-486809b730,2026-05-01T12:45:49.242Z,71.604,1,38.64,210,0,0,,,,
powertraces-pt200array_pt220_r4_7536323_9-486809b730,2026-05-01T12:45:49.242Z,71.604,2,37.41,210,0,0,,,,
powertraces-pt200array_pt220_r4_7536323_9-486809b730,2026-05-01T12:45:49.242Z,71.604,3,40.53,210,0,0,,,,
powertraces-pt200array_pt220_r4_7536323_9-486809b730,2026-05-01T12:45:49.342Z,71.704,0,37.16,210,0,0,,,,
powertraces-pt200array_pt220_r4_7536323_9-486809b730,2026-05-01T12:45:49.342Z,71.704,1,38.65,210,0,0,,,,
powertraces-pt200array_pt220_r4_7536323_9-486809b730,2026-05-01T12:45:49.342Z,71.704,2,37.41,210,0,0,,,,
powertraces-pt200array_pt220_r4_7536323_9-486809b730,2026-05-01T12:45:49.342Z,71.704,3,40.53,210,0,0,,,,
powertraces-pt200array_pt220_r4_7536323_9-486809b730,2026-05-01T12:45:49.443Z,71.805,0,37.16,210,0,0,,,,
powertraces-pt200array_pt220_r4_7536323_9-486809b730,2026-05-01T12:45:49.443Z,71.805,1,38.65,210,0,0,,,,
powertraces-pt200array_pt220_r4_7536323_9-486809b730,2026-05-01T12:45:49.443Z,71.805,2,37.41,210,0,0,,,,
powertraces-pt200array_pt220_r4_7536323_9-486809b730,2026-05-01T12:45:49.443Z,71.805,3,40.53,210,0,0,,,,
powertraces-pt200array_pt220_r4_7536323_9-486809b730,2026-05-01T12:45:49.543Z,71.905,0,37.16,210,0,0,,,,
powertraces-pt200array_pt220_r4_7536323_9-486809b730,2026-05-01T12:45:49.543Z,71.905,1,38.65,210,0,0,,,,
powertraces-pt200array_pt220_r4_7536323_9-486809b730,2026-05-01T12:45:49.543Z,71.905,2,37.41,210,0,0,,,,
powertraces-pt200array_pt220_r4_7536323_9-486809b730,2026-05-01T12:45:49.543Z,71.905,3,40.53,210,0,0,,,,
powertraces-pt200array_pt220_r4_7536323_9-486809b730,2026-05-01T12:45:49.643Z,72.005,0,37.16,210,0,0,,,,
powertraces-pt200array_pt220_r4_7536323_9-486809b730,2026-05-01T12:45:49.643Z,72.005,1,38.65,210,0,0,,,,
powertraces-pt200array_pt220_r4_7536323_9-486809b730,2026-05-01T12:45:49.643Z,72.005,2,37.41,210,0,0,,,,
powertraces-pt200array_pt220_r4_7536323_9-486809b730,2026-05-01T12:45:49.643Z,72.005,3,40.53,210,0,0,,,,
powertraces-pt200array_pt220_r4_7536323_9-486809b730,2026-05-01T12:45:49.743Z,72.105,0,37.12,210,0,0,,,,
powertraces-pt200array_pt220_r4_7536323_9-486809b730,2026-05-01T12:45:49.743Z,72.105,1,38.65,210,0,0,,,,
powertraces-pt200array_pt220_r4_7536323_9-486809b730,2026-05-01T12:45:49.743Z,72.105,2,37.41,210,0,0,,,,
powertraces-pt200array_pt220_r4_7536323_9-486809b730,2026-05-01T12:45:49.743Z,72.105,3,40.53,210,0,0,,,,
powertraces-pt200array_pt220_r4_7536323_9-486809b730,2026-05-01T12:45:49.843Z,72.205,0,37.12,210,0,0,,,,
powertraces-pt200array_pt220_r4_7536323_9-486809b730,2026-05-01T12:45:49.843Z,72.205,1,38.65,210,0,0,,,,
powertraces-pt200array_pt220_r4_7536323_9-486809b730,2026-05-01T12:45:49.843Z,72.205,2,37.41,210,0,0,,,,
powertraces-pt200array_pt220_r4_7536323_9-486809b730,2026-05-01T12:45:49.843Z,72.205,3,40.53,210,0,0,,,,
powertraces-pt200array_pt220_r4_7536323_9-486809b730,2026-05-01T12:45:49.943Z,72.305,0,37.12,210,0,0,,,,
powertraces-pt200array_pt220_r4_7536323_9-486809b730,2026-05-01T12:45:49.943Z,72.305,1,38.65,210,0,0,,,,
powertraces-pt200array_pt220_r4_7536323_9-486809b730,2026-05-01T12:45:49.943Z,72.305,2,37.41,210,0,0,,,,
powertraces-pt200array_pt220_r4_7536323_9-486809b730,2026-05-01T12:45:49.943Z,72.305,3,40.53,210,0,0,,,,
powertraces-pt200array_pt220_r4_7536323_9-486809b730,2026-05-01T12:45:50.043Z,72.405,0,37.12,210,0,0,,,,
powertraces-pt200array_pt220_r4_7536323_9-486809b730,2026-05-01T12:45:50.044Z,72.406,1,38.65,210,0,0,,,,
powertraces-pt200array_pt220_r4_7536323_9-486809b730,2026-05-01T12:45:50.044Z,72.406,2,37.41,210,0,0,,,,
powertraces-pt200array_pt220_r4_7536323_9-486809b730,2026-05-01T12:45:50.044Z,72.406,3,40.53,210,0,0,,,,
powertraces-pt200array_pt220_r4_7536323_9-486809b730,2026-05-01T12:45:50.144Z,72.506,0,37.12,210,0,0,,,,
powertraces-pt200array_pt220_r4_7536323_9-486809b730,2026-05-01T12:45:50.144Z,72.506,1,38.65,210,0,0,,,,
powertraces-pt200array_pt220_r4_7536323_9-486809b730,2026-05-01T12:45:50.144Z,72.506,2,37.41,210,0,0,,,,
powertraces-pt200array_pt220_r4_7536323_9-486809b730,2026-05-01T12:45:50.144Z,72.506,3,40.53,210,0,0,,,,
powertraces-pt200array_pt220_r4_7536323_9-486809b730,2026-05-01T12:45:50.244Z,72.606,0,37.12,210,0,0,,,,
powertraces-pt200array_pt220_r4_7536323_9-486809b730,2026-05-01T12:45:50.244Z,72.606,1,38.65,210,0,0,,,,
powertraces-pt200array_pt220_r4_7536323_9-486809b730,2026-05-01T12:45:50.244Z,72.606,2,37.41,210,0,0,,,,
powertraces-pt200array_pt220_r4_7536323_9-486809b730,2026-05-01T12:45:50.244Z,72.606,3,40.53,210,0,0,,,,
powertraces-pt200array_pt220_r4_7536323_9-486809b730,2026-05-01T12:45:50.344Z,72.706,0,37.12,210,0,0,,,,
powertraces-pt200array_pt220_r4_7536323_9-486809b730,2026-05-01T12:45:50.344Z,72.706,1,38.65,210,0,0,,,,
powertraces-pt200array_pt220_r4_7536323_9-486809b730,2026-05-01T12:45:50.344Z,72.706,2,37.41,210,0,0,,,,
powertraces-pt200array_pt220_r4_7536323_9-486809b730,2026-05-01T12:45:50.344Z,72.706,3,40.53,210,0,0,,,,
powertraces-pt200array_pt220_r4_7536323_9-486809b730,2026-05-01T12:45:50.444Z,72.806,0,37.12,210,0,0,,,,
powertraces-pt200array_pt220_r4_7536323_9-486809b730,2026-05-01T12:45:50.444Z,72.806,1,38.65,210,0,0,,,,
powertraces-pt200array_pt220_r4_7536323_9-486809b730,2026-05-01T12:45:50.444Z,72.806,2,37.41,210,0,0,,,,
powertraces-pt200array_pt220_r4_7536323_9-486809b730,2026-05-01T12:45:50.444Z,72.806,3,40.53,210,0,0,,,,
powertraces-pt200array_pt220_r4_7536323_9-486809b730,2026-05-01T12:45:50.544Z,72.906,0,37.12,210,0,0,,,,
powertraces-pt200array_pt220_r4_7536323_9-486809b730,2026-05-01T12:45:50.544Z,72.906,1,38.65,210,0,0,,,,
powertraces-pt200array_pt220_r4_7536323_9-486809b730,2026-05-01T12:45:50.544Z,72.906,2,37.41,210,0,0,,,,
powertraces-pt200array_pt220_r4_7536323_9-486809b730,2026-05-01T12:45:50.544Z,72.906,3,40.53,210,0,0,,,,
powertraces-pt200array_pt220_r4_7536323_9-486809b730,2026-05-01T12:45:50.644Z,73.006,0,37.12,210,0,0,,,,
powertraces-pt200array_pt220_r4_7536323_9-486809b730,2026-05-01T12:45:50.644Z,73.006,1,38.65,210,0,0,,,,
powertraces-pt200array_pt220_r4_7536323_9-486809b730,2026-05-01T12:45:50.644Z,73.006,2,37.41,210,0,0,,,,
powertraces-pt200array_pt220_r4_7536323_9-486809b730,2026-05-01T12:45:50.644Z,73.006,3,40.53,210,0,0,,,,
powertraces-pt200array_pt220_r4_7536323_9-486809b730,2026-05-01T12:45:50.745Z,73.107,0,37.07,210,0,0,,,,
powertraces-pt200array_pt220_r4_7536323_9-486809b730,2026-05-01T12:45:50.745Z,73.107,1,38.65,210,0,0,,,,
powertraces-pt200array_pt220_r4_7536323_9-486809b730,2026-05-01T12:45:50.745Z,73.107,2,37.41,210,0,0,,,,
powertraces-pt200array_pt220_r4_7536323_9-486809b730,2026-05-01T12:45:50.745Z,73.107,3,40.53,210,0,0,,,,
powertraces-pt200array_pt220_r4_7536323_9-486809b730,2026-05-01T12:45:50.845Z,73.207,0,37.07,210,0,0,,,,
powertraces-pt200array_pt220_r4_7536323_9-486809b730,2026-05-01T12:45:50.845Z,73.207,1,38.65,210,0,0,,,,
powertraces-pt200array_pt220_r4_7536323_9-486809b730,2026-05-01T12:45:50.845Z,73.207,2,37.41,210,0,0,,,,
powertraces-pt200array_pt220_r4_7536323_9-486809b730,2026-05-01T12:45:50.845Z,73.207,3,40.53,210,0,0,,,,
powertraces-pt200array_pt220_r4_7536323_9-486809b730,2026-05-01T12:45:50.945Z,73.307,0,37.07,210,0,0,,,,
powertraces-pt200array_pt220_r4_7536323_9-486809b730,2026-05-01T12:45:50.945Z,73.307,1,38.65,210,0,0,,,,
powertraces-pt200array_pt220_r4_7536323_9-486809b730,2026-05-01T12:45:50.945Z,73.307,2,37.41,210,0,0,,,,
powertraces-pt200array_pt220_r4_7536323_9-486809b730,2026-05-01T12:45:50.945Z,73.307,3,40.53,210,0,0,,,,
powertraces-pt200array_pt220_r4_7536323_9-486809b730,2026-05-01T12:45:51.045Z,73.407,0,37.07,210,0,0,,,,
powertraces-pt200array_pt220_r4_7536323_9-486809b730,2026-05-01T12:45:51.045Z,73.407,1,38.65,210,0,0,,,,
powertraces-pt200array_pt220_r4_7536323_9-486809b730,2026-05-01T12:45:51.045Z,73.407,2,37.41,210,0,0,,,,
powertraces-pt200array_pt220_r4_7536323_9-486809b730,2026-05-01T12:45:51.045Z,73.407,3,40.53,210,0,0,,,,
powertraces-pt200array_pt220_r4_7536323_9-486809b730,2026-05-01T12:45:51.145Z,73.507,0,37.07,210,0,0,,,,
powertraces-pt200array_pt220_r4_7536323_9-486809b730,2026-05-01T12:45:51.145Z,73.507,1,38.65,210,0,0,,,,
powertraces-pt200array_pt220_r4_7536323_9-486809b730,2026-05-01T12:45:51.145Z,73.507,2,37.41,210,0,0,,,,
powertraces-pt200array_pt220_r4_7536323_9-486809b730,2026-05-01T12:45:51.145Z,73.507,3,40.53,210,0,0,,,,
powertraces-pt200array_pt220_r4_7536323_9-486809b730,2026-05-01T12:45:51.245Z,73.607,0,37.07,210,0,0,,,,
powertraces-pt200array_pt220_r4_7536323_9-486809b730,2026-05-01T12:45:51.245Z,73.607,1,38.65,210,0,0,,,,
powertraces-pt200array_pt220_r4_7536323_9-486809b730,2026-05-01T12:45:51.245Z,73.607,2,37.41,210,0,0,,,,
powertraces-pt200array_pt220_r4_7536323_9-486809b730,2026-05-01T12:45:51.245Z,73.607,3,40.53,210,0,0,,,,
powertraces-pt200array_pt220_r4_7536323_9-486809b730,2026-05-01T12:45:51.345Z,73.707,0,37.07,210,0,0,,,,
powertraces-pt200array_pt220_r4_7536323_9-486809b730,2026-05-01T12:45:51.345Z,73.707,1,38.63,210,0,0,,,,
powertraces-pt200array_pt220_r4_7536323_9-486809b730,2026-05-01T12:45:51.345Z,73.707,2,37.41,210,0,0,,,,
powertraces-pt200array_pt220_r4_7536323_9-486809b730,2026-05-01T12:45:51.345Z,73.707,3,40.53,210,0,0,,,,
powertraces-pt200array_pt220_r4_7536323_9-486809b730,2026-05-01T12:45:51.446Z,73.808,0,37.07,210,0,0,,,,
powertraces-pt200array_pt220_r4_7536323_9-486809b730,2026-05-01T12:45:51.446Z,73.808,1,38.63,210,0,0,,,,
powertraces-pt200array_pt220_r4_7536323_9-486809b730,2026-05-01T12:45:51.446Z,73.808,2,37.41,210,0,0,,,,
powertraces-pt200array_pt220_r4_7536323_9-486809b730,2026-05-01T12:45:51.446Z,73.808,3,40.53,210,0,0,,,,
powertraces-pt200array_pt220_r4_7536323_9-486809b730,2026-05-01T12:45:51.546Z,73.908,0,37.07,210,0,0,,,,
powertraces-pt200array_pt220_r4_7536323_9-486809b730,2026-05-01T12:45:51.546Z,73.908,1,38.63,210,0,0,,,,
powertraces-pt200array_pt220_r4_7536323_9-486809b730,2026-05-01T12:45:51.546Z,73.908,2,37.41,210,0,0,,,,
powertraces-pt200array_pt220_r4_7536323_9-486809b730,2026-05-01T12:45:51.546Z,73.908,3,40.53,210,0,0,,,,
powertraces-pt200array_pt220_r4_7536323_9-486809b730,2026-05-01T12:45:51.646Z,74.008,0,37.07,210,0,0,,,,
powertraces-pt200array_pt220_r4_7536323_9-486809b730,2026-05-01T12:45:51.646Z,74.008,1,38.63,210,0,0,,,,
powertraces-pt200array_pt220_r4_7536323_9-486809b730,2026-05-01T12:45:51.646Z,74.008,2,37.41,210,0,0,,,,
powertraces-pt200array_pt220_r4_7536323_9-486809b730,2026-05-01T12:45:51.646Z,74.008,3,40.53,210,0,0,,,,
powertraces-pt200array_pt220_r4_7536323_9-486809b730,2026-05-01T12:45:51.746Z,74.108,0,37.12,210,0,0,,,,
powertraces-pt200array_pt220_r4_7536323_9-486809b730,2026-05-01T12:45:51.746Z,74.108,1,38.63,210,0,0,,,,
powertraces-pt200array_pt220_r4_7536323_9-486809b730,2026-05-01T12:45:51.746Z,74.108,2,37.41,210,0,0,,,,
powertraces-pt200array_pt220_r4_7536323_9-486809b730,2026-05-01T12:45:51.746Z,74.108,3,40.53,210,0,0,,,,
powertraces-pt200array_pt220_r4_7536323_9-486809b730,2026-05-01T12:45:51.846Z,74.208,0,37.12,210,0,0,,,,
powertraces-pt200array_pt220_r4_7536323_9-486809b730,2026-05-01T12:45:51.846Z,74.208,1,38.63,210,0,0,,,,
powertraces-pt200array_pt220_r4_7536323_9-486809b730,2026-05-01T12:45:51.846Z,74.208,2,37.41,210,0,0,,,,
powertraces-pt200array_pt220_r4_7536323_9-486809b730,2026-05-01T12:45:51.846Z,74.208,3,40.53,210,0,0,,,,
powertraces-pt200array_pt220_r4_7536323_9-486809b730,2026-05-01T12:45:51.946Z,74.308,0,37.12,210,0,0,,,,
powertraces-pt200array_pt220_r4_7536323_9-486809b730,2026-05-01T12:45:51.946Z,74.308,1,38.63,210,0,0,,,,
powertraces-pt200array_pt220_r4_7536323_9-486809b730,2026-05-01T12:45:51.946Z,74.308,2,37.41,210,0,0,,,,
powertraces-pt200array_pt220_r4_7536323_9-486809b730,2026-05-01T12:45:51.946Z,74.308,3,40.53,210,0,0,,,,
powertraces-pt200array_pt220_r4_7536323_9-486809b730,2026-05-01T12:45:52.046Z,74.408,0,37.12,210,0,0,,,,
powertraces-pt200array_pt220_r4_7536323_9-486809b730,2026-05-01T12:45:52.046Z,74.408,1,38.63,210,0,0,,,,
powertraces-pt200array_pt220_r4_7536323_9-486809b730,2026-05-01T12:45:52.046Z,74.408,2,37.41,210,0,0,,,,
powertraces-pt200array_pt220_r4_7536323_9-486809b730,2026-05-01T12:45:52.046Z,74.408,3,40.53,210,0,0,,,,
powertraces-pt200array_pt220_r4_7536323_9-486809b730,2026-05-01T12:45:52.147Z,74.509,0,37.12,210,0,0,,,,
powertraces-pt200array_pt220_r4_7536323_9-486809b730,2026-05-01T12:45:52.147Z,74.509,1,38.63,210,0,0,,,,
powertraces-pt200array_pt220_r4_7536323_9-486809b730,2026-05-01T12:45:52.147Z,74.509,2,37.41,210,0,0,,,,
powertraces-pt200array_pt220_r4_7536323_9-486809b730,2026-05-01T12:45:52.147Z,74.509,3,40.53,210,0,0,,,,
powertraces-pt200array_pt220_r4_7536323_9-486809b730,2026-05-01T12:45:52.247Z,74.609,0,37.12,210,0,0,,,,
powertraces-pt200array_pt220_r4_7536323_9-486809b730,2026-05-01T12:45:52.247Z,74.609,1,38.63,210,0,0,,,,
powertraces-pt200array_pt220_r4_7536323_9-486809b730,2026-05-01T12:45:52.247Z,74.609,2,37.41,210,0,0,,,,
powertraces-pt200array_pt220_r4_7536323_9-486809b730,2026-05-01T12:45:52.247Z,74.609,3,40.53,210,0,0,,,,
powertraces-pt200array_pt220_r4_7536323_9-486809b730,2026-05-01T12:45:52.347Z,74.709,0,37.12,210,0,0,,,,
powertraces-pt200array_pt220_r4_7536323_9-486809b730,2026-05-01T12:45:52.347Z,74.709,1,38.65,210,0,0,,,,
powertraces-pt200array_pt220_r4_7536323_9-486809b730,2026-05-01T12:45:52.347Z,74.709,2,37.41,210,0,0,,,,
powertraces-pt200array_pt220_r4_7536323_9-486809b730,2026-05-01T12:45:52.347Z,74.709,3,40.53,210,0,0,,,,
powertraces-pt200array_pt220_r4_7536323_9-486809b730,2026-05-01T12:45:52.447Z,74.809,0,37.12,210,0,0,,,,
powertraces-pt200array_pt220_r4_7536323_9-486809b730,2026-05-01T12:45:52.447Z,74.809,1,38.65,210,0,0,,,,
powertraces-pt200array_pt220_r4_7536323_9-486809b730,2026-05-01T12:45:52.447Z,74.809,2,37.41,210,0,0,,,,
powertraces-pt200array_pt220_r4_7536323_9-486809b730,2026-05-01T12:45:52.447Z,74.809,3,40.53,210,0,0,,,,
powertraces-pt200array_pt220_r4_7536323_9-486809b730,2026-05-01T12:45:52.547Z,74.909,0,37.12,210,0,0,,,,
powertraces-pt200array_pt220_r4_7536323_9-486809b730,2026-05-01T12:45:52.547Z,74.909,1,38.65,210,0,0,,,,
powertraces-pt200array_pt220_r4_7536323_9-486809b730,2026-05-01T12:45:52.547Z,74.909,2,37.41,210,0,0,,,,
powertraces-pt200array_pt220_r4_7536323_9-486809b730,2026-05-01T12:45:52.547Z,74.909,3,40.53,210,0,0,,,,
powertraces-pt200array_pt220_r4_7536323_9-486809b730,2026-05-01T12:45:52.647Z,75.009,0,37.12,210,0,0,,,,
powertraces-pt200array_pt220_r4_7536323_9-486809b730,2026-05-01T12:45:52.647Z,75.009,1,38.65,210,0,0,,,,
powertraces-pt200array_pt220_r4_7536323_9-486809b730,2026-05-01T12:45:52.647Z,75.009,2,37.41,210,0,0,,,,
powertraces-pt200array_pt220_r4_7536323_9-486809b730,2026-05-01T12:45:52.647Z,75.009,3,40.53,210,0,0,,,,
powertraces-pt200array_pt220_r4_7536323_9-486809b730,2026-05-01T12:45:52.747Z,75.109,0,37.12,210,0,0,,,,
powertraces-pt200array_pt220_r4_7536323_9-486809b730,2026-05-01T12:45:52.747Z,75.109,1,38.65,210,0,0,,,,
powertraces-pt200array_pt220_r4_7536323_9-486809b730,2026-05-01T12:45:52.747Z,75.109,2,37.41,210,0,0,,,,
powertraces-pt200array_pt220_r4_7536323_9-486809b730,2026-05-01T12:45:52.747Z,75.109,3,40.53,210,0,0,,,,
powertraces-pt200array_pt220_r4_7536323_9-486809b730,2026-05-01T12:45:52.848Z,75.21,0,37.12,210,0,0,,,,
powertraces-pt200array_pt220_r4_7536323_9-486809b730,2026-05-01T12:45:52.848Z,75.21,1,38.65,210,0,0,,,,
powertraces-pt200array_pt220_r4_7536323_9-486809b730,2026-05-01T12:45:52.848Z,75.21,2,37.41,210,0,0,,,,
powertraces-pt200array_pt220_r4_7536323_9-486809b730,2026-05-01T12:45:52.848Z,75.21,3,40.53,210,0,0,,,,
powertraces-pt200array_pt220_r4_7536323_9-486809b730,2026-05-01T12:45:52.948Z,75.31,0,37.12,210,0,0,,,,
powertraces-pt200array_pt220_r4_7536323_9-486809b730,2026-05-01T12:45:52.948Z,75.31,1,38.65,210,0,0,,,,
powertraces-pt200array_pt220_r4_7536323_9-486809b730,2026-05-01T12:45:52.948Z,75.31,2,37.41,210,0,0,,,,
powertraces-pt200array_pt220_r4_7536323_9-486809b730,2026-05-01T12:45:52.948Z,75.31,3,40.53,210,0,0,,,,
powertraces-pt200array_pt220_r4_7536323_9-486809b730,2026-05-01T12:45:53.048Z,75.41,0,37.12,210,0,0,,,,
powertraces-pt200array_pt220_r4_7536323_9-486809b730,2026-05-01T12:45:53.048Z,75.41,1,38.65,210,0,0,,,,
powertraces-pt200array_pt220_r4_7536323_9-486809b730,2026-05-01T12:45:53.048Z,75.41,2,37.41,210,0,0,,,,
powertraces-pt200array_pt220_r4_7536323_9-486809b730,2026-05-01T12:45:53.048Z,75.41,3,40.53,210,0,0,,,,
powertraces-pt200array_pt220_r4_7536323_9-486809b730,2026-05-01T12:45:53.148Z,75.51,0,37.12,210,0,0,,,,
powertraces-pt200array_pt220_r4_7536323_9-486809b730,2026-05-01T12:45:53.148Z,75.51,1,38.65,210,0,0,,,,
powertraces-pt200array_pt220_r4_7536323_9-486809b730,2026-05-01T12:45:53.148Z,75.51,2,37.41,210,0,0,,,,
powertraces-pt200array_pt220_r4_7536323_9-486809b730,2026-05-01T12:45:53.148Z,75.51,3,40.53,210,0,0,,,,
powertraces-pt200array_pt220_r4_7536323_9-486809b730,2026-05-01T12:45:53.248Z,75.61,0,37.12,210,0,0,,,,
powertraces-pt200array_pt220_r4_7536323_9-486809b730,2026-05-01T12:45:53.248Z,75.61,1,38.65,210,0,0,,,,
powertraces-pt200array_pt220_r4_7536323_9-486809b730,2026-05-01T12:45:53.248Z,75.61,2,37.41,210,0,0,,,,
powertraces-pt200array_pt220_r4_7536323_9-486809b730,2026-05-01T12:45:53.248Z,75.61,3,40.53,210,0,0,,,,
powertraces-pt200array_pt220_r4_7536323_9-486809b730,2026-05-01T12:45:53.348Z,75.71,0,37.12,210,0,0,,,,
powertraces-pt200array_pt220_r4_7536323_9-486809b730,2026-05-01T12:45:53.348Z,75.71,1,38.65,210,0,0,,,,
powertraces-pt200array_pt220_r4_7536323_9-486809b730,2026-05-01T12:45:53.348Z,75.71,2,37.41,210,0,0,,,,
powertraces-pt200array_pt220_r4_7536323_9-486809b730,2026-05-01T12:45:53.348Z,75.71,3,40.53,210,0,0,,,,
powertraces-pt200array_pt220_r4_7536323_9-486809b730,2026-05-01T12:45:53.448Z,75.81,0,37.12,210,0,0,,,,
powertraces-pt200array_pt220_r4_7536323_9-486809b730,2026-05-01T12:45:53.448Z,75.81,1,38.65,210,0,0,,,,
powertraces-pt200array_pt220_r4_7536323_9-486809b730,2026-05-01T12:45:53.448Z,75.81,2,37.41,210,0,0,,,,
powertraces-pt200array_pt220_r4_7536323_9-486809b730,2026-05-01T12:45:53.448Z,75.81,3,40.53,210,0,0,,,,
powertraces-pt200array_pt220_r4_7536323_9-486809b730,2026-05-01T12:45:53.549Z,75.911,0,37.12,210,0,0,,,,
powertraces-pt200array_pt220_r4_7536323_9-486809b730,2026-05-01T12:45:53.549Z,75.911,1,38.65,210,0,0,,,,
powertraces-pt200array_pt220_r4_7536323_9-486809b730,2026-05-01T12:45:53.549Z,75.911,2,37.41,210,0,0,,,,
powertraces-pt200array_pt220_r4_7536323_9-486809b730,2026-05-01T12:45:53.549Z,75.911,3,40.53,210,0,0,,,,
powertraces-pt200array_pt220_r4_7536323_9-486809b730,2026-05-01T12:45:53.649Z,76.011,0,37.12,210,0,0,,,,
powertraces-pt200array_pt220_r4_7536323_9-486809b730,2026-05-01T12:45:53.649Z,76.011,1,38.65,210,0,0,,,,
powertraces-pt200array_pt220_r4_7536323_9-486809b730,2026-05-01T12:45:53.649Z,76.011,2,37.41,210,0,0,,,,
powertraces-pt200array_pt220_r4_7536323_9-486809b730,2026-05-01T12:45:53.649Z,76.011,3,40.53,210,0,0,,,,
powertraces-pt200array_pt220_r4_7536323_9-486809b730,2026-05-01T12:45:53.749Z,76.111,0,37.07,210,0,0,,,,
powertraces-pt200array_pt220_r4_7536323_9-486809b730,2026-05-01T12:45:53.749Z,76.111,1,38.65,210,0,0,,,,
powertraces-pt200array_pt220_r4_7536323_9-486809b730,2026-05-01T12:45:53.749Z,76.111,2,37.41,210,0,0,,,,
powertraces-pt200array_pt220_r4_7536323_9-486809b730,2026-05-01T12:45:53.749Z,76.111,3,40.53,210,0,0,,,,
powertraces-pt200array_pt220_r4_7536323_9-486809b730,2026-05-01T12:45:53.849Z,76.211,0,37.07,210,0,0,,,,
powertraces-pt200array_pt220_r4_7536323_9-486809b730,2026-05-01T12:45:53.849Z,76.211,1,38.65,210,0,0,,,,
powertraces-pt200array_pt220_r4_7536323_9-486809b730,2026-05-01T12:45:53.849Z,76.211,2,37.41,210,0,0,,,,
powertraces-pt200array_pt220_r4_7536323_9-486809b730,2026-05-01T12:45:53.849Z,76.211,3,40.53,210,0,0,,,,
powertraces-pt200array_pt220_r4_7536323_9-486809b730,2026-05-01T12:45:53.949Z,76.311,0,37.07,210,0,0,,,,
powertraces-pt200array_pt220_r4_7536323_9-486809b730,2026-05-01T12:45:53.949Z,76.311,1,38.65,210,0,0,,,,
powertraces-pt200array_pt220_r4_7536323_9-486809b730,2026-05-01T12:45:53.949Z,76.311,2,37.41,210,0,0,,,,
powertraces-pt200array_pt220_r4_7536323_9-486809b730,2026-05-01T12:45:53.949Z,76.311,3,40.53,210,0,0,,,,
powertraces-pt200array_pt220_r4_7536323_9-486809b730,2026-05-01T12:45:54.049Z,76.411,0,37.07,210,0,0,,,,
powertraces-pt200array_pt220_r4_7536323_9-486809b730,2026-05-01T12:45:54.049Z,76.411,1,38.65,210,0,0,,,,
powertraces-pt200array_pt220_r4_7536323_9-486809b730,2026-05-01T12:45:54.049Z,76.411,2,37.41,210,0,0,,,,
powertraces-pt200array_pt220_r4_7536323_9-486809b730,2026-05-01T12:45:54.049Z,76.411,3,40.53,210,0,0,,,,
powertraces-pt200array_pt220_r4_7536323_9-486809b730,2026-05-01T12:45:54.149Z,76.511,0,37.07,210,0,0,,,,
powertraces-pt200array_pt220_r4_7536323_9-486809b730,2026-05-01T12:45:54.149Z,76.511,1,38.65,210,0,0,,,,
powertraces-pt200array_pt220_r4_7536323_9-486809b730,2026-05-01T12:45:54.149Z,76.511,2,37.41,210,0,0,,,,
powertraces-pt200array_pt220_r4_7536323_9-486809b730,2026-05-01T12:45:54.149Z,76.511,3,40.53,210,0,0,,,,
powertraces-pt200array_pt220_r4_7536323_9-486809b730,2026-05-01T12:45:54.25Z,76.612,0,37.07,210,0,0,,,,
powertraces-pt200array_pt220_r4_7536323_9-486809b730,2026-05-01T12:45:54.25Z,76.612,1,38.65,210,0,0,,,,
powertraces-pt200array_pt220_r4_7536323_9-486809b730,2026-05-01T12:45:54.25Z,76.612,2,37.41,210,0,0,,,,
powertraces-pt200array_pt220_r4_7536323_9-486809b730,2026-05-01T12:45:54.25Z,76.612,3,40.53,210,0,0,,,,
powertraces-pt200array_pt220_r4_7536323_9-486809b730,2026-05-01T12:45:54.35Z,76.712,0,37.07,210,0,0,,,,
powertraces-pt200array_pt220_r4_7536323_9-486809b730,2026-05-01T12:45:54.35Z,76.712,1,38.65,210,0,0,,,,
powertraces-pt200array_pt220_r4_7536323_9-486809b730,2026-05-01T12:45:54.35Z,76.712,2,37.41,210,0,0,,,,
powertraces-pt200array_pt220_r4_7536323_9-486809b730,2026-05-01T12:45:54.35Z,76.712,3,40.53,210,0,0,,,,
powertraces-pt200array_pt220_r4_7536323_9-486809b730,2026-05-01T12:45:54.45Z,76.812,0,37.07,210,0,0,,,,
powertraces-pt200array_pt220_r4_7536323_9-486809b730,2026-05-01T12:45:54.45Z,76.812,1,38.65,210,0,0,,,,
powertraces-pt200array_pt220_r4_7536323_9-486809b730,2026-05-01T12:45:54.45Z,76.812,2,37.41,210,0,0,,,,
powertraces-pt200array_pt220_r4_7536323_9-486809b730,2026-05-01T12:45:54.45Z,76.812,3,40.53,210,0,0,,,,
powertraces-pt200array_pt220_r4_7536323_9-486809b730,2026-05-01T12:45:54.55Z,76.912,0,37.07,210,0,0,,,,
powertraces-pt200array_pt220_r4_7536323_9-486809b730,2026-05-01T12:45:54.55Z,76.912,1,38.65,210,0,0,,,,
powertraces-pt200array_pt220_r4_7536323_9-486809b730,2026-05-01T12:45:54.55Z,76.912,2,37.41,210,0,0,,,,
powertraces-pt200array_pt220_r4_7536323_9-486809b730,2026-05-01T12:45:54.55Z,76.912,3,40.53,210,0,0,,,,
powertraces-pt200array_pt220_r4_7536323_9-486809b730,2026-05-01T12:45:54.65Z,77.012,0,37.07,210,0,0,,,,
powertraces-pt200array_pt220_r4_7536323_9-486809b730,2026-05-01T12:45:54.65Z,77.012,1,38.65,210,0,0,,,,
powertraces-pt200array_pt220_r4_7536323_9-486809b730,2026-05-01T12:45:54.65Z,77.012,2,37.41,210,0,0,,,,
powertraces-pt200array_pt220_r4_7536323_9-486809b730,2026-05-01T12:45:54.65Z,77.012,3,40.53,210,0,0,,,,
powertraces-pt200array_pt220_r4_7536323_9-486809b730,2026-05-01T12:45:54.75Z,77.112,0,37.07,210,0,0,,,,
powertraces-pt200array_pt220_r4_7536323_9-486809b730,2026-05-01T12:45:54.75Z,77.112,1,38.65,210,0,0,,,,
powertraces-pt200array_pt220_r4_7536323_9-486809b730,2026-05-01T12:45:54.75Z,77.112,2,37.41,210,0,0,,,,
powertraces-pt200array_pt220_r4_7536323_9-486809b730,2026-05-01T12:45:54.75Z,77.112,3,40.41,210,0,0,,,,
powertraces-pt200array_pt220_r4_7536323_9-486809b730,2026-05-01T12:45:54.85Z,77.212,0,37.07,210,0,0,,,,
powertraces-pt200array_pt220_r4_7536323_9-486809b730,2026-05-01T12:45:54.85Z,77.212,1,38.65,210,0,0,,,,
powertraces-pt200array_pt220_r4_7536323_9-486809b730,2026-05-01T12:45:54.851Z,77.213,2,37.41,210,0,0,,,,
powertraces-pt200array_pt220_r4_7536323_9-486809b730,2026-05-01T12:45:54.851Z,77.213,3,40.41,210,0,0,,,,
powertraces-pt200array_pt220_r4_7536323_9-486809b730,2026-05-01T12:45:54.951Z,77.313,0,37.07,210,0,0,,,,
powertraces-pt200array_pt220_r4_7536323_9-486809b730,2026-05-01T12:45:54.951Z,77.313,1,38.65,210,0,0,,,,
powertraces-pt200array_pt220_r4_7536323_9-486809b730,2026-05-01T12:45:54.951Z,77.313,2,37.41,210,0,0,,,,
powertraces-pt200array_pt220_r4_7536323_9-486809b730,2026-05-01T12:45:54.951Z,77.313,3,40.41,210,0,0,,,,
powertraces-pt200array_pt220_r4_7536323_9-486809b730,2026-05-01T12:45:55.051Z,77.413,0,37.07,210,0,0,,,,
powertraces-pt200array_pt220_r4_7536323_9-486809b730,2026-05-01T12:45:55.051Z,77.413,1,38.65,210,0,0,,,,
powertraces-pt200array_pt220_r4_7536323_9-486809b730,2026-05-01T12:45:55.051Z,77.413,2,37.41,210,0,0,,,,
powertraces-pt200array_pt220_r4_7536323_9-486809b730,2026-05-01T12:45:55.051Z,77.413,3,40.41,210,0,0,,,,
powertraces-pt200array_pt220_r4_7536323_9-486809b730,2026-05-01T12:45:55.151Z,77.513,0,37.07,210,0,0,,,,
powertraces-pt200array_pt220_r4_7536323_9-486809b730,2026-05-01T12:45:55.151Z,77.513,1,38.65,210,0,0,,,,
powertraces-pt200array_pt220_r4_7536323_9-486809b730,2026-05-01T12:45:55.151Z,77.513,2,37.41,210,0,0,,,,
powertraces-pt200array_pt220_r4_7536323_9-486809b730,2026-05-01T12:45:55.151Z,77.513,3,40.41,210,0,0,,,,
powertraces-pt200array_pt220_r4_7536323_9-486809b730,2026-05-01T12:45:55.251Z,77.613,0,37.07,210,0,0,,,,
powertraces-pt200array_pt220_r4_7536323_9-486809b730,2026-05-01T12:45:55.251Z,77.613,1,38.65,210,0,0,,,,
powertraces-pt200array_pt220_r4_7536323_9-486809b730,2026-05-01T12:45:55.251Z,77.613,2,37.41,210,0,0,,,,
powertraces-pt200array_pt220_r4_7536323_9-486809b730,2026-05-01T12:45:55.251Z,77.613,3,40.41,210,0,0,,,,
powertraces-pt200array_pt220_r4_7536323_9-486809b730,2026-05-01T12:45:55.351Z,77.713,0,37.07,210,0,0,,,,
powertraces-pt200array_pt220_r4_7536323_9-486809b730,2026-05-01T12:45:55.351Z,77.713,1,38.65,210,0,0,,,,
powertraces-pt200array_pt220_r4_7536323_9-486809b730,2026-05-01T12:45:55.351Z,77.713,2,37.41,210,0,0,,,,
powertraces-pt200array_pt220_r4_7536323_9-486809b730,2026-05-01T12:45:55.351Z,77.713,3,40.41,210,0,0,,,,
powertraces-pt200array_pt220_r4_7536323_9-486809b730,2026-05-01T12:45:55.451Z,77.813,0,37.07,210,0,0,,,,
powertraces-pt200array_pt220_r4_7536323_9-486809b730,2026-05-01T12:45:55.451Z,77.813,1,38.65,210,0,0,,,,
powertraces-pt200array_pt220_r4_7536323_9-486809b730,2026-05-01T12:45:55.451Z,77.813,2,37.41,210,0,0,,,,
powertraces-pt200array_pt220_r4_7536323_9-486809b730,2026-05-01T12:45:55.451Z,77.813,3,40.41,210,0,0,,,,
powertraces-pt200array_pt220_r4_7536323_9-486809b730,2026-05-01T12:45:55.552Z,77.914,0,37.07,210,0,0,,,,
powertraces-pt200array_pt220_r4_7536323_9-486809b730,2026-05-01T12:45:55.552Z,77.914,1,38.65,210,0,0,,,,
powertraces-pt200array_pt220_r4_7536323_9-486809b730,2026-05-01T12:45:55.552Z,77.914,2,37.41,210,0,0,,,,
powertraces-pt200array_pt220_r4_7536323_9-486809b730,2026-05-01T12:45:55.552Z,77.914,3,40.41,210,0,0,,,,
powertraces-pt200array_pt220_r4_7536323_9-486809b730,2026-05-01T12:45:55.652Z,78.014,0,37.07,210,0,0,,,,
powertraces-pt200array_pt220_r4_7536323_9-486809b730,2026-05-01T12:45:55.652Z,78.014,1,38.65,210,0,0,,,,
powertraces-pt200array_pt220_r4_7536323_9-486809b730,2026-05-01T12:45:55.652Z,78.014,2,37.41,210,0,0,,,,
powertraces-pt200array_pt220_r4_7536323_9-486809b730,2026-05-01T12:45:55.652Z,78.014,3,40.41,210,0,0,,,,
powertraces-pt200array_pt220_r4_7536323_9-486809b730,2026-05-01T12:45:55.752Z,78.114,0,37.07,210,0,0,,,,
powertraces-pt200array_pt220_r4_7536323_9-486809b730,2026-05-01T12:45:55.752Z,78.114,1,38.65,210,0,0,,,,
powertraces-pt200array_pt220_r4_7536323_9-486809b730,2026-05-01T12:45:55.752Z,78.114,2,37.41,210,0,0,,,,
powertraces-pt200array_pt220_r4_7536323_9-486809b730,2026-05-01T12:45:55.752Z,78.114,3,40.29,210,0,0,,,,
powertraces-pt200array_pt220_r4_7536323_9-486809b730,2026-05-01T12:45:55.852Z,78.214,0,37.07,210,0,0,,,,
powertraces-pt200array_pt220_r4_7536323_9-486809b730,2026-05-01T12:45:55.852Z,78.214,1,38.65,210,0,0,,,,
powertraces-pt200array_pt220_r4_7536323_9-486809b730,2026-05-01T12:45:55.852Z,78.214,2,37.41,210,0,0,,,,
powertraces-pt200array_pt220_r4_7536323_9-486809b730,2026-05-01T12:45:55.852Z,78.214,3,40.29,210,0,0,,,,
powertraces-pt200array_pt220_r4_7536323_9-486809b730,2026-05-01T12:45:55.952Z,78.314,0,37.07,210,0,0,,,,
powertraces-pt200array_pt220_r4_7536323_9-486809b730,2026-05-01T12:45:55.952Z,78.314,1,38.65,210,0,0,,,,
powertraces-pt200array_pt220_r4_7536323_9-486809b730,2026-05-01T12:45:55.952Z,78.314,2,37.41,210,0,0,,,,
powertraces-pt200array_pt220_r4_7536323_9-486809b730,2026-05-01T12:45:55.952Z,78.314,3,40.29,210,0,0,,,,
powertraces-pt200array_pt220_r4_7536323_9-486809b730,2026-05-01T12:45:56.052Z,78.414,0,37.07,210,0,0,,,,
powertraces-pt200array_pt220_r4_7536323_9-486809b730,2026-05-01T12:45:56.052Z,78.414,1,38.65,210,0,0,,,,
powertraces-pt200array_pt220_r4_7536323_9-486809b730,2026-05-01T12:45:56.052Z,78.414,2,37.41,210,0,0,,,,
powertraces-pt200array_pt220_r4_7536323_9-486809b730,2026-05-01T12:45:56.052Z,78.414,3,40.29,210,0,0,,,,
powertraces-pt200array_pt220_r4_7536323_9-486809b730,2026-05-01T12:45:56.152Z,78.514,0,37.07,210,0,0,,,,
powertraces-pt200array_pt220_r4_7536323_9-486809b730,2026-05-01T12:45:56.152Z,78.514,1,38.65,210,0,0,,,,
powertraces-pt200array_pt220_r4_7536323_9-486809b730,2026-05-01T12:45:56.152Z,78.514,2,37.41,210,0,0,,,,
powertraces-pt200array_pt220_r4_7536323_9-486809b730,2026-05-01T12:45:56.152Z,78.514,3,40.29,210,0,0,,,,
powertraces-pt200array_pt220_r4_7536323_9-486809b730,2026-05-01T12:45:56.253Z,78.615,0,37.07,210,0,0,,,,
powertraces-pt200array_pt220_r4_7536323_9-486809b730,2026-05-01T12:45:56.253Z,78.615,1,38.65,210,0,0,,,,
powertraces-pt200array_pt220_r4_7536323_9-486809b730,2026-05-01T12:45:56.253Z,78.615,2,37.41,210,0,0,,,,
powertraces-pt200array_pt220_r4_7536323_9-486809b730,2026-05-01T12:45:56.253Z,78.615,3,40.29,210,0,0,,,,
powertraces-pt200array_pt220_r4_7536323_9-486809b730,2026-05-01T12:45:56.353Z,78.715,0,37.07,210,0,0,,,,
powertraces-pt200array_pt220_r4_7536323_9-486809b730,2026-05-01T12:45:56.353Z,78.715,1,38.65,210,0,0,,,,
powertraces-pt200array_pt220_r4_7536323_9-486809b730,2026-05-01T12:45:56.353Z,78.715,2,37.41,210,0,0,,,,
powertraces-pt200array_pt220_r4_7536323_9-486809b730,2026-05-01T12:45:56.353Z,78.715,3,40.29,210,0,0,,,,
powertraces-pt200array_pt220_r4_7536323_9-486809b730,2026-05-01T12:45:56.453Z,78.815,0,37.07,210,0,0,,,,
powertraces-pt200array_pt220_r4_7536323_9-486809b730,2026-05-01T12:45:56.453Z,78.815,1,38.65,210,0,0,,,,
powertraces-pt200array_pt220_r4_7536323_9-486809b730,2026-05-01T12:45:56.453Z,78.815,2,37.41,210,0,0,,,,
powertraces-pt200array_pt220_r4_7536323_9-486809b730,2026-05-01T12:45:56.453Z,78.815,3,40.29,210,0,0,,,,
powertraces-pt200array_pt220_r4_7536323_9-486809b730,2026-05-01T12:45:56.553Z,78.915,0,37.07,210,0,0,,,,
powertraces-pt200array_pt220_r4_7536323_9-486809b730,2026-05-01T12:45:56.553Z,78.915,1,38.65,210,0,0,,,,
powertraces-pt200array_pt220_r4_7536323_9-486809b730,2026-05-01T12:45:56.553Z,78.915,2,37.41,210,0,0,,,,
powertraces-pt200array_pt220_r4_7536323_9-486809b730,2026-05-01T12:45:56.553Z,78.915,3,40.29,210,0,0,,,,
powertraces-pt200array_pt220_r4_7536323_9-486809b730,2026-05-01T12:45:56.653Z,79.015,0,37.07,210,0,0,,,,
powertraces-pt200array_pt220_r4_7536323_9-486809b730,2026-05-01T12:45:56.653Z,79.015,1,38.65,210,0,0,,,,
powertraces-pt200array_pt220_r4_7536323_9-486809b730,2026-05-01T12:45:56.653Z,79.015,2,37.41,210,0,0,,,,
powertraces-pt200array_pt220_r4_7536323_9-486809b730,2026-05-01T12:45:56.653Z,79.015,3,40.29,210,0,0,,,,
powertraces-pt200array_pt220_r4_7536323_9-486809b730,2026-05-01T12:45:56.753Z,79.115,0,37.07,210,0,0,,,,
powertraces-pt200array_pt220_r4_7536323_9-486809b730,2026-05-01T12:45:56.753Z,79.115,1,38.65,210,0,0,,,,
powertraces-pt200array_pt220_r4_7536323_9-486809b730,2026-05-01T12:45:56.753Z,79.115,2,37.41,210,0,0,,,,
powertraces-pt200array_pt220_r4_7536323_9-486809b730,2026-05-01T12:45:56.753Z,79.115,3,40.29,210,0,0,,,,
powertraces-pt200array_pt220_r4_7536323_9-486809b730,2026-05-01T12:45:56.853Z,79.215,0,37.07,210,0,0,,,,
powertraces-pt200array_pt220_r4_7536323_9-486809b730,2026-05-01T12:45:56.854Z,79.216,1,38.65,210,0,0,,,,
powertraces-pt200array_pt220_r4_7536323_9-486809b730,2026-05-01T12:45:56.854Z,79.216,2,37.41,210,0,0,,,,
powertraces-pt200array_pt220_r4_7536323_9-486809b730,2026-05-01T12:45:56.854Z,79.216,3,40.29,210,0,0,,,,
powertraces-pt200array_pt220_r4_7536323_9-486809b730,2026-05-01T12:45:56.954Z,79.316,0,37.07,210,0,0,,,,
powertraces-pt200array_pt220_r4_7536323_9-486809b730,2026-05-01T12:45:56.954Z,79.316,1,38.65,210,0,0,,,,
powertraces-pt200array_pt220_r4_7536323_9-486809b730,2026-05-01T12:45:56.954Z,79.316,2,37.41,210,0,0,,,,
powertraces-pt200array_pt220_r4_7536323_9-486809b730,2026-05-01T12:45:56.954Z,79.316,3,40.29,210,0,0,,,,
powertraces-pt200array_pt220_r4_7536323_9-486809b730,2026-05-01T12:45:57.054Z,79.416,0,37.07,210,0,0,,,,
powertraces-pt200array_pt220_r4_7536323_9-486809b730,2026-05-01T12:45:57.054Z,79.416,1,38.65,210,0,0,,,,
powertraces-pt200array_pt220_r4_7536323_9-486809b730,2026-05-01T12:45:57.054Z,79.416,2,37.41,210,0,0,,,,
powertraces-pt200array_pt220_r4_7536323_9-486809b730,2026-05-01T12:45:57.054Z,79.416,3,40.29,210,0,0,,,,
powertraces-pt200array_pt220_r4_7536323_9-486809b730,2026-05-01T12:45:57.154Z,79.516,0,37.07,210,0,0,,,,
powertraces-pt200array_pt220_r4_7536323_9-486809b730,2026-05-01T12:45:57.154Z,79.516,1,38.65,210,0,0,,,,
powertraces-pt200array_pt220_r4_7536323_9-486809b730,2026-05-01T12:45:57.154Z,79.516,2,37.41,210,0,0,,,,
powertraces-pt200array_pt220_r4_7536323_9-486809b730,2026-05-01T12:45:57.154Z,79.516,3,40.29,210,0,0,,,,
powertraces-pt200array_pt220_r4_7536323_9-486809b730,2026-05-01T12:45:57.254Z,79.616,0,37.07,210,0,0,,,,
powertraces-pt200array_pt220_r4_7536323_9-486809b730,2026-05-01T12:45:57.254Z,79.616,1,38.65,210,0,0,,,,
powertraces-pt200array_pt220_r4_7536323_9-486809b730,2026-05-01T12:45:57.254Z,79.616,2,37.41,210,0,0,,,,
powertraces-pt200array_pt220_r4_7536323_9-486809b730,2026-05-01T12:45:57.254Z,79.616,3,40.29,210,0,0,,,,
powertraces-pt200array_pt220_r4_7536323_9-486809b730,2026-05-01T12:45:57.354Z,79.716,0,37.07,210,0,0,,,,
powertraces-pt200array_pt220_r4_7536323_9-486809b730,2026-05-01T12:45:57.354Z,79.716,1,38.65,210,0,0,,,,
powertraces-pt200array_pt220_r4_7536323_9-486809b730,2026-05-01T12:45:57.354Z,79.716,2,37.41,210,0,0,,,,
powertraces-pt200array_pt220_r4_7536323_9-486809b730,2026-05-01T12:45:57.354Z,79.716,3,40.29,210,0,0,,,,
powertraces-pt200array_pt220_r4_7536323_9-486809b730,2026-05-01T12:45:57.454Z,79.816,0,37.07,210,0,0,,,,
powertraces-pt200array_pt220_r4_7536323_9-486809b730,2026-05-01T12:45:57.454Z,79.816,1,38.65,210,0,0,,,,
powertraces-pt200array_pt220_r4_7536323_9-486809b730,2026-05-01T12:45:57.454Z,79.816,2,37.41,210,0,0,,,,
powertraces-pt200array_pt220_r4_7536323_9-486809b730,2026-05-01T12:45:57.454Z,79.816,3,40.29,210,0,0,,,,
powertraces-pt200array_pt220_r4_7536323_9-486809b730,2026-05-01T12:45:57.555Z,79.917,0,37.07,210,0,0,,,,
powertraces-pt200array_pt220_r4_7536323_9-486809b730,2026-05-01T12:45:57.555Z,79.917,1,38.65,210,0,0,,,,
powertraces-pt200array_pt220_r4_7536323_9-486809b730,2026-05-01T12:45:57.555Z,79.917,2,37.41,210,0,0,,,,
powertraces-pt200array_pt220_r4_7536323_9-486809b730,2026-05-01T12:45:57.555Z,79.917,3,40.29,210,0,0,,,,
powertraces-pt200array_pt220_r4_7536323_9-486809b730,2026-05-01T12:45:57.655Z,80.017,0,37.07,210,0,0,,,,
powertraces-pt200array_pt220_r4_7536323_9-486809b730,2026-05-01T12:45:57.655Z,80.017,1,38.65,210,0,0,,,,
powertraces-pt200array_pt220_r4_7536323_9-486809b730,2026-05-01T12:45:57.655Z,80.017,2,37.41,210,0,0,,,,
powertraces-pt200array_pt220_r4_7536323_9-486809b730,2026-05-01T12:45:57.655Z,80.017,3,40.29,210,0,0,,,,
powertraces-pt200array_pt220_r4_7536323_9-486809b730,2026-05-01T12:45:57.755Z,80.117,0,36.94,210,0,0,,,,
powertraces-pt200array_pt220_r4_7536323_9-486809b730,2026-05-01T12:45:57.755Z,80.117,1,38.65,210,0,0,,,,
powertraces-pt200array_pt220_r4_7536323_9-486809b730,2026-05-01T12:45:57.755Z,80.117,2,37.29,210,0,0,,,,
powertraces-pt200array_pt220_r4_7536323_9-486809b730,2026-05-01T12:45:57.755Z,80.117,3,40.29,210,0,0,,,,
powertraces-pt200array_pt220_r4_7536323_9-486809b730,2026-05-01T12:45:57.855Z,80.217,0,36.94,210,0,0,,,,
powertraces-pt200array_pt220_r4_7536323_9-486809b730,2026-05-01T12:45:57.855Z,80.217,1,38.65,210,0,0,,,,
powertraces-pt200array_pt220_r4_7536323_9-486809b730,2026-05-01T12:45:57.855Z,80.217,2,37.29,210,0,0,,,,
powertraces-pt200array_pt220_r4_7536323_9-486809b730,2026-05-01T12:45:57.855Z,80.217,3,40.29,210,0,0,,,,
powertraces-pt200array_pt220_r4_7536323_9-486809b730,2026-05-01T12:45:57.955Z,80.317,0,36.94,210,0,0,,,,
powertraces-pt200array_pt220_r4_7536323_9-486809b730,2026-05-01T12:45:57.955Z,80.317,1,38.65,210,0,0,,,,
powertraces-pt200array_pt220_r4_7536323_9-486809b730,2026-05-01T12:45:57.955Z,80.317,2,37.29,210,0,0,,,,
powertraces-pt200array_pt220_r4_7536323_9-486809b730,2026-05-01T12:45:57.955Z,80.317,3,40.29,210,0,0,,,,
powertraces-pt200array_pt220_r4_7536323_9-486809b730,2026-05-01T12:45:58.055Z,80.417,0,36.94,210,0,0,,,,
powertraces-pt200array_pt220_r4_7536323_9-486809b730,2026-05-01T12:45:58.055Z,80.417,1,38.65,210,0,0,,,,
powertraces-pt200array_pt220_r4_7536323_9-486809b730,2026-05-01T12:45:58.055Z,80.417,2,37.29,210,0,0,,,,
powertraces-pt200array_pt220_r4_7536323_9-486809b730,2026-05-01T12:45:58.055Z,80.417,3,40.29,210,0,0,,,,
powertraces-pt200array_pt220_r4_7536323_9-486809b730,2026-05-01T12:45:58.156Z,80.518,0,36.94,210,0,0,,,,
powertraces-pt200array_pt220_r4_7536323_9-486809b730,2026-05-01T12:45:58.156Z,80.518,1,38.65,210,0,0,,,,
powertraces-pt200array_pt220_r4_7536323_9-486809b730,2026-05-01T12:45:58.156Z,80.518,2,37.29,210,0,0,,,,
powertraces-pt200array_pt220_r4_7536323_9-486809b730,2026-05-01T12:45:58.156Z,80.518,3,40.29,210,0,0,,,,
powertraces-pt200array_pt220_r4_7536323_9-486809b730,2026-05-01T12:45:58.256Z,80.618,0,36.94,210,0,0,,,,
powertraces-pt200array_pt220_r4_7536323_9-486809b730,2026-05-01T12:45:58.256Z,80.618,1,38.65,210,0,0,,,,
powertraces-pt200array_pt220_r4_7536323_9-486809b730,2026-05-01T12:45:58.256Z,80.618,2,37.29,210,0,0,,,,
powertraces-pt200array_pt220_r4_7536323_9-486809b730,2026-05-01T12:45:58.256Z,80.618,3,40.29,210,0,0,,,,
powertraces-pt200array_pt220_r4_7536323_9-486809b730,2026-05-01T12:45:58.356Z,80.718,0,36.94,210,0,0,,,,
powertraces-pt200array_pt220_r4_7536323_9-486809b730,2026-05-01T12:45:58.356Z,80.718,1,38.64,210,0,0,,,,
powertraces-pt200array_pt220_r4_7536323_9-486809b730,2026-05-01T12:45:58.356Z,80.718,2,37.29,210,0,0,,,,
powertraces-pt200array_pt220_r4_7536323_9-486809b730,2026-05-01T12:45:58.356Z,80.718,3,40.29,210,0,0,,,,
powertraces-pt200array_pt220_r4_7536323_9-486809b730,2026-05-01T12:45:58.456Z,80.818,0,36.94,210,0,0,,,,
powertraces-pt200array_pt220_r4_7536323_9-486809b730,2026-05-01T12:45:58.456Z,80.818,1,38.64,210,0,0,,,,
powertraces-pt200array_pt220_r4_7536323_9-486809b730,2026-05-01T12:45:58.456Z,80.818,2,37.29,210,0,0,,,,
powertraces-pt200array_pt220_r4_7536323_9-486809b730,2026-05-01T12:45:58.456Z,80.818,3,40.29,210,0,0,,,,
powertraces-pt200array_pt220_r4_7536323_9-486809b730,2026-05-01T12:45:58.556Z,80.918,0,36.94,210,0,0,,,,
powertraces-pt200array_pt220_r4_7536323_9-486809b730,2026-05-01T12:45:58.556Z,80.918,1,38.64,210,0,0,,,,
powertraces-pt200array_pt220_r4_7536323_9-486809b730,2026-05-01T12:45:58.556Z,80.918,2,37.29,210,0,0,,,,
powertraces-pt200array_pt220_r4_7536323_9-486809b730,2026-05-01T12:45:58.556Z,80.918,3,40.29,210,0,0,,,,
powertraces-pt200array_pt220_r4_7536323_9-486809b730,2026-05-01T12:45:58.656Z,81.018,0,36.94,210,0,0,,,,
powertraces-pt200array_pt220_r4_7536323_9-486809b730,2026-05-01T12:45:58.656Z,81.018,1,38.64,210,0,0,,,,
powertraces-pt200array_pt220_r4_7536323_9-486809b730,2026-05-01T12:45:58.656Z,81.018,2,37.29,210,0,0,,,,
powertraces-pt200array_pt220_r4_7536323_9-486809b730,2026-05-01T12:45:58.656Z,81.018,3,40.29,210,0,0,,,,
powertraces-pt200array_pt220_r4_7536323_9-486809b730,2026-05-01T12:45:58.756Z,81.118,0,36.99,210,0,0,,,,
powertraces-pt200array_pt220_r4_7536323_9-486809b730,2026-05-01T12:45:58.756Z,81.118,1,38.64,210,0,0,,,,
powertraces-pt200array_pt220_r4_7536323_9-486809b730,2026-05-01T12:45:58.756Z,81.118,2,37.17,210,0,0,,,,
powertraces-pt200array_pt220_r4_7536323_9-486809b730,2026-05-01T12:45:58.756Z,81.118,3,40.29,210,0,0,,,,
powertraces-pt200array_pt220_r4_7536323_9-486809b730,2026-05-01T12:45:58.856Z,81.218,0,36.99,210,0,0,,,,
powertraces-pt200array_pt220_r4_7536323_9-486809b730,2026-05-01T12:45:58.856Z,81.218,1,38.64,210,0,0,,,,
powertraces-pt200array_pt220_r4_7536323_9-486809b730,2026-05-01T12:45:58.856Z,81.218,2,37.17,210,0,0,,,,
powertraces-pt200array_pt220_r4_7536323_9-486809b730,2026-05-01T12:45:58.856Z,81.218,3,40.29,210,0,0,,,,
powertraces-pt200array_pt220_r4_7536323_9-486809b730,2026-05-01T12:45:58.957Z,81.319,0,36.99,210,0,0,,,,
powertraces-pt200array_pt220_r4_7536323_9-486809b730,2026-05-01T12:45:58.957Z,81.319,1,38.64,210,0,0,,,,
powertraces-pt200array_pt220_r4_7536323_9-486809b730,2026-05-01T12:45:58.957Z,81.319,2,37.17,210,0,0,,,,
powertraces-pt200array_pt220_r4_7536323_9-486809b730,2026-05-01T12:45:58.957Z,81.319,3,40.29,210,0,0,,,,
powertraces-pt200array_pt220_r4_7536323_9-486809b730,2026-05-01T12:45:59.057Z,81.419,0,36.99,210,0,0,,,,
powertraces-pt200array_pt220_r4_7536323_9-486809b730,2026-05-01T12:45:59.057Z,81.419,1,38.64,210,0,0,,,,
powertraces-pt200array_pt220_r4_7536323_9-486809b730,2026-05-01T12:45:59.057Z,81.419,2,37.17,210,0,0,,,,
powertraces-pt200array_pt220_r4_7536323_9-486809b730,2026-05-01T12:45:59.057Z,81.419,3,40.29,210,0,0,,,,
powertraces-pt200array_pt220_r4_7536323_9-486809b730,2026-05-01T12:45:59.157Z,81.519,0,36.99,210,0,0,,,,
powertraces-pt200array_pt220_r4_7536323_9-486809b730,2026-05-01T12:45:59.157Z,81.519,1,38.64,210,0,0,,,,
powertraces-pt200array_pt220_r4_7536323_9-486809b730,2026-05-01T12:45:59.157Z,81.519,2,37.17,210,0,0,,,,
powertraces-pt200array_pt220_r4_7536323_9-486809b730,2026-05-01T12:45:59.157Z,81.519,3,40.29,210,0,0,,,,
powertraces-pt200array_pt220_r4_7536323_9-486809b730,2026-05-01T12:45:59.257Z,81.619,0,36.99,210,0,0,,,,
powertraces-pt200array_pt220_r4_7536323_9-486809b730,2026-05-01T12:45:59.257Z,81.619,1,38.64,210,0,0,,,,
powertraces-pt200array_pt220_r4_7536323_9-486809b730,2026-05-01T12:45:59.257Z,81.619,2,37.17,210,0,0,,,,
powertraces-pt200array_pt220_r4_7536323_9-486809b730,2026-05-01T12:45:59.257Z,81.619,3,40.29,210,0,0,,,,
powertraces-pt200array_pt220_r4_7536323_9-486809b730,2026-05-01T12:45:59.357Z,81.719,0,36.99,210,0,0,,,,
powertraces-pt200array_pt220_r4_7536323_9-486809b730,2026-05-01T12:45:59.357Z,81.719,1,38.64,210,0,0,,,,
powertraces-pt200array_pt220_r4_7536323_9-486809b730,2026-05-01T12:45:59.357Z,81.719,2,37.17,210,0,0,,,,
powertraces-pt200array_pt220_r4_7536323_9-486809b730,2026-05-01T12:45:59.357Z,81.719,3,40.29,210,0,0,,,,
powertraces-pt200array_pt220_r4_7536323_9-486809b730,2026-05-01T12:45:59.457Z,81.819,0,36.99,210,0,0,,,,
powertraces-pt200array_pt220_r4_7536323_9-486809b730,2026-05-01T12:45:59.457Z,81.819,1,38.64,210,0,0,,,,
powertraces-pt200array_pt220_r4_7536323_9-486809b730,2026-05-01T12:45:59.457Z,81.819,2,37.17,210,0,0,,,,
powertraces-pt200array_pt220_r4_7536323_9-486809b730,2026-05-01T12:45:59.457Z,81.819,3,40.29,210,0,0,,,,
powertraces-pt200array_pt220_r4_7536323_9-486809b730,2026-05-01T12:45:59.557Z,81.919,0,36.99,210,0,0,,,,
powertraces-pt200array_pt220_r4_7536323_9-486809b730,2026-05-01T12:45:59.557Z,81.919,1,38.64,210,0,0,,,,
powertraces-pt200array_pt220_r4_7536323_9-486809b730,2026-05-01T12:45:59.558Z,81.92,2,37.17,210,0,0,,,,
powertraces-pt200array_pt220_r4_7536323_9-486809b730,2026-05-01T12:45:59.558Z,81.92,3,40.29,210,0,0,,,,
powertraces-pt200array_pt220_r4_7536323_9-486809b730,2026-05-01T12:45:59.658Z,82.02,0,36.99,210,0,0,,,,
powertraces-pt200array_pt220_r4_7536323_9-486809b730,2026-05-01T12:45:59.658Z,82.02,1,38.64,210,0,0,,,,
powertraces-pt200array_pt220_r4_7536323_9-486809b730,2026-05-01T12:45:59.658Z,82.02,2,37.17,210,0,0,,,,
powertraces-pt200array_pt220_r4_7536323_9-486809b730,2026-05-01T12:45:59.658Z,82.02,3,40.29,210,0,0,,,,
powertraces-pt200array_pt220_r4_7536323_9-486809b730,2026-05-01T12:45:59.758Z,82.12,0,37.04,210,0,0,,,,
powertraces-pt200array_pt220_r4_7536323_9-486809b730,2026-05-01T12:45:59.758Z,82.12,1,38.64,210,0,0,,,,
powertraces-pt200array_pt220_r4_7536323_9-486809b730,2026-05-01T12:45:59.758Z,82.12,2,37.17,210,0,0,,,,
powertraces-pt200array_pt220_r4_7536323_9-486809b730,2026-05-01T12:45:59.758Z,82.12,3,40.29,210,0,0,,,,
powertraces-pt200array_pt220_r4_7536323_9-486809b730,2026-05-01T12:45:59.858Z,82.22,0,37.04,210,0,0,,,,
powertraces-pt200array_pt220_r4_7536323_9-486809b730,2026-05-01T12:45:59.858Z,82.22,1,38.64,210,0,0,,,,
powertraces-pt200array_pt220_r4_7536323_9-486809b730,2026-05-01T12:45:59.858Z,82.22,2,37.17,210,0,0,,,,
powertraces-pt200array_pt220_r4_7536323_9-486809b730,2026-05-01T12:45:59.858Z,82.22,3,40.29,210,0,0,,,,
powertraces-pt200array_pt220_r4_7536323_9-486809b730,2026-05-01T12:45:59.958Z,82.32,0,37.04,210,0,0,,,,
powertraces-pt200array_pt220_r4_7536323_9-486809b730,2026-05-01T12:45:59.958Z,82.32,1,38.64,210,0,0,,,,
powertraces-pt200array_pt220_r4_7536323_9-486809b730,2026-05-01T12:45:59.958Z,82.32,2,37.17,210,0,0,,,,
powertraces-pt200array_pt220_r4_7536323_9-486809b730,2026-05-01T12:45:59.958Z,82.32,3,40.29,210,0,0,,,,
powertraces-pt200array_pt220_r4_7536323_9-486809b730,2026-05-01T12:46:00.058Z,82.42,0,37.04,210,0,0,,,,
powertraces-pt200array_pt220_r4_7536323_9-486809b730,2026-05-01T12:46:00.058Z,82.42,1,38.64,210,0,0,,,,
powertraces-pt200array_pt220_r4_7536323_9-486809b730,2026-05-01T12:46:00.058Z,82.42,2,37.17,210,0,0,,,,
powertraces-pt200array_pt220_r4_7536323_9-486809b730,2026-05-01T12:46:00.058Z,82.42,3,40.29,210,0,0,,,,
powertraces-pt200array_pt220_r4_7536323_9-486809b730,2026-05-01T12:46:00.158Z,82.52,0,37.04,210,0,0,,,,
powertraces-pt200array_pt220_r4_7536323_9-486809b730,2026-05-01T12:46:00.158Z,82.52,1,38.64,210,0,0,,,,
powertraces-pt200array_pt220_r4_7536323_9-486809b730,2026-05-01T12:46:00.158Z,82.52,2,37.17,210,0,0,,,,
powertraces-pt200array_pt220_r4_7536323_9-486809b730,2026-05-01T12:46:00.158Z,82.52,3,40.29,210,0,0,,,,
powertraces-pt200array_pt220_r4_7536323_9-486809b730,2026-05-01T12:46:00.258Z,82.62,0,37.04,210,0,0,,,,
powertraces-pt200array_pt220_r4_7536323_9-486809b730,2026-05-01T12:46:00.259Z,82.621,1,38.64,210,0,0,,,,
powertraces-pt200array_pt220_r4_7536323_9-486809b730,2026-05-01T12:46:00.259Z,82.621,2,37.17,210,0,0,,,,
powertraces-pt200array_pt220_r4_7536323_9-486809b730,2026-05-01T12:46:00.259Z,82.621,3,40.29,210,0,0,,,,
powertraces-pt200array_pt220_r4_7536323_9-486809b730,2026-05-01T12:46:00.359Z,82.721,0,37.04,210,0,0,,,,
powertraces-pt200array_pt220_r4_7536323_9-486809b730,2026-05-01T12:46:00.359Z,82.721,1,38.65,210,0,0,,,,
powertraces-pt200array_pt220_r4_7536323_9-486809b730,2026-05-01T12:46:00.359Z,82.721,2,37.17,210,0,0,,,,
powertraces-pt200array_pt220_r4_7536323_9-486809b730,2026-05-01T12:46:00.359Z,82.721,3,40.29,210,0,0,,,,
powertraces-pt200array_pt220_r4_7536323_9-486809b730,2026-05-01T12:46:00.459Z,82.821,0,37.04,210,0,0,,,,
powertraces-pt200array_pt220_r4_7536323_9-486809b730,2026-05-01T12:46:00.459Z,82.821,1,38.65,210,0,0,,,,
powertraces-pt200array_pt220_r4_7536323_9-486809b730,2026-05-01T12:46:00.459Z,82.821,2,37.17,210,0,0,,,,
powertraces-pt200array_pt220_r4_7536323_9-486809b730,2026-05-01T12:46:00.459Z,82.821,3,40.29,210,0,0,,,,
powertraces-pt200array_pt220_r4_7536323_9-486809b730,2026-05-01T12:46:00.559Z,82.921,0,37.04,210,0,0,,,,
powertraces-pt200array_pt220_r4_7536323_9-486809b730,2026-05-01T12:46:00.559Z,82.921,1,38.65,210,0,0,,,,
powertraces-pt200array_pt220_r4_7536323_9-486809b730,2026-05-01T12:46:00.559Z,82.921,2,37.17,210,0,0,,,,
powertraces-pt200array_pt220_r4_7536323_9-486809b730,2026-05-01T12:46:00.559Z,82.921,3,40.29,210,0,0,,,,
powertraces-pt200array_pt220_r4_7536323_9-486809b730,2026-05-01T12:46:00.659Z,83.021,0,37.04,210,0,0,,,,
powertraces-pt200array_pt220_r4_7536323_9-486809b730,2026-05-01T12:46:00.659Z,83.021,1,38.65,210,0,0,,,,
powertraces-pt200array_pt220_r4_7536323_9-486809b730,2026-05-01T12:46:00.659Z,83.021,2,37.17,210,0,0,,,,
powertraces-pt200array_pt220_r4_7536323_9-486809b730,2026-05-01T12:46:00.659Z,83.021,3,40.29,210,0,0,,,,
powertraces-pt200array_pt220_r4_7536323_9-486809b730,2026-05-01T12:46:00.759Z,83.121,0,37.04,210,0,0,,,,
powertraces-pt200array_pt220_r4_7536323_9-486809b730,2026-05-01T12:46:00.759Z,83.121,1,38.65,210,0,0,,,,
powertraces-pt200array_pt220_r4_7536323_9-486809b730,2026-05-01T12:46:00.759Z,83.121,2,37.17,210,0,0,,,,
powertraces-pt200array_pt220_r4_7536323_9-486809b730,2026-05-01T12:46:00.759Z,83.121,3,40.29,210,0,0,,,,
powertraces-pt200array_pt220_r4_7536323_9-486809b730,2026-05-01T12:46:00.859Z,83.221,0,37.04,210,0,0,,,,
powertraces-pt200array_pt220_r4_7536323_9-486809b730,2026-05-01T12:46:00.859Z,83.221,1,38.65,210,0,0,,,,
powertraces-pt200array_pt220_r4_7536323_9-486809b730,2026-05-01T12:46:00.859Z,83.221,2,37.17,210,0,0,,,,
powertraces-pt200array_pt220_r4_7536323_9-486809b730,2026-05-01T12:46:00.859Z,83.221,3,40.29,210,0,0,,,,
powertraces-pt200array_pt220_r4_7536323_9-486809b730,2026-05-01T12:46:00.959Z,83.321,0,37.04,210,0,0,,,,
powertraces-pt200array_pt220_r4_7536323_9-486809b730,2026-05-01T12:46:00.959Z,83.321,1,38.65,210,0,0,,,,
powertraces-pt200array_pt220_r4_7536323_9-486809b730,2026-05-01T12:46:00.959Z,83.321,2,37.17,210,0,0,,,,
powertraces-pt200array_pt220_r4_7536323_9-486809b730,2026-05-01T12:46:00.959Z,83.321,3,40.29,210,0,0,,,,
powertraces-pt200array_pt220_r4_7536323_9-486809b730,2026-05-01T12:46:01.059Z,83.421,0,37.04,210,0,0,,,,
powertraces-pt200array_pt220_r4_7536323_9-486809b730,2026-05-01T12:46:01.06Z,83.422,1,38.65,210,0,0,,,,
powertraces-pt200array_pt220_r4_7536323_9-486809b730,2026-05-01T12:46:01.06Z,83.422,2,37.17,210,0,0,,,,
powertraces-pt200array_pt220_r4_7536323_9-486809b730,2026-05-01T12:46:01.06Z,83.422,3,40.29,210,0,0,,,,
powertraces-pt200array_pt220_r4_7536323_9-486809b730,2026-05-01T12:46:01.16Z,83.522,0,37.04,210,0,0,,,,
powertraces-pt200array_pt220_r4_7536323_9-486809b730,2026-05-01T12:46:01.16Z,83.522,1,38.65,210,0,0,,,,
powertraces-pt200array_pt220_r4_7536323_9-486809b730,2026-05-01T12:46:01.16Z,83.522,2,37.17,210,0,0,,,,
powertraces-pt200array_pt220_r4_7536323_9-486809b730,2026-05-01T12:46:01.16Z,83.522,3,40.29,210,0,0,,,,
powertraces-pt200array_pt220_r4_7536323_9-486809b730,2026-05-01T12:46:01.26Z,83.622,0,37.04,210,0,0,,,,
powertraces-pt200array_pt220_r4_7536323_9-486809b730,2026-05-01T12:46:01.26Z,83.622,1,38.65,210,0,0,,,,
powertraces-pt200array_pt220_r4_7536323_9-486809b730,2026-05-01T12:46:01.26Z,83.622,2,37.17,210,0,0,,,,
powertraces-pt200array_pt220_r4_7536323_9-486809b730,2026-05-01T12:46:01.26Z,83.622,3,40.29,210,0,0,,,,
powertraces-pt200array_pt220_r4_7536323_9-486809b730,2026-05-01T12:46:01.36Z,83.722,0,37.04,210,0,0,,,,
powertraces-pt200array_pt220_r4_7536323_9-486809b730,2026-05-01T12:46:01.36Z,83.722,1,38.65,210,0,0,,,,
powertraces-pt200array_pt220_r4_7536323_9-486809b730,2026-05-01T12:46:01.36Z,83.722,2,37.17,210,0,0,,,,
powertraces-pt200array_pt220_r4_7536323_9-486809b730,2026-05-01T12:46:01.36Z,83.722,3,40.29,210,0,0,,,,
powertraces-pt200array_pt220_r4_7536323_9-486809b730,2026-05-01T12:46:01.46Z,83.822,0,37.04,210,0,0,,,,
powertraces-pt200array_pt220_r4_7536323_9-486809b730,2026-05-01T12:46:01.46Z,83.822,1,38.65,210,0,0,,,,
powertraces-pt200array_pt220_r4_7536323_9-486809b730,2026-05-01T12:46:01.46Z,83.822,2,37.17,210,0,0,,,,
powertraces-pt200array_pt220_r4_7536323_9-486809b730,2026-05-01T12:46:01.46Z,83.822,3,40.29,210,0,0,,,,
powertraces-pt200array_pt220_r4_7536323_9-486809b730,2026-05-01T12:46:01.56Z,83.922,0,37.04,210,0,0,,,,
powertraces-pt200array_pt220_r4_7536323_9-486809b730,2026-05-01T12:46:01.56Z,83.922,1,38.65,210,0,0,,,,
powertraces-pt200array_pt220_r4_7536323_9-486809b730,2026-05-01T12:46:01.56Z,83.922,2,37.17,210,0,0,,,,
powertraces-pt200array_pt220_r4_7536323_9-486809b730,2026-05-01T12:46:01.56Z,83.922,3,40.29,210,0,0,,,,
powertraces-pt200array_pt220_r4_7536323_9-486809b730,2026-05-01T12:46:01.66Z,84.022,0,37.04,210,0,0,,,,
powertraces-pt200array_pt220_r4_7536323_9-486809b730,2026-05-01T12:46:01.66Z,84.022,1,38.65,210,0,0,,,,
powertraces-pt200array_pt220_r4_7536323_9-486809b730,2026-05-01T12:46:01.66Z,84.022,2,37.17,210,0,0,,,,
powertraces-pt200array_pt220_r4_7536323_9-486809b730,2026-05-01T12:46:01.66Z,84.022,3,40.29,210,0,0,,,,
powertraces-pt200array_pt220_r4_7536323_9-486809b730,2026-05-01T12:46:01.76Z,84.122,0,36.99,210,0,0,,,,
powertraces-pt200array_pt220_r4_7536323_9-486809b730,2026-05-01T12:46:01.76Z,84.122,1,38.65,210,0,0,,,,
powertraces-pt200array_pt220_r4_7536323_9-486809b730,2026-05-01T12:46:01.76Z,84.122,2,37.17,210,0,0,,,,
powertraces-pt200array_pt220_r4_7536323_9-486809b730,2026-05-01T12:46:01.76Z,84.122,3,40.29,210,0,0,,,,
powertraces-pt200array_pt220_r4_7536323_9-486809b730,2026-05-01T12:46:01.861Z,84.223,0,36.99,210,0,0,,,,
powertraces-pt200array_pt220_r4_7536323_9-486809b730,2026-05-01T12:46:01.861Z,84.223,1,38.65,210,0,0,,,,
powertraces-pt200array_pt220_r4_7536323_9-486809b730,2026-05-01T12:46:01.861Z,84.223,2,37.17,210,0,0,,,,
powertraces-pt200array_pt220_r4_7536323_9-486809b730,2026-05-01T12:46:01.861Z,84.223,3,40.29,210,0,0,,,,
powertraces-pt200array_pt220_r4_7536323_9-486809b730,2026-05-01T12:46:01.961Z,84.323,0,36.99,210,0,0,,,,
powertraces-pt200array_pt220_r4_7536323_9-486809b730,2026-05-01T12:46:01.961Z,84.323,1,38.65,210,0,0,,,,
powertraces-pt200array_pt220_r4_7536323_9-486809b730,2026-05-01T12:46:01.961Z,84.323,2,37.17,210,0,0,,,,
powertraces-pt200array_pt220_r4_7536323_9-486809b730,2026-05-01T12:46:01.961Z,84.323,3,40.29,210,0,0,,,,
powertraces-pt200array_pt220_r4_7536323_9-486809b730,2026-05-01T12:46:02.061Z,84.423,0,36.99,210,0,0,,,,
powertraces-pt200array_pt220_r4_7536323_9-486809b730,2026-05-01T12:46:02.061Z,84.423,1,38.65,210,0,0,,,,
powertraces-pt200array_pt220_r4_7536323_9-486809b730,2026-05-01T12:46:02.061Z,84.423,2,37.17,210,0,0,,,,
powertraces-pt200array_pt220_r4_7536323_9-486809b730,2026-05-01T12:46:02.061Z,84.423,3,40.29,210,0,0,,,,
powertraces-pt200array_pt220_r4_7536323_9-486809b730,2026-05-01T12:46:02.161Z,84.523,0,36.99,210,0,0,,,,
powertraces-pt200array_pt220_r4_7536323_9-486809b730,2026-05-01T12:46:02.161Z,84.523,1,38.65,210,0,0,,,,
powertraces-pt200array_pt220_r4_7536323_9-486809b730,2026-05-01T12:46:02.161Z,84.523,2,37.17,210,0,0,,,,
powertraces-pt200array_pt220_r4_7536323_9-486809b730,2026-05-01T12:46:02.161Z,84.523,3,40.29,210,0,0,,,,
powertraces-pt200array_pt220_r4_7536323_9-486809b730,2026-05-01T12:46:02.261Z,84.623,0,36.99,210,0,0,,,,
powertraces-pt200array_pt220_r4_7536323_9-486809b730,2026-05-01T12:46:02.261Z,84.623,1,38.65,210,0,0,,,,
powertraces-pt200array_pt220_r4_7536323_9-486809b730,2026-05-01T12:46:02.261Z,84.623,2,37.17,210,0,0,,,,
powertraces-pt200array_pt220_r4_7536323_9-486809b730,2026-05-01T12:46:02.261Z,84.623,3,40.29,210,0,0,,,,
powertraces-pt200array_pt220_r4_7536323_9-486809b730,2026-05-01T12:46:02.361Z,84.723,0,36.99,210,0,0,,,,
powertraces-pt200array_pt220_r4_7536323_9-486809b730,2026-05-01T12:46:02.361Z,84.723,1,38.63,210,0,0,,,,
powertraces-pt200array_pt220_r4_7536323_9-486809b730,2026-05-01T12:46:02.361Z,84.723,2,37.17,210,0,0,,,,
powertraces-pt200array_pt220_r4_7536323_9-486809b730,2026-05-01T12:46:02.361Z,84.723,3,40.29,210,0,0,,,,
powertraces-pt200array_pt220_r4_7536323_9-486809b730,2026-05-01T12:46:02.461Z,84.823,0,36.99,210,0,0,,,,
powertraces-pt200array_pt220_r4_7536323_9-486809b730,2026-05-01T12:46:02.461Z,84.823,1,38.63,210,0,0,,,,
powertraces-pt200array_pt220_r4_7536323_9-486809b730,2026-05-01T12:46:02.461Z,84.823,2,37.17,210,0,0,,,,
powertraces-pt200array_pt220_r4_7536323_9-486809b730,2026-05-01T12:46:02.461Z,84.823,3,40.29,210,0,0,,,,
powertraces-pt200array_pt220_r4_7536323_9-486809b730,2026-05-01T12:46:02.562Z,84.924,0,36.99,210,0,0,,,,
powertraces-pt200array_pt220_r4_7536323_9-486809b730,2026-05-01T12:46:02.562Z,84.924,1,38.63,210,0,0,,,,
powertraces-pt200array_pt220_r4_7536323_9-486809b730,2026-05-01T12:46:02.562Z,84.924,2,37.17,210,0,0,,,,
powertraces-pt200array_pt220_r4_7536323_9-486809b730,2026-05-01T12:46:02.562Z,84.924,3,40.29,210,0,0,,,,
powertraces-pt200array_pt220_r4_7536323_9-486809b730,2026-05-01T12:46:02.662Z,85.024,0,36.99,210,0,0,,,,
powertraces-pt200array_pt220_r4_7536323_9-486809b730,2026-05-01T12:46:02.662Z,85.024,1,38.63,210,0,0,,,,
powertraces-pt200array_pt220_r4_7536323_9-486809b730,2026-05-01T12:46:02.662Z,85.024,2,37.17,210,0,0,,,,
powertraces-pt200array_pt220_r4_7536323_9-486809b730,2026-05-01T12:46:02.662Z,85.024,3,40.29,210,0,0,,,,
powertraces-pt200array_pt220_r4_7536323_9-486809b730,2026-05-01T12:46:02.762Z,85.124,0,36.82,210,0,0,,,,
powertraces-pt200array_pt220_r4_7536323_9-486809b730,2026-05-01T12:46:02.762Z,85.124,1,38.63,210,0,0,,,,
powertraces-pt200array_pt220_r4_7536323_9-486809b730,2026-05-01T12:46:02.762Z,85.124,2,37.17,210,0,0,,,,
powertraces-pt200array_pt220_r4_7536323_9-486809b730,2026-05-01T12:46:02.762Z,85.124,3,40.29,210,0,0,,,,
powertraces-pt200array_pt220_r4_7536323_9-486809b730,2026-05-01T12:46:02.862Z,85.224,0,36.82,210,0,0,,,,
powertraces-pt200array_pt220_r4_7536323_9-486809b730,2026-05-01T12:46:02.862Z,85.224,1,38.63,210,0,0,,,,
powertraces-pt200array_pt220_r4_7536323_9-486809b730,2026-05-01T12:46:02.862Z,85.224,2,37.17,210,0,0,,,,
powertraces-pt200array_pt220_r4_7536323_9-486809b730,2026-05-01T12:46:02.862Z,85.224,3,40.29,210,0,0,,,,
powertraces-pt200array_pt220_r4_7536323_9-486809b730,2026-05-01T12:46:02.962Z,85.324,0,36.82,210,0,0,,,,
powertraces-pt200array_pt220_r4_7536323_9-486809b730,2026-05-01T12:46:02.962Z,85.324,1,38.63,210,0,0,,,,
powertraces-pt200array_pt220_r4_7536323_9-486809b730,2026-05-01T12:46:02.962Z,85.324,2,37.17,210,0,0,,,,
powertraces-pt200array_pt220_r4_7536323_9-486809b730,2026-05-01T12:46:02.962Z,85.324,3,40.29,210,0,0,,,,
powertraces-pt200array_pt220_r4_7536323_9-486809b730,2026-05-01T12:46:03.062Z,85.424,0,36.82,210,0,0,,,,
powertraces-pt200array_pt220_r4_7536323_9-486809b730,2026-05-01T12:46:03.062Z,85.424,1,38.63,210,0,0,,,,
powertraces-pt200array_pt220_r4_7536323_9-486809b730,2026-05-01T12:46:03.062Z,85.424,2,37.17,210,0,0,,,,
powertraces-pt200array_pt220_r4_7536323_9-486809b730,2026-05-01T12:46:03.062Z,85.424,3,40.29,210,0,0,,,,
powertraces-pt200array_pt220_r4_7536323_9-486809b730,2026-05-01T12:46:03.162Z,85.524,0,36.82,210,0,0,,,,
powertraces-pt200array_pt220_r4_7536323_9-486809b730,2026-05-01T12:46:03.162Z,85.524,1,38.63,210,0,0,,,,
powertraces-pt200array_pt220_r4_7536323_9-486809b730,2026-05-01T12:46:03.162Z,85.524,2,37.17,210,0,0,,,,
powertraces-pt200array_pt220_r4_7536323_9-486809b730,2026-05-01T12:46:03.162Z,85.524,3,40.29,210,0,0,,,,
powertraces-pt200array_pt220_r4_7536323_9-486809b730,2026-05-01T12:46:03.262Z,85.624,0,36.82,210,0,0,,,,
powertraces-pt200array_pt220_r4_7536323_9-486809b730,2026-05-01T12:46:03.262Z,85.624,1,38.63,210,0,0,,,,
powertraces-pt200array_pt220_r4_7536323_9-486809b730,2026-05-01T12:46:03.262Z,85.624,2,37.17,210,0,0,,,,
powertraces-pt200array_pt220_r4_7536323_9-486809b730,2026-05-01T12:46:03.262Z,85.624,3,40.29,210,0,0,,,,
powertraces-pt200array_pt220_r4_7536323_9-486809b730,2026-05-01T12:46:03.363Z,85.725,0,36.82,210,0,0,,,,
powertraces-pt200array_pt220_r4_7536323_9-486809b730,2026-05-01T12:46:03.363Z,85.725,1,38.52,210,0,0,,,,
powertraces-pt200array_pt220_r4_7536323_9-486809b730,2026-05-01T12:46:03.363Z,85.725,2,37.17,210,0,0,,,,
powertraces-pt200array_pt220_r4_7536323_9-486809b730,2026-05-01T12:46:03.363Z,85.725,3,40.29,210,0,0,,,,
powertraces-pt200array_pt220_r4_7536323_9-486809b730,2026-05-01T12:46:03.463Z,85.825,0,36.82,210,0,0,,,,
powertraces-pt200array_pt220_r4_7536323_9-486809b730,2026-05-01T12:46:03.463Z,85.825,1,38.52,210,0,0,,,,
powertraces-pt200array_pt220_r4_7536323_9-486809b730,2026-05-01T12:46:03.463Z,85.825,2,37.17,210,0,0,,,,
powertraces-pt200array_pt220_r4_7536323_9-486809b730,2026-05-01T12:46:03.463Z,85.825,3,40.29,210,0,0,,,,
powertraces-pt200array_pt220_r4_7536323_9-486809b730,2026-05-01T12:46:03.563Z,85.925,0,36.82,210,0,0,,,,
powertraces-pt200array_pt220_r4_7536323_9-486809b730,2026-05-01T12:46:03.563Z,85.925,1,38.52,210,0,0,,,,
powertraces-pt200array_pt220_r4_7536323_9-486809b730,2026-05-01T12:46:03.563Z,85.925,2,37.17,210,0,0,,,,
powertraces-pt200array_pt220_r4_7536323_9-486809b730,2026-05-01T12:46:03.563Z,85.925,3,40.29,210,0,0,,,,
powertraces-pt200array_pt220_r4_7536323_9-486809b730,2026-05-01T12:46:03.663Z,86.025,0,36.82,210,0,0,,,,
powertraces-pt200array_pt220_r4_7536323_9-486809b730,2026-05-01T12:46:03.663Z,86.025,1,38.52,210,0,0,,,,
powertraces-pt200array_pt220_r4_7536323_9-486809b730,2026-05-01T12:46:03.663Z,86.025,2,37.17,210,0,0,,,,
powertraces-pt200array_pt220_r4_7536323_9-486809b730,2026-05-01T12:46:03.663Z,86.025,3,40.29,210,0,0,,,,
powertraces-pt200array_pt220_r4_7536323_9-486809b730,2026-05-01T12:46:03.763Z,86.125,0,36.82,210,0,0,,,,
powertraces-pt200array_pt220_r4_7536323_9-486809b730,2026-05-01T12:46:03.763Z,86.125,1,38.52,210,0,0,,,,
powertraces-pt200array_pt220_r4_7536323_9-486809b730,2026-05-01T12:46:03.763Z,86.125,2,37.17,210,0,0,,,,
powertraces-pt200array_pt220_r4_7536323_9-486809b730,2026-05-01T12:46:03.763Z,86.125,3,40.29,210,0,0,,,,
powertraces-pt200array_pt220_r4_7536323_9-486809b730,2026-05-01T12:46:03.863Z,86.225,0,36.82,210,0,0,,,,
powertraces-pt200array_pt220_r4_7536323_9-486809b730,2026-05-01T12:46:03.863Z,86.225,1,38.52,210,0,0,,,,
powertraces-pt200array_pt220_r4_7536323_9-486809b730,2026-05-01T12:46:03.863Z,86.225,2,37.17,210,0,0,,,,
powertraces-pt200array_pt220_r4_7536323_9-486809b730,2026-05-01T12:46:03.863Z,86.225,3,40.29,210,0,0,,,,
powertraces-pt200array_pt220_r4_7536323_9-486809b730,2026-05-01T12:46:03.963Z,86.325,0,36.82,210,0,0,,,,
powertraces-pt200array_pt220_r4_7536323_9-486809b730,2026-05-01T12:46:03.963Z,86.325,1,38.52,210,0,0,,,,
powertraces-pt200array_pt220_r4_7536323_9-486809b730,2026-05-01T12:46:03.963Z,86.325,2,37.17,210,0,0,,,,
powertraces-pt200array_pt220_r4_7536323_9-486809b730,2026-05-01T12:46:03.963Z,86.325,3,40.29,210,0,0,,,,
powertraces-pt200array_pt220_r4_7536323_9-486809b730,2026-05-01T12:46:04.063Z,86.425,0,36.82,210,0,0,,,,
powertraces-pt200array_pt220_r4_7536323_9-486809b730,2026-05-01T12:46:04.064Z,86.426,1,38.52,210,0,0,,,,
powertraces-pt200array_pt220_r4_7536323_9-486809b730,2026-05-01T12:46:04.064Z,86.426,2,37.17,210,0,0,,,,
powertraces-pt200array_pt220_r4_7536323_9-486809b730,2026-05-01T12:46:04.064Z,86.426,3,40.29,210,0,0,,,,
powertraces-pt200array_pt220_r4_7536323_9-486809b730,2026-05-01T12:46:04.164Z,86.526,0,36.82,210,0,0,,,,
powertraces-pt200array_pt220_r4_7536323_9-486809b730,2026-05-01T12:46:04.164Z,86.526,1,38.52,210,0,0,,,,
powertraces-pt200array_pt220_r4_7536323_9-486809b730,2026-05-01T12:46:04.164Z,86.526,2,37.17,210,0,0,,,,
powertraces-pt200array_pt220_r4_7536323_9-486809b730,2026-05-01T12:46:04.164Z,86.526,3,40.29,210,0,0,,,,
powertraces-pt200array_pt220_r4_7536323_9-486809b730,2026-05-01T12:46:04.264Z,86.626,0,36.82,210,0,0,,,,
powertraces-pt200array_pt220_r4_7536323_9-486809b730,2026-05-01T12:46:04.264Z,86.626,1,38.52,210,0,0,,,,
powertraces-pt200array_pt220_r4_7536323_9-486809b730,2026-05-01T12:46:04.264Z,86.626,2,37.17,210,0,0,,,,
powertraces-pt200array_pt220_r4_7536323_9-486809b730,2026-05-01T12:46:04.264Z,86.626,3,40.29,210,0,0,,,,
powertraces-pt200array_pt220_r4_7536323_9-486809b730,2026-05-01T12:46:04.364Z,86.726,0,36.82,210,0,0,,,,
powertraces-pt200array_pt220_r4_7536323_9-486809b730,2026-05-01T12:46:04.364Z,86.726,1,38.52,210,0,0,,,,
powertraces-pt200array_pt220_r4_7536323_9-486809b730,2026-05-01T12:46:04.364Z,86.726,2,37.17,210,0,0,,,,
powertraces-pt200array_pt220_r4_7536323_9-486809b730,2026-05-01T12:46:04.364Z,86.726,3,40.29,210,0,0,,,,
powertraces-pt200array_pt220_r4_7536323_9-486809b730,2026-05-01T12:46:04.464Z,86.826,0,36.82,210,0,0,,,,
powertraces-pt200array_pt220_r4_7536323_9-486809b730,2026-05-01T12:46:04.464Z,86.826,1,38.52,210,0,0,,,,
powertraces-pt200array_pt220_r4_7536323_9-486809b730,2026-05-01T12:46:04.464Z,86.826,2,37.17,210,0,0,,,,
powertraces-pt200array_pt220_r4_7536323_9-486809b730,2026-05-01T12:46:04.464Z,86.826,3,40.29,210,0,0,,,,
powertraces-pt200array_pt220_r4_7536323_9-486809b730,2026-05-01T12:46:04.564Z,86.926,0,36.82,210,0,0,,,,
powertraces-pt200array_pt220_r4_7536323_9-486809b730,2026-05-01T12:46:04.564Z,86.926,1,38.52,210,0,0,,,,
powertraces-pt200array_pt220_r4_7536323_9-486809b730,2026-05-01T12:46:04.564Z,86.926,2,37.17,210,0,0,,,,
powertraces-pt200array_pt220_r4_7536323_9-486809b730,2026-05-01T12:46:04.564Z,86.926,3,40.29,210,0,0,,,,
powertraces-pt200array_pt220_r4_7536323_9-486809b730,2026-05-01T12:46:04.664Z,87.026,0,36.82,210,0,0,,,,
powertraces-pt200array_pt220_r4_7536323_9-486809b730,2026-05-01T12:46:04.664Z,87.026,1,38.52,210,0,0,,,,
powertraces-pt200array_pt220_r4_7536323_9-486809b730,2026-05-01T12:46:04.664Z,87.026,2,37.17,210,0,0,,,,
powertraces-pt200array_pt220_r4_7536323_9-486809b730,2026-05-01T12:46:04.664Z,87.026,3,40.29,210,0,0,,,,
powertraces-pt200array_pt220_r4_7536323_9-486809b730,2026-05-01T12:46:04.764Z,87.126,0,36.82,210,0,0,,,,
powertraces-pt200array_pt220_r4_7536323_9-486809b730,2026-05-01T12:46:04.764Z,87.126,1,38.52,210,0,0,,,,
powertraces-pt200array_pt220_r4_7536323_9-486809b730,2026-05-01T12:46:04.764Z,87.126,2,37.17,210,0,0,,,,
powertraces-pt200array_pt220_r4_7536323_9-486809b730,2026-05-01T12:46:04.764Z,87.126,3,40.29,210,0,0,,,,
powertraces-pt200array_pt220_r4_7536323_9-486809b730,2026-05-01T12:46:04.865Z,87.227,0,36.82,210,0,0,,,,
powertraces-pt200array_pt220_r4_7536323_9-486809b730,2026-05-01T12:46:04.865Z,87.227,1,38.52,210,0,0,,,,
powertraces-pt200array_pt220_r4_7536323_9-486809b730,2026-05-01T12:46:04.865Z,87.227,2,37.17,210,0,0,,,,
powertraces-pt200array_pt220_r4_7536323_9-486809b730,2026-05-01T12:46:04.865Z,87.227,3,40.29,210,0,0,,,,
powertraces-pt200array_pt220_r4_7536323_9-486809b730,2026-05-01T12:46:04.965Z,87.327,0,36.82,210,0,0,,,,
powertraces-pt200array_pt220_r4_7536323_9-486809b730,2026-05-01T12:46:04.965Z,87.327,1,38.52,210,0,0,,,,
powertraces-pt200array_pt220_r4_7536323_9-486809b730,2026-05-01T12:46:04.965Z,87.327,2,37.17,210,0,0,,,,
powertraces-pt200array_pt220_r4_7536323_9-486809b730,2026-05-01T12:46:04.965Z,87.327,3,40.29,210,0,0,,,,
powertraces-pt200array_pt220_r4_7536323_9-486809b730,2026-05-01T12:46:05.065Z,87.427,0,36.82,210,0,0,,,,
powertraces-pt200array_pt220_r4_7536323_9-486809b730,2026-05-01T12:46:05.065Z,87.427,1,38.52,210,0,0,,,,
powertraces-pt200array_pt220_r4_7536323_9-486809b730,2026-05-01T12:46:05.065Z,87.427,2,37.17,210,0,0,,,,
powertraces-pt200array_pt220_r4_7536323_9-486809b730,2026-05-01T12:46:05.065Z,87.427,3,40.29,210,0,0,,,,
powertraces-pt200array_pt220_r4_7536323_9-486809b730,2026-05-01T12:46:05.165Z,87.527,0,36.82,210,0,0,,,,
powertraces-pt200array_pt220_r4_7536323_9-486809b730,2026-05-01T12:46:05.165Z,87.527,1,38.52,210,0,0,,,,
powertraces-pt200array_pt220_r4_7536323_9-486809b730,2026-05-01T12:46:05.165Z,87.527,2,37.17,210,0,0,,,,
powertraces-pt200array_pt220_r4_7536323_9-486809b730,2026-05-01T12:46:05.165Z,87.527,3,40.29,210,0,0,,,,
powertraces-pt200array_pt220_r4_7536323_9-486809b730,2026-05-01T12:46:05.265Z,87.627,0,36.82,210,0,0,,,,
powertraces-pt200array_pt220_r4_7536323_9-486809b730,2026-05-01T12:46:05.265Z,87.627,1,38.52,210,0,0,,,,
powertraces-pt200array_pt220_r4_7536323_9-486809b730,2026-05-01T12:46:05.265Z,87.627,2,37.17,210,0,0,,,,
powertraces-pt200array_pt220_r4_7536323_9-486809b730,2026-05-01T12:46:05.265Z,87.627,3,40.29,210,0,0,,,,
powertraces-pt200array_pt220_r4_7536323_9-486809b730,2026-05-01T12:46:05.365Z,87.727,0,36.82,210,0,0,,,,
powertraces-pt200array_pt220_r4_7536323_9-486809b730,2026-05-01T12:46:05.365Z,87.727,1,38.51,210,0,0,,,,
powertraces-pt200array_pt220_r4_7536323_9-486809b730,2026-05-01T12:46:05.365Z,87.727,2,37.17,210,0,0,,,,
powertraces-pt200array_pt220_r4_7536323_9-486809b730,2026-05-01T12:46:05.365Z,87.727,3,40.29,210,0,0,,,,
powertraces-pt200array_pt220_r4_7536323_9-486809b730,2026-05-01T12:46:05.465Z,87.827,0,36.82,210,0,0,,,,
powertraces-pt200array_pt220_r4_7536323_9-486809b730,2026-05-01T12:46:05.466Z,87.828,1,38.51,210,0,0,,,,
powertraces-pt200array_pt220_r4_7536323_9-486809b730,2026-05-01T12:46:05.466Z,87.828,2,37.17,210,0,0,,,,
powertraces-pt200array_pt220_r4_7536323_9-486809b730,2026-05-01T12:46:05.466Z,87.828,3,40.29,210,0,0,,,,
powertraces-pt200array_pt220_r4_7536323_9-486809b730,2026-05-01T12:46:05.566Z,87.928,0,36.82,210,0,0,,,,
powertraces-pt200array_pt220_r4_7536323_9-486809b730,2026-05-01T12:46:05.566Z,87.928,1,38.51,210,0,0,,,,
powertraces-pt200array_pt220_r4_7536323_9-486809b730,2026-05-01T12:46:05.566Z,87.928,2,37.17,210,0,0,,,,
powertraces-pt200array_pt220_r4_7536323_9-486809b730,2026-05-01T12:46:05.566Z,87.928,3,40.29,210,0,0,,,,
powertraces-pt200array_pt220_r4_7536323_9-486809b730,2026-05-01T12:46:05.666Z,88.028,0,36.82,210,0,0,,,,
powertraces-pt200array_pt220_r4_7536323_9-486809b730,2026-05-01T12:46:05.666Z,88.028,1,38.51,210,0,0,,,,
powertraces-pt200array_pt220_r4_7536323_9-486809b730,2026-05-01T12:46:05.666Z,88.028,2,37.17,210,0,0,,,,
powertraces-pt200array_pt220_r4_7536323_9-486809b730,2026-05-01T12:46:05.666Z,88.028,3,40.29,210,0,0,,,,
powertraces-pt200array_pt220_r4_7536323_9-486809b730,2026-05-01T12:46:05.766Z,88.128,0,36.82,210,0,0,,,,
powertraces-pt200array_pt220_r4_7536323_9-486809b730,2026-05-01T12:46:05.766Z,88.128,1,38.51,210,0,0,,,,
powertraces-pt200array_pt220_r4_7536323_9-486809b730,2026-05-01T12:46:05.766Z,88.128,2,37.17,210,0,0,,,,
powertraces-pt200array_pt220_r4_7536323_9-486809b730,2026-05-01T12:46:05.766Z,88.128,3,40.29,210,0,0,,,,
powertraces-pt200array_pt220_r4_7536323_9-486809b730,2026-05-01T12:46:05.866Z,88.228,0,36.82,210,0,0,,,,
powertraces-pt200array_pt220_r4_7536323_9-486809b730,2026-05-01T12:46:05.866Z,88.228,1,38.51,210,0,0,,,,
powertraces-pt200array_pt220_r4_7536323_9-486809b730,2026-05-01T12:46:05.866Z,88.228,2,37.17,210,0,0,,,,
powertraces-pt200array_pt220_r4_7536323_9-486809b730,2026-05-01T12:46:05.866Z,88.228,3,40.29,210,0,0,,,,
powertraces-pt200array_pt220_r4_7536323_9-486809b730,2026-05-01T12:46:05.966Z,88.328,0,36.82,210,0,0,,,,
powertraces-pt200array_pt220_r4_7536323_9-486809b730,2026-05-01T12:46:05.966Z,88.328,1,38.51,210,0,0,,,,
powertraces-pt200array_pt220_r4_7536323_9-486809b730,2026-05-01T12:46:05.966Z,88.328,2,37.17,210,0,0,,,,
powertraces-pt200array_pt220_r4_7536323_9-486809b730,2026-05-01T12:46:05.966Z,88.328,3,40.29,210,0,0,,,,
powertraces-pt200array_pt220_r4_7536323_9-486809b730,2026-05-01T12:46:06.066Z,88.428,0,36.82,210,0,0,,,,
powertraces-pt200array_pt220_r4_7536323_9-486809b730,2026-05-01T12:46:06.066Z,88.428,1,38.51,210,0,0,,,,
powertraces-pt200array_pt220_r4_7536323_9-486809b730,2026-05-01T12:46:06.066Z,88.428,2,37.17,210,0,0,,,,
powertraces-pt200array_pt220_r4_7536323_9-486809b730,2026-05-01T12:46:06.066Z,88.428,3,40.29,210,0,0,,,,
powertraces-pt200array_pt220_r4_7536323_9-486809b730,2026-05-01T12:46:06.166Z,88.528,0,36.82,210,0,0,,,,
powertraces-pt200array_pt220_r4_7536323_9-486809b730,2026-05-01T12:46:06.166Z,88.528,1,38.51,210,0,0,,,,
powertraces-pt200array_pt220_r4_7536323_9-486809b730,2026-05-01T12:46:06.167Z,88.529,2,37.17,210,0,0,,,,
powertraces-pt200array_pt220_r4_7536323_9-486809b730,2026-05-01T12:46:06.167Z,88.529,3,40.29,210,0,0,,,,
powertraces-pt200array_pt220_r4_7536323_9-486809b730,2026-05-01T12:46:06.267Z,88.629,0,36.82,210,0,0,,,,
powertraces-pt200array_pt220_r4_7536323_9-486809b730,2026-05-01T12:46:06.267Z,88.629,1,38.51,210,0,0,,,,
powertraces-pt200array_pt220_r4_7536323_9-486809b730,2026-05-01T12:46:06.267Z,88.629,2,37.17,210,0,0,,,,
powertraces-pt200array_pt220_r4_7536323_9-486809b730,2026-05-01T12:46:06.267Z,88.629,3,40.29,210,0,0,,,,
powertraces-pt200array_pt220_r4_7536323_9-486809b730,2026-05-01T12:46:06.367Z,88.729,0,36.82,210,0,0,,,,
powertraces-pt200array_pt220_r4_7536323_9-486809b730,2026-05-01T12:46:06.367Z,88.729,1,38.4,210,0,0,,,,
powertraces-pt200array_pt220_r4_7536323_9-486809b730,2026-05-01T12:46:06.367Z,88.729,2,37.17,210,0,0,,,,
powertraces-pt200array_pt220_r4_7536323_9-486809b730,2026-05-01T12:46:06.367Z,88.729,3,40.29,210,0,0,,,,
powertraces-pt200array_pt220_r4_7536323_9-486809b730,2026-05-01T12:46:06.467Z,88.829,0,36.82,210,0,0,,,,
powertraces-pt200array_pt220_r4_7536323_9-486809b730,2026-05-01T12:46:06.467Z,88.829,1,38.4,210,0,0,,,,
powertraces-pt200array_pt220_r4_7536323_9-486809b730,2026-05-01T12:46:06.467Z,88.829,2,37.17,210,0,0,,,,
powertraces-pt200array_pt220_r4_7536323_9-486809b730,2026-05-01T12:46:06.467Z,88.829,3,40.29,210,0,0,,,,
powertraces-pt200array_pt220_r4_7536323_9-486809b730,2026-05-01T12:46:06.567Z,88.929,0,36.82,210,0,0,,,,
powertraces-pt200array_pt220_r4_7536323_9-486809b730,2026-05-01T12:46:06.567Z,88.929,1,38.4,210,0,0,,,,
powertraces-pt200array_pt220_r4_7536323_9-486809b730,2026-05-01T12:46:06.567Z,88.929,2,37.17,210,0,0,,,,
powertraces-pt200array_pt220_r4_7536323_9-486809b730,2026-05-01T12:46:06.567Z,88.929,3,40.29,210,0,0,,,,
powertraces-pt200array_pt220_r4_7536323_9-486809b730,2026-05-01T12:46:06.667Z,89.029,0,36.82,210,0,0,,,,
powertraces-pt200array_pt220_r4_7536323_9-486809b730,2026-05-01T12:46:06.667Z,89.029,1,38.4,210,0,0,,,,
powertraces-pt200array_pt220_r4_7536323_9-486809b730,2026-05-01T12:46:06.667Z,89.029,2,37.17,210,0,0,,,,
powertraces-pt200array_pt220_r4_7536323_9-486809b730,2026-05-01T12:46:06.667Z,89.029,3,40.29,210,0,0,,,,
powertraces-pt200array_pt220_r4_7536323_9-486809b730,2026-05-01T12:46:06.767Z,89.129,0,36.82,210,0,0,,,,
powertraces-pt200array_pt220_r4_7536323_9-486809b730,2026-05-01T12:46:06.767Z,89.129,1,38.4,210,0,0,,,,
powertraces-pt200array_pt220_r4_7536323_9-486809b730,2026-05-01T12:46:06.767Z,89.129,2,37.17,210,0,0,,,,
powertraces-pt200array_pt220_r4_7536323_9-486809b730,2026-05-01T12:46:06.767Z,89.129,3,40.29,210,0,0,,,,
powertraces-pt200array_pt220_r4_7536323_9-486809b730,2026-05-01T12:46:06.867Z,89.229,0,36.82,210,0,0,,,,
powertraces-pt200array_pt220_r4_7536323_9-486809b730,2026-05-01T12:46:06.867Z,89.229,1,38.4,210,0,0,,,,
powertraces-pt200array_pt220_r4_7536323_9-486809b730,2026-05-01T12:46:06.867Z,89.229,2,37.17,210,0,0,,,,
powertraces-pt200array_pt220_r4_7536323_9-486809b730,2026-05-01T12:46:06.868Z,89.23,3,40.29,210,0,0,,,,
powertraces-pt200array_pt220_r4_7536323_9-486809b730,2026-05-01T12:46:06.968Z,89.33,0,36.82,210,0,0,,,,
powertraces-pt200array_pt220_r4_7536323_9-486809b730,2026-05-01T12:46:06.968Z,89.33,1,38.4,210,0,0,,,,
powertraces-pt200array_pt220_r4_7536323_9-486809b730,2026-05-01T12:46:06.968Z,89.33,2,37.17,210,0,0,,,,
powertraces-pt200array_pt220_r4_7536323_9-486809b730,2026-05-01T12:46:06.968Z,89.33,3,40.29,210,0,0,,,,
powertraces-pt200array_pt220_r4_7536323_9-486809b730,2026-05-01T12:46:07.068Z,89.43,0,36.82,210,0,0,,,,
powertraces-pt200array_pt220_r4_7536323_9-486809b730,2026-05-01T12:46:07.068Z,89.43,1,38.4,210,0,0,,,,
powertraces-pt200array_pt220_r4_7536323_9-486809b730,2026-05-01T12:46:07.068Z,89.43,2,37.17,210,0,0,,,,
powertraces-pt200array_pt220_r4_7536323_9-486809b730,2026-05-01T12:46:07.068Z,89.43,3,40.29,210,0,0,,,,
powertraces-pt200array_pt220_r4_7536323_9-486809b730,2026-05-01T12:46:07.168Z,89.53,0,36.82,210,0,0,,,,
powertraces-pt200array_pt220_r4_7536323_9-486809b730,2026-05-01T12:46:07.168Z,89.53,1,38.4,210,0,0,,,,
powertraces-pt200array_pt220_r4_7536323_9-486809b730,2026-05-01T12:46:07.168Z,89.53,2,37.17,210,0,0,,,,
powertraces-pt200array_pt220_r4_7536323_9-486809b730,2026-05-01T12:46:07.168Z,89.53,3,40.29,210,0,0,,,,
powertraces-pt200array_pt220_r4_7536323_9-486809b730,2026-05-01T12:46:07.268Z,89.63,0,36.82,210,0,0,,,,
powertraces-pt200array_pt220_r4_7536323_9-486809b730,2026-05-01T12:46:07.268Z,89.63,1,38.4,210,0,0,,,,
powertraces-pt200array_pt220_r4_7536323_9-486809b730,2026-05-01T12:46:07.268Z,89.63,2,37.17,210,0,0,,,,
powertraces-pt200array_pt220_r4_7536323_9-486809b730,2026-05-01T12:46:07.268Z,89.63,3,40.29,210,0,0,,,,
powertraces-pt200array_pt220_r4_7536323_9-486809b730,2026-05-01T12:46:07.368Z,89.73,0,36.82,210,0,0,,,,
powertraces-pt200array_pt220_r4_7536323_9-486809b730,2026-05-01T12:46:07.368Z,89.73,1,38.4,210,0,0,,,,
powertraces-pt200array_pt220_r4_7536323_9-486809b730,2026-05-01T12:46:07.368Z,89.73,2,37.17,210,0,0,,,,
powertraces-pt200array_pt220_r4_7536323_9-486809b730,2026-05-01T12:46:07.368Z,89.73,3,40.29,210,0,0,,,,
powertraces-pt200array_pt220_r4_7536323_9-486809b730,2026-05-01T12:46:07.468Z,89.83,0,36.82,210,0,0,,,,
powertraces-pt200array_pt220_r4_7536323_9-486809b730,2026-05-01T12:46:07.468Z,89.83,1,38.4,210,0,0,,,,
powertraces-pt200array_pt220_r4_7536323_9-486809b730,2026-05-01T12:46:07.468Z,89.83,2,37.17,210,0,0,,,,
powertraces-pt200array_pt220_r4_7536323_9-486809b730,2026-05-01T12:46:07.468Z,89.83,3,40.29,210,0,0,,,,
powertraces-pt200array_pt220_r4_7536323_9-486809b730,2026-05-01T12:46:07.568Z,89.93,0,36.82,210,0,0,,,,
powertraces-pt200array_pt220_r4_7536323_9-486809b730,2026-05-01T12:46:07.568Z,89.93,1,38.4,210,0,0,,,,
powertraces-pt200array_pt220_r4_7536323_9-486809b730,2026-05-01T12:46:07.568Z,89.93,2,37.17,210,0,0,,,,
powertraces-pt200array_pt220_r4_7536323_9-486809b730,2026-05-01T12:46:07.568Z,89.93,3,40.29,210,0,0,,,,
powertraces-pt200array_pt220_r4_7536323_9-486809b730,2026-05-01T12:46:07.668Z,90.03,0,36.82,210,0,0,,,,
powertraces-pt200array_pt220_r4_7536323_9-486809b730,2026-05-01T12:46:07.669Z,90.031,1,38.4,210,0,0,,,,
powertraces-pt200array_pt220_r4_7536323_9-486809b730,2026-05-01T12:46:07.669Z,90.031,2,37.17,210,0,0,,,,
powertraces-pt200array_pt220_r4_7536323_9-486809b730,2026-05-01T12:46:07.669Z,90.031,3,40.29,210,0,0,,,,
powertraces-pt200array_pt220_r4_7536323_9-486809b730,2026-05-01T12:46:07.769Z,90.131,0,36.82,210,0,0,,,,
powertraces-pt200array_pt220_r4_7536323_9-486809b730,2026-05-01T12:46:07.769Z,90.131,1,38.4,210,0,0,,,,
powertraces-pt200array_pt220_r4_7536323_9-486809b730,2026-05-01T12:46:07.769Z,90.131,2,37.17,210,0,0,,,,
powertraces-pt200array_pt220_r4_7536323_9-486809b730,2026-05-01T12:46:07.769Z,90.131,3,40.16,210,0,0,,,,
powertraces-pt200array_pt220_r4_7536323_9-486809b730,2026-05-01T12:46:07.869Z,90.231,0,36.82,210,0,0,,,,
powertraces-pt200array_pt220_r4_7536323_9-486809b730,2026-05-01T12:46:07.869Z,90.231,1,38.4,210,0,0,,,,
powertraces-pt200array_pt220_r4_7536323_9-486809b730,2026-05-01T12:46:07.869Z,90.231,2,37.17,210,0,0,,,,
powertraces-pt200array_pt220_r4_7536323_9-486809b730,2026-05-01T12:46:07.869Z,90.231,3,40.16,210,0,0,,,,
powertraces-pt200array_pt220_r4_7536323_9-486809b730,2026-05-01T12:46:07.969Z,90.331,0,36.82,210,0,0,,,,
powertraces-pt200array_pt220_r4_7536323_9-486809b730,2026-05-01T12:46:07.969Z,90.331,1,38.4,210,0,0,,,,
powertraces-pt200array_pt220_r4_7536323_9-486809b730,2026-05-01T12:46:07.969Z,90.331,2,37.17,210,0,0,,,,
powertraces-pt200array_pt220_r4_7536323_9-486809b730,2026-05-01T12:46:07.969Z,90.331,3,40.16,210,0,0,,,,
powertraces-pt200array_pt220_r4_7536323_9-486809b730,2026-05-01T12:46:08.069Z,90.431,0,36.82,210,0,0,,,,
powertraces-pt200array_pt220_r4_7536323_9-486809b730,2026-05-01T12:46:08.069Z,90.431,1,38.4,210,0,0,,,,
powertraces-pt200array_pt220_r4_7536323_9-486809b730,2026-05-01T12:46:08.069Z,90.431,2,37.17,210,0,0,,,,
powertraces-pt200array_pt220_r4_7536323_9-486809b730,2026-05-01T12:46:08.069Z,90.431,3,40.16,210,0,0,,,,
powertraces-pt200array_pt220_r4_7536323_9-486809b730,2026-05-01T12:46:08.169Z,90.531,0,36.82,210,0,0,,,,
powertraces-pt200array_pt220_r4_7536323_9-486809b730,2026-05-01T12:46:08.169Z,90.531,1,38.4,210,0,0,,,,
powertraces-pt200array_pt220_r4_7536323_9-486809b730,2026-05-01T12:46:08.169Z,90.531,2,37.17,210,0,0,,,,
powertraces-pt200array_pt220_r4_7536323_9-486809b730,2026-05-01T12:46:08.169Z,90.531,3,40.16,210,0,0,,,,
powertraces-pt200array_pt220_r4_7536323_9-486809b730,2026-05-01T12:46:08.269Z,90.631,0,36.82,210,0,0,,,,
powertraces-pt200array_pt220_r4_7536323_9-486809b730,2026-05-01T12:46:08.269Z,90.631,1,38.4,210,0,0,,,,
powertraces-pt200array_pt220_r4_7536323_9-486809b730,2026-05-01T12:46:08.269Z,90.631,2,37.17,210,0,0,,,,
powertraces-pt200array_pt220_r4_7536323_9-486809b730,2026-05-01T12:46:08.269Z,90.631,3,40.16,210,0,0,,,,
powertraces-pt200array_pt220_r4_7536323_9-486809b730,2026-05-01T12:46:08.369Z,90.731,0,36.82,210,0,0,,,,
powertraces-pt200array_pt220_r4_7536323_9-486809b730,2026-05-01T12:46:08.369Z,90.731,1,38.4,210,0,0,,,,
powertraces-pt200array_pt220_r4_7536323_9-486809b730,2026-05-01T12:46:08.369Z,90.731,2,37.17,210,0,0,,,,
powertraces-pt200array_pt220_r4_7536323_9-486809b730,2026-05-01T12:46:08.369Z,90.731,3,40.16,210,0,0,,,,
powertraces-pt200array_pt220_r4_7536323_9-486809b730,2026-05-01T12:46:08.47Z,90.832,0,36.82,210,0,0,,,,
powertraces-pt200array_pt220_r4_7536323_9-486809b730,2026-05-01T12:46:08.47Z,90.832,1,38.4,210,0,0,,,,
powertraces-pt200array_pt220_r4_7536323_9-486809b730,2026-05-01T12:46:08.47Z,90.832,2,37.17,210,0,0,,,,
powertraces-pt200array_pt220_r4_7536323_9-486809b730,2026-05-01T12:46:08.47Z,90.832,3,40.16,210,0,0,,,,
powertraces-pt200array_pt220_r4_7536323_9-486809b730,2026-05-01T12:46:08.57Z,90.932,0,36.82,210,0,0,,,,
powertraces-pt200array_pt220_r4_7536323_9-486809b730,2026-05-01T12:46:08.57Z,90.932,1,38.4,210,0,0,,,,
powertraces-pt200array_pt220_r4_7536323_9-486809b730,2026-05-01T12:46:08.57Z,90.932,2,37.17,210,0,0,,,,
powertraces-pt200array_pt220_r4_7536323_9-486809b730,2026-05-01T12:46:08.57Z,90.932,3,40.16,210,0,0,,,,
powertraces-pt200array_pt220_r4_7536323_9-486809b730,2026-05-01T12:46:08.67Z,91.032,0,36.82,210,0,0,,,,
powertraces-pt200array_pt220_r4_7536323_9-486809b730,2026-05-01T12:46:08.67Z,91.032,1,38.4,210,0,0,,,,
powertraces-pt200array_pt220_r4_7536323_9-486809b730,2026-05-01T12:46:08.67Z,91.032,2,37.17,210,0,0,,,,
powertraces-pt200array_pt220_r4_7536323_9-486809b730,2026-05-01T12:46:08.67Z,91.032,3,40.16,210,0,0,,,,
powertraces-pt200array_pt220_r4_7536323_9-486809b730,2026-05-01T12:46:08.77Z,91.132,0,36.82,210,0,0,,,,
powertraces-pt200array_pt220_r4_7536323_9-486809b730,2026-05-01T12:46:08.77Z,91.132,1,38.4,210,0,0,,,,
powertraces-pt200array_pt220_r4_7536323_9-486809b730,2026-05-01T12:46:08.77Z,91.132,2,37.17,210,0,0,,,,
powertraces-pt200array_pt220_r4_7536323_9-486809b730,2026-05-01T12:46:08.77Z,91.132,3,40.04,210,0,0,,,,
powertraces-pt200array_pt220_r4_7536323_9-486809b730,2026-05-01T12:46:08.87Z,91.232,0,36.82,210,0,0,,,,
powertraces-pt200array_pt220_r4_7536323_9-486809b730,2026-05-01T12:46:08.87Z,91.232,1,38.4,210,0,0,,,,
powertraces-pt200array_pt220_r4_7536323_9-486809b730,2026-05-01T12:46:08.87Z,91.232,2,37.17,210,0,0,,,,
powertraces-pt200array_pt220_r4_7536323_9-486809b730,2026-05-01T12:46:08.87Z,91.232,3,40.04,210,0,0,,,,
powertraces-pt200array_pt220_r4_7536323_9-486809b730,2026-05-01T12:46:08.97Z,91.332,0,36.82,210,0,0,,,,
powertraces-pt200array_pt220_r4_7536323_9-486809b730,2026-05-01T12:46:08.97Z,91.332,1,38.4,210,0,0,,,,
powertraces-pt200array_pt220_r4_7536323_9-486809b730,2026-05-01T12:46:08.97Z,91.332,2,37.17,210,0,0,,,,
powertraces-pt200array_pt220_r4_7536323_9-486809b730,2026-05-01T12:46:08.97Z,91.332,3,40.04,210,0,0,,,,
powertraces-pt200array_pt220_r4_7536323_9-486809b730,2026-05-01T12:46:09.07Z,91.432,0,36.82,210,0,0,,,,
powertraces-pt200array_pt220_r4_7536323_9-486809b730,2026-05-01T12:46:09.07Z,91.432,1,38.4,210,0,0,,,,
powertraces-pt200array_pt220_r4_7536323_9-486809b730,2026-05-01T12:46:09.07Z,91.432,2,37.17,210,0,0,,,,
powertraces-pt200array_pt220_r4_7536323_9-486809b730,2026-05-01T12:46:09.07Z,91.432,3,40.04,210,0,0,,,,
powertraces-pt200array_pt220_r4_7536323_9-486809b730,2026-05-01T12:46:09.17Z,91.532,0,36.82,210,0,0,,,,
powertraces-pt200array_pt220_r4_7536323_9-486809b730,2026-05-01T12:46:09.17Z,91.532,1,38.4,210,0,0,,,,
powertraces-pt200array_pt220_r4_7536323_9-486809b730,2026-05-01T12:46:09.17Z,91.532,2,37.17,210,0,0,,,,
powertraces-pt200array_pt220_r4_7536323_9-486809b730,2026-05-01T12:46:09.17Z,91.532,3,40.04,210,0,0,,,,
powertraces-pt200array_pt220_r4_7536323_9-486809b730,2026-05-01T12:46:09.271Z,91.633,0,36.82,210,0,0,,,,
powertraces-pt200array_pt220_r4_7536323_9-486809b730,2026-05-01T12:46:09.271Z,91.633,1,38.4,210,0,0,,,,
powertraces-pt200array_pt220_r4_7536323_9-486809b730,2026-05-01T12:46:09.271Z,91.633,2,37.17,210,0,0,,,,
powertraces-pt200array_pt220_r4_7536323_9-486809b730,2026-05-01T12:46:09.271Z,91.633,3,40.04,210,0,0,,,,
powertraces-pt200array_pt220_r4_7536323_9-486809b730,2026-05-01T12:46:09.371Z,91.733,0,36.82,210,0,0,,,,
powertraces-pt200array_pt220_r4_7536323_9-486809b730,2026-05-01T12:46:09.371Z,91.733,1,38.4,210,0,0,,,,
powertraces-pt200array_pt220_r4_7536323_9-486809b730,2026-05-01T12:46:09.371Z,91.733,2,37.17,210,0,0,,,,
powertraces-pt200array_pt220_r4_7536323_9-486809b730,2026-05-01T12:46:09.371Z,91.733,3,40.04,210,0,0,,,,
powertraces-pt200array_pt220_r4_7536323_9-486809b730,2026-05-01T12:46:09.471Z,91.833,0,36.82,210,0,0,,,,
powertraces-pt200array_pt220_r4_7536323_9-486809b730,2026-05-01T12:46:09.471Z,91.833,1,38.4,210,0,0,,,,
powertraces-pt200array_pt220_r4_7536323_9-486809b730,2026-05-01T12:46:09.471Z,91.833,2,37.17,210,0,0,,,,
powertraces-pt200array_pt220_r4_7536323_9-486809b730,2026-05-01T12:46:09.471Z,91.833,3,40.04,210,0,0,,,,
powertraces-pt200array_pt220_r4_7536323_9-486809b730,2026-05-01T12:46:09.571Z,91.933,0,36.82,210,0,0,,,,
powertraces-pt200array_pt220_r4_7536323_9-486809b730,2026-05-01T12:46:09.571Z,91.933,1,38.4,210,0,0,,,,
powertraces-pt200array_pt220_r4_7536323_9-486809b730,2026-05-01T12:46:09.571Z,91.933,2,37.17,210,0,0,,,,
powertraces-pt200array_pt220_r4_7536323_9-486809b730,2026-05-01T12:46:09.571Z,91.933,3,40.04,210,0,0,,,,
powertraces-pt200array_pt220_r4_7536323_9-486809b730,2026-05-01T12:46:09.671Z,92.033,0,36.82,210,0,0,,,,
powertraces-pt200array_pt220_r4_7536323_9-486809b730,2026-05-01T12:46:09.671Z,92.033,1,38.4,210,0,0,,,,
powertraces-pt200array_pt220_r4_7536323_9-486809b730,2026-05-01T12:46:09.671Z,92.033,2,37.17,210,0,0,,,,
powertraces-pt200array_pt220_r4_7536323_9-486809b730,2026-05-01T12:46:09.671Z,92.033,3,40.04,210,0,0,,,,
powertraces-pt200array_pt220_r4_7536323_9-486809b730,2026-05-01T12:46:09.771Z,92.133,0,36.82,210,0,0,,,,
powertraces-pt200array_pt220_r4_7536323_9-486809b730,2026-05-01T12:46:09.771Z,92.133,1,38.4,210,0,0,,,,
powertraces-pt200array_pt220_r4_7536323_9-486809b730,2026-05-01T12:46:09.771Z,92.133,2,37.17,210,0,0,,,,
powertraces-pt200array_pt220_r4_7536323_9-486809b730,2026-05-01T12:46:09.771Z,92.133,3,40.04,210,0,0,,,,
powertraces-pt200array_pt220_r4_7536323_9-486809b730,2026-05-01T12:46:09.871Z,92.233,0,36.82,210,0,0,,,,
powertraces-pt200array_pt220_r4_7536323_9-486809b730,2026-05-01T12:46:09.871Z,92.233,1,38.4,210,0,0,,,,
powertraces-pt200array_pt220_r4_7536323_9-486809b730,2026-05-01T12:46:09.871Z,92.233,2,37.17,210,0,0,,,,
powertraces-pt200array_pt220_r4_7536323_9-486809b730,2026-05-01T12:46:09.871Z,92.233,3,40.04,210,0,0,,,,
powertraces-pt200array_pt220_r4_7536323_9-486809b730,2026-05-01T12:46:09.971Z,92.333,0,36.82,210,0,0,,,,
powertraces-pt200array_pt220_r4_7536323_9-486809b730,2026-05-01T12:46:09.971Z,92.333,1,38.4,210,0,0,,,,
powertraces-pt200array_pt220_r4_7536323_9-486809b730,2026-05-01T12:46:09.971Z,92.333,2,37.17,210,0,0,,,,
powertraces-pt200array_pt220_r4_7536323_9-486809b730,2026-05-01T12:46:09.971Z,92.333,3,40.04,210,0,0,,,,
powertraces-pt200array_pt220_r4_7536323_9-486809b730,2026-05-01T12:46:10.072Z,92.434,0,36.82,210,0,0,,,,
powertraces-pt200array_pt220_r4_7536323_9-486809b730,2026-05-01T12:46:10.072Z,92.434,1,38.4,210,0,0,,,,
powertraces-pt200array_pt220_r4_7536323_9-486809b730,2026-05-01T12:46:10.072Z,92.434,2,37.17,210,0,0,,,,
powertraces-pt200array_pt220_r4_7536323_9-486809b730,2026-05-01T12:46:10.072Z,92.434,3,40.04,210,0,0,,,,
powertraces-pt200array_pt220_r4_7536323_9-486809b730,2026-05-01T12:46:10.172Z,92.534,0,36.82,210,0,0,,,,
powertraces-pt200array_pt220_r4_7536323_9-486809b730,2026-05-01T12:46:10.172Z,92.534,1,38.4,210,0,0,,,,
powertraces-pt200array_pt220_r4_7536323_9-486809b730,2026-05-01T12:46:10.172Z,92.534,2,37.17,210,0,0,,,,
powertraces-pt200array_pt220_r4_7536323_9-486809b730,2026-05-01T12:46:10.172Z,92.534,3,40.04,210,0,0,,,,
powertraces-pt200array_pt220_r4_7536323_9-486809b730,2026-05-01T12:46:10.272Z,92.634,0,36.82,210,0,0,,,,
powertraces-pt200array_pt220_r4_7536323_9-486809b730,2026-05-01T12:46:10.272Z,92.634,1,38.4,210,0,0,,,,
powertraces-pt200array_pt220_r4_7536323_9-486809b730,2026-05-01T12:46:10.272Z,92.634,2,37.17,210,0,0,,,,
powertraces-pt200array_pt220_r4_7536323_9-486809b730,2026-05-01T12:46:10.272Z,92.634,3,40.04,210,0,0,,,,
powertraces-pt200array_pt220_r4_7536323_9-486809b730,2026-05-01T12:46:10.372Z,92.734,0,36.82,210,0,0,,,,
powertraces-pt200array_pt220_r4_7536323_9-486809b730,2026-05-01T12:46:10.372Z,92.734,1,38.34,210,0,0,,,,
powertraces-pt200array_pt220_r4_7536323_9-486809b730,2026-05-01T12:46:10.372Z,92.734,2,37.17,210,0,0,,,,
powertraces-pt200array_pt220_r4_7536323_9-486809b730,2026-05-01T12:46:10.372Z,92.734,3,40.04,210,0,0,,,,
powertraces-pt200array_pt220_r4_7536323_9-486809b730,2026-05-01T12:46:10.472Z,92.834,0,36.82,210,0,0,,,,
powertraces-pt200array_pt220_r4_7536323_9-486809b730,2026-05-01T12:46:10.472Z,92.834,1,38.34,210,0,0,,,,
powertraces-pt200array_pt220_r4_7536323_9-486809b730,2026-05-01T12:46:10.472Z,92.834,2,37.17,210,0,0,,,,
powertraces-pt200array_pt220_r4_7536323_9-486809b730,2026-05-01T12:46:10.472Z,92.834,3,40.04,210,0,0,,,,
powertraces-pt200array_pt220_r4_7536323_9-486809b730,2026-05-01T12:46:10.572Z,92.934,0,36.82,210,0,0,,,,
powertraces-pt200array_pt220_r4_7536323_9-486809b730,2026-05-01T12:46:10.572Z,92.934,1,38.34,210,0,0,,,,
powertraces-pt200array_pt220_r4_7536323_9-486809b730,2026-05-01T12:46:10.572Z,92.934,2,37.17,210,0,0,,,,
powertraces-pt200array_pt220_r4_7536323_9-486809b730,2026-05-01T12:46:10.572Z,92.934,3,40.04,210,0,0,,,,
powertraces-pt200array_pt220_r4_7536323_9-486809b730,2026-05-01T12:46:10.672Z,93.034,0,36.82,210,0,0,,,,
powertraces-pt200array_pt220_r4_7536323_9-486809b730,2026-05-01T12:46:10.672Z,93.034,1,38.34,210,0,0,,,,
powertraces-pt200array_pt220_r4_7536323_9-486809b730,2026-05-01T12:46:10.672Z,93.034,2,37.17,210,0,0,,,,
powertraces-pt200array_pt220_r4_7536323_9-486809b730,2026-05-01T12:46:10.672Z,93.034,3,40.04,210,0,0,,,,
powertraces-pt200array_pt220_r4_7536323_9-486809b730,2026-05-01T12:46:10.773Z,93.135,0,36.82,210,0,0,,,,
powertraces-pt200array_pt220_r4_7536323_9-486809b730,2026-05-01T12:46:10.773Z,93.135,1,38.34,210,0,0,,,,
powertraces-pt200array_pt220_r4_7536323_9-486809b730,2026-05-01T12:46:10.773Z,93.135,2,37.17,210,0,0,,,,
powertraces-pt200array_pt220_r4_7536323_9-486809b730,2026-05-01T12:46:10.773Z,93.135,3,40.04,210,0,0,,,,
powertraces-pt200array_pt220_r4_7536323_9-486809b730,2026-05-01T12:46:10.873Z,93.235,0,36.82,210,0,0,,,,
powertraces-pt200array_pt220_r4_7536323_9-486809b730,2026-05-01T12:46:10.873Z,93.235,1,38.34,210,0,0,,,,
powertraces-pt200array_pt220_r4_7536323_9-486809b730,2026-05-01T12:46:10.873Z,93.235,2,37.17,210,0,0,,,,
powertraces-pt200array_pt220_r4_7536323_9-486809b730,2026-05-01T12:46:10.873Z,93.235,3,40.04,210,0,0,,,,
powertraces-pt200array_pt220_r4_7536323_9-486809b730,2026-05-01T12:46:10.973Z,93.335,0,36.82,210,0,0,,,,
powertraces-pt200array_pt220_r4_7536323_9-486809b730,2026-05-01T12:46:10.973Z,93.335,1,38.34,210,0,0,,,,
powertraces-pt200array_pt220_r4_7536323_9-486809b730,2026-05-01T12:46:10.973Z,93.335,2,37.17,210,0,0,,,,
powertraces-pt200array_pt220_r4_7536323_9-486809b730,2026-05-01T12:46:10.973Z,93.335,3,40.04,210,0,0,,,,
powertraces-pt200array_pt220_r4_7536323_9-486809b730,2026-05-01T12:46:11.073Z,93.435,0,36.82,210,0,0,,,,
powertraces-pt200array_pt220_r4_7536323_9-486809b730,2026-05-01T12:46:11.073Z,93.435,1,38.34,210,0,0,,,,
powertraces-pt200array_pt220_r4_7536323_9-486809b730,2026-05-01T12:46:11.073Z,93.435,2,37.17,210,0,0,,,,
powertraces-pt200array_pt220_r4_7536323_9-486809b730,2026-05-01T12:46:11.073Z,93.435,3,40.04,210,0,0,,,,
powertraces-pt200array_pt220_r4_7536323_9-486809b730,2026-05-01T12:46:11.173Z,93.535,0,36.82,210,0,0,,,,
powertraces-pt200array_pt220_r4_7536323_9-486809b730,2026-05-01T12:46:11.173Z,93.535,1,38.34,210,0,0,,,,
powertraces-pt200array_pt220_r4_7536323_9-486809b730,2026-05-01T12:46:11.173Z,93.535,2,37.17,210,0,0,,,,
powertraces-pt200array_pt220_r4_7536323_9-486809b730,2026-05-01T12:46:11.173Z,93.535,3,40.04,210,0,0,,,,
powertraces-pt200array_pt220_r4_7536323_9-486809b730,2026-05-01T12:46:11.273Z,93.635,0,36.82,210,0,0,,,,
powertraces-pt200array_pt220_r4_7536323_9-486809b730,2026-05-01T12:46:11.273Z,93.635,1,38.35,210,0,0,,,,
powertraces-pt200array_pt220_r4_7536323_9-486809b730,2026-05-01T12:46:11.273Z,93.635,2,37.17,210,0,0,,,,
powertraces-pt200array_pt220_r4_7536323_9-486809b730,2026-05-01T12:46:11.273Z,93.635,3,40.04,210,0,0,,,,
powertraces-pt200array_pt220_r4_7536323_9-486809b730,2026-05-01T12:46:11.373Z,93.735,0,36.82,210,0,0,,,,
powertraces-pt200array_pt220_r4_7536323_9-486809b730,2026-05-01T12:46:11.373Z,93.735,1,38.35,210,0,0,,,,
powertraces-pt200array_pt220_r4_7536323_9-486809b730,2026-05-01T12:46:11.373Z,93.735,2,37.17,210,0,0,,,,
powertraces-pt200array_pt220_r4_7536323_9-486809b730,2026-05-01T12:46:11.373Z,93.735,3,40.04,210,0,0,,,,
powertraces-pt200array_pt220_r4_7536323_9-486809b730,2026-05-01T12:46:11.473Z,93.835,0,36.82,210,0,0,,,,
powertraces-pt200array_pt220_r4_7536323_9-486809b730,2026-05-01T12:46:11.474Z,93.836,1,38.35,210,0,0,,,,
powertraces-pt200array_pt220_r4_7536323_9-486809b730,2026-05-01T12:46:11.474Z,93.836,2,37.17,210,0,0,,,,
powertraces-pt200array_pt220_r4_7536323_9-486809b730,2026-05-01T12:46:11.474Z,93.836,3,40.04,210,0,0,,,,
powertraces-pt200array_pt220_r4_7536323_9-486809b730,2026-05-01T12:46:11.574Z,93.936,0,36.82,210,0,0,,,,
powertraces-pt200array_pt220_r4_7536323_9-486809b730,2026-05-01T12:46:11.574Z,93.936,1,38.35,210,0,0,,,,
powertraces-pt200array_pt220_r4_7536323_9-486809b730,2026-05-01T12:46:11.574Z,93.936,2,37.17,210,0,0,,,,
powertraces-pt200array_pt220_r4_7536323_9-486809b730,2026-05-01T12:46:11.574Z,93.936,3,40.04,210,0,0,,,,
powertraces-pt200array_pt220_r4_7536323_9-486809b730,2026-05-01T12:46:11.674Z,94.036,0,36.82,210,0,0,,,,
powertraces-pt200array_pt220_r4_7536323_9-486809b730,2026-05-01T12:46:11.674Z,94.036,1,38.35,210,0,0,,,,
powertraces-pt200array_pt220_r4_7536323_9-486809b730,2026-05-01T12:46:11.674Z,94.036,2,37.17,210,0,0,,,,
powertraces-pt200array_pt220_r4_7536323_9-486809b730,2026-05-01T12:46:11.674Z,94.036,3,40.04,210,0,0,,,,
powertraces-pt200array_pt220_r4_7536323_9-486809b730,2026-05-01T12:46:11.774Z,94.136,0,36.82,210,0,0,,,,
powertraces-pt200array_pt220_r4_7536323_9-486809b730,2026-05-01T12:46:11.774Z,94.136,1,38.35,210,0,0,,,,
powertraces-pt200array_pt220_r4_7536323_9-486809b730,2026-05-01T12:46:11.774Z,94.136,2,37.17,210,0,0,,,,
powertraces-pt200array_pt220_r4_7536323_9-486809b730,2026-05-01T12:46:11.774Z,94.136,3,40.04,210,0,0,,,,
powertraces-pt200array_pt220_r4_7536323_9-486809b730,2026-05-01T12:46:11.874Z,94.236,0,36.82,210,0,0,,,,
powertraces-pt200array_pt220_r4_7536323_9-486809b730,2026-05-01T12:46:11.874Z,94.236,1,38.35,210,0,0,,,,
powertraces-pt200array_pt220_r4_7536323_9-486809b730,2026-05-01T12:46:11.874Z,94.236,2,37.17,210,0,0,,,,
powertraces-pt200array_pt220_r4_7536323_9-486809b730,2026-05-01T12:46:11.874Z,94.236,3,40.04,210,0,0,,,,
powertraces-pt200array_pt220_r4_7536323_9-486809b730,2026-05-01T12:46:11.974Z,94.336,0,36.82,210,0,0,,,,
powertraces-pt200array_pt220_r4_7536323_9-486809b730,2026-05-01T12:46:11.974Z,94.336,1,38.35,210,0,0,,,,
powertraces-pt200array_pt220_r4_7536323_9-486809b730,2026-05-01T12:46:11.974Z,94.336,2,37.17,210,0,0,,,,
powertraces-pt200array_pt220_r4_7536323_9-486809b730,2026-05-01T12:46:11.974Z,94.336,3,40.04,210,0,0,,,,
powertraces-pt200array_pt220_r4_7536323_9-486809b730,2026-05-01T12:46:12.075Z,94.437,0,36.82,210,0,0,,,,
powertraces-pt200array_pt220_r4_7536323_9-486809b730,2026-05-01T12:46:12.075Z,94.437,1,38.35,210,0,0,,,,
powertraces-pt200array_pt220_r4_7536323_9-486809b730,2026-05-01T12:46:12.075Z,94.437,2,37.17,210,0,0,,,,
powertraces-pt200array_pt220_r4_7536323_9-486809b730,2026-05-01T12:46:12.075Z,94.437,3,40.04,210,0,0,,,,
powertraces-pt200array_pt220_r4_7536323_9-486809b730,2026-05-01T12:46:12.175Z,94.537,0,36.82,210,0,0,,,,
powertraces-pt200array_pt220_r4_7536323_9-486809b730,2026-05-01T12:46:12.175Z,94.537,1,38.35,210,0,0,,,,
powertraces-pt200array_pt220_r4_7536323_9-486809b730,2026-05-01T12:46:12.175Z,94.537,2,37.17,210,0,0,,,,
powertraces-pt200array_pt220_r4_7536323_9-486809b730,2026-05-01T12:46:12.175Z,94.537,3,40.04,210,0,0,,,,
powertraces-pt200array_pt220_r4_7536323_9-486809b730,2026-05-01T12:46:12.275Z,94.637,0,36.82,210,0,0,,,,
powertraces-pt200array_pt220_r4_7536323_9-486809b730,2026-05-01T12:46:12.275Z,94.637,1,38.41,210,0,0,,,,
powertraces-pt200array_pt220_r4_7536323_9-486809b730,2026-05-01T12:46:12.275Z,94.637,2,37.17,210,0,0,,,,
powertraces-pt200array_pt220_r4_7536323_9-486809b730,2026-05-01T12:46:12.275Z,94.637,3,40.04,210,0,0,,,,
powertraces-pt200array_pt220_r4_7536323_9-486809b730,2026-05-01T12:46:12.375Z,94.737,0,36.82,210,0,0,,,,
powertraces-pt200array_pt220_r4_7536323_9-486809b730,2026-05-01T12:46:12.375Z,94.737,1,38.41,210,0,0,,,,
powertraces-pt200array_pt220_r4_7536323_9-486809b730,2026-05-01T12:46:12.375Z,94.737,2,37.17,210,0,0,,,,
powertraces-pt200array_pt220_r4_7536323_9-486809b730,2026-05-01T12:46:12.375Z,94.737,3,40.04,210,0,0,,,,
powertraces-pt200array_pt220_r4_7536323_9-486809b730,2026-05-01T12:46:12.475Z,94.837,0,36.82,210,0,0,,,,
powertraces-pt200array_pt220_r4_7536323_9-486809b730,2026-05-01T12:46:12.475Z,94.837,1,38.41,210,0,0,,,,
powertraces-pt200array_pt220_r4_7536323_9-486809b730,2026-05-01T12:46:12.475Z,94.837,2,37.17,210,0,0,,,,
powertraces-pt200array_pt220_r4_7536323_9-486809b730,2026-05-01T12:46:12.475Z,94.837,3,40.04,210,0,0,,,,
powertraces-pt200array_pt220_r4_7536323_9-486809b730,2026-05-01T12:46:12.575Z,94.937,0,36.82,210,0,0,,,,
powertraces-pt200array_pt220_r4_7536323_9-486809b730,2026-05-01T12:46:12.575Z,94.937,1,38.41,210,0,0,,,,
powertraces-pt200array_pt220_r4_7536323_9-486809b730,2026-05-01T12:46:12.575Z,94.937,2,37.17,210,0,0,,,,
powertraces-pt200array_pt220_r4_7536323_9-486809b730,2026-05-01T12:46:12.575Z,94.937,3,40.04,210,0,0,,,,
powertraces-pt200array_pt220_r4_7536323_9-486809b730,2026-05-01T12:46:12.675Z,95.037,0,36.82,210,0,0,,,,
powertraces-pt200array_pt220_r4_7536323_9-486809b730,2026-05-01T12:46:12.675Z,95.037,1,38.41,210,0,0,,,,
powertraces-pt200array_pt220_r4_7536323_9-486809b730,2026-05-01T12:46:12.675Z,95.037,2,37.17,210,0,0,,,,
powertraces-pt200array_pt220_r4_7536323_9-486809b730,2026-05-01T12:46:12.675Z,95.037,3,40.04,210,0,0,,,,
powertraces-pt200array_pt220_r4_7536323_9-486809b730,2026-05-01T12:46:12.775Z,95.137,0,36.82,210,0,0,,,,
powertraces-pt200array_pt220_r4_7536323_9-486809b730,2026-05-01T12:46:12.775Z,95.137,1,38.41,210,0,0,,,,
powertraces-pt200array_pt220_r4_7536323_9-486809b730,2026-05-01T12:46:12.775Z,95.137,2,37.17,210,0,0,,,,
powertraces-pt200array_pt220_r4_7536323_9-486809b730,2026-05-01T12:46:12.775Z,95.137,3,40.04,210,0,0,,,,
powertraces-pt200array_pt220_r4_7536323_9-486809b730,2026-05-01T12:46:12.876Z,95.238,0,36.82,210,0,0,,,,
powertraces-pt200array_pt220_r4_7536323_9-486809b730,2026-05-01T12:46:12.876Z,95.238,1,38.41,210,0,0,,,,
powertraces-pt200array_pt220_r4_7536323_9-486809b730,2026-05-01T12:46:12.876Z,95.238,2,37.17,210,0,0,,,,
powertraces-pt200array_pt220_r4_7536323_9-486809b730,2026-05-01T12:46:12.876Z,95.238,3,40.04,210,0,0,,,,
powertraces-pt200array_pt220_r4_7536323_9-486809b730,2026-05-01T12:46:12.976Z,95.338,0,36.82,210,0,0,,,,
powertraces-pt200array_pt220_r4_7536323_9-486809b730,2026-05-01T12:46:12.976Z,95.338,1,38.41,210,0,0,,,,
powertraces-pt200array_pt220_r4_7536323_9-486809b730,2026-05-01T12:46:12.976Z,95.338,2,37.17,210,0,0,,,,
powertraces-pt200array_pt220_r4_7536323_9-486809b730,2026-05-01T12:46:12.976Z,95.338,3,40.04,210,0,0,,,,
powertraces-pt200array_pt220_r4_7536323_9-486809b730,2026-05-01T12:46:13.076Z,95.438,0,36.82,210,0,0,,,,
powertraces-pt200array_pt220_r4_7536323_9-486809b730,2026-05-01T12:46:13.076Z,95.438,1,38.41,210,0,0,,,,
powertraces-pt200array_pt220_r4_7536323_9-486809b730,2026-05-01T12:46:13.076Z,95.438,2,37.17,210,0,0,,,,
powertraces-pt200array_pt220_r4_7536323_9-486809b730,2026-05-01T12:46:13.076Z,95.438,3,40.04,210,0,0,,,,
powertraces-pt200array_pt220_r4_7536323_9-486809b730,2026-05-01T12:46:13.176Z,95.538,0,36.82,210,0,0,,,,
powertraces-pt200array_pt220_r4_7536323_9-486809b730,2026-05-01T12:46:13.176Z,95.538,1,38.41,210,0,0,,,,
powertraces-pt200array_pt220_r4_7536323_9-486809b730,2026-05-01T12:46:13.176Z,95.538,2,37.17,210,0,0,,,,
powertraces-pt200array_pt220_r4_7536323_9-486809b730,2026-05-01T12:46:13.176Z,95.538,3,40.04,210,0,0,,,,
powertraces-pt200array_pt220_r4_7536323_9-486809b730,2026-05-01T12:46:13.276Z,95.638,0,36.82,210,0,0,,,,
powertraces-pt200array_pt220_r4_7536323_9-486809b730,2026-05-01T12:46:13.276Z,95.638,1,38.41,210,0,0,,,,
powertraces-pt200array_pt220_r4_7536323_9-486809b730,2026-05-01T12:46:13.276Z,95.638,2,37.17,210,0,0,,,,
powertraces-pt200array_pt220_r4_7536323_9-486809b730,2026-05-01T12:46:13.276Z,95.638,3,40.04,210,0,0,,,,
powertraces-pt200array_pt220_r4_7536323_9-486809b730,2026-05-01T12:46:13.376Z,95.738,0,36.82,210,0,0,,,,
powertraces-pt200array_pt220_r4_7536323_9-486809b730,2026-05-01T12:46:13.376Z,95.738,1,38.41,210,0,0,,,,
powertraces-pt200array_pt220_r4_7536323_9-486809b730,2026-05-01T12:46:13.376Z,95.738,2,37.17,210,0,0,,,,
powertraces-pt200array_pt220_r4_7536323_9-486809b730,2026-05-01T12:46:13.376Z,95.738,3,40.04,210,0,0,,,,
powertraces-pt200array_pt220_r4_7536323_9-486809b730,2026-05-01T12:46:13.476Z,95.838,0,36.82,210,0,0,,,,
powertraces-pt200array_pt220_r4_7536323_9-486809b730,2026-05-01T12:46:13.476Z,95.838,1,38.41,210,0,0,,,,
powertraces-pt200array_pt220_r4_7536323_9-486809b730,2026-05-01T12:46:13.476Z,95.838,2,37.17,210,0,0,,,,
powertraces-pt200array_pt220_r4_7536323_9-486809b730,2026-05-01T12:46:13.476Z,95.838,3,40.04,210,0,0,,,,
powertraces-pt200array_pt220_r4_7536323_9-486809b730,2026-05-01T12:46:13.577Z,95.939,0,36.82,210,0,0,,,,
powertraces-pt200array_pt220_r4_7536323_9-486809b730,2026-05-01T12:46:13.577Z,95.939,1,38.41,210,0,0,,,,
powertraces-pt200array_pt220_r4_7536323_9-486809b730,2026-05-01T12:46:13.577Z,95.939,2,37.17,210,0,0,,,,
powertraces-pt200array_pt220_r4_7536323_9-486809b730,2026-05-01T12:46:13.577Z,95.939,3,40.04,210,0,0,,,,
powertraces-pt200array_pt220_r4_7536323_9-486809b730,2026-05-01T12:46:13.677Z,96.039,0,36.82,210,0,0,,,,
powertraces-pt200array_pt220_r4_7536323_9-486809b730,2026-05-01T12:46:13.677Z,96.039,1,38.41,210,0,0,,,,
powertraces-pt200array_pt220_r4_7536323_9-486809b730,2026-05-01T12:46:13.677Z,96.039,2,37.17,210,0,0,,,,
powertraces-pt200array_pt220_r4_7536323_9-486809b730,2026-05-01T12:46:13.677Z,96.039,3,40.04,210,0,0,,,,
powertraces-pt200array_pt220_r4_7536323_9-486809b730,2026-05-01T12:46:13.777Z,96.139,0,36.82,210,0,0,,,,
powertraces-pt200array_pt220_r4_7536323_9-486809b730,2026-05-01T12:46:13.777Z,96.139,1,38.41,210,0,0,,,,
powertraces-pt200array_pt220_r4_7536323_9-486809b730,2026-05-01T12:46:13.777Z,96.139,2,37.17,210,0,0,,,,
powertraces-pt200array_pt220_r4_7536323_9-486809b730,2026-05-01T12:46:13.777Z,96.139,3,40.04,210,0,0,,,,
powertraces-pt200array_pt220_r4_7536323_9-486809b730,2026-05-01T12:46:13.877Z,96.239,0,36.82,210,0,0,,,,
powertraces-pt200array_pt220_r4_7536323_9-486809b730,2026-05-01T12:46:13.877Z,96.239,1,38.41,210,0,0,,,,
powertraces-pt200array_pt220_r4_7536323_9-486809b730,2026-05-01T12:46:13.877Z,96.239,2,37.17,210,0,0,,,,
powertraces-pt200array_pt220_r4_7536323_9-486809b730,2026-05-01T12:46:13.877Z,96.239,3,40.04,210,0,0,,,,
powertraces-pt200array_pt220_r4_7536323_9-486809b730,2026-05-01T12:46:13.977Z,96.339,0,36.82,210,0,0,,,,
powertraces-pt200array_pt220_r4_7536323_9-486809b730,2026-05-01T12:46:13.977Z,96.339,1,38.41,210,0,0,,,,
powertraces-pt200array_pt220_r4_7536323_9-486809b730,2026-05-01T12:46:13.977Z,96.339,2,37.17,210,0,0,,,,
powertraces-pt200array_pt220_r4_7536323_9-486809b730,2026-05-01T12:46:13.977Z,96.339,3,40.04,210,0,0,,,,
powertraces-pt200array_pt220_r4_7536323_9-486809b730,2026-05-01T12:46:14.077Z,96.439,0,36.82,210,0,0,,,,
powertraces-pt200array_pt220_r4_7536323_9-486809b730,2026-05-01T12:46:14.077Z,96.439,1,38.41,210,0,0,,,,
powertraces-pt200array_pt220_r4_7536323_9-486809b730,2026-05-01T12:46:14.077Z,96.439,2,37.17,210,0,0,,,,
powertraces-pt200array_pt220_r4_7536323_9-486809b730,2026-05-01T12:46:14.077Z,96.439,3,40.04,210,0,0,,,,
powertraces-pt200array_pt220_r4_7536323_9-486809b730,2026-05-01T12:46:14.178Z,96.54,0,36.82,210,0,0,,,,
powertraces-pt200array_pt220_r4_7536323_9-486809b730,2026-05-01T12:46:14.178Z,96.54,1,38.41,210,0,0,,,,
powertraces-pt200array_pt220_r4_7536323_9-486809b730,2026-05-01T12:46:14.178Z,96.54,2,37.17,210,0,0,,,,
powertraces-pt200array_pt220_r4_7536323_9-486809b730,2026-05-01T12:46:14.178Z,96.54,3,40.04,210,0,0,,,,
powertraces-pt200array_pt220_r4_7536323_9-486809b730,2026-05-01T12:46:14.278Z,96.64,0,36.82,210,0,0,,,,
powertraces-pt200array_pt220_r4_7536323_9-486809b730,2026-05-01T12:46:14.278Z,96.64,1,38.4,210,0,0,,,,
powertraces-pt200array_pt220_r4_7536323_9-486809b730,2026-05-01T12:46:14.278Z,96.64,2,37.17,210,0,0,,,,
powertraces-pt200array_pt220_r4_7536323_9-486809b730,2026-05-01T12:46:14.278Z,96.64,3,40.04,210,0,0,,,,
powertraces-pt200array_pt220_r4_7536323_9-486809b730,2026-05-01T12:46:14.378Z,96.74,0,36.82,210,0,0,,,,
powertraces-pt200array_pt220_r4_7536323_9-486809b730,2026-05-01T12:46:14.378Z,96.74,1,38.4,210,0,0,,,,
powertraces-pt200array_pt220_r4_7536323_9-486809b730,2026-05-01T12:46:14.378Z,96.74,2,37.17,210,0,0,,,,
powertraces-pt200array_pt220_r4_7536323_9-486809b730,2026-05-01T12:46:14.378Z,96.74,3,40.04,210,0,0,,,,
powertraces-pt200array_pt220_r4_7536323_9-486809b730,2026-05-01T12:46:14.478Z,96.84,0,36.82,210,0,0,,,,
powertraces-pt200array_pt220_r4_7536323_9-486809b730,2026-05-01T12:46:14.478Z,96.84,1,38.4,210,0,0,,,,
powertraces-pt200array_pt220_r4_7536323_9-486809b730,2026-05-01T12:46:14.478Z,96.84,2,37.17,210,0,0,,,,
powertraces-pt200array_pt220_r4_7536323_9-486809b730,2026-05-01T12:46:14.478Z,96.84,3,40.04,210,0,0,,,,
powertraces-pt200array_pt220_r4_7536323_9-486809b730,2026-05-01T12:46:14.578Z,96.94,0,36.82,210,0,0,,,,
powertraces-pt200array_pt220_r4_7536323_9-486809b730,2026-05-01T12:46:14.578Z,96.94,1,38.4,210,0,0,,,,
powertraces-pt200array_pt220_r4_7536323_9-486809b730,2026-05-01T12:46:14.578Z,96.94,2,37.17,210,0,0,,,,
powertraces-pt200array_pt220_r4_7536323_9-486809b730,2026-05-01T12:46:14.578Z,96.94,3,40.04,210,0,0,,,,
powertraces-pt200array_pt220_r4_7536323_9-486809b730,2026-05-01T12:46:14.678Z,97.04,0,36.82,210,0,0,,,,
powertraces-pt200array_pt220_r4_7536323_9-486809b730,2026-05-01T12:46:14.678Z,97.04,1,38.4,210,0,0,,,,
powertraces-pt200array_pt220_r4_7536323_9-486809b730,2026-05-01T12:46:14.678Z,97.04,2,37.17,210,0,0,,,,
powertraces-pt200array_pt220_r4_7536323_9-486809b730,2026-05-01T12:46:14.678Z,97.04,3,40.04,210,0,0,,,,
powertraces-pt200array_pt220_r4_7536323_9-486809b730,2026-05-01T12:46:14.778Z,97.14,0,36.82,210,0,0,,,,
powertraces-pt200array_pt220_r4_7536323_9-486809b730,2026-05-01T12:46:14.779Z,97.141,1,38.4,210,0,0,,,,
powertraces-pt200array_pt220_r4_7536323_9-486809b730,2026-05-01T12:46:14.779Z,97.141,2,37.17,210,0,0,,,,
powertraces-pt200array_pt220_r4_7536323_9-486809b730,2026-05-01T12:46:14.779Z,97.141,3,40.04,210,0,0,,,,
powertraces-pt200array_pt220_r4_7536323_9-486809b730,2026-05-01T12:46:14.879Z,97.241,0,36.82,210,0,0,,,,
powertraces-pt200array_pt220_r4_7536323_9-486809b730,2026-05-01T12:46:14.879Z,97.241,1,38.4,210,0,0,,,,
powertraces-pt200array_pt220_r4_7536323_9-486809b730,2026-05-01T12:46:14.879Z,97.241,2,37.17,210,0,0,,,,
powertraces-pt200array_pt220_r4_7536323_9-486809b730,2026-05-01T12:46:14.879Z,97.241,3,40.04,210,0,0,,,,
powertraces-pt200array_pt220_r4_7536323_9-486809b730,2026-05-01T12:46:14.979Z,97.341,0,36.82,210,0,0,,,,
powertraces-pt200array_pt220_r4_7536323_9-486809b730,2026-05-01T12:46:14.979Z,97.341,1,38.4,210,0,0,,,,
powertraces-pt200array_pt220_r4_7536323_9-486809b730,2026-05-01T12:46:14.979Z,97.341,2,37.17,210,0,0,,,,
powertraces-pt200array_pt220_r4_7536323_9-486809b730,2026-05-01T12:46:14.979Z,97.341,3,40.04,210,0,0,,,,
powertraces-pt200array_pt220_r4_7536323_9-486809b730,2026-05-01T12:46:15.079Z,97.441,0,36.82,210,0,0,,,,
powertraces-pt200array_pt220_r4_7536323_9-486809b730,2026-05-01T12:46:15.079Z,97.441,1,38.4,210,0,0,,,,
powertraces-pt200array_pt220_r4_7536323_9-486809b730,2026-05-01T12:46:15.079Z,97.441,2,37.17,210,0,0,,,,
powertraces-pt200array_pt220_r4_7536323_9-486809b730,2026-05-01T12:46:15.079Z,97.441,3,40.04,210,0,0,,,,
powertraces-pt200array_pt220_r4_7536323_9-486809b730,2026-05-01T12:46:15.179Z,97.541,0,36.82,210,0,0,,,,
powertraces-pt200array_pt220_r4_7536323_9-486809b730,2026-05-01T12:46:15.179Z,97.541,1,38.4,210,0,0,,,,
powertraces-pt200array_pt220_r4_7536323_9-486809b730,2026-05-01T12:46:15.179Z,97.541,2,37.17,210,0,0,,,,
powertraces-pt200array_pt220_r4_7536323_9-486809b730,2026-05-01T12:46:15.179Z,97.541,3,40.04,210,0,0,,,,
powertraces-pt200array_pt220_r4_7536323_9-486809b730,2026-05-01T12:46:15.279Z,97.641,0,36.82,210,0,0,,,,
powertraces-pt200array_pt220_r4_7536323_9-486809b730,2026-05-01T12:46:15.279Z,97.641,1,38.39,210,0,0,,,,
powertraces-pt200array_pt220_r4_7536323_9-486809b730,2026-05-01T12:46:15.279Z,97.641,2,37.17,210,0,0,,,,
powertraces-pt200array_pt220_r4_7536323_9-486809b730,2026-05-01T12:46:15.279Z,97.641,3,40.04,210,0,0,,,,
powertraces-pt200array_pt220_r4_7536323_9-486809b730,2026-05-01T12:46:15.379Z,97.741,0,36.82,210,0,0,,,,
powertraces-pt200array_pt220_r4_7536323_9-486809b730,2026-05-01T12:46:15.379Z,97.741,1,38.39,210,0,0,,,,
powertraces-pt200array_pt220_r4_7536323_9-486809b730,2026-05-01T12:46:15.379Z,97.741,2,37.17,210,0,0,,,,
powertraces-pt200array_pt220_r4_7536323_9-486809b730,2026-05-01T12:46:15.379Z,97.741,3,40.04,210,0,0,,,,
powertraces-pt200array_pt220_r4_7536323_9-486809b730,2026-05-01T12:46:15.48Z,97.842,0,36.82,210,0,0,,,,
powertraces-pt200array_pt220_r4_7536323_9-486809b730,2026-05-01T12:46:15.48Z,97.842,1,38.39,210,0,0,,,,
powertraces-pt200array_pt220_r4_7536323_9-486809b730,2026-05-01T12:46:15.48Z,97.842,2,37.17,210,0,0,,,,
powertraces-pt200array_pt220_r4_7536323_9-486809b730,2026-05-01T12:46:15.48Z,97.842,3,40.04,210,0,0,,,,
powertraces-pt200array_pt220_r4_7536323_9-486809b730,2026-05-01T12:46:15.58Z,97.942,0,36.82,210,0,0,,,,
powertraces-pt200array_pt220_r4_7536323_9-486809b730,2026-05-01T12:46:15.58Z,97.942,1,38.39,210,0,0,,,,
powertraces-pt200array_pt220_r4_7536323_9-486809b730,2026-05-01T12:46:15.58Z,97.942,2,37.17,210,0,0,,,,
powertraces-pt200array_pt220_r4_7536323_9-486809b730,2026-05-01T12:46:15.58Z,97.942,3,40.04,210,0,0,,,,
powertraces-pt200array_pt220_r4_7536323_9-486809b730,2026-05-01T12:46:15.68Z,98.042,0,36.82,210,0,0,,,,
powertraces-pt200array_pt220_r4_7536323_9-486809b730,2026-05-01T12:46:15.68Z,98.042,1,38.39,210,0,0,,,,
powertraces-pt200array_pt220_r4_7536323_9-486809b730,2026-05-01T12:46:15.68Z,98.042,2,37.17,210,0,0,,,,
powertraces-pt200array_pt220_r4_7536323_9-486809b730,2026-05-01T12:46:15.68Z,98.042,3,40.04,210,0,0,,,,
powertraces-pt200array_pt220_r4_7536323_9-486809b730,2026-05-01T12:46:15.78Z,98.142,0,36.7,210,0,0,,,,
powertraces-pt200array_pt220_r4_7536323_9-486809b730,2026-05-01T12:46:15.78Z,98.142,1,38.39,210,0,0,,,,
powertraces-pt200array_pt220_r4_7536323_9-486809b730,2026-05-01T12:46:15.78Z,98.142,2,37.17,210,0,0,,,,
powertraces-pt200array_pt220_r4_7536323_9-486809b730,2026-05-01T12:46:15.78Z,98.142,3,40.04,210,0,0,,,,
powertraces-pt200array_pt220_r4_7536323_9-486809b730,2026-05-01T12:46:15.88Z,98.242,0,36.7,210,0,0,,,,
powertraces-pt200array_pt220_r4_7536323_9-486809b730,2026-05-01T12:46:15.88Z,98.242,1,38.39,210,0,0,,,,
powertraces-pt200array_pt220_r4_7536323_9-486809b730,2026-05-01T12:46:15.88Z,98.242,2,37.17,210,0,0,,,,
powertraces-pt200array_pt220_r4_7536323_9-486809b730,2026-05-01T12:46:15.88Z,98.242,3,40.04,210,0,0,,,,
powertraces-pt200array_pt220_r4_7536323_9-486809b730,2026-05-01T12:46:15.98Z,98.342,0,36.7,210,0,0,,,,
powertraces-pt200array_pt220_r4_7536323_9-486809b730,2026-05-01T12:46:15.98Z,98.342,1,38.39,210,0,0,,,,
powertraces-pt200array_pt220_r4_7536323_9-486809b730,2026-05-01T12:46:15.98Z,98.342,2,37.17,210,0,0,,,,
powertraces-pt200array_pt220_r4_7536323_9-486809b730,2026-05-01T12:46:15.98Z,98.342,3,40.04,210,0,0,,,,
powertraces-pt200array_pt220_r4_7536323_9-486809b730,2026-05-01T12:46:16.08Z,98.442,0,36.7,210,0,0,,,,
powertraces-pt200array_pt220_r4_7536323_9-486809b730,2026-05-01T12:46:16.08Z,98.442,1,38.39,210,0,0,,,,
powertraces-pt200array_pt220_r4_7536323_9-486809b730,2026-05-01T12:46:16.08Z,98.442,2,37.17,210,0,0,,,,
powertraces-pt200array_pt220_r4_7536323_9-486809b730,2026-05-01T12:46:16.08Z,98.442,3,40.04,210,0,0,,,,
powertraces-pt200array_pt220_r4_7536323_9-486809b730,2026-05-01T12:46:16.18Z,98.542,0,36.7,210,0,0,,,,
powertraces-pt200array_pt220_r4_7536323_9-486809b730,2026-05-01T12:46:16.18Z,98.542,1,38.39,210,0,0,,,,
powertraces-pt200array_pt220_r4_7536323_9-486809b730,2026-05-01T12:46:16.18Z,98.542,2,37.17,210,0,0,,,,
powertraces-pt200array_pt220_r4_7536323_9-486809b730,2026-05-01T12:46:16.18Z,98.542,3,40.04,210,0,0,,,,
powertraces-pt200array_pt220_r4_7536323_9-486809b730,2026-05-01T12:46:16.281Z,98.643,0,36.7,210,0,0,,,,
powertraces-pt200array_pt220_r4_7536323_9-486809b730,2026-05-01T12:46:16.281Z,98.643,1,38.39,210,0,0,,,,
powertraces-pt200array_pt220_r4_7536323_9-486809b730,2026-05-01T12:46:16.281Z,98.643,2,37.17,210,0,0,,,,
powertraces-pt200array_pt220_r4_7536323_9-486809b730,2026-05-01T12:46:16.281Z,98.643,3,40.04,210,0,0,,,,
powertraces-pt200array_pt220_r4_7536323_9-486809b730,2026-05-01T12:46:16.381Z,98.743,0,36.7,210,0,0,,,,
powertraces-pt200array_pt220_r4_7536323_9-486809b730,2026-05-01T12:46:16.381Z,98.743,1,38.39,210,0,0,,,,
powertraces-pt200array_pt220_r4_7536323_9-486809b730,2026-05-01T12:46:16.381Z,98.743,2,37.17,210,0,0,,,,
powertraces-pt200array_pt220_r4_7536323_9-486809b730,2026-05-01T12:46:16.381Z,98.743,3,40.04,210,0,0,,,,
powertraces-pt200array_pt220_r4_7536323_9-486809b730,2026-05-01T12:46:16.481Z,98.843,0,36.7,210,0,0,,,,
powertraces-pt200array_pt220_r4_7536323_9-486809b730,2026-05-01T12:46:16.481Z,98.843,1,38.39,210,0,0,,,,
powertraces-pt200array_pt220_r4_7536323_9-486809b730,2026-05-01T12:46:16.481Z,98.843,2,37.17,210,0,0,,,,
powertraces-pt200array_pt220_r4_7536323_9-486809b730,2026-05-01T12:46:16.481Z,98.843,3,40.04,210,0,0,,,,
powertraces-pt200array_pt220_r4_7536323_9-486809b730,2026-05-01T12:46:16.581Z,98.943,0,36.7,210,0,0,,,,
powertraces-pt200array_pt220_r4_7536323_9-486809b730,2026-05-01T12:46:16.581Z,98.943,1,38.39,210,0,0,,,,
powertraces-pt200array_pt220_r4_7536323_9-486809b730,2026-05-01T12:46:16.581Z,98.943,2,37.17,210,0,0,,,,
powertraces-pt200array_pt220_r4_7536323_9-486809b730,2026-05-01T12:46:16.581Z,98.943,3,40.04,210,0,0,,,,
powertraces-pt200array_pt220_r4_7536323_9-486809b730,2026-05-01T12:46:16.681Z,99.043,0,36.7,210,0,0,,,,
powertraces-pt200array_pt220_r4_7536323_9-486809b730,2026-05-01T12:46:16.681Z,99.043,1,38.39,210,0,0,,,,
powertraces-pt200array_pt220_r4_7536323_9-486809b730,2026-05-01T12:46:16.681Z,99.043,2,37.17,210,0,0,,,,
powertraces-pt200array_pt220_r4_7536323_9-486809b730,2026-05-01T12:46:16.681Z,99.043,3,40.04,210,0,0,,,,
powertraces-pt200array_pt220_r4_7536323_9-486809b730,2026-05-01T12:46:16.781Z,99.143,0,36.58,210,0,0,,,,
powertraces-pt200array_pt220_r4_7536323_9-486809b730,2026-05-01T12:46:16.782Z,99.144,1,38.39,210,0,0,,,,
powertraces-pt200array_pt220_r4_7536323_9-486809b730,2026-05-01T12:46:16.782Z,99.144,2,37.04,210,0,0,,,,
powertraces-pt200array_pt220_r4_7536323_9-486809b730,2026-05-01T12:46:16.782Z,99.144,3,40.04,210,0,0,,,,
powertraces-pt200array_pt220_r4_7536323_9-486809b730,2026-05-01T12:46:16.882Z,99.244,0,36.58,210,0,0,,,,
powertraces-pt200array_pt220_r4_7536323_9-486809b730,2026-05-01T12:46:16.882Z,99.244,1,38.39,210,0,0,,,,
powertraces-pt200array_pt220_r4_7536323_9-486809b730,2026-05-01T12:46:16.882Z,99.244,2,37.04,210,0,0,,,,
powertraces-pt200array_pt220_r4_7536323_9-486809b730,2026-05-01T12:46:16.882Z,99.244,3,40.04,210,0,0,,,,
powertraces-pt200array_pt220_r4_7536323_9-486809b730,2026-05-01T12:46:16.982Z,99.344,0,36.58,210,0,0,,,,
powertraces-pt200array_pt220_r4_7536323_9-486809b730,2026-05-01T12:46:16.982Z,99.344,1,38.39,210,0,0,,,,
powertraces-pt200array_pt220_r4_7536323_9-486809b730,2026-05-01T12:46:16.982Z,99.344,2,37.04,210,0,0,,,,
powertraces-pt200array_pt220_r4_7536323_9-486809b730,2026-05-01T12:46:16.982Z,99.344,3,40.04,210,0,0,,,,
powertraces-pt200array_pt220_r4_7536323_9-486809b730,2026-05-01T12:46:17.082Z,99.444,0,36.58,210,0,0,,,,
powertraces-pt200array_pt220_r4_7536323_9-486809b730,2026-05-01T12:46:17.082Z,99.444,1,38.39,210,0,0,,,,
powertraces-pt200array_pt220_r4_7536323_9-486809b730,2026-05-01T12:46:17.082Z,99.444,2,37.04,210,0,0,,,,
powertraces-pt200array_pt220_r4_7536323_9-486809b730,2026-05-01T12:46:17.082Z,99.444,3,40.04,210,0,0,,,,
powertraces-pt200array_pt220_r4_7536323_9-486809b730,2026-05-01T12:46:17.182Z,99.544,0,36.58,210,0,0,,,,
powertraces-pt200array_pt220_r4_7536323_9-486809b730,2026-05-01T12:46:17.182Z,99.544,1,38.39,210,0,0,,,,
powertraces-pt200array_pt220_r4_7536323_9-486809b730,2026-05-01T12:46:17.182Z,99.544,2,37.04,210,0,0,,,,
powertraces-pt200array_pt220_r4_7536323_9-486809b730,2026-05-01T12:46:17.182Z,99.544,3,40.04,210,0,0,,,,
powertraces-pt200array_pt220_r4_7536323_9-486809b730,2026-05-01T12:46:17.282Z,99.644,0,36.58,210,0,0,,,,
powertraces-pt200array_pt220_r4_7536323_9-486809b730,2026-05-01T12:46:17.282Z,99.644,1,38.4,210,0,0,,,,
powertraces-pt200array_pt220_r4_7536323_9-486809b730,2026-05-01T12:46:17.282Z,99.644,2,37.04,210,0,0,,,,
powertraces-pt200array_pt220_r4_7536323_9-486809b730,2026-05-01T12:46:17.282Z,99.644,3,40.04,210,0,0,,,,
powertraces-pt200array_pt220_r4_7536323_9-486809b730,2026-05-01T12:46:17.382Z,99.744,0,36.58,210,0,0,,,,
powertraces-pt200array_pt220_r4_7536323_9-486809b730,2026-05-01T12:46:17.382Z,99.744,1,38.4,210,0,0,,,,
powertraces-pt200array_pt220_r4_7536323_9-486809b730,2026-05-01T12:46:17.382Z,99.744,2,37.04,210,0,0,,,,
powertraces-pt200array_pt220_r4_7536323_9-486809b730,2026-05-01T12:46:17.382Z,99.744,3,40.04,210,0,0,,,,
powertraces-pt200array_pt220_r4_7536323_9-486809b730,2026-05-01T12:46:17.482Z,99.844,0,36.58,210,0,0,,,,
powertraces-pt200array_pt220_r4_7536323_9-486809b730,2026-05-01T12:46:17.482Z,99.844,1,38.4,210,0,0,,,,
powertraces-pt200array_pt220_r4_7536323_9-486809b730,2026-05-01T12:46:17.482Z,99.844,2,37.04,210,0,0,,,,
powertraces-pt200array_pt220_r4_7536323_9-486809b730,2026-05-01T12:46:17.482Z,99.844,3,40.04,210,0,0,,,,
powertraces-pt200array_pt220_r4_7536323_9-486809b730,2026-05-01T12:46:17.583Z,99.945,0,36.58,210,0,0,,,,
powertraces-pt200array_pt220_r4_7536323_9-486809b730,2026-05-01T12:46:17.583Z,99.945,1,38.4,210,0,0,,,,
powertraces-pt200array_pt220_r4_7536323_9-486809b730,2026-05-01T12:46:17.583Z,99.945,2,37.04,210,0,0,,,,
powertraces-pt200array_pt220_r4_7536323_9-486809b730,2026-05-01T12:46:17.583Z,99.945,3,40.04,210,0,0,,,,
powertraces-pt200array_pt220_r4_7536323_9-486809b730,2026-05-01T12:46:17.683Z,100.045,0,36.58,210,0,0,,,,
powertraces-pt200array_pt220_r4_7536323_9-486809b730,2026-05-01T12:46:17.683Z,100.045,1,38.4,210,0,0,,,,
powertraces-pt200array_pt220_r4_7536323_9-486809b730,2026-05-01T12:46:17.683Z,100.045,2,37.04,210,0,0,,,,
powertraces-pt200array_pt220_r4_7536323_9-486809b730,2026-05-01T12:46:17.683Z,100.045,3,40.04,210,0,0,,,,
powertraces-pt200array_pt220_r4_7536323_9-486809b730,2026-05-01T12:46:17.783Z,100.145,0,36.58,210,0,0,,,,
powertraces-pt200array_pt220_r4_7536323_9-486809b730,2026-05-01T12:46:17.783Z,100.145,1,38.4,210,0,0,,,,
powertraces-pt200array_pt220_r4_7536323_9-486809b730,2026-05-01T12:46:17.783Z,100.145,2,36.92,210,0,0,,,,
powertraces-pt200array_pt220_r4_7536323_9-486809b730,2026-05-01T12:46:17.783Z,100.145,3,40.04,210,0,0,,,,
powertraces-pt200array_pt220_r4_7536323_9-486809b730,2026-05-01T12:46:17.883Z,100.245,0,36.58,210,0,0,,,,
powertraces-pt200array_pt220_r4_7536323_9-486809b730,2026-05-01T12:46:17.883Z,100.245,1,38.4,210,0,0,,,,
powertraces-pt200array_pt220_r4_7536323_9-486809b730,2026-05-01T12:46:17.883Z,100.245,2,36.92,210,0,0,,,,
powertraces-pt200array_pt220_r4_7536323_9-486809b730,2026-05-01T12:46:17.883Z,100.245,3,40.04,210,0,0,,,,
powertraces-pt200array_pt220_r4_7536323_9-486809b730,2026-05-01T12:46:17.983Z,100.345,0,36.58,210,0,0,,,,
powertraces-pt200array_pt220_r4_7536323_9-486809b730,2026-05-01T12:46:17.983Z,100.345,1,38.4,210,0,0,,,,
powertraces-pt200array_pt220_r4_7536323_9-486809b730,2026-05-01T12:46:17.983Z,100.345,2,36.92,210,0,0,,,,
powertraces-pt200array_pt220_r4_7536323_9-486809b730,2026-05-01T12:46:17.983Z,100.345,3,40.04,210,0,0,,,,
powertraces-pt200array_pt220_r4_7536323_9-486809b730,2026-05-01T12:46:18.083Z,100.445,0,36.58,210,0,0,,,,
powertraces-pt200array_pt220_r4_7536323_9-486809b730,2026-05-01T12:46:18.083Z,100.445,1,38.4,210,0,0,,,,
powertraces-pt200array_pt220_r4_7536323_9-486809b730,2026-05-01T12:46:18.083Z,100.445,2,36.92,210,0,0,,,,
powertraces-pt200array_pt220_r4_7536323_9-486809b730,2026-05-01T12:46:18.083Z,100.445,3,40.04,210,0,0,,,,
powertraces-pt200array_pt220_r4_7536323_9-486809b730,2026-05-01T12:46:18.183Z,100.545,0,36.58,210,0,0,,,,
powertraces-pt200array_pt220_r4_7536323_9-486809b730,2026-05-01T12:46:18.183Z,100.545,1,38.4,210,0,0,,,,
powertraces-pt200array_pt220_r4_7536323_9-486809b730,2026-05-01T12:46:18.183Z,100.545,2,36.92,210,0,0,,,,
powertraces-pt200array_pt220_r4_7536323_9-486809b730,2026-05-01T12:46:18.183Z,100.545,3,40.04,210,0,0,,,,
powertraces-pt200array_pt220_r4_7536323_9-486809b730,2026-05-01T12:46:18.283Z,100.645,0,36.58,210,0,0,,,,
powertraces-pt200array_pt220_r4_7536323_9-486809b730,2026-05-01T12:46:18.283Z,100.645,1,38.4,210,0,0,,,,
powertraces-pt200array_pt220_r4_7536323_9-486809b730,2026-05-01T12:46:18.283Z,100.645,2,36.92,210,0,0,,,,
powertraces-pt200array_pt220_r4_7536323_9-486809b730,2026-05-01T12:46:18.283Z,100.645,3,40.04,210,0,0,,,,
powertraces-pt200array_pt220_r4_7536323_9-486809b730,2026-05-01T12:46:18.384Z,100.746,0,36.58,210,0,0,,,,
powertraces-pt200array_pt220_r4_7536323_9-486809b730,2026-05-01T12:46:18.384Z,100.746,1,38.4,210,0,0,,,,
powertraces-pt200array_pt220_r4_7536323_9-486809b730,2026-05-01T12:46:18.384Z,100.746,2,36.92,210,0,0,,,,
powertraces-pt200array_pt220_r4_7536323_9-486809b730,2026-05-01T12:46:18.384Z,100.746,3,40.04,210,0,0,,,,
powertraces-pt200array_pt220_r4_7536323_9-486809b730,2026-05-01T12:46:18.484Z,100.846,0,36.58,210,0,0,,,,
powertraces-pt200array_pt220_r4_7536323_9-486809b730,2026-05-01T12:46:18.484Z,100.846,1,38.4,210,0,0,,,,
powertraces-pt200array_pt220_r4_7536323_9-486809b730,2026-05-01T12:46:18.484Z,100.846,2,36.92,210,0,0,,,,
powertraces-pt200array_pt220_r4_7536323_9-486809b730,2026-05-01T12:46:18.484Z,100.846,3,40.04,210,0,0,,,,
powertraces-pt200array_pt220_r4_7536323_9-486809b730,2026-05-01T12:46:18.584Z,100.946,0,36.58,210,0,0,,,,
powertraces-pt200array_pt220_r4_7536323_9-486809b730,2026-05-01T12:46:18.584Z,100.946,1,38.4,210,0,0,,,,
powertraces-pt200array_pt220_r4_7536323_9-486809b730,2026-05-01T12:46:18.584Z,100.946,2,36.92,210,0,0,,,,
powertraces-pt200array_pt220_r4_7536323_9-486809b730,2026-05-01T12:46:18.584Z,100.946,3,40.04,210,0,0,,,,
powertraces-pt200array_pt220_r4_7536323_9-486809b730,2026-05-01T12:46:18.684Z,101.046,0,36.58,210,0,0,,,,
powertraces-pt200array_pt220_r4_7536323_9-486809b730,2026-05-01T12:46:18.684Z,101.046,1,38.4,210,0,0,,,,
powertraces-pt200array_pt220_r4_7536323_9-486809b730,2026-05-01T12:46:18.684Z,101.046,2,36.92,210,0,0,,,,
powertraces-pt200array_pt220_r4_7536323_9-486809b730,2026-05-01T12:46:18.684Z,101.046,3,40.04,210,0,0,,,,
powertraces-pt200array_pt220_r4_7536323_9-486809b730,2026-05-01T12:46:18.784Z,101.146,0,36.58,210,0,0,,,,
powertraces-pt200array_pt220_r4_7536323_9-486809b730,2026-05-01T12:46:18.784Z,101.146,1,38.4,210,0,0,,,,
powertraces-pt200array_pt220_r4_7536323_9-486809b730,2026-05-01T12:46:18.784Z,101.146,2,36.92,210,0,0,,,,
powertraces-pt200array_pt220_r4_7536323_9-486809b730,2026-05-01T12:46:18.784Z,101.146,3,39.92,210,0,0,,,,
powertraces-pt200array_pt220_r4_7536323_9-486809b730,2026-05-01T12:46:18.884Z,101.246,0,36.58,210,0,0,,,,
powertraces-pt200array_pt220_r4_7536323_9-486809b730,2026-05-01T12:46:18.884Z,101.246,1,38.4,210,0,0,,,,
powertraces-pt200array_pt220_r4_7536323_9-486809b730,2026-05-01T12:46:18.884Z,101.246,2,36.92,210,0,0,,,,
powertraces-pt200array_pt220_r4_7536323_9-486809b730,2026-05-01T12:46:18.884Z,101.246,3,39.92,210,0,0,,,,
powertraces-pt200array_pt220_r4_7536323_9-486809b730,2026-05-01T12:46:18.984Z,101.346,0,36.58,210,0,0,,,,
powertraces-pt200array_pt220_r4_7536323_9-486809b730,2026-05-01T12:46:18.984Z,101.346,1,38.4,210,0,0,,,,
powertraces-pt200array_pt220_r4_7536323_9-486809b730,2026-05-01T12:46:18.984Z,101.346,2,36.92,210,0,0,,,,
powertraces-pt200array_pt220_r4_7536323_9-486809b730,2026-05-01T12:46:18.984Z,101.346,3,39.92,210,0,0,,,,
powertraces-pt200array_pt220_r4_7536323_9-486809b730,2026-05-01T12:46:19.085Z,101.447,0,36.58,210,0,0,,,,
powertraces-pt200array_pt220_r4_7536323_9-486809b730,2026-05-01T12:46:19.085Z,101.447,1,38.4,210,0,0,,,,
powertraces-pt200array_pt220_r4_7536323_9-486809b730,2026-05-01T12:46:19.085Z,101.447,2,36.92,210,0,0,,,,
powertraces-pt200array_pt220_r4_7536323_9-486809b730,2026-05-01T12:46:19.085Z,101.447,3,39.92,210,0,0,,,,
powertraces-pt200array_pt220_r4_7536323_9-486809b730,2026-05-01T12:46:19.185Z,101.547,0,36.58,210,0,0,,,,
powertraces-pt200array_pt220_r4_7536323_9-486809b730,2026-05-01T12:46:19.185Z,101.547,1,38.4,210,0,0,,,,
powertraces-pt200array_pt220_r4_7536323_9-486809b730,2026-05-01T12:46:19.185Z,101.547,2,36.92,210,0,0,,,,
powertraces-pt200array_pt220_r4_7536323_9-486809b730,2026-05-01T12:46:19.185Z,101.547,3,39.92,210,0,0,,,,
powertraces-pt200array_pt220_r4_7536323_9-486809b730,2026-05-01T12:46:19.285Z,101.647,0,36.58,210,0,0,,,,
powertraces-pt200array_pt220_r4_7536323_9-486809b730,2026-05-01T12:46:19.285Z,101.647,1,38.27,210,0,0,,,,
powertraces-pt200array_pt220_r4_7536323_9-486809b730,2026-05-01T12:46:19.285Z,101.647,2,36.92,210,0,0,,,,
powertraces-pt200array_pt220_r4_7536323_9-486809b730,2026-05-01T12:46:19.285Z,101.647,3,39.92,210,0,0,,,,
powertraces-pt200array_pt220_r4_7536323_9-486809b730,2026-05-01T12:46:19.385Z,101.747,0,36.58,210,0,0,,,,
powertraces-pt200array_pt220_r4_7536323_9-486809b730,2026-05-01T12:46:19.385Z,101.747,1,38.27,210,0,0,,,,
powertraces-pt200array_pt220_r4_7536323_9-486809b730,2026-05-01T12:46:19.385Z,101.747,2,36.92,210,0,0,,,,
powertraces-pt200array_pt220_r4_7536323_9-486809b730,2026-05-01T12:46:19.385Z,101.747,3,39.92,210,0,0,,,,
powertraces-pt200array_pt220_r4_7536323_9-486809b730,2026-05-01T12:46:19.485Z,101.847,0,36.58,210,0,0,,,,
powertraces-pt200array_pt220_r4_7536323_9-486809b730,2026-05-01T12:46:19.485Z,101.847,1,38.27,210,0,0,,,,
powertraces-pt200array_pt220_r4_7536323_9-486809b730,2026-05-01T12:46:19.485Z,101.847,2,36.92,210,0,0,,,,
powertraces-pt200array_pt220_r4_7536323_9-486809b730,2026-05-01T12:46:19.485Z,101.847,3,39.92,210,0,0,,,,
powertraces-pt200array_pt220_r4_7536323_9-486809b730,2026-05-01T12:46:19.585Z,101.947,0,36.58,210,0,0,,,,
powertraces-pt200array_pt220_r4_7536323_9-486809b730,2026-05-01T12:46:19.585Z,101.947,1,38.27,210,0,0,,,,
powertraces-pt200array_pt220_r4_7536323_9-486809b730,2026-05-01T12:46:19.585Z,101.947,2,36.92,210,0,0,,,,
powertraces-pt200array_pt220_r4_7536323_9-486809b730,2026-05-01T12:46:19.585Z,101.947,3,39.92,210,0,0,,,,
powertraces-pt200array_pt220_r4_7536323_9-486809b730,2026-05-01T12:46:19.685Z,102.047,0,36.58,210,0,0,,,,
powertraces-pt200array_pt220_r4_7536323_9-486809b730,2026-05-01T12:46:19.685Z,102.047,1,38.27,210,0,0,,,,
powertraces-pt200array_pt220_r4_7536323_9-486809b730,2026-05-01T12:46:19.685Z,102.047,2,36.92,210,0,0,,,,
powertraces-pt200array_pt220_r4_7536323_9-486809b730,2026-05-01T12:46:19.685Z,102.047,3,39.92,210,0,0,,,,
powertraces-pt200array_pt220_r4_7536323_9-486809b730,2026-05-01T12:46:19.786Z,102.148,0,36.57,210,0,0,,,,
powertraces-pt200array_pt220_r4_7536323_9-486809b730,2026-05-01T12:46:19.786Z,102.148,1,38.27,210,0,0,,,,
powertraces-pt200array_pt220_r4_7536323_9-486809b730,2026-05-01T12:46:19.786Z,102.148,2,36.92,210,0,0,,,,
powertraces-pt200array_pt220_r4_7536323_9-486809b730,2026-05-01T12:46:19.786Z,102.148,3,39.79,210,0,0,,,,
powertraces-pt200array_pt220_r4_7536323_9-486809b730,2026-05-01T12:46:19.886Z,102.248,0,36.57,210,0,0,,,,
powertraces-pt200array_pt220_r4_7536323_9-486809b730,2026-05-01T12:46:19.886Z,102.248,1,38.27,210,0,0,,,,
powertraces-pt200array_pt220_r4_7536323_9-486809b730,2026-05-01T12:46:19.886Z,102.248,2,36.92,210,0,0,,,,
powertraces-pt200array_pt220_r4_7536323_9-486809b730,2026-05-01T12:46:19.886Z,102.248,3,39.79,210,0,0,,,,
powertraces-pt200array_pt220_r4_7536323_9-486809b730,2026-05-01T12:46:19.986Z,102.348,0,36.57,210,0,0,,,,
powertraces-pt200array_pt220_r4_7536323_9-486809b730,2026-05-01T12:46:19.986Z,102.348,1,38.27,210,0,0,,,,
powertraces-pt200array_pt220_r4_7536323_9-486809b730,2026-05-01T12:46:19.986Z,102.348,2,36.92,210,0,0,,,,
powertraces-pt200array_pt220_r4_7536323_9-486809b730,2026-05-01T12:46:19.986Z,102.348,3,39.79,210,0,0,,,,
powertraces-pt200array_pt220_r4_7536323_9-486809b730,2026-05-01T12:46:20.086Z,102.448,0,36.57,210,0,0,,,,
powertraces-pt200array_pt220_r4_7536323_9-486809b730,2026-05-01T12:46:20.086Z,102.448,1,38.27,210,0,0,,,,
powertraces-pt200array_pt220_r4_7536323_9-486809b730,2026-05-01T12:46:20.086Z,102.448,2,36.92,210,0,0,,,,
powertraces-pt200array_pt220_r4_7536323_9-486809b730,2026-05-01T12:46:20.086Z,102.448,3,39.79,210,0,0,,,,
powertraces-pt200array_pt220_r4_7536323_9-486809b730,2026-05-01T12:46:20.186Z,102.548,0,36.57,210,0,0,,,,
powertraces-pt200array_pt220_r4_7536323_9-486809b730,2026-05-01T12:46:20.186Z,102.548,1,38.27,210,0,0,,,,
powertraces-pt200array_pt220_r4_7536323_9-486809b730,2026-05-01T12:46:20.186Z,102.548,2,36.92,210,0,0,,,,
powertraces-pt200array_pt220_r4_7536323_9-486809b730,2026-05-01T12:46:20.186Z,102.548,3,39.79,210,0,0,,,,
powertraces-pt200array_pt220_r4_7536323_9-486809b730,2026-05-01T12:46:20.286Z,102.648,0,36.57,210,0,0,,,,
powertraces-pt200array_pt220_r4_7536323_9-486809b730,2026-05-01T12:46:20.286Z,102.648,1,38.16,210,0,0,,,,
powertraces-pt200array_pt220_r4_7536323_9-486809b730,2026-05-01T12:46:20.286Z,102.648,2,36.92,210,0,0,,,,
powertraces-pt200array_pt220_r4_7536323_9-486809b730,2026-05-01T12:46:20.286Z,102.648,3,39.79,210,0,0,,,,
powertraces-pt200array_pt220_r4_7536323_9-486809b730,2026-05-01T12:46:20.386Z,102.748,0,36.57,210,0,0,,,,
powertraces-pt200array_pt220_r4_7536323_9-486809b730,2026-05-01T12:46:20.386Z,102.748,1,38.16,210,0,0,,,,
powertraces-pt200array_pt220_r4_7536323_9-486809b730,2026-05-01T12:46:20.386Z,102.748,2,36.92,210,0,0,,,,
powertraces-pt200array_pt220_r4_7536323_9-486809b730,2026-05-01T12:46:20.386Z,102.748,3,39.79,210,0,0,,,,
powertraces-pt200array_pt220_r4_7536323_9-486809b730,2026-05-01T12:46:20.487Z,102.849,0,36.57,210,0,0,,,,
powertraces-pt200array_pt220_r4_7536323_9-486809b730,2026-05-01T12:46:20.487Z,102.849,1,38.16,210,0,0,,,,
powertraces-pt200array_pt220_r4_7536323_9-486809b730,2026-05-01T12:46:20.487Z,102.849,2,36.92,210,0,0,,,,
powertraces-pt200array_pt220_r4_7536323_9-486809b730,2026-05-01T12:46:20.487Z,102.849,3,39.79,210,0,0,,,,
powertraces-pt200array_pt220_r4_7536323_9-486809b730,2026-05-01T12:46:20.587Z,102.949,0,36.57,210,0,0,,,,
powertraces-pt200array_pt220_r4_7536323_9-486809b730,2026-05-01T12:46:20.587Z,102.949,1,38.16,210,0,0,,,,
powertraces-pt200array_pt220_r4_7536323_9-486809b730,2026-05-01T12:46:20.587Z,102.949,2,36.92,210,0,0,,,,
powertraces-pt200array_pt220_r4_7536323_9-486809b730,2026-05-01T12:46:20.587Z,102.949,3,39.79,210,0,0,,,,
powertraces-pt200array_pt220_r4_7536323_9-486809b730,2026-05-01T12:46:20.687Z,103.049,0,36.57,210,0,0,,,,
powertraces-pt200array_pt220_r4_7536323_9-486809b730,2026-05-01T12:46:20.687Z,103.049,1,38.16,210,0,0,,,,
powertraces-pt200array_pt220_r4_7536323_9-486809b730,2026-05-01T12:46:20.687Z,103.049,2,36.92,210,0,0,,,,
powertraces-pt200array_pt220_r4_7536323_9-486809b730,2026-05-01T12:46:20.687Z,103.049,3,39.79,210,0,0,,,,
powertraces-pt200array_pt220_r4_7536323_9-486809b730,2026-05-01T12:46:20.787Z,103.149,0,36.57,210,0,0,,,,
powertraces-pt200array_pt220_r4_7536323_9-486809b730,2026-05-01T12:46:20.787Z,103.149,1,38.16,210,0,0,,,,
powertraces-pt200array_pt220_r4_7536323_9-486809b730,2026-05-01T12:46:20.787Z,103.149,2,36.92,210,0,0,,,,
powertraces-pt200array_pt220_r4_7536323_9-486809b730,2026-05-01T12:46:20.787Z,103.149,3,39.79,210,0,0,,,,
powertraces-pt200array_pt220_r4_7536323_9-486809b730,2026-05-01T12:46:20.887Z,103.249,0,36.57,210,0,0,,,,
powertraces-pt200array_pt220_r4_7536323_9-486809b730,2026-05-01T12:46:20.887Z,103.249,1,38.16,210,0,0,,,,
powertraces-pt200array_pt220_r4_7536323_9-486809b730,2026-05-01T12:46:20.887Z,103.249,2,36.92,210,0,0,,,,
powertraces-pt200array_pt220_r4_7536323_9-486809b730,2026-05-01T12:46:20.887Z,103.249,3,39.79,210,0,0,,,,
powertraces-pt200array_pt220_r4_7536323_9-486809b730,2026-05-01T12:46:20.987Z,103.349,0,36.57,210,0,0,,,,
powertraces-pt200array_pt220_r4_7536323_9-486809b730,2026-05-01T12:46:20.987Z,103.349,1,38.16,210,0,0,,,,
powertraces-pt200array_pt220_r4_7536323_9-486809b730,2026-05-01T12:46:20.987Z,103.349,2,36.92,210,0,0,,,,
powertraces-pt200array_pt220_r4_7536323_9-486809b730,2026-05-01T12:46:20.987Z,103.349,3,39.79,210,0,0,,,,
powertraces-pt200array_pt220_r4_7536323_9-486809b730,2026-05-01T12:46:21.087Z,103.449,0,36.57,210,0,0,,,,
powertraces-pt200array_pt220_r4_7536323_9-486809b730,2026-05-01T12:46:21.087Z,103.449,1,38.16,210,0,0,,,,
powertraces-pt200array_pt220_r4_7536323_9-486809b730,2026-05-01T12:46:21.087Z,103.449,2,36.92,210,0,0,,,,
powertraces-pt200array_pt220_r4_7536323_9-486809b730,2026-05-01T12:46:21.087Z,103.449,3,39.79,210,0,0,,,,
powertraces-pt200array_pt220_r4_7536323_9-486809b730,2026-05-01T12:46:21.188Z,103.55,0,36.57,210,0,0,,,,
powertraces-pt200array_pt220_r4_7536323_9-486809b730,2026-05-01T12:46:21.188Z,103.55,1,38.16,210,0,0,,,,
powertraces-pt200array_pt220_r4_7536323_9-486809b730,2026-05-01T12:46:21.188Z,103.55,2,36.92,210,0,0,,,,
powertraces-pt200array_pt220_r4_7536323_9-486809b730,2026-05-01T12:46:21.188Z,103.55,3,39.79,210,0,0,,,,
powertraces-pt200array_pt220_r4_7536323_9-486809b730,2026-05-01T12:46:21.288Z,103.65,0,36.57,210,0,0,,,,
powertraces-pt200array_pt220_r4_7536323_9-486809b730,2026-05-01T12:46:21.288Z,103.65,1,38.17,210,0,0,,,,
powertraces-pt200array_pt220_r4_7536323_9-486809b730,2026-05-01T12:46:21.288Z,103.65,2,36.92,210,0,0,,,,
powertraces-pt200array_pt220_r4_7536323_9-486809b730,2026-05-01T12:46:21.288Z,103.65,3,39.79,210,0,0,,,,
powertraces-pt200array_pt220_r4_7536323_9-486809b730,2026-05-01T12:46:21.388Z,103.75,0,36.57,210,0,0,,,,
powertraces-pt200array_pt220_r4_7536323_9-486809b730,2026-05-01T12:46:21.388Z,103.75,1,38.17,210,0,0,,,,
powertraces-pt200array_pt220_r4_7536323_9-486809b730,2026-05-01T12:46:21.388Z,103.75,2,36.92,210,0,0,,,,
powertraces-pt200array_pt220_r4_7536323_9-486809b730,2026-05-01T12:46:21.388Z,103.75,3,39.79,210,0,0,,,,
powertraces-pt200array_pt220_r4_7536323_9-486809b730,2026-05-01T12:46:21.488Z,103.85,0,36.57,210,0,0,,,,
powertraces-pt200array_pt220_r4_7536323_9-486809b730,2026-05-01T12:46:21.488Z,103.85,1,38.17,210,0,0,,,,
powertraces-pt200array_pt220_r4_7536323_9-486809b730,2026-05-01T12:46:21.488Z,103.85,2,36.92,210,0,0,,,,
powertraces-pt200array_pt220_r4_7536323_9-486809b730,2026-05-01T12:46:21.488Z,103.85,3,39.79,210,0,0,,,,
powertraces-pt200array_pt220_r4_7536323_9-486809b730,2026-05-01T12:46:21.588Z,103.95,0,36.57,210,0,0,,,,
powertraces-pt200array_pt220_r4_7536323_9-486809b730,2026-05-01T12:46:21.588Z,103.95,1,38.17,210,0,0,,,,
powertraces-pt200array_pt220_r4_7536323_9-486809b730,2026-05-01T12:46:21.588Z,103.95,2,36.92,210,0,0,,,,
powertraces-pt200array_pt220_r4_7536323_9-486809b730,2026-05-01T12:46:21.588Z,103.95,3,39.79,210,0,0,,,,
powertraces-pt200array_pt220_r4_7536323_9-486809b730,2026-05-01T12:46:21.688Z,104.05,0,36.57,210,0,0,,,,
powertraces-pt200array_pt220_r4_7536323_9-486809b730,2026-05-01T12:46:21.688Z,104.05,1,38.17,210,0,0,,,,
powertraces-pt200array_pt220_r4_7536323_9-486809b730,2026-05-01T12:46:21.688Z,104.05,2,36.92,210,0,0,,,,
powertraces-pt200array_pt220_r4_7536323_9-486809b730,2026-05-01T12:46:21.688Z,104.05,3,39.79,210,0,0,,,,
powertraces-pt200array_pt220_r4_7536323_9-486809b730,2026-05-01T12:46:21.788Z,104.15,0,36.58,210,0,0,,,,
powertraces-pt200array_pt220_r4_7536323_9-486809b730,2026-05-01T12:46:21.788Z,104.15,1,38.17,210,0,0,,,,
powertraces-pt200array_pt220_r4_7536323_9-486809b730,2026-05-01T12:46:21.788Z,104.15,2,36.92,210,0,0,,,,
powertraces-pt200array_pt220_r4_7536323_9-486809b730,2026-05-01T12:46:21.788Z,104.15,3,39.79,210,0,0,,,,
powertraces-pt200array_pt220_r4_7536323_9-486809b730,2026-05-01T12:46:21.889Z,104.251,0,36.58,210,0,0,,,,
powertraces-pt200array_pt220_r4_7536323_9-486809b730,2026-05-01T12:46:21.889Z,104.251,1,38.17,210,0,0,,,,
powertraces-pt200array_pt220_r4_7536323_9-486809b730,2026-05-01T12:46:21.889Z,104.251,2,36.92,210,0,0,,,,
powertraces-pt200array_pt220_r4_7536323_9-486809b730,2026-05-01T12:46:21.889Z,104.251,3,39.79,210,0,0,,,,
powertraces-pt200array_pt220_r4_7536323_9-486809b730,2026-05-01T12:46:21.989Z,104.351,0,36.58,210,0,0,,,,
powertraces-pt200array_pt220_r4_7536323_9-486809b730,2026-05-01T12:46:21.989Z,104.351,1,38.17,210,0,0,,,,
powertraces-pt200array_pt220_r4_7536323_9-486809b730,2026-05-01T12:46:21.989Z,104.351,2,36.92,210,0,0,,,,
powertraces-pt200array_pt220_r4_7536323_9-486809b730,2026-05-01T12:46:21.989Z,104.351,3,39.79,210,0,0,,,,
powertraces-pt200array_pt220_r4_7536323_9-486809b730,2026-05-01T12:46:22.089Z,104.451,0,36.58,210,0,0,,,,
powertraces-pt200array_pt220_r4_7536323_9-486809b730,2026-05-01T12:46:22.089Z,104.451,1,38.17,210,0,0,,,,
powertraces-pt200array_pt220_r4_7536323_9-486809b730,2026-05-01T12:46:22.089Z,104.451,2,36.92,210,0,0,,,,
powertraces-pt200array_pt220_r4_7536323_9-486809b730,2026-05-01T12:46:22.089Z,104.451,3,39.79,210,0,0,,,,
powertraces-pt200array_pt220_r4_7536323_9-486809b730,2026-05-01T12:46:22.189Z,104.551,0,36.58,210,0,0,,,,
powertraces-pt200array_pt220_r4_7536323_9-486809b730,2026-05-01T12:46:22.189Z,104.551,1,38.17,210,0,0,,,,
powertraces-pt200array_pt220_r4_7536323_9-486809b730,2026-05-01T12:46:22.189Z,104.551,2,36.92,210,0,0,,,,
powertraces-pt200array_pt220_r4_7536323_9-486809b730,2026-05-01T12:46:22.189Z,104.551,3,39.79,210,0,0,,,,
powertraces-pt200array_pt220_r4_7536323_9-486809b730,2026-05-01T12:46:22.289Z,104.651,0,36.58,210,0,0,,,,
powertraces-pt200array_pt220_r4_7536323_9-486809b730,2026-05-01T12:46:22.289Z,104.651,1,38.16,210,0,0,,,,
powertraces-pt200array_pt220_r4_7536323_9-486809b730,2026-05-01T12:46:22.289Z,104.651,2,36.92,210,0,0,,,,
powertraces-pt200array_pt220_r4_7536323_9-486809b730,2026-05-01T12:46:22.289Z,104.651,3,39.79,210,0,0,,,,
powertraces-pt200array_pt220_r4_7536323_9-486809b730,2026-05-01T12:46:22.389Z,104.751,0,36.58,210,0,0,,,,
powertraces-pt200array_pt220_r4_7536323_9-486809b730,2026-05-01T12:46:22.389Z,104.751,1,38.16,210,0,0,,,,
powertraces-pt200array_pt220_r4_7536323_9-486809b730,2026-05-01T12:46:22.389Z,104.751,2,36.92,210,0,0,,,,
powertraces-pt200array_pt220_r4_7536323_9-486809b730,2026-05-01T12:46:22.389Z,104.751,3,39.79,210,0,0,,,,
powertraces-pt200array_pt220_r4_7536323_9-486809b730,2026-05-01T12:46:22.489Z,104.851,0,36.58,210,0,0,,,,
powertraces-pt200array_pt220_r4_7536323_9-486809b730,2026-05-01T12:46:22.489Z,104.851,1,38.16,210,0,0,,,,
powertraces-pt200array_pt220_r4_7536323_9-486809b730,2026-05-01T12:46:22.489Z,104.851,2,36.92,210,0,0,,,,
powertraces-pt200array_pt220_r4_7536323_9-486809b730,2026-05-01T12:46:22.489Z,104.851,3,39.79,210,0,0,,,,
powertraces-pt200array_pt220_r4_7536323_9-486809b730,2026-05-01T12:46:22.589Z,104.951,0,36.58,210,0,0,,,,
powertraces-pt200array_pt220_r4_7536323_9-486809b730,2026-05-01T12:46:22.589Z,104.951,1,38.16,210,0,0,,,,
powertraces-pt200array_pt220_r4_7536323_9-486809b730,2026-05-01T12:46:22.589Z,104.951,2,36.92,210,0,0,,,,
powertraces-pt200array_pt220_r4_7536323_9-486809b730,2026-05-01T12:46:22.589Z,104.951,3,39.79,210,0,0,,,,
powertraces-pt200array_pt220_r4_7536323_9-486809b730,2026-05-01T12:46:22.689Z,105.051,0,36.58,210,0,0,,,,
powertraces-pt200array_pt220_r4_7536323_9-486809b730,2026-05-01T12:46:22.69Z,105.052,1,38.16,210,0,0,,,,
powertraces-pt200array_pt220_r4_7536323_9-486809b730,2026-05-01T12:46:22.69Z,105.052,2,36.92,210,0,0,,,,
powertraces-pt200array_pt220_r4_7536323_9-486809b730,2026-05-01T12:46:22.69Z,105.052,3,39.79,210,0,0,,,,
powertraces-pt200array_pt220_r4_7536323_9-486809b730,2026-05-01T12:46:22.79Z,105.152,0,36.58,210,0,0,,,,
powertraces-pt200array_pt220_r4_7536323_9-486809b730,2026-05-01T12:46:22.79Z,105.152,1,38.16,210,0,0,,,,
powertraces-pt200array_pt220_r4_7536323_9-486809b730,2026-05-01T12:46:22.79Z,105.152,2,36.92,210,0,0,,,,
powertraces-pt200array_pt220_r4_7536323_9-486809b730,2026-05-01T12:46:22.79Z,105.152,3,39.79,210,0,0,,,,
powertraces-pt200array_pt220_r4_7536323_9-486809b730,2026-05-01T12:46:22.89Z,105.252,0,36.58,210,0,0,,,,
powertraces-pt200array_pt220_r4_7536323_9-486809b730,2026-05-01T12:46:22.89Z,105.252,1,38.16,210,0,0,,,,
powertraces-pt200array_pt220_r4_7536323_9-486809b730,2026-05-01T12:46:22.89Z,105.252,2,36.92,210,0,0,,,,
powertraces-pt200array_pt220_r4_7536323_9-486809b730,2026-05-01T12:46:22.89Z,105.252,3,39.79,210,0,0,,,,
powertraces-pt200array_pt220_r4_7536323_9-486809b730,2026-05-01T12:46:22.99Z,105.352,0,36.58,210,0,0,,,,
powertraces-pt200array_pt220_r4_7536323_9-486809b730,2026-05-01T12:46:22.99Z,105.352,1,38.16,210,0,0,,,,
powertraces-pt200array_pt220_r4_7536323_9-486809b730,2026-05-01T12:46:22.99Z,105.352,2,36.92,210,0,0,,,,
powertraces-pt200array_pt220_r4_7536323_9-486809b730,2026-05-01T12:46:22.99Z,105.352,3,39.79,210,0,0,,,,
powertraces-pt200array_pt220_r4_7536323_9-486809b730,2026-05-01T12:46:23.09Z,105.452,0,36.58,210,0,0,,,,
powertraces-pt200array_pt220_r4_7536323_9-486809b730,2026-05-01T12:46:23.09Z,105.452,1,38.16,210,0,0,,,,
powertraces-pt200array_pt220_r4_7536323_9-486809b730,2026-05-01T12:46:23.09Z,105.452,2,36.92,210,0,0,,,,
powertraces-pt200array_pt220_r4_7536323_9-486809b730,2026-05-01T12:46:23.09Z,105.452,3,39.79,210,0,0,,,,
powertraces-pt200array_pt220_r4_7536323_9-486809b730,2026-05-01T12:46:23.19Z,105.552,0,36.58,210,0,0,,,,
powertraces-pt200array_pt220_r4_7536323_9-486809b730,2026-05-01T12:46:23.19Z,105.552,1,38.16,210,0,0,,,,
powertraces-pt200array_pt220_r4_7536323_9-486809b730,2026-05-01T12:46:23.19Z,105.552,2,36.92,210,0,0,,,,
powertraces-pt200array_pt220_r4_7536323_9-486809b730,2026-05-01T12:46:23.19Z,105.552,3,39.79,210,0,0,,,,
powertraces-pt200array_pt220_r4_7536323_9-486809b730,2026-05-01T12:46:23.29Z,105.652,0,36.58,210,0,0,,,,
powertraces-pt200array_pt220_r4_7536323_9-486809b730,2026-05-01T12:46:23.29Z,105.652,1,38.16,210,0,0,,,,
powertraces-pt200array_pt220_r4_7536323_9-486809b730,2026-05-01T12:46:23.29Z,105.652,2,36.92,210,0,0,,,,
powertraces-pt200array_pt220_r4_7536323_9-486809b730,2026-05-01T12:46:23.29Z,105.652,3,39.79,210,0,0,,,,
powertraces-pt200array_pt220_r4_7536323_9-486809b730,2026-05-01T12:46:23.39Z,105.752,0,36.58,210,0,0,,,,
powertraces-pt200array_pt220_r4_7536323_9-486809b730,2026-05-01T12:46:23.39Z,105.752,1,38.16,210,0,0,,,,
powertraces-pt200array_pt220_r4_7536323_9-486809b730,2026-05-01T12:46:23.39Z,105.752,2,36.92,210,0,0,,,,
powertraces-pt200array_pt220_r4_7536323_9-486809b730,2026-05-01T12:46:23.39Z,105.752,3,39.79,210,0,0,,,,
powertraces-pt200array_pt220_r4_7536323_9-486809b730,2026-05-01T12:46:23.491Z,105.853,0,36.58,210,0,0,,,,
powertraces-pt200array_pt220_r4_7536323_9-486809b730,2026-05-01T12:46:23.491Z,105.853,1,38.16,210,0,0,,,,
powertraces-pt200array_pt220_r4_7536323_9-486809b730,2026-05-01T12:46:23.491Z,105.853,2,36.92,210,0,0,,,,
powertraces-pt200array_pt220_r4_7536323_9-486809b730,2026-05-01T12:46:23.491Z,105.853,3,39.79,210,0,0,,,,
powertraces-pt200array_pt220_r4_7536323_9-486809b730,2026-05-01T12:46:23.591Z,105.953,0,36.58,210,0,0,,,,
powertraces-pt200array_pt220_r4_7536323_9-486809b730,2026-05-01T12:46:23.591Z,105.953,1,38.16,210,0,0,,,,
powertraces-pt200array_pt220_r4_7536323_9-486809b730,2026-05-01T12:46:23.591Z,105.953,2,36.92,210,0,0,,,,
powertraces-pt200array_pt220_r4_7536323_9-486809b730,2026-05-01T12:46:23.591Z,105.953,3,39.79,210,0,0,,,,
powertraces-pt200array_pt220_r4_7536323_9-486809b730,2026-05-01T12:46:23.691Z,106.053,0,36.58,210,0,0,,,,
powertraces-pt200array_pt220_r4_7536323_9-486809b730,2026-05-01T12:46:23.691Z,106.053,1,38.16,210,0,0,,,,
powertraces-pt200array_pt220_r4_7536323_9-486809b730,2026-05-01T12:46:23.691Z,106.053,2,36.92,210,0,0,,,,
powertraces-pt200array_pt220_r4_7536323_9-486809b730,2026-05-01T12:46:23.691Z,106.053,3,39.79,210,0,0,,,,
powertraces-pt200array_pt220_r4_7536323_9-486809b730,2026-05-01T12:46:23.791Z,106.153,0,36.58,210,0,0,,,,
powertraces-pt200array_pt220_r4_7536323_9-486809b730,2026-05-01T12:46:23.791Z,106.153,1,38.16,210,0,0,,,,
powertraces-pt200array_pt220_r4_7536323_9-486809b730,2026-05-01T12:46:23.791Z,106.153,2,36.92,210,0,0,,,,
powertraces-pt200array_pt220_r4_7536323_9-486809b730,2026-05-01T12:46:23.791Z,106.153,3,39.79,210,0,0,,,,
powertraces-pt200array_pt220_r4_7536323_9-486809b730,2026-05-01T12:46:23.891Z,106.253,0,36.58,210,0,0,,,,
powertraces-pt200array_pt220_r4_7536323_9-486809b730,2026-05-01T12:46:23.891Z,106.253,1,38.16,210,0,0,,,,
powertraces-pt200array_pt220_r4_7536323_9-486809b730,2026-05-01T12:46:23.891Z,106.253,2,36.92,210,0,0,,,,
powertraces-pt200array_pt220_r4_7536323_9-486809b730,2026-05-01T12:46:23.891Z,106.253,3,39.79,210,0,0,,,,
powertraces-pt200array_pt220_r4_7536323_9-486809b730,2026-05-01T12:46:23.991Z,106.353,0,36.58,210,0,0,,,,
powertraces-pt200array_pt220_r4_7536323_9-486809b730,2026-05-01T12:46:23.991Z,106.353,1,38.16,210,0,0,,,,
powertraces-pt200array_pt220_r4_7536323_9-486809b730,2026-05-01T12:46:23.991Z,106.353,2,36.92,210,0,0,,,,
powertraces-pt200array_pt220_r4_7536323_9-486809b730,2026-05-01T12:46:23.991Z,106.353,3,39.79,210,0,0,,,,
powertraces-pt200array_pt220_r4_7536323_9-486809b730,2026-05-01T12:46:24.091Z,106.453,0,36.58,210,0,0,,,,
powertraces-pt200array_pt220_r4_7536323_9-486809b730,2026-05-01T12:46:24.091Z,106.453,1,38.16,210,0,0,,,,
powertraces-pt200array_pt220_r4_7536323_9-486809b730,2026-05-01T12:46:24.091Z,106.453,2,36.92,210,0,0,,,,
powertraces-pt200array_pt220_r4_7536323_9-486809b730,2026-05-01T12:46:24.091Z,106.453,3,39.79,210,0,0,,,,
powertraces-pt200array_pt220_r4_7536323_9-486809b730,2026-05-01T12:46:24.191Z,106.553,0,36.58,210,0,0,,,,
powertraces-pt200array_pt220_r4_7536323_9-486809b730,2026-05-01T12:46:24.191Z,106.553,1,38.16,210,0,0,,,,
powertraces-pt200array_pt220_r4_7536323_9-486809b730,2026-05-01T12:46:24.191Z,106.553,2,36.92,210,0,0,,,,
powertraces-pt200array_pt220_r4_7536323_9-486809b730,2026-05-01T12:46:24.191Z,106.553,3,39.79,210,0,0,,,,
powertraces-pt200array_pt220_r4_7536323_9-486809b730,2026-05-01T12:46:24.292Z,106.654,0,36.58,210,0,0,,,,
powertraces-pt200array_pt220_r4_7536323_9-486809b730,2026-05-01T12:46:24.292Z,106.654,1,38.17,210,0,0,,,,
powertraces-pt200array_pt220_r4_7536323_9-486809b730,2026-05-01T12:46:24.292Z,106.654,2,36.92,210,0,0,,,,
powertraces-pt200array_pt220_r4_7536323_9-486809b730,2026-05-01T12:46:24.292Z,106.654,3,39.79,210,0,0,,,,
powertraces-pt200array_pt220_r4_7536323_9-486809b730,2026-05-01T12:46:24.392Z,106.754,0,36.58,210,0,0,,,,
powertraces-pt200array_pt220_r4_7536323_9-486809b730,2026-05-01T12:46:24.392Z,106.754,1,38.17,210,0,0,,,,
powertraces-pt200array_pt220_r4_7536323_9-486809b730,2026-05-01T12:46:24.392Z,106.754,2,36.92,210,0,0,,,,
powertraces-pt200array_pt220_r4_7536323_9-486809b730,2026-05-01T12:46:24.392Z,106.754,3,39.79,210,0,0,,,,
powertraces-pt200array_pt220_r4_7536323_9-486809b730,2026-05-01T12:46:24.492Z,106.854,0,36.58,210,0,0,,,,
powertraces-pt200array_pt220_r4_7536323_9-486809b730,2026-05-01T12:46:24.492Z,106.854,1,38.17,210,0,0,,,,
powertraces-pt200array_pt220_r4_7536323_9-486809b730,2026-05-01T12:46:24.492Z,106.854,2,36.92,210,0,0,,,,
powertraces-pt200array_pt220_r4_7536323_9-486809b730,2026-05-01T12:46:24.492Z,106.854,3,39.79,210,0,0,,,,
powertraces-pt200array_pt220_r4_7536323_9-486809b730,2026-05-01T12:46:24.592Z,106.954,0,36.58,210,0,0,,,,
powertraces-pt200array_pt220_r4_7536323_9-486809b730,2026-05-01T12:46:24.592Z,106.954,1,38.17,210,0,0,,,,
powertraces-pt200array_pt220_r4_7536323_9-486809b730,2026-05-01T12:46:24.592Z,106.954,2,36.92,210,0,0,,,,
powertraces-pt200array_pt220_r4_7536323_9-486809b730,2026-05-01T12:46:24.592Z,106.954,3,39.79,210,0,0,,,,
powertraces-pt200array_pt220_r4_7536323_9-486809b730,2026-05-01T12:46:24.692Z,107.054,0,36.58,210,0,0,,,,
powertraces-pt200array_pt220_r4_7536323_9-486809b730,2026-05-01T12:46:24.692Z,107.054,1,38.17,210,0,0,,,,
powertraces-pt200array_pt220_r4_7536323_9-486809b730,2026-05-01T12:46:24.692Z,107.054,2,36.92,210,0,0,,,,
powertraces-pt200array_pt220_r4_7536323_9-486809b730,2026-05-01T12:46:24.692Z,107.054,3,39.79,210,0,0,,,,
powertraces-pt200array_pt220_r4_7536323_9-486809b730,2026-05-01T12:46:24.792Z,107.154,0,36.58,210,0,0,,,,
powertraces-pt200array_pt220_r4_7536323_9-486809b730,2026-05-01T12:46:24.792Z,107.154,1,38.17,210,0,0,,,,
powertraces-pt200array_pt220_r4_7536323_9-486809b730,2026-05-01T12:46:24.792Z,107.154,2,36.92,210,0,0,,,,
powertraces-pt200array_pt220_r4_7536323_9-486809b730,2026-05-01T12:46:24.792Z,107.154,3,39.79,210,0,0,,,,
powertraces-pt200array_pt220_r4_7536323_9-486809b730,2026-05-01T12:46:24.892Z,107.254,0,36.58,210,0,0,,,,
powertraces-pt200array_pt220_r4_7536323_9-486809b730,2026-05-01T12:46:24.892Z,107.254,1,38.17,210,0,0,,,,
powertraces-pt200array_pt220_r4_7536323_9-486809b730,2026-05-01T12:46:24.892Z,107.254,2,36.92,210,0,0,,,,
powertraces-pt200array_pt220_r4_7536323_9-486809b730,2026-05-01T12:46:24.892Z,107.254,3,39.79,210,0,0,,,,
powertraces-pt200array_pt220_r4_7536323_9-486809b730,2026-05-01T12:46:24.992Z,107.354,0,36.58,210,0,0,,,,
powertraces-pt200array_pt220_r4_7536323_9-486809b730,2026-05-01T12:46:24.993Z,107.355,1,38.17,210,0,0,,,,
powertraces-pt200array_pt220_r4_7536323_9-486809b730,2026-05-01T12:46:24.993Z,107.355,2,36.92,210,0,0,,,,
powertraces-pt200array_pt220_r4_7536323_9-486809b730,2026-05-01T12:46:24.993Z,107.355,3,39.79,210,0,0,,,,
powertraces-pt200array_pt220_r4_7536323_9-486809b730,2026-05-01T12:46:25.093Z,107.455,0,36.58,210,0,0,,,,
powertraces-pt200array_pt220_r4_7536323_9-486809b730,2026-05-01T12:46:25.093Z,107.455,1,38.17,210,0,0,,,,
powertraces-pt200array_pt220_r4_7536323_9-486809b730,2026-05-01T12:46:25.093Z,107.455,2,36.92,210,0,0,,,,
powertraces-pt200array_pt220_r4_7536323_9-486809b730,2026-05-01T12:46:25.093Z,107.455,3,39.79,210,0,0,,,,
powertraces-pt200array_pt220_r4_7536323_9-486809b730,2026-05-01T12:46:25.193Z,107.555,0,36.58,210,0,0,,,,
powertraces-pt200array_pt220_r4_7536323_9-486809b730,2026-05-01T12:46:25.193Z,107.555,1,38.17,210,0,0,,,,
powertraces-pt200array_pt220_r4_7536323_9-486809b730,2026-05-01T12:46:25.193Z,107.555,2,36.92,210,0,0,,,,
powertraces-pt200array_pt220_r4_7536323_9-486809b730,2026-05-01T12:46:25.193Z,107.555,3,39.79,210,0,0,,,,
powertraces-pt200array_pt220_r4_7536323_9-486809b730,2026-05-01T12:46:25.293Z,107.655,0,36.58,210,0,0,,,,
powertraces-pt200array_pt220_r4_7536323_9-486809b730,2026-05-01T12:46:25.293Z,107.655,1,38.17,210,0,0,,,,
powertraces-pt200array_pt220_r4_7536323_9-486809b730,2026-05-01T12:46:25.293Z,107.655,2,36.92,210,0,0,,,,
powertraces-pt200array_pt220_r4_7536323_9-486809b730,2026-05-01T12:46:25.293Z,107.655,3,39.79,210,0,0,,,,
powertraces-pt200array_pt220_r4_7536323_9-486809b730,2026-05-01T12:46:25.393Z,107.755,0,36.58,210,0,0,,,,
powertraces-pt200array_pt220_r4_7536323_9-486809b730,2026-05-01T12:46:25.393Z,107.755,1,38.17,210,0,0,,,,
powertraces-pt200array_pt220_r4_7536323_9-486809b730,2026-05-01T12:46:25.393Z,107.755,2,36.92,210,0,0,,,,
powertraces-pt200array_pt220_r4_7536323_9-486809b730,2026-05-01T12:46:25.393Z,107.755,3,39.79,210,0,0,,,,
powertraces-pt200array_pt220_r4_7536323_9-486809b730,2026-05-01T12:46:25.493Z,107.855,0,36.58,210,0,0,,,,
powertraces-pt200array_pt220_r4_7536323_9-486809b730,2026-05-01T12:46:25.493Z,107.855,1,38.17,210,0,0,,,,
powertraces-pt200array_pt220_r4_7536323_9-486809b730,2026-05-01T12:46:25.493Z,107.855,2,36.92,210,0,0,,,,
powertraces-pt200array_pt220_r4_7536323_9-486809b730,2026-05-01T12:46:25.493Z,107.855,3,39.79,210,0,0,,,,
powertraces-pt200array_pt220_r4_7536323_9-486809b730,2026-05-01T12:46:25.593Z,107.955,0,36.58,210,0,0,,,,
powertraces-pt200array_pt220_r4_7536323_9-486809b730,2026-05-01T12:46:25.593Z,107.955,1,38.17,210,0,0,,,,
powertraces-pt200array_pt220_r4_7536323_9-486809b730,2026-05-01T12:46:25.593Z,107.955,2,36.92,210,0,0,,,,
powertraces-pt200array_pt220_r4_7536323_9-486809b730,2026-05-01T12:46:25.593Z,107.955,3,39.79,210,0,0,,,,
powertraces-pt200array_pt220_r4_7536323_9-486809b730,2026-05-01T12:46:25.693Z,108.055,0,36.58,210,0,0,,,,
powertraces-pt200array_pt220_r4_7536323_9-486809b730,2026-05-01T12:46:25.693Z,108.055,1,38.17,210,0,0,,,,
powertraces-pt200array_pt220_r4_7536323_9-486809b730,2026-05-01T12:46:25.693Z,108.055,2,36.92,210,0,0,,,,
powertraces-pt200array_pt220_r4_7536323_9-486809b730,2026-05-01T12:46:25.694Z,108.056,3,39.79,210,0,0,,,,
powertraces-pt200array_pt220_r4_7536323_9-486809b730,2026-05-01T12:46:25.794Z,108.156,0,36.58,210,0,0,,,,
powertraces-pt200array_pt220_r4_7536323_9-486809b730,2026-05-01T12:46:25.794Z,108.156,1,38.17,210,0,0,,,,
powertraces-pt200array_pt220_r4_7536323_9-486809b730,2026-05-01T12:46:25.794Z,108.156,2,36.92,210,0,0,,,,
powertraces-pt200array_pt220_r4_7536323_9-486809b730,2026-05-01T12:46:25.794Z,108.156,3,39.79,210,0,0,,,,
powertraces-pt200array_pt220_r4_7536323_9-486809b730,2026-05-01T12:46:25.894Z,108.256,0,36.58,210,0,0,,,,
powertraces-pt200array_pt220_r4_7536323_9-486809b730,2026-05-01T12:46:25.894Z,108.256,1,38.17,210,0,0,,,,
powertraces-pt200array_pt220_r4_7536323_9-486809b730,2026-05-01T12:46:25.894Z,108.256,2,36.92,210,0,0,,,,
powertraces-pt200array_pt220_r4_7536323_9-486809b730,2026-05-01T12:46:25.894Z,108.256,3,39.79,210,0,0,,,,
powertraces-pt200array_pt220_r4_7536323_9-486809b730,2026-05-01T12:46:25.994Z,108.356,0,36.58,210,0,0,,,,
powertraces-pt200array_pt220_r4_7536323_9-486809b730,2026-05-01T12:46:25.994Z,108.356,1,38.17,210,0,0,,,,
powertraces-pt200array_pt220_r4_7536323_9-486809b730,2026-05-01T12:46:25.994Z,108.356,2,36.92,210,0,0,,,,
powertraces-pt200array_pt220_r4_7536323_9-486809b730,2026-05-01T12:46:25.994Z,108.356,3,39.79,210,0,0,,,,
powertraces-pt200array_pt220_r4_7536323_9-486809b730,2026-05-01T12:46:26.094Z,108.456,0,36.58,210,0,0,,,,
powertraces-pt200array_pt220_r4_7536323_9-486809b730,2026-05-01T12:46:26.094Z,108.456,1,38.17,210,0,0,,,,
powertraces-pt200array_pt220_r4_7536323_9-486809b730,2026-05-01T12:46:26.094Z,108.456,2,36.92,210,0,0,,,,
powertraces-pt200array_pt220_r4_7536323_9-486809b730,2026-05-01T12:46:26.094Z,108.456,3,39.79,210,0,0,,,,
powertraces-pt200array_pt220_r4_7536323_9-486809b730,2026-05-01T12:46:26.194Z,108.556,0,36.58,210,0,0,,,,
powertraces-pt200array_pt220_r4_7536323_9-486809b730,2026-05-01T12:46:26.194Z,108.556,1,38.17,210,0,0,,,,
powertraces-pt200array_pt220_r4_7536323_9-486809b730,2026-05-01T12:46:26.194Z,108.556,2,36.92,210,0,0,,,,
powertraces-pt200array_pt220_r4_7536323_9-486809b730,2026-05-01T12:46:26.194Z,108.556,3,39.79,210,0,0,,,,
powertraces-pt200array_pt220_r4_7536323_9-486809b730,2026-05-01T12:46:26.294Z,108.656,0,36.58,210,0,0,,,,
powertraces-pt200array_pt220_r4_7536323_9-486809b730,2026-05-01T12:46:26.294Z,108.656,1,38.16,210,0,0,,,,
powertraces-pt200array_pt220_r4_7536323_9-486809b730,2026-05-01T12:46:26.294Z,108.656,2,36.92,210,0,0,,,,
powertraces-pt200array_pt220_r4_7536323_9-486809b730,2026-05-01T12:46:26.294Z,108.656,3,39.79,210,0,0,,,,
powertraces-pt200array_pt220_r4_7536323_9-486809b730,2026-05-01T12:46:26.394Z,108.756,0,36.58,210,0,0,,,,
powertraces-pt200array_pt220_r4_7536323_9-486809b730,2026-05-01T12:46:26.394Z,108.756,1,38.16,210,0,0,,,,
powertraces-pt200array_pt220_r4_7536323_9-486809b730,2026-05-01T12:46:26.394Z,108.756,2,36.92,210,0,0,,,,
powertraces-pt200array_pt220_r4_7536323_9-486809b730,2026-05-01T12:46:26.394Z,108.756,3,39.79,210,0,0,,,,
powertraces-pt200array_pt220_r4_7536323_9-486809b730,2026-05-01T12:46:26.495Z,108.857,0,36.58,210,0,0,,,,
powertraces-pt200array_pt220_r4_7536323_9-486809b730,2026-05-01T12:46:26.495Z,108.857,1,38.16,210,0,0,,,,
powertraces-pt200array_pt220_r4_7536323_9-486809b730,2026-05-01T12:46:26.495Z,108.857,2,36.92,210,0,0,,,,
powertraces-pt200array_pt220_r4_7536323_9-486809b730,2026-05-01T12:46:26.495Z,108.857,3,39.79,210,0,0,,,,
powertraces-pt200array_pt220_r4_7536323_9-486809b730,2026-05-01T12:46:26.595Z,108.957,0,36.58,210,0,0,,,,
powertraces-pt200array_pt220_r4_7536323_9-486809b730,2026-05-01T12:46:26.595Z,108.957,1,38.16,210,0,0,,,,
powertraces-pt200array_pt220_r4_7536323_9-486809b730,2026-05-01T12:46:26.595Z,108.957,2,36.92,210,0,0,,,,
powertraces-pt200array_pt220_r4_7536323_9-486809b730,2026-05-01T12:46:26.595Z,108.957,3,39.79,210,0,0,,,,
powertraces-pt200array_pt220_r4_7536323_9-486809b730,2026-05-01T12:46:26.695Z,109.057,0,36.58,210,0,0,,,,
powertraces-pt200array_pt220_r4_7536323_9-486809b730,2026-05-01T12:46:26.695Z,109.057,1,38.16,210,0,0,,,,
powertraces-pt200array_pt220_r4_7536323_9-486809b730,2026-05-01T12:46:26.695Z,109.057,2,36.92,210,0,0,,,,
powertraces-pt200array_pt220_r4_7536323_9-486809b730,2026-05-01T12:46:26.695Z,109.057,3,39.79,210,0,0,,,,
powertraces-pt200array_pt220_r4_7536323_9-486809b730,2026-05-01T12:46:26.795Z,109.157,0,36.58,210,0,0,,,,
powertraces-pt200array_pt220_r4_7536323_9-486809b730,2026-05-01T12:46:26.795Z,109.157,1,38.16,210,0,0,,,,
powertraces-pt200array_pt220_r4_7536323_9-486809b730,2026-05-01T12:46:26.795Z,109.157,2,36.92,210,0,0,,,,
powertraces-pt200array_pt220_r4_7536323_9-486809b730,2026-05-01T12:46:26.795Z,109.157,3,39.79,210,0,0,,,,
powertraces-pt200array_pt220_r4_7536323_9-486809b730,2026-05-01T12:46:26.895Z,109.257,0,36.58,210,0,0,,,,
powertraces-pt200array_pt220_r4_7536323_9-486809b730,2026-05-01T12:46:26.895Z,109.257,1,38.16,210,0,0,,,,
powertraces-pt200array_pt220_r4_7536323_9-486809b730,2026-05-01T12:46:26.895Z,109.257,2,36.92,210,0,0,,,,
powertraces-pt200array_pt220_r4_7536323_9-486809b730,2026-05-01T12:46:26.895Z,109.257,3,39.79,210,0,0,,,,
powertraces-pt200array_pt220_r4_7536323_9-486809b730,2026-05-01T12:46:26.995Z,109.357,0,36.58,210,0,0,,,,
powertraces-pt200array_pt220_r4_7536323_9-486809b730,2026-05-01T12:46:26.995Z,109.357,1,38.16,210,0,0,,,,
powertraces-pt200array_pt220_r4_7536323_9-486809b730,2026-05-01T12:46:26.995Z,109.357,2,36.92,210,0,0,,,,
powertraces-pt200array_pt220_r4_7536323_9-486809b730,2026-05-01T12:46:26.995Z,109.357,3,39.79,210,0,0,,,,
powertraces-pt200array_pt220_r4_7536323_9-486809b730,2026-05-01T12:46:27.095Z,109.457,0,36.58,210,0,0,,,,
powertraces-pt200array_pt220_r4_7536323_9-486809b730,2026-05-01T12:46:27.095Z,109.457,1,38.16,210,0,0,,,,
powertraces-pt200array_pt220_r4_7536323_9-486809b730,2026-05-01T12:46:27.095Z,109.457,2,36.92,210,0,0,,,,
powertraces-pt200array_pt220_r4_7536323_9-486809b730,2026-05-01T12:46:27.095Z,109.457,3,39.79,210,0,0,,,,
powertraces-pt200array_pt220_r4_7536323_9-486809b730,2026-05-01T12:46:27.196Z,109.558,0,36.58,210,0,0,,,,
powertraces-pt200array_pt220_r4_7536323_9-486809b730,2026-05-01T12:46:27.196Z,109.558,1,38.16,210,0,0,,,,
powertraces-pt200array_pt220_r4_7536323_9-486809b730,2026-05-01T12:46:27.196Z,109.558,2,36.92,210,0,0,,,,
powertraces-pt200array_pt220_r4_7536323_9-486809b730,2026-05-01T12:46:27.196Z,109.558,3,39.79,210,0,0,,,,
powertraces-pt200array_pt220_r4_7536323_9-486809b730,2026-05-01T12:46:27.296Z,109.658,0,36.58,210,0,0,,,,
powertraces-pt200array_pt220_r4_7536323_9-486809b730,2026-05-01T12:46:27.296Z,109.658,1,38.16,210,0,0,,,,
powertraces-pt200array_pt220_r4_7536323_9-486809b730,2026-05-01T12:46:27.296Z,109.658,2,36.92,210,0,0,,,,
powertraces-pt200array_pt220_r4_7536323_9-486809b730,2026-05-01T12:46:27.296Z,109.658,3,39.79,210,0,0,,,,
powertraces-pt200array_pt220_r4_7536323_9-486809b730,2026-05-01T12:46:27.396Z,109.758,0,36.58,210,0,0,,,,
powertraces-pt200array_pt220_r4_7536323_9-486809b730,2026-05-01T12:46:27.396Z,109.758,1,38.16,210,0,0,,,,
powertraces-pt200array_pt220_r4_7536323_9-486809b730,2026-05-01T12:46:27.396Z,109.758,2,36.92,210,0,0,,,,
powertraces-pt200array_pt220_r4_7536323_9-486809b730,2026-05-01T12:46:27.396Z,109.758,3,39.79,210,0,0,,,,
powertraces-pt200array_pt220_r4_7536323_9-486809b730,2026-05-01T12:46:27.496Z,109.858,0,36.58,210,0,0,,,,
powertraces-pt200array_pt220_r4_7536323_9-486809b730,2026-05-01T12:46:27.496Z,109.858,1,38.16,210,0,0,,,,
powertraces-pt200array_pt220_r4_7536323_9-486809b730,2026-05-01T12:46:27.496Z,109.858,2,36.92,210,0,0,,,,
powertraces-pt200array_pt220_r4_7536323_9-486809b730,2026-05-01T12:46:27.496Z,109.858,3,39.79,210,0,0,,,,
powertraces-pt200array_pt220_r4_7536323_9-486809b730,2026-05-01T12:46:27.596Z,109.958,0,36.58,210,0,0,,,,
powertraces-pt200array_pt220_r4_7536323_9-486809b730,2026-05-01T12:46:27.596Z,109.958,1,38.16,210,0,0,,,,
powertraces-pt200array_pt220_r4_7536323_9-486809b730,2026-05-01T12:46:27.596Z,109.958,2,36.92,210,0,0,,,,
powertraces-pt200array_pt220_r4_7536323_9-486809b730,2026-05-01T12:46:27.596Z,109.958,3,39.79,210,0,0,,,,
powertraces-pt200array_pt220_r4_7536323_9-486809b730,2026-05-01T12:46:27.696Z,110.058,0,36.58,210,0,0,,,,
powertraces-pt200array_pt220_r4_7536323_9-486809b730,2026-05-01T12:46:27.696Z,110.058,1,38.16,210,0,0,,,,
powertraces-pt200array_pt220_r4_7536323_9-486809b730,2026-05-01T12:46:27.696Z,110.058,2,36.92,210,0,0,,,,
powertraces-pt200array_pt220_r4_7536323_9-486809b730,2026-05-01T12:46:27.696Z,110.058,3,39.79,210,0,0,,,,
powertraces-pt200array_pt220_r4_7536323_9-486809b730,2026-05-01T12:46:27.796Z,110.158,0,36.58,210,0,0,,,,
powertraces-pt200array_pt220_r4_7536323_9-486809b730,2026-05-01T12:46:27.796Z,110.158,1,38.16,210,0,0,,,,
powertraces-pt200array_pt220_r4_7536323_9-486809b730,2026-05-01T12:46:27.796Z,110.158,2,36.92,210,0,0,,,,
powertraces-pt200array_pt220_r4_7536323_9-486809b730,2026-05-01T12:46:27.796Z,110.158,3,39.79,210,0,0,,,,
powertraces-pt200array_pt220_r4_7536323_9-486809b730,2026-05-01T12:46:27.897Z,110.259,0,36.58,210,0,0,,,,
powertraces-pt200array_pt220_r4_7536323_9-486809b730,2026-05-01T12:46:27.897Z,110.259,1,38.16,210,0,0,,,,
powertraces-pt200array_pt220_r4_7536323_9-486809b730,2026-05-01T12:46:27.897Z,110.259,2,36.92,210,0,0,,,,
powertraces-pt200array_pt220_r4_7536323_9-486809b730,2026-05-01T12:46:27.897Z,110.259,3,39.79,210,0,0,,,,
powertraces-pt200array_pt220_r4_7536323_9-486809b730,2026-05-01T12:46:27.997Z,110.359,0,36.58,210,0,0,,,,
powertraces-pt200array_pt220_r4_7536323_9-486809b730,2026-05-01T12:46:27.997Z,110.359,1,38.16,210,0,0,,,,
powertraces-pt200array_pt220_r4_7536323_9-486809b730,2026-05-01T12:46:27.997Z,110.359,2,36.92,210,0,0,,,,
powertraces-pt200array_pt220_r4_7536323_9-486809b730,2026-05-01T12:46:27.997Z,110.359,3,39.79,210,0,0,,,,
powertraces-pt200array_pt220_r4_7536323_9-486809b730,2026-05-01T12:46:28.097Z,110.459,0,36.58,210,0,0,,,,
powertraces-pt200array_pt220_r4_7536323_9-486809b730,2026-05-01T12:46:28.097Z,110.459,1,38.16,210,0,0,,,,
powertraces-pt200array_pt220_r4_7536323_9-486809b730,2026-05-01T12:46:28.097Z,110.459,2,36.92,210,0,0,,,,
powertraces-pt200array_pt220_r4_7536323_9-486809b730,2026-05-01T12:46:28.097Z,110.459,3,39.79,210,0,0,,,,
powertraces-pt200array_pt220_r4_7536323_9-486809b730,2026-05-01T12:46:28.197Z,110.559,0,36.58,210,0,0,,,,
powertraces-pt200array_pt220_r4_7536323_9-486809b730,2026-05-01T12:46:28.197Z,110.559,1,38.16,210,0,0,,,,
powertraces-pt200array_pt220_r4_7536323_9-486809b730,2026-05-01T12:46:28.197Z,110.559,2,36.92,210,0,0,,,,
powertraces-pt200array_pt220_r4_7536323_9-486809b730,2026-05-01T12:46:28.197Z,110.559,3,39.79,210,0,0,,,,
powertraces-pt200array_pt220_r4_7536323_9-486809b730,2026-05-01T12:46:28.297Z,110.659,0,36.58,210,0,0,,,,
powertraces-pt200array_pt220_r4_7536323_9-486809b730,2026-05-01T12:46:28.297Z,110.659,1,38.28,210,0,0,,,,
powertraces-pt200array_pt220_r4_7536323_9-486809b730,2026-05-01T12:46:28.297Z,110.659,2,36.92,210,0,0,,,,
powertraces-pt200array_pt220_r4_7536323_9-486809b730,2026-05-01T12:46:28.297Z,110.659,3,39.79,210,0,0,,,,
powertraces-pt200array_pt220_r4_7536323_9-486809b730,2026-05-01T12:46:28.397Z,110.759,0,36.58,210,0,0,,,,
powertraces-pt200array_pt220_r4_7536323_9-486809b730,2026-05-01T12:46:28.397Z,110.759,1,38.37,210,0,0,,,,
powertraces-pt200array_pt220_r4_7536323_9-486809b730,2026-05-01T12:46:28.397Z,110.759,2,37.1,210,0,0,,,,
powertraces-pt200array_pt220_r4_7536323_9-486809b730,2026-05-01T12:46:28.397Z,110.759,3,39.79,210,0,0,,,,
powertraces-pt200array_pt220_r4_7536323_9-486809b730,2026-05-01T12:46:28.497Z,110.859,0,36.58,210,0,0,,,,
powertraces-pt200array_pt220_r4_7536323_9-486809b730,2026-05-01T12:46:28.497Z,110.859,1,38.35,210,0,0,,,,
powertraces-pt200array_pt220_r4_7536323_9-486809b730,2026-05-01T12:46:28.497Z,110.859,2,37.08,210,0,0,,,,
powertraces-pt200array_pt220_r4_7536323_9-486809b730,2026-05-01T12:46:28.497Z,110.859,3,39.79,210,0,0,,,,
powertraces-pt200array_pt220_r4_7536323_9-486809b730,2026-05-01T12:46:28.598Z,110.96,0,36.58,210,0,0,,,,
powertraces-pt200array_pt220_r4_7536323_9-486809b730,2026-05-01T12:46:28.598Z,110.96,1,38.34,210,0,0,,,,
powertraces-pt200array_pt220_r4_7536323_9-486809b730,2026-05-01T12:46:28.598Z,110.96,2,37.08,210,0,0,,,,
powertraces-pt200array_pt220_r4_7536323_9-486809b730,2026-05-01T12:46:28.598Z,110.96,3,39.78,210,0,0,,,,
powertraces-pt200array_pt220_r4_7536323_9-486809b730,2026-05-01T12:46:28.698Z,111.06,0,36.58,210,0,0,,,,
powertraces-pt200array_pt220_r4_7536323_9-486809b730,2026-05-01T12:46:28.698Z,111.06,1,38.33,210,0,0,,,,
powertraces-pt200array_pt220_r4_7536323_9-486809b730,2026-05-01T12:46:28.698Z,111.06,2,37.07,210,0,0,,,,
powertraces-pt200array_pt220_r4_7536323_9-486809b730,2026-05-01T12:46:28.698Z,111.06,3,39.78,210,0,0,,,,
powertraces-pt200array_pt220_r4_7536323_9-486809b730,2026-05-01T12:46:28.798Z,111.16,0,36.58,210,0,0,,,,
powertraces-pt200array_pt220_r4_7536323_9-486809b730,2026-05-01T12:46:28.798Z,111.16,1,38.31,210,0,0,,,,
powertraces-pt200array_pt220_r4_7536323_9-486809b730,2026-05-01T12:46:28.798Z,111.16,2,37.06,210,0,0,,,,
powertraces-pt200array_pt220_r4_7536323_9-486809b730,2026-05-01T12:46:28.798Z,111.16,3,39.78,210,0,0,,,,
powertraces-pt200array_pt220_r4_7536323_9-486809b730,2026-05-01T12:46:28.898Z,111.26,0,36.58,210,0,0,,,,
powertraces-pt200array_pt220_r4_7536323_9-486809b730,2026-05-01T12:46:28.898Z,111.26,1,38.3,210,0,0,,,,
powertraces-pt200array_pt220_r4_7536323_9-486809b730,2026-05-01T12:46:28.898Z,111.26,2,37.18,210,0,0,,,,
powertraces-pt200array_pt220_r4_7536323_9-486809b730,2026-05-01T12:46:28.898Z,111.26,3,39.75,210,0,0,,,,
powertraces-pt200array_pt220_r4_7536323_9-486809b730,2026-05-01T12:46:28.998Z,111.36,0,36.58,210,0,0,,,,
powertraces-pt200array_pt220_r4_7536323_9-486809b730,2026-05-01T12:46:28.998Z,111.36,1,38.3,210,0,0,,,,
powertraces-pt200array_pt220_r4_7536323_9-486809b730,2026-05-01T12:46:28.998Z,111.36,2,37.15,210,0,0,,,,
powertraces-pt200array_pt220_r4_7536323_9-486809b730,2026-05-01T12:46:28.998Z,111.36,3,39.75,210,0,0,,,,
powertraces-pt200array_pt220_r4_7536323_9-486809b730,2026-05-01T12:46:29.098Z,111.46,0,36.58,210,0,0,,,,
powertraces-pt200array_pt220_r4_7536323_9-486809b730,2026-05-01T12:46:29.098Z,111.46,1,38.29,210,0,0,,,,
powertraces-pt200array_pt220_r4_7536323_9-486809b730,2026-05-01T12:46:29.098Z,111.46,2,37.14,210,0,0,,,,
powertraces-pt200array_pt220_r4_7536323_9-486809b730,2026-05-01T12:46:29.098Z,111.46,3,39.74,210,0,0,,,,
powertraces-pt200array_pt220_r4_7536323_9-486809b730,2026-05-01T12:46:29.198Z,111.56,0,36.58,210,0,0,,,,
powertraces-pt200array_pt220_r4_7536323_9-486809b730,2026-05-01T12:46:29.199Z,111.561,1,38.28,210,0,0,,,,
powertraces-pt200array_pt220_r4_7536323_9-486809b730,2026-05-01T12:46:29.199Z,111.561,2,37.12,210,0,0,,,,
powertraces-pt200array_pt220_r4_7536323_9-486809b730,2026-05-01T12:46:29.199Z,111.561,3,39.72,210,0,0,,,,
powertraces-pt200array_pt220_r4_7536323_9-486809b730,2026-05-01T12:46:29.299Z,111.661,0,36.58,210,0,0,,,,
powertraces-pt200array_pt220_r4_7536323_9-486809b730,2026-05-01T12:46:29.299Z,111.661,1,38.28,210,0,0,,,,
powertraces-pt200array_pt220_r4_7536323_9-486809b730,2026-05-01T12:46:29.299Z,111.661,2,37.11,210,0,0,,,,
powertraces-pt200array_pt220_r4_7536323_9-486809b730,2026-05-01T12:46:29.299Z,111.661,3,39.71,210,0,0,,,,
powertraces-pt200array_pt220_r4_7536323_9-486809b730,2026-05-01T12:46:29.399Z,111.761,0,36.58,210,0,0,,,,
powertraces-pt200array_pt220_r4_7536323_9-486809b730,2026-05-01T12:46:29.399Z,111.761,1,38.28,210,0,0,,,,
powertraces-pt200array_pt220_r4_7536323_9-486809b730,2026-05-01T12:46:29.399Z,111.761,2,37.11,210,0,0,,,,
powertraces-pt200array_pt220_r4_7536323_9-486809b730,2026-05-01T12:46:29.399Z,111.761,3,39.7,210,0,0,,,,
powertraces-pt200array_pt220_r4_7536323_9-486809b730,2026-05-01T12:46:29.499Z,111.861,0,36.58,210,0,0,,,,
powertraces-pt200array_pt220_r4_7536323_9-486809b730,2026-05-01T12:46:29.499Z,111.861,1,38.28,210,0,0,,,,
powertraces-pt200array_pt220_r4_7536323_9-486809b730,2026-05-01T12:46:29.499Z,111.861,2,37.11,210,0,0,,,,
powertraces-pt200array_pt220_r4_7536323_9-486809b730,2026-05-01T12:46:29.499Z,111.861,3,39.7,210,0,0,,,,
powertraces-pt200array_pt220_r4_7536323_9-486809b730,2026-05-01T12:46:29.599Z,111.961,0,36.58,210,0,0,,,,
powertraces-pt200array_pt220_r4_7536323_9-486809b730,2026-05-01T12:46:29.599Z,111.961,1,38.28,210,0,0,,,,
powertraces-pt200array_pt220_r4_7536323_9-486809b730,2026-05-01T12:46:29.599Z,111.961,2,37.11,210,0,0,,,,
powertraces-pt200array_pt220_r4_7536323_9-486809b730,2026-05-01T12:46:29.599Z,111.961,3,39.7,210,0,0,,,,
powertraces-pt200array_pt220_r4_7536323_9-486809b730,2026-05-01T12:46:29.699Z,112.061,0,36.58,210,0,0,,,,
powertraces-pt200array_pt220_r4_7536323_9-486809b730,2026-05-01T12:46:29.699Z,112.061,1,38.28,210,0,0,,,,
powertraces-pt200array_pt220_r4_7536323_9-486809b730,2026-05-01T12:46:29.699Z,112.061,2,37.11,210,0,0,,,,
powertraces-pt200array_pt220_r4_7536323_9-486809b730,2026-05-01T12:46:29.699Z,112.061,3,39.7,210,0,0,,,,
powertraces-pt200array_pt220_r4_7536323_9-486809b730,2026-05-01T12:46:29.799Z,112.161,0,36.58,210,0,0,,,,
powertraces-pt200array_pt220_r4_7536323_9-486809b730,2026-05-01T12:46:29.799Z,112.161,1,38.28,210,0,0,,,,
powertraces-pt200array_pt220_r4_7536323_9-486809b730,2026-05-01T12:46:29.799Z,112.161,2,37.11,210,0,0,,,,
powertraces-pt200array_pt220_r4_7536323_9-486809b730,2026-05-01T12:46:29.799Z,112.161,3,39.7,210,0,0,,,,
powertraces-pt200array_pt220_r4_7536323_9-486809b730,2026-05-01T12:46:29.899Z,112.261,0,36.58,210,0,0,,,,
powertraces-pt200array_pt220_r4_7536323_9-486809b730,2026-05-01T12:46:29.899Z,112.261,1,38.28,210,0,0,,,,
powertraces-pt200array_pt220_r4_7536323_9-486809b730,2026-05-01T12:46:29.899Z,112.261,2,37.11,210,0,0,,,,
powertraces-pt200array_pt220_r4_7536323_9-486809b730,2026-05-01T12:46:29.899Z,112.261,3,39.7,210,0,0,,,,
powertraces-pt200array_pt220_r4_7536323_9-486809b730,2026-05-01T12:46:29.999Z,112.361,0,36.58,210,0,0,,,,
powertraces-pt200array_pt220_r4_7536323_9-486809b730,2026-05-01T12:46:30Z,112.362,1,38.28,210,0,0,,,,
powertraces-pt200array_pt220_r4_7536323_9-486809b730,2026-05-01T12:46:30Z,112.362,2,37.11,210,0,0,,,,
powertraces-pt200array_pt220_r4_7536323_9-486809b730,2026-05-01T12:46:30Z,112.362,3,39.7,210,0,0,,,,
powertraces-pt200array_pt220_r4_7536323_9-486809b730,2026-05-01T12:46:30.101Z,112.463,0,36.58,210,0,0,,,,
powertraces-pt200array_pt220_r4_7536323_9-486809b730,2026-05-01T12:46:30.101Z,112.463,1,38.28,210,0,0,,,,
powertraces-pt200array_pt220_r4_7536323_9-486809b730,2026-05-01T12:46:30.101Z,112.463,2,37.11,210,0,0,,,,
powertraces-pt200array_pt220_r4_7536323_9-486809b730,2026-05-01T12:46:30.101Z,112.463,3,39.7,210,0,0,,,,
powertraces-pt200array_pt220_r4_7536323_9-486809b730,2026-05-01T12:46:30.201Z,112.563,0,36.58,210,0,0,,,,
powertraces-pt200array_pt220_r4_7536323_9-486809b730,2026-05-01T12:46:30.201Z,112.563,1,38.17,210,0,0,,,,
powertraces-pt200array_pt220_r4_7536323_9-486809b730,2026-05-01T12:46:30.201Z,112.563,2,37.11,210,0,0,,,,
powertraces-pt200array_pt220_r4_7536323_9-486809b730,2026-05-01T12:46:30.201Z,112.563,3,39.7,210,0,0,,,,
powertraces-pt200array_pt220_r4_7536323_9-486809b730,2026-05-01T12:46:30.301Z,112.663,0,36.58,210,0,0,,,,
powertraces-pt200array_pt220_r4_7536323_9-486809b730,2026-05-01T12:46:30.301Z,112.663,1,38.17,210,0,0,,,,
powertraces-pt200array_pt220_r4_7536323_9-486809b730,2026-05-01T12:46:30.301Z,112.663,2,36.92,210,0,0,,,,
powertraces-pt200array_pt220_r4_7536323_9-486809b730,2026-05-01T12:46:30.301Z,112.663,3,39.7,210,0,0,,,,
powertraces-pt200array_pt220_r4_7536323_9-486809b730,2026-05-01T12:46:30.401Z,112.763,0,36.58,210,0,0,,,,
powertraces-pt200array_pt220_r4_7536323_9-486809b730,2026-05-01T12:46:30.401Z,112.763,1,38.17,210,0,0,,,,
powertraces-pt200array_pt220_r4_7536323_9-486809b730,2026-05-01T12:46:30.401Z,112.763,2,36.92,210,0,0,,,,
powertraces-pt200array_pt220_r4_7536323_9-486809b730,2026-05-01T12:46:30.401Z,112.763,3,39.55,210,0,0,,,,
powertraces-pt200array_pt220_r4_7536323_9-486809b730,2026-05-01T12:46:30.501Z,112.863,0,36.58,210,0,0,,,,
powertraces-pt200array_pt220_r4_7536323_9-486809b730,2026-05-01T12:46:30.501Z,112.863,1,38.17,210,0,0,,,,
powertraces-pt200array_pt220_r4_7536323_9-486809b730,2026-05-01T12:46:30.501Z,112.863,2,36.92,210,0,0,,,,
powertraces-pt200array_pt220_r4_7536323_9-486809b730,2026-05-01T12:46:30.501Z,112.863,3,39.55,210,0,0,,,,
powertraces-pt200array_pt220_r4_7536323_9-486809b730,2026-05-01T12:46:30.601Z,112.963,0,36.58,210,0,0,,,,
powertraces-pt200array_pt220_r4_7536323_9-486809b730,2026-05-01T12:46:30.601Z,112.963,1,38.17,210,0,0,,,,
powertraces-pt200array_pt220_r4_7536323_9-486809b730,2026-05-01T12:46:30.601Z,112.963,2,36.92,210,0,0,,,,
powertraces-pt200array_pt220_r4_7536323_9-486809b730,2026-05-01T12:46:30.601Z,112.963,3,39.55,210,0,0,,,,
powertraces-pt200array_pt220_r4_7536323_9-486809b730,2026-05-01T12:46:30.701Z,113.063,0,36.58,210,0,0,,,,
powertraces-pt200array_pt220_r4_7536323_9-486809b730,2026-05-01T12:46:30.701Z,113.063,1,38.17,210,0,0,,,,
powertraces-pt200array_pt220_r4_7536323_9-486809b730,2026-05-01T12:46:30.701Z,113.063,2,36.92,210,0,0,,,,
powertraces-pt200array_pt220_r4_7536323_9-486809b730,2026-05-01T12:46:30.701Z,113.063,3,39.55,210,0,0,,,,
powertraces-pt200array_pt220_r4_7536323_9-486809b730,2026-05-01T12:46:30.801Z,113.163,0,36.58,210,0,0,,,,
powertraces-pt200array_pt220_r4_7536323_9-486809b730,2026-05-01T12:46:30.802Z,113.164,1,38.17,210,0,0,,,,
powertraces-pt200array_pt220_r4_7536323_9-486809b730,2026-05-01T12:46:30.802Z,113.164,2,36.92,210,0,0,,,,
powertraces-pt200array_pt220_r4_7536323_9-486809b730,2026-05-01T12:46:30.802Z,113.164,3,39.55,210,0,0,,,,
powertraces-pt200array_pt220_r4_7536323_9-486809b730,2026-05-01T12:46:30.902Z,113.264,0,36.58,210,0,0,,,,
powertraces-pt200array_pt220_r4_7536323_9-486809b730,2026-05-01T12:46:30.902Z,113.264,1,38.17,210,0,0,,,,
powertraces-pt200array_pt220_r4_7536323_9-486809b730,2026-05-01T12:46:30.902Z,113.264,2,36.92,210,0,0,,,,
powertraces-pt200array_pt220_r4_7536323_9-486809b730,2026-05-01T12:46:30.902Z,113.264,3,39.55,210,0,0,,,,
powertraces-pt200array_pt220_r4_7536323_9-486809b730,2026-05-01T12:46:31.002Z,113.364,0,36.58,210,0,0,,,,
powertraces-pt200array_pt220_r4_7536323_9-486809b730,2026-05-01T12:46:31.002Z,113.364,1,38.17,210,0,0,,,,
powertraces-pt200array_pt220_r4_7536323_9-486809b730,2026-05-01T12:46:31.002Z,113.364,2,36.92,210,0,0,,,,
powertraces-pt200array_pt220_r4_7536323_9-486809b730,2026-05-01T12:46:31.002Z,113.364,3,39.55,210,0,0,,,,
powertraces-pt200array_pt220_r4_7536323_9-486809b730,2026-05-01T12:46:31.102Z,113.464,0,36.58,210,0,0,,,,
powertraces-pt200array_pt220_r4_7536323_9-486809b730,2026-05-01T12:46:31.102Z,113.464,1,38.17,210,0,0,,,,
powertraces-pt200array_pt220_r4_7536323_9-486809b730,2026-05-01T12:46:31.102Z,113.464,2,36.92,210,0,0,,,,
powertraces-pt200array_pt220_r4_7536323_9-486809b730,2026-05-01T12:46:31.102Z,113.464,3,39.55,210,0,0,,,,
powertraces-pt200array_pt220_r4_7536323_9-486809b730,2026-05-01T12:46:31.202Z,113.564,0,36.58,210,0,0,,,,
powertraces-pt200array_pt220_r4_7536323_9-486809b730,2026-05-01T12:46:31.202Z,113.564,1,38.16,210,0,0,,,,
powertraces-pt200array_pt220_r4_7536323_9-486809b730,2026-05-01T12:46:31.202Z,113.564,2,36.92,210,0,0,,,,
powertraces-pt200array_pt220_r4_7536323_9-486809b730,2026-05-01T12:46:31.202Z,113.564,3,39.55,210,0,0,,,,
powertraces-pt200array_pt220_r4_7536323_9-486809b730,2026-05-01T12:46:31.302Z,113.664,0,36.58,210,0,0,,,,
powertraces-pt200array_pt220_r4_7536323_9-486809b730,2026-05-01T12:46:31.302Z,113.664,1,38.16,210,0,0,,,,
powertraces-pt200array_pt220_r4_7536323_9-486809b730,2026-05-01T12:46:31.302Z,113.664,2,36.92,210,0,0,,,,
powertraces-pt200array_pt220_r4_7536323_9-486809b730,2026-05-01T12:46:31.302Z,113.664,3,39.55,210,0,0,,,,
powertraces-pt200array_pt220_r4_7536323_9-486809b730,2026-05-01T12:46:31.402Z,113.764,0,36.58,210,0,0,,,,
powertraces-pt200array_pt220_r4_7536323_9-486809b730,2026-05-01T12:46:31.402Z,113.764,1,38.16,210,0,0,,,,
powertraces-pt200array_pt220_r4_7536323_9-486809b730,2026-05-01T12:46:31.402Z,113.764,2,36.92,210,0,0,,,,
powertraces-pt200array_pt220_r4_7536323_9-486809b730,2026-05-01T12:46:31.402Z,113.764,3,39.55,210,0,0,,,,
powertraces-pt200array_pt220_r4_7536323_9-486809b730,2026-05-01T12:46:31.502Z,113.864,0,36.58,210,0,0,,,,
powertraces-pt200array_pt220_r4_7536323_9-486809b730,2026-05-01T12:46:31.502Z,113.864,1,38.16,210,0,0,,,,
powertraces-pt200array_pt220_r4_7536323_9-486809b730,2026-05-01T12:46:31.502Z,113.864,2,36.92,210,0,0,,,,
powertraces-pt200array_pt220_r4_7536323_9-486809b730,2026-05-01T12:46:31.502Z,113.864,3,39.55,210,0,0,,,,
powertraces-pt200array_pt220_r4_7536323_9-486809b730,2026-05-01T12:46:31.603Z,113.965,0,48.31,2475,0,0,,,,
powertraces-pt200array_pt220_r4_7536323_9-486809b730,2026-05-01T12:46:31.603Z,113.965,1,38.14,2520,0,0,,,,
powertraces-pt200array_pt220_r4_7536323_9-486809b730,2026-05-01T12:46:31.603Z,113.965,2,36.91,210,0,0,,,,
powertraces-pt200array_pt220_r4_7536323_9-486809b730,2026-05-01T12:46:31.603Z,113.965,3,39.55,210,0,0,,,,
powertraces-pt200array_pt220_r4_7536323_9-486809b730,2026-05-01T12:46:31.703Z,114.065,0,50.42,2505,0,0,,,,
powertraces-pt200array_pt220_r4_7536323_9-486809b730,2026-05-01T12:46:31.703Z,114.065,1,42.88,2520,0,0,,,,
powertraces-pt200array_pt220_r4_7536323_9-486809b730,2026-05-01T12:46:31.703Z,114.065,2,36.91,210,0,0,,,,
powertraces-pt200array_pt220_r4_7536323_9-486809b730,2026-05-01T12:46:31.703Z,114.065,3,39.56,210,0,0,,,,
powertraces-pt200array_pt220_r4_7536323_9-486809b730,2026-05-01T12:46:31.803Z,114.165,0,54.34,2505,2,0,,,,
powertraces-pt200array_pt220_r4_7536323_9-486809b730,2026-05-01T12:46:31.803Z,114.165,1,47.1,2520,0,0,,,,
powertraces-pt200array_pt220_r4_7536323_9-486809b730,2026-05-01T12:46:31.803Z,114.165,2,39.68,2520,0,0,,,,
powertraces-pt200array_pt220_r4_7536323_9-486809b730,2026-05-01T12:46:31.803Z,114.165,3,39.57,210,0,0,,,,
powertraces-pt200array_pt220_r4_7536323_9-486809b730,2026-05-01T12:46:31.903Z,114.265,0,57.79,2505,2,0,,,,
powertraces-pt200array_pt220_r4_7536323_9-486809b730,2026-05-01T12:46:31.903Z,114.265,1,50.83,2520,0,0,,,,
powertraces-pt200array_pt220_r4_7536323_9-486809b730,2026-05-01T12:46:31.903Z,114.265,2,43.81,2520,0,0,,,,
powertraces-pt200array_pt220_r4_7536323_9-486809b730,2026-05-01T12:46:31.903Z,114.265,3,44.11,2520,0,0,,,,
powertraces-pt200array_pt220_r4_7536323_9-486809b730,2026-05-01T12:46:32.003Z,114.365,0,60.84,2520,0,0,,,,
powertraces-pt200array_pt220_r4_7536323_9-486809b730,2026-05-01T12:46:32.003Z,114.365,1,54.15,2520,0,0,,,,
powertraces-pt200array_pt220_r4_7536323_9-486809b730,2026-05-01T12:46:32.003Z,114.365,2,47.45,2520,0,0,,,,
powertraces-pt200array_pt220_r4_7536323_9-486809b730,2026-05-01T12:46:32.003Z,114.365,3,48.55,2520,3,0,,,,
powertraces-pt200array_pt220_r4_7536323_9-486809b730,2026-05-01T12:46:32.103Z,114.465,0,63.56,2520,0,0,,,,
powertraces-pt200array_pt220_r4_7536323_9-486809b730,2026-05-01T12:46:32.103Z,114.465,1,57.13,2520,0,0,,,,
powertraces-pt200array_pt220_r4_7536323_9-486809b730,2026-05-01T12:46:32.103Z,114.465,2,50.71,2520,0,0,,,,
powertraces-pt200array_pt220_r4_7536323_9-486809b730,2026-05-01T12:46:32.103Z,114.465,3,52.46,2520,3,0,,,,
powertraces-pt200array_pt220_r4_7536323_9-486809b730,2026-05-01T12:46:32.203Z,114.565,0,66.31,2520,10,1,,,,
powertraces-pt200array_pt220_r4_7536323_9-486809b730,2026-05-01T12:46:32.203Z,114.565,1,59.8,2520,0,0,,,,
powertraces-pt200array_pt220_r4_7536323_9-486809b730,2026-05-01T12:46:32.203Z,114.565,2,53.61,2520,0,0,,,,
powertraces-pt200array_pt220_r4_7536323_9-486809b730,2026-05-01T12:46:32.203Z,114.565,3,55.94,2520,0,0,,,,
powertraces-pt200array_pt220_r4_7536323_9-486809b730,2026-05-01T12:46:32.303Z,114.665,0,68.75,2520,10,1,,,,
powertraces-pt200array_pt220_r4_7536323_9-486809b730,2026-05-01T12:46:32.303Z,114.665,1,84.11,2520,0,0,,,,
powertraces-pt200array_pt220_r4_7536323_9-486809b730,2026-05-01T12:46:32.303Z,114.665,2,56.23,2520,0,0,,,,
powertraces-pt200array_pt220_r4_7536323_9-486809b730,2026-05-01T12:46:32.303Z,114.665,3,59.07,2520,0,0,,,,
powertraces-pt200array_pt220_r4_7536323_9-486809b730,2026-05-01T12:46:32.404Z,114.766,0,102.13,2520,10,1,,,,
powertraces-pt200array_pt220_r4_7536323_9-486809b730,2026-05-01T12:46:32.404Z,114.766,1,86.32,2520,0,0,,,,
powertraces-pt200array_pt220_r4_7536323_9-486809b730,2026-05-01T12:46:32.404Z,114.766,2,78.31,2520,0,0,,,,
powertraces-pt200array_pt220_r4_7536323_9-486809b730,2026-05-01T12:46:32.404Z,114.766,3,61.9,2520,0,0,,,,
powertraces-pt200array_pt220_r4_7536323_9-486809b730,2026-05-01T12:46:32.504Z,114.866,0,102.81,2520,10,1,,,,
powertraces-pt200array_pt220_r4_7536323_9-486809b730,2026-05-01T12:46:32.504Z,114.866,1,88.21,2520,0,0,,,,
powertraces-pt200array_pt220_r4_7536323_9-486809b730,2026-05-01T12:46:32.504Z,114.866,2,80.61,2520,0,0,,,,
powertraces-pt200array_pt220_r4_7536323_9-486809b730,2026-05-01T12:46:32.504Z,114.866,3,87.1,2520,0,0,,,,
powertraces-pt200array_pt220_r4_7536323_9-486809b730,2026-05-01T12:46:32.604Z,114.966,0,103.41,2520,4,0,,,,
powertraces-pt200array_pt220_r4_7536323_9-486809b730,2026-05-01T12:46:32.604Z,114.966,1,108.84,2520,0,0,,,,
powertraces-pt200array_pt220_r4_7536323_9-486809b730,2026-05-01T12:46:32.604Z,114.966,2,82.58,2520,0,0,,,,
powertraces-pt200array_pt220_r4_7536323_9-486809b730,2026-05-01T12:46:32.604Z,114.966,3,89.72,2520,5,0,,,,
powertraces-pt200array_pt220_r4_7536323_9-486809b730,2026-05-01T12:46:32.704Z,115.066,0,111.54,2520,4,0,,,,
powertraces-pt200array_pt220_r4_7536323_9-486809b730,2026-05-01T12:46:32.704Z,115.066,1,110.66,2520,0,0,,,,
powertraces-pt200array_pt220_r4_7536323_9-486809b730,2026-05-01T12:46:32.704Z,115.066,2,99.58,2520,0,0,,,,
powertraces-pt200array_pt220_r4_7536323_9-486809b730,2026-05-01T12:46:32.704Z,115.066,3,102.34,2520,5,0,,,,
powertraces-pt200array_pt220_r4_7536323_9-486809b730,2026-05-01T12:46:32.804Z,115.166,0,112.03,2520,14,1,,,,
powertraces-pt200array_pt220_r4_7536323_9-486809b730,2026-05-01T12:46:32.804Z,115.166,1,110.69,2520,0,0,,,,
powertraces-pt200array_pt220_r4_7536323_9-486809b730,2026-05-01T12:46:32.804Z,115.166,2,103.46,2520,0,0,,,,
powertraces-pt200array_pt220_r4_7536323_9-486809b730,2026-05-01T12:46:32.804Z,115.166,3,108.22,2520,0,0,,,,
powertraces-pt200array_pt220_r4_7536323_9-486809b730,2026-05-01T12:46:32.904Z,115.266,0,112.2,2520,14,1,,,,
powertraces-pt200array_pt220_r4_7536323_9-486809b730,2026-05-01T12:46:32.904Z,115.266,1,110.75,2520,0,0,,,,
powertraces-pt200array_pt220_r4_7536323_9-486809b730,2026-05-01T12:46:32.904Z,115.266,2,105.98,2520,0,0,,,,
powertraces-pt200array_pt220_r4_7536323_9-486809b730,2026-05-01T12:46:32.904Z,115.266,3,115.14,2520,0,0,,,,
powertraces-pt200array_pt220_r4_7536323_9-486809b730,2026-05-01T12:46:33.004Z,115.366,0,113.01,2520,16,2,,,,
powertraces-pt200array_pt220_r4_7536323_9-486809b730,2026-05-01T12:46:33.004Z,115.366,1,110.75,2520,0,0,,,,
powertraces-pt200array_pt220_r4_7536323_9-486809b730,2026-05-01T12:46:33.004Z,115.366,2,105.98,2520,0,0,,,,
powertraces-pt200array_pt220_r4_7536323_9-486809b730,2026-05-01T12:46:33.004Z,115.366,3,115.88,2520,0,0,,,,
powertraces-pt200array_pt220_r4_7536323_9-486809b730,2026-05-01T12:46:33.104Z,115.466,0,113.92,2520,16,2,,,,
powertraces-pt200array_pt220_r4_7536323_9-486809b730,2026-05-01T12:46:33.105Z,115.467,1,111.59,2520,0,0,,,,
powertraces-pt200array_pt220_r4_7536323_9-486809b730,2026-05-01T12:46:33.105Z,115.467,2,105.98,2520,0,0,,,,
powertraces-pt200array_pt220_r4_7536323_9-486809b730,2026-05-01T12:46:33.105Z,115.467,3,115.96,2520,0,0,,,,
powertraces-pt200array_pt220_r4_7536323_9-486809b730,2026-05-01T12:46:33.205Z,115.567,0,113.94,2520,4,1,,,,
powertraces-pt200array_pt220_r4_7536323_9-486809b730,2026-05-01T12:46:33.205Z,115.567,1,111.76,2520,3,0,,,,
powertraces-pt200array_pt220_r4_7536323_9-486809b730,2026-05-01T12:46:33.205Z,115.567,2,105.98,2520,0,0,,,,
powertraces-pt200array_pt220_r4_7536323_9-486809b730,2026-05-01T12:46:33.205Z,115.567,3,116.03,2520,0,0,,,,
powertraces-pt200array_pt220_r4_7536323_9-486809b730,2026-05-01T12:46:33.305Z,115.667,0,115.21,2520,4,1,,,,
powertraces-pt200array_pt220_r4_7536323_9-486809b730,2026-05-01T12:46:33.305Z,115.667,1,112.79,2520,3,0,,,,
powertraces-pt200array_pt220_r4_7536323_9-486809b730,2026-05-01T12:46:33.305Z,115.667,2,105.98,2520,0,0,,,,
powertraces-pt200array_pt220_r4_7536323_9-486809b730,2026-05-01T12:46:33.305Z,115.667,3,116.1,2520,0,0,,,,
powertraces-pt200array_pt220_r4_7536323_9-486809b730,2026-05-01T12:46:33.405Z,115.767,0,114.74,2520,0,0,,,,
powertraces-pt200array_pt220_r4_7536323_9-486809b730,2026-05-01T12:46:33.405Z,115.767,1,114.73,2520,13,2,,,,
powertraces-pt200array_pt220_r4_7536323_9-486809b730,2026-05-01T12:46:33.405Z,115.767,2,105.98,2520,0,0,,,,
powertraces-pt200array_pt220_r4_7536323_9-486809b730,2026-05-01T12:46:33.405Z,115.767,3,116.14,2520,0,0,,,,
powertraces-pt200array_pt220_r4_7536323_9-486809b730,2026-05-01T12:46:33.505Z,115.867,0,114.38,2520,0,0,,,,
powertraces-pt200array_pt220_r4_7536323_9-486809b730,2026-05-01T12:46:33.505Z,115.867,1,115.2,2520,13,2,,,,
powertraces-pt200array_pt220_r4_7536323_9-486809b730,2026-05-01T12:46:33.505Z,115.867,2,105.98,2520,0,0,,,,
powertraces-pt200array_pt220_r4_7536323_9-486809b730,2026-05-01T12:46:33.505Z,115.867,3,116.17,2520,0,0,,,,
powertraces-pt200array_pt220_r4_7536323_9-486809b730,2026-05-01T12:46:33.605Z,115.967,0,114.35,2520,0,0,,,,
powertraces-pt200array_pt220_r4_7536323_9-486809b730,2026-05-01T12:46:33.605Z,115.967,1,117.12,2520,14,2,,,,
powertraces-pt200array_pt220_r4_7536323_9-486809b730,2026-05-01T12:46:33.605Z,115.967,2,105.98,2520,0,0,,,,
powertraces-pt200array_pt220_r4_7536323_9-486809b730,2026-05-01T12:46:33.605Z,115.967,3,116.19,2520,0,0,,,,
powertraces-pt200array_pt220_r4_7536323_9-486809b730,2026-05-01T12:46:33.705Z,116.067,0,114.31,2520,0,0,,,,
powertraces-pt200array_pt220_r4_7536323_9-486809b730,2026-05-01T12:46:33.705Z,116.067,1,117.27,2520,14,2,,,,
powertraces-pt200array_pt220_r4_7536323_9-486809b730,2026-05-01T12:46:33.705Z,116.067,2,105.98,2520,0,0,,,,
powertraces-pt200array_pt220_r4_7536323_9-486809b730,2026-05-01T12:46:33.705Z,116.067,3,116.19,2520,0,0,,,,
powertraces-pt200array_pt220_r4_7536323_9-486809b730,2026-05-01T12:46:33.805Z,116.167,0,113.87,2520,0,0,,,,
powertraces-pt200array_pt220_r4_7536323_9-486809b730,2026-05-01T12:46:33.805Z,116.167,1,117.5,2520,11,2,,,,
powertraces-pt200array_pt220_r4_7536323_9-486809b730,2026-05-01T12:46:33.805Z,116.167,2,105.98,2520,0,0,,,,
powertraces-pt200array_pt220_r4_7536323_9-486809b730,2026-05-01T12:46:33.805Z,116.167,3,116.19,2520,0,0,,,,
powertraces-pt200array_pt220_r4_7536323_9-486809b730,2026-05-01T12:46:33.905Z,116.267,0,113.6,2520,0,0,,,,
powertraces-pt200array_pt220_r4_7536323_9-486809b730,2026-05-01T12:46:33.906Z,116.268,1,117.72,2520,11,2,,,,
powertraces-pt200array_pt220_r4_7536323_9-486809b730,2026-05-01T12:46:33.906Z,116.268,2,106.2,2520,0,0,,,,
powertraces-pt200array_pt220_r4_7536323_9-486809b730,2026-05-01T12:46:33.906Z,116.268,3,116.19,2520,0,0,,,,
powertraces-pt200array_pt220_r4_7536323_9-486809b730,2026-05-01T12:46:34.006Z,116.368,0,113.5,2520,0,0,,,,
powertraces-pt200array_pt220_r4_7536323_9-486809b730,2026-05-01T12:46:34.006Z,116.368,1,119.56,2520,19,3,,,,
powertraces-pt200array_pt220_r4_7536323_9-486809b730,2026-05-01T12:46:34.006Z,116.368,2,106.2,2520,0,0,,,,
powertraces-pt200array_pt220_r4_7536323_9-486809b730,2026-05-01T12:46:34.006Z,116.368,3,116.19,2520,0,0,,,,
powertraces-pt200array_pt220_r4_7536323_9-486809b730,2026-05-01T12:46:34.106Z,116.468,0,112.74,2520,0,0,,,,
powertraces-pt200array_pt220_r4_7536323_9-486809b730,2026-05-01T12:46:34.106Z,116.468,1,119.48,2520,19,3,,,,
powertraces-pt200array_pt220_r4_7536323_9-486809b730,2026-05-01T12:46:34.106Z,116.468,2,106.2,2520,0,0,,,,
powertraces-pt200array_pt220_r4_7536323_9-486809b730,2026-05-01T12:46:34.106Z,116.468,3,116.19,2520,0,0,,,,
powertraces-pt200array_pt220_r4_7536323_9-486809b730,2026-05-01T12:46:34.206Z,116.568,0,111.88,2520,0,0,,,,
powertraces-pt200array_pt220_r4_7536323_9-486809b730,2026-05-01T12:46:34.206Z,116.568,1,119.22,2520,13,2,,,,
powertraces-pt200array_pt220_r4_7536323_9-486809b730,2026-05-01T12:46:34.206Z,116.568,2,106.52,2520,0,0,,,,
powertraces-pt200array_pt220_r4_7536323_9-486809b730,2026-05-01T12:46:34.206Z,116.568,3,116.19,2520,0,0,,,,
powertraces-pt200array_pt220_r4_7536323_9-486809b730,2026-05-01T12:46:34.306Z,116.668,0,111.88,2520,0,0,,,,
powertraces-pt200array_pt220_r4_7536323_9-486809b730,2026-05-01T12:46:34.306Z,116.668,1,119.87,2520,13,2,,,,
powertraces-pt200array_pt220_r4_7536323_9-486809b730,2026-05-01T12:46:34.306Z,116.668,2,106.66,2520,0,0,,,,
powertraces-pt200array_pt220_r4_7536323_9-486809b730,2026-05-01T12:46:34.306Z,116.668,3,116.19,2520,0,0,,,,
powertraces-pt200array_pt220_r4_7536323_9-486809b730,2026-05-01T12:46:34.406Z,116.768,0,111.88,2520,0,0,,,,
powertraces-pt200array_pt220_r4_7536323_9-486809b730,2026-05-01T12:46:34.406Z,116.768,1,118.9,2520,0,0,,,,
powertraces-pt200array_pt220_r4_7536323_9-486809b730,2026-05-01T12:46:34.406Z,116.768,2,107.26,2520,5,1,,,,
powertraces-pt200array_pt220_r4_7536323_9-486809b730,2026-05-01T12:46:34.406Z,116.768,3,116.19,2520,0,0,,,,
powertraces-pt200array_pt220_r4_7536323_9-486809b730,2026-05-01T12:46:34.506Z,116.868,0,111.88,2520,0,0,,,,
powertraces-pt200array_pt220_r4_7536323_9-486809b730,2026-05-01T12:46:34.506Z,116.868,1,117.0,2520,0,0,,,,
powertraces-pt200array_pt220_r4_7536323_9-486809b730,2026-05-01T12:46:34.506Z,116.868,2,107.44,2520,5,1,,,,
powertraces-pt200array_pt220_r4_7536323_9-486809b730,2026-05-01T12:46:34.506Z,116.868,3,116.19,2520,0,0,,,,
powertraces-pt200array_pt220_r4_7536323_9-486809b730,2026-05-01T12:46:34.606Z,116.968,0,111.88,2520,0,0,,,,
powertraces-pt200array_pt220_r4_7536323_9-486809b730,2026-05-01T12:46:34.606Z,116.968,1,116.57,2520,0,0,,,,
powertraces-pt200array_pt220_r4_7536323_9-486809b730,2026-05-01T12:46:34.606Z,116.968,2,107.61,2520,15,2,,,,
powertraces-pt200array_pt220_r4_7536323_9-486809b730,2026-05-01T12:46:34.606Z,116.968,3,116.26,2520,0,0,,,,
powertraces-pt200array_pt220_r4_7536323_9-486809b730,2026-05-01T12:46:34.707Z,117.069,0,111.88,2520,0,0,,,,
powertraces-pt200array_pt220_r4_7536323_9-486809b730,2026-05-01T12:46:34.707Z,117.069,1,114.7,2520,0,0,,,,
powertraces-pt200array_pt220_r4_7536323_9-486809b730,2026-05-01T12:46:34.707Z,117.069,2,107.58,2520,15,2,,,,
powertraces-pt200array_pt220_r4_7536323_9-486809b730,2026-05-01T12:46:34.707Z,117.069,3,116.26,2520,0,0,,,,
powertraces-pt200array_pt220_r4_7536323_9-486809b730,2026-05-01T12:46:34.807Z,117.169,0,111.88,2520,0,0,,,,
powertraces-pt200array_pt220_r4_7536323_9-486809b730,2026-05-01T12:46:34.807Z,117.169,1,114.59,2520,0,0,,,,
powertraces-pt200array_pt220_r4_7536323_9-486809b730,2026-05-01T12:46:34.807Z,117.169,2,107.57,2520,10,1,,,,
powertraces-pt200array_pt220_r4_7536323_9-486809b730,2026-05-01T12:46:34.807Z,117.169,3,116.26,2520,0,0,,,,
powertraces-pt200array_pt220_r4_7536323_9-486809b730,2026-05-01T12:46:34.907Z,117.269,0,111.88,2520,0,0,,,,
powertraces-pt200array_pt220_r4_7536323_9-486809b730,2026-05-01T12:46:34.907Z,117.269,1,114.38,2520,0,0,,,,
powertraces-pt200array_pt220_r4_7536323_9-486809b730,2026-05-01T12:46:34.907Z,117.269,2,108.33,2520,10,1,,,,
powertraces-pt200array_pt220_r4_7536323_9-486809b730,2026-05-01T12:46:34.907Z,117.269,3,116.26,2520,0,0,,,,
powertraces-pt200array_pt220_r4_7536323_9-486809b730,2026-05-01T12:46:35.007Z,117.369,0,111.88,2520,0,0,,,,
powertraces-pt200array_pt220_r4_7536323_9-486809b730,2026-05-01T12:46:35.007Z,117.369,1,114.21,2520,0,0,,,,
powertraces-pt200array_pt220_r4_7536323_9-486809b730,2026-05-01T12:46:35.007Z,117.369,2,110.42,2520,9,2,,,,
powertraces-pt200array_pt220_r4_7536323_9-486809b730,2026-05-01T12:46:35.007Z,117.369,3,116.26,2520,0,0,,,,
powertraces-pt200array_pt220_r4_7536323_9-486809b730,2026-05-01T12:46:35.107Z,117.469,0,111.88,2520,0,0,,,,
powertraces-pt200array_pt220_r4_7536323_9-486809b730,2026-05-01T12:46:35.107Z,117.469,1,112.4,2520,0,0,,,,
powertraces-pt200array_pt220_r4_7536323_9-486809b730,2026-05-01T12:46:35.107Z,117.469,2,110.44,2520,9,2,,,,
powertraces-pt200array_pt220_r4_7536323_9-486809b730,2026-05-01T12:46:35.107Z,117.469,3,116.26,2520,0,0,,,,
powertraces-pt200array_pt220_r4_7536323_9-486809b730,2026-05-01T12:46:35.207Z,117.569,0,110.34,2520,0,0,,,,
powertraces-pt200array_pt220_r4_7536323_9-486809b730,2026-05-01T12:46:35.207Z,117.569,1,112.14,2520,0,0,,,,
powertraces-pt200array_pt220_r4_7536323_9-486809b730,2026-05-01T12:46:35.207Z,117.569,2,112.21,2520,19,3,,,,
powertraces-pt200array_pt220_r4_7536323_9-486809b730,2026-05-01T12:46:35.207Z,117.569,3,116.26,2520,0,0,,,,
powertraces-pt200array_pt220_r4_7536323_9-486809b730,2026-05-01T12:46:35.307Z,117.669,0,110.34,2520,0,0,,,,
powertraces-pt200array_pt220_r4_7536323_9-486809b730,2026-05-01T12:46:35.307Z,117.669,1,112.14,2520,0,0,,,,
powertraces-pt200array_pt220_r4_7536323_9-486809b730,2026-05-01T12:46:35.307Z,117.669,2,113.44,2520,19,3,,,,
powertraces-pt200array_pt220_r4_7536323_9-486809b730,2026-05-01T12:46:35.307Z,117.669,3,116.26,2520,0,0,,,,
powertraces-pt200array_pt220_r4_7536323_9-486809b730,2026-05-01T12:46:35.408Z,117.77,0,110.34,2520,0,0,,,,
powertraces-pt200array_pt220_r4_7536323_9-486809b730,2026-05-01T12:46:35.408Z,117.77,1,112.14,2520,0,0,,,,
powertraces-pt200array_pt220_r4_7536323_9-486809b730,2026-05-01T12:46:35.408Z,117.77,2,113.44,2520,13,2,,,,
powertraces-pt200array_pt220_r4_7536323_9-486809b730,2026-05-01T12:46:35.408Z,117.77,3,119.03,2520,3,0,,,,
powertraces-pt200array_pt220_r4_7536323_9-486809b730,2026-05-01T12:46:35.508Z,117.87,0,110.34,2520,0,0,,,,
powertraces-pt200array_pt220_r4_7536323_9-486809b730,2026-05-01T12:46:35.508Z,117.87,1,112.14,2520,0,0,,,,
powertraces-pt200array_pt220_r4_7536323_9-486809b730,2026-05-01T12:46:35.508Z,117.87,2,114.28,2520,13,2,,,,
powertraces-pt200array_pt220_r4_7536323_9-486809b730,2026-05-01T12:46:35.508Z,117.87,3,118.9,2520,3,0,,,,
powertraces-pt200array_pt220_r4_7536323_9-486809b730,2026-05-01T12:46:35.608Z,117.97,0,110.34,2520,0,0,,,,
powertraces-pt200array_pt220_r4_7536323_9-486809b730,2026-05-01T12:46:35.608Z,117.97,1,112.14,2520,0,0,,,,
powertraces-pt200array_pt220_r4_7536323_9-486809b730,2026-05-01T12:46:35.608Z,117.97,2,113.94,2520,0,0,,,,
powertraces-pt200array_pt220_r4_7536323_9-486809b730,2026-05-01T12:46:35.608Z,117.97,3,119.2,2520,13,2,,,,
powertraces-pt200array_pt220_r4_7536323_9-486809b730,2026-05-01T12:46:35.708Z,118.07,0,110.34,2520,0,0,,,,
powertraces-pt200array_pt220_r4_7536323_9-486809b730,2026-05-01T12:46:35.708Z,118.07,1,112.14,2520,0,0,,,,
powertraces-pt200array_pt220_r4_7536323_9-486809b730,2026-05-01T12:46:35.708Z,118.07,2,113.59,2520,0,0,,,,
powertraces-pt200array_pt220_r4_7536323_9-486809b730,2026-05-01T12:46:35.708Z,118.07,3,122.17,2520,13,2,,,,
powertraces-pt200array_pt220_r4_7536323_9-486809b730,2026-05-01T12:46:35.808Z,118.17,0,110.34,2520,0,0,,,,
powertraces-pt200array_pt220_r4_7536323_9-486809b730,2026-05-01T12:46:35.808Z,118.17,1,112.14,2520,0,0,,,,
powertraces-pt200array_pt220_r4_7536323_9-486809b730,2026-05-01T12:46:35.808Z,118.17,2,113.52,2520,0,0,,,,
powertraces-pt200array_pt220_r4_7536323_9-486809b730,2026-05-01T12:46:35.808Z,118.17,3,121.79,2520,16,2,,,,
powertraces-pt200array_pt220_r4_7536323_9-486809b730,2026-05-01T12:46:35.908Z,118.27,0,110.34,2520,0,0,,,,
powertraces-pt200array_pt220_r4_7536323_9-486809b730,2026-05-01T12:46:35.908Z,118.27,1,112.14,2520,0,0,,,,
powertraces-pt200array_pt220_r4_7536323_9-486809b730,2026-05-01T12:46:35.908Z,118.27,2,113.44,2520,0,0,,,,
powertraces-pt200array_pt220_r4_7536323_9-486809b730,2026-05-01T12:46:35.908Z,118.27,3,121.78,2520,16,2,,,,
powertraces-pt200array_pt220_r4_7536323_9-486809b730,2026-05-01T12:46:36.008Z,118.37,0,110.34,2520,0,0,,,,
powertraces-pt200array_pt220_r4_7536323_9-486809b730,2026-05-01T12:46:36.008Z,118.37,1,112.14,2520,0,0,,,,
powertraces-pt200array_pt220_r4_7536323_9-486809b730,2026-05-01T12:46:36.008Z,118.37,2,111.95,2520,0,0,,,,
powertraces-pt200array_pt220_r4_7536323_9-486809b730,2026-05-01T12:46:36.008Z,118.37,3,122.47,2520,17,2,,,,
powertraces-pt200array_pt220_r4_7536323_9-486809b730,2026-05-01T12:46:36.109Z,118.471,0,110.34,2520,0,0,,,,
powertraces-pt200array_pt220_r4_7536323_9-486809b730,2026-05-01T12:46:36.109Z,118.471,1,112.14,2520,0,0,,,,
powertraces-pt200array_pt220_r4_7536323_9-486809b730,2026-05-01T12:46:36.109Z,118.471,2,111.61,2520,0,0,,,,
powertraces-pt200array_pt220_r4_7536323_9-486809b730,2026-05-01T12:46:36.109Z,118.471,3,122.21,2520,17,2,,,,
powertraces-pt200array_pt220_r4_7536323_9-486809b730,2026-05-01T12:46:36.209Z,118.571,0,110.36,2520,0,0,,,,
powertraces-pt200array_pt220_r4_7536323_9-486809b730,2026-05-01T12:46:36.209Z,118.571,1,111.41,2520,0,0,,,,
powertraces-pt200array_pt220_r4_7536323_9-486809b730,2026-05-01T12:46:36.209Z,118.571,2,111.23,2520,0,0,,,,
powertraces-pt200array_pt220_r4_7536323_9-486809b730,2026-05-01T12:46:36.209Z,118.571,3,122.07,2520,14,2,,,,
powertraces-pt200array_pt220_r4_7536323_9-486809b730,2026-05-01T12:46:36.309Z,118.671,0,110.36,2520,0,0,,,,
powertraces-pt200array_pt220_r4_7536323_9-486809b730,2026-05-01T12:46:36.309Z,118.671,1,111.41,2520,0,0,,,,
powertraces-pt200array_pt220_r4_7536323_9-486809b730,2026-05-01T12:46:36.309Z,118.671,2,108.77,2520,0,0,,,,
powertraces-pt200array_pt220_r4_7536323_9-486809b730,2026-05-01T12:46:36.309Z,118.671,3,122.25,2520,14,2,,,,
powertraces-pt200array_pt220_r4_7536323_9-486809b730,2026-05-01T12:46:36.409Z,118.771,0,110.36,2520,0,0,,,,
powertraces-pt200array_pt220_r4_7536323_9-486809b730,2026-05-01T12:46:36.409Z,118.771,1,111.41,2520,0,0,,,,
powertraces-pt200array_pt220_r4_7536323_9-486809b730,2026-05-01T12:46:36.409Z,118.771,2,108.5,2520,0,0,,,,
powertraces-pt200array_pt220_r4_7536323_9-486809b730,2026-05-01T12:46:36.409Z,118.771,3,121.37,2520,0,0,,,,
powertraces-pt200array_pt220_r4_7536323_9-486809b730,2026-05-01T12:46:36.509Z,118.871,0,110.36,2520,0,0,,,,
powertraces-pt200array_pt220_r4_7536323_9-486809b730,2026-05-01T12:46:36.509Z,118.871,1,111.41,2520,0,0,,,,
powertraces-pt200array_pt220_r4_7536323_9-486809b730,2026-05-01T12:46:36.509Z,118.871,2,108.5,2520,0,0,,,,
powertraces-pt200array_pt220_r4_7536323_9-486809b730,2026-05-01T12:46:36.509Z,118.871,3,121.1,2520,0,0,,,,
powertraces-pt200array_pt220_r4_7536323_9-486809b730,2026-05-01T12:46:36.609Z,118.971,0,110.36,2520,16,1,,,,
powertraces-pt200array_pt220_r4_7536323_9-486809b730,2026-05-01T12:46:36.609Z,118.971,1,111.41,2520,0,0,,,,
powertraces-pt200array_pt220_r4_7536323_9-486809b730,2026-05-01T12:46:36.609Z,118.971,2,108.5,2520,0,0,,,,
powertraces-pt200array_pt220_r4_7536323_9-486809b730,2026-05-01T12:46:36.609Z,118.971,3,121.1,2520,0,0,,,,
powertraces-pt200array_pt220_r4_7536323_9-486809b730,2026-05-01T12:46:36.709Z,119.071,0,110.36,2520,16,1,,,,
powertraces-pt200array_pt220_r4_7536323_9-486809b730,2026-05-01T12:46:36.709Z,119.071,1,111.41,2520,0,0,,,,
powertraces-pt200array_pt220_r4_7536323_9-486809b730,2026-05-01T12:46:36.709Z,119.071,2,108.5,2520,0,0,,,,
powertraces-pt200array_pt220_r4_7536323_9-486809b730,2026-05-01T12:46:36.709Z,119.071,3,120.34,2520,0,0,,,,
powertraces-pt200array_pt220_r4_7536323_9-486809b730,2026-05-01T12:46:36.81Z,119.172,0,110.36,2520,0,0,,,,
powertraces-pt200array_pt220_r4_7536323_9-486809b730,2026-05-01T12:46:36.81Z,119.172,1,111.41,2520,0,0,,,,
powertraces-pt200array_pt220_r4_7536323_9-486809b730,2026-05-01T12:46:36.81Z,119.172,2,108.5,2520,0,0,,,,
powertraces-pt200array_pt220_r4_7536323_9-486809b730,2026-05-01T12:46:36.81Z,119.172,3,119.78,2520,0,0,,,,
powertraces-pt200array_pt220_r4_7536323_9-486809b730,2026-05-01T12:46:36.91Z,119.272,0,110.36,2520,0,0,,,,
powertraces-pt200array_pt220_r4_7536323_9-486809b730,2026-05-01T12:46:36.91Z,119.272,1,111.38,2520,0,0,,,,
powertraces-pt200array_pt220_r4_7536323_9-486809b730,2026-05-01T12:46:36.91Z,119.272,2,108.5,2520,0,0,,,,
powertraces-pt200array_pt220_r4_7536323_9-486809b730,2026-05-01T12:46:36.91Z,119.272,3,119.69,2520,0,0,,,,
powertraces-pt200array_pt220_r4_7536323_9-486809b730,2026-05-01T12:46:37.01Z,119.372,0,110.36,2520,0,0,,,,
powertraces-pt200array_pt220_r4_7536323_9-486809b730,2026-05-01T12:46:37.01Z,119.372,1,111.39,2520,0,0,,,,
powertraces-pt200array_pt220_r4_7536323_9-486809b730,2026-05-01T12:46:37.01Z,119.372,2,106.43,2520,0,0,,,,
powertraces-pt200array_pt220_r4_7536323_9-486809b730,2026-05-01T12:46:37.01Z,119.372,3,119.22,2520,0,0,,,,
powertraces-pt200array_pt220_r4_7536323_9-486809b730,2026-05-01T12:46:37.11Z,119.472,0,110.36,2520,0,0,,,,
powertraces-pt200array_pt220_r4_7536323_9-486809b730,2026-05-01T12:46:37.11Z,119.472,1,111.38,2520,0,0,,,,
powertraces-pt200array_pt220_r4_7536323_9-486809b730,2026-05-01T12:46:37.11Z,119.472,2,106.44,2520,0,0,,,,
powertraces-pt200array_pt220_r4_7536323_9-486809b730,2026-05-01T12:46:37.11Z,119.472,3,117.88,2520,0,0,,,,
powertraces-pt200array_pt220_r4_7536323_9-486809b730,2026-05-01T12:46:37.21Z,119.572,0,110.44,2520,0,0,,,,
powertraces-pt200array_pt220_r4_7536323_9-486809b730,2026-05-01T12:46:37.21Z,119.572,1,111.39,2520,8,1,,,,
powertraces-pt200array_pt220_r4_7536323_9-486809b730,2026-05-01T12:46:37.21Z,119.572,2,106.45,2520,0,0,,,,
powertraces-pt200array_pt220_r4_7536323_9-486809b730,2026-05-01T12:46:37.21Z,119.572,3,118.14,2520,8,1,,,,
powertraces-pt200array_pt220_r4_7536323_9-486809b730,2026-05-01T12:46:37.31Z,119.672,0,110.43,2520,0,0,,,,
powertraces-pt200array_pt220_r4_7536323_9-486809b730,2026-05-01T12:46:37.31Z,119.672,1,111.38,2520,8,1,,,,
powertraces-pt200array_pt220_r4_7536323_9-486809b730,2026-05-01T12:46:37.31Z,119.672,2,106.45,2520,0,0,,,,
powertraces-pt200array_pt220_r4_7536323_9-486809b730,2026-05-01T12:46:37.31Z,119.672,3,117.83,2520,8,1,,,,
powertraces-pt200array_pt220_r4_7536323_9-486809b730,2026-05-01T12:46:37.41Z,119.772,0,110.43,2520,0,0,,,,
powertraces-pt200array_pt220_r4_7536323_9-486809b730,2026-05-01T12:46:37.41Z,119.772,1,111.38,2520,0,0,,,,
powertraces-pt200array_pt220_r4_7536323_9-486809b730,2026-05-01T12:46:37.41Z,119.772,2,106.46,2520,0,0,,,,
powertraces-pt200array_pt220_r4_7536323_9-486809b730,2026-05-01T12:46:37.41Z,119.772,3,117.05,2520,0,0,,,,
powertraces-pt200array_pt220_r4_7536323_9-486809b730,2026-05-01T12:46:37.51Z,119.872,0,110.43,2520,0,0,,,,
powertraces-pt200array_pt220_r4_7536323_9-486809b730,2026-05-01T12:46:37.51Z,119.872,1,111.37,2520,0,0,,,,
powertraces-pt200array_pt220_r4_7536323_9-486809b730,2026-05-01T12:46:37.51Z,119.872,2,106.48,2520,0,0,,,,
powertraces-pt200array_pt220_r4_7536323_9-486809b730,2026-05-01T12:46:37.51Z,119.872,3,117.05,2520,0,0,,,,
powertraces-pt200array_pt220_r4_7536323_9-486809b730,2026-05-01T12:46:37.611Z,119.973,0,110.46,2520,0,0,,,,
powertraces-pt200array_pt220_r4_7536323_9-486809b730,2026-05-01T12:46:37.611Z,119.973,1,111.38,2520,0,0,,,,
powertraces-pt200array_pt220_r4_7536323_9-486809b730,2026-05-01T12:46:37.611Z,119.973,2,106.5,2520,0,0,,,,
powertraces-pt200array_pt220_r4_7536323_9-486809b730,2026-05-01T12:46:37.611Z,119.973,3,117.05,2520,0,0,,,,
powertraces-pt200array_pt220_r4_7536323_9-486809b730,2026-05-01T12:46:37.711Z,120.073,0,110.48,2520,0,0,,,,
powertraces-pt200array_pt220_r4_7536323_9-486809b730,2026-05-01T12:46:37.711Z,120.073,1,111.38,2520,0,0,,,,
powertraces-pt200array_pt220_r4_7536323_9-486809b730,2026-05-01T12:46:37.711Z,120.073,2,106.52,2520,0,0,,,,
powertraces-pt200array_pt220_r4_7536323_9-486809b730,2026-05-01T12:46:37.711Z,120.073,3,117.05,2520,0,0,,,,
powertraces-pt200array_pt220_r4_7536323_9-486809b730,2026-05-01T12:46:37.811Z,120.173,0,110.48,2520,0,0,,,,
powertraces-pt200array_pt220_r4_7536323_9-486809b730,2026-05-01T12:46:37.811Z,120.173,1,111.38,2520,0,0,,,,
powertraces-pt200array_pt220_r4_7536323_9-486809b730,2026-05-01T12:46:37.811Z,120.173,2,106.51,2520,0,0,,,,
powertraces-pt200array_pt220_r4_7536323_9-486809b730,2026-05-01T12:46:37.811Z,120.173,3,117.05,2520,0,0,,,,
powertraces-pt200array_pt220_r4_7536323_9-486809b730,2026-05-01T12:46:37.911Z,120.273,0,110.48,2520,0,0,,,,
powertraces-pt200array_pt220_r4_7536323_9-486809b730,2026-05-01T12:46:37.911Z,120.273,1,111.41,2520,0,0,,,,
powertraces-pt200array_pt220_r4_7536323_9-486809b730,2026-05-01T12:46:37.911Z,120.273,2,106.51,2520,0,0,,,,
powertraces-pt200array_pt220_r4_7536323_9-486809b730,2026-05-01T12:46:37.911Z,120.273,3,117.05,2520,0,0,,,,
powertraces-pt200array_pt220_r4_7536323_9-486809b730,2026-05-01T12:46:38.011Z,120.373,0,110.5,2520,0,0,,,,
powertraces-pt200array_pt220_r4_7536323_9-486809b730,2026-05-01T12:46:38.011Z,120.373,1,111.41,2520,0,0,,,,
powertraces-pt200array_pt220_r4_7536323_9-486809b730,2026-05-01T12:46:38.011Z,120.373,2,106.55,2520,0,0,,,,
powertraces-pt200array_pt220_r4_7536323_9-486809b730,2026-05-01T12:46:38.011Z,120.373,3,117.05,2520,0,0,,,,
powertraces-pt200array_pt220_r4_7536323_9-486809b730,2026-05-01T12:46:38.111Z,120.473,0,110.52,2520,0,0,,,,
powertraces-pt200array_pt220_r4_7536323_9-486809b730,2026-05-01T12:46:38.111Z,120.473,1,111.42,2520,0,0,,,,
powertraces-pt200array_pt220_r4_7536323_9-486809b730,2026-05-01T12:46:38.111Z,120.473,2,106.55,2520,0,0,,,,
powertraces-pt200array_pt220_r4_7536323_9-486809b730,2026-05-01T12:46:38.111Z,120.473,3,117.05,2520,0,0,,,,
powertraces-pt200array_pt220_r4_7536323_9-486809b730,2026-05-01T12:46:38.211Z,120.573,0,110.72,2520,1,0,,,,
powertraces-pt200array_pt220_r4_7536323_9-486809b730,2026-05-01T12:46:38.211Z,120.573,1,111.44,2520,2,0,,,,
powertraces-pt200array_pt220_r4_7536323_9-486809b730,2026-05-01T12:46:38.211Z,120.573,2,106.57,2520,0,0,,,,
powertraces-pt200array_pt220_r4_7536323_9-486809b730,2026-05-01T12:46:38.211Z,120.573,3,117.08,2520,0,0,,,,
powertraces-pt200array_pt220_r4_7536323_9-486809b730,2026-05-01T12:46:38.311Z,120.673,0,110.71,2520,1,0,,,,
powertraces-pt200array_pt220_r4_7536323_9-486809b730,2026-05-01T12:46:38.312Z,120.674,1,111.49,2520,2,0,,,,
powertraces-pt200array_pt220_r4_7536323_9-486809b730,2026-05-01T12:46:38.312Z,120.674,2,106.59,2520,0,0,,,,
powertraces-pt200array_pt220_r4_7536323_9-486809b730,2026-05-01T12:46:38.312Z,120.674,3,116.63,2520,0,0,,,,
powertraces-pt200array_pt220_r4_7536323_9-486809b730,2026-05-01T12:46:38.412Z,120.774,0,110.72,2520,5,4,,,,
powertraces-pt200array_pt220_r4_7536323_9-486809b730,2026-05-01T12:46:38.412Z,120.774,1,122.01,2520,15,14,,,,
powertraces-pt200array_pt220_r4_7536323_9-486809b730,2026-05-01T12:46:38.412Z,120.774,2,106.67,2520,10,7,,,,
powertraces-pt200array_pt220_r4_7536323_9-486809b730,2026-05-01T12:46:38.412Z,120.774,3,124.85,2520,23,18,,,,
powertraces-pt200array_pt220_r4_7536323_9-486809b730,2026-05-01T12:46:38.512Z,120.874,0,111.19,2520,5,4,,,,
powertraces-pt200array_pt220_r4_7536323_9-486809b730,2026-05-01T12:46:38.512Z,120.874,1,122.11,2520,15,14,,,,
powertraces-pt200array_pt220_r4_7536323_9-486809b730,2026-05-01T12:46:38.512Z,120.874,2,115.03,2520,10,7,,,,
powertraces-pt200array_pt220_r4_7536323_9-486809b730,2026-05-01T12:46:38.512Z,120.874,3,138.11,2520,23,18,,,,
powertraces-pt200array_pt220_r4_7536323_9-486809b730,2026-05-01T12:46:38.612Z,120.974,0,128.01,2520,17,15,,,,
powertraces-pt200array_pt220_r4_7536323_9-486809b730,2026-05-01T12:46:38.612Z,120.974,1,123.55,2520,36,37,,,,
powertraces-pt200array_pt220_r4_7536323_9-486809b730,2026-05-01T12:46:38.612Z,120.974,2,116.51,2520,29,30,,,,
powertraces-pt200array_pt220_r4_7536323_9-486809b730,2026-05-01T12:46:38.612Z,120.974,3,138.18,2520,13,13,,,,
powertraces-pt200array_pt220_r4_7536323_9-486809b730,2026-05-01T12:46:38.712Z,121.074,0,128.07,2520,17,15,,,,
powertraces-pt200array_pt220_r4_7536323_9-486809b730,2026-05-01T12:46:38.712Z,121.074,1,125.58,2520,36,37,,,,
powertraces-pt200array_pt220_r4_7536323_9-486809b730,2026-05-01T12:46:38.712Z,121.074,2,132.05,2520,29,30,,,,
powertraces-pt200array_pt220_r4_7536323_9-486809b730,2026-05-01T12:46:38.712Z,121.074,3,138.86,2520,13,13,,,,
powertraces-pt200array_pt220_r4_7536323_9-486809b730,2026-05-01T12:46:38.812Z,121.174,0,128.22,2520,5,5,,,,
powertraces-pt200array_pt220_r4_7536323_9-486809b730,2026-05-01T12:46:38.812Z,121.174,1,140.75,2520,29,30,,,,
powertraces-pt200array_pt220_r4_7536323_9-486809b730,2026-05-01T12:46:38.812Z,121.174,2,135.04,2520,11,10,,,,
powertraces-pt200array_pt220_r4_7536323_9-486809b730,2026-05-01T12:46:38.812Z,121.174,3,150.07,2520,33,33,,,,
powertraces-pt200array_pt220_r4_7536323_9-486809b730,2026-05-01T12:46:38.912Z,121.274,0,132.88,2520,5,5,,,,
powertraces-pt200array_pt220_r4_7536323_9-486809b730,2026-05-01T12:46:38.912Z,121.274,1,141.06,2520,29,30,,,,
powertraces-pt200array_pt220_r4_7536323_9-486809b730,2026-05-01T12:46:38.912Z,121.274,2,135.38,2520,11,10,,,,
powertraces-pt200array_pt220_r4_7536323_9-486809b730,2026-05-01T12:46:38.912Z,121.274,3,150.15,2520,33,33,,,,
powertraces-pt200array_pt220_r4_7536323_9-486809b730,2026-05-01T12:46:39.012Z,121.374,0,143.1,2520,27,27,,,,
powertraces-pt200array_pt220_r4_7536323_9-486809b730,2026-05-01T12:46:39.012Z,121.374,1,146.52,2520,36,37,,,,
powertraces-pt200array_pt220_r4_7536323_9-486809b730,2026-05-01T12:46:39.012Z,121.374,2,140.64,2520,36,37,,,,
powertraces-pt200array_pt220_r4_7536323_9-486809b730,2026-05-01T12:46:39.012Z,121.374,3,150.36,2520,29,29,,,,
powertraces-pt200array_pt220_r4_7536323_9-486809b730,2026-05-01T12:46:39.112Z,121.474,0,143.16,2520,27,27,,,,
powertraces-pt200array_pt220_r4_7536323_9-486809b730,2026-05-01T12:46:39.113Z,121.475,1,157.33,2520,36,37,,,,
powertraces-pt200array_pt220_r4_7536323_9-486809b730,2026-05-01T12:46:39.113Z,121.475,2,141.43,2520,36,37,,,,
powertraces-pt200array_pt220_r4_7536323_9-486809b730,2026-05-01T12:46:39.113Z,121.475,3,153.74,2520,29,29,,,,
powertraces-pt200array_pt220_r4_7536323_9-486809b730,2026-05-01T12:46:39.213Z,121.575,0,144.06,2520,11,10,,,,
powertraces-pt200array_pt220_r4_7536323_9-486809b730,2026-05-01T12:46:39.213Z,121.575,1,157.46,2520,8,7,,,,
powertraces-pt200array_pt220_r4_7536323_9-486809b730,2026-05-01T12:46:39.213Z,121.575,2,142.3,2520,30,31,,,,
powertraces-pt200array_pt220_r4_7536323_9-486809b730,2026-05-01T12:46:39.213Z,121.575,3,166.34,2520,19,17,,,,
powertraces-pt200array_pt220_r4_7536323_9-486809b730,2026-05-01T12:46:39.313Z,121.675,0,159.66,2520,11,10,,,,
powertraces-pt200array_pt220_r4_7536323_9-486809b730,2026-05-01T12:46:39.313Z,121.675,1,158.95,2520,8,7,,,,
powertraces-pt200array_pt220_r4_7536323_9-486809b730,2026-05-01T12:46:39.313Z,121.675,2,143.98,2520,30,31,,,,
powertraces-pt200array_pt220_r4_7536323_9-486809b730,2026-05-01T12:46:39.313Z,121.675,3,166.45,2520,19,17,,,,
powertraces-pt200array_pt220_r4_7536323_9-486809b730,2026-05-01T12:46:39.413Z,121.775,0,159.68,2520,28,28,,,,
powertraces-pt200array_pt220_r4_7536323_9-486809b730,2026-05-01T12:46:39.413Z,121.775,1,160.92,2520,29,30,,,,
powertraces-pt200array_pt220_r4_7536323_9-486809b730,2026-05-01T12:46:39.413Z,121.775,2,158.85,2520,32,32,,,,
powertraces-pt200array_pt220_r4_7536323_9-486809b730,2026-05-01T12:46:39.413Z,121.775,3,167.12,2520,33,33,,,,
powertraces-pt200array_pt220_r4_7536323_9-486809b730,2026-05-01T12:46:39.513Z,121.875,0,159.88,2520,28,28,,,,
powertraces-pt200array_pt220_r4_7536323_9-486809b730,2026-05-01T12:46:39.513Z,121.875,1,163.82,2520,29,30,,,,
powertraces-pt200array_pt220_r4_7536323_9-486809b730,2026-05-01T12:46:39.513Z,121.875,2,162.02,2520,32,32,,,,
powertraces-pt200array_pt220_r4_7536323_9-486809b730,2026-05-01T12:46:39.513Z,121.875,3,170.62,2520,33,33,,,,
powertraces-pt200array_pt220_r4_7536323_9-486809b730,2026-05-01T12:46:39.613Z,121.975,0,162.43,2520,28,28,,,,
powertraces-pt200array_pt220_r4_7536323_9-486809b730,2026-05-01T12:46:39.613Z,121.975,1,164.07,2520,15,14,,,,
powertraces-pt200array_pt220_r4_7536323_9-486809b730,2026-05-01T12:46:39.613Z,121.975,2,154.09,2520,29,30,,,,
powertraces-pt200array_pt220_r4_7536323_9-486809b730,2026-05-01T12:46:39.613Z,121.975,3,157.46,2520,4,3,,,,
powertraces-pt200array_pt220_r4_7536323_9-486809b730,2026-05-01T12:46:39.713Z,122.075,0,158.24,2520,28,28,,,,
powertraces-pt200array_pt220_r4_7536323_9-486809b730,2026-05-01T12:46:39.713Z,122.075,1,168.03,2520,15,14,,,,
powertraces-pt200array_pt220_r4_7536323_9-486809b730,2026-05-01T12:46:39.713Z,122.075,2,157.99,2520,29,30,,,,
powertraces-pt200array_pt220_r4_7536323_9-486809b730,2026-05-01T12:46:39.713Z,122.075,3,157.61,2520,4,3,,,,
powertraces-pt200array_pt220_r4_7536323_9-486809b730,2026-05-01T12:46:39.813Z,122.175,0,158.27,2520,22,23,,,,
powertraces-pt200array_pt220_r4_7536323_9-486809b730,2026-05-01T12:46:39.813Z,122.175,1,173.73,2520,29,30,,,,
powertraces-pt200array_pt220_r4_7536323_9-486809b730,2026-05-01T12:46:39.814Z,122.176,2,146.24,2520,14,13,,,,
powertraces-pt200array_pt220_r4_7536323_9-486809b730,2026-05-01T12:46:39.814Z,122.176,3,159.43,2520,33,33,,,,
powertraces-pt200array_pt220_r4_7536323_9-486809b730,2026-05-01T12:46:39.914Z,122.276,0,158.74,2520,22,23,,,,
powertraces-pt200array_pt220_r4_7536323_9-486809b730,2026-05-01T12:46:39.914Z,122.276,1,158.71,2520,29,30,,,,
powertraces-pt200array_pt220_r4_7536323_9-486809b730,2026-05-01T12:46:39.914Z,122.276,2,151.3,2520,14,13,,,,
powertraces-pt200array_pt220_r4_7536323_9-486809b730,2026-05-01T12:46:39.914Z,122.276,3,163.61,2520,33,33,,,,
powertraces-pt200array_pt220_r4_7536323_9-486809b730,2026-05-01T12:46:40.014Z,122.376,0,167.66,2520,28,28,,,,
powertraces-pt200array_pt220_r4_7536323_9-486809b730,2026-05-01T12:46:40.014Z,122.376,1,159.4,2520,32,32,,,,
powertraces-pt200array_pt220_r4_7536323_9-486809b730,2026-05-01T12:46:40.014Z,122.376,2,152.12,2520,29,30,,,,
powertraces-pt200array_pt220_r4_7536323_9-486809b730,2026-05-01T12:46:40.014Z,122.376,3,163.64,2520,9,9,,,,
powertraces-pt200array_pt220_r4_7536323_9-486809b730,2026-05-01T12:46:40.114Z,122.476,0,155.44,2520,28,28,,,,
powertraces-pt200array_pt220_r4_7536323_9-486809b730,2026-05-01T12:46:40.114Z,122.476,1,158.67,2520,32,32,,,,
powertraces-pt200array_pt220_r4_7536323_9-486809b730,2026-05-01T12:46:40.114Z,122.476,2,162.53,2520,29,30,,,,
powertraces-pt200array_pt220_r4_7536323_9-486809b730,2026-05-01T12:46:40.114Z,122.476,3,163.9,2520,9,9,,,,
powertraces-pt200array_pt220_r4_7536323_9-486809b730,2026-05-01T12:46:40.214Z,122.576,0,155.51,2520,9,10,,,,
powertraces-pt200array_pt220_r4_7536323_9-486809b730,2026-05-01T12:46:40.214Z,122.576,1,162.91,2520,30,31,,,,
powertraces-pt200array_pt220_r4_7536323_9-486809b730,2026-05-01T12:46:40.214Z,122.576,2,163.55,2520,8,7,,,,
powertraces-pt200array_pt220_r4_7536323_9-486809b730,2026-05-01T12:46:40.214Z,122.576,3,167.79,2520,33,32,,,,
powertraces-pt200array_pt220_r4_7536323_9-486809b730,2026-05-01T12:46:40.314Z,122.676,0,156.47,2520,9,10,,,,
powertraces-pt200array_pt220_r4_7536323_9-486809b730,2026-05-01T12:46:40.314Z,122.676,1,163.02,2520,30,31,,,,
powertraces-pt200array_pt220_r4_7536323_9-486809b730,2026-05-01T12:46:40.314Z,122.676,2,162.98,2520,8,7,,,,
powertraces-pt200array_pt220_r4_7536323_9-486809b730,2026-05-01T12:46:40.314Z,122.676,3,162.88,2520,33,32,,,,
powertraces-pt200array_pt220_r4_7536323_9-486809b730,2026-05-01T12:46:40.414Z,122.776,0,155.46,2520,26,27,,,,
powertraces-pt200array_pt220_r4_7536323_9-486809b730,2026-05-01T12:46:40.414Z,122.776,1,164.48,2520,36,37,,,,
powertraces-pt200array_pt220_r4_7536323_9-486809b730,2026-05-01T12:46:40.414Z,122.776,2,164.79,2520,36,37,,,,
powertraces-pt200array_pt220_r4_7536323_9-486809b730,2026-05-01T12:46:40.414Z,122.776,3,162.96,2520,24,25,,,,
powertraces-pt200array_pt220_r4_7536323_9-486809b730,2026-05-01T12:46:40.514Z,122.876,0,155.48,2520,26,27,,,,
powertraces-pt200array_pt220_r4_7536323_9-486809b730,2026-05-01T12:46:40.514Z,122.876,1,166.38,2520,36,37,,,,
powertraces-pt200array_pt220_r4_7536323_9-486809b730,2026-05-01T12:46:40.514Z,122.876,2,160.32,2520,36,37,,,,
powertraces-pt200array_pt220_r4_7536323_9-486809b730,2026-05-01T12:46:40.514Z,122.876,3,163.65,2520,24,25,,,,
powertraces-pt200array_pt220_r4_7536323_9-486809b730,2026-05-01T12:46:40.615Z,122.977,0,159.85,2520,42,44,,,,
powertraces-pt200array_pt220_r4_7536323_9-486809b730,2026-05-01T12:46:40.615Z,122.977,1,155.15,2520,24,26,,,,
powertraces-pt200array_pt220_r4_7536323_9-486809b730,2026-05-01T12:46:40.615Z,122.977,2,158.11,2520,19,20,,,,
powertraces-pt200array_pt220_r4_7536323_9-486809b730,2026-05-01T12:46:40.615Z,122.977,3,154.2,2520,11,12,,,,
powertraces-pt200array_pt220_r4_7536323_9-486809b730,2026-05-01T12:46:40.715Z,123.077,0,156.91,2520,42,44,,,,
powertraces-pt200array_pt220_r4_7536323_9-486809b730,2026-05-01T12:46:40.715Z,123.077,1,154.92,2520,24,26,,,,
powertraces-pt200array_pt220_r4_7536323_9-486809b730,2026-05-01T12:46:40.715Z,123.077,2,158.22,2520,19,20,,,,
powertraces-pt200array_pt220_r4_7536323_9-486809b730,2026-05-01T12:46:40.715Z,123.077,3,160.73,2520,11,12,,,,
powertraces-pt200array_pt220_r4_7536323_9-486809b730,2026-05-01T12:46:40.815Z,123.177,0,144.34,2520,7,8,,,,
powertraces-pt200array_pt220_r4_7536323_9-486809b730,2026-05-01T12:46:40.815Z,123.177,1,162.32,2520,83,92,,,,
powertraces-pt200array_pt220_r4_7536323_9-486809b730,2026-05-01T12:46:40.815Z,123.177,2,165.37,2520,69,74,,,,
powertraces-pt200array_pt220_r4_7536323_9-486809b730,2026-05-01T12:46:40.815Z,123.177,3,160.83,2520,40,44,,,,
powertraces-pt200array_pt220_r4_7536323_9-486809b730,2026-05-01T12:46:40.915Z,123.277,0,154.01,2520,7,8,,,,
powertraces-pt200array_pt220_r4_7536323_9-486809b730,2026-05-01T12:46:40.915Z,123.277,1,155.45,2520,83,92,,,,
powertraces-pt200array_pt220_r4_7536323_9-486809b730,2026-05-01T12:46:40.915Z,123.277,2,161.77,2520,69,74,,,,
powertraces-pt200array_pt220_r4_7536323_9-486809b730,2026-05-01T12:46:40.915Z,123.277,3,158.44,2520,40,44,,,,
powertraces-pt200array_pt220_r4_7536323_9-486809b730,2026-05-01T12:46:41.015Z,123.377,0,157.31,2520,20,17,,,,
powertraces-pt200array_pt220_r4_7536323_9-486809b730,2026-05-01T12:46:41.015Z,123.377,1,155.76,2520,23,20,,,,
powertraces-pt200array_pt220_r4_7536323_9-486809b730,2026-05-01T12:46:41.015Z,123.377,2,156.65,2520,23,20,,,,
powertraces-pt200array_pt220_r4_7536323_9-486809b730,2026-05-01T12:46:41.015Z,123.377,3,143.33,2520,22,19,,,,
powertraces-pt200array_pt220_r4_7536323_9-486809b730,2026-05-01T12:46:41.115Z,123.477,0,156.79,2520,20,17,,,,
powertraces-pt200array_pt220_r4_7536323_9-486809b730,2026-05-01T12:46:41.115Z,123.477,1,160.58,2520,23,20,,,,
powertraces-pt200array_pt220_r4_7536323_9-486809b730,2026-05-01T12:46:41.115Z,123.477,2,162.12,2520,23,20,,,,
powertraces-pt200array_pt220_r4_7536323_9-486809b730,2026-05-01T12:46:41.115Z,123.477,3,143.57,2520,22,19,,,,
powertraces-pt200array_pt220_r4_7536323_9-486809b730,2026-05-01T12:46:41.215Z,123.577,0,156.84,2520,10,9,,,,
powertraces-pt200array_pt220_r4_7536323_9-486809b730,2026-05-01T12:46:41.215Z,123.577,1,164.22,2520,29,30,,,,
powertraces-pt200array_pt220_r4_7536323_9-486809b730,2026-05-01T12:46:41.215Z,123.577,2,150.1,2520,14,13,,,,
powertraces-pt200array_pt220_r4_7536323_9-486809b730,2026-05-01T12:46:41.215Z,123.577,3,145.9,2520,33,33,,,,
powertraces-pt200array_pt220_r4_7536323_9-486809b730,2026-05-01T12:46:41.315Z,123.677,0,157.44,2520,10,9,,,,
powertraces-pt200array_pt220_r4_7536323_9-486809b730,2026-05-01T12:46:41.315Z,123.677,1,149.36,2520,29,30,,,,
powertraces-pt200array_pt220_r4_7536323_9-486809b730,2026-05-01T12:46:41.315Z,123.677,2,154.35,2520,14,13,,,,
powertraces-pt200array_pt220_r4_7536323_9-486809b730,2026-05-01T12:46:41.315Z,123.677,3,153.56,2520,33,33,,,,
powertraces-pt200array_pt220_r4_7536323_9-486809b730,2026-05-01T12:46:41.416Z,123.778,0,168.93,2520,31,32,,,,
powertraces-pt200array_pt220_r4_7536323_9-486809b730,2026-05-01T12:46:41.416Z,123.778,1,150.22,2520,33,33,,,,
powertraces-pt200array_pt220_r4_7536323_9-486809b730,2026-05-01T12:46:41.416Z,123.778,2,155.31,2520,29,30,,,,
powertraces-pt200array_pt220_r4_7536323_9-486809b730,2026-05-01T12:46:41.416Z,123.778,3,146.12,2520,10,11,,,,
powertraces-pt200array_pt220_r4_7536323_9-486809b730,2026-05-01T12:46:41.516Z,123.878,0,154.22,2520,31,32,,,,
powertraces-pt200array_pt220_r4_7536323_9-486809b730,2026-05-01T12:46:41.516Z,123.878,1,149.47,2520,33,33,,,,
powertraces-pt200array_pt220_r4_7536323_9-486809b730,2026-05-01T12:46:41.516Z,123.878,2,167.22,2520,29,30,,,,
powertraces-pt200array_pt220_r4_7536323_9-486809b730,2026-05-01T12:46:41.516Z,123.878,3,146.37,2520,10,11,,,,
powertraces-pt200array_pt220_r4_7536323_9-486809b730,2026-05-01T12:46:41.616Z,123.978,0,154.31,2520,27,27,,,,
powertraces-pt200array_pt220_r4_7536323_9-486809b730,2026-05-01T12:46:41.616Z,123.978,1,160.75,2520,30,31,,,,
powertraces-pt200array_pt220_r4_7536323_9-486809b730,2026-05-01T12:46:41.616Z,123.978,2,159.09,2520,8,7,,,,
powertraces-pt200array_pt220_r4_7536323_9-486809b730,2026-05-01T12:46:41.616Z,123.978,3,153.6,2520,33,33,,,,
powertraces-pt200array_pt220_r4_7536323_9-486809b730,2026-05-01T12:46:41.716Z,124.078,0,151.96,2520,27,27,,,,
powertraces-pt200array_pt220_r4_7536323_9-486809b730,2026-05-01T12:46:41.716Z,124.078,1,158.86,2520,30,31,,,,
powertraces-pt200array_pt220_r4_7536323_9-486809b730,2026-05-01T12:46:41.716Z,124.078,2,158.41,2520,8,7,,,,
powertraces-pt200array_pt220_r4_7536323_9-486809b730,2026-05-01T12:46:41.716Z,124.078,3,157.34,2520,33,33,,,,
powertraces-pt200array_pt220_r4_7536323_9-486809b730,2026-05-01T12:46:41.816Z,124.178,0,165.86,2520,24,25,,,,
powertraces-pt200array_pt220_r4_7536323_9-486809b730,2026-05-01T12:46:41.816Z,124.178,1,162.22,2520,36,37,,,,
powertraces-pt200array_pt220_r4_7536323_9-486809b730,2026-05-01T12:46:41.816Z,124.178,2,161.68,2520,36,37,,,,
powertraces-pt200array_pt220_r4_7536323_9-486809b730,2026-05-01T12:46:41.816Z,124.178,3,150.92,2520,25,27,,,,
powertraces-pt200array_pt220_r4_7536323_9-486809b730,2026-05-01T12:46:41.916Z,124.278,0,165.87,2520,24,25,,,,
powertraces-pt200array_pt220_r4_7536323_9-486809b730,2026-05-01T12:46:41.916Z,124.278,1,154.08,2520,36,37,,,,
powertraces-pt200array_pt220_r4_7536323_9-486809b730,2026-05-01T12:46:41.916Z,124.278,2,159.71,2520,36,37,,,,
powertraces-pt200array_pt220_r4_7536323_9-486809b730,2026-05-01T12:46:41.916Z,124.278,3,152.18,2520,25,27,,,,
powertraces-pt200array_pt220_r4_7536323_9-486809b730,2026-05-01T12:46:42.016Z,124.378,0,156.57,2520,32,32,,,,
powertraces-pt200array_pt220_r4_7536323_9-486809b730,2026-05-01T12:46:42.016Z,124.378,1,161.85,2520,19,19,,,,
powertraces-pt200array_pt220_r4_7536323_9-486809b730,2026-05-01T12:46:42.016Z,124.378,2,166.73,2520,23,23,,,,
powertraces-pt200array_pt220_r4_7536323_9-486809b730,2026-05-01T12:46:42.016Z,124.378,3,168.63,2520,32,31,,,,
powertraces-pt200array_pt220_r4_7536323_9-486809b730,2026-05-01T12:46:42.116Z,124.478,0,159.36,2520,32,32,,,,
powertraces-pt200array_pt220_r4_7536323_9-486809b730,2026-05-01T12:46:42.116Z,124.478,1,162.06,2520,19,19,,,,
powertraces-pt200array_pt220_r4_7536323_9-486809b730,2026-05-01T12:46:42.116Z,124.478,2,164.55,2520,23,23,,,,
powertraces-pt200array_pt220_r4_7536323_9-486809b730,2026-05-01T12:46:42.116Z,124.478,3,168.5,2520,32,31,,,,
powertraces-pt200array_pt220_r4_7536323_9-486809b730,2026-05-01T12:46:42.217Z,124.579,0,154.21,2520,9,9,,,,
powertraces-pt200array_pt220_r4_7536323_9-486809b730,2026-05-01T12:46:42.217Z,124.579,1,166.0,2520,36,37,,,,
powertraces-pt200array_pt220_r4_7536323_9-486809b730,2026-05-01T12:46:42.217Z,124.579,2,170.52,2520,37,37,,,,
powertraces-pt200array_pt220_r4_7536323_9-486809b730,2026-05-01T12:46:42.217Z,124.579,3,168.55,2520,33,33,,,,
powertraces-pt200array_pt220_r4_7536323_9-486809b730,2026-05-01T12:46:42.317Z,124.679,0,154.22,2520,9,9,,,,
powertraces-pt200array_pt220_r4_7536323_9-486809b730,2026-05-01T12:46:42.317Z,124.679,1,170.51,2520,36,37,,,,
powertraces-pt200array_pt220_r4_7536323_9-486809b730,2026-05-01T12:46:42.317Z,124.679,2,168.14,2520,37,37,,,,
powertraces-pt200array_pt220_r4_7536323_9-486809b730,2026-05-01T12:46:42.317Z,124.679,3,170.02,2520,33,33,,,,
powertraces-pt200array_pt220_r4_7536323_9-486809b730,2026-05-01T12:46:42.417Z,124.779,0,154.64,2520,32,32,,,,
powertraces-pt200array_pt220_r4_7536323_9-486809b730,2026-05-01T12:46:42.417Z,124.779,1,170.57,2520,8,7,,,,
powertraces-pt200array_pt220_r4_7536323_9-486809b730,2026-05-01T12:46:42.417Z,124.779,2,162.36,2520,31,32,,,,
powertraces-pt200array_pt220_r4_7536323_9-486809b730,2026-05-01T12:46:42.417Z,124.779,3,168.09,2520,18,17,,,,
powertraces-pt200array_pt220_r4_7536323_9-486809b730,2026-05-01T12:46:42.517Z,124.879,0,156.18,2520,32,32,,,,
powertraces-pt200array_pt220_r4_7536323_9-486809b730,2026-05-01T12:46:42.517Z,124.879,1,173.24,2520,8,7,,,,
powertraces-pt200array_pt220_r4_7536323_9-486809b730,2026-05-01T12:46:42.517Z,124.879,2,163.06,2520,31,32,,,,
powertraces-pt200array_pt220_r4_7536323_9-486809b730,2026-05-01T12:46:42.517Z,124.879,3,168.06,2520,18,17,,,,
powertraces-pt200array_pt220_r4_7536323_9-486809b730,2026-05-01T12:46:42.617Z,124.979,0,156.23,2520,0,0,,,,
powertraces-pt200array_pt220_r4_7536323_9-486809b730,2026-05-01T12:46:42.617Z,124.979,1,170.29,2520,29,30,,,,
powertraces-pt200array_pt220_r4_7536323_9-486809b730,2026-05-01T12:46:42.617Z,124.979,2,161.92,2520,31,31,,,,
powertraces-pt200array_pt220_r4_7536323_9-486809b730,2026-05-01T12:46:42.617Z,124.979,3,168.42,2520,33,33,,,,
powertraces-pt200array_pt220_r4_7536323_9-486809b730,2026-05-01T12:46:42.717Z,125.079,0,156.34,2520,0,0,,,,
powertraces-pt200array_pt220_r4_7536323_9-486809b730,2026-05-01T12:46:42.717Z,125.079,1,168.73,2520,29,30,,,,
powertraces-pt200array_pt220_r4_7536323_9-486809b730,2026-05-01T12:46:42.717Z,125.079,2,163.02,2520,31,31,,,,
powertraces-pt200array_pt220_r4_7536323_9-486809b730,2026-05-01T12:46:42.717Z,125.079,3,172.07,2520,33,33,,,,
powertraces-pt200array_pt220_r4_7536323_9-486809b730,2026-05-01T12:46:42.817Z,125.179,0,157.39,2520,33,33,,,,
powertraces-pt200array_pt220_r4_7536323_9-486809b730,2026-05-01T12:46:42.817Z,125.179,1,168.91,2520,15,14,,,,
powertraces-pt200array_pt220_r4_7536323_9-486809b730,2026-05-01T12:46:42.817Z,125.179,2,163.14,2520,29,30,,,,
powertraces-pt200array_pt220_r4_7536323_9-486809b730,2026-05-01T12:46:42.817Z,125.179,3,166.25,2520,4,3,,,,
powertraces-pt200array_pt220_r4_7536323_9-486809b730,2026-05-01T12:46:42.917Z,125.279,0,156.33,2520,33,33,,,,
powertraces-pt200array_pt220_r4_7536323_9-486809b730,2026-05-01T12:46:42.918Z,125.28,1,170.26,2520,15,14,,,,
powertraces-pt200array_pt220_r4_7536323_9-486809b730,2026-05-01T12:46:42.918Z,125.28,2,164.84,2520,29,30,,,,
powertraces-pt200array_pt220_r4_7536323_9-486809b730,2026-05-01T12:46:42.918Z,125.28,3,166.32,2520,4,3,,,,
powertraces-pt200array_pt220_r4_7536323_9-486809b730,2026-05-01T12:46:43.018Z,125.38,0,156.39,2520,5,4,,,,
powertraces-pt200array_pt220_r4_7536323_9-486809b730,2026-05-01T12:46:43.018Z,125.38,1,172.36,2520,29,30,,,,
powertraces-pt200array_pt220_r4_7536323_9-486809b730,2026-05-01T12:46:43.018Z,125.38,2,161.5,2520,17,16,,,,
powertraces-pt200array_pt220_r4_7536323_9-486809b730,2026-05-01T12:46:43.018Z,125.38,3,166.77,2520,33,33,,,,
powertraces-pt200array_pt220_r4_7536323_9-486809b730,2026-05-01T12:46:43.118Z,125.48,0,168.11,2520,5,4,,,,
powertraces-pt200array_pt220_r4_7536323_9-486809b730,2026-05-01T12:46:43.118Z,125.48,1,176.37,2520,29,30,,,,
powertraces-pt200array_pt220_r4_7536323_9-486809b730,2026-05-01T12:46:43.118Z,125.48,2,163.9,2520,17,16,,,,
powertraces-pt200array_pt220_r4_7536323_9-486809b730,2026-05-01T12:46:43.118Z,125.48,3,162.55,2520,33,33,,,,
powertraces-pt200array_pt220_r4_7536323_9-486809b730,2026-05-01T12:46:43.218Z,125.58,0,161.82,2520,40,43,,,,
powertraces-pt200array_pt220_r4_7536323_9-486809b730,2026-05-01T12:46:43.218Z,125.58,1,180.92,2520,37,37,,,,
powertraces-pt200array_pt220_r4_7536323_9-486809b730,2026-05-01T12:46:43.218Z,125.58,2,176.08,2520,86,92,,,,
powertraces-pt200array_pt220_r4_7536323_9-486809b730,2026-05-01T12:46:43.218Z,125.58,3,176.77,2520,65,67,,,,
powertraces-pt200array_pt220_r4_7536323_9-486809b730,2026-05-01T12:46:43.318Z,125.68,0,156.28,2520,40,43,,,,
powertraces-pt200array_pt220_r4_7536323_9-486809b730,2026-05-01T12:46:43.318Z,125.68,1,185.35,2520,37,37,,,,
powertraces-pt200array_pt220_r4_7536323_9-486809b730,2026-05-01T12:46:43.318Z,125.68,2,166.88,2520,86,92,,,,
powertraces-pt200array_pt220_r4_7536323_9-486809b730,2026-05-01T12:46:43.318Z,125.68,3,188.32,2520,65,67,,,,
powertraces-pt200array_pt220_r4_7536323_9-486809b730,2026-05-01T12:46:43.418Z,125.78,0,159.08,2520,32,32,,,,
powertraces-pt200array_pt220_r4_7536323_9-486809b730,2026-05-01T12:46:43.418Z,125.78,1,172.97,2520,14,14,,,,
powertraces-pt200array_pt220_r4_7536323_9-486809b730,2026-05-01T12:46:43.418Z,125.78,2,166.12,2520,29,30,,,,
powertraces-pt200array_pt220_r4_7536323_9-486809b730,2026-05-01T12:46:43.418Z,125.78,3,185.49,2520,4,4,,,,
powertraces-pt200array_pt220_r4_7536323_9-486809b730,2026-05-01T12:46:43.518Z,125.88,0,171.09,2520,32,32,,,,
powertraces-pt200array_pt220_r4_7536323_9-486809b730,2026-05-01T12:46:43.518Z,125.88,1,177.19,2520,14,14,,,,
powertraces-pt200array_pt220_r4_7536323_9-486809b730,2026-05-01T12:46:43.518Z,125.88,2,171.1,2520,29,30,,,,
powertraces-pt200array_pt220_r4_7536323_9-486809b730,2026-05-01T12:46:43.518Z,125.88,3,172.78,2520,4,4,,,,
powertraces-pt200array_pt220_r4_7536323_9-486809b730,2026-05-01T12:46:43.618Z,125.98,0,156.35,2520,7,5,,,,
powertraces-pt200array_pt220_r4_7536323_9-486809b730,2026-05-01T12:46:43.618Z,125.98,1,182.77,2520,29,30,,,,
powertraces-pt200array_pt220_r4_7536323_9-486809b730,2026-05-01T12:46:43.618Z,125.98,2,176.31,2520,17,17,,,,
powertraces-pt200array_pt220_r4_7536323_9-486809b730,2026-05-01T12:46:43.618Z,125.98,3,174.6,2520,33,33,,,,
powertraces-pt200array_pt220_r4_7536323_9-486809b730,2026-05-01T12:46:43.718Z,126.08,0,156.79,2520,7,5,,,,
powertraces-pt200array_pt220_r4_7536323_9-486809b730,2026-05-01T12:46:43.719Z,126.081,1,185.43,2520,29,30,,,,
powertraces-pt200array_pt220_r4_7536323_9-486809b730,2026-05-01T12:46:43.719Z,126.081,2,171.11,2520,17,17,,,,
powertraces-pt200array_pt220_r4_7536323_9-486809b730,2026-05-01T12:46:43.719Z,126.081,3,189.65,2520,33,33,,,,
powertraces-pt200array_pt220_r4_7536323_9-486809b730,2026-05-01T12:46:43.819Z,126.181,0,165.55,2520,32,32,,,,
powertraces-pt200array_pt220_r4_7536323_9-486809b730,2026-05-01T12:46:43.819Z,126.181,1,172.73,2520,28,28,,,,
powertraces-pt200array_pt220_r4_7536323_9-486809b730,2026-05-01T12:46:43.819Z,126.181,2,168.7,2520,29,30,,,,
powertraces-pt200array_pt220_r4_7536323_9-486809b730,2026-05-01T12:46:43.819Z,126.181,3,177.6,2520,5,5,,,,
powertraces-pt200array_pt220_r4_7536323_9-486809b730,2026-05-01T12:46:43.919Z,126.281,0,163.73,2520,32,32,,,,
powertraces-pt200array_pt220_r4_7536323_9-486809b730,2026-05-01T12:46:43.919Z,126.281,1,181.79,2520,28,28,,,,
powertraces-pt200array_pt220_r4_7536323_9-486809b730,2026-05-01T12:46:43.919Z,126.281,2,184.66,2520,29,30,,,,
powertraces-pt200array_pt220_r4_7536323_9-486809b730,2026-05-01T12:46:43.919Z,126.281,3,177.87,2520,5,5,,,,
powertraces-pt200array_pt220_r4_7536323_9-486809b730,2026-05-01T12:46:44.019Z,126.381,0,151.04,2520,21,21,,,,
powertraces-pt200array_pt220_r4_7536323_9-486809b730,2026-05-01T12:46:44.019Z,126.381,1,193.51,2520,29,30,,,,
powertraces-pt200array_pt220_r4_7536323_9-486809b730,2026-05-01T12:46:44.019Z,126.381,2,180.76,2520,8,7,,,,
powertraces-pt200array_pt220_r4_7536323_9-486809b730,2026-05-01T12:46:44.019Z,126.381,3,183.27,2520,33,33,,,,
powertraces-pt200array_pt220_r4_7536323_9-486809b730,2026-05-01T12:46:44.119Z,126.481,0,152.37,2520,21,21,,,,
powertraces-pt200array_pt220_r4_7536323_9-486809b730,2026-05-01T12:46:44.119Z,126.481,1,187.23,2520,29,30,,,,
powertraces-pt200array_pt220_r4_7536323_9-486809b730,2026-05-01T12:46:44.119Z,126.481,2,173.86,2520,8,7,,,,
powertraces-pt200array_pt220_r4_7536323_9-486809b730,2026-05-01T12:46:44.119Z,126.481,3,192.48,2520,33,33,,,,
powertraces-pt200array_pt220_r4_7536323_9-486809b730,2026-05-01T12:46:44.219Z,126.581,0,153.2,2520,29,30,,,,
powertraces-pt200array_pt220_r4_7536323_9-486809b730,2026-05-01T12:46:44.219Z,126.581,1,176.91,2520,36,37,,,,
powertraces-pt200array_pt220_r4_7536323_9-486809b730,2026-05-01T12:46:44.219Z,126.581,2,166.74,2520,36,37,,,,
powertraces-pt200array_pt220_r4_7536323_9-486809b730,2026-05-01T12:46:44.219Z,126.581,3,180.42,2520,19,20,,,,
powertraces-pt200array_pt220_r4_7536323_9-486809b730,2026-05-01T12:46:44.319Z,126.681,0,152.94,2520,29,30,,,,
powertraces-pt200array_pt220_r4_7536323_9-486809b730,2026-05-01T12:46:44.319Z,126.681,1,174.8,2520,36,37,,,,
powertraces-pt200array_pt220_r4_7536323_9-486809b730,2026-05-01T12:46:44.319Z,126.681,2,166.72,2520,36,37,,,,
powertraces-pt200array_pt220_r4_7536323_9-486809b730,2026-05-01T12:46:44.319Z,126.681,3,167.08,2520,19,20,,,,
powertraces-pt200array_pt220_r4_7536323_9-486809b730,2026-05-01T12:46:44.419Z,126.781,0,152.98,2520,32,32,,,,
powertraces-pt200array_pt220_r4_7536323_9-486809b730,2026-05-01T12:46:44.419Z,126.781,1,172.64,2520,26,25,,,,
powertraces-pt200array_pt220_r4_7536323_9-486809b730,2026-05-01T12:46:44.419Z,126.781,2,167.86,2520,16,16,,,,
powertraces-pt200array_pt220_r4_7536323_9-486809b730,2026-05-01T12:46:44.419Z,126.781,3,170.83,2520,33,33,,,,
powertraces-pt200array_pt220_r4_7536323_9-486809b730,2026-05-01T12:46:44.519Z,126.881,0,154.03,2520,32,32,,,,
powertraces-pt200array_pt220_r4_7536323_9-486809b730,2026-05-01T12:46:44.52Z,126.882,1,172.85,2520,26,25,,,,
powertraces-pt200array_pt220_r4_7536323_9-486809b730,2026-05-01T12:46:44.52Z,126.882,2,167.96,2520,16,16,,,,
powertraces-pt200array_pt220_r4_7536323_9-486809b730,2026-05-01T12:46:44.52Z,126.882,3,169.59,2520,33,33,,,,
powertraces-pt200array_pt220_r4_7536323_9-486809b730,2026-05-01T12:46:44.62Z,126.982,0,151.65,2520,15,16,,,,
powertraces-pt200array_pt220_r4_7536323_9-486809b730,2026-05-01T12:46:44.62Z,126.982,1,174.79,2520,36,37,,,,
powertraces-pt200array_pt220_r4_7536323_9-486809b730,2026-05-01T12:46:44.62Z,126.982,2,170.36,2520,37,37,,,,
powertraces-pt200array_pt220_r4_7536323_9-486809b730,2026-05-01T12:46:44.62Z,126.982,3,169.66,2520,33,33,,,,
powertraces-pt200array_pt220_r4_7536323_9-486809b730,2026-05-01T12:46:44.72Z,127.082,0,151.65,2520,15,16,,,,
powertraces-pt200array_pt220_r4_7536323_9-486809b730,2026-05-01T12:46:44.72Z,127.082,1,177.93,2520,36,37,,,,
powertraces-pt200array_pt220_r4_7536323_9-486809b730,2026-05-01T12:46:44.72Z,127.082,2,165.01,2520,37,37,,,,
powertraces-pt200array_pt220_r4_7536323_9-486809b730,2026-05-01T12:46:44.72Z,127.082,3,170.49,2520,33,33,,,,
powertraces-pt200array_pt220_r4_7536323_9-486809b730,2026-05-01T12:46:44.82Z,127.182,0,151.92,2520,32,32,,,,
powertraces-pt200array_pt220_r4_7536323_9-486809b730,2026-05-01T12:46:44.82Z,127.182,1,172.92,2520,11,10,,,,
powertraces-pt200array_pt220_r4_7536323_9-486809b730,2026-05-01T12:46:44.82Z,127.182,2,162.13,2520,31,31,,,,
powertraces-pt200array_pt220_r4_7536323_9-486809b730,2026-05-01T12:46:44.82Z,127.182,3,170.33,2520,24,23,,,,
powertraces-pt200array_pt220_r4_7536323_9-486809b730,2026-05-01T12:46:44.92Z,127.282,0,156.28,2520,32,32,,,,
powertraces-pt200array_pt220_r4_7536323_9-486809b730,2026-05-01T12:46:44.92Z,127.282,1,173.41,2520,11,10,,,,
powertraces-pt200array_pt220_r4_7536323_9-486809b730,2026-05-01T12:46:44.92Z,127.282,2,162.61,2520,31,31,,,,
powertraces-pt200array_pt220_r4_7536323_9-486809b730,2026-05-01T12:46:44.92Z,127.282,3,170.36,2520,24,23,,,,
powertraces-pt200array_pt220_r4_7536323_9-486809b730,2026-05-01T12:46:45.02Z,127.382,0,154.98,2520,0,0,,,,
powertraces-pt200array_pt220_r4_7536323_9-486809b730,2026-05-01T12:46:45.02Z,127.382,1,166.44,2520,33,34,,,,
powertraces-pt200array_pt220_r4_7536323_9-486809b730,2026-05-01T12:46:45.02Z,127.382,2,162.34,2520,36,37,,,,
powertraces-pt200array_pt220_r4_7536323_9-486809b730,2026-05-01T12:46:45.02Z,127.382,3,170.56,2520,33,33,,,,
powertraces-pt200array_pt220_r4_7536323_9-486809b730,2026-05-01T12:46:45.12Z,127.482,0,155.0,2520,0,0,,,,
powertraces-pt200array_pt220_r4_7536323_9-486809b730,2026-05-01T12:46:45.12Z,127.482,1,165.75,2520,33,34,,,,
powertraces-pt200array_pt220_r4_7536323_9-486809b730,2026-05-01T12:46:45.12Z,127.482,2,163.12,2520,36,37,,,,
powertraces-pt200array_pt220_r4_7536323_9-486809b730,2026-05-01T12:46:45.12Z,127.482,3,173.3,2520,33,33,,,,
powertraces-pt200array_pt220_r4_7536323_9-486809b730,2026-05-01T12:46:45.22Z,127.582,0,155.79,2520,33,33,,,,
powertraces-pt200array_pt220_r4_7536323_9-486809b730,2026-05-01T12:46:45.22Z,127.582,1,165.84,2520,10,9,,,,
powertraces-pt200array_pt220_r4_7536323_9-486809b730,2026-05-01T12:46:45.22Z,127.582,2,163.17,2520,29,30,,,,
powertraces-pt200array_pt220_r4_7536323_9-486809b730,2026-05-01T12:46:45.22Z,127.582,3,169.73,2520,9,7,,,,
powertraces-pt200array_pt220_r4_7536323_9-486809b730,2026-05-01T12:46:45.321Z,127.683,0,159.16,2520,33,33,,,,
powertraces-pt200array_pt220_r4_7536323_9-486809b730,2026-05-01T12:46:45.321Z,127.683,1,174.96,2520,10,9,,,,
powertraces-pt200array_pt220_r4_7536323_9-486809b730,2026-05-01T12:46:45.321Z,127.683,2,164.76,2520,29,30,,,,
powertraces-pt200array_pt220_r4_7536323_9-486809b730,2026-05-01T12:46:45.321Z,127.683,3,169.74,2520,9,7,,,,
powertraces-pt200array_pt220_r4_7536323_9-486809b730,2026-05-01T12:46:45.421Z,127.783,0,171.56,2520,97,100,,,,
powertraces-pt200array_pt220_r4_7536323_9-486809b730,2026-05-01T12:46:45.421Z,127.783,1,177.07,2520,79,84,,,,
powertraces-pt200array_pt220_r4_7536323_9-486809b730,2026-05-01T12:46:45.421Z,127.783,2,164.71,2520,66,71,,,,
powertraces-pt200array_pt220_r4_7536323_9-486809b730,2026-05-01T12:46:45.421Z,127.783,3,182.23,2520,89,98,,,,
powertraces-pt200array_pt220_r4_7536323_9-486809b730,2026-05-01T12:46:45.521Z,127.883,0,184.76,2520,97,100,,,,
powertraces-pt200array_pt220_r4_7536323_9-486809b730,2026-05-01T12:46:45.521Z,127.883,1,166.6,2520,79,84,,,,
powertraces-pt200array_pt220_r4_7536323_9-486809b730,2026-05-01T12:46:45.521Z,127.883,2,169.36,2520,66,71,,,,
powertraces-pt200array_pt220_r4_7536323_9-486809b730,2026-05-01T12:46:45.521Z,127.883,3,167.35,2520,89,98,,,,
powertraces-pt200array_pt220_r4_7536323_9-486809b730,2026-05-01T12:46:45.621Z,127.983,0,180.88,2520,0,0,,,,
powertraces-pt200array_pt220_r4_7536323_9-486809b730,2026-05-01T12:46:45.621Z,127.983,1,169.06,2520,33,34,,,,
powertraces-pt200array_pt220_r4_7536323_9-486809b730,2026-05-01T12:46:45.621Z,127.983,2,184.27,2520,36,36,,,,
powertraces-pt200array_pt220_r4_7536323_9-486809b730,2026-05-01T12:46:45.621Z,127.983,3,167.84,2520,33,33,,,,
powertraces-pt200array_pt220_r4_7536323_9-486809b730,2026-05-01T12:46:45.721Z,128.083,0,170.34,2520,0,0,,,,
powertraces-pt200array_pt220_r4_7536323_9-486809b730,2026-05-01T12:46:45.721Z,128.083,1,177.98,2520,33,34,,,,
powertraces-pt200array_pt220_r4_7536323_9-486809b730,2026-05-01T12:46:45.721Z,128.083,2,179.01,2520,36,36,,,,
powertraces-pt200array_pt220_r4_7536323_9-486809b730,2026-05-01T12:46:45.721Z,128.083,3,176.11,2520,33,33,,,,
powertraces-pt200array_pt220_r4_7536323_9-486809b730,2026-05-01T12:46:45.821Z,128.183,0,172.48,2520,32,32,,,,
powertraces-pt200array_pt220_r4_7536323_9-486809b730,2026-05-01T12:46:45.821Z,128.183,1,169.57,2520,10,9,,,,
powertraces-pt200array_pt220_r4_7536323_9-486809b730,2026-05-01T12:46:45.821Z,128.183,2,177.61,2520,29,30,,,,
powertraces-pt200array_pt220_r4_7536323_9-486809b730,2026-05-01T12:46:45.821Z,128.183,3,180.18,2520,8,6,,,,
powertraces-pt200array_pt220_r4_7536323_9-486809b730,2026-05-01T12:46:45.921Z,128.283,0,186.0,2520,32,32,,,,
powertraces-pt200array_pt220_r4_7536323_9-486809b730,2026-05-01T12:46:45.921Z,128.283,1,172.63,2520,10,9,,,,
powertraces-pt200array_pt220_r4_7536323_9-486809b730,2026-05-01T12:46:45.921Z,128.283,2,175.26,2520,29,30,,,,
powertraces-pt200array_pt220_r4_7536323_9-486809b730,2026-05-01T12:46:45.921Z,128.283,3,164.76,2520,8,6,,,,
powertraces-pt200array_pt220_r4_7536323_9-486809b730,2026-05-01T12:46:46.021Z,128.383,0,172.72,2520,4,3,,,,
powertraces-pt200array_pt220_r4_7536323_9-486809b730,2026-05-01T12:46:46.021Z,128.383,1,176.02,2520,29,30,,,,
powertraces-pt200array_pt220_r4_7536323_9-486809b730,2026-05-01T12:46:46.021Z,128.383,2,184.19,2520,21,21,,,,
powertraces-pt200array_pt220_r4_7536323_9-486809b730,2026-05-01T12:46:46.021Z,128.383,3,166.17,2520,33,33,,,,
powertraces-pt200array_pt220_r4_7536323_9-486809b730,2026-05-01T12:46:46.122Z,128.484,0,173.11,2520,4,3,,,,
powertraces-pt200array_pt220_r4_7536323_9-486809b730,2026-05-01T12:46:46.122Z,128.484,1,182.09,2520,29,30,,,,
powertraces-pt200array_pt220_r4_7536323_9-486809b730,2026-05-01T12:46:46.122Z,128.484,2,175.39,2520,21,21,,,,
powertraces-pt200array_pt220_r4_7536323_9-486809b730,2026-05-01T12:46:46.122Z,128.484,3,183.4,2520,33,33,,,,
powertraces-pt200array_pt220_r4_7536323_9-486809b730,2026-05-01T12:46:46.222Z,128.584,0,180.09,2520,32,32,,,,
powertraces-pt200array_pt220_r4_7536323_9-486809b730,2026-05-01T12:46:46.222Z,128.584,1,167.2,2520,25,25,,,,
powertraces-pt200array_pt220_r4_7536323_9-486809b730,2026-05-01T12:46:46.222Z,128.584,2,173.77,2520,29,30,,,,
powertraces-pt200array_pt220_r4_7536323_9-486809b730,2026-05-01T12:46:46.222Z,128.584,3,175.25,2520,2,2,,,,
powertraces-pt200array_pt220_r4_7536323_9-486809b730,2026-05-01T12:46:46.322Z,128.684,0,183.46,2520,32,32,,,,
powertraces-pt200array_pt220_r4_7536323_9-486809b730,2026-05-01T12:46:46.322Z,128.684,1,177.6,2520,25,25,,,,
powertraces-pt200array_pt220_r4_7536323_9-486809b730,2026-05-01T12:46:46.322Z,128.684,2,185.52,2520,29,30,,,,
powertraces-pt200array_pt220_r4_7536323_9-486809b730,2026-05-01T12:46:46.322Z,128.684,3,168.03,2520,2,2,,,,
powertraces-pt200array_pt220_r4_7536323_9-486809b730,2026-05-01T12:46:46.422Z,128.784,0,167.23,2520,18,17,,,,
powertraces-pt200array_pt220_r4_7536323_9-486809b730,2026-05-01T12:46:46.422Z,128.784,1,181.11,2520,29,30,,,,
powertraces-pt200array_pt220_r4_7536323_9-486809b730,2026-05-01T12:46:46.422Z,128.784,2,182.84,2520,8,7,,,,
powertraces-pt200array_pt220_r4_7536323_9-486809b730,2026-05-01T12:46:46.422Z,128.784,3,172.5,2520,33,33,,,,
powertraces-pt200array_pt220_r4_7536323_9-486809b730,2026-05-01T12:46:46.522Z,128.884,0,155.87,2520,18,17,,,,
powertraces-pt200array_pt220_r4_7536323_9-486809b730,2026-05-01T12:46:46.522Z,128.884,1,176.38,2520,29,30,,,,
powertraces-pt200array_pt220_r4_7536323_9-486809b730,2026-05-01T12:46:46.522Z,128.884,2,170.27,2520,8,7,,,,
powertraces-pt200array_pt220_r4_7536323_9-486809b730,2026-05-01T12:46:46.522Z,128.884,3,170.96,2520,33,33,,,,
powertraces-pt200array_pt220_r4_7536323_9-486809b730,2026-05-01T12:46:46.622Z,128.984,0,156.36,2520,31,32,,,,
powertraces-pt200array_pt220_r4_7536323_9-486809b730,2026-05-01T12:46:46.622Z,128.984,1,176.96,2520,36,37,,,,
powertraces-pt200array_pt220_r4_7536323_9-486809b730,2026-05-01T12:46:46.622Z,128.984,2,163.12,2520,35,35,,,,
powertraces-pt200array_pt220_r4_7536323_9-486809b730,2026-05-01T12:46:46.622Z,128.984,3,170.43,2520,16,17,,,,
powertraces-pt200array_pt220_r4_7536323_9-486809b730,2026-05-01T12:46:46.722Z,129.084,0,156.4,2520,31,32,,,,
powertraces-pt200array_pt220_r4_7536323_9-486809b730,2026-05-01T12:46:46.722Z,129.084,1,176.39,2520,36,37,,,,
powertraces-pt200array_pt220_r4_7536323_9-486809b730,2026-05-01T12:46:46.722Z,129.084,2,161.8,2520,35,35,,,,
powertraces-pt200array_pt220_r4_7536323_9-486809b730,2026-05-01T12:46:46.722Z,129.084,3,170.64,2520,16,17,,,,
powertraces-pt200array_pt220_r4_7536323_9-486809b730,2026-05-01T12:46:46.822Z,129.184,0,156.5,2520,32,32,,,,
powertraces-pt200array_pt220_r4_7536323_9-486809b730,2026-05-01T12:46:46.822Z,129.184,1,174.74,2520,28,28,,,,
powertraces-pt200array_pt220_r4_7536323_9-486809b730,2026-05-01T12:46:46.822Z,129.184,2,162.82,2520,14,13,,,,
powertraces-pt200array_pt220_r4_7536323_9-486809b730,2026-05-01T12:46:46.822Z,129.184,3,174.76,2520,33,33,,,,
powertraces-pt200array_pt220_r4_7536323_9-486809b730,2026-05-01T12:46:46.923Z,129.285,0,157.66,2520,32,32,,,,
powertraces-pt200array_pt220_r4_7536323_9-486809b730,2026-05-01T12:46:46.923Z,129.285,1,174.86,2520,28,28,,,,
powertraces-pt200array_pt220_r4_7536323_9-486809b730,2026-05-01T12:46:46.923Z,129.285,2,162.87,2520,14,13,,,,
powertraces-pt200array_pt220_r4_7536323_9-486809b730,2026-05-01T12:46:46.923Z,129.285,3,168.04,2520,33,33,,,,
powertraces-pt200array_pt220_r4_7536323_9-486809b730,2026-05-01T12:46:47.023Z,129.385,0,155.83,2520,18,19,,,,
powertraces-pt200array_pt220_r4_7536323_9-486809b730,2026-05-01T12:46:47.023Z,129.385,1,176.7,2520,36,37,,,,
powertraces-pt200array_pt220_r4_7536323_9-486809b730,2026-05-01T12:46:47.023Z,129.385,2,164.85,2520,36,37,,,,
powertraces-pt200array_pt220_r4_7536323_9-486809b730,2026-05-01T12:46:47.023Z,129.385,3,168.09,2520,31,31,,,,
powertraces-pt200array_pt220_r4_7536323_9-486809b730,2026-05-01T12:46:47.123Z,129.485,0,155.88,2520,18,19,,,,
powertraces-pt200array_pt220_r4_7536323_9-486809b730,2026-05-01T12:46:47.123Z,129.485,1,179.27,2520,36,37,,,,
powertraces-pt200array_pt220_r4_7536323_9-486809b730,2026-05-01T12:46:47.123Z,129.485,2,160.76,2520,36,37,,,,
powertraces-pt200array_pt220_r4_7536323_9-486809b730,2026-05-01T12:46:47.123Z,129.485,3,168.84,2520,31,31,,,,
powertraces-pt200array_pt220_r4_7536323_9-486809b730,2026-05-01T12:46:47.223Z,129.585,0,156.07,2520,32,32,,,,
powertraces-pt200array_pt220_r4_7536323_9-486809b730,2026-05-01T12:46:47.223Z,129.585,1,173.46,2520,14,13,,,,
powertraces-pt200array_pt220_r4_7536323_9-486809b730,2026-05-01T12:46:47.223Z,129.585,2,162.88,2520,28,28,,,,
powertraces-pt200array_pt220_r4_7536323_9-486809b730,2026-05-01T12:46:47.223Z,129.585,3,166.44,2520,26,25,,,,
powertraces-pt200array_pt220_r4_7536323_9-486809b730,2026-05-01T12:46:47.323Z,129.685,0,159.66,2520,32,32,,,,
powertraces-pt200array_pt220_r4_7536323_9-486809b730,2026-05-01T12:46:47.323Z,129.685,1,173.71,2520,14,13,,,,
powertraces-pt200array_pt220_r4_7536323_9-486809b730,2026-05-01T12:46:47.323Z,129.685,2,163.21,2520,28,28,,,,
powertraces-pt200array_pt220_r4_7536323_9-486809b730,2026-05-01T12:46:47.323Z,129.685,3,166.41,2520,26,25,,,,
powertraces-pt200array_pt220_r4_7536323_9-486809b730,2026-05-01T12:46:47.423Z,129.785,0,154.15,2520,3,3,,,,
powertraces-pt200array_pt220_r4_7536323_9-486809b730,2026-05-01T12:46:47.423Z,129.785,1,169.07,2520,36,36,,,,
powertraces-pt200array_pt220_r4_7536323_9-486809b730,2026-05-01T12:46:47.423Z,129.785,2,167.36,2520,36,37,,,,
powertraces-pt200array_pt220_r4_7536323_9-486809b730,2026-05-01T12:46:47.423Z,129.785,3,166.59,2520,33,33,,,,
powertraces-pt200array_pt220_r4_7536323_9-486809b730,2026-05-01T12:46:47.523Z,129.885,0,154.19,2520,3,3,,,,
powertraces-pt200array_pt220_r4_7536323_9-486809b730,2026-05-01T12:46:47.523Z,129.885,1,169.79,2520,36,36,,,,
powertraces-pt200array_pt220_r4_7536323_9-486809b730,2026-05-01T12:46:47.523Z,129.885,2,167.89,2520,36,37,,,,
powertraces-pt200array_pt220_r4_7536323_9-486809b730,2026-05-01T12:46:47.523Z,129.885,3,168.72,2520,33,33,,,,
powertraces-pt200array_pt220_r4_7536323_9-486809b730,2026-05-01T12:46:47.623Z,129.985,0,164.65,2520,64,69,,,,
powertraces-pt200array_pt220_r4_7536323_9-486809b730,2026-05-01T12:46:47.623Z,129.985,1,182.72,2520,72,78,,,,
powertraces-pt200array_pt220_r4_7536323_9-486809b730,2026-05-01T12:46:47.623Z,129.985,2,171.48,2520,36,38,,,,
powertraces-pt200array_pt220_r4_7536323_9-486809b730,2026-05-01T12:46:47.623Z,129.985,3,167.85,2520,30,33,,,,
powertraces-pt200array_pt220_r4_7536323_9-486809b730,2026-05-01T12:46:47.724Z,130.086,0,151.92,2520,64,69,,,,
powertraces-pt200array_pt220_r4_7536323_9-486809b730,2026-05-01T12:46:47.724Z,130.086,1,196.5,2520,72,78,,,,
powertraces-pt200array_pt220_r4_7536323_9-486809b730,2026-05-01T12:46:47.724Z,130.086,2,181.97,2520,36,38,,,,
powertraces-pt200array_pt220_r4_7536323_9-486809b730,2026-05-01T12:46:47.724Z,130.086,3,177.48,2520,30,33,,,,
powertraces-pt200array_pt220_r4_7536323_9-486809b730,2026-05-01T12:46:47.824Z,130.186,0,152.48,2520,19,17,,,,
powertraces-pt200array_pt220_r4_7536323_9-486809b730,2026-05-01T12:46:47.824Z,130.186,1,196.76,2520,13,13,,,,
powertraces-pt200array_pt220_r4_7536323_9-486809b730,2026-05-01T12:46:47.824Z,130.186,2,177.77,2520,30,27,,,,
powertraces-pt200array_pt220_r4_7536323_9-486809b730,2026-05-01T12:46:47.824Z,130.186,3,192.85,2520,35,34,,,,
powertraces-pt200array_pt220_r4_7536323_9-486809b730,2026-05-01T12:46:47.924Z,130.286,0,163.18,2520,19,17,,,,
powertraces-pt200array_pt220_r4_7536323_9-486809b730,2026-05-01T12:46:47.924Z,130.286,1,184.34,2520,13,13,,,,
powertraces-pt200array_pt220_r4_7536323_9-486809b730,2026-05-01T12:46:47.924Z,130.286,2,175.54,2520,30,27,,,,
powertraces-pt200array_pt220_r4_7536323_9-486809b730,2026-05-01T12:46:47.924Z,130.286,3,180.36,2520,35,34,,,,
powertraces-pt200array_pt220_r4_7536323_9-486809b730,2026-05-01T12:46:48.024Z,130.386,0,159.88,2520,3,3,,,,
powertraces-pt200array_pt220_r4_7536323_9-486809b730,2026-05-01T12:46:48.024Z,130.386,1,189.82,2520,36,36,,,,
powertraces-pt200array_pt220_r4_7536323_9-486809b730,2026-05-01T12:46:48.024Z,130.386,2,191.22,2520,36,37,,,,
powertraces-pt200array_pt220_r4_7536323_9-486809b730,2026-05-01T12:46:48.024Z,130.386,3,180.78,2520,33,33,,,,
powertraces-pt200array_pt220_r4_7536323_9-486809b730,2026-05-01T12:46:48.124Z,130.486,0,147.6,2520,3,3,,,,
powertraces-pt200array_pt220_r4_7536323_9-486809b730,2026-05-01T12:46:48.124Z,130.486,1,200.53,2520,36,36,,,,
powertraces-pt200array_pt220_r4_7536323_9-486809b730,2026-05-01T12:46:48.124Z,130.486,2,187.33,2520,36,37,,,,
powertraces-pt200array_pt220_r4_7536323_9-486809b730,2026-05-01T12:46:48.124Z,130.486,3,187.19,2520,33,33,,,,
powertraces-pt200array_pt220_r4_7536323_9-486809b730,2026-05-01T12:46:48.224Z,130.586,0,149.28,2520,32,32,,,,
powertraces-pt200array_pt220_r4_7536323_9-486809b730,2026-05-01T12:46:48.224Z,130.586,1,193.72,2520,8,7,,,,
powertraces-pt200array_pt220_r4_7536323_9-486809b730,2026-05-01T12:46:48.224Z,130.586,2,181.39,2520,29,30,,,,
powertraces-pt200array_pt220_r4_7536323_9-486809b730,2026-05-01T12:46:48.224Z,130.586,3,193.55,2520,11,10,,,,
powertraces-pt200array_pt220_r4_7536323_9-486809b730,2026-05-01T12:46:48.324Z,130.686,0,163.29,2520,32,32,,,,
powertraces-pt200array_pt220_r4_7536323_9-486809b730,2026-05-01T12:46:48.324Z,130.686,1,194.0,2520,8,7,,,,
powertraces-pt200array_pt220_r4_7536323_9-486809b730,2026-05-01T12:46:48.324Z,130.686,2,174.87,2520,29,30,,,,
powertraces-pt200array_pt220_r4_7536323_9-486809b730,2026-05-01T12:46:48.324Z,130.686,3,178.4,2520,11,10,,,,
powertraces-pt200array_pt220_r4_7536323_9-486809b730,2026-05-01T12:46:48.424Z,130.786,0,152.7,2520,1,0,,,,
powertraces-pt200array_pt220_r4_7536323_9-486809b730,2026-05-01T12:46:48.424Z,130.786,1,196.65,2520,29,30,,,,
powertraces-pt200array_pt220_r4_7536323_9-486809b730,2026-05-01T12:46:48.424Z,130.786,2,185.34,2520,24,24,,,,
powertraces-pt200array_pt220_r4_7536323_9-486809b730,2026-05-01T12:46:48.424Z,130.786,3,179.53,2520,33,33,,,,
powertraces-pt200array_pt220_r4_7536323_9-486809b730,2026-05-01T12:46:48.524Z,130.886,0,153.01,2520,1,0,,,,
powertraces-pt200array_pt220_r4_7536323_9-486809b730,2026-05-01T12:46:48.525Z,130.887,1,201.75,2520,29,30,,,,
powertraces-pt200array_pt220_r4_7536323_9-486809b730,2026-05-01T12:46:48.525Z,130.887,2,174.77,2520,24,24,,,,
powertraces-pt200array_pt220_r4_7536323_9-486809b730,2026-05-01T12:46:48.525Z,130.887,3,196.68,2520,33,33,,,,
powertraces-pt200array_pt220_r4_7536323_9-486809b730,2026-05-01T12:46:48.625Z,130.987,0,157.93,2520,32,32,,,,
powertraces-pt200array_pt220_r4_7536323_9-486809b730,2026-05-01T12:46:48.625Z,130.987,1,186.92,2520,22,21,,,,
powertraces-pt200array_pt220_r4_7536323_9-486809b730,2026-05-01T12:46:48.625Z,130.987,2,173.48,2520,29,30,,,,
powertraces-pt200array_pt220_r4_7536323_9-486809b730,2026-05-01T12:46:48.625Z,130.987,3,190.05,2520,0,0,,,,
powertraces-pt200array_pt220_r4_7536323_9-486809b730,2026-05-01T12:46:48.725Z,131.087,0,155.28,2520,32,32,,,,
powertraces-pt200array_pt220_r4_7536323_9-486809b730,2026-05-01T12:46:48.725Z,131.087,1,181.08,2520,22,21,,,,
powertraces-pt200array_pt220_r4_7536323_9-486809b730,2026-05-01T12:46:48.725Z,131.087,2,178.3,2520,29,30,,,,
powertraces-pt200array_pt220_r4_7536323_9-486809b730,2026-05-01T12:46:48.725Z,131.087,3,179.32,2520,0,0,,,,
powertraces-pt200array_pt220_r4_7536323_9-486809b730,2026-05-01T12:46:48.825Z,131.187,0,154.23,2520,14,13,,,,
powertraces-pt200array_pt220_r4_7536323_9-486809b730,2026-05-01T12:46:48.825Z,131.187,1,175.73,2520,29,30,,,,
powertraces-pt200array_pt220_r4_7536323_9-486809b730,2026-05-01T12:46:48.825Z,131.187,2,166.85,2520,10,9,,,,
powertraces-pt200array_pt220_r4_7536323_9-486809b730,2026-05-01T12:46:48.825Z,131.187,3,172.91,2520,33,33,,,,
powertraces-pt200array_pt220_r4_7536323_9-486809b730,2026-05-01T12:46:48.925Z,131.287,0,154.52,2520,14,13,,,,
powertraces-pt200array_pt220_r4_7536323_9-486809b730,2026-05-01T12:46:48.925Z,131.287,1,173.36,2520,29,30,,,,
powertraces-pt200array_pt220_r4_7536323_9-486809b730,2026-05-01T12:46:48.925Z,131.287,2,160.46,2520,10,9,,,,
powertraces-pt200array_pt220_r4_7536323_9-486809b730,2026-05-01T12:46:48.925Z,131.287,3,171.1,2520,33,33,,,,
powertraces-pt200array_pt220_r4_7536323_9-486809b730,2026-05-01T12:46:49.025Z,131.387,0,159.09,2520,32,32,,,,
powertraces-pt200array_pt220_r4_7536323_9-486809b730,2026-05-01T12:46:49.025Z,131.387,1,173.71,2520,36,36,,,,
powertraces-pt200array_pt220_r4_7536323_9-486809b730,2026-05-01T12:46:49.025Z,131.387,2,160.88,2520,31,32,,,,
powertraces-pt200array_pt220_r4_7536323_9-486809b730,2026-05-01T12:46:49.025Z,131.387,3,171.15,2520,12,13,,,,
powertraces-pt200array_pt220_r4_7536323_9-486809b730,2026-05-01T12:46:49.125Z,131.487,0,159.09,2520,32,32,,,,
powertraces-pt200array_pt220_r4_7536323_9-486809b730,2026-05-01T12:46:49.125Z,131.487,1,169.61,2520,36,36,,,,
powertraces-pt200array_pt220_r4_7536323_9-486809b730,2026-05-01T12:46:49.125Z,131.487,2,160.39,2520,31,32,,,,
powertraces-pt200array_pt220_r4_7536323_9-486809b730,2026-05-01T12:46:49.125Z,131.487,3,171.29,2520,12,13,,,,
powertraces-pt200array_pt220_r4_7536323_9-486809b730,2026-05-01T12:46:49.225Z,131.587,0,159.13,2520,29,29,,,,
powertraces-pt200array_pt220_r4_7536323_9-486809b730,2026-05-01T12:46:49.225Z,131.587,1,168.97,2520,30,30,,,,
powertraces-pt200array_pt220_r4_7536323_9-486809b730,2026-05-01T12:46:49.225Z,131.587,2,161.25,2520,10,9,,,,
powertraces-pt200array_pt220_r4_7536323_9-486809b730,2026-05-01T12:46:49.225Z,131.587,3,174.3,2520,33,33,,,,
powertraces-pt200array_pt220_r4_7536323_9-486809b730,2026-05-01T12:46:49.325Z,131.687,0,159.94,2520,29,29,,,,
powertraces-pt200array_pt220_r4_7536323_9-486809b730,2026-05-01T12:46:49.326Z,131.688,1,169.04,2520,30,30,,,,
powertraces-pt200array_pt220_r4_7536323_9-486809b730,2026-05-01T12:46:49.326Z,131.688,2,161.35,2520,10,9,,,,
powertraces-pt200array_pt220_r4_7536323_9-486809b730,2026-05-01T12:46:49.326Z,131.688,3,169.05,2520,33,33,,,,
powertraces-pt200array_pt220_r4_7536323_9-486809b730,2026-05-01T12:46:49.426Z,131.788,0,158.8,2520,22,23,,,,
powertraces-pt200array_pt220_r4_7536323_9-486809b730,2026-05-01T12:46:49.426Z,131.788,1,170.06,2520,36,37,,,,
powertraces-pt200array_pt220_r4_7536323_9-486809b730,2026-05-01T12:46:49.426Z,131.788,2,163.06,2520,36,37,,,,
powertraces-pt200array_pt220_r4_7536323_9-486809b730,2026-05-01T12:46:49.426Z,131.788,3,169.07,2520,27,28,,,,
powertraces-pt200array_pt220_r4_7536323_9-486809b730,2026-05-01T12:46:49.526Z,131.888,0,158.75,2520,22,23,,,,
powertraces-pt200array_pt220_r4_7536323_9-486809b730,2026-05-01T12:46:49.526Z,131.888,1,171.87,2520,36,37,,,,
powertraces-pt200array_pt220_r4_7536323_9-486809b730,2026-05-01T12:46:49.526Z,131.888,2,160.11,2520,36,37,,,,
powertraces-pt200array_pt220_r4_7536323_9-486809b730,2026-05-01T12:46:49.526Z,131.888,3,169.56,2520,27,28,,,,
powertraces-pt200array_pt220_r4_7536323_9-486809b730,2026-05-01T12:46:49.626Z,131.988,0,158.9,2520,33,33,,,,
powertraces-pt200array_pt220_r4_7536323_9-486809b730,2026-05-01T12:46:49.626Z,131.988,1,167.46,2520,18,17,,,,
powertraces-pt200array_pt220_r4_7536323_9-486809b730,2026-05-01T12:46:49.626Z,131.988,2,162.6,2520,25,25,,,,
powertraces-pt200array_pt220_r4_7536323_9-486809b730,2026-05-01T12:46:49.626Z,131.988,3,168.27,2520,30,29,,,,
powertraces-pt200array_pt220_r4_7536323_9-486809b730,2026-05-01T12:46:49.726Z,132.088,0,161.71,2520,33,33,,,,
powertraces-pt200array_pt220_r4_7536323_9-486809b730,2026-05-01T12:46:49.726Z,132.088,1,167.68,2520,18,17,,,,
powertraces-pt200array_pt220_r4_7536323_9-486809b730,2026-05-01T12:46:49.726Z,132.088,2,162.83,2520,25,25,,,,
powertraces-pt200array_pt220_r4_7536323_9-486809b730,2026-05-01T12:46:49.726Z,132.088,3,168.29,2520,30,29,,,,
powertraces-pt200array_pt220_r4_7536323_9-486809b730,2026-05-01T12:46:49.826Z,132.188,0,156.74,2520,7,8,,,,
powertraces-pt200array_pt220_r4_7536323_9-486809b730,2026-05-01T12:46:49.826Z,132.188,1,168.09,2520,44,46,,,,
powertraces-pt200array_pt220_r4_7536323_9-486809b730,2026-05-01T12:46:49.826Z,132.188,2,168.24,2520,37,37,,,,
powertraces-pt200array_pt220_r4_7536323_9-486809b730,2026-05-01T12:46:49.826Z,132.188,3,168.46,2520,33,33,,,,
powertraces-pt200array_pt220_r4_7536323_9-486809b730,2026-05-01T12:46:49.926Z,132.288,0,168.86,2520,7,8,,,,
powertraces-pt200array_pt220_r4_7536323_9-486809b730,2026-05-01T12:46:49.926Z,132.288,1,175.32,2520,44,46,,,,
powertraces-pt200array_pt220_r4_7536323_9-486809b730,2026-05-01T12:46:49.926Z,132.288,2,179.3,2520,37,37,,,,
powertraces-pt200array_pt220_r4_7536323_9-486809b730,2026-05-01T12:46:49.926Z,132.288,3,178.31,2520,33,33,,,,
powertraces-pt200array_pt220_r4_7536323_9-486809b730,2026-05-01T12:46:50.026Z,132.388,0,176.22,2520,20,18,,,,
powertraces-pt200array_pt220_r4_7536323_9-486809b730,2026-05-01T12:46:50.026Z,132.388,1,179.31,2520,22,20,,,,
powertraces-pt200array_pt220_r4_7536323_9-486809b730,2026-05-01T12:46:50.026Z,132.388,2,186.29,2520,70,74,,,,
powertraces-pt200array_pt220_r4_7536323_9-486809b730,2026-05-01T12:46:50.026Z,132.388,3,166.08,2520,38,38,,,,
powertraces-pt200array_pt220_r4_7536323_9-486809b730,2026-05-01T12:46:50.127Z,132.489,0,160.81,2520,20,18,,,,
powertraces-pt200array_pt220_r4_7536323_9-486809b730,2026-05-01T12:46:50.127Z,132.489,1,183.28,2520,22,20,,,,
powertraces-pt200array_pt220_r4_7536323_9-486809b730,2026-05-01T12:46:50.127Z,132.489,2,194.75,2520,70,74,,,,
powertraces-pt200array_pt220_r4_7536323_9-486809b730,2026-05-01T12:46:50.127Z,132.489,3,167.65,2520,38,38,,,,
powertraces-pt200array_pt220_r4_7536323_9-486809b730,2026-05-01T12:46:50.227Z,132.589,0,161.24,2520,32,32,,,,
powertraces-pt200array_pt220_r4_7536323_9-486809b730,2026-05-01T12:46:50.227Z,132.589,1,188.73,2520,18,17,,,,
powertraces-pt200array_pt220_r4_7536323_9-486809b730,2026-05-01T12:46:50.227Z,132.589,2,187.28,2520,24,24,,,,
powertraces-pt200array_pt220_r4_7536323_9-486809b730,2026-05-01T12:46:50.227Z,132.589,3,183.57,2520,30,30,,,,
powertraces-pt200array_pt220_r4_7536323_9-486809b730,2026-05-01T12:46:50.327Z,132.689,0,168.44,2520,32,32,,,,
powertraces-pt200array_pt220_r4_7536323_9-486809b730,2026-05-01T12:46:50.327Z,132.689,1,174.38,2520,18,17,,,,
powertraces-pt200array_pt220_r4_7536323_9-486809b730,2026-05-01T12:46:50.327Z,132.689,2,185.39,2520,24,24,,,,
powertraces-pt200array_pt220_r4_7536323_9-486809b730,2026-05-01T12:46:50.327Z,132.689,3,174.09,2520,30,30,,,,
powertraces-pt200array_pt220_r4_7536323_9-486809b730,2026-05-01T12:46:50.427Z,132.789,0,169.9,2520,8,8,,,,
powertraces-pt200array_pt220_r4_7536323_9-486809b730,2026-05-01T12:46:50.427Z,132.789,1,184.4,2520,36,37,,,,
powertraces-pt200array_pt220_r4_7536323_9-486809b730,2026-05-01T12:46:50.427Z,132.789,2,197.71,2520,37,37,,,,
powertraces-pt200array_pt220_r4_7536323_9-486809b730,2026-05-01T12:46:50.427Z,132.789,3,171.18,2520,33,33,,,,
powertraces-pt200array_pt220_r4_7536323_9-486809b730,2026-05-01T12:46:50.527Z,132.889,0,156.59,2520,8,8,,,,
powertraces-pt200array_pt220_r4_7536323_9-486809b730,2026-05-01T12:46:50.527Z,132.889,1,195.15,2520,36,37,,,,
powertraces-pt200array_pt220_r4_7536323_9-486809b730,2026-05-01T12:46:50.527Z,132.889,2,194.55,2520,37,37,,,,
powertraces-pt200array_pt220_r4_7536323_9-486809b730,2026-05-01T12:46:50.527Z,132.889,3,175.69,2520,33,33,,,,
powertraces-pt200array_pt220_r4_7536323_9-486809b730,2026-05-01T12:46:50.627Z,132.989,0,157.81,2520,32,32,,,,
powertraces-pt200array_pt220_r4_7536323_9-486809b730,2026-05-01T12:46:50.627Z,132.989,1,190.03,2520,8,7,,,,
powertraces-pt200array_pt220_r4_7536323_9-486809b730,2026-05-01T12:46:50.627Z,132.989,2,186.28,2520,30,31,,,,
powertraces-pt200array_pt220_r4_7536323_9-486809b730,2026-05-01T12:46:50.627Z,132.989,3,186.03,2520,16,15,,,,
powertraces-pt200array_pt220_r4_7536323_9-486809b730,2026-05-01T12:46:50.727Z,133.089,0,170.69,2520,32,32,,,,
powertraces-pt200array_pt220_r4_7536323_9-486809b730,2026-05-01T12:46:50.727Z,133.089,1,185.36,2520,8,7,,,,
powertraces-pt200array_pt220_r4_7536323_9-486809b730,2026-05-01T12:46:50.727Z,133.089,2,180.38,2520,30,31,,,,
powertraces-pt200array_pt220_r4_7536323_9-486809b730,2026-05-01T12:46:50.727Z,133.089,3,169.83,2520,16,15,,,,
powertraces-pt200array_pt220_r4_7536323_9-486809b730,2026-05-01T12:46:50.828Z,133.19,0,162.93,2520,0,0,,,,
powertraces-pt200array_pt220_r4_7536323_9-486809b730,2026-05-01T12:46:50.828Z,133.19,1,187.5,2520,29,30,,,,
powertraces-pt200array_pt220_r4_7536323_9-486809b730,2026-05-01T12:46:50.828Z,133.19,2,194.16,2520,28,28,,,,
powertraces-pt200array_pt220_r4_7536323_9-486809b730,2026-05-01T12:46:50.828Z,133.19,3,170.7,2520,33,33,,,,
powertraces-pt200array_pt220_r4_7536323_9-486809b730,2026-05-01T12:46:50.928Z,133.29,0,159.26,2520,0,0,,,,
powertraces-pt200array_pt220_r4_7536323_9-486809b730,2026-05-01T12:46:50.928Z,133.29,1,193.2,2520,29,30,,,,
powertraces-pt200array_pt220_r4_7536323_9-486809b730,2026-05-01T12:46:50.928Z,133.29,2,184.45,2520,28,28,,,,
powertraces-pt200array_pt220_r4_7536323_9-486809b730,2026-05-01T12:46:50.928Z,133.29,3,186.83,2520,33,33,,,,
powertraces-pt200array_pt220_r4_7536323_9-486809b730,2026-05-01T12:46:51.028Z,133.39,0,151.15,2520,32,32,,,,
powertraces-pt200array_pt220_r4_7536323_9-486809b730,2026-05-01T12:46:51.028Z,133.39,1,176.18,2520,18,17,,,,
powertraces-pt200array_pt220_r4_7536323_9-486809b730,2026-05-01T12:46:51.028Z,133.39,2,173.04,2520,29,30,,,,
powertraces-pt200array_pt220_r4_7536323_9-486809b730,2026-05-01T12:46:51.028Z,133.39,3,173.88,2520,1,1,,,,
powertraces-pt200array_pt220_r4_7536323_9-486809b730,2026-05-01T12:46:51.128Z,133.49,0,153.59,2520,32,32,,,,
powertraces-pt200array_pt220_r4_7536323_9-486809b730,2026-05-01T12:46:51.128Z,133.49,1,178.01,2520,18,17,,,,
powertraces-pt200array_pt220_r4_7536323_9-486809b730,2026-05-01T12:46:51.128Z,133.49,2,169.54,2520,29,30,,,,
powertraces-pt200array_pt220_r4_7536323_9-486809b730,2026-05-01T12:46:51.128Z,133.49,3,172.15,2520,1,1,,,,
powertraces-pt200array_pt220_r4_7536323_9-486809b730,2026-05-01T12:46:51.228Z,133.59,0,153.59,2520,10,9,,,,
powertraces-pt200array_pt220_r4_7536323_9-486809b730,2026-05-01T12:46:51.228Z,133.59,1,180.86,2520,29,30,,,,
powertraces-pt200array_pt220_r4_7536323_9-486809b730,2026-05-01T12:46:51.228Z,133.59,2,162.57,2520,13,13,,,,
powertraces-pt200array_pt220_r4_7536323_9-486809b730,2026-05-01T12:46:51.228Z,133.59,3,173.16,2520,33,33,,,,
powertraces-pt200array_pt220_r4_7536323_9-486809b730,2026-05-01T12:46:51.328Z,133.69,0,153.86,2520,10,9,,,,
powertraces-pt200array_pt220_r4_7536323_9-486809b730,2026-05-01T12:46:51.328Z,133.69,1,173.82,2520,29,30,,,,
powertraces-pt200array_pt220_r4_7536323_9-486809b730,2026-05-01T12:46:51.328Z,133.69,2,162.36,2520,13,13,,,,
powertraces-pt200array_pt220_r4_7536323_9-486809b730,2026-05-01T12:46:51.328Z,133.69,3,173.4,2520,33,33,,,,
powertraces-pt200array_pt220_r4_7536323_9-486809b730,2026-05-01T12:46:51.428Z,133.79,0,159.21,2520,32,32,,,,
powertraces-pt200array_pt220_r4_7536323_9-486809b730,2026-05-01T12:46:51.428Z,133.79,1,174.24,2520,33,33,,,,
powertraces-pt200array_pt220_r4_7536323_9-486809b730,2026-05-01T12:46:51.428Z,133.79,2,162.84,2520,29,30,,,,
powertraces-pt200array_pt220_r4_7536323_9-486809b730,2026-05-01T12:46:51.428Z,133.79,3,173.55,2520,9,9,,,,
powertraces-pt200array_pt220_r4_7536323_9-486809b730,2026-05-01T12:46:51.528Z,133.89,0,155.24,2520,32,32,,,,
powertraces-pt200array_pt220_r4_7536323_9-486809b730,2026-05-01T12:46:51.528Z,133.89,1,167.38,2520,33,33,,,,
powertraces-pt200array_pt220_r4_7536323_9-486809b730,2026-05-01T12:46:51.528Z,133.89,2,166.01,2520,29,30,,,,
powertraces-pt200array_pt220_r4_7536323_9-486809b730,2026-05-01T12:46:51.528Z,133.89,3,173.56,2520,9,9,,,,
powertraces-pt200array_pt220_r4_7536323_9-486809b730,2026-05-01T12:46:51.629Z,133.991,0,155.3,2520,26,25,,,,
powertraces-pt200array_pt220_r4_7536323_9-486809b730,2026-05-01T12:46:51.629Z,133.991,1,168.4,2520,30,31,,,,
powertraces-pt200array_pt220_r4_7536323_9-486809b730,2026-05-01T12:46:51.629Z,133.991,2,166.87,2520,8,7,,,,
powertraces-pt200array_pt220_r4_7536323_9-486809b730,2026-05-01T12:46:51.629Z,133.991,3,176.93,2520,33,33,,,,
powertraces-pt200array_pt220_r4_7536323_9-486809b730,2026-05-01T12:46:51.729Z,134.091,0,156.03,2520,26,25,,,,
powertraces-pt200array_pt220_r4_7536323_9-486809b730,2026-05-01T12:46:51.729Z,134.091,1,168.49,2520,30,31,,,,
powertraces-pt200array_pt220_r4_7536323_9-486809b730,2026-05-01T12:46:51.729Z,134.091,2,166.98,2520,8,7,,,,
powertraces-pt200array_pt220_r4_7536323_9-486809b730,2026-05-01T12:46:51.729Z,134.091,3,172.65,2520,33,33,,,,
powertraces-pt200array_pt220_r4_7536323_9-486809b730,2026-05-01T12:46:51.829Z,134.191,0,157.62,2520,26,28,,,,
powertraces-pt200array_pt220_r4_7536323_9-486809b730,2026-05-01T12:46:51.829Z,134.191,1,169.42,2520,36,37,,,,
powertraces-pt200array_pt220_r4_7536323_9-486809b730,2026-05-01T12:46:51.829Z,134.191,2,168.42,2520,36,37,,,,
powertraces-pt200array_pt220_r4_7536323_9-486809b730,2026-05-01T12:46:51.829Z,134.191,3,172.7,2520,24,25,,,,
powertraces-pt200array_pt220_r4_7536323_9-486809b730,2026-05-01T12:46:51.929Z,134.291,0,157.63,2520,26,28,,,,
powertraces-pt200array_pt220_r4_7536323_9-486809b730,2026-05-01T12:46:51.929Z,134.291,1,170.72,2520,36,37,,,,
powertraces-pt200array_pt220_r4_7536323_9-486809b730,2026-05-01T12:46:51.929Z,134.291,2,165.18,2520,36,37,,,,
powertraces-pt200array_pt220_r4_7536323_9-486809b730,2026-05-01T12:46:51.929Z,134.291,3,173.18,2520,24,25,,,,
powertraces-pt200array_pt220_r4_7536323_9-486809b730,2026-05-01T12:46:52.029Z,134.391,0,157.78,2520,33,33,,,,
powertraces-pt200array_pt220_r4_7536323_9-486809b730,2026-05-01T12:46:52.029Z,134.391,1,167.05,2520,20,20,,,,
powertraces-pt200array_pt220_r4_7536323_9-486809b730,2026-05-01T12:46:52.029Z,134.391,2,167.76,2520,21,21,,,,
powertraces-pt200array_pt220_r4_7536323_9-486809b730,2026-05-01T12:46:52.029Z,134.391,3,173.9,2520,33,32,,,,
powertraces-pt200array_pt220_r4_7536323_9-486809b730,2026-05-01T12:46:52.129Z,134.491,0,164.57,2520,33,33,,,,
powertraces-pt200array_pt220_r4_7536323_9-486809b730,2026-05-01T12:46:52.129Z,134.491,1,179.06,2520,20,20,,,,
powertraces-pt200array_pt220_r4_7536323_9-486809b730,2026-05-01T12:46:52.129Z,134.491,2,167.86,2520,21,21,,,,
powertraces-pt200array_pt220_r4_7536323_9-486809b730,2026-05-01T12:46:52.129Z,134.491,3,179.37,2520,33,32,,,,
powertraces-pt200array_pt220_r4_7536323_9-486809b730,2026-05-01T12:46:52.229Z,134.591,0,158.01,2520,76,80,,,,
powertraces-pt200array_pt220_r4_7536323_9-486809b730,2026-05-01T12:46:52.229Z,134.591,1,174.04,2520,55,59,,,,
powertraces-pt200array_pt220_r4_7536323_9-486809b730,2026-05-01T12:46:52.229Z,134.591,2,173.14,2520,90,98,,,,
powertraces-pt200array_pt220_r4_7536323_9-486809b730,2026-05-01T12:46:52.229Z,134.591,3,182.34,2520,77,84,,,,
powertraces-pt200array_pt220_r4_7536323_9-486809b730,2026-05-01T12:46:52.33Z,134.692,0,160.2,2520,76,80,,,,
powertraces-pt200array_pt220_r4_7536323_9-486809b730,2026-05-01T12:46:52.33Z,134.692,1,166.32,2520,55,59,,,,
powertraces-pt200array_pt220_r4_7536323_9-486809b730,2026-05-01T12:46:52.33Z,134.692,2,171.96,2520,90,98,,,,
powertraces-pt200array_pt220_r4_7536323_9-486809b730,2026-05-01T12:46:52.33Z,134.692,3,185.65,2520,77,84,,,,
powertraces-pt200array_pt220_r4_7536323_9-486809b730,2026-05-01T12:46:52.43Z,134.792,0,173.83,2520,25,26,,,,
powertraces-pt200array_pt220_r4_7536323_9-486809b730,2026-05-01T12:46:52.43Z,134.792,1,169.4,2520,36,37,,,,
powertraces-pt200array_pt220_r4_7536323_9-486809b730,2026-05-01T12:46:52.43Z,134.792,2,167.99,2520,36,37,,,,
powertraces-pt200array_pt220_r4_7536323_9-486809b730,2026-05-01T12:46:52.43Z,134.792,3,169.24,2520,25,27,,,,
powertraces-pt200array_pt220_r4_7536323_9-486809b730,2026-05-01T12:46:52.53Z,134.892,0,161.25,2520,25,26,,,,
powertraces-pt200array_pt220_r4_7536323_9-486809b730,2026-05-01T12:46:52.53Z,134.892,1,172.92,2520,36,37,,,,
powertraces-pt200array_pt220_r4_7536323_9-486809b730,2026-05-01T12:46:52.53Z,134.892,2,176.57,2520,36,37,,,,
powertraces-pt200array_pt220_r4_7536323_9-486809b730,2026-05-01T12:46:52.53Z,134.892,3,170.61,2520,25,27,,,,
powertraces-pt200array_pt220_r4_7536323_9-486809b730,2026-05-01T12:46:52.63Z,134.992,0,161.64,2520,32,32,,,,
powertraces-pt200array_pt220_r4_7536323_9-486809b730,2026-05-01T12:46:52.63Z,134.992,1,178.46,2520,20,19,,,,
powertraces-pt200array_pt220_r4_7536323_9-486809b730,2026-05-01T12:46:52.63Z,134.992,2,167.96,2520,23,22,,,,
powertraces-pt200array_pt220_r4_7536323_9-486809b730,2026-05-01T12:46:52.63Z,134.992,3,187.45,2520,32,32,,,,
powertraces-pt200array_pt220_r4_7536323_9-486809b730,2026-05-01T12:46:52.73Z,135.092,0,168.28,2520,32,32,,,,
powertraces-pt200array_pt220_r4_7536323_9-486809b730,2026-05-01T12:46:52.73Z,135.092,1,163.55,2520,20,19,,,,
powertraces-pt200array_pt220_r4_7536323_9-486809b730,2026-05-01T12:46:52.73Z,135.092,2,166.45,2520,23,22,,,,
powertraces-pt200array_pt220_r4_7536323_9-486809b730,2026-05-01T12:46:52.73Z,135.092,3,179.65,2520,32,32,,,,
powertraces-pt200array_pt220_r4_7536323_9-486809b730,2026-05-01T12:46:52.83Z,135.192,0,172.02,2520,9,9,,,,
powertraces-pt200array_pt220_r4_7536323_9-486809b730,2026-05-01T12:46:52.83Z,135.192,1,173.05,2520,36,37,,,,
powertraces-pt200array_pt220_r4_7536323_9-486809b730,2026-05-01T12:46:52.83Z,135.192,2,177.87,2520,37,37,,,,
powertraces-pt200array_pt220_r4_7536323_9-486809b730,2026-05-01T12:46:52.83Z,135.192,3,172.38,2520,33,33,,,,
powertraces-pt200array_pt220_r4_7536323_9-486809b730,2026-05-01T12:46:52.93Z,135.292,0,157.24,2520,9,9,,,,
powertraces-pt200array_pt220_r4_7536323_9-486809b730,2026-05-01T12:46:52.93Z,135.292,1,183.21,2520,36,37,,,,
powertraces-pt200array_pt220_r4_7536323_9-486809b730,2026-05-01T12:46:52.93Z,135.292,2,175.47,2520,37,37,,,,
powertraces-pt200array_pt220_r4_7536323_9-486809b730,2026-05-01T12:46:52.93Z,135.292,3,176.4,2520,33,33,,,,
powertraces-pt200array_pt220_r4_7536323_9-486809b730,2026-05-01T12:46:53.03Z,135.392,0,158.29,2520,32,32,,,,
powertraces-pt200array_pt220_r4_7536323_9-486809b730,2026-05-01T12:46:53.03Z,135.392,1,179.29,2520,8,7,,,,
powertraces-pt200array_pt220_r4_7536323_9-486809b730,2026-05-01T12:46:53.03Z,135.392,2,164.41,2520,32,33,,,,
powertraces-pt200array_pt220_r4_7536323_9-486809b730,2026-05-01T12:46:53.03Z,135.392,3,187.75,2520,18,17,,,,
powertraces-pt200array_pt220_r4_7536323_9-486809b730,2026-05-01T12:46:53.131Z,135.493,0,173.17,2520,32,32,,,,
powertraces-pt200array_pt220_r4_7536323_9-486809b730,2026-05-01T12:46:53.131Z,135.493,1,171.32,2520,8,7,,,,
powertraces-pt200array_pt220_r4_7536323_9-486809b730,2026-05-01T12:46:53.131Z,135.493,2,159.33,2520,32,33,,,,
powertraces-pt200array_pt220_r4_7536323_9-486809b730,2026-05-01T12:46:53.131Z,135.493,3,170.81,2520,18,17,,,,
powertraces-pt200array_pt220_r4_7536323_9-486809b730,2026-05-01T12:46:53.231Z,135.593,0,162.36,2520,0,0,,,,
powertraces-pt200array_pt220_r4_7536323_9-486809b730,2026-05-01T12:46:53.231Z,135.593,1,161.21,2520,29,30,,,,
powertraces-pt200array_pt220_r4_7536323_9-486809b730,2026-05-01T12:46:53.231Z,135.593,2,173.21,2520,31,31,,,,
powertraces-pt200array_pt220_r4_7536323_9-486809b730,2026-05-01T12:46:53.231Z,135.593,3,165.84,2520,33,33,,,,
powertraces-pt200array_pt220_r4_7536323_9-486809b730,2026-05-01T12:46:53.331Z,135.693,0,158.48,2520,0,0,,,,
powertraces-pt200array_pt220_r4_7536323_9-486809b730,2026-05-01T12:46:53.331Z,135.693,1,174.25,2520,29,30,,,,
powertraces-pt200array_pt220_r4_7536323_9-486809b730,2026-05-01T12:46:53.331Z,135.693,2,164.41,2520,31,31,,,,
powertraces-pt200array_pt220_r4_7536323_9-486809b730,2026-05-01T12:46:53.331Z,135.693,3,174.95,2520,33,33,,,,
powertraces-pt200array_pt220_r4_7536323_9-486809b730,2026-05-01T12:46:53.431Z,135.793,0,159.31,2520,32,32,,,,
powertraces-pt200array_pt220_r4_7536323_9-486809b730,2026-05-01T12:46:53.431Z,135.793,1,174.27,2520,15,14,,,,
powertraces-pt200array_pt220_r4_7536323_9-486809b730,2026-05-01T12:46:53.431Z,135.793,2,163.07,2520,29,30,,,,
powertraces-pt200array_pt220_r4_7536323_9-486809b730,2026-05-01T12:46:53.431Z,135.793,3,169.85,2520,4,3,,,,
powertraces-pt200array_pt220_r4_7536323_9-486809b730,2026-05-01T12:46:53.531Z,135.893,0,157.65,2520,32,32,,,,
powertraces-pt200array_pt220_r4_7536323_9-486809b730,2026-05-01T12:46:53.531Z,135.893,1,175.4,2520,15,14,,,,
powertraces-pt200array_pt220_r4_7536323_9-486809b730,2026-05-01T12:46:53.531Z,135.893,2,164.81,2520,29,30,,,,
powertraces-pt200array_pt220_r4_7536323_9-486809b730,2026-05-01T12:46:53.531Z,135.893,3,169.8,2520,4,3,,,,
powertraces-pt200array_pt220_r4_7536323_9-486809b730,2026-05-01T12:46:53.631Z,135.993,0,157.65,2520,7,5,,,,
powertraces-pt200array_pt220_r4_7536323_9-486809b730,2026-05-01T12:46:53.631Z,135.993,1,176.79,2520,29,30,,,,
powertraces-pt200array_pt220_r4_7536323_9-486809b730,2026-05-01T12:46:53.631Z,135.993,2,161.8,2520,17,17,,,,
powertraces-pt200array_pt220_r4_7536323_9-486809b730,2026-05-01T12:46:53.631Z,135.993,3,170.21,2520,33,33,,,,
powertraces-pt200array_pt220_r4_7536323_9-486809b730,2026-05-01T12:46:53.731Z,136.093,0,157.73,2520,7,5,,,,
powertraces-pt200array_pt220_r4_7536323_9-486809b730,2026-05-01T12:46:53.731Z,136.093,1,172.37,2520,29,30,,,,
powertraces-pt200array_pt220_r4_7536323_9-486809b730,2026-05-01T12:46:53.731Z,136.093,2,164.82,2520,17,17,,,,
powertraces-pt200array_pt220_r4_7536323_9-486809b730,2026-05-01T12:46:53.731Z,136.093,3,168.56,2520,33,33,,,,
powertraces-pt200array_pt220_r4_7536323_9-486809b730,2026-05-01T12:46:53.831Z,136.193,0,160.41,2520,32,32,,,,
powertraces-pt200array_pt220_r4_7536323_9-486809b730,2026-05-01T12:46:53.831Z,136.193,1,172.55,2520,29,29,,,,
powertraces-pt200array_pt220_r4_7536323_9-486809b730,2026-05-01T12:46:53.831Z,136.193,2,165.03,2520,29,30,,,,
powertraces-pt200array_pt220_r4_7536323_9-486809b730,2026-05-01T12:46:53.831Z,136.193,3,168.47,2520,6,6,,,,
powertraces-pt200array_pt220_r4_7536323_9-486809b730,2026-05-01T12:46:53.932Z,136.294,0,155.77,2520,32,32,,,,
powertraces-pt200array_pt220_r4_7536323_9-486809b730,2026-05-01T12:46:53.932Z,136.294,1,171.69,2520,29,29,,,,
powertraces-pt200array_pt220_r4_7536323_9-486809b730,2026-05-01T12:46:53.932Z,136.294,2,169.57,2520,29,30,,,,
powertraces-pt200array_pt220_r4_7536323_9-486809b730,2026-05-01T12:46:53.932Z,136.294,3,168.45,2520,6,6,,,,
powertraces-pt200array_pt220_r4_7536323_9-486809b730,2026-05-01T12:46:54.032Z,136.394,0,155.8,2520,22,22,,,,
powertraces-pt200array_pt220_r4_7536323_9-486809b730,2026-05-01T12:46:54.032Z,136.394,1,174.72,2520,29,30,,,,
powertraces-pt200array_pt220_r4_7536323_9-486809b730,2026-05-01T12:46:54.032Z,136.394,2,170.04,2520,8,7,,,,
powertraces-pt200array_pt220_r4_7536323_9-486809b730,2026-05-01T12:46:54.032Z,136.394,3,170.29,2520,33,33,,,,
powertraces-pt200array_pt220_r4_7536323_9-486809b730,2026-05-01T12:46:54.132Z,136.494,0,156.27,2520,22,22,,,,
powertraces-pt200array_pt220_r4_7536323_9-486809b730,2026-05-01T12:46:54.132Z,136.494,1,174.77,2520,29,30,,,,
powertraces-pt200array_pt220_r4_7536323_9-486809b730,2026-05-01T12:46:54.132Z,136.494,2,170.11,2520,8,7,,,,
powertraces-pt200array_pt220_r4_7536323_9-486809b730,2026-05-01T12:46:54.132Z,136.494,3,167.98,2520,33,33,,,,
powertraces-pt200array_pt220_r4_7536323_9-486809b730,2026-05-01T12:46:54.232Z,136.594,0,154.38,2520,29,30,,,,
powertraces-pt200array_pt220_r4_7536323_9-486809b730,2026-05-01T12:46:54.232Z,136.594,1,175.37,2520,36,37,,,,
powertraces-pt200array_pt220_r4_7536323_9-486809b730,2026-05-01T12:46:54.232Z,136.594,2,170.88,2520,36,37,,,,
powertraces-pt200array_pt220_r4_7536323_9-486809b730,2026-05-01T12:46:54.232Z,136.594,3,167.89,2520,20,21,,,,
powertraces-pt200array_pt220_r4_7536323_9-486809b730,2026-05-01T12:46:54.332Z,136.694,0,154.41,2520,29,30,,,,
powertraces-pt200array_pt220_r4_7536323_9-486809b730,2026-05-01T12:46:54.332Z,136.694,1,176.34,2520,36,37,,,,
powertraces-pt200array_pt220_r4_7536323_9-486809b730,2026-05-01T12:46:54.332Z,136.694,2,169.35,2520,36,37,,,,
powertraces-pt200array_pt220_r4_7536323_9-486809b730,2026-05-01T12:46:54.332Z,136.694,3,168.29,2520,20,21,,,,
powertraces-pt200array_pt220_r4_7536323_9-486809b730,2026-05-01T12:46:54.432Z,136.794,0,166.99,2520,92,99,,,,
powertraces-pt200array_pt220_r4_7536323_9-486809b730,2026-05-01T12:46:54.432Z,136.794,1,175.43,2520,98,100,,,,
powertraces-pt200array_pt220_r4_7536323_9-486809b730,2026-05-01T12:46:54.432Z,136.794,2,176.94,2520,43,47,,,,
powertraces-pt200array_pt220_r4_7536323_9-486809b730,2026-05-01T12:46:54.432Z,136.794,3,168.76,2520,56,62,,,,
powertraces-pt200array_pt220_r4_7536323_9-486809b730,2026-05-01T12:46:54.532Z,136.894,0,164.12,2520,92,99,,,,
powertraces-pt200array_pt220_r4_7536323_9-486809b730,2026-05-01T12:46:54.532Z,136.894,1,186.04,2520,98,100,,,,
powertraces-pt200array_pt220_r4_7536323_9-486809b730,2026-05-01T12:46:54.532Z,136.894,2,182.79,2520,43,47,,,,
powertraces-pt200array_pt220_r4_7536323_9-486809b730,2026-05-01T12:46:54.532Z,136.894,3,175.03,2520,56,62,,,,
powertraces-pt200array_pt220_r4_7536323_9-486809b730,2026-05-01T12:46:54.632Z,136.994,0,151.57,2520,19,17,,,,
powertraces-pt200array_pt220_r4_7536323_9-486809b730,2026-05-01T12:46:54.632Z,136.994,1,199.46,2520,29,30,,,,
powertraces-pt200array_pt220_r4_7536323_9-486809b730,2026-05-01T12:46:54.632Z,136.994,2,178.9,2520,23,20,,,,
powertraces-pt200array_pt220_r4_7536323_9-486809b730,2026-05-01T12:46:54.632Z,136.994,3,181.06,2520,33,33,,,,
powertraces-pt200array_pt220_r4_7536323_9-486809b730,2026-05-01T12:46:54.733Z,137.095,0,153.02,2520,19,17,,,,
powertraces-pt200array_pt220_r4_7536323_9-486809b730,2026-05-01T12:46:54.733Z,137.095,1,193.73,2520,29,30,,,,
powertraces-pt200array_pt220_r4_7536323_9-486809b730,2026-05-01T12:46:54.733Z,137.095,2,172.39,2520,23,20,,,,
powertraces-pt200array_pt220_r4_7536323_9-486809b730,2026-05-01T12:46:54.733Z,137.095,3,189.82,2520,33,33,,,,
powertraces-pt200array_pt220_r4_7536323_9-486809b730,2026-05-01T12:46:54.833Z,137.195,0,166.49,2520,28,29,,,,
powertraces-pt200array_pt220_r4_7536323_9-486809b730,2026-05-01T12:46:54.833Z,137.195,1,191.55,2520,36,37,,,,
powertraces-pt200array_pt220_r4_7536323_9-486809b730,2026-05-01T12:46:54.833Z,137.195,2,164.76,2520,36,37,,,,
powertraces-pt200array_pt220_r4_7536323_9-486809b730,2026-05-01T12:46:54.833Z,137.195,3,174.56,2520,20,21,,,,
powertraces-pt200array_pt220_r4_7536323_9-486809b730,2026-05-01T12:46:54.933Z,137.295,0,157.07,2520,28,29,,,,
powertraces-pt200array_pt220_r4_7536323_9-486809b730,2026-05-01T12:46:54.933Z,137.295,1,193.84,2520,36,37,,,,
powertraces-pt200array_pt220_r4_7536323_9-486809b730,2026-05-01T12:46:54.933Z,137.295,2,176.61,2520,36,37,,,,
powertraces-pt200array_pt220_r4_7536323_9-486809b730,2026-05-01T12:46:54.933Z,137.295,3,175.32,2520,20,21,,,,
powertraces-pt200array_pt220_r4_7536323_9-486809b730,2026-05-01T12:46:55.033Z,137.395,0,156.29,2520,32,32,,,,
powertraces-pt200array_pt220_r4_7536323_9-486809b730,2026-05-01T12:46:55.033Z,137.395,1,196.34,2520,25,25,,,,
powertraces-pt200array_pt220_r4_7536323_9-486809b730,2026-05-01T12:46:55.033Z,137.395,2,164.92,2520,17,17,,,,
powertraces-pt200array_pt220_r4_7536323_9-486809b730,2026-05-01T12:46:55.033Z,137.395,3,192.05,2520,33,33,,,,
powertraces-pt200array_pt220_r4_7536323_9-486809b730,2026-05-01T12:46:55.133Z,137.495,0,160.47,2520,32,32,,,,
powertraces-pt200array_pt220_r4_7536323_9-486809b730,2026-05-01T12:46:55.133Z,137.495,1,180.73,2520,25,25,,,,
powertraces-pt200array_pt220_r4_7536323_9-486809b730,2026-05-01T12:46:55.133Z,137.495,2,163.74,2520,17,17,,,,
powertraces-pt200array_pt220_r4_7536323_9-486809b730,2026-05-01T12:46:55.133Z,137.495,3,186.19,2520,33,33,,,,
powertraces-pt200array_pt220_r4_7536323_9-486809b730,2026-05-01T12:46:55.233Z,137.595,0,168.71,2520,15,16,,,,
powertraces-pt200array_pt220_r4_7536323_9-486809b730,2026-05-01T12:46:55.233Z,137.595,1,186.54,2520,36,37,,,,
powertraces-pt200array_pt220_r4_7536323_9-486809b730,2026-05-01T12:46:55.233Z,137.595,2,170.49,2520,36,37,,,,
powertraces-pt200array_pt220_r4_7536323_9-486809b730,2026-05-01T12:46:55.233Z,137.595,3,176.08,2520,33,33,,,,
powertraces-pt200array_pt220_r4_7536323_9-486809b730,2026-05-01T12:46:55.333Z,137.695,0,155.43,2520,15,16,,,,
powertraces-pt200array_pt220_r4_7536323_9-486809b730,2026-05-01T12:46:55.333Z,137.695,1,192.93,2520,36,37,,,,
powertraces-pt200array_pt220_r4_7536323_9-486809b730,2026-05-01T12:46:55.333Z,137.695,2,170.98,2520,36,37,,,,
powertraces-pt200array_pt220_r4_7536323_9-486809b730,2026-05-01T12:46:55.333Z,137.695,3,178.67,2520,33,33,,,,
powertraces-pt200array_pt220_r4_7536323_9-486809b730,2026-05-01T12:46:55.433Z,137.795,0,156.08,2520,32,32,,,,
powertraces-pt200array_pt220_r4_7536323_9-486809b730,2026-05-01T12:46:55.433Z,137.795,1,189.88,2520,11,10,,,,
powertraces-pt200array_pt220_r4_7536323_9-486809b730,2026-05-01T12:46:55.433Z,137.795,2,164.94,2520,31,31,,,,
powertraces-pt200array_pt220_r4_7536323_9-486809b730,2026-05-01T12:46:55.433Z,137.795,3,192.21,2520,23,23,,,,
powertraces-pt200array_pt220_r4_7536323_9-486809b730,2026-05-01T12:46:55.534Z,137.896,0,156.84,2520,32,32,,,,
powertraces-pt200array_pt220_r4_7536323_9-486809b730,2026-05-01T12:46:55.534Z,137.896,1,178.07,2520,11,10,,,,
powertraces-pt200array_pt220_r4_7536323_9-486809b730,2026-05-01T12:46:55.534Z,137.896,2,155.08,2520,31,31,,,,
powertraces-pt200array_pt220_r4_7536323_9-486809b730,2026-05-01T12:46:55.534Z,137.896,3,179.55,2520,23,23,,,,
powertraces-pt200array_pt220_r4_7536323_9-486809b730,2026-05-01T12:46:55.634Z,137.996,0,156.7,2520,0,0,,,,
powertraces-pt200array_pt220_r4_7536323_9-486809b730,2026-05-01T12:46:55.634Z,137.996,1,170.11,2520,33,34,,,,
powertraces-pt200array_pt220_r4_7536323_9-486809b730,2026-05-01T12:46:55.634Z,137.996,2,165.02,2520,36,36,,,,
powertraces-pt200array_pt220_r4_7536323_9-486809b730,2026-05-01T12:46:55.634Z,137.996,3,173.04,2520,33,33,,,,
powertraces-pt200array_pt220_r4_7536323_9-486809b730,2026-05-01T12:46:55.734Z,138.096,0,156.75,2520,0,0,,,,
powertraces-pt200array_pt220_r4_7536323_9-486809b730,2026-05-01T12:46:55.734Z,138.096,1,168.57,2520,33,34,,,,
powertraces-pt200array_pt220_r4_7536323_9-486809b730,2026-05-01T12:46:55.734Z,138.096,2,165.74,2520,36,36,,,,
powertraces-pt200array_pt220_r4_7536323_9-486809b730,2026-05-01T12:46:55.734Z,138.096,3,175.7,2520,33,33,,,,
powertraces-pt200array_pt220_r4_7536323_9-486809b730,2026-05-01T12:46:55.834Z,138.196,0,157.43,2520,32,32,,,,
powertraces-pt200array_pt220_r4_7536323_9-486809b730,2026-05-01T12:46:55.834Z,138.196,1,168.62,2520,10,9,,,,
powertraces-pt200array_pt220_r4_7536323_9-486809b730,2026-05-01T12:46:55.834Z,138.196,2,165.78,2520,29,30,,,,
powertraces-pt200array_pt220_r4_7536323_9-486809b730,2026-05-01T12:46:55.834Z,138.196,3,172.27,2520,8,7,,,,
powertraces-pt200array_pt220_r4_7536323_9-486809b730,2026-05-01T12:46:55.934Z,138.296,0,158.34,2520,32,32,,,,
powertraces-pt200array_pt220_r4_7536323_9-486809b730,2026-05-01T12:46:55.934Z,138.296,1,169.54,2520,10,9,,,,
powertraces-pt200array_pt220_r4_7536323_9-486809b730,2026-05-01T12:46:55.934Z,138.296,2,166.94,2520,29,30,,,,
powertraces-pt200array_pt220_r4_7536323_9-486809b730,2026-05-01T12:46:55.934Z,138.296,3,172.23,2520,8,7,,,,
powertraces-pt200array_pt220_r4_7536323_9-486809b730,2026-05-01T12:46:56.034Z,138.396,0,158.37,2520,3,2,,,,
powertraces-pt200array_pt220_r4_7536323_9-486809b730,2026-05-01T12:46:56.034Z,138.396,1,171.05,2520,29,30,,,,
powertraces-pt200array_pt220_r4_7536323_9-486809b730,2026-05-01T12:46:56.034Z,138.396,2,164.63,2520,21,21,,,,
powertraces-pt200array_pt220_r4_7536323_9-486809b730,2026-05-01T12:46:56.034Z,138.396,3,172.85,2520,33,33,,,,
powertraces-pt200array_pt220_r4_7536323_9-486809b730,2026-05-01T12:46:56.134Z,138.496,0,158.51,2520,3,2,,,,
powertraces-pt200array_pt220_r4_7536323_9-486809b730,2026-05-01T12:46:56.134Z,138.496,1,168.65,2520,29,30,,,,
powertraces-pt200array_pt220_r4_7536323_9-486809b730,2026-05-01T12:46:56.134Z,138.496,2,166.9,2520,21,21,,,,
powertraces-pt200array_pt220_r4_7536323_9-486809b730,2026-05-01T12:46:56.134Z,138.496,3,172.64,2520,33,33,,,,
powertraces-pt200array_pt220_r4_7536323_9-486809b730,2026-05-01T12:46:56.234Z,138.596,0,160.7,2520,32,32,,,,
powertraces-pt200array_pt220_r4_7536323_9-486809b730,2026-05-01T12:46:56.234Z,138.596,1,168.82,2520,25,24,,,,
powertraces-pt200array_pt220_r4_7536323_9-486809b730,2026-05-01T12:46:56.234Z,138.596,2,167.13,2520,29,30,,,,
powertraces-pt200array_pt220_r4_7536323_9-486809b730,2026-05-01T12:46:56.234Z,138.596,3,172.65,2520,1,1,,,,
powertraces-pt200array_pt220_r4_7536323_9-486809b730,2026-05-01T12:46:56.334Z,138.696,0,156.54,2520,32,32,,,,
powertraces-pt200array_pt220_r4_7536323_9-486809b730,2026-05-01T12:46:56.335Z,138.697,1,171.92,2520,25,24,,,,
powertraces-pt200array_pt220_r4_7536323_9-486809b730,2026-05-01T12:46:56.335Z,138.697,2,171.06,2520,29,30,,,,
powertraces-pt200array_pt220_r4_7536323_9-486809b730,2026-05-01T12:46:56.335Z,138.697,3,172.72,2520,1,1,,,,
powertraces-pt200array_pt220_r4_7536323_9-486809b730,2026-05-01T12:46:56.435Z,138.797,0,156.61,2520,14,13,,,,
powertraces-pt200array_pt220_r4_7536323_9-486809b730,2026-05-01T12:46:56.435Z,138.797,1,176.33,2520,29,30,,,,
powertraces-pt200array_pt220_r4_7536323_9-486809b730,2026-05-01T12:46:56.435Z,138.797,2,169.2,2520,8,7,,,,
powertraces-pt200array_pt220_r4_7536323_9-486809b730,2026-05-01T12:46:56.435Z,138.797,3,174.16,2520,33,33,,,,
powertraces-pt200array_pt220_r4_7536323_9-486809b730,2026-05-01T12:46:56.535Z,138.897,0,157.01,2520,14,13,,,,
powertraces-pt200array_pt220_r4_7536323_9-486809b730,2026-05-01T12:46:56.535Z,138.897,1,176.35,2520,29,30,,,,
powertraces-pt200array_pt220_r4_7536323_9-486809b730,2026-05-01T12:46:56.535Z,138.897,2,162.45,2520,8,7,,,,
powertraces-pt200array_pt220_r4_7536323_9-486809b730,2026-05-01T12:46:56.535Z,138.897,3,173.26,2520,33,33,,,,
powertraces-pt200array_pt220_r4_7536323_9-486809b730,2026-05-01T12:46:56.635Z,138.997,0,156.6,2520,30,32,,,,
powertraces-pt200array_pt220_r4_7536323_9-486809b730,2026-05-01T12:46:56.635Z,138.997,1,186.87,2520,69,73,,,,
powertraces-pt200array_pt220_r4_7536323_9-486809b730,2026-05-01T12:46:56.635Z,138.997,2,163.39,2520,33,34,,,,
powertraces-pt200array_pt220_r4_7536323_9-486809b730,2026-05-01T12:46:56.635Z,138.997,3,173.36,2520,17,18,,,,
powertraces-pt200array_pt220_r4_7536323_9-486809b730,2026-05-01T12:46:56.735Z,139.097,0,169.27,2520,30,32,,,,
powertraces-pt200array_pt220_r4_7536323_9-486809b730,2026-05-01T12:46:56.735Z,139.097,1,186.54,2520,69,73,,,,
powertraces-pt200array_pt220_r4_7536323_9-486809b730,2026-05-01T12:46:56.735Z,139.097,2,160.12,2520,33,34,,,,
powertraces-pt200array_pt220_r4_7536323_9-486809b730,2026-05-01T12:46:56.735Z,139.097,3,182.63,2520,17,18,,,,
powertraces-pt200array_pt220_r4_7536323_9-486809b730,2026-05-01T12:46:56.835Z,139.197,0,179.91,2520,32,33,,,,
powertraces-pt200array_pt220_r4_7536323_9-486809b730,2026-05-01T12:46:56.835Z,139.197,1,182.92,2520,70,75,,,,
powertraces-pt200array_pt220_r4_7536323_9-486809b730,2026-05-01T12:46:56.835Z,139.197,2,162.39,2520,50,52,,,,
powertraces-pt200array_pt220_r4_7536323_9-486809b730,2026-05-01T12:46:56.835Z,139.197,3,179.22,2520,33,32,,,,
powertraces-pt200array_pt220_r4_7536323_9-486809b730,2026-05-01T12:46:56.935Z,139.297,0,182.12,2520,32,33,,,,
powertraces-pt200array_pt220_r4_7536323_9-486809b730,2026-05-01T12:46:56.935Z,139.297,1,183.59,2520,70,75,,,,
powertraces-pt200array_pt220_r4_7536323_9-486809b730,2026-05-01T12:46:56.935Z,139.297,2,174.39,2520,50,52,,,,
powertraces-pt200array_pt220_r4_7536323_9-486809b730,2026-05-01T12:46:56.935Z,139.297,3,175.38,2520,33,32,,,,
powertraces-pt200array_pt220_r4_7536323_9-486809b730,2026-05-01T12:46:57.035Z,139.397,0,169.48,2520,19,17,,,,
powertraces-pt200array_pt220_r4_7536323_9-486809b730,2026-05-01T12:46:57.035Z,139.397,1,180.69,2520,23,20,,,,
powertraces-pt200array_pt220_r4_7536323_9-486809b730,2026-05-01T12:46:57.035Z,139.397,2,172.26,2520,35,35,,,,
powertraces-pt200array_pt220_r4_7536323_9-486809b730,2026-05-01T12:46:57.035Z,139.397,3,182.47,2520,29,25,,,,
powertraces-pt200array_pt220_r4_7536323_9-486809b730,2026-05-01T12:46:57.135Z,139.497,0,184.02,2520,19,17,,,,
powertraces-pt200array_pt220_r4_7536323_9-486809b730,2026-05-01T12:46:57.136Z,139.498,1,179.43,2520,23,20,,,,
powertraces-pt200array_pt220_r4_7536323_9-486809b730,2026-05-01T12:46:57.136Z,139.498,2,165.7,2520,35,35,,,,
powertraces-pt200array_pt220_r4_7536323_9-486809b730,2026-05-01T12:46:57.136Z,139.498,3,181.34,2520,29,25,,,,
powertraces-pt200array_pt220_r4_7536323_9-486809b730,2026-05-01T12:46:57.236Z,139.598,0,183.72,2520,3,3,,,,
powertraces-pt200array_pt220_r4_7536323_9-486809b730,2026-05-01T12:46:57.236Z,139.598,1,175.28,2520,29,30,,,,
powertraces-pt200array_pt220_r4_7536323_9-486809b730,2026-05-01T12:46:57.236Z,139.598,2,169.41,2520,21,21,,,,
powertraces-pt200array_pt220_r4_7536323_9-486809b730,2026-05-01T12:46:57.236Z,139.598,3,166.16,2520,33,33,,,,
powertraces-pt200array_pt220_r4_7536323_9-486809b730,2026-05-01T12:46:57.336Z,139.698,0,177.65,2520,3,3,,,,
powertraces-pt200array_pt220_r4_7536323_9-486809b730,2026-05-01T12:46:57.336Z,139.698,1,183.01,2520,29,30,,,,
powertraces-pt200array_pt220_r4_7536323_9-486809b730,2026-05-01T12:46:57.336Z,139.698,2,175.57,2520,21,21,,,,
powertraces-pt200array_pt220_r4_7536323_9-486809b730,2026-05-01T12:46:57.336Z,139.698,3,183.07,2520,33,33,,,,
powertraces-pt200array_pt220_r4_7536323_9-486809b730,2026-05-01T12:46:57.436Z,139.798,0,178.77,2520,32,32,,,,
powertraces-pt200array_pt220_r4_7536323_9-486809b730,2026-05-01T12:46:57.436Z,139.798,1,174.54,2520,24,24,,,,
powertraces-pt200array_pt220_r4_7536323_9-486809b730,2026-05-01T12:46:57.436Z,139.798,2,165.38,2520,29,30,,,,
powertraces-pt200array_pt220_r4_7536323_9-486809b730,2026-05-01T12:46:57.436Z,139.798,3,183.01,2520,1,1,,,,
powertraces-pt200array_pt220_r4_7536323_9-486809b730,2026-05-01T12:46:57.536Z,139.898,0,185.53,2520,32,32,,,,
powertraces-pt200array_pt220_r4_7536323_9-486809b730,2026-05-01T12:46:57.536Z,139.898,1,170.54,2520,24,24,,,,
powertraces-pt200array_pt220_r4_7536323_9-486809b730,2026-05-01T12:46:57.536Z,139.898,2,175.41,2520,29,30,,,,
powertraces-pt200array_pt220_r4_7536323_9-486809b730,2026-05-01T12:46:57.536Z,139.898,3,179.36,2520,1,1,,,,
powertraces-pt200array_pt220_r4_7536323_9-486809b730,2026-05-01T12:46:57.636Z,139.998,0,184.52,2520,17,16,,,,
powertraces-pt200array_pt220_r4_7536323_9-486809b730,2026-05-01T12:46:57.636Z,139.998,1,182.73,2520,29,30,,,,
powertraces-pt200array_pt220_r4_7536323_9-486809b730,2026-05-01T12:46:57.636Z,139.998,2,176.39,2520,8,7,,,,
powertraces-pt200array_pt220_r4_7536323_9-486809b730,2026-05-01T12:46:57.636Z,139.998,3,169.78,2520,33,33,,,,
powertraces-pt200array_pt220_r4_7536323_9-486809b730,2026-05-01T12:46:57.736Z,140.098,0,172.43,2520,17,16,,,,
powertraces-pt200array_pt220_r4_7536323_9-486809b730,2026-05-01T12:46:57.738Z,140.1,1,171.25,2520,29,30,,,,
powertraces-pt200array_pt220_r4_7536323_9-486809b730,2026-05-01T12:46:57.738Z,140.1,2,174.55,2520,8,7,,,,
powertraces-pt200array_pt220_r4_7536323_9-486809b730,2026-05-01T12:46:57.738Z,140.1,3,183.01,2520,33,33,,,,
powertraces-pt200array_pt220_r4_7536323_9-486809b730,2026-05-01T12:46:57.838Z,140.2,0,175.6,2520,32,32,,,,
powertraces-pt200array_pt220_r4_7536323_9-486809b730,2026-05-01T12:46:57.838Z,140.2,1,170.17,2520,36,37,,,,
powertraces-pt200array_pt220_r4_7536323_9-486809b730,2026-05-01T12:46:57.838Z,140.2,2,163.36,2520,33,34,,,,
powertraces-pt200array_pt220_r4_7536323_9-486809b730,2026-05-01T12:46:57.838Z,140.2,3,173.44,2520,15,15,,,,
powertraces-pt200array_pt220_r4_7536323_9-486809b730,2026-05-01T12:46:57.938Z,140.3,0,164.9,2520,32,32,,,,
powertraces-pt200array_pt220_r4_7536323_9-486809b730,2026-05-01T12:46:57.938Z,140.3,1,159.67,2520,36,37,,,,
powertraces-pt200array_pt220_r4_7536323_9-486809b730,2026-05-01T12:46:57.938Z,140.3,2,173.17,2520,33,34,,,,
powertraces-pt200array_pt220_r4_7536323_9-486809b730,2026-05-01T12:46:57.938Z,140.3,3,168.62,2520,15,15,,,,
powertraces-pt200array_pt220_r4_7536323_9-486809b730,2026-05-01T12:46:58.038Z,140.4,0,160.73,2520,31,31,,,,
powertraces-pt200array_pt220_r4_7536323_9-486809b730,2026-05-01T12:46:58.038Z,140.4,1,173.08,2520,30,30,,,,
powertraces-pt200array_pt220_r4_7536323_9-486809b730,2026-05-01T12:46:58.038Z,140.4,2,163.76,2520,12,11,,,,
powertraces-pt200array_pt220_r4_7536323_9-486809b730,2026-05-01T12:46:58.038Z,140.4,3,176.39,2520,33,33,,,,
powertraces-pt200array_pt220_r4_7536323_9-486809b730,2026-05-01T12:46:58.138Z,140.5,0,161.32,2520,31,31,,,,
powertraces-pt200array_pt220_r4_7536323_9-486809b730,2026-05-01T12:46:58.138Z,140.5,1,173.12,2520,30,30,,,,
powertraces-pt200array_pt220_r4_7536323_9-486809b730,2026-05-01T12:46:58.138Z,140.5,2,162.59,2520,12,11,,,,
powertraces-pt200array_pt220_r4_7536323_9-486809b730,2026-05-01T12:46:58.138Z,140.5,3,172.44,2520,33,33,,,,
powertraces-pt200array_pt220_r4_7536323_9-486809b730,2026-05-01T12:46:58.238Z,140.6,0,159.93,2520,21,23,,,,
powertraces-pt200array_pt220_r4_7536323_9-486809b730,2026-05-01T12:46:58.238Z,140.6,1,173.93,2520,36,37,,,,
powertraces-pt200array_pt220_r4_7536323_9-486809b730,2026-05-01T12:46:58.238Z,140.6,2,163.26,2520,36,37,,,,
powertraces-pt200array_pt220_r4_7536323_9-486809b730,2026-05-01T12:46:58.238Z,140.6,3,172.35,2520,28,28,,,,
powertraces-pt200array_pt220_r4_7536323_9-486809b730,2026-05-01T12:46:58.339Z,140.701,0,159.92,2520,21,23,,,,
powertraces-pt200array_pt220_r4_7536323_9-486809b730,2026-05-01T12:46:58.339Z,140.701,1,174.88,2520,36,37,,,,
powertraces-pt200array_pt220_r4_7536323_9-486809b730,2026-05-01T12:46:58.339Z,140.701,2,161.09,2520,36,37,,,,
powertraces-pt200array_pt220_r4_7536323_9-486809b730,2026-05-01T12:46:58.339Z,140.701,3,172.5,2520,28,28,,,,
powertraces-pt200array_pt220_r4_7536323_9-486809b730,2026-05-01T12:46:58.439Z,140.801,0,159.96,2520,32,32,,,,
powertraces-pt200array_pt220_r4_7536323_9-486809b730,2026-05-01T12:46:58.439Z,140.801,1,172.84,2520,17,17,,,,
powertraces-pt200array_pt220_r4_7536323_9-486809b730,2026-05-01T12:46:58.439Z,140.801,2,162.43,2520,25,25,,,,
powertraces-pt200array_pt220_r4_7536323_9-486809b730,2026-05-01T12:46:58.439Z,140.801,3,171.81,2520,30,29,,,,
powertraces-pt200array_pt220_r4_7536323_9-486809b730,2026-05-01T12:46:58.539Z,140.901,0,161.18,2520,32,32,,,,
powertraces-pt200array_pt220_r4_7536323_9-486809b730,2026-05-01T12:46:58.539Z,140.901,1,172.98,2520,17,17,,,,
powertraces-pt200array_pt220_r4_7536323_9-486809b730,2026-05-01T12:46:58.539Z,140.901,2,162.47,2520,25,25,,,,
powertraces-pt200array_pt220_r4_7536323_9-486809b730,2026-05-01T12:46:58.539Z,140.901,3,171.68,2520,30,29,,,,
powertraces-pt200array_pt220_r4_7536323_9-486809b730,2026-05-01T12:46:58.639Z,141.001,0,158.5,2520,7,8,,,,
powertraces-pt200array_pt220_r4_7536323_9-486809b730,2026-05-01T12:46:58.639Z,141.001,1,174.55,2520,36,37,,,,
powertraces-pt200array_pt220_r4_7536323_9-486809b730,2026-05-01T12:46:58.639Z,141.001,2,164.02,2520,36,37,,,,
powertraces-pt200array_pt220_r4_7536323_9-486809b730,2026-05-01T12:46:58.639Z,141.001,3,171.57,2520,33,33,,,,
powertraces-pt200array_pt220_r4_7536323_9-486809b730,2026-05-01T12:46:58.739Z,141.101,0,158.57,2520,7,8,,,,
powertraces-pt200array_pt220_r4_7536323_9-486809b730,2026-05-01T12:46:58.739Z,141.101,1,176.47,2520,36,37,,,,
powertraces-pt200array_pt220_r4_7536323_9-486809b730,2026-05-01T12:46:58.739Z,141.101,2,164.25,2520,36,37,,,,
powertraces-pt200array_pt220_r4_7536323_9-486809b730,2026-05-01T12:46:58.739Z,141.101,3,172.38,2520,33,33,,,,
powertraces-pt200array_pt220_r4_7536323_9-486809b730,2026-05-01T12:46:58.839Z,141.201,0,158.85,2520,33,33,,,,
powertraces-pt200array_pt220_r4_7536323_9-486809b730,2026-05-01T12:46:58.839Z,141.201,1,176.5,2520,8,7,,,,
powertraces-pt200array_pt220_r4_7536323_9-486809b730,2026-05-01T12:46:58.839Z,141.201,2,164.31,2520,30,31,,,,
powertraces-pt200array_pt220_r4_7536323_9-486809b730,2026-05-01T12:46:58.839Z,141.201,3,170.87,2520,17,15,,,,
powertraces-pt200array_pt220_r4_7536323_9-486809b730,2026-05-01T12:46:58.939Z,141.301,0,158.16,2520,33,33,,,,
powertraces-pt200array_pt220_r4_7536323_9-486809b730,2026-05-01T12:46:58.939Z,141.301,1,176.8,2520,8,7,,,,
powertraces-pt200array_pt220_r4_7536323_9-486809b730,2026-05-01T12:46:58.939Z,141.301,2,164.59,2520,30,31,,,,
powertraces-pt200array_pt220_r4_7536323_9-486809b730,2026-05-01T12:46:58.939Z,141.301,3,170.76,2520,17,15,,,,
powertraces-pt200array_pt220_r4_7536323_9-486809b730,2026-05-01T12:46:59.039Z,141.401,0,158.18,2520,0,0,,,,
powertraces-pt200array_pt220_r4_7536323_9-486809b730,2026-05-01T12:46:59.039Z,141.401,1,177.42,2520,33,35,,,,
powertraces-pt200array_pt220_r4_7536323_9-486809b730,2026-05-01T12:46:59.039Z,141.401,2,166.15,2520,30,30,,,,
powertraces-pt200array_pt220_r4_7536323_9-486809b730,2026-05-01T12:46:59.039Z,141.401,3,170.98,2520,33,33,,,,
powertraces-pt200array_pt220_r4_7536323_9-486809b730,2026-05-01T12:46:59.14Z,141.502,0,170.7,2520,0,0,,,,
powertraces-pt200array_pt220_r4_7536323_9-486809b730,2026-05-01T12:46:59.14Z,141.502,1,176.3,2520,33,35,,,,
powertraces-pt200array_pt220_r4_7536323_9-486809b730,2026-05-01T12:46:59.14Z,141.502,2,174.55,2520,30,30,,,,
powertraces-pt200array_pt220_r4_7536323_9-486809b730,2026-05-01T12:46:59.14Z,141.502,3,173.15,2520,33,33,,,,
powertraces-pt200array_pt220_r4_7536323_9-486809b730,2026-05-01T12:46:59.24Z,141.602,0,168.08,2520,26,27,,,,
powertraces-pt200array_pt220_r4_7536323_9-486809b730,2026-05-01T12:46:59.24Z,141.602,1,187.17,2520,31,28,,,,
powertraces-pt200array_pt220_r4_7536323_9-486809b730,2026-05-01T12:46:59.24Z,141.602,2,178.79,2520,74,80,,,,
powertraces-pt200array_pt220_r4_7536323_9-486809b730,2026-05-01T12:46:59.24Z,141.602,3,175.62,2520,52,53,,,,
powertraces-pt200array_pt220_r4_7536323_9-486809b730,2026-05-01T12:46:59.34Z,141.702,0,155.03,2520,26,27,,,,
powertraces-pt200array_pt220_r4_7536323_9-486809b730,2026-05-01T12:46:59.34Z,141.702,1,197.49,2520,31,28,,,,
powertraces-pt200array_pt220_r4_7536323_9-486809b730,2026-05-01T12:46:59.34Z,141.702,2,175.49,2520,74,80,,,,
powertraces-pt200array_pt220_r4_7536323_9-486809b730,2026-05-01T12:46:59.34Z,141.702,3,180.2,2520,52,53,,,,
powertraces-pt200array_pt220_r4_7536323_9-486809b730,2026-05-01T12:46:59.44Z,141.802,0,156.2,2520,32,32,,,,
powertraces-pt200array_pt220_r4_7536323_9-486809b730,2026-05-01T12:46:59.44Z,141.802,1,192.01,2520,8,7,,,,
powertraces-pt200array_pt220_r4_7536323_9-486809b730,2026-05-01T12:46:59.44Z,141.802,2,167.38,2520,30,31,,,,
powertraces-pt200array_pt220_r4_7536323_9-486809b730,2026-05-01T12:46:59.44Z,141.802,3,190.82,2520,17,16,,,,
powertraces-pt200array_pt220_r4_7536323_9-486809b730,2026-05-01T12:46:59.54Z,141.902,0,170.59,2520,32,32,,,,
powertraces-pt200array_pt220_r4_7536323_9-486809b730,2026-05-01T12:46:59.54Z,141.902,1,187.49,2520,8,7,,,,
powertraces-pt200array_pt220_r4_7536323_9-486809b730,2026-05-01T12:46:59.54Z,141.902,2,161.14,2520,30,31,,,,
powertraces-pt200array_pt220_r4_7536323_9-486809b730,2026-05-01T12:46:59.54Z,141.902,3,174.82,2520,17,16,,,,
powertraces-pt200array_pt220_r4_7536323_9-486809b730,2026-05-01T12:46:59.64Z,142.002,0,162.76,2520,0,0,,,,
powertraces-pt200array_pt220_r4_7536323_9-486809b730,2026-05-01T12:46:59.64Z,142.002,1,189.09,2520,29,30,,,,
powertraces-pt200array_pt220_r4_7536323_9-486809b730,2026-05-01T12:46:59.64Z,142.002,2,174.16,2520,30,30,,,,
powertraces-pt200array_pt220_r4_7536323_9-486809b730,2026-05-01T12:46:59.64Z,142.002,3,175.41,2520,33,33,,,,
powertraces-pt200array_pt220_r4_7536323_9-486809b730,2026-05-01T12:46:59.74Z,142.102,0,158.8,2520,0,0,,,,
powertraces-pt200array_pt220_r4_7536323_9-486809b730,2026-05-01T12:46:59.74Z,142.102,1,191.82,2520,29,30,,,,
powertraces-pt200array_pt220_r4_7536323_9-486809b730,2026-05-01T12:46:59.74Z,142.102,2,164.83,2520,30,30,,,,
powertraces-pt200array_pt220_r4_7536323_9-486809b730,2026-05-01T12:46:59.74Z,142.102,3,187.76,2520,33,33,,,,
powertraces-pt200array_pt220_r4_7536323_9-486809b730,2026-05-01T12:46:59.84Z,142.202,0,161.7,2520,32,32,,,,
powertraces-pt200array_pt220_r4_7536323_9-486809b730,2026-05-01T12:46:59.84Z,142.202,1,177.9,2520,15,14,,,,
powertraces-pt200array_pt220_r4_7536323_9-486809b730,2026-05-01T12:46:59.84Z,142.202,2,163.95,2520,29,30,,,,
powertraces-pt200array_pt220_r4_7536323_9-486809b730,2026-05-01T12:46:59.84Z,142.202,3,183.06,2520,4,3,,,,
powertraces-pt200array_pt220_r4_7536323_9-486809b730,2026-05-01T12:46:59.941Z,142.303,0,172.76,2520,32,32,,,,
powertraces-pt200array_pt220_r4_7536323_9-486809b730,2026-05-01T12:46:59.941Z,142.303,1,182.44,2520,15,14,,,,
powertraces-pt200array_pt220_r4_7536323_9-486809b730,2026-05-01T12:46:59.941Z,142.303,2,168.81,2520,29,30,,,,
powertraces-pt200array_pt220_r4_7536323_9-486809b730,2026-05-01T12:46:59.941Z,142.303,3,171.35,2520,4,3,,,,
powertraces-pt200array_pt220_r4_7536323_9-486809b730,2026-05-01T12:47:00.041Z,142.403,0,157.64,2520,7,6,,,,
powertraces-pt200array_pt220_r4_7536323_9-486809b730,2026-05-01T12:47:00.041Z,142.403,1,187.48,2520,29,30,,,,
powertraces-pt200array_pt220_r4_7536323_9-486809b730,2026-05-01T12:47:00.041Z,142.403,2,173.95,2520,16,16,,,,
powertraces-pt200array_pt220_r4_7536323_9-486809b730,2026-05-01T12:47:00.041Z,142.403,3,173.32,2520,33,33,,,,
powertraces-pt200array_pt220_r4_7536323_9-486809b730,2026-05-01T12:47:00.141Z,142.503,0,158.12,2520,7,6,,,,
powertraces-pt200array_pt220_r4_7536323_9-486809b730,2026-05-01T12:47:00.141Z,142.503,1,188.92,2520,29,30,,,,
powertraces-pt200array_pt220_r4_7536323_9-486809b730,2026-05-01T12:47:00.141Z,142.503,2,167.78,2520,16,16,,,,
powertraces-pt200array_pt220_r4_7536323_9-486809b730,2026-05-01T12:47:00.141Z,142.503,3,188.35,2520,33,33,,,,
powertraces-pt200array_pt220_r4_7536323_9-486809b730,2026-05-01T12:47:00.241Z,142.603,0,155.16,2520,32,32,,,,
powertraces-pt200array_pt220_r4_7536323_9-486809b730,2026-05-01T12:47:00.241Z,142.603,1,176.61,2520,29,29,,,,
powertraces-pt200array_pt220_r4_7536323_9-486809b730,2026-05-01T12:47:00.241Z,142.603,2,157.47,2520,29,30,,,,
powertraces-pt200array_pt220_r4_7536323_9-486809b730,2026-05-01T12:47:00.241Z,142.603,3,175.16,2520,6,6,,,,
powertraces-pt200array_pt220_r4_7536323_9-486809b730,2026-05-01T12:47:00.341Z,142.703,0,156.44,2520,32,32,,,,
powertraces-pt200array_pt220_r4_7536323_9-486809b730,2026-05-01T12:47:00.341Z,142.703,1,174.11,2520,29,29,,,,
powertraces-pt200array_pt220_r4_7536323_9-486809b730,2026-05-01T12:47:00.341Z,142.703,2,169.27,2520,29,30,,,,
powertraces-pt200array_pt220_r4_7536323_9-486809b730,2026-05-01T12:47:00.341Z,142.703,3,169.88,2520,6,6,,,,
powertraces-pt200array_pt220_r4_7536323_9-486809b730,2026-05-01T12:47:00.441Z,142.803,0,156.44,2520,22,21,,,,
powertraces-pt200array_pt220_r4_7536323_9-486809b730,2026-05-01T12:47:00.441Z,142.803,1,175.65,2520,29,30,,,,
powertraces-pt200array_pt220_r4_7536323_9-486809b730,2026-05-01T12:47:00.441Z,142.803,2,169.6,2520,8,7,,,,
powertraces-pt200array_pt220_r4_7536323_9-486809b730,2026-05-01T12:47:00.441Z,142.803,3,170.66,2520,33,33,,,,
powertraces-pt200array_pt220_r4_7536323_9-486809b730,2026-05-01T12:47:00.541Z,142.903,0,156.67,2520,22,21,,,,
powertraces-pt200array_pt220_r4_7536323_9-486809b730,2026-05-01T12:47:00.541Z,142.903,1,175.65,2520,29,30,,,,
powertraces-pt200array_pt220_r4_7536323_9-486809b730,2026-05-01T12:47:00.541Z,142.903,2,169.63,2520,8,7,,,,
powertraces-pt200array_pt220_r4_7536323_9-486809b730,2026-05-01T12:47:00.541Z,142.903,3,169.72,2520,33,33,,,,
powertraces-pt200array_pt220_r4_7536323_9-486809b730,2026-05-01T12:47:00.641Z,143.003,0,155.28,2520,29,30,,,,
powertraces-pt200array_pt220_r4_7536323_9-486809b730,2026-05-01T12:47:00.641Z,143.003,1,176.05,2520,36,37,,,,
powertraces-pt200array_pt220_r4_7536323_9-486809b730,2026-05-01T12:47:00.641Z,143.003,2,170.16,2520,36,37,,,,
powertraces-pt200array_pt220_r4_7536323_9-486809b730,2026-05-01T12:47:00.641Z,143.003,3,169.61,2520,19,20,,,,
powertraces-pt200array_pt220_r4_7536323_9-486809b730,2026-05-01T12:47:00.742Z,143.104,0,155.26,2520,29,30,,,,
powertraces-pt200array_pt220_r4_7536323_9-486809b730,2026-05-01T12:47:00.742Z,143.104,1,176.64,2520,36,37,,,,
powertraces-pt200array_pt220_r4_7536323_9-486809b730,2026-05-01T12:47:00.742Z,143.104,2,169.41,2520,36,37,,,,
powertraces-pt200array_pt220_r4_7536323_9-486809b730,2026-05-01T12:47:00.742Z,143.104,3,169.92,2520,19,20,,,,
powertraces-pt200array_pt220_r4_7536323_9-486809b730,2026-05-01T12:47:00.842Z,143.204,0,155.32,2520,32,32,,,,
powertraces-pt200array_pt220_r4_7536323_9-486809b730,2026-05-01T12:47:00.842Z,143.204,1,175.59,2520,26,26,,,,
powertraces-pt200array_pt220_r4_7536323_9-486809b730,2026-05-01T12:47:00.842Z,143.204,2,170.34,2520,17,16,,,,
powertraces-pt200array_pt220_r4_7536323_9-486809b730,2026-05-01T12:47:00.842Z,143.204,3,172.94,2520,33,33,,,,
powertraces-pt200array_pt220_r4_7536323_9-486809b730,2026-05-01T12:47:00.942Z,143.304,0,156.19,2520,32,32,,,,
powertraces-pt200array_pt220_r4_7536323_9-486809b730,2026-05-01T12:47:00.942Z,143.304,1,175.68,2520,26,26,,,,
powertraces-pt200array_pt220_r4_7536323_9-486809b730,2026-05-01T12:47:00.942Z,143.304,2,170.35,2520,17,16,,,,
powertraces-pt200array_pt220_r4_7536323_9-486809b730,2026-05-01T12:47:00.942Z,143.304,3,172.94,2520,33,33,,,,
powertraces-pt200array_pt220_r4_7536323_9-486809b730,2026-05-01T12:47:01.042Z,143.404,0,155.16,2520,17,17,,,,
powertraces-pt200array_pt220_r4_7536323_9-486809b730,2026-05-01T12:47:01.042Z,143.404,1,176.7,2520,36,37,,,,
powertraces-pt200array_pt220_r4_7536323_9-486809b730,2026-05-01T12:47:01.042Z,143.404,2,171.88,2520,36,37,,,,
powertraces-pt200array_pt220_r4_7536323_9-486809b730,2026-05-01T12:47:01.042Z,143.404,3,172.98,2520,32,32,,,,
powertraces-pt200array_pt220_r4_7536323_9-486809b730,2026-05-01T12:47:01.142Z,143.504,0,155.21,2520,17,17,,,,
powertraces-pt200array_pt220_r4_7536323_9-486809b730,2026-05-01T12:47:01.142Z,143.504,1,178.05,2520,36,37,,,,
powertraces-pt200array_pt220_r4_7536323_9-486809b730,2026-05-01T12:47:01.142Z,143.504,2,168.74,2520,36,37,,,,
powertraces-pt200array_pt220_r4_7536323_9-486809b730,2026-05-01T12:47:01.142Z,143.504,3,173.54,2520,32,32,,,,
powertraces-pt200array_pt220_r4_7536323_9-486809b730,2026-05-01T12:47:01.242Z,143.604,0,155.3,2520,34,34,,,,
powertraces-pt200array_pt220_r4_7536323_9-486809b730,2026-05-01T12:47:01.242Z,143.604,1,175.34,2520,13,12,,,,
powertraces-pt200array_pt220_r4_7536323_9-486809b730,2026-05-01T12:47:01.242Z,143.604,2,167.38,2520,30,30,,,,
powertraces-pt200array_pt220_r4_7536323_9-486809b730,2026-05-01T12:47:01.242Z,143.604,3,172.71,2520,25,24,,,,
powertraces-pt200array_pt220_r4_7536323_9-486809b730,2026-05-01T12:47:01.342Z,143.704,0,155.45,2520,34,34,,,,
powertraces-pt200array_pt220_r4_7536323_9-486809b730,2026-05-01T12:47:01.342Z,143.704,1,186.54,2520,13,12,,,,
powertraces-pt200array_pt220_r4_7536323_9-486809b730,2026-05-01T12:47:01.342Z,143.704,2,167.57,2520,30,30,,,,
powertraces-pt200array_pt220_r4_7536323_9-486809b730,2026-05-01T12:47:01.342Z,143.704,3,176.25,2520,25,24,,,,
powertraces-pt200array_pt220_r4_7536323_9-486809b730,2026-05-01T12:47:01.442Z,143.804,0,161.5,2520,84,90,,,,
powertraces-pt200array_pt220_r4_7536323_9-486809b730,2026-05-01T12:47:01.443Z,143.805,1,179.47,2520,63,67,,,,
powertraces-pt200array_pt220_r4_7536323_9-486809b730,2026-05-01T12:47:01.443Z,143.805,2,163.74,2520,82,90,,,,
powertraces-pt200array_pt220_r4_7536323_9-486809b730,2026-05-01T12:47:01.443Z,143.805,3,181.67,2520,85,92,,,,
powertraces-pt200array_pt220_r4_7536323_9-486809b730,2026-05-01T12:47:01.543Z,143.905,0,165.11,2520,84,90,,,,
powertraces-pt200array_pt220_r4_7536323_9-486809b730,2026-05-01T12:47:01.543Z,143.905,1,164.01,2520,63,67,,,,
powertraces-pt200array_pt220_r4_7536323_9-486809b730,2026-05-01T12:47:01.543Z,143.905,2,165.05,2520,82,90,,,,
powertraces-pt200array_pt220_r4_7536323_9-486809b730,2026-05-01T12:47:01.543Z,143.905,3,176.42,2520,85,92,,,,
powertraces-pt200array_pt220_r4_7536323_9-486809b730,2026-05-01T12:47:01.643Z,144.005,0,174.63,2520,17,18,,,,
powertraces-pt200array_pt220_r4_7536323_9-486809b730,2026-05-01T12:47:01.643Z,144.005,1,169.03,2520,36,37,,,,
powertraces-pt200array_pt220_r4_7536323_9-486809b730,2026-05-01T12:47:01.643Z,144.005,2,171.01,2520,36,37,,,,
powertraces-pt200array_pt220_r4_7536323_9-486809b730,2026-05-01T12:47:01.643Z,144.005,3,165.26,2520,32,32,,,,
powertraces-pt200array_pt220_r4_7536323_9-486809b730,2026-05-01T12:47:01.743Z,144.105,0,161.34,2520,17,18,,,,
powertraces-pt200array_pt220_r4_7536323_9-486809b730,2026-05-01T12:47:01.743Z,144.105,1,174.22,2520,36,37,,,,
powertraces-pt200array_pt220_r4_7536323_9-486809b730,2026-05-01T12:47:01.743Z,144.105,2,173.08,2520,36,37,,,,
powertraces-pt200array_pt220_r4_7536323_9-486809b730,2026-05-01T12:47:01.743Z,144.105,3,167.44,2520,32,32,,,,
powertraces-pt200array_pt220_r4_7536323_9-486809b730,2026-05-01T12:47:01.843Z,144.205,0,161.89,2520,32,32,,,,
powertraces-pt200array_pt220_r4_7536323_9-486809b730,2026-05-01T12:47:01.843Z,144.205,1,173.76,2520,14,13,,,,
powertraces-pt200array_pt220_r4_7536323_9-486809b730,2026-05-01T12:47:01.843Z,144.205,2,169.41,2520,29,29,,,,
powertraces-pt200array_pt220_r4_7536323_9-486809b730,2026-05-01T12:47:01.843Z,144.205,3,181.85,2520,26,25,,,,
powertraces-pt200array_pt220_r4_7536323_9-486809b730,2026-05-01T12:47:01.943Z,144.305,0,172.28,2520,32,32,,,,
powertraces-pt200array_pt220_r4_7536323_9-486809b730,2026-05-01T12:47:01.943Z,144.305,1,162.5,2520,14,13,,,,
powertraces-pt200array_pt220_r4_7536323_9-486809b730,2026-05-01T12:47:01.943Z,144.305,2,166.17,2520,29,29,,,,
powertraces-pt200array_pt220_r4_7536323_9-486809b730,2026-05-01T12:47:01.943Z,144.305,3,166.32,2520,26,25,,,,
powertraces-pt200array_pt220_r4_7536323_9-486809b730,2026-05-01T12:47:02.043Z,144.405,0,167.1,2520,4,4,,,,
powertraces-pt200array_pt220_r4_7536323_9-486809b730,2026-05-01T12:47:02.043Z,144.405,1,169.12,2520,36,37,,,,
powertraces-pt200array_pt220_r4_7536323_9-486809b730,2026-05-01T12:47:02.043Z,144.405,2,182.69,2520,36,37,,,,
powertraces-pt200array_pt220_r4_7536323_9-486809b730,2026-05-01T12:47:02.043Z,144.405,3,166.7,2520,33,33,,,,
powertraces-pt200array_pt220_r4_7536323_9-486809b730,2026-05-01T12:47:02.143Z,144.505,0,156.09,2520,4,4,,,,
powertraces-pt200array_pt220_r4_7536323_9-486809b730,2026-05-01T12:47:02.143Z,144.505,1,179.38,2520,36,37,,,,
powertraces-pt200array_pt220_r4_7536323_9-486809b730,2026-05-01T12:47:02.143Z,144.505,2,177.86,2520,36,37,,,,
powertraces-pt200array_pt220_r4_7536323_9-486809b730,2026-05-01T12:47:02.143Z,144.505,3,172.83,2520,33,33,,,,
powertraces-pt200array_pt220_r4_7536323_9-486809b730,2026-05-01T12:47:02.243Z,144.605,0,157.79,2520,32,32,,,,
powertraces-pt200array_pt220_r4_7536323_9-486809b730,2026-05-01T12:47:02.244Z,144.606,1,171.44,2520,8,7,,,,
powertraces-pt200array_pt220_r4_7536323_9-486809b730,2026-05-01T12:47:02.244Z,144.606,2,174.21,2520,29,30,,,,
powertraces-pt200array_pt220_r4_7536323_9-486809b730,2026-05-01T12:47:02.244Z,144.606,3,179.97,2520,13,11,,,,
powertraces-pt200array_pt220_r4_7536323_9-486809b730,2026-05-01T12:47:02.344Z,144.706,0,171.47,2520,32,32,,,,
powertraces-pt200array_pt220_r4_7536323_9-486809b730,2026-05-01T12:47:02.344Z,144.706,1,172.37,2520,8,7,,,,
powertraces-pt200array_pt220_r4_7536323_9-486809b730,2026-05-01T12:47:02.344Z,144.706,2,168.46,2520,29,30,,,,
powertraces-pt200array_pt220_r4_7536323_9-486809b730,2026-05-01T12:47:02.344Z,144.706,3,165.11,2520,13,11,,,,
powertraces-pt200array_pt220_r4_7536323_9-486809b730,2026-05-01T12:47:02.444Z,144.806,0,161.77,2520,0,0,,,,
powertraces-pt200array_pt220_r4_7536323_9-486809b730,2026-05-01T12:47:02.444Z,144.806,1,163.4,2520,29,30,,,,
powertraces-pt200array_pt220_r4_7536323_9-486809b730,2026-05-01T12:47:02.444Z,144.806,2,179.56,2520,26,26,,,,
powertraces-pt200array_pt220_r4_7536323_9-486809b730,2026-05-01T12:47:02.444Z,144.806,3,162.56,2520,33,33,,,,
powertraces-pt200array_pt220_r4_7536323_9-486809b730,2026-05-01T12:47:02.544Z,144.906,0,154.68,2520,0,0,,,,
powertraces-pt200array_pt220_r4_7536323_9-486809b730,2026-05-01T12:47:02.544Z,144.906,1,173.66,2520,29,30,,,,
powertraces-pt200array_pt220_r4_7536323_9-486809b730,2026-05-01T12:47:02.544Z,144.906,2,171.68,2520,26,26,,,,
powertraces-pt200array_pt220_r4_7536323_9-486809b730,2026-05-01T12:47:02.544Z,144.906,3,174.0,2520,33,33,,,,
powertraces-pt200array_pt220_r4_7536323_9-486809b730,2026-05-01T12:47:02.644Z,145.006,0,155.43,2520,32,32,,,,
powertraces-pt200array_pt220_r4_7536323_9-486809b730,2026-05-01T12:47:02.644Z,145.006,1,173.66,2520,20,19,,,,
powertraces-pt200array_pt220_r4_7536323_9-486809b730,2026-05-01T12:47:02.644Z,145.006,2,169.38,2520,29,30,,,,
powertraces-pt200array_pt220_r4_7536323_9-486809b730,2026-05-01T12:47:02.644Z,145.006,3,173.81,2520,0,0,,,,
powertraces-pt200array_pt220_r4_7536323_9-486809b730,2026-05-01T12:47:02.744Z,145.106,0,155.02,2520,32,32,,,,
powertraces-pt200array_pt220_r4_7536323_9-486809b730,2026-05-01T12:47:02.744Z,145.106,1,174.99,2520,20,19,,,,
powertraces-pt200array_pt220_r4_7536323_9-486809b730,2026-05-01T12:47:02.744Z,145.106,2,170.71,2520,29,30,,,,
powertraces-pt200array_pt220_r4_7536323_9-486809b730,2026-05-01T12:47:02.744Z,145.106,3,173.81,2520,0,0,,,,
powertraces-pt200array_pt220_r4_7536323_9-486809b730,2026-05-01T12:47:02.844Z,145.206,0,155.32,2520,12,11,,,,
powertraces-pt200array_pt220_r4_7536323_9-486809b730,2026-05-01T12:47:02.844Z,145.206,1,176.84,2520,29,30,,,,
powertraces-pt200array_pt220_r4_7536323_9-486809b730,2026-05-01T12:47:02.844Z,145.206,2,168.28,2520,12,11,,,,
powertraces-pt200array_pt220_r4_7536323_9-486809b730,2026-05-01T12:47:02.844Z,145.206,3,174.36,2520,33,33,,,,
powertraces-pt200array_pt220_r4_7536323_9-486809b730,2026-05-01T12:47:02.944Z,145.306,0,159.99,2520,32,32,,,,
powertraces-pt200array_pt220_r4_7536323_9-486809b730,2026-05-01T12:47:02.945Z,145.307,1,174.62,2520,29,30,,,,
powertraces-pt200array_pt220_r4_7536323_9-486809b730,2026-05-01T12:47:02.945Z,145.307,2,165.76,2520,12,11,,,,
powertraces-pt200array_pt220_r4_7536323_9-486809b730,2026-05-01T12:47:02.945Z,145.307,3,174.88,2520,33,33,,,,
powertraces-pt200array_pt220_r4_7536323_9-486809b730,2026-05-01T12:47:03.045Z,145.407,0,159.96,2520,32,32,,,,
powertraces-pt200array_pt220_r4_7536323_9-486809b730,2026-05-01T12:47:03.045Z,145.407,1,174.8,2520,33,33,,,,
powertraces-pt200array_pt220_r4_7536323_9-486809b730,2026-05-01T12:47:03.045Z,145.407,2,166.12,2520,29,30,,,,
powertraces-pt200array_pt220_r4_7536323_9-486809b730,2026-05-01T12:47:03.045Z,145.407,3,174.89,2520,10,10,,,,
powertraces-pt200array_pt220_r4_7536323_9-486809b730,2026-05-01T12:47:03.145Z,145.507,0,160.0,2520,26,26,,,,
powertraces-pt200array_pt220_r4_7536323_9-486809b730,2026-05-01T12:47:03.145Z,145.507,1,171.94,2520,33,33,,,,
powertraces-pt200array_pt220_r4_7536323_9-486809b730,2026-05-01T12:47:03.145Z,145.507,2,165.21,2520,29,30,,,,
powertraces-pt200array_pt220_r4_7536323_9-486809b730,2026-05-01T12:47:03.145Z,145.507,3,175.0,2520,10,10,,,,
powertraces-pt200array_pt220_r4_7536323_9-486809b730,2026-05-01T12:47:03.245Z,145.607,0,160.39,2520,26,26,,,,
powertraces-pt200array_pt220_r4_7536323_9-486809b730,2026-05-01T12:47:03.245Z,145.607,1,171.44,2520,30,31,,,,
powertraces-pt200array_pt220_r4_7536323_9-486809b730,2026-05-01T12:47:03.245Z,145.607,2,165.58,2520,8,7,,,,
powertraces-pt200array_pt220_r4_7536323_9-486809b730,2026-05-01T12:47:03.245Z,145.607,3,176.34,2520,33,33,,,,
powertraces-pt200array_pt220_r4_7536323_9-486809b730,2026-05-01T12:47:03.345Z,145.707,0,162.43,2520,26,27,,,,
powertraces-pt200array_pt220_r4_7536323_9-486809b730,2026-05-01T12:47:03.345Z,145.707,1,171.49,2520,30,31,,,,
powertraces-pt200array_pt220_r4_7536323_9-486809b730,2026-05-01T12:47:03.345Z,145.707,2,165.61,2520,8,7,,,,
powertraces-pt200array_pt220_r4_7536323_9-486809b730,2026-05-01T12:47:03.345Z,145.707,3,176.37,2520,33,33,,,,
powertraces-pt200array_pt220_r4_7536323_9-486809b730,2026-05-01T12:47:03.445Z,145.807,0,162.4,2520,26,27,,,,
powertraces-pt200array_pt220_r4_7536323_9-486809b730,2026-05-01T12:47:03.445Z,145.807,1,172.62,2520,36,37,,,,
powertraces-pt200array_pt220_r4_7536323_9-486809b730,2026-05-01T12:47:03.445Z,145.807,2,166.75,2520,37,37,,,,
powertraces-pt200array_pt220_r4_7536323_9-486809b730,2026-05-01T12:47:03.445Z,145.807,3,176.48,2520,24,25,,,,
powertraces-pt200array_pt220_r4_7536323_9-486809b730,2026-05-01T12:47:03.545Z,145.907,0,174.51,2520,26,27,,,,
powertraces-pt200array_pt220_r4_7536323_9-486809b730,2026-05-01T12:47:03.545Z,145.907,1,174.26,2520,36,37,,,,
powertraces-pt200array_pt220_r4_7536323_9-486809b730,2026-05-01T12:47:03.545Z,145.907,2,164.27,2520,37,37,,,,
powertraces-pt200array_pt220_r4_7536323_9-486809b730,2026-05-01T12:47:03.545Z,145.907,3,176.93,2520,24,25,,,,
powertraces-pt200array_pt220_r4_7536323_9-486809b730,2026-05-01T12:47:03.645Z,146.007,0,170.46,2520,87,95,,,,
powertraces-pt200array_pt220_r4_7536323_9-486809b730,2026-05-01T12:47:03.645Z,146.007,1,175.02,2520,93,100,,,,
powertraces-pt200array_pt220_r4_7536323_9-486809b730,2026-05-01T12:47:03.645Z,146.007,2,169.96,2520,43,47,,,,
powertraces-pt200array_pt220_r4_7536323_9-486809b730,2026-05-01T12:47:03.645Z,146.007,3,172.3,2520,50,56,,,,
powertraces-pt200array_pt220_r4_7536323_9-486809b730,2026-05-01T12:47:03.745Z,146.107,0,160.19,2520,19,17,,,,
powertraces-pt200array_pt220_r4_7536323_9-486809b730,2026-05-01T12:47:03.746Z,146.108,1,178.53,2520,93,100,,,,
powertraces-pt200array_pt220_r4_7536323_9-486809b730,2026-05-01T12:47:03.746Z,146.108,2,179.01,2520,43,47,,,,
powertraces-pt200array_pt220_r4_7536323_9-486809b730,2026-05-01T12:47:03.746Z,146.108,3,183.13,2520,50,56,,,,
powertraces-pt200array_pt220_r4_7536323_9-486809b730,2026-05-01T12:47:03.846Z,146.208,0,162.45,2520,19,17,,,,
powertraces-pt200array_pt220_r4_7536323_9-486809b730,2026-05-01T12:47:03.846Z,146.208,1,186.42,2520,30,31,,,,
powertraces-pt200array_pt220_r4_7536323_9-486809b730,2026-05-01T12:47:03.846Z,146.208,2,173.99,2520,23,20,,,,
powertraces-pt200array_pt220_r4_7536323_9-486809b730,2026-05-01T12:47:03.846Z,146.208,3,191.89,2520,33,33,,,,
powertraces-pt200array_pt220_r4_7536323_9-486809b730,2026-05-01T12:47:03.946Z,146.308,0,176.58,2520,24,26,,,,
powertraces-pt200array_pt220_r4_7536323_9-486809b730,2026-05-01T12:47:03.946Z,146.308,1,177.62,2520,30,31,,,,
powertraces-pt200array_pt220_r4_7536323_9-486809b730,2026-05-01T12:47:03.946Z,146.308,2,172.28,2520,23,20,,,,
powertraces-pt200array_pt220_r4_7536323_9-486809b730,2026-05-01T12:47:03.946Z,146.308,3,195.8,2520,33,33,,,,
powertraces-pt200array_pt220_r4_7536323_9-486809b730,2026-05-01T12:47:04.046Z,146.408,0,162.97,2520,24,26,,,,
powertraces-pt200array_pt220_r4_7536323_9-486809b730,2026-05-01T12:47:04.046Z,146.408,1,180.69,2520,36,37,,,,
powertraces-pt200array_pt220_r4_7536323_9-486809b730,2026-05-01T12:47:04.046Z,146.408,2,169.21,2520,37,37,,,,
powertraces-pt200array_pt220_r4_7536323_9-486809b730,2026-05-01T12:47:04.046Z,146.408,3,180.14,2520,25,26,,,,
powertraces-pt200array_pt220_r4_7536323_9-486809b730,2026-05-01T12:47:04.146Z,146.508,0,163.28,2520,32,32,,,,
powertraces-pt200array_pt220_r4_7536323_9-486809b730,2026-05-01T12:47:04.146Z,146.508,1,183.88,2520,36,37,,,,
powertraces-pt200array_pt220_r4_7536323_9-486809b730,2026-05-01T12:47:04.146Z,146.508,2,178.11,2520,37,37,,,,
powertraces-pt200array_pt220_r4_7536323_9-486809b730,2026-05-01T12:47:04.146Z,146.508,3,181.46,2520,25,26,,,,
powertraces-pt200array_pt220_r4_7536323_9-486809b730,2026-05-01T12:47:04.246Z,146.608,0,169.51,2520,32,32,,,,
powertraces-pt200array_pt220_r4_7536323_9-486809b730,2026-05-01T12:47:04.246Z,146.608,1,189.6,2520,20,20,,,,
powertraces-pt200array_pt220_r4_7536323_9-486809b730,2026-05-01T12:47:04.246Z,146.608,2,168.83,2520,22,22,,,,
powertraces-pt200array_pt220_r4_7536323_9-486809b730,2026-05-01T12:47:04.246Z,146.608,3,198.61,2520,33,32,,,,
powertraces-pt200array_pt220_r4_7536323_9-486809b730,2026-05-01T12:47:04.346Z,146.708,0,174.4,2520,10,10,,,,
powertraces-pt200array_pt220_r4_7536323_9-486809b730,2026-05-01T12:47:04.346Z,146.708,1,174.77,2520,20,20,,,,
powertraces-pt200array_pt220_r4_7536323_9-486809b730,2026-05-01T12:47:04.346Z,146.708,2,167.38,2520,22,22,,,,
powertraces-pt200array_pt220_r4_7536323_9-486809b730,2026-05-01T12:47:04.346Z,146.708,3,191.06,2520,33,32,,,,
powertraces-pt200array_pt220_r4_7536323_9-486809b730,2026-05-01T12:47:04.446Z,146.808,0,158.27,2520,10,10,,,,
powertraces-pt200array_pt220_r4_7536323_9-486809b730,2026-05-01T12:47:04.446Z,146.808,1,183.38,2520,36,37,,,,
powertraces-pt200array_pt220_r4_7536323_9-486809b730,2026-05-01T12:47:04.446Z,146.808,2,178.2,2520,37,37,,,,
powertraces-pt200array_pt220_r4_7536323_9-486809b730,2026-05-01T12:47:04.446Z,146.808,3,181.65,2520,33,33,,,,
powertraces-pt200array_pt220_r4_7536323_9-486809b730,2026-05-01T12:47:04.547Z,146.909,0,159.28,2520,32,32,,,,
powertraces-pt200array_pt220_r4_7536323_9-486809b730,2026-05-01T12:47:04.547Z,146.909,1,192.46,2520,36,37,,,,
powertraces-pt200array_pt220_r4_7536323_9-486809b730,2026-05-01T12:47:04.547Z,146.909,2,175.44,2520,37,37,,,,
powertraces-pt200array_pt220_r4_7536323_9-486809b730,2026-05-01T12:47:04.547Z,146.909,3,185.42,2520,33,33,,,,
powertraces-pt200array_pt220_r4_7536323_9-486809b730,2026-05-01T12:47:04.647Z,147.009,0,162.94,2520,32,32,,,,
powertraces-pt200array_pt220_r4_7536323_9-486809b730,2026-05-01T12:47:04.647Z,147.009,1,187.97,2520,8,7,,,,
powertraces-pt200array_pt220_r4_7536323_9-486809b730,2026-05-01T12:47:04.647Z,147.009,2,165.94,2520,32,33,,,,
powertraces-pt200array_pt220_r4_7536323_9-486809b730,2026-05-01T12:47:04.647Z,147.009,3,197.3,2520,19,18,,,,
powertraces-pt200array_pt220_r4_7536323_9-486809b730,2026-05-01T12:47:04.747Z,147.109,0,162.68,2520,0,0,,,,
powertraces-pt200array_pt220_r4_7536323_9-486809b730,2026-05-01T12:47:04.747Z,147.109,1,176.83,2520,8,7,,,,
powertraces-pt200array_pt220_r4_7536323_9-486809b730,2026-05-01T12:47:04.747Z,147.109,2,157.34,2520,32,33,,,,
powertraces-pt200array_pt220_r4_7536323_9-486809b730,2026-05-01T12:47:04.747Z,147.109,3,184.84,2520,19,18,,,,
powertraces-pt200array_pt220_r4_7536323_9-486809b730,2026-05-01T12:47:04.847Z,147.209,0,162.75,2520,0,0,,,,
powertraces-pt200array_pt220_r4_7536323_9-486809b730,2026-05-01T12:47:04.847Z,147.209,1,173.87,2520,30,31,,,,
powertraces-pt200array_pt220_r4_7536323_9-486809b730,2026-05-01T12:47:04.847Z,147.209,2,162.65,2520,32,32,,,,
powertraces-pt200array_pt220_r4_7536323_9-486809b730,2026-05-01T12:47:04.847Z,147.209,3,174.65,2520,33,33,,,,
powertraces-pt200array_pt220_r4_7536323_9-486809b730,2026-05-01T12:47:04.947Z,147.309,0,163.18,2520,32,32,,,,
powertraces-pt200array_pt220_r4_7536323_9-486809b730,2026-05-01T12:47:04.947Z,147.309,1,174.59,2520,30,31,,,,
powertraces-pt200array_pt220_r4_7536323_9-486809b730,2026-05-01T12:47:04.947Z,147.309,2,163.13,2520,32,32,,,,
powertraces-pt200array_pt220_r4_7536323_9-486809b730,2026-05-01T12:47:04.947Z,147.309,3,176.48,2520,33,33,,,,
powertraces-pt200array_pt220_r4_7536323_9-486809b730,2026-05-01T12:47:05.047Z,147.409,0,162.27,2520,32,32,,,,
powertraces-pt200array_pt220_r4_7536323_9-486809b730,2026-05-01T12:47:05.047Z,147.409,1,174.59,2520,13,12,,,,
powertraces-pt200array_pt220_r4_7536323_9-486809b730,2026-05-01T12:47:05.047Z,147.409,2,163.2,2520,29,30,,,,
powertraces-pt200array_pt220_r4_7536323_9-486809b730,2026-05-01T12:47:05.047Z,147.409,3,173.08,2520,6,5,,,,
powertraces-pt200array_pt220_r4_7536323_9-486809b730,2026-05-01T12:47:05.147Z,147.509,0,162.21,2520,6,5,,,,
powertraces-pt200array_pt220_r4_7536323_9-486809b730,2026-05-01T12:47:05.147Z,147.509,1,175.29,2520,13,12,,,,
powertraces-pt200array_pt220_r4_7536323_9-486809b730,2026-05-01T12:47:05.147Z,147.509,2,164.24,2520,29,30,,,,
powertraces-pt200array_pt220_r4_7536323_9-486809b730,2026-05-01T12:47:05.147Z,147.509,3,173.11,2520,6,5,,,,
powertraces-pt200array_pt220_r4_7536323_9-486809b730,2026-05-01T12:47:05.248Z,147.61,0,162.32,2520,6,5,,,,
powertraces-pt200array_pt220_r4_7536323_9-486809b730,2026-05-01T12:47:05.248Z,147.61,1,176.58,2520,29,30,,,,
powertraces-pt200array_pt220_r4_7536323_9-486809b730,2026-05-01T12:47:05.248Z,147.61,2,162.81,2520,19,18,,,,
powertraces-pt200array_pt220_r4_7536323_9-486809b730,2026-05-01T12:47:05.248Z,147.61,3,173.51,2520,33,33,,,,
powertraces-pt200array_pt220_r4_7536323_9-486809b730,2026-05-01T12:47:05.348Z,147.71,0,163.66,2520,32,32,,,,
powertraces-pt200array_pt220_r4_7536323_9-486809b730,2026-05-01T12:47:05.348Z,147.71,1,173.34,2520,29,30,,,,
powertraces-pt200array_pt220_r4_7536323_9-486809b730,2026-05-01T12:47:05.348Z,147.71,2,164.12,2520,19,18,,,,
powertraces-pt200array_pt220_r4_7536323_9-486809b730,2026-05-01T12:47:05.348Z,147.71,3,172.18,2520,33,33,,,,
powertraces-pt200array_pt220_r4_7536323_9-486809b730,2026-05-01T12:47:05.448Z,147.81,0,160.21,2520,32,32,,,,
powertraces-pt200array_pt220_r4_7536323_9-486809b730,2026-05-01T12:47:05.448Z,147.81,1,173.46,2520,26,26,,,,
powertraces-pt200array_pt220_r4_7536323_9-486809b730,2026-05-01T12:47:05.448Z,147.81,2,164.26,2520,29,30,,,,
powertraces-pt200array_pt220_r4_7536323_9-486809b730,2026-05-01T12:47:05.448Z,147.81,3,172.21,2520,3,3,,,,
powertraces-pt200array_pt220_r4_7536323_9-486809b730,2026-05-01T12:47:05.548Z,147.91,0,160.23,2520,17,16,,,,
powertraces-pt200array_pt220_r4_7536323_9-486809b730,2026-05-01T12:47:05.548Z,147.91,1,175.73,2520,26,26,,,,
powertraces-pt200array_pt220_r4_7536323_9-486809b730,2026-05-01T12:47:05.548Z,147.91,2,166.28,2520,29,30,,,,
powertraces-pt200array_pt220_r4_7536323_9-486809b730,2026-05-01T12:47:05.548Z,147.91,3,172.23,2520,3,3,,,,
powertraces-pt200array_pt220_r4_7536323_9-486809b730,2026-05-01T12:47:05.648Z,148.01,0,160.36,2520,17,16,,,,
powertraces-pt200array_pt220_r4_7536323_9-486809b730,2026-05-01T12:47:05.648Z,148.01,1,178.18,2520,29,30,,,,
powertraces-pt200array_pt220_r4_7536323_9-486809b730,2026-05-01T12:47:05.648Z,148.01,2,166.58,2520,8,7,,,,
powertraces-pt200array_pt220_r4_7536323_9-486809b730,2026-05-01T12:47:05.648Z,148.01,3,172.8,2520,33,33,,,,
powertraces-pt200array_pt220_r4_7536323_9-486809b730,2026-05-01T12:47:05.748Z,148.11,0,156.64,2520,30,33,,,,
powertraces-pt200array_pt220_r4_7536323_9-486809b730,2026-05-01T12:47:05.748Z,148.11,1,178.2,2520,29,30,,,,
powertraces-pt200array_pt220_r4_7536323_9-486809b730,2026-05-01T12:47:05.748Z,148.11,2,166.63,2520,8,7,,,,
powertraces-pt200array_pt220_r4_7536323_9-486809b730,2026-05-01T12:47:05.748Z,148.11,3,172.08,2520,33,33,,,,
powertraces-pt200array_pt220_r4_7536323_9-486809b730,2026-05-01T12:47:05.848Z,148.21,0,170.35,2520,30,33,,,,
powertraces-pt200array_pt220_r4_7536323_9-486809b730,2026-05-01T12:47:05.848Z,148.21,1,188.44,2520,68,74,,,,
powertraces-pt200array_pt220_r4_7536323_9-486809b730,2026-05-01T12:47:05.848Z,148.21,2,167.01,2520,35,35,,,,
powertraces-pt200array_pt220_r4_7536323_9-486809b730,2026-05-01T12:47:05.848Z,148.21,3,172.08,2520,18,19,,,,
powertraces-pt200array_pt220_r4_7536323_9-486809b730,2026-05-01T12:47:05.948Z,148.31,0,177.34,2520,20,17,,,,
powertraces-pt200array_pt220_r4_7536323_9-486809b730,2026-05-01T12:47:05.948Z,148.31,1,189.09,2520,68,74,,,,
powertraces-pt200array_pt220_r4_7536323_9-486809b730,2026-05-01T12:47:05.948Z,148.31,2,164.96,2520,35,35,,,,
powertraces-pt200array_pt220_r4_7536323_9-486809b730,2026-05-01T12:47:05.948Z,148.31,3,182.06,2520,18,19,,,,
powertraces-pt200array_pt220_r4_7536323_9-486809b730,2026-05-01T12:47:06.049Z,148.411,0,180.21,2520,20,17,,,,
powertraces-pt200array_pt220_r4_7536323_9-486809b730,2026-05-01T12:47:06.049Z,148.411,1,175.73,2520,22,20,,,,
powertraces-pt200array_pt220_r4_7536323_9-486809b730,2026-05-01T12:47:06.049Z,148.411,2,167.1,2520,51,52,,,,
powertraces-pt200array_pt220_r4_7536323_9-486809b730,2026-05-01T12:47:06.049Z,148.411,3,171.66,2520,21,18,,,,
powertraces-pt200array_pt220_r4_7536323_9-486809b730,2026-05-01T12:47:06.149Z,148.511,0,166.43,2520,18,17,,,,
powertraces-pt200array_pt220_r4_7536323_9-486809b730,2026-05-01T12:47:06.149Z,148.511,1,184.61,2520,22,20,,,,
powertraces-pt200array_pt220_r4_7536323_9-486809b730,2026-05-01T12:47:06.149Z,148.511,2,178.11,2520,51,52,,,,
powertraces-pt200array_pt220_r4_7536323_9-486809b730,2026-05-01T12:47:06.149Z,148.511,3,168.8,2520,21,18,,,,
powertraces-pt200array_pt220_r4_7536323_9-486809b730,2026-05-01T12:47:06.249Z,148.611,0,167.44,2520,18,17,,,,
powertraces-pt200array_pt220_r4_7536323_9-486809b730,2026-05-01T12:47:06.249Z,148.611,1,193.49,2520,29,30,,,,
powertraces-pt200array_pt220_r4_7536323_9-486809b730,2026-05-01T12:47:06.249Z,148.611,2,174.5,2520,8,7,,,,
powertraces-pt200array_pt220_r4_7536323_9-486809b730,2026-05-01T12:47:06.249Z,148.611,3,172.93,2520,33,33,,,,
powertraces-pt200array_pt220_r4_7536323_9-486809b730,2026-05-01T12:47:06.349Z,148.711,0,182.35,2520,31,32,,,,
powertraces-pt200array_pt220_r4_7536323_9-486809b730,2026-05-01T12:47:06.349Z,148.711,1,188.12,2520,29,30,,,,
powertraces-pt200array_pt220_r4_7536323_9-486809b730,2026-05-01T12:47:06.349Z,148.711,2,165.9,2520,8,7,,,,
powertraces-pt200array_pt220_r4_7536323_9-486809b730,2026-05-01T12:47:06.349Z,148.711,3,184.06,2520,33,33,,,,
powertraces-pt200array_pt220_r4_7536323_9-486809b730,2026-05-01T12:47:06.449Z,148.811,0,174.7,2520,31,32,,,,
powertraces-pt200array_pt220_r4_7536323_9-486809b730,2026-05-01T12:47:06.449Z,148.811,1,183.09,2520,36,37,,,,
powertraces-pt200array_pt220_r4_7536323_9-486809b730,2026-05-01T12:47:06.449Z,148.811,2,159.62,2520,34,34,,,,
powertraces-pt200array_pt220_r4_7536323_9-486809b730,2026-05-01T12:47:06.449Z,148.811,3,167.99,2520,15,16,,,,
powertraces-pt200array_pt220_r4_7536323_9-486809b730,2026-05-01T12:47:06.549Z,148.911,0,171.44,2520,32,32,,,,
powertraces-pt200array_pt220_r4_7536323_9-486809b730,2026-05-01T12:47:06.549Z,148.911,1,184.43,2520,36,37,,,,
powertraces-pt200array_pt220_r4_7536323_9-486809b730,2026-05-01T12:47:06.549Z,148.911,2,173.02,2520,34,34,,,,
powertraces-pt200array_pt220_r4_7536323_9-486809b730,2026-05-01T12:47:06.549Z,148.911,3,168.51,2520,15,16,,,,
powertraces-pt200array_pt220_r4_7536323_9-486809b730,2026-05-01T12:47:06.649Z,149.011,0,174.38,2520,32,32,,,,
powertraces-pt200array_pt220_r4_7536323_9-486809b730,2026-05-01T12:47:06.649Z,149.011,1,187.98,2520,30,30,,,,
powertraces-pt200array_pt220_r4_7536323_9-486809b730,2026-05-01T12:47:06.649Z,149.011,2,163.09,2520,13,12,,,,
powertraces-pt200array_pt220_r4_7536323_9-486809b730,2026-05-01T12:47:06.649Z,149.011,3,180.4,2520,33,33,,,,
powertraces-pt200array_pt220_r4_7536323_9-486809b730,2026-05-01T12:47:06.75Z,149.112,0,186.49,2520,21,22,,,,
powertraces-pt200array_pt220_r4_7536323_9-486809b730,2026-05-01T12:47:06.75Z,149.112,1,173.45,2520,30,30,,,,
powertraces-pt200array_pt220_r4_7536323_9-486809b730,2026-05-01T12:47:06.75Z,149.112,2,162.17,2520,13,12,,,,
powertraces-pt200array_pt220_r4_7536323_9-486809b730,2026-05-01T12:47:06.75Z,149.112,3,177.3,2520,33,33,,,,
powertraces-pt200array_pt220_r4_7536323_9-486809b730,2026-05-01T12:47:06.85Z,149.212,0,174.26,2520,21,22,,,,
powertraces-pt200array_pt220_r4_7536323_9-486809b730,2026-05-01T12:47:06.85Z,149.212,1,177.35,2520,36,37,,,,
powertraces-pt200array_pt220_r4_7536323_9-486809b730,2026-05-01T12:47:06.85Z,149.212,2,166.78,2520,36,37,,,,
powertraces-pt200array_pt220_r4_7536323_9-486809b730,2026-05-01T12:47:06.85Z,149.212,3,164.9,2520,28,29,,,,
powertraces-pt200array_pt220_r4_7536323_9-486809b730,2026-05-01T12:47:06.95Z,149.312,0,160.99,2520,32,32,,,,
powertraces-pt200array_pt220_r4_7536323_9-486809b730,2026-05-01T12:47:06.95Z,149.312,1,171.36,2520,36,37,,,,
powertraces-pt200array_pt220_r4_7536323_9-486809b730,2026-05-01T12:47:06.95Z,149.312,2,172.59,2520,36,37,,,,
powertraces-pt200array_pt220_r4_7536323_9-486809b730,2026-05-01T12:47:06.95Z,149.312,3,166.52,2520,28,29,,,,
powertraces-pt200array_pt220_r4_7536323_9-486809b730,2026-05-01T12:47:07.05Z,149.412,0,161.93,2520,32,32,,,,
powertraces-pt200array_pt220_r4_7536323_9-486809b730,2026-05-01T12:47:07.05Z,149.412,1,175.32,2520,17,16,,,,
powertraces-pt200array_pt220_r4_7536323_9-486809b730,2026-05-01T12:47:07.05Z,149.412,2,168.47,2520,26,26,,,,
powertraces-pt200array_pt220_r4_7536323_9-486809b730,2026-05-01T12:47:07.05Z,149.412,3,172.64,2520,29,29,,,,
powertraces-pt200array_pt220_r4_7536323_9-486809b730,2026-05-01T12:47:07.15Z,149.512,0,158.96,2520,6,7,,,,
powertraces-pt200array_pt220_r4_7536323_9-486809b730,2026-05-01T12:47:07.15Z,149.512,1,175.36,2520,17,16,,,,
powertraces-pt200array_pt220_r4_7536323_9-486809b730,2026-05-01T12:47:07.15Z,149.512,2,164.2,2520,26,26,,,,
powertraces-pt200array_pt220_r4_7536323_9-486809b730,2026-05-01T12:47:07.15Z,149.512,3,172.34,2520,29,29,,,,
powertraces-pt200array_pt220_r4_7536323_9-486809b730,2026-05-01T12:47:07.25Z,149.612,0,158.96,2520,6,7,,,,
powertraces-pt200array_pt220_r4_7536323_9-486809b730,2026-05-01T12:47:07.25Z,149.612,1,176.65,2520,36,37,,,,
powertraces-pt200array_pt220_r4_7536323_9-486809b730,2026-05-01T12:47:07.25Z,149.612,2,166.81,2520,36,37,,,,
powertraces-pt200array_pt220_r4_7536323_9-486809b730,2026-05-01T12:47:07.25Z,149.612,3,172.28,2520,33,33,,,,
powertraces-pt200array_pt220_r4_7536323_9-486809b730,2026-05-01T12:47:07.35Z,149.712,0,159.15,2520,32,32,,,,
powertraces-pt200array_pt220_r4_7536323_9-486809b730,2026-05-01T12:47:07.35Z,149.712,1,180.0,2520,36,37,,,,
powertraces-pt200array_pt220_r4_7536323_9-486809b730,2026-05-01T12:47:07.35Z,149.712,2,167.1,2520,36,37,,,,
powertraces-pt200array_pt220_r4_7536323_9-486809b730,2026-05-01T12:47:07.35Z,149.712,3,172.98,2520,33,33,,,,
powertraces-pt200array_pt220_r4_7536323_9-486809b730,2026-05-01T12:47:07.45Z,149.812,0,157.92,2520,32,32,,,,
powertraces-pt200array_pt220_r4_7536323_9-486809b730,2026-05-01T12:47:07.451Z,149.813,1,180.01,2520,8,7,,,,
powertraces-pt200array_pt220_r4_7536323_9-486809b730,2026-05-01T12:47:07.451Z,149.813,2,167.09,2520,29,31,,,,
powertraces-pt200array_pt220_r4_7536323_9-486809b730,2026-05-01T12:47:07.451Z,149.813,3,172.06,2520,16,14,,,,
powertraces-pt200array_pt220_r4_7536323_9-486809b730,2026-05-01T12:47:07.551Z,149.913,0,157.91,2520,0,0,,,,
powertraces-pt200array_pt220_r4_7536323_9-486809b730,2026-05-01T12:47:07.551Z,149.913,1,180.26,2520,8,7,,,,
powertraces-pt200array_pt220_r4_7536323_9-486809b730,2026-05-01T12:47:07.551Z,149.913,2,167.47,2520,29,31,,,,
powertraces-pt200array_pt220_r4_7536323_9-486809b730,2026-05-01T12:47:07.551Z,149.913,3,171.93,2520,16,14,,,,
powertraces-pt200array_pt220_r4_7536323_9-486809b730,2026-05-01T12:47:07.651Z,150.013,0,157.91,2520,0,0,,,,
powertraces-pt200array_pt220_r4_7536323_9-486809b730,2026-05-01T12:47:07.651Z,150.013,1,180.72,2520,29,30,,,,
powertraces-pt200array_pt220_r4_7536323_9-486809b730,2026-05-01T12:47:07.651Z,150.013,2,167.14,2520,29,29,,,,
powertraces-pt200array_pt220_r4_7536323_9-486809b730,2026-05-01T12:47:07.651Z,150.013,3,172.13,2520,33,33,,,,
powertraces-pt200array_pt220_r4_7536323_9-486809b730,2026-05-01T12:47:07.751Z,150.113,0,158.47,2520,33,33,,,,
powertraces-pt200array_pt220_r4_7536323_9-486809b730,2026-05-01T12:47:07.751Z,150.113,1,179.39,2520,29,30,,,,
powertraces-pt200array_pt220_r4_7536323_9-486809b730,2026-05-01T12:47:07.751Z,150.113,2,167.59,2520,29,29,,,,
powertraces-pt200array_pt220_r4_7536323_9-486809b730,2026-05-01T12:47:07.751Z,150.113,3,173.39,2520,33,33,,,,
powertraces-pt200array_pt220_r4_7536323_9-486809b730,2026-05-01T12:47:07.851Z,150.213,0,158.19,2520,33,33,,,,
powertraces-pt200array_pt220_r4_7536323_9-486809b730,2026-05-01T12:47:07.851Z,150.213,1,179.41,2520,16,15,,,,
powertraces-pt200array_pt220_r4_7536323_9-486809b730,2026-05-01T12:47:07.851Z,150.213,2,167.57,2520,29,30,,,,
powertraces-pt200array_pt220_r4_7536323_9-486809b730,2026-05-01T12:47:07.851Z,150.213,3,172.08,2520,3,2,,,,
powertraces-pt200array_pt220_r4_7536323_9-486809b730,2026-05-01T12:47:07.951Z,150.313,0,158.21,2520,6,5,,,,
powertraces-pt200array_pt220_r4_7536323_9-486809b730,2026-05-01T12:47:07.951Z,150.313,1,180.32,2520,16,15,,,,
powertraces-pt200array_pt220_r4_7536323_9-486809b730,2026-05-01T12:47:07.951Z,150.313,2,169.01,2520,29,30,,,,
powertraces-pt200array_pt220_r4_7536323_9-486809b730,2026-05-01T12:47:07.951Z,150.313,3,172.08,2520,3,2,,,,
powertraces-pt200array_pt220_r4_7536323_9-486809b730,2026-05-01T12:47:08.051Z,150.413,0,169.93,2520,6,5,,,,
powertraces-pt200array_pt220_r4_7536323_9-486809b730,2026-05-01T12:47:08.051Z,150.413,1,181.59,2520,29,30,,,,
powertraces-pt200array_pt220_r4_7536323_9-486809b730,2026-05-01T12:47:08.051Z,150.413,2,166.7,2520,15,15,,,,
powertraces-pt200array_pt220_r4_7536323_9-486809b730,2026-05-01T12:47:08.051Z,150.413,3,172.62,2520,33,33,,,,
powertraces-pt200array_pt220_r4_7536323_9-486809b730,2026-05-01T12:47:08.151Z,150.513,0,162.21,2520,41,43,,,,
powertraces-pt200array_pt220_r4_7536323_9-486809b730,2026-05-01T12:47:08.151Z,150.513,1,187.51,2520,29,30,,,,
powertraces-pt200array_pt220_r4_7536323_9-486809b730,2026-05-01T12:47:08.151Z,150.513,2,167.35,2520,15,15,,,,
powertraces-pt200array_pt220_r4_7536323_9-486809b730,2026-05-01T12:47:08.151Z,150.513,3,168.03,2520,33,33,,,,
powertraces-pt200array_pt220_r4_7536323_9-486809b730,2026-05-01T12:47:08.251Z,150.613,0,159.84,2520,41,43,,,,
powertraces-pt200array_pt220_r4_7536323_9-486809b730,2026-05-01T12:47:08.252Z,150.614,1,193.22,2520,38,38,,,,
powertraces-pt200array_pt220_r4_7536323_9-486809b730,2026-05-01T12:47:08.252Z,150.614,2,179.96,2520,88,96,,,,
powertraces-pt200array_pt220_r4_7536323_9-486809b730,2026-05-01T12:47:08.252Z,150.614,3,185.5,2520,66,68,,,,
powertraces-pt200array_pt220_r4_7536323_9-486809b730,2026-05-01T12:47:08.352Z,150.714,0,163.23,2520,32,32,,,,
powertraces-pt200array_pt220_r4_7536323_9-486809b730,2026-05-01T12:47:08.352Z,150.714,1,196.44,2520,38,38,,,,
powertraces-pt200array_pt220_r4_7536323_9-486809b730,2026-05-01T12:47:08.352Z,150.714,2,169.7,2520,88,96,,,,
powertraces-pt200array_pt220_r4_7536323_9-486809b730,2026-05-01T12:47:08.352Z,150.714,3,198.12,2520,66,68,,,,
powertraces-pt200array_pt220_r4_7536323_9-486809b730,2026-05-01T12:47:08.452Z,150.814,0,174.36,2520,32,32,,,,
powertraces-pt200array_pt220_r4_7536323_9-486809b730,2026-05-01T12:47:08.452Z,150.814,1,180.67,2520,16,15,,,,
powertraces-pt200array_pt220_r4_7536323_9-486809b730,2026-05-01T12:47:08.452Z,150.814,2,168.73,2520,29,30,,,,
powertraces-pt200array_pt220_r4_7536323_9-486809b730,2026-05-01T12:47:08.452Z,150.814,3,193.22,2520,3,3,,,,
powertraces-pt200array_pt220_r4_7536323_9-486809b730,2026-05-01T12:47:08.552Z,150.914,0,160.3,2520,8,6,,,,
powertraces-pt200array_pt220_r4_7536323_9-486809b730,2026-05-01T12:47:08.552Z,150.914,1,185.12,2520,16,15,,,,
powertraces-pt200array_pt220_r4_7536323_9-486809b730,2026-05-01T12:47:08.552Z,150.914,2,173.95,2520,29,30,,,,
powertraces-pt200array_pt220_r4_7536323_9-486809b730,2026-05-01T12:47:08.552Z,150.914,3,181.44,2520,3,3,,,,
powertraces-pt200array_pt220_r4_7536323_9-486809b730,2026-05-01T12:47:08.652Z,151.014,0,160.78,2520,8,6,,,,
powertraces-pt200array_pt220_r4_7536323_9-486809b730,2026-05-01T12:47:08.652Z,151.014,1,189.67,2520,29,30,,,,
powertraces-pt200array_pt220_r4_7536323_9-486809b730,2026-05-01T12:47:08.652Z,151.014,2,177.96,2520,16,16,,,,
powertraces-pt200array_pt220_r4_7536323_9-486809b730,2026-05-01T12:47:08.652Z,151.014,3,183.32,2520,33,33,,,,
powertraces-pt200array_pt220_r4_7536323_9-486809b730,2026-05-01T12:47:08.752Z,151.114,0,169.81,2520,32,32,,,,
powertraces-pt200array_pt220_r4_7536323_9-486809b730,2026-05-01T12:47:08.752Z,151.114,1,191.54,2520,29,30,,,,
powertraces-pt200array_pt220_r4_7536323_9-486809b730,2026-05-01T12:47:08.752Z,151.114,2,174.21,2520,16,16,,,,
powertraces-pt200array_pt220_r4_7536323_9-486809b730,2026-05-01T12:47:08.752Z,151.114,3,198.62,2520,33,33,,,,
powertraces-pt200array_pt220_r4_7536323_9-486809b730,2026-05-01T12:47:08.852Z,151.214,0,166.27,2520,32,32,,,,
powertraces-pt200array_pt220_r4_7536323_9-486809b730,2026-05-01T12:47:08.852Z,151.214,1,179.05,2520,29,29,,,,
powertraces-pt200array_pt220_r4_7536323_9-486809b730,2026-05-01T12:47:08.852Z,151.214,2,171.47,2520,29,30,,,,
powertraces-pt200array_pt220_r4_7536323_9-486809b730,2026-05-01T12:47:08.852Z,151.214,3,185.27,2520,6,6,,,,
powertraces-pt200array_pt220_r4_7536323_9-486809b730,2026-05-01T12:47:08.952Z,151.314,0,153.38,2520,22,22,,,,
powertraces-pt200array_pt220_r4_7536323_9-486809b730,2026-05-01T12:47:08.952Z,151.314,1,188.19,2520,29,29,,,,
powertraces-pt200array_pt220_r4_7536323_9-486809b730,2026-05-01T12:47:08.952Z,151.314,2,187.92,2520,29,30,,,,
powertraces-pt200array_pt220_r4_7536323_9-486809b730,2026-05-01T12:47:08.952Z,151.314,3,185.62,2520,6,6,,,,
powertraces-pt200array_pt220_r4_7536323_9-486809b730,2026-05-01T12:47:09.053Z,151.415,0,154.86,2520,22,22,,,,
powertraces-pt200array_pt220_r4_7536323_9-486809b730,2026-05-01T12:47:09.053Z,151.415,1,200.97,2520,29,30,,,,
powertraces-pt200array_pt220_r4_7536323_9-486809b730,2026-05-01T12:47:09.053Z,151.415,2,183.35,2520,8,7,,,,
powertraces-pt200array_pt220_r4_7536323_9-486809b730,2026-05-01T12:47:09.053Z,151.415,3,191.82,2520,33,33,,,,
powertraces-pt200array_pt220_r4_7536323_9-486809b730,2026-05-01T12:47:09.153Z,151.515,0,156.85,2520,29,30,,,,
powertraces-pt200array_pt220_r4_7536323_9-486809b730,2026-05-01T12:47:09.153Z,151.515,1,194.28,2520,29,30,,,,
powertraces-pt200array_pt220_r4_7536323_9-486809b730,2026-05-01T12:47:09.153Z,151.515,2,178.01,2520,8,7,,,,
powertraces-pt200array_pt220_r4_7536323_9-486809b730,2026-05-01T12:47:09.153Z,151.515,3,200.07,2520,33,33,,,,
powertraces-pt200array_pt220_r4_7536323_9-486809b730,2026-05-01T12:47:09.253Z,151.615,0,156.5,2520,29,30,,,,
powertraces-pt200array_pt220_r4_7536323_9-486809b730,2026-05-01T12:47:09.253Z,151.615,1,183.99,2520,36,37,,,,
powertraces-pt200array_pt220_r4_7536323_9-486809b730,2026-05-01T12:47:09.253Z,151.615,2,171.2,2520,36,37,,,,
powertraces-pt200array_pt220_r4_7536323_9-486809b730,2026-05-01T12:47:09.253Z,151.615,3,188.16,2520,20,21,,,,
powertraces-pt200array_pt220_r4_7536323_9-486809b730,2026-05-01T12:47:09.353Z,151.715,0,156.48,2520,32,32,,,,
powertraces-pt200array_pt220_r4_7536323_9-486809b730,2026-05-01T12:47:09.353Z,151.715,1,180.59,2520,36,37,,,,
powertraces-pt200array_pt220_r4_7536323_9-486809b730,2026-05-01T12:47:09.353Z,151.715,2,170.24,2520,36,37,,,,
powertraces-pt200array_pt220_r4_7536323_9-486809b730,2026-05-01T12:47:09.353Z,151.715,3,171.42,2520,20,21,,,,
powertraces-pt200array_pt220_r4_7536323_9-486809b730,2026-05-01T12:47:09.453Z,151.815,0,157.57,2520,32,32,,,,
powertraces-pt200array_pt220_r4_7536323_9-486809b730,2026-05-01T12:47:09.453Z,151.815,1,179.92,2520,25,25,,,,
powertraces-pt200array_pt220_r4_7536323_9-486809b730,2026-05-01T12:47:09.453Z,151.815,2,171.16,2520,17,16,,,,
powertraces-pt200array_pt220_r4_7536323_9-486809b730,2026-05-01T12:47:09.453Z,151.815,3,176.66,2520,33,33,,,,
powertraces-pt200array_pt220_r4_7536323_9-486809b730,2026-05-01T12:47:09.553Z,151.915,0,155.16,2520,14,15,,,,
powertraces-pt200array_pt220_r4_7536323_9-486809b730,2026-05-01T12:47:09.553Z,151.915,1,180.02,2520,25,25,,,,
powertraces-pt200array_pt220_r4_7536323_9-486809b730,2026-05-01T12:47:09.553Z,151.915,2,171.18,2520,17,16,,,,
powertraces-pt200array_pt220_r4_7536323_9-486809b730,2026-05-01T12:47:09.553Z,151.915,3,176.79,2520,33,33,,,,
powertraces-pt200array_pt220_r4_7536323_9-486809b730,2026-05-01T12:47:09.653Z,152.015,0,155.21,2520,14,15,,,,
powertraces-pt200array_pt220_r4_7536323_9-486809b730,2026-05-01T12:47:09.653Z,152.015,1,181.76,2520,36,37,,,,
powertraces-pt200array_pt220_r4_7536323_9-486809b730,2026-05-01T12:47:09.653Z,152.015,2,173.33,2520,37,37,,,,
powertraces-pt200array_pt220_r4_7536323_9-486809b730,2026-05-01T12:47:09.653Z,152.015,3,176.91,2520,33,33,,,,
powertraces-pt200array_pt220_r4_7536323_9-486809b730,2026-05-01T12:47:09.753Z,152.115,0,155.4,2520,32,32,,,,
powertraces-pt200array_pt220_r4_7536323_9-486809b730,2026-05-01T12:47:09.753Z,152.115,1,183.85,2520,36,37,,,,
powertraces-pt200array_pt220_r4_7536323_9-486809b730,2026-05-01T12:47:09.753Z,152.115,2,169.07,2520,37,37,,,,
powertraces-pt200array_pt220_r4_7536323_9-486809b730,2026-05-01T12:47:09.753Z,152.115,3,177.76,2520,33,33,,,,
powertraces-pt200array_pt220_r4_7536323_9-486809b730,2026-05-01T12:47:09.854Z,152.216,0,158.9,2520,32,32,,,,
powertraces-pt200array_pt220_r4_7536323_9-486809b730,2026-05-01T12:47:09.854Z,152.216,1,179.61,2520,11,10,,,,
powertraces-pt200array_pt220_r4_7536323_9-486809b730,2026-05-01T12:47:09.854Z,152.216,2,165.77,2520,31,31,,,,
powertraces-pt200array_pt220_r4_7536323_9-486809b730,2026-05-01T12:47:09.854Z,152.216,3,176.91,2520,24,23,,,,
powertraces-pt200array_pt220_r4_7536323_9-486809b730,2026-05-01T12:47:09.954Z,152.316,0,158.93,2520,0,0,,,,
powertraces-pt200array_pt220_r4_7536323_9-486809b730,2026-05-01T12:47:09.954Z,152.316,1,179.86,2520,11,10,,,,
powertraces-pt200array_pt220_r4_7536323_9-486809b730,2026-05-01T12:47:09.954Z,152.316,2,166.13,2520,31,31,,,,
powertraces-pt200array_pt220_r4_7536323_9-486809b730,2026-05-01T12:47:09.954Z,152.316,3,177.03,2520,24,23,,,,
powertraces-pt200array_pt220_r4_7536323_9-486809b730,2026-05-01T12:47:10.054Z,152.416,0,158.98,2520,0,0,,,,
powertraces-pt200array_pt220_r4_7536323_9-486809b730,2026-05-01T12:47:10.054Z,152.416,1,175.28,2520,35,35,,,,
powertraces-pt200array_pt220_r4_7536323_9-486809b730,2026-05-01T12:47:10.054Z,152.416,2,165.34,2520,36,37,,,,
powertraces-pt200array_pt220_r4_7536323_9-486809b730,2026-05-01T12:47:10.054Z,152.416,3,177.0,2520,33,33,,,,
powertraces-pt200array_pt220_r4_7536323_9-486809b730,2026-05-01T12:47:10.154Z,152.516,0,159.43,2520,33,33,,,,
powertraces-pt200array_pt220_r4_7536323_9-486809b730,2026-05-01T12:47:10.154Z,152.516,1,173.78,2520,35,35,,,,
powertraces-pt200array_pt220_r4_7536323_9-486809b730,2026-05-01T12:47:10.154Z,152.516,2,165.71,2520,36,37,,,,
powertraces-pt200array_pt220_r4_7536323_9-486809b730,2026-05-01T12:47:10.154Z,152.516,3,178.41,2520,33,33,,,,
powertraces-pt200array_pt220_r4_7536323_9-486809b730,2026-05-01T12:47:10.254Z,152.616,0,161.44,2520,33,33,,,,
powertraces-pt200array_pt220_r4_7536323_9-486809b730,2026-05-01T12:47:10.254Z,152.616,1,173.82,2520,9,8,,,,
powertraces-pt200array_pt220_r4_7536323_9-486809b730,2026-05-01T12:47:10.254Z,152.616,2,165.79,2520,29,30,,,,
powertraces-pt200array_pt220_r4_7536323_9-486809b730,2026-05-01T12:47:10.254Z,152.616,3,177.64,2520,10,8,,,,
powertraces-pt200array_pt220_r4_7536323_9-486809b730,2026-05-01T12:47:10.354Z,152.716,0,174.13,2520,96,100,,,,
powertraces-pt200array_pt220_r4_7536323_9-486809b730,2026-05-01T12:47:10.354Z,152.716,1,182.74,2520,9,8,,,,
powertraces-pt200array_pt220_r4_7536323_9-486809b730,2026-05-01T12:47:10.354Z,152.716,2,167.06,2520,29,30,,,,
powertraces-pt200array_pt220_r4_7536323_9-486809b730,2026-05-01T12:47:10.354Z,152.716,3,177.53,2520,10,8,,,,
powertraces-pt200array_pt220_r4_7536323_9-486809b730,2026-05-01T12:47:10.454Z,152.816,0,186.05,2520,96,100,,,,
powertraces-pt200array_pt220_r4_7536323_9-486809b730,2026-05-01T12:47:10.454Z,152.816,1,184.46,2520,78,85,,,,
powertraces-pt200array_pt220_r4_7536323_9-486809b730,2026-05-01T12:47:10.454Z,152.816,2,167.46,2520,66,73,,,,
powertraces-pt200array_pt220_r4_7536323_9-486809b730,2026-05-01T12:47:10.454Z,152.816,3,190.15,2520,89,99,,,,
powertraces-pt200array_pt220_r4_7536323_9-486809b730,2026-05-01T12:47:10.554Z,152.916,0,181.54,2520,0,0,,,,
powertraces-pt200array_pt220_r4_7536323_9-486809b730,2026-05-01T12:47:10.554Z,152.916,1,172.68,2520,78,85,,,,
powertraces-pt200array_pt220_r4_7536323_9-486809b730,2026-05-01T12:47:10.554Z,152.916,2,171.59,2520,66,73,,,,
powertraces-pt200array_pt220_r4_7536323_9-486809b730,2026-05-01T12:47:10.554Z,152.916,3,172.56,2520,89,99,,,,
powertraces-pt200array_pt220_r4_7536323_9-486809b730,2026-05-01T12:47:10.655Z,153.017,0,171.77,2520,0,0,,,,
powertraces-pt200array_pt220_r4_7536323_9-486809b730,2026-05-01T12:47:10.655Z,153.017,1,177.08,2520,35,35,,,,
powertraces-pt200array_pt220_r4_7536323_9-486809b730,2026-05-01T12:47:10.655Z,153.017,2,186.86,2520,36,37,,,,
powertraces-pt200array_pt220_r4_7536323_9-486809b730,2026-05-01T12:47:10.655Z,153.017,3,172.92,2520,33,33,,,,
powertraces-pt200array_pt220_r4_7536323_9-486809b730,2026-05-01T12:47:10.755Z,153.117,0,173.57,2520,32,32,,,,
powertraces-pt200array_pt220_r4_7536323_9-486809b730,2026-05-01T12:47:10.755Z,153.117,1,186.65,2520,35,35,,,,
powertraces-pt200array_pt220_r4_7536323_9-486809b730,2026-05-01T12:47:10.755Z,153.117,2,181.42,2520,36,37,,,,
powertraces-pt200array_pt220_r4_7536323_9-486809b730,2026-05-01T12:47:10.755Z,153.117,3,180.62,2520,33,33,,,,
powertraces-pt200array_pt220_r4_7536323_9-486809b730,2026-05-01T12:47:10.855Z,153.217,0,187.67,2520,32,32,,,,
powertraces-pt200array_pt220_r4_7536323_9-486809b730,2026-05-01T12:47:10.855Z,153.217,1,178.49,2520,9,7,,,,
powertraces-pt200array_pt220_r4_7536323_9-486809b730,2026-05-01T12:47:10.855Z,153.217,2,179.8,2520,29,30,,,,
powertraces-pt200array_pt220_r4_7536323_9-486809b730,2026-05-01T12:47:10.855Z,153.217,3,186.55,2520,10,9,,,,
powertraces-pt200array_pt220_r4_7536323_9-486809b730,2026-05-01T12:47:10.955Z,153.317,0,175.02,2520,1,1,,,,
powertraces-pt200array_pt220_r4_7536323_9-486809b730,2026-05-01T12:47:10.955Z,153.317,1,181.2,2520,9,7,,,,
powertraces-pt200array_pt220_r4_7536323_9-486809b730,2026-05-01T12:47:10.955Z,153.317,2,176.23,2520,29,30,,,,
powertraces-pt200array_pt220_r4_7536323_9-486809b730,2026-05-01T12:47:10.955Z,153.317,3,171.45,2520,10,9,,,,
powertraces-pt200array_pt220_r4_7536323_9-486809b730,2026-05-01T12:47:11.055Z,153.417,0,175.28,2520,1,1,,,,
powertraces-pt200array_pt220_r4_7536323_9-486809b730,2026-05-01T12:47:11.055Z,153.417,1,183.88,2520,29,30,,,,
powertraces-pt200array_pt220_r4_7536323_9-486809b730,2026-05-01T12:47:11.055Z,153.417,2,186.19,2520,24,23,,,,
powertraces-pt200array_pt220_r4_7536323_9-486809b730,2026-05-01T12:47:11.055Z,153.417,3,172.44,2520,33,33,,,,
powertraces-pt200array_pt220_r4_7536323_9-486809b730,2026-05-01T12:47:11.155Z,153.517,0,180.52,2520,32,32,,,,
powertraces-pt200array_pt220_r4_7536323_9-486809b730,2026-05-01T12:47:11.155Z,153.517,1,189.41,2520,29,30,,,,
powertraces-pt200array_pt220_r4_7536323_9-486809b730,2026-05-01T12:47:11.155Z,153.517,2,175.73,2520,24,23,,,,
powertraces-pt200array_pt220_r4_7536323_9-486809b730,2026-05-01T12:47:11.155Z,153.517,3,189.13,2520,33,33,,,,
powertraces-pt200array_pt220_r4_7536323_9-486809b730,2026-05-01T12:47:11.255Z,153.617,0,187.77,2520,32,32,,,,
powertraces-pt200array_pt220_r4_7536323_9-486809b730,2026-05-01T12:47:11.255Z,153.617,1,173.67,2520,22,21,,,,
powertraces-pt200array_pt220_r4_7536323_9-486809b730,2026-05-01T12:47:11.255Z,153.617,2,174.18,2520,29,30,,,,
powertraces-pt200array_pt220_r4_7536323_9-486809b730,2026-05-01T12:47:11.255Z,153.617,3,181.42,2520,0,0,,,,
powertraces-pt200array_pt220_r4_7536323_9-486809b730,2026-05-01T12:47:11.356Z,153.718,0,171.66,2520,14,14,,,,
powertraces-pt200array_pt220_r4_7536323_9-486809b730,2026-05-01T12:47:11.356Z,153.718,1,181.19,2520,22,21,,,,
powertraces-pt200array_pt220_r4_7536323_9-486809b730,2026-05-01T12:47:11.356Z,153.718,2,182.99,2520,29,30,,,,
powertraces-pt200array_pt220_r4_7536323_9-486809b730,2026-05-01T12:47:11.356Z,153.718,3,171.96,2520,0,0,,,,
powertraces-pt200array_pt220_r4_7536323_9-486809b730,2026-05-01T12:47:11.456Z,153.818,0,159.84,2520,14,14,,,,
powertraces-pt200array_pt220_r4_7536323_9-486809b730,2026-05-01T12:47:11.456Z,153.818,1,181.22,2520,29,30,,,,
powertraces-pt200array_pt220_r4_7536323_9-486809b730,2026-05-01T12:47:11.456Z,153.818,2,180.16,2520,10,9,,,,
powertraces-pt200array_pt220_r4_7536323_9-486809b730,2026-05-01T12:47:11.456Z,153.818,3,175.13,2520,33,33,,,,
powertraces-pt200array_pt220_r4_7536323_9-486809b730,2026-05-01T12:47:11.556Z,153.918,0,162.85,2520,31,32,,,,
powertraces-pt200array_pt220_r4_7536323_9-486809b730,2026-05-01T12:47:11.556Z,153.918,1,176.62,2520,29,30,,,,
powertraces-pt200array_pt220_r4_7536323_9-486809b730,2026-05-01T12:47:11.556Z,153.918,2,170.86,2520,10,9,,,,
powertraces-pt200array_pt220_r4_7536323_9-486809b730,2026-05-01T12:47:11.556Z,153.918,3,176.44,2520,33,33,,,,
powertraces-pt200array_pt220_r4_7536323_9-486809b730,2026-05-01T12:47:11.656Z,154.018,0,162.8,2520,31,32,,,,
powertraces-pt200array_pt220_r4_7536323_9-486809b730,2026-05-01T12:47:11.656Z,154.018,1,176.71,2520,36,36,,,,
powertraces-pt200array_pt220_r4_7536323_9-486809b730,2026-05-01T12:47:11.656Z,154.018,2,163.5,2520,30,32,,,,
powertraces-pt200array_pt220_r4_7536323_9-486809b730,2026-05-01T12:47:11.656Z,154.018,3,175.94,2520,12,13,,,,
powertraces-pt200array_pt220_r4_7536323_9-486809b730,2026-05-01T12:47:11.756Z,154.118,0,162.77,2520,29,29,,,,
powertraces-pt200array_pt220_r4_7536323_9-486809b730,2026-05-01T12:47:11.756Z,154.118,1,173.53,2520,36,36,,,,
powertraces-pt200array_pt220_r4_7536323_9-486809b730,2026-05-01T12:47:11.756Z,154.118,2,162.94,2520,30,32,,,,
powertraces-pt200array_pt220_r4_7536323_9-486809b730,2026-05-01T12:47:11.756Z,154.118,3,175.98,2520,12,13,,,,
powertraces-pt200array_pt220_r4_7536323_9-486809b730,2026-05-01T12:47:11.856Z,154.218,0,163.15,2520,29,29,,,,
powertraces-pt200array_pt220_r4_7536323_9-486809b730,2026-05-01T12:47:11.856Z,154.218,1,172.54,2520,30,30,,,,
powertraces-pt200array_pt220_r4_7536323_9-486809b730,2026-05-01T12:47:11.856Z,154.218,2,163.27,2520,10,8,,,,
powertraces-pt200array_pt220_r4_7536323_9-486809b730,2026-05-01T12:47:11.856Z,154.218,3,177.34,2520,33,33,,,,
powertraces-pt200array_pt220_r4_7536323_9-486809b730,2026-05-01T12:47:11.956Z,154.318,0,162.69,2520,24,25,,,,
powertraces-pt200array_pt220_r4_7536323_9-486809b730,2026-05-01T12:47:11.956Z,154.318,1,172.54,2520,30,30,,,,
powertraces-pt200array_pt220_r4_7536323_9-486809b730,2026-05-01T12:47:11.956Z,154.318,2,163.3,2520,10,8,,,,
powertraces-pt200array_pt220_r4_7536323_9-486809b730,2026-05-01T12:47:11.956Z,154.318,3,174.54,2520,33,33,,,,
powertraces-pt200array_pt220_r4_7536323_9-486809b730,2026-05-01T12:47:12.056Z,154.418,0,162.67,2520,24,25,,,,
powertraces-pt200array_pt220_r4_7536323_9-486809b730,2026-05-01T12:47:12.056Z,154.418,1,172.89,2520,36,37,,,,
powertraces-pt200array_pt220_r4_7536323_9-486809b730,2026-05-01T12:47:12.057Z,154.419,2,163.96,2520,36,37,,,,
powertraces-pt200array_pt220_r4_7536323_9-486809b730,2026-05-01T12:47:12.057Z,154.419,3,174.55,2520,26,27,,,,
powertraces-pt200array_pt220_r4_7536323_9-486809b730,2026-05-01T12:47:12.157Z,154.519,0,162.73,2520,32,32,,,,
powertraces-pt200array_pt220_r4_7536323_9-486809b730,2026-05-01T12:47:12.157Z,154.519,1,173.59,2520,36,37,,,,
powertraces-pt200array_pt220_r4_7536323_9-486809b730,2026-05-01T12:47:12.157Z,154.519,2,162.72,2520,36,37,,,,
powertraces-pt200array_pt220_r4_7536323_9-486809b730,2026-05-01T12:47:12.157Z,154.519,3,174.83,2520,26,27,,,,
powertraces-pt200array_pt220_r4_7536323_9-486809b730,2026-05-01T12:47:12.257Z,154.619,0,164.02,2520,32,32,,,,
powertraces-pt200array_pt220_r4_7536323_9-486809b730,2026-05-01T12:47:12.257Z,154.619,1,171.68,2520,20,19,,,,
powertraces-pt200array_pt220_r4_7536323_9-486809b730,2026-05-01T12:47:12.257Z,154.619,2,163.89,2520,23,22,,,,
powertraces-pt200array_pt220_r4_7536323_9-486809b730,2026-05-01T12:47:12.257Z,154.619,3,174.51,2520,32,32,,,,
powertraces-pt200array_pt220_r4_7536323_9-486809b730,2026-05-01T12:47:12.357Z,154.719,0,161.73,2520,9,10,,,,
powertraces-pt200array_pt220_r4_7536323_9-486809b730,2026-05-01T12:47:12.357Z,154.719,1,171.74,2520,20,19,,,,
powertraces-pt200array_pt220_r4_7536323_9-486809b730,2026-05-01T12:47:12.357Z,154.719,2,164.06,2520,23,22,,,,
powertraces-pt200array_pt220_r4_7536323_9-486809b730,2026-05-01T12:47:12.357Z,154.719,3,174.54,2520,32,32,,,,
powertraces-pt200array_pt220_r4_7536323_9-486809b730,2026-05-01T12:47:12.457Z,154.819,0,161.78,2520,9,10,,,,
powertraces-pt200array_pt220_r4_7536323_9-486809b730,2026-05-01T12:47:12.457Z,154.819,1,173.28,2520,36,37,,,,
powertraces-pt200array_pt220_r4_7536323_9-486809b730,2026-05-01T12:47:12.457Z,154.819,2,166.58,2520,37,37,,,,
powertraces-pt200array_pt220_r4_7536323_9-486809b730,2026-05-01T12:47:12.457Z,154.819,3,174.6,2520,33,33,,,,
powertraces-pt200array_pt220_r4_7536323_9-486809b730,2026-05-01T12:47:12.557Z,154.919,0,172.48,2520,72,79,,,,
powertraces-pt200array_pt220_r4_7536323_9-486809b730,2026-05-01T12:47:12.557Z,154.919,1,174.58,2520,36,37,,,,
powertraces-pt200array_pt220_r4_7536323_9-486809b730,2026-05-01T12:47:12.557Z,154.919,2,166.73,2520,37,37,,,,
powertraces-pt200array_pt220_r4_7536323_9-486809b730,2026-05-01T12:47:12.557Z,154.919,3,175.14,2520,33,33,,,,
powertraces-pt200array_pt220_r4_7536323_9-486809b730,2026-05-01T12:47:12.657Z,155.019,0,158.01,2520,72,79,,,,
powertraces-pt200array_pt220_r4_7536323_9-486809b730,2026-05-01T12:47:12.657Z,155.019,1,187.46,2520,79,85,,,,
powertraces-pt200array_pt220_r4_7536323_9-486809b730,2026-05-01T12:47:12.657Z,155.019,2,169.74,2520,43,46,,,,
powertraces-pt200array_pt220_r4_7536323_9-486809b730,2026-05-01T12:47:12.657Z,155.019,3,172.1,2520,37,41,,,,
powertraces-pt200array_pt220_r4_7536323_9-486809b730,2026-05-01T12:47:12.757Z,155.119,0,158.41,2520,20,17,,,,
powertraces-pt200array_pt220_r4_7536323_9-486809b730,2026-05-01T12:47:12.757Z,155.119,1,198.11,2520,79,85,,,,
powertraces-pt200array_pt220_r4_7536323_9-486809b730,2026-05-01T12:47:12.757Z,155.119,2,175.5,2520,43,46,,,,
powertraces-pt200array_pt220_r4_7536323_9-486809b730,2026-05-01T12:47:12.757Z,155.119,3,189.15,2490,37,41,,,,
powertraces-pt200array_pt220_r4_7536323_9-486809b730,2026-05-01T12:47:12.858Z,155.22,0,164.42,2520,20,17,,,,
powertraces-pt200array_pt220_r4_7536323_9-486809b730,2026-05-01T12:47:12.858Z,155.22,1,205.8,2520,20,20,,,,
powertraces-pt200array_pt220_r4_7536323_9-486809b730,2026-05-01T12:47:12.858Z,155.22,2,167.07,2520,27,24,,,,
powertraces-pt200array_pt220_r4_7536323_9-486809b730,2026-05-01T12:47:12.858Z,155.22,3,205.38,2505,35,34,,,,
powertraces-pt200array_pt220_r4_7536323_9-486809b730,2026-05-01T12:47:12.958Z,155.32,0,169.18,2520,10,11,,,,
powertraces-pt200array_pt220_r4_7536323_9-486809b730,2026-05-01T12:47:12.958Z,155.32,1,191.48,2520,20,20,,,,
powertraces-pt200array_pt220_r4_7536323_9-486809b730,2026-05-01T12:47:12.958Z,155.32,2,165.33,2520,27,24,,,,
powertraces-pt200array_pt220_r4_7536323_9-486809b730,2026-05-01T12:47:12.958Z,155.32,3,196.0,2505,35,34,,,,
powertraces-pt200array_pt220_r4_7536323_9-486809b730,2026-05-01T12:47:13.058Z,155.42,0,154.89,2520,10,11,,,,
powertraces-pt200array_pt220_r4_7536323_9-486809b730,2026-05-01T12:47:13.058Z,155.42,1,199.85,2520,36,37,,,,
powertraces-pt200array_pt220_r4_7536323_9-486809b730,2026-05-01T12:47:13.058Z,155.42,2,175.16,2520,36,37,,,,
powertraces-pt200array_pt220_r4_7536323_9-486809b730,2026-05-01T12:47:13.058Z,155.42,3,190.24,2520,33,33,,,,
powertraces-pt200array_pt220_r4_7536323_9-486809b730,2026-05-01T12:47:13.158Z,155.52,0,155.82,2520,32,32,,,,
powertraces-pt200array_pt220_r4_7536323_9-486809b730,2026-05-01T12:47:13.158Z,155.52,1,208.6,2520,36,37,,,,
powertraces-pt200array_pt220_r4_7536323_9-486809b730,2026-05-01T12:47:13.158Z,155.52,2,172.35,2520,36,37,,,,
powertraces-pt200array_pt220_r4_7536323_9-486809b730,2026-05-01T12:47:13.158Z,155.52,3,193.82,2520,33,33,,,,
powertraces-pt200array_pt220_r4_7536323_9-486809b730,2026-05-01T12:47:13.258Z,155.62,0,172.75,2520,32,32,,,,
powertraces-pt200array_pt220_r4_7536323_9-486809b730,2026-05-01T12:47:13.258Z,155.62,1,204.33,2520,8,7,,,,
powertraces-pt200array_pt220_r4_7536323_9-486809b730,2026-05-01T12:47:13.258Z,155.62,2,163.38,2520,32,33,,,,
powertraces-pt200array_pt220_r4_7536323_9-486809b730,2026-05-01T12:47:13.258Z,155.62,3,205.71,2520,19,18,,,,
powertraces-pt200array_pt220_r4_7536323_9-486809b730,2026-05-01T12:47:13.358Z,155.72,0,166.12,2520,0,0,,,,
powertraces-pt200array_pt220_r4_7536323_9-486809b730,2026-05-01T12:47:13.358Z,155.72,1,197.33,2520,8,7,,,,
powertraces-pt200array_pt220_r4_7536323_9-486809b730,2026-05-01T12:47:13.358Z,155.72,2,158.24,2520,32,33,,,,
powertraces-pt200array_pt220_r4_7536323_9-486809b730,2026-05-01T12:47:13.358Z,155.72,3,189.1,2520,19,18,,,,
powertraces-pt200array_pt220_r4_7536323_9-486809b730,2026-05-01T12:47:13.458Z,155.82,0,159.38,2520,0,0,,,,
powertraces-pt200array_pt220_r4_7536323_9-486809b730,2026-05-01T12:47:13.458Z,155.82,1,198.83,2520,31,32,,,,
powertraces-pt200array_pt220_r4_7536323_9-486809b730,2026-05-01T12:47:13.458Z,155.82,2,172.88,2520,33,33,,,,
powertraces-pt200array_pt220_r4_7536323_9-486809b730,2026-05-01T12:47:13.458Z,155.82,3,189.66,2520,33,33,,,,
powertraces-pt200array_pt220_r4_7536323_9-486809b730,2026-05-01T12:47:13.558Z,155.92,0,161.86,2520,32,32,,,,
powertraces-pt200array_pt220_r4_7536323_9-486809b730,2026-05-01T12:47:13.558Z,155.92,1,204.08,2520,31,32,,,,
powertraces-pt200array_pt220_r4_7536323_9-486809b730,2026-05-01T12:47:13.558Z,155.92,2,164.04,2520,33,33,,,,
powertraces-pt200array_pt220_r4_7536323_9-486809b730,2026-05-01T12:47:13.558Z,155.92,3,199.81,2520,33,33,,,,
powertraces-pt200array_pt220_r4_7536323_9-486809b730,2026-05-01T12:47:13.659Z,156.021,0,164.66,2520,32,32,,,,
powertraces-pt200array_pt220_r4_7536323_9-486809b730,2026-05-01T12:47:13.659Z,156.021,1,191.99,2520,13,12,,,,
powertraces-pt200array_pt220_r4_7536323_9-486809b730,2026-05-01T12:47:13.659Z,156.021,2,163.33,2520,29,30,,,,
powertraces-pt200array_pt220_r4_7536323_9-486809b730,2026-05-01T12:47:13.659Z,156.021,3,199.46,2520,6,6,,,,
powertraces-pt200array_pt220_r4_7536323_9-486809b730,2026-05-01T12:47:13.759Z,156.121,0,164.02,2520,6,4,,,,
powertraces-pt200array_pt220_r4_7536323_9-486809b730,2026-05-01T12:47:13.759Z,156.121,1,182.71,2520,13,12,,,,
powertraces-pt200array_pt220_r4_7536323_9-486809b730,2026-05-01T12:47:13.759Z,156.121,2,161.47,2520,29,30,,,,
powertraces-pt200array_pt220_r4_7536323_9-486809b730,2026-05-01T12:47:13.759Z,156.121,3,187.97,2520,6,6,,,,
powertraces-pt200array_pt220_r4_7536323_9-486809b730,2026-05-01T12:47:13.859Z,156.221,0,164.07,2520,6,4,,,,
powertraces-pt200array_pt220_r4_7536323_9-486809b730,2026-05-01T12:47:13.859Z,156.221,1,176.17,2520,29,30,,,,
powertraces-pt200array_pt220_r4_7536323_9-486809b730,2026-05-01T12:47:13.859Z,156.221,2,164.26,2520,19,19,,,,
powertraces-pt200array_pt220_r4_7536323_9-486809b730,2026-05-01T12:47:13.859Z,156.221,3,172.53,2520,33,33,,,,
powertraces-pt200array_pt220_r4_7536323_9-486809b730,2026-05-01T12:47:13.959Z,156.321,0,165.55,2520,32,32,,,,
powertraces-pt200array_pt220_r4_7536323_9-486809b730,2026-05-01T12:47:13.959Z,156.321,1,174.3,2520,29,30,,,,
powertraces-pt200array_pt220_r4_7536323_9-486809b730,2026-05-01T12:47:13.959Z,156.321,2,165.26,2520,19,19,,,,
powertraces-pt200array_pt220_r4_7536323_9-486809b730,2026-05-01T12:47:13.959Z,156.321,3,172.71,2520,33,33,,,,
powertraces-pt200array_pt220_r4_7536323_9-486809b730,2026-05-01T12:47:14.059Z,156.421,0,163.1,2520,32,32,,,,
powertraces-pt200array_pt220_r4_7536323_9-486809b730,2026-05-01T12:47:14.059Z,156.421,1,174.37,2520,26,26,,,,
powertraces-pt200array_pt220_r4_7536323_9-486809b730,2026-05-01T12:47:14.059Z,156.421,2,165.36,2520,29,30,,,,
powertraces-pt200array_pt220_r4_7536323_9-486809b730,2026-05-01T12:47:14.059Z,156.421,3,172.85,2520,3,3,,,,
powertraces-pt200array_pt220_r4_7536323_9-486809b730,2026-05-01T12:47:14.159Z,156.521,0,163.13,2520,19,18,,,,
powertraces-pt200array_pt220_r4_7536323_9-486809b730,2026-05-01T12:47:14.159Z,156.521,1,176.24,2520,26,26,,,,
powertraces-pt200array_pt220_r4_7536323_9-486809b730,2026-05-01T12:47:14.159Z,156.521,2,168.0,2520,29,30,,,,
powertraces-pt200array_pt220_r4_7536323_9-486809b730,2026-05-01T12:47:14.159Z,156.521,3,172.99,2520,3,3,,,,
powertraces-pt200array_pt220_r4_7536323_9-486809b730,2026-05-01T12:47:14.259Z,156.621,0,163.3,2520,19,18,,,,
powertraces-pt200array_pt220_r4_7536323_9-486809b730,2026-05-01T12:47:14.259Z,156.621,1,178.74,2520,29,30,,,,
powertraces-pt200array_pt220_r4_7536323_9-486809b730,2026-05-01T12:47:14.259Z,156.621,2,168.11,2520,8,7,,,,
powertraces-pt200array_pt220_r4_7536323_9-486809b730,2026-05-01T12:47:14.259Z,156.621,3,173.87,2520,33,33,,,,
powertraces-pt200array_pt220_r4_7536323_9-486809b730,2026-05-01T12:47:14.359Z,156.721,0,160.99,2520,31,32,,,,
powertraces-pt200array_pt220_r4_7536323_9-486809b730,2026-05-01T12:47:14.36Z,156.722,1,178.79,2520,29,30,,,,
powertraces-pt200array_pt220_r4_7536323_9-486809b730,2026-05-01T12:47:14.36Z,156.722,2,167.32,2520,8,7,,,,
powertraces-pt200array_pt220_r4_7536323_9-486809b730,2026-05-01T12:47:14.36Z,156.722,3,173.07,2520,33,33,,,,
powertraces-pt200array_pt220_r4_7536323_9-486809b730,2026-05-01T12:47:14.46Z,156.822,0,161.02,2520,31,32,,,,
powertraces-pt200array_pt220_r4_7536323_9-486809b730,2026-05-01T12:47:14.46Z,156.822,1,179.02,2520,36,37,,,,
powertraces-pt200array_pt220_r4_7536323_9-486809b730,2026-05-01T12:47:14.46Z,156.822,2,167.64,2520,35,35,,,,
powertraces-pt200array_pt220_r4_7536323_9-486809b730,2026-05-01T12:47:14.46Z,156.822,3,173.04,2520,17,17,,,,
powertraces-pt200array_pt220_r4_7536323_9-486809b730,2026-05-01T12:47:14.56Z,156.922,0,161.07,2520,31,31,,,,
powertraces-pt200array_pt220_r4_7536323_9-486809b730,2026-05-01T12:47:14.56Z,156.922,1,179.29,2520,36,37,,,,
powertraces-pt200array_pt220_r4_7536323_9-486809b730,2026-05-01T12:47:14.56Z,156.922,2,167.1,2520,35,35,,,,
powertraces-pt200array_pt220_r4_7536323_9-486809b730,2026-05-01T12:47:14.56Z,156.922,3,173.17,2520,17,17,,,,
powertraces-pt200array_pt220_r4_7536323_9-486809b730,2026-05-01T12:47:14.66Z,157.022,0,161.97,2520,31,31,,,,
powertraces-pt200array_pt220_r4_7536323_9-486809b730,2026-05-01T12:47:14.66Z,157.022,1,179.71,2520,28,28,,,,
powertraces-pt200array_pt220_r4_7536323_9-486809b730,2026-05-01T12:47:14.66Z,157.022,2,167.94,2520,14,13,,,,
powertraces-pt200array_pt220_r4_7536323_9-486809b730,2026-05-01T12:47:14.66Z,157.022,3,176.68,2520,33,33,,,,
powertraces-pt200array_pt220_r4_7536323_9-486809b730,2026-05-01T12:47:14.76Z,157.122,0,160.02,2520,19,20,,,,
powertraces-pt200array_pt220_r4_7536323_9-486809b730,2026-05-01T12:47:14.76Z,157.122,1,179.73,2520,28,28,,,,
powertraces-pt200array_pt220_r4_7536323_9-486809b730,2026-05-01T12:47:14.76Z,157.122,2,168.08,2520,14,13,,,,
powertraces-pt200array_pt220_r4_7536323_9-486809b730,2026-05-01T12:47:14.76Z,157.122,3,173.39,2520,33,33,,,,
powertraces-pt200array_pt220_r4_7536323_9-486809b730,2026-05-01T12:47:14.86Z,157.222,0,172.99,2520,19,20,,,,
powertraces-pt200array_pt220_r4_7536323_9-486809b730,2026-05-01T12:47:14.86Z,157.222,1,186.29,2520,55,59,,,,
powertraces-pt200array_pt220_r4_7536323_9-486809b730,2026-05-01T12:47:14.86Z,157.222,2,169.1,2520,36,37,,,,
powertraces-pt200array_pt220_r4_7536323_9-486809b730,2026-05-01T12:47:14.86Z,157.222,3,173.55,2520,30,30,,,,
powertraces-pt200array_pt220_r4_7536323_9-486809b730,2026-05-01T12:47:14.96Z,157.322,0,188.44,2520,20,18,,,,
powertraces-pt200array_pt220_r4_7536323_9-486809b730,2026-05-01T12:47:14.96Z,157.322,1,188.49,2520,55,59,,,,
powertraces-pt200array_pt220_r4_7536323_9-486809b730,2026-05-01T12:47:14.96Z,157.322,2,171.61,2520,36,37,,,,
powertraces-pt200array_pt220_r4_7536323_9-486809b730,2026-05-01T12:47:14.96Z,157.322,3,185.1,2520,30,30,,,,
powertraces-pt200array_pt220_r4_7536323_9-486809b730,2026-05-01T12:47:15.06Z,157.422,0,180.86,2520,20,18,,,,
powertraces-pt200array_pt220_r4_7536323_9-486809b730,2026-05-01T12:47:15.06Z,157.422,1,182.92,2520,23,20,,,,
powertraces-pt200array_pt220_r4_7536323_9-486809b730,2026-05-01T12:47:15.06Z,157.422,2,178.4,2520,65,68,,,,
powertraces-pt200array_pt220_r4_7536323_9-486809b730,2026-05-01T12:47:15.06Z,157.422,3,169.21,2520,27,26,,,,
powertraces-pt200array_pt220_r4_7536323_9-486809b730,2026-05-01T12:47:15.16Z,157.522,0,176.54,2520,32,32,,,,
powertraces-pt200array_pt220_r4_7536323_9-486809b730,2026-05-01T12:47:15.161Z,157.523,1,184.74,2520,23,20,,,,
powertraces-pt200array_pt220_r4_7536323_9-486809b730,2026-05-01T12:47:15.161Z,157.523,2,192.72,2520,65,68,,,,
powertraces-pt200array_pt220_r4_7536323_9-486809b730,2026-05-01T12:47:15.161Z,157.523,3,182.64,2520,27,26,,,,
powertraces-pt200array_pt220_r4_7536323_9-486809b730,2026-05-01T12:47:15.261Z,157.623,0,179.57,2520,32,32,,,,
powertraces-pt200array_pt220_r4_7536323_9-486809b730,2026-05-01T12:47:15.261Z,157.623,1,188.39,2520,29,29,,,,
powertraces-pt200array_pt220_r4_7536323_9-486809b730,2026-05-01T12:47:15.261Z,157.623,2,183.21,2520,13,12,,,,
powertraces-pt200array_pt220_r4_7536323_9-486809b730,2026-05-01T12:47:15.261Z,157.623,3,178.22,2520,33,33,,,,
powertraces-pt200array_pt220_r4_7536323_9-486809b730,2026-05-01T12:47:15.361Z,157.723,0,191.15,2520,19,20,,,,
powertraces-pt200array_pt220_r4_7536323_9-486809b730,2026-05-01T12:47:15.361Z,157.723,1,174.35,2520,29,29,,,,
powertraces-pt200array_pt220_r4_7536323_9-486809b730,2026-05-01T12:47:15.361Z,157.723,2,182.47,2520,13,12,,,,
powertraces-pt200array_pt220_r4_7536323_9-486809b730,2026-05-01T12:47:15.361Z,157.723,3,165.95,2520,33,33,,,,
powertraces-pt200array_pt220_r4_7536323_9-486809b730,2026-05-01T12:47:15.461Z,157.823,0,176.22,2520,19,20,,,,
powertraces-pt200array_pt220_r4_7536323_9-486809b730,2026-05-01T12:47:15.461Z,157.823,1,178.94,2520,36,37,,,,
powertraces-pt200array_pt220_r4_7536323_9-486809b730,2026-05-01T12:47:15.461Z,157.823,2,187.49,2520,37,37,,,,
powertraces-pt200array_pt220_r4_7536323_9-486809b730,2026-05-01T12:47:15.461Z,157.823,3,168.05,2520,29,29,,,,
powertraces-pt200array_pt220_r4_7536323_9-486809b730,2026-05-01T12:47:15.561Z,157.923,0,176.7,2520,32,32,,,,
powertraces-pt200array_pt220_r4_7536323_9-486809b730,2026-05-01T12:47:15.561Z,157.923,1,184.14,2520,36,37,,,,
powertraces-pt200array_pt220_r4_7536323_9-486809b730,2026-05-01T12:47:15.561Z,157.923,2,193.24,2520,37,37,,,,
powertraces-pt200array_pt220_r4_7536323_9-486809b730,2026-05-01T12:47:15.561Z,157.923,3,183.36,2520,28,27,,,,
powertraces-pt200array_pt220_r4_7536323_9-486809b730,2026-05-01T12:47:15.661Z,158.023,0,185.61,2520,32,32,,,,
powertraces-pt200array_pt220_r4_7536323_9-486809b730,2026-05-01T12:47:15.661Z,158.023,1,187.4,2520,16,15,,,,
powertraces-pt200array_pt220_r4_7536323_9-486809b730,2026-05-01T12:47:15.661Z,158.023,2,187.58,2520,27,27,,,,
powertraces-pt200array_pt220_r4_7536323_9-486809b730,2026-05-01T12:47:15.661Z,158.023,3,169.61,2520,28,27,,,,
powertraces-pt200array_pt220_r4_7536323_9-486809b730,2026-05-01T12:47:15.761Z,158.123,0,184.53,2520,5,6,,,,
powertraces-pt200array_pt220_r4_7536323_9-486809b730,2026-05-01T12:47:15.761Z,158.123,1,173.21,2520,16,15,,,,
powertraces-pt200array_pt220_r4_7536323_9-486809b730,2026-05-01T12:47:15.761Z,158.123,2,184.8,2520,27,27,,,,
powertraces-pt200array_pt220_r4_7536323_9-486809b730,2026-05-01T12:47:15.761Z,158.123,3,169.91,2520,33,33,,,,
powertraces-pt200array_pt220_r4_7536323_9-486809b730,2026-05-01T12:47:15.861Z,158.223,0,172.17,2520,5,6,,,,
powertraces-pt200array_pt220_r4_7536323_9-486809b730,2026-05-01T12:47:15.861Z,158.223,1,182.89,2520,36,37,,,,
powertraces-pt200array_pt220_r4_7536323_9-486809b730,2026-05-01T12:47:15.862Z,158.224,2,199.06,2520,37,37,,,,
powertraces-pt200array_pt220_r4_7536323_9-486809b730,2026-05-01T12:47:15.862Z,158.224,3,175.06,2520,33,33,,,,
powertraces-pt200array_pt220_r4_7536323_9-486809b730,2026-05-01T12:47:15.962Z,158.324,0,160.54,2520,32,32,,,,
powertraces-pt200array_pt220_r4_7536323_9-486809b730,2026-05-01T12:47:15.962Z,158.324,1,188.98,2520,36,37,,,,
powertraces-pt200array_pt220_r4_7536323_9-486809b730,2026-05-01T12:47:15.962Z,158.324,2,194.8,2520,37,37,,,,
powertraces-pt200array_pt220_r4_7536323_9-486809b730,2026-05-01T12:47:15.962Z,158.324,3,173.51,2520,15,13,,,,
powertraces-pt200array_pt220_r4_7536323_9-486809b730,2026-05-01T12:47:16.062Z,158.424,0,157.54,2520,32,32,,,,
powertraces-pt200array_pt220_r4_7536323_9-486809b730,2026-05-01T12:47:16.062Z,158.424,1,181.62,2520,8,7,,,,
powertraces-pt200array_pt220_r4_7536323_9-486809b730,2026-05-01T12:47:16.062Z,158.424,2,182.56,2520,29,30,,,,
powertraces-pt200array_pt220_r4_7536323_9-486809b730,2026-05-01T12:47:16.062Z,158.424,3,172.63,2520,15,13,,,,
powertraces-pt200array_pt220_r4_7536323_9-486809b730,2026-05-01T12:47:16.162Z,158.524,0,157.57,2520,0,0,,,,
powertraces-pt200array_pt220_r4_7536323_9-486809b730,2026-05-01T12:47:16.162Z,158.524,1,181.78,2520,8,7,,,,
powertraces-pt200array_pt220_r4_7536323_9-486809b730,2026-05-01T12:47:16.162Z,158.524,2,170.46,2520,29,30,,,,
powertraces-pt200array_pt220_r4_7536323_9-486809b730,2026-05-01T12:47:16.162Z,158.524,3,172.56,2520,33,33,,,,
powertraces-pt200array_pt220_r4_7536323_9-486809b730,2026-05-01T12:47:16.262Z,158.624,0,157.53,2520,0,0,,,,
powertraces-pt200array_pt220_r4_7536323_9-486809b730,2026-05-01T12:47:16.262Z,158.624,1,182.16,2520,29,30,,,,
powertraces-pt200array_pt220_r4_7536323_9-486809b730,2026-05-01T12:47:16.262Z,158.624,2,169.0,2520,27,27,,,,
powertraces-pt200array_pt220_r4_7536323_9-486809b730,2026-05-01T12:47:16.262Z,158.624,3,175.78,2520,33,33,,,,
powertraces-pt200array_pt220_r4_7536323_9-486809b730,2026-05-01T12:47:16.362Z,158.724,0,158.33,2520,32,32,,,,
powertraces-pt200array_pt220_r4_7536323_9-486809b730,2026-05-01T12:47:16.362Z,158.724,1,180.57,2520,29,30,,,,
powertraces-pt200array_pt220_r4_7536323_9-486809b730,2026-05-01T12:47:16.362Z,158.724,2,169.88,2520,27,27,,,,
powertraces-pt200array_pt220_r4_7536323_9-486809b730,2026-05-01T12:47:16.362Z,158.724,3,175.68,2520,1,1,,,,
powertraces-pt200array_pt220_r4_7536323_9-486809b730,2026-05-01T12:47:16.462Z,158.824,0,156.98,2520,32,32,,,,
powertraces-pt200array_pt220_r4_7536323_9-486809b730,2026-05-01T12:47:16.462Z,158.824,1,180.59,2520,18,17,,,,
powertraces-pt200array_pt220_r4_7536323_9-486809b730,2026-05-01T12:47:16.462Z,158.824,2,169.85,2520,29,30,,,,
powertraces-pt200array_pt220_r4_7536323_9-486809b730,2026-05-01T12:47:16.462Z,158.824,3,175.59,2520,1,1,,,,
powertraces-pt200array_pt220_r4_7536323_9-486809b730,2026-05-01T12:47:16.562Z,158.924,0,157.0,2520,10,9,,,,
powertraces-pt200array_pt220_r4_7536323_9-486809b730,2026-05-01T12:47:16.563Z,158.925,1,181.41,2520,18,17,,,,
powertraces-pt200array_pt220_r4_7536323_9-486809b730,2026-05-01T12:47:16.563Z,158.925,2,171.11,2520,29,30,,,,
powertraces-pt200array_pt220_r4_7536323_9-486809b730,2026-05-01T12:47:16.563Z,158.925,3,175.72,2520,33,33,,,,
powertraces-pt200array_pt220_r4_7536323_9-486809b730,2026-05-01T12:47:16.663Z,159.025,0,157.07,2520,10,9,,,,
powertraces-pt200array_pt220_r4_7536323_9-486809b730,2026-05-01T12:47:16.663Z,159.025,1,182.15,2520,29,30,,,,
powertraces-pt200array_pt220_r4_7536323_9-486809b730,2026-05-01T12:47:16.663Z,159.025,2,167.6,2520,14,13,,,,
powertraces-pt200array_pt220_r4_7536323_9-486809b730,2026-05-01T12:47:16.663Z,159.025,3,175.03,2520,33,33,,,,
powertraces-pt200array_pt220_r4_7536323_9-486809b730,2026-05-01T12:47:16.763Z,159.125,0,158.84,2520,32,33,,,,
powertraces-pt200array_pt220_r4_7536323_9-486809b730,2026-05-01T12:47:16.763Z,159.125,1,177.84,2520,29,30,,,,
powertraces-pt200array_pt220_r4_7536323_9-486809b730,2026-05-01T12:47:16.763Z,159.125,2,167.15,2520,14,13,,,,
powertraces-pt200array_pt220_r4_7536323_9-486809b730,2026-05-01T12:47:16.763Z,159.125,3,174.89,2520,8,8,,,,
powertraces-pt200array_pt220_r4_7536323_9-486809b730,2026-05-01T12:47:16.863Z,159.225,0,156.44,2520,32,33,,,,
powertraces-pt200array_pt220_r4_7536323_9-486809b730,2026-05-01T12:47:16.863Z,159.225,1,178.04,2520,31,31,,,,
powertraces-pt200array_pt220_r4_7536323_9-486809b730,2026-05-01T12:47:16.863Z,159.225,2,167.37,2520,29,30,,,,
powertraces-pt200array_pt220_r4_7536323_9-486809b730,2026-05-01T12:47:16.863Z,159.225,3,174.81,2520,8,8,,,,
powertraces-pt200array_pt220_r4_7536323_9-486809b730,2026-05-01T12:47:16.963Z,159.325,0,156.46,2520,21,21,,,,
powertraces-pt200array_pt220_r4_7536323_9-486809b730,2026-05-01T12:47:16.963Z,159.325,1,175.48,2520,31,31,,,,
powertraces-pt200array_pt220_r4_7536323_9-486809b730,2026-05-01T12:47:16.963Z,159.325,2,168.84,2520,29,30,,,,
powertraces-pt200array_pt220_r4_7536323_9-486809b730,2026-05-01T12:47:16.963Z,159.325,3,176.49,2520,33,33,,,,
powertraces-pt200array_pt220_r4_7536323_9-486809b730,2026-05-01T12:47:17.063Z,159.425,0,166.86,2520,21,21,,,,
powertraces-pt200array_pt220_r4_7536323_9-486809b730,2026-05-01T12:47:17.063Z,159.425,1,176.45,2520,29,30,,,,
powertraces-pt200array_pt220_r4_7536323_9-486809b730,2026-05-01T12:47:17.063Z,159.425,2,169.33,2520,8,7,,,,
powertraces-pt200array_pt220_r4_7536323_9-486809b730,2026-05-01T12:47:17.063Z,159.425,3,175.81,2520,33,33,,,,
powertraces-pt200array_pt220_r4_7536323_9-486809b730,2026-05-01T12:47:17.163Z,159.525,0,155.1,2520,57,62,,,,
powertraces-pt200array_pt220_r4_7536323_9-486809b730,2026-05-01T12:47:17.163Z,159.525,1,189.31,2520,29,30,,,,
powertraces-pt200array_pt220_r4_7536323_9-486809b730,2026-05-01T12:47:17.163Z,159.525,2,173.01,2520,8,7,,,,
powertraces-pt200array_pt220_r4_7536323_9-486809b730,2026-05-01T12:47:17.163Z,159.525,3,185.3,2520,72,77,,,,
powertraces-pt200array_pt220_r4_7536323_9-486809b730,2026-05-01T12:47:17.263Z,159.625,0,155.68,2520,57,62,,,,
powertraces-pt200array_pt220_r4_7536323_9-486809b730,2026-05-01T12:47:17.263Z,159.625,1,202.21,2520,52,54,,,,
powertraces-pt200array_pt220_r4_7536323_9-486809b730,2026-05-01T12:47:17.263Z,159.625,2,182.55,2520,95,100,,,,
powertraces-pt200array_pt220_r4_7536323_9-486809b730,2026-05-01T12:47:17.263Z,159.625,3,200.71,2520,72,77,,,,
powertraces-pt200array_pt220_r4_7536323_9-486809b730,2026-05-01T12:47:17.364Z,159.726,0,165.87,2520,32,32,,,,
powertraces-pt200array_pt220_r4_7536323_9-486809b730,2026-05-01T12:47:17.364Z,159.726,1,201.99,2520,52,54,,,,
powertraces-pt200array_pt220_r4_7536323_9-486809b730,2026-05-01T12:47:17.364Z,159.726,2,178.98,2520,95,100,,,,
powertraces-pt200array_pt220_r4_7536323_9-486809b730,2026-05-01T12:47:17.364Z,159.726,3,184.72,2520,7,7,,,,
powertraces-pt200array_pt220_r4_7536323_9-486809b730,2026-05-01T12:47:17.464Z,159.826,0,161.99,2520,32,32,,,,
powertraces-pt200array_pt220_r4_7536323_9-486809b730,2026-05-01T12:47:17.464Z,159.826,1,190.38,2520,30,30,,,,
powertraces-pt200array_pt220_r4_7536323_9-486809b730,2026-05-01T12:47:17.464Z,159.826,2,175.92,2520,29,30,,,,
powertraces-pt200array_pt220_r4_7536323_9-486809b730,2026-05-01T12:47:17.464Z,159.826,3,185.1,2520,7,7,,,,
powertraces-pt200array_pt220_r4_7536323_9-486809b730,2026-05-01T12:47:17.564Z,159.926,0,150.75,2520,23,23,,,,
powertraces-pt200array_pt220_r4_7536323_9-486809b730,2026-05-01T12:47:17.564Z,159.926,1,198.16,2520,30,30,,,,
powertraces-pt200array_pt220_r4_7536323_9-486809b730,2026-05-01T12:47:17.564Z,159.926,2,191.81,2520,29,30,,,,
powertraces-pt200array_pt220_r4_7536323_9-486809b730,2026-05-01T12:47:17.564Z,159.926,3,191.24,2520,33,33,,,,
powertraces-pt200array_pt220_r4_7536323_9-486809b730,2026-05-01T12:47:17.664Z,160.026,0,152.25,2520,23,23,,,,
powertraces-pt200array_pt220_r4_7536323_9-486809b730,2026-05-01T12:47:17.664Z,160.026,1,208.8,2520,29,30,,,,
powertraces-pt200array_pt220_r4_7536323_9-486809b730,2026-05-01T12:47:17.664Z,160.026,2,187.06,2520,8,7,,,,
powertraces-pt200array_pt220_r4_7536323_9-486809b730,2026-05-01T12:47:17.664Z,160.026,3,198.72,2520,33,33,,,,
powertraces-pt200array_pt220_r4_7536323_9-486809b730,2026-05-01T12:47:17.764Z,160.126,0,165.39,2520,28,29,,,,
powertraces-pt200array_pt220_r4_7536323_9-486809b730,2026-05-01T12:47:17.764Z,160.126,1,201.39,2520,29,30,,,,
powertraces-pt200array_pt220_r4_7536323_9-486809b730,2026-05-01T12:47:17.764Z,160.126,2,183.19,2520,8,7,,,,
powertraces-pt200array_pt220_r4_7536323_9-486809b730,2026-05-01T12:47:17.764Z,160.126,3,183.5,2520,20,21,,,,
powertraces-pt200array_pt220_r4_7536323_9-486809b730,2026-05-01T12:47:17.864Z,160.226,0,154.54,2520,28,29,,,,
powertraces-pt200array_pt220_r4_7536323_9-486809b730,2026-05-01T12:47:17.864Z,160.226,1,202.32,2520,36,37,,,,
powertraces-pt200array_pt220_r4_7536323_9-486809b730,2026-05-01T12:47:17.864Z,160.226,2,177.08,2520,36,37,,,,
powertraces-pt200array_pt220_r4_7536323_9-486809b730,2026-05-01T12:47:17.864Z,160.226,3,184.39,2520,20,21,,,,
powertraces-pt200array_pt220_r4_7536323_9-486809b730,2026-05-01T12:47:17.964Z,160.326,0,154.79,2520,32,32,,,,
powertraces-pt200array_pt220_r4_7536323_9-486809b730,2026-05-01T12:47:17.964Z,160.326,1,204.4,2520,36,37,,,,
powertraces-pt200array_pt220_r4_7536323_9-486809b730,2026-05-01T12:47:17.964Z,160.326,2,189.36,2520,36,37,,,,
powertraces-pt200array_pt220_r4_7536323_9-486809b730,2026-05-01T12:47:17.964Z,160.326,3,201.1,2520,33,33,,,,
powertraces-pt200array_pt220_r4_7536323_9-486809b730,2026-05-01T12:47:18.064Z,160.426,0,159.03,2520,32,32,,,,
powertraces-pt200array_pt220_r4_7536323_9-486809b730,2026-05-01T12:47:18.064Z,160.426,1,209.48,2520,25,25,,,,
powertraces-pt200array_pt220_r4_7536323_9-486809b730,2026-05-01T12:47:18.064Z,160.426,2,177.58,2520,18,17,,,,
powertraces-pt200array_pt220_r4_7536323_9-486809b730,2026-05-01T12:47:18.064Z,160.426,3,194.07,2520,33,33,,,,
powertraces-pt200array_pt220_r4_7536323_9-486809b730,2026-05-01T12:47:18.165Z,160.527,0,157.9,2520,15,16,,,,
powertraces-pt200array_pt220_r4_7536323_9-486809b730,2026-05-01T12:47:18.165Z,160.527,1,192.55,2520,25,25,,,,
powertraces-pt200array_pt220_r4_7536323_9-486809b730,2026-05-01T12:47:18.165Z,160.527,2,176.21,2520,18,17,,,,
powertraces-pt200array_pt220_r4_7536323_9-486809b730,2026-05-01T12:47:18.165Z,160.527,3,183.23,2520,33,33,,,,
powertraces-pt200array_pt220_r4_7536323_9-486809b730,2026-05-01T12:47:18.265Z,160.627,0,156.84,2520,15,16,,,,
powertraces-pt200array_pt220_r4_7536323_9-486809b730,2026-05-01T12:47:18.265Z,160.627,1,185.68,2520,36,37,,,,
powertraces-pt200array_pt220_r4_7536323_9-486809b730,2026-05-01T12:47:18.265Z,160.627,2,179.32,2520,36,37,,,,
powertraces-pt200array_pt220_r4_7536323_9-486809b730,2026-05-01T12:47:18.265Z,160.627,3,176.34,2520,33,33,,,,
powertraces-pt200array_pt220_r4_7536323_9-486809b730,2026-05-01T12:47:18.365Z,160.727,0,156.89,2520,32,32,,,,
powertraces-pt200array_pt220_r4_7536323_9-486809b730,2026-05-01T12:47:18.365Z,160.727,1,179.71,2520,36,37,,,,
powertraces-pt200array_pt220_r4_7536323_9-486809b730,2026-05-01T12:47:18.365Z,160.727,2,170.54,2520,36,37,,,,
powertraces-pt200array_pt220_r4_7536323_9-486809b730,2026-05-01T12:47:18.365Z,160.727,3,175.43,2520,24,23,,,,
powertraces-pt200array_pt220_r4_7536323_9-486809b730,2026-05-01T12:47:18.465Z,160.827,0,158.21,2520,32,32,,,,
powertraces-pt200array_pt220_r4_7536323_9-486809b730,2026-05-01T12:47:18.465Z,160.827,1,177.21,2520,12,11,,,,
powertraces-pt200array_pt220_r4_7536323_9-486809b730,2026-05-01T12:47:18.465Z,160.827,2,167.91,2520,31,31,,,,
powertraces-pt200array_pt220_r4_7536323_9-486809b730,2026-05-01T12:47:18.465Z,160.827,3,175.4,2520,24,23,,,,
powertraces-pt200array_pt220_r4_7536323_9-486809b730,2026-05-01T12:47:18.565Z,160.927,0,158.21,2520,1,1,,,,
powertraces-pt200array_pt220_r4_7536323_9-486809b730,2026-05-01T12:47:18.565Z,160.927,1,177.3,2520,12,11,,,,
powertraces-pt200array_pt220_r4_7536323_9-486809b730,2026-05-01T12:47:18.565Z,160.927,2,168.02,2520,31,31,,,,
powertraces-pt200array_pt220_r4_7536323_9-486809b730,2026-05-01T12:47:18.565Z,160.927,3,175.46,2520,33,33,,,,
powertraces-pt200array_pt220_r4_7536323_9-486809b730,2026-05-01T12:47:18.665Z,161.027,0,158.2,2520,1,1,,,,
powertraces-pt200array_pt220_r4_7536323_9-486809b730,2026-05-01T12:47:18.665Z,161.027,1,174.55,2520,35,36,,,,
powertraces-pt200array_pt220_r4_7536323_9-486809b730,2026-05-01T12:47:18.665Z,161.027,2,167.61,2520,36,37,,,,
powertraces-pt200array_pt220_r4_7536323_9-486809b730,2026-05-01T12:47:18.665Z,161.027,3,176.3,2520,33,33,,,,
powertraces-pt200array_pt220_r4_7536323_9-486809b730,2026-05-01T12:47:18.765Z,161.127,0,158.42,2520,32,32,,,,
powertraces-pt200array_pt220_r4_7536323_9-486809b730,2026-05-01T12:47:18.765Z,161.127,1,173.74,2520,35,36,,,,
powertraces-pt200array_pt220_r4_7536323_9-486809b730,2026-05-01T12:47:18.765Z,161.127,2,167.85,2520,36,37,,,,
powertraces-pt200array_pt220_r4_7536323_9-486809b730,2026-05-01T12:47:18.765Z,161.127,3,175.6,2520,11,9,,,,
powertraces-pt200array_pt220_r4_7536323_9-486809b730,2026-05-01T12:47:18.865Z,161.227,0,159.44,2520,32,32,,,,
powertraces-pt200array_pt220_r4_7536323_9-486809b730,2026-05-01T12:47:18.865Z,161.227,1,173.74,2520,8,7,,,,
powertraces-pt200array_pt220_r4_7536323_9-486809b730,2026-05-01T12:47:18.865Z,161.227,2,167.87,2520,29,30,,,,
powertraces-pt200array_pt220_r4_7536323_9-486809b730,2026-05-01T12:47:18.865Z,161.227,3,175.57,2520,11,9,,,,
powertraces-pt200array_pt220_r4_7536323_9-486809b730,2026-05-01T12:47:18.966Z,161.328,0,159.44,2520,0,0,,,,
powertraces-pt200array_pt220_r4_7536323_9-486809b730,2026-05-01T12:47:18.966Z,161.328,1,174.18,2520,8,7,,,,
powertraces-pt200array_pt220_r4_7536323_9-486809b730,2026-05-01T12:47:18.966Z,161.328,2,168.26,2520,29,30,,,,
powertraces-pt200array_pt220_r4_7536323_9-486809b730,2026-05-01T12:47:18.966Z,161.328,3,175.75,2520,33,33,,,,
powertraces-pt200array_pt220_r4_7536323_9-486809b730,2026-05-01T12:47:19.066Z,161.428,0,159.5,2520,0,0,,,,
powertraces-pt200array_pt220_r4_7536323_9-486809b730,2026-05-01T12:47:19.066Z,161.428,1,174.81,2520,29,30,,,,
powertraces-pt200array_pt220_r4_7536323_9-486809b730,2026-05-01T12:47:19.066Z,161.428,2,167.15,2520,24,24,,,,
powertraces-pt200array_pt220_r4_7536323_9-486809b730,2026-05-01T12:47:19.066Z,161.428,3,176.69,2520,33,33,,,,
powertraces-pt200array_pt220_r4_7536323_9-486809b730,2026-05-01T12:47:19.166Z,161.528,0,160.75,2520,33,33,,,,
powertraces-pt200array_pt220_r4_7536323_9-486809b730,2026-05-01T12:47:19.166Z,161.528,1,173.18,2520,29,30,,,,
powertraces-pt200array_pt220_r4_7536323_9-486809b730,2026-05-01T12:47:19.166Z,161.528,2,168.0,2520,24,24,,,,
powertraces-pt200array_pt220_r4_7536323_9-486809b730,2026-05-01T12:47:19.166Z,161.528,3,176.71,2520,0,0,,,,
powertraces-pt200array_pt220_r4_7536323_9-486809b730,2026-05-01T12:47:19.266Z,161.628,0,158.63,2520,33,33,,,,
powertraces-pt200array_pt220_r4_7536323_9-486809b730,2026-05-01T12:47:19.266Z,161.628,1,173.29,2520,22,21,,,,
powertraces-pt200array_pt220_r4_7536323_9-486809b730,2026-05-01T12:47:19.266Z,161.628,2,168.02,2520,29,30,,,,
powertraces-pt200array_pt220_r4_7536323_9-486809b730,2026-05-01T12:47:19.266Z,161.628,3,176.76,2520,0,0,,,,
powertraces-pt200array_pt220_r4_7536323_9-486809b730,2026-05-01T12:47:19.366Z,161.728,0,171.13,2520,95,100,,,,
powertraces-pt200array_pt220_r4_7536323_9-486809b730,2026-05-01T12:47:19.366Z,161.728,1,176.25,2520,22,21,,,,
powertraces-pt200array_pt220_r4_7536323_9-486809b730,2026-05-01T12:47:19.366Z,161.728,2,169.7,2520,29,30,,,,
powertraces-pt200array_pt220_r4_7536323_9-486809b730,2026-05-01T12:47:19.366Z,161.728,3,186.66,2520,78,84,,,,
powertraces-pt200array_pt220_r4_7536323_9-486809b730,2026-05-01T12:47:19.466Z,161.828,0,184.16,2520,95,100,,,,
powertraces-pt200array_pt220_r4_7536323_9-486809b730,2026-05-01T12:47:19.466Z,161.828,1,179.36,2520,90,96,,,,
powertraces-pt200array_pt220_r4_7536323_9-486809b730,2026-05-01T12:47:19.466Z,161.828,2,178.75,2520,55,60,,,,
powertraces-pt200array_pt220_r4_7536323_9-486809b730,2026-05-01T12:47:19.466Z,161.828,3,172.77,2520,78,84,,,,
powertraces-pt200array_pt220_r4_7536323_9-486809b730,2026-05-01T12:47:19.566Z,161.928,0,172.53,2520,0,0,,,,
powertraces-pt200array_pt220_r4_7536323_9-486809b730,2026-05-01T12:47:19.566Z,161.928,1,181.94,2520,90,96,,,,
powertraces-pt200array_pt220_r4_7536323_9-486809b730,2026-05-01T12:47:19.566Z,161.928,2,186.32,2520,55,60,,,,
powertraces-pt200array_pt220_r4_7536323_9-486809b730,2026-05-01T12:47:19.566Z,161.928,3,173.78,2520,33,33,,,,
powertraces-pt200array_pt220_r4_7536323_9-486809b730,2026-05-01T12:47:19.667Z,162.029,0,172.83,2520,0,0,,,,
powertraces-pt200array_pt220_r4_7536323_9-486809b730,2026-05-01T12:47:19.667Z,162.029,1,184.25,2520,29,30,,,,
powertraces-pt200array_pt220_r4_7536323_9-486809b730,2026-05-01T12:47:19.667Z,162.029,2,197.08,2520,25,25,,,,
powertraces-pt200array_pt220_r4_7536323_9-486809b730,2026-05-01T12:47:19.667Z,162.029,3,190.25,2520,33,33,,,,
powertraces-pt200array_pt220_r4_7536323_9-486809b730,2026-05-01T12:47:19.767Z,162.129,0,177.18,2520,32,32,,,,
powertraces-pt200array_pt220_r4_7536323_9-486809b730,2026-05-01T12:47:19.767Z,162.129,1,190.27,2520,29,30,,,,
powertraces-pt200array_pt220_r4_7536323_9-486809b730,2026-05-01T12:47:19.767Z,162.129,2,186.2,2520,25,25,,,,
powertraces-pt200array_pt220_r4_7536323_9-486809b730,2026-05-01T12:47:19.767Z,162.129,3,183.21,2520,0,0,,,,
powertraces-pt200array_pt220_r4_7536323_9-486809b730,2026-05-01T12:47:19.867Z,162.229,0,184.92,2520,32,32,,,,
powertraces-pt200array_pt220_r4_7536323_9-486809b730,2026-05-01T12:47:19.867Z,162.229,1,175.3,2520,20,20,,,,
powertraces-pt200array_pt220_r4_7536323_9-486809b730,2026-05-01T12:47:19.867Z,162.229,2,184.82,2520,29,30,,,,
powertraces-pt200array_pt220_r4_7536323_9-486809b730,2026-05-01T12:47:19.867Z,162.229,3,174.34,2520,0,0,,,,
powertraces-pt200array_pt220_r4_7536323_9-486809b730,2026-05-01T12:47:19.967Z,162.329,0,170.27,2520,13,12,,,,
powertraces-pt200array_pt220_r4_7536323_9-486809b730,2026-05-01T12:47:19.967Z,162.329,1,181.51,2520,20,20,,,,
powertraces-pt200array_pt220_r4_7536323_9-486809b730,2026-05-01T12:47:19.967Z,162.329,2,192.29,2520,29,30,,,,
powertraces-pt200array_pt220_r4_7536323_9-486809b730,2026-05-01T12:47:19.967Z,162.329,3,177.19,2520,33,33,,,,
powertraces-pt200array_pt220_r4_7536323_9-486809b730,2026-05-01T12:47:20.067Z,162.429,0,170.98,2520,13,12,,,,
powertraces-pt200array_pt220_r4_7536323_9-486809b730,2026-05-01T12:47:20.067Z,162.429,1,188.29,2520,29,30,,,,
powertraces-pt200array_pt220_r4_7536323_9-486809b730,2026-05-01T12:47:20.067Z,162.429,2,191.38,2520,12,11,,,,
powertraces-pt200array_pt220_r4_7536323_9-486809b730,2026-05-01T12:47:20.067Z,162.429,3,190.21,2520,33,33,,,,
powertraces-pt200array_pt220_r4_7536323_9-486809b730,2026-05-01T12:47:20.167Z,162.529,0,183.8,2520,31,32,,,,
powertraces-pt200array_pt220_r4_7536323_9-486809b730,2026-05-01T12:47:20.167Z,162.529,1,184.79,2520,29,30,,,,
powertraces-pt200array_pt220_r4_7536323_9-486809b730,2026-05-01T12:47:20.167Z,162.529,2,185.09,2520,12,11,,,,
powertraces-pt200array_pt220_r4_7536323_9-486809b730,2026-05-01T12:47:20.167Z,162.529,3,172.26,2520,10,11,,,,
powertraces-pt200array_pt220_r4_7536323_9-486809b730,2026-05-01T12:47:20.267Z,162.629,0,178.24,2520,31,32,,,,
powertraces-pt200array_pt220_r4_7536323_9-486809b730,2026-05-01T12:47:20.267Z,162.629,1,175.06,2520,34,34,,,,
powertraces-pt200array_pt220_r4_7536323_9-486809b730,2026-05-01T12:47:20.267Z,162.629,2,181.08,2520,29,30,,,,
powertraces-pt200array_pt220_r4_7536323_9-486809b730,2026-05-01T12:47:20.267Z,162.629,3,172.68,2520,10,11,,,,
powertraces-pt200array_pt220_r4_7536323_9-486809b730,2026-05-01T12:47:20.367Z,162.729,0,169.89,2520,27,27,,,,
powertraces-pt200array_pt220_r4_7536323_9-486809b730,2026-05-01T12:47:20.367Z,162.729,1,177.95,2520,34,34,,,,
powertraces-pt200array_pt220_r4_7536323_9-486809b730,2026-05-01T12:47:20.367Z,162.729,2,196.29,2520,29,30,,,,
powertraces-pt200array_pt220_r4_7536323_9-486809b730,2026-05-01T12:47:20.367Z,162.729,3,180.66,2520,33,33,,,,
powertraces-pt200array_pt220_r4_7536323_9-486809b730,2026-05-01T12:47:20.468Z,162.83,0,159.35,2520,27,27,,,,
powertraces-pt200array_pt220_r4_7536323_9-486809b730,2026-05-01T12:47:20.468Z,162.83,1,184.38,2520,30,31,,,,
powertraces-pt200array_pt220_r4_7536323_9-486809b730,2026-05-01T12:47:20.468Z,162.83,2,189.83,2520,8,7,,,,
powertraces-pt200array_pt220_r4_7536323_9-486809b730,2026-05-01T12:47:20.468Z,162.83,3,175.9,2520,33,33,,,,
powertraces-pt200array_pt220_r4_7536323_9-486809b730,2026-05-01T12:47:20.568Z,162.93,0,160.21,2520,25,27,,,,
powertraces-pt200array_pt220_r4_7536323_9-486809b730,2026-05-01T12:47:20.568Z,162.93,1,172.57,2520,30,31,,,,
powertraces-pt200array_pt220_r4_7536323_9-486809b730,2026-05-01T12:47:20.568Z,162.93,2,177.94,2520,8,7,,,,
powertraces-pt200array_pt220_r4_7536323_9-486809b730,2026-05-01T12:47:20.568Z,162.93,3,174.61,2520,24,25,,,,
powertraces-pt200array_pt220_r4_7536323_9-486809b730,2026-05-01T12:47:20.668Z,163.03,0,160.2,2520,25,27,,,,
powertraces-pt200array_pt220_r4_7536323_9-486809b730,2026-05-01T12:47:20.668Z,163.03,1,172.8,2520,36,37,,,,
powertraces-pt200array_pt220_r4_7536323_9-486809b730,2026-05-01T12:47:20.668Z,163.03,2,166.14,2520,36,37,,,,
powertraces-pt200array_pt220_r4_7536323_9-486809b730,2026-05-01T12:47:20.668Z,163.03,3,174.78,2520,24,25,,,,
powertraces-pt200array_pt220_r4_7536323_9-486809b730,2026-05-01T12:47:20.768Z,163.13,0,160.21,2520,32,32,,,,
powertraces-pt200array_pt220_r4_7536323_9-486809b730,2026-05-01T12:47:20.768Z,163.13,1,173.6,2520,36,37,,,,
powertraces-pt200array_pt220_r4_7536323_9-486809b730,2026-05-01T12:47:20.768Z,163.13,2,166.12,2520,36,37,,,,
powertraces-pt200array_pt220_r4_7536323_9-486809b730,2026-05-01T12:47:20.768Z,163.13,3,175.39,2520,33,33,,,,
powertraces-pt200array_pt220_r4_7536323_9-486809b730,2026-05-01T12:47:20.868Z,163.23,0,161.77,2520,32,32,,,,
powertraces-pt200array_pt220_r4_7536323_9-486809b730,2026-05-01T12:47:20.868Z,163.23,1,172.24,2520,21,21,,,,
powertraces-pt200array_pt220_r4_7536323_9-486809b730,2026-05-01T12:47:20.868Z,163.23,2,167.14,2520,21,21,,,,
powertraces-pt200array_pt220_r4_7536323_9-486809b730,2026-05-01T12:47:20.868Z,163.23,3,175.37,2520,33,33,,,,
powertraces-pt200array_pt220_r4_7536323_9-486809b730,2026-05-01T12:47:20.968Z,163.33,0,160.52,2520,11,12,,,,
powertraces-pt200array_pt220_r4_7536323_9-486809b730,2026-05-01T12:47:20.968Z,163.33,1,172.41,2520,21,21,,,,
powertraces-pt200array_pt220_r4_7536323_9-486809b730,2026-05-01T12:47:20.968Z,163.33,2,167.21,2520,21,21,,,,
powertraces-pt200array_pt220_r4_7536323_9-486809b730,2026-05-01T12:47:20.968Z,163.33,3,175.41,2520,33,33,,,,
powertraces-pt200array_pt220_r4_7536323_9-486809b730,2026-05-01T12:47:21.068Z,163.43,0,160.48,2520,11,12,,,,
powertraces-pt200array_pt220_r4_7536323_9-486809b730,2026-05-01T12:47:21.068Z,163.43,1,174.33,2520,36,37,,,,
powertraces-pt200array_pt220_r4_7536323_9-486809b730,2026-05-01T12:47:21.068Z,163.43,2,169.59,2520,37,37,,,,
powertraces-pt200array_pt220_r4_7536323_9-486809b730,2026-05-01T12:47:21.068Z,163.43,3,176.01,2520,33,33,,,,
powertraces-pt200array_pt220_r4_7536323_9-486809b730,2026-05-01T12:47:21.169Z,163.531,0,160.74,2520,32,32,,,,
powertraces-pt200array_pt220_r4_7536323_9-486809b730,2026-05-01T12:47:21.169Z,163.531,1,176.74,2520,36,37,,,,
powertraces-pt200array_pt220_r4_7536323_9-486809b730,2026-05-01T12:47:21.169Z,163.531,2,168.55,2520,37,37,,,,
powertraces-pt200array_pt220_r4_7536323_9-486809b730,2026-05-01T12:47:21.169Z,163.531,3,175.6,2520,20,19,,,,
powertraces-pt200array_pt220_r4_7536323_9-486809b730,2026-05-01T12:47:21.269Z,163.631,0,163.93,2520,32,32,,,,
powertraces-pt200array_pt220_r4_7536323_9-486809b730,2026-05-01T12:47:21.269Z,163.631,1,176.76,2520,8,7,,,,
powertraces-pt200array_pt220_r4_7536323_9-486809b730,2026-05-01T12:47:21.269Z,163.631,2,163.85,2520,32,33,,,,
powertraces-pt200array_pt220_r4_7536323_9-486809b730,2026-05-01T12:47:21.269Z,163.631,3,175.62,2520,20,19,,,,
powertraces-pt200array_pt220_r4_7536323_9-486809b730,2026-05-01T12:47:21.369Z,163.731,0,163.96,2520,0,0,,,,
powertraces-pt200array_pt220_r4_7536323_9-486809b730,2026-05-01T12:47:21.369Z,163.731,1,177.07,2520,8,7,,,,
powertraces-pt200array_pt220_r4_7536323_9-486809b730,2026-05-01T12:47:21.369Z,163.731,2,164.15,2520,32,33,,,,
powertraces-pt200array_pt220_r4_7536323_9-486809b730,2026-05-01T12:47:21.369Z,163.731,3,175.8,2520,33,33,,,,
powertraces-pt200array_pt220_r4_7536323_9-486809b730,2026-05-01T12:47:21.469Z,163.831,0,163.97,2520,0,0,,,,
powertraces-pt200array_pt220_r4_7536323_9-486809b730,2026-05-01T12:47:21.469Z,163.831,1,175.81,2520,31,32,,,,
powertraces-pt200array_pt220_r4_7536323_9-486809b730,2026-05-01T12:47:21.469Z,163.831,2,165.21,2520,33,33,,,,
powertraces-pt200array_pt220_r4_7536323_9-486809b730,2026-05-01T12:47:21.469Z,163.831,3,177.98,2520,33,33,,,,
powertraces-pt200array_pt220_r4_7536323_9-486809b730,2026-05-01T12:47:21.569Z,163.931,0,173.64,2520,58,63,,,,
powertraces-pt200array_pt220_r4_7536323_9-486809b730,2026-05-01T12:47:21.569Z,163.931,1,174.77,2520,31,32,,,,
powertraces-pt200array_pt220_r4_7536323_9-486809b730,2026-05-01T12:47:21.569Z,163.931,2,165.78,2520,33,33,,,,
powertraces-pt200array_pt220_r4_7536323_9-486809b730,2026-05-01T12:47:21.569Z,163.931,3,180.26,2520,25,27,,,,
powertraces-pt200array_pt220_r4_7536323_9-486809b730,2026-05-01T12:47:21.669Z,164.031,0,159.95,2520,58,63,,,,
powertraces-pt200array_pt220_r4_7536323_9-486809b730,2026-05-01T12:47:21.669Z,164.031,1,187.62,2520,72,79,,,,
powertraces-pt200array_pt220_r4_7536323_9-486809b730,2026-05-01T12:47:21.669Z,164.031,2,165.85,2520,33,35,,,,
powertraces-pt200array_pt220_r4_7536323_9-486809b730,2026-05-01T12:47:21.669Z,164.031,3,181.45,2520,25,27,,,,
powertraces-pt200array_pt220_r4_7536323_9-486809b730,2026-05-01T12:47:21.769Z,164.131,0,159.93,2520,0,0,,,,
powertraces-pt200array_pt220_r4_7536323_9-486809b730,2026-05-01T12:47:21.769Z,164.131,1,184.95,2520,72,79,,,,
powertraces-pt200array_pt220_r4_7536323_9-486809b730,2026-05-01T12:47:21.769Z,164.131,2,175.58,2520,33,35,,,,
powertraces-pt200array_pt220_r4_7536323_9-486809b730,2026-05-01T12:47:21.769Z,164.131,3,180.14,2520,0,0,,,,
powertraces-pt200array_pt220_r4_7536323_9-486809b730,2026-05-01T12:47:21.87Z,164.232,0,159.62,2520,0,0,,,,
powertraces-pt200array_pt220_r4_7536323_9-486809b730,2026-05-01T12:47:21.87Z,164.232,1,180.9,2520,0,0,,,,
powertraces-pt200array_pt220_r4_7536323_9-486809b730,2026-05-01T12:47:21.87Z,164.232,2,163.81,2520,1,1,,,,
powertraces-pt200array_pt220_r4_7536323_9-486809b730,2026-05-01T12:47:21.87Z,164.232,3,162.52,2520,0,0,,,,
powertraces-pt200array_pt220_r4_7536323_9-486809b730,2026-05-01T12:47:21.97Z,164.332,0,153.63,2520,0,0,,,,
powertraces-pt200array_pt220_r4_7536323_9-486809b730,2026-05-01T12:47:21.97Z,164.332,1,170.89,2520,0,0,,,,
powertraces-pt200array_pt220_r4_7536323_9-486809b730,2026-05-01T12:47:21.97Z,164.332,2,157.92,2520,1,1,,,,
powertraces-pt200array_pt220_r4_7536323_9-486809b730,2026-05-01T12:47:21.97Z,164.332,3,162.37,2520,0,0,,,,
powertraces-pt200array_pt220_r4_7536323_9-486809b730,2026-05-01T12:47:22.07Z,164.432,0,145.36,2520,0,0,,,,
powertraces-pt200array_pt220_r4_7536323_9-486809b730,2026-05-01T12:47:22.07Z,164.432,1,170.34,2520,0,0,,,,
powertraces-pt200array_pt220_r4_7536323_9-486809b730,2026-05-01T12:47:22.07Z,164.432,2,157.38,2520,0,0,,,,
powertraces-pt200array_pt220_r4_7536323_9-486809b730,2026-05-01T12:47:22.07Z,164.432,3,162.04,2520,0,0,,,,
powertraces-pt200array_pt220_r4_7536323_9-486809b730,2026-05-01T12:47:22.17Z,164.532,0,145.32,2520,0,0,,,,
powertraces-pt200array_pt220_r4_7536323_9-486809b730,2026-05-01T12:47:22.17Z,164.532,1,162.04,2520,0,0,,,,
powertraces-pt200array_pt220_r4_7536323_9-486809b730,2026-05-01T12:47:22.17Z,164.532,2,147.37,2520,0,0,,,,
powertraces-pt200array_pt220_r4_7536323_9-486809b730,2026-05-01T12:47:22.17Z,164.532,3,158.42,2520,0,0,,,,
powertraces-pt200array_pt220_r4_7536323_9-486809b730,2026-05-01T12:47:22.27Z,164.632,0,144.31,2520,0,0,,,,
powertraces-pt200array_pt220_r4_7536323_9-486809b730,2026-05-01T12:47:22.27Z,164.632,1,150.26,2520,0,0,,,,
powertraces-pt200array_pt220_r4_7536323_9-486809b730,2026-05-01T12:47:22.27Z,164.632,2,146.46,2520,0,0,,,,
powertraces-pt200array_pt220_r4_7536323_9-486809b730,2026-05-01T12:47:22.27Z,164.632,3,144.59,2520,0,0,,,,
powertraces-pt200array_pt220_r4_7536323_9-486809b730,2026-05-01T12:47:22.37Z,164.732,0,127.99,2520,0,0,,,,
powertraces-pt200array_pt220_r4_7536323_9-486809b730,2026-05-01T12:47:22.37Z,164.732,1,150.13,2520,0,0,,,,
powertraces-pt200array_pt220_r4_7536323_9-486809b730,2026-05-01T12:47:22.37Z,164.732,2,145.32,2520,0,0,,,,
powertraces-pt200array_pt220_r4_7536323_9-486809b730,2026-05-01T12:47:22.37Z,164.732,3,144.39,2520,0,0,,,,
powertraces-pt200array_pt220_r4_7536323_9-486809b730,2026-05-01T12:47:22.471Z,164.833,0,127.93,2520,0,0,,,,
powertraces-pt200array_pt220_r4_7536323_9-486809b730,2026-05-01T12:47:22.471Z,164.833,1,148.73,2520,0,0,,,,
powertraces-pt200array_pt220_r4_7536323_9-486809b730,2026-05-01T12:47:22.471Z,164.833,2,143.84,2520,0,0,,,,
powertraces-pt200array_pt220_r4_7536323_9-486809b730,2026-05-01T12:47:22.471Z,164.833,3,143.62,2520,0,0,,,,
powertraces-pt200array_pt220_r4_7536323_9-486809b730,2026-05-01T12:47:22.571Z,164.933,0,127.77,2520,0,0,,,,
powertraces-pt200array_pt220_r4_7536323_9-486809b730,2026-05-01T12:47:22.571Z,164.933,1,146.61,2520,0,0,,,,
powertraces-pt200array_pt220_r4_7536323_9-486809b730,2026-05-01T12:47:22.571Z,164.933,2,127.1,2520,0,0,,,,
powertraces-pt200array_pt220_r4_7536323_9-486809b730,2026-05-01T12:47:22.571Z,164.933,3,133.15,2520,0,0,,,,
powertraces-pt200array_pt220_r4_7536323_9-486809b730,2026-05-01T12:47:22.671Z,165.033,0,127.77,2520,0,0,,,,
powertraces-pt200array_pt220_r4_7536323_9-486809b730,2026-05-01T12:47:22.671Z,165.033,1,132.08,2520,0,0,,,,
powertraces-pt200array_pt220_r4_7536323_9-486809b730,2026-05-01T12:47:22.671Z,165.033,2,124.4,2520,0,0,,,,
powertraces-pt200array_pt220_r4_7536323_9-486809b730,2026-05-01T12:47:22.671Z,165.033,3,133.15,2520,0,0,,,,
powertraces-pt200array_pt220_r4_7536323_9-486809b730,2026-05-01T12:47:22.771Z,165.133,0,127.77,2520,0,0,,,,
powertraces-pt200array_pt220_r4_7536323_9-486809b730,2026-05-01T12:47:22.771Z,165.133,1,132.08,2520,0,0,,,,
powertraces-pt200array_pt220_r4_7536323_9-486809b730,2026-05-01T12:47:22.771Z,165.133,2,124.11,2520,0,0,,,,
powertraces-pt200array_pt220_r4_7536323_9-486809b730,2026-05-01T12:47:22.771Z,165.133,3,133.15,2520,0,0,,,,
powertraces-pt200array_pt220_r4_7536323_9-486809b730,2026-05-01T12:47:22.871Z,165.233,0,127.77,2520,0,0,,,,
powertraces-pt200array_pt220_r4_7536323_9-486809b730,2026-05-01T12:47:22.871Z,165.233,1,132.08,2520,0,0,,,,
powertraces-pt200array_pt220_r4_7536323_9-486809b730,2026-05-01T12:47:22.871Z,165.233,2,124.11,2520,0,0,,,,
powertraces-pt200array_pt220_r4_7536323_9-486809b730,2026-05-01T12:47:22.871Z,165.233,3,133.15,2520,0,0,,,,
powertraces-pt200array_pt220_r4_7536323_9-486809b730,2026-05-01T12:47:22.971Z,165.333,0,127.77,2520,0,0,,,,
powertraces-pt200array_pt220_r4_7536323_9-486809b730,2026-05-01T12:47:22.971Z,165.333,1,132.08,2520,0,0,,,,
powertraces-pt200array_pt220_r4_7536323_9-486809b730,2026-05-01T12:47:22.971Z,165.333,2,124.11,2520,0,0,,,,
powertraces-pt200array_pt220_r4_7536323_9-486809b730,2026-05-01T12:47:22.971Z,165.333,3,133.15,2520,0,0,,,,
powertraces-pt200array_pt220_r4_7536323_9-486809b730,2026-05-01T12:47:23.071Z,165.433,0,127.77,2520,0,0,,,,
powertraces-pt200array_pt220_r4_7536323_9-486809b730,2026-05-01T12:47:23.071Z,165.433,1,132.08,2520,0,0,,,,
powertraces-pt200array_pt220_r4_7536323_9-486809b730,2026-05-01T12:47:23.071Z,165.433,2,124.11,2520,0,0,,,,
powertraces-pt200array_pt220_r4_7536323_9-486809b730,2026-05-01T12:47:23.071Z,165.433,3,133.15,2520,0,0,,,,
powertraces-pt200array_pt220_r4_7536323_9-486809b730,2026-05-01T12:47:23.172Z,165.534,0,127.77,2520,0,0,,,,
powertraces-pt200array_pt220_r4_7536323_9-486809b730,2026-05-01T12:47:23.172Z,165.534,1,132.08,2520,0,0,,,,
powertraces-pt200array_pt220_r4_7536323_9-486809b730,2026-05-01T12:47:23.172Z,165.534,2,124.11,2520,0,0,,,,
powertraces-pt200array_pt220_r4_7536323_9-486809b730,2026-05-01T12:47:23.172Z,165.534,3,133.15,2520,0,0,,,,
powertraces-pt200array_pt220_r4_7536323_9-486809b730,2026-05-01T12:47:23.272Z,165.634,0,127.77,2520,0,0,,,,
powertraces-pt200array_pt220_r4_7536323_9-486809b730,2026-05-01T12:47:23.272Z,165.634,1,132.08,2520,0,0,,,,
powertraces-pt200array_pt220_r4_7536323_9-486809b730,2026-05-01T12:47:23.272Z,165.634,2,124.11,2520,0,0,,,,
powertraces-pt200array_pt220_r4_7536323_9-486809b730,2026-05-01T12:47:23.272Z,165.634,3,133.15,2520,0,0,,,,
powertraces-pt200array_pt220_r4_7536323_9-486809b730,2026-05-01T12:47:23.372Z,165.734,0,127.77,2520,0,0,,,,
powertraces-pt200array_pt220_r4_7536323_9-486809b730,2026-05-01T12:47:23.372Z,165.734,1,132.08,2520,0,0,,,,
powertraces-pt200array_pt220_r4_7536323_9-486809b730,2026-05-01T12:47:23.372Z,165.734,2,124.11,2520,0,0,,,,
powertraces-pt200array_pt220_r4_7536323_9-486809b730,2026-05-01T12:47:23.372Z,165.734,3,133.15,2520,0,0,,,,
powertraces-pt200array_pt220_r4_7536323_9-486809b730,2026-05-01T12:47:23.472Z,165.834,0,127.77,2520,0,0,,,,
powertraces-pt200array_pt220_r4_7536323_9-486809b730,2026-05-01T12:47:23.472Z,165.834,1,132.08,2520,0,0,,,,
powertraces-pt200array_pt220_r4_7536323_9-486809b730,2026-05-01T12:47:23.472Z,165.834,2,124.11,2520,0,0,,,,
powertraces-pt200array_pt220_r4_7536323_9-486809b730,2026-05-01T12:47:23.472Z,165.834,3,133.15,2520,0,0,,,,
powertraces-pt200array_pt220_r4_7536323_9-486809b730,2026-05-01T12:47:23.572Z,165.934,0,114.81,2520,0,0,,,,
powertraces-pt200array_pt220_r4_7536323_9-486809b730,2026-05-01T12:47:23.572Z,165.934,1,132.08,2520,0,0,,,,
powertraces-pt200array_pt220_r4_7536323_9-486809b730,2026-05-01T12:47:23.572Z,165.934,2,124.11,2520,0,0,,,,
powertraces-pt200array_pt220_r4_7536323_9-486809b730,2026-05-01T12:47:23.572Z,165.934,3,121.06,2520,0,0,,,,
powertraces-pt200array_pt220_r4_7536323_9-486809b730,2026-05-01T12:47:23.672Z,166.034,0,114.81,2520,0,0,,,,
powertraces-pt200array_pt220_r4_7536323_9-486809b730,2026-05-01T12:47:23.672Z,166.034,1,118.29,2520,0,0,,,,
powertraces-pt200array_pt220_r4_7536323_9-486809b730,2026-05-01T12:47:23.672Z,166.034,2,124.11,2520,0,0,,,,
powertraces-pt200array_pt220_r4_7536323_9-486809b730,2026-05-01T12:47:23.672Z,166.034,3,121.06,2520,0,0,,,,
powertraces-pt200array_pt220_r4_7536323_9-486809b730,2026-05-01T12:47:23.773Z,166.135,0,114.81,2520,0,0,,,,
powertraces-pt200array_pt220_r4_7536323_9-486809b730,2026-05-01T12:47:23.773Z,166.135,1,118.29,2520,0,0,,,,
powertraces-pt200array_pt220_r4_7536323_9-486809b730,2026-05-01T12:47:23.773Z,166.135,2,110.91,2520,0,0,,,,
powertraces-pt200array_pt220_r4_7536323_9-486809b730,2026-05-01T12:47:23.773Z,166.135,3,121.06,2520,0,0,,,,
powertraces-pt200array_pt220_r4_7536323_9-486809b730,2026-05-01T12:47:23.873Z,166.235,0,114.81,2520,0,0,,,,
powertraces-pt200array_pt220_r4_7536323_9-486809b730,2026-05-01T12:47:23.873Z,166.235,1,118.29,2520,0,0,,,,
powertraces-pt200array_pt220_r4_7536323_9-486809b730,2026-05-01T12:47:23.873Z,166.235,2,110.91,2520,0,0,,,,
powertraces-pt200array_pt220_r4_7536323_9-486809b730,2026-05-01T12:47:23.873Z,166.235,3,121.06,2520,0,0,,,,
powertraces-pt200array_pt220_r4_7536323_9-486809b730,2026-05-01T12:47:23.973Z,166.335,0,114.81,2520,0,0,,,,
powertraces-pt200array_pt220_r4_7536323_9-486809b730,2026-05-01T12:47:23.973Z,166.335,1,118.29,2520,0,0,,,,
powertraces-pt200array_pt220_r4_7536323_9-486809b730,2026-05-01T12:47:23.973Z,166.335,2,110.91,2520,0,0,,,,
powertraces-pt200array_pt220_r4_7536323_9-486809b730,2026-05-01T12:47:23.973Z,166.335,3,121.06,2520,0,0,,,,
powertraces-pt200array_pt220_r4_7536323_9-486809b730,2026-05-01T12:47:24.073Z,166.435,0,114.81,2520,0,0,,,,
powertraces-pt200array_pt220_r4_7536323_9-486809b730,2026-05-01T12:47:24.073Z,166.435,1,118.29,2520,0,0,,,,
powertraces-pt200array_pt220_r4_7536323_9-486809b730,2026-05-01T12:47:24.073Z,166.435,2,110.91,2520,0,0,,,,
powertraces-pt200array_pt220_r4_7536323_9-486809b730,2026-05-01T12:47:24.073Z,166.435,3,121.06,2520,0,0,,,,
powertraces-pt200array_pt220_r4_7536323_9-486809b730,2026-05-01T12:47:24.173Z,166.535,0,114.81,2520,0,0,,,,
powertraces-pt200array_pt220_r4_7536323_9-486809b730,2026-05-01T12:47:24.173Z,166.535,1,118.29,2520,0,0,,,,
powertraces-pt200array_pt220_r4_7536323_9-486809b730,2026-05-01T12:47:24.173Z,166.535,2,110.91,2520,0,0,,,,
powertraces-pt200array_pt220_r4_7536323_9-486809b730,2026-05-01T12:47:24.173Z,166.535,3,121.06,2520,0,0,,,,
powertraces-pt200array_pt220_r4_7536323_9-486809b730,2026-05-01T12:47:24.273Z,166.635,0,114.81,2520,0,0,,,,
powertraces-pt200array_pt220_r4_7536323_9-486809b730,2026-05-01T12:47:24.273Z,166.635,1,118.29,2520,0,0,,,,
powertraces-pt200array_pt220_r4_7536323_9-486809b730,2026-05-01T12:47:24.273Z,166.635,2,110.91,2520,0,0,,,,
powertraces-pt200array_pt220_r4_7536323_9-486809b730,2026-05-01T12:47:24.273Z,166.635,3,121.06,2520,0,0,,,,
powertraces-pt200array_pt220_r4_7536323_9-486809b730,2026-05-01T12:47:24.373Z,166.735,0,114.81,2520,0,0,,,,
powertraces-pt200array_pt220_r4_7536323_9-486809b730,2026-05-01T12:47:24.373Z,166.735,1,118.29,2520,0,0,,,,
powertraces-pt200array_pt220_r4_7536323_9-486809b730,2026-05-01T12:47:24.373Z,166.735,2,110.91,2520,0,0,,,,
powertraces-pt200array_pt220_r4_7536323_9-486809b730,2026-05-01T12:47:24.373Z,166.735,3,121.06,2520,0,0,,,,
powertraces-pt200array_pt220_r4_7536323_9-486809b730,2026-05-01T12:47:24.473Z,166.835,0,114.81,2520,0,0,,,,
powertraces-pt200array_pt220_r4_7536323_9-486809b730,2026-05-01T12:47:24.473Z,166.835,1,118.29,2520,0,0,,,,
powertraces-pt200array_pt220_r4_7536323_9-486809b730,2026-05-01T12:47:24.473Z,166.835,2,110.91,2520,0,0,,,,
powertraces-pt200array_pt220_r4_7536323_9-486809b730,2026-05-01T12:47:24.473Z,166.835,3,121.06,2520,0,0,,,,
powertraces-pt200array_pt220_r4_7536323_9-486809b730,2026-05-01T12:47:24.574Z,166.936,0,114.79,2520,0,0,,,,
powertraces-pt200array_pt220_r4_7536323_9-486809b730,2026-05-01T12:47:24.574Z,166.936,1,118.29,2520,0,0,,,,
powertraces-pt200array_pt220_r4_7536323_9-486809b730,2026-05-01T12:47:24.574Z,166.936,2,110.91,2520,0,0,,,,
powertraces-pt200array_pt220_r4_7536323_9-486809b730,2026-05-01T12:47:24.574Z,166.936,3,120.91,2520,0,0,,,,
powertraces-pt200array_pt220_r4_7536323_9-486809b730,2026-05-01T12:47:24.674Z,167.036,0,114.79,2520,0,0,,,,
powertraces-pt200array_pt220_r4_7536323_9-486809b730,2026-05-01T12:47:24.674Z,167.036,1,118.27,2520,0,0,,,,
powertraces-pt200array_pt220_r4_7536323_9-486809b730,2026-05-01T12:47:24.674Z,167.036,2,110.91,2520,0,0,,,,
powertraces-pt200array_pt220_r4_7536323_9-486809b730,2026-05-01T12:47:24.674Z,167.036,3,120.91,2520,0,0,,,,
powertraces-pt200array_pt220_r4_7536323_9-486809b730,2026-05-01T12:47:24.774Z,167.136,0,114.79,2520,0,0,,,,
powertraces-pt200array_pt220_r4_7536323_9-486809b730,2026-05-01T12:47:24.774Z,167.136,1,118.27,2520,0,0,,,,
powertraces-pt200array_pt220_r4_7536323_9-486809b730,2026-05-01T12:47:24.774Z,167.136,2,110.89,2520,0,0,,,,
powertraces-pt200array_pt220_r4_7536323_9-486809b730,2026-05-01T12:47:24.774Z,167.136,3,120.91,2520,0,0,,,,
powertraces-pt200array_pt220_r4_7536323_9-486809b730,2026-05-01T12:47:24.874Z,167.236,0,114.79,2520,0,0,,,,
powertraces-pt200array_pt220_r4_7536323_9-486809b730,2026-05-01T12:47:24.874Z,167.236,1,118.27,2520,0,0,,,,
powertraces-pt200array_pt220_r4_7536323_9-486809b730,2026-05-01T12:47:24.874Z,167.236,2,110.89,2520,0,0,,,,
powertraces-pt200array_pt220_r4_7536323_9-486809b730,2026-05-01T12:47:24.874Z,167.236,3,120.91,2520,0,0,,,,
powertraces-pt200array_pt220_r4_7536323_9-486809b730,2026-05-01T12:47:24.974Z,167.336,0,114.79,2520,0,0,,,,
powertraces-pt200array_pt220_r4_7536323_9-486809b730,2026-05-01T12:47:24.974Z,167.336,1,118.27,2520,0,0,,,,
powertraces-pt200array_pt220_r4_7536323_9-486809b730,2026-05-01T12:47:24.974Z,167.336,2,110.89,2520,0,0,,,,
powertraces-pt200array_pt220_r4_7536323_9-486809b730,2026-05-01T12:47:24.974Z,167.336,3,120.91,2520,0,0,,,,
powertraces-pt200array_pt220_r4_7536323_9-486809b730,2026-05-01T12:47:25.074Z,167.436,0,114.79,2520,0,0,,,,
powertraces-pt200array_pt220_r4_7536323_9-486809b730,2026-05-01T12:47:25.074Z,167.436,1,118.27,2520,0,0,,,,
powertraces-pt200array_pt220_r4_7536323_9-486809b730,2026-05-01T12:47:25.074Z,167.436,2,110.89,2520,0,0,,,,
powertraces-pt200array_pt220_r4_7536323_9-486809b730,2026-05-01T12:47:25.074Z,167.436,3,120.91,2520,0,0,,,,
powertraces-pt200array_pt220_r4_7536323_9-486809b730,2026-05-01T12:47:25.174Z,167.536,0,114.79,2520,0,0,,,,
powertraces-pt200array_pt220_r4_7536323_9-486809b730,2026-05-01T12:47:25.174Z,167.536,1,118.27,2520,0,0,,,,
powertraces-pt200array_pt220_r4_7536323_9-486809b730,2026-05-01T12:47:25.174Z,167.536,2,110.89,2520,0,0,,,,
powertraces-pt200array_pt220_r4_7536323_9-486809b730,2026-05-01T12:47:25.174Z,167.536,3,120.91,2520,0,0,,,,
powertraces-pt200array_pt220_r4_7536323_9-486809b730,2026-05-01T12:47:25.274Z,167.636,0,114.79,2520,0,0,,,,
powertraces-pt200array_pt220_r4_7536323_9-486809b730,2026-05-01T12:47:25.274Z,167.636,1,118.27,2520,0,0,,,,
powertraces-pt200array_pt220_r4_7536323_9-486809b730,2026-05-01T12:47:25.274Z,167.636,2,110.89,2520,0,0,,,,
powertraces-pt200array_pt220_r4_7536323_9-486809b730,2026-05-01T12:47:25.274Z,167.636,3,120.91,2520,0,0,,,,
powertraces-pt200array_pt220_r4_7536323_9-486809b730,2026-05-01T12:47:25.375Z,167.737,0,114.79,2520,0,0,,,,
powertraces-pt200array_pt220_r4_7536323_9-486809b730,2026-05-01T12:47:25.375Z,167.737,1,118.27,2520,0,0,,,,
powertraces-pt200array_pt220_r4_7536323_9-486809b730,2026-05-01T12:47:25.375Z,167.737,2,110.89,2520,0,0,,,,
powertraces-pt200array_pt220_r4_7536323_9-486809b730,2026-05-01T12:47:25.375Z,167.737,3,120.91,2520,0,0,,,,
powertraces-pt200array_pt220_r4_7536323_9-486809b730,2026-05-01T12:47:25.475Z,167.837,0,114.79,2520,0,0,,,,
powertraces-pt200array_pt220_r4_7536323_9-486809b730,2026-05-01T12:47:25.475Z,167.837,1,118.27,2520,0,0,,,,
powertraces-pt200array_pt220_r4_7536323_9-486809b730,2026-05-01T12:47:25.475Z,167.837,2,110.89,2520,0,0,,,,
powertraces-pt200array_pt220_r4_7536323_9-486809b730,2026-05-01T12:47:25.475Z,167.837,3,120.91,2520,0,0,,,,
powertraces-pt200array_pt220_r4_7536323_9-486809b730,2026-05-01T12:47:25.575Z,167.937,0,114.74,2520,0,0,,,,
powertraces-pt200array_pt220_r4_7536323_9-486809b730,2026-05-01T12:47:25.575Z,167.937,1,118.27,2520,0,0,,,,
powertraces-pt200array_pt220_r4_7536323_9-486809b730,2026-05-01T12:47:25.575Z,167.937,2,110.89,2520,0,0,,,,
powertraces-pt200array_pt220_r4_7536323_9-486809b730,2026-05-01T12:47:25.575Z,167.937,3,120.79,2520,0,0,,,,
powertraces-pt200array_pt220_r4_7536323_9-486809b730,2026-05-01T12:47:25.675Z,168.037,0,114.74,2520,0,0,,,,
powertraces-pt200array_pt220_r4_7536323_9-486809b730,2026-05-01T12:47:25.675Z,168.037,1,118.27,2520,0,0,,,,
powertraces-pt200array_pt220_r4_7536323_9-486809b730,2026-05-01T12:47:25.675Z,168.037,2,110.89,2520,0,0,,,,
powertraces-pt200array_pt220_r4_7536323_9-486809b730,2026-05-01T12:47:25.675Z,168.037,3,120.79,2520,0,0,,,,
powertraces-pt200array_pt220_r4_7536323_9-486809b730,2026-05-01T12:47:25.775Z,168.137,0,114.74,2520,0,0,,,,
powertraces-pt200array_pt220_r4_7536323_9-486809b730,2026-05-01T12:47:25.775Z,168.137,1,118.27,2520,0,0,,,,
powertraces-pt200array_pt220_r4_7536323_9-486809b730,2026-05-01T12:47:25.775Z,168.137,2,110.89,2520,0,0,,,,
powertraces-pt200array_pt220_r4_7536323_9-486809b730,2026-05-01T12:47:25.775Z,168.137,3,120.79,2520,0,0,,,,
powertraces-pt200array_pt220_r4_7536323_9-486809b730,2026-05-01T12:47:25.876Z,168.238,0,114.74,2520,0,0,,,,
powertraces-pt200array_pt220_r4_7536323_9-486809b730,2026-05-01T12:47:25.876Z,168.238,1,118.27,2520,0,0,,,,
powertraces-pt200array_pt220_r4_7536323_9-486809b730,2026-05-01T12:47:25.876Z,168.238,2,110.89,2520,0,0,,,,
powertraces-pt200array_pt220_r4_7536323_9-486809b730,2026-05-01T12:47:25.876Z,168.238,3,120.79,2520,0,0,,,,
powertraces-pt200array_pt220_r4_7536323_9-486809b730,2026-05-01T12:47:25.976Z,168.338,0,114.74,2520,0,0,,,,
powertraces-pt200array_pt220_r4_7536323_9-486809b730,2026-05-01T12:47:25.976Z,168.338,1,118.27,2520,0,0,,,,
powertraces-pt200array_pt220_r4_7536323_9-486809b730,2026-05-01T12:47:25.976Z,168.338,2,110.89,2520,0,0,,,,
powertraces-pt200array_pt220_r4_7536323_9-486809b730,2026-05-01T12:47:25.976Z,168.338,3,120.79,2520,0,0,,,,
powertraces-pt200array_pt220_r4_7536323_9-486809b730,2026-05-01T12:47:26.076Z,168.438,0,114.74,2520,0,0,,,,
powertraces-pt200array_pt220_r4_7536323_9-486809b730,2026-05-01T12:47:26.076Z,168.438,1,118.27,2520,0,0,,,,
powertraces-pt200array_pt220_r4_7536323_9-486809b730,2026-05-01T12:47:26.076Z,168.438,2,110.89,2520,0,0,,,,
powertraces-pt200array_pt220_r4_7536323_9-486809b730,2026-05-01T12:47:26.076Z,168.438,3,120.79,2520,0,0,,,,
powertraces-pt200array_pt220_r4_7536323_9-486809b730,2026-05-01T12:47:26.176Z,168.538,0,114.74,2520,0,0,,,,
powertraces-pt200array_pt220_r4_7536323_9-486809b730,2026-05-01T12:47:26.176Z,168.538,1,118.27,2520,0,0,,,,
powertraces-pt200array_pt220_r4_7536323_9-486809b730,2026-05-01T12:47:26.176Z,168.538,2,110.89,2520,0,0,,,,
powertraces-pt200array_pt220_r4_7536323_9-486809b730,2026-05-01T12:47:26.176Z,168.538,3,120.79,2520,0,0,,,,
powertraces-pt200array_pt220_r4_7536323_9-486809b730,2026-05-01T12:47:26.276Z,168.638,0,114.74,2520,0,0,,,,
powertraces-pt200array_pt220_r4_7536323_9-486809b730,2026-05-01T12:47:26.276Z,168.638,1,118.27,2520,0,0,,,,
powertraces-pt200array_pt220_r4_7536323_9-486809b730,2026-05-01T12:47:26.276Z,168.638,2,110.89,2520,0,0,,,,
powertraces-pt200array_pt220_r4_7536323_9-486809b730,2026-05-01T12:47:26.276Z,168.638,3,120.79,2520,0,0,,,,
powertraces-pt200array_pt220_r4_7536323_9-486809b730,2026-05-01T12:47:26.376Z,168.738,0,114.74,2520,0,0,,,,
powertraces-pt200array_pt220_r4_7536323_9-486809b730,2026-05-01T12:47:26.376Z,168.738,1,118.27,2520,0,0,,,,
powertraces-pt200array_pt220_r4_7536323_9-486809b730,2026-05-01T12:47:26.376Z,168.738,2,110.89,2520,0,0,,,,
powertraces-pt200array_pt220_r4_7536323_9-486809b730,2026-05-01T12:47:26.376Z,168.738,3,120.79,2520,0,0,,,,
powertraces-pt200array_pt220_r4_7536323_9-486809b730,2026-05-01T12:47:26.476Z,168.838,0,114.74,2520,0,0,,,,
powertraces-pt200array_pt220_r4_7536323_9-486809b730,2026-05-01T12:47:26.476Z,168.838,1,118.27,2520,0,0,,,,
powertraces-pt200array_pt220_r4_7536323_9-486809b730,2026-05-01T12:47:26.476Z,168.838,2,110.89,2520,0,0,,,,
powertraces-pt200array_pt220_r4_7536323_9-486809b730,2026-05-01T12:47:26.476Z,168.838,3,120.79,2520,0,0,,,,
powertraces-pt200array_pt220_r4_7536323_9-486809b730,2026-05-01T12:47:26.576Z,168.938,0,114.74,2520,0,0,,,,
powertraces-pt200array_pt220_r4_7536323_9-486809b730,2026-05-01T12:47:26.577Z,168.939,1,118.27,2520,0,0,,,,
powertraces-pt200array_pt220_r4_7536323_9-486809b730,2026-05-01T12:47:26.577Z,168.939,2,110.89,2520,0,0,,,,
powertraces-pt200array_pt220_r4_7536323_9-486809b730,2026-05-01T12:47:26.577Z,168.939,3,120.79,2520,0,0,,,,
powertraces-pt200array_pt220_r4_7536323_9-486809b730,2026-05-01T12:47:26.677Z,169.039,0,114.74,2520,0,0,,,,
powertraces-pt200array_pt220_r4_7536323_9-486809b730,2026-05-01T12:47:26.677Z,169.039,1,118.15,2520,0,0,,,,
powertraces-pt200array_pt220_r4_7536323_9-486809b730,2026-05-01T12:47:26.677Z,169.039,2,110.76,2520,0,0,,,,
powertraces-pt200array_pt220_r4_7536323_9-486809b730,2026-05-01T12:47:26.677Z,169.039,3,120.79,2520,0,0,,,,
powertraces-pt200array_pt220_r4_7536323_9-486809b730,2026-05-01T12:47:26.777Z,169.139,0,114.74,2520,0,0,,,,
powertraces-pt200array_pt220_r4_7536323_9-486809b730,2026-05-01T12:47:26.777Z,169.139,1,118.15,2520,0,0,,,,
powertraces-pt200array_pt220_r4_7536323_9-486809b730,2026-05-01T12:47:26.777Z,169.139,2,110.76,2520,0,0,,,,
powertraces-pt200array_pt220_r4_7536323_9-486809b730,2026-05-01T12:47:26.777Z,169.139,3,120.79,2520,0,0,,,,
powertraces-pt200array_pt220_r4_7536323_9-486809b730,2026-05-01T12:47:26.877Z,169.239,0,114.74,2520,0,0,,,,
powertraces-pt200array_pt220_r4_7536323_9-486809b730,2026-05-01T12:47:26.877Z,169.239,1,118.15,2520,0,0,,,,
powertraces-pt200array_pt220_r4_7536323_9-486809b730,2026-05-01T12:47:26.877Z,169.239,2,110.76,2520,0,0,,,,
powertraces-pt200array_pt220_r4_7536323_9-486809b730,2026-05-01T12:47:26.877Z,169.239,3,120.79,2520,0,0,,,,
powertraces-pt200array_pt220_r4_7536323_9-486809b730,2026-05-01T12:47:26.977Z,169.339,0,114.74,2520,0,0,,,,
powertraces-pt200array_pt220_r4_7536323_9-486809b730,2026-05-01T12:47:26.977Z,169.339,1,118.15,2520,0,0,,,,
powertraces-pt200array_pt220_r4_7536323_9-486809b730,2026-05-01T12:47:26.977Z,169.339,2,110.76,2520,0,0,,,,
powertraces-pt200array_pt220_r4_7536323_9-486809b730,2026-05-01T12:47:26.977Z,169.339,3,120.79,2520,0,0,,,,
powertraces-pt200array_pt220_r4_7536323_9-486809b730,2026-05-01T12:47:27.077Z,169.439,0,114.74,2520,0,0,,,,
powertraces-pt200array_pt220_r4_7536323_9-486809b730,2026-05-01T12:47:27.077Z,169.439,1,118.15,2520,0,0,,,,
powertraces-pt200array_pt220_r4_7536323_9-486809b730,2026-05-01T12:47:27.077Z,169.439,2,110.76,2520,0,0,,,,
powertraces-pt200array_pt220_r4_7536323_9-486809b730,2026-05-01T12:47:27.077Z,169.439,3,120.79,2520,0,0,,,,
powertraces-pt200array_pt220_r4_7536323_9-486809b730,2026-05-01T12:47:27.177Z,169.539,0,114.74,2520,0,0,,,,
powertraces-pt200array_pt220_r4_7536323_9-486809b730,2026-05-01T12:47:27.177Z,169.539,1,118.15,2520,0,0,,,,
powertraces-pt200array_pt220_r4_7536323_9-486809b730,2026-05-01T12:47:27.177Z,169.539,2,110.76,2520,0,0,,,,
powertraces-pt200array_pt220_r4_7536323_9-486809b730,2026-05-01T12:47:27.177Z,169.539,3,120.79,2520,0,0,,,,
powertraces-pt200array_pt220_r4_7536323_9-486809b730,2026-05-01T12:47:27.278Z,169.64,0,114.74,2520,0,0,,,,
powertraces-pt200array_pt220_r4_7536323_9-486809b730,2026-05-01T12:47:27.278Z,169.64,1,118.15,2520,0,0,,,,
powertraces-pt200array_pt220_r4_7536323_9-486809b730,2026-05-01T12:47:27.278Z,169.64,2,110.76,2520,0,0,,,,
powertraces-pt200array_pt220_r4_7536323_9-486809b730,2026-05-01T12:47:27.278Z,169.64,3,120.79,2520,0,0,,,,
powertraces-pt200array_pt220_r4_7536323_9-486809b730,2026-05-01T12:47:27.378Z,169.74,0,114.74,2520,0,0,,,,
powertraces-pt200array_pt220_r4_7536323_9-486809b730,2026-05-01T12:47:27.378Z,169.74,1,118.15,2520,0,0,,,,
powertraces-pt200array_pt220_r4_7536323_9-486809b730,2026-05-01T12:47:27.378Z,169.74,2,110.76,2520,0,0,,,,
powertraces-pt200array_pt220_r4_7536323_9-486809b730,2026-05-01T12:47:27.378Z,169.74,3,120.79,2520,0,0,,,,
powertraces-pt200array_pt220_r4_7536323_9-486809b730,2026-05-01T12:47:27.478Z,169.84,0,114.74,2520,0,0,,,,
powertraces-pt200array_pt220_r4_7536323_9-486809b730,2026-05-01T12:47:27.478Z,169.84,1,118.15,2520,0,0,,,,
powertraces-pt200array_pt220_r4_7536323_9-486809b730,2026-05-01T12:47:27.478Z,169.84,2,110.76,2520,0,0,,,,
powertraces-pt200array_pt220_r4_7536323_9-486809b730,2026-05-01T12:47:27.478Z,169.84,3,120.79,2520,0,0,,,,
powertraces-pt200array_pt220_r4_7536323_9-486809b730,2026-05-01T12:47:27.578Z,169.94,0,114.79,2520,0,0,,,,
powertraces-pt200array_pt220_r4_7536323_9-486809b730,2026-05-01T12:47:27.578Z,169.94,1,118.15,2520,0,0,,,,
powertraces-pt200array_pt220_r4_7536323_9-486809b730,2026-05-01T12:47:27.578Z,169.94,2,110.76,2520,0,0,,,,
powertraces-pt200array_pt220_r4_7536323_9-486809b730,2026-05-01T12:47:27.578Z,169.94,3,120.79,2520,0,0,,,,
powertraces-pt200array_pt220_r4_7536323_9-486809b730,2026-05-01T12:47:27.678Z,170.04,0,114.79,2520,0,0,,,,
powertraces-pt200array_pt220_r4_7536323_9-486809b730,2026-05-01T12:47:27.678Z,170.04,1,118.02,2520,0,0,,,,
powertraces-pt200array_pt220_r4_7536323_9-486809b730,2026-05-01T12:47:27.678Z,170.04,2,110.64,2520,0,0,,,,
powertraces-pt200array_pt220_r4_7536323_9-486809b730,2026-05-01T12:47:27.678Z,170.04,3,120.79,2520,0,0,,,,
powertraces-pt200array_pt220_r4_7536323_9-486809b730,2026-05-01T12:47:27.778Z,170.14,0,114.79,2520,0,0,,,,
powertraces-pt200array_pt220_r4_7536323_9-486809b730,2026-05-01T12:47:27.778Z,170.14,1,118.02,2520,0,0,,,,
powertraces-pt200array_pt220_r4_7536323_9-486809b730,2026-05-01T12:47:27.778Z,170.14,2,110.64,2520,0,0,,,,
powertraces-pt200array_pt220_r4_7536323_9-486809b730,2026-05-01T12:47:27.778Z,170.14,3,120.79,2520,0,0,,,,
powertraces-pt200array_pt220_r4_7536323_9-486809b730,2026-05-01T12:47:27.878Z,170.24,0,114.79,2520,0,0,,,,
powertraces-pt200array_pt220_r4_7536323_9-486809b730,2026-05-01T12:47:27.878Z,170.24,1,118.02,2520,0,0,,,,
powertraces-pt200array_pt220_r4_7536323_9-486809b730,2026-05-01T12:47:27.878Z,170.24,2,110.64,2520,0,0,,,,
powertraces-pt200array_pt220_r4_7536323_9-486809b730,2026-05-01T12:47:27.878Z,170.24,3,120.79,2520,0,0,,,,
powertraces-pt200array_pt220_r4_7536323_9-486809b730,2026-05-01T12:47:27.979Z,170.341,0,114.79,2520,0,0,,,,
powertraces-pt200array_pt220_r4_7536323_9-486809b730,2026-05-01T12:47:27.979Z,170.341,1,118.02,2520,0,0,,,,
powertraces-pt200array_pt220_r4_7536323_9-486809b730,2026-05-01T12:47:27.979Z,170.341,2,110.64,2520,0,0,,,,
powertraces-pt200array_pt220_r4_7536323_9-486809b730,2026-05-01T12:47:27.979Z,170.341,3,120.79,2520,0,0,,,,
powertraces-pt200array_pt220_r4_7536323_9-486809b730,2026-05-01T12:47:28.079Z,170.441,0,114.79,2520,0,0,,,,
powertraces-pt200array_pt220_r4_7536323_9-486809b730,2026-05-01T12:47:28.079Z,170.441,1,118.02,2520,0,0,,,,
powertraces-pt200array_pt220_r4_7536323_9-486809b730,2026-05-01T12:47:28.079Z,170.441,2,110.64,2520,0,0,,,,
powertraces-pt200array_pt220_r4_7536323_9-486809b730,2026-05-01T12:47:28.079Z,170.441,3,120.79,2520,0,0,,,,
powertraces-pt200array_pt220_r4_7536323_9-486809b730,2026-05-01T12:47:28.179Z,170.541,0,114.79,2520,0,0,,,,
powertraces-pt200array_pt220_r4_7536323_9-486809b730,2026-05-01T12:47:28.179Z,170.541,1,118.02,2520,0,0,,,,
powertraces-pt200array_pt220_r4_7536323_9-486809b730,2026-05-01T12:47:28.179Z,170.541,2,110.64,2520,0,0,,,,
powertraces-pt200array_pt220_r4_7536323_9-486809b730,2026-05-01T12:47:28.179Z,170.541,3,120.79,2520,0,0,,,,
powertraces-pt200array_pt220_r4_7536323_9-486809b730,2026-05-01T12:47:28.279Z,170.641,0,114.79,2520,0,0,,,,
powertraces-pt200array_pt220_r4_7536323_9-486809b730,2026-05-01T12:47:28.279Z,170.641,1,118.02,2520,0,0,,,,
powertraces-pt200array_pt220_r4_7536323_9-486809b730,2026-05-01T12:47:28.279Z,170.641,2,110.64,2520,0,0,,,,
powertraces-pt200array_pt220_r4_7536323_9-486809b730,2026-05-01T12:47:28.279Z,170.641,3,120.79,2520,0,0,,,,
powertraces-pt200array_pt220_r4_7536323_9-486809b730,2026-05-01T12:47:28.379Z,170.741,0,114.79,2520,0,0,,,,
powertraces-pt200array_pt220_r4_7536323_9-486809b730,2026-05-01T12:47:28.379Z,170.741,1,118.02,2520,0,0,,,,
powertraces-pt200array_pt220_r4_7536323_9-486809b730,2026-05-01T12:47:28.379Z,170.741,2,110.64,2520,0,0,,,,
powertraces-pt200array_pt220_r4_7536323_9-486809b730,2026-05-01T12:47:28.379Z,170.741,3,120.79,2520,0,0,,,,
powertraces-pt200array_pt220_r4_7536323_9-486809b730,2026-05-01T12:47:28.479Z,170.841,0,114.79,2520,0,0,,,,
powertraces-pt200array_pt220_r4_7536323_9-486809b730,2026-05-01T12:47:28.479Z,170.841,1,118.02,2520,0,0,,,,
powertraces-pt200array_pt220_r4_7536323_9-486809b730,2026-05-01T12:47:28.479Z,170.841,2,110.64,2520,0,0,,,,
powertraces-pt200array_pt220_r4_7536323_9-486809b730,2026-05-01T12:47:28.479Z,170.841,3,120.79,2520,0,0,,,,
powertraces-pt200array_pt220_r4_7536323_9-486809b730,2026-05-01T12:47:28.579Z,170.941,0,114.79,2520,0,0,,,,
powertraces-pt200array_pt220_r4_7536323_9-486809b730,2026-05-01T12:47:28.579Z,170.941,1,118.02,2520,0,0,,,,
powertraces-pt200array_pt220_r4_7536323_9-486809b730,2026-05-01T12:47:28.579Z,170.941,2,110.64,2520,0,0,,,,
powertraces-pt200array_pt220_r4_7536323_9-486809b730,2026-05-01T12:47:28.579Z,170.941,3,120.79,2520,0,0,,,,
powertraces-pt200array_pt220_r4_7536323_9-486809b730,2026-05-01T12:47:28.68Z,171.042,0,114.81,2520,0,0,,,,
powertraces-pt200array_pt220_r4_7536323_9-486809b730,2026-05-01T12:47:28.68Z,171.042,1,118.02,2520,0,0,,,,
powertraces-pt200array_pt220_r4_7536323_9-486809b730,2026-05-01T12:47:28.68Z,171.042,2,110.64,2520,0,0,,,,
powertraces-pt200array_pt220_r4_7536323_9-486809b730,2026-05-01T12:47:28.68Z,171.042,3,120.82,2520,0,0,,,,
powertraces-pt200array_pt220_r4_7536323_9-486809b730,2026-05-01T12:47:28.78Z,171.142,0,114.81,2520,0,0,,,,
powertraces-pt200array_pt220_r4_7536323_9-486809b730,2026-05-01T12:47:28.78Z,171.142,1,118.05,2520,0,0,,,,
powertraces-pt200array_pt220_r4_7536323_9-486809b730,2026-05-01T12:47:28.78Z,171.142,2,110.66,2520,1,0,,,,
powertraces-pt200array_pt220_r4_7536323_9-486809b730,2026-05-01T12:47:28.78Z,171.142,3,120.82,2520,0,0,,,,
powertraces-pt200array_pt220_r4_7536323_9-486809b730,2026-05-01T12:47:28.88Z,171.242,0,114.8,2520,0,0,,,,
powertraces-pt200array_pt220_r4_7536323_9-486809b730,2026-05-01T12:47:28.88Z,171.242,1,118.06,2520,0,0,,,,
powertraces-pt200array_pt220_r4_7536323_9-486809b730,2026-05-01T12:47:28.88Z,171.242,2,110.68,2520,1,0,,,,
powertraces-pt200array_pt220_r4_7536323_9-486809b730,2026-05-01T12:47:28.88Z,171.242,3,120.82,2520,0,0,,,,
powertraces-pt200array_pt220_r4_7536323_9-486809b730,2026-05-01T12:47:28.98Z,171.342,0,114.82,2520,0,0,,,,
powertraces-pt200array_pt220_r4_7536323_9-486809b730,2026-05-01T12:47:28.98Z,171.342,1,118.06,2520,0,0,,,,
powertraces-pt200array_pt220_r4_7536323_9-486809b730,2026-05-01T12:47:28.98Z,171.342,2,110.68,2520,0,0,,,,
powertraces-pt200array_pt220_r4_7536323_9-486809b730,2026-05-01T12:47:28.98Z,171.342,3,120.81,2520,0,0,,,,
powertraces-pt200array_pt220_r4_7536323_9-486809b730,2026-05-01T12:47:29.08Z,171.442,0,114.82,2520,0,0,,,,
powertraces-pt200array_pt220_r4_7536323_9-486809b730,2026-05-01T12:47:29.08Z,171.442,1,118.08,2520,0,0,,,,
powertraces-pt200array_pt220_r4_7536323_9-486809b730,2026-05-01T12:47:29.08Z,171.442,2,110.69,2520,0,0,,,,
powertraces-pt200array_pt220_r4_7536323_9-486809b730,2026-05-01T12:47:29.08Z,171.442,3,122.1,2520,0,0,,,,
powertraces-pt200array_pt220_r4_7536323_9-486809b730,2026-05-01T12:47:29.18Z,171.542,0,116.16,2520,72,7,,,,
powertraces-pt200array_pt220_r4_7536323_9-486809b730,2026-05-01T12:47:29.18Z,171.542,1,119.28,2520,0,0,,,,
powertraces-pt200array_pt220_r4_7536323_9-486809b730,2026-05-01T12:47:29.18Z,171.542,2,112.14,2520,86,8,,,,
powertraces-pt200array_pt220_r4_7536323_9-486809b730,2026-05-01T12:47:29.18Z,171.542,3,123.38,2520,100,9,,,,
powertraces-pt200array_pt220_r4_7536323_9-486809b730,2026-05-01T12:47:29.28Z,171.642,0,117.36,2520,72,7,,,,
powertraces-pt200array_pt220_r4_7536323_9-486809b730,2026-05-01T12:47:29.28Z,171.642,1,120.56,2520,100,9,,,,
powertraces-pt200array_pt220_r4_7536323_9-486809b730,2026-05-01T12:47:29.28Z,171.642,2,113.4,2520,86,8,,,,
powertraces-pt200array_pt220_r4_7536323_9-486809b730,2026-05-01T12:47:29.28Z,171.642,3,124.51,2520,100,9,,,,
powertraces-pt200array_pt220_r4_7536323_9-486809b730,2026-05-01T12:47:29.38Z,171.742,0,118.43,2520,100,9,,,,
powertraces-pt200array_pt220_r4_7536323_9-486809b730,2026-05-01T12:47:29.38Z,171.742,1,121.7,2520,100,9,,,,
powertraces-pt200array_pt220_r4_7536323_9-486809b730,2026-05-01T12:47:29.38Z,171.742,2,114.5,2520,100,9,,,,
powertraces-pt200array_pt220_r4_7536323_9-486809b730,2026-05-01T12:47:29.38Z,171.742,3,124.35,2520,53,5,,,,
powertraces-pt200array_pt220_r4_7536323_9-486809b730,2026-05-01T12:47:29.481Z,171.843,0,118.25,2520,100,9,,,,
powertraces-pt200array_pt220_r4_7536323_9-486809b730,2026-05-01T12:47:29.481Z,171.843,1,122.71,2520,95,9,,,,
powertraces-pt200array_pt220_r4_7536323_9-486809b730,2026-05-01T12:47:29.481Z,171.843,2,114.32,2520,100,9,,,,
powertraces-pt200array_pt220_r4_7536323_9-486809b730,2026-05-01T12:47:29.481Z,171.843,3,124.16,2520,53,5,,,,
powertraces-pt200array_pt220_r4_7536323_9-486809b730,2026-05-01T12:47:29.581Z,171.943,0,118.08,2520,0,0,,,,
powertraces-pt200array_pt220_r4_7536323_9-486809b730,2026-05-01T12:47:29.581Z,171.943,1,122.47,2520,95,9,,,,
powertraces-pt200array_pt220_r4_7536323_9-486809b730,2026-05-01T12:47:29.581Z,171.943,2,114.14,2520,0,0,,,,
powertraces-pt200array_pt220_r4_7536323_9-486809b730,2026-05-01T12:47:29.581Z,171.943,3,124.0,2520,0,0,,,,
powertraces-pt200array_pt220_r4_7536323_9-486809b730,2026-05-01T12:47:29.681Z,172.043,0,120.77,2520,0,0,,,,
powertraces-pt200array_pt220_r4_7536323_9-486809b730,2026-05-01T12:47:29.681Z,172.043,1,122.26,2520,0,0,,,,
powertraces-pt200array_pt220_r4_7536323_9-486809b730,2026-05-01T12:47:29.681Z,172.043,2,113.97,2520,0,0,,,,
powertraces-pt200array_pt220_r4_7536323_9-486809b730,2026-05-01T12:47:29.681Z,172.043,3,126.62,2520,0,0,,,,
powertraces-pt200array_pt220_r4_7536323_9-486809b730,2026-05-01T12:47:29.781Z,172.143,0,120.75,2520,0,0,,,,
powertraces-pt200array_pt220_r4_7536323_9-486809b730,2026-05-01T12:47:29.781Z,172.143,1,125.75,2520,0,0,,,,
powertraces-pt200array_pt220_r4_7536323_9-486809b730,2026-05-01T12:47:29.781Z,172.143,2,116.72,2520,0,0,,,,
powertraces-pt200array_pt220_r4_7536323_9-486809b730,2026-05-01T12:47:29.781Z,172.143,3,126.73,2520,0,0,,,,
powertraces-pt200array_pt220_r4_7536323_9-486809b730,2026-05-01T12:47:29.881Z,172.243,0,120.75,2520,0,0,,,,
powertraces-pt200array_pt220_r4_7536323_9-486809b730,2026-05-01T12:47:29.881Z,172.243,1,125.75,2520,0,0,,,,
powertraces-pt200array_pt220_r4_7536323_9-486809b730,2026-05-01T12:47:29.881Z,172.243,2,116.72,2520,0,0,,,,
powertraces-pt200array_pt220_r4_7536323_9-486809b730,2026-05-01T12:47:29.881Z,172.243,3,126.59,2520,0,0,,,,
powertraces-pt200array_pt220_r4_7536323_9-486809b730,2026-05-01T12:47:29.981Z,172.343,0,120.75,2520,0,0,,,,
powertraces-pt200array_pt220_r4_7536323_9-486809b730,2026-05-01T12:47:29.981Z,172.343,1,125.73,2520,0,0,,,,
powertraces-pt200array_pt220_r4_7536323_9-486809b730,2026-05-01T12:47:29.981Z,172.343,2,116.7,2520,0,0,,,,
powertraces-pt200array_pt220_r4_7536323_9-486809b730,2026-05-01T12:47:29.981Z,172.343,3,126.59,2520,0,0,,,,
powertraces-pt200array_pt220_r4_7536323_9-486809b730,2026-05-01T12:47:30.081Z,172.443,0,120.73,2520,0,0,,,,
powertraces-pt200array_pt220_r4_7536323_9-486809b730,2026-05-01T12:47:30.081Z,172.443,1,125.75,2520,0,0,,,,
powertraces-pt200array_pt220_r4_7536323_9-486809b730,2026-05-01T12:47:30.081Z,172.443,2,116.7,2520,0,0,,,,
powertraces-pt200array_pt220_r4_7536323_9-486809b730,2026-05-01T12:47:30.081Z,172.443,3,126.59,2520,0,0,,,,
powertraces-pt200array_pt220_r4_7536323_9-486809b730,2026-05-01T12:47:30.181Z,172.543,0,120.73,2520,0,0,,,,
powertraces-pt200array_pt220_r4_7536323_9-486809b730,2026-05-01T12:47:30.182Z,172.544,1,125.75,2520,0,0,,,,
powertraces-pt200array_pt220_r4_7536323_9-486809b730,2026-05-01T12:47:30.182Z,172.544,2,116.7,2520,0,0,,,,
powertraces-pt200array_pt220_r4_7536323_9-486809b730,2026-05-01T12:47:30.182Z,172.544,3,124.84,2520,0,0,,,,
powertraces-pt200array_pt220_r4_7536323_9-486809b730,2026-05-01T12:47:30.282Z,172.644,0,118.77,2520,0,0,,,,
powertraces-pt200array_pt220_r4_7536323_9-486809b730,2026-05-01T12:47:30.282Z,172.644,1,124.11,2520,0,0,,,,
powertraces-pt200array_pt220_r4_7536323_9-486809b730,2026-05-01T12:47:30.282Z,172.644,2,114.72,2520,0,0,,,,
powertraces-pt200array_pt220_r4_7536323_9-486809b730,2026-05-01T12:47:30.282Z,172.644,3,122.85,2520,0,0,,,,
powertraces-pt200array_pt220_r4_7536323_9-486809b730,2026-05-01T12:47:30.382Z,172.744,0,116.79,2520,0,0,,,,
powertraces-pt200array_pt220_r4_7536323_9-486809b730,2026-05-01T12:47:30.382Z,172.744,1,122.13,2520,0,0,,,,
powertraces-pt200array_pt220_r4_7536323_9-486809b730,2026-05-01T12:47:30.382Z,172.744,2,112.78,2520,0,0,,,,
powertraces-pt200array_pt220_r4_7536323_9-486809b730,2026-05-01T12:47:30.382Z,172.744,3,122.85,2520,0,0,,,,
