run_id,timestamp,time_relative_s,gpu_id,power_w,sm_clock_mhz,gpu_util_pct,memory_util_pct,memory_used_mb,memory_total_mb,temperature_c,stage
powertraces-pt100array_pt019_r1_7536307_11-89ffb37037,2026-05-07T18:46:47.706Z,0.0,0,77.72,345,0,0,,,,
powertraces-pt100array_pt019_r1_7536307_11-89ffb37037,2026-05-07T18:46:47.71Z,0.004,1,77.16,345,0,0,,,,
powertraces-pt100array_pt019_r1_7536307_11-89ffb37037,2026-05-07T18:46:47.713Z,0.007,2,76.81,345,0,0,,,,
powertraces-pt100array_pt019_r1_7536307_11-89ffb37037,2026-05-07T18:46:47.715Z,0.009,3,77.9,345,0,0,,,,
powertraces-pt100array_pt019_r1_7536307_11-89ffb37037,2026-05-07T18:46:47.818Z,0.112,0,77.71,345,0,0,,,,
powertraces-pt100array_pt019_r1_7536307_11-89ffb37037,2026-05-07T18:46:47.818Z,0.112,1,77.17,345,0,0,,,,
powertraces-pt100array_pt019_r1_7536307_11-89ffb37037,2026-05-07T18:46:47.818Z,0.112,2,76.8,345,0,0,,,,
powertraces-pt100array_pt019_r1_7536307_11-89ffb37037,2026-05-07T18:46:47.818Z,0.112,3,77.93,345,0,0,,,,
powertraces-pt100array_pt019_r1_7536307_11-89ffb37037,2026-05-07T18:46:47.918Z,0.212,0,77.73,345,0,0,,,,
powertraces-pt100array_pt019_r1_7536307_11-89ffb37037,2026-05-07T18:46:47.918Z,0.212,1,77.19,345,0,0,,,,
powertraces-pt100array_pt019_r1_7536307_11-89ffb37037,2026-05-07T18:46:47.918Z,0.212,2,76.81,345,0,0,,,,
powertraces-pt100array_pt019_r1_7536307_11-89ffb37037,2026-05-07T18:46:47.918Z,0.212,3,77.93,345,0,0,,,,
powertraces-pt100array_pt019_r1_7536307_11-89ffb37037,2026-05-07T18:46:48.018Z,0.312,0,77.74,345,0,0,,,,
powertraces-pt100array_pt019_r1_7536307_11-89ffb37037,2026-05-07T18:46:48.018Z,0.312,1,77.21,345,0,0,,,,
powertraces-pt100array_pt019_r1_7536307_11-89ffb37037,2026-05-07T18:46:48.018Z,0.312,2,76.82,345,0,0,,,,
powertraces-pt100array_pt019_r1_7536307_11-89ffb37037,2026-05-07T18:46:48.018Z,0.312,3,77.91,345,0,0,,,,
powertraces-pt100array_pt019_r1_7536307_11-89ffb37037,2026-05-07T18:46:48.118Z,0.412,0,77.72,345,0,0,,,,
powertraces-pt100array_pt019_r1_7536307_11-89ffb37037,2026-05-07T18:46:48.118Z,0.412,1,77.18,345,0,0,,,,
powertraces-pt100array_pt019_r1_7536307_11-89ffb37037,2026-05-07T18:46:48.118Z,0.412,2,76.8,345,0,0,,,,
powertraces-pt100array_pt019_r1_7536307_11-89ffb37037,2026-05-07T18:46:48.118Z,0.412,3,77.9,345,0,0,,,,
powertraces-pt100array_pt019_r1_7536307_11-89ffb37037,2026-05-07T18:46:48.219Z,0.513,0,77.71,345,0,0,,,,
powertraces-pt100array_pt019_r1_7536307_11-89ffb37037,2026-05-07T18:46:48.219Z,0.513,1,77.18,345,0,0,,,,
powertraces-pt100array_pt019_r1_7536307_11-89ffb37037,2026-05-07T18:46:48.219Z,0.513,2,76.85,345,0,0,,,,
powertraces-pt100array_pt019_r1_7536307_11-89ffb37037,2026-05-07T18:46:48.219Z,0.513,3,77.9,345,0,0,,,,
powertraces-pt100array_pt019_r1_7536307_11-89ffb37037,2026-05-07T18:46:48.319Z,0.613,0,77.72,345,0,0,,,,
powertraces-pt100array_pt019_r1_7536307_11-89ffb37037,2026-05-07T18:46:48.319Z,0.613,1,77.2,345,0,0,,,,
powertraces-pt100array_pt019_r1_7536307_11-89ffb37037,2026-05-07T18:46:48.319Z,0.613,2,76.83,345,0,0,,,,
powertraces-pt100array_pt019_r1_7536307_11-89ffb37037,2026-05-07T18:46:48.319Z,0.613,3,77.92,345,0,0,,,,
powertraces-pt100array_pt019_r1_7536307_11-89ffb37037,2026-05-07T18:46:48.419Z,0.713,0,77.74,345,0,0,,,,
powertraces-pt100array_pt019_r1_7536307_11-89ffb37037,2026-05-07T18:46:48.419Z,0.713,1,77.21,345,0,0,,,,
powertraces-pt100array_pt019_r1_7536307_11-89ffb37037,2026-05-07T18:46:48.419Z,0.713,2,76.83,345,0,0,,,,
powertraces-pt100array_pt019_r1_7536307_11-89ffb37037,2026-05-07T18:46:48.419Z,0.713,3,77.92,345,0,0,,,,
powertraces-pt100array_pt019_r1_7536307_11-89ffb37037,2026-05-07T18:46:48.519Z,0.813,0,77.73,345,0,0,,,,
powertraces-pt100array_pt019_r1_7536307_11-89ffb37037,2026-05-07T18:46:48.519Z,0.813,1,77.19,345,0,0,,,,
powertraces-pt100array_pt019_r1_7536307_11-89ffb37037,2026-05-07T18:46:48.519Z,0.813,2,76.81,345,0,0,,,,
powertraces-pt100array_pt019_r1_7536307_11-89ffb37037,2026-05-07T18:46:48.519Z,0.813,3,77.9,345,0,0,,,,
powertraces-pt100array_pt019_r1_7536307_11-89ffb37037,2026-05-07T18:46:48.619Z,0.913,0,77.74,345,0,0,,,,
powertraces-pt100array_pt019_r1_7536307_11-89ffb37037,2026-05-07T18:46:48.619Z,0.913,1,77.17,345,0,0,,,,
powertraces-pt100array_pt019_r1_7536307_11-89ffb37037,2026-05-07T18:46:48.619Z,0.913,2,76.82,345,0,0,,,,
powertraces-pt100array_pt019_r1_7536307_11-89ffb37037,2026-05-07T18:46:48.619Z,0.913,3,77.89,345,0,0,,,,
powertraces-pt100array_pt019_r1_7536307_11-89ffb37037,2026-05-07T18:46:48.719Z,1.013,0,77.74,345,0,0,,,,
powertraces-pt100array_pt019_r1_7536307_11-89ffb37037,2026-05-07T18:46:48.72Z,1.014,1,77.21,345,0,0,,,,
powertraces-pt100array_pt019_r1_7536307_11-89ffb37037,2026-05-07T18:46:48.72Z,1.014,2,76.81,345,0,0,,,,
powertraces-pt100array_pt019_r1_7536307_11-89ffb37037,2026-05-07T18:46:48.72Z,1.014,3,77.89,345,0,0,,,,
powertraces-pt100array_pt019_r1_7536307_11-89ffb37037,2026-05-07T18:46:48.82Z,1.114,0,77.72,345,0,0,,,,
powertraces-pt100array_pt019_r1_7536307_11-89ffb37037,2026-05-07T18:46:48.82Z,1.114,1,77.22,345,0,0,,,,
powertraces-pt100array_pt019_r1_7536307_11-89ffb37037,2026-05-07T18:46:48.82Z,1.114,2,76.81,345,0,0,,,,
powertraces-pt100array_pt019_r1_7536307_11-89ffb37037,2026-05-07T18:46:48.82Z,1.114,3,77.86,345,0,0,,,,
powertraces-pt100array_pt019_r1_7536307_11-89ffb37037,2026-05-07T18:46:48.92Z,1.214,0,77.71,345,0,0,,,,
powertraces-pt100array_pt019_r1_7536307_11-89ffb37037,2026-05-07T18:46:48.92Z,1.214,1,77.22,345,0,0,,,,
powertraces-pt100array_pt019_r1_7536307_11-89ffb37037,2026-05-07T18:46:48.92Z,1.214,2,76.79,345,0,0,,,,
powertraces-pt100array_pt019_r1_7536307_11-89ffb37037,2026-05-07T18:46:48.92Z,1.214,3,77.82,345,0,0,,,,
powertraces-pt100array_pt019_r1_7536307_11-89ffb37037,2026-05-07T18:46:49.02Z,1.314,0,77.73,345,0,0,,,,
powertraces-pt100array_pt019_r1_7536307_11-89ffb37037,2026-05-07T18:46:49.02Z,1.314,1,77.16,345,0,0,,,,
powertraces-pt100array_pt019_r1_7536307_11-89ffb37037,2026-05-07T18:46:49.02Z,1.314,2,76.79,345,0,0,,,,
powertraces-pt100array_pt019_r1_7536307_11-89ffb37037,2026-05-07T18:46:49.02Z,1.314,3,77.8,345,0,0,,,,
powertraces-pt100array_pt019_r1_7536307_11-89ffb37037,2026-05-07T18:46:49.12Z,1.414,0,77.74,345,0,0,,,,
powertraces-pt100array_pt019_r1_7536307_11-89ffb37037,2026-05-07T18:46:49.12Z,1.414,1,77.19,345,0,0,,,,
powertraces-pt100array_pt019_r1_7536307_11-89ffb37037,2026-05-07T18:46:49.12Z,1.414,2,76.77,345,0,0,,,,
powertraces-pt100array_pt019_r1_7536307_11-89ffb37037,2026-05-07T18:46:49.12Z,1.414,3,77.77,345,0,0,,,,
powertraces-pt100array_pt019_r1_7536307_11-89ffb37037,2026-05-07T18:46:49.22Z,1.514,0,77.73,345,0,0,,,,
powertraces-pt100array_pt019_r1_7536307_11-89ffb37037,2026-05-07T18:46:49.22Z,1.514,1,77.19,345,0,0,,,,
powertraces-pt100array_pt019_r1_7536307_11-89ffb37037,2026-05-07T18:46:49.22Z,1.514,2,76.74,345,0,0,,,,
powertraces-pt100array_pt019_r1_7536307_11-89ffb37037,2026-05-07T18:46:49.22Z,1.514,3,77.78,345,0,0,,,,
powertraces-pt100array_pt019_r1_7536307_11-89ffb37037,2026-05-07T18:46:49.32Z,1.614,0,77.72,345,0,0,,,,
powertraces-pt100array_pt019_r1_7536307_11-89ffb37037,2026-05-07T18:46:49.321Z,1.615,1,77.19,345,0,0,,,,
powertraces-pt100array_pt019_r1_7536307_11-89ffb37037,2026-05-07T18:46:49.321Z,1.615,2,76.76,345,0,0,,,,
powertraces-pt100array_pt019_r1_7536307_11-89ffb37037,2026-05-07T18:46:49.321Z,1.615,3,77.76,345,0,0,,,,
powertraces-pt100array_pt019_r1_7536307_11-89ffb37037,2026-05-07T18:46:49.421Z,1.715,0,77.73,345,0,0,,,,
powertraces-pt100array_pt019_r1_7536307_11-89ffb37037,2026-05-07T18:46:49.421Z,1.715,1,77.15,345,0,0,,,,
powertraces-pt100array_pt019_r1_7536307_11-89ffb37037,2026-05-07T18:46:49.421Z,1.715,2,76.74,345,0,0,,,,
powertraces-pt100array_pt019_r1_7536307_11-89ffb37037,2026-05-07T18:46:49.421Z,1.715,3,77.79,345,0,0,,,,
powertraces-pt100array_pt019_r1_7536307_11-89ffb37037,2026-05-07T18:46:49.521Z,1.815,0,77.74,345,0,0,,,,
powertraces-pt100array_pt019_r1_7536307_11-89ffb37037,2026-05-07T18:46:49.521Z,1.815,1,77.16,345,0,0,,,,
powertraces-pt100array_pt019_r1_7536307_11-89ffb37037,2026-05-07T18:46:49.521Z,1.815,2,76.75,345,0,0,,,,
powertraces-pt100array_pt019_r1_7536307_11-89ffb37037,2026-05-07T18:46:49.521Z,1.815,3,77.81,345,0,0,,,,
powertraces-pt100array_pt019_r1_7536307_11-89ffb37037,2026-05-07T18:46:49.621Z,1.915,0,77.74,345,0,0,,,,
powertraces-pt100array_pt019_r1_7536307_11-89ffb37037,2026-05-07T18:46:49.621Z,1.915,1,77.2,345,0,0,,,,
powertraces-pt100array_pt019_r1_7536307_11-89ffb37037,2026-05-07T18:46:49.621Z,1.915,2,76.72,345,0,0,,,,
powertraces-pt100array_pt019_r1_7536307_11-89ffb37037,2026-05-07T18:46:49.621Z,1.915,3,77.82,345,0,0,,,,
powertraces-pt100array_pt019_r1_7536307_11-89ffb37037,2026-05-07T18:46:49.721Z,2.015,0,77.75,345,0,0,,,,
powertraces-pt100array_pt019_r1_7536307_11-89ffb37037,2026-05-07T18:46:49.722Z,2.016,1,77.2,345,0,0,,,,
powertraces-pt100array_pt019_r1_7536307_11-89ffb37037,2026-05-07T18:46:49.722Z,2.016,2,76.74,345,0,0,,,,
powertraces-pt100array_pt019_r1_7536307_11-89ffb37037,2026-05-07T18:46:49.722Z,2.016,3,77.82,345,0,0,,,,
powertraces-pt100array_pt019_r1_7536307_11-89ffb37037,2026-05-07T18:46:49.822Z,2.116,0,77.74,345,0,0,,,,
powertraces-pt100array_pt019_r1_7536307_11-89ffb37037,2026-05-07T18:46:49.822Z,2.116,1,77.16,345,0,0,,,,
powertraces-pt100array_pt019_r1_7536307_11-89ffb37037,2026-05-07T18:46:49.822Z,2.116,2,76.75,345,0,0,,,,
powertraces-pt100array_pt019_r1_7536307_11-89ffb37037,2026-05-07T18:46:49.822Z,2.116,3,77.84,345,0,0,,,,
powertraces-pt100array_pt019_r1_7536307_11-89ffb37037,2026-05-07T18:46:49.922Z,2.216,0,77.74,345,0,0,,,,
powertraces-pt100array_pt019_r1_7536307_11-89ffb37037,2026-05-07T18:46:49.922Z,2.216,1,77.16,345,0,0,,,,
powertraces-pt100array_pt019_r1_7536307_11-89ffb37037,2026-05-07T18:46:49.922Z,2.216,2,76.75,345,0,0,,,,
powertraces-pt100array_pt019_r1_7536307_11-89ffb37037,2026-05-07T18:46:49.922Z,2.216,3,77.87,345,0,0,,,,
powertraces-pt100array_pt019_r1_7536307_11-89ffb37037,2026-05-07T18:46:50.022Z,2.316,0,77.75,345,0,0,,,,
powertraces-pt100array_pt019_r1_7536307_11-89ffb37037,2026-05-07T18:46:50.022Z,2.316,1,77.18,345,0,0,,,,
powertraces-pt100array_pt019_r1_7536307_11-89ffb37037,2026-05-07T18:46:50.022Z,2.316,2,76.73,345,0,0,,,,
powertraces-pt100array_pt019_r1_7536307_11-89ffb37037,2026-05-07T18:46:50.022Z,2.316,3,77.86,345,0,0,,,,
powertraces-pt100array_pt019_r1_7536307_11-89ffb37037,2026-05-07T18:46:50.122Z,2.416,0,77.75,345,0,0,,,,
powertraces-pt100array_pt019_r1_7536307_11-89ffb37037,2026-05-07T18:46:50.122Z,2.416,1,77.2,345,0,0,,,,
powertraces-pt100array_pt019_r1_7536307_11-89ffb37037,2026-05-07T18:46:50.122Z,2.416,2,76.73,345,0,0,,,,
powertraces-pt100array_pt019_r1_7536307_11-89ffb37037,2026-05-07T18:46:50.122Z,2.416,3,77.86,345,0,0,,,,
powertraces-pt100array_pt019_r1_7536307_11-89ffb37037,2026-05-07T18:46:50.222Z,2.516,0,77.73,345,0,0,,,,
powertraces-pt100array_pt019_r1_7536307_11-89ffb37037,2026-05-07T18:46:50.223Z,2.517,1,77.17,345,0,0,,,,
powertraces-pt100array_pt019_r1_7536307_11-89ffb37037,2026-05-07T18:46:50.223Z,2.517,2,76.75,345,0,0,,,,
powertraces-pt100array_pt019_r1_7536307_11-89ffb37037,2026-05-07T18:46:50.223Z,2.517,3,77.82,345,0,0,,,,
powertraces-pt100array_pt019_r1_7536307_11-89ffb37037,2026-05-07T18:46:50.323Z,2.617,0,77.74,345,0,0,,,,
powertraces-pt100array_pt019_r1_7536307_11-89ffb37037,2026-05-07T18:46:50.323Z,2.617,1,77.15,345,0,0,,,,
powertraces-pt100array_pt019_r1_7536307_11-89ffb37037,2026-05-07T18:46:50.323Z,2.617,2,76.74,345,0,0,,,,
powertraces-pt100array_pt019_r1_7536307_11-89ffb37037,2026-05-07T18:46:50.323Z,2.617,3,77.8,345,0,0,,,,
powertraces-pt100array_pt019_r1_7536307_11-89ffb37037,2026-05-07T18:46:50.423Z,2.717,0,77.73,345,0,0,,,,
powertraces-pt100array_pt019_r1_7536307_11-89ffb37037,2026-05-07T18:46:50.423Z,2.717,1,77.17,345,0,0,,,,
powertraces-pt100array_pt019_r1_7536307_11-89ffb37037,2026-05-07T18:46:50.423Z,2.717,2,76.76,345,0,0,,,,
powertraces-pt100array_pt019_r1_7536307_11-89ffb37037,2026-05-07T18:46:50.423Z,2.717,3,77.75,345,0,0,,,,
powertraces-pt100array_pt019_r1_7536307_11-89ffb37037,2026-05-07T18:46:50.523Z,2.817,0,77.73,345,0,0,,,,
powertraces-pt100array_pt019_r1_7536307_11-89ffb37037,2026-05-07T18:46:50.523Z,2.817,1,77.18,345,0,0,,,,
powertraces-pt100array_pt019_r1_7536307_11-89ffb37037,2026-05-07T18:46:50.523Z,2.817,2,76.77,345,0,0,,,,
powertraces-pt100array_pt019_r1_7536307_11-89ffb37037,2026-05-07T18:46:50.523Z,2.817,3,77.75,345,0,0,,,,
powertraces-pt100array_pt019_r1_7536307_11-89ffb37037,2026-05-07T18:46:50.623Z,2.917,0,77.71,345,0,0,,,,
powertraces-pt100array_pt019_r1_7536307_11-89ffb37037,2026-05-07T18:46:50.623Z,2.917,1,77.16,345,0,0,,,,
powertraces-pt100array_pt019_r1_7536307_11-89ffb37037,2026-05-07T18:46:50.623Z,2.917,2,76.78,345,0,0,,,,
powertraces-pt100array_pt019_r1_7536307_11-89ffb37037,2026-05-07T18:46:50.623Z,2.917,3,77.76,345,0,0,,,,
powertraces-pt100array_pt019_r1_7536307_11-89ffb37037,2026-05-07T18:46:50.723Z,3.017,0,77.71,345,0,0,,,,
powertraces-pt100array_pt019_r1_7536307_11-89ffb37037,2026-05-07T18:46:50.724Z,3.018,1,77.14,345,0,0,,,,
powertraces-pt100array_pt019_r1_7536307_11-89ffb37037,2026-05-07T18:46:50.724Z,3.018,2,76.78,345,0,0,,,,
powertraces-pt100array_pt019_r1_7536307_11-89ffb37037,2026-05-07T18:46:50.724Z,3.018,3,77.76,345,0,0,,,,
powertraces-pt100array_pt019_r1_7536307_11-89ffb37037,2026-05-07T18:46:50.824Z,3.118,0,77.73,345,0,0,,,,
powertraces-pt100array_pt019_r1_7536307_11-89ffb37037,2026-05-07T18:46:50.824Z,3.118,1,77.16,345,0,0,,,,
powertraces-pt100array_pt019_r1_7536307_11-89ffb37037,2026-05-07T18:46:50.824Z,3.118,2,76.75,345,0,0,,,,
powertraces-pt100array_pt019_r1_7536307_11-89ffb37037,2026-05-07T18:46:50.824Z,3.118,3,77.78,345,0,0,,,,
powertraces-pt100array_pt019_r1_7536307_11-89ffb37037,2026-05-07T18:46:50.924Z,3.218,0,77.73,345,0,0,,,,
powertraces-pt100array_pt019_r1_7536307_11-89ffb37037,2026-05-07T18:46:50.924Z,3.218,1,77.2,345,0,0,,,,
powertraces-pt100array_pt019_r1_7536307_11-89ffb37037,2026-05-07T18:46:50.924Z,3.218,2,76.75,345,0,0,,,,
powertraces-pt100array_pt019_r1_7536307_11-89ffb37037,2026-05-07T18:46:50.924Z,3.218,3,77.77,345,0,0,,,,
powertraces-pt100array_pt019_r1_7536307_11-89ffb37037,2026-05-07T18:46:51.024Z,3.318,0,77.72,345,0,0,,,,
powertraces-pt100array_pt019_r1_7536307_11-89ffb37037,2026-05-07T18:46:51.024Z,3.318,1,77.21,345,0,0,,,,
powertraces-pt100array_pt019_r1_7536307_11-89ffb37037,2026-05-07T18:46:51.024Z,3.318,2,76.78,345,0,0,,,,
powertraces-pt100array_pt019_r1_7536307_11-89ffb37037,2026-05-07T18:46:51.024Z,3.318,3,77.78,345,0,0,,,,
powertraces-pt100array_pt019_r1_7536307_11-89ffb37037,2026-05-07T18:46:51.124Z,3.418,0,77.72,345,0,0,,,,
powertraces-pt100array_pt019_r1_7536307_11-89ffb37037,2026-05-07T18:46:51.124Z,3.418,1,77.17,345,0,0,,,,
powertraces-pt100array_pt019_r1_7536307_11-89ffb37037,2026-05-07T18:46:51.124Z,3.418,2,76.76,345,0,0,,,,
powertraces-pt100array_pt019_r1_7536307_11-89ffb37037,2026-05-07T18:46:51.124Z,3.418,3,77.79,345,0,0,,,,
powertraces-pt100array_pt019_r1_7536307_11-89ffb37037,2026-05-07T18:46:51.225Z,3.519,0,77.73,345,0,0,,,,
powertraces-pt100array_pt019_r1_7536307_11-89ffb37037,2026-05-07T18:46:51.225Z,3.519,1,77.19,345,0,0,,,,
powertraces-pt100array_pt019_r1_7536307_11-89ffb37037,2026-05-07T18:46:51.225Z,3.519,2,76.76,345,0,0,,,,
powertraces-pt100array_pt019_r1_7536307_11-89ffb37037,2026-05-07T18:46:51.225Z,3.519,3,77.78,345,0,0,,,,
powertraces-pt100array_pt019_r1_7536307_11-89ffb37037,2026-05-07T18:46:51.325Z,3.619,0,77.74,345,0,0,,,,
powertraces-pt100array_pt019_r1_7536307_11-89ffb37037,2026-05-07T18:46:51.325Z,3.619,1,77.19,345,0,0,,,,
powertraces-pt100array_pt019_r1_7536307_11-89ffb37037,2026-05-07T18:46:51.325Z,3.619,2,76.75,345,0,0,,,,
powertraces-pt100array_pt019_r1_7536307_11-89ffb37037,2026-05-07T18:46:51.325Z,3.619,3,77.8,345,0,0,,,,
powertraces-pt100array_pt019_r1_7536307_11-89ffb37037,2026-05-07T18:46:51.425Z,3.719,0,77.74,345,0,0,,,,
powertraces-pt100array_pt019_r1_7536307_11-89ffb37037,2026-05-07T18:46:51.425Z,3.719,1,77.21,345,0,0,,,,
powertraces-pt100array_pt019_r1_7536307_11-89ffb37037,2026-05-07T18:46:51.425Z,3.719,2,76.74,345,0,0,,,,
powertraces-pt100array_pt019_r1_7536307_11-89ffb37037,2026-05-07T18:46:51.425Z,3.719,3,77.82,345,0,0,,,,
powertraces-pt100array_pt019_r1_7536307_11-89ffb37037,2026-05-07T18:46:51.525Z,3.819,0,77.74,345,0,0,,,,
powertraces-pt100array_pt019_r1_7536307_11-89ffb37037,2026-05-07T18:46:51.525Z,3.819,1,77.16,345,0,0,,,,
powertraces-pt100array_pt019_r1_7536307_11-89ffb37037,2026-05-07T18:46:51.525Z,3.819,2,76.75,345,0,0,,,,
powertraces-pt100array_pt019_r1_7536307_11-89ffb37037,2026-05-07T18:46:51.525Z,3.819,3,77.83,345,0,0,,,,
powertraces-pt100array_pt019_r1_7536307_11-89ffb37037,2026-05-07T18:46:51.625Z,3.919,0,77.75,345,0,0,,,,
powertraces-pt100array_pt019_r1_7536307_11-89ffb37037,2026-05-07T18:46:51.626Z,3.92,1,77.15,345,0,0,,,,
powertraces-pt100array_pt019_r1_7536307_11-89ffb37037,2026-05-07T18:46:51.626Z,3.92,2,76.75,345,0,0,,,,
powertraces-pt100array_pt019_r1_7536307_11-89ffb37037,2026-05-07T18:46:51.626Z,3.92,3,77.83,345,0,0,,,,
powertraces-pt100array_pt019_r1_7536307_11-89ffb37037,2026-05-07T18:46:51.726Z,4.02,0,77.74,345,0,0,,,,
powertraces-pt100array_pt019_r1_7536307_11-89ffb37037,2026-05-07T18:46:51.726Z,4.02,1,77.18,345,0,0,,,,
powertraces-pt100array_pt019_r1_7536307_11-89ffb37037,2026-05-07T18:46:51.726Z,4.02,2,76.76,345,0,0,,,,
powertraces-pt100array_pt019_r1_7536307_11-89ffb37037,2026-05-07T18:46:51.726Z,4.02,3,77.83,345,0,0,,,,
powertraces-pt100array_pt019_r1_7536307_11-89ffb37037,2026-05-07T18:46:51.826Z,4.12,0,77.75,345,0,0,,,,
powertraces-pt100array_pt019_r1_7536307_11-89ffb37037,2026-05-07T18:46:51.826Z,4.12,1,77.2,345,0,0,,,,
powertraces-pt100array_pt019_r1_7536307_11-89ffb37037,2026-05-07T18:46:51.826Z,4.12,2,76.79,345,0,0,,,,
powertraces-pt100array_pt019_r1_7536307_11-89ffb37037,2026-05-07T18:46:51.826Z,4.12,3,77.85,345,0,0,,,,
powertraces-pt100array_pt019_r1_7536307_11-89ffb37037,2026-05-07T18:46:51.926Z,4.22,0,77.74,345,0,0,,,,
powertraces-pt100array_pt019_r1_7536307_11-89ffb37037,2026-05-07T18:46:51.926Z,4.22,1,77.15,345,0,0,,,,
powertraces-pt100array_pt019_r1_7536307_11-89ffb37037,2026-05-07T18:46:51.926Z,4.22,2,76.79,345,0,0,,,,
powertraces-pt100array_pt019_r1_7536307_11-89ffb37037,2026-05-07T18:46:51.926Z,4.22,3,77.86,345,0,0,,,,
powertraces-pt100array_pt019_r1_7536307_11-89ffb37037,2026-05-07T18:46:52.026Z,4.32,0,77.75,345,0,0,,,,
powertraces-pt100array_pt019_r1_7536307_11-89ffb37037,2026-05-07T18:46:52.026Z,4.32,1,77.14,345,0,0,,,,
powertraces-pt100array_pt019_r1_7536307_11-89ffb37037,2026-05-07T18:46:52.026Z,4.32,2,76.78,345,0,0,,,,
powertraces-pt100array_pt019_r1_7536307_11-89ffb37037,2026-05-07T18:46:52.026Z,4.32,3,77.87,345,0,0,,,,
powertraces-pt100array_pt019_r1_7536307_11-89ffb37037,2026-05-07T18:46:52.126Z,4.42,0,77.75,345,0,0,,,,
powertraces-pt100array_pt019_r1_7536307_11-89ffb37037,2026-05-07T18:46:52.126Z,4.42,1,77.16,345,0,0,,,,
powertraces-pt100array_pt019_r1_7536307_11-89ffb37037,2026-05-07T18:46:52.126Z,4.42,2,76.78,345,0,0,,,,
powertraces-pt100array_pt019_r1_7536307_11-89ffb37037,2026-05-07T18:46:52.126Z,4.42,3,77.87,345,0,0,,,,
powertraces-pt100array_pt019_r1_7536307_11-89ffb37037,2026-05-07T18:46:52.227Z,4.521,0,77.76,345,0,0,,,,
powertraces-pt100array_pt019_r1_7536307_11-89ffb37037,2026-05-07T18:46:52.227Z,4.521,1,77.19,345,0,0,,,,
powertraces-pt100array_pt019_r1_7536307_11-89ffb37037,2026-05-07T18:46:52.227Z,4.521,2,76.78,345,0,0,,,,
powertraces-pt100array_pt019_r1_7536307_11-89ffb37037,2026-05-07T18:46:52.227Z,4.521,3,77.92,345,0,0,,,,
powertraces-pt100array_pt019_r1_7536307_11-89ffb37037,2026-05-07T18:46:52.327Z,4.621,0,77.75,345,0,0,,,,
powertraces-pt100array_pt019_r1_7536307_11-89ffb37037,2026-05-07T18:46:52.327Z,4.621,1,77.16,345,0,0,,,,
powertraces-pt100array_pt019_r1_7536307_11-89ffb37037,2026-05-07T18:46:52.327Z,4.621,2,76.79,345,0,0,,,,
powertraces-pt100array_pt019_r1_7536307_11-89ffb37037,2026-05-07T18:46:52.327Z,4.621,3,77.92,345,0,0,,,,
powertraces-pt100array_pt019_r1_7536307_11-89ffb37037,2026-05-07T18:46:52.427Z,4.721,0,77.75,345,0,0,,,,
powertraces-pt100array_pt019_r1_7536307_11-89ffb37037,2026-05-07T18:46:52.427Z,4.721,1,77.12,345,0,0,,,,
powertraces-pt100array_pt019_r1_7536307_11-89ffb37037,2026-05-07T18:46:52.427Z,4.721,2,76.77,345,0,0,,,,
powertraces-pt100array_pt019_r1_7536307_11-89ffb37037,2026-05-07T18:46:52.427Z,4.721,3,77.93,345,0,0,,,,
powertraces-pt100array_pt019_r1_7536307_11-89ffb37037,2026-05-07T18:46:52.527Z,4.821,0,77.74,345,0,0,,,,
powertraces-pt100array_pt019_r1_7536307_11-89ffb37037,2026-05-07T18:46:52.527Z,4.821,1,77.15,345,0,0,,,,
powertraces-pt100array_pt019_r1_7536307_11-89ffb37037,2026-05-07T18:46:52.527Z,4.821,2,76.76,345,0,0,,,,
powertraces-pt100array_pt019_r1_7536307_11-89ffb37037,2026-05-07T18:46:52.527Z,4.821,3,77.92,345,0,0,,,,
powertraces-pt100array_pt019_r1_7536307_11-89ffb37037,2026-05-07T18:46:52.627Z,4.921,0,77.74,345,0,0,,,,
powertraces-pt100array_pt019_r1_7536307_11-89ffb37037,2026-05-07T18:46:52.628Z,4.922,1,77.17,345,0,0,,,,
powertraces-pt100array_pt019_r1_7536307_11-89ffb37037,2026-05-07T18:46:52.628Z,4.922,2,76.79,345,0,0,,,,
powertraces-pt100array_pt019_r1_7536307_11-89ffb37037,2026-05-07T18:46:52.628Z,4.922,3,77.92,345,0,0,,,,
powertraces-pt100array_pt019_r1_7536307_11-89ffb37037,2026-05-07T18:46:52.728Z,5.022,0,77.75,345,0,0,,,,
powertraces-pt100array_pt019_r1_7536307_11-89ffb37037,2026-05-07T18:46:52.728Z,5.022,1,77.17,345,0,0,,,,
powertraces-pt100array_pt019_r1_7536307_11-89ffb37037,2026-05-07T18:46:52.728Z,5.022,2,76.79,345,0,0,,,,
powertraces-pt100array_pt019_r1_7536307_11-89ffb37037,2026-05-07T18:46:52.728Z,5.022,3,77.91,345,0,0,,,,
powertraces-pt100array_pt019_r1_7536307_11-89ffb37037,2026-05-07T18:46:52.828Z,5.122,0,77.74,345,0,0,,,,
powertraces-pt100array_pt019_r1_7536307_11-89ffb37037,2026-05-07T18:46:52.828Z,5.122,1,77.12,345,0,0,,,,
powertraces-pt100array_pt019_r1_7536307_11-89ffb37037,2026-05-07T18:46:52.828Z,5.122,2,76.8,345,0,0,,,,
powertraces-pt100array_pt019_r1_7536307_11-89ffb37037,2026-05-07T18:46:52.828Z,5.122,3,77.89,345,0,0,,,,
powertraces-pt100array_pt019_r1_7536307_11-89ffb37037,2026-05-07T18:46:52.928Z,5.222,0,77.74,345,0,0,,,,
powertraces-pt100array_pt019_r1_7536307_11-89ffb37037,2026-05-07T18:46:52.928Z,5.222,1,77.16,345,0,0,,,,
powertraces-pt100array_pt019_r1_7536307_11-89ffb37037,2026-05-07T18:46:52.928Z,5.222,2,76.78,345,0,0,,,,
powertraces-pt100array_pt019_r1_7536307_11-89ffb37037,2026-05-07T18:46:52.928Z,5.222,3,77.88,345,0,0,,,,
powertraces-pt100array_pt019_r1_7536307_11-89ffb37037,2026-05-07T18:46:53.028Z,5.322,0,77.74,345,0,0,,,,
powertraces-pt100array_pt019_r1_7536307_11-89ffb37037,2026-05-07T18:46:53.028Z,5.322,1,77.19,345,0,0,,,,
powertraces-pt100array_pt019_r1_7536307_11-89ffb37037,2026-05-07T18:46:53.028Z,5.322,2,76.77,345,0,0,,,,
powertraces-pt100array_pt019_r1_7536307_11-89ffb37037,2026-05-07T18:46:53.028Z,5.322,3,77.85,345,0,0,,,,
powertraces-pt100array_pt019_r1_7536307_11-89ffb37037,2026-05-07T18:46:53.129Z,5.423,0,77.74,345,0,0,,,,
powertraces-pt100array_pt019_r1_7536307_11-89ffb37037,2026-05-07T18:46:53.129Z,5.423,1,77.17,345,0,0,,,,
powertraces-pt100array_pt019_r1_7536307_11-89ffb37037,2026-05-07T18:46:53.129Z,5.423,2,76.78,345,0,0,,,,
powertraces-pt100array_pt019_r1_7536307_11-89ffb37037,2026-05-07T18:46:53.129Z,5.423,3,77.86,345,0,0,,,,
powertraces-pt100array_pt019_r1_7536307_11-89ffb37037,2026-05-07T18:46:53.229Z,5.523,0,77.73,345,0,0,,,,
powertraces-pt100array_pt019_r1_7536307_11-89ffb37037,2026-05-07T18:46:53.229Z,5.523,1,77.16,345,0,0,,,,
powertraces-pt100array_pt019_r1_7536307_11-89ffb37037,2026-05-07T18:46:53.229Z,5.523,2,76.78,345,0,0,,,,
powertraces-pt100array_pt019_r1_7536307_11-89ffb37037,2026-05-07T18:46:53.229Z,5.523,3,77.84,345,0,0,,,,
powertraces-pt100array_pt019_r1_7536307_11-89ffb37037,2026-05-07T18:46:53.329Z,5.623,0,77.73,345,0,0,,,,
powertraces-pt100array_pt019_r1_7536307_11-89ffb37037,2026-05-07T18:46:53.329Z,5.623,1,77.18,345,0,0,,,,
powertraces-pt100array_pt019_r1_7536307_11-89ffb37037,2026-05-07T18:46:53.329Z,5.623,2,76.76,345,0,0,,,,
powertraces-pt100array_pt019_r1_7536307_11-89ffb37037,2026-05-07T18:46:53.329Z,5.623,3,77.85,345,0,0,,,,
powertraces-pt100array_pt019_r1_7536307_11-89ffb37037,2026-05-07T18:46:53.429Z,5.723,0,77.72,345,0,0,,,,
powertraces-pt100array_pt019_r1_7536307_11-89ffb37037,2026-05-07T18:46:53.429Z,5.723,1,77.2,345,0,0,,,,
powertraces-pt100array_pt019_r1_7536307_11-89ffb37037,2026-05-07T18:46:53.429Z,5.723,2,76.77,345,0,0,,,,
powertraces-pt100array_pt019_r1_7536307_11-89ffb37037,2026-05-07T18:46:53.429Z,5.723,3,77.88,345,0,0,,,,
powertraces-pt100array_pt019_r1_7536307_11-89ffb37037,2026-05-07T18:46:53.529Z,5.823,0,77.73,345,0,0,,,,
powertraces-pt100array_pt019_r1_7536307_11-89ffb37037,2026-05-07T18:46:53.529Z,5.823,1,77.2,345,0,0,,,,
powertraces-pt100array_pt019_r1_7536307_11-89ffb37037,2026-05-07T18:46:53.529Z,5.823,2,76.73,345,0,0,,,,
powertraces-pt100array_pt019_r1_7536307_11-89ffb37037,2026-05-07T18:46:53.529Z,5.823,3,77.89,345,0,0,,,,
powertraces-pt100array_pt019_r1_7536307_11-89ffb37037,2026-05-07T18:46:53.63Z,5.924,0,77.72,345,0,0,,,,
powertraces-pt100array_pt019_r1_7536307_11-89ffb37037,2026-05-07T18:46:53.63Z,5.924,1,77.19,345,0,0,,,,
powertraces-pt100array_pt019_r1_7536307_11-89ffb37037,2026-05-07T18:46:53.63Z,5.924,2,76.74,345,0,0,,,,
powertraces-pt100array_pt019_r1_7536307_11-89ffb37037,2026-05-07T18:46:53.63Z,5.924,3,77.87,345,0,0,,,,
powertraces-pt100array_pt019_r1_7536307_11-89ffb37037,2026-05-07T18:46:53.73Z,6.024,0,77.72,345,0,0,,,,
powertraces-pt100array_pt019_r1_7536307_11-89ffb37037,2026-05-07T18:46:53.73Z,6.024,1,77.16,345,0,0,,,,
powertraces-pt100array_pt019_r1_7536307_11-89ffb37037,2026-05-07T18:46:53.73Z,6.024,2,76.72,345,0,0,,,,
powertraces-pt100array_pt019_r1_7536307_11-89ffb37037,2026-05-07T18:46:53.73Z,6.024,3,77.84,345,0,0,,,,
powertraces-pt100array_pt019_r1_7536307_11-89ffb37037,2026-05-07T18:46:53.83Z,6.124,0,77.72,345,0,0,,,,
powertraces-pt100array_pt019_r1_7536307_11-89ffb37037,2026-05-07T18:46:53.83Z,6.124,1,77.19,345,0,0,,,,
powertraces-pt100array_pt019_r1_7536307_11-89ffb37037,2026-05-07T18:46:53.83Z,6.124,2,76.75,345,0,0,,,,
powertraces-pt100array_pt019_r1_7536307_11-89ffb37037,2026-05-07T18:46:53.83Z,6.124,3,77.82,345,0,0,,,,
powertraces-pt100array_pt019_r1_7536307_11-89ffb37037,2026-05-07T18:46:53.93Z,6.224,0,77.74,345,0,0,,,,
powertraces-pt100array_pt019_r1_7536307_11-89ffb37037,2026-05-07T18:46:53.93Z,6.224,1,77.19,345,0,0,,,,
powertraces-pt100array_pt019_r1_7536307_11-89ffb37037,2026-05-07T18:46:53.93Z,6.224,2,76.76,345,0,0,,,,
powertraces-pt100array_pt019_r1_7536307_11-89ffb37037,2026-05-07T18:46:53.93Z,6.224,3,77.82,345,0,0,,,,
powertraces-pt100array_pt019_r1_7536307_11-89ffb37037,2026-05-07T18:46:54.03Z,6.324,0,77.75,345,0,0,,,,
powertraces-pt100array_pt019_r1_7536307_11-89ffb37037,2026-05-07T18:46:54.031Z,6.325,1,77.18,345,0,0,,,,
powertraces-pt100array_pt019_r1_7536307_11-89ffb37037,2026-05-07T18:46:54.031Z,6.325,2,76.75,345,0,0,,,,
powertraces-pt100array_pt019_r1_7536307_11-89ffb37037,2026-05-07T18:46:54.031Z,6.325,3,77.82,345,0,0,,,,
powertraces-pt100array_pt019_r1_7536307_11-89ffb37037,2026-05-07T18:46:54.131Z,6.425,0,77.77,345,0,0,,,,
powertraces-pt100array_pt019_r1_7536307_11-89ffb37037,2026-05-07T18:46:54.131Z,6.425,1,77.11,345,0,0,,,,
powertraces-pt100array_pt019_r1_7536307_11-89ffb37037,2026-05-07T18:46:54.131Z,6.425,2,76.76,345,0,0,,,,
powertraces-pt100array_pt019_r1_7536307_11-89ffb37037,2026-05-07T18:46:54.131Z,6.425,3,77.8,345,0,0,,,,
powertraces-pt100array_pt019_r1_7536307_11-89ffb37037,2026-05-07T18:46:54.231Z,6.525,0,77.77,345,0,0,,,,
powertraces-pt100array_pt019_r1_7536307_11-89ffb37037,2026-05-07T18:46:54.231Z,6.525,1,77.15,345,0,0,,,,
powertraces-pt100array_pt019_r1_7536307_11-89ffb37037,2026-05-07T18:46:54.231Z,6.525,2,76.76,345,0,0,,,,
powertraces-pt100array_pt019_r1_7536307_11-89ffb37037,2026-05-07T18:46:54.231Z,6.525,3,77.8,345,0,0,,,,
powertraces-pt100array_pt019_r1_7536307_11-89ffb37037,2026-05-07T18:46:54.331Z,6.625,0,77.77,345,0,0,,,,
powertraces-pt100array_pt019_r1_7536307_11-89ffb37037,2026-05-07T18:46:54.331Z,6.625,1,77.17,345,0,0,,,,
powertraces-pt100array_pt019_r1_7536307_11-89ffb37037,2026-05-07T18:46:54.331Z,6.625,2,76.75,345,0,0,,,,
powertraces-pt100array_pt019_r1_7536307_11-89ffb37037,2026-05-07T18:46:54.331Z,6.625,3,77.8,345,0,0,,,,
powertraces-pt100array_pt019_r1_7536307_11-89ffb37037,2026-05-07T18:46:54.431Z,6.725,0,77.78,345,0,0,,,,
powertraces-pt100array_pt019_r1_7536307_11-89ffb37037,2026-05-07T18:46:54.431Z,6.725,1,77.17,345,0,0,,,,
powertraces-pt100array_pt019_r1_7536307_11-89ffb37037,2026-05-07T18:46:54.431Z,6.725,2,76.74,345,0,0,,,,
powertraces-pt100array_pt019_r1_7536307_11-89ffb37037,2026-05-07T18:46:54.431Z,6.725,3,77.8,345,0,0,,,,
powertraces-pt100array_pt019_r1_7536307_11-89ffb37037,2026-05-07T18:46:54.532Z,6.826,0,77.78,345,0,0,,,,
powertraces-pt100array_pt019_r1_7536307_11-89ffb37037,2026-05-07T18:46:54.532Z,6.826,1,77.12,345,0,0,,,,
powertraces-pt100array_pt019_r1_7536307_11-89ffb37037,2026-05-07T18:46:54.532Z,6.826,2,76.76,345,0,0,,,,
powertraces-pt100array_pt019_r1_7536307_11-89ffb37037,2026-05-07T18:46:54.532Z,6.826,3,77.82,345,0,0,,,,
powertraces-pt100array_pt019_r1_7536307_11-89ffb37037,2026-05-07T18:46:54.632Z,6.926,0,77.78,345,0,0,,,,
powertraces-pt100array_pt019_r1_7536307_11-89ffb37037,2026-05-07T18:46:54.632Z,6.926,1,77.1,345,0,0,,,,
powertraces-pt100array_pt019_r1_7536307_11-89ffb37037,2026-05-07T18:46:54.632Z,6.926,2,76.76,345,0,0,,,,
powertraces-pt100array_pt019_r1_7536307_11-89ffb37037,2026-05-07T18:46:54.632Z,6.926,3,77.83,345,0,0,,,,
powertraces-pt100array_pt019_r1_7536307_11-89ffb37037,2026-05-07T18:46:54.732Z,7.026,0,77.78,345,0,0,,,,
powertraces-pt100array_pt019_r1_7536307_11-89ffb37037,2026-05-07T18:46:54.732Z,7.026,1,77.13,345,0,0,,,,
powertraces-pt100array_pt019_r1_7536307_11-89ffb37037,2026-05-07T18:46:54.732Z,7.026,2,76.77,345,0,0,,,,
powertraces-pt100array_pt019_r1_7536307_11-89ffb37037,2026-05-07T18:46:54.732Z,7.026,3,77.86,345,0,0,,,,
powertraces-pt100array_pt019_r1_7536307_11-89ffb37037,2026-05-07T18:46:54.832Z,7.126,0,77.78,345,0,0,,,,
powertraces-pt100array_pt019_r1_7536307_11-89ffb37037,2026-05-07T18:46:54.832Z,7.126,1,77.16,345,0,0,,,,
powertraces-pt100array_pt019_r1_7536307_11-89ffb37037,2026-05-07T18:46:54.832Z,7.126,2,76.75,345,0,0,,,,
powertraces-pt100array_pt019_r1_7536307_11-89ffb37037,2026-05-07T18:46:54.832Z,7.126,3,77.88,345,0,0,,,,
powertraces-pt100array_pt019_r1_7536307_11-89ffb37037,2026-05-07T18:46:54.933Z,7.227,0,77.78,345,0,0,,,,
powertraces-pt100array_pt019_r1_7536307_11-89ffb37037,2026-05-07T18:46:54.933Z,7.227,1,77.11,345,0,0,,,,
powertraces-pt100array_pt019_r1_7536307_11-89ffb37037,2026-05-07T18:46:54.933Z,7.227,2,76.76,345,0,0,,,,
powertraces-pt100array_pt019_r1_7536307_11-89ffb37037,2026-05-07T18:46:54.933Z,7.227,3,77.86,345,0,0,,,,
powertraces-pt100array_pt019_r1_7536307_11-89ffb37037,2026-05-07T18:46:55.033Z,7.327,0,77.79,345,0,0,,,,
powertraces-pt100array_pt019_r1_7536307_11-89ffb37037,2026-05-07T18:46:55.033Z,7.327,1,77.11,345,0,0,,,,
powertraces-pt100array_pt019_r1_7536307_11-89ffb37037,2026-05-07T18:46:55.033Z,7.327,2,76.77,345,0,0,,,,
powertraces-pt100array_pt019_r1_7536307_11-89ffb37037,2026-05-07T18:46:55.033Z,7.327,3,77.86,345,0,0,,,,
powertraces-pt100array_pt019_r1_7536307_11-89ffb37037,2026-05-07T18:46:55.133Z,7.427,0,77.79,345,0,0,,,,
powertraces-pt100array_pt019_r1_7536307_11-89ffb37037,2026-05-07T18:46:55.133Z,7.427,1,77.15,345,0,0,,,,
powertraces-pt100array_pt019_r1_7536307_11-89ffb37037,2026-05-07T18:46:55.133Z,7.427,2,76.77,345,0,0,,,,
powertraces-pt100array_pt019_r1_7536307_11-89ffb37037,2026-05-07T18:46:55.133Z,7.427,3,77.86,345,0,0,,,,
powertraces-pt100array_pt019_r1_7536307_11-89ffb37037,2026-05-07T18:46:55.233Z,7.527,0,77.8,345,0,0,,,,
powertraces-pt100array_pt019_r1_7536307_11-89ffb37037,2026-05-07T18:46:55.233Z,7.527,1,77.17,345,0,0,,,,
powertraces-pt100array_pt019_r1_7536307_11-89ffb37037,2026-05-07T18:46:55.233Z,7.527,2,76.77,345,0,0,,,,
powertraces-pt100array_pt019_r1_7536307_11-89ffb37037,2026-05-07T18:46:55.233Z,7.527,3,77.86,345,0,0,,,,
powertraces-pt100array_pt019_r1_7536307_11-89ffb37037,2026-05-07T18:46:55.333Z,7.627,0,77.8,345,0,0,,,,
powertraces-pt100array_pt019_r1_7536307_11-89ffb37037,2026-05-07T18:46:55.333Z,7.627,1,77.12,345,0,0,,,,
powertraces-pt100array_pt019_r1_7536307_11-89ffb37037,2026-05-07T18:46:55.333Z,7.627,2,76.77,345,0,0,,,,
powertraces-pt100array_pt019_r1_7536307_11-89ffb37037,2026-05-07T18:46:55.333Z,7.627,3,77.84,345,0,0,,,,
powertraces-pt100array_pt019_r1_7536307_11-89ffb37037,2026-05-07T18:46:55.434Z,7.728,0,77.8,345,0,0,,,,
powertraces-pt100array_pt019_r1_7536307_11-89ffb37037,2026-05-07T18:46:55.434Z,7.728,1,77.11,345,0,0,,,,
powertraces-pt100array_pt019_r1_7536307_11-89ffb37037,2026-05-07T18:46:55.434Z,7.728,2,76.76,345,0,0,,,,
powertraces-pt100array_pt019_r1_7536307_11-89ffb37037,2026-05-07T18:46:55.434Z,7.728,3,77.81,345,0,0,,,,
powertraces-pt100array_pt019_r1_7536307_11-89ffb37037,2026-05-07T18:46:55.534Z,7.828,0,77.79,345,0,0,,,,
powertraces-pt100array_pt019_r1_7536307_11-89ffb37037,2026-05-07T18:46:55.534Z,7.828,1,77.16,345,0,0,,,,
powertraces-pt100array_pt019_r1_7536307_11-89ffb37037,2026-05-07T18:46:55.534Z,7.828,2,76.76,345,0,0,,,,
powertraces-pt100array_pt019_r1_7536307_11-89ffb37037,2026-05-07T18:46:55.534Z,7.828,3,77.81,345,0,0,,,,
powertraces-pt100array_pt019_r1_7536307_11-89ffb37037,2026-05-07T18:46:55.634Z,7.928,0,77.79,345,0,0,,,,
powertraces-pt100array_pt019_r1_7536307_11-89ffb37037,2026-05-07T18:46:55.634Z,7.928,1,77.18,345,0,0,,,,
powertraces-pt100array_pt019_r1_7536307_11-89ffb37037,2026-05-07T18:46:55.634Z,7.928,2,76.75,345,0,0,,,,
powertraces-pt100array_pt019_r1_7536307_11-89ffb37037,2026-05-07T18:46:55.634Z,7.928,3,77.84,345,0,0,,,,
powertraces-pt100array_pt019_r1_7536307_11-89ffb37037,2026-05-07T18:46:55.734Z,8.028,0,77.79,345,0,0,,,,
powertraces-pt100array_pt019_r1_7536307_11-89ffb37037,2026-05-07T18:46:55.734Z,8.028,1,77.17,345,0,0,,,,
powertraces-pt100array_pt019_r1_7536307_11-89ffb37037,2026-05-07T18:46:55.734Z,8.028,2,76.76,345,0,0,,,,
powertraces-pt100array_pt019_r1_7536307_11-89ffb37037,2026-05-07T18:46:55.734Z,8.028,3,77.83,345,0,0,,,,
powertraces-pt100array_pt019_r1_7536307_11-89ffb37037,2026-05-07T18:46:55.834Z,8.128,0,77.79,345,0,0,,,,
powertraces-pt100array_pt019_r1_7536307_11-89ffb37037,2026-05-07T18:46:55.835Z,8.129,1,77.14,345,0,0,,,,
powertraces-pt100array_pt019_r1_7536307_11-89ffb37037,2026-05-07T18:46:55.835Z,8.129,2,76.78,345,0,0,,,,
powertraces-pt100array_pt019_r1_7536307_11-89ffb37037,2026-05-07T18:46:55.835Z,8.129,3,77.81,345,0,0,,,,
powertraces-pt100array_pt019_r1_7536307_11-89ffb37037,2026-05-07T18:46:55.935Z,8.229,0,77.79,345,0,0,,,,
powertraces-pt100array_pt019_r1_7536307_11-89ffb37037,2026-05-07T18:46:55.935Z,8.229,1,77.14,345,0,0,,,,
powertraces-pt100array_pt019_r1_7536307_11-89ffb37037,2026-05-07T18:46:55.935Z,8.229,2,76.78,345,0,0,,,,
powertraces-pt100array_pt019_r1_7536307_11-89ffb37037,2026-05-07T18:46:55.935Z,8.229,3,77.79,345,0,0,,,,
powertraces-pt100array_pt019_r1_7536307_11-89ffb37037,2026-05-07T18:46:56.035Z,8.329,0,77.77,345,0,0,,,,
powertraces-pt100array_pt019_r1_7536307_11-89ffb37037,2026-05-07T18:46:56.035Z,8.329,1,77.19,345,0,0,,,,
powertraces-pt100array_pt019_r1_7536307_11-89ffb37037,2026-05-07T18:46:56.035Z,8.329,2,76.8,345,0,0,,,,
powertraces-pt100array_pt019_r1_7536307_11-89ffb37037,2026-05-07T18:46:56.035Z,8.329,3,77.8,345,0,0,,,,
powertraces-pt100array_pt019_r1_7536307_11-89ffb37037,2026-05-07T18:46:56.135Z,8.429,0,77.77,345,0,0,,,,
powertraces-pt100array_pt019_r1_7536307_11-89ffb37037,2026-05-07T18:46:56.136Z,8.43,1,77.18,345,0,0,,,,
powertraces-pt100array_pt019_r1_7536307_11-89ffb37037,2026-05-07T18:46:56.136Z,8.43,2,76.79,345,0,0,,,,
powertraces-pt100array_pt019_r1_7536307_11-89ffb37037,2026-05-07T18:46:56.136Z,8.43,3,77.8,345,0,0,,,,
powertraces-pt100array_pt019_r1_7536307_11-89ffb37037,2026-05-07T18:46:56.236Z,8.53,0,77.78,345,0,0,,,,
powertraces-pt100array_pt019_r1_7536307_11-89ffb37037,2026-05-07T18:46:56.236Z,8.53,1,77.13,345,0,0,,,,
powertraces-pt100array_pt019_r1_7536307_11-89ffb37037,2026-05-07T18:46:56.236Z,8.53,2,76.79,345,0,0,,,,
powertraces-pt100array_pt019_r1_7536307_11-89ffb37037,2026-05-07T18:46:56.236Z,8.53,3,77.81,345,0,0,,,,
powertraces-pt100array_pt019_r1_7536307_11-89ffb37037,2026-05-07T18:46:56.336Z,8.63,0,77.77,345,0,0,,,,
powertraces-pt100array_pt019_r1_7536307_11-89ffb37037,2026-05-07T18:46:56.336Z,8.63,1,77.16,345,0,0,,,,
powertraces-pt100array_pt019_r1_7536307_11-89ffb37037,2026-05-07T18:46:56.336Z,8.63,2,76.8,345,0,0,,,,
powertraces-pt100array_pt019_r1_7536307_11-89ffb37037,2026-05-07T18:46:56.336Z,8.63,3,77.81,345,0,0,,,,
powertraces-pt100array_pt019_r1_7536307_11-89ffb37037,2026-05-07T18:46:56.436Z,8.73,0,77.78,345,0,0,,,,
powertraces-pt100array_pt019_r1_7536307_11-89ffb37037,2026-05-07T18:46:56.436Z,8.73,1,77.2,345,0,0,,,,
powertraces-pt100array_pt019_r1_7536307_11-89ffb37037,2026-05-07T18:46:56.436Z,8.73,2,76.8,345,0,0,,,,
powertraces-pt100array_pt019_r1_7536307_11-89ffb37037,2026-05-07T18:46:56.436Z,8.73,3,77.81,345,0,0,,,,
powertraces-pt100array_pt019_r1_7536307_11-89ffb37037,2026-05-07T18:46:56.536Z,8.83,0,77.79,345,0,0,,,,
powertraces-pt100array_pt019_r1_7536307_11-89ffb37037,2026-05-07T18:46:56.536Z,8.83,1,77.19,345,0,0,,,,
powertraces-pt100array_pt019_r1_7536307_11-89ffb37037,2026-05-07T18:46:56.536Z,8.83,2,76.8,345,0,0,,,,
powertraces-pt100array_pt019_r1_7536307_11-89ffb37037,2026-05-07T18:46:56.536Z,8.83,3,77.78,345,0,0,,,,
powertraces-pt100array_pt019_r1_7536307_11-89ffb37037,2026-05-07T18:46:56.636Z,8.93,0,77.79,345,0,0,,,,
powertraces-pt100array_pt019_r1_7536307_11-89ffb37037,2026-05-07T18:46:56.636Z,8.93,1,77.17,345,0,0,,,,
powertraces-pt100array_pt019_r1_7536307_11-89ffb37037,2026-05-07T18:46:56.637Z,8.931,2,76.8,345,0,0,,,,
powertraces-pt100array_pt019_r1_7536307_11-89ffb37037,2026-05-07T18:46:56.637Z,8.931,3,77.75,345,0,0,,,,
powertraces-pt100array_pt019_r1_7536307_11-89ffb37037,2026-05-07T18:46:56.737Z,9.031,0,77.79,345,0,0,,,,
powertraces-pt100array_pt019_r1_7536307_11-89ffb37037,2026-05-07T18:46:56.737Z,9.031,1,77.16,345,0,0,,,,
powertraces-pt100array_pt019_r1_7536307_11-89ffb37037,2026-05-07T18:46:56.737Z,9.031,2,76.81,345,0,0,,,,
powertraces-pt100array_pt019_r1_7536307_11-89ffb37037,2026-05-07T18:46:56.737Z,9.031,3,77.75,345,0,0,,,,
powertraces-pt100array_pt019_r1_7536307_11-89ffb37037,2026-05-07T18:46:56.837Z,9.131,0,77.8,345,0,0,,,,
powertraces-pt100array_pt019_r1_7536307_11-89ffb37037,2026-05-07T18:46:56.837Z,9.131,1,77.19,345,0,0,,,,
powertraces-pt100array_pt019_r1_7536307_11-89ffb37037,2026-05-07T18:46:56.837Z,9.131,2,76.8,345,0,0,,,,
powertraces-pt100array_pt019_r1_7536307_11-89ffb37037,2026-05-07T18:46:56.837Z,9.131,3,77.76,345,0,0,,,,
powertraces-pt100array_pt019_r1_7536307_11-89ffb37037,2026-05-07T18:46:56.937Z,9.231,0,77.8,345,0,0,,,,
powertraces-pt100array_pt019_r1_7536307_11-89ffb37037,2026-05-07T18:46:56.937Z,9.231,1,77.23,345,0,0,,,,
powertraces-pt100array_pt019_r1_7536307_11-89ffb37037,2026-05-07T18:46:56.937Z,9.231,2,76.8,345,0,0,,,,
powertraces-pt100array_pt019_r1_7536307_11-89ffb37037,2026-05-07T18:46:56.937Z,9.231,3,77.8,345,0,0,,,,
powertraces-pt100array_pt019_r1_7536307_11-89ffb37037,2026-05-07T18:46:57.037Z,9.331,0,77.79,345,0,0,,,,
powertraces-pt100array_pt019_r1_7536307_11-89ffb37037,2026-05-07T18:46:57.037Z,9.331,1,77.19,345,0,0,,,,
powertraces-pt100array_pt019_r1_7536307_11-89ffb37037,2026-05-07T18:46:57.037Z,9.331,2,76.79,345,0,0,,,,
powertraces-pt100array_pt019_r1_7536307_11-89ffb37037,2026-05-07T18:46:57.037Z,9.331,3,77.8,345,0,0,,,,
powertraces-pt100array_pt019_r1_7536307_11-89ffb37037,2026-05-07T18:46:57.137Z,9.431,0,77.81,345,0,0,,,,
powertraces-pt100array_pt019_r1_7536307_11-89ffb37037,2026-05-07T18:46:57.138Z,9.432,1,77.15,345,0,0,,,,
powertraces-pt100array_pt019_r1_7536307_11-89ffb37037,2026-05-07T18:46:57.138Z,9.432,2,76.79,345,0,0,,,,
powertraces-pt100array_pt019_r1_7536307_11-89ffb37037,2026-05-07T18:46:57.138Z,9.432,3,77.83,345,0,0,,,,
powertraces-pt100array_pt019_r1_7536307_11-89ffb37037,2026-05-07T18:46:57.238Z,9.532,0,77.83,345,0,0,,,,
powertraces-pt100array_pt019_r1_7536307_11-89ffb37037,2026-05-07T18:46:57.238Z,9.532,1,77.21,345,0,0,,,,
powertraces-pt100array_pt019_r1_7536307_11-89ffb37037,2026-05-07T18:46:57.238Z,9.532,2,76.77,345,0,0,,,,
powertraces-pt100array_pt019_r1_7536307_11-89ffb37037,2026-05-07T18:46:57.238Z,9.532,3,77.82,345,0,0,,,,
powertraces-pt100array_pt019_r1_7536307_11-89ffb37037,2026-05-07T18:46:57.338Z,9.632,0,77.84,345,0,0,,,,
powertraces-pt100array_pt019_r1_7536307_11-89ffb37037,2026-05-07T18:46:57.338Z,9.632,1,77.23,345,0,0,,,,
powertraces-pt100array_pt019_r1_7536307_11-89ffb37037,2026-05-07T18:46:57.338Z,9.632,2,76.76,345,0,0,,,,
powertraces-pt100array_pt019_r1_7536307_11-89ffb37037,2026-05-07T18:46:57.338Z,9.632,3,77.83,345,0,0,,,,
powertraces-pt100array_pt019_r1_7536307_11-89ffb37037,2026-05-07T18:46:57.438Z,9.732,0,77.84,345,0,0,,,,
powertraces-pt100array_pt019_r1_7536307_11-89ffb37037,2026-05-07T18:46:57.438Z,9.732,1,77.2,345,0,0,,,,
powertraces-pt100array_pt019_r1_7536307_11-89ffb37037,2026-05-07T18:46:57.438Z,9.732,2,76.77,345,0,0,,,,
powertraces-pt100array_pt019_r1_7536307_11-89ffb37037,2026-05-07T18:46:57.438Z,9.732,3,77.85,345,0,0,,,,
powertraces-pt100array_pt019_r1_7536307_11-89ffb37037,2026-05-07T18:46:57.539Z,9.833,0,77.83,345,0,0,,,,
powertraces-pt100array_pt019_r1_7536307_11-89ffb37037,2026-05-07T18:46:57.539Z,9.833,1,77.16,345,0,0,,,,
powertraces-pt100array_pt019_r1_7536307_11-89ffb37037,2026-05-07T18:46:57.539Z,9.833,2,76.76,345,0,0,,,,
powertraces-pt100array_pt019_r1_7536307_11-89ffb37037,2026-05-07T18:46:57.539Z,9.833,3,77.85,345,0,0,,,,
powertraces-pt100array_pt019_r1_7536307_11-89ffb37037,2026-05-07T18:46:57.639Z,9.933,0,77.81,345,0,0,,,,
powertraces-pt100array_pt019_r1_7536307_11-89ffb37037,2026-05-07T18:46:57.639Z,9.933,1,77.21,345,0,0,,,,
powertraces-pt100array_pt019_r1_7536307_11-89ffb37037,2026-05-07T18:46:57.639Z,9.933,2,76.75,345,0,0,,,,
powertraces-pt100array_pt019_r1_7536307_11-89ffb37037,2026-05-07T18:46:57.639Z,9.933,3,77.85,345,0,0,,,,
powertraces-pt100array_pt019_r1_7536307_11-89ffb37037,2026-05-07T18:46:57.739Z,10.033,0,77.8,345,0,0,,,,
powertraces-pt100array_pt019_r1_7536307_11-89ffb37037,2026-05-07T18:46:57.739Z,10.033,1,77.21,345,0,0,,,,
powertraces-pt100array_pt019_r1_7536307_11-89ffb37037,2026-05-07T18:46:57.739Z,10.033,2,76.74,345,0,0,,,,
powertraces-pt100array_pt019_r1_7536307_11-89ffb37037,2026-05-07T18:46:57.739Z,10.033,3,77.86,345,0,0,,,,
powertraces-pt100array_pt019_r1_7536307_11-89ffb37037,2026-05-07T18:46:57.84Z,10.134,0,77.8,345,0,0,,,,
powertraces-pt100array_pt019_r1_7536307_11-89ffb37037,2026-05-07T18:46:57.84Z,10.134,1,77.18,345,0,0,,,,
powertraces-pt100array_pt019_r1_7536307_11-89ffb37037,2026-05-07T18:46:57.84Z,10.134,2,76.77,345,0,0,,,,
powertraces-pt100array_pt019_r1_7536307_11-89ffb37037,2026-05-07T18:46:57.84Z,10.134,3,77.86,345,0,0,,,,
powertraces-pt100array_pt019_r1_7536307_11-89ffb37037,2026-05-07T18:46:57.94Z,10.234,0,77.82,345,0,0,,,,
powertraces-pt100array_pt019_r1_7536307_11-89ffb37037,2026-05-07T18:46:57.94Z,10.234,1,77.14,345,0,0,,,,
powertraces-pt100array_pt019_r1_7536307_11-89ffb37037,2026-05-07T18:46:57.94Z,10.234,2,76.77,345,0,0,,,,
powertraces-pt100array_pt019_r1_7536307_11-89ffb37037,2026-05-07T18:46:57.94Z,10.234,3,77.88,345,0,0,,,,
powertraces-pt100array_pt019_r1_7536307_11-89ffb37037,2026-05-07T18:46:58.04Z,10.334,0,77.82,345,0,0,,,,
powertraces-pt100array_pt019_r1_7536307_11-89ffb37037,2026-05-07T18:46:58.04Z,10.334,1,77.18,345,0,0,,,,
powertraces-pt100array_pt019_r1_7536307_11-89ffb37037,2026-05-07T18:46:58.04Z,10.334,2,76.78,345,0,0,,,,
powertraces-pt100array_pt019_r1_7536307_11-89ffb37037,2026-05-07T18:46:58.04Z,10.334,3,77.89,345,0,0,,,,
powertraces-pt100array_pt019_r1_7536307_11-89ffb37037,2026-05-07T18:46:58.14Z,10.434,0,77.79,345,0,0,,,,
powertraces-pt100array_pt019_r1_7536307_11-89ffb37037,2026-05-07T18:46:58.14Z,10.434,1,77.21,345,0,0,,,,
powertraces-pt100array_pt019_r1_7536307_11-89ffb37037,2026-05-07T18:46:58.14Z,10.434,2,76.79,345,0,0,,,,
powertraces-pt100array_pt019_r1_7536307_11-89ffb37037,2026-05-07T18:46:58.14Z,10.434,3,77.88,345,0,0,,,,
powertraces-pt100array_pt019_r1_7536307_11-89ffb37037,2026-05-07T18:46:58.241Z,10.535,0,77.8,345,0,0,,,,
powertraces-pt100array_pt019_r1_7536307_11-89ffb37037,2026-05-07T18:46:58.241Z,10.535,1,77.19,345,0,0,,,,
powertraces-pt100array_pt019_r1_7536307_11-89ffb37037,2026-05-07T18:46:58.241Z,10.535,2,76.79,345,0,0,,,,
powertraces-pt100array_pt019_r1_7536307_11-89ffb37037,2026-05-07T18:46:58.241Z,10.535,3,77.91,345,0,0,,,,
powertraces-pt100array_pt019_r1_7536307_11-89ffb37037,2026-05-07T18:46:58.341Z,10.635,0,77.78,345,0,0,,,,
powertraces-pt100array_pt019_r1_7536307_11-89ffb37037,2026-05-07T18:46:58.341Z,10.635,1,77.18,345,0,0,,,,
powertraces-pt100array_pt019_r1_7536307_11-89ffb37037,2026-05-07T18:46:58.341Z,10.635,2,76.76,345,0,0,,,,
powertraces-pt100array_pt019_r1_7536307_11-89ffb37037,2026-05-07T18:46:58.341Z,10.635,3,77.91,345,0,0,,,,
powertraces-pt100array_pt019_r1_7536307_11-89ffb37037,2026-05-07T18:46:58.441Z,10.735,0,77.76,345,0,0,,,,
powertraces-pt100array_pt019_r1_7536307_11-89ffb37037,2026-05-07T18:46:58.441Z,10.735,1,77.18,345,0,0,,,,
powertraces-pt100array_pt019_r1_7536307_11-89ffb37037,2026-05-07T18:46:58.441Z,10.735,2,76.77,345,0,0,,,,
powertraces-pt100array_pt019_r1_7536307_11-89ffb37037,2026-05-07T18:46:58.441Z,10.735,3,77.92,345,0,0,,,,
powertraces-pt100array_pt019_r1_7536307_11-89ffb37037,2026-05-07T18:46:58.541Z,10.835,0,77.77,345,0,0,,,,
powertraces-pt100array_pt019_r1_7536307_11-89ffb37037,2026-05-07T18:46:58.541Z,10.835,1,77.21,345,0,0,,,,
powertraces-pt100array_pt019_r1_7536307_11-89ffb37037,2026-05-07T18:46:58.541Z,10.835,2,76.77,345,0,0,,,,
powertraces-pt100array_pt019_r1_7536307_11-89ffb37037,2026-05-07T18:46:58.541Z,10.835,3,77.93,345,0,0,,,,
powertraces-pt100array_pt019_r1_7536307_11-89ffb37037,2026-05-07T18:46:58.642Z,10.936,0,77.77,345,0,0,,,,
powertraces-pt100array_pt019_r1_7536307_11-89ffb37037,2026-05-07T18:46:58.642Z,10.936,1,77.19,345,0,0,,,,
powertraces-pt100array_pt019_r1_7536307_11-89ffb37037,2026-05-07T18:46:58.642Z,10.936,2,76.77,345,0,0,,,,
powertraces-pt100array_pt019_r1_7536307_11-89ffb37037,2026-05-07T18:46:58.642Z,10.936,3,77.95,345,0,0,,,,
powertraces-pt100array_pt019_r1_7536307_11-89ffb37037,2026-05-07T18:46:58.742Z,11.036,0,77.79,345,0,0,,,,
powertraces-pt100array_pt019_r1_7536307_11-89ffb37037,2026-05-07T18:46:58.742Z,11.036,1,77.15,345,0,0,,,,
powertraces-pt100array_pt019_r1_7536307_11-89ffb37037,2026-05-07T18:46:58.742Z,11.036,2,76.77,345,0,0,,,,
powertraces-pt100array_pt019_r1_7536307_11-89ffb37037,2026-05-07T18:46:58.742Z,11.036,3,77.96,345,0,0,,,,
powertraces-pt100array_pt019_r1_7536307_11-89ffb37037,2026-05-07T18:46:58.842Z,11.136,0,77.77,345,0,0,,,,
powertraces-pt100array_pt019_r1_7536307_11-89ffb37037,2026-05-07T18:46:58.842Z,11.136,1,77.14,345,0,0,,,,
powertraces-pt100array_pt019_r1_7536307_11-89ffb37037,2026-05-07T18:46:58.842Z,11.136,2,76.77,345,0,0,,,,
powertraces-pt100array_pt019_r1_7536307_11-89ffb37037,2026-05-07T18:46:58.842Z,11.136,3,77.96,345,0,0,,,,
powertraces-pt100array_pt019_r1_7536307_11-89ffb37037,2026-05-07T18:46:58.942Z,11.236,0,77.77,345,0,0,,,,
powertraces-pt100array_pt019_r1_7536307_11-89ffb37037,2026-05-07T18:46:58.942Z,11.236,1,77.17,345,0,0,,,,
powertraces-pt100array_pt019_r1_7536307_11-89ffb37037,2026-05-07T18:46:58.942Z,11.236,2,76.76,345,0,0,,,,
powertraces-pt100array_pt019_r1_7536307_11-89ffb37037,2026-05-07T18:46:58.942Z,11.236,3,77.94,345,0,0,,,,
powertraces-pt100array_pt019_r1_7536307_11-89ffb37037,2026-05-07T18:46:59.043Z,11.337,0,77.78,345,0,0,,,,
powertraces-pt100array_pt019_r1_7536307_11-89ffb37037,2026-05-07T18:46:59.043Z,11.337,1,77.17,345,0,0,,,,
powertraces-pt100array_pt019_r1_7536307_11-89ffb37037,2026-05-07T18:46:59.043Z,11.337,2,76.8,345,0,0,,,,
powertraces-pt100array_pt019_r1_7536307_11-89ffb37037,2026-05-07T18:46:59.043Z,11.337,3,77.94,345,0,0,,,,
powertraces-pt100array_pt019_r1_7536307_11-89ffb37037,2026-05-07T18:46:59.143Z,11.437,0,77.78,345,0,0,,,,
powertraces-pt100array_pt019_r1_7536307_11-89ffb37037,2026-05-07T18:46:59.143Z,11.437,1,77.14,345,0,0,,,,
powertraces-pt100array_pt019_r1_7536307_11-89ffb37037,2026-05-07T18:46:59.143Z,11.437,2,76.78,345,0,0,,,,
powertraces-pt100array_pt019_r1_7536307_11-89ffb37037,2026-05-07T18:46:59.143Z,11.437,3,77.94,345,0,0,,,,
powertraces-pt100array_pt019_r1_7536307_11-89ffb37037,2026-05-07T18:46:59.243Z,11.537,0,77.77,345,0,0,,,,
powertraces-pt100array_pt019_r1_7536307_11-89ffb37037,2026-05-07T18:46:59.243Z,11.537,1,77.09,345,0,0,,,,
powertraces-pt100array_pt019_r1_7536307_11-89ffb37037,2026-05-07T18:46:59.243Z,11.537,2,76.77,345,0,0,,,,
powertraces-pt100array_pt019_r1_7536307_11-89ffb37037,2026-05-07T18:46:59.243Z,11.537,3,77.92,345,0,0,,,,
powertraces-pt100array_pt019_r1_7536307_11-89ffb37037,2026-05-07T18:46:59.343Z,11.637,0,77.8,345,0,0,,,,
powertraces-pt100array_pt019_r1_7536307_11-89ffb37037,2026-05-07T18:46:59.343Z,11.637,1,77.12,345,0,0,,,,
powertraces-pt100array_pt019_r1_7536307_11-89ffb37037,2026-05-07T18:46:59.343Z,11.637,2,76.78,345,0,0,,,,
powertraces-pt100array_pt019_r1_7536307_11-89ffb37037,2026-05-07T18:46:59.343Z,11.637,3,77.92,345,0,0,,,,
powertraces-pt100array_pt019_r1_7536307_11-89ffb37037,2026-05-07T18:46:59.443Z,11.737,0,77.79,345,0,0,,,,
powertraces-pt100array_pt019_r1_7536307_11-89ffb37037,2026-05-07T18:46:59.443Z,11.737,1,77.13,345,0,0,,,,
powertraces-pt100array_pt019_r1_7536307_11-89ffb37037,2026-05-07T18:46:59.443Z,11.737,2,76.78,345,0,0,,,,
powertraces-pt100array_pt019_r1_7536307_11-89ffb37037,2026-05-07T18:46:59.443Z,11.737,3,77.93,345,0,0,,,,
powertraces-pt100array_pt019_r1_7536307_11-89ffb37037,2026-05-07T18:46:59.544Z,11.838,0,77.81,345,0,0,,,,
powertraces-pt100array_pt019_r1_7536307_11-89ffb37037,2026-05-07T18:46:59.544Z,11.838,1,77.13,345,0,0,,,,
powertraces-pt100array_pt019_r1_7536307_11-89ffb37037,2026-05-07T18:46:59.544Z,11.838,2,76.76,345,0,0,,,,
powertraces-pt100array_pt019_r1_7536307_11-89ffb37037,2026-05-07T18:46:59.544Z,11.838,3,77.94,345,0,0,,,,
powertraces-pt100array_pt019_r1_7536307_11-89ffb37037,2026-05-07T18:46:59.644Z,11.938,0,77.82,345,0,0,,,,
powertraces-pt100array_pt019_r1_7536307_11-89ffb37037,2026-05-07T18:46:59.644Z,11.938,1,77.09,345,0,0,,,,
powertraces-pt100array_pt019_r1_7536307_11-89ffb37037,2026-05-07T18:46:59.644Z,11.938,2,76.73,345,0,0,,,,
powertraces-pt100array_pt019_r1_7536307_11-89ffb37037,2026-05-07T18:46:59.644Z,11.938,3,77.95,345,0,0,,,,
powertraces-pt100array_pt019_r1_7536307_11-89ffb37037,2026-05-07T18:46:59.744Z,12.038,0,77.79,345,0,0,,,,
powertraces-pt100array_pt019_r1_7536307_11-89ffb37037,2026-05-07T18:46:59.744Z,12.038,1,77.11,345,0,0,,,,
powertraces-pt100array_pt019_r1_7536307_11-89ffb37037,2026-05-07T18:46:59.744Z,12.038,2,76.73,345,0,0,,,,
powertraces-pt100array_pt019_r1_7536307_11-89ffb37037,2026-05-07T18:46:59.744Z,12.038,3,77.95,345,0,0,,,,
powertraces-pt100array_pt019_r1_7536307_11-89ffb37037,2026-05-07T18:46:59.844Z,12.138,0,77.8,345,0,0,,,,
powertraces-pt100array_pt019_r1_7536307_11-89ffb37037,2026-05-07T18:46:59.844Z,12.138,1,77.16,345,0,0,,,,
powertraces-pt100array_pt019_r1_7536307_11-89ffb37037,2026-05-07T18:46:59.844Z,12.138,2,76.71,345,0,0,,,,
powertraces-pt100array_pt019_r1_7536307_11-89ffb37037,2026-05-07T18:46:59.844Z,12.138,3,77.96,345,0,0,,,,
powertraces-pt100array_pt019_r1_7536307_11-89ffb37037,2026-05-07T18:46:59.944Z,12.238,0,77.8,345,0,0,,,,
powertraces-pt100array_pt019_r1_7536307_11-89ffb37037,2026-05-07T18:46:59.944Z,12.238,1,77.17,345,0,0,,,,
powertraces-pt100array_pt019_r1_7536307_11-89ffb37037,2026-05-07T18:46:59.944Z,12.238,2,76.71,345,0,0,,,,
powertraces-pt100array_pt019_r1_7536307_11-89ffb37037,2026-05-07T18:46:59.945Z,12.239,3,77.97,345,0,0,,,,
powertraces-pt100array_pt019_r1_7536307_11-89ffb37037,2026-05-07T18:47:00.045Z,12.339,0,77.79,345,0,0,,,,
powertraces-pt100array_pt019_r1_7536307_11-89ffb37037,2026-05-07T18:47:00.045Z,12.339,1,77.14,345,0,0,,,,
powertraces-pt100array_pt019_r1_7536307_11-89ffb37037,2026-05-07T18:47:00.045Z,12.339,2,76.72,345,0,0,,,,
powertraces-pt100array_pt019_r1_7536307_11-89ffb37037,2026-05-07T18:47:00.045Z,12.339,3,77.98,345,0,0,,,,
powertraces-pt100array_pt019_r1_7536307_11-89ffb37037,2026-05-07T18:47:00.145Z,12.439,0,77.76,345,0,0,,,,
powertraces-pt100array_pt019_r1_7536307_11-89ffb37037,2026-05-07T18:47:00.145Z,12.439,1,77.16,345,0,0,,,,
powertraces-pt100array_pt019_r1_7536307_11-89ffb37037,2026-05-07T18:47:00.145Z,12.439,2,76.74,345,0,0,,,,
powertraces-pt100array_pt019_r1_7536307_11-89ffb37037,2026-05-07T18:47:00.145Z,12.439,3,77.99,345,0,0,,,,
powertraces-pt100array_pt019_r1_7536307_11-89ffb37037,2026-05-07T18:47:00.245Z,12.539,0,77.77,345,0,0,,,,
powertraces-pt100array_pt019_r1_7536307_11-89ffb37037,2026-05-07T18:47:00.245Z,12.539,1,77.18,345,0,0,,,,
powertraces-pt100array_pt019_r1_7536307_11-89ffb37037,2026-05-07T18:47:00.245Z,12.539,2,76.75,345,0,0,,,,
powertraces-pt100array_pt019_r1_7536307_11-89ffb37037,2026-05-07T18:47:00.245Z,12.539,3,77.99,345,0,0,,,,
powertraces-pt100array_pt019_r1_7536307_11-89ffb37037,2026-05-07T18:47:00.346Z,12.64,0,77.75,345,0,0,,,,
powertraces-pt100array_pt019_r1_7536307_11-89ffb37037,2026-05-07T18:47:00.346Z,12.64,1,77.2,345,0,0,,,,
powertraces-pt100array_pt019_r1_7536307_11-89ffb37037,2026-05-07T18:47:00.346Z,12.64,2,76.77,345,0,0,,,,
powertraces-pt100array_pt019_r1_7536307_11-89ffb37037,2026-05-07T18:47:00.346Z,12.64,3,77.98,345,0,0,,,,
powertraces-pt100array_pt019_r1_7536307_11-89ffb37037,2026-05-07T18:47:00.446Z,12.74,0,77.76,345,0,0,,,,
powertraces-pt100array_pt019_r1_7536307_11-89ffb37037,2026-05-07T18:47:00.446Z,12.74,1,77.17,345,0,0,,,,
powertraces-pt100array_pt019_r1_7536307_11-89ffb37037,2026-05-07T18:47:00.446Z,12.74,2,76.77,345,0,0,,,,
powertraces-pt100array_pt019_r1_7536307_11-89ffb37037,2026-05-07T18:47:00.446Z,12.74,3,77.95,345,0,0,,,,
powertraces-pt100array_pt019_r1_7536307_11-89ffb37037,2026-05-07T18:47:00.546Z,12.84,0,77.75,345,0,0,,,,
powertraces-pt100array_pt019_r1_7536307_11-89ffb37037,2026-05-07T18:47:00.546Z,12.84,1,77.15,345,0,0,,,,
powertraces-pt100array_pt019_r1_7536307_11-89ffb37037,2026-05-07T18:47:00.546Z,12.84,2,76.77,345,0,0,,,,
powertraces-pt100array_pt019_r1_7536307_11-89ffb37037,2026-05-07T18:47:00.546Z,12.84,3,77.95,345,0,0,,,,
powertraces-pt100array_pt019_r1_7536307_11-89ffb37037,2026-05-07T18:47:00.646Z,12.94,0,77.75,345,0,0,,,,
powertraces-pt100array_pt019_r1_7536307_11-89ffb37037,2026-05-07T18:47:00.647Z,12.941,1,77.2,345,0,0,,,,
powertraces-pt100array_pt019_r1_7536307_11-89ffb37037,2026-05-07T18:47:00.647Z,12.941,2,76.79,345,0,0,,,,
powertraces-pt100array_pt019_r1_7536307_11-89ffb37037,2026-05-07T18:47:00.647Z,12.941,3,77.92,345,0,0,,,,
powertraces-pt100array_pt019_r1_7536307_11-89ffb37037,2026-05-07T18:47:00.747Z,13.041,0,77.77,345,0,0,,,,
powertraces-pt100array_pt019_r1_7536307_11-89ffb37037,2026-05-07T18:47:00.747Z,13.041,1,77.22,345,0,0,,,,
powertraces-pt100array_pt019_r1_7536307_11-89ffb37037,2026-05-07T18:47:00.747Z,13.041,2,76.8,345,0,0,,,,
powertraces-pt100array_pt019_r1_7536307_11-89ffb37037,2026-05-07T18:47:00.747Z,13.041,3,77.93,345,0,0,,,,
powertraces-pt100array_pt019_r1_7536307_11-89ffb37037,2026-05-07T18:47:00.847Z,13.141,0,77.77,345,0,0,,,,
powertraces-pt100array_pt019_r1_7536307_11-89ffb37037,2026-05-07T18:47:00.847Z,13.141,1,77.18,345,0,0,,,,
powertraces-pt100array_pt019_r1_7536307_11-89ffb37037,2026-05-07T18:47:00.847Z,13.141,2,76.81,345,0,0,,,,
powertraces-pt100array_pt019_r1_7536307_11-89ffb37037,2026-05-07T18:47:00.847Z,13.141,3,77.93,345,0,0,,,,
powertraces-pt100array_pt019_r1_7536307_11-89ffb37037,2026-05-07T18:47:00.947Z,13.241,0,77.77,345,0,0,,,,
powertraces-pt100array_pt019_r1_7536307_11-89ffb37037,2026-05-07T18:47:00.947Z,13.241,1,77.16,345,0,0,,,,
powertraces-pt100array_pt019_r1_7536307_11-89ffb37037,2026-05-07T18:47:00.947Z,13.241,2,76.82,345,0,0,,,,
powertraces-pt100array_pt019_r1_7536307_11-89ffb37037,2026-05-07T18:47:00.947Z,13.241,3,77.91,345,0,0,,,,
powertraces-pt100array_pt019_r1_7536307_11-89ffb37037,2026-05-07T18:47:01.047Z,13.341,0,77.79,345,0,0,,,,
powertraces-pt100array_pt019_r1_7536307_11-89ffb37037,2026-05-07T18:47:01.047Z,13.341,1,77.2,345,0,0,,,,
powertraces-pt100array_pt019_r1_7536307_11-89ffb37037,2026-05-07T18:47:01.047Z,13.341,2,76.8,345,0,0,,,,
powertraces-pt100array_pt019_r1_7536307_11-89ffb37037,2026-05-07T18:47:01.047Z,13.341,3,77.89,345,0,0,,,,
powertraces-pt100array_pt019_r1_7536307_11-89ffb37037,2026-05-07T18:47:01.147Z,13.441,0,77.79,345,0,0,,,,
powertraces-pt100array_pt019_r1_7536307_11-89ffb37037,2026-05-07T18:47:01.147Z,13.441,1,77.22,345,0,0,,,,
powertraces-pt100array_pt019_r1_7536307_11-89ffb37037,2026-05-07T18:47:01.147Z,13.441,2,76.82,345,0,0,,,,
powertraces-pt100array_pt019_r1_7536307_11-89ffb37037,2026-05-07T18:47:01.147Z,13.441,3,77.91,345,0,0,,,,
powertraces-pt100array_pt019_r1_7536307_11-89ffb37037,2026-05-07T18:47:01.248Z,13.542,0,77.79,345,0,0,,,,
powertraces-pt100array_pt019_r1_7536307_11-89ffb37037,2026-05-07T18:47:01.248Z,13.542,1,77.2,345,0,0,,,,
powertraces-pt100array_pt019_r1_7536307_11-89ffb37037,2026-05-07T18:47:01.248Z,13.542,2,76.83,345,0,0,,,,
powertraces-pt100array_pt019_r1_7536307_11-89ffb37037,2026-05-07T18:47:01.248Z,13.542,3,77.9,345,0,0,,,,
powertraces-pt100array_pt019_r1_7536307_11-89ffb37037,2026-05-07T18:47:01.348Z,13.642,0,77.79,345,0,0,,,,
powertraces-pt100array_pt019_r1_7536307_11-89ffb37037,2026-05-07T18:47:01.348Z,13.642,1,77.17,345,0,0,,,,
powertraces-pt100array_pt019_r1_7536307_11-89ffb37037,2026-05-07T18:47:01.348Z,13.642,2,76.82,345,0,0,,,,
powertraces-pt100array_pt019_r1_7536307_11-89ffb37037,2026-05-07T18:47:01.348Z,13.642,3,77.93,345,0,0,,,,
powertraces-pt100array_pt019_r1_7536307_11-89ffb37037,2026-05-07T18:47:01.448Z,13.742,0,77.79,345,0,0,,,,
powertraces-pt100array_pt019_r1_7536307_11-89ffb37037,2026-05-07T18:47:01.448Z,13.742,1,77.17,345,0,0,,,,
powertraces-pt100array_pt019_r1_7536307_11-89ffb37037,2026-05-07T18:47:01.448Z,13.742,2,76.85,345,0,0,,,,
powertraces-pt100array_pt019_r1_7536307_11-89ffb37037,2026-05-07T18:47:01.448Z,13.742,3,77.93,345,0,0,,,,
powertraces-pt100array_pt019_r1_7536307_11-89ffb37037,2026-05-07T18:47:01.548Z,13.842,0,77.8,345,0,0,,,,
powertraces-pt100array_pt019_r1_7536307_11-89ffb37037,2026-05-07T18:47:01.548Z,13.842,1,77.19,345,0,0,,,,
powertraces-pt100array_pt019_r1_7536307_11-89ffb37037,2026-05-07T18:47:01.548Z,13.842,2,76.85,345,0,0,,,,
powertraces-pt100array_pt019_r1_7536307_11-89ffb37037,2026-05-07T18:47:01.548Z,13.842,3,77.91,345,0,0,,,,
powertraces-pt100array_pt019_r1_7536307_11-89ffb37037,2026-05-07T18:47:01.648Z,13.942,0,77.78,345,0,0,,,,
powertraces-pt100array_pt019_r1_7536307_11-89ffb37037,2026-05-07T18:47:01.648Z,13.942,1,77.18,345,0,0,,,,
powertraces-pt100array_pt019_r1_7536307_11-89ffb37037,2026-05-07T18:47:01.648Z,13.942,2,76.83,345,0,0,,,,
powertraces-pt100array_pt019_r1_7536307_11-89ffb37037,2026-05-07T18:47:01.648Z,13.942,3,77.9,345,0,0,,,,
powertraces-pt100array_pt019_r1_7536307_11-89ffb37037,2026-05-07T18:47:01.749Z,14.043,0,77.78,345,0,0,,,,
powertraces-pt100array_pt019_r1_7536307_11-89ffb37037,2026-05-07T18:47:01.749Z,14.043,1,77.13,345,0,0,,,,
powertraces-pt100array_pt019_r1_7536307_11-89ffb37037,2026-05-07T18:47:01.749Z,14.043,2,76.82,345,0,0,,,,
powertraces-pt100array_pt019_r1_7536307_11-89ffb37037,2026-05-07T18:47:01.749Z,14.043,3,77.92,345,0,0,,,,
powertraces-pt100array_pt019_r1_7536307_11-89ffb37037,2026-05-07T18:47:01.849Z,14.143,0,77.79,345,0,0,,,,
powertraces-pt100array_pt019_r1_7536307_11-89ffb37037,2026-05-07T18:47:01.849Z,14.143,1,77.14,345,0,0,,,,
powertraces-pt100array_pt019_r1_7536307_11-89ffb37037,2026-05-07T18:47:01.849Z,14.143,2,76.83,345,0,0,,,,
powertraces-pt100array_pt019_r1_7536307_11-89ffb37037,2026-05-07T18:47:01.849Z,14.143,3,77.93,345,0,0,,,,
powertraces-pt100array_pt019_r1_7536307_11-89ffb37037,2026-05-07T18:47:01.949Z,14.243,0,77.79,345,0,0,,,,
powertraces-pt100array_pt019_r1_7536307_11-89ffb37037,2026-05-07T18:47:01.949Z,14.243,1,77.16,345,0,0,,,,
powertraces-pt100array_pt019_r1_7536307_11-89ffb37037,2026-05-07T18:47:01.949Z,14.243,2,76.8,345,0,0,,,,
powertraces-pt100array_pt019_r1_7536307_11-89ffb37037,2026-05-07T18:47:01.949Z,14.243,3,77.93,345,0,0,,,,
powertraces-pt100array_pt019_r1_7536307_11-89ffb37037,2026-05-07T18:47:02.049Z,14.343,0,77.78,345,0,0,,,,
powertraces-pt100array_pt019_r1_7536307_11-89ffb37037,2026-05-07T18:47:02.049Z,14.343,1,77.15,345,0,0,,,,
powertraces-pt100array_pt019_r1_7536307_11-89ffb37037,2026-05-07T18:47:02.049Z,14.343,2,76.81,345,0,0,,,,
powertraces-pt100array_pt019_r1_7536307_11-89ffb37037,2026-05-07T18:47:02.049Z,14.343,3,77.96,345,0,0,,,,
powertraces-pt100array_pt019_r1_7536307_11-89ffb37037,2026-05-07T18:47:02.149Z,14.443,0,77.78,345,0,0,,,,
powertraces-pt100array_pt019_r1_7536307_11-89ffb37037,2026-05-07T18:47:02.15Z,14.444,1,77.09,345,0,0,,,,
powertraces-pt100array_pt019_r1_7536307_11-89ffb37037,2026-05-07T18:47:02.15Z,14.444,2,76.83,345,0,0,,,,
powertraces-pt100array_pt019_r1_7536307_11-89ffb37037,2026-05-07T18:47:02.15Z,14.444,3,77.93,345,0,0,,,,
powertraces-pt100array_pt019_r1_7536307_11-89ffb37037,2026-05-07T18:47:02.25Z,14.544,0,77.78,345,0,0,,,,
powertraces-pt100array_pt019_r1_7536307_11-89ffb37037,2026-05-07T18:47:02.25Z,14.544,1,77.11,345,0,0,,,,
powertraces-pt100array_pt019_r1_7536307_11-89ffb37037,2026-05-07T18:47:02.25Z,14.544,2,76.82,345,0,0,,,,
powertraces-pt100array_pt019_r1_7536307_11-89ffb37037,2026-05-07T18:47:02.25Z,14.544,3,77.93,345,0,0,,,,
powertraces-pt100array_pt019_r1_7536307_11-89ffb37037,2026-05-07T18:47:02.35Z,14.644,0,77.78,345,0,0,,,,
powertraces-pt100array_pt019_r1_7536307_11-89ffb37037,2026-05-07T18:47:02.35Z,14.644,1,77.13,345,0,0,,,,
powertraces-pt100array_pt019_r1_7536307_11-89ffb37037,2026-05-07T18:47:02.35Z,14.644,2,76.83,345,0,0,,,,
powertraces-pt100array_pt019_r1_7536307_11-89ffb37037,2026-05-07T18:47:02.35Z,14.644,3,77.93,345,0,0,,,,
powertraces-pt100array_pt019_r1_7536307_11-89ffb37037,2026-05-07T18:47:02.45Z,14.744,0,77.78,345,0,0,,,,
powertraces-pt100array_pt019_r1_7536307_11-89ffb37037,2026-05-07T18:47:02.45Z,14.744,1,77.15,345,0,0,,,,
powertraces-pt100array_pt019_r1_7536307_11-89ffb37037,2026-05-07T18:47:02.45Z,14.744,2,76.82,345,0,0,,,,
powertraces-pt100array_pt019_r1_7536307_11-89ffb37037,2026-05-07T18:47:02.45Z,14.744,3,77.93,345,0,0,,,,
powertraces-pt100array_pt019_r1_7536307_11-89ffb37037,2026-05-07T18:47:02.55Z,14.844,0,77.79,345,0,0,,,,
powertraces-pt100array_pt019_r1_7536307_11-89ffb37037,2026-05-07T18:47:02.55Z,14.844,1,77.13,345,0,0,,,,
powertraces-pt100array_pt019_r1_7536307_11-89ffb37037,2026-05-07T18:47:02.551Z,14.845,2,76.81,345,0,0,,,,
powertraces-pt100array_pt019_r1_7536307_11-89ffb37037,2026-05-07T18:47:02.551Z,14.845,3,77.94,345,0,0,,,,
powertraces-pt100array_pt019_r1_7536307_11-89ffb37037,2026-05-07T18:47:02.651Z,14.945,0,77.79,345,0,0,,,,
powertraces-pt100array_pt019_r1_7536307_11-89ffb37037,2026-05-07T18:47:02.651Z,14.945,1,77.09,345,0,0,,,,
powertraces-pt100array_pt019_r1_7536307_11-89ffb37037,2026-05-07T18:47:02.651Z,14.945,2,76.82,345,0,0,,,,
powertraces-pt100array_pt019_r1_7536307_11-89ffb37037,2026-05-07T18:47:02.651Z,14.945,3,77.93,345,0,0,,,,
powertraces-pt100array_pt019_r1_7536307_11-89ffb37037,2026-05-07T18:47:02.751Z,15.045,0,77.78,345,0,0,,,,
powertraces-pt100array_pt019_r1_7536307_11-89ffb37037,2026-05-07T18:47:02.751Z,15.045,1,77.16,345,0,0,,,,
powertraces-pt100array_pt019_r1_7536307_11-89ffb37037,2026-05-07T18:47:02.751Z,15.045,2,76.79,345,0,0,,,,
powertraces-pt100array_pt019_r1_7536307_11-89ffb37037,2026-05-07T18:47:02.751Z,15.045,3,77.9,345,0,0,,,,
powertraces-pt100array_pt019_r1_7536307_11-89ffb37037,2026-05-07T18:47:02.851Z,15.145,0,77.78,345,0,0,,,,
powertraces-pt100array_pt019_r1_7536307_11-89ffb37037,2026-05-07T18:47:02.851Z,15.145,1,77.18,345,0,0,,,,
powertraces-pt100array_pt019_r1_7536307_11-89ffb37037,2026-05-07T18:47:02.851Z,15.145,2,76.8,345,0,0,,,,
powertraces-pt100array_pt019_r1_7536307_11-89ffb37037,2026-05-07T18:47:02.851Z,15.145,3,77.88,345,0,0,,,,
powertraces-pt100array_pt019_r1_7536307_11-89ffb37037,2026-05-07T18:47:02.951Z,15.245,0,77.78,345,0,0,,,,
powertraces-pt100array_pt019_r1_7536307_11-89ffb37037,2026-05-07T18:47:02.951Z,15.245,1,77.19,345,0,0,,,,
powertraces-pt100array_pt019_r1_7536307_11-89ffb37037,2026-05-07T18:47:02.951Z,15.245,2,76.81,345,0,0,,,,
powertraces-pt100array_pt019_r1_7536307_11-89ffb37037,2026-05-07T18:47:02.951Z,15.245,3,77.88,345,0,0,,,,
powertraces-pt100array_pt019_r1_7536307_11-89ffb37037,2026-05-07T18:47:03.052Z,15.346,0,77.78,345,0,0,,,,
powertraces-pt100array_pt019_r1_7536307_11-89ffb37037,2026-05-07T18:47:03.052Z,15.346,1,77.14,345,0,0,,,,
powertraces-pt100array_pt019_r1_7536307_11-89ffb37037,2026-05-07T18:47:03.052Z,15.346,2,76.8,345,0,0,,,,
powertraces-pt100array_pt019_r1_7536307_11-89ffb37037,2026-05-07T18:47:03.052Z,15.346,3,77.86,345,0,0,,,,
powertraces-pt100array_pt019_r1_7536307_11-89ffb37037,2026-05-07T18:47:03.152Z,15.446,0,77.78,345,0,0,,,,
powertraces-pt100array_pt019_r1_7536307_11-89ffb37037,2026-05-07T18:47:03.152Z,15.446,1,77.18,345,0,0,,,,
powertraces-pt100array_pt019_r1_7536307_11-89ffb37037,2026-05-07T18:47:03.152Z,15.446,2,76.78,345,0,0,,,,
powertraces-pt100array_pt019_r1_7536307_11-89ffb37037,2026-05-07T18:47:03.152Z,15.446,3,77.86,345,0,0,,,,
powertraces-pt100array_pt019_r1_7536307_11-89ffb37037,2026-05-07T18:47:03.252Z,15.546,0,77.76,345,0,0,,,,
powertraces-pt100array_pt019_r1_7536307_11-89ffb37037,2026-05-07T18:47:03.252Z,15.546,1,77.2,345,0,0,,,,
powertraces-pt100array_pt019_r1_7536307_11-89ffb37037,2026-05-07T18:47:03.252Z,15.546,2,76.79,345,0,0,,,,
powertraces-pt100array_pt019_r1_7536307_11-89ffb37037,2026-05-07T18:47:03.252Z,15.546,3,77.88,345,0,0,,,,
powertraces-pt100array_pt019_r1_7536307_11-89ffb37037,2026-05-07T18:47:03.352Z,15.646,0,77.78,345,0,0,,,,
powertraces-pt100array_pt019_r1_7536307_11-89ffb37037,2026-05-07T18:47:03.352Z,15.646,1,77.18,345,0,0,,,,
powertraces-pt100array_pt019_r1_7536307_11-89ffb37037,2026-05-07T18:47:03.352Z,15.646,2,76.78,345,0,0,,,,
powertraces-pt100array_pt019_r1_7536307_11-89ffb37037,2026-05-07T18:47:03.352Z,15.646,3,77.88,345,0,0,,,,
powertraces-pt100array_pt019_r1_7536307_11-89ffb37037,2026-05-07T18:47:03.452Z,15.746,0,77.78,345,0,0,,,,
powertraces-pt100array_pt019_r1_7536307_11-89ffb37037,2026-05-07T18:47:03.452Z,15.746,1,77.13,345,0,0,,,,
powertraces-pt100array_pt019_r1_7536307_11-89ffb37037,2026-05-07T18:47:03.453Z,15.747,2,76.77,345,0,0,,,,
powertraces-pt100array_pt019_r1_7536307_11-89ffb37037,2026-05-07T18:47:03.453Z,15.747,3,77.89,345,0,0,,,,
powertraces-pt100array_pt019_r1_7536307_11-89ffb37037,2026-05-07T18:47:03.553Z,15.847,0,77.77,345,0,0,,,,
powertraces-pt100array_pt019_r1_7536307_11-89ffb37037,2026-05-07T18:47:03.553Z,15.847,1,77.16,345,0,0,,,,
powertraces-pt100array_pt019_r1_7536307_11-89ffb37037,2026-05-07T18:47:03.553Z,15.847,2,76.77,345,0,0,,,,
powertraces-pt100array_pt019_r1_7536307_11-89ffb37037,2026-05-07T18:47:03.553Z,15.847,3,77.9,345,0,0,,,,
powertraces-pt100array_pt019_r1_7536307_11-89ffb37037,2026-05-07T18:47:03.653Z,15.947,0,77.78,345,0,0,,,,
powertraces-pt100array_pt019_r1_7536307_11-89ffb37037,2026-05-07T18:47:03.653Z,15.947,1,77.18,345,0,0,,,,
powertraces-pt100array_pt019_r1_7536307_11-89ffb37037,2026-05-07T18:47:03.653Z,15.947,2,76.79,345,0,0,,,,
powertraces-pt100array_pt019_r1_7536307_11-89ffb37037,2026-05-07T18:47:03.653Z,15.947,3,77.91,345,0,0,,,,
powertraces-pt100array_pt019_r1_7536307_11-89ffb37037,2026-05-07T18:47:03.753Z,16.047,0,77.79,345,0,0,,,,
powertraces-pt100array_pt019_r1_7536307_11-89ffb37037,2026-05-07T18:47:03.753Z,16.047,1,77.17,345,0,0,,,,
powertraces-pt100array_pt019_r1_7536307_11-89ffb37037,2026-05-07T18:47:03.753Z,16.047,2,76.79,345,0,0,,,,
powertraces-pt100array_pt019_r1_7536307_11-89ffb37037,2026-05-07T18:47:03.753Z,16.047,3,77.89,345,0,0,,,,
powertraces-pt100array_pt019_r1_7536307_11-89ffb37037,2026-05-07T18:47:03.854Z,16.148,0,77.77,345,0,0,,,,
powertraces-pt100array_pt019_r1_7536307_11-89ffb37037,2026-05-07T18:47:03.854Z,16.148,1,77.13,345,0,0,,,,
powertraces-pt100array_pt019_r1_7536307_11-89ffb37037,2026-05-07T18:47:03.854Z,16.148,2,76.78,345,0,0,,,,
powertraces-pt100array_pt019_r1_7536307_11-89ffb37037,2026-05-07T18:47:03.854Z,16.148,3,77.89,345,0,0,,,,
powertraces-pt100array_pt019_r1_7536307_11-89ffb37037,2026-05-07T18:47:03.954Z,16.248,0,77.77,345,0,0,,,,
powertraces-pt100array_pt019_r1_7536307_11-89ffb37037,2026-05-07T18:47:03.954Z,16.248,1,77.13,345,0,0,,,,
powertraces-pt100array_pt019_r1_7536307_11-89ffb37037,2026-05-07T18:47:03.954Z,16.248,2,76.79,345,0,0,,,,
powertraces-pt100array_pt019_r1_7536307_11-89ffb37037,2026-05-07T18:47:03.954Z,16.248,3,77.86,345,0,0,,,,
powertraces-pt100array_pt019_r1_7536307_11-89ffb37037,2026-05-07T18:47:04.054Z,16.348,0,77.76,345,0,0,,,,
powertraces-pt100array_pt019_r1_7536307_11-89ffb37037,2026-05-07T18:47:04.054Z,16.348,1,77.15,345,0,0,,,,
powertraces-pt100array_pt019_r1_7536307_11-89ffb37037,2026-05-07T18:47:04.054Z,16.348,2,76.78,345,0,0,,,,
powertraces-pt100array_pt019_r1_7536307_11-89ffb37037,2026-05-07T18:47:04.054Z,16.348,3,77.86,345,0,0,,,,
powertraces-pt100array_pt019_r1_7536307_11-89ffb37037,2026-05-07T18:47:04.154Z,16.448,0,77.75,345,0,0,,,,
powertraces-pt100array_pt019_r1_7536307_11-89ffb37037,2026-05-07T18:47:04.154Z,16.448,1,77.17,345,0,0,,,,
powertraces-pt100array_pt019_r1_7536307_11-89ffb37037,2026-05-07T18:47:04.154Z,16.448,2,76.78,345,0,0,,,,
powertraces-pt100array_pt019_r1_7536307_11-89ffb37037,2026-05-07T18:47:04.154Z,16.448,3,77.88,345,0,0,,,,
powertraces-pt100array_pt019_r1_7536307_11-89ffb37037,2026-05-07T18:47:04.254Z,16.548,0,77.76,345,0,0,,,,
powertraces-pt100array_pt019_r1_7536307_11-89ffb37037,2026-05-07T18:47:04.254Z,16.548,1,77.14,345,0,0,,,,
powertraces-pt100array_pt019_r1_7536307_11-89ffb37037,2026-05-07T18:47:04.254Z,16.548,2,76.78,345,0,0,,,,
powertraces-pt100array_pt019_r1_7536307_11-89ffb37037,2026-05-07T18:47:04.254Z,16.548,3,77.88,345,0,0,,,,
powertraces-pt100array_pt019_r1_7536307_11-89ffb37037,2026-05-07T18:47:04.355Z,16.649,0,77.76,345,0,0,,,,
powertraces-pt100array_pt019_r1_7536307_11-89ffb37037,2026-05-07T18:47:04.355Z,16.649,1,77.13,345,0,0,,,,
powertraces-pt100array_pt019_r1_7536307_11-89ffb37037,2026-05-07T18:47:04.355Z,16.649,2,76.79,345,0,0,,,,
powertraces-pt100array_pt019_r1_7536307_11-89ffb37037,2026-05-07T18:47:04.355Z,16.649,3,77.87,345,0,0,,,,
powertraces-pt100array_pt019_r1_7536307_11-89ffb37037,2026-05-07T18:47:04.455Z,16.749,0,77.75,345,0,0,,,,
powertraces-pt100array_pt019_r1_7536307_11-89ffb37037,2026-05-07T18:47:04.455Z,16.749,1,77.17,345,0,0,,,,
powertraces-pt100array_pt019_r1_7536307_11-89ffb37037,2026-05-07T18:47:04.455Z,16.749,2,76.79,345,0,0,,,,
powertraces-pt100array_pt019_r1_7536307_11-89ffb37037,2026-05-07T18:47:04.455Z,16.749,3,77.88,345,0,0,,,,
powertraces-pt100array_pt019_r1_7536307_11-89ffb37037,2026-05-07T18:47:04.555Z,16.849,0,77.74,345,0,0,,,,
powertraces-pt100array_pt019_r1_7536307_11-89ffb37037,2026-05-07T18:47:04.555Z,16.849,1,77.18,345,0,0,,,,
powertraces-pt100array_pt019_r1_7536307_11-89ffb37037,2026-05-07T18:47:04.555Z,16.849,2,76.77,345,0,0,,,,
powertraces-pt100array_pt019_r1_7536307_11-89ffb37037,2026-05-07T18:47:04.555Z,16.849,3,77.87,345,0,0,,,,
powertraces-pt100array_pt019_r1_7536307_11-89ffb37037,2026-05-07T18:47:04.655Z,16.949,0,77.74,345,0,0,,,,
powertraces-pt100array_pt019_r1_7536307_11-89ffb37037,2026-05-07T18:47:04.655Z,16.949,1,77.17,345,0,0,,,,
powertraces-pt100array_pt019_r1_7536307_11-89ffb37037,2026-05-07T18:47:04.655Z,16.949,2,76.75,345,0,0,,,,
powertraces-pt100array_pt019_r1_7536307_11-89ffb37037,2026-05-07T18:47:04.655Z,16.949,3,77.88,345,0,0,,,,
powertraces-pt100array_pt019_r1_7536307_11-89ffb37037,2026-05-07T18:47:04.755Z,17.049,0,77.74,345,0,0,,,,
powertraces-pt100array_pt019_r1_7536307_11-89ffb37037,2026-05-07T18:47:04.755Z,17.049,1,77.14,345,0,0,,,,
powertraces-pt100array_pt019_r1_7536307_11-89ffb37037,2026-05-07T18:47:04.755Z,17.049,2,76.79,345,0,0,,,,
powertraces-pt100array_pt019_r1_7536307_11-89ffb37037,2026-05-07T18:47:04.755Z,17.049,3,77.89,345,0,0,,,,
powertraces-pt100array_pt019_r1_7536307_11-89ffb37037,2026-05-07T18:47:04.856Z,17.15,0,77.74,345,0,0,,,,
powertraces-pt100array_pt019_r1_7536307_11-89ffb37037,2026-05-07T18:47:04.856Z,17.15,1,77.19,345,0,0,,,,
powertraces-pt100array_pt019_r1_7536307_11-89ffb37037,2026-05-07T18:47:04.856Z,17.15,2,76.77,345,0,0,,,,
powertraces-pt100array_pt019_r1_7536307_11-89ffb37037,2026-05-07T18:47:04.856Z,17.15,3,77.9,345,0,0,,,,
powertraces-pt100array_pt019_r1_7536307_11-89ffb37037,2026-05-07T18:47:04.956Z,17.25,0,77.72,345,0,0,,,,
powertraces-pt100array_pt019_r1_7536307_11-89ffb37037,2026-05-07T18:47:04.956Z,17.25,1,77.19,345,0,0,,,,
powertraces-pt100array_pt019_r1_7536307_11-89ffb37037,2026-05-07T18:47:04.956Z,17.25,2,76.77,345,0,0,,,,
powertraces-pt100array_pt019_r1_7536307_11-89ffb37037,2026-05-07T18:47:04.956Z,17.25,3,77.92,345,0,0,,,,
powertraces-pt100array_pt019_r1_7536307_11-89ffb37037,2026-05-07T18:47:05.056Z,17.35,0,77.73,345,0,0,,,,
powertraces-pt100array_pt019_r1_7536307_11-89ffb37037,2026-05-07T18:47:05.056Z,17.35,1,77.2,345,0,0,,,,
powertraces-pt100array_pt019_r1_7536307_11-89ffb37037,2026-05-07T18:47:05.056Z,17.35,2,76.77,345,0,0,,,,
powertraces-pt100array_pt019_r1_7536307_11-89ffb37037,2026-05-07T18:47:05.056Z,17.35,3,77.92,345,0,0,,,,
powertraces-pt100array_pt019_r1_7536307_11-89ffb37037,2026-05-07T18:47:05.156Z,17.45,0,77.74,345,0,0,,,,
powertraces-pt100array_pt019_r1_7536307_11-89ffb37037,2026-05-07T18:47:05.156Z,17.45,1,77.13,345,0,0,,,,
powertraces-pt100array_pt019_r1_7536307_11-89ffb37037,2026-05-07T18:47:05.156Z,17.45,2,76.78,345,0,0,,,,
powertraces-pt100array_pt019_r1_7536307_11-89ffb37037,2026-05-07T18:47:05.156Z,17.45,3,77.89,345,0,0,,,,
powertraces-pt100array_pt019_r1_7536307_11-89ffb37037,2026-05-07T18:47:05.256Z,17.55,0,77.74,345,0,0,,,,
powertraces-pt100array_pt019_r1_7536307_11-89ffb37037,2026-05-07T18:47:05.256Z,17.55,1,77.14,345,0,0,,,,
powertraces-pt100array_pt019_r1_7536307_11-89ffb37037,2026-05-07T18:47:05.256Z,17.55,2,76.77,345,0,0,,,,
powertraces-pt100array_pt019_r1_7536307_11-89ffb37037,2026-05-07T18:47:05.256Z,17.55,3,77.88,345,0,0,,,,
powertraces-pt100array_pt019_r1_7536307_11-89ffb37037,2026-05-07T18:47:05.357Z,17.651,0,77.73,345,0,0,,,,
powertraces-pt100array_pt019_r1_7536307_11-89ffb37037,2026-05-07T18:47:05.357Z,17.651,1,77.19,345,0,0,,,,
powertraces-pt100array_pt019_r1_7536307_11-89ffb37037,2026-05-07T18:47:05.357Z,17.651,2,76.79,345,0,0,,,,
powertraces-pt100array_pt019_r1_7536307_11-89ffb37037,2026-05-07T18:47:05.357Z,17.651,3,77.86,345,0,0,,,,
powertraces-pt100array_pt019_r1_7536307_11-89ffb37037,2026-05-07T18:47:05.457Z,17.751,0,77.74,345,0,0,,,,
powertraces-pt100array_pt019_r1_7536307_11-89ffb37037,2026-05-07T18:47:05.457Z,17.751,1,77.2,345,0,0,,,,
powertraces-pt100array_pt019_r1_7536307_11-89ffb37037,2026-05-07T18:47:05.457Z,17.751,2,76.8,345,0,0,,,,
powertraces-pt100array_pt019_r1_7536307_11-89ffb37037,2026-05-07T18:47:05.457Z,17.751,3,77.85,345,0,0,,,,
powertraces-pt100array_pt019_r1_7536307_11-89ffb37037,2026-05-07T18:47:05.557Z,17.851,0,77.74,345,0,0,,,,
powertraces-pt100array_pt019_r1_7536307_11-89ffb37037,2026-05-07T18:47:05.557Z,17.851,1,77.15,345,0,0,,,,
powertraces-pt100array_pt019_r1_7536307_11-89ffb37037,2026-05-07T18:47:05.557Z,17.851,2,76.8,345,0,0,,,,
powertraces-pt100array_pt019_r1_7536307_11-89ffb37037,2026-05-07T18:47:05.557Z,17.851,3,77.84,345,0,0,,,,
powertraces-pt100array_pt019_r1_7536307_11-89ffb37037,2026-05-07T18:47:05.657Z,17.951,0,77.73,345,0,0,,,,
powertraces-pt100array_pt019_r1_7536307_11-89ffb37037,2026-05-07T18:47:05.657Z,17.951,1,77.13,345,0,0,,,,
powertraces-pt100array_pt019_r1_7536307_11-89ffb37037,2026-05-07T18:47:05.657Z,17.951,2,76.78,345,0,0,,,,
powertraces-pt100array_pt019_r1_7536307_11-89ffb37037,2026-05-07T18:47:05.657Z,17.951,3,77.84,345,0,0,,,,
powertraces-pt100array_pt019_r1_7536307_11-89ffb37037,2026-05-07T18:47:05.757Z,18.051,0,77.73,345,0,0,,,,
powertraces-pt100array_pt019_r1_7536307_11-89ffb37037,2026-05-07T18:47:05.757Z,18.051,1,77.19,345,0,0,,,,
powertraces-pt100array_pt019_r1_7536307_11-89ffb37037,2026-05-07T18:47:05.757Z,18.051,2,76.75,345,0,0,,,,
powertraces-pt100array_pt019_r1_7536307_11-89ffb37037,2026-05-07T18:47:05.757Z,18.051,3,77.87,345,0,0,,,,
powertraces-pt100array_pt019_r1_7536307_11-89ffb37037,2026-05-07T18:47:05.857Z,18.151,0,77.74,345,0,0,,,,
powertraces-pt100array_pt019_r1_7536307_11-89ffb37037,2026-05-07T18:47:05.858Z,18.152,1,77.19,345,0,0,,,,
powertraces-pt100array_pt019_r1_7536307_11-89ffb37037,2026-05-07T18:47:05.858Z,18.152,2,76.77,345,0,0,,,,
powertraces-pt100array_pt019_r1_7536307_11-89ffb37037,2026-05-07T18:47:05.858Z,18.152,3,77.87,345,0,0,,,,
powertraces-pt100array_pt019_r1_7536307_11-89ffb37037,2026-05-07T18:47:05.958Z,18.252,0,77.74,345,0,0,,,,
powertraces-pt100array_pt019_r1_7536307_11-89ffb37037,2026-05-07T18:47:05.958Z,18.252,1,77.14,345,0,0,,,,
powertraces-pt100array_pt019_r1_7536307_11-89ffb37037,2026-05-07T18:47:05.958Z,18.252,2,76.77,345,0,0,,,,
powertraces-pt100array_pt019_r1_7536307_11-89ffb37037,2026-05-07T18:47:05.958Z,18.252,3,77.89,345,0,0,,,,
powertraces-pt100array_pt019_r1_7536307_11-89ffb37037,2026-05-07T18:47:06.058Z,18.352,0,77.72,345,0,0,,,,
powertraces-pt100array_pt019_r1_7536307_11-89ffb37037,2026-05-07T18:47:06.058Z,18.352,1,77.13,345,0,0,,,,
powertraces-pt100array_pt019_r1_7536307_11-89ffb37037,2026-05-07T18:47:06.058Z,18.352,2,76.77,345,0,0,,,,
powertraces-pt100array_pt019_r1_7536307_11-89ffb37037,2026-05-07T18:47:06.058Z,18.352,3,77.89,345,0,0,,,,
powertraces-pt100array_pt019_r1_7536307_11-89ffb37037,2026-05-07T18:47:06.158Z,18.452,0,77.74,345,0,0,,,,
powertraces-pt100array_pt019_r1_7536307_11-89ffb37037,2026-05-07T18:47:06.158Z,18.452,1,77.17,345,0,0,,,,
powertraces-pt100array_pt019_r1_7536307_11-89ffb37037,2026-05-07T18:47:06.158Z,18.452,2,76.79,345,0,0,,,,
powertraces-pt100array_pt019_r1_7536307_11-89ffb37037,2026-05-07T18:47:06.158Z,18.452,3,77.91,345,0,0,,,,
powertraces-pt100array_pt019_r1_7536307_11-89ffb37037,2026-05-07T18:47:06.258Z,18.552,0,77.73,345,0,0,,,,
powertraces-pt100array_pt019_r1_7536307_11-89ffb37037,2026-05-07T18:47:06.258Z,18.552,1,77.19,345,0,0,,,,
powertraces-pt100array_pt019_r1_7536307_11-89ffb37037,2026-05-07T18:47:06.258Z,18.552,2,76.79,345,0,0,,,,
powertraces-pt100array_pt019_r1_7536307_11-89ffb37037,2026-05-07T18:47:06.258Z,18.552,3,77.89,345,0,0,,,,
powertraces-pt100array_pt019_r1_7536307_11-89ffb37037,2026-05-07T18:47:06.358Z,18.652,0,77.72,345,0,0,,,,
powertraces-pt100array_pt019_r1_7536307_11-89ffb37037,2026-05-07T18:47:06.359Z,18.653,1,77.17,345,0,0,,,,
powertraces-pt100array_pt019_r1_7536307_11-89ffb37037,2026-05-07T18:47:06.359Z,18.653,2,76.78,345,0,0,,,,
powertraces-pt100array_pt019_r1_7536307_11-89ffb37037,2026-05-07T18:47:06.359Z,18.653,3,77.9,345,0,0,,,,
powertraces-pt100array_pt019_r1_7536307_11-89ffb37037,2026-05-07T18:47:06.459Z,18.753,0,77.71,345,0,0,,,,
powertraces-pt100array_pt019_r1_7536307_11-89ffb37037,2026-05-07T18:47:06.459Z,18.753,1,77.13,345,0,0,,,,
powertraces-pt100array_pt019_r1_7536307_11-89ffb37037,2026-05-07T18:47:06.459Z,18.753,2,76.79,345,0,0,,,,
powertraces-pt100array_pt019_r1_7536307_11-89ffb37037,2026-05-07T18:47:06.459Z,18.753,3,77.88,345,0,0,,,,
powertraces-pt100array_pt019_r1_7536307_11-89ffb37037,2026-05-07T18:47:06.559Z,18.853,0,77.72,345,0,0,,,,
powertraces-pt100array_pt019_r1_7536307_11-89ffb37037,2026-05-07T18:47:06.559Z,18.853,1,77.13,345,0,0,,,,
powertraces-pt100array_pt019_r1_7536307_11-89ffb37037,2026-05-07T18:47:06.559Z,18.853,2,76.81,345,0,0,,,,
powertraces-pt100array_pt019_r1_7536307_11-89ffb37037,2026-05-07T18:47:06.559Z,18.853,3,77.87,345,0,0,,,,
powertraces-pt100array_pt019_r1_7536307_11-89ffb37037,2026-05-07T18:47:06.659Z,18.953,0,77.74,345,0,0,,,,
powertraces-pt100array_pt019_r1_7536307_11-89ffb37037,2026-05-07T18:47:06.659Z,18.953,1,77.16,345,0,0,,,,
powertraces-pt100array_pt019_r1_7536307_11-89ffb37037,2026-05-07T18:47:06.659Z,18.953,2,76.83,345,0,0,,,,
powertraces-pt100array_pt019_r1_7536307_11-89ffb37037,2026-05-07T18:47:06.659Z,18.953,3,77.85,345,0,0,,,,
powertraces-pt100array_pt019_r1_7536307_11-89ffb37037,2026-05-07T18:47:06.759Z,19.053,0,77.74,345,0,0,,,,
powertraces-pt100array_pt019_r1_7536307_11-89ffb37037,2026-05-07T18:47:06.759Z,19.053,1,77.15,345,0,0,,,,
powertraces-pt100array_pt019_r1_7536307_11-89ffb37037,2026-05-07T18:47:06.76Z,19.054,2,76.83,345,0,0,,,,
powertraces-pt100array_pt019_r1_7536307_11-89ffb37037,2026-05-07T18:47:06.76Z,19.054,3,77.85,345,0,0,,,,
powertraces-pt100array_pt019_r1_7536307_11-89ffb37037,2026-05-07T18:47:06.86Z,19.154,0,77.76,345,0,0,,,,
powertraces-pt100array_pt019_r1_7536307_11-89ffb37037,2026-05-07T18:47:06.86Z,19.154,1,77.12,345,0,0,,,,
powertraces-pt100array_pt019_r1_7536307_11-89ffb37037,2026-05-07T18:47:06.86Z,19.154,2,76.83,345,0,0,,,,
powertraces-pt100array_pt019_r1_7536307_11-89ffb37037,2026-05-07T18:47:06.86Z,19.154,3,77.85,345,0,0,,,,
powertraces-pt100array_pt019_r1_7536307_11-89ffb37037,2026-05-07T18:47:06.96Z,19.254,0,77.76,345,0,0,,,,
powertraces-pt100array_pt019_r1_7536307_11-89ffb37037,2026-05-07T18:47:06.96Z,19.254,1,77.14,345,0,0,,,,
powertraces-pt100array_pt019_r1_7536307_11-89ffb37037,2026-05-07T18:47:06.96Z,19.254,2,76.82,345,0,0,,,,
powertraces-pt100array_pt019_r1_7536307_11-89ffb37037,2026-05-07T18:47:06.96Z,19.254,3,77.85,345,0,0,,,,
powertraces-pt100array_pt019_r1_7536307_11-89ffb37037,2026-05-07T18:47:07.06Z,19.354,0,77.76,345,0,0,,,,
powertraces-pt100array_pt019_r1_7536307_11-89ffb37037,2026-05-07T18:47:07.06Z,19.354,1,77.19,345,0,0,,,,
powertraces-pt100array_pt019_r1_7536307_11-89ffb37037,2026-05-07T18:47:07.06Z,19.354,2,76.81,345,0,0,,,,
powertraces-pt100array_pt019_r1_7536307_11-89ffb37037,2026-05-07T18:47:07.06Z,19.354,3,77.86,345,0,0,,,,
powertraces-pt100array_pt019_r1_7536307_11-89ffb37037,2026-05-07T18:47:07.16Z,19.454,0,77.76,345,0,0,,,,
powertraces-pt100array_pt019_r1_7536307_11-89ffb37037,2026-05-07T18:47:07.16Z,19.454,1,77.18,345,0,0,,,,
powertraces-pt100array_pt019_r1_7536307_11-89ffb37037,2026-05-07T18:47:07.16Z,19.454,2,76.79,345,0,0,,,,
powertraces-pt100array_pt019_r1_7536307_11-89ffb37037,2026-05-07T18:47:07.16Z,19.454,3,77.85,345,0,0,,,,
powertraces-pt100array_pt019_r1_7536307_11-89ffb37037,2026-05-07T18:47:07.26Z,19.554,0,77.76,345,0,0,,,,
powertraces-pt100array_pt019_r1_7536307_11-89ffb37037,2026-05-07T18:47:07.26Z,19.554,1,77.14,345,0,0,,,,
powertraces-pt100array_pt019_r1_7536307_11-89ffb37037,2026-05-07T18:47:07.26Z,19.554,2,76.78,345,0,0,,,,
powertraces-pt100array_pt019_r1_7536307_11-89ffb37037,2026-05-07T18:47:07.26Z,19.554,3,77.86,345,0,0,,,,
powertraces-pt100array_pt019_r1_7536307_11-89ffb37037,2026-05-07T18:47:07.361Z,19.655,0,77.77,345,0,0,,,,
powertraces-pt100array_pt019_r1_7536307_11-89ffb37037,2026-05-07T18:47:07.361Z,19.655,1,77.15,345,0,0,,,,
powertraces-pt100array_pt019_r1_7536307_11-89ffb37037,2026-05-07T18:47:07.361Z,19.655,2,76.79,345,0,0,,,,
powertraces-pt100array_pt019_r1_7536307_11-89ffb37037,2026-05-07T18:47:07.361Z,19.655,3,77.87,345,0,0,,,,
powertraces-pt100array_pt019_r1_7536307_11-89ffb37037,2026-05-07T18:47:07.461Z,19.755,0,77.76,345,0,0,,,,
powertraces-pt100array_pt019_r1_7536307_11-89ffb37037,2026-05-07T18:47:07.461Z,19.755,1,77.18,345,0,0,,,,
powertraces-pt100array_pt019_r1_7536307_11-89ffb37037,2026-05-07T18:47:07.461Z,19.755,2,76.78,345,0,0,,,,
powertraces-pt100array_pt019_r1_7536307_11-89ffb37037,2026-05-07T18:47:07.461Z,19.755,3,77.88,345,0,0,,,,
powertraces-pt100array_pt019_r1_7536307_11-89ffb37037,2026-05-07T18:47:07.561Z,19.855,0,77.76,345,0,0,,,,
powertraces-pt100array_pt019_r1_7536307_11-89ffb37037,2026-05-07T18:47:07.561Z,19.855,1,77.2,345,0,0,,,,
powertraces-pt100array_pt019_r1_7536307_11-89ffb37037,2026-05-07T18:47:07.561Z,19.855,2,76.78,345,0,0,,,,
powertraces-pt100array_pt019_r1_7536307_11-89ffb37037,2026-05-07T18:47:07.561Z,19.855,3,77.89,345,0,0,,,,
powertraces-pt100array_pt019_r1_7536307_11-89ffb37037,2026-05-07T18:47:07.661Z,19.955,0,77.75,345,0,0,,,,
powertraces-pt100array_pt019_r1_7536307_11-89ffb37037,2026-05-07T18:47:07.661Z,19.955,1,77.18,345,0,0,,,,
powertraces-pt100array_pt019_r1_7536307_11-89ffb37037,2026-05-07T18:47:07.661Z,19.955,2,76.77,345,0,0,,,,
powertraces-pt100array_pt019_r1_7536307_11-89ffb37037,2026-05-07T18:47:07.661Z,19.955,3,77.88,345,0,0,,,,
powertraces-pt100array_pt019_r1_7536307_11-89ffb37037,2026-05-07T18:47:07.761Z,20.055,0,77.75,345,0,0,,,,
powertraces-pt100array_pt019_r1_7536307_11-89ffb37037,2026-05-07T18:47:07.761Z,20.055,1,77.16,345,0,0,,,,
powertraces-pt100array_pt019_r1_7536307_11-89ffb37037,2026-05-07T18:47:07.761Z,20.055,2,76.79,345,0,0,,,,
powertraces-pt100array_pt019_r1_7536307_11-89ffb37037,2026-05-07T18:47:07.761Z,20.055,3,77.87,345,0,0,,,,
powertraces-pt100array_pt019_r1_7536307_11-89ffb37037,2026-05-07T18:47:07.862Z,20.156,0,77.73,345,0,0,,,,
powertraces-pt100array_pt019_r1_7536307_11-89ffb37037,2026-05-07T18:47:07.862Z,20.156,1,77.18,345,0,0,,,,
powertraces-pt100array_pt019_r1_7536307_11-89ffb37037,2026-05-07T18:47:07.862Z,20.156,2,76.77,345,0,0,,,,
powertraces-pt100array_pt019_r1_7536307_11-89ffb37037,2026-05-07T18:47:07.862Z,20.156,3,77.87,345,0,0,,,,
powertraces-pt100array_pt019_r1_7536307_11-89ffb37037,2026-05-07T18:47:07.962Z,20.256,0,77.73,345,0,0,,,,
powertraces-pt100array_pt019_r1_7536307_11-89ffb37037,2026-05-07T18:47:07.962Z,20.256,1,77.2,345,0,0,,,,
powertraces-pt100array_pt019_r1_7536307_11-89ffb37037,2026-05-07T18:47:07.962Z,20.256,2,76.8,345,0,0,,,,
powertraces-pt100array_pt019_r1_7536307_11-89ffb37037,2026-05-07T18:47:07.962Z,20.256,3,77.86,345,0,0,,,,
powertraces-pt100array_pt019_r1_7536307_11-89ffb37037,2026-05-07T18:47:08.062Z,20.356,0,77.73,345,0,0,,,,
powertraces-pt100array_pt019_r1_7536307_11-89ffb37037,2026-05-07T18:47:08.062Z,20.356,1,77.16,345,0,0,,,,
powertraces-pt100array_pt019_r1_7536307_11-89ffb37037,2026-05-07T18:47:08.062Z,20.356,2,76.82,345,0,0,,,,
powertraces-pt100array_pt019_r1_7536307_11-89ffb37037,2026-05-07T18:47:08.062Z,20.356,3,77.85,345,0,0,,,,
powertraces-pt100array_pt019_r1_7536307_11-89ffb37037,2026-05-07T18:47:08.162Z,20.456,0,77.73,345,0,0,,,,
powertraces-pt100array_pt019_r1_7536307_11-89ffb37037,2026-05-07T18:47:08.162Z,20.456,1,77.14,345,0,0,,,,
powertraces-pt100array_pt019_r1_7536307_11-89ffb37037,2026-05-07T18:47:08.163Z,20.457,2,76.83,345,0,0,,,,
powertraces-pt100array_pt019_r1_7536307_11-89ffb37037,2026-05-07T18:47:08.163Z,20.457,3,77.86,345,0,0,,,,
powertraces-pt100array_pt019_r1_7536307_11-89ffb37037,2026-05-07T18:47:08.263Z,20.557,0,77.73,345,0,0,,,,
powertraces-pt100array_pt019_r1_7536307_11-89ffb37037,2026-05-07T18:47:08.263Z,20.557,1,77.17,345,0,0,,,,
powertraces-pt100array_pt019_r1_7536307_11-89ffb37037,2026-05-07T18:47:08.263Z,20.557,2,76.83,345,0,0,,,,
powertraces-pt100array_pt019_r1_7536307_11-89ffb37037,2026-05-07T18:47:08.263Z,20.557,3,77.87,345,0,0,,,,
powertraces-pt100array_pt019_r1_7536307_11-89ffb37037,2026-05-07T18:47:08.363Z,20.657,0,77.73,345,0,0,,,,
powertraces-pt100array_pt019_r1_7536307_11-89ffb37037,2026-05-07T18:47:08.363Z,20.657,1,77.18,345,0,0,,,,
powertraces-pt100array_pt019_r1_7536307_11-89ffb37037,2026-05-07T18:47:08.363Z,20.657,2,76.84,345,0,0,,,,
powertraces-pt100array_pt019_r1_7536307_11-89ffb37037,2026-05-07T18:47:08.363Z,20.657,3,77.88,345,0,0,,,,
powertraces-pt100array_pt019_r1_7536307_11-89ffb37037,2026-05-07T18:47:08.463Z,20.757,0,77.74,345,0,0,,,,
powertraces-pt100array_pt019_r1_7536307_11-89ffb37037,2026-05-07T18:47:08.463Z,20.757,1,77.18,345,0,0,,,,
powertraces-pt100array_pt019_r1_7536307_11-89ffb37037,2026-05-07T18:47:08.463Z,20.757,2,76.83,345,0,0,,,,
powertraces-pt100array_pt019_r1_7536307_11-89ffb37037,2026-05-07T18:47:08.463Z,20.757,3,77.89,345,0,0,,,,
powertraces-pt100array_pt019_r1_7536307_11-89ffb37037,2026-05-07T18:47:08.563Z,20.857,0,77.73,345,0,0,,,,
powertraces-pt100array_pt019_r1_7536307_11-89ffb37037,2026-05-07T18:47:08.563Z,20.857,1,77.11,345,0,0,,,,
powertraces-pt100array_pt019_r1_7536307_11-89ffb37037,2026-05-07T18:47:08.563Z,20.857,2,76.85,345,0,0,,,,
powertraces-pt100array_pt019_r1_7536307_11-89ffb37037,2026-05-07T18:47:08.563Z,20.857,3,77.89,345,0,0,,,,
powertraces-pt100array_pt019_r1_7536307_11-89ffb37037,2026-05-07T18:47:08.664Z,20.958,0,77.73,345,0,0,,,,
powertraces-pt100array_pt019_r1_7536307_11-89ffb37037,2026-05-07T18:47:08.664Z,20.958,1,77.15,345,0,0,,,,
powertraces-pt100array_pt019_r1_7536307_11-89ffb37037,2026-05-07T18:47:08.664Z,20.958,2,76.83,345,0,0,,,,
powertraces-pt100array_pt019_r1_7536307_11-89ffb37037,2026-05-07T18:47:08.664Z,20.958,3,77.89,345,0,0,,,,
powertraces-pt100array_pt019_r1_7536307_11-89ffb37037,2026-05-07T18:47:08.764Z,21.058,0,77.72,345,0,0,,,,
powertraces-pt100array_pt019_r1_7536307_11-89ffb37037,2026-05-07T18:47:08.764Z,21.058,1,77.18,345,0,0,,,,
powertraces-pt100array_pt019_r1_7536307_11-89ffb37037,2026-05-07T18:47:08.764Z,21.058,2,76.8,345,0,0,,,,
powertraces-pt100array_pt019_r1_7536307_11-89ffb37037,2026-05-07T18:47:08.764Z,21.058,3,77.89,345,0,0,,,,
powertraces-pt100array_pt019_r1_7536307_11-89ffb37037,2026-05-07T18:47:08.864Z,21.158,0,77.72,345,0,0,,,,
powertraces-pt100array_pt019_r1_7536307_11-89ffb37037,2026-05-07T18:47:08.864Z,21.158,1,77.18,345,0,0,,,,
powertraces-pt100array_pt019_r1_7536307_11-89ffb37037,2026-05-07T18:47:08.864Z,21.158,2,76.81,345,0,0,,,,
powertraces-pt100array_pt019_r1_7536307_11-89ffb37037,2026-05-07T18:47:08.864Z,21.158,3,77.86,345,0,0,,,,
powertraces-pt100array_pt019_r1_7536307_11-89ffb37037,2026-05-07T18:47:08.964Z,21.258,0,77.72,345,0,0,,,,
powertraces-pt100array_pt019_r1_7536307_11-89ffb37037,2026-05-07T18:47:08.964Z,21.258,1,77.13,345,0,0,,,,
powertraces-pt100array_pt019_r1_7536307_11-89ffb37037,2026-05-07T18:47:08.964Z,21.258,2,76.78,345,0,0,,,,
powertraces-pt100array_pt019_r1_7536307_11-89ffb37037,2026-05-07T18:47:08.964Z,21.258,3,77.84,345,0,0,,,,
powertraces-pt100array_pt019_r1_7536307_11-89ffb37037,2026-05-07T18:47:09.064Z,21.358,0,77.72,345,0,0,,,,
powertraces-pt100array_pt019_r1_7536307_11-89ffb37037,2026-05-07T18:47:09.065Z,21.359,1,77.14,345,0,0,,,,
powertraces-pt100array_pt019_r1_7536307_11-89ffb37037,2026-05-07T18:47:09.065Z,21.359,2,76.77,345,0,0,,,,
powertraces-pt100array_pt019_r1_7536307_11-89ffb37037,2026-05-07T18:47:09.065Z,21.359,3,77.86,345,0,0,,,,
powertraces-pt100array_pt019_r1_7536307_11-89ffb37037,2026-05-07T18:47:09.165Z,21.459,0,77.72,345,0,0,,,,
powertraces-pt100array_pt019_r1_7536307_11-89ffb37037,2026-05-07T18:47:09.165Z,21.459,1,77.16,345,0,0,,,,
powertraces-pt100array_pt019_r1_7536307_11-89ffb37037,2026-05-07T18:47:09.165Z,21.459,2,76.77,345,0,0,,,,
powertraces-pt100array_pt019_r1_7536307_11-89ffb37037,2026-05-07T18:47:09.165Z,21.459,3,77.83,345,0,0,,,,
powertraces-pt100array_pt019_r1_7536307_11-89ffb37037,2026-05-07T18:47:09.265Z,21.559,0,77.74,345,0,0,,,,
powertraces-pt100array_pt019_r1_7536307_11-89ffb37037,2026-05-07T18:47:09.265Z,21.559,1,77.16,345,0,0,,,,
powertraces-pt100array_pt019_r1_7536307_11-89ffb37037,2026-05-07T18:47:09.265Z,21.559,2,76.77,345,0,0,,,,
powertraces-pt100array_pt019_r1_7536307_11-89ffb37037,2026-05-07T18:47:09.265Z,21.559,3,77.84,345,0,0,,,,
powertraces-pt100array_pt019_r1_7536307_11-89ffb37037,2026-05-07T18:47:09.365Z,21.659,0,77.74,345,0,0,,,,
powertraces-pt100array_pt019_r1_7536307_11-89ffb37037,2026-05-07T18:47:09.365Z,21.659,1,77.14,345,0,0,,,,
powertraces-pt100array_pt019_r1_7536307_11-89ffb37037,2026-05-07T18:47:09.365Z,21.659,2,76.78,345,0,0,,,,
powertraces-pt100array_pt019_r1_7536307_11-89ffb37037,2026-05-07T18:47:09.365Z,21.659,3,77.83,345,0,0,,,,
powertraces-pt100array_pt019_r1_7536307_11-89ffb37037,2026-05-07T18:47:09.466Z,21.76,0,77.73,345,0,0,,,,
powertraces-pt100array_pt019_r1_7536307_11-89ffb37037,2026-05-07T18:47:09.466Z,21.76,1,77.12,345,0,0,,,,
powertraces-pt100array_pt019_r1_7536307_11-89ffb37037,2026-05-07T18:47:09.466Z,21.76,2,76.78,345,0,0,,,,
powertraces-pt100array_pt019_r1_7536307_11-89ffb37037,2026-05-07T18:47:09.466Z,21.76,3,77.82,345,0,0,,,,
powertraces-pt100array_pt019_r1_7536307_11-89ffb37037,2026-05-07T18:47:09.566Z,21.86,0,77.72,345,0,0,,,,
powertraces-pt100array_pt019_r1_7536307_11-89ffb37037,2026-05-07T18:47:09.566Z,21.86,1,77.15,345,0,0,,,,
powertraces-pt100array_pt019_r1_7536307_11-89ffb37037,2026-05-07T18:47:09.566Z,21.86,2,76.79,345,0,0,,,,
powertraces-pt100array_pt019_r1_7536307_11-89ffb37037,2026-05-07T18:47:09.566Z,21.86,3,77.82,345,0,0,,,,
powertraces-pt100array_pt019_r1_7536307_11-89ffb37037,2026-05-07T18:47:09.666Z,21.96,0,77.74,345,0,0,,,,
powertraces-pt100array_pt019_r1_7536307_11-89ffb37037,2026-05-07T18:47:09.666Z,21.96,1,77.17,345,0,0,,,,
powertraces-pt100array_pt019_r1_7536307_11-89ffb37037,2026-05-07T18:47:09.666Z,21.96,2,76.8,345,0,0,,,,
powertraces-pt100array_pt019_r1_7536307_11-89ffb37037,2026-05-07T18:47:09.666Z,21.96,3,77.82,345,0,0,,,,
powertraces-pt100array_pt019_r1_7536307_11-89ffb37037,2026-05-07T18:47:09.766Z,22.06,0,77.73,345,0,0,,,,
powertraces-pt100array_pt019_r1_7536307_11-89ffb37037,2026-05-07T18:47:09.766Z,22.06,1,77.16,345,0,0,,,,
powertraces-pt100array_pt019_r1_7536307_11-89ffb37037,2026-05-07T18:47:09.766Z,22.06,2,76.81,345,0,0,,,,
powertraces-pt100array_pt019_r1_7536307_11-89ffb37037,2026-05-07T18:47:09.766Z,22.06,3,77.84,345,0,0,,,,
powertraces-pt100array_pt019_r1_7536307_11-89ffb37037,2026-05-07T18:47:09.866Z,22.16,0,77.74,345,0,0,,,,
powertraces-pt100array_pt019_r1_7536307_11-89ffb37037,2026-05-07T18:47:09.866Z,22.16,1,77.13,345,0,0,,,,
powertraces-pt100array_pt019_r1_7536307_11-89ffb37037,2026-05-07T18:47:09.866Z,22.16,2,76.82,345,0,0,,,,
powertraces-pt100array_pt019_r1_7536307_11-89ffb37037,2026-05-07T18:47:09.866Z,22.16,3,77.83,345,0,0,,,,
powertraces-pt100array_pt019_r1_7536307_11-89ffb37037,2026-05-07T18:47:09.966Z,22.26,0,77.72,345,0,0,,,,
powertraces-pt100array_pt019_r1_7536307_11-89ffb37037,2026-05-07T18:47:09.967Z,22.261,1,77.17,345,0,0,,,,
powertraces-pt100array_pt019_r1_7536307_11-89ffb37037,2026-05-07T18:47:09.967Z,22.261,2,76.82,345,0,0,,,,
powertraces-pt100array_pt019_r1_7536307_11-89ffb37037,2026-05-07T18:47:09.967Z,22.261,3,77.83,345,0,0,,,,
powertraces-pt100array_pt019_r1_7536307_11-89ffb37037,2026-05-07T18:47:10.067Z,22.361,0,77.72,345,0,0,,,,
powertraces-pt100array_pt019_r1_7536307_11-89ffb37037,2026-05-07T18:47:10.067Z,22.361,1,77.18,345,0,0,,,,
powertraces-pt100array_pt019_r1_7536307_11-89ffb37037,2026-05-07T18:47:10.067Z,22.361,2,76.81,345,0,0,,,,
powertraces-pt100array_pt019_r1_7536307_11-89ffb37037,2026-05-07T18:47:10.067Z,22.361,3,77.82,345,0,0,,,,
powertraces-pt100array_pt019_r1_7536307_11-89ffb37037,2026-05-07T18:47:10.167Z,22.461,0,77.72,345,0,0,,,,
powertraces-pt100array_pt019_r1_7536307_11-89ffb37037,2026-05-07T18:47:10.167Z,22.461,1,77.16,345,0,0,,,,
powertraces-pt100array_pt019_r1_7536307_11-89ffb37037,2026-05-07T18:47:10.167Z,22.461,2,76.79,345,0,0,,,,
powertraces-pt100array_pt019_r1_7536307_11-89ffb37037,2026-05-07T18:47:10.167Z,22.461,3,77.81,345,0,0,,,,
powertraces-pt100array_pt019_r1_7536307_11-89ffb37037,2026-05-07T18:47:10.267Z,22.561,0,77.7,345,0,0,,,,
powertraces-pt100array_pt019_r1_7536307_11-89ffb37037,2026-05-07T18:47:10.267Z,22.561,1,77.12,345,0,0,,,,
powertraces-pt100array_pt019_r1_7536307_11-89ffb37037,2026-05-07T18:47:10.267Z,22.561,2,76.78,345,0,0,,,,
powertraces-pt100array_pt019_r1_7536307_11-89ffb37037,2026-05-07T18:47:10.267Z,22.561,3,77.8,345,0,0,,,,
powertraces-pt100array_pt019_r1_7536307_11-89ffb37037,2026-05-07T18:47:10.367Z,22.661,0,77.73,345,0,0,,,,
powertraces-pt100array_pt019_r1_7536307_11-89ffb37037,2026-05-07T18:47:10.368Z,22.662,1,77.15,345,0,0,,,,
powertraces-pt100array_pt019_r1_7536307_11-89ffb37037,2026-05-07T18:47:10.368Z,22.662,2,76.78,345,0,0,,,,
powertraces-pt100array_pt019_r1_7536307_11-89ffb37037,2026-05-07T18:47:10.368Z,22.662,3,77.79,345,0,0,,,,
powertraces-pt100array_pt019_r1_7536307_11-89ffb37037,2026-05-07T18:47:10.468Z,22.762,0,77.74,345,0,0,,,,
powertraces-pt100array_pt019_r1_7536307_11-89ffb37037,2026-05-07T18:47:10.468Z,22.762,1,77.16,345,0,0,,,,
powertraces-pt100array_pt019_r1_7536307_11-89ffb37037,2026-05-07T18:47:10.468Z,22.762,2,76.79,345,0,0,,,,
powertraces-pt100array_pt019_r1_7536307_11-89ffb37037,2026-05-07T18:47:10.468Z,22.762,3,77.81,345,0,0,,,,
powertraces-pt100array_pt019_r1_7536307_11-89ffb37037,2026-05-07T18:47:10.568Z,22.862,0,77.73,345,0,0,,,,
powertraces-pt100array_pt019_r1_7536307_11-89ffb37037,2026-05-07T18:47:10.568Z,22.862,1,77.18,345,0,0,,,,
powertraces-pt100array_pt019_r1_7536307_11-89ffb37037,2026-05-07T18:47:10.568Z,22.862,2,76.79,345,0,0,,,,
powertraces-pt100array_pt019_r1_7536307_11-89ffb37037,2026-05-07T18:47:10.568Z,22.862,3,77.8,345,0,0,,,,
powertraces-pt100array_pt019_r1_7536307_11-89ffb37037,2026-05-07T18:47:10.668Z,22.962,0,77.71,345,0,0,,,,
powertraces-pt100array_pt019_r1_7536307_11-89ffb37037,2026-05-07T18:47:10.668Z,22.962,1,77.13,345,0,0,,,,
powertraces-pt100array_pt019_r1_7536307_11-89ffb37037,2026-05-07T18:47:10.668Z,22.962,2,76.78,345,0,0,,,,
powertraces-pt100array_pt019_r1_7536307_11-89ffb37037,2026-05-07T18:47:10.668Z,22.962,3,77.79,345,0,0,,,,
powertraces-pt100array_pt019_r1_7536307_11-89ffb37037,2026-05-07T18:47:10.768Z,23.062,0,77.71,345,0,0,,,,
powertraces-pt100array_pt019_r1_7536307_11-89ffb37037,2026-05-07T18:47:10.768Z,23.062,1,77.17,345,0,0,,,,
powertraces-pt100array_pt019_r1_7536307_11-89ffb37037,2026-05-07T18:47:10.768Z,23.062,2,76.78,345,0,0,,,,
powertraces-pt100array_pt019_r1_7536307_11-89ffb37037,2026-05-07T18:47:10.768Z,23.062,3,77.78,345,0,0,,,,
powertraces-pt100array_pt019_r1_7536307_11-89ffb37037,2026-05-07T18:47:10.868Z,23.162,0,77.71,345,0,0,,,,
powertraces-pt100array_pt019_r1_7536307_11-89ffb37037,2026-05-07T18:47:10.869Z,23.163,1,77.15,345,0,0,,,,
powertraces-pt100array_pt019_r1_7536307_11-89ffb37037,2026-05-07T18:47:10.869Z,23.163,2,76.79,345,0,0,,,,
powertraces-pt100array_pt019_r1_7536307_11-89ffb37037,2026-05-07T18:47:10.869Z,23.163,3,77.79,345,0,0,,,,
powertraces-pt100array_pt019_r1_7536307_11-89ffb37037,2026-05-07T18:47:10.969Z,23.263,0,77.72,345,0,0,,,,
powertraces-pt100array_pt019_r1_7536307_11-89ffb37037,2026-05-07T18:47:10.969Z,23.263,1,77.17,345,0,0,,,,
powertraces-pt100array_pt019_r1_7536307_11-89ffb37037,2026-05-07T18:47:10.969Z,23.263,2,76.8,345,0,0,,,,
powertraces-pt100array_pt019_r1_7536307_11-89ffb37037,2026-05-07T18:47:10.969Z,23.263,3,77.81,345,0,0,,,,
powertraces-pt100array_pt019_r1_7536307_11-89ffb37037,2026-05-07T18:47:11.069Z,23.363,0,77.73,345,0,0,,,,
powertraces-pt100array_pt019_r1_7536307_11-89ffb37037,2026-05-07T18:47:11.069Z,23.363,1,77.14,345,0,0,,,,
powertraces-pt100array_pt019_r1_7536307_11-89ffb37037,2026-05-07T18:47:11.069Z,23.363,2,76.79,345,0,0,,,,
powertraces-pt100array_pt019_r1_7536307_11-89ffb37037,2026-05-07T18:47:11.069Z,23.363,3,77.83,345,0,0,,,,
powertraces-pt100array_pt019_r1_7536307_11-89ffb37037,2026-05-07T18:47:11.169Z,23.463,0,77.73,345,0,0,,,,
powertraces-pt100array_pt019_r1_7536307_11-89ffb37037,2026-05-07T18:47:11.169Z,23.463,1,77.13,345,0,0,,,,
powertraces-pt100array_pt019_r1_7536307_11-89ffb37037,2026-05-07T18:47:11.169Z,23.463,2,76.82,345,0,0,,,,
powertraces-pt100array_pt019_r1_7536307_11-89ffb37037,2026-05-07T18:47:11.169Z,23.463,3,77.82,345,0,0,,,,
powertraces-pt100array_pt019_r1_7536307_11-89ffb37037,2026-05-07T18:47:11.269Z,23.563,0,77.75,345,0,0,,,,
powertraces-pt100array_pt019_r1_7536307_11-89ffb37037,2026-05-07T18:47:11.269Z,23.563,1,77.18,345,0,0,,,,
powertraces-pt100array_pt019_r1_7536307_11-89ffb37037,2026-05-07T18:47:11.269Z,23.563,2,76.81,345,0,0,,,,
powertraces-pt100array_pt019_r1_7536307_11-89ffb37037,2026-05-07T18:47:11.269Z,23.563,3,77.82,345,0,0,,,,
powertraces-pt100array_pt019_r1_7536307_11-89ffb37037,2026-05-07T18:47:11.369Z,23.663,0,77.76,345,0,0,,,,
powertraces-pt100array_pt019_r1_7536307_11-89ffb37037,2026-05-07T18:47:11.37Z,23.664,1,77.21,345,0,0,,,,
powertraces-pt100array_pt019_r1_7536307_11-89ffb37037,2026-05-07T18:47:11.37Z,23.664,2,76.8,345,0,0,,,,
powertraces-pt100array_pt019_r1_7536307_11-89ffb37037,2026-05-07T18:47:11.37Z,23.664,3,77.81,345,0,0,,,,
powertraces-pt100array_pt019_r1_7536307_11-89ffb37037,2026-05-07T18:47:11.47Z,23.764,0,77.73,345,0,0,,,,
powertraces-pt100array_pt019_r1_7536307_11-89ffb37037,2026-05-07T18:47:11.47Z,23.764,1,77.17,345,0,0,,,,
powertraces-pt100array_pt019_r1_7536307_11-89ffb37037,2026-05-07T18:47:11.47Z,23.764,2,76.79,345,0,0,,,,
powertraces-pt100array_pt019_r1_7536307_11-89ffb37037,2026-05-07T18:47:11.47Z,23.764,3,77.81,345,0,0,,,,
powertraces-pt100array_pt019_r1_7536307_11-89ffb37037,2026-05-07T18:47:11.57Z,23.864,0,77.73,345,0,0,,,,
powertraces-pt100array_pt019_r1_7536307_11-89ffb37037,2026-05-07T18:47:11.57Z,23.864,1,77.16,345,0,0,,,,
powertraces-pt100array_pt019_r1_7536307_11-89ffb37037,2026-05-07T18:47:11.57Z,23.864,2,76.78,345,0,0,,,,
powertraces-pt100array_pt019_r1_7536307_11-89ffb37037,2026-05-07T18:47:11.57Z,23.864,3,77.82,345,0,0,,,,
powertraces-pt100array_pt019_r1_7536307_11-89ffb37037,2026-05-07T18:47:11.67Z,23.964,0,77.73,345,0,0,,,,
powertraces-pt100array_pt019_r1_7536307_11-89ffb37037,2026-05-07T18:47:11.67Z,23.964,1,77.16,345,0,0,,,,
powertraces-pt100array_pt019_r1_7536307_11-89ffb37037,2026-05-07T18:47:11.67Z,23.964,2,76.77,345,0,0,,,,
powertraces-pt100array_pt019_r1_7536307_11-89ffb37037,2026-05-07T18:47:11.67Z,23.964,3,77.82,345,0,0,,,,
powertraces-pt100array_pt019_r1_7536307_11-89ffb37037,2026-05-07T18:47:11.77Z,24.064,0,77.7,345,0,0,,,,
powertraces-pt100array_pt019_r1_7536307_11-89ffb37037,2026-05-07T18:47:11.771Z,24.065,1,77.17,345,0,0,,,,
powertraces-pt100array_pt019_r1_7536307_11-89ffb37037,2026-05-07T18:47:11.771Z,24.065,2,76.77,345,0,0,,,,
powertraces-pt100array_pt019_r1_7536307_11-89ffb37037,2026-05-07T18:47:11.771Z,24.065,3,77.82,345,0,0,,,,
powertraces-pt100array_pt019_r1_7536307_11-89ffb37037,2026-05-07T18:47:11.871Z,24.165,0,77.7,345,0,0,,,,
powertraces-pt100array_pt019_r1_7536307_11-89ffb37037,2026-05-07T18:47:11.871Z,24.165,1,77.17,345,0,0,,,,
powertraces-pt100array_pt019_r1_7536307_11-89ffb37037,2026-05-07T18:47:11.871Z,24.165,2,76.75,345,0,0,,,,
powertraces-pt100array_pt019_r1_7536307_11-89ffb37037,2026-05-07T18:47:11.871Z,24.165,3,77.84,345,0,0,,,,
powertraces-pt100array_pt019_r1_7536307_11-89ffb37037,2026-05-07T18:47:11.971Z,24.265,0,77.7,345,0,0,,,,
powertraces-pt100array_pt019_r1_7536307_11-89ffb37037,2026-05-07T18:47:11.971Z,24.265,1,77.13,345,0,0,,,,
powertraces-pt100array_pt019_r1_7536307_11-89ffb37037,2026-05-07T18:47:11.971Z,24.265,2,76.74,345,0,0,,,,
powertraces-pt100array_pt019_r1_7536307_11-89ffb37037,2026-05-07T18:47:11.971Z,24.265,3,77.86,345,0,0,,,,
powertraces-pt100array_pt019_r1_7536307_11-89ffb37037,2026-05-07T18:47:12.071Z,24.365,0,77.69,345,0,0,,,,
powertraces-pt100array_pt019_r1_7536307_11-89ffb37037,2026-05-07T18:47:12.071Z,24.365,1,77.15,345,0,0,,,,
powertraces-pt100array_pt019_r1_7536307_11-89ffb37037,2026-05-07T18:47:12.071Z,24.365,2,76.75,345,0,0,,,,
powertraces-pt100array_pt019_r1_7536307_11-89ffb37037,2026-05-07T18:47:12.071Z,24.365,3,77.9,345,0,0,,,,
powertraces-pt100array_pt019_r1_7536307_11-89ffb37037,2026-05-07T18:47:12.172Z,24.466,0,77.71,345,0,0,,,,
powertraces-pt100array_pt019_r1_7536307_11-89ffb37037,2026-05-07T18:47:12.172Z,24.466,1,77.17,345,0,0,,,,
powertraces-pt100array_pt019_r1_7536307_11-89ffb37037,2026-05-07T18:47:12.172Z,24.466,2,76.75,345,0,0,,,,
powertraces-pt100array_pt019_r1_7536307_11-89ffb37037,2026-05-07T18:47:12.172Z,24.466,3,77.9,345,0,0,,,,
powertraces-pt100array_pt019_r1_7536307_11-89ffb37037,2026-05-07T18:47:12.272Z,24.566,0,77.7,345,0,0,,,,
powertraces-pt100array_pt019_r1_7536307_11-89ffb37037,2026-05-07T18:47:12.272Z,24.566,1,77.16,345,0,0,,,,
powertraces-pt100array_pt019_r1_7536307_11-89ffb37037,2026-05-07T18:47:12.272Z,24.566,2,76.75,345,0,0,,,,
powertraces-pt100array_pt019_r1_7536307_11-89ffb37037,2026-05-07T18:47:12.272Z,24.566,3,77.92,345,0,0,,,,
powertraces-pt100array_pt019_r1_7536307_11-89ffb37037,2026-05-07T18:47:12.372Z,24.666,0,77.69,345,0,0,,,,
powertraces-pt100array_pt019_r1_7536307_11-89ffb37037,2026-05-07T18:47:12.372Z,24.666,1,77.13,345,0,0,,,,
powertraces-pt100array_pt019_r1_7536307_11-89ffb37037,2026-05-07T18:47:12.372Z,24.666,2,76.77,345,0,0,,,,
powertraces-pt100array_pt019_r1_7536307_11-89ffb37037,2026-05-07T18:47:12.372Z,24.666,3,77.95,345,0,0,,,,
powertraces-pt100array_pt019_r1_7536307_11-89ffb37037,2026-05-07T18:47:12.472Z,24.766,0,77.7,345,0,0,,,,
powertraces-pt100array_pt019_r1_7536307_11-89ffb37037,2026-05-07T18:47:12.472Z,24.766,1,77.14,345,0,0,,,,
powertraces-pt100array_pt019_r1_7536307_11-89ffb37037,2026-05-07T18:47:12.472Z,24.766,2,76.77,345,0,0,,,,
powertraces-pt100array_pt019_r1_7536307_11-89ffb37037,2026-05-07T18:47:12.472Z,24.766,3,77.93,345,0,0,,,,
powertraces-pt100array_pt019_r1_7536307_11-89ffb37037,2026-05-07T18:47:12.572Z,24.866,0,77.72,345,0,0,,,,
powertraces-pt100array_pt019_r1_7536307_11-89ffb37037,2026-05-07T18:47:12.572Z,24.866,1,77.18,345,0,0,,,,
powertraces-pt100array_pt019_r1_7536307_11-89ffb37037,2026-05-07T18:47:12.572Z,24.866,2,76.78,345,0,0,,,,
powertraces-pt100array_pt019_r1_7536307_11-89ffb37037,2026-05-07T18:47:12.572Z,24.866,3,77.95,345,0,0,,,,
powertraces-pt100array_pt019_r1_7536307_11-89ffb37037,2026-05-07T18:47:12.673Z,24.967,0,77.73,345,0,0,,,,
powertraces-pt100array_pt019_r1_7536307_11-89ffb37037,2026-05-07T18:47:12.673Z,24.967,1,77.19,345,0,0,,,,
powertraces-pt100array_pt019_r1_7536307_11-89ffb37037,2026-05-07T18:47:12.673Z,24.967,2,76.78,345,0,0,,,,
powertraces-pt100array_pt019_r1_7536307_11-89ffb37037,2026-05-07T18:47:12.673Z,24.967,3,77.94,345,0,0,,,,
powertraces-pt100array_pt019_r1_7536307_11-89ffb37037,2026-05-07T18:47:12.773Z,25.067,0,77.75,345,0,0,,,,
powertraces-pt100array_pt019_r1_7536307_11-89ffb37037,2026-05-07T18:47:12.773Z,25.067,1,77.14,345,0,0,,,,
powertraces-pt100array_pt019_r1_7536307_11-89ffb37037,2026-05-07T18:47:12.773Z,25.067,2,76.81,345,0,0,,,,
powertraces-pt100array_pt019_r1_7536307_11-89ffb37037,2026-05-07T18:47:12.773Z,25.067,3,77.95,345,0,0,,,,
powertraces-pt100array_pt019_r1_7536307_11-89ffb37037,2026-05-07T18:47:12.873Z,25.167,0,77.76,345,0,0,,,,
powertraces-pt100array_pt019_r1_7536307_11-89ffb37037,2026-05-07T18:47:12.873Z,25.167,1,77.13,345,0,0,,,,
powertraces-pt100array_pt019_r1_7536307_11-89ffb37037,2026-05-07T18:47:12.873Z,25.167,2,76.82,345,0,0,,,,
powertraces-pt100array_pt019_r1_7536307_11-89ffb37037,2026-05-07T18:47:12.873Z,25.167,3,77.93,345,0,0,,,,
powertraces-pt100array_pt019_r1_7536307_11-89ffb37037,2026-05-07T18:47:12.973Z,25.267,0,77.77,345,0,0,,,,
powertraces-pt100array_pt019_r1_7536307_11-89ffb37037,2026-05-07T18:47:12.973Z,25.267,1,77.17,345,0,0,,,,
powertraces-pt100array_pt019_r1_7536307_11-89ffb37037,2026-05-07T18:47:12.973Z,25.267,2,76.82,345,0,0,,,,
powertraces-pt100array_pt019_r1_7536307_11-89ffb37037,2026-05-07T18:47:12.973Z,25.267,3,77.9,345,0,0,,,,
powertraces-pt100array_pt019_r1_7536307_11-89ffb37037,2026-05-07T18:47:13.073Z,25.367,0,77.77,345,0,0,,,,
powertraces-pt100array_pt019_r1_7536307_11-89ffb37037,2026-05-07T18:47:13.073Z,25.367,1,77.18,345,0,0,,,,
powertraces-pt100array_pt019_r1_7536307_11-89ffb37037,2026-05-07T18:47:13.073Z,25.367,2,76.78,345,0,0,,,,
powertraces-pt100array_pt019_r1_7536307_11-89ffb37037,2026-05-07T18:47:13.073Z,25.367,3,77.9,345,0,0,,,,
powertraces-pt100array_pt019_r1_7536307_11-89ffb37037,2026-05-07T18:47:13.174Z,25.468,0,77.75,345,0,0,,,,
powertraces-pt100array_pt019_r1_7536307_11-89ffb37037,2026-05-07T18:47:13.174Z,25.468,1,77.15,345,0,0,,,,
powertraces-pt100array_pt019_r1_7536307_11-89ffb37037,2026-05-07T18:47:13.174Z,25.468,2,76.76,345,0,0,,,,
powertraces-pt100array_pt019_r1_7536307_11-89ffb37037,2026-05-07T18:47:13.174Z,25.468,3,77.91,345,0,0,,,,
powertraces-pt100array_pt019_r1_7536307_11-89ffb37037,2026-05-07T18:47:13.274Z,25.568,0,77.77,345,0,0,,,,
powertraces-pt100array_pt019_r1_7536307_11-89ffb37037,2026-05-07T18:47:13.274Z,25.568,1,77.14,345,0,0,,,,
powertraces-pt100array_pt019_r1_7536307_11-89ffb37037,2026-05-07T18:47:13.274Z,25.568,2,76.76,345,0,0,,,,
powertraces-pt100array_pt019_r1_7536307_11-89ffb37037,2026-05-07T18:47:13.274Z,25.568,3,77.92,345,0,0,,,,
powertraces-pt100array_pt019_r1_7536307_11-89ffb37037,2026-05-07T18:47:13.374Z,25.668,0,77.77,345,0,0,,,,
powertraces-pt100array_pt019_r1_7536307_11-89ffb37037,2026-05-07T18:47:13.374Z,25.668,1,77.17,345,0,0,,,,
powertraces-pt100array_pt019_r1_7536307_11-89ffb37037,2026-05-07T18:47:13.374Z,25.668,2,76.75,345,0,0,,,,
powertraces-pt100array_pt019_r1_7536307_11-89ffb37037,2026-05-07T18:47:13.374Z,25.668,3,77.91,345,0,0,,,,
powertraces-pt100array_pt019_r1_7536307_11-89ffb37037,2026-05-07T18:47:13.474Z,25.768,0,77.78,345,0,0,,,,
powertraces-pt100array_pt019_r1_7536307_11-89ffb37037,2026-05-07T18:47:13.474Z,25.768,1,77.17,345,0,0,,,,
powertraces-pt100array_pt019_r1_7536307_11-89ffb37037,2026-05-07T18:47:13.474Z,25.768,2,76.76,345,0,0,,,,
powertraces-pt100array_pt019_r1_7536307_11-89ffb37037,2026-05-07T18:47:13.474Z,25.768,3,77.93,345,0,0,,,,
powertraces-pt100array_pt019_r1_7536307_11-89ffb37037,2026-05-07T18:47:13.574Z,25.868,0,77.76,345,0,0,,,,
powertraces-pt100array_pt019_r1_7536307_11-89ffb37037,2026-05-07T18:47:13.575Z,25.869,1,77.14,345,0,0,,,,
powertraces-pt100array_pt019_r1_7536307_11-89ffb37037,2026-05-07T18:47:13.575Z,25.869,2,76.76,345,0,0,,,,
powertraces-pt100array_pt019_r1_7536307_11-89ffb37037,2026-05-07T18:47:13.575Z,25.869,3,77.92,345,0,0,,,,
powertraces-pt100array_pt019_r1_7536307_11-89ffb37037,2026-05-07T18:47:13.675Z,25.969,0,77.79,345,0,0,,,,
powertraces-pt100array_pt019_r1_7536307_11-89ffb37037,2026-05-07T18:47:13.675Z,25.969,1,77.1,345,0,0,,,,
powertraces-pt100array_pt019_r1_7536307_11-89ffb37037,2026-05-07T18:47:13.675Z,25.969,2,76.76,345,0,0,,,,
powertraces-pt100array_pt019_r1_7536307_11-89ffb37037,2026-05-07T18:47:13.675Z,25.969,3,77.94,345,0,0,,,,
powertraces-pt100array_pt019_r1_7536307_11-89ffb37037,2026-05-07T18:47:13.775Z,26.069,0,77.81,345,0,0,,,,
powertraces-pt100array_pt019_r1_7536307_11-89ffb37037,2026-05-07T18:47:13.775Z,26.069,1,77.17,345,0,0,,,,
powertraces-pt100array_pt019_r1_7536307_11-89ffb37037,2026-05-07T18:47:13.775Z,26.069,2,76.74,345,0,0,,,,
powertraces-pt100array_pt019_r1_7536307_11-89ffb37037,2026-05-07T18:47:13.775Z,26.069,3,77.94,345,0,0,,,,
powertraces-pt100array_pt019_r1_7536307_11-89ffb37037,2026-05-07T18:47:13.875Z,26.169,0,77.81,345,0,0,,,,
powertraces-pt100array_pt019_r1_7536307_11-89ffb37037,2026-05-07T18:47:13.875Z,26.169,1,77.17,345,0,0,,,,
powertraces-pt100array_pt019_r1_7536307_11-89ffb37037,2026-05-07T18:47:13.875Z,26.169,2,76.74,345,0,0,,,,
powertraces-pt100array_pt019_r1_7536307_11-89ffb37037,2026-05-07T18:47:13.875Z,26.169,3,77.95,345,0,0,,,,
powertraces-pt100array_pt019_r1_7536307_11-89ffb37037,2026-05-07T18:47:13.975Z,26.269,0,77.81,345,0,0,,,,
powertraces-pt100array_pt019_r1_7536307_11-89ffb37037,2026-05-07T18:47:13.975Z,26.269,1,77.18,345,0,0,,,,
powertraces-pt100array_pt019_r1_7536307_11-89ffb37037,2026-05-07T18:47:13.975Z,26.269,2,76.73,345,0,0,,,,
powertraces-pt100array_pt019_r1_7536307_11-89ffb37037,2026-05-07T18:47:13.975Z,26.269,3,77.94,345,0,0,,,,
powertraces-pt100array_pt019_r1_7536307_11-89ffb37037,2026-05-07T18:47:14.076Z,26.37,0,77.81,345,0,0,,,,
powertraces-pt100array_pt019_r1_7536307_11-89ffb37037,2026-05-07T18:47:14.076Z,26.37,1,77.13,345,0,0,,,,
powertraces-pt100array_pt019_r1_7536307_11-89ffb37037,2026-05-07T18:47:14.076Z,26.37,2,76.74,345,0,0,,,,
powertraces-pt100array_pt019_r1_7536307_11-89ffb37037,2026-05-07T18:47:14.076Z,26.37,3,77.94,345,0,0,,,,
powertraces-pt100array_pt019_r1_7536307_11-89ffb37037,2026-05-07T18:47:14.176Z,26.47,0,77.82,345,0,0,,,,
powertraces-pt100array_pt019_r1_7536307_11-89ffb37037,2026-05-07T18:47:14.176Z,26.47,1,77.16,345,0,0,,,,
powertraces-pt100array_pt019_r1_7536307_11-89ffb37037,2026-05-07T18:47:14.176Z,26.47,2,76.76,345,0,0,,,,
powertraces-pt100array_pt019_r1_7536307_11-89ffb37037,2026-05-07T18:47:14.176Z,26.47,3,77.92,345,0,0,,,,
powertraces-pt100array_pt019_r1_7536307_11-89ffb37037,2026-05-07T18:47:14.276Z,26.57,0,77.82,345,0,0,,,,
powertraces-pt100array_pt019_r1_7536307_11-89ffb37037,2026-05-07T18:47:14.276Z,26.57,1,77.2,345,0,0,,,,
powertraces-pt100array_pt019_r1_7536307_11-89ffb37037,2026-05-07T18:47:14.276Z,26.57,2,76.76,345,0,0,,,,
powertraces-pt100array_pt019_r1_7536307_11-89ffb37037,2026-05-07T18:47:14.276Z,26.57,3,77.9,345,0,0,,,,
powertraces-pt100array_pt019_r1_7536307_11-89ffb37037,2026-05-07T18:47:14.376Z,26.67,0,77.82,345,0,0,,,,
powertraces-pt100array_pt019_r1_7536307_11-89ffb37037,2026-05-07T18:47:14.376Z,26.67,1,77.18,345,0,0,,,,
powertraces-pt100array_pt019_r1_7536307_11-89ffb37037,2026-05-07T18:47:14.376Z,26.67,2,76.75,345,0,0,,,,
powertraces-pt100array_pt019_r1_7536307_11-89ffb37037,2026-05-07T18:47:14.376Z,26.67,3,77.9,345,0,0,,,,
powertraces-pt100array_pt019_r1_7536307_11-89ffb37037,2026-05-07T18:47:14.476Z,26.77,0,77.81,345,0,0,,,,
powertraces-pt100array_pt019_r1_7536307_11-89ffb37037,2026-05-07T18:47:14.477Z,26.771,1,77.14,345,0,0,,,,
powertraces-pt100array_pt019_r1_7536307_11-89ffb37037,2026-05-07T18:47:14.477Z,26.771,2,76.75,345,0,0,,,,
powertraces-pt100array_pt019_r1_7536307_11-89ffb37037,2026-05-07T18:47:14.477Z,26.771,3,77.89,345,0,0,,,,
powertraces-pt100array_pt019_r1_7536307_11-89ffb37037,2026-05-07T18:47:14.577Z,26.871,0,77.8,345,0,0,,,,
powertraces-pt100array_pt019_r1_7536307_11-89ffb37037,2026-05-07T18:47:14.577Z,26.871,1,77.18,345,0,0,,,,
powertraces-pt100array_pt019_r1_7536307_11-89ffb37037,2026-05-07T18:47:14.577Z,26.871,2,76.76,345,0,0,,,,
powertraces-pt100array_pt019_r1_7536307_11-89ffb37037,2026-05-07T18:47:14.577Z,26.871,3,77.87,345,0,0,,,,
powertraces-pt100array_pt019_r1_7536307_11-89ffb37037,2026-05-07T18:47:14.677Z,26.971,0,77.8,345,0,0,,,,
powertraces-pt100array_pt019_r1_7536307_11-89ffb37037,2026-05-07T18:47:14.677Z,26.971,1,77.18,345,0,0,,,,
powertraces-pt100array_pt019_r1_7536307_11-89ffb37037,2026-05-07T18:47:14.677Z,26.971,2,76.77,345,0,0,,,,
powertraces-pt100array_pt019_r1_7536307_11-89ffb37037,2026-05-07T18:47:14.677Z,26.971,3,77.88,345,0,0,,,,
powertraces-pt100array_pt019_r1_7536307_11-89ffb37037,2026-05-07T18:47:14.777Z,27.071,0,77.8,345,0,0,,,,
powertraces-pt100array_pt019_r1_7536307_11-89ffb37037,2026-05-07T18:47:14.777Z,27.071,1,77.18,345,0,0,,,,
powertraces-pt100array_pt019_r1_7536307_11-89ffb37037,2026-05-07T18:47:14.777Z,27.071,2,76.79,345,0,0,,,,
powertraces-pt100array_pt019_r1_7536307_11-89ffb37037,2026-05-07T18:47:14.777Z,27.071,3,77.87,345,0,0,,,,
powertraces-pt100array_pt019_r1_7536307_11-89ffb37037,2026-05-07T18:47:14.877Z,27.171,0,77.79,345,0,0,,,,
powertraces-pt100array_pt019_r1_7536307_11-89ffb37037,2026-05-07T18:47:14.877Z,27.171,1,77.14,345,0,0,,,,
powertraces-pt100array_pt019_r1_7536307_11-89ffb37037,2026-05-07T18:47:14.877Z,27.171,2,76.79,345,0,0,,,,
powertraces-pt100array_pt019_r1_7536307_11-89ffb37037,2026-05-07T18:47:14.877Z,27.171,3,77.88,345,0,0,,,,
powertraces-pt100array_pt019_r1_7536307_11-89ffb37037,2026-05-07T18:47:14.977Z,27.271,0,77.8,345,0,0,,,,
powertraces-pt100array_pt019_r1_7536307_11-89ffb37037,2026-05-07T18:47:14.978Z,27.272,1,77.13,345,0,0,,,,
powertraces-pt100array_pt019_r1_7536307_11-89ffb37037,2026-05-07T18:47:14.978Z,27.272,2,76.79,345,0,0,,,,
powertraces-pt100array_pt019_r1_7536307_11-89ffb37037,2026-05-07T18:47:14.978Z,27.272,3,77.89,345,0,0,,,,
powertraces-pt100array_pt019_r1_7536307_11-89ffb37037,2026-05-07T18:47:15.078Z,27.372,0,77.8,345,0,0,,,,
powertraces-pt100array_pt019_r1_7536307_11-89ffb37037,2026-05-07T18:47:15.078Z,27.372,1,77.16,345,0,0,,,,
powertraces-pt100array_pt019_r1_7536307_11-89ffb37037,2026-05-07T18:47:15.078Z,27.372,2,76.79,345,0,0,,,,
powertraces-pt100array_pt019_r1_7536307_11-89ffb37037,2026-05-07T18:47:15.078Z,27.372,3,77.89,345,0,0,,,,
powertraces-pt100array_pt019_r1_7536307_11-89ffb37037,2026-05-07T18:47:15.178Z,27.472,0,77.8,345,0,0,,,,
powertraces-pt100array_pt019_r1_7536307_11-89ffb37037,2026-05-07T18:47:15.178Z,27.472,1,77.17,345,0,0,,,,
powertraces-pt100array_pt019_r1_7536307_11-89ffb37037,2026-05-07T18:47:15.178Z,27.472,2,76.77,345,0,0,,,,
powertraces-pt100array_pt019_r1_7536307_11-89ffb37037,2026-05-07T18:47:15.178Z,27.472,3,77.91,345,0,0,,,,
powertraces-pt100array_pt019_r1_7536307_11-89ffb37037,2026-05-07T18:47:15.278Z,27.572,0,77.79,345,0,0,,,,
powertraces-pt100array_pt019_r1_7536307_11-89ffb37037,2026-05-07T18:47:15.278Z,27.572,1,77.16,345,0,0,,,,
powertraces-pt100array_pt019_r1_7536307_11-89ffb37037,2026-05-07T18:47:15.278Z,27.572,2,76.76,345,0,0,,,,
powertraces-pt100array_pt019_r1_7536307_11-89ffb37037,2026-05-07T18:47:15.278Z,27.572,3,77.93,345,0,0,,,,
powertraces-pt100array_pt019_r1_7536307_11-89ffb37037,2026-05-07T18:47:15.378Z,27.672,0,77.77,345,0,0,,,,
powertraces-pt100array_pt019_r1_7536307_11-89ffb37037,2026-05-07T18:47:15.378Z,27.672,1,77.16,345,0,0,,,,
powertraces-pt100array_pt019_r1_7536307_11-89ffb37037,2026-05-07T18:47:15.378Z,27.672,2,76.77,345,0,0,,,,
powertraces-pt100array_pt019_r1_7536307_11-89ffb37037,2026-05-07T18:47:15.378Z,27.672,3,77.9,345,0,0,,,,
powertraces-pt100array_pt019_r1_7536307_11-89ffb37037,2026-05-07T18:47:15.478Z,27.772,0,77.78,345,0,0,,,,
powertraces-pt100array_pt019_r1_7536307_11-89ffb37037,2026-05-07T18:47:15.478Z,27.772,1,77.19,345,0,0,,,,
powertraces-pt100array_pt019_r1_7536307_11-89ffb37037,2026-05-07T18:47:15.479Z,27.773,2,76.77,345,0,0,,,,
powertraces-pt100array_pt019_r1_7536307_11-89ffb37037,2026-05-07T18:47:15.479Z,27.773,3,77.9,345,0,0,,,,
powertraces-pt100array_pt019_r1_7536307_11-89ffb37037,2026-05-07T18:47:15.579Z,27.873,0,77.78,345,0,0,,,,
powertraces-pt100array_pt019_r1_7536307_11-89ffb37037,2026-05-07T18:47:15.579Z,27.873,1,77.16,345,0,0,,,,
powertraces-pt100array_pt019_r1_7536307_11-89ffb37037,2026-05-07T18:47:15.579Z,27.873,2,76.78,345,0,0,,,,
powertraces-pt100array_pt019_r1_7536307_11-89ffb37037,2026-05-07T18:47:15.579Z,27.873,3,77.9,345,0,0,,,,
powertraces-pt100array_pt019_r1_7536307_11-89ffb37037,2026-05-07T18:47:15.679Z,27.973,0,77.79,345,0,0,,,,
powertraces-pt100array_pt019_r1_7536307_11-89ffb37037,2026-05-07T18:47:15.679Z,27.973,1,77.16,345,0,0,,,,
powertraces-pt100array_pt019_r1_7536307_11-89ffb37037,2026-05-07T18:47:15.679Z,27.973,2,76.77,345,0,0,,,,
powertraces-pt100array_pt019_r1_7536307_11-89ffb37037,2026-05-07T18:47:15.679Z,27.973,3,77.91,345,0,0,,,,
powertraces-pt100array_pt019_r1_7536307_11-89ffb37037,2026-05-07T18:47:15.779Z,28.073,0,77.8,345,0,0,,,,
powertraces-pt100array_pt019_r1_7536307_11-89ffb37037,2026-05-07T18:47:15.779Z,28.073,1,77.15,345,0,0,,,,
powertraces-pt100array_pt019_r1_7536307_11-89ffb37037,2026-05-07T18:47:15.779Z,28.073,2,76.76,345,0,0,,,,
powertraces-pt100array_pt019_r1_7536307_11-89ffb37037,2026-05-07T18:47:15.779Z,28.073,3,77.91,345,0,0,,,,
powertraces-pt100array_pt019_r1_7536307_11-89ffb37037,2026-05-07T18:47:15.879Z,28.173,0,77.79,345,0,0,,,,
powertraces-pt100array_pt019_r1_7536307_11-89ffb37037,2026-05-07T18:47:15.879Z,28.173,1,77.18,345,0,0,,,,
powertraces-pt100array_pt019_r1_7536307_11-89ffb37037,2026-05-07T18:47:15.879Z,28.173,2,76.75,345,0,0,,,,
powertraces-pt100array_pt019_r1_7536307_11-89ffb37037,2026-05-07T18:47:15.879Z,28.173,3,77.94,345,0,0,,,,
powertraces-pt100array_pt019_r1_7536307_11-89ffb37037,2026-05-07T18:47:15.98Z,28.274,0,77.79,345,0,0,,,,
powertraces-pt100array_pt019_r1_7536307_11-89ffb37037,2026-05-07T18:47:15.98Z,28.274,1,77.21,345,0,0,,,,
powertraces-pt100array_pt019_r1_7536307_11-89ffb37037,2026-05-07T18:47:15.98Z,28.274,2,76.77,345,0,0,,,,
powertraces-pt100array_pt019_r1_7536307_11-89ffb37037,2026-05-07T18:47:15.98Z,28.274,3,77.96,345,0,0,,,,
powertraces-pt100array_pt019_r1_7536307_11-89ffb37037,2026-05-07T18:47:16.08Z,28.374,0,77.78,345,0,0,,,,
powertraces-pt100array_pt019_r1_7536307_11-89ffb37037,2026-05-07T18:47:16.08Z,28.374,1,77.2,345,0,0,,,,
powertraces-pt100array_pt019_r1_7536307_11-89ffb37037,2026-05-07T18:47:16.08Z,28.374,2,76.76,345,0,0,,,,
powertraces-pt100array_pt019_r1_7536307_11-89ffb37037,2026-05-07T18:47:16.08Z,28.374,3,77.96,345,0,0,,,,
powertraces-pt100array_pt019_r1_7536307_11-89ffb37037,2026-05-07T18:47:16.18Z,28.474,0,77.77,345,0,0,,,,
powertraces-pt100array_pt019_r1_7536307_11-89ffb37037,2026-05-07T18:47:16.18Z,28.474,1,77.16,345,0,0,,,,
powertraces-pt100array_pt019_r1_7536307_11-89ffb37037,2026-05-07T18:47:16.18Z,28.474,2,76.78,345,0,0,,,,
powertraces-pt100array_pt019_r1_7536307_11-89ffb37037,2026-05-07T18:47:16.18Z,28.474,3,77.94,345,0,0,,,,
powertraces-pt100array_pt019_r1_7536307_11-89ffb37037,2026-05-07T18:47:16.28Z,28.574,0,77.76,345,0,0,,,,
powertraces-pt100array_pt019_r1_7536307_11-89ffb37037,2026-05-07T18:47:16.28Z,28.574,1,77.16,345,0,0,,,,
powertraces-pt100array_pt019_r1_7536307_11-89ffb37037,2026-05-07T18:47:16.28Z,28.574,2,76.78,345,0,0,,,,
powertraces-pt100array_pt019_r1_7536307_11-89ffb37037,2026-05-07T18:47:16.28Z,28.574,3,77.95,345,0,0,,,,
powertraces-pt100array_pt019_r1_7536307_11-89ffb37037,2026-05-07T18:47:16.38Z,28.674,0,77.75,345,0,0,,,,
powertraces-pt100array_pt019_r1_7536307_11-89ffb37037,2026-05-07T18:47:16.381Z,28.675,1,77.19,345,0,0,,,,
powertraces-pt100array_pt019_r1_7536307_11-89ffb37037,2026-05-07T18:47:16.381Z,28.675,2,76.79,345,0,0,,,,
powertraces-pt100array_pt019_r1_7536307_11-89ffb37037,2026-05-07T18:47:16.381Z,28.675,3,77.96,345,0,0,,,,
powertraces-pt100array_pt019_r1_7536307_11-89ffb37037,2026-05-07T18:47:16.481Z,28.775,0,77.75,345,0,0,,,,
powertraces-pt100array_pt019_r1_7536307_11-89ffb37037,2026-05-07T18:47:16.481Z,28.775,1,77.17,345,0,0,,,,
powertraces-pt100array_pt019_r1_7536307_11-89ffb37037,2026-05-07T18:47:16.481Z,28.775,2,76.8,345,0,0,,,,
powertraces-pt100array_pt019_r1_7536307_11-89ffb37037,2026-05-07T18:47:16.481Z,28.775,3,77.96,345,0,0,,,,
powertraces-pt100array_pt019_r1_7536307_11-89ffb37037,2026-05-07T18:47:16.581Z,28.875,0,77.75,345,0,0,,,,
powertraces-pt100array_pt019_r1_7536307_11-89ffb37037,2026-05-07T18:47:16.581Z,28.875,1,77.14,345,0,0,,,,
powertraces-pt100array_pt019_r1_7536307_11-89ffb37037,2026-05-07T18:47:16.581Z,28.875,2,76.79,345,0,0,,,,
powertraces-pt100array_pt019_r1_7536307_11-89ffb37037,2026-05-07T18:47:16.581Z,28.875,3,77.95,345,0,0,,,,
powertraces-pt100array_pt019_r1_7536307_11-89ffb37037,2026-05-07T18:47:16.681Z,28.975,0,77.73,345,0,0,,,,
powertraces-pt100array_pt019_r1_7536307_11-89ffb37037,2026-05-07T18:47:16.681Z,28.975,1,77.16,345,0,0,,,,
powertraces-pt100array_pt019_r1_7536307_11-89ffb37037,2026-05-07T18:47:16.681Z,28.975,2,76.81,345,0,0,,,,
powertraces-pt100array_pt019_r1_7536307_11-89ffb37037,2026-05-07T18:47:16.681Z,28.975,3,77.96,345,0,0,,,,
powertraces-pt100array_pt019_r1_7536307_11-89ffb37037,2026-05-07T18:47:16.781Z,29.075,0,77.72,345,0,0,,,,
powertraces-pt100array_pt019_r1_7536307_11-89ffb37037,2026-05-07T18:47:16.781Z,29.075,1,77.18,345,0,0,,,,
powertraces-pt100array_pt019_r1_7536307_11-89ffb37037,2026-05-07T18:47:16.781Z,29.075,2,76.82,345,0,0,,,,
powertraces-pt100array_pt019_r1_7536307_11-89ffb37037,2026-05-07T18:47:16.781Z,29.075,3,77.94,345,0,0,,,,
powertraces-pt100array_pt019_r1_7536307_11-89ffb37037,2026-05-07T18:47:16.881Z,29.175,0,77.73,345,0,0,,,,
powertraces-pt100array_pt019_r1_7536307_11-89ffb37037,2026-05-07T18:47:16.882Z,29.176,1,77.17,345,0,0,,,,
powertraces-pt100array_pt019_r1_7536307_11-89ffb37037,2026-05-07T18:47:16.882Z,29.176,2,76.83,345,0,0,,,,
powertraces-pt100array_pt019_r1_7536307_11-89ffb37037,2026-05-07T18:47:16.882Z,29.176,3,77.89,345,0,0,,,,
powertraces-pt100array_pt019_r1_7536307_11-89ffb37037,2026-05-07T18:47:16.982Z,29.276,0,77.73,345,0,0,,,,
powertraces-pt100array_pt019_r1_7536307_11-89ffb37037,2026-05-07T18:47:16.982Z,29.276,1,77.13,345,0,0,,,,
powertraces-pt100array_pt019_r1_7536307_11-89ffb37037,2026-05-07T18:47:16.982Z,29.276,2,76.83,345,0,0,,,,
powertraces-pt100array_pt019_r1_7536307_11-89ffb37037,2026-05-07T18:47:16.982Z,29.276,3,77.88,345,0,0,,,,
powertraces-pt100array_pt019_r1_7536307_11-89ffb37037,2026-05-07T18:47:17.082Z,29.376,0,77.74,345,0,0,,,,
powertraces-pt100array_pt019_r1_7536307_11-89ffb37037,2026-05-07T18:47:17.082Z,29.376,1,77.17,345,0,0,,,,
powertraces-pt100array_pt019_r1_7536307_11-89ffb37037,2026-05-07T18:47:17.082Z,29.376,2,76.81,345,0,0,,,,
powertraces-pt100array_pt019_r1_7536307_11-89ffb37037,2026-05-07T18:47:17.082Z,29.376,3,77.88,345,0,0,,,,
powertraces-pt100array_pt019_r1_7536307_11-89ffb37037,2026-05-07T18:47:17.182Z,29.476,0,77.73,345,0,0,,,,
powertraces-pt100array_pt019_r1_7536307_11-89ffb37037,2026-05-07T18:47:17.182Z,29.476,1,77.17,345,0,0,,,,
powertraces-pt100array_pt019_r1_7536307_11-89ffb37037,2026-05-07T18:47:17.182Z,29.476,2,76.8,345,0,0,,,,
powertraces-pt100array_pt019_r1_7536307_11-89ffb37037,2026-05-07T18:47:17.182Z,29.476,3,77.9,345,0,0,,,,
powertraces-pt100array_pt019_r1_7536307_11-89ffb37037,2026-05-07T18:47:17.282Z,29.576,0,77.75,345,0,0,,,,
powertraces-pt100array_pt019_r1_7536307_11-89ffb37037,2026-05-07T18:47:17.282Z,29.576,1,77.21,345,0,0,,,,
powertraces-pt100array_pt019_r1_7536307_11-89ffb37037,2026-05-07T18:47:17.282Z,29.576,2,76.81,345,0,0,,,,
powertraces-pt100array_pt019_r1_7536307_11-89ffb37037,2026-05-07T18:47:17.282Z,29.576,3,77.9,345,0,0,,,,
powertraces-pt100array_pt019_r1_7536307_11-89ffb37037,2026-05-07T18:47:17.382Z,29.676,0,77.75,345,0,0,,,,
powertraces-pt100array_pt019_r1_7536307_11-89ffb37037,2026-05-07T18:47:17.383Z,29.677,1,77.17,345,0,0,,,,
powertraces-pt100array_pt019_r1_7536307_11-89ffb37037,2026-05-07T18:47:17.383Z,29.677,2,76.77,345,0,0,,,,
powertraces-pt100array_pt019_r1_7536307_11-89ffb37037,2026-05-07T18:47:17.383Z,29.677,3,77.92,345,0,0,,,,
powertraces-pt100array_pt019_r1_7536307_11-89ffb37037,2026-05-07T18:47:17.483Z,29.777,0,77.74,345,0,0,,,,
powertraces-pt100array_pt019_r1_7536307_11-89ffb37037,2026-05-07T18:47:17.483Z,29.777,1,77.18,345,0,0,,,,
powertraces-pt100array_pt019_r1_7536307_11-89ffb37037,2026-05-07T18:47:17.483Z,29.777,2,76.76,345,0,0,,,,
powertraces-pt100array_pt019_r1_7536307_11-89ffb37037,2026-05-07T18:47:17.483Z,29.777,3,77.91,345,0,0,,,,
powertraces-pt100array_pt019_r1_7536307_11-89ffb37037,2026-05-07T18:47:17.583Z,29.877,0,77.74,345,0,0,,,,
powertraces-pt100array_pt019_r1_7536307_11-89ffb37037,2026-05-07T18:47:17.583Z,29.877,1,77.21,345,0,0,,,,
powertraces-pt100array_pt019_r1_7536307_11-89ffb37037,2026-05-07T18:47:17.583Z,29.877,2,76.78,345,0,0,,,,
powertraces-pt100array_pt019_r1_7536307_11-89ffb37037,2026-05-07T18:47:17.583Z,29.877,3,77.94,345,0,0,,,,
powertraces-pt100array_pt019_r1_7536307_11-89ffb37037,2026-05-07T18:47:17.683Z,29.977,0,77.73,345,0,0,,,,
powertraces-pt100array_pt019_r1_7536307_11-89ffb37037,2026-05-07T18:47:17.683Z,29.977,1,77.21,345,0,0,,,,
powertraces-pt100array_pt019_r1_7536307_11-89ffb37037,2026-05-07T18:47:17.683Z,29.977,2,76.78,345,0,0,,,,
powertraces-pt100array_pt019_r1_7536307_11-89ffb37037,2026-05-07T18:47:17.683Z,29.977,3,77.92,345,0,0,,,,
powertraces-pt100array_pt019_r1_7536307_11-89ffb37037,2026-05-07T18:47:17.783Z,30.077,0,77.75,345,0,0,,,,
powertraces-pt100array_pt019_r1_7536307_11-89ffb37037,2026-05-07T18:47:17.783Z,30.077,1,77.18,345,0,0,,,,
powertraces-pt100array_pt019_r1_7536307_11-89ffb37037,2026-05-07T18:47:17.783Z,30.077,2,76.77,345,0,0,,,,
powertraces-pt100array_pt019_r1_7536307_11-89ffb37037,2026-05-07T18:47:17.783Z,30.077,3,77.92,345,0,0,,,,
powertraces-pt100array_pt019_r1_7536307_11-89ffb37037,2026-05-07T18:47:17.883Z,30.177,0,77.75,345,0,0,,,,
powertraces-pt100array_pt019_r1_7536307_11-89ffb37037,2026-05-07T18:47:17.884Z,30.178,1,77.17,345,0,0,,,,
powertraces-pt100array_pt019_r1_7536307_11-89ffb37037,2026-05-07T18:47:17.884Z,30.178,2,76.77,345,0,0,,,,
powertraces-pt100array_pt019_r1_7536307_11-89ffb37037,2026-05-07T18:47:17.884Z,30.178,3,77.93,345,0,0,,,,
powertraces-pt100array_pt019_r1_7536307_11-89ffb37037,2026-05-07T18:47:17.984Z,30.278,0,77.74,345,0,0,,,,
powertraces-pt100array_pt019_r1_7536307_11-89ffb37037,2026-05-07T18:47:17.984Z,30.278,1,77.2,345,0,0,,,,
powertraces-pt100array_pt019_r1_7536307_11-89ffb37037,2026-05-07T18:47:17.984Z,30.278,2,76.75,345,0,0,,,,
powertraces-pt100array_pt019_r1_7536307_11-89ffb37037,2026-05-07T18:47:17.984Z,30.278,3,77.91,345,0,0,,,,
powertraces-pt100array_pt019_r1_7536307_11-89ffb37037,2026-05-07T18:47:18.084Z,30.378,0,77.74,345,0,0,,,,
powertraces-pt100array_pt019_r1_7536307_11-89ffb37037,2026-05-07T18:47:18.084Z,30.378,1,77.21,345,0,0,,,,
powertraces-pt100array_pt019_r1_7536307_11-89ffb37037,2026-05-07T18:47:18.084Z,30.378,2,76.75,345,0,0,,,,
powertraces-pt100array_pt019_r1_7536307_11-89ffb37037,2026-05-07T18:47:18.084Z,30.378,3,77.91,345,0,0,,,,
powertraces-pt100array_pt019_r1_7536307_11-89ffb37037,2026-05-07T18:47:18.184Z,30.478,0,77.74,345,0,0,,,,
powertraces-pt100array_pt019_r1_7536307_11-89ffb37037,2026-05-07T18:47:18.184Z,30.478,1,77.21,345,0,0,,,,
powertraces-pt100array_pt019_r1_7536307_11-89ffb37037,2026-05-07T18:47:18.184Z,30.478,2,76.71,345,0,0,,,,
powertraces-pt100array_pt019_r1_7536307_11-89ffb37037,2026-05-07T18:47:18.184Z,30.478,3,77.91,345,0,0,,,,
powertraces-pt100array_pt019_r1_7536307_11-89ffb37037,2026-05-07T18:47:18.284Z,30.578,0,77.72,345,0,0,,,,
powertraces-pt100array_pt019_r1_7536307_11-89ffb37037,2026-05-07T18:47:18.285Z,30.579,1,77.16,345,0,0,,,,
powertraces-pt100array_pt019_r1_7536307_11-89ffb37037,2026-05-07T18:47:18.285Z,30.579,2,76.71,345,0,0,,,,
powertraces-pt100array_pt019_r1_7536307_11-89ffb37037,2026-05-07T18:47:18.285Z,30.579,3,77.89,345,0,0,,,,
powertraces-pt100array_pt019_r1_7536307_11-89ffb37037,2026-05-07T18:47:18.385Z,30.679,0,77.73,345,0,0,,,,
powertraces-pt100array_pt019_r1_7536307_11-89ffb37037,2026-05-07T18:47:18.385Z,30.679,1,77.18,345,0,0,,,,
powertraces-pt100array_pt019_r1_7536307_11-89ffb37037,2026-05-07T18:47:18.385Z,30.679,2,76.71,345,0,0,,,,
powertraces-pt100array_pt019_r1_7536307_11-89ffb37037,2026-05-07T18:47:18.385Z,30.679,3,77.9,345,0,0,,,,
powertraces-pt100array_pt019_r1_7536307_11-89ffb37037,2026-05-07T18:47:18.485Z,30.779,0,77.73,345,0,0,,,,
powertraces-pt100array_pt019_r1_7536307_11-89ffb37037,2026-05-07T18:47:18.485Z,30.779,1,77.2,345,0,0,,,,
powertraces-pt100array_pt019_r1_7536307_11-89ffb37037,2026-05-07T18:47:18.485Z,30.779,2,76.69,345,0,0,,,,
powertraces-pt100array_pt019_r1_7536307_11-89ffb37037,2026-05-07T18:47:18.485Z,30.779,3,77.93,345,0,0,,,,
powertraces-pt100array_pt019_r1_7536307_11-89ffb37037,2026-05-07T18:47:18.585Z,30.879,0,77.74,345,0,0,,,,
powertraces-pt100array_pt019_r1_7536307_11-89ffb37037,2026-05-07T18:47:18.585Z,30.879,1,77.18,345,0,0,,,,
powertraces-pt100array_pt019_r1_7536307_11-89ffb37037,2026-05-07T18:47:18.585Z,30.879,2,76.69,345,0,0,,,,
powertraces-pt100array_pt019_r1_7536307_11-89ffb37037,2026-05-07T18:47:18.585Z,30.879,3,77.93,345,0,0,,,,
powertraces-pt100array_pt019_r1_7536307_11-89ffb37037,2026-05-07T18:47:18.685Z,30.979,0,77.75,345,0,0,,,,
powertraces-pt100array_pt019_r1_7536307_11-89ffb37037,2026-05-07T18:47:18.685Z,30.979,1,77.15,345,0,0,,,,
powertraces-pt100array_pt019_r1_7536307_11-89ffb37037,2026-05-07T18:47:18.685Z,30.979,2,76.71,345,0,0,,,,
powertraces-pt100array_pt019_r1_7536307_11-89ffb37037,2026-05-07T18:47:18.685Z,30.979,3,77.95,345,0,0,,,,
powertraces-pt100array_pt019_r1_7536307_11-89ffb37037,2026-05-07T18:47:18.785Z,31.079,0,77.76,345,0,0,,,,
powertraces-pt100array_pt019_r1_7536307_11-89ffb37037,2026-05-07T18:47:18.786Z,31.08,1,77.17,345,0,0,,,,
powertraces-pt100array_pt019_r1_7536307_11-89ffb37037,2026-05-07T18:47:18.786Z,31.08,2,76.71,345,0,0,,,,
powertraces-pt100array_pt019_r1_7536307_11-89ffb37037,2026-05-07T18:47:18.786Z,31.08,3,77.97,345,0,0,,,,
powertraces-pt100array_pt019_r1_7536307_11-89ffb37037,2026-05-07T18:47:18.886Z,31.18,0,77.75,345,0,0,,,,
powertraces-pt100array_pt019_r1_7536307_11-89ffb37037,2026-05-07T18:47:18.886Z,31.18,1,77.2,345,0,0,,,,
powertraces-pt100array_pt019_r1_7536307_11-89ffb37037,2026-05-07T18:47:18.886Z,31.18,2,76.74,345,0,0,,,,
powertraces-pt100array_pt019_r1_7536307_11-89ffb37037,2026-05-07T18:47:18.886Z,31.18,3,77.96,345,0,0,,,,
powertraces-pt100array_pt019_r1_7536307_11-89ffb37037,2026-05-07T18:47:18.986Z,31.28,0,77.73,345,0,0,,,,
powertraces-pt100array_pt019_r1_7536307_11-89ffb37037,2026-05-07T18:47:18.986Z,31.28,1,77.21,345,0,0,,,,
powertraces-pt100array_pt019_r1_7536307_11-89ffb37037,2026-05-07T18:47:18.986Z,31.28,2,76.76,345,0,0,,,,
powertraces-pt100array_pt019_r1_7536307_11-89ffb37037,2026-05-07T18:47:18.986Z,31.28,3,77.95,345,0,0,,,,
powertraces-pt100array_pt019_r1_7536307_11-89ffb37037,2026-05-07T18:47:19.086Z,31.38,0,77.74,345,0,0,,,,
powertraces-pt100array_pt019_r1_7536307_11-89ffb37037,2026-05-07T18:47:19.086Z,31.38,1,77.15,345,0,0,,,,
powertraces-pt100array_pt019_r1_7536307_11-89ffb37037,2026-05-07T18:47:19.086Z,31.38,2,76.78,345,0,0,,,,
powertraces-pt100array_pt019_r1_7536307_11-89ffb37037,2026-05-07T18:47:19.086Z,31.38,3,77.93,345,0,0,,,,
powertraces-pt100array_pt019_r1_7536307_11-89ffb37037,2026-05-07T18:47:19.186Z,31.48,0,77.73,345,0,0,,,,
powertraces-pt100array_pt019_r1_7536307_11-89ffb37037,2026-05-07T18:47:19.186Z,31.48,1,77.16,345,0,0,,,,
powertraces-pt100array_pt019_r1_7536307_11-89ffb37037,2026-05-07T18:47:19.186Z,31.48,2,76.79,345,0,0,,,,
powertraces-pt100array_pt019_r1_7536307_11-89ffb37037,2026-05-07T18:47:19.186Z,31.48,3,77.91,345,0,0,,,,
powertraces-pt100array_pt019_r1_7536307_11-89ffb37037,2026-05-07T18:47:19.287Z,31.581,0,77.73,345,0,0,,,,
powertraces-pt100array_pt019_r1_7536307_11-89ffb37037,2026-05-07T18:47:19.287Z,31.581,1,77.2,345,0,0,,,,
powertraces-pt100array_pt019_r1_7536307_11-89ffb37037,2026-05-07T18:47:19.287Z,31.581,2,76.79,345,0,0,,,,
powertraces-pt100array_pt019_r1_7536307_11-89ffb37037,2026-05-07T18:47:19.287Z,31.581,3,77.89,345,0,0,,,,
powertraces-pt100array_pt019_r1_7536307_11-89ffb37037,2026-05-07T18:47:19.387Z,31.681,0,77.74,345,0,0,,,,
powertraces-pt100array_pt019_r1_7536307_11-89ffb37037,2026-05-07T18:47:19.387Z,31.681,1,77.19,345,0,0,,,,
powertraces-pt100array_pt019_r1_7536307_11-89ffb37037,2026-05-07T18:47:19.387Z,31.681,2,76.8,345,0,0,,,,
powertraces-pt100array_pt019_r1_7536307_11-89ffb37037,2026-05-07T18:47:19.387Z,31.681,3,77.86,345,0,0,,,,
powertraces-pt100array_pt019_r1_7536307_11-89ffb37037,2026-05-07T18:47:19.487Z,31.781,0,77.75,345,0,0,,,,
powertraces-pt100array_pt019_r1_7536307_11-89ffb37037,2026-05-07T18:47:19.487Z,31.781,1,77.15,345,0,0,,,,
powertraces-pt100array_pt019_r1_7536307_11-89ffb37037,2026-05-07T18:47:19.487Z,31.781,2,76.8,345,0,0,,,,
powertraces-pt100array_pt019_r1_7536307_11-89ffb37037,2026-05-07T18:47:19.487Z,31.781,3,77.84,345,0,0,,,,
powertraces-pt100array_pt019_r1_7536307_11-89ffb37037,2026-05-07T18:47:19.587Z,31.881,0,77.75,345,0,0,,,,
powertraces-pt100array_pt019_r1_7536307_11-89ffb37037,2026-05-07T18:47:19.587Z,31.881,1,77.14,345,0,0,,,,
powertraces-pt100array_pt019_r1_7536307_11-89ffb37037,2026-05-07T18:47:19.587Z,31.881,2,76.8,345,0,0,,,,
powertraces-pt100array_pt019_r1_7536307_11-89ffb37037,2026-05-07T18:47:19.587Z,31.881,3,77.83,345,0,0,,,,
powertraces-pt100array_pt019_r1_7536307_11-89ffb37037,2026-05-07T18:47:19.687Z,31.981,0,77.73,345,0,0,,,,
powertraces-pt100array_pt019_r1_7536307_11-89ffb37037,2026-05-07T18:47:19.687Z,31.981,1,77.17,345,0,0,,,,
powertraces-pt100array_pt019_r1_7536307_11-89ffb37037,2026-05-07T18:47:19.687Z,31.981,2,76.79,345,0,0,,,,
powertraces-pt100array_pt019_r1_7536307_11-89ffb37037,2026-05-07T18:47:19.687Z,31.981,3,77.82,345,0,0,,,,
powertraces-pt100array_pt019_r1_7536307_11-89ffb37037,2026-05-07T18:47:19.788Z,32.082,0,77.74,345,0,0,,,,
powertraces-pt100array_pt019_r1_7536307_11-89ffb37037,2026-05-07T18:47:19.788Z,32.082,1,77.18,345,0,0,,,,
powertraces-pt100array_pt019_r1_7536307_11-89ffb37037,2026-05-07T18:47:19.788Z,32.082,2,76.81,345,0,0,,,,
powertraces-pt100array_pt019_r1_7536307_11-89ffb37037,2026-05-07T18:47:19.788Z,32.082,3,77.83,345,0,0,,,,
powertraces-pt100array_pt019_r1_7536307_11-89ffb37037,2026-05-07T18:47:19.888Z,32.182,0,77.75,345,0,0,,,,
powertraces-pt100array_pt019_r1_7536307_11-89ffb37037,2026-05-07T18:47:19.888Z,32.182,1,77.15,345,0,0,,,,
powertraces-pt100array_pt019_r1_7536307_11-89ffb37037,2026-05-07T18:47:19.888Z,32.182,2,76.8,345,0,0,,,,
powertraces-pt100array_pt019_r1_7536307_11-89ffb37037,2026-05-07T18:47:19.888Z,32.182,3,77.85,345,0,0,,,,
powertraces-pt100array_pt019_r1_7536307_11-89ffb37037,2026-05-07T18:47:19.988Z,32.282,0,77.75,345,0,0,,,,
powertraces-pt100array_pt019_r1_7536307_11-89ffb37037,2026-05-07T18:47:19.988Z,32.282,1,77.15,345,0,0,,,,
powertraces-pt100array_pt019_r1_7536307_11-89ffb37037,2026-05-07T18:47:19.988Z,32.282,2,76.79,345,0,0,,,,
powertraces-pt100array_pt019_r1_7536307_11-89ffb37037,2026-05-07T18:47:19.988Z,32.282,3,77.88,345,0,0,,,,
powertraces-pt100array_pt019_r1_7536307_11-89ffb37037,2026-05-07T18:47:20.088Z,32.382,0,77.75,345,0,0,,,,
powertraces-pt100array_pt019_r1_7536307_11-89ffb37037,2026-05-07T18:47:20.088Z,32.382,1,77.16,345,0,0,,,,
powertraces-pt100array_pt019_r1_7536307_11-89ffb37037,2026-05-07T18:47:20.088Z,32.382,2,76.78,345,0,0,,,,
powertraces-pt100array_pt019_r1_7536307_11-89ffb37037,2026-05-07T18:47:20.088Z,32.382,3,77.88,345,0,0,,,,
powertraces-pt100array_pt019_r1_7536307_11-89ffb37037,2026-05-07T18:47:20.188Z,32.482,0,77.76,345,0,0,,,,
powertraces-pt100array_pt019_r1_7536307_11-89ffb37037,2026-05-07T18:47:20.188Z,32.482,1,77.17,345,0,0,,,,
powertraces-pt100array_pt019_r1_7536307_11-89ffb37037,2026-05-07T18:47:20.188Z,32.482,2,76.78,345,0,0,,,,
powertraces-pt100array_pt019_r1_7536307_11-89ffb37037,2026-05-07T18:47:20.188Z,32.482,3,77.87,345,0,0,,,,
powertraces-pt100array_pt019_r1_7536307_11-89ffb37037,2026-05-07T18:47:20.288Z,32.582,0,77.77,345,0,0,,,,
powertraces-pt100array_pt019_r1_7536307_11-89ffb37037,2026-05-07T18:47:20.289Z,32.583,1,77.13,345,0,0,,,,
powertraces-pt100array_pt019_r1_7536307_11-89ffb37037,2026-05-07T18:47:20.289Z,32.583,2,76.77,345,0,0,,,,
powertraces-pt100array_pt019_r1_7536307_11-89ffb37037,2026-05-07T18:47:20.289Z,32.583,3,77.86,345,0,0,,,,
powertraces-pt100array_pt019_r1_7536307_11-89ffb37037,2026-05-07T18:47:20.389Z,32.683,0,77.77,345,0,0,,,,
powertraces-pt100array_pt019_r1_7536307_11-89ffb37037,2026-05-07T18:47:20.389Z,32.683,1,77.1,345,0,0,,,,
powertraces-pt100array_pt019_r1_7536307_11-89ffb37037,2026-05-07T18:47:20.389Z,32.683,2,76.76,345,0,0,,,,
powertraces-pt100array_pt019_r1_7536307_11-89ffb37037,2026-05-07T18:47:20.389Z,32.683,3,77.87,345,0,0,,,,
powertraces-pt100array_pt019_r1_7536307_11-89ffb37037,2026-05-07T18:47:20.489Z,32.783,0,77.78,345,0,0,,,,
powertraces-pt100array_pt019_r1_7536307_11-89ffb37037,2026-05-07T18:47:20.489Z,32.783,1,77.15,345,0,0,,,,
powertraces-pt100array_pt019_r1_7536307_11-89ffb37037,2026-05-07T18:47:20.489Z,32.783,2,76.77,345,0,0,,,,
powertraces-pt100array_pt019_r1_7536307_11-89ffb37037,2026-05-07T18:47:20.489Z,32.783,3,77.86,345,0,0,,,,
powertraces-pt100array_pt019_r1_7536307_11-89ffb37037,2026-05-07T18:47:20.589Z,32.883,0,77.78,345,0,0,,,,
powertraces-pt100array_pt019_r1_7536307_11-89ffb37037,2026-05-07T18:47:20.589Z,32.883,1,77.18,345,0,0,,,,
powertraces-pt100array_pt019_r1_7536307_11-89ffb37037,2026-05-07T18:47:20.589Z,32.883,2,76.75,345,0,0,,,,
powertraces-pt100array_pt019_r1_7536307_11-89ffb37037,2026-05-07T18:47:20.589Z,32.883,3,77.85,345,0,0,,,,
powertraces-pt100array_pt019_r1_7536307_11-89ffb37037,2026-05-07T18:47:20.689Z,32.983,0,77.78,345,0,0,,,,
powertraces-pt100array_pt019_r1_7536307_11-89ffb37037,2026-05-07T18:47:20.689Z,32.983,1,77.16,345,0,0,,,,
powertraces-pt100array_pt019_r1_7536307_11-89ffb37037,2026-05-07T18:47:20.689Z,32.983,2,76.74,345,0,0,,,,
powertraces-pt100array_pt019_r1_7536307_11-89ffb37037,2026-05-07T18:47:20.689Z,32.983,3,77.86,345,0,0,,,,
powertraces-pt100array_pt019_r1_7536307_11-89ffb37037,2026-05-07T18:47:20.789Z,33.083,0,77.78,345,0,0,,,,
powertraces-pt100array_pt019_r1_7536307_11-89ffb37037,2026-05-07T18:47:20.79Z,33.084,1,77.15,345,0,0,,,,
powertraces-pt100array_pt019_r1_7536307_11-89ffb37037,2026-05-07T18:47:20.79Z,33.084,2,76.73,345,0,0,,,,
powertraces-pt100array_pt019_r1_7536307_11-89ffb37037,2026-05-07T18:47:20.79Z,33.084,3,77.86,345,0,0,,,,
powertraces-pt100array_pt019_r1_7536307_11-89ffb37037,2026-05-07T18:47:20.89Z,33.184,0,77.78,345,0,0,,,,
powertraces-pt100array_pt019_r1_7536307_11-89ffb37037,2026-05-07T18:47:20.89Z,33.184,1,77.15,345,0,0,,,,
powertraces-pt100array_pt019_r1_7536307_11-89ffb37037,2026-05-07T18:47:20.89Z,33.184,2,76.72,345,0,0,,,,
powertraces-pt100array_pt019_r1_7536307_11-89ffb37037,2026-05-07T18:47:20.89Z,33.184,3,77.84,345,0,0,,,,
powertraces-pt100array_pt019_r1_7536307_11-89ffb37037,2026-05-07T18:47:20.99Z,33.284,0,77.77,345,0,0,,,,
powertraces-pt100array_pt019_r1_7536307_11-89ffb37037,2026-05-07T18:47:20.99Z,33.284,1,77.18,345,0,0,,,,
powertraces-pt100array_pt019_r1_7536307_11-89ffb37037,2026-05-07T18:47:20.99Z,33.284,2,76.7,345,0,0,,,,
powertraces-pt100array_pt019_r1_7536307_11-89ffb37037,2026-05-07T18:47:20.99Z,33.284,3,77.85,345,0,0,,,,
powertraces-pt100array_pt019_r1_7536307_11-89ffb37037,2026-05-07T18:47:21.09Z,33.384,0,77.76,345,0,0,,,,
powertraces-pt100array_pt019_r1_7536307_11-89ffb37037,2026-05-07T18:47:21.09Z,33.384,1,77.18,345,0,0,,,,
powertraces-pt100array_pt019_r1_7536307_11-89ffb37037,2026-05-07T18:47:21.09Z,33.384,2,76.71,345,0,0,,,,
powertraces-pt100array_pt019_r1_7536307_11-89ffb37037,2026-05-07T18:47:21.09Z,33.384,3,77.85,345,0,0,,,,
powertraces-pt100array_pt019_r1_7536307_11-89ffb37037,2026-05-07T18:47:21.19Z,33.484,0,77.74,345,0,0,,,,
powertraces-pt100array_pt019_r1_7536307_11-89ffb37037,2026-05-07T18:47:21.19Z,33.484,1,77.13,345,0,0,,,,
powertraces-pt100array_pt019_r1_7536307_11-89ffb37037,2026-05-07T18:47:21.19Z,33.484,2,76.7,345,0,0,,,,
powertraces-pt100array_pt019_r1_7536307_11-89ffb37037,2026-05-07T18:47:21.19Z,33.484,3,77.87,345,0,0,,,,
powertraces-pt100array_pt019_r1_7536307_11-89ffb37037,2026-05-07T18:47:21.29Z,33.584,0,77.72,345,0,0,,,,
powertraces-pt100array_pt019_r1_7536307_11-89ffb37037,2026-05-07T18:47:21.291Z,33.585,1,77.14,345,0,0,,,,
powertraces-pt100array_pt019_r1_7536307_11-89ffb37037,2026-05-07T18:47:21.291Z,33.585,2,76.72,345,0,0,,,,
powertraces-pt100array_pt019_r1_7536307_11-89ffb37037,2026-05-07T18:47:21.291Z,33.585,3,77.9,345,0,0,,,,
powertraces-pt100array_pt019_r1_7536307_11-89ffb37037,2026-05-07T18:47:21.391Z,33.685,0,77.73,345,0,0,,,,
powertraces-pt100array_pt019_r1_7536307_11-89ffb37037,2026-05-07T18:47:21.391Z,33.685,1,77.19,345,0,0,,,,
powertraces-pt100array_pt019_r1_7536307_11-89ffb37037,2026-05-07T18:47:21.391Z,33.685,2,76.7,345,0,0,,,,
powertraces-pt100array_pt019_r1_7536307_11-89ffb37037,2026-05-07T18:47:21.391Z,33.685,3,77.9,345,0,0,,,,
powertraces-pt100array_pt019_r1_7536307_11-89ffb37037,2026-05-07T18:47:21.491Z,33.785,0,77.73,345,0,0,,,,
powertraces-pt100array_pt019_r1_7536307_11-89ffb37037,2026-05-07T18:47:21.491Z,33.785,1,77.19,345,0,0,,,,
powertraces-pt100array_pt019_r1_7536307_11-89ffb37037,2026-05-07T18:47:21.491Z,33.785,2,76.68,345,0,0,,,,
powertraces-pt100array_pt019_r1_7536307_11-89ffb37037,2026-05-07T18:47:21.491Z,33.785,3,77.89,345,0,0,,,,
powertraces-pt100array_pt019_r1_7536307_11-89ffb37037,2026-05-07T18:47:21.591Z,33.885,0,77.72,345,0,0,,,,
powertraces-pt100array_pt019_r1_7536307_11-89ffb37037,2026-05-07T18:47:21.591Z,33.885,1,77.15,345,0,0,,,,
powertraces-pt100array_pt019_r1_7536307_11-89ffb37037,2026-05-07T18:47:21.591Z,33.885,2,76.72,345,0,0,,,,
powertraces-pt100array_pt019_r1_7536307_11-89ffb37037,2026-05-07T18:47:21.591Z,33.885,3,77.88,345,0,0,,,,
powertraces-pt100array_pt019_r1_7536307_11-89ffb37037,2026-05-07T18:47:21.691Z,33.985,0,77.72,345,0,0,,,,
powertraces-pt100array_pt019_r1_7536307_11-89ffb37037,2026-05-07T18:47:21.691Z,33.985,1,77.16,345,0,0,,,,
powertraces-pt100array_pt019_r1_7536307_11-89ffb37037,2026-05-07T18:47:21.691Z,33.985,2,76.74,345,0,0,,,,
powertraces-pt100array_pt019_r1_7536307_11-89ffb37037,2026-05-07T18:47:21.691Z,33.985,3,77.87,345,0,0,,,,
powertraces-pt100array_pt019_r1_7536307_11-89ffb37037,2026-05-07T18:47:21.791Z,34.085,0,77.7,345,0,0,,,,
powertraces-pt100array_pt019_r1_7536307_11-89ffb37037,2026-05-07T18:47:21.791Z,34.085,1,77.16,345,0,0,,,,
powertraces-pt100array_pt019_r1_7536307_11-89ffb37037,2026-05-07T18:47:21.791Z,34.085,2,76.77,345,0,0,,,,
powertraces-pt100array_pt019_r1_7536307_11-89ffb37037,2026-05-07T18:47:21.791Z,34.085,3,77.83,345,0,0,,,,
powertraces-pt100array_pt019_r1_7536307_11-89ffb37037,2026-05-07T18:47:21.892Z,34.186,0,77.71,345,0,0,,,,
powertraces-pt100array_pt019_r1_7536307_11-89ffb37037,2026-05-07T18:47:21.892Z,34.186,1,77.17,345,0,0,,,,
powertraces-pt100array_pt019_r1_7536307_11-89ffb37037,2026-05-07T18:47:21.892Z,34.186,2,76.77,345,0,0,,,,
powertraces-pt100array_pt019_r1_7536307_11-89ffb37037,2026-05-07T18:47:21.892Z,34.186,3,77.82,345,0,0,,,,
powertraces-pt100array_pt019_r1_7536307_11-89ffb37037,2026-05-07T18:47:21.992Z,34.286,0,77.71,345,0,0,,,,
powertraces-pt100array_pt019_r1_7536307_11-89ffb37037,2026-05-07T18:47:21.992Z,34.286,1,77.13,345,0,0,,,,
powertraces-pt100array_pt019_r1_7536307_11-89ffb37037,2026-05-07T18:47:21.992Z,34.286,2,76.79,345,0,0,,,,
powertraces-pt100array_pt019_r1_7536307_11-89ffb37037,2026-05-07T18:47:21.992Z,34.286,3,77.83,345,0,0,,,,
powertraces-pt100array_pt019_r1_7536307_11-89ffb37037,2026-05-07T18:47:22.092Z,34.386,0,77.71,345,0,0,,,,
powertraces-pt100array_pt019_r1_7536307_11-89ffb37037,2026-05-07T18:47:22.092Z,34.386,1,77.13,345,0,0,,,,
powertraces-pt100array_pt019_r1_7536307_11-89ffb37037,2026-05-07T18:47:22.092Z,34.386,2,76.79,345,0,0,,,,
powertraces-pt100array_pt019_r1_7536307_11-89ffb37037,2026-05-07T18:47:22.092Z,34.386,3,77.85,345,0,0,,,,
powertraces-pt100array_pt019_r1_7536307_11-89ffb37037,2026-05-07T18:47:22.192Z,34.486,0,77.73,345,0,0,,,,
powertraces-pt100array_pt019_r1_7536307_11-89ffb37037,2026-05-07T18:47:22.192Z,34.486,1,77.16,345,0,0,,,,
powertraces-pt100array_pt019_r1_7536307_11-89ffb37037,2026-05-07T18:47:22.192Z,34.486,2,76.77,345,0,0,,,,
powertraces-pt100array_pt019_r1_7536307_11-89ffb37037,2026-05-07T18:47:22.192Z,34.486,3,77.85,345,0,0,,,,
powertraces-pt100array_pt019_r1_7536307_11-89ffb37037,2026-05-07T18:47:22.292Z,34.586,0,77.74,345,0,0,,,,
powertraces-pt100array_pt019_r1_7536307_11-89ffb37037,2026-05-07T18:47:22.292Z,34.586,1,77.18,345,0,0,,,,
powertraces-pt100array_pt019_r1_7536307_11-89ffb37037,2026-05-07T18:47:22.292Z,34.586,2,76.79,345,0,0,,,,
powertraces-pt100array_pt019_r1_7536307_11-89ffb37037,2026-05-07T18:47:22.292Z,34.586,3,77.83,345,0,0,,,,
powertraces-pt100array_pt019_r1_7536307_11-89ffb37037,2026-05-07T18:47:22.393Z,34.687,0,77.73,345,0,0,,,,
powertraces-pt100array_pt019_r1_7536307_11-89ffb37037,2026-05-07T18:47:22.393Z,34.687,1,77.14,345,0,0,,,,
powertraces-pt100array_pt019_r1_7536307_11-89ffb37037,2026-05-07T18:47:22.393Z,34.687,2,76.78,345,0,0,,,,
powertraces-pt100array_pt019_r1_7536307_11-89ffb37037,2026-05-07T18:47:22.393Z,34.687,3,77.83,345,0,0,,,,
powertraces-pt100array_pt019_r1_7536307_11-89ffb37037,2026-05-07T18:47:22.493Z,34.787,0,77.74,345,0,0,,,,
powertraces-pt100array_pt019_r1_7536307_11-89ffb37037,2026-05-07T18:47:22.493Z,34.787,1,77.09,345,0,0,,,,
powertraces-pt100array_pt019_r1_7536307_11-89ffb37037,2026-05-07T18:47:22.493Z,34.787,2,76.76,345,0,0,,,,
powertraces-pt100array_pt019_r1_7536307_11-89ffb37037,2026-05-07T18:47:22.493Z,34.787,3,77.85,345,0,0,,,,
powertraces-pt100array_pt019_r1_7536307_11-89ffb37037,2026-05-07T18:47:22.593Z,34.887,0,77.75,345,0,0,,,,
powertraces-pt100array_pt019_r1_7536307_11-89ffb37037,2026-05-07T18:47:22.593Z,34.887,1,77.12,345,0,0,,,,
powertraces-pt100array_pt019_r1_7536307_11-89ffb37037,2026-05-07T18:47:22.593Z,34.887,2,76.75,345,0,0,,,,
powertraces-pt100array_pt019_r1_7536307_11-89ffb37037,2026-05-07T18:47:22.593Z,34.887,3,77.85,345,0,0,,,,
powertraces-pt100array_pt019_r1_7536307_11-89ffb37037,2026-05-07T18:47:22.693Z,34.987,0,77.74,345,0,0,,,,
powertraces-pt100array_pt019_r1_7536307_11-89ffb37037,2026-05-07T18:47:22.693Z,34.987,1,77.15,345,0,0,,,,
powertraces-pt100array_pt019_r1_7536307_11-89ffb37037,2026-05-07T18:47:22.693Z,34.987,2,76.75,345,0,0,,,,
powertraces-pt100array_pt019_r1_7536307_11-89ffb37037,2026-05-07T18:47:22.693Z,34.987,3,77.82,345,0,0,,,,
powertraces-pt100array_pt019_r1_7536307_11-89ffb37037,2026-05-07T18:47:22.793Z,35.087,0,77.74,345,0,0,,,,
powertraces-pt100array_pt019_r1_7536307_11-89ffb37037,2026-05-07T18:47:22.793Z,35.087,1,77.14,345,0,0,,,,
powertraces-pt100array_pt019_r1_7536307_11-89ffb37037,2026-05-07T18:47:22.793Z,35.087,2,76.75,345,0,0,,,,
powertraces-pt100array_pt019_r1_7536307_11-89ffb37037,2026-05-07T18:47:22.794Z,35.088,3,77.83,345,0,0,,,,
powertraces-pt100array_pt019_r1_7536307_11-89ffb37037,2026-05-07T18:47:22.894Z,35.188,0,77.74,345,0,0,,,,
powertraces-pt100array_pt019_r1_7536307_11-89ffb37037,2026-05-07T18:47:22.894Z,35.188,1,77.1,345,0,0,,,,
powertraces-pt100array_pt019_r1_7536307_11-89ffb37037,2026-05-07T18:47:22.894Z,35.188,2,76.77,345,0,0,,,,
powertraces-pt100array_pt019_r1_7536307_11-89ffb37037,2026-05-07T18:47:22.894Z,35.188,3,77.84,345,0,0,,,,
powertraces-pt100array_pt019_r1_7536307_11-89ffb37037,2026-05-07T18:47:22.994Z,35.288,0,77.75,345,0,0,,,,
powertraces-pt100array_pt019_r1_7536307_11-89ffb37037,2026-05-07T18:47:22.994Z,35.288,1,77.13,345,0,0,,,,
powertraces-pt100array_pt019_r1_7536307_11-89ffb37037,2026-05-07T18:47:22.994Z,35.288,2,76.76,345,0,0,,,,
powertraces-pt100array_pt019_r1_7536307_11-89ffb37037,2026-05-07T18:47:22.994Z,35.288,3,77.84,345,0,0,,,,
powertraces-pt100array_pt019_r1_7536307_11-89ffb37037,2026-05-07T18:47:23.094Z,35.388,0,77.74,345,0,0,,,,
powertraces-pt100array_pt019_r1_7536307_11-89ffb37037,2026-05-07T18:47:23.094Z,35.388,1,77.17,345,0,0,,,,
powertraces-pt100array_pt019_r1_7536307_11-89ffb37037,2026-05-07T18:47:23.094Z,35.388,2,76.77,345,0,0,,,,
powertraces-pt100array_pt019_r1_7536307_11-89ffb37037,2026-05-07T18:47:23.094Z,35.388,3,77.82,345,0,0,,,,
powertraces-pt100array_pt019_r1_7536307_11-89ffb37037,2026-05-07T18:47:23.194Z,35.488,0,77.72,345,0,0,,,,
powertraces-pt100array_pt019_r1_7536307_11-89ffb37037,2026-05-07T18:47:23.194Z,35.488,1,77.16,345,0,0,,,,
powertraces-pt100array_pt019_r1_7536307_11-89ffb37037,2026-05-07T18:47:23.194Z,35.488,2,76.77,345,0,0,,,,
powertraces-pt100array_pt019_r1_7536307_11-89ffb37037,2026-05-07T18:47:23.194Z,35.488,3,77.82,345,0,0,,,,
powertraces-pt100array_pt019_r1_7536307_11-89ffb37037,2026-05-07T18:47:23.294Z,35.588,0,77.72,345,0,0,,,,
powertraces-pt100array_pt019_r1_7536307_11-89ffb37037,2026-05-07T18:47:23.294Z,35.588,1,77.12,345,0,0,,,,
powertraces-pt100array_pt019_r1_7536307_11-89ffb37037,2026-05-07T18:47:23.294Z,35.588,2,76.75,345,0,0,,,,
powertraces-pt100array_pt019_r1_7536307_11-89ffb37037,2026-05-07T18:47:23.295Z,35.589,3,77.86,345,0,0,,,,
powertraces-pt100array_pt019_r1_7536307_11-89ffb37037,2026-05-07T18:47:23.395Z,35.689,0,77.71,345,0,0,,,,
powertraces-pt100array_pt019_r1_7536307_11-89ffb37037,2026-05-07T18:47:23.395Z,35.689,1,77.13,345,0,0,,,,
powertraces-pt100array_pt019_r1_7536307_11-89ffb37037,2026-05-07T18:47:23.395Z,35.689,2,76.76,345,0,0,,,,
powertraces-pt100array_pt019_r1_7536307_11-89ffb37037,2026-05-07T18:47:23.395Z,35.689,3,77.86,345,0,0,,,,
powertraces-pt100array_pt019_r1_7536307_11-89ffb37037,2026-05-07T18:47:23.495Z,35.789,0,77.72,345,0,0,,,,
powertraces-pt100array_pt019_r1_7536307_11-89ffb37037,2026-05-07T18:47:23.495Z,35.789,1,77.18,345,0,0,,,,
powertraces-pt100array_pt019_r1_7536307_11-89ffb37037,2026-05-07T18:47:23.495Z,35.789,2,76.76,345,0,0,,,,
powertraces-pt100array_pt019_r1_7536307_11-89ffb37037,2026-05-07T18:47:23.495Z,35.789,3,77.86,345,0,0,,,,
powertraces-pt100array_pt019_r1_7536307_11-89ffb37037,2026-05-07T18:47:23.595Z,35.889,0,77.71,345,0,0,,,,
powertraces-pt100array_pt019_r1_7536307_11-89ffb37037,2026-05-07T18:47:23.595Z,35.889,1,77.18,345,0,0,,,,
powertraces-pt100array_pt019_r1_7536307_11-89ffb37037,2026-05-07T18:47:23.595Z,35.889,2,76.8,345,0,0,,,,
powertraces-pt100array_pt019_r1_7536307_11-89ffb37037,2026-05-07T18:47:23.595Z,35.889,3,77.89,345,0,0,,,,
powertraces-pt100array_pt019_r1_7536307_11-89ffb37037,2026-05-07T18:47:23.695Z,35.989,0,77.72,345,0,0,,,,
powertraces-pt100array_pt019_r1_7536307_11-89ffb37037,2026-05-07T18:47:23.695Z,35.989,1,77.16,345,0,0,,,,
powertraces-pt100array_pt019_r1_7536307_11-89ffb37037,2026-05-07T18:47:23.695Z,35.989,2,76.8,345,0,0,,,,
powertraces-pt100array_pt019_r1_7536307_11-89ffb37037,2026-05-07T18:47:23.695Z,35.989,3,77.92,345,0,0,,,,
powertraces-pt100array_pt019_r1_7536307_11-89ffb37037,2026-05-07T18:47:23.795Z,36.089,0,77.71,345,0,0,,,,
powertraces-pt100array_pt019_r1_7536307_11-89ffb37037,2026-05-07T18:47:23.795Z,36.089,1,77.17,345,0,0,,,,
powertraces-pt100array_pt019_r1_7536307_11-89ffb37037,2026-05-07T18:47:23.795Z,36.089,2,76.79,345,0,0,,,,
powertraces-pt100array_pt019_r1_7536307_11-89ffb37037,2026-05-07T18:47:23.795Z,36.089,3,77.93,345,0,0,,,,
powertraces-pt100array_pt019_r1_7536307_11-89ffb37037,2026-05-07T18:47:23.896Z,36.19,0,77.68,345,0,0,,,,
powertraces-pt100array_pt019_r1_7536307_11-89ffb37037,2026-05-07T18:47:23.896Z,36.19,1,77.19,345,0,0,,,,
powertraces-pt100array_pt019_r1_7536307_11-89ffb37037,2026-05-07T18:47:23.896Z,36.19,2,76.79,345,0,0,,,,
powertraces-pt100array_pt019_r1_7536307_11-89ffb37037,2026-05-07T18:47:23.896Z,36.19,3,77.92,345,0,0,,,,
powertraces-pt100array_pt019_r1_7536307_11-89ffb37037,2026-05-07T18:47:23.996Z,36.29,0,77.67,345,0,0,,,,
powertraces-pt100array_pt019_r1_7536307_11-89ffb37037,2026-05-07T18:47:23.996Z,36.29,1,77.18,345,0,0,,,,
powertraces-pt100array_pt019_r1_7536307_11-89ffb37037,2026-05-07T18:47:23.996Z,36.29,2,76.79,345,0,0,,,,
powertraces-pt100array_pt019_r1_7536307_11-89ffb37037,2026-05-07T18:47:23.996Z,36.29,3,77.88,345,0,0,,,,
powertraces-pt100array_pt019_r1_7536307_11-89ffb37037,2026-05-07T18:47:24.096Z,36.39,0,77.68,345,0,0,,,,
powertraces-pt100array_pt019_r1_7536307_11-89ffb37037,2026-05-07T18:47:24.096Z,36.39,1,77.18,345,0,0,,,,
powertraces-pt100array_pt019_r1_7536307_11-89ffb37037,2026-05-07T18:47:24.096Z,36.39,2,76.8,345,0,0,,,,
powertraces-pt100array_pt019_r1_7536307_11-89ffb37037,2026-05-07T18:47:24.096Z,36.39,3,77.88,345,0,0,,,,
powertraces-pt100array_pt019_r1_7536307_11-89ffb37037,2026-05-07T18:47:24.196Z,36.49,0,77.68,345,0,0,,,,
powertraces-pt100array_pt019_r1_7536307_11-89ffb37037,2026-05-07T18:47:24.196Z,36.49,1,77.13,345,0,0,,,,
powertraces-pt100array_pt019_r1_7536307_11-89ffb37037,2026-05-07T18:47:24.196Z,36.49,2,76.82,345,0,0,,,,
powertraces-pt100array_pt019_r1_7536307_11-89ffb37037,2026-05-07T18:47:24.196Z,36.49,3,77.84,345,0,0,,,,
powertraces-pt100array_pt019_r1_7536307_11-89ffb37037,2026-05-07T18:47:24.296Z,36.59,0,77.7,345,0,0,,,,
powertraces-pt100array_pt019_r1_7536307_11-89ffb37037,2026-05-07T18:47:24.296Z,36.59,1,77.16,345,0,0,,,,
powertraces-pt100array_pt019_r1_7536307_11-89ffb37037,2026-05-07T18:47:24.296Z,36.59,2,76.83,345,0,0,,,,
powertraces-pt100array_pt019_r1_7536307_11-89ffb37037,2026-05-07T18:47:24.296Z,36.59,3,77.81,345,0,0,,,,
powertraces-pt100array_pt019_r1_7536307_11-89ffb37037,2026-05-07T18:47:24.397Z,36.691,0,77.72,345,0,0,,,,
powertraces-pt100array_pt019_r1_7536307_11-89ffb37037,2026-05-07T18:47:24.397Z,36.691,1,77.17,345,0,0,,,,
powertraces-pt100array_pt019_r1_7536307_11-89ffb37037,2026-05-07T18:47:24.397Z,36.691,2,76.82,345,0,0,,,,
powertraces-pt100array_pt019_r1_7536307_11-89ffb37037,2026-05-07T18:47:24.397Z,36.691,3,77.8,345,0,0,,,,
powertraces-pt100array_pt019_r1_7536307_11-89ffb37037,2026-05-07T18:47:24.497Z,36.791,0,77.71,345,0,0,,,,
powertraces-pt100array_pt019_r1_7536307_11-89ffb37037,2026-05-07T18:47:24.497Z,36.791,1,77.17,345,0,0,,,,
powertraces-pt100array_pt019_r1_7536307_11-89ffb37037,2026-05-07T18:47:24.497Z,36.791,2,76.81,345,0,0,,,,
powertraces-pt100array_pt019_r1_7536307_11-89ffb37037,2026-05-07T18:47:24.497Z,36.791,3,77.81,345,0,0,,,,
powertraces-pt100array_pt019_r1_7536307_11-89ffb37037,2026-05-07T18:47:24.597Z,36.891,0,77.72,345,0,0,,,,
powertraces-pt100array_pt019_r1_7536307_11-89ffb37037,2026-05-07T18:47:24.597Z,36.891,1,77.12,345,0,0,,,,
powertraces-pt100array_pt019_r1_7536307_11-89ffb37037,2026-05-07T18:47:24.597Z,36.891,2,76.79,345,0,0,,,,
powertraces-pt100array_pt019_r1_7536307_11-89ffb37037,2026-05-07T18:47:24.597Z,36.891,3,77.81,345,0,0,,,,
powertraces-pt100array_pt019_r1_7536307_11-89ffb37037,2026-05-07T18:47:24.697Z,36.991,0,77.71,345,0,0,,,,
powertraces-pt100array_pt019_r1_7536307_11-89ffb37037,2026-05-07T18:47:24.697Z,36.991,1,77.17,345,0,0,,,,
powertraces-pt100array_pt019_r1_7536307_11-89ffb37037,2026-05-07T18:47:24.697Z,36.991,2,76.8,345,0,0,,,,
powertraces-pt100array_pt019_r1_7536307_11-89ffb37037,2026-05-07T18:47:24.697Z,36.991,3,77.82,345,0,0,,,,
powertraces-pt100array_pt019_r1_7536307_11-89ffb37037,2026-05-07T18:47:24.797Z,37.091,0,77.71,345,0,0,,,,
powertraces-pt100array_pt019_r1_7536307_11-89ffb37037,2026-05-07T18:47:24.797Z,37.091,1,77.16,345,0,0,,,,
powertraces-pt100array_pt019_r1_7536307_11-89ffb37037,2026-05-07T18:47:24.797Z,37.091,2,76.81,345,0,0,,,,
powertraces-pt100array_pt019_r1_7536307_11-89ffb37037,2026-05-07T18:47:24.797Z,37.091,3,77.82,345,0,0,,,,
powertraces-pt100array_pt019_r1_7536307_11-89ffb37037,2026-05-07T18:47:24.898Z,37.192,0,77.72,345,0,0,,,,
powertraces-pt100array_pt019_r1_7536307_11-89ffb37037,2026-05-07T18:47:24.898Z,37.192,1,77.17,345,0,0,,,,
powertraces-pt100array_pt019_r1_7536307_11-89ffb37037,2026-05-07T18:47:24.898Z,37.192,2,76.82,345,0,0,,,,
powertraces-pt100array_pt019_r1_7536307_11-89ffb37037,2026-05-07T18:47:24.898Z,37.192,3,77.84,345,0,0,,,,
powertraces-pt100array_pt019_r1_7536307_11-89ffb37037,2026-05-07T18:47:24.998Z,37.292,0,77.73,345,0,0,,,,
powertraces-pt100array_pt019_r1_7536307_11-89ffb37037,2026-05-07T18:47:24.998Z,37.292,1,77.14,345,0,0,,,,
powertraces-pt100array_pt019_r1_7536307_11-89ffb37037,2026-05-07T18:47:24.998Z,37.292,2,76.82,345,0,0,,,,
powertraces-pt100array_pt019_r1_7536307_11-89ffb37037,2026-05-07T18:47:24.998Z,37.292,3,77.86,345,0,0,,,,
powertraces-pt100array_pt019_r1_7536307_11-89ffb37037,2026-05-07T18:47:25.098Z,37.392,0,77.74,345,0,0,,,,
powertraces-pt100array_pt019_r1_7536307_11-89ffb37037,2026-05-07T18:47:25.098Z,37.392,1,77.16,345,0,0,,,,
powertraces-pt100array_pt019_r1_7536307_11-89ffb37037,2026-05-07T18:47:25.098Z,37.392,2,76.81,345,0,0,,,,
powertraces-pt100array_pt019_r1_7536307_11-89ffb37037,2026-05-07T18:47:25.098Z,37.392,3,77.87,345,0,0,,,,
powertraces-pt100array_pt019_r1_7536307_11-89ffb37037,2026-05-07T18:47:25.198Z,37.492,0,77.73,345,0,0,,,,
powertraces-pt100array_pt019_r1_7536307_11-89ffb37037,2026-05-07T18:47:25.198Z,37.492,1,77.17,345,0,0,,,,
powertraces-pt100array_pt019_r1_7536307_11-89ffb37037,2026-05-07T18:47:25.198Z,37.492,2,76.81,345,0,0,,,,
powertraces-pt100array_pt019_r1_7536307_11-89ffb37037,2026-05-07T18:47:25.198Z,37.492,3,77.87,345,0,0,,,,
powertraces-pt100array_pt019_r1_7536307_11-89ffb37037,2026-05-07T18:47:25.298Z,37.592,0,77.72,345,0,0,,,,
powertraces-pt100array_pt019_r1_7536307_11-89ffb37037,2026-05-07T18:47:25.299Z,37.593,1,77.19,345,0,0,,,,
powertraces-pt100array_pt019_r1_7536307_11-89ffb37037,2026-05-07T18:47:25.299Z,37.593,2,76.81,345,0,0,,,,
powertraces-pt100array_pt019_r1_7536307_11-89ffb37037,2026-05-07T18:47:25.299Z,37.593,3,77.88,345,0,0,,,,
powertraces-pt100array_pt019_r1_7536307_11-89ffb37037,2026-05-07T18:47:25.399Z,37.693,0,77.73,345,0,0,,,,
powertraces-pt100array_pt019_r1_7536307_11-89ffb37037,2026-05-07T18:47:25.399Z,37.693,1,77.17,345,0,0,,,,
powertraces-pt100array_pt019_r1_7536307_11-89ffb37037,2026-05-07T18:47:25.399Z,37.693,2,76.8,345,0,0,,,,
powertraces-pt100array_pt019_r1_7536307_11-89ffb37037,2026-05-07T18:47:25.399Z,37.693,3,77.86,345,0,0,,,,
powertraces-pt100array_pt019_r1_7536307_11-89ffb37037,2026-05-07T18:47:25.499Z,37.793,0,77.74,345,0,0,,,,
powertraces-pt100array_pt019_r1_7536307_11-89ffb37037,2026-05-07T18:47:25.499Z,37.793,1,77.14,345,0,0,,,,
powertraces-pt100array_pt019_r1_7536307_11-89ffb37037,2026-05-07T18:47:25.499Z,37.793,2,76.8,345,0,0,,,,
powertraces-pt100array_pt019_r1_7536307_11-89ffb37037,2026-05-07T18:47:25.499Z,37.793,3,77.86,345,0,0,,,,
powertraces-pt100array_pt019_r1_7536307_11-89ffb37037,2026-05-07T18:47:25.599Z,37.893,0,77.74,345,0,0,,,,
powertraces-pt100array_pt019_r1_7536307_11-89ffb37037,2026-05-07T18:47:25.599Z,37.893,1,77.19,345,0,0,,,,
powertraces-pt100array_pt019_r1_7536307_11-89ffb37037,2026-05-07T18:47:25.599Z,37.893,2,76.78,345,0,0,,,,
powertraces-pt100array_pt019_r1_7536307_11-89ffb37037,2026-05-07T18:47:25.599Z,37.893,3,77.86,345,0,0,,,,
powertraces-pt100array_pt019_r1_7536307_11-89ffb37037,2026-05-07T18:47:25.699Z,37.993,0,77.76,345,0,0,,,,
powertraces-pt100array_pt019_r1_7536307_11-89ffb37037,2026-05-07T18:47:25.699Z,37.993,1,77.21,345,0,0,,,,
powertraces-pt100array_pt019_r1_7536307_11-89ffb37037,2026-05-07T18:47:25.699Z,37.993,2,76.79,345,0,0,,,,
powertraces-pt100array_pt019_r1_7536307_11-89ffb37037,2026-05-07T18:47:25.699Z,37.993,3,77.84,345,0,0,,,,
powertraces-pt100array_pt019_r1_7536307_11-89ffb37037,2026-05-07T18:47:25.799Z,38.093,0,77.77,345,0,0,,,,
powertraces-pt100array_pt019_r1_7536307_11-89ffb37037,2026-05-07T18:47:25.799Z,38.093,1,77.19,345,0,0,,,,
powertraces-pt100array_pt019_r1_7536307_11-89ffb37037,2026-05-07T18:47:25.799Z,38.093,2,76.78,345,0,0,,,,
powertraces-pt100array_pt019_r1_7536307_11-89ffb37037,2026-05-07T18:47:25.799Z,38.093,3,77.83,345,0,0,,,,
powertraces-pt100array_pt019_r1_7536307_11-89ffb37037,2026-05-07T18:47:25.9Z,38.194,0,77.76,345,0,0,,,,
powertraces-pt100array_pt019_r1_7536307_11-89ffb37037,2026-05-07T18:47:25.9Z,38.194,1,77.16,345,0,0,,,,
powertraces-pt100array_pt019_r1_7536307_11-89ffb37037,2026-05-07T18:47:25.9Z,38.194,2,76.77,345,0,0,,,,
powertraces-pt100array_pt019_r1_7536307_11-89ffb37037,2026-05-07T18:47:25.9Z,38.194,3,77.84,345,0,0,,,,
powertraces-pt100array_pt019_r1_7536307_11-89ffb37037,2026-05-07T18:47:26Z,38.294,0,77.76,345,0,0,,,,
powertraces-pt100array_pt019_r1_7536307_11-89ffb37037,2026-05-07T18:47:26Z,38.294,1,77.21,345,0,0,,,,
powertraces-pt100array_pt019_r1_7536307_11-89ffb37037,2026-05-07T18:47:26Z,38.294,2,76.77,345,0,0,,,,
powertraces-pt100array_pt019_r1_7536307_11-89ffb37037,2026-05-07T18:47:26Z,38.294,3,77.86,345,0,0,,,,
powertraces-pt100array_pt019_r1_7536307_11-89ffb37037,2026-05-07T18:47:26.1Z,38.394,0,77.75,345,0,0,,,,
powertraces-pt100array_pt019_r1_7536307_11-89ffb37037,2026-05-07T18:47:26.1Z,38.394,1,77.24,345,0,0,,,,
powertraces-pt100array_pt019_r1_7536307_11-89ffb37037,2026-05-07T18:47:26.1Z,38.394,2,76.77,345,0,0,,,,
powertraces-pt100array_pt019_r1_7536307_11-89ffb37037,2026-05-07T18:47:26.1Z,38.394,3,77.88,345,0,0,,,,
powertraces-pt100array_pt019_r1_7536307_11-89ffb37037,2026-05-07T18:47:26.2Z,38.494,0,77.77,345,0,0,,,,
powertraces-pt100array_pt019_r1_7536307_11-89ffb37037,2026-05-07T18:47:26.2Z,38.494,1,77.22,345,0,0,,,,
powertraces-pt100array_pt019_r1_7536307_11-89ffb37037,2026-05-07T18:47:26.2Z,38.494,2,76.78,345,0,0,,,,
powertraces-pt100array_pt019_r1_7536307_11-89ffb37037,2026-05-07T18:47:26.2Z,38.494,3,77.9,345,0,0,,,,
powertraces-pt100array_pt019_r1_7536307_11-89ffb37037,2026-05-07T18:47:26.301Z,38.595,0,77.78,345,0,0,,,,
powertraces-pt100array_pt019_r1_7536307_11-89ffb37037,2026-05-07T18:47:26.301Z,38.595,1,77.17,345,0,0,,,,
powertraces-pt100array_pt019_r1_7536307_11-89ffb37037,2026-05-07T18:47:26.301Z,38.595,2,76.79,345,0,0,,,,
powertraces-pt100array_pt019_r1_7536307_11-89ffb37037,2026-05-07T18:47:26.301Z,38.595,3,77.91,345,0,0,,,,
powertraces-pt100array_pt019_r1_7536307_11-89ffb37037,2026-05-07T18:47:26.401Z,38.695,0,77.76,345,0,0,,,,
powertraces-pt100array_pt019_r1_7536307_11-89ffb37037,2026-05-07T18:47:26.401Z,38.695,1,77.19,345,0,0,,,,
powertraces-pt100array_pt019_r1_7536307_11-89ffb37037,2026-05-07T18:47:26.401Z,38.695,2,76.78,345,0,0,,,,
powertraces-pt100array_pt019_r1_7536307_11-89ffb37037,2026-05-07T18:47:26.401Z,38.695,3,77.91,345,0,0,,,,
powertraces-pt100array_pt019_r1_7536307_11-89ffb37037,2026-05-07T18:47:26.501Z,38.795,0,77.78,345,0,0,,,,
powertraces-pt100array_pt019_r1_7536307_11-89ffb37037,2026-05-07T18:47:26.501Z,38.795,1,77.21,345,0,0,,,,
powertraces-pt100array_pt019_r1_7536307_11-89ffb37037,2026-05-07T18:47:26.501Z,38.795,2,76.78,345,0,0,,,,
powertraces-pt100array_pt019_r1_7536307_11-89ffb37037,2026-05-07T18:47:26.501Z,38.795,3,77.9,345,0,0,,,,
powertraces-pt100array_pt019_r1_7536307_11-89ffb37037,2026-05-07T18:47:26.601Z,38.895,0,77.8,345,0,0,,,,
powertraces-pt100array_pt019_r1_7536307_11-89ffb37037,2026-05-07T18:47:26.601Z,38.895,1,77.21,345,0,0,,,,
powertraces-pt100array_pt019_r1_7536307_11-89ffb37037,2026-05-07T18:47:26.601Z,38.895,2,76.79,345,0,0,,,,
powertraces-pt100array_pt019_r1_7536307_11-89ffb37037,2026-05-07T18:47:26.601Z,38.895,3,77.88,345,0,0,,,,
powertraces-pt100array_pt019_r1_7536307_11-89ffb37037,2026-05-07T18:47:26.701Z,38.995,0,77.79,345,0,0,,,,
powertraces-pt100array_pt019_r1_7536307_11-89ffb37037,2026-05-07T18:47:26.701Z,38.995,1,77.16,345,0,0,,,,
powertraces-pt100array_pt019_r1_7536307_11-89ffb37037,2026-05-07T18:47:26.701Z,38.995,2,76.75,345,0,0,,,,
powertraces-pt100array_pt019_r1_7536307_11-89ffb37037,2026-05-07T18:47:26.701Z,38.995,3,77.87,345,0,0,,,,
powertraces-pt100array_pt019_r1_7536307_11-89ffb37037,2026-05-07T18:47:26.801Z,39.095,0,77.79,345,0,0,,,,
powertraces-pt100array_pt019_r1_7536307_11-89ffb37037,2026-05-07T18:47:26.802Z,39.096,1,77.19,345,0,0,,,,
powertraces-pt100array_pt019_r1_7536307_11-89ffb37037,2026-05-07T18:47:26.802Z,39.096,2,76.76,345,0,0,,,,
powertraces-pt100array_pt019_r1_7536307_11-89ffb37037,2026-05-07T18:47:26.802Z,39.096,3,77.87,345,0,0,,,,
powertraces-pt100array_pt019_r1_7536307_11-89ffb37037,2026-05-07T18:47:26.902Z,39.196,0,77.82,345,0,0,,,,
powertraces-pt100array_pt019_r1_7536307_11-89ffb37037,2026-05-07T18:47:26.902Z,39.196,1,77.21,345,0,0,,,,
powertraces-pt100array_pt019_r1_7536307_11-89ffb37037,2026-05-07T18:47:26.902Z,39.196,2,76.77,345,0,0,,,,
powertraces-pt100array_pt019_r1_7536307_11-89ffb37037,2026-05-07T18:47:26.902Z,39.196,3,77.86,345,0,0,,,,
powertraces-pt100array_pt019_r1_7536307_11-89ffb37037,2026-05-07T18:47:27.002Z,39.296,0,77.8,345,0,0,,,,
powertraces-pt100array_pt019_r1_7536307_11-89ffb37037,2026-05-07T18:47:27.002Z,39.296,1,77.2,345,0,0,,,,
powertraces-pt100array_pt019_r1_7536307_11-89ffb37037,2026-05-07T18:47:27.002Z,39.296,2,76.78,345,0,0,,,,
powertraces-pt100array_pt019_r1_7536307_11-89ffb37037,2026-05-07T18:47:27.002Z,39.296,3,77.83,345,0,0,,,,
powertraces-pt100array_pt019_r1_7536307_11-89ffb37037,2026-05-07T18:47:27.102Z,39.396,0,77.82,345,0,0,,,,
powertraces-pt100array_pt019_r1_7536307_11-89ffb37037,2026-05-07T18:47:27.102Z,39.396,1,77.16,345,0,0,,,,
powertraces-pt100array_pt019_r1_7536307_11-89ffb37037,2026-05-07T18:47:27.102Z,39.396,2,76.79,345,0,0,,,,
powertraces-pt100array_pt019_r1_7536307_11-89ffb37037,2026-05-07T18:47:27.102Z,39.396,3,77.82,345,0,0,,,,
powertraces-pt100array_pt019_r1_7536307_11-89ffb37037,2026-05-07T18:47:27.202Z,39.496,0,77.83,345,0,0,,,,
powertraces-pt100array_pt019_r1_7536307_11-89ffb37037,2026-05-07T18:47:27.202Z,39.496,1,77.2,345,0,0,,,,
powertraces-pt100array_pt019_r1_7536307_11-89ffb37037,2026-05-07T18:47:27.202Z,39.496,2,76.79,345,0,0,,,,
powertraces-pt100array_pt019_r1_7536307_11-89ffb37037,2026-05-07T18:47:27.202Z,39.496,3,77.81,345,0,0,,,,
powertraces-pt100array_pt019_r1_7536307_11-89ffb37037,2026-05-07T18:47:27.303Z,39.597,0,77.82,345,0,0,,,,
powertraces-pt100array_pt019_r1_7536307_11-89ffb37037,2026-05-07T18:47:27.303Z,39.597,1,77.21,345,0,0,,,,
powertraces-pt100array_pt019_r1_7536307_11-89ffb37037,2026-05-07T18:47:27.303Z,39.597,2,76.78,345,0,0,,,,
powertraces-pt100array_pt019_r1_7536307_11-89ffb37037,2026-05-07T18:47:27.303Z,39.597,3,77.82,345,0,0,,,,
powertraces-pt100array_pt019_r1_7536307_11-89ffb37037,2026-05-07T18:47:27.403Z,39.697,0,77.83,345,0,0,,,,
powertraces-pt100array_pt019_r1_7536307_11-89ffb37037,2026-05-07T18:47:27.403Z,39.697,1,77.15,345,0,0,,,,
powertraces-pt100array_pt019_r1_7536307_11-89ffb37037,2026-05-07T18:47:27.403Z,39.697,2,76.79,345,0,0,,,,
powertraces-pt100array_pt019_r1_7536307_11-89ffb37037,2026-05-07T18:47:27.403Z,39.697,3,77.84,345,0,0,,,,
powertraces-pt100array_pt019_r1_7536307_11-89ffb37037,2026-05-07T18:47:27.503Z,39.797,0,77.79,345,0,0,,,,
powertraces-pt100array_pt019_r1_7536307_11-89ffb37037,2026-05-07T18:47:27.503Z,39.797,1,77.12,345,0,0,,,,
powertraces-pt100array_pt019_r1_7536307_11-89ffb37037,2026-05-07T18:47:27.503Z,39.797,2,76.76,345,0,0,,,,
powertraces-pt100array_pt019_r1_7536307_11-89ffb37037,2026-05-07T18:47:27.503Z,39.797,3,77.85,345,0,0,,,,
powertraces-pt100array_pt019_r1_7536307_11-89ffb37037,2026-05-07T18:47:27.603Z,39.897,0,77.8,345,0,0,,,,
powertraces-pt100array_pt019_r1_7536307_11-89ffb37037,2026-05-07T18:47:27.603Z,39.897,1,77.15,345,0,0,,,,
powertraces-pt100array_pt019_r1_7536307_11-89ffb37037,2026-05-07T18:47:27.603Z,39.897,2,76.75,345,0,0,,,,
powertraces-pt100array_pt019_r1_7536307_11-89ffb37037,2026-05-07T18:47:27.603Z,39.897,3,77.88,345,0,0,,,,
powertraces-pt100array_pt019_r1_7536307_11-89ffb37037,2026-05-07T18:47:27.703Z,39.997,0,77.81,345,0,0,,,,
powertraces-pt100array_pt019_r1_7536307_11-89ffb37037,2026-05-07T18:47:27.704Z,39.998,1,77.18,345,0,0,,,,
powertraces-pt100array_pt019_r1_7536307_11-89ffb37037,2026-05-07T18:47:27.704Z,39.998,2,76.77,345,0,0,,,,
powertraces-pt100array_pt019_r1_7536307_11-89ffb37037,2026-05-07T18:47:27.704Z,39.998,3,77.91,345,0,0,,,,
powertraces-pt100array_pt019_r1_7536307_11-89ffb37037,2026-05-07T18:47:27.804Z,40.098,0,77.8,345,0,0,,,,
powertraces-pt100array_pt019_r1_7536307_11-89ffb37037,2026-05-07T18:47:27.804Z,40.098,1,77.16,345,0,0,,,,
powertraces-pt100array_pt019_r1_7536307_11-89ffb37037,2026-05-07T18:47:27.804Z,40.098,2,76.78,345,0,0,,,,
powertraces-pt100array_pt019_r1_7536307_11-89ffb37037,2026-05-07T18:47:27.804Z,40.098,3,77.9,345,0,0,,,,
powertraces-pt100array_pt019_r1_7536307_11-89ffb37037,2026-05-07T18:47:27.904Z,40.198,0,77.79,345,0,0,,,,
powertraces-pt100array_pt019_r1_7536307_11-89ffb37037,2026-05-07T18:47:27.904Z,40.198,1,77.13,345,0,0,,,,
powertraces-pt100array_pt019_r1_7536307_11-89ffb37037,2026-05-07T18:47:27.904Z,40.198,2,76.78,345,0,0,,,,
powertraces-pt100array_pt019_r1_7536307_11-89ffb37037,2026-05-07T18:47:27.904Z,40.198,3,77.91,345,0,0,,,,
powertraces-pt100array_pt019_r1_7536307_11-89ffb37037,2026-05-07T18:47:28.004Z,40.298,0,77.8,345,0,0,,,,
powertraces-pt100array_pt019_r1_7536307_11-89ffb37037,2026-05-07T18:47:28.004Z,40.298,1,77.14,345,0,0,,,,
powertraces-pt100array_pt019_r1_7536307_11-89ffb37037,2026-05-07T18:47:28.004Z,40.298,2,76.79,345,0,0,,,,
powertraces-pt100array_pt019_r1_7536307_11-89ffb37037,2026-05-07T18:47:28.004Z,40.298,3,77.9,345,0,0,,,,
powertraces-pt100array_pt019_r1_7536307_11-89ffb37037,2026-05-07T18:47:28.104Z,40.398,0,77.8,345,0,0,,,,
powertraces-pt100array_pt019_r1_7536307_11-89ffb37037,2026-05-07T18:47:28.104Z,40.398,1,77.18,345,0,0,,,,
powertraces-pt100array_pt019_r1_7536307_11-89ffb37037,2026-05-07T18:47:28.104Z,40.398,2,76.78,345,0,0,,,,
powertraces-pt100array_pt019_r1_7536307_11-89ffb37037,2026-05-07T18:47:28.104Z,40.398,3,77.9,345,0,0,,,,
powertraces-pt100array_pt019_r1_7536307_11-89ffb37037,2026-05-07T18:47:28.204Z,40.498,0,77.8,345,0,0,,,,
powertraces-pt100array_pt019_r1_7536307_11-89ffb37037,2026-05-07T18:47:28.205Z,40.499,1,77.14,345,0,0,,,,
powertraces-pt100array_pt019_r1_7536307_11-89ffb37037,2026-05-07T18:47:28.205Z,40.499,2,76.78,345,0,0,,,,
powertraces-pt100array_pt019_r1_7536307_11-89ffb37037,2026-05-07T18:47:28.205Z,40.499,3,77.92,345,0,0,,,,
powertraces-pt100array_pt019_r1_7536307_11-89ffb37037,2026-05-07T18:47:28.305Z,40.599,0,77.8,345,0,0,,,,
powertraces-pt100array_pt019_r1_7536307_11-89ffb37037,2026-05-07T18:47:28.305Z,40.599,1,77.1,345,0,0,,,,
powertraces-pt100array_pt019_r1_7536307_11-89ffb37037,2026-05-07T18:47:28.305Z,40.599,2,76.77,345,0,0,,,,
powertraces-pt100array_pt019_r1_7536307_11-89ffb37037,2026-05-07T18:47:28.305Z,40.599,3,77.92,345,0,0,,,,
powertraces-pt100array_pt019_r1_7536307_11-89ffb37037,2026-05-07T18:47:28.405Z,40.699,0,77.8,345,0,0,,,,
powertraces-pt100array_pt019_r1_7536307_11-89ffb37037,2026-05-07T18:47:28.405Z,40.699,1,77.12,345,0,0,,,,
powertraces-pt100array_pt019_r1_7536307_11-89ffb37037,2026-05-07T18:47:28.405Z,40.699,2,76.75,345,0,0,,,,
powertraces-pt100array_pt019_r1_7536307_11-89ffb37037,2026-05-07T18:47:28.405Z,40.699,3,77.91,345,0,0,,,,
powertraces-pt100array_pt019_r1_7536307_11-89ffb37037,2026-05-07T18:47:28.505Z,40.799,0,77.82,345,0,0,,,,
powertraces-pt100array_pt019_r1_7536307_11-89ffb37037,2026-05-07T18:47:28.505Z,40.799,1,77.14,345,0,0,,,,
powertraces-pt100array_pt019_r1_7536307_11-89ffb37037,2026-05-07T18:47:28.505Z,40.799,2,76.78,345,0,0,,,,
powertraces-pt100array_pt019_r1_7536307_11-89ffb37037,2026-05-07T18:47:28.505Z,40.799,3,77.9,345,0,0,,,,
powertraces-pt100array_pt019_r1_7536307_11-89ffb37037,2026-05-07T18:47:28.605Z,40.899,0,77.83,345,0,0,,,,
powertraces-pt100array_pt019_r1_7536307_11-89ffb37037,2026-05-07T18:47:28.605Z,40.899,1,77.14,345,0,0,,,,
powertraces-pt100array_pt019_r1_7536307_11-89ffb37037,2026-05-07T18:47:28.605Z,40.899,2,76.75,345,0,0,,,,
powertraces-pt100array_pt019_r1_7536307_11-89ffb37037,2026-05-07T18:47:28.605Z,40.899,3,77.9,345,0,0,,,,
powertraces-pt100array_pt019_r1_7536307_11-89ffb37037,2026-05-07T18:47:28.705Z,40.999,0,77.83,345,0,0,,,,
powertraces-pt100array_pt019_r1_7536307_11-89ffb37037,2026-05-07T18:47:28.705Z,40.999,1,77.1,345,0,0,,,,
powertraces-pt100array_pt019_r1_7536307_11-89ffb37037,2026-05-07T18:47:28.705Z,40.999,2,76.73,345,0,0,,,,
powertraces-pt100array_pt019_r1_7536307_11-89ffb37037,2026-05-07T18:47:28.705Z,40.999,3,77.91,345,0,0,,,,
powertraces-pt100array_pt019_r1_7536307_11-89ffb37037,2026-05-07T18:47:28.806Z,41.1,0,77.82,345,0,0,,,,
powertraces-pt100array_pt019_r1_7536307_11-89ffb37037,2026-05-07T18:47:28.806Z,41.1,1,77.08,345,0,0,,,,
powertraces-pt100array_pt019_r1_7536307_11-89ffb37037,2026-05-07T18:47:28.806Z,41.1,2,76.74,345,0,0,,,,
powertraces-pt100array_pt019_r1_7536307_11-89ffb37037,2026-05-07T18:47:28.806Z,41.1,3,77.91,345,0,0,,,,
powertraces-pt100array_pt019_r1_7536307_11-89ffb37037,2026-05-07T18:47:28.906Z,41.2,0,77.82,345,0,0,,,,
powertraces-pt100array_pt019_r1_7536307_11-89ffb37037,2026-05-07T18:47:28.906Z,41.2,1,77.13,345,0,0,,,,
powertraces-pt100array_pt019_r1_7536307_11-89ffb37037,2026-05-07T18:47:28.906Z,41.2,2,76.72,345,0,0,,,,
powertraces-pt100array_pt019_r1_7536307_11-89ffb37037,2026-05-07T18:47:28.906Z,41.2,3,77.92,345,0,0,,,,
powertraces-pt100array_pt019_r1_7536307_11-89ffb37037,2026-05-07T18:47:29.006Z,41.3,0,77.82,345,0,0,,,,
powertraces-pt100array_pt019_r1_7536307_11-89ffb37037,2026-05-07T18:47:29.006Z,41.3,1,77.13,345,0,0,,,,
powertraces-pt100array_pt019_r1_7536307_11-89ffb37037,2026-05-07T18:47:29.006Z,41.3,2,76.71,345,0,0,,,,
powertraces-pt100array_pt019_r1_7536307_11-89ffb37037,2026-05-07T18:47:29.006Z,41.3,3,77.9,345,0,0,,,,
powertraces-pt100array_pt019_r1_7536307_11-89ffb37037,2026-05-07T18:47:29.106Z,41.4,0,77.81,345,0,0,,,,
powertraces-pt100array_pt019_r1_7536307_11-89ffb37037,2026-05-07T18:47:29.106Z,41.4,1,77.1,345,0,0,,,,
powertraces-pt100array_pt019_r1_7536307_11-89ffb37037,2026-05-07T18:47:29.106Z,41.4,2,76.72,345,0,0,,,,
powertraces-pt100array_pt019_r1_7536307_11-89ffb37037,2026-05-07T18:47:29.106Z,41.4,3,77.88,345,0,0,,,,
powertraces-pt100array_pt019_r1_7536307_11-89ffb37037,2026-05-07T18:47:29.206Z,41.5,0,77.81,345,0,0,,,,
powertraces-pt100array_pt019_r1_7536307_11-89ffb37037,2026-05-07T18:47:29.206Z,41.5,1,77.09,345,0,0,,,,
powertraces-pt100array_pt019_r1_7536307_11-89ffb37037,2026-05-07T18:47:29.206Z,41.5,2,76.71,345,0,0,,,,
powertraces-pt100array_pt019_r1_7536307_11-89ffb37037,2026-05-07T18:47:29.206Z,41.5,3,77.86,345,0,0,,,,
powertraces-pt100array_pt019_r1_7536307_11-89ffb37037,2026-05-07T18:47:29.307Z,41.601,0,77.8,345,0,0,,,,
powertraces-pt100array_pt019_r1_7536307_11-89ffb37037,2026-05-07T18:47:29.307Z,41.601,1,77.13,345,0,0,,,,
powertraces-pt100array_pt019_r1_7536307_11-89ffb37037,2026-05-07T18:47:29.307Z,41.601,2,76.73,345,0,0,,,,
powertraces-pt100array_pt019_r1_7536307_11-89ffb37037,2026-05-07T18:47:29.307Z,41.601,3,77.84,345,0,0,,,,
powertraces-pt100array_pt019_r1_7536307_11-89ffb37037,2026-05-07T18:47:29.407Z,41.701,0,77.83,345,0,0,,,,
powertraces-pt100array_pt019_r1_7536307_11-89ffb37037,2026-05-07T18:47:29.407Z,41.701,1,77.15,345,0,0,,,,
powertraces-pt100array_pt019_r1_7536307_11-89ffb37037,2026-05-07T18:47:29.407Z,41.701,2,76.73,345,0,0,,,,
powertraces-pt100array_pt019_r1_7536307_11-89ffb37037,2026-05-07T18:47:29.407Z,41.701,3,77.84,345,0,0,,,,
powertraces-pt100array_pt019_r1_7536307_11-89ffb37037,2026-05-07T18:47:29.507Z,41.801,0,77.84,345,0,0,,,,
powertraces-pt100array_pt019_r1_7536307_11-89ffb37037,2026-05-07T18:47:29.507Z,41.801,1,77.14,345,0,0,,,,
powertraces-pt100array_pt019_r1_7536307_11-89ffb37037,2026-05-07T18:47:29.507Z,41.801,2,76.71,345,0,0,,,,
powertraces-pt100array_pt019_r1_7536307_11-89ffb37037,2026-05-07T18:47:29.507Z,41.801,3,77.85,345,0,0,,,,
powertraces-pt100array_pt019_r1_7536307_11-89ffb37037,2026-05-07T18:47:29.607Z,41.901,0,77.83,345,0,0,,,,
powertraces-pt100array_pt019_r1_7536307_11-89ffb37037,2026-05-07T18:47:29.607Z,41.901,1,77.1,345,0,0,,,,
powertraces-pt100array_pt019_r1_7536307_11-89ffb37037,2026-05-07T18:47:29.607Z,41.901,2,76.72,345,0,0,,,,
powertraces-pt100array_pt019_r1_7536307_11-89ffb37037,2026-05-07T18:47:29.607Z,41.901,3,77.84,345,0,0,,,,
powertraces-pt100array_pt019_r1_7536307_11-89ffb37037,2026-05-07T18:47:29.707Z,42.001,0,77.81,345,0,0,,,,
powertraces-pt100array_pt019_r1_7536307_11-89ffb37037,2026-05-07T18:47:29.707Z,42.001,1,77.15,345,0,0,,,,
powertraces-pt100array_pt019_r1_7536307_11-89ffb37037,2026-05-07T18:47:29.707Z,42.001,2,76.76,345,0,0,,,,
powertraces-pt100array_pt019_r1_7536307_11-89ffb37037,2026-05-07T18:47:29.707Z,42.001,3,77.84,345,0,0,,,,
powertraces-pt100array_pt019_r1_7536307_11-89ffb37037,2026-05-07T18:47:29.807Z,42.101,0,77.83,345,0,0,,,,
powertraces-pt100array_pt019_r1_7536307_11-89ffb37037,2026-05-07T18:47:29.808Z,42.102,1,77.15,345,0,0,,,,
powertraces-pt100array_pt019_r1_7536307_11-89ffb37037,2026-05-07T18:47:29.808Z,42.102,2,76.74,345,0,0,,,,
powertraces-pt100array_pt019_r1_7536307_11-89ffb37037,2026-05-07T18:47:29.808Z,42.102,3,77.85,345,0,0,,,,
powertraces-pt100array_pt019_r1_7536307_11-89ffb37037,2026-05-07T18:47:29.908Z,42.202,0,77.83,345,0,0,,,,
powertraces-pt100array_pt019_r1_7536307_11-89ffb37037,2026-05-07T18:47:29.908Z,42.202,1,77.15,345,0,0,,,,
powertraces-pt100array_pt019_r1_7536307_11-89ffb37037,2026-05-07T18:47:29.908Z,42.202,2,76.75,345,0,0,,,,
powertraces-pt100array_pt019_r1_7536307_11-89ffb37037,2026-05-07T18:47:29.908Z,42.202,3,77.87,345,0,0,,,,
powertraces-pt100array_pt019_r1_7536307_11-89ffb37037,2026-05-07T18:47:30.008Z,42.302,0,77.81,345,0,0,,,,
powertraces-pt100array_pt019_r1_7536307_11-89ffb37037,2026-05-07T18:47:30.008Z,42.302,1,77.13,345,0,0,,,,
powertraces-pt100array_pt019_r1_7536307_11-89ffb37037,2026-05-07T18:47:30.008Z,42.302,2,76.75,345,0,0,,,,
powertraces-pt100array_pt019_r1_7536307_11-89ffb37037,2026-05-07T18:47:30.008Z,42.302,3,77.88,345,0,0,,,,
powertraces-pt100array_pt019_r1_7536307_11-89ffb37037,2026-05-07T18:47:30.108Z,42.402,0,77.82,345,0,0,,,,
powertraces-pt100array_pt019_r1_7536307_11-89ffb37037,2026-05-07T18:47:30.108Z,42.402,1,77.14,345,0,0,,,,
powertraces-pt100array_pt019_r1_7536307_11-89ffb37037,2026-05-07T18:47:30.108Z,42.402,2,76.76,345,0,0,,,,
powertraces-pt100array_pt019_r1_7536307_11-89ffb37037,2026-05-07T18:47:30.108Z,42.402,3,77.87,345,0,0,,,,
powertraces-pt100array_pt019_r1_7536307_11-89ffb37037,2026-05-07T18:47:30.208Z,42.502,0,77.82,345,0,0,,,,
powertraces-pt100array_pt019_r1_7536307_11-89ffb37037,2026-05-07T18:47:30.208Z,42.502,1,77.18,345,0,0,,,,
powertraces-pt100array_pt019_r1_7536307_11-89ffb37037,2026-05-07T18:47:30.208Z,42.502,2,76.77,345,0,0,,,,
powertraces-pt100array_pt019_r1_7536307_11-89ffb37037,2026-05-07T18:47:30.208Z,42.502,3,77.9,345,0,0,,,,
powertraces-pt100array_pt019_r1_7536307_11-89ffb37037,2026-05-07T18:47:30.308Z,42.602,0,77.82,345,0,0,,,,
powertraces-pt100array_pt019_r1_7536307_11-89ffb37037,2026-05-07T18:47:30.308Z,42.602,1,77.17,345,0,0,,,,
powertraces-pt100array_pt019_r1_7536307_11-89ffb37037,2026-05-07T18:47:30.308Z,42.602,2,76.76,345,0,0,,,,
powertraces-pt100array_pt019_r1_7536307_11-89ffb37037,2026-05-07T18:47:30.308Z,42.602,3,77.9,345,0,0,,,,
powertraces-pt100array_pt019_r1_7536307_11-89ffb37037,2026-05-07T18:47:30.409Z,42.703,0,77.8,345,0,0,,,,
powertraces-pt100array_pt019_r1_7536307_11-89ffb37037,2026-05-07T18:47:30.409Z,42.703,1,77.14,345,0,0,,,,
powertraces-pt100array_pt019_r1_7536307_11-89ffb37037,2026-05-07T18:47:30.409Z,42.703,2,76.79,345,0,0,,,,
powertraces-pt100array_pt019_r1_7536307_11-89ffb37037,2026-05-07T18:47:30.409Z,42.703,3,77.92,345,0,0,,,,
powertraces-pt100array_pt019_r1_7536307_11-89ffb37037,2026-05-07T18:47:30.509Z,42.803,0,77.78,345,0,0,,,,
powertraces-pt100array_pt019_r1_7536307_11-89ffb37037,2026-05-07T18:47:30.509Z,42.803,1,77.15,345,0,0,,,,
powertraces-pt100array_pt019_r1_7536307_11-89ffb37037,2026-05-07T18:47:30.509Z,42.803,2,76.77,345,0,0,,,,
powertraces-pt100array_pt019_r1_7536307_11-89ffb37037,2026-05-07T18:47:30.509Z,42.803,3,77.91,345,0,0,,,,
powertraces-pt100array_pt019_r1_7536307_11-89ffb37037,2026-05-07T18:47:30.609Z,42.903,0,77.76,345,0,0,,,,
powertraces-pt100array_pt019_r1_7536307_11-89ffb37037,2026-05-07T18:47:30.609Z,42.903,1,77.16,345,0,0,,,,
powertraces-pt100array_pt019_r1_7536307_11-89ffb37037,2026-05-07T18:47:30.609Z,42.903,2,76.76,345,0,0,,,,
powertraces-pt100array_pt019_r1_7536307_11-89ffb37037,2026-05-07T18:47:30.609Z,42.903,3,77.9,345,0,0,,,,
powertraces-pt100array_pt019_r1_7536307_11-89ffb37037,2026-05-07T18:47:30.709Z,43.003,0,77.75,345,0,0,,,,
powertraces-pt100array_pt019_r1_7536307_11-89ffb37037,2026-05-07T18:47:30.709Z,43.003,1,77.18,345,0,0,,,,
powertraces-pt100array_pt019_r1_7536307_11-89ffb37037,2026-05-07T18:47:30.709Z,43.003,2,76.75,345,0,0,,,,
powertraces-pt100array_pt019_r1_7536307_11-89ffb37037,2026-05-07T18:47:30.709Z,43.003,3,77.9,345,0,0,,,,
powertraces-pt100array_pt019_r1_7536307_11-89ffb37037,2026-05-07T18:47:30.81Z,43.104,0,77.76,345,0,0,,,,
powertraces-pt100array_pt019_r1_7536307_11-89ffb37037,2026-05-07T18:47:30.81Z,43.104,1,77.13,345,0,0,,,,
powertraces-pt100array_pt019_r1_7536307_11-89ffb37037,2026-05-07T18:47:30.81Z,43.104,2,76.76,345,0,0,,,,
powertraces-pt100array_pt019_r1_7536307_11-89ffb37037,2026-05-07T18:47:30.81Z,43.104,3,77.88,345,0,0,,,,
powertraces-pt100array_pt019_r1_7536307_11-89ffb37037,2026-05-07T18:47:30.91Z,43.204,0,77.76,345,0,0,,,,
powertraces-pt100array_pt019_r1_7536307_11-89ffb37037,2026-05-07T18:47:30.91Z,43.204,1,77.1,345,0,0,,,,
powertraces-pt100array_pt019_r1_7536307_11-89ffb37037,2026-05-07T18:47:30.91Z,43.204,2,76.76,345,0,0,,,,
powertraces-pt100array_pt019_r1_7536307_11-89ffb37037,2026-05-07T18:47:30.91Z,43.204,3,77.88,345,0,0,,,,
powertraces-pt100array_pt019_r1_7536307_11-89ffb37037,2026-05-07T18:47:31.01Z,43.304,0,77.78,345,0,0,,,,
powertraces-pt100array_pt019_r1_7536307_11-89ffb37037,2026-05-07T18:47:31.01Z,43.304,1,77.16,345,0,0,,,,
powertraces-pt100array_pt019_r1_7536307_11-89ffb37037,2026-05-07T18:47:31.01Z,43.304,2,76.77,345,0,0,,,,
powertraces-pt100array_pt019_r1_7536307_11-89ffb37037,2026-05-07T18:47:31.01Z,43.304,3,77.89,345,0,0,,,,
powertraces-pt100array_pt019_r1_7536307_11-89ffb37037,2026-05-07T18:47:31.11Z,43.404,0,77.79,345,0,0,,,,
powertraces-pt100array_pt019_r1_7536307_11-89ffb37037,2026-05-07T18:47:31.11Z,43.404,1,77.16,345,0,0,,,,
powertraces-pt100array_pt019_r1_7536307_11-89ffb37037,2026-05-07T18:47:31.11Z,43.404,2,76.77,345,0,0,,,,
powertraces-pt100array_pt019_r1_7536307_11-89ffb37037,2026-05-07T18:47:31.11Z,43.404,3,77.9,345,0,0,,,,
powertraces-pt100array_pt019_r1_7536307_11-89ffb37037,2026-05-07T18:47:31.21Z,43.504,0,77.79,345,0,0,,,,
powertraces-pt100array_pt019_r1_7536307_11-89ffb37037,2026-05-07T18:47:31.211Z,43.505,1,77.13,345,0,0,,,,
powertraces-pt100array_pt019_r1_7536307_11-89ffb37037,2026-05-07T18:47:31.211Z,43.505,2,76.78,345,0,0,,,,
powertraces-pt100array_pt019_r1_7536307_11-89ffb37037,2026-05-07T18:47:31.211Z,43.505,3,77.9,345,0,0,,,,
powertraces-pt100array_pt019_r1_7536307_11-89ffb37037,2026-05-07T18:47:31.311Z,43.605,0,77.78,345,0,0,,,,
powertraces-pt100array_pt019_r1_7536307_11-89ffb37037,2026-05-07T18:47:31.311Z,43.605,1,77.15,345,0,0,,,,
powertraces-pt100array_pt019_r1_7536307_11-89ffb37037,2026-05-07T18:47:31.311Z,43.605,2,76.77,345,0,0,,,,
powertraces-pt100array_pt019_r1_7536307_11-89ffb37037,2026-05-07T18:47:31.311Z,43.605,3,77.93,345,0,0,,,,
powertraces-pt100array_pt019_r1_7536307_11-89ffb37037,2026-05-07T18:47:31.411Z,43.705,0,77.76,345,0,0,,,,
powertraces-pt100array_pt019_r1_7536307_11-89ffb37037,2026-05-07T18:47:31.411Z,43.705,1,77.15,345,0,0,,,,
powertraces-pt100array_pt019_r1_7536307_11-89ffb37037,2026-05-07T18:47:31.411Z,43.705,2,76.76,345,0,0,,,,
powertraces-pt100array_pt019_r1_7536307_11-89ffb37037,2026-05-07T18:47:31.411Z,43.705,3,77.9,345,0,0,,,,
powertraces-pt100array_pt019_r1_7536307_11-89ffb37037,2026-05-07T18:47:31.511Z,43.805,0,77.79,345,0,0,,,,
powertraces-pt100array_pt019_r1_7536307_11-89ffb37037,2026-05-07T18:47:31.511Z,43.805,1,77.18,345,0,0,,,,
powertraces-pt100array_pt019_r1_7536307_11-89ffb37037,2026-05-07T18:47:31.511Z,43.805,2,76.79,345,0,0,,,,
powertraces-pt100array_pt019_r1_7536307_11-89ffb37037,2026-05-07T18:47:31.511Z,43.805,3,77.9,345,0,0,,,,
powertraces-pt100array_pt019_r1_7536307_11-89ffb37037,2026-05-07T18:47:31.612Z,43.906,0,77.79,345,0,0,,,,
powertraces-pt100array_pt019_r1_7536307_11-89ffb37037,2026-05-07T18:47:31.612Z,43.906,1,77.18,345,0,0,,,,
powertraces-pt100array_pt019_r1_7536307_11-89ffb37037,2026-05-07T18:47:31.612Z,43.906,2,76.79,345,0,0,,,,
powertraces-pt100array_pt019_r1_7536307_11-89ffb37037,2026-05-07T18:47:31.612Z,43.906,3,77.89,345,0,0,,,,
powertraces-pt100array_pt019_r1_7536307_11-89ffb37037,2026-05-07T18:47:31.712Z,44.006,0,77.78,345,0,0,,,,
powertraces-pt100array_pt019_r1_7536307_11-89ffb37037,2026-05-07T18:47:31.712Z,44.006,1,77.14,345,0,0,,,,
powertraces-pt100array_pt019_r1_7536307_11-89ffb37037,2026-05-07T18:47:31.712Z,44.006,2,76.79,345,0,0,,,,
powertraces-pt100array_pt019_r1_7536307_11-89ffb37037,2026-05-07T18:47:31.712Z,44.006,3,77.9,345,0,0,,,,
powertraces-pt100array_pt019_r1_7536307_11-89ffb37037,2026-05-07T18:47:31.812Z,44.106,0,77.76,345,0,0,,,,
powertraces-pt100array_pt019_r1_7536307_11-89ffb37037,2026-05-07T18:47:31.812Z,44.106,1,77.14,345,0,0,,,,
powertraces-pt100array_pt019_r1_7536307_11-89ffb37037,2026-05-07T18:47:31.812Z,44.106,2,76.78,345,0,0,,,,
powertraces-pt100array_pt019_r1_7536307_11-89ffb37037,2026-05-07T18:47:31.812Z,44.106,3,77.91,345,0,0,,,,
powertraces-pt100array_pt019_r1_7536307_11-89ffb37037,2026-05-07T18:47:31.912Z,44.206,0,77.77,345,0,0,,,,
powertraces-pt100array_pt019_r1_7536307_11-89ffb37037,2026-05-07T18:47:31.912Z,44.206,1,77.17,345,0,0,,,,
powertraces-pt100array_pt019_r1_7536307_11-89ffb37037,2026-05-07T18:47:31.912Z,44.206,2,76.76,345,0,0,,,,
powertraces-pt100array_pt019_r1_7536307_11-89ffb37037,2026-05-07T18:47:31.912Z,44.206,3,77.91,345,0,0,,,,
powertraces-pt100array_pt019_r1_7536307_11-89ffb37037,2026-05-07T18:47:32.012Z,44.306,0,77.78,345,0,0,,,,
powertraces-pt100array_pt019_r1_7536307_11-89ffb37037,2026-05-07T18:47:32.012Z,44.306,1,77.19,345,0,0,,,,
powertraces-pt100array_pt019_r1_7536307_11-89ffb37037,2026-05-07T18:47:32.012Z,44.306,2,76.76,345,0,0,,,,
powertraces-pt100array_pt019_r1_7536307_11-89ffb37037,2026-05-07T18:47:32.012Z,44.306,3,77.92,345,0,0,,,,
powertraces-pt100array_pt019_r1_7536307_11-89ffb37037,2026-05-07T18:47:32.113Z,44.407,0,77.77,345,0,0,,,,
powertraces-pt100array_pt019_r1_7536307_11-89ffb37037,2026-05-07T18:47:32.113Z,44.407,1,77.15,345,0,0,,,,
powertraces-pt100array_pt019_r1_7536307_11-89ffb37037,2026-05-07T18:47:32.113Z,44.407,2,76.76,345,0,0,,,,
powertraces-pt100array_pt019_r1_7536307_11-89ffb37037,2026-05-07T18:47:32.113Z,44.407,3,77.93,345,0,0,,,,
powertraces-pt100array_pt019_r1_7536307_11-89ffb37037,2026-05-07T18:47:32.213Z,44.507,0,77.77,345,0,0,,,,
powertraces-pt100array_pt019_r1_7536307_11-89ffb37037,2026-05-07T18:47:32.213Z,44.507,1,77.13,345,0,0,,,,
powertraces-pt100array_pt019_r1_7536307_11-89ffb37037,2026-05-07T18:47:32.213Z,44.507,2,76.75,345,0,0,,,,
powertraces-pt100array_pt019_r1_7536307_11-89ffb37037,2026-05-07T18:47:32.213Z,44.507,3,77.94,345,0,0,,,,
powertraces-pt100array_pt019_r1_7536307_11-89ffb37037,2026-05-07T18:47:32.313Z,44.607,0,77.79,345,0,0,,,,
powertraces-pt100array_pt019_r1_7536307_11-89ffb37037,2026-05-07T18:47:32.313Z,44.607,1,77.14,345,0,0,,,,
powertraces-pt100array_pt019_r1_7536307_11-89ffb37037,2026-05-07T18:47:32.313Z,44.607,2,76.73,345,0,0,,,,
powertraces-pt100array_pt019_r1_7536307_11-89ffb37037,2026-05-07T18:47:32.313Z,44.607,3,77.94,345,0,0,,,,
powertraces-pt100array_pt019_r1_7536307_11-89ffb37037,2026-05-07T18:47:32.413Z,44.707,0,77.79,345,0,0,,,,
powertraces-pt100array_pt019_r1_7536307_11-89ffb37037,2026-05-07T18:47:32.413Z,44.707,1,77.16,345,0,0,,,,
powertraces-pt100array_pt019_r1_7536307_11-89ffb37037,2026-05-07T18:47:32.413Z,44.707,2,76.72,345,0,0,,,,
powertraces-pt100array_pt019_r1_7536307_11-89ffb37037,2026-05-07T18:47:32.413Z,44.707,3,77.96,345,0,0,,,,
powertraces-pt100array_pt019_r1_7536307_11-89ffb37037,2026-05-07T18:47:32.513Z,44.807,0,77.78,345,0,0,,,,
powertraces-pt100array_pt019_r1_7536307_11-89ffb37037,2026-05-07T18:47:32.513Z,44.807,1,77.14,345,0,0,,,,
powertraces-pt100array_pt019_r1_7536307_11-89ffb37037,2026-05-07T18:47:32.513Z,44.807,2,76.74,345,0,0,,,,
powertraces-pt100array_pt019_r1_7536307_11-89ffb37037,2026-05-07T18:47:32.513Z,44.807,3,77.96,345,0,0,,,,
powertraces-pt100array_pt019_r1_7536307_11-89ffb37037,2026-05-07T18:47:32.613Z,44.907,0,77.77,345,0,0,,,,
powertraces-pt100array_pt019_r1_7536307_11-89ffb37037,2026-05-07T18:47:32.614Z,44.908,1,77.1,345,0,0,,,,
powertraces-pt100array_pt019_r1_7536307_11-89ffb37037,2026-05-07T18:47:32.614Z,44.908,2,76.72,345,0,0,,,,
powertraces-pt100array_pt019_r1_7536307_11-89ffb37037,2026-05-07T18:47:32.614Z,44.908,3,77.95,345,0,0,,,,
powertraces-pt100array_pt019_r1_7536307_11-89ffb37037,2026-05-07T18:47:32.714Z,45.008,0,77.8,345,0,0,,,,
powertraces-pt100array_pt019_r1_7536307_11-89ffb37037,2026-05-07T18:47:32.714Z,45.008,1,77.12,345,0,0,,,,
powertraces-pt100array_pt019_r1_7536307_11-89ffb37037,2026-05-07T18:47:32.714Z,45.008,2,76.71,345,0,0,,,,
powertraces-pt100array_pt019_r1_7536307_11-89ffb37037,2026-05-07T18:47:32.714Z,45.008,3,77.96,345,0,0,,,,
powertraces-pt100array_pt019_r1_7536307_11-89ffb37037,2026-05-07T18:47:32.814Z,45.108,0,77.78,345,0,0,,,,
powertraces-pt100array_pt019_r1_7536307_11-89ffb37037,2026-05-07T18:47:32.814Z,45.108,1,77.15,345,0,0,,,,
powertraces-pt100array_pt019_r1_7536307_11-89ffb37037,2026-05-07T18:47:32.814Z,45.108,2,76.73,345,0,0,,,,
powertraces-pt100array_pt019_r1_7536307_11-89ffb37037,2026-05-07T18:47:32.814Z,45.108,3,77.96,345,0,0,,,,
powertraces-pt100array_pt019_r1_7536307_11-89ffb37037,2026-05-07T18:47:32.914Z,45.208,0,77.78,345,0,0,,,,
powertraces-pt100array_pt019_r1_7536307_11-89ffb37037,2026-05-07T18:47:32.914Z,45.208,1,77.13,345,0,0,,,,
powertraces-pt100array_pt019_r1_7536307_11-89ffb37037,2026-05-07T18:47:32.914Z,45.208,2,76.73,345,0,0,,,,
powertraces-pt100array_pt019_r1_7536307_11-89ffb37037,2026-05-07T18:47:32.914Z,45.208,3,77.94,345,0,0,,,,
powertraces-pt100array_pt019_r1_7536307_11-89ffb37037,2026-05-07T18:47:33.014Z,45.308,0,77.77,345,0,0,,,,
powertraces-pt100array_pt019_r1_7536307_11-89ffb37037,2026-05-07T18:47:33.014Z,45.308,1,77.08,345,0,0,,,,
powertraces-pt100array_pt019_r1_7536307_11-89ffb37037,2026-05-07T18:47:33.014Z,45.308,2,76.74,345,0,0,,,,
powertraces-pt100array_pt019_r1_7536307_11-89ffb37037,2026-05-07T18:47:33.014Z,45.308,3,77.91,345,0,0,,,,
powertraces-pt100array_pt019_r1_7536307_11-89ffb37037,2026-05-07T18:47:33.114Z,45.408,0,77.77,345,0,0,,,,
powertraces-pt100array_pt019_r1_7536307_11-89ffb37037,2026-05-07T18:47:33.115Z,45.409,1,77.1,345,0,0,,,,
powertraces-pt100array_pt019_r1_7536307_11-89ffb37037,2026-05-07T18:47:33.115Z,45.409,2,76.76,345,0,0,,,,
powertraces-pt100array_pt019_r1_7536307_11-89ffb37037,2026-05-07T18:47:33.115Z,45.409,3,77.91,345,0,0,,,,
powertraces-pt100array_pt019_r1_7536307_11-89ffb37037,2026-05-07T18:47:33.215Z,45.509,0,77.77,345,0,0,,,,
powertraces-pt100array_pt019_r1_7536307_11-89ffb37037,2026-05-07T18:47:33.215Z,45.509,1,77.14,345,0,0,,,,
powertraces-pt100array_pt019_r1_7536307_11-89ffb37037,2026-05-07T18:47:33.215Z,45.509,2,76.77,345,0,0,,,,
powertraces-pt100array_pt019_r1_7536307_11-89ffb37037,2026-05-07T18:47:33.215Z,45.509,3,77.91,345,0,0,,,,
powertraces-pt100array_pt019_r1_7536307_11-89ffb37037,2026-05-07T18:47:33.315Z,45.609,0,77.77,345,0,0,,,,
powertraces-pt100array_pt019_r1_7536307_11-89ffb37037,2026-05-07T18:47:33.315Z,45.609,1,77.14,345,0,0,,,,
powertraces-pt100array_pt019_r1_7536307_11-89ffb37037,2026-05-07T18:47:33.315Z,45.609,2,76.77,345,0,0,,,,
powertraces-pt100array_pt019_r1_7536307_11-89ffb37037,2026-05-07T18:47:33.315Z,45.609,3,77.89,345,0,0,,,,
powertraces-pt100array_pt019_r1_7536307_11-89ffb37037,2026-05-07T18:47:33.415Z,45.709,0,77.77,345,0,0,,,,
powertraces-pt100array_pt019_r1_7536307_11-89ffb37037,2026-05-07T18:47:33.415Z,45.709,1,77.13,345,0,0,,,,
powertraces-pt100array_pt019_r1_7536307_11-89ffb37037,2026-05-07T18:47:33.415Z,45.709,2,76.8,345,0,0,,,,
powertraces-pt100array_pt019_r1_7536307_11-89ffb37037,2026-05-07T18:47:33.415Z,45.709,3,77.89,345,0,0,,,,
powertraces-pt100array_pt019_r1_7536307_11-89ffb37037,2026-05-07T18:47:33.515Z,45.809,0,77.77,345,0,0,,,,
powertraces-pt100array_pt019_r1_7536307_11-89ffb37037,2026-05-07T18:47:33.515Z,45.809,1,77.12,345,0,0,,,,
powertraces-pt100array_pt019_r1_7536307_11-89ffb37037,2026-05-07T18:47:33.515Z,45.809,2,76.79,345,0,0,,,,
powertraces-pt100array_pt019_r1_7536307_11-89ffb37037,2026-05-07T18:47:33.515Z,45.809,3,77.91,345,0,0,,,,
powertraces-pt100array_pt019_r1_7536307_11-89ffb37037,2026-05-07T18:47:33.616Z,45.91,0,77.75,345,0,0,,,,
powertraces-pt100array_pt019_r1_7536307_11-89ffb37037,2026-05-07T18:47:33.616Z,45.91,1,77.16,345,0,0,,,,
powertraces-pt100array_pt019_r1_7536307_11-89ffb37037,2026-05-07T18:47:33.616Z,45.91,2,76.81,345,0,0,,,,
powertraces-pt100array_pt019_r1_7536307_11-89ffb37037,2026-05-07T18:47:33.616Z,45.91,3,77.91,345,0,0,,,,
powertraces-pt100array_pt019_r1_7536307_11-89ffb37037,2026-05-07T18:47:33.716Z,46.01,0,77.76,345,0,0,,,,
powertraces-pt100array_pt019_r1_7536307_11-89ffb37037,2026-05-07T18:47:33.716Z,46.01,1,77.17,345,0,0,,,,
powertraces-pt100array_pt019_r1_7536307_11-89ffb37037,2026-05-07T18:47:33.716Z,46.01,2,76.81,345,0,0,,,,
powertraces-pt100array_pt019_r1_7536307_11-89ffb37037,2026-05-07T18:47:33.716Z,46.01,3,77.9,345,0,0,,,,
powertraces-pt100array_pt019_r1_7536307_11-89ffb37037,2026-05-07T18:47:33.816Z,46.11,0,77.77,345,0,0,,,,
powertraces-pt100array_pt019_r1_7536307_11-89ffb37037,2026-05-07T18:47:33.816Z,46.11,1,77.15,345,0,0,,,,
powertraces-pt100array_pt019_r1_7536307_11-89ffb37037,2026-05-07T18:47:33.816Z,46.11,2,76.79,345,0,0,,,,
powertraces-pt100array_pt019_r1_7536307_11-89ffb37037,2026-05-07T18:47:33.816Z,46.11,3,77.89,345,0,0,,,,
powertraces-pt100array_pt019_r1_7536307_11-89ffb37037,2026-05-07T18:47:33.916Z,46.21,0,77.76,345,0,0,,,,
powertraces-pt100array_pt019_r1_7536307_11-89ffb37037,2026-05-07T18:47:33.916Z,46.21,1,77.12,345,0,0,,,,
powertraces-pt100array_pt019_r1_7536307_11-89ffb37037,2026-05-07T18:47:33.916Z,46.21,2,76.82,345,0,0,,,,
powertraces-pt100array_pt019_r1_7536307_11-89ffb37037,2026-05-07T18:47:33.916Z,46.21,3,77.89,345,0,0,,,,
powertraces-pt100array_pt019_r1_7536307_11-89ffb37037,2026-05-07T18:47:34.016Z,46.31,0,77.77,345,0,0,,,,
powertraces-pt100array_pt019_r1_7536307_11-89ffb37037,2026-05-07T18:47:34.017Z,46.311,1,77.17,345,0,0,,,,
powertraces-pt100array_pt019_r1_7536307_11-89ffb37037,2026-05-07T18:47:34.017Z,46.311,2,76.82,345,0,0,,,,
powertraces-pt100array_pt019_r1_7536307_11-89ffb37037,2026-05-07T18:47:34.017Z,46.311,3,77.9,345,0,0,,,,
powertraces-pt100array_pt019_r1_7536307_11-89ffb37037,2026-05-07T18:47:34.117Z,46.411,0,77.76,345,0,0,,,,
powertraces-pt100array_pt019_r1_7536307_11-89ffb37037,2026-05-07T18:47:34.117Z,46.411,1,77.17,345,0,0,,,,
powertraces-pt100array_pt019_r1_7536307_11-89ffb37037,2026-05-07T18:47:34.117Z,46.411,2,76.79,345,0,0,,,,
powertraces-pt100array_pt019_r1_7536307_11-89ffb37037,2026-05-07T18:47:34.117Z,46.411,3,77.88,345,0,0,,,,
powertraces-pt100array_pt019_r1_7536307_11-89ffb37037,2026-05-07T18:47:34.217Z,46.511,0,77.76,345,0,0,,,,
powertraces-pt100array_pt019_r1_7536307_11-89ffb37037,2026-05-07T18:47:34.217Z,46.511,1,77.17,345,0,0,,,,
powertraces-pt100array_pt019_r1_7536307_11-89ffb37037,2026-05-07T18:47:34.217Z,46.511,2,76.79,345,0,0,,,,
powertraces-pt100array_pt019_r1_7536307_11-89ffb37037,2026-05-07T18:47:34.217Z,46.511,3,77.84,345,0,0,,,,
powertraces-pt100array_pt019_r1_7536307_11-89ffb37037,2026-05-07T18:47:34.317Z,46.611,0,77.75,345,0,0,,,,
powertraces-pt100array_pt019_r1_7536307_11-89ffb37037,2026-05-07T18:47:34.317Z,46.611,1,77.1,345,0,0,,,,
powertraces-pt100array_pt019_r1_7536307_11-89ffb37037,2026-05-07T18:47:34.317Z,46.611,2,76.82,345,0,0,,,,
powertraces-pt100array_pt019_r1_7536307_11-89ffb37037,2026-05-07T18:47:34.317Z,46.611,3,77.83,345,0,0,,,,
powertraces-pt100array_pt019_r1_7536307_11-89ffb37037,2026-05-07T18:47:34.417Z,46.711,0,77.76,345,0,0,,,,
powertraces-pt100array_pt019_r1_7536307_11-89ffb37037,2026-05-07T18:47:34.417Z,46.711,1,77.1,345,0,0,,,,
powertraces-pt100array_pt019_r1_7536307_11-89ffb37037,2026-05-07T18:47:34.417Z,46.711,2,76.8,345,0,0,,,,
powertraces-pt100array_pt019_r1_7536307_11-89ffb37037,2026-05-07T18:47:34.418Z,46.712,3,77.86,345,0,0,,,,
powertraces-pt100array_pt019_r1_7536307_11-89ffb37037,2026-05-07T18:47:34.518Z,46.812,0,77.76,345,0,0,,,,
powertraces-pt100array_pt019_r1_7536307_11-89ffb37037,2026-05-07T18:47:34.518Z,46.812,1,77.14,345,0,0,,,,
powertraces-pt100array_pt019_r1_7536307_11-89ffb37037,2026-05-07T18:47:34.518Z,46.812,2,76.8,345,0,0,,,,
powertraces-pt100array_pt019_r1_7536307_11-89ffb37037,2026-05-07T18:47:34.518Z,46.812,3,77.84,345,0,0,,,,
powertraces-pt100array_pt019_r1_7536307_11-89ffb37037,2026-05-07T18:47:34.618Z,46.912,0,77.78,345,0,0,,,,
powertraces-pt100array_pt019_r1_7536307_11-89ffb37037,2026-05-07T18:47:34.618Z,46.912,1,77.16,345,0,0,,,,
powertraces-pt100array_pt019_r1_7536307_11-89ffb37037,2026-05-07T18:47:34.618Z,46.912,2,76.78,345,0,0,,,,
powertraces-pt100array_pt019_r1_7536307_11-89ffb37037,2026-05-07T18:47:34.618Z,46.912,3,77.84,345,0,0,,,,
powertraces-pt100array_pt019_r1_7536307_11-89ffb37037,2026-05-07T18:47:34.718Z,47.012,0,77.76,345,0,0,,,,
powertraces-pt100array_pt019_r1_7536307_11-89ffb37037,2026-05-07T18:47:34.718Z,47.012,1,77.12,345,0,0,,,,
powertraces-pt100array_pt019_r1_7536307_11-89ffb37037,2026-05-07T18:47:34.718Z,47.012,2,76.78,345,0,0,,,,
powertraces-pt100array_pt019_r1_7536307_11-89ffb37037,2026-05-07T18:47:34.718Z,47.012,3,77.86,345,0,0,,,,
powertraces-pt100array_pt019_r1_7536307_11-89ffb37037,2026-05-07T18:47:34.818Z,47.112,0,77.77,345,0,0,,,,
powertraces-pt100array_pt019_r1_7536307_11-89ffb37037,2026-05-07T18:47:34.818Z,47.112,1,77.12,345,0,0,,,,
powertraces-pt100array_pt019_r1_7536307_11-89ffb37037,2026-05-07T18:47:34.818Z,47.112,2,76.78,345,0,0,,,,
powertraces-pt100array_pt019_r1_7536307_11-89ffb37037,2026-05-07T18:47:34.818Z,47.112,3,77.86,345,0,0,,,,
powertraces-pt100array_pt019_r1_7536307_11-89ffb37037,2026-05-07T18:47:34.918Z,47.212,0,77.77,345,0,0,,,,
powertraces-pt100array_pt019_r1_7536307_11-89ffb37037,2026-05-07T18:47:34.919Z,47.213,1,77.15,345,0,0,,,,
powertraces-pt100array_pt019_r1_7536307_11-89ffb37037,2026-05-07T18:47:34.919Z,47.213,2,76.77,345,0,0,,,,
powertraces-pt100array_pt019_r1_7536307_11-89ffb37037,2026-05-07T18:47:34.919Z,47.213,3,77.9,345,0,0,,,,
powertraces-pt100array_pt019_r1_7536307_11-89ffb37037,2026-05-07T18:47:35.019Z,47.313,0,77.74,345,0,0,,,,
powertraces-pt100array_pt019_r1_7536307_11-89ffb37037,2026-05-07T18:47:35.019Z,47.313,1,77.18,345,0,0,,,,
powertraces-pt100array_pt019_r1_7536307_11-89ffb37037,2026-05-07T18:47:35.019Z,47.313,2,76.78,345,0,0,,,,
powertraces-pt100array_pt019_r1_7536307_11-89ffb37037,2026-05-07T18:47:35.019Z,47.313,3,77.93,345,0,0,,,,
powertraces-pt100array_pt019_r1_7536307_11-89ffb37037,2026-05-07T18:47:35.119Z,47.413,0,77.74,345,0,0,,,,
powertraces-pt100array_pt019_r1_7536307_11-89ffb37037,2026-05-07T18:47:35.119Z,47.413,1,77.13,345,0,0,,,,
powertraces-pt100array_pt019_r1_7536307_11-89ffb37037,2026-05-07T18:47:35.119Z,47.413,2,76.79,345,0,0,,,,
powertraces-pt100array_pt019_r1_7536307_11-89ffb37037,2026-05-07T18:47:35.119Z,47.413,3,77.92,345,0,0,,,,
powertraces-pt100array_pt019_r1_7536307_11-89ffb37037,2026-05-07T18:47:35.219Z,47.513,0,77.74,345,0,0,,,,
powertraces-pt100array_pt019_r1_7536307_11-89ffb37037,2026-05-07T18:47:35.219Z,47.513,1,77.14,345,0,0,,,,
powertraces-pt100array_pt019_r1_7536307_11-89ffb37037,2026-05-07T18:47:35.219Z,47.513,2,76.81,345,0,0,,,,
powertraces-pt100array_pt019_r1_7536307_11-89ffb37037,2026-05-07T18:47:35.219Z,47.513,3,77.91,345,0,0,,,,
powertraces-pt100array_pt019_r1_7536307_11-89ffb37037,2026-05-07T18:47:35.319Z,47.613,0,77.75,345,0,0,,,,
powertraces-pt100array_pt019_r1_7536307_11-89ffb37037,2026-05-07T18:47:35.319Z,47.613,1,77.14,345,0,0,,,,
powertraces-pt100array_pt019_r1_7536307_11-89ffb37037,2026-05-07T18:47:35.319Z,47.613,2,76.83,345,0,0,,,,
powertraces-pt100array_pt019_r1_7536307_11-89ffb37037,2026-05-07T18:47:35.319Z,47.613,3,77.92,345,0,0,,,,
powertraces-pt100array_pt019_r1_7536307_11-89ffb37037,2026-05-07T18:47:35.42Z,47.714,0,77.74,345,0,0,,,,
powertraces-pt100array_pt019_r1_7536307_11-89ffb37037,2026-05-07T18:47:35.42Z,47.714,1,77.17,345,0,0,,,,
powertraces-pt100array_pt019_r1_7536307_11-89ffb37037,2026-05-07T18:47:35.42Z,47.714,2,76.81,345,0,0,,,,
powertraces-pt100array_pt019_r1_7536307_11-89ffb37037,2026-05-07T18:47:35.42Z,47.714,3,77.9,345,0,0,,,,
powertraces-pt100array_pt019_r1_7536307_11-89ffb37037,2026-05-07T18:47:35.52Z,47.814,0,77.73,345,0,0,,,,
powertraces-pt100array_pt019_r1_7536307_11-89ffb37037,2026-05-07T18:47:35.52Z,47.814,1,77.12,345,0,0,,,,
powertraces-pt100array_pt019_r1_7536307_11-89ffb37037,2026-05-07T18:47:35.52Z,47.814,2,76.82,345,0,0,,,,
powertraces-pt100array_pt019_r1_7536307_11-89ffb37037,2026-05-07T18:47:35.52Z,47.814,3,77.87,345,0,0,,,,
powertraces-pt100array_pt019_r1_7536307_11-89ffb37037,2026-05-07T18:47:35.62Z,47.914,0,77.71,345,0,0,,,,
powertraces-pt100array_pt019_r1_7536307_11-89ffb37037,2026-05-07T18:47:35.62Z,47.914,1,77.1,345,0,0,,,,
powertraces-pt100array_pt019_r1_7536307_11-89ffb37037,2026-05-07T18:47:35.62Z,47.914,2,76.82,345,0,0,,,,
powertraces-pt100array_pt019_r1_7536307_11-89ffb37037,2026-05-07T18:47:35.62Z,47.914,3,77.86,345,0,0,,,,
powertraces-pt100array_pt019_r1_7536307_11-89ffb37037,2026-05-07T18:47:35.72Z,48.014,0,77.72,345,0,0,,,,
powertraces-pt100array_pt019_r1_7536307_11-89ffb37037,2026-05-07T18:47:35.72Z,48.014,1,77.14,345,0,0,,,,
powertraces-pt100array_pt019_r1_7536307_11-89ffb37037,2026-05-07T18:47:35.72Z,48.014,2,76.81,345,0,0,,,,
powertraces-pt100array_pt019_r1_7536307_11-89ffb37037,2026-05-07T18:47:35.72Z,48.014,3,77.84,345,0,0,,,,
powertraces-pt100array_pt019_r1_7536307_11-89ffb37037,2026-05-07T18:47:35.82Z,48.114,0,77.72,345,0,0,,,,
powertraces-pt100array_pt019_r1_7536307_11-89ffb37037,2026-05-07T18:47:35.82Z,48.114,1,77.15,345,0,0,,,,
powertraces-pt100array_pt019_r1_7536307_11-89ffb37037,2026-05-07T18:47:35.82Z,48.114,2,76.81,345,0,0,,,,
powertraces-pt100array_pt019_r1_7536307_11-89ffb37037,2026-05-07T18:47:35.82Z,48.114,3,77.84,345,0,0,,,,
powertraces-pt100array_pt019_r1_7536307_11-89ffb37037,2026-05-07T18:47:35.921Z,48.215,0,77.72,345,0,0,,,,
powertraces-pt100array_pt019_r1_7536307_11-89ffb37037,2026-05-07T18:47:35.921Z,48.215,1,77.16,345,0,0,,,,
powertraces-pt100array_pt019_r1_7536307_11-89ffb37037,2026-05-07T18:47:35.921Z,48.215,2,76.81,345,0,0,,,,
powertraces-pt100array_pt019_r1_7536307_11-89ffb37037,2026-05-07T18:47:35.921Z,48.215,3,77.82,345,0,0,,,,
powertraces-pt100array_pt019_r1_7536307_11-89ffb37037,2026-05-07T18:47:36.021Z,48.315,0,77.72,345,0,0,,,,
powertraces-pt100array_pt019_r1_7536307_11-89ffb37037,2026-05-07T18:47:36.021Z,48.315,1,77.12,345,0,0,,,,
powertraces-pt100array_pt019_r1_7536307_11-89ffb37037,2026-05-07T18:47:36.021Z,48.315,2,76.8,345,0,0,,,,
powertraces-pt100array_pt019_r1_7536307_11-89ffb37037,2026-05-07T18:47:36.021Z,48.315,3,77.81,345,0,0,,,,
powertraces-pt100array_pt019_r1_7536307_11-89ffb37037,2026-05-07T18:47:36.121Z,48.415,0,77.74,345,0,0,,,,
powertraces-pt100array_pt019_r1_7536307_11-89ffb37037,2026-05-07T18:47:36.121Z,48.415,1,77.13,345,0,0,,,,
powertraces-pt100array_pt019_r1_7536307_11-89ffb37037,2026-05-07T18:47:36.121Z,48.415,2,76.8,345,0,0,,,,
powertraces-pt100array_pt019_r1_7536307_11-89ffb37037,2026-05-07T18:47:36.121Z,48.415,3,77.83,345,0,0,,,,
powertraces-pt100array_pt019_r1_7536307_11-89ffb37037,2026-05-07T18:47:36.221Z,48.515,0,77.74,345,0,0,,,,
powertraces-pt100array_pt019_r1_7536307_11-89ffb37037,2026-05-07T18:47:36.221Z,48.515,1,77.17,345,0,0,,,,
powertraces-pt100array_pt019_r1_7536307_11-89ffb37037,2026-05-07T18:47:36.221Z,48.515,2,76.8,345,0,0,,,,
powertraces-pt100array_pt019_r1_7536307_11-89ffb37037,2026-05-07T18:47:36.221Z,48.515,3,77.86,345,0,0,,,,
powertraces-pt100array_pt019_r1_7536307_11-89ffb37037,2026-05-07T18:47:36.322Z,48.616,0,77.73,345,0,0,,,,
powertraces-pt100array_pt019_r1_7536307_11-89ffb37037,2026-05-07T18:47:36.322Z,48.616,1,77.18,345,0,0,,,,
powertraces-pt100array_pt019_r1_7536307_11-89ffb37037,2026-05-07T18:47:36.322Z,48.616,2,76.79,345,0,0,,,,
powertraces-pt100array_pt019_r1_7536307_11-89ffb37037,2026-05-07T18:47:36.322Z,48.616,3,77.86,345,0,0,,,,
powertraces-pt100array_pt019_r1_7536307_11-89ffb37037,2026-05-07T18:47:36.422Z,48.716,0,77.73,345,0,0,,,,
powertraces-pt100array_pt019_r1_7536307_11-89ffb37037,2026-05-07T18:47:36.422Z,48.716,1,77.14,345,0,0,,,,
powertraces-pt100array_pt019_r1_7536307_11-89ffb37037,2026-05-07T18:47:36.422Z,48.716,2,76.79,345,0,0,,,,
powertraces-pt100array_pt019_r1_7536307_11-89ffb37037,2026-05-07T18:47:36.422Z,48.716,3,77.84,345,0,0,,,,
powertraces-pt100array_pt019_r1_7536307_11-89ffb37037,2026-05-07T18:47:36.522Z,48.816,0,77.73,345,0,0,,,,
powertraces-pt100array_pt019_r1_7536307_11-89ffb37037,2026-05-07T18:47:36.522Z,48.816,1,77.15,345,0,0,,,,
powertraces-pt100array_pt019_r1_7536307_11-89ffb37037,2026-05-07T18:47:36.522Z,48.816,2,76.78,345,0,0,,,,
powertraces-pt100array_pt019_r1_7536307_11-89ffb37037,2026-05-07T18:47:36.522Z,48.816,3,77.85,345,0,0,,,,
powertraces-pt100array_pt019_r1_7536307_11-89ffb37037,2026-05-07T18:47:36.622Z,48.916,0,77.74,345,0,0,,,,
powertraces-pt100array_pt019_r1_7536307_11-89ffb37037,2026-05-07T18:47:36.622Z,48.916,1,77.19,345,0,0,,,,
powertraces-pt100array_pt019_r1_7536307_11-89ffb37037,2026-05-07T18:47:36.622Z,48.916,2,76.8,345,0,0,,,,
powertraces-pt100array_pt019_r1_7536307_11-89ffb37037,2026-05-07T18:47:36.622Z,48.916,3,77.84,345,0,0,,,,
powertraces-pt100array_pt019_r1_7536307_11-89ffb37037,2026-05-07T18:47:36.722Z,49.016,0,77.74,345,0,0,,,,
powertraces-pt100array_pt019_r1_7536307_11-89ffb37037,2026-05-07T18:47:36.722Z,49.016,1,77.17,345,0,0,,,,
powertraces-pt100array_pt019_r1_7536307_11-89ffb37037,2026-05-07T18:47:36.722Z,49.016,2,76.8,345,0,0,,,,
powertraces-pt100array_pt019_r1_7536307_11-89ffb37037,2026-05-07T18:47:36.722Z,49.016,3,77.83,345,0,0,,,,
powertraces-pt100array_pt019_r1_7536307_11-89ffb37037,2026-05-07T18:47:36.823Z,49.117,0,77.73,345,0,0,,,,
powertraces-pt100array_pt019_r1_7536307_11-89ffb37037,2026-05-07T18:47:36.823Z,49.117,1,77.14,345,0,0,,,,
powertraces-pt100array_pt019_r1_7536307_11-89ffb37037,2026-05-07T18:47:36.823Z,49.117,2,76.79,345,0,0,,,,
powertraces-pt100array_pt019_r1_7536307_11-89ffb37037,2026-05-07T18:47:36.823Z,49.117,3,77.82,345,0,0,,,,
powertraces-pt100array_pt019_r1_7536307_11-89ffb37037,2026-05-07T18:47:36.923Z,49.217,0,77.74,345,0,0,,,,
powertraces-pt100array_pt019_r1_7536307_11-89ffb37037,2026-05-07T18:47:36.923Z,49.217,1,77.11,345,0,0,,,,
powertraces-pt100array_pt019_r1_7536307_11-89ffb37037,2026-05-07T18:47:36.923Z,49.217,2,76.8,345,0,0,,,,
powertraces-pt100array_pt019_r1_7536307_11-89ffb37037,2026-05-07T18:47:36.923Z,49.217,3,77.8,345,0,0,,,,
powertraces-pt100array_pt019_r1_7536307_11-89ffb37037,2026-05-07T18:47:37.023Z,49.317,0,77.74,345,0,0,,,,
powertraces-pt100array_pt019_r1_7536307_11-89ffb37037,2026-05-07T18:47:37.023Z,49.317,1,77.16,345,0,0,,,,
powertraces-pt100array_pt019_r1_7536307_11-89ffb37037,2026-05-07T18:47:37.023Z,49.317,2,76.79,345,0,0,,,,
powertraces-pt100array_pt019_r1_7536307_11-89ffb37037,2026-05-07T18:47:37.023Z,49.317,3,77.8,345,0,0,,,,
powertraces-pt100array_pt019_r1_7536307_11-89ffb37037,2026-05-07T18:47:37.123Z,49.417,0,77.74,345,0,0,,,,
powertraces-pt100array_pt019_r1_7536307_11-89ffb37037,2026-05-07T18:47:37.123Z,49.417,1,77.17,345,0,0,,,,
powertraces-pt100array_pt019_r1_7536307_11-89ffb37037,2026-05-07T18:47:37.123Z,49.417,2,76.8,345,0,0,,,,
powertraces-pt100array_pt019_r1_7536307_11-89ffb37037,2026-05-07T18:47:37.123Z,49.417,3,77.83,345,0,0,,,,
powertraces-pt100array_pt019_r1_7536307_11-89ffb37037,2026-05-07T18:47:37.223Z,49.517,0,77.74,345,0,0,,,,
powertraces-pt100array_pt019_r1_7536307_11-89ffb37037,2026-05-07T18:47:37.223Z,49.517,1,77.16,345,0,0,,,,
powertraces-pt100array_pt019_r1_7536307_11-89ffb37037,2026-05-07T18:47:37.224Z,49.518,2,76.8,345,0,0,,,,
powertraces-pt100array_pt019_r1_7536307_11-89ffb37037,2026-05-07T18:47:37.224Z,49.518,3,77.83,345,0,0,,,,
powertraces-pt100array_pt019_r1_7536307_11-89ffb37037,2026-05-07T18:47:37.324Z,49.618,0,77.76,345,0,0,,,,
powertraces-pt100array_pt019_r1_7536307_11-89ffb37037,2026-05-07T18:47:37.324Z,49.618,1,77.13,345,0,0,,,,
powertraces-pt100array_pt019_r1_7536307_11-89ffb37037,2026-05-07T18:47:37.324Z,49.618,2,76.8,345,0,0,,,,
powertraces-pt100array_pt019_r1_7536307_11-89ffb37037,2026-05-07T18:47:37.324Z,49.618,3,77.85,345,0,0,,,,
powertraces-pt100array_pt019_r1_7536307_11-89ffb37037,2026-05-07T18:47:37.424Z,49.718,0,77.75,345,0,0,,,,
powertraces-pt100array_pt019_r1_7536307_11-89ffb37037,2026-05-07T18:47:37.424Z,49.718,1,77.15,345,0,0,,,,
powertraces-pt100array_pt019_r1_7536307_11-89ffb37037,2026-05-07T18:47:37.424Z,49.718,2,76.81,345,0,0,,,,
powertraces-pt100array_pt019_r1_7536307_11-89ffb37037,2026-05-07T18:47:37.424Z,49.718,3,77.87,345,0,0,,,,
powertraces-pt100array_pt019_r1_7536307_11-89ffb37037,2026-05-07T18:47:37.524Z,49.818,0,77.76,345,0,0,,,,
powertraces-pt100array_pt019_r1_7536307_11-89ffb37037,2026-05-07T18:47:37.524Z,49.818,1,77.19,345,0,0,,,,
powertraces-pt100array_pt019_r1_7536307_11-89ffb37037,2026-05-07T18:47:37.524Z,49.818,2,76.81,345,0,0,,,,
powertraces-pt100array_pt019_r1_7536307_11-89ffb37037,2026-05-07T18:47:37.524Z,49.818,3,77.86,345,0,0,,,,
powertraces-pt100array_pt019_r1_7536307_11-89ffb37037,2026-05-07T18:47:37.624Z,49.918,0,77.76,345,0,0,,,,
powertraces-pt100array_pt019_r1_7536307_11-89ffb37037,2026-05-07T18:47:37.624Z,49.918,1,77.17,345,0,0,,,,
powertraces-pt100array_pt019_r1_7536307_11-89ffb37037,2026-05-07T18:47:37.624Z,49.918,2,76.79,345,0,0,,,,
powertraces-pt100array_pt019_r1_7536307_11-89ffb37037,2026-05-07T18:47:37.624Z,49.918,3,77.85,345,0,0,,,,
powertraces-pt100array_pt019_r1_7536307_11-89ffb37037,2026-05-07T18:47:37.724Z,50.018,0,77.76,345,0,0,,,,
powertraces-pt100array_pt019_r1_7536307_11-89ffb37037,2026-05-07T18:47:37.725Z,50.019,1,77.12,345,0,0,,,,
powertraces-pt100array_pt019_r1_7536307_11-89ffb37037,2026-05-07T18:47:37.725Z,50.019,2,76.8,345,0,0,,,,
powertraces-pt100array_pt019_r1_7536307_11-89ffb37037,2026-05-07T18:47:37.725Z,50.019,3,77.85,345,0,0,,,,
powertraces-pt100array_pt019_r1_7536307_11-89ffb37037,2026-05-07T18:47:37.825Z,50.119,0,77.76,345,0,0,,,,
powertraces-pt100array_pt019_r1_7536307_11-89ffb37037,2026-05-07T18:47:37.825Z,50.119,1,77.17,345,0,0,,,,
powertraces-pt100array_pt019_r1_7536307_11-89ffb37037,2026-05-07T18:47:37.825Z,50.119,2,76.78,345,0,0,,,,
powertraces-pt100array_pt019_r1_7536307_11-89ffb37037,2026-05-07T18:47:37.825Z,50.119,3,77.86,345,0,0,,,,
powertraces-pt100array_pt019_r1_7536307_11-89ffb37037,2026-05-07T18:47:37.925Z,50.219,0,77.75,345,0,0,,,,
powertraces-pt100array_pt019_r1_7536307_11-89ffb37037,2026-05-07T18:47:37.925Z,50.219,1,77.19,345,0,0,,,,
powertraces-pt100array_pt019_r1_7536307_11-89ffb37037,2026-05-07T18:47:37.925Z,50.219,2,76.77,345,0,0,,,,
powertraces-pt100array_pt019_r1_7536307_11-89ffb37037,2026-05-07T18:47:37.925Z,50.219,3,77.85,345,0,0,,,,
powertraces-pt100array_pt019_r1_7536307_11-89ffb37037,2026-05-07T18:47:38.025Z,50.319,0,77.75,345,0,0,,,,
powertraces-pt100array_pt019_r1_7536307_11-89ffb37037,2026-05-07T18:47:38.025Z,50.319,1,77.17,345,0,0,,,,
powertraces-pt100array_pt019_r1_7536307_11-89ffb37037,2026-05-07T18:47:38.025Z,50.319,2,76.78,345,0,0,,,,
powertraces-pt100array_pt019_r1_7536307_11-89ffb37037,2026-05-07T18:47:38.025Z,50.319,3,77.84,345,0,0,,,,
powertraces-pt100array_pt019_r1_7536307_11-89ffb37037,2026-05-07T18:47:38.125Z,50.419,0,77.74,345,0,0,,,,
powertraces-pt100array_pt019_r1_7536307_11-89ffb37037,2026-05-07T18:47:38.125Z,50.419,1,77.11,345,0,0,,,,
powertraces-pt100array_pt019_r1_7536307_11-89ffb37037,2026-05-07T18:47:38.125Z,50.419,2,76.78,345,0,0,,,,
powertraces-pt100array_pt019_r1_7536307_11-89ffb37037,2026-05-07T18:47:38.125Z,50.419,3,77.83,345,0,0,,,,
powertraces-pt100array_pt019_r1_7536307_11-89ffb37037,2026-05-07T18:47:38.225Z,50.519,0,77.72,345,0,0,,,,
powertraces-pt100array_pt019_r1_7536307_11-89ffb37037,2026-05-07T18:47:38.226Z,50.52,1,77.13,345,0,0,,,,
powertraces-pt100array_pt019_r1_7536307_11-89ffb37037,2026-05-07T18:47:38.226Z,50.52,2,76.79,345,0,0,,,,
powertraces-pt100array_pt019_r1_7536307_11-89ffb37037,2026-05-07T18:47:38.226Z,50.52,3,77.83,345,0,0,,,,
powertraces-pt100array_pt019_r1_7536307_11-89ffb37037,2026-05-07T18:47:38.326Z,50.62,0,77.72,345,0,0,,,,
powertraces-pt100array_pt019_r1_7536307_11-89ffb37037,2026-05-07T18:47:38.326Z,50.62,1,77.15,345,0,0,,,,
powertraces-pt100array_pt019_r1_7536307_11-89ffb37037,2026-05-07T18:47:38.326Z,50.62,2,76.8,345,0,0,,,,
powertraces-pt100array_pt019_r1_7536307_11-89ffb37037,2026-05-07T18:47:38.326Z,50.62,3,77.83,345,0,0,,,,
powertraces-pt100array_pt019_r1_7536307_11-89ffb37037,2026-05-07T18:47:38.426Z,50.72,0,77.72,345,0,0,,,,
powertraces-pt100array_pt019_r1_7536307_11-89ffb37037,2026-05-07T18:47:38.426Z,50.72,1,77.14,345,0,0,,,,
powertraces-pt100array_pt019_r1_7536307_11-89ffb37037,2026-05-07T18:47:38.426Z,50.72,2,76.79,345,0,0,,,,
powertraces-pt100array_pt019_r1_7536307_11-89ffb37037,2026-05-07T18:47:38.426Z,50.72,3,77.82,345,0,0,,,,
powertraces-pt100array_pt019_r1_7536307_11-89ffb37037,2026-05-07T18:47:38.526Z,50.82,0,77.7,345,0,0,,,,
powertraces-pt100array_pt019_r1_7536307_11-89ffb37037,2026-05-07T18:47:38.526Z,50.82,1,77.1,345,0,0,,,,
powertraces-pt100array_pt019_r1_7536307_11-89ffb37037,2026-05-07T18:47:38.526Z,50.82,2,76.78,345,0,0,,,,
powertraces-pt100array_pt019_r1_7536307_11-89ffb37037,2026-05-07T18:47:38.526Z,50.82,3,77.86,345,0,0,,,,
powertraces-pt100array_pt019_r1_7536307_11-89ffb37037,2026-05-07T18:47:38.626Z,50.92,0,77.71,345,0,0,,,,
powertraces-pt100array_pt019_r1_7536307_11-89ffb37037,2026-05-07T18:47:38.626Z,50.92,1,77.09,345,0,0,,,,
powertraces-pt100array_pt019_r1_7536307_11-89ffb37037,2026-05-07T18:47:38.626Z,50.92,2,76.78,345,0,0,,,,
powertraces-pt100array_pt019_r1_7536307_11-89ffb37037,2026-05-07T18:47:38.626Z,50.92,3,77.87,345,0,0,,,,
powertraces-pt100array_pt019_r1_7536307_11-89ffb37037,2026-05-07T18:47:38.726Z,51.02,0,77.7,345,0,0,,,,
powertraces-pt100array_pt019_r1_7536307_11-89ffb37037,2026-05-07T18:47:38.727Z,51.021,1,77.15,345,0,0,,,,
powertraces-pt100array_pt019_r1_7536307_11-89ffb37037,2026-05-07T18:47:38.727Z,51.021,2,76.76,345,0,0,,,,
powertraces-pt100array_pt019_r1_7536307_11-89ffb37037,2026-05-07T18:47:38.727Z,51.021,3,77.9,345,0,0,,,,
powertraces-pt100array_pt019_r1_7536307_11-89ffb37037,2026-05-07T18:47:38.827Z,51.121,0,77.7,345,0,0,,,,
powertraces-pt100array_pt019_r1_7536307_11-89ffb37037,2026-05-07T18:47:38.827Z,51.121,1,77.16,345,0,0,,,,
powertraces-pt100array_pt019_r1_7536307_11-89ffb37037,2026-05-07T18:47:38.827Z,51.121,2,76.79,345,0,0,,,,
powertraces-pt100array_pt019_r1_7536307_11-89ffb37037,2026-05-07T18:47:38.827Z,51.121,3,77.9,345,0,0,,,,
powertraces-pt100array_pt019_r1_7536307_11-89ffb37037,2026-05-07T18:47:38.927Z,51.221,0,77.7,345,0,0,,,,
powertraces-pt100array_pt019_r1_7536307_11-89ffb37037,2026-05-07T18:47:38.927Z,51.221,1,77.11,345,0,0,,,,
powertraces-pt100array_pt019_r1_7536307_11-89ffb37037,2026-05-07T18:47:38.927Z,51.221,2,76.76,345,0,0,,,,
powertraces-pt100array_pt019_r1_7536307_11-89ffb37037,2026-05-07T18:47:38.927Z,51.221,3,77.91,345,0,0,,,,
powertraces-pt100array_pt019_r1_7536307_11-89ffb37037,2026-05-07T18:47:39.027Z,51.321,0,77.7,345,0,0,,,,
powertraces-pt100array_pt019_r1_7536307_11-89ffb37037,2026-05-07T18:47:39.027Z,51.321,1,77.11,345,0,0,,,,
powertraces-pt100array_pt019_r1_7536307_11-89ffb37037,2026-05-07T18:47:39.027Z,51.321,2,76.77,345,0,0,,,,
powertraces-pt100array_pt019_r1_7536307_11-89ffb37037,2026-05-07T18:47:39.027Z,51.321,3,77.89,345,0,0,,,,
powertraces-pt100array_pt019_r1_7536307_11-89ffb37037,2026-05-07T18:47:39.127Z,51.421,0,77.72,345,0,0,,,,
powertraces-pt100array_pt019_r1_7536307_11-89ffb37037,2026-05-07T18:47:39.127Z,51.421,1,77.14,345,0,0,,,,
powertraces-pt100array_pt019_r1_7536307_11-89ffb37037,2026-05-07T18:47:39.127Z,51.421,2,76.77,345,0,0,,,,
powertraces-pt100array_pt019_r1_7536307_11-89ffb37037,2026-05-07T18:47:39.127Z,51.421,3,77.88,345,0,0,,,,
powertraces-pt100array_pt019_r1_7536307_11-89ffb37037,2026-05-07T18:47:39.227Z,51.521,0,77.74,345,0,0,,,,
powertraces-pt100array_pt019_r1_7536307_11-89ffb37037,2026-05-07T18:47:39.227Z,51.521,1,77.15,345,0,0,,,,
powertraces-pt100array_pt019_r1_7536307_11-89ffb37037,2026-05-07T18:47:39.227Z,51.521,2,76.78,345,0,0,,,,
powertraces-pt100array_pt019_r1_7536307_11-89ffb37037,2026-05-07T18:47:39.227Z,51.521,3,77.89,345,0,0,,,,
powertraces-pt100array_pt019_r1_7536307_11-89ffb37037,2026-05-07T18:47:39.328Z,51.622,0,77.75,345,0,0,,,,
powertraces-pt100array_pt019_r1_7536307_11-89ffb37037,2026-05-07T18:47:39.328Z,51.622,1,77.14,345,0,0,,,,
powertraces-pt100array_pt019_r1_7536307_11-89ffb37037,2026-05-07T18:47:39.328Z,51.622,2,76.78,345,0,0,,,,
powertraces-pt100array_pt019_r1_7536307_11-89ffb37037,2026-05-07T18:47:39.328Z,51.622,3,77.86,345,0,0,,,,
powertraces-pt100array_pt019_r1_7536307_11-89ffb37037,2026-05-07T18:47:39.428Z,51.722,0,77.74,345,0,0,,,,
powertraces-pt100array_pt019_r1_7536307_11-89ffb37037,2026-05-07T18:47:39.428Z,51.722,1,77.12,345,0,0,,,,
powertraces-pt100array_pt019_r1_7536307_11-89ffb37037,2026-05-07T18:47:39.428Z,51.722,2,76.77,345,0,0,,,,
powertraces-pt100array_pt019_r1_7536307_11-89ffb37037,2026-05-07T18:47:39.428Z,51.722,3,77.87,345,0,0,,,,
powertraces-pt100array_pt019_r1_7536307_11-89ffb37037,2026-05-07T18:47:39.528Z,51.822,0,77.74,345,0,0,,,,
powertraces-pt100array_pt019_r1_7536307_11-89ffb37037,2026-05-07T18:47:39.528Z,51.822,1,77.15,345,0,0,,,,
powertraces-pt100array_pt019_r1_7536307_11-89ffb37037,2026-05-07T18:47:39.528Z,51.822,2,76.79,345,0,0,,,,
powertraces-pt100array_pt019_r1_7536307_11-89ffb37037,2026-05-07T18:47:39.528Z,51.822,3,77.87,345,0,0,,,,
powertraces-pt100array_pt019_r1_7536307_11-89ffb37037,2026-05-07T18:47:39.628Z,51.922,0,77.72,345,0,0,,,,
powertraces-pt100array_pt019_r1_7536307_11-89ffb37037,2026-05-07T18:47:39.628Z,51.922,1,77.14,345,0,0,,,,
powertraces-pt100array_pt019_r1_7536307_11-89ffb37037,2026-05-07T18:47:39.628Z,51.922,2,76.79,345,0,0,,,,
powertraces-pt100array_pt019_r1_7536307_11-89ffb37037,2026-05-07T18:47:39.628Z,51.922,3,77.88,345,0,0,,,,
powertraces-pt100array_pt019_r1_7536307_11-89ffb37037,2026-05-07T18:47:39.728Z,52.022,0,77.74,345,0,0,,,,
powertraces-pt100array_pt019_r1_7536307_11-89ffb37037,2026-05-07T18:47:39.729Z,52.023,1,77.13,345,0,0,,,,
powertraces-pt100array_pt019_r1_7536307_11-89ffb37037,2026-05-07T18:47:39.729Z,52.023,2,76.78,345,0,0,,,,
powertraces-pt100array_pt019_r1_7536307_11-89ffb37037,2026-05-07T18:47:39.729Z,52.023,3,77.88,345,0,0,,,,
powertraces-pt100array_pt019_r1_7536307_11-89ffb37037,2026-05-07T18:47:39.829Z,52.123,0,77.76,345,0,0,,,,
powertraces-pt100array_pt019_r1_7536307_11-89ffb37037,2026-05-07T18:47:39.829Z,52.123,1,77.09,345,0,0,,,,
powertraces-pt100array_pt019_r1_7536307_11-89ffb37037,2026-05-07T18:47:39.829Z,52.123,2,76.79,345,0,0,,,,
powertraces-pt100array_pt019_r1_7536307_11-89ffb37037,2026-05-07T18:47:39.829Z,52.123,3,77.88,345,0,0,,,,
powertraces-pt100array_pt019_r1_7536307_11-89ffb37037,2026-05-07T18:47:39.929Z,52.223,0,77.76,345,0,0,,,,
powertraces-pt100array_pt019_r1_7536307_11-89ffb37037,2026-05-07T18:47:39.929Z,52.223,1,77.14,345,0,0,,,,
powertraces-pt100array_pt019_r1_7536307_11-89ffb37037,2026-05-07T18:47:39.929Z,52.223,2,76.79,345,0,0,,,,
powertraces-pt100array_pt019_r1_7536307_11-89ffb37037,2026-05-07T18:47:39.929Z,52.223,3,77.88,345,0,0,,,,
powertraces-pt100array_pt019_r1_7536307_11-89ffb37037,2026-05-07T18:47:40.029Z,52.323,0,77.76,345,0,0,,,,
powertraces-pt100array_pt019_r1_7536307_11-89ffb37037,2026-05-07T18:47:40.029Z,52.323,1,77.15,345,0,0,,,,
powertraces-pt100array_pt019_r1_7536307_11-89ffb37037,2026-05-07T18:47:40.029Z,52.323,2,76.77,345,0,0,,,,
powertraces-pt100array_pt019_r1_7536307_11-89ffb37037,2026-05-07T18:47:40.029Z,52.323,3,77.9,345,0,0,,,,
powertraces-pt100array_pt019_r1_7536307_11-89ffb37037,2026-05-07T18:47:40.129Z,52.423,0,77.75,345,0,0,,,,
powertraces-pt100array_pt019_r1_7536307_11-89ffb37037,2026-05-07T18:47:40.129Z,52.423,1,77.16,345,0,0,,,,
powertraces-pt100array_pt019_r1_7536307_11-89ffb37037,2026-05-07T18:47:40.129Z,52.423,2,76.75,345,0,0,,,,
powertraces-pt100array_pt019_r1_7536307_11-89ffb37037,2026-05-07T18:47:40.129Z,52.423,3,77.9,345,0,0,,,,
powertraces-pt100array_pt019_r1_7536307_11-89ffb37037,2026-05-07T18:47:40.229Z,52.523,0,77.73,345,0,0,,,,
powertraces-pt100array_pt019_r1_7536307_11-89ffb37037,2026-05-07T18:47:40.23Z,52.524,1,77.13,345,0,0,,,,
powertraces-pt100array_pt019_r1_7536307_11-89ffb37037,2026-05-07T18:47:40.23Z,52.524,2,76.75,345,0,0,,,,
powertraces-pt100array_pt019_r1_7536307_11-89ffb37037,2026-05-07T18:47:40.23Z,52.524,3,77.87,345,0,0,,,,
powertraces-pt100array_pt019_r1_7536307_11-89ffb37037,2026-05-07T18:47:40.33Z,52.624,0,77.73,345,0,0,,,,
powertraces-pt100array_pt019_r1_7536307_11-89ffb37037,2026-05-07T18:47:40.33Z,52.624,1,77.11,345,0,0,,,,
powertraces-pt100array_pt019_r1_7536307_11-89ffb37037,2026-05-07T18:47:40.33Z,52.624,2,76.76,345,0,0,,,,
powertraces-pt100array_pt019_r1_7536307_11-89ffb37037,2026-05-07T18:47:40.33Z,52.624,3,77.87,345,0,0,,,,
powertraces-pt100array_pt019_r1_7536307_11-89ffb37037,2026-05-07T18:47:40.43Z,52.724,0,77.74,345,0,0,,,,
powertraces-pt100array_pt019_r1_7536307_11-89ffb37037,2026-05-07T18:47:40.43Z,52.724,1,77.16,345,0,0,,,,
powertraces-pt100array_pt019_r1_7536307_11-89ffb37037,2026-05-07T18:47:40.43Z,52.724,2,76.78,345,0,0,,,,
powertraces-pt100array_pt019_r1_7536307_11-89ffb37037,2026-05-07T18:47:40.43Z,52.724,3,77.87,345,0,0,,,,
powertraces-pt100array_pt019_r1_7536307_11-89ffb37037,2026-05-07T18:47:40.53Z,52.824,0,77.76,345,0,0,,,,
powertraces-pt100array_pt019_r1_7536307_11-89ffb37037,2026-05-07T18:47:40.53Z,52.824,1,77.18,345,0,0,,,,
powertraces-pt100array_pt019_r1_7536307_11-89ffb37037,2026-05-07T18:47:40.53Z,52.824,2,76.77,345,0,0,,,,
powertraces-pt100array_pt019_r1_7536307_11-89ffb37037,2026-05-07T18:47:40.53Z,52.824,3,77.85,345,0,0,,,,
powertraces-pt100array_pt019_r1_7536307_11-89ffb37037,2026-05-07T18:47:40.63Z,52.924,0,77.77,345,0,0,,,,
powertraces-pt100array_pt019_r1_7536307_11-89ffb37037,2026-05-07T18:47:40.63Z,52.924,1,77.14,345,0,0,,,,
powertraces-pt100array_pt019_r1_7536307_11-89ffb37037,2026-05-07T18:47:40.63Z,52.924,2,76.79,345,0,0,,,,
powertraces-pt100array_pt019_r1_7536307_11-89ffb37037,2026-05-07T18:47:40.63Z,52.924,3,77.84,345,0,0,,,,
powertraces-pt100array_pt019_r1_7536307_11-89ffb37037,2026-05-07T18:47:40.73Z,53.024,0,77.79,345,0,0,,,,
powertraces-pt100array_pt019_r1_7536307_11-89ffb37037,2026-05-07T18:47:40.73Z,53.024,1,77.11,345,0,0,,,,
powertraces-pt100array_pt019_r1_7536307_11-89ffb37037,2026-05-07T18:47:40.731Z,53.025,2,76.78,345,0,0,,,,
powertraces-pt100array_pt019_r1_7536307_11-89ffb37037,2026-05-07T18:47:40.731Z,53.025,3,77.85,345,0,0,,,,
powertraces-pt100array_pt019_r1_7536307_11-89ffb37037,2026-05-07T18:47:40.831Z,53.125,0,77.78,345,0,0,,,,
powertraces-pt100array_pt019_r1_7536307_11-89ffb37037,2026-05-07T18:47:40.831Z,53.125,1,77.16,345,0,0,,,,
powertraces-pt100array_pt019_r1_7536307_11-89ffb37037,2026-05-07T18:47:40.831Z,53.125,2,76.76,345,0,0,,,,
powertraces-pt100array_pt019_r1_7536307_11-89ffb37037,2026-05-07T18:47:40.831Z,53.125,3,77.85,345,0,0,,,,
powertraces-pt100array_pt019_r1_7536307_11-89ffb37037,2026-05-07T18:47:40.931Z,53.225,0,77.78,345,0,0,,,,
powertraces-pt100array_pt019_r1_7536307_11-89ffb37037,2026-05-07T18:47:40.931Z,53.225,1,77.17,345,0,0,,,,
powertraces-pt100array_pt019_r1_7536307_11-89ffb37037,2026-05-07T18:47:40.931Z,53.225,2,76.77,345,0,0,,,,
powertraces-pt100array_pt019_r1_7536307_11-89ffb37037,2026-05-07T18:47:40.931Z,53.225,3,77.86,345,0,0,,,,
powertraces-pt100array_pt019_r1_7536307_11-89ffb37037,2026-05-07T18:47:41.031Z,53.325,0,77.77,345,0,0,,,,
powertraces-pt100array_pt019_r1_7536307_11-89ffb37037,2026-05-07T18:47:41.031Z,53.325,1,77.14,345,0,0,,,,
powertraces-pt100array_pt019_r1_7536307_11-89ffb37037,2026-05-07T18:47:41.031Z,53.325,2,76.79,345,0,0,,,,
powertraces-pt100array_pt019_r1_7536307_11-89ffb37037,2026-05-07T18:47:41.031Z,53.325,3,77.88,345,0,0,,,,
powertraces-pt100array_pt019_r1_7536307_11-89ffb37037,2026-05-07T18:47:41.131Z,53.425,0,77.78,345,0,0,,,,
powertraces-pt100array_pt019_r1_7536307_11-89ffb37037,2026-05-07T18:47:41.131Z,53.425,1,77.1,345,0,0,,,,
powertraces-pt100array_pt019_r1_7536307_11-89ffb37037,2026-05-07T18:47:41.131Z,53.425,2,76.77,345,0,0,,,,
powertraces-pt100array_pt019_r1_7536307_11-89ffb37037,2026-05-07T18:47:41.131Z,53.425,3,77.89,345,0,0,,,,
powertraces-pt100array_pt019_r1_7536307_11-89ffb37037,2026-05-07T18:47:41.231Z,53.525,0,77.77,345,0,0,,,,
powertraces-pt100array_pt019_r1_7536307_11-89ffb37037,2026-05-07T18:47:41.231Z,53.525,1,77.15,345,0,0,,,,
powertraces-pt100array_pt019_r1_7536307_11-89ffb37037,2026-05-07T18:47:41.231Z,53.525,2,76.77,345,0,0,,,,
powertraces-pt100array_pt019_r1_7536307_11-89ffb37037,2026-05-07T18:47:41.231Z,53.525,3,77.92,345,0,0,,,,
powertraces-pt100array_pt019_r1_7536307_11-89ffb37037,2026-05-07T18:47:41.332Z,53.626,0,77.76,345,0,0,,,,
powertraces-pt100array_pt019_r1_7536307_11-89ffb37037,2026-05-07T18:47:41.332Z,53.626,1,77.17,345,0,0,,,,
powertraces-pt100array_pt019_r1_7536307_11-89ffb37037,2026-05-07T18:47:41.332Z,53.626,2,76.76,345,0,0,,,,
powertraces-pt100array_pt019_r1_7536307_11-89ffb37037,2026-05-07T18:47:41.332Z,53.626,3,77.92,345,0,0,,,,
powertraces-pt100array_pt019_r1_7536307_11-89ffb37037,2026-05-07T18:47:41.432Z,53.726,0,77.76,345,0,0,,,,
powertraces-pt100array_pt019_r1_7536307_11-89ffb37037,2026-05-07T18:47:41.432Z,53.726,1,77.15,345,0,0,,,,
powertraces-pt100array_pt019_r1_7536307_11-89ffb37037,2026-05-07T18:47:41.432Z,53.726,2,76.75,345,0,0,,,,
powertraces-pt100array_pt019_r1_7536307_11-89ffb37037,2026-05-07T18:47:41.432Z,53.726,3,77.91,345,0,0,,,,
powertraces-pt100array_pt019_r1_7536307_11-89ffb37037,2026-05-07T18:47:41.532Z,53.826,0,77.75,345,0,0,,,,
powertraces-pt100array_pt019_r1_7536307_11-89ffb37037,2026-05-07T18:47:41.532Z,53.826,1,77.12,345,0,0,,,,
powertraces-pt100array_pt019_r1_7536307_11-89ffb37037,2026-05-07T18:47:41.532Z,53.826,2,76.77,345,0,0,,,,
powertraces-pt100array_pt019_r1_7536307_11-89ffb37037,2026-05-07T18:47:41.532Z,53.826,3,77.88,345,0,0,,,,
powertraces-pt100array_pt019_r1_7536307_11-89ffb37037,2026-05-07T18:47:41.632Z,53.926,0,77.76,345,0,0,,,,
powertraces-pt100array_pt019_r1_7536307_11-89ffb37037,2026-05-07T18:47:41.632Z,53.926,1,77.13,345,0,0,,,,
powertraces-pt100array_pt019_r1_7536307_11-89ffb37037,2026-05-07T18:47:41.632Z,53.926,2,76.75,345,0,0,,,,
powertraces-pt100array_pt019_r1_7536307_11-89ffb37037,2026-05-07T18:47:41.632Z,53.926,3,77.86,345,0,0,,,,
powertraces-pt100array_pt019_r1_7536307_11-89ffb37037,2026-05-07T18:47:41.732Z,54.026,0,77.75,345,0,0,,,,
powertraces-pt100array_pt019_r1_7536307_11-89ffb37037,2026-05-07T18:47:41.732Z,54.026,1,77.17,345,0,0,,,,
powertraces-pt100array_pt019_r1_7536307_11-89ffb37037,2026-05-07T18:47:41.732Z,54.026,2,76.77,345,0,0,,,,
powertraces-pt100array_pt019_r1_7536307_11-89ffb37037,2026-05-07T18:47:41.732Z,54.026,3,77.84,345,0,0,,,,
powertraces-pt100array_pt019_r1_7536307_11-89ffb37037,2026-05-07T18:47:41.833Z,54.127,0,77.79,345,0,0,,,,
powertraces-pt100array_pt019_r1_7536307_11-89ffb37037,2026-05-07T18:47:41.833Z,54.127,1,77.16,345,0,0,,,,
powertraces-pt100array_pt019_r1_7536307_11-89ffb37037,2026-05-07T18:47:41.833Z,54.127,2,76.77,345,0,0,,,,
powertraces-pt100array_pt019_r1_7536307_11-89ffb37037,2026-05-07T18:47:41.833Z,54.127,3,77.83,345,0,0,,,,
powertraces-pt100array_pt019_r1_7536307_11-89ffb37037,2026-05-07T18:47:41.933Z,54.227,0,77.79,345,0,0,,,,
powertraces-pt100array_pt019_r1_7536307_11-89ffb37037,2026-05-07T18:47:41.933Z,54.227,1,77.14,345,0,0,,,,
powertraces-pt100array_pt019_r1_7536307_11-89ffb37037,2026-05-07T18:47:41.933Z,54.227,2,76.77,345,0,0,,,,
powertraces-pt100array_pt019_r1_7536307_11-89ffb37037,2026-05-07T18:47:41.933Z,54.227,3,77.83,345,0,0,,,,
powertraces-pt100array_pt019_r1_7536307_11-89ffb37037,2026-05-07T18:47:42.033Z,54.327,0,77.77,345,0,0,,,,
powertraces-pt100array_pt019_r1_7536307_11-89ffb37037,2026-05-07T18:47:42.033Z,54.327,1,77.14,345,0,0,,,,
powertraces-pt100array_pt019_r1_7536307_11-89ffb37037,2026-05-07T18:47:42.033Z,54.327,2,76.75,345,0,0,,,,
powertraces-pt100array_pt019_r1_7536307_11-89ffb37037,2026-05-07T18:47:42.033Z,54.327,3,77.83,345,0,0,,,,
powertraces-pt100array_pt019_r1_7536307_11-89ffb37037,2026-05-07T18:47:42.133Z,54.427,0,77.77,345,0,0,,,,
powertraces-pt100array_pt019_r1_7536307_11-89ffb37037,2026-05-07T18:47:42.133Z,54.427,1,77.19,345,0,0,,,,
powertraces-pt100array_pt019_r1_7536307_11-89ffb37037,2026-05-07T18:47:42.133Z,54.427,2,76.79,345,0,0,,,,
powertraces-pt100array_pt019_r1_7536307_11-89ffb37037,2026-05-07T18:47:42.133Z,54.427,3,77.84,345,0,0,,,,
powertraces-pt100array_pt019_r1_7536307_11-89ffb37037,2026-05-07T18:47:42.233Z,54.527,0,77.78,345,0,0,,,,
powertraces-pt100array_pt019_r1_7536307_11-89ffb37037,2026-05-07T18:47:42.233Z,54.527,1,77.19,345,0,0,,,,
powertraces-pt100array_pt019_r1_7536307_11-89ffb37037,2026-05-07T18:47:42.233Z,54.527,2,76.79,345,0,0,,,,
powertraces-pt100array_pt019_r1_7536307_11-89ffb37037,2026-05-07T18:47:42.233Z,54.527,3,77.85,345,0,0,,,,
powertraces-pt100array_pt019_r1_7536307_11-89ffb37037,2026-05-07T18:47:42.334Z,54.628,0,77.78,345,0,0,,,,
powertraces-pt100array_pt019_r1_7536307_11-89ffb37037,2026-05-07T18:47:42.334Z,54.628,1,77.14,345,0,0,,,,
powertraces-pt100array_pt019_r1_7536307_11-89ffb37037,2026-05-07T18:47:42.334Z,54.628,2,76.79,345,0,0,,,,
powertraces-pt100array_pt019_r1_7536307_11-89ffb37037,2026-05-07T18:47:42.334Z,54.628,3,77.9,345,0,0,,,,
powertraces-pt100array_pt019_r1_7536307_11-89ffb37037,2026-05-07T18:47:42.434Z,54.728,0,77.79,345,0,0,,,,
powertraces-pt100array_pt019_r1_7536307_11-89ffb37037,2026-05-07T18:47:42.434Z,54.728,1,77.13,345,0,0,,,,
powertraces-pt100array_pt019_r1_7536307_11-89ffb37037,2026-05-07T18:47:42.434Z,54.728,2,76.79,345,0,0,,,,
powertraces-pt100array_pt019_r1_7536307_11-89ffb37037,2026-05-07T18:47:42.434Z,54.728,3,77.92,345,0,0,,,,
powertraces-pt100array_pt019_r1_7536307_11-89ffb37037,2026-05-07T18:47:42.534Z,54.828,0,77.8,345,0,0,,,,
powertraces-pt100array_pt019_r1_7536307_11-89ffb37037,2026-05-07T18:47:42.534Z,54.828,1,77.17,345,0,0,,,,
powertraces-pt100array_pt019_r1_7536307_11-89ffb37037,2026-05-07T18:47:42.534Z,54.828,2,76.81,345,0,0,,,,
powertraces-pt100array_pt019_r1_7536307_11-89ffb37037,2026-05-07T18:47:42.534Z,54.828,3,77.94,345,0,0,,,,
powertraces-pt100array_pt019_r1_7536307_11-89ffb37037,2026-05-07T18:47:42.634Z,54.928,0,77.79,345,0,0,,,,
powertraces-pt100array_pt019_r1_7536307_11-89ffb37037,2026-05-07T18:47:42.634Z,54.928,1,77.2,345,0,0,,,,
powertraces-pt100array_pt019_r1_7536307_11-89ffb37037,2026-05-07T18:47:42.634Z,54.928,2,76.81,345,0,0,,,,
powertraces-pt100array_pt019_r1_7536307_11-89ffb37037,2026-05-07T18:47:42.634Z,54.928,3,77.94,345,0,0,,,,
powertraces-pt100array_pt019_r1_7536307_11-89ffb37037,2026-05-07T18:47:42.734Z,55.028,0,77.77,345,0,0,,,,
powertraces-pt100array_pt019_r1_7536307_11-89ffb37037,2026-05-07T18:47:42.734Z,55.028,1,77.18,345,0,0,,,,
powertraces-pt100array_pt019_r1_7536307_11-89ffb37037,2026-05-07T18:47:42.734Z,55.028,2,76.8,345,0,0,,,,
powertraces-pt100array_pt019_r1_7536307_11-89ffb37037,2026-05-07T18:47:42.734Z,55.028,3,77.94,345,0,0,,,,
powertraces-pt100array_pt019_r1_7536307_11-89ffb37037,2026-05-07T18:47:42.834Z,55.128,0,77.78,345,0,0,,,,
powertraces-pt100array_pt019_r1_7536307_11-89ffb37037,2026-05-07T18:47:42.835Z,55.129,1,77.11,345,0,0,,,,
powertraces-pt100array_pt019_r1_7536307_11-89ffb37037,2026-05-07T18:47:42.835Z,55.129,2,76.78,345,0,0,,,,
powertraces-pt100array_pt019_r1_7536307_11-89ffb37037,2026-05-07T18:47:42.835Z,55.129,3,77.92,345,0,0,,,,
powertraces-pt100array_pt019_r1_7536307_11-89ffb37037,2026-05-07T18:47:42.935Z,55.229,0,77.78,345,0,0,,,,
powertraces-pt100array_pt019_r1_7536307_11-89ffb37037,2026-05-07T18:47:42.935Z,55.229,1,77.15,345,0,0,,,,
powertraces-pt100array_pt019_r1_7536307_11-89ffb37037,2026-05-07T18:47:42.935Z,55.229,2,76.77,345,0,0,,,,
powertraces-pt100array_pt019_r1_7536307_11-89ffb37037,2026-05-07T18:47:42.935Z,55.229,3,77.92,345,0,0,,,,
powertraces-pt100array_pt019_r1_7536307_11-89ffb37037,2026-05-07T18:47:43.035Z,55.329,0,77.79,345,0,0,,,,
powertraces-pt100array_pt019_r1_7536307_11-89ffb37037,2026-05-07T18:47:43.035Z,55.329,1,77.16,345,0,0,,,,
powertraces-pt100array_pt019_r1_7536307_11-89ffb37037,2026-05-07T18:47:43.035Z,55.329,2,76.77,345,0,0,,,,
powertraces-pt100array_pt019_r1_7536307_11-89ffb37037,2026-05-07T18:47:43.035Z,55.329,3,77.88,345,0,0,,,,
powertraces-pt100array_pt019_r1_7536307_11-89ffb37037,2026-05-07T18:47:43.135Z,55.429,0,77.78,345,0,0,,,,
powertraces-pt100array_pt019_r1_7536307_11-89ffb37037,2026-05-07T18:47:43.135Z,55.429,1,77.16,345,0,0,,,,
powertraces-pt100array_pt019_r1_7536307_11-89ffb37037,2026-05-07T18:47:43.135Z,55.429,2,76.75,345,0,0,,,,
powertraces-pt100array_pt019_r1_7536307_11-89ffb37037,2026-05-07T18:47:43.135Z,55.429,3,77.86,345,0,0,,,,
powertraces-pt100array_pt019_r1_7536307_11-89ffb37037,2026-05-07T18:47:43.235Z,55.529,0,77.79,345,0,0,,,,
powertraces-pt100array_pt019_r1_7536307_11-89ffb37037,2026-05-07T18:47:43.235Z,55.529,1,77.12,345,0,0,,,,
powertraces-pt100array_pt019_r1_7536307_11-89ffb37037,2026-05-07T18:47:43.235Z,55.529,2,76.75,345,0,0,,,,
powertraces-pt100array_pt019_r1_7536307_11-89ffb37037,2026-05-07T18:47:43.235Z,55.529,3,77.83,345,0,0,,,,
powertraces-pt100array_pt019_r1_7536307_11-89ffb37037,2026-05-07T18:47:43.335Z,55.629,0,77.8,345,0,0,,,,
powertraces-pt100array_pt019_r1_7536307_11-89ffb37037,2026-05-07T18:47:43.335Z,55.629,1,77.15,345,0,0,,,,
powertraces-pt100array_pt019_r1_7536307_11-89ffb37037,2026-05-07T18:47:43.335Z,55.629,2,76.75,345,0,0,,,,
powertraces-pt100array_pt019_r1_7536307_11-89ffb37037,2026-05-07T18:47:43.335Z,55.629,3,77.8,345,0,0,,,,
powertraces-pt100array_pt019_r1_7536307_11-89ffb37037,2026-05-07T18:47:43.436Z,55.73,0,77.79,345,0,0,,,,
powertraces-pt100array_pt019_r1_7536307_11-89ffb37037,2026-05-07T18:47:43.436Z,55.73,1,77.16,345,0,0,,,,
powertraces-pt100array_pt019_r1_7536307_11-89ffb37037,2026-05-07T18:47:43.436Z,55.73,2,76.77,345,0,0,,,,
powertraces-pt100array_pt019_r1_7536307_11-89ffb37037,2026-05-07T18:47:43.436Z,55.73,3,77.81,345,0,0,,,,
powertraces-pt100array_pt019_r1_7536307_11-89ffb37037,2026-05-07T18:47:43.536Z,55.83,0,77.78,345,0,0,,,,
powertraces-pt100array_pt019_r1_7536307_11-89ffb37037,2026-05-07T18:47:43.536Z,55.83,1,77.13,345,0,0,,,,
powertraces-pt100array_pt019_r1_7536307_11-89ffb37037,2026-05-07T18:47:43.536Z,55.83,2,76.77,345,0,0,,,,
powertraces-pt100array_pt019_r1_7536307_11-89ffb37037,2026-05-07T18:47:43.536Z,55.83,3,77.82,345,0,0,,,,
powertraces-pt100array_pt019_r1_7536307_11-89ffb37037,2026-05-07T18:47:43.636Z,55.93,0,77.78,345,0,0,,,,
powertraces-pt100array_pt019_r1_7536307_11-89ffb37037,2026-05-07T18:47:43.636Z,55.93,1,77.09,345,0,0,,,,
powertraces-pt100array_pt019_r1_7536307_11-89ffb37037,2026-05-07T18:47:43.636Z,55.93,2,76.79,345,0,0,,,,
powertraces-pt100array_pt019_r1_7536307_11-89ffb37037,2026-05-07T18:47:43.636Z,55.93,3,77.84,345,0,0,,,,
powertraces-pt100array_pt019_r1_7536307_11-89ffb37037,2026-05-07T18:47:43.736Z,56.03,0,77.76,345,0,0,,,,
powertraces-pt100array_pt019_r1_7536307_11-89ffb37037,2026-05-07T18:47:43.736Z,56.03,1,77.1,345,0,0,,,,
powertraces-pt100array_pt019_r1_7536307_11-89ffb37037,2026-05-07T18:47:43.736Z,56.03,2,76.78,345,0,0,,,,
powertraces-pt100array_pt019_r1_7536307_11-89ffb37037,2026-05-07T18:47:43.736Z,56.03,3,77.85,345,0,0,,,,
powertraces-pt100array_pt019_r1_7536307_11-89ffb37037,2026-05-07T18:47:43.836Z,56.13,0,77.76,345,0,0,,,,
powertraces-pt100array_pt019_r1_7536307_11-89ffb37037,2026-05-07T18:47:43.837Z,56.131,1,77.12,345,0,0,,,,
powertraces-pt100array_pt019_r1_7536307_11-89ffb37037,2026-05-07T18:47:43.837Z,56.131,2,76.82,345,0,0,,,,
powertraces-pt100array_pt019_r1_7536307_11-89ffb37037,2026-05-07T18:47:43.837Z,56.131,3,77.86,345,0,0,,,,
powertraces-pt100array_pt019_r1_7536307_11-89ffb37037,2026-05-07T18:47:43.937Z,56.231,0,77.75,345,0,0,,,,
powertraces-pt100array_pt019_r1_7536307_11-89ffb37037,2026-05-07T18:47:43.937Z,56.231,1,77.14,345,0,0,,,,
powertraces-pt100array_pt019_r1_7536307_11-89ffb37037,2026-05-07T18:47:43.937Z,56.231,2,76.83,345,0,0,,,,
powertraces-pt100array_pt019_r1_7536307_11-89ffb37037,2026-05-07T18:47:43.937Z,56.231,3,77.83,345,0,0,,,,
powertraces-pt100array_pt019_r1_7536307_11-89ffb37037,2026-05-07T18:47:44.037Z,56.331,0,77.75,345,0,0,,,,
powertraces-pt100array_pt019_r1_7536307_11-89ffb37037,2026-05-07T18:47:44.037Z,56.331,1,77.12,345,0,0,,,,
powertraces-pt100array_pt019_r1_7536307_11-89ffb37037,2026-05-07T18:47:44.037Z,56.331,2,76.81,345,0,0,,,,
powertraces-pt100array_pt019_r1_7536307_11-89ffb37037,2026-05-07T18:47:44.037Z,56.331,3,77.85,345,0,0,,,,
powertraces-pt100array_pt019_r1_7536307_11-89ffb37037,2026-05-07T18:47:44.137Z,56.431,0,77.75,345,0,0,,,,
powertraces-pt100array_pt019_r1_7536307_11-89ffb37037,2026-05-07T18:47:44.137Z,56.431,1,77.11,345,0,0,,,,
powertraces-pt100array_pt019_r1_7536307_11-89ffb37037,2026-05-07T18:47:44.137Z,56.431,2,76.8,345,0,0,,,,
powertraces-pt100array_pt019_r1_7536307_11-89ffb37037,2026-05-07T18:47:44.137Z,56.431,3,77.85,345,0,0,,,,
powertraces-pt100array_pt019_r1_7536307_11-89ffb37037,2026-05-07T18:47:44.237Z,56.531,0,77.75,345,0,0,,,,
powertraces-pt100array_pt019_r1_7536307_11-89ffb37037,2026-05-07T18:47:44.237Z,56.531,1,77.13,345,0,0,,,,
powertraces-pt100array_pt019_r1_7536307_11-89ffb37037,2026-05-07T18:47:44.237Z,56.531,2,76.82,345,0,0,,,,
powertraces-pt100array_pt019_r1_7536307_11-89ffb37037,2026-05-07T18:47:44.237Z,56.531,3,77.84,345,0,0,,,,
powertraces-pt100array_pt019_r1_7536307_11-89ffb37037,2026-05-07T18:47:44.337Z,56.631,0,77.76,345,0,0,,,,
powertraces-pt100array_pt019_r1_7536307_11-89ffb37037,2026-05-07T18:47:44.338Z,56.632,1,77.17,345,0,0,,,,
powertraces-pt100array_pt019_r1_7536307_11-89ffb37037,2026-05-07T18:47:44.338Z,56.632,2,76.81,345,0,0,,,,
powertraces-pt100array_pt019_r1_7536307_11-89ffb37037,2026-05-07T18:47:44.338Z,56.632,3,77.84,345,0,0,,,,
powertraces-pt100array_pt019_r1_7536307_11-89ffb37037,2026-05-07T18:47:44.438Z,56.732,0,77.78,345,0,0,,,,
powertraces-pt100array_pt019_r1_7536307_11-89ffb37037,2026-05-07T18:47:44.438Z,56.732,1,77.15,345,0,0,,,,
powertraces-pt100array_pt019_r1_7536307_11-89ffb37037,2026-05-07T18:47:44.438Z,56.732,2,76.8,345,0,0,,,,
powertraces-pt100array_pt019_r1_7536307_11-89ffb37037,2026-05-07T18:47:44.438Z,56.732,3,77.84,345,0,0,,,,
powertraces-pt100array_pt019_r1_7536307_11-89ffb37037,2026-05-07T18:47:44.538Z,56.832,0,77.75,345,0,0,,,,
powertraces-pt100array_pt019_r1_7536307_11-89ffb37037,2026-05-07T18:47:44.538Z,56.832,1,77.14,345,0,0,,,,
powertraces-pt100array_pt019_r1_7536307_11-89ffb37037,2026-05-07T18:47:44.538Z,56.832,2,76.8,345,0,0,,,,
powertraces-pt100array_pt019_r1_7536307_11-89ffb37037,2026-05-07T18:47:44.538Z,56.832,3,77.82,345,0,0,,,,
powertraces-pt100array_pt019_r1_7536307_11-89ffb37037,2026-05-07T18:47:44.638Z,56.932,0,77.75,345,0,0,,,,
powertraces-pt100array_pt019_r1_7536307_11-89ffb37037,2026-05-07T18:47:44.638Z,56.932,1,77.18,345,0,0,,,,
powertraces-pt100array_pt019_r1_7536307_11-89ffb37037,2026-05-07T18:47:44.638Z,56.932,2,76.81,345,0,0,,,,
powertraces-pt100array_pt019_r1_7536307_11-89ffb37037,2026-05-07T18:47:44.638Z,56.932,3,77.82,345,0,0,,,,
powertraces-pt100array_pt019_r1_7536307_11-89ffb37037,2026-05-07T18:47:44.738Z,57.032,0,77.79,345,0,0,,,,
powertraces-pt100array_pt019_r1_7536307_11-89ffb37037,2026-05-07T18:47:44.738Z,57.032,1,77.19,345,0,0,,,,
powertraces-pt100array_pt019_r1_7536307_11-89ffb37037,2026-05-07T18:47:44.738Z,57.032,2,76.8,345,0,0,,,,
powertraces-pt100array_pt019_r1_7536307_11-89ffb37037,2026-05-07T18:47:44.738Z,57.032,3,77.83,345,0,0,,,,
powertraces-pt100array_pt019_r1_7536307_11-89ffb37037,2026-05-07T18:47:44.839Z,57.133,0,77.79,345,0,0,,,,
powertraces-pt100array_pt019_r1_7536307_11-89ffb37037,2026-05-07T18:47:44.839Z,57.133,1,77.18,345,0,0,,,,
powertraces-pt100array_pt019_r1_7536307_11-89ffb37037,2026-05-07T18:47:44.839Z,57.133,2,76.78,345,0,0,,,,
powertraces-pt100array_pt019_r1_7536307_11-89ffb37037,2026-05-07T18:47:44.839Z,57.133,3,77.84,345,0,0,,,,
powertraces-pt100array_pt019_r1_7536307_11-89ffb37037,2026-05-07T18:47:44.939Z,57.233,0,77.79,345,0,0,,,,
powertraces-pt100array_pt019_r1_7536307_11-89ffb37037,2026-05-07T18:47:44.939Z,57.233,1,77.11,345,0,0,,,,
powertraces-pt100array_pt019_r1_7536307_11-89ffb37037,2026-05-07T18:47:44.939Z,57.233,2,76.78,345,0,0,,,,
powertraces-pt100array_pt019_r1_7536307_11-89ffb37037,2026-05-07T18:47:44.939Z,57.233,3,77.85,345,0,0,,,,
powertraces-pt100array_pt019_r1_7536307_11-89ffb37037,2026-05-07T18:47:45.039Z,57.333,0,77.82,345,0,0,,,,
powertraces-pt100array_pt019_r1_7536307_11-89ffb37037,2026-05-07T18:47:45.039Z,57.333,1,77.15,345,0,0,,,,
powertraces-pt100array_pt019_r1_7536307_11-89ffb37037,2026-05-07T18:47:45.039Z,57.333,2,76.8,345,0,0,,,,
powertraces-pt100array_pt019_r1_7536307_11-89ffb37037,2026-05-07T18:47:45.039Z,57.333,3,77.86,345,0,0,,,,
powertraces-pt100array_pt019_r1_7536307_11-89ffb37037,2026-05-07T18:47:45.139Z,57.433,0,77.84,345,0,0,,,,
powertraces-pt100array_pt019_r1_7536307_11-89ffb37037,2026-05-07T18:47:45.139Z,57.433,1,77.14,345,0,0,,,,
powertraces-pt100array_pt019_r1_7536307_11-89ffb37037,2026-05-07T18:47:45.139Z,57.433,2,76.81,345,0,0,,,,
powertraces-pt100array_pt019_r1_7536307_11-89ffb37037,2026-05-07T18:47:45.139Z,57.433,3,77.89,345,0,0,,,,
powertraces-pt100array_pt019_r1_7536307_11-89ffb37037,2026-05-07T18:47:45.24Z,57.534,0,77.82,345,0,0,,,,
powertraces-pt100array_pt019_r1_7536307_11-89ffb37037,2026-05-07T18:47:45.24Z,57.534,1,77.19,345,0,0,,,,
powertraces-pt100array_pt019_r1_7536307_11-89ffb37037,2026-05-07T18:47:45.24Z,57.534,2,76.78,345,0,0,,,,
powertraces-pt100array_pt019_r1_7536307_11-89ffb37037,2026-05-07T18:47:45.24Z,57.534,3,77.9,345,0,0,,,,
powertraces-pt100array_pt019_r1_7536307_11-89ffb37037,2026-05-07T18:47:45.34Z,57.634,0,77.81,345,0,0,,,,
powertraces-pt100array_pt019_r1_7536307_11-89ffb37037,2026-05-07T18:47:45.34Z,57.634,1,77.12,345,0,0,,,,
powertraces-pt100array_pt019_r1_7536307_11-89ffb37037,2026-05-07T18:47:45.34Z,57.634,2,76.79,345,0,0,,,,
powertraces-pt100array_pt019_r1_7536307_11-89ffb37037,2026-05-07T18:47:45.34Z,57.634,3,77.89,345,0,0,,,,
powertraces-pt100array_pt019_r1_7536307_11-89ffb37037,2026-05-07T18:47:45.44Z,57.734,0,77.83,345,0,0,,,,
powertraces-pt100array_pt019_r1_7536307_11-89ffb37037,2026-05-07T18:47:45.44Z,57.734,1,77.11,345,0,0,,,,
powertraces-pt100array_pt019_r1_7536307_11-89ffb37037,2026-05-07T18:47:45.44Z,57.734,2,76.78,345,0,0,,,,
powertraces-pt100array_pt019_r1_7536307_11-89ffb37037,2026-05-07T18:47:45.44Z,57.734,3,77.89,345,0,0,,,,
powertraces-pt100array_pt019_r1_7536307_11-89ffb37037,2026-05-07T18:47:45.54Z,57.834,0,77.84,345,0,0,,,,
powertraces-pt100array_pt019_r1_7536307_11-89ffb37037,2026-05-07T18:47:45.54Z,57.834,1,77.15,345,0,0,,,,
powertraces-pt100array_pt019_r1_7536307_11-89ffb37037,2026-05-07T18:47:45.54Z,57.834,2,76.79,345,0,0,,,,
powertraces-pt100array_pt019_r1_7536307_11-89ffb37037,2026-05-07T18:47:45.54Z,57.834,3,77.92,345,0,0,,,,
powertraces-pt100array_pt019_r1_7536307_11-89ffb37037,2026-05-07T18:47:45.641Z,57.935,0,77.83,345,0,0,,,,
powertraces-pt100array_pt019_r1_7536307_11-89ffb37037,2026-05-07T18:47:45.641Z,57.935,1,77.17,345,0,0,,,,
powertraces-pt100array_pt019_r1_7536307_11-89ffb37037,2026-05-07T18:47:45.641Z,57.935,2,76.81,345,0,0,,,,
powertraces-pt100array_pt019_r1_7536307_11-89ffb37037,2026-05-07T18:47:45.641Z,57.935,3,77.89,345,0,0,,,,
powertraces-pt100array_pt019_r1_7536307_11-89ffb37037,2026-05-07T18:47:45.741Z,58.035,0,77.82,345,0,0,,,,
powertraces-pt100array_pt019_r1_7536307_11-89ffb37037,2026-05-07T18:47:45.741Z,58.035,1,77.15,345,0,0,,,,
powertraces-pt100array_pt019_r1_7536307_11-89ffb37037,2026-05-07T18:47:45.741Z,58.035,2,76.81,345,0,0,,,,
powertraces-pt100array_pt019_r1_7536307_11-89ffb37037,2026-05-07T18:47:45.741Z,58.035,3,77.9,345,0,0,,,,
powertraces-pt100array_pt019_r1_7536307_11-89ffb37037,2026-05-07T18:47:45.841Z,58.135,0,77.8,345,0,0,,,,
powertraces-pt100array_pt019_r1_7536307_11-89ffb37037,2026-05-07T18:47:45.841Z,58.135,1,77.16,345,0,0,,,,
powertraces-pt100array_pt019_r1_7536307_11-89ffb37037,2026-05-07T18:47:45.841Z,58.135,2,76.83,345,0,0,,,,
powertraces-pt100array_pt019_r1_7536307_11-89ffb37037,2026-05-07T18:47:45.841Z,58.135,3,77.89,345,0,0,,,,
powertraces-pt100array_pt019_r1_7536307_11-89ffb37037,2026-05-07T18:47:45.941Z,58.235,0,77.78,345,0,0,,,,
powertraces-pt100array_pt019_r1_7536307_11-89ffb37037,2026-05-07T18:47:45.941Z,58.235,1,77.19,345,0,0,,,,
powertraces-pt100array_pt019_r1_7536307_11-89ffb37037,2026-05-07T18:47:45.941Z,58.235,2,76.81,345,0,0,,,,
powertraces-pt100array_pt019_r1_7536307_11-89ffb37037,2026-05-07T18:47:45.941Z,58.235,3,77.89,345,0,0,,,,
powertraces-pt100array_pt019_r1_7536307_11-89ffb37037,2026-05-07T18:47:46.041Z,58.335,0,77.77,345,0,0,,,,
powertraces-pt100array_pt019_r1_7536307_11-89ffb37037,2026-05-07T18:47:46.041Z,58.335,1,77.2,345,0,0,,,,
powertraces-pt100array_pt019_r1_7536307_11-89ffb37037,2026-05-07T18:47:46.041Z,58.335,2,76.8,345,0,0,,,,
powertraces-pt100array_pt019_r1_7536307_11-89ffb37037,2026-05-07T18:47:46.041Z,58.335,3,77.9,345,0,0,,,,
powertraces-pt100array_pt019_r1_7536307_11-89ffb37037,2026-05-07T18:47:46.142Z,58.436,0,77.77,345,0,0,,,,
powertraces-pt100array_pt019_r1_7536307_11-89ffb37037,2026-05-07T18:47:46.142Z,58.436,1,77.16,345,0,0,,,,
powertraces-pt100array_pt019_r1_7536307_11-89ffb37037,2026-05-07T18:47:46.142Z,58.436,2,76.8,345,0,0,,,,
powertraces-pt100array_pt019_r1_7536307_11-89ffb37037,2026-05-07T18:47:46.142Z,58.436,3,77.88,345,0,0,,,,
powertraces-pt100array_pt019_r1_7536307_11-89ffb37037,2026-05-07T18:47:46.242Z,58.536,0,77.77,345,0,0,,,,
powertraces-pt100array_pt019_r1_7536307_11-89ffb37037,2026-05-07T18:47:46.242Z,58.536,1,77.15,345,0,0,,,,
powertraces-pt100array_pt019_r1_7536307_11-89ffb37037,2026-05-07T18:47:46.242Z,58.536,2,76.79,345,0,0,,,,
powertraces-pt100array_pt019_r1_7536307_11-89ffb37037,2026-05-07T18:47:46.242Z,58.536,3,77.9,345,0,0,,,,
powertraces-pt100array_pt019_r1_7536307_11-89ffb37037,2026-05-07T18:47:46.342Z,58.636,0,77.76,345,0,0,,,,
powertraces-pt100array_pt019_r1_7536307_11-89ffb37037,2026-05-07T18:47:46.342Z,58.636,1,77.17,345,0,0,,,,
powertraces-pt100array_pt019_r1_7536307_11-89ffb37037,2026-05-07T18:47:46.342Z,58.636,2,76.78,345,0,0,,,,
powertraces-pt100array_pt019_r1_7536307_11-89ffb37037,2026-05-07T18:47:46.342Z,58.636,3,77.93,345,0,0,,,,
powertraces-pt100array_pt019_r1_7536307_11-89ffb37037,2026-05-07T18:47:46.442Z,58.736,0,77.77,345,0,0,,,,
powertraces-pt100array_pt019_r1_7536307_11-89ffb37037,2026-05-07T18:47:46.442Z,58.736,1,77.21,345,0,0,,,,
powertraces-pt100array_pt019_r1_7536307_11-89ffb37037,2026-05-07T18:47:46.442Z,58.736,2,76.79,345,0,0,,,,
powertraces-pt100array_pt019_r1_7536307_11-89ffb37037,2026-05-07T18:47:46.442Z,58.736,3,77.92,345,0,0,,,,
powertraces-pt100array_pt019_r1_7536307_11-89ffb37037,2026-05-07T18:47:46.542Z,58.836,0,77.78,345,0,0,,,,
powertraces-pt100array_pt019_r1_7536307_11-89ffb37037,2026-05-07T18:47:46.542Z,58.836,1,77.18,345,0,0,,,,
powertraces-pt100array_pt019_r1_7536307_11-89ffb37037,2026-05-07T18:47:46.543Z,58.837,2,76.79,345,0,0,,,,
powertraces-pt100array_pt019_r1_7536307_11-89ffb37037,2026-05-07T18:47:46.543Z,58.837,3,77.91,345,0,0,,,,
powertraces-pt100array_pt019_r1_7536307_11-89ffb37037,2026-05-07T18:47:46.643Z,58.937,0,77.77,345,0,0,,,,
powertraces-pt100array_pt019_r1_7536307_11-89ffb37037,2026-05-07T18:47:46.643Z,58.937,1,77.13,345,0,0,,,,
powertraces-pt100array_pt019_r1_7536307_11-89ffb37037,2026-05-07T18:47:46.643Z,58.937,2,76.77,345,0,0,,,,
powertraces-pt100array_pt019_r1_7536307_11-89ffb37037,2026-05-07T18:47:46.643Z,58.937,3,77.91,345,0,0,,,,
powertraces-pt100array_pt019_r1_7536307_11-89ffb37037,2026-05-07T18:47:46.743Z,59.037,0,77.76,345,0,0,,,,
powertraces-pt100array_pt019_r1_7536307_11-89ffb37037,2026-05-07T18:47:46.743Z,59.037,1,77.16,345,0,0,,,,
powertraces-pt100array_pt019_r1_7536307_11-89ffb37037,2026-05-07T18:47:46.743Z,59.037,2,76.78,345,0,0,,,,
powertraces-pt100array_pt019_r1_7536307_11-89ffb37037,2026-05-07T18:47:46.743Z,59.037,3,77.91,345,0,0,,,,
powertraces-pt100array_pt019_r1_7536307_11-89ffb37037,2026-05-07T18:47:46.843Z,59.137,0,77.77,345,0,0,,,,
powertraces-pt100array_pt019_r1_7536307_11-89ffb37037,2026-05-07T18:47:46.843Z,59.137,1,77.18,345,0,0,,,,
powertraces-pt100array_pt019_r1_7536307_11-89ffb37037,2026-05-07T18:47:46.843Z,59.137,2,76.78,345,0,0,,,,
powertraces-pt100array_pt019_r1_7536307_11-89ffb37037,2026-05-07T18:47:46.843Z,59.137,3,77.89,345,0,0,,,,
powertraces-pt100array_pt019_r1_7536307_11-89ffb37037,2026-05-07T18:47:46.943Z,59.237,0,77.76,345,0,0,,,,
powertraces-pt100array_pt019_r1_7536307_11-89ffb37037,2026-05-07T18:47:46.943Z,59.237,1,77.16,345,0,0,,,,
powertraces-pt100array_pt019_r1_7536307_11-89ffb37037,2026-05-07T18:47:46.943Z,59.237,2,76.79,345,0,0,,,,
powertraces-pt100array_pt019_r1_7536307_11-89ffb37037,2026-05-07T18:47:46.943Z,59.237,3,77.92,345,0,0,,,,
powertraces-pt100array_pt019_r1_7536307_11-89ffb37037,2026-05-07T18:47:47.044Z,59.338,0,77.76,345,0,0,,,,
powertraces-pt100array_pt019_r1_7536307_11-89ffb37037,2026-05-07T18:47:47.044Z,59.338,1,77.12,345,0,0,,,,
powertraces-pt100array_pt019_r1_7536307_11-89ffb37037,2026-05-07T18:47:47.044Z,59.338,2,76.79,345,0,0,,,,
powertraces-pt100array_pt019_r1_7536307_11-89ffb37037,2026-05-07T18:47:47.044Z,59.338,3,77.93,345,0,0,,,,
powertraces-pt100array_pt019_r1_7536307_11-89ffb37037,2026-05-07T18:47:47.144Z,59.438,0,77.73,345,0,0,,,,
powertraces-pt100array_pt019_r1_7536307_11-89ffb37037,2026-05-07T18:47:47.144Z,59.438,1,77.14,345,0,0,,,,
powertraces-pt100array_pt019_r1_7536307_11-89ffb37037,2026-05-07T18:47:47.144Z,59.438,2,76.77,345,0,0,,,,
powertraces-pt100array_pt019_r1_7536307_11-89ffb37037,2026-05-07T18:47:47.144Z,59.438,3,77.95,345,0,0,,,,
powertraces-pt100array_pt019_r1_7536307_11-89ffb37037,2026-05-07T18:47:47.244Z,59.538,0,77.76,345,0,0,,,,
powertraces-pt100array_pt019_r1_7536307_11-89ffb37037,2026-05-07T18:47:47.244Z,59.538,1,77.17,345,0,0,,,,
powertraces-pt100array_pt019_r1_7536307_11-89ffb37037,2026-05-07T18:47:47.244Z,59.538,2,76.77,345,0,0,,,,
powertraces-pt100array_pt019_r1_7536307_11-89ffb37037,2026-05-07T18:47:47.244Z,59.538,3,77.93,345,0,0,,,,
powertraces-pt100array_pt019_r1_7536307_11-89ffb37037,2026-05-07T18:47:47.344Z,59.638,0,77.78,345,0,0,,,,
powertraces-pt100array_pt019_r1_7536307_11-89ffb37037,2026-05-07T18:47:47.344Z,59.638,1,77.17,345,0,0,,,,
powertraces-pt100array_pt019_r1_7536307_11-89ffb37037,2026-05-07T18:47:47.344Z,59.638,2,76.76,345,0,0,,,,
powertraces-pt100array_pt019_r1_7536307_11-89ffb37037,2026-05-07T18:47:47.345Z,59.639,3,77.94,345,0,0,,,,
powertraces-pt100array_pt019_r1_7536307_11-89ffb37037,2026-05-07T18:47:47.445Z,59.739,0,77.78,345,0,0,,,,
powertraces-pt100array_pt019_r1_7536307_11-89ffb37037,2026-05-07T18:47:47.445Z,59.739,1,77.13,345,0,0,,,,
powertraces-pt100array_pt019_r1_7536307_11-89ffb37037,2026-05-07T18:47:47.445Z,59.739,2,76.75,345,0,0,,,,
powertraces-pt100array_pt019_r1_7536307_11-89ffb37037,2026-05-07T18:47:47.445Z,59.739,3,77.94,345,0,0,,,,
powertraces-pt100array_pt019_r1_7536307_11-89ffb37037,2026-05-07T18:47:47.545Z,59.839,0,77.78,345,0,0,,,,
powertraces-pt100array_pt019_r1_7536307_11-89ffb37037,2026-05-07T18:47:47.545Z,59.839,1,77.12,345,0,0,,,,
powertraces-pt100array_pt019_r1_7536307_11-89ffb37037,2026-05-07T18:47:47.545Z,59.839,2,76.75,345,0,0,,,,
powertraces-pt100array_pt019_r1_7536307_11-89ffb37037,2026-05-07T18:47:47.545Z,59.839,3,77.96,345,0,0,,,,
powertraces-pt100array_pt019_r1_7536307_11-89ffb37037,2026-05-07T18:47:47.645Z,59.939,0,77.77,345,0,0,,,,
powertraces-pt100array_pt019_r1_7536307_11-89ffb37037,2026-05-07T18:47:47.645Z,59.939,1,77.15,345,0,0,,,,
powertraces-pt100array_pt019_r1_7536307_11-89ffb37037,2026-05-07T18:47:47.645Z,59.939,2,76.74,345,0,0,,,,
powertraces-pt100array_pt019_r1_7536307_11-89ffb37037,2026-05-07T18:47:47.645Z,59.939,3,77.96,345,0,0,,,,
powertraces-pt100array_pt019_r1_7536307_11-89ffb37037,2026-05-07T18:47:47.745Z,60.039,0,77.77,345,0,0,,,,
powertraces-pt100array_pt019_r1_7536307_11-89ffb37037,2026-05-07T18:47:47.745Z,60.039,1,77.16,345,0,0,,,,
powertraces-pt100array_pt019_r1_7536307_11-89ffb37037,2026-05-07T18:47:47.745Z,60.039,2,76.74,345,0,0,,,,
powertraces-pt100array_pt019_r1_7536307_11-89ffb37037,2026-05-07T18:47:47.745Z,60.039,3,77.97,345,0,0,,,,
powertraces-pt100array_pt019_r1_7536307_11-89ffb37037,2026-05-07T18:47:47.845Z,60.139,0,77.76,345,0,0,,,,
powertraces-pt100array_pt019_r1_7536307_11-89ffb37037,2026-05-07T18:47:47.846Z,60.14,1,77.12,345,0,0,,,,
powertraces-pt100array_pt019_r1_7536307_11-89ffb37037,2026-05-07T18:47:47.846Z,60.14,2,76.74,345,0,0,,,,
powertraces-pt100array_pt019_r1_7536307_11-89ffb37037,2026-05-07T18:47:47.846Z,60.14,3,77.96,345,0,0,,,,
powertraces-pt100array_pt019_r1_7536307_11-89ffb37037,2026-05-07T18:47:47.946Z,60.24,0,77.77,345,0,0,,,,
powertraces-pt100array_pt019_r1_7536307_11-89ffb37037,2026-05-07T18:47:47.946Z,60.24,1,77.1,345,0,0,,,,
powertraces-pt100array_pt019_r1_7536307_11-89ffb37037,2026-05-07T18:47:47.946Z,60.24,2,76.72,345,0,0,,,,
powertraces-pt100array_pt019_r1_7536307_11-89ffb37037,2026-05-07T18:47:47.946Z,60.24,3,77.96,345,0,0,,,,
powertraces-pt100array_pt019_r1_7536307_11-89ffb37037,2026-05-07T18:47:48.046Z,60.34,0,77.78,345,0,0,,,,
powertraces-pt100array_pt019_r1_7536307_11-89ffb37037,2026-05-07T18:47:48.046Z,60.34,1,77.16,345,0,0,,,,
powertraces-pt100array_pt019_r1_7536307_11-89ffb37037,2026-05-07T18:47:48.046Z,60.34,2,76.72,345,0,0,,,,
powertraces-pt100array_pt019_r1_7536307_11-89ffb37037,2026-05-07T18:47:48.046Z,60.34,3,77.97,345,0,0,,,,
powertraces-pt100array_pt019_r1_7536307_11-89ffb37037,2026-05-07T18:47:48.146Z,60.44,0,77.79,345,0,0,,,,
powertraces-pt100array_pt019_r1_7536307_11-89ffb37037,2026-05-07T18:47:48.146Z,60.44,1,77.17,345,0,0,,,,
powertraces-pt100array_pt019_r1_7536307_11-89ffb37037,2026-05-07T18:47:48.146Z,60.44,2,76.71,345,0,0,,,,
powertraces-pt100array_pt019_r1_7536307_11-89ffb37037,2026-05-07T18:47:48.146Z,60.44,3,77.98,345,0,0,,,,
powertraces-pt100array_pt019_r1_7536307_11-89ffb37037,2026-05-07T18:47:48.246Z,60.54,0,77.8,345,0,0,,,,
powertraces-pt100array_pt019_r1_7536307_11-89ffb37037,2026-05-07T18:47:48.246Z,60.54,1,77.14,345,0,0,,,,
powertraces-pt100array_pt019_r1_7536307_11-89ffb37037,2026-05-07T18:47:48.246Z,60.54,2,76.7,345,0,0,,,,
powertraces-pt100array_pt019_r1_7536307_11-89ffb37037,2026-05-07T18:47:48.246Z,60.54,3,77.98,345,0,0,,,,
powertraces-pt100array_pt019_r1_7536307_11-89ffb37037,2026-05-07T18:47:48.346Z,60.64,0,77.78,345,0,0,,,,
powertraces-pt100array_pt019_r1_7536307_11-89ffb37037,2026-05-07T18:47:48.346Z,60.64,1,77.12,345,0,0,,,,
powertraces-pt100array_pt019_r1_7536307_11-89ffb37037,2026-05-07T18:47:48.346Z,60.64,2,76.71,345,0,0,,,,
powertraces-pt100array_pt019_r1_7536307_11-89ffb37037,2026-05-07T18:47:48.347Z,60.641,3,77.96,345,0,0,,,,
powertraces-pt100array_pt019_r1_7536307_11-89ffb37037,2026-05-07T18:47:48.447Z,60.741,0,77.78,345,0,0,,,,
powertraces-pt100array_pt019_r1_7536307_11-89ffb37037,2026-05-07T18:47:48.447Z,60.741,1,77.12,345,0,0,,,,
powertraces-pt100array_pt019_r1_7536307_11-89ffb37037,2026-05-07T18:47:48.447Z,60.741,2,76.7,345,0,0,,,,
powertraces-pt100array_pt019_r1_7536307_11-89ffb37037,2026-05-07T18:47:48.447Z,60.741,3,77.98,345,0,0,,,,
powertraces-pt100array_pt019_r1_7536307_11-89ffb37037,2026-05-07T18:47:48.547Z,60.841,0,77.77,345,0,0,,,,
powertraces-pt100array_pt019_r1_7536307_11-89ffb37037,2026-05-07T18:47:48.547Z,60.841,1,77.14,345,0,0,,,,
powertraces-pt100array_pt019_r1_7536307_11-89ffb37037,2026-05-07T18:47:48.547Z,60.841,2,76.73,345,0,0,,,,
powertraces-pt100array_pt019_r1_7536307_11-89ffb37037,2026-05-07T18:47:48.547Z,60.841,3,77.98,345,0,0,,,,
powertraces-pt100array_pt019_r1_7536307_11-89ffb37037,2026-05-07T18:47:48.647Z,60.941,0,77.77,345,0,0,,,,
powertraces-pt100array_pt019_r1_7536307_11-89ffb37037,2026-05-07T18:47:48.647Z,60.941,1,77.15,345,0,0,,,,
powertraces-pt100array_pt019_r1_7536307_11-89ffb37037,2026-05-07T18:47:48.647Z,60.941,2,76.75,345,0,0,,,,
powertraces-pt100array_pt019_r1_7536307_11-89ffb37037,2026-05-07T18:47:48.647Z,60.941,3,78.0,345,0,0,,,,
powertraces-pt100array_pt019_r1_7536307_11-89ffb37037,2026-05-07T18:47:48.747Z,61.041,0,77.78,345,0,0,,,,
powertraces-pt100array_pt019_r1_7536307_11-89ffb37037,2026-05-07T18:47:48.747Z,61.041,1,77.1,345,0,0,,,,
powertraces-pt100array_pt019_r1_7536307_11-89ffb37037,2026-05-07T18:47:48.747Z,61.041,2,76.75,345,0,0,,,,
powertraces-pt100array_pt019_r1_7536307_11-89ffb37037,2026-05-07T18:47:48.747Z,61.041,3,78.0,345,0,0,,,,
powertraces-pt100array_pt019_r1_7536307_11-89ffb37037,2026-05-07T18:47:48.847Z,61.141,0,77.78,345,0,0,,,,
powertraces-pt100array_pt019_r1_7536307_11-89ffb37037,2026-05-07T18:47:48.848Z,61.142,1,77.13,345,0,0,,,,
powertraces-pt100array_pt019_r1_7536307_11-89ffb37037,2026-05-07T18:47:48.848Z,61.142,2,76.78,345,0,0,,,,
powertraces-pt100array_pt019_r1_7536307_11-89ffb37037,2026-05-07T18:47:48.848Z,61.142,3,78.01,345,0,0,,,,
powertraces-pt100array_pt019_r1_7536307_11-89ffb37037,2026-05-07T18:47:48.948Z,61.242,0,77.76,345,0,0,,,,
powertraces-pt100array_pt019_r1_7536307_11-89ffb37037,2026-05-07T18:47:48.948Z,61.242,1,77.16,345,0,0,,,,
powertraces-pt100array_pt019_r1_7536307_11-89ffb37037,2026-05-07T18:47:48.948Z,61.242,2,76.78,345,0,0,,,,
powertraces-pt100array_pt019_r1_7536307_11-89ffb37037,2026-05-07T18:47:48.948Z,61.242,3,78.01,345,0,0,,,,
powertraces-pt100array_pt019_r1_7536307_11-89ffb37037,2026-05-07T18:47:49.048Z,61.342,0,77.77,345,0,0,,,,
powertraces-pt100array_pt019_r1_7536307_11-89ffb37037,2026-05-07T18:47:49.048Z,61.342,1,77.15,345,0,0,,,,
powertraces-pt100array_pt019_r1_7536307_11-89ffb37037,2026-05-07T18:47:49.048Z,61.342,2,76.8,345,0,0,,,,
powertraces-pt100array_pt019_r1_7536307_11-89ffb37037,2026-05-07T18:47:49.048Z,61.342,3,77.99,345,0,0,,,,
powertraces-pt100array_pt019_r1_7536307_11-89ffb37037,2026-05-07T18:47:49.148Z,61.442,0,77.75,345,0,0,,,,
powertraces-pt100array_pt019_r1_7536307_11-89ffb37037,2026-05-07T18:47:49.148Z,61.442,1,77.11,345,0,0,,,,
powertraces-pt100array_pt019_r1_7536307_11-89ffb37037,2026-05-07T18:47:49.148Z,61.442,2,76.81,345,0,0,,,,
powertraces-pt100array_pt019_r1_7536307_11-89ffb37037,2026-05-07T18:47:49.148Z,61.442,3,77.96,345,0,0,,,,
powertraces-pt100array_pt019_r1_7536307_11-89ffb37037,2026-05-07T18:47:49.248Z,61.542,0,77.74,345,0,0,,,,
powertraces-pt100array_pt019_r1_7536307_11-89ffb37037,2026-05-07T18:47:49.248Z,61.542,1,77.12,345,0,0,,,,
powertraces-pt100array_pt019_r1_7536307_11-89ffb37037,2026-05-07T18:47:49.248Z,61.542,2,76.79,345,0,0,,,,
powertraces-pt100array_pt019_r1_7536307_11-89ffb37037,2026-05-07T18:47:49.248Z,61.542,3,77.93,345,0,0,,,,
powertraces-pt100array_pt019_r1_7536307_11-89ffb37037,2026-05-07T18:47:49.348Z,61.642,0,77.75,345,0,0,,,,
powertraces-pt100array_pt019_r1_7536307_11-89ffb37037,2026-05-07T18:47:49.348Z,61.642,1,77.15,345,0,0,,,,
powertraces-pt100array_pt019_r1_7536307_11-89ffb37037,2026-05-07T18:47:49.348Z,61.642,2,76.76,345,0,0,,,,
powertraces-pt100array_pt019_r1_7536307_11-89ffb37037,2026-05-07T18:47:49.348Z,61.642,3,77.92,345,0,0,,,,
powertraces-pt100array_pt019_r1_7536307_11-89ffb37037,2026-05-07T18:47:49.449Z,61.743,0,77.75,345,0,0,,,,
powertraces-pt100array_pt019_r1_7536307_11-89ffb37037,2026-05-07T18:47:49.449Z,61.743,1,77.16,345,0,0,,,,
powertraces-pt100array_pt019_r1_7536307_11-89ffb37037,2026-05-07T18:47:49.449Z,61.743,2,76.77,345,0,0,,,,
powertraces-pt100array_pt019_r1_7536307_11-89ffb37037,2026-05-07T18:47:49.449Z,61.743,3,77.9,345,0,0,,,,
powertraces-pt100array_pt019_r1_7536307_11-89ffb37037,2026-05-07T18:47:49.549Z,61.843,0,77.75,345,0,0,,,,
powertraces-pt100array_pt019_r1_7536307_11-89ffb37037,2026-05-07T18:47:49.549Z,61.843,1,77.12,345,0,0,,,,
powertraces-pt100array_pt019_r1_7536307_11-89ffb37037,2026-05-07T18:47:49.549Z,61.843,2,76.76,345,0,0,,,,
powertraces-pt100array_pt019_r1_7536307_11-89ffb37037,2026-05-07T18:47:49.549Z,61.843,3,77.88,345,0,0,,,,
powertraces-pt100array_pt019_r1_7536307_11-89ffb37037,2026-05-07T18:47:49.649Z,61.943,0,77.75,345,0,0,,,,
powertraces-pt100array_pt019_r1_7536307_11-89ffb37037,2026-05-07T18:47:49.649Z,61.943,1,77.11,345,0,0,,,,
powertraces-pt100array_pt019_r1_7536307_11-89ffb37037,2026-05-07T18:47:49.649Z,61.943,2,76.76,345,0,0,,,,
powertraces-pt100array_pt019_r1_7536307_11-89ffb37037,2026-05-07T18:47:49.649Z,61.943,3,77.86,345,0,0,,,,
powertraces-pt100array_pt019_r1_7536307_11-89ffb37037,2026-05-07T18:47:49.749Z,62.043,0,77.74,345,0,0,,,,
powertraces-pt100array_pt019_r1_7536307_11-89ffb37037,2026-05-07T18:47:49.749Z,62.043,1,77.15,345,0,0,,,,
powertraces-pt100array_pt019_r1_7536307_11-89ffb37037,2026-05-07T18:47:49.749Z,62.043,2,76.77,345,0,0,,,,
powertraces-pt100array_pt019_r1_7536307_11-89ffb37037,2026-05-07T18:47:49.749Z,62.043,3,77.87,345,0,0,,,,
powertraces-pt100array_pt019_r1_7536307_11-89ffb37037,2026-05-07T18:47:49.849Z,62.143,0,77.74,345,0,0,,,,
powertraces-pt100array_pt019_r1_7536307_11-89ffb37037,2026-05-07T18:47:49.849Z,62.143,1,77.16,345,0,0,,,,
powertraces-pt100array_pt019_r1_7536307_11-89ffb37037,2026-05-07T18:47:49.849Z,62.143,2,76.76,345,0,0,,,,
powertraces-pt100array_pt019_r1_7536307_11-89ffb37037,2026-05-07T18:47:49.849Z,62.143,3,77.89,345,0,0,,,,
powertraces-pt100array_pt019_r1_7536307_11-89ffb37037,2026-05-07T18:47:49.95Z,62.244,0,77.72,345,0,0,,,,
powertraces-pt100array_pt019_r1_7536307_11-89ffb37037,2026-05-07T18:47:49.95Z,62.244,1,77.15,345,0,0,,,,
powertraces-pt100array_pt019_r1_7536307_11-89ffb37037,2026-05-07T18:47:49.95Z,62.244,2,76.78,345,0,0,,,,
powertraces-pt100array_pt019_r1_7536307_11-89ffb37037,2026-05-07T18:47:49.95Z,62.244,3,77.89,345,0,0,,,,
powertraces-pt100array_pt019_r1_7536307_11-89ffb37037,2026-05-07T18:47:50.05Z,62.344,0,77.71,345,0,0,,,,
powertraces-pt100array_pt019_r1_7536307_11-89ffb37037,2026-05-07T18:47:50.05Z,62.344,1,77.11,345,0,0,,,,
powertraces-pt100array_pt019_r1_7536307_11-89ffb37037,2026-05-07T18:47:50.05Z,62.344,2,76.78,345,0,0,,,,
powertraces-pt100array_pt019_r1_7536307_11-89ffb37037,2026-05-07T18:47:50.05Z,62.344,3,77.88,345,0,0,,,,
powertraces-pt100array_pt019_r1_7536307_11-89ffb37037,2026-05-07T18:47:50.15Z,62.444,0,77.72,345,0,0,,,,
powertraces-pt100array_pt019_r1_7536307_11-89ffb37037,2026-05-07T18:47:50.15Z,62.444,1,77.15,345,0,0,,,,
powertraces-pt100array_pt019_r1_7536307_11-89ffb37037,2026-05-07T18:47:50.15Z,62.444,2,76.77,345,0,0,,,,
powertraces-pt100array_pt019_r1_7536307_11-89ffb37037,2026-05-07T18:47:50.15Z,62.444,3,77.91,345,0,0,,,,
powertraces-pt100array_pt019_r1_7536307_11-89ffb37037,2026-05-07T18:47:50.25Z,62.544,0,77.74,345,0,0,,,,
powertraces-pt100array_pt019_r1_7536307_11-89ffb37037,2026-05-07T18:47:50.25Z,62.544,1,77.16,345,0,0,,,,
powertraces-pt100array_pt019_r1_7536307_11-89ffb37037,2026-05-07T18:47:50.25Z,62.544,2,76.78,345,0,0,,,,
powertraces-pt100array_pt019_r1_7536307_11-89ffb37037,2026-05-07T18:47:50.25Z,62.544,3,77.92,345,0,0,,,,
powertraces-pt100array_pt019_r1_7536307_11-89ffb37037,2026-05-07T18:47:50.35Z,62.644,0,77.73,345,0,0,,,,
powertraces-pt100array_pt019_r1_7536307_11-89ffb37037,2026-05-07T18:47:50.35Z,62.644,1,77.15,345,0,0,,,,
powertraces-pt100array_pt019_r1_7536307_11-89ffb37037,2026-05-07T18:47:50.351Z,62.645,2,76.8,345,0,0,,,,
powertraces-pt100array_pt019_r1_7536307_11-89ffb37037,2026-05-07T18:47:50.351Z,62.645,3,77.94,345,0,0,,,,
powertraces-pt100array_pt019_r1_7536307_11-89ffb37037,2026-05-07T18:47:50.451Z,62.745,0,77.72,345,0,0,,,,
powertraces-pt100array_pt019_r1_7536307_11-89ffb37037,2026-05-07T18:47:50.451Z,62.745,1,77.1,345,0,0,,,,
powertraces-pt100array_pt019_r1_7536307_11-89ffb37037,2026-05-07T18:47:50.451Z,62.745,2,76.8,345,0,0,,,,
powertraces-pt100array_pt019_r1_7536307_11-89ffb37037,2026-05-07T18:47:50.451Z,62.745,3,77.94,345,0,0,,,,
powertraces-pt100array_pt019_r1_7536307_11-89ffb37037,2026-05-07T18:47:50.551Z,62.845,0,77.71,345,0,0,,,,
powertraces-pt100array_pt019_r1_7536307_11-89ffb37037,2026-05-07T18:47:50.551Z,62.845,1,77.11,345,0,0,,,,
powertraces-pt100array_pt019_r1_7536307_11-89ffb37037,2026-05-07T18:47:50.551Z,62.845,2,76.8,345,0,0,,,,
powertraces-pt100array_pt019_r1_7536307_11-89ffb37037,2026-05-07T18:47:50.551Z,62.845,3,77.91,345,0,0,,,,
powertraces-pt100array_pt019_r1_7536307_11-89ffb37037,2026-05-07T18:47:50.651Z,62.945,0,77.71,345,0,0,,,,
powertraces-pt100array_pt019_r1_7536307_11-89ffb37037,2026-05-07T18:47:50.651Z,62.945,1,77.15,345,0,0,,,,
powertraces-pt100array_pt019_r1_7536307_11-89ffb37037,2026-05-07T18:47:50.651Z,62.945,2,76.81,345,0,0,,,,
powertraces-pt100array_pt019_r1_7536307_11-89ffb37037,2026-05-07T18:47:50.651Z,62.945,3,77.91,345,0,0,,,,
powertraces-pt100array_pt019_r1_7536307_11-89ffb37037,2026-05-07T18:47:50.751Z,63.045,0,77.71,345,0,0,,,,
powertraces-pt100array_pt019_r1_7536307_11-89ffb37037,2026-05-07T18:47:50.751Z,63.045,1,77.16,345,0,0,,,,
powertraces-pt100array_pt019_r1_7536307_11-89ffb37037,2026-05-07T18:47:50.751Z,63.045,2,76.8,345,0,0,,,,
powertraces-pt100array_pt019_r1_7536307_11-89ffb37037,2026-05-07T18:47:50.751Z,63.045,3,77.88,345,0,0,,,,
powertraces-pt100array_pt019_r1_7536307_11-89ffb37037,2026-05-07T18:47:50.851Z,63.145,0,77.72,345,0,0,,,,
powertraces-pt100array_pt019_r1_7536307_11-89ffb37037,2026-05-07T18:47:50.851Z,63.145,1,77.12,345,0,0,,,,
powertraces-pt100array_pt019_r1_7536307_11-89ffb37037,2026-05-07T18:47:50.851Z,63.145,2,76.78,345,0,0,,,,
powertraces-pt100array_pt019_r1_7536307_11-89ffb37037,2026-05-07T18:47:50.851Z,63.145,3,77.87,345,0,0,,,,
powertraces-pt100array_pt019_r1_7536307_11-89ffb37037,2026-05-07T18:47:50.952Z,63.246,0,77.74,345,0,0,,,,
powertraces-pt100array_pt019_r1_7536307_11-89ffb37037,2026-05-07T18:47:50.952Z,63.246,1,77.11,345,0,0,,,,
powertraces-pt100array_pt019_r1_7536307_11-89ffb37037,2026-05-07T18:47:50.952Z,63.246,2,76.77,345,0,0,,,,
powertraces-pt100array_pt019_r1_7536307_11-89ffb37037,2026-05-07T18:47:50.952Z,63.246,3,77.86,345,0,0,,,,
powertraces-pt100array_pt019_r1_7536307_11-89ffb37037,2026-05-07T18:47:51.052Z,63.346,0,77.75,345,0,0,,,,
powertraces-pt100array_pt019_r1_7536307_11-89ffb37037,2026-05-07T18:47:51.052Z,63.346,1,77.15,345,0,0,,,,
powertraces-pt100array_pt019_r1_7536307_11-89ffb37037,2026-05-07T18:47:51.052Z,63.346,2,76.78,345,0,0,,,,
powertraces-pt100array_pt019_r1_7536307_11-89ffb37037,2026-05-07T18:47:51.052Z,63.346,3,77.89,345,0,0,,,,
powertraces-pt100array_pt019_r1_7536307_11-89ffb37037,2026-05-07T18:47:51.152Z,63.446,0,77.74,345,0,0,,,,
powertraces-pt100array_pt019_r1_7536307_11-89ffb37037,2026-05-07T18:47:51.152Z,63.446,1,77.17,345,0,0,,,,
powertraces-pt100array_pt019_r1_7536307_11-89ffb37037,2026-05-07T18:47:51.152Z,63.446,2,76.78,345,0,0,,,,
powertraces-pt100array_pt019_r1_7536307_11-89ffb37037,2026-05-07T18:47:51.152Z,63.446,3,77.9,345,0,0,,,,
powertraces-pt100array_pt019_r1_7536307_11-89ffb37037,2026-05-07T18:47:51.252Z,63.546,0,77.73,345,0,0,,,,
powertraces-pt100array_pt019_r1_7536307_11-89ffb37037,2026-05-07T18:47:51.252Z,63.546,1,77.13,345,0,0,,,,
powertraces-pt100array_pt019_r1_7536307_11-89ffb37037,2026-05-07T18:47:51.252Z,63.546,2,76.81,345,0,0,,,,
powertraces-pt100array_pt019_r1_7536307_11-89ffb37037,2026-05-07T18:47:51.252Z,63.546,3,77.92,345,0,0,,,,
powertraces-pt100array_pt019_r1_7536307_11-89ffb37037,2026-05-07T18:47:51.352Z,63.646,0,77.73,345,0,0,,,,
powertraces-pt100array_pt019_r1_7536307_11-89ffb37037,2026-05-07T18:47:51.352Z,63.646,1,77.14,345,0,0,,,,
powertraces-pt100array_pt019_r1_7536307_11-89ffb37037,2026-05-07T18:47:51.352Z,63.646,2,76.81,345,0,0,,,,
powertraces-pt100array_pt019_r1_7536307_11-89ffb37037,2026-05-07T18:47:51.352Z,63.646,3,77.91,345,0,0,,,,
powertraces-pt100array_pt019_r1_7536307_11-89ffb37037,2026-05-07T18:47:51.452Z,63.746,0,77.73,345,0,0,,,,
powertraces-pt100array_pt019_r1_7536307_11-89ffb37037,2026-05-07T18:47:51.453Z,63.747,1,77.16,345,0,0,,,,
powertraces-pt100array_pt019_r1_7536307_11-89ffb37037,2026-05-07T18:47:51.453Z,63.747,2,76.8,345,0,0,,,,
powertraces-pt100array_pt019_r1_7536307_11-89ffb37037,2026-05-07T18:47:51.453Z,63.747,3,77.9,345,0,0,,,,
powertraces-pt100array_pt019_r1_7536307_11-89ffb37037,2026-05-07T18:47:51.553Z,63.847,0,77.73,345,0,0,,,,
powertraces-pt100array_pt019_r1_7536307_11-89ffb37037,2026-05-07T18:47:51.553Z,63.847,1,77.19,345,0,0,,,,
powertraces-pt100array_pt019_r1_7536307_11-89ffb37037,2026-05-07T18:47:51.553Z,63.847,2,76.79,345,0,0,,,,
powertraces-pt100array_pt019_r1_7536307_11-89ffb37037,2026-05-07T18:47:51.553Z,63.847,3,77.9,345,0,0,,,,
powertraces-pt100array_pt019_r1_7536307_11-89ffb37037,2026-05-07T18:47:51.653Z,63.947,0,77.74,345,0,0,,,,
powertraces-pt100array_pt019_r1_7536307_11-89ffb37037,2026-05-07T18:47:51.653Z,63.947,1,77.17,345,0,0,,,,
powertraces-pt100array_pt019_r1_7536307_11-89ffb37037,2026-05-07T18:47:51.653Z,63.947,2,76.77,345,0,0,,,,
powertraces-pt100array_pt019_r1_7536307_11-89ffb37037,2026-05-07T18:47:51.653Z,63.947,3,77.89,345,0,0,,,,
powertraces-pt100array_pt019_r1_7536307_11-89ffb37037,2026-05-07T18:47:51.753Z,64.047,0,77.73,345,0,0,,,,
powertraces-pt100array_pt019_r1_7536307_11-89ffb37037,2026-05-07T18:47:51.753Z,64.047,1,77.11,345,0,0,,,,
powertraces-pt100array_pt019_r1_7536307_11-89ffb37037,2026-05-07T18:47:51.753Z,64.047,2,76.75,345,0,0,,,,
powertraces-pt100array_pt019_r1_7536307_11-89ffb37037,2026-05-07T18:47:51.753Z,64.047,3,77.88,345,0,0,,,,
powertraces-pt100array_pt019_r1_7536307_11-89ffb37037,2026-05-07T18:47:51.853Z,64.147,0,77.72,345,0,0,,,,
powertraces-pt100array_pt019_r1_7536307_11-89ffb37037,2026-05-07T18:47:51.853Z,64.147,1,77.16,345,0,0,,,,
powertraces-pt100array_pt019_r1_7536307_11-89ffb37037,2026-05-07T18:47:51.853Z,64.147,2,76.76,345,0,0,,,,
powertraces-pt100array_pt019_r1_7536307_11-89ffb37037,2026-05-07T18:47:51.853Z,64.147,3,77.85,345,0,0,,,,
powertraces-pt100array_pt019_r1_7536307_11-89ffb37037,2026-05-07T18:47:51.954Z,64.248,0,77.73,345,0,0,,,,
powertraces-pt100array_pt019_r1_7536307_11-89ffb37037,2026-05-07T18:47:51.954Z,64.248,1,77.19,345,0,0,,,,
powertraces-pt100array_pt019_r1_7536307_11-89ffb37037,2026-05-07T18:47:51.954Z,64.248,2,76.79,345,0,0,,,,
powertraces-pt100array_pt019_r1_7536307_11-89ffb37037,2026-05-07T18:47:51.954Z,64.248,3,77.86,345,0,0,,,,
powertraces-pt100array_pt019_r1_7536307_11-89ffb37037,2026-05-07T18:47:52.054Z,64.348,0,77.69,345,0,0,,,,
powertraces-pt100array_pt019_r1_7536307_11-89ffb37037,2026-05-07T18:47:52.054Z,64.348,1,77.17,345,0,0,,,,
powertraces-pt100array_pt019_r1_7536307_11-89ffb37037,2026-05-07T18:47:52.054Z,64.348,2,76.78,345,0,0,,,,
powertraces-pt100array_pt019_r1_7536307_11-89ffb37037,2026-05-07T18:47:52.054Z,64.348,3,77.84,345,0,0,,,,
powertraces-pt100array_pt019_r1_7536307_11-89ffb37037,2026-05-07T18:47:52.154Z,64.448,0,77.71,345,0,0,,,,
powertraces-pt100array_pt019_r1_7536307_11-89ffb37037,2026-05-07T18:47:52.154Z,64.448,1,77.15,345,0,0,,,,
powertraces-pt100array_pt019_r1_7536307_11-89ffb37037,2026-05-07T18:47:52.154Z,64.448,2,76.75,345,0,0,,,,
powertraces-pt100array_pt019_r1_7536307_11-89ffb37037,2026-05-07T18:47:52.154Z,64.448,3,77.84,345,0,0,,,,
powertraces-pt100array_pt019_r1_7536307_11-89ffb37037,2026-05-07T18:47:52.254Z,64.548,0,77.71,345,0,0,,,,
powertraces-pt100array_pt019_r1_7536307_11-89ffb37037,2026-05-07T18:47:52.254Z,64.548,1,77.16,345,0,0,,,,
powertraces-pt100array_pt019_r1_7536307_11-89ffb37037,2026-05-07T18:47:52.254Z,64.548,2,76.74,345,0,0,,,,
powertraces-pt100array_pt019_r1_7536307_11-89ffb37037,2026-05-07T18:47:52.254Z,64.548,3,77.85,345,0,0,,,,
powertraces-pt100array_pt019_r1_7536307_11-89ffb37037,2026-05-07T18:47:52.354Z,64.648,0,77.7,345,0,0,,,,
powertraces-pt100array_pt019_r1_7536307_11-89ffb37037,2026-05-07T18:47:52.354Z,64.648,1,77.19,345,0,0,,,,
powertraces-pt100array_pt019_r1_7536307_11-89ffb37037,2026-05-07T18:47:52.354Z,64.648,2,76.73,345,0,0,,,,
powertraces-pt100array_pt019_r1_7536307_11-89ffb37037,2026-05-07T18:47:52.354Z,64.648,3,77.85,345,0,0,,,,
powertraces-pt100array_pt019_r1_7536307_11-89ffb37037,2026-05-07T18:47:52.455Z,64.749,0,77.68,345,0,0,,,,
powertraces-pt100array_pt019_r1_7536307_11-89ffb37037,2026-05-07T18:47:52.455Z,64.749,1,77.19,345,0,0,,,,
powertraces-pt100array_pt019_r1_7536307_11-89ffb37037,2026-05-07T18:47:52.455Z,64.749,2,76.72,345,0,0,,,,
powertraces-pt100array_pt019_r1_7536307_11-89ffb37037,2026-05-07T18:47:52.455Z,64.749,3,77.88,345,0,0,,,,
powertraces-pt100array_pt019_r1_7536307_11-89ffb37037,2026-05-07T18:47:52.555Z,64.849,0,77.69,345,0,0,,,,
powertraces-pt100array_pt019_r1_7536307_11-89ffb37037,2026-05-07T18:47:52.555Z,64.849,1,77.15,345,0,0,,,,
powertraces-pt100array_pt019_r1_7536307_11-89ffb37037,2026-05-07T18:47:52.555Z,64.849,2,76.74,345,0,0,,,,
powertraces-pt100array_pt019_r1_7536307_11-89ffb37037,2026-05-07T18:47:52.555Z,64.849,3,77.9,345,0,0,,,,
powertraces-pt100array_pt019_r1_7536307_11-89ffb37037,2026-05-07T18:47:52.655Z,64.949,0,77.69,345,0,0,,,,
powertraces-pt100array_pt019_r1_7536307_11-89ffb37037,2026-05-07T18:47:52.655Z,64.949,1,77.15,345,0,0,,,,
powertraces-pt100array_pt019_r1_7536307_11-89ffb37037,2026-05-07T18:47:52.655Z,64.949,2,76.75,345,0,0,,,,
powertraces-pt100array_pt019_r1_7536307_11-89ffb37037,2026-05-07T18:47:52.655Z,64.949,3,77.9,345,0,0,,,,
powertraces-pt100array_pt019_r1_7536307_11-89ffb37037,2026-05-07T18:47:52.755Z,65.049,0,77.7,345,0,0,,,,
powertraces-pt100array_pt019_r1_7536307_11-89ffb37037,2026-05-07T18:47:52.755Z,65.049,1,77.17,345,0,0,,,,
powertraces-pt100array_pt019_r1_7536307_11-89ffb37037,2026-05-07T18:47:52.755Z,65.049,2,76.74,345,0,0,,,,
powertraces-pt100array_pt019_r1_7536307_11-89ffb37037,2026-05-07T18:47:52.755Z,65.049,3,77.91,345,0,0,,,,
powertraces-pt100array_pt019_r1_7536307_11-89ffb37037,2026-05-07T18:47:52.855Z,65.149,0,77.7,345,0,0,,,,
powertraces-pt100array_pt019_r1_7536307_11-89ffb37037,2026-05-07T18:47:52.855Z,65.149,1,77.16,345,0,0,,,,
powertraces-pt100array_pt019_r1_7536307_11-89ffb37037,2026-05-07T18:47:52.855Z,65.149,2,76.75,345,0,0,,,,
powertraces-pt100array_pt019_r1_7536307_11-89ffb37037,2026-05-07T18:47:52.855Z,65.149,3,77.93,345,0,0,,,,
powertraces-pt100array_pt019_r1_7536307_11-89ffb37037,2026-05-07T18:47:52.956Z,65.25,0,77.68,345,0,0,,,,
powertraces-pt100array_pt019_r1_7536307_11-89ffb37037,2026-05-07T18:47:52.956Z,65.25,1,77.14,345,0,0,,,,
powertraces-pt100array_pt019_r1_7536307_11-89ffb37037,2026-05-07T18:47:52.956Z,65.25,2,76.74,345,0,0,,,,
powertraces-pt100array_pt019_r1_7536307_11-89ffb37037,2026-05-07T18:47:52.956Z,65.25,3,77.86,345,0,0,,,,
powertraces-pt100array_pt019_r1_7536307_11-89ffb37037,2026-05-07T18:47:53.056Z,65.35,0,77.69,345,0,0,,,,
powertraces-pt100array_pt019_r1_7536307_11-89ffb37037,2026-05-07T18:47:53.056Z,65.35,1,77.14,345,0,0,,,,
powertraces-pt100array_pt019_r1_7536307_11-89ffb37037,2026-05-07T18:47:53.056Z,65.35,2,76.77,345,0,0,,,,
powertraces-pt100array_pt019_r1_7536307_11-89ffb37037,2026-05-07T18:47:53.056Z,65.35,3,77.85,345,0,0,,,,
powertraces-pt100array_pt019_r1_7536307_11-89ffb37037,2026-05-07T18:47:53.156Z,65.45,0,77.69,345,0,0,,,,
powertraces-pt100array_pt019_r1_7536307_11-89ffb37037,2026-05-07T18:47:53.156Z,65.45,1,77.16,345,0,0,,,,
powertraces-pt100array_pt019_r1_7536307_11-89ffb37037,2026-05-07T18:47:53.156Z,65.45,2,76.8,345,0,0,,,,
powertraces-pt100array_pt019_r1_7536307_11-89ffb37037,2026-05-07T18:47:53.156Z,65.45,3,77.82,345,0,0,,,,
powertraces-pt100array_pt019_r1_7536307_11-89ffb37037,2026-05-07T18:47:53.256Z,65.55,0,77.69,345,0,0,,,,
powertraces-pt100array_pt019_r1_7536307_11-89ffb37037,2026-05-07T18:47:53.256Z,65.55,1,77.17,345,0,0,,,,
powertraces-pt100array_pt019_r1_7536307_11-89ffb37037,2026-05-07T18:47:53.256Z,65.55,2,76.82,345,0,0,,,,
powertraces-pt100array_pt019_r1_7536307_11-89ffb37037,2026-05-07T18:47:53.256Z,65.55,3,77.78,345,0,0,,,,
powertraces-pt100array_pt019_r1_7536307_11-89ffb37037,2026-05-07T18:47:53.356Z,65.65,0,77.71,345,0,0,,,,
powertraces-pt100array_pt019_r1_7536307_11-89ffb37037,2026-05-07T18:47:53.356Z,65.65,1,77.14,345,0,0,,,,
powertraces-pt100array_pt019_r1_7536307_11-89ffb37037,2026-05-07T18:47:53.356Z,65.65,2,76.8,345,0,0,,,,
powertraces-pt100array_pt019_r1_7536307_11-89ffb37037,2026-05-07T18:47:53.357Z,65.651,3,77.77,345,0,0,,,,
powertraces-pt100array_pt019_r1_7536307_11-89ffb37037,2026-05-07T18:47:53.457Z,65.751,0,77.73,345,0,0,,,,
powertraces-pt100array_pt019_r1_7536307_11-89ffb37037,2026-05-07T18:47:53.457Z,65.751,1,77.1,345,0,0,,,,
powertraces-pt100array_pt019_r1_7536307_11-89ffb37037,2026-05-07T18:47:53.457Z,65.751,2,76.82,345,0,0,,,,
powertraces-pt100array_pt019_r1_7536307_11-89ffb37037,2026-05-07T18:47:53.457Z,65.751,3,77.77,345,0,0,,,,
powertraces-pt100array_pt019_r1_7536307_11-89ffb37037,2026-05-07T18:47:53.557Z,65.851,0,77.72,345,0,0,,,,
powertraces-pt100array_pt019_r1_7536307_11-89ffb37037,2026-05-07T18:47:53.557Z,65.851,1,77.12,345,0,0,,,,
powertraces-pt100array_pt019_r1_7536307_11-89ffb37037,2026-05-07T18:47:53.557Z,65.851,2,76.83,345,0,0,,,,
powertraces-pt100array_pt019_r1_7536307_11-89ffb37037,2026-05-07T18:47:53.557Z,65.851,3,77.79,345,0,0,,,,
powertraces-pt100array_pt019_r1_7536307_11-89ffb37037,2026-05-07T18:47:53.657Z,65.951,0,77.73,345,0,0,,,,
powertraces-pt100array_pt019_r1_7536307_11-89ffb37037,2026-05-07T18:47:53.657Z,65.951,1,77.16,345,0,0,,,,
powertraces-pt100array_pt019_r1_7536307_11-89ffb37037,2026-05-07T18:47:53.657Z,65.951,2,76.84,345,0,0,,,,
powertraces-pt100array_pt019_r1_7536307_11-89ffb37037,2026-05-07T18:47:53.657Z,65.951,3,77.81,345,0,0,,,,
powertraces-pt100array_pt019_r1_7536307_11-89ffb37037,2026-05-07T18:47:53.757Z,66.051,0,77.72,345,0,0,,,,
powertraces-pt100array_pt019_r1_7536307_11-89ffb37037,2026-05-07T18:47:53.757Z,66.051,1,77.12,345,0,0,,,,
powertraces-pt100array_pt019_r1_7536307_11-89ffb37037,2026-05-07T18:47:53.757Z,66.051,2,76.85,345,0,0,,,,
powertraces-pt100array_pt019_r1_7536307_11-89ffb37037,2026-05-07T18:47:53.757Z,66.051,3,77.81,345,0,0,,,,
powertraces-pt100array_pt019_r1_7536307_11-89ffb37037,2026-05-07T18:47:53.857Z,66.151,0,77.71,345,0,0,,,,
powertraces-pt100array_pt019_r1_7536307_11-89ffb37037,2026-05-07T18:47:53.857Z,66.151,1,77.09,345,0,0,,,,
powertraces-pt100array_pt019_r1_7536307_11-89ffb37037,2026-05-07T18:47:53.857Z,66.151,2,76.84,345,0,0,,,,
powertraces-pt100array_pt019_r1_7536307_11-89ffb37037,2026-05-07T18:47:53.857Z,66.151,3,77.84,345,0,0,,,,
powertraces-pt100array_pt019_r1_7536307_11-89ffb37037,2026-05-07T18:47:53.958Z,66.252,0,77.75,345,0,0,,,,
powertraces-pt100array_pt019_r1_7536307_11-89ffb37037,2026-05-07T18:47:53.958Z,66.252,1,77.12,345,0,0,,,,
powertraces-pt100array_pt019_r1_7536307_11-89ffb37037,2026-05-07T18:47:53.958Z,66.252,2,76.83,345,0,0,,,,
powertraces-pt100array_pt019_r1_7536307_11-89ffb37037,2026-05-07T18:47:53.958Z,66.252,3,77.87,345,0,0,,,,
powertraces-pt100array_pt019_r1_7536307_11-89ffb37037,2026-05-07T18:47:54.058Z,66.352,0,77.75,345,0,0,,,,
powertraces-pt100array_pt019_r1_7536307_11-89ffb37037,2026-05-07T18:47:54.058Z,66.352,1,77.14,345,0,0,,,,
powertraces-pt100array_pt019_r1_7536307_11-89ffb37037,2026-05-07T18:47:54.058Z,66.352,2,76.84,345,0,0,,,,
powertraces-pt100array_pt019_r1_7536307_11-89ffb37037,2026-05-07T18:47:54.058Z,66.352,3,77.89,345,0,0,,,,
powertraces-pt100array_pt019_r1_7536307_11-89ffb37037,2026-05-07T18:47:54.158Z,66.452,0,77.76,345,0,0,,,,
powertraces-pt100array_pt019_r1_7536307_11-89ffb37037,2026-05-07T18:47:54.158Z,66.452,1,77.13,345,0,0,,,,
powertraces-pt100array_pt019_r1_7536307_11-89ffb37037,2026-05-07T18:47:54.158Z,66.452,2,76.83,345,0,0,,,,
powertraces-pt100array_pt019_r1_7536307_11-89ffb37037,2026-05-07T18:47:54.158Z,66.452,3,77.87,345,0,0,,,,
powertraces-pt100array_pt019_r1_7536307_11-89ffb37037,2026-05-07T18:47:54.258Z,66.552,0,77.76,345,0,0,,,,
powertraces-pt100array_pt019_r1_7536307_11-89ffb37037,2026-05-07T18:47:54.258Z,66.552,1,77.1,345,0,0,,,,
powertraces-pt100array_pt019_r1_7536307_11-89ffb37037,2026-05-07T18:47:54.258Z,66.552,2,76.84,345,0,0,,,,
powertraces-pt100array_pt019_r1_7536307_11-89ffb37037,2026-05-07T18:47:54.258Z,66.552,3,77.88,345,0,0,,,,
powertraces-pt100array_pt019_r1_7536307_11-89ffb37037,2026-05-07T18:47:54.358Z,66.652,0,77.75,345,0,0,,,,
powertraces-pt100array_pt019_r1_7536307_11-89ffb37037,2026-05-07T18:47:54.358Z,66.652,1,77.12,345,0,0,,,,
powertraces-pt100array_pt019_r1_7536307_11-89ffb37037,2026-05-07T18:47:54.358Z,66.652,2,76.83,345,0,0,,,,
powertraces-pt100array_pt019_r1_7536307_11-89ffb37037,2026-05-07T18:47:54.358Z,66.652,3,77.88,345,0,0,,,,
powertraces-pt100array_pt019_r1_7536307_11-89ffb37037,2026-05-07T18:47:54.459Z,66.753,0,77.74,345,0,0,,,,
powertraces-pt100array_pt019_r1_7536307_11-89ffb37037,2026-05-07T18:47:54.459Z,66.753,1,77.15,345,0,0,,,,
powertraces-pt100array_pt019_r1_7536307_11-89ffb37037,2026-05-07T18:47:54.459Z,66.753,2,76.82,345,0,0,,,,
powertraces-pt100array_pt019_r1_7536307_11-89ffb37037,2026-05-07T18:47:54.459Z,66.753,3,77.85,345,0,0,,,,
powertraces-pt100array_pt019_r1_7536307_11-89ffb37037,2026-05-07T18:47:54.559Z,66.853,0,77.75,345,0,0,,,,
powertraces-pt100array_pt019_r1_7536307_11-89ffb37037,2026-05-07T18:47:54.559Z,66.853,1,77.18,345,0,0,,,,
powertraces-pt100array_pt019_r1_7536307_11-89ffb37037,2026-05-07T18:47:54.559Z,66.853,2,76.82,345,0,0,,,,
powertraces-pt100array_pt019_r1_7536307_11-89ffb37037,2026-05-07T18:47:54.559Z,66.853,3,77.84,345,0,0,,,,
powertraces-pt100array_pt019_r1_7536307_11-89ffb37037,2026-05-07T18:47:54.659Z,66.953,0,77.75,345,0,0,,,,
powertraces-pt100array_pt019_r1_7536307_11-89ffb37037,2026-05-07T18:47:54.659Z,66.953,1,77.14,345,0,0,,,,
powertraces-pt100array_pt019_r1_7536307_11-89ffb37037,2026-05-07T18:47:54.659Z,66.953,2,76.79,345,0,0,,,,
powertraces-pt100array_pt019_r1_7536307_11-89ffb37037,2026-05-07T18:47:54.659Z,66.953,3,77.82,345,0,0,,,,
powertraces-pt100array_pt019_r1_7536307_11-89ffb37037,2026-05-07T18:47:54.759Z,67.053,0,77.76,345,0,0,,,,
powertraces-pt100array_pt019_r1_7536307_11-89ffb37037,2026-05-07T18:47:54.759Z,67.053,1,77.14,345,0,0,,,,
powertraces-pt100array_pt019_r1_7536307_11-89ffb37037,2026-05-07T18:47:54.759Z,67.053,2,76.79,345,0,0,,,,
powertraces-pt100array_pt019_r1_7536307_11-89ffb37037,2026-05-07T18:47:54.759Z,67.053,3,77.82,345,0,0,,,,
powertraces-pt100array_pt019_r1_7536307_11-89ffb37037,2026-05-07T18:47:54.859Z,67.153,0,77.78,345,0,0,,,,
powertraces-pt100array_pt019_r1_7536307_11-89ffb37037,2026-05-07T18:47:54.86Z,67.154,1,77.18,345,0,0,,,,
powertraces-pt100array_pt019_r1_7536307_11-89ffb37037,2026-05-07T18:47:54.86Z,67.154,2,76.78,345,0,0,,,,
powertraces-pt100array_pt019_r1_7536307_11-89ffb37037,2026-05-07T18:47:54.86Z,67.154,3,77.82,345,0,0,,,,
powertraces-pt100array_pt019_r1_7536307_11-89ffb37037,2026-05-07T18:47:54.96Z,67.254,0,77.76,345,0,0,,,,
powertraces-pt100array_pt019_r1_7536307_11-89ffb37037,2026-05-07T18:47:54.96Z,67.254,1,77.18,345,0,0,,,,
powertraces-pt100array_pt019_r1_7536307_11-89ffb37037,2026-05-07T18:47:54.96Z,67.254,2,76.79,345,0,0,,,,
powertraces-pt100array_pt019_r1_7536307_11-89ffb37037,2026-05-07T18:47:54.96Z,67.254,3,77.82,345,0,0,,,,
powertraces-pt100array_pt019_r1_7536307_11-89ffb37037,2026-05-07T18:47:55.06Z,67.354,0,77.73,345,0,0,,,,
powertraces-pt100array_pt019_r1_7536307_11-89ffb37037,2026-05-07T18:47:55.06Z,67.354,1,77.16,345,0,0,,,,
powertraces-pt100array_pt019_r1_7536307_11-89ffb37037,2026-05-07T18:47:55.06Z,67.354,2,76.77,345,0,0,,,,
powertraces-pt100array_pt019_r1_7536307_11-89ffb37037,2026-05-07T18:47:55.06Z,67.354,3,77.82,345,0,0,,,,
powertraces-pt100array_pt019_r1_7536307_11-89ffb37037,2026-05-07T18:47:55.16Z,67.454,0,77.71,345,0,0,,,,
powertraces-pt100array_pt019_r1_7536307_11-89ffb37037,2026-05-07T18:47:55.16Z,67.454,1,77.15,345,0,0,,,,
powertraces-pt100array_pt019_r1_7536307_11-89ffb37037,2026-05-07T18:47:55.16Z,67.454,2,76.75,345,0,0,,,,
powertraces-pt100array_pt019_r1_7536307_11-89ffb37037,2026-05-07T18:47:55.16Z,67.454,3,77.86,345,0,0,,,,
powertraces-pt100array_pt019_r1_7536307_11-89ffb37037,2026-05-07T18:47:55.26Z,67.554,0,77.71,345,0,0,,,,
powertraces-pt100array_pt019_r1_7536307_11-89ffb37037,2026-05-07T18:47:55.26Z,67.554,1,77.18,345,0,0,,,,
powertraces-pt100array_pt019_r1_7536307_11-89ffb37037,2026-05-07T18:47:55.26Z,67.554,2,76.75,345,0,0,,,,
powertraces-pt100array_pt019_r1_7536307_11-89ffb37037,2026-05-07T18:47:55.26Z,67.554,3,77.88,345,0,0,,,,
powertraces-pt100array_pt019_r1_7536307_11-89ffb37037,2026-05-07T18:47:55.36Z,67.654,0,77.71,345,0,0,,,,
powertraces-pt100array_pt019_r1_7536307_11-89ffb37037,2026-05-07T18:47:55.361Z,67.655,1,77.17,345,0,0,,,,
powertraces-pt100array_pt019_r1_7536307_11-89ffb37037,2026-05-07T18:47:55.361Z,67.655,2,76.76,345,0,0,,,,
powertraces-pt100array_pt019_r1_7536307_11-89ffb37037,2026-05-07T18:47:55.361Z,67.655,3,77.87,345,0,0,,,,
powertraces-pt100array_pt019_r1_7536307_11-89ffb37037,2026-05-07T18:47:55.461Z,67.755,0,77.73,345,0,0,,,,
powertraces-pt100array_pt019_r1_7536307_11-89ffb37037,2026-05-07T18:47:55.461Z,67.755,1,77.17,345,0,0,,,,
powertraces-pt100array_pt019_r1_7536307_11-89ffb37037,2026-05-07T18:47:55.461Z,67.755,2,76.76,345,0,0,,,,
powertraces-pt100array_pt019_r1_7536307_11-89ffb37037,2026-05-07T18:47:55.461Z,67.755,3,77.89,345,0,0,,,,
powertraces-pt100array_pt019_r1_7536307_11-89ffb37037,2026-05-07T18:47:55.561Z,67.855,0,77.72,345,0,0,,,,
powertraces-pt100array_pt019_r1_7536307_11-89ffb37037,2026-05-07T18:47:55.561Z,67.855,1,77.12,345,0,0,,,,
powertraces-pt100array_pt019_r1_7536307_11-89ffb37037,2026-05-07T18:47:55.561Z,67.855,2,76.75,345,0,0,,,,
powertraces-pt100array_pt019_r1_7536307_11-89ffb37037,2026-05-07T18:47:55.561Z,67.855,3,77.88,345,0,0,,,,
powertraces-pt100array_pt019_r1_7536307_11-89ffb37037,2026-05-07T18:47:55.661Z,67.955,0,77.72,345,0,0,,,,
powertraces-pt100array_pt019_r1_7536307_11-89ffb37037,2026-05-07T18:47:55.661Z,67.955,1,77.14,345,0,0,,,,
powertraces-pt100array_pt019_r1_7536307_11-89ffb37037,2026-05-07T18:47:55.661Z,67.955,2,76.75,345,0,0,,,,
powertraces-pt100array_pt019_r1_7536307_11-89ffb37037,2026-05-07T18:47:55.661Z,67.955,3,77.89,345,0,0,,,,
powertraces-pt100array_pt019_r1_7536307_11-89ffb37037,2026-05-07T18:47:55.761Z,68.055,0,77.71,345,0,0,,,,
powertraces-pt100array_pt019_r1_7536307_11-89ffb37037,2026-05-07T18:47:55.761Z,68.055,1,77.14,345,0,0,,,,
powertraces-pt100array_pt019_r1_7536307_11-89ffb37037,2026-05-07T18:47:55.761Z,68.055,2,76.76,345,0,0,,,,
powertraces-pt100array_pt019_r1_7536307_11-89ffb37037,2026-05-07T18:47:55.761Z,68.055,3,77.88,345,0,0,,,,
powertraces-pt100array_pt019_r1_7536307_11-89ffb37037,2026-05-07T18:47:55.861Z,68.155,0,77.72,345,0,0,,,,
powertraces-pt100array_pt019_r1_7536307_11-89ffb37037,2026-05-07T18:47:55.862Z,68.156,1,77.13,345,0,0,,,,
powertraces-pt100array_pt019_r1_7536307_11-89ffb37037,2026-05-07T18:47:55.862Z,68.156,2,76.75,345,0,0,,,,
powertraces-pt100array_pt019_r1_7536307_11-89ffb37037,2026-05-07T18:47:55.862Z,68.156,3,77.87,345,0,0,,,,
powertraces-pt100array_pt019_r1_7536307_11-89ffb37037,2026-05-07T18:47:55.962Z,68.256,0,77.74,345,0,0,,,,
powertraces-pt100array_pt019_r1_7536307_11-89ffb37037,2026-05-07T18:47:55.962Z,68.256,1,77.08,345,0,0,,,,
powertraces-pt100array_pt019_r1_7536307_11-89ffb37037,2026-05-07T18:47:55.962Z,68.256,2,76.74,345,0,0,,,,
powertraces-pt100array_pt019_r1_7536307_11-89ffb37037,2026-05-07T18:47:55.962Z,68.256,3,77.88,345,0,0,,,,
powertraces-pt100array_pt019_r1_7536307_11-89ffb37037,2026-05-07T18:47:56.062Z,68.356,0,77.75,345,0,0,,,,
powertraces-pt100array_pt019_r1_7536307_11-89ffb37037,2026-05-07T18:47:56.062Z,68.356,1,77.1,345,0,0,,,,
powertraces-pt100array_pt019_r1_7536307_11-89ffb37037,2026-05-07T18:47:56.062Z,68.356,2,76.75,345,0,0,,,,
powertraces-pt100array_pt019_r1_7536307_11-89ffb37037,2026-05-07T18:47:56.062Z,68.356,3,77.92,345,0,0,,,,
powertraces-pt100array_pt019_r1_7536307_11-89ffb37037,2026-05-07T18:47:56.162Z,68.456,0,77.76,345,0,0,,,,
powertraces-pt100array_pt019_r1_7536307_11-89ffb37037,2026-05-07T18:47:56.162Z,68.456,1,77.14,345,0,0,,,,
powertraces-pt100array_pt019_r1_7536307_11-89ffb37037,2026-05-07T18:47:56.162Z,68.456,2,76.77,345,0,0,,,,
powertraces-pt100array_pt019_r1_7536307_11-89ffb37037,2026-05-07T18:47:56.162Z,68.456,3,77.92,345,0,0,,,,
powertraces-pt100array_pt019_r1_7536307_11-89ffb37037,2026-05-07T18:47:56.262Z,68.556,0,77.77,345,0,0,,,,
powertraces-pt100array_pt019_r1_7536307_11-89ffb37037,2026-05-07T18:47:56.262Z,68.556,1,77.15,345,0,0,,,,
powertraces-pt100array_pt019_r1_7536307_11-89ffb37037,2026-05-07T18:47:56.262Z,68.556,2,76.76,345,0,0,,,,
powertraces-pt100array_pt019_r1_7536307_11-89ffb37037,2026-05-07T18:47:56.262Z,68.556,3,77.9,345,0,0,,,,
powertraces-pt100array_pt019_r1_7536307_11-89ffb37037,2026-05-07T18:47:56.362Z,68.656,0,77.76,345,0,0,,,,
powertraces-pt100array_pt019_r1_7536307_11-89ffb37037,2026-05-07T18:47:56.362Z,68.656,1,77.11,345,0,0,,,,
powertraces-pt100array_pt019_r1_7536307_11-89ffb37037,2026-05-07T18:47:56.362Z,68.656,2,76.76,345,0,0,,,,
powertraces-pt100array_pt019_r1_7536307_11-89ffb37037,2026-05-07T18:47:56.362Z,68.656,3,77.9,345,0,0,,,,
powertraces-pt100array_pt019_r1_7536307_11-89ffb37037,2026-05-07T18:47:56.463Z,68.757,0,77.76,345,0,0,,,,
powertraces-pt100array_pt019_r1_7536307_11-89ffb37037,2026-05-07T18:47:56.463Z,68.757,1,77.12,345,0,0,,,,
powertraces-pt100array_pt019_r1_7536307_11-89ffb37037,2026-05-07T18:47:56.463Z,68.757,2,76.73,345,0,0,,,,
powertraces-pt100array_pt019_r1_7536307_11-89ffb37037,2026-05-07T18:47:56.463Z,68.757,3,77.93,345,0,0,,,,
powertraces-pt100array_pt019_r1_7536307_11-89ffb37037,2026-05-07T18:47:56.563Z,68.857,0,77.78,345,0,0,,,,
powertraces-pt100array_pt019_r1_7536307_11-89ffb37037,2026-05-07T18:47:56.563Z,68.857,1,77.15,345,0,0,,,,
powertraces-pt100array_pt019_r1_7536307_11-89ffb37037,2026-05-07T18:47:56.563Z,68.857,2,76.72,345,0,0,,,,
powertraces-pt100array_pt019_r1_7536307_11-89ffb37037,2026-05-07T18:47:56.563Z,68.857,3,77.91,345,0,0,,,,
powertraces-pt100array_pt019_r1_7536307_11-89ffb37037,2026-05-07T18:47:56.663Z,68.957,0,77.77,345,0,0,,,,
powertraces-pt100array_pt019_r1_7536307_11-89ffb37037,2026-05-07T18:47:56.663Z,68.957,1,77.18,345,0,0,,,,
powertraces-pt100array_pt019_r1_7536307_11-89ffb37037,2026-05-07T18:47:56.663Z,68.957,2,76.72,345,0,0,,,,
powertraces-pt100array_pt019_r1_7536307_11-89ffb37037,2026-05-07T18:47:56.663Z,68.957,3,77.91,345,0,0,,,,
powertraces-pt100array_pt019_r1_7536307_11-89ffb37037,2026-05-07T18:47:56.763Z,69.057,0,77.79,345,0,0,,,,
powertraces-pt100array_pt019_r1_7536307_11-89ffb37037,2026-05-07T18:47:56.763Z,69.057,1,77.12,345,0,0,,,,
powertraces-pt100array_pt019_r1_7536307_11-89ffb37037,2026-05-07T18:47:56.763Z,69.057,2,76.71,345,0,0,,,,
powertraces-pt100array_pt019_r1_7536307_11-89ffb37037,2026-05-07T18:47:56.763Z,69.057,3,77.9,345,0,0,,,,
powertraces-pt100array_pt019_r1_7536307_11-89ffb37037,2026-05-07T18:47:56.863Z,69.157,0,77.77,345,0,0,,,,
powertraces-pt100array_pt019_r1_7536307_11-89ffb37037,2026-05-07T18:47:56.863Z,69.157,1,77.11,345,0,0,,,,
powertraces-pt100array_pt019_r1_7536307_11-89ffb37037,2026-05-07T18:47:56.863Z,69.157,2,76.71,345,0,0,,,,
powertraces-pt100array_pt019_r1_7536307_11-89ffb37037,2026-05-07T18:47:56.863Z,69.157,3,77.88,345,0,0,,,,
powertraces-pt100array_pt019_r1_7536307_11-89ffb37037,2026-05-07T18:47:56.964Z,69.258,0,77.78,345,0,0,,,,
powertraces-pt100array_pt019_r1_7536307_11-89ffb37037,2026-05-07T18:47:56.964Z,69.258,1,77.16,345,0,0,,,,
powertraces-pt100array_pt019_r1_7536307_11-89ffb37037,2026-05-07T18:47:56.964Z,69.258,2,76.7,345,0,0,,,,
powertraces-pt100array_pt019_r1_7536307_11-89ffb37037,2026-05-07T18:47:56.964Z,69.258,3,77.85,345,0,0,,,,
powertraces-pt100array_pt019_r1_7536307_11-89ffb37037,2026-05-07T18:47:57.064Z,69.358,0,77.78,345,0,0,,,,
powertraces-pt100array_pt019_r1_7536307_11-89ffb37037,2026-05-07T18:47:57.064Z,69.358,1,77.18,345,0,0,,,,
powertraces-pt100array_pt019_r1_7536307_11-89ffb37037,2026-05-07T18:47:57.064Z,69.358,2,76.69,345,0,0,,,,
powertraces-pt100array_pt019_r1_7536307_11-89ffb37037,2026-05-07T18:47:57.064Z,69.358,3,77.82,345,0,0,,,,
powertraces-pt100array_pt019_r1_7536307_11-89ffb37037,2026-05-07T18:47:57.164Z,69.458,0,77.78,345,0,0,,,,
powertraces-pt100array_pt019_r1_7536307_11-89ffb37037,2026-05-07T18:47:57.164Z,69.458,1,77.15,345,0,0,,,,
powertraces-pt100array_pt019_r1_7536307_11-89ffb37037,2026-05-07T18:47:57.164Z,69.458,2,76.69,345,0,0,,,,
powertraces-pt100array_pt019_r1_7536307_11-89ffb37037,2026-05-07T18:47:57.164Z,69.458,3,77.81,345,0,0,,,,
powertraces-pt100array_pt019_r1_7536307_11-89ffb37037,2026-05-07T18:47:57.264Z,69.558,0,77.78,345,0,0,,,,
powertraces-pt100array_pt019_r1_7536307_11-89ffb37037,2026-05-07T18:47:57.264Z,69.558,1,77.11,345,0,0,,,,
powertraces-pt100array_pt019_r1_7536307_11-89ffb37037,2026-05-07T18:47:57.264Z,69.558,2,76.69,345,0,0,,,,
powertraces-pt100array_pt019_r1_7536307_11-89ffb37037,2026-05-07T18:47:57.264Z,69.558,3,77.81,345,0,0,,,,
powertraces-pt100array_pt019_r1_7536307_11-89ffb37037,2026-05-07T18:47:57.364Z,69.658,0,77.77,345,0,0,,,,
powertraces-pt100array_pt019_r1_7536307_11-89ffb37037,2026-05-07T18:47:57.365Z,69.659,1,77.16,345,0,0,,,,
powertraces-pt100array_pt019_r1_7536307_11-89ffb37037,2026-05-07T18:47:57.365Z,69.659,2,76.69,345,0,0,,,,
powertraces-pt100array_pt019_r1_7536307_11-89ffb37037,2026-05-07T18:47:57.365Z,69.659,3,77.84,345,0,0,,,,
powertraces-pt100array_pt019_r1_7536307_11-89ffb37037,2026-05-07T18:47:57.465Z,69.759,0,77.78,345,0,0,,,,
powertraces-pt100array_pt019_r1_7536307_11-89ffb37037,2026-05-07T18:47:57.465Z,69.759,1,77.17,345,0,0,,,,
powertraces-pt100array_pt019_r1_7536307_11-89ffb37037,2026-05-07T18:47:57.465Z,69.759,2,76.73,345,0,0,,,,
powertraces-pt100array_pt019_r1_7536307_11-89ffb37037,2026-05-07T18:47:57.465Z,69.759,3,77.85,345,0,0,,,,
powertraces-pt100array_pt019_r1_7536307_11-89ffb37037,2026-05-07T18:47:57.565Z,69.859,0,77.78,345,0,0,,,,
powertraces-pt100array_pt019_r1_7536307_11-89ffb37037,2026-05-07T18:47:57.565Z,69.859,1,77.18,345,0,0,,,,
powertraces-pt100array_pt019_r1_7536307_11-89ffb37037,2026-05-07T18:47:57.565Z,69.859,2,76.75,345,0,0,,,,
powertraces-pt100array_pt019_r1_7536307_11-89ffb37037,2026-05-07T18:47:57.565Z,69.859,3,77.88,345,0,0,,,,
powertraces-pt100array_pt019_r1_7536307_11-89ffb37037,2026-05-07T18:47:57.665Z,69.959,0,77.78,345,0,0,,,,
powertraces-pt100array_pt019_r1_7536307_11-89ffb37037,2026-05-07T18:47:57.665Z,69.959,1,77.14,345,0,0,,,,
powertraces-pt100array_pt019_r1_7536307_11-89ffb37037,2026-05-07T18:47:57.665Z,69.959,2,76.76,345,0,0,,,,
powertraces-pt100array_pt019_r1_7536307_11-89ffb37037,2026-05-07T18:47:57.665Z,69.959,3,77.86,345,0,0,,,,
powertraces-pt100array_pt019_r1_7536307_11-89ffb37037,2026-05-07T18:47:57.765Z,70.059,0,77.78,345,0,0,,,,
powertraces-pt100array_pt019_r1_7536307_11-89ffb37037,2026-05-07T18:47:57.765Z,70.059,1,77.15,345,0,0,,,,
powertraces-pt100array_pt019_r1_7536307_11-89ffb37037,2026-05-07T18:47:57.765Z,70.059,2,76.78,345,0,0,,,,
powertraces-pt100array_pt019_r1_7536307_11-89ffb37037,2026-05-07T18:47:57.765Z,70.059,3,77.85,345,0,0,,,,
powertraces-pt100array_pt019_r1_7536307_11-89ffb37037,2026-05-07T18:47:57.865Z,70.159,0,77.78,345,0,0,,,,
powertraces-pt100array_pt019_r1_7536307_11-89ffb37037,2026-05-07T18:47:57.866Z,70.16,1,77.19,345,0,0,,,,
powertraces-pt100array_pt019_r1_7536307_11-89ffb37037,2026-05-07T18:47:57.866Z,70.16,2,76.79,345,0,0,,,,
powertraces-pt100array_pt019_r1_7536307_11-89ffb37037,2026-05-07T18:47:57.866Z,70.16,3,77.84,345,0,0,,,,
powertraces-pt100array_pt019_r1_7536307_11-89ffb37037,2026-05-07T18:47:57.966Z,70.26,0,77.81,345,0,0,,,,
powertraces-pt100array_pt019_r1_7536307_11-89ffb37037,2026-05-07T18:47:57.966Z,70.26,1,77.19,345,0,0,,,,
powertraces-pt100array_pt019_r1_7536307_11-89ffb37037,2026-05-07T18:47:57.966Z,70.26,2,76.79,345,0,0,,,,
powertraces-pt100array_pt019_r1_7536307_11-89ffb37037,2026-05-07T18:47:57.966Z,70.26,3,77.85,345,0,0,,,,
powertraces-pt100array_pt019_r1_7536307_11-89ffb37037,2026-05-07T18:47:58.066Z,70.36,0,77.83,345,0,0,,,,
powertraces-pt100array_pt019_r1_7536307_11-89ffb37037,2026-05-07T18:47:58.066Z,70.36,1,77.14,345,0,0,,,,
powertraces-pt100array_pt019_r1_7536307_11-89ffb37037,2026-05-07T18:47:58.066Z,70.36,2,76.78,345,0,0,,,,
powertraces-pt100array_pt019_r1_7536307_11-89ffb37037,2026-05-07T18:47:58.066Z,70.36,3,77.86,345,0,0,,,,
powertraces-pt100array_pt019_r1_7536307_11-89ffb37037,2026-05-07T18:47:58.166Z,70.46,0,77.85,345,0,0,,,,
powertraces-pt100array_pt019_r1_7536307_11-89ffb37037,2026-05-07T18:47:58.166Z,70.46,1,77.17,345,0,0,,,,
powertraces-pt100array_pt019_r1_7536307_11-89ffb37037,2026-05-07T18:47:58.166Z,70.46,2,76.79,345,0,0,,,,
powertraces-pt100array_pt019_r1_7536307_11-89ffb37037,2026-05-07T18:47:58.166Z,70.46,3,77.84,345,0,0,,,,
powertraces-pt100array_pt019_r1_7536307_11-89ffb37037,2026-05-07T18:47:58.266Z,70.56,0,77.85,345,0,0,,,,
powertraces-pt100array_pt019_r1_7536307_11-89ffb37037,2026-05-07T18:47:58.266Z,70.56,1,77.19,345,0,0,,,,
powertraces-pt100array_pt019_r1_7536307_11-89ffb37037,2026-05-07T18:47:58.266Z,70.56,2,76.8,345,0,0,,,,
powertraces-pt100array_pt019_r1_7536307_11-89ffb37037,2026-05-07T18:47:58.266Z,70.56,3,77.84,345,0,0,,,,
powertraces-pt100array_pt019_r1_7536307_11-89ffb37037,2026-05-07T18:47:58.366Z,70.66,0,77.87,345,0,0,,,,
powertraces-pt100array_pt019_r1_7536307_11-89ffb37037,2026-05-07T18:47:58.366Z,70.66,1,77.22,345,0,0,,,,
powertraces-pt100array_pt019_r1_7536307_11-89ffb37037,2026-05-07T18:47:58.366Z,70.66,2,76.81,345,0,0,,,,
powertraces-pt100array_pt019_r1_7536307_11-89ffb37037,2026-05-07T18:47:58.366Z,70.66,3,77.84,345,0,0,,,,
powertraces-pt100array_pt019_r1_7536307_11-89ffb37037,2026-05-07T18:47:58.467Z,70.761,0,77.87,345,0,0,,,,
powertraces-pt100array_pt019_r1_7536307_11-89ffb37037,2026-05-07T18:47:58.467Z,70.761,1,77.22,345,0,0,,,,
powertraces-pt100array_pt019_r1_7536307_11-89ffb37037,2026-05-07T18:47:58.467Z,70.761,2,76.82,345,0,0,,,,
powertraces-pt100array_pt019_r1_7536307_11-89ffb37037,2026-05-07T18:47:58.467Z,70.761,3,77.82,345,0,0,,,,
powertraces-pt100array_pt019_r1_7536307_11-89ffb37037,2026-05-07T18:47:58.567Z,70.861,0,77.88,345,0,0,,,,
powertraces-pt100array_pt019_r1_7536307_11-89ffb37037,2026-05-07T18:47:58.567Z,70.861,1,77.2,345,0,0,,,,
powertraces-pt100array_pt019_r1_7536307_11-89ffb37037,2026-05-07T18:47:58.567Z,70.861,2,76.83,345,0,0,,,,
powertraces-pt100array_pt019_r1_7536307_11-89ffb37037,2026-05-07T18:47:58.567Z,70.861,3,77.82,345,0,0,,,,
powertraces-pt100array_pt019_r1_7536307_11-89ffb37037,2026-05-07T18:47:58.667Z,70.961,0,77.89,345,0,0,,,,
powertraces-pt100array_pt019_r1_7536307_11-89ffb37037,2026-05-07T18:47:58.667Z,70.961,1,77.18,345,0,0,,,,
powertraces-pt100array_pt019_r1_7536307_11-89ffb37037,2026-05-07T18:47:58.667Z,70.961,2,76.85,345,0,0,,,,
powertraces-pt100array_pt019_r1_7536307_11-89ffb37037,2026-05-07T18:47:58.667Z,70.961,3,77.86,345,0,0,,,,
powertraces-pt100array_pt019_r1_7536307_11-89ffb37037,2026-05-07T18:47:58.767Z,71.061,0,77.89,345,0,0,,,,
powertraces-pt100array_pt019_r1_7536307_11-89ffb37037,2026-05-07T18:47:58.767Z,71.061,1,77.21,345,0,0,,,,
powertraces-pt100array_pt019_r1_7536307_11-89ffb37037,2026-05-07T18:47:58.767Z,71.061,2,76.84,345,0,0,,,,
powertraces-pt100array_pt019_r1_7536307_11-89ffb37037,2026-05-07T18:47:58.767Z,71.061,3,77.9,345,0,0,,,,
powertraces-pt100array_pt019_r1_7536307_11-89ffb37037,2026-05-07T18:47:58.867Z,71.161,0,77.88,345,0,0,,,,
powertraces-pt100array_pt019_r1_7536307_11-89ffb37037,2026-05-07T18:47:58.868Z,71.162,1,77.22,345,0,0,,,,
powertraces-pt100array_pt019_r1_7536307_11-89ffb37037,2026-05-07T18:47:58.868Z,71.162,2,76.84,345,0,0,,,,
powertraces-pt100array_pt019_r1_7536307_11-89ffb37037,2026-05-07T18:47:58.868Z,71.162,3,77.94,345,0,0,,,,
powertraces-pt100array_pt019_r1_7536307_11-89ffb37037,2026-05-07T18:47:58.968Z,71.262,0,77.86,345,0,0,,,,
powertraces-pt100array_pt019_r1_7536307_11-89ffb37037,2026-05-07T18:47:58.968Z,71.262,1,77.21,345,0,0,,,,
powertraces-pt100array_pt019_r1_7536307_11-89ffb37037,2026-05-07T18:47:58.968Z,71.262,2,76.83,345,0,0,,,,
powertraces-pt100array_pt019_r1_7536307_11-89ffb37037,2026-05-07T18:47:58.968Z,71.262,3,77.92,345,0,0,,,,
powertraces-pt100array_pt019_r1_7536307_11-89ffb37037,2026-05-07T18:47:59.068Z,71.362,0,77.83,345,0,0,,,,
powertraces-pt100array_pt019_r1_7536307_11-89ffb37037,2026-05-07T18:47:59.068Z,71.362,1,77.18,345,0,0,,,,
powertraces-pt100array_pt019_r1_7536307_11-89ffb37037,2026-05-07T18:47:59.068Z,71.362,2,76.84,345,0,0,,,,
powertraces-pt100array_pt019_r1_7536307_11-89ffb37037,2026-05-07T18:47:59.068Z,71.362,3,77.93,345,0,0,,,,
powertraces-pt100array_pt019_r1_7536307_11-89ffb37037,2026-05-07T18:47:59.168Z,71.462,0,77.81,345,0,0,,,,
powertraces-pt100array_pt019_r1_7536307_11-89ffb37037,2026-05-07T18:47:59.168Z,71.462,1,77.2,345,0,0,,,,
powertraces-pt100array_pt019_r1_7536307_11-89ffb37037,2026-05-07T18:47:59.168Z,71.462,2,76.84,345,0,0,,,,
powertraces-pt100array_pt019_r1_7536307_11-89ffb37037,2026-05-07T18:47:59.168Z,71.462,3,77.93,345,0,0,,,,
powertraces-pt100array_pt019_r1_7536307_11-89ffb37037,2026-05-07T18:47:59.268Z,71.562,0,77.81,345,0,0,,,,
powertraces-pt100array_pt019_r1_7536307_11-89ffb37037,2026-05-07T18:47:59.268Z,71.562,1,77.18,345,0,0,,,,
powertraces-pt100array_pt019_r1_7536307_11-89ffb37037,2026-05-07T18:47:59.268Z,71.562,2,76.84,345,0,0,,,,
powertraces-pt100array_pt019_r1_7536307_11-89ffb37037,2026-05-07T18:47:59.268Z,71.562,3,77.94,345,0,0,,,,
powertraces-pt100array_pt019_r1_7536307_11-89ffb37037,2026-05-07T18:47:59.368Z,71.662,0,77.82,345,0,0,,,,
powertraces-pt100array_pt019_r1_7536307_11-89ffb37037,2026-05-07T18:47:59.369Z,71.663,1,77.18,345,0,0,,,,
powertraces-pt100array_pt019_r1_7536307_11-89ffb37037,2026-05-07T18:47:59.369Z,71.663,2,76.84,345,0,0,,,,
powertraces-pt100array_pt019_r1_7536307_11-89ffb37037,2026-05-07T18:47:59.369Z,71.663,3,77.93,345,0,0,,,,
powertraces-pt100array_pt019_r1_7536307_11-89ffb37037,2026-05-07T18:47:59.469Z,71.763,0,77.82,345,0,0,,,,
powertraces-pt100array_pt019_r1_7536307_11-89ffb37037,2026-05-07T18:47:59.469Z,71.763,1,77.11,345,0,0,,,,
powertraces-pt100array_pt019_r1_7536307_11-89ffb37037,2026-05-07T18:47:59.469Z,71.763,2,76.82,345,0,0,,,,
powertraces-pt100array_pt019_r1_7536307_11-89ffb37037,2026-05-07T18:47:59.469Z,71.763,3,77.91,345,0,0,,,,
powertraces-pt100array_pt019_r1_7536307_11-89ffb37037,2026-05-07T18:47:59.569Z,71.863,0,77.81,345,0,0,,,,
powertraces-pt100array_pt019_r1_7536307_11-89ffb37037,2026-05-07T18:47:59.569Z,71.863,1,77.16,345,0,0,,,,
powertraces-pt100array_pt019_r1_7536307_11-89ffb37037,2026-05-07T18:47:59.569Z,71.863,2,76.82,345,0,0,,,,
powertraces-pt100array_pt019_r1_7536307_11-89ffb37037,2026-05-07T18:47:59.569Z,71.863,3,77.92,345,0,0,,,,
powertraces-pt100array_pt019_r1_7536307_11-89ffb37037,2026-05-07T18:47:59.669Z,71.963,0,77.8,345,0,0,,,,
powertraces-pt100array_pt019_r1_7536307_11-89ffb37037,2026-05-07T18:47:59.669Z,71.963,1,77.2,345,0,0,,,,
powertraces-pt100array_pt019_r1_7536307_11-89ffb37037,2026-05-07T18:47:59.669Z,71.963,2,76.81,345,0,0,,,,
powertraces-pt100array_pt019_r1_7536307_11-89ffb37037,2026-05-07T18:47:59.669Z,71.963,3,77.93,345,0,0,,,,
powertraces-pt100array_pt019_r1_7536307_11-89ffb37037,2026-05-07T18:47:59.769Z,72.063,0,77.79,345,0,0,,,,
powertraces-pt100array_pt019_r1_7536307_11-89ffb37037,2026-05-07T18:47:59.769Z,72.063,1,77.21,345,0,0,,,,
powertraces-pt100array_pt019_r1_7536307_11-89ffb37037,2026-05-07T18:47:59.769Z,72.063,2,76.8,345,0,0,,,,
powertraces-pt100array_pt019_r1_7536307_11-89ffb37037,2026-05-07T18:47:59.769Z,72.063,3,77.91,345,0,0,,,,
powertraces-pt100array_pt019_r1_7536307_11-89ffb37037,2026-05-07T18:47:59.87Z,72.164,0,77.79,345,0,0,,,,
powertraces-pt100array_pt019_r1_7536307_11-89ffb37037,2026-05-07T18:47:59.87Z,72.164,1,77.15,345,0,0,,,,
powertraces-pt100array_pt019_r1_7536307_11-89ffb37037,2026-05-07T18:47:59.87Z,72.164,2,76.8,345,0,0,,,,
powertraces-pt100array_pt019_r1_7536307_11-89ffb37037,2026-05-07T18:47:59.87Z,72.164,3,77.89,345,0,0,,,,
powertraces-pt100array_pt019_r1_7536307_11-89ffb37037,2026-05-07T18:47:59.97Z,72.264,0,77.78,345,0,0,,,,
powertraces-pt100array_pt019_r1_7536307_11-89ffb37037,2026-05-07T18:47:59.97Z,72.264,1,77.18,345,0,0,,,,
powertraces-pt100array_pt019_r1_7536307_11-89ffb37037,2026-05-07T18:47:59.97Z,72.264,2,76.82,345,0,0,,,,
powertraces-pt100array_pt019_r1_7536307_11-89ffb37037,2026-05-07T18:47:59.97Z,72.264,3,77.93,345,0,0,,,,
powertraces-pt100array_pt019_r1_7536307_11-89ffb37037,2026-05-07T18:48:00.07Z,72.364,0,77.79,345,0,0,,,,
powertraces-pt100array_pt019_r1_7536307_11-89ffb37037,2026-05-07T18:48:00.07Z,72.364,1,77.18,345,0,0,,,,
powertraces-pt100array_pt019_r1_7536307_11-89ffb37037,2026-05-07T18:48:00.07Z,72.364,2,76.82,345,0,0,,,,
powertraces-pt100array_pt019_r1_7536307_11-89ffb37037,2026-05-07T18:48:00.07Z,72.364,3,77.92,345,0,0,,,,
powertraces-pt100array_pt019_r1_7536307_11-89ffb37037,2026-05-07T18:48:00.17Z,72.464,0,77.78,345,0,0,,,,
powertraces-pt100array_pt019_r1_7536307_11-89ffb37037,2026-05-07T18:48:00.17Z,72.464,1,77.19,345,0,0,,,,
powertraces-pt100array_pt019_r1_7536307_11-89ffb37037,2026-05-07T18:48:00.17Z,72.464,2,76.82,345,0,0,,,,
powertraces-pt100array_pt019_r1_7536307_11-89ffb37037,2026-05-07T18:48:00.17Z,72.464,3,77.91,345,0,0,,,,
powertraces-pt100array_pt019_r1_7536307_11-89ffb37037,2026-05-07T18:48:00.271Z,72.565,0,77.79,345,0,0,,,,
powertraces-pt100array_pt019_r1_7536307_11-89ffb37037,2026-05-07T18:48:00.271Z,72.565,1,77.15,345,0,0,,,,
powertraces-pt100array_pt019_r1_7536307_11-89ffb37037,2026-05-07T18:48:00.271Z,72.565,2,76.83,345,0,0,,,,
powertraces-pt100array_pt019_r1_7536307_11-89ffb37037,2026-05-07T18:48:00.271Z,72.565,3,77.91,345,0,0,,,,
powertraces-pt100array_pt019_r1_7536307_11-89ffb37037,2026-05-07T18:48:00.371Z,72.665,0,77.77,345,0,0,,,,
powertraces-pt100array_pt019_r1_7536307_11-89ffb37037,2026-05-07T18:48:00.371Z,72.665,1,77.16,345,0,0,,,,
powertraces-pt100array_pt019_r1_7536307_11-89ffb37037,2026-05-07T18:48:00.371Z,72.665,2,76.83,345,0,0,,,,
powertraces-pt100array_pt019_r1_7536307_11-89ffb37037,2026-05-07T18:48:00.371Z,72.665,3,77.91,345,0,0,,,,
powertraces-pt100array_pt019_r1_7536307_11-89ffb37037,2026-05-07T18:48:00.471Z,72.765,0,77.77,345,0,0,,,,
powertraces-pt100array_pt019_r1_7536307_11-89ffb37037,2026-05-07T18:48:00.471Z,72.765,1,77.19,345,0,0,,,,
powertraces-pt100array_pt019_r1_7536307_11-89ffb37037,2026-05-07T18:48:00.471Z,72.765,2,76.83,345,0,0,,,,
powertraces-pt100array_pt019_r1_7536307_11-89ffb37037,2026-05-07T18:48:00.471Z,72.765,3,77.91,345,0,0,,,,
powertraces-pt100array_pt019_r1_7536307_11-89ffb37037,2026-05-07T18:48:00.572Z,72.866,0,77.76,345,0,0,,,,
powertraces-pt100array_pt019_r1_7536307_11-89ffb37037,2026-05-07T18:48:00.572Z,72.866,1,77.22,345,0,0,,,,
powertraces-pt100array_pt019_r1_7536307_11-89ffb37037,2026-05-07T18:48:00.572Z,72.866,2,76.82,345,0,0,,,,
powertraces-pt100array_pt019_r1_7536307_11-89ffb37037,2026-05-07T18:48:00.572Z,72.866,3,77.9,345,0,0,,,,
powertraces-pt100array_pt019_r1_7536307_11-89ffb37037,2026-05-07T18:48:00.672Z,72.966,0,77.75,345,0,0,,,,
powertraces-pt100array_pt019_r1_7536307_11-89ffb37037,2026-05-07T18:48:00.672Z,72.966,1,77.17,345,0,0,,,,
powertraces-pt100array_pt019_r1_7536307_11-89ffb37037,2026-05-07T18:48:00.672Z,72.966,2,76.83,345,0,0,,,,
powertraces-pt100array_pt019_r1_7536307_11-89ffb37037,2026-05-07T18:48:00.672Z,72.966,3,77.88,345,0,0,,,,
powertraces-pt100array_pt019_r1_7536307_11-89ffb37037,2026-05-07T18:48:00.772Z,73.066,0,77.77,345,0,0,,,,
powertraces-pt100array_pt019_r1_7536307_11-89ffb37037,2026-05-07T18:48:00.772Z,73.066,1,77.13,345,0,0,,,,
powertraces-pt100array_pt019_r1_7536307_11-89ffb37037,2026-05-07T18:48:00.772Z,73.066,2,76.84,345,0,0,,,,
powertraces-pt100array_pt019_r1_7536307_11-89ffb37037,2026-05-07T18:48:00.772Z,73.066,3,77.86,345,0,0,,,,
powertraces-pt100array_pt019_r1_7536307_11-89ffb37037,2026-05-07T18:48:00.872Z,73.166,0,77.77,345,0,0,,,,
powertraces-pt100array_pt019_r1_7536307_11-89ffb37037,2026-05-07T18:48:00.872Z,73.166,1,77.18,345,0,0,,,,
powertraces-pt100array_pt019_r1_7536307_11-89ffb37037,2026-05-07T18:48:00.872Z,73.166,2,76.83,345,0,0,,,,
powertraces-pt100array_pt019_r1_7536307_11-89ffb37037,2026-05-07T18:48:00.872Z,73.166,3,77.86,345,0,0,,,,
powertraces-pt100array_pt019_r1_7536307_11-89ffb37037,2026-05-07T18:48:00.972Z,73.266,0,77.78,345,0,0,,,,
powertraces-pt100array_pt019_r1_7536307_11-89ffb37037,2026-05-07T18:48:00.972Z,73.266,1,77.18,345,0,0,,,,
powertraces-pt100array_pt019_r1_7536307_11-89ffb37037,2026-05-07T18:48:00.972Z,73.266,2,76.81,345,0,0,,,,
powertraces-pt100array_pt019_r1_7536307_11-89ffb37037,2026-05-07T18:48:00.972Z,73.266,3,77.86,345,0,0,,,,
powertraces-pt100array_pt019_r1_7536307_11-89ffb37037,2026-05-07T18:48:01.072Z,73.366,0,77.75,345,0,0,,,,
powertraces-pt100array_pt019_r1_7536307_11-89ffb37037,2026-05-07T18:48:01.073Z,73.367,1,77.19,345,0,0,,,,
powertraces-pt100array_pt019_r1_7536307_11-89ffb37037,2026-05-07T18:48:01.073Z,73.367,2,76.81,345,0,0,,,,
powertraces-pt100array_pt019_r1_7536307_11-89ffb37037,2026-05-07T18:48:01.073Z,73.367,3,77.87,345,0,0,,,,
powertraces-pt100array_pt019_r1_7536307_11-89ffb37037,2026-05-07T18:48:01.173Z,73.467,0,77.79,345,0,0,,,,
powertraces-pt100array_pt019_r1_7536307_11-89ffb37037,2026-05-07T18:48:01.173Z,73.467,1,77.16,345,0,0,,,,
powertraces-pt100array_pt019_r1_7536307_11-89ffb37037,2026-05-07T18:48:01.173Z,73.467,2,76.82,345,0,0,,,,
powertraces-pt100array_pt019_r1_7536307_11-89ffb37037,2026-05-07T18:48:01.173Z,73.467,3,77.87,345,0,0,,,,
powertraces-pt100array_pt019_r1_7536307_11-89ffb37037,2026-05-07T18:48:01.273Z,73.567,0,77.77,345,0,0,,,,
powertraces-pt100array_pt019_r1_7536307_11-89ffb37037,2026-05-07T18:48:01.273Z,73.567,1,77.17,345,0,0,,,,
powertraces-pt100array_pt019_r1_7536307_11-89ffb37037,2026-05-07T18:48:01.273Z,73.567,2,76.8,345,0,0,,,,
powertraces-pt100array_pt019_r1_7536307_11-89ffb37037,2026-05-07T18:48:01.273Z,73.567,3,77.89,345,0,0,,,,
powertraces-pt100array_pt019_r1_7536307_11-89ffb37037,2026-05-07T18:48:01.373Z,73.667,0,77.77,345,0,0,,,,
powertraces-pt100array_pt019_r1_7536307_11-89ffb37037,2026-05-07T18:48:01.373Z,73.667,1,77.2,345,0,0,,,,
powertraces-pt100array_pt019_r1_7536307_11-89ffb37037,2026-05-07T18:48:01.373Z,73.667,2,76.8,345,0,0,,,,
powertraces-pt100array_pt019_r1_7536307_11-89ffb37037,2026-05-07T18:48:01.373Z,73.667,3,77.87,345,0,0,,,,
powertraces-pt100array_pt019_r1_7536307_11-89ffb37037,2026-05-07T18:48:01.473Z,73.767,0,77.79,345,0,0,,,,
powertraces-pt100array_pt019_r1_7536307_11-89ffb37037,2026-05-07T18:48:01.473Z,73.767,1,77.18,345,0,0,,,,
powertraces-pt100array_pt019_r1_7536307_11-89ffb37037,2026-05-07T18:48:01.473Z,73.767,2,76.79,345,0,0,,,,
powertraces-pt100array_pt019_r1_7536307_11-89ffb37037,2026-05-07T18:48:01.473Z,73.767,3,77.89,345,0,0,,,,
powertraces-pt100array_pt019_r1_7536307_11-89ffb37037,2026-05-07T18:48:01.573Z,73.867,0,77.79,345,0,0,,,,
powertraces-pt100array_pt019_r1_7536307_11-89ffb37037,2026-05-07T18:48:01.574Z,73.868,1,77.14,345,0,0,,,,
powertraces-pt100array_pt019_r1_7536307_11-89ffb37037,2026-05-07T18:48:01.574Z,73.868,2,76.78,345,0,0,,,,
powertraces-pt100array_pt019_r1_7536307_11-89ffb37037,2026-05-07T18:48:01.574Z,73.868,3,77.88,345,0,0,,,,
powertraces-pt100array_pt019_r1_7536307_11-89ffb37037,2026-05-07T18:48:01.674Z,73.968,0,77.8,345,0,0,,,,
powertraces-pt100array_pt019_r1_7536307_11-89ffb37037,2026-05-07T18:48:01.674Z,73.968,1,77.14,345,0,0,,,,
powertraces-pt100array_pt019_r1_7536307_11-89ffb37037,2026-05-07T18:48:01.674Z,73.968,2,76.77,345,0,0,,,,
powertraces-pt100array_pt019_r1_7536307_11-89ffb37037,2026-05-07T18:48:01.674Z,73.968,3,77.88,345,0,0,,,,
powertraces-pt100array_pt019_r1_7536307_11-89ffb37037,2026-05-07T18:48:01.774Z,74.068,0,80.22,1980,0,0,,,,
powertraces-pt100array_pt019_r1_7536307_11-89ffb37037,2026-05-07T18:48:01.774Z,74.068,1,77.18,345,0,0,,,,
powertraces-pt100array_pt019_r1_7536307_11-89ffb37037,2026-05-07T18:48:01.774Z,74.068,2,76.78,345,0,0,,,,
powertraces-pt100array_pt019_r1_7536307_11-89ffb37037,2026-05-07T18:48:01.774Z,74.068,3,77.87,345,0,0,,,,
powertraces-pt100array_pt019_r1_7536307_11-89ffb37037,2026-05-07T18:48:01.874Z,74.168,0,84.11,1980,0,0,,,,
powertraces-pt100array_pt019_r1_7536307_11-89ffb37037,2026-05-07T18:48:01.874Z,74.168,1,77.71,1980,0,0,,,,
powertraces-pt100array_pt019_r1_7536307_11-89ffb37037,2026-05-07T18:48:01.874Z,74.168,2,76.8,345,0,0,,,,
powertraces-pt100array_pt019_r1_7536307_11-89ffb37037,2026-05-07T18:48:01.874Z,74.168,3,77.89,345,0,0,,,,
powertraces-pt100array_pt019_r1_7536307_11-89ffb37037,2026-05-07T18:48:01.974Z,74.268,0,88.07,1980,2,0,,,,
powertraces-pt100array_pt019_r1_7536307_11-89ffb37037,2026-05-07T18:48:01.974Z,74.268,1,81.68,1980,0,0,,,,
powertraces-pt100array_pt019_r1_7536307_11-89ffb37037,2026-05-07T18:48:01.975Z,74.269,2,76.79,345,0,0,,,,
powertraces-pt100array_pt019_r1_7536307_11-89ffb37037,2026-05-07T18:48:01.975Z,74.269,3,77.9,345,0,0,,,,
powertraces-pt100array_pt019_r1_7536307_11-89ffb37037,2026-05-07T18:48:02.075Z,74.369,0,91.65,1980,2,0,,,,
powertraces-pt100array_pt019_r1_7536307_11-89ffb37037,2026-05-07T18:48:02.075Z,74.369,1,85.35,1980,0,0,,,,
powertraces-pt100array_pt019_r1_7536307_11-89ffb37037,2026-05-07T18:48:02.075Z,74.369,2,76.8,345,0,0,,,,
powertraces-pt100array_pt019_r1_7536307_11-89ffb37037,2026-05-07T18:48:02.075Z,74.369,3,77.89,345,0,0,,,,
powertraces-pt100array_pt019_r1_7536307_11-89ffb37037,2026-05-07T18:48:02.175Z,74.469,0,95.43,1980,0,0,,,,
powertraces-pt100array_pt019_r1_7536307_11-89ffb37037,2026-05-07T18:48:02.175Z,74.469,1,89.24,1980,3,0,,,,
powertraces-pt100array_pt019_r1_7536307_11-89ffb37037,2026-05-07T18:48:02.175Z,74.469,2,80.69,1980,0,0,,,,
powertraces-pt100array_pt019_r1_7536307_11-89ffb37037,2026-05-07T18:48:02.175Z,74.469,3,77.91,345,0,0,,,,
powertraces-pt100array_pt019_r1_7536307_11-89ffb37037,2026-05-07T18:48:02.275Z,74.569,0,99.2,1980,0,0,,,,
powertraces-pt100array_pt019_r1_7536307_11-89ffb37037,2026-05-07T18:48:02.275Z,74.569,1,92.67,1980,3,0,,,,
powertraces-pt100array_pt019_r1_7536307_11-89ffb37037,2026-05-07T18:48:02.275Z,74.569,2,84.88,1980,0,0,,,,
powertraces-pt100array_pt019_r1_7536307_11-89ffb37037,2026-05-07T18:48:02.275Z,74.569,3,79.65,1980,0,0,,,,
powertraces-pt100array_pt019_r1_7536307_11-89ffb37037,2026-05-07T18:48:02.375Z,74.669,0,103.01,1980,0,0,,,,
powertraces-pt100array_pt019_r1_7536307_11-89ffb37037,2026-05-07T18:48:02.375Z,74.669,1,96.28,1980,0,0,,,,
powertraces-pt100array_pt019_r1_7536307_11-89ffb37037,2026-05-07T18:48:02.375Z,74.669,2,89.11,1980,0,0,,,,
powertraces-pt100array_pt019_r1_7536307_11-89ffb37037,2026-05-07T18:48:02.375Z,74.669,3,83.89,1980,0,0,,,,
powertraces-pt100array_pt019_r1_7536307_11-89ffb37037,2026-05-07T18:48:02.475Z,74.769,0,106.79,1980,0,0,,,,
powertraces-pt100array_pt019_r1_7536307_11-89ffb37037,2026-05-07T18:48:02.476Z,74.77,1,99.92,1980,0,0,,,,
powertraces-pt100array_pt019_r1_7536307_11-89ffb37037,2026-05-07T18:48:02.476Z,74.77,2,93.17,1980,0,0,,,,
powertraces-pt100array_pt019_r1_7536307_11-89ffb37037,2026-05-07T18:48:02.476Z,74.77,3,87.86,1980,3,0,,,,
powertraces-pt100array_pt019_r1_7536307_11-89ffb37037,2026-05-07T18:48:02.576Z,74.87,0,110.58,1980,0,0,,,,
powertraces-pt100array_pt019_r1_7536307_11-89ffb37037,2026-05-07T18:48:02.576Z,74.87,1,103.61,1980,0,0,,,,
powertraces-pt100array_pt019_r1_7536307_11-89ffb37037,2026-05-07T18:48:02.576Z,74.87,2,96.82,1980,0,0,,,,
powertraces-pt100array_pt019_r1_7536307_11-89ffb37037,2026-05-07T18:48:02.576Z,74.87,3,91.82,1980,3,0,,,,
powertraces-pt100array_pt019_r1_7536307_11-89ffb37037,2026-05-07T18:48:02.676Z,74.97,0,115.1,1980,0,0,,,,
powertraces-pt100array_pt019_r1_7536307_11-89ffb37037,2026-05-07T18:48:02.676Z,74.97,1,107.27,1980,0,0,,,,
powertraces-pt100array_pt019_r1_7536307_11-89ffb37037,2026-05-07T18:48:02.676Z,74.97,2,101.29,1980,0,0,,,,
powertraces-pt100array_pt019_r1_7536307_11-89ffb37037,2026-05-07T18:48:02.676Z,74.97,3,96.1,1980,0,0,,,,
powertraces-pt100array_pt019_r1_7536307_11-89ffb37037,2026-05-07T18:48:02.776Z,75.07,0,116.53,1980,0,0,,,,
powertraces-pt100array_pt019_r1_7536307_11-89ffb37037,2026-05-07T18:48:02.776Z,75.07,1,110.92,1980,0,0,,,,
powertraces-pt100array_pt019_r1_7536307_11-89ffb37037,2026-05-07T18:48:02.776Z,75.07,2,104.81,1980,0,0,,,,
powertraces-pt100array_pt019_r1_7536307_11-89ffb37037,2026-05-07T18:48:02.776Z,75.07,3,99.71,1980,0,0,,,,
powertraces-pt100array_pt019_r1_7536307_11-89ffb37037,2026-05-07T18:48:02.876Z,75.17,0,116.37,1980,0,0,,,,
powertraces-pt100array_pt019_r1_7536307_11-89ffb37037,2026-05-07T18:48:02.876Z,75.17,1,114.61,1980,0,0,,,,
powertraces-pt100array_pt019_r1_7536307_11-89ffb37037,2026-05-07T18:48:02.876Z,75.17,2,109.43,1980,0,0,,,,
powertraces-pt100array_pt019_r1_7536307_11-89ffb37037,2026-05-07T18:48:02.876Z,75.17,3,103.63,1980,0,0,,,,
powertraces-pt100array_pt019_r1_7536307_11-89ffb37037,2026-05-07T18:48:02.976Z,75.27,0,116.39,1980,0,0,,,,
powertraces-pt100array_pt019_r1_7536307_11-89ffb37037,2026-05-07T18:48:02.977Z,75.271,1,114.57,1980,0,0,,,,
powertraces-pt100array_pt019_r1_7536307_11-89ffb37037,2026-05-07T18:48:02.977Z,75.271,2,113.49,1980,0,0,,,,
powertraces-pt100array_pt019_r1_7536307_11-89ffb37037,2026-05-07T18:48:02.977Z,75.271,3,107.58,1980,0,0,,,,
powertraces-pt100array_pt019_r1_7536307_11-89ffb37037,2026-05-07T18:48:03.077Z,75.371,0,116.41,1980,0,0,,,,
powertraces-pt100array_pt019_r1_7536307_11-89ffb37037,2026-05-07T18:48:03.077Z,75.371,1,114.44,1980,0,0,,,,
powertraces-pt100array_pt019_r1_7536307_11-89ffb37037,2026-05-07T18:48:03.077Z,75.371,2,116.74,1980,0,0,,,,
powertraces-pt100array_pt019_r1_7536307_11-89ffb37037,2026-05-07T18:48:03.077Z,75.371,3,111.52,1980,0,0,,,,
powertraces-pt100array_pt019_r1_7536307_11-89ffb37037,2026-05-07T18:48:03.177Z,75.471,0,116.38,1980,0,0,,,,
powertraces-pt100array_pt019_r1_7536307_11-89ffb37037,2026-05-07T18:48:03.177Z,75.471,1,114.43,1980,0,0,,,,
powertraces-pt100array_pt019_r1_7536307_11-89ffb37037,2026-05-07T18:48:03.177Z,75.471,2,117.7,1980,0,0,,,,
powertraces-pt100array_pt019_r1_7536307_11-89ffb37037,2026-05-07T18:48:03.177Z,75.471,3,116.21,1980,0,0,,,,
powertraces-pt100array_pt019_r1_7536307_11-89ffb37037,2026-05-07T18:48:03.277Z,75.571,0,116.41,1980,0,0,,,,
powertraces-pt100array_pt019_r1_7536307_11-89ffb37037,2026-05-07T18:48:03.277Z,75.571,1,114.41,1980,0,0,,,,
powertraces-pt100array_pt019_r1_7536307_11-89ffb37037,2026-05-07T18:48:03.277Z,75.571,2,117.41,1980,0,0,,,,
powertraces-pt100array_pt019_r1_7536307_11-89ffb37037,2026-05-07T18:48:03.277Z,75.571,3,118.51,1980,0,0,,,,
powertraces-pt100array_pt019_r1_7536307_11-89ffb37037,2026-05-07T18:48:03.377Z,75.671,0,116.39,1980,0,0,,,,
powertraces-pt100array_pt019_r1_7536307_11-89ffb37037,2026-05-07T18:48:03.377Z,75.671,1,114.44,1980,0,0,,,,
powertraces-pt100array_pt019_r1_7536307_11-89ffb37037,2026-05-07T18:48:03.377Z,75.671,2,117.41,1980,0,0,,,,
powertraces-pt100array_pt019_r1_7536307_11-89ffb37037,2026-05-07T18:48:03.377Z,75.671,3,118.15,1980,0,0,,,,
powertraces-pt100array_pt019_r1_7536307_11-89ffb37037,2026-05-07T18:48:03.477Z,75.771,0,116.4,1980,0,0,,,,
powertraces-pt100array_pt019_r1_7536307_11-89ffb37037,2026-05-07T18:48:03.477Z,75.771,1,114.49,1980,0,0,,,,
powertraces-pt100array_pt019_r1_7536307_11-89ffb37037,2026-05-07T18:48:03.477Z,75.771,2,117.44,1980,0,0,,,,
powertraces-pt100array_pt019_r1_7536307_11-89ffb37037,2026-05-07T18:48:03.477Z,75.771,3,118.17,1980,0,0,,,,
powertraces-pt100array_pt019_r1_7536307_11-89ffb37037,2026-05-07T18:48:03.578Z,75.872,0,116.4,1980,0,0,,,,
powertraces-pt100array_pt019_r1_7536307_11-89ffb37037,2026-05-07T18:48:03.578Z,75.872,1,114.48,1980,0,0,,,,
powertraces-pt100array_pt019_r1_7536307_11-89ffb37037,2026-05-07T18:48:03.578Z,75.872,2,117.46,1980,0,0,,,,
powertraces-pt100array_pt019_r1_7536307_11-89ffb37037,2026-05-07T18:48:03.578Z,75.872,3,118.19,1980,0,0,,,,
powertraces-pt100array_pt019_r1_7536307_11-89ffb37037,2026-05-07T18:48:03.678Z,75.972,0,116.42,1980,0,0,,,,
powertraces-pt100array_pt019_r1_7536307_11-89ffb37037,2026-05-07T18:48:03.678Z,75.972,1,114.46,1980,0,0,,,,
powertraces-pt100array_pt019_r1_7536307_11-89ffb37037,2026-05-07T18:48:03.678Z,75.972,2,117.46,1980,0,0,,,,
powertraces-pt100array_pt019_r1_7536307_11-89ffb37037,2026-05-07T18:48:03.678Z,75.972,3,118.21,1980,0,0,,,,
powertraces-pt100array_pt019_r1_7536307_11-89ffb37037,2026-05-07T18:48:03.778Z,76.072,0,116.43,1980,0,0,,,,
powertraces-pt100array_pt019_r1_7536307_11-89ffb37037,2026-05-07T18:48:03.778Z,76.072,1,114.48,1980,0,0,,,,
powertraces-pt100array_pt019_r1_7536307_11-89ffb37037,2026-05-07T18:48:03.778Z,76.072,2,117.45,1980,0,0,,,,
powertraces-pt100array_pt019_r1_7536307_11-89ffb37037,2026-05-07T18:48:03.778Z,76.072,3,118.21,1980,0,0,,,,
powertraces-pt100array_pt019_r1_7536307_11-89ffb37037,2026-05-07T18:48:03.878Z,76.172,0,116.43,1980,0,0,,,,
powertraces-pt100array_pt019_r1_7536307_11-89ffb37037,2026-05-07T18:48:03.878Z,76.172,1,114.5,1980,0,0,,,,
powertraces-pt100array_pt019_r1_7536307_11-89ffb37037,2026-05-07T18:48:03.878Z,76.172,2,117.47,1980,0,0,,,,
powertraces-pt100array_pt019_r1_7536307_11-89ffb37037,2026-05-07T18:48:03.878Z,76.172,3,118.24,1980,0,0,,,,
powertraces-pt100array_pt019_r1_7536307_11-89ffb37037,2026-05-07T18:48:03.978Z,76.272,0,116.43,1980,0,0,,,,
powertraces-pt100array_pt019_r1_7536307_11-89ffb37037,2026-05-07T18:48:03.978Z,76.272,1,114.53,1980,0,0,,,,
powertraces-pt100array_pt019_r1_7536307_11-89ffb37037,2026-05-07T18:48:03.978Z,76.272,2,117.48,1980,0,0,,,,
powertraces-pt100array_pt019_r1_7536307_11-89ffb37037,2026-05-07T18:48:03.978Z,76.272,3,118.24,1980,0,0,,,,
powertraces-pt100array_pt019_r1_7536307_11-89ffb37037,2026-05-07T18:48:04.079Z,76.373,0,116.45,1980,0,0,,,,
powertraces-pt100array_pt019_r1_7536307_11-89ffb37037,2026-05-07T18:48:04.079Z,76.373,1,114.5,1980,0,0,,,,
powertraces-pt100array_pt019_r1_7536307_11-89ffb37037,2026-05-07T18:48:04.079Z,76.373,2,117.49,1980,0,0,,,,
powertraces-pt100array_pt019_r1_7536307_11-89ffb37037,2026-05-07T18:48:04.079Z,76.373,3,118.28,1980,0,0,,,,
powertraces-pt100array_pt019_r1_7536307_11-89ffb37037,2026-05-07T18:48:04.179Z,76.473,0,116.45,1980,0,0,,,,
powertraces-pt100array_pt019_r1_7536307_11-89ffb37037,2026-05-07T18:48:04.179Z,76.473,1,114.51,1980,0,0,,,,
powertraces-pt100array_pt019_r1_7536307_11-89ffb37037,2026-05-07T18:48:04.179Z,76.473,2,117.48,1980,0,0,,,,
powertraces-pt100array_pt019_r1_7536307_11-89ffb37037,2026-05-07T18:48:04.179Z,76.473,3,118.27,1980,0,0,,,,
powertraces-pt100array_pt019_r1_7536307_11-89ffb37037,2026-05-07T18:48:04.279Z,76.573,0,116.46,1980,0,0,,,,
powertraces-pt100array_pt019_r1_7536307_11-89ffb37037,2026-05-07T18:48:04.279Z,76.573,1,114.52,1980,0,0,,,,
powertraces-pt100array_pt019_r1_7536307_11-89ffb37037,2026-05-07T18:48:04.279Z,76.573,2,117.48,1980,0,0,,,,
powertraces-pt100array_pt019_r1_7536307_11-89ffb37037,2026-05-07T18:48:04.279Z,76.573,3,118.28,1980,0,0,,,,
powertraces-pt100array_pt019_r1_7536307_11-89ffb37037,2026-05-07T18:48:04.379Z,76.673,0,116.46,1980,0,0,,,,
powertraces-pt100array_pt019_r1_7536307_11-89ffb37037,2026-05-07T18:48:04.379Z,76.673,1,114.52,1980,0,0,,,,
powertraces-pt100array_pt019_r1_7536307_11-89ffb37037,2026-05-07T18:48:04.379Z,76.673,2,117.46,1980,0,0,,,,
powertraces-pt100array_pt019_r1_7536307_11-89ffb37037,2026-05-07T18:48:04.379Z,76.673,3,118.27,1980,0,0,,,,
powertraces-pt100array_pt019_r1_7536307_11-89ffb37037,2026-05-07T18:48:04.479Z,76.773,0,116.44,1980,0,0,,,,
powertraces-pt100array_pt019_r1_7536307_11-89ffb37037,2026-05-07T18:48:04.479Z,76.773,1,114.51,1980,0,0,,,,
powertraces-pt100array_pt019_r1_7536307_11-89ffb37037,2026-05-07T18:48:04.479Z,76.773,2,117.44,1980,0,0,,,,
powertraces-pt100array_pt019_r1_7536307_11-89ffb37037,2026-05-07T18:48:04.479Z,76.773,3,118.26,1980,0,0,,,,
powertraces-pt100array_pt019_r1_7536307_11-89ffb37037,2026-05-07T18:48:04.58Z,76.874,0,116.44,1980,0,0,,,,
powertraces-pt100array_pt019_r1_7536307_11-89ffb37037,2026-05-07T18:48:04.58Z,76.874,1,114.47,1980,0,0,,,,
powertraces-pt100array_pt019_r1_7536307_11-89ffb37037,2026-05-07T18:48:04.58Z,76.874,2,117.46,1980,0,0,,,,
powertraces-pt100array_pt019_r1_7536307_11-89ffb37037,2026-05-07T18:48:04.58Z,76.874,3,118.23,1980,0,0,,,,
powertraces-pt100array_pt019_r1_7536307_11-89ffb37037,2026-05-07T18:48:04.68Z,76.974,0,116.44,1980,0,0,,,,
powertraces-pt100array_pt019_r1_7536307_11-89ffb37037,2026-05-07T18:48:04.68Z,76.974,1,114.5,1980,0,0,,,,
powertraces-pt100array_pt019_r1_7536307_11-89ffb37037,2026-05-07T18:48:04.68Z,76.974,2,117.46,1980,0,0,,,,
powertraces-pt100array_pt019_r1_7536307_11-89ffb37037,2026-05-07T18:48:04.68Z,76.974,3,118.24,1980,0,0,,,,
powertraces-pt100array_pt019_r1_7536307_11-89ffb37037,2026-05-07T18:48:04.78Z,77.074,0,116.44,1980,0,0,,,,
powertraces-pt100array_pt019_r1_7536307_11-89ffb37037,2026-05-07T18:48:04.78Z,77.074,1,114.51,1980,0,0,,,,
powertraces-pt100array_pt019_r1_7536307_11-89ffb37037,2026-05-07T18:48:04.78Z,77.074,2,117.48,1980,0,0,,,,
powertraces-pt100array_pt019_r1_7536307_11-89ffb37037,2026-05-07T18:48:04.78Z,77.074,3,118.31,1980,0,0,,,,
powertraces-pt100array_pt019_r1_7536307_11-89ffb37037,2026-05-07T18:48:04.881Z,77.175,0,116.47,1980,0,0,,,,
powertraces-pt100array_pt019_r1_7536307_11-89ffb37037,2026-05-07T18:48:04.881Z,77.175,1,114.5,1980,0,0,,,,
powertraces-pt100array_pt019_r1_7536307_11-89ffb37037,2026-05-07T18:48:04.881Z,77.175,2,117.5,1980,0,0,,,,
powertraces-pt100array_pt019_r1_7536307_11-89ffb37037,2026-05-07T18:48:04.881Z,77.175,3,118.35,1980,2,0,,,,
powertraces-pt100array_pt019_r1_7536307_11-89ffb37037,2026-05-07T18:48:04.981Z,77.275,0,116.48,1980,0,0,,,,
powertraces-pt100array_pt019_r1_7536307_11-89ffb37037,2026-05-07T18:48:04.981Z,77.275,1,114.46,1980,0,0,,,,
powertraces-pt100array_pt019_r1_7536307_11-89ffb37037,2026-05-07T18:48:04.981Z,77.275,2,117.51,1980,0,0,,,,
powertraces-pt100array_pt019_r1_7536307_11-89ffb37037,2026-05-07T18:48:04.981Z,77.275,3,118.4,1980,2,0,,,,
powertraces-pt100array_pt019_r1_7536307_11-89ffb37037,2026-05-07T18:48:05.081Z,77.375,0,116.52,1980,0,0,,,,
powertraces-pt100array_pt019_r1_7536307_11-89ffb37037,2026-05-07T18:48:05.081Z,77.375,1,114.51,1980,0,0,,,,
powertraces-pt100array_pt019_r1_7536307_11-89ffb37037,2026-05-07T18:48:05.081Z,77.375,2,117.52,1980,0,0,,,,
powertraces-pt100array_pt019_r1_7536307_11-89ffb37037,2026-05-07T18:48:05.081Z,77.375,3,118.42,1980,1,0,,,,
powertraces-pt100array_pt019_r1_7536307_11-89ffb37037,2026-05-07T18:48:05.181Z,77.475,0,116.56,1980,1,0,,,,
powertraces-pt100array_pt019_r1_7536307_11-89ffb37037,2026-05-07T18:48:05.182Z,77.476,1,114.51,1980,0,0,,,,
powertraces-pt100array_pt019_r1_7536307_11-89ffb37037,2026-05-07T18:48:05.182Z,77.476,2,117.53,1980,0,0,,,,
powertraces-pt100array_pt019_r1_7536307_11-89ffb37037,2026-05-07T18:48:05.182Z,77.476,3,118.48,1980,1,0,,,,
powertraces-pt100array_pt019_r1_7536307_11-89ffb37037,2026-05-07T18:48:05.282Z,77.576,0,116.61,1980,1,0,,,,
powertraces-pt100array_pt019_r1_7536307_11-89ffb37037,2026-05-07T18:48:05.282Z,77.576,1,114.5,1980,0,0,,,,
powertraces-pt100array_pt019_r1_7536307_11-89ffb37037,2026-05-07T18:48:05.282Z,77.576,2,117.54,1980,0,0,,,,
powertraces-pt100array_pt019_r1_7536307_11-89ffb37037,2026-05-07T18:48:05.282Z,77.576,3,118.52,1980,1,0,,,,
powertraces-pt100array_pt019_r1_7536307_11-89ffb37037,2026-05-07T18:48:05.382Z,77.676,0,116.64,1980,1,0,,,,
powertraces-pt100array_pt019_r1_7536307_11-89ffb37037,2026-05-07T18:48:05.382Z,77.676,1,114.47,1980,0,0,,,,
powertraces-pt100array_pt019_r1_7536307_11-89ffb37037,2026-05-07T18:48:05.382Z,77.676,2,117.56,1980,0,0,,,,
powertraces-pt100array_pt019_r1_7536307_11-89ffb37037,2026-05-07T18:48:05.382Z,77.676,3,118.58,1980,1,0,,,,
powertraces-pt100array_pt019_r1_7536307_11-89ffb37037,2026-05-07T18:48:05.482Z,77.776,0,116.69,1980,1,0,,,,
powertraces-pt100array_pt019_r1_7536307_11-89ffb37037,2026-05-07T18:48:05.482Z,77.776,1,114.47,1980,0,0,,,,
powertraces-pt100array_pt019_r1_7536307_11-89ffb37037,2026-05-07T18:48:05.482Z,77.776,2,117.58,1980,0,0,,,,
powertraces-pt100array_pt019_r1_7536307_11-89ffb37037,2026-05-07T18:48:05.482Z,77.776,3,118.61,1980,1,0,,,,
powertraces-pt100array_pt019_r1_7536307_11-89ffb37037,2026-05-07T18:48:05.583Z,77.877,0,116.72,1980,1,0,,,,
powertraces-pt100array_pt019_r1_7536307_11-89ffb37037,2026-05-07T18:48:05.583Z,77.877,1,114.49,1980,0,0,,,,
powertraces-pt100array_pt019_r1_7536307_11-89ffb37037,2026-05-07T18:48:05.583Z,77.877,2,117.6,1980,0,0,,,,
powertraces-pt100array_pt019_r1_7536307_11-89ffb37037,2026-05-07T18:48:05.583Z,77.877,3,118.64,1980,1,0,,,,
powertraces-pt100array_pt019_r1_7536307_11-89ffb37037,2026-05-07T18:48:05.683Z,77.977,0,116.74,1980,1,0,,,,
powertraces-pt100array_pt019_r1_7536307_11-89ffb37037,2026-05-07T18:48:05.683Z,77.977,1,114.51,1980,0,0,,,,
powertraces-pt100array_pt019_r1_7536307_11-89ffb37037,2026-05-07T18:48:05.683Z,77.977,2,117.6,1980,0,0,,,,
powertraces-pt100array_pt019_r1_7536307_11-89ffb37037,2026-05-07T18:48:05.683Z,77.977,3,118.65,1980,2,0,,,,
powertraces-pt100array_pt019_r1_7536307_11-89ffb37037,2026-05-07T18:48:05.783Z,78.077,0,116.76,1980,1,0,,,,
powertraces-pt100array_pt019_r1_7536307_11-89ffb37037,2026-05-07T18:48:05.783Z,78.077,1,114.48,1980,0,0,,,,
powertraces-pt100array_pt019_r1_7536307_11-89ffb37037,2026-05-07T18:48:05.783Z,78.077,2,117.62,1980,0,0,,,,
powertraces-pt100array_pt019_r1_7536307_11-89ffb37037,2026-05-07T18:48:05.783Z,78.077,3,118.65,1980,2,0,,,,
powertraces-pt100array_pt019_r1_7536307_11-89ffb37037,2026-05-07T18:48:05.884Z,78.178,0,116.75,1980,1,0,,,,
powertraces-pt100array_pt019_r1_7536307_11-89ffb37037,2026-05-07T18:48:05.884Z,78.178,1,114.46,1980,0,0,,,,
powertraces-pt100array_pt019_r1_7536307_11-89ffb37037,2026-05-07T18:48:05.884Z,78.178,2,117.61,1980,0,0,,,,
powertraces-pt100array_pt019_r1_7536307_11-89ffb37037,2026-05-07T18:48:05.884Z,78.178,3,118.61,1980,2,0,,,,
powertraces-pt100array_pt019_r1_7536307_11-89ffb37037,2026-05-07T18:48:05.984Z,78.278,0,116.77,1980,1,0,,,,
powertraces-pt100array_pt019_r1_7536307_11-89ffb37037,2026-05-07T18:48:05.984Z,78.278,1,114.5,1980,0,0,,,,
powertraces-pt100array_pt019_r1_7536307_11-89ffb37037,2026-05-07T18:48:05.984Z,78.278,2,117.6,1980,0,0,,,,
powertraces-pt100array_pt019_r1_7536307_11-89ffb37037,2026-05-07T18:48:05.984Z,78.278,3,118.57,1980,2,0,,,,
powertraces-pt100array_pt019_r1_7536307_11-89ffb37037,2026-05-07T18:48:06.084Z,78.378,0,116.76,1980,1,0,,,,
powertraces-pt100array_pt019_r1_7536307_11-89ffb37037,2026-05-07T18:48:06.084Z,78.378,1,114.52,1980,0,0,,,,
powertraces-pt100array_pt019_r1_7536307_11-89ffb37037,2026-05-07T18:48:06.084Z,78.378,2,117.61,1980,0,0,,,,
powertraces-pt100array_pt019_r1_7536307_11-89ffb37037,2026-05-07T18:48:06.084Z,78.378,3,118.57,1980,0,0,,,,
powertraces-pt100array_pt019_r1_7536307_11-89ffb37037,2026-05-07T18:48:06.184Z,78.478,0,116.75,1980,1,0,,,,
powertraces-pt100array_pt019_r1_7536307_11-89ffb37037,2026-05-07T18:48:06.184Z,78.478,1,114.48,1980,0,0,,,,
powertraces-pt100array_pt019_r1_7536307_11-89ffb37037,2026-05-07T18:48:06.184Z,78.478,2,117.62,1980,0,0,,,,
powertraces-pt100array_pt019_r1_7536307_11-89ffb37037,2026-05-07T18:48:06.184Z,78.478,3,118.52,1980,0,0,,,,
powertraces-pt100array_pt019_r1_7536307_11-89ffb37037,2026-05-07T18:48:06.284Z,78.578,0,116.73,1980,1,0,,,,
powertraces-pt100array_pt019_r1_7536307_11-89ffb37037,2026-05-07T18:48:06.285Z,78.579,1,114.46,1980,0,0,,,,
powertraces-pt100array_pt019_r1_7536307_11-89ffb37037,2026-05-07T18:48:06.285Z,78.579,2,117.6,1980,0,0,,,,
powertraces-pt100array_pt019_r1_7536307_11-89ffb37037,2026-05-07T18:48:06.285Z,78.579,3,118.5,1980,0,0,,,,
powertraces-pt100array_pt019_r1_7536307_11-89ffb37037,2026-05-07T18:48:06.385Z,78.679,0,116.73,1980,1,0,,,,
powertraces-pt100array_pt019_r1_7536307_11-89ffb37037,2026-05-07T18:48:06.385Z,78.679,1,114.5,1980,0,0,,,,
powertraces-pt100array_pt019_r1_7536307_11-89ffb37037,2026-05-07T18:48:06.385Z,78.679,2,117.59,1980,0,0,,,,
powertraces-pt100array_pt019_r1_7536307_11-89ffb37037,2026-05-07T18:48:06.385Z,78.679,3,118.45,1980,0,0,,,,
powertraces-pt100array_pt019_r1_7536307_11-89ffb37037,2026-05-07T18:48:06.485Z,78.779,0,116.74,1980,1,0,,,,
powertraces-pt100array_pt019_r1_7536307_11-89ffb37037,2026-05-07T18:48:06.485Z,78.779,1,114.51,1980,0,0,,,,
powertraces-pt100array_pt019_r1_7536307_11-89ffb37037,2026-05-07T18:48:06.485Z,78.779,2,117.59,1980,0,0,,,,
powertraces-pt100array_pt019_r1_7536307_11-89ffb37037,2026-05-07T18:48:06.485Z,78.779,3,118.45,1980,0,0,,,,
powertraces-pt100array_pt019_r1_7536307_11-89ffb37037,2026-05-07T18:48:06.585Z,78.879,0,116.74,1980,1,0,,,,
powertraces-pt100array_pt019_r1_7536307_11-89ffb37037,2026-05-07T18:48:06.585Z,78.879,1,114.52,1980,0,0,,,,
powertraces-pt100array_pt019_r1_7536307_11-89ffb37037,2026-05-07T18:48:06.585Z,78.879,2,117.55,1980,0,0,,,,
powertraces-pt100array_pt019_r1_7536307_11-89ffb37037,2026-05-07T18:48:06.585Z,78.879,3,118.43,1980,0,0,,,,
powertraces-pt100array_pt019_r1_7536307_11-89ffb37037,2026-05-07T18:48:06.685Z,78.979,0,116.73,1980,1,0,,,,
powertraces-pt100array_pt019_r1_7536307_11-89ffb37037,2026-05-07T18:48:06.686Z,78.98,1,114.48,1980,0,0,,,,
powertraces-pt100array_pt019_r1_7536307_11-89ffb37037,2026-05-07T18:48:06.686Z,78.98,2,117.56,1980,0,0,,,,
powertraces-pt100array_pt019_r1_7536307_11-89ffb37037,2026-05-07T18:48:06.686Z,78.98,3,118.36,1980,0,0,,,,
powertraces-pt100array_pt019_r1_7536307_11-89ffb37037,2026-05-07T18:48:06.786Z,79.08,0,116.73,1980,1,0,,,,
powertraces-pt100array_pt019_r1_7536307_11-89ffb37037,2026-05-07T18:48:06.786Z,79.08,1,114.51,1980,0,0,,,,
powertraces-pt100array_pt019_r1_7536307_11-89ffb37037,2026-05-07T18:48:06.786Z,79.08,2,117.54,1980,0,0,,,,
powertraces-pt100array_pt019_r1_7536307_11-89ffb37037,2026-05-07T18:48:06.786Z,79.08,3,118.32,1980,0,0,,,,
powertraces-pt100array_pt019_r1_7536307_11-89ffb37037,2026-05-07T18:48:06.886Z,79.18,0,116.74,1980,1,0,,,,
powertraces-pt100array_pt019_r1_7536307_11-89ffb37037,2026-05-07T18:48:06.886Z,79.18,1,114.54,1980,0,0,,,,
powertraces-pt100array_pt019_r1_7536307_11-89ffb37037,2026-05-07T18:48:06.886Z,79.18,2,117.54,1980,0,0,,,,
powertraces-pt100array_pt019_r1_7536307_11-89ffb37037,2026-05-07T18:48:06.886Z,79.18,3,118.29,1980,0,0,,,,
powertraces-pt100array_pt019_r1_7536307_11-89ffb37037,2026-05-07T18:48:06.986Z,79.28,0,116.73,1980,1,0,,,,
powertraces-pt100array_pt019_r1_7536307_11-89ffb37037,2026-05-07T18:48:06.986Z,79.28,1,114.53,1980,0,0,,,,
powertraces-pt100array_pt019_r1_7536307_11-89ffb37037,2026-05-07T18:48:06.986Z,79.28,2,117.56,1980,0,0,,,,
powertraces-pt100array_pt019_r1_7536307_11-89ffb37037,2026-05-07T18:48:06.986Z,79.28,3,118.27,1980,0,0,,,,
powertraces-pt100array_pt019_r1_7536307_11-89ffb37037,2026-05-07T18:48:07.086Z,79.38,0,116.72,1980,1,0,,,,
powertraces-pt100array_pt019_r1_7536307_11-89ffb37037,2026-05-07T18:48:07.086Z,79.38,1,114.49,1980,0,0,,,,
powertraces-pt100array_pt019_r1_7536307_11-89ffb37037,2026-05-07T18:48:07.087Z,79.381,2,117.54,1980,0,0,,,,
powertraces-pt100array_pt019_r1_7536307_11-89ffb37037,2026-05-07T18:48:07.087Z,79.381,3,118.24,1980,0,0,,,,
powertraces-pt100array_pt019_r1_7536307_11-89ffb37037,2026-05-07T18:48:07.187Z,79.481,0,116.72,1980,1,0,,,,
powertraces-pt100array_pt019_r1_7536307_11-89ffb37037,2026-05-07T18:48:07.187Z,79.481,1,114.51,1980,0,0,,,,
powertraces-pt100array_pt019_r1_7536307_11-89ffb37037,2026-05-07T18:48:07.187Z,79.481,2,117.56,1980,0,0,,,,
powertraces-pt100array_pt019_r1_7536307_11-89ffb37037,2026-05-07T18:48:07.187Z,79.481,3,118.24,1980,0,0,,,,
powertraces-pt100array_pt019_r1_7536307_11-89ffb37037,2026-05-07T18:48:07.287Z,79.581,0,116.71,1980,1,0,,,,
powertraces-pt100array_pt019_r1_7536307_11-89ffb37037,2026-05-07T18:48:07.287Z,79.581,1,114.53,1980,0,0,,,,
powertraces-pt100array_pt019_r1_7536307_11-89ffb37037,2026-05-07T18:48:07.287Z,79.581,2,117.57,1980,0,0,,,,
powertraces-pt100array_pt019_r1_7536307_11-89ffb37037,2026-05-07T18:48:07.287Z,79.581,3,118.25,1980,0,0,,,,
powertraces-pt100array_pt019_r1_7536307_11-89ffb37037,2026-05-07T18:48:07.387Z,79.681,0,116.71,1980,1,0,,,,
powertraces-pt100array_pt019_r1_7536307_11-89ffb37037,2026-05-07T18:48:07.387Z,79.681,1,114.53,1980,0,0,,,,
powertraces-pt100array_pt019_r1_7536307_11-89ffb37037,2026-05-07T18:48:07.387Z,79.681,2,117.53,1980,0,0,,,,
powertraces-pt100array_pt019_r1_7536307_11-89ffb37037,2026-05-07T18:48:07.387Z,79.681,3,118.26,1980,0,0,,,,
powertraces-pt100array_pt019_r1_7536307_11-89ffb37037,2026-05-07T18:48:07.487Z,79.781,0,116.73,1980,1,0,,,,
powertraces-pt100array_pt019_r1_7536307_11-89ffb37037,2026-05-07T18:48:07.487Z,79.781,1,114.5,1980,0,0,,,,
powertraces-pt100array_pt019_r1_7536307_11-89ffb37037,2026-05-07T18:48:07.487Z,79.781,2,117.49,1980,0,0,,,,
powertraces-pt100array_pt019_r1_7536307_11-89ffb37037,2026-05-07T18:48:07.487Z,79.781,3,118.26,1980,0,0,,,,
powertraces-pt100array_pt019_r1_7536307_11-89ffb37037,2026-05-07T18:48:07.587Z,79.881,0,116.73,1980,0,0,,,,
powertraces-pt100array_pt019_r1_7536307_11-89ffb37037,2026-05-07T18:48:07.588Z,79.882,1,114.5,1980,0,0,,,,
powertraces-pt100array_pt019_r1_7536307_11-89ffb37037,2026-05-07T18:48:07.588Z,79.882,2,117.48,1980,0,0,,,,
powertraces-pt100array_pt019_r1_7536307_11-89ffb37037,2026-05-07T18:48:07.588Z,79.882,3,118.25,1980,0,0,,,,
powertraces-pt100array_pt019_r1_7536307_11-89ffb37037,2026-05-07T18:48:07.688Z,79.982,0,116.72,1980,0,0,,,,
powertraces-pt100array_pt019_r1_7536307_11-89ffb37037,2026-05-07T18:48:07.688Z,79.982,1,114.51,1980,0,0,,,,
powertraces-pt100array_pt019_r1_7536307_11-89ffb37037,2026-05-07T18:48:07.688Z,79.982,2,117.49,1980,0,0,,,,
powertraces-pt100array_pt019_r1_7536307_11-89ffb37037,2026-05-07T18:48:07.688Z,79.982,3,118.32,1980,0,0,,,,
powertraces-pt100array_pt019_r1_7536307_11-89ffb37037,2026-05-07T18:48:07.788Z,80.082,0,116.7,1980,0,0,,,,
powertraces-pt100array_pt019_r1_7536307_11-89ffb37037,2026-05-07T18:48:07.788Z,80.082,1,114.55,1980,0,0,,,,
powertraces-pt100array_pt019_r1_7536307_11-89ffb37037,2026-05-07T18:48:07.788Z,80.082,2,117.48,1980,0,0,,,,
powertraces-pt100array_pt019_r1_7536307_11-89ffb37037,2026-05-07T18:48:07.788Z,80.082,3,118.31,1980,0,0,,,,
powertraces-pt100array_pt019_r1_7536307_11-89ffb37037,2026-05-07T18:48:07.888Z,80.182,0,116.71,1980,0,0,,,,
powertraces-pt100array_pt019_r1_7536307_11-89ffb37037,2026-05-07T18:48:07.888Z,80.182,1,114.51,1980,0,0,,,,
powertraces-pt100array_pt019_r1_7536307_11-89ffb37037,2026-05-07T18:48:07.888Z,80.182,2,117.46,1980,0,0,,,,
powertraces-pt100array_pt019_r1_7536307_11-89ffb37037,2026-05-07T18:48:07.888Z,80.182,3,118.3,1980,0,0,,,,
powertraces-pt100array_pt019_r1_7536307_11-89ffb37037,2026-05-07T18:48:07.988Z,80.282,0,116.71,1980,0,0,,,,
powertraces-pt100array_pt019_r1_7536307_11-89ffb37037,2026-05-07T18:48:07.988Z,80.282,1,114.49,1980,0,0,,,,
powertraces-pt100array_pt019_r1_7536307_11-89ffb37037,2026-05-07T18:48:07.988Z,80.282,2,117.44,1980,0,0,,,,
powertraces-pt100array_pt019_r1_7536307_11-89ffb37037,2026-05-07T18:48:07.988Z,80.282,3,118.3,1980,0,0,,,,
powertraces-pt100array_pt019_r1_7536307_11-89ffb37037,2026-05-07T18:48:08.088Z,80.382,0,116.69,1980,0,0,,,,
powertraces-pt100array_pt019_r1_7536307_11-89ffb37037,2026-05-07T18:48:08.089Z,80.383,1,114.52,1980,0,0,,,,
powertraces-pt100array_pt019_r1_7536307_11-89ffb37037,2026-05-07T18:48:08.089Z,80.383,2,117.43,1980,0,0,,,,
powertraces-pt100array_pt019_r1_7536307_11-89ffb37037,2026-05-07T18:48:08.089Z,80.383,3,118.28,1980,0,0,,,,
powertraces-pt100array_pt019_r1_7536307_11-89ffb37037,2026-05-07T18:48:08.189Z,80.483,0,116.72,1980,1,0,,,,
powertraces-pt100array_pt019_r1_7536307_11-89ffb37037,2026-05-07T18:48:08.189Z,80.483,1,114.58,1980,0,0,,,,
powertraces-pt100array_pt019_r1_7536307_11-89ffb37037,2026-05-07T18:48:08.189Z,80.483,2,117.42,1980,0,0,,,,
powertraces-pt100array_pt019_r1_7536307_11-89ffb37037,2026-05-07T18:48:08.189Z,80.483,3,118.28,1980,0,0,,,,
powertraces-pt100array_pt019_r1_7536307_11-89ffb37037,2026-05-07T18:48:08.289Z,80.583,0,116.71,1980,1,0,,,,
powertraces-pt100array_pt019_r1_7536307_11-89ffb37037,2026-05-07T18:48:08.289Z,80.583,1,114.56,1980,0,0,,,,
powertraces-pt100array_pt019_r1_7536307_11-89ffb37037,2026-05-07T18:48:08.289Z,80.583,2,117.41,1980,0,0,,,,
powertraces-pt100array_pt019_r1_7536307_11-89ffb37037,2026-05-07T18:48:08.289Z,80.583,3,118.24,1980,0,0,,,,
powertraces-pt100array_pt019_r1_7536307_11-89ffb37037,2026-05-07T18:48:08.389Z,80.683,0,116.7,1980,1,0,,,,
powertraces-pt100array_pt019_r1_7536307_11-89ffb37037,2026-05-07T18:48:08.389Z,80.683,1,114.52,1980,0,0,,,,
powertraces-pt100array_pt019_r1_7536307_11-89ffb37037,2026-05-07T18:48:08.389Z,80.683,2,117.43,1980,0,0,,,,
powertraces-pt100array_pt019_r1_7536307_11-89ffb37037,2026-05-07T18:48:08.389Z,80.683,3,118.24,1980,0,0,,,,
powertraces-pt100array_pt019_r1_7536307_11-89ffb37037,2026-05-07T18:48:08.489Z,80.783,0,116.7,1980,1,0,,,,
powertraces-pt100array_pt019_r1_7536307_11-89ffb37037,2026-05-07T18:48:08.489Z,80.783,1,114.56,1980,0,0,,,,
powertraces-pt100array_pt019_r1_7536307_11-89ffb37037,2026-05-07T18:48:08.489Z,80.783,2,117.44,1980,0,0,,,,
powertraces-pt100array_pt019_r1_7536307_11-89ffb37037,2026-05-07T18:48:08.489Z,80.783,3,118.26,1980,0,0,,,,
powertraces-pt100array_pt019_r1_7536307_11-89ffb37037,2026-05-07T18:48:08.59Z,80.884,0,116.71,1980,1,0,,,,
powertraces-pt100array_pt019_r1_7536307_11-89ffb37037,2026-05-07T18:48:08.59Z,80.884,1,114.59,1980,0,0,,,,
powertraces-pt100array_pt019_r1_7536307_11-89ffb37037,2026-05-07T18:48:08.59Z,80.884,2,117.49,1980,0,0,,,,
powertraces-pt100array_pt019_r1_7536307_11-89ffb37037,2026-05-07T18:48:08.59Z,80.884,3,118.26,1980,0,0,,,,
powertraces-pt100array_pt019_r1_7536307_11-89ffb37037,2026-05-07T18:48:08.69Z,80.984,0,116.71,1980,1,0,,,,
powertraces-pt100array_pt019_r1_7536307_11-89ffb37037,2026-05-07T18:48:08.69Z,80.984,1,114.56,1980,0,0,,,,
powertraces-pt100array_pt019_r1_7536307_11-89ffb37037,2026-05-07T18:48:08.69Z,80.984,2,117.5,1980,0,0,,,,
powertraces-pt100array_pt019_r1_7536307_11-89ffb37037,2026-05-07T18:48:08.69Z,80.984,3,118.23,1980,0,0,,,,
powertraces-pt100array_pt019_r1_7536307_11-89ffb37037,2026-05-07T18:48:08.79Z,81.084,0,116.72,1980,1,0,,,,
powertraces-pt100array_pt019_r1_7536307_11-89ffb37037,2026-05-07T18:48:08.79Z,81.084,1,114.55,1980,0,0,,,,
powertraces-pt100array_pt019_r1_7536307_11-89ffb37037,2026-05-07T18:48:08.79Z,81.084,2,117.52,1980,0,0,,,,
powertraces-pt100array_pt019_r1_7536307_11-89ffb37037,2026-05-07T18:48:08.79Z,81.084,3,118.26,1980,0,0,,,,
powertraces-pt100array_pt019_r1_7536307_11-89ffb37037,2026-05-07T18:48:08.89Z,81.184,0,116.71,1980,0,0,,,,
powertraces-pt100array_pt019_r1_7536307_11-89ffb37037,2026-05-07T18:48:08.89Z,81.184,1,114.58,1980,0,0,,,,
powertraces-pt100array_pt019_r1_7536307_11-89ffb37037,2026-05-07T18:48:08.89Z,81.184,2,117.54,1980,0,0,,,,
powertraces-pt100array_pt019_r1_7536307_11-89ffb37037,2026-05-07T18:48:08.89Z,81.184,3,118.27,1980,0,0,,,,
powertraces-pt100array_pt019_r1_7536307_11-89ffb37037,2026-05-07T18:48:08.99Z,81.284,0,116.75,1980,0,0,,,,
powertraces-pt100array_pt019_r1_7536307_11-89ffb37037,2026-05-07T18:48:08.99Z,81.284,1,114.62,1980,0,0,,,,
powertraces-pt100array_pt019_r1_7536307_11-89ffb37037,2026-05-07T18:48:08.99Z,81.284,2,117.54,1980,0,0,,,,
powertraces-pt100array_pt019_r1_7536307_11-89ffb37037,2026-05-07T18:48:08.99Z,81.284,3,118.27,1980,0,0,,,,
powertraces-pt100array_pt019_r1_7536307_11-89ffb37037,2026-05-07T18:48:09.091Z,81.385,0,116.75,1980,1,0,,,,
powertraces-pt100array_pt019_r1_7536307_11-89ffb37037,2026-05-07T18:48:09.091Z,81.385,1,114.61,1980,0,0,,,,
powertraces-pt100array_pt019_r1_7536307_11-89ffb37037,2026-05-07T18:48:09.091Z,81.385,2,117.54,1980,0,0,,,,
powertraces-pt100array_pt019_r1_7536307_11-89ffb37037,2026-05-07T18:48:09.091Z,81.385,3,118.3,1980,0,0,,,,
powertraces-pt100array_pt019_r1_7536307_11-89ffb37037,2026-05-07T18:48:09.191Z,81.485,0,116.73,1980,1,0,,,,
powertraces-pt100array_pt019_r1_7536307_11-89ffb37037,2026-05-07T18:48:09.191Z,81.485,1,114.59,1980,0,0,,,,
powertraces-pt100array_pt019_r1_7536307_11-89ffb37037,2026-05-07T18:48:09.191Z,81.485,2,117.56,1980,0,0,,,,
powertraces-pt100array_pt019_r1_7536307_11-89ffb37037,2026-05-07T18:48:09.191Z,81.485,3,118.29,1980,0,0,,,,
powertraces-pt100array_pt019_r1_7536307_11-89ffb37037,2026-05-07T18:48:09.291Z,81.585,0,116.73,1980,1,0,,,,
powertraces-pt100array_pt019_r1_7536307_11-89ffb37037,2026-05-07T18:48:09.291Z,81.585,1,114.57,1980,0,0,,,,
powertraces-pt100array_pt019_r1_7536307_11-89ffb37037,2026-05-07T18:48:09.291Z,81.585,2,117.57,1980,0,0,,,,
powertraces-pt100array_pt019_r1_7536307_11-89ffb37037,2026-05-07T18:48:09.291Z,81.585,3,118.31,1980,0,0,,,,
powertraces-pt100array_pt019_r1_7536307_11-89ffb37037,2026-05-07T18:48:09.391Z,81.685,0,116.73,1980,1,0,,,,
powertraces-pt100array_pt019_r1_7536307_11-89ffb37037,2026-05-07T18:48:09.391Z,81.685,1,114.6,1980,0,0,,,,
powertraces-pt100array_pt019_r1_7536307_11-89ffb37037,2026-05-07T18:48:09.391Z,81.685,2,117.56,1980,0,0,,,,
powertraces-pt100array_pt019_r1_7536307_11-89ffb37037,2026-05-07T18:48:09.391Z,81.685,3,118.27,1980,0,0,,,,
powertraces-pt100array_pt019_r1_7536307_11-89ffb37037,2026-05-07T18:48:09.492Z,81.786,0,116.72,1980,1,0,,,,
powertraces-pt100array_pt019_r1_7536307_11-89ffb37037,2026-05-07T18:48:09.492Z,81.786,1,114.61,1980,0,0,,,,
powertraces-pt100array_pt019_r1_7536307_11-89ffb37037,2026-05-07T18:48:09.492Z,81.786,2,117.57,1980,0,0,,,,
powertraces-pt100array_pt019_r1_7536307_11-89ffb37037,2026-05-07T18:48:09.492Z,81.786,3,118.25,1980,0,0,,,,
powertraces-pt100array_pt019_r1_7536307_11-89ffb37037,2026-05-07T18:48:09.592Z,81.886,0,116.71,1980,1,0,,,,
powertraces-pt100array_pt019_r1_7536307_11-89ffb37037,2026-05-07T18:48:09.592Z,81.886,1,114.6,1980,0,0,,,,
powertraces-pt100array_pt019_r1_7536307_11-89ffb37037,2026-05-07T18:48:09.592Z,81.886,2,117.57,1980,0,0,,,,
powertraces-pt100array_pt019_r1_7536307_11-89ffb37037,2026-05-07T18:48:09.592Z,81.886,3,118.26,1980,0,0,,,,
powertraces-pt100array_pt019_r1_7536307_11-89ffb37037,2026-05-07T18:48:09.692Z,81.986,0,116.7,1980,1,0,,,,
powertraces-pt100array_pt019_r1_7536307_11-89ffb37037,2026-05-07T18:48:09.692Z,81.986,1,114.57,1980,0,0,,,,
powertraces-pt100array_pt019_r1_7536307_11-89ffb37037,2026-05-07T18:48:09.692Z,81.986,2,117.54,1980,0,0,,,,
powertraces-pt100array_pt019_r1_7536307_11-89ffb37037,2026-05-07T18:48:09.692Z,81.986,3,118.3,1980,0,0,,,,
powertraces-pt100array_pt019_r1_7536307_11-89ffb37037,2026-05-07T18:48:09.792Z,82.086,0,116.71,1980,1,0,,,,
powertraces-pt100array_pt019_r1_7536307_11-89ffb37037,2026-05-07T18:48:09.792Z,82.086,1,114.6,1980,0,0,,,,
powertraces-pt100array_pt019_r1_7536307_11-89ffb37037,2026-05-07T18:48:09.792Z,82.086,2,117.53,1980,0,0,,,,
powertraces-pt100array_pt019_r1_7536307_11-89ffb37037,2026-05-07T18:48:09.792Z,82.086,3,118.3,1980,0,0,,,,
powertraces-pt100array_pt019_r1_7536307_11-89ffb37037,2026-05-07T18:48:09.893Z,82.187,0,116.71,1980,0,0,,,,
powertraces-pt100array_pt019_r1_7536307_11-89ffb37037,2026-05-07T18:48:09.893Z,82.187,1,114.58,1980,0,0,,,,
powertraces-pt100array_pt019_r1_7536307_11-89ffb37037,2026-05-07T18:48:09.893Z,82.187,2,117.53,1980,0,0,,,,
powertraces-pt100array_pt019_r1_7536307_11-89ffb37037,2026-05-07T18:48:09.893Z,82.187,3,118.32,1980,0,0,,,,
powertraces-pt100array_pt019_r1_7536307_11-89ffb37037,2026-05-07T18:48:09.993Z,82.287,0,116.71,1980,0,0,,,,
powertraces-pt100array_pt019_r1_7536307_11-89ffb37037,2026-05-07T18:48:09.993Z,82.287,1,114.56,1980,0,0,,,,
powertraces-pt100array_pt019_r1_7536307_11-89ffb37037,2026-05-07T18:48:09.993Z,82.287,2,117.55,1980,0,0,,,,
powertraces-pt100array_pt019_r1_7536307_11-89ffb37037,2026-05-07T18:48:09.993Z,82.287,3,118.33,1980,0,0,,,,
powertraces-pt100array_pt019_r1_7536307_11-89ffb37037,2026-05-07T18:48:10.093Z,82.387,0,116.73,1980,1,0,,,,
powertraces-pt100array_pt019_r1_7536307_11-89ffb37037,2026-05-07T18:48:10.093Z,82.387,1,114.51,1980,0,0,,,,
powertraces-pt100array_pt019_r1_7536307_11-89ffb37037,2026-05-07T18:48:10.093Z,82.387,2,117.56,1980,0,0,,,,
powertraces-pt100array_pt019_r1_7536307_11-89ffb37037,2026-05-07T18:48:10.093Z,82.387,3,118.33,1980,0,0,,,,
powertraces-pt100array_pt019_r1_7536307_11-89ffb37037,2026-05-07T18:48:10.193Z,82.487,0,116.75,1980,1,0,,,,
powertraces-pt100array_pt019_r1_7536307_11-89ffb37037,2026-05-07T18:48:10.194Z,82.488,1,114.56,1980,0,0,,,,
powertraces-pt100array_pt019_r1_7536307_11-89ffb37037,2026-05-07T18:48:10.194Z,82.488,2,117.56,1980,0,0,,,,
powertraces-pt100array_pt019_r1_7536307_11-89ffb37037,2026-05-07T18:48:10.194Z,82.488,3,118.35,1980,0,0,,,,
powertraces-pt100array_pt019_r1_7536307_11-89ffb37037,2026-05-07T18:48:10.294Z,82.588,0,116.76,1980,0,0,,,,
powertraces-pt100array_pt019_r1_7536307_11-89ffb37037,2026-05-07T18:48:10.294Z,82.588,1,114.58,1980,0,0,,,,
powertraces-pt100array_pt019_r1_7536307_11-89ffb37037,2026-05-07T18:48:10.294Z,82.588,2,117.56,1980,0,0,,,,
powertraces-pt100array_pt019_r1_7536307_11-89ffb37037,2026-05-07T18:48:10.294Z,82.588,3,118.35,1980,0,0,,,,
powertraces-pt100array_pt019_r1_7536307_11-89ffb37037,2026-05-07T18:48:10.394Z,82.688,0,116.75,1980,0,0,,,,
powertraces-pt100array_pt019_r1_7536307_11-89ffb37037,2026-05-07T18:48:10.394Z,82.688,1,114.59,1980,0,0,,,,
powertraces-pt100array_pt019_r1_7536307_11-89ffb37037,2026-05-07T18:48:10.394Z,82.688,2,117.58,1980,0,0,,,,
powertraces-pt100array_pt019_r1_7536307_11-89ffb37037,2026-05-07T18:48:10.394Z,82.688,3,118.34,1980,0,0,,,,
powertraces-pt100array_pt019_r1_7536307_11-89ffb37037,2026-05-07T18:48:10.494Z,82.788,0,116.75,1980,1,0,,,,
powertraces-pt100array_pt019_r1_7536307_11-89ffb37037,2026-05-07T18:48:10.494Z,82.788,1,114.56,1980,0,0,,,,
powertraces-pt100array_pt019_r1_7536307_11-89ffb37037,2026-05-07T18:48:10.494Z,82.788,2,117.56,1980,0,0,,,,
powertraces-pt100array_pt019_r1_7536307_11-89ffb37037,2026-05-07T18:48:10.494Z,82.788,3,118.34,1980,0,0,,,,
powertraces-pt100array_pt019_r1_7536307_11-89ffb37037,2026-05-07T18:48:10.595Z,82.889,0,116.75,1980,1,0,,,,
powertraces-pt100array_pt019_r1_7536307_11-89ffb37037,2026-05-07T18:48:10.595Z,82.889,1,114.56,1980,0,0,,,,
powertraces-pt100array_pt019_r1_7536307_11-89ffb37037,2026-05-07T18:48:10.595Z,82.889,2,117.55,1980,0,0,,,,
powertraces-pt100array_pt019_r1_7536307_11-89ffb37037,2026-05-07T18:48:10.595Z,82.889,3,118.34,1980,0,0,,,,
powertraces-pt100array_pt019_r1_7536307_11-89ffb37037,2026-05-07T18:48:10.695Z,82.989,0,116.75,1980,1,0,,,,
powertraces-pt100array_pt019_r1_7536307_11-89ffb37037,2026-05-07T18:48:10.695Z,82.989,1,114.6,1980,0,0,,,,
powertraces-pt100array_pt019_r1_7536307_11-89ffb37037,2026-05-07T18:48:10.695Z,82.989,2,117.53,1980,0,0,,,,
powertraces-pt100array_pt019_r1_7536307_11-89ffb37037,2026-05-07T18:48:10.695Z,82.989,3,118.29,1980,0,0,,,,
powertraces-pt100array_pt019_r1_7536307_11-89ffb37037,2026-05-07T18:48:10.795Z,83.089,0,116.75,1980,1,0,,,,
powertraces-pt100array_pt019_r1_7536307_11-89ffb37037,2026-05-07T18:48:10.795Z,83.089,1,114.62,1980,0,0,,,,
powertraces-pt100array_pt019_r1_7536307_11-89ffb37037,2026-05-07T18:48:10.795Z,83.089,2,117.56,1980,0,0,,,,
powertraces-pt100array_pt019_r1_7536307_11-89ffb37037,2026-05-07T18:48:10.795Z,83.089,3,118.29,1980,0,0,,,,
powertraces-pt100array_pt019_r1_7536307_11-89ffb37037,2026-05-07T18:48:10.895Z,83.189,0,116.75,1980,0,0,,,,
powertraces-pt100array_pt019_r1_7536307_11-89ffb37037,2026-05-07T18:48:10.895Z,83.189,1,114.58,1980,0,0,,,,
powertraces-pt100array_pt019_r1_7536307_11-89ffb37037,2026-05-07T18:48:10.895Z,83.189,2,117.55,1980,0,0,,,,
powertraces-pt100array_pt019_r1_7536307_11-89ffb37037,2026-05-07T18:48:10.895Z,83.189,3,118.26,1980,0,0,,,,
powertraces-pt100array_pt019_r1_7536307_11-89ffb37037,2026-05-07T18:48:10.996Z,83.29,0,116.74,1980,0,0,,,,
powertraces-pt100array_pt019_r1_7536307_11-89ffb37037,2026-05-07T18:48:10.996Z,83.29,1,114.56,1980,0,0,,,,
powertraces-pt100array_pt019_r1_7536307_11-89ffb37037,2026-05-07T18:48:10.996Z,83.29,2,117.55,1980,0,0,,,,
powertraces-pt100array_pt019_r1_7536307_11-89ffb37037,2026-05-07T18:48:10.996Z,83.29,3,118.26,1980,0,0,,,,
powertraces-pt100array_pt019_r1_7536307_11-89ffb37037,2026-05-07T18:48:11.096Z,83.39,0,116.73,1980,1,0,,,,
powertraces-pt100array_pt019_r1_7536307_11-89ffb37037,2026-05-07T18:48:11.096Z,83.39,1,114.6,1980,0,0,,,,
powertraces-pt100array_pt019_r1_7536307_11-89ffb37037,2026-05-07T18:48:11.096Z,83.39,2,117.54,1980,0,0,,,,
powertraces-pt100array_pt019_r1_7536307_11-89ffb37037,2026-05-07T18:48:11.096Z,83.39,3,118.26,1980,0,0,,,,
powertraces-pt100array_pt019_r1_7536307_11-89ffb37037,2026-05-07T18:48:11.196Z,83.49,0,116.71,1980,1,0,,,,
powertraces-pt100array_pt019_r1_7536307_11-89ffb37037,2026-05-07T18:48:11.196Z,83.49,1,114.62,1980,0,0,,,,
powertraces-pt100array_pt019_r1_7536307_11-89ffb37037,2026-05-07T18:48:11.196Z,83.49,2,117.49,1980,0,0,,,,
powertraces-pt100array_pt019_r1_7536307_11-89ffb37037,2026-05-07T18:48:11.196Z,83.49,3,118.26,1980,0,0,,,,
powertraces-pt100array_pt019_r1_7536307_11-89ffb37037,2026-05-07T18:48:11.296Z,83.59,0,116.72,1980,1,0,,,,
powertraces-pt100array_pt019_r1_7536307_11-89ffb37037,2026-05-07T18:48:11.296Z,83.59,1,114.56,1980,0,0,,,,
powertraces-pt100array_pt019_r1_7536307_11-89ffb37037,2026-05-07T18:48:11.296Z,83.59,2,117.48,1980,0,0,,,,
powertraces-pt100array_pt019_r1_7536307_11-89ffb37037,2026-05-07T18:48:11.296Z,83.59,3,118.28,1980,0,0,,,,
powertraces-pt100array_pt019_r1_7536307_11-89ffb37037,2026-05-07T18:48:11.397Z,83.691,0,116.72,1980,1,0,,,,
powertraces-pt100array_pt019_r1_7536307_11-89ffb37037,2026-05-07T18:48:11.397Z,83.691,1,114.56,1980,0,0,,,,
powertraces-pt100array_pt019_r1_7536307_11-89ffb37037,2026-05-07T18:48:11.397Z,83.691,2,117.48,1980,0,0,,,,
powertraces-pt100array_pt019_r1_7536307_11-89ffb37037,2026-05-07T18:48:11.397Z,83.691,3,118.27,1980,0,0,,,,
powertraces-pt100array_pt019_r1_7536307_11-89ffb37037,2026-05-07T18:48:11.497Z,83.791,0,116.72,1980,1,0,,,,
powertraces-pt100array_pt019_r1_7536307_11-89ffb37037,2026-05-07T18:48:11.497Z,83.791,1,114.57,1980,0,0,,,,
powertraces-pt100array_pt019_r1_7536307_11-89ffb37037,2026-05-07T18:48:11.497Z,83.791,2,117.46,1980,0,0,,,,
powertraces-pt100array_pt019_r1_7536307_11-89ffb37037,2026-05-07T18:48:11.497Z,83.791,3,118.27,1980,0,0,,,,
powertraces-pt100array_pt019_r1_7536307_11-89ffb37037,2026-05-07T18:48:11.597Z,83.891,0,116.74,1980,1,0,,,,
powertraces-pt100array_pt019_r1_7536307_11-89ffb37037,2026-05-07T18:48:11.597Z,83.891,1,114.58,1980,0,0,,,,
powertraces-pt100array_pt019_r1_7536307_11-89ffb37037,2026-05-07T18:48:11.597Z,83.891,2,117.47,1980,0,0,,,,
powertraces-pt100array_pt019_r1_7536307_11-89ffb37037,2026-05-07T18:48:11.597Z,83.891,3,118.28,1980,0,0,,,,
powertraces-pt100array_pt019_r1_7536307_11-89ffb37037,2026-05-07T18:48:11.697Z,83.991,0,116.77,1980,1,0,,,,
powertraces-pt100array_pt019_r1_7536307_11-89ffb37037,2026-05-07T18:48:11.697Z,83.991,1,114.58,1980,0,0,,,,
powertraces-pt100array_pt019_r1_7536307_11-89ffb37037,2026-05-07T18:48:11.697Z,83.991,2,117.48,1980,0,0,,,,
powertraces-pt100array_pt019_r1_7536307_11-89ffb37037,2026-05-07T18:48:11.697Z,83.991,3,118.31,1980,0,0,,,,
powertraces-pt100array_pt019_r1_7536307_11-89ffb37037,2026-05-07T18:48:11.798Z,84.092,0,116.76,1980,1,0,,,,
powertraces-pt100array_pt019_r1_7536307_11-89ffb37037,2026-05-07T18:48:11.798Z,84.092,1,114.54,1980,0,0,,,,
powertraces-pt100array_pt019_r1_7536307_11-89ffb37037,2026-05-07T18:48:11.798Z,84.092,2,117.47,1980,0,0,,,,
powertraces-pt100array_pt019_r1_7536307_11-89ffb37037,2026-05-07T18:48:11.798Z,84.092,3,118.28,1980,0,0,,,,
powertraces-pt100array_pt019_r1_7536307_11-89ffb37037,2026-05-07T18:48:11.898Z,84.192,0,116.77,1980,1,0,,,,
powertraces-pt100array_pt019_r1_7536307_11-89ffb37037,2026-05-07T18:48:11.898Z,84.192,1,114.55,1980,0,0,,,,
powertraces-pt100array_pt019_r1_7536307_11-89ffb37037,2026-05-07T18:48:11.898Z,84.192,2,117.49,1980,0,0,,,,
powertraces-pt100array_pt019_r1_7536307_11-89ffb37037,2026-05-07T18:48:11.898Z,84.192,3,118.24,1980,0,0,,,,
powertraces-pt100array_pt019_r1_7536307_11-89ffb37037,2026-05-07T18:48:11.998Z,84.292,0,116.77,1980,1,0,,,,
powertraces-pt100array_pt019_r1_7536307_11-89ffb37037,2026-05-07T18:48:11.998Z,84.292,1,114.58,1980,0,0,,,,
powertraces-pt100array_pt019_r1_7536307_11-89ffb37037,2026-05-07T18:48:11.998Z,84.292,2,117.49,1980,0,0,,,,
powertraces-pt100array_pt019_r1_7536307_11-89ffb37037,2026-05-07T18:48:11.998Z,84.292,3,118.25,1980,0,0,,,,
powertraces-pt100array_pt019_r1_7536307_11-89ffb37037,2026-05-07T18:48:12.098Z,84.392,0,116.78,1980,1,0,,,,
powertraces-pt100array_pt019_r1_7536307_11-89ffb37037,2026-05-07T18:48:12.099Z,84.393,1,114.58,1980,0,0,,,,
powertraces-pt100array_pt019_r1_7536307_11-89ffb37037,2026-05-07T18:48:12.099Z,84.393,2,117.5,1980,0,0,,,,
powertraces-pt100array_pt019_r1_7536307_11-89ffb37037,2026-05-07T18:48:12.099Z,84.393,3,118.25,1980,0,0,,,,
powertraces-pt100array_pt019_r1_7536307_11-89ffb37037,2026-05-07T18:48:12.199Z,84.493,0,116.8,1980,1,0,,,,
powertraces-pt100array_pt019_r1_7536307_11-89ffb37037,2026-05-07T18:48:12.199Z,84.493,1,114.52,1980,0,0,,,,
powertraces-pt100array_pt019_r1_7536307_11-89ffb37037,2026-05-07T18:48:12.199Z,84.493,2,117.52,1980,0,0,,,,
powertraces-pt100array_pt019_r1_7536307_11-89ffb37037,2026-05-07T18:48:12.199Z,84.493,3,118.23,1980,0,0,,,,
powertraces-pt100array_pt019_r1_7536307_11-89ffb37037,2026-05-07T18:48:12.299Z,84.593,0,116.79,1980,1,0,,,,
powertraces-pt100array_pt019_r1_7536307_11-89ffb37037,2026-05-07T18:48:12.299Z,84.593,1,114.56,1980,0,0,,,,
powertraces-pt100array_pt019_r1_7536307_11-89ffb37037,2026-05-07T18:48:12.299Z,84.593,2,117.52,1980,0,0,,,,
powertraces-pt100array_pt019_r1_7536307_11-89ffb37037,2026-05-07T18:48:12.299Z,84.593,3,118.24,1980,0,0,,,,
powertraces-pt100array_pt019_r1_7536307_11-89ffb37037,2026-05-07T18:48:12.399Z,84.693,0,116.81,1980,1,0,,,,
powertraces-pt100array_pt019_r1_7536307_11-89ffb37037,2026-05-07T18:48:12.4Z,84.694,1,114.59,1980,0,0,,,,
powertraces-pt100array_pt019_r1_7536307_11-89ffb37037,2026-05-07T18:48:12.4Z,84.694,2,117.51,1980,0,0,,,,
powertraces-pt100array_pt019_r1_7536307_11-89ffb37037,2026-05-07T18:48:12.4Z,84.694,3,118.25,1980,0,0,,,,
powertraces-pt100array_pt019_r1_7536307_11-89ffb37037,2026-05-07T18:48:12.5Z,84.794,0,116.83,1980,1,0,,,,
powertraces-pt100array_pt019_r1_7536307_11-89ffb37037,2026-05-07T18:48:12.5Z,84.794,1,114.59,1980,0,0,,,,
powertraces-pt100array_pt019_r1_7536307_11-89ffb37037,2026-05-07T18:48:12.5Z,84.794,2,117.5,1980,0,0,,,,
powertraces-pt100array_pt019_r1_7536307_11-89ffb37037,2026-05-07T18:48:12.5Z,84.794,3,118.28,1980,0,0,,,,
powertraces-pt100array_pt019_r1_7536307_11-89ffb37037,2026-05-07T18:48:12.6Z,84.894,0,116.81,1980,1,0,,,,
powertraces-pt100array_pt019_r1_7536307_11-89ffb37037,2026-05-07T18:48:12.6Z,84.894,1,114.57,1980,0,0,,,,
powertraces-pt100array_pt019_r1_7536307_11-89ffb37037,2026-05-07T18:48:12.6Z,84.894,2,117.48,1980,0,0,,,,
powertraces-pt100array_pt019_r1_7536307_11-89ffb37037,2026-05-07T18:48:12.6Z,84.894,3,118.31,1980,0,0,,,,
powertraces-pt100array_pt019_r1_7536307_11-89ffb37037,2026-05-07T18:48:12.7Z,84.994,0,116.79,1980,1,0,,,,
powertraces-pt100array_pt019_r1_7536307_11-89ffb37037,2026-05-07T18:48:12.7Z,84.994,1,114.54,1980,0,0,,,,
powertraces-pt100array_pt019_r1_7536307_11-89ffb37037,2026-05-07T18:48:12.7Z,84.994,2,117.48,1980,0,0,,,,
powertraces-pt100array_pt019_r1_7536307_11-89ffb37037,2026-05-07T18:48:12.7Z,84.994,3,118.28,1980,0,0,,,,
powertraces-pt100array_pt019_r1_7536307_11-89ffb37037,2026-05-07T18:48:12.8Z,85.094,0,116.79,1980,1,0,,,,
powertraces-pt100array_pt019_r1_7536307_11-89ffb37037,2026-05-07T18:48:12.8Z,85.094,1,114.59,1980,0,0,,,,
powertraces-pt100array_pt019_r1_7536307_11-89ffb37037,2026-05-07T18:48:12.8Z,85.094,2,117.48,1980,0,0,,,,
powertraces-pt100array_pt019_r1_7536307_11-89ffb37037,2026-05-07T18:48:12.8Z,85.094,3,118.32,1980,0,0,,,,
powertraces-pt100array_pt019_r1_7536307_11-89ffb37037,2026-05-07T18:48:12.901Z,85.195,0,116.79,1980,1,0,,,,
powertraces-pt100array_pt019_r1_7536307_11-89ffb37037,2026-05-07T18:48:12.901Z,85.195,1,114.6,1980,0,0,,,,
powertraces-pt100array_pt019_r1_7536307_11-89ffb37037,2026-05-07T18:48:12.901Z,85.195,2,117.47,1980,0,0,,,,
powertraces-pt100array_pt019_r1_7536307_11-89ffb37037,2026-05-07T18:48:12.901Z,85.195,3,118.34,1980,0,0,,,,
powertraces-pt100array_pt019_r1_7536307_11-89ffb37037,2026-05-07T18:48:13.001Z,85.295,0,116.78,1980,1,0,,,,
powertraces-pt100array_pt019_r1_7536307_11-89ffb37037,2026-05-07T18:48:13.001Z,85.295,1,114.59,1980,0,0,,,,
powertraces-pt100array_pt019_r1_7536307_11-89ffb37037,2026-05-07T18:48:13.001Z,85.295,2,117.47,1980,0,0,,,,
powertraces-pt100array_pt019_r1_7536307_11-89ffb37037,2026-05-07T18:48:13.001Z,85.295,3,118.3,1980,0,0,,,,
powertraces-pt100array_pt019_r1_7536307_11-89ffb37037,2026-05-07T18:48:13.101Z,85.395,0,116.79,1980,1,0,,,,
powertraces-pt100array_pt019_r1_7536307_11-89ffb37037,2026-05-07T18:48:13.101Z,85.395,1,114.55,1980,0,0,,,,
powertraces-pt100array_pt019_r1_7536307_11-89ffb37037,2026-05-07T18:48:13.101Z,85.395,2,117.47,1980,0,0,,,,
powertraces-pt100array_pt019_r1_7536307_11-89ffb37037,2026-05-07T18:48:13.101Z,85.395,3,118.28,1980,0,0,,,,
powertraces-pt100array_pt019_r1_7536307_11-89ffb37037,2026-05-07T18:48:13.201Z,85.495,0,116.8,1980,1,0,,,,
powertraces-pt100array_pt019_r1_7536307_11-89ffb37037,2026-05-07T18:48:13.202Z,85.496,1,114.59,1980,0,0,,,,
powertraces-pt100array_pt019_r1_7536307_11-89ffb37037,2026-05-07T18:48:13.202Z,85.496,2,117.46,1980,0,0,,,,
powertraces-pt100array_pt019_r1_7536307_11-89ffb37037,2026-05-07T18:48:13.202Z,85.496,3,118.28,1980,0,0,,,,
powertraces-pt100array_pt019_r1_7536307_11-89ffb37037,2026-05-07T18:48:13.302Z,85.596,0,116.81,1980,1,0,,,,
powertraces-pt100array_pt019_r1_7536307_11-89ffb37037,2026-05-07T18:48:13.302Z,85.596,1,114.61,1980,0,0,,,,
powertraces-pt100array_pt019_r1_7536307_11-89ffb37037,2026-05-07T18:48:13.302Z,85.596,2,117.48,1980,0,0,,,,
powertraces-pt100array_pt019_r1_7536307_11-89ffb37037,2026-05-07T18:48:13.302Z,85.596,3,118.25,1980,0,0,,,,
powertraces-pt100array_pt019_r1_7536307_11-89ffb37037,2026-05-07T18:48:13.402Z,85.696,0,116.82,1980,1,0,,,,
powertraces-pt100array_pt019_r1_7536307_11-89ffb37037,2026-05-07T18:48:13.402Z,85.696,1,114.6,1980,0,0,,,,
powertraces-pt100array_pt019_r1_7536307_11-89ffb37037,2026-05-07T18:48:13.402Z,85.696,2,117.5,1980,0,0,,,,
powertraces-pt100array_pt019_r1_7536307_11-89ffb37037,2026-05-07T18:48:13.402Z,85.696,3,118.25,1980,0,0,,,,
powertraces-pt100array_pt019_r1_7536307_11-89ffb37037,2026-05-07T18:48:13.502Z,85.796,0,116.81,1980,1,0,,,,
powertraces-pt100array_pt019_r1_7536307_11-89ffb37037,2026-05-07T18:48:13.503Z,85.797,1,114.6,1980,0,0,,,,
powertraces-pt100array_pt019_r1_7536307_11-89ffb37037,2026-05-07T18:48:13.503Z,85.797,2,117.52,1980,0,0,,,,
powertraces-pt100array_pt019_r1_7536307_11-89ffb37037,2026-05-07T18:48:13.503Z,85.797,3,118.25,1980,0,0,,,,
powertraces-pt100array_pt019_r1_7536307_11-89ffb37037,2026-05-07T18:48:13.603Z,85.897,0,116.82,1980,1,0,,,,
powertraces-pt100array_pt019_r1_7536307_11-89ffb37037,2026-05-07T18:48:13.603Z,85.897,1,114.68,1980,1,0,,,,
powertraces-pt100array_pt019_r1_7536307_11-89ffb37037,2026-05-07T18:48:13.603Z,85.897,2,117.52,1980,0,0,,,,
powertraces-pt100array_pt019_r1_7536307_11-89ffb37037,2026-05-07T18:48:13.603Z,85.897,3,118.25,1980,0,0,,,,
powertraces-pt100array_pt019_r1_7536307_11-89ffb37037,2026-05-07T18:48:13.703Z,85.997,0,116.79,1980,1,0,,,,
powertraces-pt100array_pt019_r1_7536307_11-89ffb37037,2026-05-07T18:48:13.703Z,85.997,1,114.73,1980,1,0,,,,
powertraces-pt100array_pt019_r1_7536307_11-89ffb37037,2026-05-07T18:48:13.703Z,85.997,2,117.51,1980,0,0,,,,
powertraces-pt100array_pt019_r1_7536307_11-89ffb37037,2026-05-07T18:48:13.703Z,85.997,3,118.27,1980,0,0,,,,
powertraces-pt100array_pt019_r1_7536307_11-89ffb37037,2026-05-07T18:48:13.803Z,86.097,0,116.79,1980,1,0,,,,
powertraces-pt100array_pt019_r1_7536307_11-89ffb37037,2026-05-07T18:48:13.804Z,86.098,1,114.73,1980,1,0,,,,
powertraces-pt100array_pt019_r1_7536307_11-89ffb37037,2026-05-07T18:48:13.804Z,86.098,2,117.52,1980,0,0,,,,
powertraces-pt100array_pt019_r1_7536307_11-89ffb37037,2026-05-07T18:48:13.804Z,86.098,3,118.3,1980,0,0,,,,
powertraces-pt100array_pt019_r1_7536307_11-89ffb37037,2026-05-07T18:48:13.904Z,86.198,0,116.77,1980,0,0,,,,
powertraces-pt100array_pt019_r1_7536307_11-89ffb37037,2026-05-07T18:48:13.904Z,86.198,1,114.75,1980,1,0,,,,
powertraces-pt100array_pt019_r1_7536307_11-89ffb37037,2026-05-07T18:48:13.904Z,86.198,2,117.51,1980,0,0,,,,
powertraces-pt100array_pt019_r1_7536307_11-89ffb37037,2026-05-07T18:48:13.904Z,86.198,3,118.33,1980,0,0,,,,
powertraces-pt100array_pt019_r1_7536307_11-89ffb37037,2026-05-07T18:48:14.004Z,86.298,0,116.76,1980,0,0,,,,
powertraces-pt100array_pt019_r1_7536307_11-89ffb37037,2026-05-07T18:48:14.004Z,86.298,1,114.81,1980,1,0,,,,
powertraces-pt100array_pt019_r1_7536307_11-89ffb37037,2026-05-07T18:48:14.004Z,86.298,2,117.54,1980,0,0,,,,
powertraces-pt100array_pt019_r1_7536307_11-89ffb37037,2026-05-07T18:48:14.004Z,86.298,3,118.34,1980,0,0,,,,
powertraces-pt100array_pt019_r1_7536307_11-89ffb37037,2026-05-07T18:48:14.104Z,86.398,0,116.7,1980,0,0,,,,
powertraces-pt100array_pt019_r1_7536307_11-89ffb37037,2026-05-07T18:48:14.104Z,86.398,1,114.87,1980,1,0,,,,
powertraces-pt100array_pt019_r1_7536307_11-89ffb37037,2026-05-07T18:48:14.104Z,86.398,2,117.55,1980,0,0,,,,
powertraces-pt100array_pt019_r1_7536307_11-89ffb37037,2026-05-07T18:48:14.104Z,86.398,3,118.34,1980,0,0,,,,
powertraces-pt100array_pt019_r1_7536307_11-89ffb37037,2026-05-07T18:48:14.205Z,86.499,0,116.68,1980,0,0,,,,
powertraces-pt100array_pt019_r1_7536307_11-89ffb37037,2026-05-07T18:48:14.205Z,86.499,1,114.87,1980,1,0,,,,
powertraces-pt100array_pt019_r1_7536307_11-89ffb37037,2026-05-07T18:48:14.205Z,86.499,2,117.55,1980,0,0,,,,
powertraces-pt100array_pt019_r1_7536307_11-89ffb37037,2026-05-07T18:48:14.205Z,86.499,3,118.35,1980,0,0,,,,
powertraces-pt100array_pt019_r1_7536307_11-89ffb37037,2026-05-07T18:48:14.305Z,86.599,0,116.65,1980,0,0,,,,
powertraces-pt100array_pt019_r1_7536307_11-89ffb37037,2026-05-07T18:48:14.305Z,86.599,1,114.88,1980,1,0,,,,
powertraces-pt100array_pt019_r1_7536307_11-89ffb37037,2026-05-07T18:48:14.305Z,86.599,2,117.54,1980,0,0,,,,
powertraces-pt100array_pt019_r1_7536307_11-89ffb37037,2026-05-07T18:48:14.305Z,86.599,3,118.35,1980,0,0,,,,
powertraces-pt100array_pt019_r1_7536307_11-89ffb37037,2026-05-07T18:48:14.405Z,86.699,0,116.61,1980,0,0,,,,
powertraces-pt100array_pt019_r1_7536307_11-89ffb37037,2026-05-07T18:48:14.405Z,86.699,1,114.91,1980,1,0,,,,
powertraces-pt100array_pt019_r1_7536307_11-89ffb37037,2026-05-07T18:48:14.405Z,86.699,2,117.52,1980,0,0,,,,
powertraces-pt100array_pt019_r1_7536307_11-89ffb37037,2026-05-07T18:48:14.405Z,86.699,3,118.34,1980,0,0,,,,
powertraces-pt100array_pt019_r1_7536307_11-89ffb37037,2026-05-07T18:48:14.506Z,86.8,0,116.6,1980,0,0,,,,
powertraces-pt100array_pt019_r1_7536307_11-89ffb37037,2026-05-07T18:48:14.506Z,86.8,1,114.97,1980,1,0,,,,
powertraces-pt100array_pt019_r1_7536307_11-89ffb37037,2026-05-07T18:48:14.506Z,86.8,2,117.53,1980,0,0,,,,
powertraces-pt100array_pt019_r1_7536307_11-89ffb37037,2026-05-07T18:48:14.506Z,86.8,3,118.31,1980,0,0,,,,
powertraces-pt100array_pt019_r1_7536307_11-89ffb37037,2026-05-07T18:48:14.606Z,86.9,0,116.58,1980,0,0,,,,
powertraces-pt100array_pt019_r1_7536307_11-89ffb37037,2026-05-07T18:48:14.606Z,86.9,1,114.98,1980,1,0,,,,
powertraces-pt100array_pt019_r1_7536307_11-89ffb37037,2026-05-07T18:48:14.606Z,86.9,2,117.52,1980,0,0,,,,
powertraces-pt100array_pt019_r1_7536307_11-89ffb37037,2026-05-07T18:48:14.606Z,86.9,3,118.27,1980,0,0,,,,
powertraces-pt100array_pt019_r1_7536307_11-89ffb37037,2026-05-07T18:48:14.706Z,87.0,0,116.59,1980,0,0,,,,
powertraces-pt100array_pt019_r1_7536307_11-89ffb37037,2026-05-07T18:48:14.706Z,87.0,1,114.95,1980,1,0,,,,
powertraces-pt100array_pt019_r1_7536307_11-89ffb37037,2026-05-07T18:48:14.706Z,87.0,2,117.5,1980,0,0,,,,
powertraces-pt100array_pt019_r1_7536307_11-89ffb37037,2026-05-07T18:48:14.706Z,87.0,3,118.25,1980,0,0,,,,
powertraces-pt100array_pt019_r1_7536307_11-89ffb37037,2026-05-07T18:48:14.806Z,87.1,0,116.58,1980,0,0,,,,
powertraces-pt100array_pt019_r1_7536307_11-89ffb37037,2026-05-07T18:48:14.806Z,87.1,1,114.93,1980,1,0,,,,
powertraces-pt100array_pt019_r1_7536307_11-89ffb37037,2026-05-07T18:48:14.806Z,87.1,2,117.49,1980,0,0,,,,
powertraces-pt100array_pt019_r1_7536307_11-89ffb37037,2026-05-07T18:48:14.806Z,87.1,3,118.24,1980,0,0,,,,
powertraces-pt100array_pt019_r1_7536307_11-89ffb37037,2026-05-07T18:48:14.907Z,87.201,0,116.59,1980,0,0,,,,
powertraces-pt100array_pt019_r1_7536307_11-89ffb37037,2026-05-07T18:48:14.907Z,87.201,1,114.96,1980,1,0,,,,
powertraces-pt100array_pt019_r1_7536307_11-89ffb37037,2026-05-07T18:48:14.907Z,87.201,2,117.51,1980,0,0,,,,
powertraces-pt100array_pt019_r1_7536307_11-89ffb37037,2026-05-07T18:48:14.907Z,87.201,3,118.21,1980,0,0,,,,
powertraces-pt100array_pt019_r1_7536307_11-89ffb37037,2026-05-07T18:48:15.007Z,87.301,0,116.6,1980,0,0,,,,
powertraces-pt100array_pt019_r1_7536307_11-89ffb37037,2026-05-07T18:48:15.007Z,87.301,1,114.97,1980,1,0,,,,
powertraces-pt100array_pt019_r1_7536307_11-89ffb37037,2026-05-07T18:48:15.007Z,87.301,2,117.5,1980,0,0,,,,
powertraces-pt100array_pt019_r1_7536307_11-89ffb37037,2026-05-07T18:48:15.007Z,87.301,3,118.22,1980,0,0,,,,
powertraces-pt100array_pt019_r1_7536307_11-89ffb37037,2026-05-07T18:48:15.107Z,87.401,0,116.59,1980,0,0,,,,
powertraces-pt100array_pt019_r1_7536307_11-89ffb37037,2026-05-07T18:48:15.107Z,87.401,1,114.94,1980,1,0,,,,
powertraces-pt100array_pt019_r1_7536307_11-89ffb37037,2026-05-07T18:48:15.107Z,87.401,2,117.52,1980,0,0,,,,
powertraces-pt100array_pt019_r1_7536307_11-89ffb37037,2026-05-07T18:48:15.107Z,87.401,3,118.25,1980,0,0,,,,
powertraces-pt100array_pt019_r1_7536307_11-89ffb37037,2026-05-07T18:48:15.207Z,87.501,0,116.58,1980,0,0,,,,
powertraces-pt100array_pt019_r1_7536307_11-89ffb37037,2026-05-07T18:48:15.207Z,87.501,1,114.93,1980,1,0,,,,
powertraces-pt100array_pt019_r1_7536307_11-89ffb37037,2026-05-07T18:48:15.207Z,87.501,2,117.5,1980,0,0,,,,
powertraces-pt100array_pt019_r1_7536307_11-89ffb37037,2026-05-07T18:48:15.208Z,87.502,3,118.23,1980,0,0,,,,
powertraces-pt100array_pt019_r1_7536307_11-89ffb37037,2026-05-07T18:48:15.308Z,87.602,0,116.6,1980,0,0,,,,
powertraces-pt100array_pt019_r1_7536307_11-89ffb37037,2026-05-07T18:48:15.308Z,87.602,1,114.97,1980,1,0,,,,
powertraces-pt100array_pt019_r1_7536307_11-89ffb37037,2026-05-07T18:48:15.308Z,87.602,2,117.53,1980,0,0,,,,
powertraces-pt100array_pt019_r1_7536307_11-89ffb37037,2026-05-07T18:48:15.308Z,87.602,3,118.25,1980,0,0,,,,
powertraces-pt100array_pt019_r1_7536307_11-89ffb37037,2026-05-07T18:48:15.408Z,87.702,0,116.6,1980,0,0,,,,
powertraces-pt100array_pt019_r1_7536307_11-89ffb37037,2026-05-07T18:48:15.408Z,87.702,1,114.96,1980,1,0,,,,
powertraces-pt100array_pt019_r1_7536307_11-89ffb37037,2026-05-07T18:48:15.408Z,87.702,2,117.57,1980,0,0,,,,
powertraces-pt100array_pt019_r1_7536307_11-89ffb37037,2026-05-07T18:48:15.408Z,87.702,3,118.25,1980,0,0,,,,
powertraces-pt100array_pt019_r1_7536307_11-89ffb37037,2026-05-07T18:48:15.508Z,87.802,0,116.58,1980,0,0,,,,
powertraces-pt100array_pt019_r1_7536307_11-89ffb37037,2026-05-07T18:48:15.508Z,87.802,1,114.95,1980,1,0,,,,
powertraces-pt100array_pt019_r1_7536307_11-89ffb37037,2026-05-07T18:48:15.508Z,87.802,2,117.55,1980,0,0,,,,
powertraces-pt100array_pt019_r1_7536307_11-89ffb37037,2026-05-07T18:48:15.508Z,87.802,3,118.27,1980,0,0,,,,
powertraces-pt100array_pt019_r1_7536307_11-89ffb37037,2026-05-07T18:48:15.608Z,87.902,0,116.58,1980,0,0,,,,
powertraces-pt100array_pt019_r1_7536307_11-89ffb37037,2026-05-07T18:48:15.609Z,87.903,1,114.88,1980,1,0,,,,
powertraces-pt100array_pt019_r1_7536307_11-89ffb37037,2026-05-07T18:48:15.609Z,87.903,2,117.54,1980,0,0,,,,
powertraces-pt100array_pt019_r1_7536307_11-89ffb37037,2026-05-07T18:48:15.609Z,87.903,3,118.27,1980,0,0,,,,
powertraces-pt100array_pt019_r1_7536307_11-89ffb37037,2026-05-07T18:48:15.709Z,88.003,0,116.57,1980,0,0,,,,
powertraces-pt100array_pt019_r1_7536307_11-89ffb37037,2026-05-07T18:48:15.709Z,88.003,1,114.91,1980,1,0,,,,
powertraces-pt100array_pt019_r1_7536307_11-89ffb37037,2026-05-07T18:48:15.709Z,88.003,2,117.54,1980,0,0,,,,
powertraces-pt100array_pt019_r1_7536307_11-89ffb37037,2026-05-07T18:48:15.709Z,88.003,3,118.25,1980,0,0,,,,
powertraces-pt100array_pt019_r1_7536307_11-89ffb37037,2026-05-07T18:48:15.809Z,88.103,0,116.55,1980,0,0,,,,
powertraces-pt100array_pt019_r1_7536307_11-89ffb37037,2026-05-07T18:48:15.809Z,88.103,1,114.91,1980,1,0,,,,
powertraces-pt100array_pt019_r1_7536307_11-89ffb37037,2026-05-07T18:48:15.809Z,88.103,2,117.51,1980,0,0,,,,
powertraces-pt100array_pt019_r1_7536307_11-89ffb37037,2026-05-07T18:48:15.809Z,88.103,3,118.25,1980,0,0,,,,
powertraces-pt100array_pt019_r1_7536307_11-89ffb37037,2026-05-07T18:48:15.91Z,88.204,0,116.53,1980,0,0,,,,
powertraces-pt100array_pt019_r1_7536307_11-89ffb37037,2026-05-07T18:48:15.91Z,88.204,1,114.9,1980,1,0,,,,
powertraces-pt100array_pt019_r1_7536307_11-89ffb37037,2026-05-07T18:48:15.91Z,88.204,2,117.51,1980,0,0,,,,
powertraces-pt100array_pt019_r1_7536307_11-89ffb37037,2026-05-07T18:48:15.91Z,88.204,3,118.25,1980,0,0,,,,
powertraces-pt100array_pt019_r1_7536307_11-89ffb37037,2026-05-07T18:48:16.01Z,88.304,0,116.53,1980,0,0,,,,
powertraces-pt100array_pt019_r1_7536307_11-89ffb37037,2026-05-07T18:48:16.01Z,88.304,1,114.86,1980,1,0,,,,
powertraces-pt100array_pt019_r1_7536307_11-89ffb37037,2026-05-07T18:48:16.01Z,88.304,2,117.53,1980,0,0,,,,
powertraces-pt100array_pt019_r1_7536307_11-89ffb37037,2026-05-07T18:48:16.01Z,88.304,3,118.26,1980,0,0,,,,
powertraces-pt100array_pt019_r1_7536307_11-89ffb37037,2026-05-07T18:48:16.11Z,88.404,0,116.53,1980,0,0,,,,
powertraces-pt100array_pt019_r1_7536307_11-89ffb37037,2026-05-07T18:48:16.11Z,88.404,1,114.85,1980,1,0,,,,
powertraces-pt100array_pt019_r1_7536307_11-89ffb37037,2026-05-07T18:48:16.11Z,88.404,2,117.53,1980,0,0,,,,
powertraces-pt100array_pt019_r1_7536307_11-89ffb37037,2026-05-07T18:48:16.11Z,88.404,3,118.26,1980,0,0,,,,
powertraces-pt100array_pt019_r1_7536307_11-89ffb37037,2026-05-07T18:48:16.21Z,88.504,0,116.54,1980,0,0,,,,
powertraces-pt100array_pt019_r1_7536307_11-89ffb37037,2026-05-07T18:48:16.21Z,88.504,1,114.9,1980,1,0,,,,
powertraces-pt100array_pt019_r1_7536307_11-89ffb37037,2026-05-07T18:48:16.21Z,88.504,2,117.56,1980,0,0,,,,
powertraces-pt100array_pt019_r1_7536307_11-89ffb37037,2026-05-07T18:48:16.21Z,88.504,3,118.28,1980,0,0,,,,
powertraces-pt100array_pt019_r1_7536307_11-89ffb37037,2026-05-07T18:48:16.31Z,88.604,0,116.54,1980,0,0,,,,
powertraces-pt100array_pt019_r1_7536307_11-89ffb37037,2026-05-07T18:48:16.31Z,88.604,1,114.91,1980,1,0,,,,
powertraces-pt100array_pt019_r1_7536307_11-89ffb37037,2026-05-07T18:48:16.31Z,88.604,2,117.54,1980,0,0,,,,
powertraces-pt100array_pt019_r1_7536307_11-89ffb37037,2026-05-07T18:48:16.31Z,88.604,3,118.28,1980,0,0,,,,
powertraces-pt100array_pt019_r1_7536307_11-89ffb37037,2026-05-07T18:48:16.411Z,88.705,0,116.55,1980,0,0,,,,
powertraces-pt100array_pt019_r1_7536307_11-89ffb37037,2026-05-07T18:48:16.411Z,88.705,1,114.86,1980,1,0,,,,
powertraces-pt100array_pt019_r1_7536307_11-89ffb37037,2026-05-07T18:48:16.411Z,88.705,2,117.52,1980,0,0,,,,
powertraces-pt100array_pt019_r1_7536307_11-89ffb37037,2026-05-07T18:48:16.411Z,88.705,3,118.28,1980,0,0,,,,
powertraces-pt100array_pt019_r1_7536307_11-89ffb37037,2026-05-07T18:48:16.511Z,88.805,0,116.54,1980,0,0,,,,
powertraces-pt100array_pt019_r1_7536307_11-89ffb37037,2026-05-07T18:48:16.511Z,88.805,1,114.86,1980,1,0,,,,
powertraces-pt100array_pt019_r1_7536307_11-89ffb37037,2026-05-07T18:48:16.511Z,88.805,2,117.53,1980,0,0,,,,
powertraces-pt100array_pt019_r1_7536307_11-89ffb37037,2026-05-07T18:48:16.511Z,88.805,3,118.32,1980,0,0,,,,
powertraces-pt100array_pt019_r1_7536307_11-89ffb37037,2026-05-07T18:48:16.611Z,88.905,0,116.52,1980,0,0,,,,
powertraces-pt100array_pt019_r1_7536307_11-89ffb37037,2026-05-07T18:48:16.611Z,88.905,1,114.89,1980,1,0,,,,
powertraces-pt100array_pt019_r1_7536307_11-89ffb37037,2026-05-07T18:48:16.611Z,88.905,2,117.5,1980,0,0,,,,
powertraces-pt100array_pt019_r1_7536307_11-89ffb37037,2026-05-07T18:48:16.611Z,88.905,3,118.31,1980,0,0,,,,
powertraces-pt100array_pt019_r1_7536307_11-89ffb37037,2026-05-07T18:48:16.712Z,89.006,0,116.54,1980,0,0,,,,
powertraces-pt100array_pt019_r1_7536307_11-89ffb37037,2026-05-07T18:48:16.712Z,89.006,1,114.91,1980,1,0,,,,
powertraces-pt100array_pt019_r1_7536307_11-89ffb37037,2026-05-07T18:48:16.712Z,89.006,2,117.51,1980,0,0,,,,
powertraces-pt100array_pt019_r1_7536307_11-89ffb37037,2026-05-07T18:48:16.712Z,89.006,3,118.35,1980,0,0,,,,
powertraces-pt100array_pt019_r1_7536307_11-89ffb37037,2026-05-07T18:48:16.812Z,89.106,0,116.53,1980,0,0,,,,
powertraces-pt100array_pt019_r1_7536307_11-89ffb37037,2026-05-07T18:48:16.812Z,89.106,1,114.87,1980,1,0,,,,
powertraces-pt100array_pt019_r1_7536307_11-89ffb37037,2026-05-07T18:48:16.812Z,89.106,2,117.52,1980,0,0,,,,
powertraces-pt100array_pt019_r1_7536307_11-89ffb37037,2026-05-07T18:48:16.812Z,89.106,3,118.36,1980,0,0,,,,
powertraces-pt100array_pt019_r1_7536307_11-89ffb37037,2026-05-07T18:48:16.912Z,89.206,0,116.52,1980,0,0,,,,
powertraces-pt100array_pt019_r1_7536307_11-89ffb37037,2026-05-07T18:48:16.912Z,89.206,1,114.86,1980,1,0,,,,
powertraces-pt100array_pt019_r1_7536307_11-89ffb37037,2026-05-07T18:48:16.912Z,89.206,2,117.53,1980,0,0,,,,
powertraces-pt100array_pt019_r1_7536307_11-89ffb37037,2026-05-07T18:48:16.912Z,89.206,3,118.34,1980,0,0,,,,
powertraces-pt100array_pt019_r1_7536307_11-89ffb37037,2026-05-07T18:48:17.012Z,89.306,0,116.51,1980,0,0,,,,
powertraces-pt100array_pt019_r1_7536307_11-89ffb37037,2026-05-07T18:48:17.012Z,89.306,1,114.89,1980,1,0,,,,
powertraces-pt100array_pt019_r1_7536307_11-89ffb37037,2026-05-07T18:48:17.012Z,89.306,2,117.52,1980,0,0,,,,
powertraces-pt100array_pt019_r1_7536307_11-89ffb37037,2026-05-07T18:48:17.012Z,89.306,3,118.34,1980,0,0,,,,
powertraces-pt100array_pt019_r1_7536307_11-89ffb37037,2026-05-07T18:48:17.113Z,89.407,0,116.51,1980,0,0,,,,
powertraces-pt100array_pt019_r1_7536307_11-89ffb37037,2026-05-07T18:48:17.113Z,89.407,1,114.92,1980,1,0,,,,
powertraces-pt100array_pt019_r1_7536307_11-89ffb37037,2026-05-07T18:48:17.113Z,89.407,2,117.51,1980,0,0,,,,
powertraces-pt100array_pt019_r1_7536307_11-89ffb37037,2026-05-07T18:48:17.113Z,89.407,3,118.3,1980,0,0,,,,
powertraces-pt100array_pt019_r1_7536307_11-89ffb37037,2026-05-07T18:48:17.213Z,89.507,0,116.49,1980,0,0,,,,
powertraces-pt100array_pt019_r1_7536307_11-89ffb37037,2026-05-07T18:48:17.213Z,89.507,1,114.89,1980,1,0,,,,
powertraces-pt100array_pt019_r1_7536307_11-89ffb37037,2026-05-07T18:48:17.213Z,89.507,2,117.49,1980,0,0,,,,
powertraces-pt100array_pt019_r1_7536307_11-89ffb37037,2026-05-07T18:48:17.213Z,89.507,3,118.29,1980,0,0,,,,
powertraces-pt100array_pt019_r1_7536307_11-89ffb37037,2026-05-07T18:48:17.313Z,89.607,0,116.47,1980,0,0,,,,
powertraces-pt100array_pt019_r1_7536307_11-89ffb37037,2026-05-07T18:48:17.313Z,89.607,1,114.85,1980,1,0,,,,
powertraces-pt100array_pt019_r1_7536307_11-89ffb37037,2026-05-07T18:48:17.313Z,89.607,2,117.48,1980,0,0,,,,
powertraces-pt100array_pt019_r1_7536307_11-89ffb37037,2026-05-07T18:48:17.313Z,89.607,3,118.27,1980,0,0,,,,
powertraces-pt100array_pt019_r1_7536307_11-89ffb37037,2026-05-07T18:48:17.413Z,89.707,0,116.5,1980,0,0,,,,
powertraces-pt100array_pt019_r1_7536307_11-89ffb37037,2026-05-07T18:48:17.413Z,89.707,1,114.87,1980,1,0,,,,
powertraces-pt100array_pt019_r1_7536307_11-89ffb37037,2026-05-07T18:48:17.413Z,89.707,2,117.48,1980,0,0,,,,
powertraces-pt100array_pt019_r1_7536307_11-89ffb37037,2026-05-07T18:48:17.413Z,89.707,3,118.28,1980,0,0,,,,
powertraces-pt100array_pt019_r1_7536307_11-89ffb37037,2026-05-07T18:48:17.514Z,89.808,0,116.49,1980,0,0,,,,
powertraces-pt100array_pt019_r1_7536307_11-89ffb37037,2026-05-07T18:48:17.514Z,89.808,1,114.9,1980,1,0,,,,
powertraces-pt100array_pt019_r1_7536307_11-89ffb37037,2026-05-07T18:48:17.514Z,89.808,2,117.5,1980,0,0,,,,
powertraces-pt100array_pt019_r1_7536307_11-89ffb37037,2026-05-07T18:48:17.514Z,89.808,3,118.24,1980,0,0,,,,
powertraces-pt100array_pt019_r1_7536307_11-89ffb37037,2026-05-07T18:48:17.614Z,89.908,0,116.49,1980,0,0,,,,
powertraces-pt100array_pt019_r1_7536307_11-89ffb37037,2026-05-07T18:48:17.614Z,89.908,1,114.89,1980,1,0,,,,
powertraces-pt100array_pt019_r1_7536307_11-89ffb37037,2026-05-07T18:48:17.614Z,89.908,2,117.51,1980,0,0,,,,
powertraces-pt100array_pt019_r1_7536307_11-89ffb37037,2026-05-07T18:48:17.614Z,89.908,3,118.26,1980,0,0,,,,
powertraces-pt100array_pt019_r1_7536307_11-89ffb37037,2026-05-07T18:48:17.714Z,90.008,0,116.47,1980,0,0,,,,
powertraces-pt100array_pt019_r1_7536307_11-89ffb37037,2026-05-07T18:48:17.714Z,90.008,1,114.83,1980,1,0,,,,
powertraces-pt100array_pt019_r1_7536307_11-89ffb37037,2026-05-07T18:48:17.714Z,90.008,2,117.52,1980,0,0,,,,
powertraces-pt100array_pt019_r1_7536307_11-89ffb37037,2026-05-07T18:48:17.714Z,90.008,3,118.25,1980,0,0,,,,
powertraces-pt100array_pt019_r1_7536307_11-89ffb37037,2026-05-07T18:48:17.814Z,90.108,0,116.5,1980,0,0,,,,
powertraces-pt100array_pt019_r1_7536307_11-89ffb37037,2026-05-07T18:48:17.814Z,90.108,1,114.85,1980,1,0,,,,
powertraces-pt100array_pt019_r1_7536307_11-89ffb37037,2026-05-07T18:48:17.814Z,90.108,2,117.52,1980,0,0,,,,
powertraces-pt100array_pt019_r1_7536307_11-89ffb37037,2026-05-07T18:48:17.814Z,90.108,3,118.26,1980,0,0,,,,
powertraces-pt100array_pt019_r1_7536307_11-89ffb37037,2026-05-07T18:48:17.915Z,90.209,0,116.53,1980,0,0,,,,
powertraces-pt100array_pt019_r1_7536307_11-89ffb37037,2026-05-07T18:48:17.915Z,90.209,1,114.87,1980,1,0,,,,
powertraces-pt100array_pt019_r1_7536307_11-89ffb37037,2026-05-07T18:48:17.915Z,90.209,2,117.51,1980,0,0,,,,
powertraces-pt100array_pt019_r1_7536307_11-89ffb37037,2026-05-07T18:48:17.915Z,90.209,3,118.26,1980,0,0,,,,
powertraces-pt100array_pt019_r1_7536307_11-89ffb37037,2026-05-07T18:48:18.015Z,90.309,0,116.52,1980,0,0,,,,
powertraces-pt100array_pt019_r1_7536307_11-89ffb37037,2026-05-07T18:48:18.015Z,90.309,1,114.88,1980,1,0,,,,
powertraces-pt100array_pt019_r1_7536307_11-89ffb37037,2026-05-07T18:48:18.015Z,90.309,2,117.54,1980,0,0,,,,
powertraces-pt100array_pt019_r1_7536307_11-89ffb37037,2026-05-07T18:48:18.015Z,90.309,3,118.28,1980,0,0,,,,
powertraces-pt100array_pt019_r1_7536307_11-89ffb37037,2026-05-07T18:48:18.115Z,90.409,0,116.51,1980,0,0,,,,
powertraces-pt100array_pt019_r1_7536307_11-89ffb37037,2026-05-07T18:48:18.115Z,90.409,1,114.82,1980,1,0,,,,
powertraces-pt100array_pt019_r1_7536307_11-89ffb37037,2026-05-07T18:48:18.115Z,90.409,2,117.52,1980,0,0,,,,
powertraces-pt100array_pt019_r1_7536307_11-89ffb37037,2026-05-07T18:48:18.115Z,90.409,3,118.28,1980,0,0,,,,
powertraces-pt100array_pt019_r1_7536307_11-89ffb37037,2026-05-07T18:48:18.215Z,90.509,0,116.52,1980,0,0,,,,
powertraces-pt100array_pt019_r1_7536307_11-89ffb37037,2026-05-07T18:48:18.216Z,90.51,1,114.82,1980,1,0,,,,
powertraces-pt100array_pt019_r1_7536307_11-89ffb37037,2026-05-07T18:48:18.216Z,90.51,2,117.52,1980,0,0,,,,
powertraces-pt100array_pt019_r1_7536307_11-89ffb37037,2026-05-07T18:48:18.216Z,90.51,3,118.29,1980,0,0,,,,
powertraces-pt100array_pt019_r1_7536307_11-89ffb37037,2026-05-07T18:48:18.316Z,90.61,0,116.52,1980,0,0,,,,
powertraces-pt100array_pt019_r1_7536307_11-89ffb37037,2026-05-07T18:48:18.316Z,90.61,1,114.85,1980,1,0,,,,
powertraces-pt100array_pt019_r1_7536307_11-89ffb37037,2026-05-07T18:48:18.316Z,90.61,2,117.56,1980,0,0,,,,
powertraces-pt100array_pt019_r1_7536307_11-89ffb37037,2026-05-07T18:48:18.316Z,90.61,3,118.3,1980,0,0,,,,
powertraces-pt100array_pt019_r1_7536307_11-89ffb37037,2026-05-07T18:48:18.416Z,90.71,0,116.5,1980,0,0,,,,
powertraces-pt100array_pt019_r1_7536307_11-89ffb37037,2026-05-07T18:48:18.416Z,90.71,1,114.86,1980,1,0,,,,
powertraces-pt100array_pt019_r1_7536307_11-89ffb37037,2026-05-07T18:48:18.416Z,90.71,2,117.58,1980,0,0,,,,
powertraces-pt100array_pt019_r1_7536307_11-89ffb37037,2026-05-07T18:48:18.416Z,90.71,3,118.31,1980,0,0,,,,
powertraces-pt100array_pt019_r1_7536307_11-89ffb37037,2026-05-07T18:48:18.516Z,90.81,0,116.53,1980,0,0,,,,
powertraces-pt100array_pt019_r1_7536307_11-89ffb37037,2026-05-07T18:48:18.516Z,90.81,1,114.82,1980,1,0,,,,
powertraces-pt100array_pt019_r1_7536307_11-89ffb37037,2026-05-07T18:48:18.516Z,90.81,2,117.55,1980,0,0,,,,
powertraces-pt100array_pt019_r1_7536307_11-89ffb37037,2026-05-07T18:48:18.516Z,90.81,3,118.3,1980,0,0,,,,
powertraces-pt100array_pt019_r1_7536307_11-89ffb37037,2026-05-07T18:48:18.616Z,90.91,0,116.52,1980,0,0,,,,
powertraces-pt100array_pt019_r1_7536307_11-89ffb37037,2026-05-07T18:48:18.616Z,90.91,1,114.83,1980,1,0,,,,
powertraces-pt100array_pt019_r1_7536307_11-89ffb37037,2026-05-07T18:48:18.616Z,90.91,2,117.55,1980,0,0,,,,
powertraces-pt100array_pt019_r1_7536307_11-89ffb37037,2026-05-07T18:48:18.616Z,90.91,3,118.27,1980,0,0,,,,
powertraces-pt100array_pt019_r1_7536307_11-89ffb37037,2026-05-07T18:48:18.717Z,91.011,0,116.53,1980,0,0,,,,
powertraces-pt100array_pt019_r1_7536307_11-89ffb37037,2026-05-07T18:48:18.717Z,91.011,1,114.86,1980,1,0,,,,
powertraces-pt100array_pt019_r1_7536307_11-89ffb37037,2026-05-07T18:48:18.717Z,91.011,2,117.53,1980,0,0,,,,
powertraces-pt100array_pt019_r1_7536307_11-89ffb37037,2026-05-07T18:48:18.717Z,91.011,3,118.3,1980,0,0,,,,
powertraces-pt100array_pt019_r1_7536307_11-89ffb37037,2026-05-07T18:48:18.817Z,91.111,0,116.52,1980,0,0,,,,
powertraces-pt100array_pt019_r1_7536307_11-89ffb37037,2026-05-07T18:48:18.817Z,91.111,1,114.89,1980,1,0,,,,
powertraces-pt100array_pt019_r1_7536307_11-89ffb37037,2026-05-07T18:48:18.817Z,91.111,2,117.51,1980,0,0,,,,
powertraces-pt100array_pt019_r1_7536307_11-89ffb37037,2026-05-07T18:48:18.817Z,91.111,3,118.3,1980,0,0,,,,
powertraces-pt100array_pt019_r1_7536307_11-89ffb37037,2026-05-07T18:48:18.917Z,91.211,0,116.52,1980,0,0,,,,
powertraces-pt100array_pt019_r1_7536307_11-89ffb37037,2026-05-07T18:48:18.917Z,91.211,1,114.89,1980,1,0,,,,
powertraces-pt100array_pt019_r1_7536307_11-89ffb37037,2026-05-07T18:48:18.917Z,91.211,2,117.52,1980,0,0,,,,
powertraces-pt100array_pt019_r1_7536307_11-89ffb37037,2026-05-07T18:48:18.917Z,91.211,3,118.32,1980,0,0,,,,
powertraces-pt100array_pt019_r1_7536307_11-89ffb37037,2026-05-07T18:48:19.017Z,91.311,0,116.53,1980,0,0,,,,
powertraces-pt100array_pt019_r1_7536307_11-89ffb37037,2026-05-07T18:48:19.017Z,91.311,1,114.83,1980,1,0,,,,
powertraces-pt100array_pt019_r1_7536307_11-89ffb37037,2026-05-07T18:48:19.017Z,91.311,2,117.51,1980,0,0,,,,
powertraces-pt100array_pt019_r1_7536307_11-89ffb37037,2026-05-07T18:48:19.017Z,91.311,3,118.33,1980,0,0,,,,
powertraces-pt100array_pt019_r1_7536307_11-89ffb37037,2026-05-07T18:48:19.117Z,91.411,0,116.51,1980,0,0,,,,
powertraces-pt100array_pt019_r1_7536307_11-89ffb37037,2026-05-07T18:48:19.117Z,91.411,1,114.9,1980,1,0,,,,
powertraces-pt100array_pt019_r1_7536307_11-89ffb37037,2026-05-07T18:48:19.117Z,91.411,2,117.51,1980,0,0,,,,
powertraces-pt100array_pt019_r1_7536307_11-89ffb37037,2026-05-07T18:48:19.117Z,91.411,3,118.38,1980,0,0,,,,
powertraces-pt100array_pt019_r1_7536307_11-89ffb37037,2026-05-07T18:48:19.218Z,91.512,0,116.52,1980,0,0,,,,
powertraces-pt100array_pt019_r1_7536307_11-89ffb37037,2026-05-07T18:48:19.218Z,91.512,1,114.92,1980,1,0,,,,
powertraces-pt100array_pt019_r1_7536307_11-89ffb37037,2026-05-07T18:48:19.218Z,91.512,2,117.54,1980,0,0,,,,
powertraces-pt100array_pt019_r1_7536307_11-89ffb37037,2026-05-07T18:48:19.218Z,91.512,3,118.37,1980,0,0,,,,
powertraces-pt100array_pt019_r1_7536307_11-89ffb37037,2026-05-07T18:48:19.318Z,91.612,0,116.51,1980,0,0,,,,
powertraces-pt100array_pt019_r1_7536307_11-89ffb37037,2026-05-07T18:48:19.318Z,91.612,1,114.88,1980,1,0,,,,
powertraces-pt100array_pt019_r1_7536307_11-89ffb37037,2026-05-07T18:48:19.318Z,91.612,2,117.54,1980,0,0,,,,
powertraces-pt100array_pt019_r1_7536307_11-89ffb37037,2026-05-07T18:48:19.318Z,91.612,3,118.39,1980,0,0,,,,
powertraces-pt100array_pt019_r1_7536307_11-89ffb37037,2026-05-07T18:48:19.418Z,91.712,0,116.52,1980,0,0,,,,
powertraces-pt100array_pt019_r1_7536307_11-89ffb37037,2026-05-07T18:48:19.418Z,91.712,1,114.84,1980,1,0,,,,
powertraces-pt100array_pt019_r1_7536307_11-89ffb37037,2026-05-07T18:48:19.418Z,91.712,2,117.54,1980,0,0,,,,
powertraces-pt100array_pt019_r1_7536307_11-89ffb37037,2026-05-07T18:48:19.418Z,91.712,3,118.37,1980,0,0,,,,
powertraces-pt100array_pt019_r1_7536307_11-89ffb37037,2026-05-07T18:48:19.518Z,91.812,0,116.52,1980,0,0,,,,
powertraces-pt100array_pt019_r1_7536307_11-89ffb37037,2026-05-07T18:48:19.518Z,91.812,1,114.86,1980,1,0,,,,
powertraces-pt100array_pt019_r1_7536307_11-89ffb37037,2026-05-07T18:48:19.518Z,91.812,2,117.56,1980,0,0,,,,
powertraces-pt100array_pt019_r1_7536307_11-89ffb37037,2026-05-07T18:48:19.518Z,91.812,3,118.38,1980,0,0,,,,
powertraces-pt100array_pt019_r1_7536307_11-89ffb37037,2026-05-07T18:48:19.619Z,91.913,0,116.52,1980,0,0,,,,
powertraces-pt100array_pt019_r1_7536307_11-89ffb37037,2026-05-07T18:48:19.619Z,91.913,1,114.89,1980,1,0,,,,
powertraces-pt100array_pt019_r1_7536307_11-89ffb37037,2026-05-07T18:48:19.619Z,91.913,2,117.56,1980,0,0,,,,
powertraces-pt100array_pt019_r1_7536307_11-89ffb37037,2026-05-07T18:48:19.619Z,91.913,3,118.4,1980,0,0,,,,
powertraces-pt100array_pt019_r1_7536307_11-89ffb37037,2026-05-07T18:48:19.719Z,92.013,0,116.52,1980,0,0,,,,
powertraces-pt100array_pt019_r1_7536307_11-89ffb37037,2026-05-07T18:48:19.719Z,92.013,1,114.89,1980,1,0,,,,
powertraces-pt100array_pt019_r1_7536307_11-89ffb37037,2026-05-07T18:48:19.719Z,92.013,2,117.58,1980,0,0,,,,
powertraces-pt100array_pt019_r1_7536307_11-89ffb37037,2026-05-07T18:48:19.719Z,92.013,3,118.39,1980,0,0,,,,
powertraces-pt100array_pt019_r1_7536307_11-89ffb37037,2026-05-07T18:48:19.819Z,92.113,0,116.52,1980,0,0,,,,
powertraces-pt100array_pt019_r1_7536307_11-89ffb37037,2026-05-07T18:48:19.819Z,92.113,1,114.85,1980,1,0,,,,
powertraces-pt100array_pt019_r1_7536307_11-89ffb37037,2026-05-07T18:48:19.819Z,92.113,2,117.57,1980,0,0,,,,
powertraces-pt100array_pt019_r1_7536307_11-89ffb37037,2026-05-07T18:48:19.819Z,92.113,3,118.34,1980,0,0,,,,
powertraces-pt100array_pt019_r1_7536307_11-89ffb37037,2026-05-07T18:48:19.919Z,92.213,0,116.52,1980,0,0,,,,
powertraces-pt100array_pt019_r1_7536307_11-89ffb37037,2026-05-07T18:48:19.919Z,92.213,1,114.86,1980,1,0,,,,
powertraces-pt100array_pt019_r1_7536307_11-89ffb37037,2026-05-07T18:48:19.919Z,92.213,2,117.56,1980,0,0,,,,
powertraces-pt100array_pt019_r1_7536307_11-89ffb37037,2026-05-07T18:48:19.919Z,92.213,3,118.33,1980,0,0,,,,
powertraces-pt100array_pt019_r1_7536307_11-89ffb37037,2026-05-07T18:48:20.02Z,92.314,0,116.53,1980,0,0,,,,
powertraces-pt100array_pt019_r1_7536307_11-89ffb37037,2026-05-07T18:48:20.02Z,92.314,1,114.87,1980,1,0,,,,
powertraces-pt100array_pt019_r1_7536307_11-89ffb37037,2026-05-07T18:48:20.02Z,92.314,2,117.55,1980,0,0,,,,
powertraces-pt100array_pt019_r1_7536307_11-89ffb37037,2026-05-07T18:48:20.02Z,92.314,3,118.34,1980,0,0,,,,
powertraces-pt100array_pt019_r1_7536307_11-89ffb37037,2026-05-07T18:48:20.12Z,92.414,0,116.53,1980,0,0,,,,
powertraces-pt100array_pt019_r1_7536307_11-89ffb37037,2026-05-07T18:48:20.12Z,92.414,1,114.87,1980,1,0,,,,
powertraces-pt100array_pt019_r1_7536307_11-89ffb37037,2026-05-07T18:48:20.12Z,92.414,2,117.55,1980,0,0,,,,
powertraces-pt100array_pt019_r1_7536307_11-89ffb37037,2026-05-07T18:48:20.12Z,92.414,3,118.33,1980,0,0,,,,
powertraces-pt100array_pt019_r1_7536307_11-89ffb37037,2026-05-07T18:48:20.22Z,92.514,0,116.53,1980,0,0,,,,
powertraces-pt100array_pt019_r1_7536307_11-89ffb37037,2026-05-07T18:48:20.22Z,92.514,1,114.88,1980,1,0,,,,
powertraces-pt100array_pt019_r1_7536307_11-89ffb37037,2026-05-07T18:48:20.22Z,92.514,2,117.56,1980,0,0,,,,
powertraces-pt100array_pt019_r1_7536307_11-89ffb37037,2026-05-07T18:48:20.22Z,92.514,3,118.36,1980,0,0,,,,
powertraces-pt100array_pt019_r1_7536307_11-89ffb37037,2026-05-07T18:48:20.32Z,92.614,0,116.52,1980,0,0,,,,
powertraces-pt100array_pt019_r1_7536307_11-89ffb37037,2026-05-07T18:48:20.32Z,92.614,1,114.87,1980,1,0,,,,
powertraces-pt100array_pt019_r1_7536307_11-89ffb37037,2026-05-07T18:48:20.32Z,92.614,2,117.55,1980,0,0,,,,
powertraces-pt100array_pt019_r1_7536307_11-89ffb37037,2026-05-07T18:48:20.32Z,92.614,3,118.37,1980,0,0,,,,
powertraces-pt100array_pt019_r1_7536307_11-89ffb37037,2026-05-07T18:48:20.42Z,92.714,0,116.52,1980,0,0,,,,
powertraces-pt100array_pt019_r1_7536307_11-89ffb37037,2026-05-07T18:48:20.42Z,92.714,1,114.92,1980,1,0,,,,
powertraces-pt100array_pt019_r1_7536307_11-89ffb37037,2026-05-07T18:48:20.42Z,92.714,2,117.56,1980,0,0,,,,
powertraces-pt100array_pt019_r1_7536307_11-89ffb37037,2026-05-07T18:48:20.42Z,92.714,3,118.39,1980,0,0,,,,
powertraces-pt100array_pt019_r1_7536307_11-89ffb37037,2026-05-07T18:48:20.52Z,92.814,0,116.49,1980,0,0,,,,
powertraces-pt100array_pt019_r1_7536307_11-89ffb37037,2026-05-07T18:48:20.521Z,92.815,1,114.93,1980,1,0,,,,
powertraces-pt100array_pt019_r1_7536307_11-89ffb37037,2026-05-07T18:48:20.521Z,92.815,2,117.56,1980,0,0,,,,
powertraces-pt100array_pt019_r1_7536307_11-89ffb37037,2026-05-07T18:48:20.521Z,92.815,3,118.38,1980,0,0,,,,
powertraces-pt100array_pt019_r1_7536307_11-89ffb37037,2026-05-07T18:48:20.621Z,92.915,0,116.5,1980,0,0,,,,
powertraces-pt100array_pt019_r1_7536307_11-89ffb37037,2026-05-07T18:48:20.621Z,92.915,1,114.94,1980,1,0,,,,
powertraces-pt100array_pt019_r1_7536307_11-89ffb37037,2026-05-07T18:48:20.621Z,92.915,2,117.51,1980,0,0,,,,
powertraces-pt100array_pt019_r1_7536307_11-89ffb37037,2026-05-07T18:48:20.621Z,92.915,3,118.39,1980,0,0,,,,
powertraces-pt100array_pt019_r1_7536307_11-89ffb37037,2026-05-07T18:48:20.721Z,93.015,0,116.49,1980,0,0,,,,
powertraces-pt100array_pt019_r1_7536307_11-89ffb37037,2026-05-07T18:48:20.721Z,93.015,1,114.89,1980,1,0,,,,
powertraces-pt100array_pt019_r1_7536307_11-89ffb37037,2026-05-07T18:48:20.721Z,93.015,2,117.52,1980,0,0,,,,
powertraces-pt100array_pt019_r1_7536307_11-89ffb37037,2026-05-07T18:48:20.721Z,93.015,3,118.4,1980,0,0,,,,
powertraces-pt100array_pt019_r1_7536307_11-89ffb37037,2026-05-07T18:48:20.821Z,93.115,0,116.49,1980,0,0,,,,
powertraces-pt100array_pt019_r1_7536307_11-89ffb37037,2026-05-07T18:48:20.821Z,93.115,1,114.89,1980,1,0,,,,
powertraces-pt100array_pt019_r1_7536307_11-89ffb37037,2026-05-07T18:48:20.821Z,93.115,2,117.53,1980,0,0,,,,
powertraces-pt100array_pt019_r1_7536307_11-89ffb37037,2026-05-07T18:48:20.821Z,93.115,3,118.39,1980,0,0,,,,
powertraces-pt100array_pt019_r1_7536307_11-89ffb37037,2026-05-07T18:48:20.922Z,93.216,0,116.46,1980,0,0,,,,
powertraces-pt100array_pt019_r1_7536307_11-89ffb37037,2026-05-07T18:48:20.922Z,93.216,1,114.89,1980,1,0,,,,
powertraces-pt100array_pt019_r1_7536307_11-89ffb37037,2026-05-07T18:48:20.922Z,93.216,2,117.49,1980,0,0,,,,
powertraces-pt100array_pt019_r1_7536307_11-89ffb37037,2026-05-07T18:48:20.922Z,93.216,3,118.36,1980,0,0,,,,
powertraces-pt100array_pt019_r1_7536307_11-89ffb37037,2026-05-07T18:48:21.022Z,93.316,0,116.48,1980,0,0,,,,
powertraces-pt100array_pt019_r1_7536307_11-89ffb37037,2026-05-07T18:48:21.022Z,93.316,1,114.91,1980,1,0,,,,
powertraces-pt100array_pt019_r1_7536307_11-89ffb37037,2026-05-07T18:48:21.022Z,93.316,2,117.51,1980,0,0,,,,
powertraces-pt100array_pt019_r1_7536307_11-89ffb37037,2026-05-07T18:48:21.022Z,93.316,3,118.34,1980,0,0,,,,
powertraces-pt100array_pt019_r1_7536307_11-89ffb37037,2026-05-07T18:48:21.122Z,93.416,0,116.46,1980,0,0,,,,
powertraces-pt100array_pt019_r1_7536307_11-89ffb37037,2026-05-07T18:48:21.122Z,93.416,1,114.85,1980,1,0,,,,
powertraces-pt100array_pt019_r1_7536307_11-89ffb37037,2026-05-07T18:48:21.122Z,93.416,2,117.51,1980,0,0,,,,
powertraces-pt100array_pt019_r1_7536307_11-89ffb37037,2026-05-07T18:48:21.122Z,93.416,3,118.32,1980,0,0,,,,
powertraces-pt100array_pt019_r1_7536307_11-89ffb37037,2026-05-07T18:48:21.222Z,93.516,0,116.45,1980,0,0,,,,
powertraces-pt100array_pt019_r1_7536307_11-89ffb37037,2026-05-07T18:48:21.222Z,93.516,1,114.83,1980,1,0,,,,
powertraces-pt100array_pt019_r1_7536307_11-89ffb37037,2026-05-07T18:48:21.222Z,93.516,2,117.49,1980,0,0,,,,
powertraces-pt100array_pt019_r1_7536307_11-89ffb37037,2026-05-07T18:48:21.222Z,93.516,3,118.31,1980,0,0,,,,
powertraces-pt100array_pt019_r1_7536307_11-89ffb37037,2026-05-07T18:48:21.322Z,93.616,0,116.46,1980,0,0,,,,
powertraces-pt100array_pt019_r1_7536307_11-89ffb37037,2026-05-07T18:48:21.322Z,93.616,1,114.88,1980,1,0,,,,
powertraces-pt100array_pt019_r1_7536307_11-89ffb37037,2026-05-07T18:48:21.322Z,93.616,2,117.48,1980,0,0,,,,
powertraces-pt100array_pt019_r1_7536307_11-89ffb37037,2026-05-07T18:48:21.322Z,93.616,3,118.32,1980,0,0,,,,
powertraces-pt100array_pt019_r1_7536307_11-89ffb37037,2026-05-07T18:48:21.422Z,93.716,0,116.45,1980,0,0,,,,
powertraces-pt100array_pt019_r1_7536307_11-89ffb37037,2026-05-07T18:48:21.423Z,93.717,1,114.86,1980,1,0,,,,
powertraces-pt100array_pt019_r1_7536307_11-89ffb37037,2026-05-07T18:48:21.423Z,93.717,2,117.48,1980,0,0,,,,
powertraces-pt100array_pt019_r1_7536307_11-89ffb37037,2026-05-07T18:48:21.423Z,93.717,3,118.34,1980,0,0,,,,
powertraces-pt100array_pt019_r1_7536307_11-89ffb37037,2026-05-07T18:48:21.523Z,93.817,0,116.46,1980,0,0,,,,
powertraces-pt100array_pt019_r1_7536307_11-89ffb37037,2026-05-07T18:48:21.523Z,93.817,1,114.82,1980,1,0,,,,
powertraces-pt100array_pt019_r1_7536307_11-89ffb37037,2026-05-07T18:48:21.523Z,93.817,2,117.47,1980,0,0,,,,
powertraces-pt100array_pt019_r1_7536307_11-89ffb37037,2026-05-07T18:48:21.523Z,93.817,3,118.37,1980,0,0,,,,
powertraces-pt100array_pt019_r1_7536307_11-89ffb37037,2026-05-07T18:48:21.623Z,93.917,0,116.44,1980,0,0,,,,
powertraces-pt100array_pt019_r1_7536307_11-89ffb37037,2026-05-07T18:48:21.623Z,93.917,1,114.83,1980,1,0,,,,
powertraces-pt100array_pt019_r1_7536307_11-89ffb37037,2026-05-07T18:48:21.623Z,93.917,2,117.52,1980,0,0,,,,
powertraces-pt100array_pt019_r1_7536307_11-89ffb37037,2026-05-07T18:48:21.623Z,93.917,3,118.37,1980,0,0,,,,
powertraces-pt100array_pt019_r1_7536307_11-89ffb37037,2026-05-07T18:48:21.723Z,94.017,0,116.46,1980,0,0,,,,
powertraces-pt100array_pt019_r1_7536307_11-89ffb37037,2026-05-07T18:48:21.723Z,94.017,1,114.85,1980,1,0,,,,
powertraces-pt100array_pt019_r1_7536307_11-89ffb37037,2026-05-07T18:48:21.723Z,94.017,2,117.49,1980,0,0,,,,
powertraces-pt100array_pt019_r1_7536307_11-89ffb37037,2026-05-07T18:48:21.723Z,94.017,3,118.39,1980,0,0,,,,
powertraces-pt100array_pt019_r1_7536307_11-89ffb37037,2026-05-07T18:48:21.823Z,94.117,0,116.45,1980,0,0,,,,
powertraces-pt100array_pt019_r1_7536307_11-89ffb37037,2026-05-07T18:48:21.823Z,94.117,1,114.86,1980,0,0,,,,
powertraces-pt100array_pt019_r1_7536307_11-89ffb37037,2026-05-07T18:48:21.823Z,94.117,2,117.52,1980,0,0,,,,
powertraces-pt100array_pt019_r1_7536307_11-89ffb37037,2026-05-07T18:48:21.823Z,94.117,3,118.38,1980,0,0,,,,
powertraces-pt100array_pt019_r1_7536307_11-89ffb37037,2026-05-07T18:48:21.924Z,94.218,0,116.46,1980,0,0,,,,
powertraces-pt100array_pt019_r1_7536307_11-89ffb37037,2026-05-07T18:48:21.924Z,94.218,1,114.83,1980,0,0,,,,
powertraces-pt100array_pt019_r1_7536307_11-89ffb37037,2026-05-07T18:48:21.924Z,94.218,2,117.53,1980,0,0,,,,
powertraces-pt100array_pt019_r1_7536307_11-89ffb37037,2026-05-07T18:48:21.924Z,94.218,3,118.39,1980,0,0,,,,
powertraces-pt100array_pt019_r1_7536307_11-89ffb37037,2026-05-07T18:48:22.024Z,94.318,0,116.45,1980,0,0,,,,
powertraces-pt100array_pt019_r1_7536307_11-89ffb37037,2026-05-07T18:48:22.024Z,94.318,1,114.8,1980,1,0,,,,
powertraces-pt100array_pt019_r1_7536307_11-89ffb37037,2026-05-07T18:48:22.024Z,94.318,2,117.53,1980,0,0,,,,
powertraces-pt100array_pt019_r1_7536307_11-89ffb37037,2026-05-07T18:48:22.024Z,94.318,3,118.38,1980,0,0,,,,
powertraces-pt100array_pt019_r1_7536307_11-89ffb37037,2026-05-07T18:48:22.124Z,94.418,0,116.48,1980,0,0,,,,
powertraces-pt100array_pt019_r1_7536307_11-89ffb37037,2026-05-07T18:48:22.124Z,94.418,1,114.83,1980,1,0,,,,
powertraces-pt100array_pt019_r1_7536307_11-89ffb37037,2026-05-07T18:48:22.124Z,94.418,2,117.57,1980,0,0,,,,
powertraces-pt100array_pt019_r1_7536307_11-89ffb37037,2026-05-07T18:48:22.124Z,94.418,3,118.37,1980,0,0,,,,
powertraces-pt100array_pt019_r1_7536307_11-89ffb37037,2026-05-07T18:48:22.224Z,94.518,0,116.49,1980,0,0,,,,
powertraces-pt100array_pt019_r1_7536307_11-89ffb37037,2026-05-07T18:48:22.224Z,94.518,1,114.86,1980,1,0,,,,
powertraces-pt100array_pt019_r1_7536307_11-89ffb37037,2026-05-07T18:48:22.224Z,94.518,2,117.62,1980,0,0,,,,
powertraces-pt100array_pt019_r1_7536307_11-89ffb37037,2026-05-07T18:48:22.224Z,94.518,3,118.34,1980,0,0,,,,
powertraces-pt100array_pt019_r1_7536307_11-89ffb37037,2026-05-07T18:48:22.324Z,94.618,0,116.49,1980,0,0,,,,
powertraces-pt100array_pt019_r1_7536307_11-89ffb37037,2026-05-07T18:48:22.325Z,94.619,1,114.84,1980,1,0,,,,
powertraces-pt100array_pt019_r1_7536307_11-89ffb37037,2026-05-07T18:48:22.325Z,94.619,2,117.64,1980,0,0,,,,
powertraces-pt100array_pt019_r1_7536307_11-89ffb37037,2026-05-07T18:48:22.325Z,94.619,3,118.32,1980,0,0,,,,
powertraces-pt100array_pt019_r1_7536307_11-89ffb37037,2026-05-07T18:48:22.425Z,94.719,0,116.49,1980,0,0,,,,
powertraces-pt100array_pt019_r1_7536307_11-89ffb37037,2026-05-07T18:48:22.425Z,94.719,1,114.77,1980,1,0,,,,
powertraces-pt100array_pt019_r1_7536307_11-89ffb37037,2026-05-07T18:48:22.425Z,94.719,2,117.67,1980,1,0,,,,
powertraces-pt100array_pt019_r1_7536307_11-89ffb37037,2026-05-07T18:48:22.425Z,94.719,3,118.29,1980,0,0,,,,
powertraces-pt100array_pt019_r1_7536307_11-89ffb37037,2026-05-07T18:48:22.525Z,94.819,0,116.49,1980,0,0,,,,
powertraces-pt100array_pt019_r1_7536307_11-89ffb37037,2026-05-07T18:48:22.525Z,94.819,1,114.77,1980,1,0,,,,
powertraces-pt100array_pt019_r1_7536307_11-89ffb37037,2026-05-07T18:48:22.525Z,94.819,2,117.73,1980,1,0,,,,
powertraces-pt100array_pt019_r1_7536307_11-89ffb37037,2026-05-07T18:48:22.525Z,94.819,3,118.29,1980,0,0,,,,
powertraces-pt100array_pt019_r1_7536307_11-89ffb37037,2026-05-07T18:48:22.625Z,94.919,0,116.5,1980,0,0,,,,
powertraces-pt100array_pt019_r1_7536307_11-89ffb37037,2026-05-07T18:48:22.625Z,94.919,1,114.78,1980,0,0,,,,
powertraces-pt100array_pt019_r1_7536307_11-89ffb37037,2026-05-07T18:48:22.625Z,94.919,2,117.75,1980,1,0,,,,
powertraces-pt100array_pt019_r1_7536307_11-89ffb37037,2026-05-07T18:48:22.625Z,94.919,3,118.3,1980,0,0,,,,
powertraces-pt100array_pt019_r1_7536307_11-89ffb37037,2026-05-07T18:48:22.726Z,95.02,0,116.5,1980,0,0,,,,
powertraces-pt100array_pt019_r1_7536307_11-89ffb37037,2026-05-07T18:48:22.726Z,95.02,1,114.76,1980,0,0,,,,
powertraces-pt100array_pt019_r1_7536307_11-89ffb37037,2026-05-07T18:48:22.726Z,95.02,2,117.78,1980,1,0,,,,
powertraces-pt100array_pt019_r1_7536307_11-89ffb37037,2026-05-07T18:48:22.726Z,95.02,3,118.32,1980,0,0,,,,
powertraces-pt100array_pt019_r1_7536307_11-89ffb37037,2026-05-07T18:48:22.826Z,95.12,0,116.5,1980,0,0,,,,
powertraces-pt100array_pt019_r1_7536307_11-89ffb37037,2026-05-07T18:48:22.826Z,95.12,1,114.7,1980,0,0,,,,
powertraces-pt100array_pt019_r1_7536307_11-89ffb37037,2026-05-07T18:48:22.826Z,95.12,2,117.79,1980,1,0,,,,
powertraces-pt100array_pt019_r1_7536307_11-89ffb37037,2026-05-07T18:48:22.826Z,95.12,3,118.33,1980,0,0,,,,
powertraces-pt100array_pt019_r1_7536307_11-89ffb37037,2026-05-07T18:48:22.926Z,95.22,0,116.5,1980,0,0,,,,
powertraces-pt100array_pt019_r1_7536307_11-89ffb37037,2026-05-07T18:48:22.926Z,95.22,1,114.7,1980,0,0,,,,
powertraces-pt100array_pt019_r1_7536307_11-89ffb37037,2026-05-07T18:48:22.926Z,95.22,2,117.82,1980,1,0,,,,
powertraces-pt100array_pt019_r1_7536307_11-89ffb37037,2026-05-07T18:48:22.926Z,95.22,3,118.33,1980,0,0,,,,
powertraces-pt100array_pt019_r1_7536307_11-89ffb37037,2026-05-07T18:48:23.026Z,95.32,0,116.51,1980,0,0,,,,
powertraces-pt100array_pt019_r1_7536307_11-89ffb37037,2026-05-07T18:48:23.026Z,95.32,1,114.7,1980,0,0,,,,
powertraces-pt100array_pt019_r1_7536307_11-89ffb37037,2026-05-07T18:48:23.026Z,95.32,2,117.81,1980,1,0,,,,
powertraces-pt100array_pt019_r1_7536307_11-89ffb37037,2026-05-07T18:48:23.026Z,95.32,3,118.33,1980,0,0,,,,
powertraces-pt100array_pt019_r1_7536307_11-89ffb37037,2026-05-07T18:48:23.126Z,95.42,0,116.5,1980,0,0,,,,
powertraces-pt100array_pt019_r1_7536307_11-89ffb37037,2026-05-07T18:48:23.127Z,95.421,1,114.68,1980,0,0,,,,
powertraces-pt100array_pt019_r1_7536307_11-89ffb37037,2026-05-07T18:48:23.127Z,95.421,2,117.81,1980,1,0,,,,
powertraces-pt100array_pt019_r1_7536307_11-89ffb37037,2026-05-07T18:48:23.127Z,95.421,3,118.33,1980,0,0,,,,
powertraces-pt100array_pt019_r1_7536307_11-89ffb37037,2026-05-07T18:48:23.227Z,95.521,0,116.49,1980,0,0,,,,
powertraces-pt100array_pt019_r1_7536307_11-89ffb37037,2026-05-07T18:48:23.227Z,95.521,1,114.62,1980,0,0,,,,
powertraces-pt100array_pt019_r1_7536307_11-89ffb37037,2026-05-07T18:48:23.227Z,95.521,2,117.8,1980,1,0,,,,
powertraces-pt100array_pt019_r1_7536307_11-89ffb37037,2026-05-07T18:48:23.227Z,95.521,3,118.35,1980,0,0,,,,
powertraces-pt100array_pt019_r1_7536307_11-89ffb37037,2026-05-07T18:48:23.327Z,95.621,0,116.49,1980,0,0,,,,
powertraces-pt100array_pt019_r1_7536307_11-89ffb37037,2026-05-07T18:48:23.327Z,95.621,1,114.58,1980,0,0,,,,
powertraces-pt100array_pt019_r1_7536307_11-89ffb37037,2026-05-07T18:48:23.327Z,95.621,2,117.82,1980,1,0,,,,
powertraces-pt100array_pt019_r1_7536307_11-89ffb37037,2026-05-07T18:48:23.327Z,95.621,3,118.35,1980,0,0,,,,
powertraces-pt100array_pt019_r1_7536307_11-89ffb37037,2026-05-07T18:48:23.427Z,95.721,0,116.47,1980,0,0,,,,
powertraces-pt100array_pt019_r1_7536307_11-89ffb37037,2026-05-07T18:48:23.427Z,95.721,1,114.6,1980,0,0,,,,
powertraces-pt100array_pt019_r1_7536307_11-89ffb37037,2026-05-07T18:48:23.427Z,95.721,2,117.82,1980,1,0,,,,
powertraces-pt100array_pt019_r1_7536307_11-89ffb37037,2026-05-07T18:48:23.427Z,95.721,3,118.33,1980,0,0,,,,
powertraces-pt100array_pt019_r1_7536307_11-89ffb37037,2026-05-07T18:48:23.528Z,95.822,0,116.47,1980,0,0,,,,
powertraces-pt100array_pt019_r1_7536307_11-89ffb37037,2026-05-07T18:48:23.528Z,95.822,1,114.63,1980,0,0,,,,
powertraces-pt100array_pt019_r1_7536307_11-89ffb37037,2026-05-07T18:48:23.528Z,95.822,2,117.81,1980,1,0,,,,
powertraces-pt100array_pt019_r1_7536307_11-89ffb37037,2026-05-07T18:48:23.528Z,95.822,3,118.32,1980,0,0,,,,
powertraces-pt100array_pt019_r1_7536307_11-89ffb37037,2026-05-07T18:48:23.628Z,95.922,0,116.47,1980,0,0,,,,
powertraces-pt100array_pt019_r1_7536307_11-89ffb37037,2026-05-07T18:48:23.628Z,95.922,1,114.59,1980,0,0,,,,
powertraces-pt100array_pt019_r1_7536307_11-89ffb37037,2026-05-07T18:48:23.628Z,95.922,2,117.79,1980,1,0,,,,
powertraces-pt100array_pt019_r1_7536307_11-89ffb37037,2026-05-07T18:48:23.628Z,95.922,3,118.3,1980,0,0,,,,
powertraces-pt100array_pt019_r1_7536307_11-89ffb37037,2026-05-07T18:48:23.728Z,96.022,0,116.47,1980,0,0,,,,
powertraces-pt100array_pt019_r1_7536307_11-89ffb37037,2026-05-07T18:48:23.728Z,96.022,1,114.54,1980,0,0,,,,
powertraces-pt100array_pt019_r1_7536307_11-89ffb37037,2026-05-07T18:48:23.728Z,96.022,2,117.8,1980,1,0,,,,
powertraces-pt100array_pt019_r1_7536307_11-89ffb37037,2026-05-07T18:48:23.728Z,96.022,3,118.29,1980,0,0,,,,
powertraces-pt100array_pt019_r1_7536307_11-89ffb37037,2026-05-07T18:48:23.828Z,96.122,0,116.47,1980,0,0,,,,
powertraces-pt100array_pt019_r1_7536307_11-89ffb37037,2026-05-07T18:48:23.828Z,96.122,1,114.58,1980,0,0,,,,
powertraces-pt100array_pt019_r1_7536307_11-89ffb37037,2026-05-07T18:48:23.828Z,96.122,2,117.8,1980,1,0,,,,
powertraces-pt100array_pt019_r1_7536307_11-89ffb37037,2026-05-07T18:48:23.828Z,96.122,3,118.3,1980,0,0,,,,
powertraces-pt100array_pt019_r1_7536307_11-89ffb37037,2026-05-07T18:48:23.928Z,96.222,0,116.45,1980,0,0,,,,
powertraces-pt100array_pt019_r1_7536307_11-89ffb37037,2026-05-07T18:48:23.928Z,96.222,1,114.6,1980,0,0,,,,
powertraces-pt100array_pt019_r1_7536307_11-89ffb37037,2026-05-07T18:48:23.928Z,96.222,2,117.81,1980,1,0,,,,
powertraces-pt100array_pt019_r1_7536307_11-89ffb37037,2026-05-07T18:48:23.928Z,96.222,3,118.31,1980,0,0,,,,
powertraces-pt100array_pt019_r1_7536307_11-89ffb37037,2026-05-07T18:48:24.029Z,96.323,0,116.45,1980,0,0,,,,
powertraces-pt100array_pt019_r1_7536307_11-89ffb37037,2026-05-07T18:48:24.029Z,96.323,1,114.57,1980,0,0,,,,
powertraces-pt100array_pt019_r1_7536307_11-89ffb37037,2026-05-07T18:48:24.029Z,96.323,2,117.8,1980,1,0,,,,
powertraces-pt100array_pt019_r1_7536307_11-89ffb37037,2026-05-07T18:48:24.029Z,96.323,3,118.32,1980,0,0,,,,
powertraces-pt100array_pt019_r1_7536307_11-89ffb37037,2026-05-07T18:48:24.129Z,96.423,0,116.45,1980,0,0,,,,
powertraces-pt100array_pt019_r1_7536307_11-89ffb37037,2026-05-07T18:48:24.129Z,96.423,1,114.52,1980,0,0,,,,
powertraces-pt100array_pt019_r1_7536307_11-89ffb37037,2026-05-07T18:48:24.129Z,96.423,2,117.76,1980,1,0,,,,
powertraces-pt100array_pt019_r1_7536307_11-89ffb37037,2026-05-07T18:48:24.129Z,96.423,3,118.35,1980,0,0,,,,
powertraces-pt100array_pt019_r1_7536307_11-89ffb37037,2026-05-07T18:48:24.229Z,96.523,0,116.45,1980,0,0,,,,
powertraces-pt100array_pt019_r1_7536307_11-89ffb37037,2026-05-07T18:48:24.229Z,96.523,1,114.57,1980,0,0,,,,
powertraces-pt100array_pt019_r1_7536307_11-89ffb37037,2026-05-07T18:48:24.229Z,96.523,2,117.76,1980,1,0,,,,
powertraces-pt100array_pt019_r1_7536307_11-89ffb37037,2026-05-07T18:48:24.229Z,96.523,3,118.35,1980,0,0,,,,
powertraces-pt100array_pt019_r1_7536307_11-89ffb37037,2026-05-07T18:48:24.329Z,96.623,0,116.43,1980,0,0,,,,
powertraces-pt100array_pt019_r1_7536307_11-89ffb37037,2026-05-07T18:48:24.33Z,96.624,1,114.58,1980,0,0,,,,
powertraces-pt100array_pt019_r1_7536307_11-89ffb37037,2026-05-07T18:48:24.33Z,96.624,2,117.76,1980,1,0,,,,
powertraces-pt100array_pt019_r1_7536307_11-89ffb37037,2026-05-07T18:48:24.33Z,96.624,3,118.34,1980,0,0,,,,
powertraces-pt100array_pt019_r1_7536307_11-89ffb37037,2026-05-07T18:48:24.43Z,96.724,0,116.43,1980,0,0,,,,
powertraces-pt100array_pt019_r1_7536307_11-89ffb37037,2026-05-07T18:48:24.43Z,96.724,1,114.59,1980,0,0,,,,
powertraces-pt100array_pt019_r1_7536307_11-89ffb37037,2026-05-07T18:48:24.43Z,96.724,2,117.76,1980,1,0,,,,
powertraces-pt100array_pt019_r1_7536307_11-89ffb37037,2026-05-07T18:48:24.43Z,96.724,3,118.31,1980,0,0,,,,
powertraces-pt100array_pt019_r1_7536307_11-89ffb37037,2026-05-07T18:48:24.53Z,96.824,0,116.41,1980,0,0,,,,
powertraces-pt100array_pt019_r1_7536307_11-89ffb37037,2026-05-07T18:48:24.53Z,96.824,1,114.54,1980,0,0,,,,
powertraces-pt100array_pt019_r1_7536307_11-89ffb37037,2026-05-07T18:48:24.53Z,96.824,2,117.78,1980,1,0,,,,
powertraces-pt100array_pt019_r1_7536307_11-89ffb37037,2026-05-07T18:48:24.53Z,96.824,3,118.31,1980,0,0,,,,
powertraces-pt100array_pt019_r1_7536307_11-89ffb37037,2026-05-07T18:48:24.63Z,96.924,0,116.43,1980,0,0,,,,
powertraces-pt100array_pt019_r1_7536307_11-89ffb37037,2026-05-07T18:48:24.63Z,96.924,1,114.57,1980,0,0,,,,
powertraces-pt100array_pt019_r1_7536307_11-89ffb37037,2026-05-07T18:48:24.63Z,96.924,2,117.79,1980,1,0,,,,
powertraces-pt100array_pt019_r1_7536307_11-89ffb37037,2026-05-07T18:48:24.63Z,96.924,3,118.29,1980,0,0,,,,
powertraces-pt100array_pt019_r1_7536307_11-89ffb37037,2026-05-07T18:48:24.73Z,97.024,0,116.42,1980,0,0,,,,
powertraces-pt100array_pt019_r1_7536307_11-89ffb37037,2026-05-07T18:48:24.73Z,97.024,1,114.59,1980,0,0,,,,
powertraces-pt100array_pt019_r1_7536307_11-89ffb37037,2026-05-07T18:48:24.73Z,97.024,2,117.78,1980,1,0,,,,
powertraces-pt100array_pt019_r1_7536307_11-89ffb37037,2026-05-07T18:48:24.73Z,97.024,3,118.26,1980,0,0,,,,
powertraces-pt100array_pt019_r1_7536307_11-89ffb37037,2026-05-07T18:48:24.831Z,97.125,0,116.43,1980,0,0,,,,
powertraces-pt100array_pt019_r1_7536307_11-89ffb37037,2026-05-07T18:48:24.831Z,97.125,1,114.58,1980,0,0,,,,
powertraces-pt100array_pt019_r1_7536307_11-89ffb37037,2026-05-07T18:48:24.831Z,97.125,2,117.78,1980,1,0,,,,
powertraces-pt100array_pt019_r1_7536307_11-89ffb37037,2026-05-07T18:48:24.831Z,97.125,3,118.23,1980,0,0,,,,
powertraces-pt100array_pt019_r1_7536307_11-89ffb37037,2026-05-07T18:48:24.931Z,97.225,0,116.46,1980,0,0,,,,
powertraces-pt100array_pt019_r1_7536307_11-89ffb37037,2026-05-07T18:48:24.931Z,97.225,1,114.55,1980,0,0,,,,
powertraces-pt100array_pt019_r1_7536307_11-89ffb37037,2026-05-07T18:48:24.931Z,97.225,2,117.77,1980,1,0,,,,
powertraces-pt100array_pt019_r1_7536307_11-89ffb37037,2026-05-07T18:48:24.931Z,97.225,3,118.23,1980,0,0,,,,
powertraces-pt100array_pt019_r1_7536307_11-89ffb37037,2026-05-07T18:48:25.031Z,97.325,0,116.45,1980,0,0,,,,
powertraces-pt100array_pt019_r1_7536307_11-89ffb37037,2026-05-07T18:48:25.031Z,97.325,1,114.56,1980,0,0,,,,
powertraces-pt100array_pt019_r1_7536307_11-89ffb37037,2026-05-07T18:48:25.031Z,97.325,2,117.79,1980,1,0,,,,
powertraces-pt100array_pt019_r1_7536307_11-89ffb37037,2026-05-07T18:48:25.031Z,97.325,3,118.24,1980,0,0,,,,
powertraces-pt100array_pt019_r1_7536307_11-89ffb37037,2026-05-07T18:48:25.132Z,97.426,0,116.46,1980,0,0,,,,
powertraces-pt100array_pt019_r1_7536307_11-89ffb37037,2026-05-07T18:48:25.132Z,97.426,1,114.61,1980,0,0,,,,
powertraces-pt100array_pt019_r1_7536307_11-89ffb37037,2026-05-07T18:48:25.132Z,97.426,2,117.83,1980,1,0,,,,
powertraces-pt100array_pt019_r1_7536307_11-89ffb37037,2026-05-07T18:48:25.132Z,97.426,3,118.21,1980,0,0,,,,
powertraces-pt100array_pt019_r1_7536307_11-89ffb37037,2026-05-07T18:48:25.232Z,97.526,0,116.46,1980,0,0,,,,
powertraces-pt100array_pt019_r1_7536307_11-89ffb37037,2026-05-07T18:48:25.232Z,97.526,1,114.61,1980,0,0,,,,
powertraces-pt100array_pt019_r1_7536307_11-89ffb37037,2026-05-07T18:48:25.232Z,97.526,2,117.84,1980,1,0,,,,
powertraces-pt100array_pt019_r1_7536307_11-89ffb37037,2026-05-07T18:48:25.232Z,97.526,3,118.23,1980,0,0,,,,
powertraces-pt100array_pt019_r1_7536307_11-89ffb37037,2026-05-07T18:48:25.332Z,97.626,0,116.47,1980,0,0,,,,
powertraces-pt100array_pt019_r1_7536307_11-89ffb37037,2026-05-07T18:48:25.332Z,97.626,1,114.6,1980,0,0,,,,
powertraces-pt100array_pt019_r1_7536307_11-89ffb37037,2026-05-07T18:48:25.332Z,97.626,2,117.84,1980,1,0,,,,
powertraces-pt100array_pt019_r1_7536307_11-89ffb37037,2026-05-07T18:48:25.332Z,97.626,3,118.24,1980,0,0,,,,
powertraces-pt100array_pt019_r1_7536307_11-89ffb37037,2026-05-07T18:48:25.432Z,97.726,0,116.46,1980,0,0,,,,
powertraces-pt100array_pt019_r1_7536307_11-89ffb37037,2026-05-07T18:48:25.432Z,97.726,1,114.54,1980,0,0,,,,
powertraces-pt100array_pt019_r1_7536307_11-89ffb37037,2026-05-07T18:48:25.432Z,97.726,2,117.85,1980,1,0,,,,
powertraces-pt100array_pt019_r1_7536307_11-89ffb37037,2026-05-07T18:48:25.432Z,97.726,3,118.26,1980,0,0,,,,
powertraces-pt100array_pt019_r1_7536307_11-89ffb37037,2026-05-07T18:48:25.533Z,97.827,0,116.48,1980,0,0,,,,
powertraces-pt100array_pt019_r1_7536307_11-89ffb37037,2026-05-07T18:48:25.533Z,97.827,1,114.58,1980,0,0,,,,
powertraces-pt100array_pt019_r1_7536307_11-89ffb37037,2026-05-07T18:48:25.533Z,97.827,2,117.82,1980,1,0,,,,
powertraces-pt100array_pt019_r1_7536307_11-89ffb37037,2026-05-07T18:48:25.533Z,97.827,3,118.26,1980,0,0,,,,
powertraces-pt100array_pt019_r1_7536307_11-89ffb37037,2026-05-07T18:48:25.633Z,97.927,0,116.47,1980,0,0,,,,
powertraces-pt100array_pt019_r1_7536307_11-89ffb37037,2026-05-07T18:48:25.633Z,97.927,1,114.62,1980,0,0,,,,
powertraces-pt100array_pt019_r1_7536307_11-89ffb37037,2026-05-07T18:48:25.633Z,97.927,2,117.84,1980,1,0,,,,
powertraces-pt100array_pt019_r1_7536307_11-89ffb37037,2026-05-07T18:48:25.633Z,97.927,3,118.28,1980,0,0,,,,
powertraces-pt100array_pt019_r1_7536307_11-89ffb37037,2026-05-07T18:48:25.733Z,98.027,0,116.48,1980,0,0,,,,
powertraces-pt100array_pt019_r1_7536307_11-89ffb37037,2026-05-07T18:48:25.733Z,98.027,1,114.62,1980,0,0,,,,
powertraces-pt100array_pt019_r1_7536307_11-89ffb37037,2026-05-07T18:48:25.733Z,98.027,2,117.86,1980,1,0,,,,
powertraces-pt100array_pt019_r1_7536307_11-89ffb37037,2026-05-07T18:48:25.733Z,98.027,3,118.29,1980,0,0,,,,
powertraces-pt100array_pt019_r1_7536307_11-89ffb37037,2026-05-07T18:48:25.833Z,98.127,0,116.49,1980,0,0,,,,
powertraces-pt100array_pt019_r1_7536307_11-89ffb37037,2026-05-07T18:48:25.833Z,98.127,1,114.58,1980,0,0,,,,
powertraces-pt100array_pt019_r1_7536307_11-89ffb37037,2026-05-07T18:48:25.833Z,98.127,2,117.88,1980,1,0,,,,
powertraces-pt100array_pt019_r1_7536307_11-89ffb37037,2026-05-07T18:48:25.833Z,98.127,3,118.31,1980,0,0,,,,
powertraces-pt100array_pt019_r1_7536307_11-89ffb37037,2026-05-07T18:48:25.933Z,98.227,0,116.5,1980,0,0,,,,
powertraces-pt100array_pt019_r1_7536307_11-89ffb37037,2026-05-07T18:48:25.934Z,98.228,1,114.6,1980,0,0,,,,
powertraces-pt100array_pt019_r1_7536307_11-89ffb37037,2026-05-07T18:48:25.934Z,98.228,2,117.89,1980,1,0,,,,
powertraces-pt100array_pt019_r1_7536307_11-89ffb37037,2026-05-07T18:48:25.934Z,98.228,3,118.33,1980,0,0,,,,
powertraces-pt100array_pt019_r1_7536307_11-89ffb37037,2026-05-07T18:48:26.034Z,98.328,0,116.49,1980,0,0,,,,
powertraces-pt100array_pt019_r1_7536307_11-89ffb37037,2026-05-07T18:48:26.034Z,98.328,1,114.62,1980,0,0,,,,
powertraces-pt100array_pt019_r1_7536307_11-89ffb37037,2026-05-07T18:48:26.034Z,98.328,2,117.89,1980,1,0,,,,
powertraces-pt100array_pt019_r1_7536307_11-89ffb37037,2026-05-07T18:48:26.034Z,98.328,3,118.31,1980,0,0,,,,
powertraces-pt100array_pt019_r1_7536307_11-89ffb37037,2026-05-07T18:48:26.134Z,98.428,0,116.46,1980,0,0,,,,
powertraces-pt100array_pt019_r1_7536307_11-89ffb37037,2026-05-07T18:48:26.134Z,98.428,1,114.6,1980,0,0,,,,
powertraces-pt100array_pt019_r1_7536307_11-89ffb37037,2026-05-07T18:48:26.134Z,98.428,2,117.85,1980,1,0,,,,
powertraces-pt100array_pt019_r1_7536307_11-89ffb37037,2026-05-07T18:48:26.134Z,98.428,3,118.33,1980,0,0,,,,
powertraces-pt100array_pt019_r1_7536307_11-89ffb37037,2026-05-07T18:48:26.234Z,98.528,0,116.47,1980,0,0,,,,
powertraces-pt100array_pt019_r1_7536307_11-89ffb37037,2026-05-07T18:48:26.234Z,98.528,1,114.54,1980,0,0,,,,
powertraces-pt100array_pt019_r1_7536307_11-89ffb37037,2026-05-07T18:48:26.234Z,98.528,2,117.85,1980,1,0,,,,
powertraces-pt100array_pt019_r1_7536307_11-89ffb37037,2026-05-07T18:48:26.234Z,98.528,3,118.3,1980,0,0,,,,
powertraces-pt100array_pt019_r1_7536307_11-89ffb37037,2026-05-07T18:48:26.334Z,98.628,0,116.5,1980,0,0,,,,
powertraces-pt100array_pt019_r1_7536307_11-89ffb37037,2026-05-07T18:48:26.335Z,98.629,1,114.53,1980,0,0,,,,
powertraces-pt100array_pt019_r1_7536307_11-89ffb37037,2026-05-07T18:48:26.335Z,98.629,2,117.83,1980,1,0,,,,
powertraces-pt100array_pt019_r1_7536307_11-89ffb37037,2026-05-07T18:48:26.335Z,98.629,3,118.32,1980,0,0,,,,
powertraces-pt100array_pt019_r1_7536307_11-89ffb37037,2026-05-07T18:48:26.435Z,98.729,0,116.51,1980,0,0,,,,
powertraces-pt100array_pt019_r1_7536307_11-89ffb37037,2026-05-07T18:48:26.435Z,98.729,1,114.59,1980,0,0,,,,
powertraces-pt100array_pt019_r1_7536307_11-89ffb37037,2026-05-07T18:48:26.435Z,98.729,2,117.82,1980,1,0,,,,
powertraces-pt100array_pt019_r1_7536307_11-89ffb37037,2026-05-07T18:48:26.435Z,98.729,3,118.33,1980,0,0,,,,
powertraces-pt100array_pt019_r1_7536307_11-89ffb37037,2026-05-07T18:48:26.535Z,98.829,0,116.51,1980,0,0,,,,
powertraces-pt100array_pt019_r1_7536307_11-89ffb37037,2026-05-07T18:48:26.535Z,98.829,1,114.61,1980,0,0,,,,
powertraces-pt100array_pt019_r1_7536307_11-89ffb37037,2026-05-07T18:48:26.535Z,98.829,2,117.86,1980,1,0,,,,
powertraces-pt100array_pt019_r1_7536307_11-89ffb37037,2026-05-07T18:48:26.535Z,98.829,3,118.35,1980,0,0,,,,
powertraces-pt100array_pt019_r1_7536307_11-89ffb37037,2026-05-07T18:48:26.635Z,98.929,0,116.51,1980,0,0,,,,
powertraces-pt100array_pt019_r1_7536307_11-89ffb37037,2026-05-07T18:48:26.635Z,98.929,1,114.54,1980,0,0,,,,
powertraces-pt100array_pt019_r1_7536307_11-89ffb37037,2026-05-07T18:48:26.635Z,98.929,2,117.87,1980,1,0,,,,
powertraces-pt100array_pt019_r1_7536307_11-89ffb37037,2026-05-07T18:48:26.635Z,98.929,3,118.35,1980,0,0,,,,
powertraces-pt100array_pt019_r1_7536307_11-89ffb37037,2026-05-07T18:48:26.735Z,99.029,0,116.51,1980,0,0,,,,
powertraces-pt100array_pt019_r1_7536307_11-89ffb37037,2026-05-07T18:48:26.736Z,99.03,1,114.56,1980,0,0,,,,
powertraces-pt100array_pt019_r1_7536307_11-89ffb37037,2026-05-07T18:48:26.736Z,99.03,2,117.86,1980,1,0,,,,
powertraces-pt100array_pt019_r1_7536307_11-89ffb37037,2026-05-07T18:48:26.736Z,99.03,3,118.37,1980,0,0,,,,
powertraces-pt100array_pt019_r1_7536307_11-89ffb37037,2026-05-07T18:48:26.836Z,99.13,0,116.48,1980,0,0,,,,
powertraces-pt100array_pt019_r1_7536307_11-89ffb37037,2026-05-07T18:48:26.836Z,99.13,1,114.59,1980,0,0,,,,
powertraces-pt100array_pt019_r1_7536307_11-89ffb37037,2026-05-07T18:48:26.836Z,99.13,2,117.84,1980,1,0,,,,
powertraces-pt100array_pt019_r1_7536307_11-89ffb37037,2026-05-07T18:48:26.836Z,99.13,3,118.36,1980,0,0,,,,
powertraces-pt100array_pt019_r1_7536307_11-89ffb37037,2026-05-07T18:48:26.936Z,99.23,0,116.47,1980,0,0,,,,
powertraces-pt100array_pt019_r1_7536307_11-89ffb37037,2026-05-07T18:48:26.936Z,99.23,1,114.61,1980,0,0,,,,
powertraces-pt100array_pt019_r1_7536307_11-89ffb37037,2026-05-07T18:48:26.936Z,99.23,2,117.85,1980,1,0,,,,
powertraces-pt100array_pt019_r1_7536307_11-89ffb37037,2026-05-07T18:48:26.936Z,99.23,3,118.33,1980,0,0,,,,
powertraces-pt100array_pt019_r1_7536307_11-89ffb37037,2026-05-07T18:48:27.036Z,99.33,0,116.49,1980,0,0,,,,
powertraces-pt100array_pt019_r1_7536307_11-89ffb37037,2026-05-07T18:48:27.036Z,99.33,1,114.56,1980,0,0,,,,
powertraces-pt100array_pt019_r1_7536307_11-89ffb37037,2026-05-07T18:48:27.036Z,99.33,2,117.85,1980,1,0,,,,
powertraces-pt100array_pt019_r1_7536307_11-89ffb37037,2026-05-07T18:48:27.036Z,99.33,3,118.32,1980,0,0,,,,
powertraces-pt100array_pt019_r1_7536307_11-89ffb37037,2026-05-07T18:48:27.136Z,99.43,0,116.5,1980,0,0,,,,
powertraces-pt100array_pt019_r1_7536307_11-89ffb37037,2026-05-07T18:48:27.136Z,99.43,1,114.53,1980,0,0,,,,
powertraces-pt100array_pt019_r1_7536307_11-89ffb37037,2026-05-07T18:48:27.136Z,99.43,2,117.84,1980,1,0,,,,
powertraces-pt100array_pt019_r1_7536307_11-89ffb37037,2026-05-07T18:48:27.136Z,99.43,3,118.3,1980,0,0,,,,
powertraces-pt100array_pt019_r1_7536307_11-89ffb37037,2026-05-07T18:48:27.237Z,99.531,0,116.51,1980,0,0,,,,
powertraces-pt100array_pt019_r1_7536307_11-89ffb37037,2026-05-07T18:48:27.237Z,99.531,1,114.57,1980,0,0,,,,
powertraces-pt100array_pt019_r1_7536307_11-89ffb37037,2026-05-07T18:48:27.237Z,99.531,2,117.84,1980,1,0,,,,
powertraces-pt100array_pt019_r1_7536307_11-89ffb37037,2026-05-07T18:48:27.237Z,99.531,3,118.32,1980,0,0,,,,
powertraces-pt100array_pt019_r1_7536307_11-89ffb37037,2026-05-07T18:48:27.337Z,99.631,0,116.49,1980,0,0,,,,
powertraces-pt100array_pt019_r1_7536307_11-89ffb37037,2026-05-07T18:48:27.337Z,99.631,1,114.61,1980,0,0,,,,
powertraces-pt100array_pt019_r1_7536307_11-89ffb37037,2026-05-07T18:48:27.337Z,99.631,2,117.83,1980,1,0,,,,
powertraces-pt100array_pt019_r1_7536307_11-89ffb37037,2026-05-07T18:48:27.337Z,99.631,3,118.28,1980,0,0,,,,
powertraces-pt100array_pt019_r1_7536307_11-89ffb37037,2026-05-07T18:48:27.437Z,99.731,0,116.5,1980,0,0,,,,
powertraces-pt100array_pt019_r1_7536307_11-89ffb37037,2026-05-07T18:48:27.437Z,99.731,1,114.57,1980,0,0,,,,
powertraces-pt100array_pt019_r1_7536307_11-89ffb37037,2026-05-07T18:48:27.437Z,99.731,2,117.81,1980,1,0,,,,
powertraces-pt100array_pt019_r1_7536307_11-89ffb37037,2026-05-07T18:48:27.437Z,99.731,3,118.28,1980,0,0,,,,
powertraces-pt100array_pt019_r1_7536307_11-89ffb37037,2026-05-07T18:48:27.537Z,99.831,0,116.52,1980,0,0,,,,
powertraces-pt100array_pt019_r1_7536307_11-89ffb37037,2026-05-07T18:48:27.537Z,99.831,1,114.52,1980,0,0,,,,
powertraces-pt100array_pt019_r1_7536307_11-89ffb37037,2026-05-07T18:48:27.537Z,99.831,2,117.79,1980,1,0,,,,
powertraces-pt100array_pt019_r1_7536307_11-89ffb37037,2026-05-07T18:48:27.537Z,99.831,3,118.28,1980,0,0,,,,
powertraces-pt100array_pt019_r1_7536307_11-89ffb37037,2026-05-07T18:48:27.638Z,99.932,0,116.53,1980,0,0,,,,
powertraces-pt100array_pt019_r1_7536307_11-89ffb37037,2026-05-07T18:48:27.638Z,99.932,1,114.56,1980,0,0,,,,
powertraces-pt100array_pt019_r1_7536307_11-89ffb37037,2026-05-07T18:48:27.638Z,99.932,2,117.77,1980,1,0,,,,
powertraces-pt100array_pt019_r1_7536307_11-89ffb37037,2026-05-07T18:48:27.638Z,99.932,3,118.26,1980,0,0,,,,
powertraces-pt100array_pt019_r1_7536307_11-89ffb37037,2026-05-07T18:48:27.738Z,100.032,0,116.55,1980,0,0,,,,
powertraces-pt100array_pt019_r1_7536307_11-89ffb37037,2026-05-07T18:48:27.738Z,100.032,1,114.58,1980,0,0,,,,
powertraces-pt100array_pt019_r1_7536307_11-89ffb37037,2026-05-07T18:48:27.738Z,100.032,2,117.78,1980,1,0,,,,
powertraces-pt100array_pt019_r1_7536307_11-89ffb37037,2026-05-07T18:48:27.738Z,100.032,3,118.27,1980,0,0,,,,
powertraces-pt100array_pt019_r1_7536307_11-89ffb37037,2026-05-07T18:48:27.838Z,100.132,0,116.57,1980,0,0,,,,
powertraces-pt100array_pt019_r1_7536307_11-89ffb37037,2026-05-07T18:48:27.838Z,100.132,1,114.56,1980,0,0,,,,
powertraces-pt100array_pt019_r1_7536307_11-89ffb37037,2026-05-07T18:48:27.838Z,100.132,2,117.8,1980,1,0,,,,
powertraces-pt100array_pt019_r1_7536307_11-89ffb37037,2026-05-07T18:48:27.838Z,100.132,3,118.28,1980,0,0,,,,
powertraces-pt100array_pt019_r1_7536307_11-89ffb37037,2026-05-07T18:48:27.938Z,100.232,0,116.57,1980,0,0,,,,
powertraces-pt100array_pt019_r1_7536307_11-89ffb37037,2026-05-07T18:48:27.938Z,100.232,1,114.56,1980,0,0,,,,
powertraces-pt100array_pt019_r1_7536307_11-89ffb37037,2026-05-07T18:48:27.938Z,100.232,2,117.78,1980,1,0,,,,
powertraces-pt100array_pt019_r1_7536307_11-89ffb37037,2026-05-07T18:48:27.938Z,100.232,3,118.32,1980,0,0,,,,
powertraces-pt100array_pt019_r1_7536307_11-89ffb37037,2026-05-07T18:48:28.038Z,100.332,0,116.57,1980,0,0,,,,
powertraces-pt100array_pt019_r1_7536307_11-89ffb37037,2026-05-07T18:48:28.038Z,100.332,1,114.54,1980,0,0,,,,
powertraces-pt100array_pt019_r1_7536307_11-89ffb37037,2026-05-07T18:48:28.038Z,100.332,2,117.78,1980,1,0,,,,
powertraces-pt100array_pt019_r1_7536307_11-89ffb37037,2026-05-07T18:48:28.038Z,100.332,3,118.33,1980,0,0,,,,
powertraces-pt100array_pt019_r1_7536307_11-89ffb37037,2026-05-07T18:48:28.139Z,100.433,0,116.56,1980,0,0,,,,
powertraces-pt100array_pt019_r1_7536307_11-89ffb37037,2026-05-07T18:48:28.139Z,100.433,1,114.61,1980,0,0,,,,
powertraces-pt100array_pt019_r1_7536307_11-89ffb37037,2026-05-07T18:48:28.139Z,100.433,2,117.8,1980,1,0,,,,
powertraces-pt100array_pt019_r1_7536307_11-89ffb37037,2026-05-07T18:48:28.139Z,100.433,3,118.35,1980,0,0,,,,
powertraces-pt100array_pt019_r1_7536307_11-89ffb37037,2026-05-07T18:48:28.239Z,100.533,0,116.55,1980,0,0,,,,
powertraces-pt100array_pt019_r1_7536307_11-89ffb37037,2026-05-07T18:48:28.239Z,100.533,1,114.58,1980,0,0,,,,
powertraces-pt100array_pt019_r1_7536307_11-89ffb37037,2026-05-07T18:48:28.239Z,100.533,2,117.81,1980,1,0,,,,
powertraces-pt100array_pt019_r1_7536307_11-89ffb37037,2026-05-07T18:48:28.239Z,100.533,3,118.35,1980,0,0,,,,
powertraces-pt100array_pt019_r1_7536307_11-89ffb37037,2026-05-07T18:48:28.339Z,100.633,0,116.57,1980,0,0,,,,
powertraces-pt100array_pt019_r1_7536307_11-89ffb37037,2026-05-07T18:48:28.339Z,100.633,1,114.54,1980,0,0,,,,
powertraces-pt100array_pt019_r1_7536307_11-89ffb37037,2026-05-07T18:48:28.339Z,100.633,2,117.82,1980,1,0,,,,
powertraces-pt100array_pt019_r1_7536307_11-89ffb37037,2026-05-07T18:48:28.339Z,100.633,3,118.36,1980,0,0,,,,
powertraces-pt100array_pt019_r1_7536307_11-89ffb37037,2026-05-07T18:48:28.439Z,100.733,0,116.57,1980,0,0,,,,
powertraces-pt100array_pt019_r1_7536307_11-89ffb37037,2026-05-07T18:48:28.439Z,100.733,1,114.54,1980,0,0,,,,
powertraces-pt100array_pt019_r1_7536307_11-89ffb37037,2026-05-07T18:48:28.439Z,100.733,2,117.83,1980,1,0,,,,
powertraces-pt100array_pt019_r1_7536307_11-89ffb37037,2026-05-07T18:48:28.439Z,100.733,3,118.34,1980,0,0,,,,
powertraces-pt100array_pt019_r1_7536307_11-89ffb37037,2026-05-07T18:48:28.54Z,100.834,0,116.55,1980,0,0,,,,
powertraces-pt100array_pt019_r1_7536307_11-89ffb37037,2026-05-07T18:48:28.54Z,100.834,1,114.56,1980,0,0,,,,
powertraces-pt100array_pt019_r1_7536307_11-89ffb37037,2026-05-07T18:48:28.54Z,100.834,2,117.82,1980,1,0,,,,
powertraces-pt100array_pt019_r1_7536307_11-89ffb37037,2026-05-07T18:48:28.54Z,100.834,3,118.32,1980,0,0,,,,
powertraces-pt100array_pt019_r1_7536307_11-89ffb37037,2026-05-07T18:48:28.64Z,100.934,0,116.54,1980,0,0,,,,
powertraces-pt100array_pt019_r1_7536307_11-89ffb37037,2026-05-07T18:48:28.64Z,100.934,1,114.54,1980,0,0,,,,
powertraces-pt100array_pt019_r1_7536307_11-89ffb37037,2026-05-07T18:48:28.64Z,100.934,2,117.82,1980,1,0,,,,
powertraces-pt100array_pt019_r1_7536307_11-89ffb37037,2026-05-07T18:48:28.64Z,100.934,3,118.32,1980,0,0,,,,
powertraces-pt100array_pt019_r1_7536307_11-89ffb37037,2026-05-07T18:48:28.74Z,101.034,0,116.54,1980,0,0,,,,
powertraces-pt100array_pt019_r1_7536307_11-89ffb37037,2026-05-07T18:48:28.74Z,101.034,1,114.55,1980,0,0,,,,
powertraces-pt100array_pt019_r1_7536307_11-89ffb37037,2026-05-07T18:48:28.74Z,101.034,2,117.81,1980,1,0,,,,
powertraces-pt100array_pt019_r1_7536307_11-89ffb37037,2026-05-07T18:48:28.74Z,101.034,3,118.32,1980,0,0,,,,
powertraces-pt100array_pt019_r1_7536307_11-89ffb37037,2026-05-07T18:48:28.84Z,101.134,0,116.56,1980,0,0,,,,
powertraces-pt100array_pt019_r1_7536307_11-89ffb37037,2026-05-07T18:48:28.84Z,101.134,1,114.48,1980,0,0,,,,
powertraces-pt100array_pt019_r1_7536307_11-89ffb37037,2026-05-07T18:48:28.84Z,101.134,2,117.8,1980,1,0,,,,
powertraces-pt100array_pt019_r1_7536307_11-89ffb37037,2026-05-07T18:48:28.84Z,101.134,3,118.31,1980,0,0,,,,
powertraces-pt100array_pt019_r1_7536307_11-89ffb37037,2026-05-07T18:48:28.941Z,101.235,0,116.56,1980,0,0,,,,
powertraces-pt100array_pt019_r1_7536307_11-89ffb37037,2026-05-07T18:48:28.941Z,101.235,1,114.5,1980,0,0,,,,
powertraces-pt100array_pt019_r1_7536307_11-89ffb37037,2026-05-07T18:48:28.941Z,101.235,2,117.79,1980,1,0,,,,
powertraces-pt100array_pt019_r1_7536307_11-89ffb37037,2026-05-07T18:48:28.941Z,101.235,3,118.33,1980,0,0,,,,
powertraces-pt100array_pt019_r1_7536307_11-89ffb37037,2026-05-07T18:48:29.041Z,101.335,0,116.55,1980,0,0,,,,
powertraces-pt100array_pt019_r1_7536307_11-89ffb37037,2026-05-07T18:48:29.041Z,101.335,1,114.52,1980,0,0,,,,
powertraces-pt100array_pt019_r1_7536307_11-89ffb37037,2026-05-07T18:48:29.041Z,101.335,2,117.82,1980,1,0,,,,
powertraces-pt100array_pt019_r1_7536307_11-89ffb37037,2026-05-07T18:48:29.041Z,101.335,3,118.32,1980,0,0,,,,
powertraces-pt100array_pt019_r1_7536307_11-89ffb37037,2026-05-07T18:48:29.141Z,101.435,0,116.56,1980,0,0,,,,
powertraces-pt100array_pt019_r1_7536307_11-89ffb37037,2026-05-07T18:48:29.141Z,101.435,1,114.52,1980,0,0,,,,
powertraces-pt100array_pt019_r1_7536307_11-89ffb37037,2026-05-07T18:48:29.141Z,101.435,2,117.81,1980,1,0,,,,
powertraces-pt100array_pt019_r1_7536307_11-89ffb37037,2026-05-07T18:48:29.141Z,101.435,3,118.35,1980,0,0,,,,
powertraces-pt100array_pt019_r1_7536307_11-89ffb37037,2026-05-07T18:48:29.241Z,101.535,0,116.56,1980,0,0,,,,
powertraces-pt100array_pt019_r1_7536307_11-89ffb37037,2026-05-07T18:48:29.242Z,101.536,1,114.5,1980,0,0,,,,
powertraces-pt100array_pt019_r1_7536307_11-89ffb37037,2026-05-07T18:48:29.242Z,101.536,2,117.79,1980,1,0,,,,
powertraces-pt100array_pt019_r1_7536307_11-89ffb37037,2026-05-07T18:48:29.242Z,101.536,3,118.38,1980,0,0,,,,
powertraces-pt100array_pt019_r1_7536307_11-89ffb37037,2026-05-07T18:48:29.342Z,101.636,0,116.54,1980,0,0,,,,
powertraces-pt100array_pt019_r1_7536307_11-89ffb37037,2026-05-07T18:48:29.342Z,101.636,1,114.52,1980,0,0,,,,
powertraces-pt100array_pt019_r1_7536307_11-89ffb37037,2026-05-07T18:48:29.342Z,101.636,2,117.77,1980,1,0,,,,
powertraces-pt100array_pt019_r1_7536307_11-89ffb37037,2026-05-07T18:48:29.342Z,101.636,3,118.38,1980,0,0,,,,
powertraces-pt100array_pt019_r1_7536307_11-89ffb37037,2026-05-07T18:48:29.442Z,101.736,0,116.54,1980,0,0,,,,
powertraces-pt100array_pt019_r1_7536307_11-89ffb37037,2026-05-07T18:48:29.442Z,101.736,1,114.55,1980,0,0,,,,
powertraces-pt100array_pt019_r1_7536307_11-89ffb37037,2026-05-07T18:48:29.442Z,101.736,2,117.77,1980,1,0,,,,
powertraces-pt100array_pt019_r1_7536307_11-89ffb37037,2026-05-07T18:48:29.442Z,101.736,3,118.37,1980,0,0,,,,
powertraces-pt100array_pt019_r1_7536307_11-89ffb37037,2026-05-07T18:48:29.542Z,101.836,0,116.53,1980,0,0,,,,
powertraces-pt100array_pt019_r1_7536307_11-89ffb37037,2026-05-07T18:48:29.542Z,101.836,1,114.58,1980,0,0,,,,
powertraces-pt100array_pt019_r1_7536307_11-89ffb37037,2026-05-07T18:48:29.542Z,101.836,2,117.78,1980,1,0,,,,
powertraces-pt100array_pt019_r1_7536307_11-89ffb37037,2026-05-07T18:48:29.542Z,101.836,3,118.37,1980,0,0,,,,
powertraces-pt100array_pt019_r1_7536307_11-89ffb37037,2026-05-07T18:48:29.642Z,101.936,0,116.53,1980,0,0,,,,
powertraces-pt100array_pt019_r1_7536307_11-89ffb37037,2026-05-07T18:48:29.642Z,101.936,1,114.55,1980,0,0,,,,
powertraces-pt100array_pt019_r1_7536307_11-89ffb37037,2026-05-07T18:48:29.642Z,101.936,2,117.78,1980,1,0,,,,
powertraces-pt100array_pt019_r1_7536307_11-89ffb37037,2026-05-07T18:48:29.642Z,101.936,3,118.36,1980,0,0,,,,
powertraces-pt100array_pt019_r1_7536307_11-89ffb37037,2026-05-07T18:48:29.743Z,102.037,0,116.53,1980,0,0,,,,
powertraces-pt100array_pt019_r1_7536307_11-89ffb37037,2026-05-07T18:48:29.743Z,102.037,1,114.55,1980,0,0,,,,
powertraces-pt100array_pt019_r1_7536307_11-89ffb37037,2026-05-07T18:48:29.743Z,102.037,2,117.78,1980,1,0,,,,
powertraces-pt100array_pt019_r1_7536307_11-89ffb37037,2026-05-07T18:48:29.743Z,102.037,3,118.36,1980,0,0,,,,
powertraces-pt100array_pt019_r1_7536307_11-89ffb37037,2026-05-07T18:48:29.843Z,102.137,0,116.52,1980,0,0,,,,
powertraces-pt100array_pt019_r1_7536307_11-89ffb37037,2026-05-07T18:48:29.843Z,102.137,1,114.59,1980,0,0,,,,
powertraces-pt100array_pt019_r1_7536307_11-89ffb37037,2026-05-07T18:48:29.843Z,102.137,2,117.8,1980,1,0,,,,
powertraces-pt100array_pt019_r1_7536307_11-89ffb37037,2026-05-07T18:48:29.843Z,102.137,3,118.33,1980,0,0,,,,
powertraces-pt100array_pt019_r1_7536307_11-89ffb37037,2026-05-07T18:48:29.943Z,102.237,0,116.53,1980,0,0,,,,
powertraces-pt100array_pt019_r1_7536307_11-89ffb37037,2026-05-07T18:48:29.943Z,102.237,1,114.63,1980,0,0,,,,
powertraces-pt100array_pt019_r1_7536307_11-89ffb37037,2026-05-07T18:48:29.943Z,102.237,2,117.8,1980,1,0,,,,
powertraces-pt100array_pt019_r1_7536307_11-89ffb37037,2026-05-07T18:48:29.943Z,102.237,3,118.28,1980,0,0,,,,
powertraces-pt100array_pt019_r1_7536307_11-89ffb37037,2026-05-07T18:48:30.043Z,102.337,0,116.52,1980,0,0,,,,
powertraces-pt100array_pt019_r1_7536307_11-89ffb37037,2026-05-07T18:48:30.043Z,102.337,1,114.57,1980,0,0,,,,
powertraces-pt100array_pt019_r1_7536307_11-89ffb37037,2026-05-07T18:48:30.043Z,102.337,2,117.8,1980,1,0,,,,
powertraces-pt100array_pt019_r1_7536307_11-89ffb37037,2026-05-07T18:48:30.043Z,102.337,3,118.25,1980,0,0,,,,
powertraces-pt100array_pt019_r1_7536307_11-89ffb37037,2026-05-07T18:48:30.143Z,102.437,0,116.5,1980,0,0,,,,
powertraces-pt100array_pt019_r1_7536307_11-89ffb37037,2026-05-07T18:48:30.144Z,102.438,1,114.56,1980,0,0,,,,
powertraces-pt100array_pt019_r1_7536307_11-89ffb37037,2026-05-07T18:48:30.144Z,102.438,2,117.8,1980,1,0,,,,
powertraces-pt100array_pt019_r1_7536307_11-89ffb37037,2026-05-07T18:48:30.144Z,102.438,3,118.22,1980,0,0,,,,
powertraces-pt100array_pt019_r1_7536307_11-89ffb37037,2026-05-07T18:48:30.244Z,102.538,0,116.52,1980,0,0,,,,
powertraces-pt100array_pt019_r1_7536307_11-89ffb37037,2026-05-07T18:48:30.244Z,102.538,1,114.59,1980,0,0,,,,
powertraces-pt100array_pt019_r1_7536307_11-89ffb37037,2026-05-07T18:48:30.244Z,102.538,2,117.8,1980,1,0,,,,
powertraces-pt100array_pt019_r1_7536307_11-89ffb37037,2026-05-07T18:48:30.244Z,102.538,3,118.2,1980,0,0,,,,
powertraces-pt100array_pt019_r1_7536307_11-89ffb37037,2026-05-07T18:48:30.344Z,102.638,0,116.51,1980,0,0,,,,
powertraces-pt100array_pt019_r1_7536307_11-89ffb37037,2026-05-07T18:48:30.344Z,102.638,1,114.62,1980,0,0,,,,
powertraces-pt100array_pt019_r1_7536307_11-89ffb37037,2026-05-07T18:48:30.344Z,102.638,2,117.82,1980,1,0,,,,
powertraces-pt100array_pt019_r1_7536307_11-89ffb37037,2026-05-07T18:48:30.344Z,102.638,3,118.19,1980,0,0,,,,
powertraces-pt100array_pt019_r1_7536307_11-89ffb37037,2026-05-07T18:48:30.444Z,102.738,0,116.53,1980,0,0,,,,
powertraces-pt100array_pt019_r1_7536307_11-89ffb37037,2026-05-07T18:48:30.445Z,102.739,1,114.6,1980,0,0,,,,
powertraces-pt100array_pt019_r1_7536307_11-89ffb37037,2026-05-07T18:48:30.445Z,102.739,2,117.84,1980,1,0,,,,
powertraces-pt100array_pt019_r1_7536307_11-89ffb37037,2026-05-07T18:48:30.445Z,102.739,3,118.2,1980,0,0,,,,
powertraces-pt100array_pt019_r1_7536307_11-89ffb37037,2026-05-07T18:48:30.545Z,102.839,0,116.51,1980,0,0,,,,
powertraces-pt100array_pt019_r1_7536307_11-89ffb37037,2026-05-07T18:48:30.545Z,102.839,1,114.56,1980,0,0,,,,
powertraces-pt100array_pt019_r1_7536307_11-89ffb37037,2026-05-07T18:48:30.545Z,102.839,2,117.83,1980,1,0,,,,
powertraces-pt100array_pt019_r1_7536307_11-89ffb37037,2026-05-07T18:48:30.545Z,102.839,3,118.21,1980,0,0,,,,
powertraces-pt100array_pt019_r1_7536307_11-89ffb37037,2026-05-07T18:48:30.645Z,102.939,0,116.52,1980,0,0,,,,
powertraces-pt100array_pt019_r1_7536307_11-89ffb37037,2026-05-07T18:48:30.645Z,102.939,1,114.58,1980,0,0,,,,
powertraces-pt100array_pt019_r1_7536307_11-89ffb37037,2026-05-07T18:48:30.645Z,102.939,2,117.85,1980,1,0,,,,
powertraces-pt100array_pt019_r1_7536307_11-89ffb37037,2026-05-07T18:48:30.645Z,102.939,3,118.23,1980,0,0,,,,
powertraces-pt100array_pt019_r1_7536307_11-89ffb37037,2026-05-07T18:48:30.745Z,103.039,0,116.52,1980,0,0,,,,
powertraces-pt100array_pt019_r1_7536307_11-89ffb37037,2026-05-07T18:48:30.745Z,103.039,1,114.61,1980,0,0,,,,
powertraces-pt100array_pt019_r1_7536307_11-89ffb37037,2026-05-07T18:48:30.745Z,103.039,2,117.86,1980,1,0,,,,
powertraces-pt100array_pt019_r1_7536307_11-89ffb37037,2026-05-07T18:48:30.745Z,103.039,3,118.21,1980,0,0,,,,
powertraces-pt100array_pt019_r1_7536307_11-89ffb37037,2026-05-07T18:48:30.846Z,103.14,0,116.51,1980,0,0,,,,
powertraces-pt100array_pt019_r1_7536307_11-89ffb37037,2026-05-07T18:48:30.846Z,103.14,1,114.6,1980,0,0,,,,
powertraces-pt100array_pt019_r1_7536307_11-89ffb37037,2026-05-07T18:48:30.846Z,103.14,2,117.87,1980,1,0,,,,
powertraces-pt100array_pt019_r1_7536307_11-89ffb37037,2026-05-07T18:48:30.846Z,103.14,3,118.26,1980,0,0,,,,
powertraces-pt100array_pt019_r1_7536307_11-89ffb37037,2026-05-07T18:48:30.946Z,103.24,0,116.5,1980,0,0,,,,
powertraces-pt100array_pt019_r1_7536307_11-89ffb37037,2026-05-07T18:48:30.946Z,103.24,1,114.56,1980,0,0,,,,
powertraces-pt100array_pt019_r1_7536307_11-89ffb37037,2026-05-07T18:48:30.946Z,103.24,2,117.87,1980,1,0,,,,
powertraces-pt100array_pt019_r1_7536307_11-89ffb37037,2026-05-07T18:48:30.946Z,103.24,3,118.33,1980,1,0,,,,
powertraces-pt100array_pt019_r1_7536307_11-89ffb37037,2026-05-07T18:48:31.046Z,103.34,0,116.51,1980,0,0,,,,
powertraces-pt100array_pt019_r1_7536307_11-89ffb37037,2026-05-07T18:48:31.046Z,103.34,1,114.58,1980,0,0,,,,
powertraces-pt100array_pt019_r1_7536307_11-89ffb37037,2026-05-07T18:48:31.046Z,103.34,2,117.84,1980,1,0,,,,
powertraces-pt100array_pt019_r1_7536307_11-89ffb37037,2026-05-07T18:48:31.046Z,103.34,3,118.37,1980,1,0,,,,
powertraces-pt100array_pt019_r1_7536307_11-89ffb37037,2026-05-07T18:48:31.146Z,103.44,0,116.5,1980,0,0,,,,
powertraces-pt100array_pt019_r1_7536307_11-89ffb37037,2026-05-07T18:48:31.146Z,103.44,1,114.61,1980,0,0,,,,
powertraces-pt100array_pt019_r1_7536307_11-89ffb37037,2026-05-07T18:48:31.146Z,103.44,2,117.81,1980,0,0,,,,
powertraces-pt100array_pt019_r1_7536307_11-89ffb37037,2026-05-07T18:48:31.146Z,103.44,3,118.39,1980,2,0,,,,
powertraces-pt100array_pt019_r1_7536307_11-89ffb37037,2026-05-07T18:48:31.246Z,103.54,0,116.48,1980,0,0,,,,
powertraces-pt100array_pt019_r1_7536307_11-89ffb37037,2026-05-07T18:48:31.247Z,103.541,1,114.62,1980,0,0,,,,
powertraces-pt100array_pt019_r1_7536307_11-89ffb37037,2026-05-07T18:48:31.247Z,103.541,2,117.81,1980,0,0,,,,
powertraces-pt100array_pt019_r1_7536307_11-89ffb37037,2026-05-07T18:48:31.247Z,103.541,3,118.43,1980,2,0,,,,
powertraces-pt100array_pt019_r1_7536307_11-89ffb37037,2026-05-07T18:48:31.347Z,103.641,0,116.47,1980,0,0,,,,
powertraces-pt100array_pt019_r1_7536307_11-89ffb37037,2026-05-07T18:48:31.347Z,103.641,1,114.58,1980,0,0,,,,
powertraces-pt100array_pt019_r1_7536307_11-89ffb37037,2026-05-07T18:48:31.347Z,103.641,2,117.75,1980,0,0,,,,
powertraces-pt100array_pt019_r1_7536307_11-89ffb37037,2026-05-07T18:48:31.347Z,103.641,3,118.47,1980,1,0,,,,
powertraces-pt100array_pt019_r1_7536307_11-89ffb37037,2026-05-07T18:48:31.447Z,103.741,0,116.46,1980,0,0,,,,
powertraces-pt100array_pt019_r1_7536307_11-89ffb37037,2026-05-07T18:48:31.447Z,103.741,1,114.54,1980,0,0,,,,
powertraces-pt100array_pt019_r1_7536307_11-89ffb37037,2026-05-07T18:48:31.447Z,103.741,2,117.74,1980,0,0,,,,
powertraces-pt100array_pt019_r1_7536307_11-89ffb37037,2026-05-07T18:48:31.447Z,103.741,3,118.51,1980,1,0,,,,
powertraces-pt100array_pt019_r1_7536307_11-89ffb37037,2026-05-07T18:48:31.547Z,103.841,0,116.46,1980,0,0,,,,
powertraces-pt100array_pt019_r1_7536307_11-89ffb37037,2026-05-07T18:48:31.547Z,103.841,1,114.6,1980,0,0,,,,
powertraces-pt100array_pt019_r1_7536307_11-89ffb37037,2026-05-07T18:48:31.547Z,103.841,2,117.72,1980,0,0,,,,
powertraces-pt100array_pt019_r1_7536307_11-89ffb37037,2026-05-07T18:48:31.547Z,103.841,3,118.56,1980,1,0,,,,
powertraces-pt100array_pt019_r1_7536307_11-89ffb37037,2026-05-07T18:48:31.647Z,103.941,0,116.46,1980,0,0,,,,
powertraces-pt100array_pt019_r1_7536307_11-89ffb37037,2026-05-07T18:48:31.647Z,103.941,1,114.63,1980,0,0,,,,
powertraces-pt100array_pt019_r1_7536307_11-89ffb37037,2026-05-07T18:48:31.647Z,103.941,2,117.68,1980,0,0,,,,
powertraces-pt100array_pt019_r1_7536307_11-89ffb37037,2026-05-07T18:48:31.647Z,103.941,3,118.58,1980,1,0,,,,
powertraces-pt100array_pt019_r1_7536307_11-89ffb37037,2026-05-07T18:48:31.747Z,104.041,0,116.46,1980,0,0,,,,
powertraces-pt100array_pt019_r1_7536307_11-89ffb37037,2026-05-07T18:48:31.748Z,104.042,1,114.59,1980,0,0,,,,
powertraces-pt100array_pt019_r1_7536307_11-89ffb37037,2026-05-07T18:48:31.748Z,104.042,2,117.65,1980,0,0,,,,
powertraces-pt100array_pt019_r1_7536307_11-89ffb37037,2026-05-07T18:48:31.748Z,104.042,3,118.62,1980,1,0,,,,
powertraces-pt100array_pt019_r1_7536307_11-89ffb37037,2026-05-07T18:48:31.848Z,104.142,0,116.45,1980,0,0,,,,
powertraces-pt100array_pt019_r1_7536307_11-89ffb37037,2026-05-07T18:48:31.848Z,104.142,1,114.54,1980,0,0,,,,
powertraces-pt100array_pt019_r1_7536307_11-89ffb37037,2026-05-07T18:48:31.848Z,104.142,2,117.61,1980,0,0,,,,
powertraces-pt100array_pt019_r1_7536307_11-89ffb37037,2026-05-07T18:48:31.848Z,104.142,3,118.58,1980,1,0,,,,
powertraces-pt100array_pt019_r1_7536307_11-89ffb37037,2026-05-07T18:48:31.948Z,104.242,0,116.45,1980,0,0,,,,
powertraces-pt100array_pt019_r1_7536307_11-89ffb37037,2026-05-07T18:48:31.948Z,104.242,1,114.57,1980,0,0,,,,
powertraces-pt100array_pt019_r1_7536307_11-89ffb37037,2026-05-07T18:48:31.948Z,104.242,2,117.54,1980,0,0,,,,
powertraces-pt100array_pt019_r1_7536307_11-89ffb37037,2026-05-07T18:48:31.948Z,104.242,3,118.6,1980,2,0,,,,
powertraces-pt100array_pt019_r1_7536307_11-89ffb37037,2026-05-07T18:48:32.048Z,104.342,0,116.44,1980,0,0,,,,
powertraces-pt100array_pt019_r1_7536307_11-89ffb37037,2026-05-07T18:48:32.048Z,104.342,1,114.58,1980,0,0,,,,
powertraces-pt100array_pt019_r1_7536307_11-89ffb37037,2026-05-07T18:48:32.048Z,104.342,2,117.54,1980,0,0,,,,
powertraces-pt100array_pt019_r1_7536307_11-89ffb37037,2026-05-07T18:48:32.048Z,104.342,3,118.6,1980,2,0,,,,
powertraces-pt100array_pt019_r1_7536307_11-89ffb37037,2026-05-07T18:48:32.148Z,104.442,0,116.44,1980,0,0,,,,
powertraces-pt100array_pt019_r1_7536307_11-89ffb37037,2026-05-07T18:48:32.148Z,104.442,1,114.56,1980,0,0,,,,
powertraces-pt100array_pt019_r1_7536307_11-89ffb37037,2026-05-07T18:48:32.148Z,104.442,2,117.51,1980,0,0,,,,
powertraces-pt100array_pt019_r1_7536307_11-89ffb37037,2026-05-07T18:48:32.148Z,104.442,3,118.6,1980,1,0,,,,
powertraces-pt100array_pt019_r1_7536307_11-89ffb37037,2026-05-07T18:48:32.249Z,104.543,0,116.44,1980,0,0,,,,
powertraces-pt100array_pt019_r1_7536307_11-89ffb37037,2026-05-07T18:48:32.249Z,104.543,1,114.5,1980,0,0,,,,
powertraces-pt100array_pt019_r1_7536307_11-89ffb37037,2026-05-07T18:48:32.249Z,104.543,2,117.5,1980,0,0,,,,
powertraces-pt100array_pt019_r1_7536307_11-89ffb37037,2026-05-07T18:48:32.249Z,104.543,3,118.6,1980,1,0,,,,
powertraces-pt100array_pt019_r1_7536307_11-89ffb37037,2026-05-07T18:48:32.349Z,104.643,0,116.44,1980,0,0,,,,
powertraces-pt100array_pt019_r1_7536307_11-89ffb37037,2026-05-07T18:48:32.349Z,104.643,1,114.55,1980,0,0,,,,
powertraces-pt100array_pt019_r1_7536307_11-89ffb37037,2026-05-07T18:48:32.349Z,104.643,2,117.5,1980,0,0,,,,
powertraces-pt100array_pt019_r1_7536307_11-89ffb37037,2026-05-07T18:48:32.349Z,104.643,3,118.62,1980,1,0,,,,
powertraces-pt100array_pt019_r1_7536307_11-89ffb37037,2026-05-07T18:48:32.449Z,104.743,0,116.45,1980,0,0,,,,
powertraces-pt100array_pt019_r1_7536307_11-89ffb37037,2026-05-07T18:48:32.449Z,104.743,1,114.57,1980,0,0,,,,
powertraces-pt100array_pt019_r1_7536307_11-89ffb37037,2026-05-07T18:48:32.449Z,104.743,2,117.47,1980,0,0,,,,
powertraces-pt100array_pt019_r1_7536307_11-89ffb37037,2026-05-07T18:48:32.449Z,104.743,3,118.61,1980,1,0,,,,
powertraces-pt100array_pt019_r1_7536307_11-89ffb37037,2026-05-07T18:48:32.549Z,104.843,0,116.46,1980,0,0,,,,
powertraces-pt100array_pt019_r1_7536307_11-89ffb37037,2026-05-07T18:48:32.549Z,104.843,1,114.56,1980,0,0,,,,
powertraces-pt100array_pt019_r1_7536307_11-89ffb37037,2026-05-07T18:48:32.549Z,104.843,2,117.47,1980,0,0,,,,
powertraces-pt100array_pt019_r1_7536307_11-89ffb37037,2026-05-07T18:48:32.549Z,104.843,3,118.59,1980,1,0,,,,
powertraces-pt100array_pt019_r1_7536307_11-89ffb37037,2026-05-07T18:48:32.649Z,104.943,0,116.48,1980,0,0,,,,
powertraces-pt100array_pt019_r1_7536307_11-89ffb37037,2026-05-07T18:48:32.649Z,104.943,1,114.51,1980,0,0,,,,
powertraces-pt100array_pt019_r1_7536307_11-89ffb37037,2026-05-07T18:48:32.649Z,104.943,2,117.49,1980,0,0,,,,
powertraces-pt100array_pt019_r1_7536307_11-89ffb37037,2026-05-07T18:48:32.649Z,104.943,3,118.6,1980,1,0,,,,
powertraces-pt100array_pt019_r1_7536307_11-89ffb37037,2026-05-07T18:48:32.75Z,105.044,0,116.48,1980,0,0,,,,
powertraces-pt100array_pt019_r1_7536307_11-89ffb37037,2026-05-07T18:48:32.75Z,105.044,1,114.53,1980,0,0,,,,
powertraces-pt100array_pt019_r1_7536307_11-89ffb37037,2026-05-07T18:48:32.75Z,105.044,2,117.48,1980,0,0,,,,
powertraces-pt100array_pt019_r1_7536307_11-89ffb37037,2026-05-07T18:48:32.75Z,105.044,3,118.62,1980,1,0,,,,
powertraces-pt100array_pt019_r1_7536307_11-89ffb37037,2026-05-07T18:48:32.85Z,105.144,0,116.46,1980,0,0,,,,
powertraces-pt100array_pt019_r1_7536307_11-89ffb37037,2026-05-07T18:48:32.85Z,105.144,1,114.55,1980,0,0,,,,
powertraces-pt100array_pt019_r1_7536307_11-89ffb37037,2026-05-07T18:48:32.85Z,105.144,2,117.49,1980,0,0,,,,
powertraces-pt100array_pt019_r1_7536307_11-89ffb37037,2026-05-07T18:48:32.85Z,105.144,3,118.68,1980,1,0,,,,
powertraces-pt100array_pt019_r1_7536307_11-89ffb37037,2026-05-07T18:48:32.95Z,105.244,0,116.45,1980,0,0,,,,
powertraces-pt100array_pt019_r1_7536307_11-89ffb37037,2026-05-07T18:48:32.95Z,105.244,1,114.57,1980,0,0,,,,
powertraces-pt100array_pt019_r1_7536307_11-89ffb37037,2026-05-07T18:48:32.95Z,105.244,2,117.5,1980,0,0,,,,
powertraces-pt100array_pt019_r1_7536307_11-89ffb37037,2026-05-07T18:48:32.95Z,105.244,3,118.68,1980,1,0,,,,
powertraces-pt100array_pt019_r1_7536307_11-89ffb37037,2026-05-07T18:48:33.05Z,105.344,0,116.45,1980,0,0,,,,
powertraces-pt100array_pt019_r1_7536307_11-89ffb37037,2026-05-07T18:48:33.05Z,105.344,1,114.56,1980,0,0,,,,
powertraces-pt100array_pt019_r1_7536307_11-89ffb37037,2026-05-07T18:48:33.05Z,105.344,2,117.47,1980,0,0,,,,
powertraces-pt100array_pt019_r1_7536307_11-89ffb37037,2026-05-07T18:48:33.05Z,105.344,3,118.69,1980,1,0,,,,
powertraces-pt100array_pt019_r1_7536307_11-89ffb37037,2026-05-07T18:48:33.15Z,105.444,0,116.45,1980,0,0,,,,
powertraces-pt100array_pt019_r1_7536307_11-89ffb37037,2026-05-07T18:48:33.151Z,105.445,1,114.51,1980,0,0,,,,
powertraces-pt100array_pt019_r1_7536307_11-89ffb37037,2026-05-07T18:48:33.151Z,105.445,2,117.5,1980,0,0,,,,
powertraces-pt100array_pt019_r1_7536307_11-89ffb37037,2026-05-07T18:48:33.151Z,105.445,3,118.7,1980,1,0,,,,
powertraces-pt100array_pt019_r1_7536307_11-89ffb37037,2026-05-07T18:48:33.251Z,105.545,0,116.46,1980,0,0,,,,
powertraces-pt100array_pt019_r1_7536307_11-89ffb37037,2026-05-07T18:48:33.251Z,105.545,1,114.57,1980,0,0,,,,
powertraces-pt100array_pt019_r1_7536307_11-89ffb37037,2026-05-07T18:48:33.251Z,105.545,2,117.48,1980,0,0,,,,
powertraces-pt100array_pt019_r1_7536307_11-89ffb37037,2026-05-07T18:48:33.251Z,105.545,3,118.68,1980,1,0,,,,
powertraces-pt100array_pt019_r1_7536307_11-89ffb37037,2026-05-07T18:48:33.351Z,105.645,0,116.46,1980,0,0,,,,
powertraces-pt100array_pt019_r1_7536307_11-89ffb37037,2026-05-07T18:48:33.351Z,105.645,1,114.57,1980,0,0,,,,
powertraces-pt100array_pt019_r1_7536307_11-89ffb37037,2026-05-07T18:48:33.351Z,105.645,2,117.46,1980,0,0,,,,
powertraces-pt100array_pt019_r1_7536307_11-89ffb37037,2026-05-07T18:48:33.351Z,105.645,3,118.69,1980,1,0,,,,
powertraces-pt100array_pt019_r1_7536307_11-89ffb37037,2026-05-07T18:48:33.451Z,105.745,0,116.48,1980,0,0,,,,
powertraces-pt100array_pt019_r1_7536307_11-89ffb37037,2026-05-07T18:48:33.451Z,105.745,1,114.57,1980,0,0,,,,
powertraces-pt100array_pt019_r1_7536307_11-89ffb37037,2026-05-07T18:48:33.451Z,105.745,2,117.48,1980,0,0,,,,
powertraces-pt100array_pt019_r1_7536307_11-89ffb37037,2026-05-07T18:48:33.451Z,105.745,3,118.7,1980,1,0,,,,
powertraces-pt100array_pt019_r1_7536307_11-89ffb37037,2026-05-07T18:48:33.551Z,105.845,0,116.47,1980,0,0,,,,
powertraces-pt100array_pt019_r1_7536307_11-89ffb37037,2026-05-07T18:48:33.551Z,105.845,1,114.56,1980,0,0,,,,
powertraces-pt100array_pt019_r1_7536307_11-89ffb37037,2026-05-07T18:48:33.551Z,105.845,2,117.5,1980,0,0,,,,
powertraces-pt100array_pt019_r1_7536307_11-89ffb37037,2026-05-07T18:48:33.551Z,105.845,3,118.71,1980,1,0,,,,
powertraces-pt100array_pt019_r1_7536307_11-89ffb37037,2026-05-07T18:48:33.651Z,105.945,0,116.44,1980,0,0,,,,
powertraces-pt100array_pt019_r1_7536307_11-89ffb37037,2026-05-07T18:48:33.652Z,105.946,1,114.58,1980,0,0,,,,
powertraces-pt100array_pt019_r1_7536307_11-89ffb37037,2026-05-07T18:48:33.652Z,105.946,2,117.48,1980,0,0,,,,
powertraces-pt100array_pt019_r1_7536307_11-89ffb37037,2026-05-07T18:48:33.652Z,105.946,3,118.69,1980,1,0,,,,
powertraces-pt100array_pt019_r1_7536307_11-89ffb37037,2026-05-07T18:48:33.752Z,106.046,0,116.46,1980,0,0,,,,
powertraces-pt100array_pt019_r1_7536307_11-89ffb37037,2026-05-07T18:48:33.752Z,106.046,1,114.59,1980,0,0,,,,
powertraces-pt100array_pt019_r1_7536307_11-89ffb37037,2026-05-07T18:48:33.752Z,106.046,2,117.51,1980,0,0,,,,
powertraces-pt100array_pt019_r1_7536307_11-89ffb37037,2026-05-07T18:48:33.752Z,106.046,3,118.69,1980,1,0,,,,
powertraces-pt100array_pt019_r1_7536307_11-89ffb37037,2026-05-07T18:48:33.852Z,106.146,0,116.48,1980,0,0,,,,
powertraces-pt100array_pt019_r1_7536307_11-89ffb37037,2026-05-07T18:48:33.852Z,106.146,1,114.59,1980,0,0,,,,
powertraces-pt100array_pt019_r1_7536307_11-89ffb37037,2026-05-07T18:48:33.852Z,106.146,2,117.49,1980,0,0,,,,
powertraces-pt100array_pt019_r1_7536307_11-89ffb37037,2026-05-07T18:48:33.852Z,106.146,3,118.66,1980,1,0,,,,
powertraces-pt100array_pt019_r1_7536307_11-89ffb37037,2026-05-07T18:48:33.952Z,106.246,0,116.48,1980,0,0,,,,
powertraces-pt100array_pt019_r1_7536307_11-89ffb37037,2026-05-07T18:48:33.952Z,106.246,1,114.53,1980,0,0,,,,
powertraces-pt100array_pt019_r1_7536307_11-89ffb37037,2026-05-07T18:48:33.952Z,106.246,2,117.49,1980,0,0,,,,
powertraces-pt100array_pt019_r1_7536307_11-89ffb37037,2026-05-07T18:48:33.952Z,106.246,3,118.65,1980,1,0,,,,
powertraces-pt100array_pt019_r1_7536307_11-89ffb37037,2026-05-07T18:48:34.052Z,106.346,0,116.48,1980,0,0,,,,
powertraces-pt100array_pt019_r1_7536307_11-89ffb37037,2026-05-07T18:48:34.052Z,106.346,1,114.52,1980,0,0,,,,
powertraces-pt100array_pt019_r1_7536307_11-89ffb37037,2026-05-07T18:48:34.052Z,106.346,2,117.51,1980,0,0,,,,
powertraces-pt100array_pt019_r1_7536307_11-89ffb37037,2026-05-07T18:48:34.053Z,106.347,3,118.63,1980,1,0,,,,
powertraces-pt100array_pt019_r1_7536307_11-89ffb37037,2026-05-07T18:48:34.153Z,106.447,0,116.48,1980,0,0,,,,
powertraces-pt100array_pt019_r1_7536307_11-89ffb37037,2026-05-07T18:48:34.153Z,106.447,1,114.57,1980,0,0,,,,
powertraces-pt100array_pt019_r1_7536307_11-89ffb37037,2026-05-07T18:48:34.153Z,106.447,2,117.49,1980,0,0,,,,
powertraces-pt100array_pt019_r1_7536307_11-89ffb37037,2026-05-07T18:48:34.153Z,106.447,3,118.65,1980,2,0,,,,
powertraces-pt100array_pt019_r1_7536307_11-89ffb37037,2026-05-07T18:48:34.253Z,106.547,0,116.5,1980,0,0,,,,
powertraces-pt100array_pt019_r1_7536307_11-89ffb37037,2026-05-07T18:48:34.253Z,106.547,1,114.52,1980,0,0,,,,
powertraces-pt100array_pt019_r1_7536307_11-89ffb37037,2026-05-07T18:48:34.253Z,106.547,2,117.49,1980,0,0,,,,
powertraces-pt100array_pt019_r1_7536307_11-89ffb37037,2026-05-07T18:48:34.253Z,106.547,3,118.7,1980,2,0,,,,
powertraces-pt100array_pt019_r1_7536307_11-89ffb37037,2026-05-07T18:48:34.353Z,106.647,0,116.49,1980,0,0,,,,
powertraces-pt100array_pt019_r1_7536307_11-89ffb37037,2026-05-07T18:48:34.353Z,106.647,1,114.49,1980,0,0,,,,
powertraces-pt100array_pt019_r1_7536307_11-89ffb37037,2026-05-07T18:48:34.353Z,106.647,2,117.51,1980,0,0,,,,
powertraces-pt100array_pt019_r1_7536307_11-89ffb37037,2026-05-07T18:48:34.353Z,106.647,3,118.71,1980,1,0,,,,
powertraces-pt100array_pt019_r1_7536307_11-89ffb37037,2026-05-07T18:48:34.453Z,106.747,0,116.49,1980,0,0,,,,
powertraces-pt100array_pt019_r1_7536307_11-89ffb37037,2026-05-07T18:48:34.453Z,106.747,1,114.51,1980,0,0,,,,
powertraces-pt100array_pt019_r1_7536307_11-89ffb37037,2026-05-07T18:48:34.453Z,106.747,2,117.48,1980,0,0,,,,
powertraces-pt100array_pt019_r1_7536307_11-89ffb37037,2026-05-07T18:48:34.453Z,106.747,3,118.71,1980,1,0,,,,
powertraces-pt100array_pt019_r1_7536307_11-89ffb37037,2026-05-07T18:48:34.553Z,106.847,0,116.5,1980,0,0,,,,
powertraces-pt100array_pt019_r1_7536307_11-89ffb37037,2026-05-07T18:48:34.554Z,106.848,1,114.54,1980,0,0,,,,
powertraces-pt100array_pt019_r1_7536307_11-89ffb37037,2026-05-07T18:48:34.554Z,106.848,2,117.47,1980,0,0,,,,
powertraces-pt100array_pt019_r1_7536307_11-89ffb37037,2026-05-07T18:48:34.554Z,106.848,3,118.73,1980,1,0,,,,
powertraces-pt100array_pt019_r1_7536307_11-89ffb37037,2026-05-07T18:48:34.654Z,106.948,0,116.51,1980,0,0,,,,
powertraces-pt100array_pt019_r1_7536307_11-89ffb37037,2026-05-07T18:48:34.654Z,106.948,1,114.48,1980,0,0,,,,
powertraces-pt100array_pt019_r1_7536307_11-89ffb37037,2026-05-07T18:48:34.654Z,106.948,2,117.49,1980,0,0,,,,
powertraces-pt100array_pt019_r1_7536307_11-89ffb37037,2026-05-07T18:48:34.654Z,106.948,3,118.73,1980,1,0,,,,
powertraces-pt100array_pt019_r1_7536307_11-89ffb37037,2026-05-07T18:48:34.754Z,107.048,0,116.49,1980,0,0,,,,
powertraces-pt100array_pt019_r1_7536307_11-89ffb37037,2026-05-07T18:48:34.754Z,107.048,1,114.48,1980,0,0,,,,
powertraces-pt100array_pt019_r1_7536307_11-89ffb37037,2026-05-07T18:48:34.754Z,107.048,2,117.48,1980,0,0,,,,
powertraces-pt100array_pt019_r1_7536307_11-89ffb37037,2026-05-07T18:48:34.754Z,107.048,3,118.72,1980,2,0,,,,
powertraces-pt100array_pt019_r1_7536307_11-89ffb37037,2026-05-07T18:48:34.854Z,107.148,0,116.46,1980,0,0,,,,
powertraces-pt100array_pt019_r1_7536307_11-89ffb37037,2026-05-07T18:48:34.854Z,107.148,1,114.53,1980,0,0,,,,
powertraces-pt100array_pt019_r1_7536307_11-89ffb37037,2026-05-07T18:48:34.854Z,107.148,2,117.49,1980,0,0,,,,
powertraces-pt100array_pt019_r1_7536307_11-89ffb37037,2026-05-07T18:48:34.854Z,107.148,3,118.73,1980,2,0,,,,
powertraces-pt100array_pt019_r1_7536307_11-89ffb37037,2026-05-07T18:48:34.954Z,107.248,0,116.46,1980,0,0,,,,
powertraces-pt100array_pt019_r1_7536307_11-89ffb37037,2026-05-07T18:48:34.954Z,107.248,1,114.54,1980,0,0,,,,
powertraces-pt100array_pt019_r1_7536307_11-89ffb37037,2026-05-07T18:48:34.954Z,107.248,2,117.5,1980,0,0,,,,
powertraces-pt100array_pt019_r1_7536307_11-89ffb37037,2026-05-07T18:48:34.954Z,107.248,3,118.73,1980,1,0,,,,
powertraces-pt100array_pt019_r1_7536307_11-89ffb37037,2026-05-07T18:48:35.055Z,107.349,0,116.47,1980,0,0,,,,
powertraces-pt100array_pt019_r1_7536307_11-89ffb37037,2026-05-07T18:48:35.055Z,107.349,1,114.5,1980,0,0,,,,
powertraces-pt100array_pt019_r1_7536307_11-89ffb37037,2026-05-07T18:48:35.055Z,107.349,2,117.49,1980,0,0,,,,
powertraces-pt100array_pt019_r1_7536307_11-89ffb37037,2026-05-07T18:48:35.055Z,107.349,3,118.71,1980,1,0,,,,
powertraces-pt100array_pt019_r1_7536307_11-89ffb37037,2026-05-07T18:48:35.155Z,107.449,0,116.47,1980,0,0,,,,
powertraces-pt100array_pt019_r1_7536307_11-89ffb37037,2026-05-07T18:48:35.155Z,107.449,1,114.48,1980,0,0,,,,
powertraces-pt100array_pt019_r1_7536307_11-89ffb37037,2026-05-07T18:48:35.155Z,107.449,2,117.47,1980,0,0,,,,
powertraces-pt100array_pt019_r1_7536307_11-89ffb37037,2026-05-07T18:48:35.155Z,107.449,3,118.7,1980,2,0,,,,
powertraces-pt100array_pt019_r1_7536307_11-89ffb37037,2026-05-07T18:48:35.255Z,107.549,0,116.45,1980,0,0,,,,
powertraces-pt100array_pt019_r1_7536307_11-89ffb37037,2026-05-07T18:48:35.255Z,107.549,1,114.49,1980,0,0,,,,
powertraces-pt100array_pt019_r1_7536307_11-89ffb37037,2026-05-07T18:48:35.255Z,107.549,2,117.47,1980,0,0,,,,
powertraces-pt100array_pt019_r1_7536307_11-89ffb37037,2026-05-07T18:48:35.255Z,107.549,3,118.66,1980,2,0,,,,
powertraces-pt100array_pt019_r1_7536307_11-89ffb37037,2026-05-07T18:48:35.355Z,107.649,0,116.45,1980,0,0,,,,
powertraces-pt100array_pt019_r1_7536307_11-89ffb37037,2026-05-07T18:48:35.355Z,107.649,1,114.56,1980,0,0,,,,
powertraces-pt100array_pt019_r1_7536307_11-89ffb37037,2026-05-07T18:48:35.355Z,107.649,2,117.49,1980,0,0,,,,
powertraces-pt100array_pt019_r1_7536307_11-89ffb37037,2026-05-07T18:48:35.355Z,107.649,3,118.66,1980,1,0,,,,
powertraces-pt100array_pt019_r1_7536307_11-89ffb37037,2026-05-07T18:48:35.455Z,107.749,0,116.42,1980,0,0,,,,
powertraces-pt100array_pt019_r1_7536307_11-89ffb37037,2026-05-07T18:48:35.455Z,107.749,1,114.56,1980,0,0,,,,
powertraces-pt100array_pt019_r1_7536307_11-89ffb37037,2026-05-07T18:48:35.455Z,107.749,2,117.5,1980,0,0,,,,
powertraces-pt100array_pt019_r1_7536307_11-89ffb37037,2026-05-07T18:48:35.455Z,107.749,3,118.63,1980,1,0,,,,
powertraces-pt100array_pt019_r1_7536307_11-89ffb37037,2026-05-07T18:48:35.555Z,107.849,0,116.45,1980,0,0,,,,
powertraces-pt100array_pt019_r1_7536307_11-89ffb37037,2026-05-07T18:48:35.556Z,107.85,1,114.51,1980,0,0,,,,
powertraces-pt100array_pt019_r1_7536307_11-89ffb37037,2026-05-07T18:48:35.556Z,107.85,2,117.49,1980,0,0,,,,
powertraces-pt100array_pt019_r1_7536307_11-89ffb37037,2026-05-07T18:48:35.556Z,107.85,3,118.61,1980,0,0,,,,
powertraces-pt100array_pt019_r1_7536307_11-89ffb37037,2026-05-07T18:48:35.656Z,107.95,0,116.43,1980,0,0,,,,
powertraces-pt100array_pt019_r1_7536307_11-89ffb37037,2026-05-07T18:48:35.656Z,107.95,1,114.54,1980,0,0,,,,
powertraces-pt100array_pt019_r1_7536307_11-89ffb37037,2026-05-07T18:48:35.656Z,107.95,2,117.49,1980,0,0,,,,
powertraces-pt100array_pt019_r1_7536307_11-89ffb37037,2026-05-07T18:48:35.656Z,107.95,3,118.58,1980,0,0,,,,
powertraces-pt100array_pt019_r1_7536307_11-89ffb37037,2026-05-07T18:48:35.756Z,108.05,0,116.44,1980,0,0,,,,
powertraces-pt100array_pt019_r1_7536307_11-89ffb37037,2026-05-07T18:48:35.756Z,108.05,1,114.55,1980,0,0,,,,
powertraces-pt100array_pt019_r1_7536307_11-89ffb37037,2026-05-07T18:48:35.756Z,108.05,2,117.49,1980,0,0,,,,
powertraces-pt100array_pt019_r1_7536307_11-89ffb37037,2026-05-07T18:48:35.756Z,108.05,3,118.57,1980,0,0,,,,
powertraces-pt100array_pt019_r1_7536307_11-89ffb37037,2026-05-07T18:48:35.856Z,108.15,0,116.43,1980,0,0,,,,
powertraces-pt100array_pt019_r1_7536307_11-89ffb37037,2026-05-07T18:48:35.856Z,108.15,1,114.54,1980,0,0,,,,
powertraces-pt100array_pt019_r1_7536307_11-89ffb37037,2026-05-07T18:48:35.856Z,108.15,2,117.49,1980,0,0,,,,
powertraces-pt100array_pt019_r1_7536307_11-89ffb37037,2026-05-07T18:48:35.856Z,108.15,3,118.54,1980,0,0,,,,
powertraces-pt100array_pt019_r1_7536307_11-89ffb37037,2026-05-07T18:48:35.956Z,108.25,0,116.45,1980,0,0,,,,
powertraces-pt100array_pt019_r1_7536307_11-89ffb37037,2026-05-07T18:48:35.956Z,108.25,1,114.53,1980,0,0,,,,
powertraces-pt100array_pt019_r1_7536307_11-89ffb37037,2026-05-07T18:48:35.956Z,108.25,2,117.47,1980,0,0,,,,
powertraces-pt100array_pt019_r1_7536307_11-89ffb37037,2026-05-07T18:48:35.956Z,108.25,3,118.53,1980,0,0,,,,
powertraces-pt100array_pt019_r1_7536307_11-89ffb37037,2026-05-07T18:48:36.057Z,108.351,0,116.46,1980,0,0,,,,
powertraces-pt100array_pt019_r1_7536307_11-89ffb37037,2026-05-07T18:48:36.057Z,108.351,1,114.51,1980,0,0,,,,
powertraces-pt100array_pt019_r1_7536307_11-89ffb37037,2026-05-07T18:48:36.057Z,108.351,2,117.48,1980,0,0,,,,
powertraces-pt100array_pt019_r1_7536307_11-89ffb37037,2026-05-07T18:48:36.057Z,108.351,3,118.51,1980,0,0,,,,
powertraces-pt100array_pt019_r1_7536307_11-89ffb37037,2026-05-07T18:48:36.157Z,108.451,0,116.47,1980,0,0,,,,
powertraces-pt100array_pt019_r1_7536307_11-89ffb37037,2026-05-07T18:48:36.157Z,108.451,1,114.57,1980,0,0,,,,
powertraces-pt100array_pt019_r1_7536307_11-89ffb37037,2026-05-07T18:48:36.157Z,108.451,2,117.49,1980,0,0,,,,
powertraces-pt100array_pt019_r1_7536307_11-89ffb37037,2026-05-07T18:48:36.157Z,108.451,3,118.45,1980,0,0,,,,
powertraces-pt100array_pt019_r1_7536307_11-89ffb37037,2026-05-07T18:48:36.257Z,108.551,0,116.48,1980,0,0,,,,
powertraces-pt100array_pt019_r1_7536307_11-89ffb37037,2026-05-07T18:48:36.257Z,108.551,1,114.56,1980,0,0,,,,
powertraces-pt100array_pt019_r1_7536307_11-89ffb37037,2026-05-07T18:48:36.257Z,108.551,2,117.48,1980,0,0,,,,
powertraces-pt100array_pt019_r1_7536307_11-89ffb37037,2026-05-07T18:48:36.257Z,108.551,3,118.41,1980,0,0,,,,
powertraces-pt100array_pt019_r1_7536307_11-89ffb37037,2026-05-07T18:48:36.357Z,108.651,0,116.48,1980,0,0,,,,
powertraces-pt100array_pt019_r1_7536307_11-89ffb37037,2026-05-07T18:48:36.357Z,108.651,1,114.53,1980,0,0,,,,
powertraces-pt100array_pt019_r1_7536307_11-89ffb37037,2026-05-07T18:48:36.357Z,108.651,2,117.48,1980,0,0,,,,
powertraces-pt100array_pt019_r1_7536307_11-89ffb37037,2026-05-07T18:48:36.357Z,108.651,3,118.35,1980,0,0,,,,
powertraces-pt100array_pt019_r1_7536307_11-89ffb37037,2026-05-07T18:48:36.457Z,108.751,0,116.48,1980,0,0,,,,
powertraces-pt100array_pt019_r1_7536307_11-89ffb37037,2026-05-07T18:48:36.458Z,108.752,1,114.52,1980,0,0,,,,
powertraces-pt100array_pt019_r1_7536307_11-89ffb37037,2026-05-07T18:48:36.458Z,108.752,2,117.47,1980,0,0,,,,
powertraces-pt100array_pt019_r1_7536307_11-89ffb37037,2026-05-07T18:48:36.458Z,108.752,3,118.32,1980,0,0,,,,
powertraces-pt100array_pt019_r1_7536307_11-89ffb37037,2026-05-07T18:48:36.558Z,108.852,0,116.46,1980,0,0,,,,
powertraces-pt100array_pt019_r1_7536307_11-89ffb37037,2026-05-07T18:48:36.558Z,108.852,1,114.54,1980,0,0,,,,
powertraces-pt100array_pt019_r1_7536307_11-89ffb37037,2026-05-07T18:48:36.558Z,108.852,2,117.47,1980,0,0,,,,
powertraces-pt100array_pt019_r1_7536307_11-89ffb37037,2026-05-07T18:48:36.558Z,108.852,3,118.31,1980,0,0,,,,
powertraces-pt100array_pt019_r1_7536307_11-89ffb37037,2026-05-07T18:48:36.658Z,108.952,0,116.45,1980,0,0,,,,
powertraces-pt100array_pt019_r1_7536307_11-89ffb37037,2026-05-07T18:48:36.658Z,108.952,1,114.56,1980,0,0,,,,
powertraces-pt100array_pt019_r1_7536307_11-89ffb37037,2026-05-07T18:48:36.658Z,108.952,2,117.49,1980,0,0,,,,
powertraces-pt100array_pt019_r1_7536307_11-89ffb37037,2026-05-07T18:48:36.658Z,108.952,3,118.32,1980,0,0,,,,
powertraces-pt100array_pt019_r1_7536307_11-89ffb37037,2026-05-07T18:48:36.758Z,109.052,0,116.46,1980,0,0,,,,
powertraces-pt100array_pt019_r1_7536307_11-89ffb37037,2026-05-07T18:48:36.758Z,109.052,1,114.52,1980,0,0,,,,
powertraces-pt100array_pt019_r1_7536307_11-89ffb37037,2026-05-07T18:48:36.758Z,109.052,2,117.49,1980,0,0,,,,
powertraces-pt100array_pt019_r1_7536307_11-89ffb37037,2026-05-07T18:48:36.758Z,109.052,3,118.34,1980,0,0,,,,
powertraces-pt100array_pt019_r1_7536307_11-89ffb37037,2026-05-07T18:48:36.858Z,109.152,0,116.47,1980,0,0,,,,
powertraces-pt100array_pt019_r1_7536307_11-89ffb37037,2026-05-07T18:48:36.858Z,109.152,1,114.52,1980,0,0,,,,
powertraces-pt100array_pt019_r1_7536307_11-89ffb37037,2026-05-07T18:48:36.858Z,109.152,2,117.49,1980,0,0,,,,
powertraces-pt100array_pt019_r1_7536307_11-89ffb37037,2026-05-07T18:48:36.858Z,109.152,3,118.33,1980,0,0,,,,
powertraces-pt100array_pt019_r1_7536307_11-89ffb37037,2026-05-07T18:48:36.958Z,109.252,0,116.51,1980,0,0,,,,
powertraces-pt100array_pt019_r1_7536307_11-89ffb37037,2026-05-07T18:48:36.958Z,109.252,1,114.55,1980,0,0,,,,
powertraces-pt100array_pt019_r1_7536307_11-89ffb37037,2026-05-07T18:48:36.958Z,109.252,2,117.5,1980,0,0,,,,
powertraces-pt100array_pt019_r1_7536307_11-89ffb37037,2026-05-07T18:48:36.959Z,109.253,3,118.33,1980,0,0,,,,
powertraces-pt100array_pt019_r1_7536307_11-89ffb37037,2026-05-07T18:48:37.059Z,109.353,0,116.53,1980,0,0,,,,
powertraces-pt100array_pt019_r1_7536307_11-89ffb37037,2026-05-07T18:48:37.059Z,109.353,1,114.57,1980,0,0,,,,
powertraces-pt100array_pt019_r1_7536307_11-89ffb37037,2026-05-07T18:48:37.059Z,109.353,2,117.49,1980,0,0,,,,
powertraces-pt100array_pt019_r1_7536307_11-89ffb37037,2026-05-07T18:48:37.059Z,109.353,3,118.35,1980,0,0,,,,
powertraces-pt100array_pt019_r1_7536307_11-89ffb37037,2026-05-07T18:48:37.159Z,109.453,0,116.54,1980,0,0,,,,
powertraces-pt100array_pt019_r1_7536307_11-89ffb37037,2026-05-07T18:48:37.159Z,109.453,1,114.56,1980,0,0,,,,
powertraces-pt100array_pt019_r1_7536307_11-89ffb37037,2026-05-07T18:48:37.159Z,109.453,2,117.49,1980,0,0,,,,
powertraces-pt100array_pt019_r1_7536307_11-89ffb37037,2026-05-07T18:48:37.159Z,109.453,3,118.36,1980,0,0,,,,
powertraces-pt100array_pt019_r1_7536307_11-89ffb37037,2026-05-07T18:48:37.259Z,109.553,0,117.68,1980,0,0,,,,
powertraces-pt100array_pt019_r1_7536307_11-89ffb37037,2026-05-07T18:48:37.259Z,109.553,1,114.52,1980,0,0,,,,
powertraces-pt100array_pt019_r1_7536307_11-89ffb37037,2026-05-07T18:48:37.259Z,109.553,2,117.47,1980,0,0,,,,
powertraces-pt100array_pt019_r1_7536307_11-89ffb37037,2026-05-07T18:48:37.259Z,109.553,3,118.34,1980,0,0,,,,
powertraces-pt100array_pt019_r1_7536307_11-89ffb37037,2026-05-07T18:48:37.359Z,109.653,0,118.57,1980,0,0,,,,
powertraces-pt100array_pt019_r1_7536307_11-89ffb37037,2026-05-07T18:48:37.359Z,109.653,1,114.54,1980,0,0,,,,
powertraces-pt100array_pt019_r1_7536307_11-89ffb37037,2026-05-07T18:48:37.359Z,109.653,2,117.46,1980,0,0,,,,
powertraces-pt100array_pt019_r1_7536307_11-89ffb37037,2026-05-07T18:48:37.359Z,109.653,3,120.0,1980,1,0,,,,
powertraces-pt100array_pt019_r1_7536307_11-89ffb37037,2026-05-07T18:48:37.459Z,109.753,0,119.01,1980,0,0,,,,
powertraces-pt100array_pt019_r1_7536307_11-89ffb37037,2026-05-07T18:48:37.46Z,109.754,1,114.56,1980,0,0,,,,
powertraces-pt100array_pt019_r1_7536307_11-89ffb37037,2026-05-07T18:48:37.46Z,109.754,2,117.46,1980,0,0,,,,
powertraces-pt100array_pt019_r1_7536307_11-89ffb37037,2026-05-07T18:48:37.46Z,109.754,3,119.96,1980,1,0,,,,
powertraces-pt100array_pt019_r1_7536307_11-89ffb37037,2026-05-07T18:48:37.56Z,109.854,0,120.28,1980,0,0,,,,
powertraces-pt100array_pt019_r1_7536307_11-89ffb37037,2026-05-07T18:48:37.56Z,109.854,1,114.61,1980,0,0,,,,
powertraces-pt100array_pt019_r1_7536307_11-89ffb37037,2026-05-07T18:48:37.56Z,109.854,2,117.47,1980,0,0,,,,
powertraces-pt100array_pt019_r1_7536307_11-89ffb37037,2026-05-07T18:48:37.56Z,109.854,3,121.98,1980,0,0,,,,
powertraces-pt100array_pt019_r1_7536307_11-89ffb37037,2026-05-07T18:48:37.66Z,109.954,0,120.77,1980,0,0,,,,
powertraces-pt100array_pt019_r1_7536307_11-89ffb37037,2026-05-07T18:48:37.66Z,109.954,1,114.58,1980,0,0,,,,
powertraces-pt100array_pt019_r1_7536307_11-89ffb37037,2026-05-07T18:48:37.66Z,109.954,2,117.48,1980,0,0,,,,
powertraces-pt100array_pt019_r1_7536307_11-89ffb37037,2026-05-07T18:48:37.66Z,109.954,3,122.39,1980,0,0,,,,
powertraces-pt100array_pt019_r1_7536307_11-89ffb37037,2026-05-07T18:48:37.76Z,110.054,0,120.8,1980,1,0,,,,
powertraces-pt100array_pt019_r1_7536307_11-89ffb37037,2026-05-07T18:48:37.76Z,110.054,1,114.59,1980,0,0,,,,
powertraces-pt100array_pt019_r1_7536307_11-89ffb37037,2026-05-07T18:48:37.76Z,110.054,2,117.48,1980,0,0,,,,
powertraces-pt100array_pt019_r1_7536307_11-89ffb37037,2026-05-07T18:48:37.76Z,110.054,3,122.73,1980,0,0,,,,
powertraces-pt100array_pt019_r1_7536307_11-89ffb37037,2026-05-07T18:48:37.86Z,110.154,0,120.89,1980,1,0,,,,
powertraces-pt100array_pt019_r1_7536307_11-89ffb37037,2026-05-07T18:48:37.86Z,110.154,1,114.61,1980,0,0,,,,
powertraces-pt100array_pt019_r1_7536307_11-89ffb37037,2026-05-07T18:48:37.86Z,110.154,2,117.48,1980,0,0,,,,
powertraces-pt100array_pt019_r1_7536307_11-89ffb37037,2026-05-07T18:48:37.86Z,110.154,3,123.29,1980,0,0,,,,
powertraces-pt100array_pt019_r1_7536307_11-89ffb37037,2026-05-07T18:48:37.96Z,110.254,0,124.09,1980,1,0,,,,
powertraces-pt100array_pt019_r1_7536307_11-89ffb37037,2026-05-07T18:48:37.96Z,110.254,1,117.88,1980,0,0,,,,
powertraces-pt100array_pt019_r1_7536307_11-89ffb37037,2026-05-07T18:48:37.96Z,110.254,2,117.49,1980,0,0,,,,
powertraces-pt100array_pt019_r1_7536307_11-89ffb37037,2026-05-07T18:48:37.961Z,110.255,3,125.41,1980,0,0,,,,
powertraces-pt100array_pt019_r1_7536307_11-89ffb37037,2026-05-07T18:48:38.061Z,110.355,0,127.87,1980,1,0,,,,
powertraces-pt100array_pt019_r1_7536307_11-89ffb37037,2026-05-07T18:48:38.061Z,110.355,1,122.96,1980,0,0,,,,
powertraces-pt100array_pt019_r1_7536307_11-89ffb37037,2026-05-07T18:48:38.061Z,110.355,2,124.12,1980,0,0,,,,
powertraces-pt100array_pt019_r1_7536307_11-89ffb37037,2026-05-07T18:48:38.061Z,110.355,3,128.6,1980,1,0,,,,
powertraces-pt100array_pt019_r1_7536307_11-89ffb37037,2026-05-07T18:48:38.161Z,110.455,0,130.54,1980,0,0,,,,
powertraces-pt100array_pt019_r1_7536307_11-89ffb37037,2026-05-07T18:48:38.161Z,110.455,1,123.43,1980,0,0,,,,
powertraces-pt100array_pt019_r1_7536307_11-89ffb37037,2026-05-07T18:48:38.161Z,110.455,2,127.2,1980,10,4,,,,
powertraces-pt100array_pt019_r1_7536307_11-89ffb37037,2026-05-07T18:48:38.161Z,110.455,3,137.97,1980,1,0,,,,
powertraces-pt100array_pt019_r1_7536307_11-89ffb37037,2026-05-07T18:48:38.261Z,110.555,0,132.26,1980,0,0,,,,
powertraces-pt100array_pt019_r1_7536307_11-89ffb37037,2026-05-07T18:48:38.261Z,110.555,1,123.88,1980,0,0,,,,
powertraces-pt100array_pt019_r1_7536307_11-89ffb37037,2026-05-07T18:48:38.261Z,110.555,2,127.7,1980,10,4,,,,
powertraces-pt100array_pt019_r1_7536307_11-89ffb37037,2026-05-07T18:48:38.261Z,110.555,3,143.13,1980,4,2,,,,
powertraces-pt100array_pt019_r1_7536307_11-89ffb37037,2026-05-07T18:48:38.361Z,110.655,0,131.52,1980,0,0,,,,
powertraces-pt100array_pt019_r1_7536307_11-89ffb37037,2026-05-07T18:48:38.361Z,110.655,1,134.01,1980,0,0,,,,
powertraces-pt100array_pt019_r1_7536307_11-89ffb37037,2026-05-07T18:48:38.361Z,110.655,2,138.17,1980,21,9,,,,
powertraces-pt100array_pt019_r1_7536307_11-89ffb37037,2026-05-07T18:48:38.361Z,110.655,3,147.66,1980,4,2,,,,
powertraces-pt100array_pt019_r1_7536307_11-89ffb37037,2026-05-07T18:48:38.461Z,110.755,0,140.23,1980,0,0,,,,
powertraces-pt100array_pt019_r1_7536307_11-89ffb37037,2026-05-07T18:48:38.462Z,110.756,1,141.79,1980,0,0,,,,
powertraces-pt100array_pt019_r1_7536307_11-89ffb37037,2026-05-07T18:48:38.462Z,110.756,2,151.19,1980,21,9,,,,
powertraces-pt100array_pt019_r1_7536307_11-89ffb37037,2026-05-07T18:48:38.462Z,110.756,3,167.26,1980,1,0,,,,
powertraces-pt100array_pt019_r1_7536307_11-89ffb37037,2026-05-07T18:48:38.562Z,110.856,0,145.61,1980,20,8,,,,
powertraces-pt100array_pt019_r1_7536307_11-89ffb37037,2026-05-07T18:48:38.562Z,110.856,1,159.23,1980,23,12,,,,
powertraces-pt100array_pt019_r1_7536307_11-89ffb37037,2026-05-07T18:48:38.562Z,110.856,2,166.04,1980,29,15,,,,
powertraces-pt100array_pt019_r1_7536307_11-89ffb37037,2026-05-07T18:48:38.562Z,110.856,3,176.41,1980,1,0,,,,
powertraces-pt100array_pt019_r1_7536307_11-89ffb37037,2026-05-07T18:48:38.662Z,110.956,0,150.62,1980,20,8,,,,
powertraces-pt100array_pt019_r1_7536307_11-89ffb37037,2026-05-07T18:48:38.662Z,110.956,1,175.27,1980,23,12,,,,
powertraces-pt100array_pt019_r1_7536307_11-89ffb37037,2026-05-07T18:48:38.662Z,110.956,2,182.0,1980,29,15,,,,
powertraces-pt100array_pt019_r1_7536307_11-89ffb37037,2026-05-07T18:48:38.662Z,110.956,3,185.31,1980,33,17,,,,
powertraces-pt100array_pt019_r1_7536307_11-89ffb37037,2026-05-07T18:48:38.762Z,111.056,0,162.81,1980,6,3,,,,
powertraces-pt100array_pt019_r1_7536307_11-89ffb37037,2026-05-07T18:48:38.762Z,111.056,1,185.51,1980,33,16,,,,
powertraces-pt100array_pt019_r1_7536307_11-89ffb37037,2026-05-07T18:48:38.762Z,111.056,2,196.06,1980,38,19,,,,
powertraces-pt100array_pt019_r1_7536307_11-89ffb37037,2026-05-07T18:48:38.762Z,111.056,3,204.14,1980,33,17,,,,
powertraces-pt100array_pt019_r1_7536307_11-89ffb37037,2026-05-07T18:48:38.862Z,111.156,0,174.11,1980,6,3,,,,
powertraces-pt100array_pt019_r1_7536307_11-89ffb37037,2026-05-07T18:48:38.862Z,111.156,1,200.94,1980,33,16,,,,
powertraces-pt100array_pt019_r1_7536307_11-89ffb37037,2026-05-07T18:48:38.862Z,111.156,2,214.73,1980,38,19,,,,
powertraces-pt100array_pt019_r1_7536307_11-89ffb37037,2026-05-07T18:48:38.862Z,111.156,3,221.62,1980,7,3,,,,
powertraces-pt100array_pt019_r1_7536307_11-89ffb37037,2026-05-07T18:48:38.962Z,111.256,0,183.52,1980,21,10,,,,
powertraces-pt100array_pt019_r1_7536307_11-89ffb37037,2026-05-07T18:48:38.962Z,111.256,1,212.89,1980,24,13,,,,
powertraces-pt100array_pt019_r1_7536307_11-89ffb37037,2026-05-07T18:48:38.962Z,111.256,2,227.47,1980,30,15,,,,
powertraces-pt100array_pt019_r1_7536307_11-89ffb37037,2026-05-07T18:48:38.962Z,111.256,3,236.6,1980,7,3,,,,
powertraces-pt100array_pt019_r1_7536307_11-89ffb37037,2026-05-07T18:48:39.063Z,111.357,0,184.43,1980,21,10,,,,
powertraces-pt100array_pt019_r1_7536307_11-89ffb37037,2026-05-07T18:48:39.063Z,111.357,1,222.24,1980,24,13,,,,
powertraces-pt100array_pt019_r1_7536307_11-89ffb37037,2026-05-07T18:48:39.063Z,111.357,2,236.88,1980,30,15,,,,
powertraces-pt100array_pt019_r1_7536307_11-89ffb37037,2026-05-07T18:48:39.063Z,111.357,3,245.83,1980,33,17,,,,
powertraces-pt100array_pt019_r1_7536307_11-89ffb37037,2026-05-07T18:48:39.163Z,111.457,0,191.61,1980,19,10,,,,
powertraces-pt100array_pt019_r1_7536307_11-89ffb37037,2026-05-07T18:48:39.163Z,111.457,1,238.86,1980,16,7,,,,
powertraces-pt100array_pt019_r1_7536307_11-89ffb37037,2026-05-07T18:48:39.163Z,111.457,2,245.58,1980,36,18,,,,
powertraces-pt100array_pt019_r1_7536307_11-89ffb37037,2026-05-07T18:48:39.163Z,111.457,3,250.88,1980,33,17,,,,
powertraces-pt100array_pt019_r1_7536307_11-89ffb37037,2026-05-07T18:48:39.263Z,111.557,0,197.72,1980,19,10,,,,
powertraces-pt100array_pt019_r1_7536307_11-89ffb37037,2026-05-07T18:48:39.263Z,111.557,1,253.54,1980,16,7,,,,
powertraces-pt100array_pt019_r1_7536307_11-89ffb37037,2026-05-07T18:48:39.263Z,111.557,2,264.8,1980,36,18,,,,
powertraces-pt100array_pt019_r1_7536307_11-89ffb37037,2026-05-07T18:48:39.263Z,111.557,3,263.55,1980,18,8,,,,
powertraces-pt100array_pt019_r1_7536307_11-89ffb37037,2026-05-07T18:48:39.363Z,111.657,0,208.28,1980,21,10,,,,
powertraces-pt100array_pt019_r1_7536307_11-89ffb37037,2026-05-07T18:48:39.363Z,111.657,1,253.18,1980,35,17,,,,
powertraces-pt100array_pt019_r1_7536307_11-89ffb37037,2026-05-07T18:48:39.363Z,111.657,2,268.02,1980,13,6,,,,
powertraces-pt100array_pt019_r1_7536307_11-89ffb37037,2026-05-07T18:48:39.363Z,111.657,3,278.47,1980,18,8,,,,
powertraces-pt100array_pt019_r1_7536307_11-89ffb37037,2026-05-07T18:48:39.463Z,111.757,0,211.38,1980,21,10,,,,
powertraces-pt100array_pt019_r1_7536307_11-89ffb37037,2026-05-07T18:48:39.463Z,111.757,1,264.57,1980,35,17,,,,
powertraces-pt100array_pt019_r1_7536307_11-89ffb37037,2026-05-07T18:48:39.463Z,111.757,2,268.26,1980,13,6,,,,
powertraces-pt100array_pt019_r1_7536307_11-89ffb37037,2026-05-07T18:48:39.463Z,111.757,3,275.97,1980,33,16,,,,
powertraces-pt100array_pt019_r1_7536307_11-89ffb37037,2026-05-07T18:48:39.564Z,111.858,0,210.37,1980,20,10,,,,
powertraces-pt100array_pt019_r1_7536307_11-89ffb37037,2026-05-07T18:48:39.564Z,111.858,1,262.14,1980,19,9,,,,
powertraces-pt100array_pt019_r1_7536307_11-89ffb37037,2026-05-07T18:48:39.564Z,111.858,2,271.02,1980,23,12,,,,
powertraces-pt100array_pt019_r1_7536307_11-89ffb37037,2026-05-07T18:48:39.564Z,111.858,3,276.29,1980,33,16,,,,
powertraces-pt100array_pt019_r1_7536307_11-89ffb37037,2026-05-07T18:48:39.664Z,111.958,0,214.32,1980,20,10,,,,
powertraces-pt100array_pt019_r1_7536307_11-89ffb37037,2026-05-07T18:48:39.664Z,111.958,1,262.95,1980,19,9,,,,
powertraces-pt100array_pt019_r1_7536307_11-89ffb37037,2026-05-07T18:48:39.664Z,111.958,2,271.7,1980,23,12,,,,
powertraces-pt100array_pt019_r1_7536307_11-89ffb37037,2026-05-07T18:48:39.664Z,111.958,3,277.65,1980,33,17,,,,
powertraces-pt100array_pt019_r1_7536307_11-89ffb37037,2026-05-07T18:48:39.764Z,112.058,0,215.87,1980,12,5,,,,
powertraces-pt100array_pt019_r1_7536307_11-89ffb37037,2026-05-07T18:48:39.764Z,112.058,1,263.25,1980,35,17,,,,
powertraces-pt100array_pt019_r1_7536307_11-89ffb37037,2026-05-07T18:48:39.764Z,112.058,2,271.34,1980,23,11,,,,
powertraces-pt100array_pt019_r1_7536307_11-89ffb37037,2026-05-07T18:48:39.764Z,112.058,3,279.2,1980,33,17,,,,
powertraces-pt100array_pt019_r1_7536307_11-89ffb37037,2026-05-07T18:48:39.864Z,112.158,0,214.26,1980,12,5,,,,
powertraces-pt100array_pt019_r1_7536307_11-89ffb37037,2026-05-07T18:48:39.864Z,112.158,1,263.12,1980,35,17,,,,
powertraces-pt100array_pt019_r1_7536307_11-89ffb37037,2026-05-07T18:48:39.864Z,112.158,2,272.49,1980,23,11,,,,
powertraces-pt100array_pt019_r1_7536307_11-89ffb37037,2026-05-07T18:48:39.864Z,112.158,3,280.32,1980,27,14,,,,
powertraces-pt100array_pt019_r1_7536307_11-89ffb37037,2026-05-07T18:48:39.964Z,112.258,0,212.07,1980,19,10,,,,
powertraces-pt100array_pt019_r1_7536307_11-89ffb37037,2026-05-07T18:48:39.964Z,112.258,1,262.84,1980,29,15,,,,
powertraces-pt100array_pt019_r1_7536307_11-89ffb37037,2026-05-07T18:48:39.964Z,112.258,2,272.44,1980,24,13,,,,
powertraces-pt100array_pt019_r1_7536307_11-89ffb37037,2026-05-07T18:48:39.964Z,112.258,3,275.47,1980,27,14,,,,
powertraces-pt100array_pt019_r1_7536307_11-89ffb37037,2026-05-07T18:48:40.065Z,112.359,0,211.96,1980,19,10,,,,
powertraces-pt100array_pt019_r1_7536307_11-89ffb37037,2026-05-07T18:48:40.065Z,112.359,1,264.89,1980,29,15,,,,
powertraces-pt100array_pt019_r1_7536307_11-89ffb37037,2026-05-07T18:48:40.065Z,112.359,2,270.89,1980,24,13,,,,
powertraces-pt100array_pt019_r1_7536307_11-89ffb37037,2026-05-07T18:48:40.065Z,112.359,3,276.67,1980,33,17,,,,
powertraces-pt100array_pt019_r1_7536307_11-89ffb37037,2026-05-07T18:48:40.165Z,112.459,0,214.87,1980,1,0,,,,
powertraces-pt100array_pt019_r1_7536307_11-89ffb37037,2026-05-07T18:48:40.165Z,112.459,1,261.58,1980,34,17,,,,
powertraces-pt100array_pt019_r1_7536307_11-89ffb37037,2026-05-07T18:48:40.165Z,112.459,2,275.34,1980,35,17,,,,
powertraces-pt100array_pt019_r1_7536307_11-89ffb37037,2026-05-07T18:48:40.165Z,112.459,3,282.38,1980,33,17,,,,
powertraces-pt100array_pt019_r1_7536307_11-89ffb37037,2026-05-07T18:48:40.265Z,112.559,0,215.7,1980,1,0,,,,
powertraces-pt100array_pt019_r1_7536307_11-89ffb37037,2026-05-07T18:48:40.265Z,112.559,1,262.25,1980,34,17,,,,
powertraces-pt100array_pt019_r1_7536307_11-89ffb37037,2026-05-07T18:48:40.265Z,112.559,2,273.77,1980,35,17,,,,
powertraces-pt100array_pt019_r1_7536307_11-89ffb37037,2026-05-07T18:48:40.265Z,112.559,3,277.49,1980,10,5,,,,
powertraces-pt100array_pt019_r1_7536307_11-89ffb37037,2026-05-07T18:48:40.365Z,112.659,0,215.5,1980,21,10,,,,
powertraces-pt100array_pt019_r1_7536307_11-89ffb37037,2026-05-07T18:48:40.365Z,112.659,1,262.86,1980,23,12,,,,
powertraces-pt100array_pt019_r1_7536307_11-89ffb37037,2026-05-07T18:48:40.365Z,112.659,2,268.68,1980,34,17,,,,
powertraces-pt100array_pt019_r1_7536307_11-89ffb37037,2026-05-07T18:48:40.365Z,112.659,3,277.37,1980,10,5,,,,
powertraces-pt100array_pt019_r1_7536307_11-89ffb37037,2026-05-07T18:48:40.465Z,112.759,0,215.1,1980,21,10,,,,
powertraces-pt100array_pt019_r1_7536307_11-89ffb37037,2026-05-07T18:48:40.465Z,112.759,1,262.25,1980,23,12,,,,
powertraces-pt100array_pt019_r1_7536307_11-89ffb37037,2026-05-07T18:48:40.465Z,112.759,2,272.69,1980,34,17,,,,
powertraces-pt100array_pt019_r1_7536307_11-89ffb37037,2026-05-07T18:48:40.465Z,112.759,3,277.01,1980,33,16,,,,
powertraces-pt100array_pt019_r1_7536307_11-89ffb37037,2026-05-07T18:48:40.565Z,112.859,0,214.38,1980,15,8,,,,
powertraces-pt100array_pt019_r1_7536307_11-89ffb37037,2026-05-07T18:48:40.566Z,112.86,1,261.75,1980,21,9,,,,
powertraces-pt100array_pt019_r1_7536307_11-89ffb37037,2026-05-07T18:48:40.566Z,112.86,2,269.99,1980,35,17,,,,
powertraces-pt100array_pt019_r1_7536307_11-89ffb37037,2026-05-07T18:48:40.566Z,112.86,3,279.75,1980,33,16,,,,
powertraces-pt100array_pt019_r1_7536307_11-89ffb37037,2026-05-07T18:48:40.666Z,112.96,0,216.34,1980,15,8,,,,
powertraces-pt100array_pt019_r1_7536307_11-89ffb37037,2026-05-07T18:48:40.666Z,112.96,1,262.65,1980,21,9,,,,
powertraces-pt100array_pt019_r1_7536307_11-89ffb37037,2026-05-07T18:48:40.666Z,112.96,2,272.82,1980,35,17,,,,
powertraces-pt100array_pt019_r1_7536307_11-89ffb37037,2026-05-07T18:48:40.666Z,112.96,3,280.31,1980,14,6,,,,
powertraces-pt100array_pt019_r1_7536307_11-89ffb37037,2026-05-07T18:48:40.766Z,113.06,0,216.01,1980,21,11,,,,
powertraces-pt100array_pt019_r1_7536307_11-89ffb37037,2026-05-07T18:48:40.766Z,113.06,1,261.88,1980,35,17,,,,
powertraces-pt100array_pt019_r1_7536307_11-89ffb37037,2026-05-07T18:48:40.766Z,113.06,2,271.92,1980,17,8,,,,
powertraces-pt100array_pt019_r1_7536307_11-89ffb37037,2026-05-07T18:48:40.766Z,113.06,3,278.09,1980,14,6,,,,
powertraces-pt100array_pt019_r1_7536307_11-89ffb37037,2026-05-07T18:48:40.866Z,113.16,0,215.69,1980,21,11,,,,
powertraces-pt100array_pt019_r1_7536307_11-89ffb37037,2026-05-07T18:48:40.866Z,113.16,1,264.76,1980,35,17,,,,
powertraces-pt100array_pt019_r1_7536307_11-89ffb37037,2026-05-07T18:48:40.866Z,113.16,2,270.76,1980,17,8,,,,
powertraces-pt100array_pt019_r1_7536307_11-89ffb37037,2026-05-07T18:48:40.866Z,113.16,3,276.3,1980,33,17,,,,
powertraces-pt100array_pt019_r1_7536307_11-89ffb37037,2026-05-07T18:48:40.966Z,113.26,0,211.88,1980,20,10,,,,
powertraces-pt100array_pt019_r1_7536307_11-89ffb37037,2026-05-07T18:48:40.966Z,113.26,1,263.84,1980,17,8,,,,
powertraces-pt100array_pt019_r1_7536307_11-89ffb37037,2026-05-07T18:48:40.966Z,113.26,2,273.63,1980,27,14,,,,
powertraces-pt100array_pt019_r1_7536307_11-89ffb37037,2026-05-07T18:48:40.966Z,113.26,3,276.73,1980,33,17,,,,
powertraces-pt100array_pt019_r1_7536307_11-89ffb37037,2026-05-07T18:48:41.066Z,113.36,0,216.08,1980,20,10,,,,
powertraces-pt100array_pt019_r1_7536307_11-89ffb37037,2026-05-07T18:48:41.067Z,113.361,1,260.54,1980,17,8,,,,
powertraces-pt100array_pt019_r1_7536307_11-89ffb37037,2026-05-07T18:48:41.067Z,113.361,2,276.43,1980,27,14,,,,
powertraces-pt100array_pt019_r1_7536307_11-89ffb37037,2026-05-07T18:48:41.067Z,113.361,3,276.25,1980,29,14,,,,
powertraces-pt100array_pt019_r1_7536307_11-89ffb37037,2026-05-07T18:48:41.167Z,113.461,0,215.92,1980,15,7,,,,
powertraces-pt100array_pt019_r1_7536307_11-89ffb37037,2026-05-07T18:48:41.167Z,113.461,1,261.12,1980,35,17,,,,
powertraces-pt100array_pt019_r1_7536307_11-89ffb37037,2026-05-07T18:48:41.167Z,113.461,2,274.33,1980,19,9,,,,
powertraces-pt100array_pt019_r1_7536307_11-89ffb37037,2026-05-07T18:48:41.167Z,113.461,3,277.56,1980,29,14,,,,
powertraces-pt100array_pt019_r1_7536307_11-89ffb37037,2026-05-07T18:48:41.267Z,113.561,0,216.47,1980,15,7,,,,
powertraces-pt100array_pt019_r1_7536307_11-89ffb37037,2026-05-07T18:48:41.267Z,113.561,1,261.63,1980,35,17,,,,
powertraces-pt100array_pt019_r1_7536307_11-89ffb37037,2026-05-07T18:48:41.267Z,113.561,2,270.74,1980,19,9,,,,
powertraces-pt100array_pt019_r1_7536307_11-89ffb37037,2026-05-07T18:48:41.267Z,113.561,3,277.45,1980,31,16,,,,
powertraces-pt100array_pt019_r1_7536307_11-89ffb37037,2026-05-07T18:48:41.367Z,113.661,0,215.13,1980,20,10,,,,
powertraces-pt100array_pt019_r1_7536307_11-89ffb37037,2026-05-07T18:48:41.367Z,113.661,1,262.8,1980,31,15,,,,
powertraces-pt100array_pt019_r1_7536307_11-89ffb37037,2026-05-07T18:48:41.367Z,113.661,2,276.35,1980,23,12,,,,
powertraces-pt100array_pt019_r1_7536307_11-89ffb37037,2026-05-07T18:48:41.367Z,113.661,3,268.75,1980,31,16,,,,
powertraces-pt100array_pt019_r1_7536307_11-89ffb37037,2026-05-07T18:48:41.467Z,113.761,0,216.62,1980,20,10,,,,
powertraces-pt100array_pt019_r1_7536307_11-89ffb37037,2026-05-07T18:48:41.467Z,113.761,1,263.08,1980,31,15,,,,
powertraces-pt100array_pt019_r1_7536307_11-89ffb37037,2026-05-07T18:48:41.467Z,113.761,2,275.4,1980,23,12,,,,
powertraces-pt100array_pt019_r1_7536307_11-89ffb37037,2026-05-07T18:48:41.467Z,113.761,3,276.05,1980,33,16,,,,
powertraces-pt100array_pt019_r1_7536307_11-89ffb37037,2026-05-07T18:48:41.567Z,113.861,0,217.35,1980,2,0,,,,
powertraces-pt100array_pt019_r1_7536307_11-89ffb37037,2026-05-07T18:48:41.568Z,113.862,1,262.4,1980,35,17,,,,
powertraces-pt100array_pt019_r1_7536307_11-89ffb37037,2026-05-07T18:48:41.568Z,113.862,2,279.08,1980,35,17,,,,
powertraces-pt100array_pt019_r1_7536307_11-89ffb37037,2026-05-07T18:48:41.568Z,113.862,3,277.65,1980,33,16,,,,
powertraces-pt100array_pt019_r1_7536307_11-89ffb37037,2026-05-07T18:48:41.668Z,113.962,0,216.92,1980,2,0,,,,
powertraces-pt100array_pt019_r1_7536307_11-89ffb37037,2026-05-07T18:48:41.668Z,113.962,1,263.67,1980,35,17,,,,
powertraces-pt100array_pt019_r1_7536307_11-89ffb37037,2026-05-07T18:48:41.668Z,113.962,2,277.44,1980,35,17,,,,
powertraces-pt100array_pt019_r1_7536307_11-89ffb37037,2026-05-07T18:48:41.668Z,113.962,3,278.3,1980,14,7,,,,
powertraces-pt100array_pt019_r1_7536307_11-89ffb37037,2026-05-07T18:48:41.768Z,114.062,0,216.82,1980,21,10,,,,
powertraces-pt100array_pt019_r1_7536307_11-89ffb37037,2026-05-07T18:48:41.768Z,114.062,1,268.7,1980,23,12,,,,
powertraces-pt100array_pt019_r1_7536307_11-89ffb37037,2026-05-07T18:48:41.768Z,114.062,2,271.91,1980,35,17,,,,
powertraces-pt100array_pt019_r1_7536307_11-89ffb37037,2026-05-07T18:48:41.768Z,114.062,3,275.33,1980,14,7,,,,
powertraces-pt100array_pt019_r1_7536307_11-89ffb37037,2026-05-07T18:48:41.868Z,114.162,0,213.46,1980,21,10,,,,
powertraces-pt100array_pt019_r1_7536307_11-89ffb37037,2026-05-07T18:48:41.868Z,114.162,1,267.23,1980,23,12,,,,
powertraces-pt100array_pt019_r1_7536307_11-89ffb37037,2026-05-07T18:48:41.868Z,114.162,2,276.8,1980,35,17,,,,
powertraces-pt100array_pt019_r1_7536307_11-89ffb37037,2026-05-07T18:48:41.868Z,114.162,3,269.32,1980,33,16,,,,
powertraces-pt100array_pt019_r1_7536307_11-89ffb37037,2026-05-07T18:48:41.968Z,114.262,0,217.29,1980,13,7,,,,
powertraces-pt100array_pt019_r1_7536307_11-89ffb37037,2026-05-07T18:48:41.968Z,114.262,1,266.25,1980,24,12,,,,
powertraces-pt100array_pt019_r1_7536307_11-89ffb37037,2026-05-07T18:48:41.968Z,114.262,2,274.9,1980,35,17,,,,
powertraces-pt100array_pt019_r1_7536307_11-89ffb37037,2026-05-07T18:48:41.968Z,114.262,3,278.0,1980,33,16,,,,
powertraces-pt100array_pt019_r1_7536307_11-89ffb37037,2026-05-07T18:48:42.068Z,114.362,0,217.33,1980,13,7,,,,
powertraces-pt100array_pt019_r1_7536307_11-89ffb37037,2026-05-07T18:48:42.069Z,114.363,1,268.01,1980,24,12,,,,
powertraces-pt100array_pt019_r1_7536307_11-89ffb37037,2026-05-07T18:48:42.069Z,114.363,2,274.13,1980,35,17,,,,
powertraces-pt100array_pt019_r1_7536307_11-89ffb37037,2026-05-07T18:48:42.069Z,114.363,3,277.26,1980,10,4,,,,
powertraces-pt100array_pt019_r1_7536307_11-89ffb37037,2026-05-07T18:48:42.169Z,114.463,0,218.67,1980,21,10,,,,
powertraces-pt100array_pt019_r1_7536307_11-89ffb37037,2026-05-07T18:48:42.169Z,114.463,1,263.94,1980,32,16,,,,
powertraces-pt100array_pt019_r1_7536307_11-89ffb37037,2026-05-07T18:48:42.169Z,114.463,2,272.9,1980,19,9,,,,
powertraces-pt100array_pt019_r1_7536307_11-89ffb37037,2026-05-07T18:48:42.169Z,114.463,3,276.08,1980,10,4,,,,
powertraces-pt100array_pt019_r1_7536307_11-89ffb37037,2026-05-07T18:48:42.269Z,114.563,0,217.66,1980,21,10,,,,
powertraces-pt100array_pt019_r1_7536307_11-89ffb37037,2026-05-07T18:48:42.269Z,114.563,1,267.82,1980,32,16,,,,
powertraces-pt100array_pt019_r1_7536307_11-89ffb37037,2026-05-07T18:48:42.269Z,114.563,2,274.15,1980,19,9,,,,
powertraces-pt100array_pt019_r1_7536307_11-89ffb37037,2026-05-07T18:48:42.269Z,114.563,3,276.25,1980,33,17,,,,
powertraces-pt100array_pt019_r1_7536307_11-89ffb37037,2026-05-07T18:48:42.369Z,114.663,0,217.49,1980,20,10,,,,
powertraces-pt100array_pt019_r1_7536307_11-89ffb37037,2026-05-07T18:48:42.369Z,114.663,1,266.75,1980,13,6,,,,
powertraces-pt100array_pt019_r1_7536307_11-89ffb37037,2026-05-07T18:48:42.369Z,114.663,2,271.53,1980,29,15,,,,
powertraces-pt100array_pt019_r1_7536307_11-89ffb37037,2026-05-07T18:48:42.369Z,114.663,3,275.57,1980,33,17,,,,
powertraces-pt100array_pt019_r1_7536307_11-89ffb37037,2026-05-07T18:48:42.469Z,114.763,0,215.7,1980,20,10,,,,
powertraces-pt100array_pt019_r1_7536307_11-89ffb37037,2026-05-07T18:48:42.469Z,114.763,1,251.71,1980,13,6,,,,
powertraces-pt100array_pt019_r1_7536307_11-89ffb37037,2026-05-07T18:48:42.469Z,114.763,2,259.48,1980,29,15,,,,
powertraces-pt100array_pt019_r1_7536307_11-89ffb37037,2026-05-07T18:48:42.469Z,114.763,3,259.41,1980,4,1,,,,
powertraces-pt100array_pt019_r1_7536307_11-89ffb37037,2026-05-07T18:48:42.569Z,114.863,0,206.1,1980,12,7,,,,
powertraces-pt100array_pt019_r1_7536307_11-89ffb37037,2026-05-07T18:48:42.57Z,114.864,1,239.82,1980,0,0,,,,
powertraces-pt100array_pt019_r1_7536307_11-89ffb37037,2026-05-07T18:48:42.57Z,114.864,2,241.3,1980,3,2,,,,
powertraces-pt100array_pt019_r1_7536307_11-89ffb37037,2026-05-07T18:48:42.57Z,114.864,3,240.13,1980,4,1,,,,
powertraces-pt100array_pt019_r1_7536307_11-89ffb37037,2026-05-07T18:48:42.67Z,114.964,0,194.83,1980,12,7,,,,
powertraces-pt100array_pt019_r1_7536307_11-89ffb37037,2026-05-07T18:48:42.67Z,114.964,1,228.83,1980,0,0,,,,
powertraces-pt100array_pt019_r1_7536307_11-89ffb37037,2026-05-07T18:48:42.67Z,114.964,2,223.78,1980,3,2,,,,
powertraces-pt100array_pt019_r1_7536307_11-89ffb37037,2026-05-07T18:48:42.67Z,114.964,3,226.9,1980,9,7,,,,
powertraces-pt100array_pt019_r1_7536307_11-89ffb37037,2026-05-07T18:48:42.77Z,115.064,0,183.09,1980,1,0,,,,
powertraces-pt100array_pt019_r1_7536307_11-89ffb37037,2026-05-07T18:48:42.77Z,115.064,1,212.09,1980,0,0,,,,
powertraces-pt100array_pt019_r1_7536307_11-89ffb37037,2026-05-07T18:48:42.77Z,115.064,2,221.94,1980,9,8,,,,
powertraces-pt100array_pt019_r1_7536307_11-89ffb37037,2026-05-07T18:48:42.77Z,115.064,3,223.74,1980,9,7,,,,
powertraces-pt100array_pt019_r1_7536307_11-89ffb37037,2026-05-07T18:48:42.87Z,115.164,0,185.41,1980,1,0,,,,
powertraces-pt100array_pt019_r1_7536307_11-89ffb37037,2026-05-07T18:48:42.87Z,115.164,1,208.15,1980,0,0,,,,
powertraces-pt100array_pt019_r1_7536307_11-89ffb37037,2026-05-07T18:48:42.87Z,115.164,2,216.61,1980,9,8,,,,
powertraces-pt100array_pt019_r1_7536307_11-89ffb37037,2026-05-07T18:48:42.87Z,115.164,3,222.33,1980,10,8,,,,
powertraces-pt100array_pt019_r1_7536307_11-89ffb37037,2026-05-07T18:48:42.97Z,115.264,0,180.58,1980,25,17,,,,
powertraces-pt100array_pt019_r1_7536307_11-89ffb37037,2026-05-07T18:48:42.97Z,115.264,1,212.04,1980,24,10,,,,
powertraces-pt100array_pt019_r1_7536307_11-89ffb37037,2026-05-07T18:48:42.97Z,115.264,2,214.24,1980,23,10,,,,
powertraces-pt100array_pt019_r1_7536307_11-89ffb37037,2026-05-07T18:48:42.97Z,115.264,3,215.56,1980,10,8,,,,
powertraces-pt100array_pt019_r1_7536307_11-89ffb37037,2026-05-07T18:48:43.07Z,115.364,0,179.73,1980,25,17,,,,
powertraces-pt100array_pt019_r1_7536307_11-89ffb37037,2026-05-07T18:48:43.07Z,115.364,1,214.29,1980,24,10,,,,
powertraces-pt100array_pt019_r1_7536307_11-89ffb37037,2026-05-07T18:48:43.07Z,115.364,2,209.43,1980,23,10,,,,
powertraces-pt100array_pt019_r1_7536307_11-89ffb37037,2026-05-07T18:48:43.071Z,115.365,3,212.95,1980,33,17,,,,
powertraces-pt100array_pt019_r1_7536307_11-89ffb37037,2026-05-07T18:48:43.171Z,115.465,0,177.44,1980,6,2,,,,
powertraces-pt100array_pt019_r1_7536307_11-89ffb37037,2026-05-07T18:48:43.171Z,115.465,1,214.67,1980,35,17,,,,
powertraces-pt100array_pt019_r1_7536307_11-89ffb37037,2026-05-07T18:48:43.171Z,115.465,2,216.08,1980,32,16,,,,
powertraces-pt100array_pt019_r1_7536307_11-89ffb37037,2026-05-07T18:48:43.171Z,115.465,3,210.8,1980,33,17,,,,
powertraces-pt100array_pt019_r1_7536307_11-89ffb37037,2026-05-07T18:48:43.271Z,115.565,0,185.88,1980,6,2,,,,
powertraces-pt100array_pt019_r1_7536307_11-89ffb37037,2026-05-07T18:48:43.271Z,115.565,1,205.43,1980,35,17,,,,
powertraces-pt100array_pt019_r1_7536307_11-89ffb37037,2026-05-07T18:48:43.271Z,115.565,2,216.4,1980,32,16,,,,
powertraces-pt100array_pt019_r1_7536307_11-89ffb37037,2026-05-07T18:48:43.271Z,115.565,3,219.0,1980,19,10,,,,
powertraces-pt100array_pt019_r1_7536307_11-89ffb37037,2026-05-07T18:48:43.371Z,115.665,0,183.72,1980,21,10,,,,
powertraces-pt100array_pt019_r1_7536307_11-89ffb37037,2026-05-07T18:48:43.371Z,115.665,1,211.28,1980,23,12,,,,
powertraces-pt100array_pt019_r1_7536307_11-89ffb37037,2026-05-07T18:48:43.371Z,115.665,2,214.9,1980,32,16,,,,
powertraces-pt100array_pt019_r1_7536307_11-89ffb37037,2026-05-07T18:48:43.371Z,115.665,3,224.58,1980,19,10,,,,
powertraces-pt100array_pt019_r1_7536307_11-89ffb37037,2026-05-07T18:48:43.471Z,115.765,0,178.87,1980,21,10,,,,
powertraces-pt100array_pt019_r1_7536307_11-89ffb37037,2026-05-07T18:48:43.471Z,115.765,1,227.22,1980,23,12,,,,
powertraces-pt100array_pt019_r1_7536307_11-89ffb37037,2026-05-07T18:48:43.471Z,115.765,2,230.46,1980,32,16,,,,
powertraces-pt100array_pt019_r1_7536307_11-89ffb37037,2026-05-07T18:48:43.471Z,115.765,3,229.47,1980,33,16,,,,
powertraces-pt100array_pt019_r1_7536307_11-89ffb37037,2026-05-07T18:48:43.571Z,115.865,0,187.6,1980,9,4,,,,
powertraces-pt100array_pt019_r1_7536307_11-89ffb37037,2026-05-07T18:48:43.571Z,115.865,1,236.45,1980,29,14,,,,
powertraces-pt100array_pt019_r1_7536307_11-89ffb37037,2026-05-07T18:48:43.571Z,115.865,2,243.72,1980,35,17,,,,
powertraces-pt100array_pt019_r1_7536307_11-89ffb37037,2026-05-07T18:48:43.571Z,115.865,3,244.51,1980,33,16,,,,
powertraces-pt100array_pt019_r1_7536307_11-89ffb37037,2026-05-07T18:48:43.672Z,115.966,0,198.12,1980,9,4,,,,
powertraces-pt100array_pt019_r1_7536307_11-89ffb37037,2026-05-07T18:48:43.672Z,115.966,1,253.79,1980,29,14,,,,
powertraces-pt100array_pt019_r1_7536307_11-89ffb37037,2026-05-07T18:48:43.672Z,115.966,2,257.73,1980,35,17,,,,
powertraces-pt100array_pt019_r1_7536307_11-89ffb37037,2026-05-07T18:48:43.672Z,115.966,3,259.01,1980,6,2,,,,
powertraces-pt100array_pt019_r1_7536307_11-89ffb37037,2026-05-07T18:48:43.772Z,116.066,0,207.86,1980,21,10,,,,
powertraces-pt100array_pt019_r1_7536307_11-89ffb37037,2026-05-07T18:48:43.772Z,116.066,1,263.5,1980,27,14,,,,
powertraces-pt100array_pt019_r1_7536307_11-89ffb37037,2026-05-07T18:48:43.772Z,116.066,2,267.82,1980,25,12,,,,
powertraces-pt100array_pt019_r1_7536307_11-89ffb37037,2026-05-07T18:48:43.772Z,116.066,3,271.94,1980,6,2,,,,
powertraces-pt100array_pt019_r1_7536307_11-89ffb37037,2026-05-07T18:48:43.872Z,116.166,0,210.44,1980,21,10,,,,
powertraces-pt100array_pt019_r1_7536307_11-89ffb37037,2026-05-07T18:48:43.872Z,116.166,1,268.51,1980,27,14,,,,
powertraces-pt100array_pt019_r1_7536307_11-89ffb37037,2026-05-07T18:48:43.872Z,116.166,2,275.8,1980,25,12,,,,
powertraces-pt100array_pt019_r1_7536307_11-89ffb37037,2026-05-07T18:48:43.872Z,116.166,3,275.67,1980,33,17,,,,
powertraces-pt100array_pt019_r1_7536307_11-89ffb37037,2026-05-07T18:48:43.972Z,116.266,0,212.72,1980,20,10,,,,
powertraces-pt100array_pt019_r1_7536307_11-89ffb37037,2026-05-07T18:48:43.972Z,116.266,1,269.22,1980,12,5,,,,
powertraces-pt100array_pt019_r1_7536307_11-89ffb37037,2026-05-07T18:48:43.972Z,116.266,2,271.87,1980,34,17,,,,
powertraces-pt100array_pt019_r1_7536307_11-89ffb37037,2026-05-07T18:48:43.972Z,116.266,3,272.74,1980,33,17,,,,
powertraces-pt100array_pt019_r1_7536307_11-89ffb37037,2026-05-07T18:48:44.072Z,116.366,0,214.88,1980,20,10,,,,
powertraces-pt100array_pt019_r1_7536307_11-89ffb37037,2026-05-07T18:48:44.073Z,116.367,1,267.97,1980,12,5,,,,
powertraces-pt100array_pt019_r1_7536307_11-89ffb37037,2026-05-07T18:48:44.073Z,116.367,2,273.5,1980,34,17,,,,
powertraces-pt100array_pt019_r1_7536307_11-89ffb37037,2026-05-07T18:48:44.073Z,116.367,3,272.37,1980,22,11,,,,
powertraces-pt100array_pt019_r1_7536307_11-89ffb37037,2026-05-07T18:48:44.173Z,116.467,0,212.33,1980,21,10,,,,
powertraces-pt100array_pt019_r1_7536307_11-89ffb37037,2026-05-07T18:48:44.173Z,116.467,1,265.03,1980,35,17,,,,
powertraces-pt100array_pt019_r1_7536307_11-89ffb37037,2026-05-07T18:48:44.173Z,116.467,2,273.43,1980,12,5,,,,
powertraces-pt100array_pt019_r1_7536307_11-89ffb37037,2026-05-07T18:48:44.173Z,116.467,3,272.51,1980,22,11,,,,
powertraces-pt100array_pt019_r1_7536307_11-89ffb37037,2026-05-07T18:48:44.273Z,116.567,0,212.92,1980,21,10,,,,
powertraces-pt100array_pt019_r1_7536307_11-89ffb37037,2026-05-07T18:48:44.273Z,116.567,1,267.87,1980,35,17,,,,
powertraces-pt100array_pt019_r1_7536307_11-89ffb37037,2026-05-07T18:48:44.273Z,116.567,2,269.22,1980,12,5,,,,
powertraces-pt100array_pt019_r1_7536307_11-89ffb37037,2026-05-07T18:48:44.273Z,116.567,3,273.57,1980,33,17,,,,
powertraces-pt100array_pt019_r1_7536307_11-89ffb37037,2026-05-07T18:48:44.373Z,116.667,0,208.03,1980,18,9,,,,
powertraces-pt100array_pt019_r1_7536307_11-89ffb37037,2026-05-07T18:48:44.373Z,116.667,1,269.98,1980,24,12,,,,
powertraces-pt100array_pt019_r1_7536307_11-89ffb37037,2026-05-07T18:48:44.373Z,116.667,2,274.55,1980,23,12,,,,
powertraces-pt100array_pt019_r1_7536307_11-89ffb37037,2026-05-07T18:48:44.373Z,116.667,3,273.28,1980,33,17,,,,
powertraces-pt100array_pt019_r1_7536307_11-89ffb37037,2026-05-07T18:48:44.473Z,116.767,0,213.04,1980,18,9,,,,
powertraces-pt100array_pt019_r1_7536307_11-89ffb37037,2026-05-07T18:48:44.473Z,116.767,1,269.11,1980,24,12,,,,
powertraces-pt100array_pt019_r1_7536307_11-89ffb37037,2026-05-07T18:48:44.473Z,116.767,2,274.01,1980,23,12,,,,
powertraces-pt100array_pt019_r1_7536307_11-89ffb37037,2026-05-07T18:48:44.473Z,116.767,3,274.62,1980,34,17,,,,
powertraces-pt100array_pt019_r1_7536307_11-89ffb37037,2026-05-07T18:48:44.573Z,116.867,0,213.26,1980,8,3,,,,
powertraces-pt100array_pt019_r1_7536307_11-89ffb37037,2026-05-07T18:48:44.574Z,116.868,1,271.32,1980,35,17,,,,
powertraces-pt100array_pt019_r1_7536307_11-89ffb37037,2026-05-07T18:48:44.574Z,116.868,2,277.35,1980,33,16,,,,
powertraces-pt100array_pt019_r1_7536307_11-89ffb37037,2026-05-07T18:48:44.574Z,116.868,3,279.1,1980,34,17,,,,
powertraces-pt100array_pt019_r1_7536307_11-89ffb37037,2026-05-07T18:48:44.674Z,116.968,0,214.42,1980,8,3,,,,
powertraces-pt100array_pt019_r1_7536307_11-89ffb37037,2026-05-07T18:48:44.674Z,116.968,1,270.24,1980,35,17,,,,
powertraces-pt100array_pt019_r1_7536307_11-89ffb37037,2026-05-07T18:48:44.674Z,116.968,2,273.46,1980,33,16,,,,
powertraces-pt100array_pt019_r1_7536307_11-89ffb37037,2026-05-07T18:48:44.674Z,116.968,3,274.94,1980,23,12,,,,
powertraces-pt100array_pt019_r1_7536307_11-89ffb37037,2026-05-07T18:48:44.774Z,117.068,0,211.78,1980,21,10,,,,
powertraces-pt100array_pt019_r1_7536307_11-89ffb37037,2026-05-07T18:48:44.774Z,117.068,1,271.24,1980,24,13,,,,
powertraces-pt100array_pt019_r1_7536307_11-89ffb37037,2026-05-07T18:48:44.774Z,117.068,2,272.63,1980,29,15,,,,
powertraces-pt100array_pt019_r1_7536307_11-89ffb37037,2026-05-07T18:48:44.774Z,117.068,3,271.08,1980,23,12,,,,
powertraces-pt100array_pt019_r1_7536307_11-89ffb37037,2026-05-07T18:48:44.874Z,117.168,0,208.05,1980,21,10,,,,
powertraces-pt100array_pt019_r1_7536307_11-89ffb37037,2026-05-07T18:48:44.874Z,117.168,1,267.02,1980,24,13,,,,
powertraces-pt100array_pt019_r1_7536307_11-89ffb37037,2026-05-07T18:48:44.874Z,117.168,2,272.93,1980,29,15,,,,
powertraces-pt100array_pt019_r1_7536307_11-89ffb37037,2026-05-07T18:48:44.874Z,117.168,3,273.7,1980,34,17,,,,
powertraces-pt100array_pt019_r1_7536307_11-89ffb37037,2026-05-07T18:48:44.974Z,117.268,0,211.03,1980,3,2,,,,
powertraces-pt100array_pt019_r1_7536307_11-89ffb37037,2026-05-07T18:48:44.974Z,117.268,1,267.39,1980,34,17,,,,
powertraces-pt100array_pt019_r1_7536307_11-89ffb37037,2026-05-07T18:48:44.974Z,117.268,2,274.02,1980,34,17,,,,
powertraces-pt100array_pt019_r1_7536307_11-89ffb37037,2026-05-07T18:48:44.974Z,117.268,3,276.22,1980,34,17,,,,
powertraces-pt100array_pt019_r1_7536307_11-89ffb37037,2026-05-07T18:48:45.074Z,117.368,0,209.15,1980,3,2,,,,
powertraces-pt100array_pt019_r1_7536307_11-89ffb37037,2026-05-07T18:48:45.074Z,117.368,1,267.02,1980,34,17,,,,
powertraces-pt100array_pt019_r1_7536307_11-89ffb37037,2026-05-07T18:48:45.074Z,117.368,2,277.2,1980,34,17,,,,
powertraces-pt100array_pt019_r1_7536307_11-89ffb37037,2026-05-07T18:48:45.074Z,117.368,3,274.76,1980,6,3,,,,
powertraces-pt100array_pt019_r1_7536307_11-89ffb37037,2026-05-07T18:48:45.175Z,117.469,0,210.44,1980,21,10,,,,
powertraces-pt100array_pt019_r1_7536307_11-89ffb37037,2026-05-07T18:48:45.175Z,117.469,1,268.25,1980,23,12,,,,
powertraces-pt100array_pt019_r1_7536307_11-89ffb37037,2026-05-07T18:48:45.175Z,117.469,2,269.98,1980,30,15,,,,
powertraces-pt100array_pt019_r1_7536307_11-89ffb37037,2026-05-07T18:48:45.175Z,117.469,3,274.45,1980,6,3,,,,
powertraces-pt100array_pt019_r1_7536307_11-89ffb37037,2026-05-07T18:48:45.275Z,117.569,0,208.53,1980,21,10,,,,
powertraces-pt100array_pt019_r1_7536307_11-89ffb37037,2026-05-07T18:48:45.275Z,117.569,1,269.26,1980,23,12,,,,
powertraces-pt100array_pt019_r1_7536307_11-89ffb37037,2026-05-07T18:48:45.275Z,117.569,2,275.62,1980,30,15,,,,
powertraces-pt100array_pt019_r1_7536307_11-89ffb37037,2026-05-07T18:48:45.275Z,117.569,3,272.86,1980,33,17,,,,
powertraces-pt100array_pt019_r1_7536307_11-89ffb37037,2026-05-07T18:48:45.375Z,117.669,0,210.39,1980,18,10,,,,
powertraces-pt100array_pt019_r1_7536307_11-89ffb37037,2026-05-07T18:48:45.375Z,117.669,1,268.66,1980,17,8,,,,
powertraces-pt100array_pt019_r1_7536307_11-89ffb37037,2026-05-07T18:48:45.375Z,117.669,2,270.95,1980,35,17,,,,
powertraces-pt100array_pt019_r1_7536307_11-89ffb37037,2026-05-07T18:48:45.375Z,117.669,3,263.79,1980,33,17,,,,
powertraces-pt100array_pt019_r1_7536307_11-89ffb37037,2026-05-07T18:48:45.475Z,117.769,0,212.39,1980,18,10,,,,
powertraces-pt100array_pt019_r1_7536307_11-89ffb37037,2026-05-07T18:48:45.475Z,117.769,1,267.85,1980,17,8,,,,
powertraces-pt100array_pt019_r1_7536307_11-89ffb37037,2026-05-07T18:48:45.475Z,117.769,2,275.46,1980,35,17,,,,
powertraces-pt100array_pt019_r1_7536307_11-89ffb37037,2026-05-07T18:48:45.475Z,117.769,3,273.36,1980,18,8,,,,
powertraces-pt100array_pt019_r1_7536307_11-89ffb37037,2026-05-07T18:48:45.575Z,117.869,0,213.14,1980,21,10,,,,
powertraces-pt100array_pt019_r1_7536307_11-89ffb37037,2026-05-07T18:48:45.576Z,117.87,1,264.33,1980,35,17,,,,
powertraces-pt100array_pt019_r1_7536307_11-89ffb37037,2026-05-07T18:48:45.576Z,117.87,2,275.15,1980,13,6,,,,
powertraces-pt100array_pt019_r1_7536307_11-89ffb37037,2026-05-07T18:48:45.576Z,117.87,3,272.98,1980,18,8,,,,
powertraces-pt100array_pt019_r1_7536307_11-89ffb37037,2026-05-07T18:48:45.676Z,117.97,0,213.12,1980,21,10,,,,
powertraces-pt100array_pt019_r1_7536307_11-89ffb37037,2026-05-07T18:48:45.676Z,117.97,1,269.75,1980,35,17,,,,
powertraces-pt100array_pt019_r1_7536307_11-89ffb37037,2026-05-07T18:48:45.676Z,117.97,2,276.09,1980,13,6,,,,
powertraces-pt100array_pt019_r1_7536307_11-89ffb37037,2026-05-07T18:48:45.676Z,117.97,3,272.77,1980,33,17,,,,
powertraces-pt100array_pt019_r1_7536307_11-89ffb37037,2026-05-07T18:48:45.776Z,118.07,0,211.66,1980,20,10,,,,
powertraces-pt100array_pt019_r1_7536307_11-89ffb37037,2026-05-07T18:48:45.776Z,118.07,1,267.64,1980,20,9,,,,
powertraces-pt100array_pt019_r1_7536307_11-89ffb37037,2026-05-07T18:48:45.776Z,118.07,2,276.97,1980,23,12,,,,
powertraces-pt100array_pt019_r1_7536307_11-89ffb37037,2026-05-07T18:48:45.776Z,118.07,3,274.63,1980,33,17,,,,
powertraces-pt100array_pt019_r1_7536307_11-89ffb37037,2026-05-07T18:48:45.876Z,118.17,0,217.52,1980,20,10,,,,
powertraces-pt100array_pt019_r1_7536307_11-89ffb37037,2026-05-07T18:48:45.876Z,118.17,1,266.95,1980,20,9,,,,
powertraces-pt100array_pt019_r1_7536307_11-89ffb37037,2026-05-07T18:48:45.876Z,118.17,2,276.52,1980,23,12,,,,
powertraces-pt100array_pt019_r1_7536307_11-89ffb37037,2026-05-07T18:48:45.876Z,118.17,3,277.78,1980,33,17,,,,
powertraces-pt100array_pt019_r1_7536307_11-89ffb37037,2026-05-07T18:48:45.976Z,118.27,0,217.47,1980,12,5,,,,
powertraces-pt100array_pt019_r1_7536307_11-89ffb37037,2026-05-07T18:48:45.976Z,118.27,1,268.55,1980,34,17,,,,
powertraces-pt100array_pt019_r1_7536307_11-89ffb37037,2026-05-07T18:48:45.976Z,118.27,2,277.74,1980,23,11,,,,
powertraces-pt100array_pt019_r1_7536307_11-89ffb37037,2026-05-07T18:48:45.976Z,118.27,3,276.67,1980,33,17,,,,
powertraces-pt100array_pt019_r1_7536307_11-89ffb37037,2026-05-07T18:48:46.076Z,118.37,0,216.43,1980,12,5,,,,
powertraces-pt100array_pt019_r1_7536307_11-89ffb37037,2026-05-07T18:48:46.076Z,118.37,1,268.13,1980,34,17,,,,
powertraces-pt100array_pt019_r1_7536307_11-89ffb37037,2026-05-07T18:48:46.076Z,118.37,2,276.43,1980,23,11,,,,
powertraces-pt100array_pt019_r1_7536307_11-89ffb37037,2026-05-07T18:48:46.076Z,118.37,3,280.37,1980,27,14,,,,
powertraces-pt100array_pt019_r1_7536307_11-89ffb37037,2026-05-07T18:48:46.177Z,118.471,0,217.08,1980,21,10,,,,
powertraces-pt100array_pt019_r1_7536307_11-89ffb37037,2026-05-07T18:48:46.177Z,118.471,1,270.71,1980,28,14,,,,
powertraces-pt100array_pt019_r1_7536307_11-89ffb37037,2026-05-07T18:48:46.177Z,118.471,2,277.13,1980,24,13,,,,
powertraces-pt100array_pt019_r1_7536307_11-89ffb37037,2026-05-07T18:48:46.177Z,118.471,3,278.71,1980,27,14,,,,
powertraces-pt100array_pt019_r1_7536307_11-89ffb37037,2026-05-07T18:48:46.277Z,118.571,0,218.11,1980,21,10,,,,
powertraces-pt100array_pt019_r1_7536307_11-89ffb37037,2026-05-07T18:48:46.277Z,118.571,1,270.37,1980,28,14,,,,
powertraces-pt100array_pt019_r1_7536307_11-89ffb37037,2026-05-07T18:48:46.277Z,118.571,2,276.45,1980,24,13,,,,
powertraces-pt100array_pt019_r1_7536307_11-89ffb37037,2026-05-07T18:48:46.277Z,118.571,3,272.42,1980,33,17,,,,
powertraces-pt100array_pt019_r1_7536307_11-89ffb37037,2026-05-07T18:48:46.377Z,118.671,0,219.6,1980,1,0,,,,
powertraces-pt100array_pt019_r1_7536307_11-89ffb37037,2026-05-07T18:48:46.377Z,118.671,1,267.94,1980,35,17,,,,
powertraces-pt100array_pt019_r1_7536307_11-89ffb37037,2026-05-07T18:48:46.377Z,118.671,2,278.98,1980,35,17,,,,
powertraces-pt100array_pt019_r1_7536307_11-89ffb37037,2026-05-07T18:48:46.377Z,118.671,3,279.74,1980,33,17,,,,
powertraces-pt100array_pt019_r1_7536307_11-89ffb37037,2026-05-07T18:48:46.477Z,118.771,0,217.95,1980,1,0,,,,
powertraces-pt100array_pt019_r1_7536307_11-89ffb37037,2026-05-07T18:48:46.477Z,118.771,1,265.43,1980,35,17,,,,
powertraces-pt100array_pt019_r1_7536307_11-89ffb37037,2026-05-07T18:48:46.477Z,118.771,2,278.32,1980,35,17,,,,
powertraces-pt100array_pt019_r1_7536307_11-89ffb37037,2026-05-07T18:48:46.477Z,118.771,3,281.38,1980,10,5,,,,
powertraces-pt100array_pt019_r1_7536307_11-89ffb37037,2026-05-07T18:48:46.577Z,118.871,0,216.42,1980,21,10,,,,
powertraces-pt100array_pt019_r1_7536307_11-89ffb37037,2026-05-07T18:48:46.577Z,118.871,1,268.67,1980,23,12,,,,
powertraces-pt100array_pt019_r1_7536307_11-89ffb37037,2026-05-07T18:48:46.577Z,118.871,2,276.45,1980,34,17,,,,
powertraces-pt100array_pt019_r1_7536307_11-89ffb37037,2026-05-07T18:48:46.578Z,118.872,3,280.34,1980,10,5,,,,
powertraces-pt100array_pt019_r1_7536307_11-89ffb37037,2026-05-07T18:48:46.678Z,118.972,0,210.16,1980,21,10,,,,
powertraces-pt100array_pt019_r1_7536307_11-89ffb37037,2026-05-07T18:48:46.678Z,118.972,1,267.72,1980,23,12,,,,
powertraces-pt100array_pt019_r1_7536307_11-89ffb37037,2026-05-07T18:48:46.678Z,118.972,2,275.4,1980,34,17,,,,
powertraces-pt100array_pt019_r1_7536307_11-89ffb37037,2026-05-07T18:48:46.678Z,118.972,3,267.71,1980,33,17,,,,
powertraces-pt100array_pt019_r1_7536307_11-89ffb37037,2026-05-07T18:48:46.778Z,119.072,0,214.27,1980,16,8,,,,
powertraces-pt100array_pt019_r1_7536307_11-89ffb37037,2026-05-07T18:48:46.778Z,119.072,1,252.79,1980,20,9,,,,
powertraces-pt100array_pt019_r1_7536307_11-89ffb37037,2026-05-07T18:48:46.778Z,119.072,2,264.04,1980,12,5,,,,
powertraces-pt100array_pt019_r1_7536307_11-89ffb37037,2026-05-07T18:48:46.778Z,119.072,3,264.52,1980,33,17,,,,
powertraces-pt100array_pt019_r1_7536307_11-89ffb37037,2026-05-07T18:48:46.878Z,119.172,0,204.67,1980,16,8,,,,
powertraces-pt100array_pt019_r1_7536307_11-89ffb37037,2026-05-07T18:48:46.878Z,119.172,1,238.97,1980,20,9,,,,
powertraces-pt100array_pt019_r1_7536307_11-89ffb37037,2026-05-07T18:48:46.878Z,119.172,2,245.57,1980,12,5,,,,
powertraces-pt100array_pt019_r1_7536307_11-89ffb37037,2026-05-07T18:48:46.878Z,119.172,3,261.18,1980,0,0,,,,
powertraces-pt100array_pt019_r1_7536307_11-89ffb37037,2026-05-07T18:48:46.978Z,119.272,0,193.95,1980,0,0,,,,
powertraces-pt100array_pt019_r1_7536307_11-89ffb37037,2026-05-07T18:48:46.978Z,119.272,1,242.57,1980,8,4,,,,
powertraces-pt100array_pt019_r1_7536307_11-89ffb37037,2026-05-07T18:48:46.978Z,119.272,2,246.69,1980,24,13,,,,
powertraces-pt100array_pt019_r1_7536307_11-89ffb37037,2026-05-07T18:48:46.978Z,119.272,3,249.06,1980,0,0,,,,
powertraces-pt100array_pt019_r1_7536307_11-89ffb37037,2026-05-07T18:48:47.078Z,119.372,0,194.43,1980,0,0,,,,
powertraces-pt100array_pt019_r1_7536307_11-89ffb37037,2026-05-07T18:48:47.078Z,119.372,1,243.75,1980,8,4,,,,
powertraces-pt100array_pt019_r1_7536307_11-89ffb37037,2026-05-07T18:48:47.078Z,119.372,2,246.92,1980,24,13,,,,
powertraces-pt100array_pt019_r1_7536307_11-89ffb37037,2026-05-07T18:48:47.078Z,119.372,3,248.08,1980,33,16,,,,
powertraces-pt100array_pt019_r1_7536307_11-89ffb37037,2026-05-07T18:48:47.179Z,119.473,0,204.86,1980,11,5,,,,
powertraces-pt100array_pt019_r1_7536307_11-89ffb37037,2026-05-07T18:48:47.179Z,119.473,1,244.28,1980,48,33,,,,
powertraces-pt100array_pt019_r1_7536307_11-89ffb37037,2026-05-07T18:48:47.179Z,119.473,2,253.69,1980,42,29,,,,
powertraces-pt100array_pt019_r1_7536307_11-89ffb37037,2026-05-07T18:48:47.179Z,119.473,3,250.77,1980,33,16,,,,
powertraces-pt100array_pt019_r1_7536307_11-89ffb37037,2026-05-07T18:48:47.279Z,119.573,0,205.21,1980,11,5,,,,
powertraces-pt100array_pt019_r1_7536307_11-89ffb37037,2026-05-07T18:48:47.279Z,119.573,1,245.47,1980,48,33,,,,
powertraces-pt100array_pt019_r1_7536307_11-89ffb37037,2026-05-07T18:48:47.279Z,119.573,2,254.72,1980,42,29,,,,
powertraces-pt100array_pt019_r1_7536307_11-89ffb37037,2026-05-07T18:48:47.279Z,119.573,3,257.32,1980,30,14,,,,
powertraces-pt100array_pt019_r1_7536307_11-89ffb37037,2026-05-07T18:48:47.379Z,119.673,0,198.11,1980,18,8,,,,
powertraces-pt100array_pt019_r1_7536307_11-89ffb37037,2026-05-07T18:48:47.379Z,119.673,1,248.05,1980,13,6,,,,
powertraces-pt100array_pt019_r1_7536307_11-89ffb37037,2026-05-07T18:48:47.379Z,119.673,2,256.47,1980,30,15,,,,
powertraces-pt100array_pt019_r1_7536307_11-89ffb37037,2026-05-07T18:48:47.379Z,119.673,3,253.39,1980,30,14,,,,
powertraces-pt100array_pt019_r1_7536307_11-89ffb37037,2026-05-07T18:48:47.479Z,119.773,0,199.38,1980,18,8,,,,
powertraces-pt100array_pt019_r1_7536307_11-89ffb37037,2026-05-07T18:48:47.479Z,119.773,1,246.75,1980,13,6,,,,
powertraces-pt100array_pt019_r1_7536307_11-89ffb37037,2026-05-07T18:48:47.479Z,119.773,2,254.77,1980,30,15,,,,
powertraces-pt100array_pt019_r1_7536307_11-89ffb37037,2026-05-07T18:48:47.479Z,119.773,3,247.62,1980,29,14,,,,
powertraces-pt100array_pt019_r1_7536307_11-89ffb37037,2026-05-07T18:48:47.579Z,119.873,0,201.4,1980,18,9,,,,
powertraces-pt100array_pt019_r1_7536307_11-89ffb37037,2026-05-07T18:48:47.579Z,119.873,1,247.27,1980,34,17,,,,
powertraces-pt100array_pt019_r1_7536307_11-89ffb37037,2026-05-07T18:48:47.579Z,119.873,2,258.3,1980,17,8,,,,
powertraces-pt100array_pt019_r1_7536307_11-89ffb37037,2026-05-07T18:48:47.579Z,119.873,3,247.98,1980,29,14,,,,
powertraces-pt100array_pt019_r1_7536307_11-89ffb37037,2026-05-07T18:48:47.68Z,119.974,0,207.32,1980,18,9,,,,
powertraces-pt100array_pt019_r1_7536307_11-89ffb37037,2026-05-07T18:48:47.68Z,119.974,1,241.95,1980,34,17,,,,
powertraces-pt100array_pt019_r1_7536307_11-89ffb37037,2026-05-07T18:48:47.68Z,119.974,2,257.04,1980,17,8,,,,
powertraces-pt100array_pt019_r1_7536307_11-89ffb37037,2026-05-07T18:48:47.68Z,119.974,3,260.4,1980,32,16,,,,
powertraces-pt100array_pt019_r1_7536307_11-89ffb37037,2026-05-07T18:48:47.78Z,120.074,0,202.62,1980,21,10,,,,
powertraces-pt100array_pt019_r1_7536307_11-89ffb37037,2026-05-07T18:48:47.78Z,120.074,1,259.14,1980,31,15,,,,
powertraces-pt100array_pt019_r1_7536307_11-89ffb37037,2026-05-07T18:48:47.78Z,120.074,2,267.42,1980,23,12,,,,
powertraces-pt100array_pt019_r1_7536307_11-89ffb37037,2026-05-07T18:48:47.78Z,120.074,3,275.46,1980,32,16,,,,
powertraces-pt100array_pt019_r1_7536307_11-89ffb37037,2026-05-07T18:48:47.88Z,120.174,0,211.0,1980,21,10,,,,
powertraces-pt100array_pt019_r1_7536307_11-89ffb37037,2026-05-07T18:48:47.88Z,120.174,1,276.73,1980,31,15,,,,
powertraces-pt100array_pt019_r1_7536307_11-89ffb37037,2026-05-07T18:48:47.88Z,120.174,2,277.68,1980,23,12,,,,
powertraces-pt100array_pt019_r1_7536307_11-89ffb37037,2026-05-07T18:48:47.88Z,120.174,3,272.3,1980,33,17,,,,
powertraces-pt100array_pt019_r1_7536307_11-89ffb37037,2026-05-07T18:48:47.98Z,120.274,0,219.85,1980,2,1,,,,
powertraces-pt100array_pt019_r1_7536307_11-89ffb37037,2026-05-07T18:48:47.98Z,120.274,1,271.91,1980,34,17,,,,
powertraces-pt100array_pt019_r1_7536307_11-89ffb37037,2026-05-07T18:48:47.98Z,120.274,2,285.53,1980,35,17,,,,
powertraces-pt100array_pt019_r1_7536307_11-89ffb37037,2026-05-07T18:48:47.98Z,120.274,3,275.54,1980,33,17,,,,
powertraces-pt100array_pt019_r1_7536307_11-89ffb37037,2026-05-07T18:48:48.08Z,120.374,0,220.71,1980,2,1,,,,
powertraces-pt100array_pt019_r1_7536307_11-89ffb37037,2026-05-07T18:48:48.08Z,120.374,1,269.15,1980,34,17,,,,
powertraces-pt100array_pt019_r1_7536307_11-89ffb37037,2026-05-07T18:48:48.08Z,120.374,2,282.95,1980,35,17,,,,
powertraces-pt100array_pt019_r1_7536307_11-89ffb37037,2026-05-07T18:48:48.08Z,120.374,3,282.37,1980,15,8,,,,
powertraces-pt100array_pt019_r1_7536307_11-89ffb37037,2026-05-07T18:48:48.181Z,120.475,0,213.96,1980,21,10,,,,
powertraces-pt100array_pt019_r1_7536307_11-89ffb37037,2026-05-07T18:48:48.181Z,120.475,1,265.92,1980,23,12,,,,
powertraces-pt100array_pt019_r1_7536307_11-89ffb37037,2026-05-07T18:48:48.181Z,120.475,2,271.89,1980,35,17,,,,
powertraces-pt100array_pt019_r1_7536307_11-89ffb37037,2026-05-07T18:48:48.181Z,120.475,3,275.7,1980,15,8,,,,
powertraces-pt100array_pt019_r1_7536307_11-89ffb37037,2026-05-07T18:48:48.281Z,120.575,0,212.91,1980,21,10,,,,
powertraces-pt100array_pt019_r1_7536307_11-89ffb37037,2026-05-07T18:48:48.281Z,120.575,1,267.66,1980,23,12,,,,
powertraces-pt100array_pt019_r1_7536307_11-89ffb37037,2026-05-07T18:48:48.281Z,120.575,2,273.17,1980,35,17,,,,
powertraces-pt100array_pt019_r1_7536307_11-89ffb37037,2026-05-07T18:48:48.281Z,120.575,3,276.12,1980,33,17,,,,
powertraces-pt100array_pt019_r1_7536307_11-89ffb37037,2026-05-07T18:48:48.381Z,120.675,0,214.29,1980,13,7,,,,
powertraces-pt100array_pt019_r1_7536307_11-89ffb37037,2026-05-07T18:48:48.381Z,120.675,1,267.06,1980,26,12,,,,
powertraces-pt100array_pt019_r1_7536307_11-89ffb37037,2026-05-07T18:48:48.381Z,120.675,2,272.5,1980,35,17,,,,
powertraces-pt100array_pt019_r1_7536307_11-89ffb37037,2026-05-07T18:48:48.381Z,120.675,3,276.42,1980,33,17,,,,
powertraces-pt100array_pt019_r1_7536307_11-89ffb37037,2026-05-07T18:48:48.481Z,120.775,0,214.8,1980,13,7,,,,
powertraces-pt100array_pt019_r1_7536307_11-89ffb37037,2026-05-07T18:48:48.481Z,120.775,1,269.57,1980,26,12,,,,
powertraces-pt100array_pt019_r1_7536307_11-89ffb37037,2026-05-07T18:48:48.481Z,120.775,2,273.86,1980,35,17,,,,
powertraces-pt100array_pt019_r1_7536307_11-89ffb37037,2026-05-07T18:48:48.481Z,120.775,3,279.54,1980,10,4,,,,
powertraces-pt100array_pt019_r1_7536307_11-89ffb37037,2026-05-07T18:48:48.581Z,120.875,0,214.75,1980,21,11,,,,
powertraces-pt100array_pt019_r1_7536307_11-89ffb37037,2026-05-07T18:48:48.581Z,120.875,1,267.74,1980,31,16,,,,
powertraces-pt100array_pt019_r1_7536307_11-89ffb37037,2026-05-07T18:48:48.581Z,120.875,2,273.03,1980,21,10,,,,
powertraces-pt100array_pt019_r1_7536307_11-89ffb37037,2026-05-07T18:48:48.581Z,120.875,3,279.54,1980,10,4,,,,
powertraces-pt100array_pt019_r1_7536307_11-89ffb37037,2026-05-07T18:48:48.682Z,120.976,0,214.86,1980,21,11,,,,
powertraces-pt100array_pt019_r1_7536307_11-89ffb37037,2026-05-07T18:48:48.682Z,120.976,1,269.99,1980,31,16,,,,
powertraces-pt100array_pt019_r1_7536307_11-89ffb37037,2026-05-07T18:48:48.682Z,120.976,2,274.81,1980,21,10,,,,
powertraces-pt100array_pt019_r1_7536307_11-89ffb37037,2026-05-07T18:48:48.682Z,120.976,3,277.29,1980,33,17,,,,
powertraces-pt100array_pt019_r1_7536307_11-89ffb37037,2026-05-07T18:48:48.782Z,121.076,0,212.36,1980,20,11,,,,
powertraces-pt100array_pt019_r1_7536307_11-89ffb37037,2026-05-07T18:48:48.782Z,121.076,1,268.98,1980,12,5,,,,
powertraces-pt100array_pt019_r1_7536307_11-89ffb37037,2026-05-07T18:48:48.782Z,121.076,2,275.63,1980,31,15,,,,
powertraces-pt100array_pt019_r1_7536307_11-89ffb37037,2026-05-07T18:48:48.782Z,121.076,3,270.64,1980,33,17,,,,
powertraces-pt100array_pt019_r1_7536307_11-89ffb37037,2026-05-07T18:48:48.882Z,121.176,0,216.91,1980,20,11,,,,
powertraces-pt100array_pt019_r1_7536307_11-89ffb37037,2026-05-07T18:48:48.882Z,121.176,1,266.48,1980,12,5,,,,
powertraces-pt100array_pt019_r1_7536307_11-89ffb37037,2026-05-07T18:48:48.882Z,121.176,2,275.76,1980,31,15,,,,
powertraces-pt100array_pt019_r1_7536307_11-89ffb37037,2026-05-07T18:48:48.882Z,121.176,3,277.04,1980,26,13,,,,
powertraces-pt100array_pt019_r1_7536307_11-89ffb37037,2026-05-07T18:48:48.982Z,121.276,0,215.76,1980,19,9,,,,
powertraces-pt100array_pt019_r1_7536307_11-89ffb37037,2026-05-07T18:48:48.982Z,121.276,1,264.84,1980,34,17,,,,
powertraces-pt100array_pt019_r1_7536307_11-89ffb37037,2026-05-07T18:48:48.982Z,121.276,2,274.44,1980,16,7,,,,
powertraces-pt100array_pt019_r1_7536307_11-89ffb37037,2026-05-07T18:48:48.982Z,121.276,3,277.67,1980,26,13,,,,
powertraces-pt100array_pt019_r1_7536307_11-89ffb37037,2026-05-07T18:48:49.082Z,121.376,0,217.02,1980,19,9,,,,
powertraces-pt100array_pt019_r1_7536307_11-89ffb37037,2026-05-07T18:48:49.082Z,121.376,1,265.95,1980,34,17,,,,
powertraces-pt100array_pt019_r1_7536307_11-89ffb37037,2026-05-07T18:48:49.082Z,121.376,2,275.15,1980,16,7,,,,
powertraces-pt100array_pt019_r1_7536307_11-89ffb37037,2026-05-07T18:48:49.082Z,121.376,3,279.85,1980,33,17,,,,
powertraces-pt100array_pt019_r1_7536307_11-89ffb37037,2026-05-07T18:48:49.182Z,121.476,0,218.06,1980,21,10,,,,
powertraces-pt100array_pt019_r1_7536307_11-89ffb37037,2026-05-07T18:48:49.183Z,121.477,1,267.32,1980,30,15,,,,
powertraces-pt100array_pt019_r1_7536307_11-89ffb37037,2026-05-07T18:48:49.183Z,121.477,2,275.82,1980,23,12,,,,
powertraces-pt100array_pt019_r1_7536307_11-89ffb37037,2026-05-07T18:48:49.183Z,121.477,3,280.76,1980,33,17,,,,
powertraces-pt100array_pt019_r1_7536307_11-89ffb37037,2026-05-07T18:48:49.283Z,121.577,0,219.77,1980,21,10,,,,
powertraces-pt100array_pt019_r1_7536307_11-89ffb37037,2026-05-07T18:48:49.283Z,121.577,1,267.27,1980,30,15,,,,
powertraces-pt100array_pt019_r1_7536307_11-89ffb37037,2026-05-07T18:48:49.283Z,121.577,2,276.78,1980,23,12,,,,
powertraces-pt100array_pt019_r1_7536307_11-89ffb37037,2026-05-07T18:48:49.283Z,121.577,3,276.47,1980,33,17,,,,
powertraces-pt100array_pt019_r1_7536307_11-89ffb37037,2026-05-07T18:48:49.383Z,121.677,0,218.72,1980,3,1,,,,
powertraces-pt100array_pt019_r1_7536307_11-89ffb37037,2026-05-07T18:48:49.383Z,121.677,1,267.02,1980,35,17,,,,
powertraces-pt100array_pt019_r1_7536307_11-89ffb37037,2026-05-07T18:48:49.383Z,121.677,2,277.86,1980,35,17,,,,
powertraces-pt100array_pt019_r1_7536307_11-89ffb37037,2026-05-07T18:48:49.383Z,121.677,3,283.39,1980,33,17,,,,
powertraces-pt100array_pt019_r1_7536307_11-89ffb37037,2026-05-07T18:48:49.483Z,121.777,0,221.43,1980,3,1,,,,
powertraces-pt100array_pt019_r1_7536307_11-89ffb37037,2026-05-07T18:48:49.483Z,121.777,1,261.14,1980,35,17,,,,
powertraces-pt100array_pt019_r1_7536307_11-89ffb37037,2026-05-07T18:48:49.483Z,121.777,2,275.45,1980,35,17,,,,
powertraces-pt100array_pt019_r1_7536307_11-89ffb37037,2026-05-07T18:48:49.483Z,121.777,3,280.44,1980,16,8,,,,
powertraces-pt100array_pt019_r1_7536307_11-89ffb37037,2026-05-07T18:48:49.583Z,121.877,0,219.86,1980,21,10,,,,
powertraces-pt100array_pt019_r1_7536307_11-89ffb37037,2026-05-07T18:48:49.583Z,121.877,1,269.84,1980,23,12,,,,
powertraces-pt100array_pt019_r1_7536307_11-89ffb37037,2026-05-07T18:48:49.583Z,121.877,2,272.22,1980,34,17,,,,
powertraces-pt100array_pt019_r1_7536307_11-89ffb37037,2026-05-07T18:48:49.583Z,121.877,3,282.04,1980,16,8,,,,
powertraces-pt100array_pt019_r1_7536307_11-89ffb37037,2026-05-07T18:48:49.683Z,121.977,0,216.56,1980,21,10,,,,
powertraces-pt100array_pt019_r1_7536307_11-89ffb37037,2026-05-07T18:48:49.683Z,121.977,1,269.12,1980,23,12,,,,
powertraces-pt100array_pt019_r1_7536307_11-89ffb37037,2026-05-07T18:48:49.683Z,121.977,2,277.14,1980,34,17,,,,
powertraces-pt100array_pt019_r1_7536307_11-89ffb37037,2026-05-07T18:48:49.683Z,121.977,3,278.31,1980,33,17,,,,
powertraces-pt100array_pt019_r1_7536307_11-89ffb37037,2026-05-07T18:48:49.784Z,122.078,0,219.61,1980,10,5,,,,
powertraces-pt100array_pt019_r1_7536307_11-89ffb37037,2026-05-07T18:48:49.784Z,122.078,1,268.68,1980,28,14,,,,
powertraces-pt100array_pt019_r1_7536307_11-89ffb37037,2026-05-07T18:48:49.784Z,122.078,2,275.56,1980,35,17,,,,
powertraces-pt100array_pt019_r1_7536307_11-89ffb37037,2026-05-07T18:48:49.784Z,122.078,3,281.08,1980,33,17,,,,
powertraces-pt100array_pt019_r1_7536307_11-89ffb37037,2026-05-07T18:48:49.884Z,122.178,0,218.87,1980,10,5,,,,
powertraces-pt100array_pt019_r1_7536307_11-89ffb37037,2026-05-07T18:48:49.884Z,122.178,1,269.51,1980,28,14,,,,
powertraces-pt100array_pt019_r1_7536307_11-89ffb37037,2026-05-07T18:48:49.884Z,122.178,2,277.51,1980,35,17,,,,
powertraces-pt100array_pt019_r1_7536307_11-89ffb37037,2026-05-07T18:48:49.884Z,122.178,3,279.41,1980,7,3,,,,
powertraces-pt100array_pt019_r1_7536307_11-89ffb37037,2026-05-07T18:48:49.984Z,122.278,0,220.03,1980,21,10,,,,
powertraces-pt100array_pt019_r1_7536307_11-89ffb37037,2026-05-07T18:48:49.984Z,122.278,1,270.0,1980,30,15,,,,
powertraces-pt100array_pt019_r1_7536307_11-89ffb37037,2026-05-07T18:48:49.984Z,122.278,2,274.58,1980,24,11,,,,
powertraces-pt100array_pt019_r1_7536307_11-89ffb37037,2026-05-07T18:48:49.984Z,122.278,3,280.44,1980,7,3,,,,
powertraces-pt100array_pt019_r1_7536307_11-89ffb37037,2026-05-07T18:48:50.084Z,122.378,0,217.52,1980,21,10,,,,
powertraces-pt100array_pt019_r1_7536307_11-89ffb37037,2026-05-07T18:48:50.084Z,122.378,1,272.67,1980,30,15,,,,
powertraces-pt100array_pt019_r1_7536307_11-89ffb37037,2026-05-07T18:48:50.084Z,122.378,2,276.61,1980,24,11,,,,
powertraces-pt100array_pt019_r1_7536307_11-89ffb37037,2026-05-07T18:48:50.084Z,122.378,3,279.91,1980,33,17,,,,
powertraces-pt100array_pt019_r1_7536307_11-89ffb37037,2026-05-07T18:48:50.185Z,122.479,0,217.57,1980,20,10,,,,
powertraces-pt100array_pt019_r1_7536307_11-89ffb37037,2026-05-07T18:48:50.185Z,122.479,1,271.39,1980,12,5,,,,
powertraces-pt100array_pt019_r1_7536307_11-89ffb37037,2026-05-07T18:48:50.185Z,122.479,2,275.33,1980,33,16,,,,
powertraces-pt100array_pt019_r1_7536307_11-89ffb37037,2026-05-07T18:48:50.185Z,122.479,3,271.3,1980,33,17,,,,
powertraces-pt100array_pt019_r1_7536307_11-89ffb37037,2026-05-07T18:48:50.285Z,122.579,0,219.86,1980,20,10,,,,
powertraces-pt100array_pt019_r1_7536307_11-89ffb37037,2026-05-07T18:48:50.285Z,122.579,1,266.61,1980,12,5,,,,
powertraces-pt100array_pt019_r1_7536307_11-89ffb37037,2026-05-07T18:48:50.285Z,122.579,2,277.72,1980,33,16,,,,
powertraces-pt100array_pt019_r1_7536307_11-89ffb37037,2026-05-07T18:48:50.285Z,122.579,3,277.1,1980,24,12,,,,
powertraces-pt100array_pt019_r1_7536307_11-89ffb37037,2026-05-07T18:48:50.385Z,122.679,0,219.65,1980,21,10,,,,
powertraces-pt100array_pt019_r1_7536307_11-89ffb37037,2026-05-07T18:48:50.385Z,122.679,1,267.63,1980,35,17,,,,
powertraces-pt100array_pt019_r1_7536307_11-89ffb37037,2026-05-07T18:48:50.385Z,122.679,2,276.15,1980,14,6,,,,
powertraces-pt100array_pt019_r1_7536307_11-89ffb37037,2026-05-07T18:48:50.385Z,122.679,3,279.34,1980,24,12,,,,
powertraces-pt100array_pt019_r1_7536307_11-89ffb37037,2026-05-07T18:48:50.485Z,122.779,0,218.43,1980,21,10,,,,
powertraces-pt100array_pt019_r1_7536307_11-89ffb37037,2026-05-07T18:48:50.485Z,122.779,1,273.41,1980,35,17,,,,
powertraces-pt100array_pt019_r1_7536307_11-89ffb37037,2026-05-07T18:48:50.485Z,122.779,2,277.02,1980,14,6,,,,
powertraces-pt100array_pt019_r1_7536307_11-89ffb37037,2026-05-07T18:48:50.485Z,122.779,3,278.36,1980,32,16,,,,
powertraces-pt100array_pt019_r1_7536307_11-89ffb37037,2026-05-07T18:48:50.585Z,122.879,0,213.61,1980,21,10,,,,
powertraces-pt100array_pt019_r1_7536307_11-89ffb37037,2026-05-07T18:48:50.585Z,122.879,1,268.67,1980,28,14,,,,
powertraces-pt100array_pt019_r1_7536307_11-89ffb37037,2026-05-07T18:48:50.585Z,122.879,2,275.87,1980,23,12,,,,
powertraces-pt100array_pt019_r1_7536307_11-89ffb37037,2026-05-07T18:48:50.585Z,122.879,3,275.81,1980,32,16,,,,
powertraces-pt100array_pt019_r1_7536307_11-89ffb37037,2026-05-07T18:48:50.685Z,122.979,0,217.83,1980,21,10,,,,
powertraces-pt100array_pt019_r1_7536307_11-89ffb37037,2026-05-07T18:48:50.686Z,122.98,1,267.03,1980,28,14,,,,
powertraces-pt100array_pt019_r1_7536307_11-89ffb37037,2026-05-07T18:48:50.686Z,122.98,2,274.39,1980,23,12,,,,
powertraces-pt100array_pt019_r1_7536307_11-89ffb37037,2026-05-07T18:48:50.686Z,122.98,3,277.27,1980,33,17,,,,
powertraces-pt100array_pt019_r1_7536307_11-89ffb37037,2026-05-07T18:48:50.786Z,123.08,0,218.26,1980,5,2,,,,
powertraces-pt100array_pt019_r1_7536307_11-89ffb37037,2026-05-07T18:48:50.786Z,123.08,1,266.74,1980,35,17,,,,
powertraces-pt100array_pt019_r1_7536307_11-89ffb37037,2026-05-07T18:48:50.786Z,123.08,2,276.29,1980,32,16,,,,
powertraces-pt100array_pt019_r1_7536307_11-89ffb37037,2026-05-07T18:48:50.786Z,123.08,3,275.8,1980,33,17,,,,
powertraces-pt100array_pt019_r1_7536307_11-89ffb37037,2026-05-07T18:48:50.886Z,123.18,0,218.07,1980,5,2,,,,
powertraces-pt100array_pt019_r1_7536307_11-89ffb37037,2026-05-07T18:48:50.886Z,123.18,1,266.76,1980,35,17,,,,
powertraces-pt100array_pt019_r1_7536307_11-89ffb37037,2026-05-07T18:48:50.886Z,123.18,2,275.38,1980,32,16,,,,
powertraces-pt100array_pt019_r1_7536307_11-89ffb37037,2026-05-07T18:48:50.886Z,123.18,3,279.2,1980,18,10,,,,
powertraces-pt100array_pt019_r1_7536307_11-89ffb37037,2026-05-07T18:48:50.986Z,123.28,0,217.88,1980,21,10,,,,
powertraces-pt100array_pt019_r1_7536307_11-89ffb37037,2026-05-07T18:48:50.986Z,123.28,1,266.57,1980,22,12,,,,
powertraces-pt100array_pt019_r1_7536307_11-89ffb37037,2026-05-07T18:48:50.986Z,123.28,2,274.2,1980,34,17,,,,
powertraces-pt100array_pt019_r1_7536307_11-89ffb37037,2026-05-07T18:48:50.986Z,123.28,3,278.99,1980,18,10,,,,
powertraces-pt100array_pt019_r1_7536307_11-89ffb37037,2026-05-07T18:48:51.086Z,123.38,0,213.13,1980,21,10,,,,
powertraces-pt100array_pt019_r1_7536307_11-89ffb37037,2026-05-07T18:48:51.086Z,123.38,1,266.21,1980,22,12,,,,
powertraces-pt100array_pt019_r1_7536307_11-89ffb37037,2026-05-07T18:48:51.086Z,123.38,2,274.95,1980,34,17,,,,
powertraces-pt100array_pt019_r1_7536307_11-89ffb37037,2026-05-07T18:48:51.086Z,123.38,3,273.35,1980,33,17,,,,
powertraces-pt100array_pt019_r1_7536307_11-89ffb37037,2026-05-07T18:48:51.186Z,123.48,0,216.45,1980,9,5,,,,
powertraces-pt100array_pt019_r1_7536307_11-89ffb37037,2026-05-07T18:48:51.187Z,123.481,1,263.32,1980,29,14,,,,
powertraces-pt100array_pt019_r1_7536307_11-89ffb37037,2026-05-07T18:48:51.187Z,123.481,2,276.26,1980,36,17,,,,
powertraces-pt100array_pt019_r1_7536307_11-89ffb37037,2026-05-07T18:48:51.187Z,123.481,3,283.62,1980,33,17,,,,
powertraces-pt100array_pt019_r1_7536307_11-89ffb37037,2026-05-07T18:48:51.287Z,123.581,0,222.39,1980,9,5,,,,
powertraces-pt100array_pt019_r1_7536307_11-89ffb37037,2026-05-07T18:48:51.287Z,123.581,1,269.9,1980,29,14,,,,
powertraces-pt100array_pt019_r1_7536307_11-89ffb37037,2026-05-07T18:48:51.287Z,123.581,2,283.13,1980,36,17,,,,
powertraces-pt100array_pt019_r1_7536307_11-89ffb37037,2026-05-07T18:48:51.287Z,123.581,3,286.83,1980,28,21,,,,
powertraces-pt100array_pt019_r1_7536307_11-89ffb37037,2026-05-07T18:48:51.387Z,123.681,0,220.95,1980,41,26,,,,
powertraces-pt100array_pt019_r1_7536307_11-89ffb37037,2026-05-07T18:48:51.387Z,123.681,1,274.63,1980,32,14,,,,
powertraces-pt100array_pt019_r1_7536307_11-89ffb37037,2026-05-07T18:48:51.387Z,123.681,2,279.69,1980,24,11,,,,
powertraces-pt100array_pt019_r1_7536307_11-89ffb37037,2026-05-07T18:48:51.387Z,123.681,3,283.55,1980,28,21,,,,
powertraces-pt100array_pt019_r1_7536307_11-89ffb37037,2026-05-07T18:48:51.487Z,123.781,0,215.23,1980,41,26,,,,
powertraces-pt100array_pt019_r1_7536307_11-89ffb37037,2026-05-07T18:48:51.487Z,123.781,1,273.49,1980,32,14,,,,
powertraces-pt100array_pt019_r1_7536307_11-89ffb37037,2026-05-07T18:48:51.487Z,123.781,2,283.47,1980,24,11,,,,
powertraces-pt100array_pt019_r1_7536307_11-89ffb37037,2026-05-07T18:48:51.487Z,123.781,3,276.19,1980,34,17,,,,
powertraces-pt100array_pt019_r1_7536307_11-89ffb37037,2026-05-07T18:48:51.587Z,123.881,0,223.66,1980,3,1,,,,
powertraces-pt100array_pt019_r1_7536307_11-89ffb37037,2026-05-07T18:48:51.587Z,123.881,1,269.48,1980,35,17,,,,
powertraces-pt100array_pt019_r1_7536307_11-89ffb37037,2026-05-07T18:48:51.587Z,123.881,2,285.41,1980,35,17,,,,
powertraces-pt100array_pt019_r1_7536307_11-89ffb37037,2026-05-07T18:48:51.587Z,123.881,3,281.69,1980,34,17,,,,
powertraces-pt100array_pt019_r1_7536307_11-89ffb37037,2026-05-07T18:48:51.687Z,123.981,0,222.94,1980,3,1,,,,
powertraces-pt100array_pt019_r1_7536307_11-89ffb37037,2026-05-07T18:48:51.688Z,123.982,1,272.69,1980,35,17,,,,
powertraces-pt100array_pt019_r1_7536307_11-89ffb37037,2026-05-07T18:48:51.688Z,123.982,2,288.97,1980,35,17,,,,
powertraces-pt100array_pt019_r1_7536307_11-89ffb37037,2026-05-07T18:48:51.688Z,123.982,3,287.53,1980,7,4,,,,
powertraces-pt100array_pt019_r1_7536307_11-89ffb37037,2026-05-07T18:48:51.788Z,124.082,0,224.89,1980,21,10,,,,
powertraces-pt100array_pt019_r1_7536307_11-89ffb37037,2026-05-07T18:48:51.788Z,124.082,1,272.09,1980,23,12,,,,
powertraces-pt100array_pt019_r1_7536307_11-89ffb37037,2026-05-07T18:48:51.788Z,124.082,2,280.54,1980,31,15,,,,
powertraces-pt100array_pt019_r1_7536307_11-89ffb37037,2026-05-07T18:48:51.788Z,124.082,3,289.16,1980,7,4,,,,
powertraces-pt100array_pt019_r1_7536307_11-89ffb37037,2026-05-07T18:48:51.888Z,124.182,0,218.76,1980,21,10,,,,
powertraces-pt100array_pt019_r1_7536307_11-89ffb37037,2026-05-07T18:48:51.888Z,124.182,1,277.38,1980,23,12,,,,
powertraces-pt100array_pt019_r1_7536307_11-89ffb37037,2026-05-07T18:48:51.888Z,124.182,2,280.31,1980,31,15,,,,
powertraces-pt100array_pt019_r1_7536307_11-89ffb37037,2026-05-07T18:48:51.888Z,124.182,3,282.95,1980,33,17,,,,
powertraces-pt100array_pt019_r1_7536307_11-89ffb37037,2026-05-07T18:48:51.988Z,124.282,0,218.46,1980,19,10,,,,
powertraces-pt100array_pt019_r1_7536307_11-89ffb37037,2026-05-07T18:48:51.988Z,124.282,1,278.64,1980,17,8,,,,
powertraces-pt100array_pt019_r1_7536307_11-89ffb37037,2026-05-07T18:48:51.988Z,124.282,2,281.33,1980,35,17,,,,
powertraces-pt100array_pt019_r1_7536307_11-89ffb37037,2026-05-07T18:48:51.988Z,124.282,3,275.06,1980,33,17,,,,
powertraces-pt100array_pt019_r1_7536307_11-89ffb37037,2026-05-07T18:48:52.088Z,124.382,0,221.68,1980,19,10,,,,
powertraces-pt100array_pt019_r1_7536307_11-89ffb37037,2026-05-07T18:48:52.088Z,124.382,1,274.52,1980,17,8,,,,
powertraces-pt100array_pt019_r1_7536307_11-89ffb37037,2026-05-07T18:48:52.088Z,124.382,2,285.03,1980,35,17,,,,
powertraces-pt100array_pt019_r1_7536307_11-89ffb37037,2026-05-07T18:48:52.088Z,124.382,3,283.99,1980,17,8,,,,
powertraces-pt100array_pt019_r1_7536307_11-89ffb37037,2026-05-07T18:48:52.188Z,124.482,0,223.6,1980,21,10,,,,
powertraces-pt100array_pt019_r1_7536307_11-89ffb37037,2026-05-07T18:48:52.188Z,124.482,1,271.7,1980,35,17,,,,
powertraces-pt100array_pt019_r1_7536307_11-89ffb37037,2026-05-07T18:48:52.188Z,124.482,2,282.89,1980,12,5,,,,
powertraces-pt100array_pt019_r1_7536307_11-89ffb37037,2026-05-07T18:48:52.188Z,124.482,3,281.07,1980,17,8,,,,
powertraces-pt100array_pt019_r1_7536307_11-89ffb37037,2026-05-07T18:48:52.289Z,124.583,0,219.98,1980,21,10,,,,
powertraces-pt100array_pt019_r1_7536307_11-89ffb37037,2026-05-07T18:48:52.289Z,124.583,1,268.56,1980,35,17,,,,
powertraces-pt100array_pt019_r1_7536307_11-89ffb37037,2026-05-07T18:48:52.289Z,124.583,2,273.2,1980,12,5,,,,
powertraces-pt100array_pt019_r1_7536307_11-89ffb37037,2026-05-07T18:48:52.289Z,124.583,3,278.64,1980,33,17,,,,
powertraces-pt100array_pt019_r1_7536307_11-89ffb37037,2026-05-07T18:48:52.389Z,124.683,0,216.16,1980,20,10,,,,
powertraces-pt100array_pt019_r1_7536307_11-89ffb37037,2026-05-07T18:48:52.389Z,124.683,1,270.83,1980,21,10,,,,
powertraces-pt100array_pt019_r1_7536307_11-89ffb37037,2026-05-07T18:48:52.389Z,124.683,2,275.07,1980,23,12,,,,
powertraces-pt100array_pt019_r1_7536307_11-89ffb37037,2026-05-07T18:48:52.389Z,124.683,3,275.67,1980,33,17,,,,
powertraces-pt100array_pt019_r1_7536307_11-89ffb37037,2026-05-07T18:48:52.489Z,124.783,0,215.45,1980,20,10,,,,
powertraces-pt100array_pt019_r1_7536307_11-89ffb37037,2026-05-07T18:48:52.489Z,124.783,1,267.25,1980,21,10,,,,
powertraces-pt100array_pt019_r1_7536307_11-89ffb37037,2026-05-07T18:48:52.489Z,124.783,2,275.13,1980,23,12,,,,
powertraces-pt100array_pt019_r1_7536307_11-89ffb37037,2026-05-07T18:48:52.489Z,124.783,3,272.99,1980,33,16,,,,
powertraces-pt100array_pt019_r1_7536307_11-89ffb37037,2026-05-07T18:48:52.589Z,124.883,0,216.11,1980,10,5,,,,
powertraces-pt100array_pt019_r1_7536307_11-89ffb37037,2026-05-07T18:48:52.589Z,124.883,1,267.56,1980,35,17,,,,
powertraces-pt100array_pt019_r1_7536307_11-89ffb37037,2026-05-07T18:48:52.589Z,124.883,2,275.5,1980,24,12,,,,
powertraces-pt100array_pt019_r1_7536307_11-89ffb37037,2026-05-07T18:48:52.589Z,124.883,3,276.55,1980,33,16,,,,
powertraces-pt100array_pt019_r1_7536307_11-89ffb37037,2026-05-07T18:48:52.689Z,124.983,0,215.93,1980,10,5,,,,
powertraces-pt100array_pt019_r1_7536307_11-89ffb37037,2026-05-07T18:48:52.69Z,124.984,1,267.88,1980,35,17,,,,
powertraces-pt100array_pt019_r1_7536307_11-89ffb37037,2026-05-07T18:48:52.69Z,124.984,2,273.23,1980,24,12,,,,
powertraces-pt100array_pt019_r1_7536307_11-89ffb37037,2026-05-07T18:48:52.69Z,124.984,3,273.96,1980,26,13,,,,
powertraces-pt100array_pt019_r1_7536307_11-89ffb37037,2026-05-07T18:48:52.79Z,125.084,0,213.96,1980,21,10,,,,
powertraces-pt100array_pt019_r1_7536307_11-89ffb37037,2026-05-07T18:48:52.79Z,125.084,1,270.88,1980,27,14,,,,
powertraces-pt100array_pt019_r1_7536307_11-89ffb37037,2026-05-07T18:48:52.79Z,125.084,2,272.73,1980,26,13,,,,
powertraces-pt100array_pt019_r1_7536307_11-89ffb37037,2026-05-07T18:48:52.79Z,125.084,3,275.0,1980,26,13,,,,
powertraces-pt100array_pt019_r1_7536307_11-89ffb37037,2026-05-07T18:48:52.89Z,125.184,0,215.65,1980,21,10,,,,
powertraces-pt100array_pt019_r1_7536307_11-89ffb37037,2026-05-07T18:48:52.89Z,125.184,1,268.15,1980,27,14,,,,
powertraces-pt100array_pt019_r1_7536307_11-89ffb37037,2026-05-07T18:48:52.89Z,125.184,2,273.29,1980,26,13,,,,
powertraces-pt100array_pt019_r1_7536307_11-89ffb37037,2026-05-07T18:48:52.89Z,125.184,3,269.0,1980,33,17,,,,
powertraces-pt100array_pt019_r1_7536307_11-89ffb37037,2026-05-07T18:48:52.99Z,125.284,0,217.42,1980,2,1,,,,
powertraces-pt100array_pt019_r1_7536307_11-89ffb37037,2026-05-07T18:48:52.99Z,125.284,1,262.96,1980,34,17,,,,
powertraces-pt100array_pt019_r1_7536307_11-89ffb37037,2026-05-07T18:48:52.99Z,125.284,2,274.51,1980,35,17,,,,
powertraces-pt100array_pt019_r1_7536307_11-89ffb37037,2026-05-07T18:48:52.99Z,125.284,3,274.09,1980,33,17,,,,
powertraces-pt100array_pt019_r1_7536307_11-89ffb37037,2026-05-07T18:48:53.09Z,125.384,0,216.19,1980,2,1,,,,
powertraces-pt100array_pt019_r1_7536307_11-89ffb37037,2026-05-07T18:48:53.09Z,125.384,1,263.95,1980,34,17,,,,
powertraces-pt100array_pt019_r1_7536307_11-89ffb37037,2026-05-07T18:48:53.09Z,125.384,2,272.96,1980,35,17,,,,
powertraces-pt100array_pt019_r1_7536307_11-89ffb37037,2026-05-07T18:48:53.09Z,125.384,3,276.8,1980,8,4,,,,
powertraces-pt100array_pt019_r1_7536307_11-89ffb37037,2026-05-07T18:48:53.19Z,125.484,0,217.51,1980,21,10,,,,
powertraces-pt100array_pt019_r1_7536307_11-89ffb37037,2026-05-07T18:48:53.19Z,125.484,1,266.39,1980,23,12,,,,
powertraces-pt100array_pt019_r1_7536307_11-89ffb37037,2026-05-07T18:48:53.19Z,125.484,2,267.31,1980,32,16,,,,
powertraces-pt100array_pt019_r1_7536307_11-89ffb37037,2026-05-07T18:48:53.19Z,125.484,3,274.24,1980,8,4,,,,
powertraces-pt100array_pt019_r1_7536307_11-89ffb37037,2026-05-07T18:48:53.291Z,125.585,0,217.22,1980,21,10,,,,
powertraces-pt100array_pt019_r1_7536307_11-89ffb37037,2026-05-07T18:48:53.291Z,125.585,1,267.3,1980,23,12,,,,
powertraces-pt100array_pt019_r1_7536307_11-89ffb37037,2026-05-07T18:48:53.291Z,125.585,2,271.69,1980,32,16,,,,
powertraces-pt100array_pt019_r1_7536307_11-89ffb37037,2026-05-07T18:48:53.291Z,125.585,3,273.13,1980,33,17,,,,
powertraces-pt100array_pt019_r1_7536307_11-89ffb37037,2026-05-07T18:48:53.391Z,125.685,0,217.73,1980,17,9,,,,
powertraces-pt100array_pt019_r1_7536307_11-89ffb37037,2026-05-07T18:48:53.391Z,125.685,1,265.37,1980,19,9,,,,
powertraces-pt100array_pt019_r1_7536307_11-89ffb37037,2026-05-07T18:48:53.391Z,125.685,2,268.33,1980,35,17,,,,
powertraces-pt100array_pt019_r1_7536307_11-89ffb37037,2026-05-07T18:48:53.391Z,125.685,3,272.7,1980,33,17,,,,
powertraces-pt100array_pt019_r1_7536307_11-89ffb37037,2026-05-07T18:48:53.491Z,125.785,0,220.23,1980,17,9,,,,
powertraces-pt100array_pt019_r1_7536307_11-89ffb37037,2026-05-07T18:48:53.491Z,125.785,1,267.66,1980,19,9,,,,
powertraces-pt100array_pt019_r1_7536307_11-89ffb37037,2026-05-07T18:48:53.491Z,125.785,2,273.98,1980,35,17,,,,
powertraces-pt100array_pt019_r1_7536307_11-89ffb37037,2026-05-07T18:48:53.491Z,125.785,3,277.62,1980,17,8,,,,
powertraces-pt100array_pt019_r1_7536307_11-89ffb37037,2026-05-07T18:48:53.591Z,125.885,0,217.99,1980,21,10,,,,
powertraces-pt100array_pt019_r1_7536307_11-89ffb37037,2026-05-07T18:48:53.591Z,125.885,1,264.16,1980,35,17,,,,
powertraces-pt100array_pt019_r1_7536307_11-89ffb37037,2026-05-07T18:48:53.591Z,125.885,2,273.38,1980,15,6,,,,
powertraces-pt100array_pt019_r1_7536307_11-89ffb37037,2026-05-07T18:48:53.591Z,125.885,3,279.29,1980,17,8,,,,
powertraces-pt100array_pt019_r1_7536307_11-89ffb37037,2026-05-07T18:48:53.691Z,125.985,0,217.65,1980,21,10,,,,
powertraces-pt100array_pt019_r1_7536307_11-89ffb37037,2026-05-07T18:48:53.692Z,125.986,1,271.03,1980,35,17,,,,
powertraces-pt100array_pt019_r1_7536307_11-89ffb37037,2026-05-07T18:48:53.692Z,125.986,2,269.85,1980,15,6,,,,
powertraces-pt100array_pt019_r1_7536307_11-89ffb37037,2026-05-07T18:48:53.692Z,125.986,3,277.26,1980,33,17,,,,
powertraces-pt100array_pt019_r1_7536307_11-89ffb37037,2026-05-07T18:48:53.792Z,126.086,0,213.78,1980,21,10,,,,
powertraces-pt100array_pt019_r1_7536307_11-89ffb37037,2026-05-07T18:48:53.792Z,126.086,1,268.01,1980,19,9,,,,
powertraces-pt100array_pt019_r1_7536307_11-89ffb37037,2026-05-07T18:48:53.792Z,126.086,2,273.88,1980,23,12,,,,
powertraces-pt100array_pt019_r1_7536307_11-89ffb37037,2026-05-07T18:48:53.792Z,126.086,3,274.77,1980,33,17,,,,
powertraces-pt100array_pt019_r1_7536307_11-89ffb37037,2026-05-07T18:48:53.892Z,126.186,0,216.08,1980,21,10,,,,
powertraces-pt100array_pt019_r1_7536307_11-89ffb37037,2026-05-07T18:48:53.892Z,126.186,1,267.9,1980,19,9,,,,
powertraces-pt100array_pt019_r1_7536307_11-89ffb37037,2026-05-07T18:48:53.892Z,126.186,2,275.85,1980,23,12,,,,
powertraces-pt100array_pt019_r1_7536307_11-89ffb37037,2026-05-07T18:48:53.892Z,126.186,3,273.53,1980,33,16,,,,
powertraces-pt100array_pt019_r1_7536307_11-89ffb37037,2026-05-07T18:48:53.992Z,126.286,0,215.97,1980,12,5,,,,
powertraces-pt100array_pt019_r1_7536307_11-89ffb37037,2026-05-07T18:48:53.992Z,126.286,1,266.99,1980,34,17,,,,
powertraces-pt100array_pt019_r1_7536307_11-89ffb37037,2026-05-07T18:48:53.992Z,126.286,2,276.83,1980,23,11,,,,
powertraces-pt100array_pt019_r1_7536307_11-89ffb37037,2026-05-07T18:48:53.992Z,126.286,3,278.82,1980,33,16,,,,
powertraces-pt100array_pt019_r1_7536307_11-89ffb37037,2026-05-07T18:48:54.092Z,126.386,0,218.26,1980,12,5,,,,
powertraces-pt100array_pt019_r1_7536307_11-89ffb37037,2026-05-07T18:48:54.093Z,126.387,1,267.05,1980,34,17,,,,
powertraces-pt100array_pt019_r1_7536307_11-89ffb37037,2026-05-07T18:48:54.093Z,126.387,2,274.61,1980,23,11,,,,
powertraces-pt100array_pt019_r1_7536307_11-89ffb37037,2026-05-07T18:48:54.093Z,126.387,3,281.98,1980,26,14,,,,
powertraces-pt100array_pt019_r1_7536307_11-89ffb37037,2026-05-07T18:48:54.193Z,126.487,0,216.82,1980,21,10,,,,
powertraces-pt100array_pt019_r1_7536307_11-89ffb37037,2026-05-07T18:48:54.193Z,126.487,1,267.23,1980,28,14,,,,
powertraces-pt100array_pt019_r1_7536307_11-89ffb37037,2026-05-07T18:48:54.193Z,126.487,2,274.94,1980,23,12,,,,
powertraces-pt100array_pt019_r1_7536307_11-89ffb37037,2026-05-07T18:48:54.193Z,126.487,3,280.79,1980,26,14,,,,
powertraces-pt100array_pt019_r1_7536307_11-89ffb37037,2026-05-07T18:48:54.293Z,126.587,0,216.01,1980,21,10,,,,
powertraces-pt100array_pt019_r1_7536307_11-89ffb37037,2026-05-07T18:48:54.293Z,126.587,1,268.33,1980,28,14,,,,
powertraces-pt100array_pt019_r1_7536307_11-89ffb37037,2026-05-07T18:48:54.293Z,126.587,2,273.7,1980,23,12,,,,
powertraces-pt100array_pt019_r1_7536307_11-89ffb37037,2026-05-07T18:48:54.293Z,126.587,3,278.94,1980,33,17,,,,
powertraces-pt100array_pt019_r1_7536307_11-89ffb37037,2026-05-07T18:48:54.393Z,126.687,0,217.15,1980,1,0,,,,
powertraces-pt100array_pt019_r1_7536307_11-89ffb37037,2026-05-07T18:48:54.393Z,126.687,1,264.45,1980,35,17,,,,
powertraces-pt100array_pt019_r1_7536307_11-89ffb37037,2026-05-07T18:48:54.393Z,126.687,2,276.5,1980,35,17,,,,
powertraces-pt100array_pt019_r1_7536307_11-89ffb37037,2026-05-07T18:48:54.393Z,126.687,3,277.85,1980,33,17,,,,
powertraces-pt100array_pt019_r1_7536307_11-89ffb37037,2026-05-07T18:48:54.493Z,126.787,0,217.02,1980,1,0,,,,
powertraces-pt100array_pt019_r1_7536307_11-89ffb37037,2026-05-07T18:48:54.493Z,126.787,1,266.28,1980,35,17,,,,
powertraces-pt100array_pt019_r1_7536307_11-89ffb37037,2026-05-07T18:48:54.493Z,126.787,2,275.14,1980,35,17,,,,
powertraces-pt100array_pt019_r1_7536307_11-89ffb37037,2026-05-07T18:48:54.493Z,126.787,3,277.3,1980,12,6,,,,
powertraces-pt100array_pt019_r1_7536307_11-89ffb37037,2026-05-07T18:48:54.593Z,126.887,0,215.92,1980,21,10,,,,
powertraces-pt100array_pt019_r1_7536307_11-89ffb37037,2026-05-07T18:48:54.593Z,126.887,1,264.68,1980,23,12,,,,
powertraces-pt100array_pt019_r1_7536307_11-89ffb37037,2026-05-07T18:48:54.593Z,126.887,2,272.84,1980,35,17,,,,
powertraces-pt100array_pt019_r1_7536307_11-89ffb37037,2026-05-07T18:48:54.593Z,126.887,3,276.84,1980,12,6,,,,
powertraces-pt100array_pt019_r1_7536307_11-89ffb37037,2026-05-07T18:48:54.694Z,126.988,0,215.09,1980,21,10,,,,
powertraces-pt100array_pt019_r1_7536307_11-89ffb37037,2026-05-07T18:48:54.694Z,126.988,1,267.69,1980,23,12,,,,
powertraces-pt100array_pt019_r1_7536307_11-89ffb37037,2026-05-07T18:48:54.694Z,126.988,2,275.64,1980,35,17,,,,
powertraces-pt100array_pt019_r1_7536307_11-89ffb37037,2026-05-07T18:48:54.694Z,126.988,3,275.9,1980,33,17,,,,
powertraces-pt100array_pt019_r1_7536307_11-89ffb37037,2026-05-07T18:48:54.794Z,127.088,0,215.85,1980,14,8,,,,
powertraces-pt100array_pt019_r1_7536307_11-89ffb37037,2026-05-07T18:48:54.794Z,127.088,1,265.15,1980,23,11,,,,
powertraces-pt100array_pt019_r1_7536307_11-89ffb37037,2026-05-07T18:48:54.794Z,127.088,2,276.17,1980,35,17,,,,
powertraces-pt100array_pt019_r1_7536307_11-89ffb37037,2026-05-07T18:48:54.794Z,127.088,3,277.42,1980,33,17,,,,
powertraces-pt100array_pt019_r1_7536307_11-89ffb37037,2026-05-07T18:48:54.894Z,127.188,0,217.51,1980,14,8,,,,
powertraces-pt100array_pt019_r1_7536307_11-89ffb37037,2026-05-07T18:48:54.894Z,127.188,1,266.85,1980,23,11,,,,
powertraces-pt100array_pt019_r1_7536307_11-89ffb37037,2026-05-07T18:48:54.894Z,127.188,2,276.94,1980,35,17,,,,
powertraces-pt100array_pt019_r1_7536307_11-89ffb37037,2026-05-07T18:48:54.894Z,127.188,3,278.46,1980,11,5,,,,
powertraces-pt100array_pt019_r1_7536307_11-89ffb37037,2026-05-07T18:48:54.994Z,127.288,0,219.3,1980,21,10,,,,
powertraces-pt100array_pt019_r1_7536307_11-89ffb37037,2026-05-07T18:48:54.994Z,127.288,1,268.29,1980,33,16,,,,
powertraces-pt100array_pt019_r1_7536307_11-89ffb37037,2026-05-07T18:48:54.994Z,127.288,2,273.76,1980,20,9,,,,
powertraces-pt100array_pt019_r1_7536307_11-89ffb37037,2026-05-07T18:48:54.994Z,127.288,3,276.33,1980,11,5,,,,
powertraces-pt100array_pt019_r1_7536307_11-89ffb37037,2026-05-07T18:48:55.094Z,127.388,0,216.13,1980,21,10,,,,
powertraces-pt100array_pt019_r1_7536307_11-89ffb37037,2026-05-07T18:48:55.094Z,127.388,1,270.55,1980,33,16,,,,
powertraces-pt100array_pt019_r1_7536307_11-89ffb37037,2026-05-07T18:48:55.094Z,127.388,2,273.92,1980,20,9,,,,
powertraces-pt100array_pt019_r1_7536307_11-89ffb37037,2026-05-07T18:48:55.094Z,127.388,3,275.34,1980,33,17,,,,
powertraces-pt100array_pt019_r1_7536307_11-89ffb37037,2026-05-07T18:48:55.195Z,127.489,0,217.42,1980,20,10,,,,
powertraces-pt100array_pt019_r1_7536307_11-89ffb37037,2026-05-07T18:48:55.195Z,127.489,1,269.98,1980,14,6,,,,
powertraces-pt100array_pt019_r1_7536307_11-89ffb37037,2026-05-07T18:48:55.195Z,127.489,2,277.48,1980,28,14,,,,
powertraces-pt100array_pt019_r1_7536307_11-89ffb37037,2026-05-07T18:48:55.195Z,127.489,3,275.81,1980,33,17,,,,
powertraces-pt100array_pt019_r1_7536307_11-89ffb37037,2026-05-07T18:48:55.295Z,127.589,0,218.74,1980,20,10,,,,
powertraces-pt100array_pt019_r1_7536307_11-89ffb37037,2026-05-07T18:48:55.295Z,127.589,1,269.96,1980,14,6,,,,
powertraces-pt100array_pt019_r1_7536307_11-89ffb37037,2026-05-07T18:48:55.295Z,127.589,2,281.17,1980,28,14,,,,
powertraces-pt100array_pt019_r1_7536307_11-89ffb37037,2026-05-07T18:48:55.295Z,127.589,3,281.62,1980,29,14,,,,
powertraces-pt100array_pt019_r1_7536307_11-89ffb37037,2026-05-07T18:48:55.395Z,127.689,0,223.02,1980,17,8,,,,
powertraces-pt100array_pt019_r1_7536307_11-89ffb37037,2026-05-07T18:48:55.395Z,127.689,1,273.21,1980,48,33,,,,
powertraces-pt100array_pt019_r1_7536307_11-89ffb37037,2026-05-07T18:48:55.395Z,127.689,2,282.88,1980,38,26,,,,
powertraces-pt100array_pt019_r1_7536307_11-89ffb37037,2026-05-07T18:48:55.395Z,127.689,3,290.25,1980,29,14,,,,
powertraces-pt100array_pt019_r1_7536307_11-89ffb37037,2026-05-07T18:48:55.495Z,127.789,0,220.92,1980,17,8,,,,
powertraces-pt100array_pt019_r1_7536307_11-89ffb37037,2026-05-07T18:48:55.495Z,127.789,1,285.23,1980,48,33,,,,
powertraces-pt100array_pt019_r1_7536307_11-89ffb37037,2026-05-07T18:48:55.495Z,127.789,2,290.23,1980,38,26,,,,
powertraces-pt100array_pt019_r1_7536307_11-89ffb37037,2026-05-07T18:48:55.495Z,127.789,3,289.4,1980,30,13,,,,
powertraces-pt100array_pt019_r1_7536307_11-89ffb37037,2026-05-07T18:48:55.595Z,127.889,0,227.19,1980,16,9,,,,
powertraces-pt100array_pt019_r1_7536307_11-89ffb37037,2026-05-07T18:48:55.595Z,127.889,1,283.13,1980,38,26,,,,
powertraces-pt100array_pt019_r1_7536307_11-89ffb37037,2026-05-07T18:48:55.595Z,127.889,2,293.72,1980,37,19,,,,
powertraces-pt100array_pt019_r1_7536307_11-89ffb37037,2026-05-07T18:48:55.595Z,127.889,3,286.63,1980,30,13,,,,
powertraces-pt100array_pt019_r1_7536307_11-89ffb37037,2026-05-07T18:48:55.696Z,127.99,0,235.04,1980,16,9,,,,
powertraces-pt100array_pt019_r1_7536307_11-89ffb37037,2026-05-07T18:48:55.696Z,127.99,1,275.83,1980,38,26,,,,
powertraces-pt100array_pt019_r1_7536307_11-89ffb37037,2026-05-07T18:48:55.696Z,127.99,2,293.79,1980,37,19,,,,
powertraces-pt100array_pt019_r1_7536307_11-89ffb37037,2026-05-07T18:48:55.696Z,127.99,3,296.6,1980,14,6,,,,
powertraces-pt100array_pt019_r1_7536307_11-89ffb37037,2026-05-07T18:48:55.796Z,128.09,0,233.39,1980,19,8,,,,
powertraces-pt100array_pt019_r1_7536307_11-89ffb37037,2026-05-07T18:48:55.796Z,128.09,1,274.76,1980,30,15,,,,
powertraces-pt100array_pt019_r1_7536307_11-89ffb37037,2026-05-07T18:48:55.796Z,128.09,2,290.49,1980,24,11,,,,
powertraces-pt100array_pt019_r1_7536307_11-89ffb37037,2026-05-07T18:48:55.796Z,128.09,3,298.62,1980,14,6,,,,
powertraces-pt100array_pt019_r1_7536307_11-89ffb37037,2026-05-07T18:48:55.896Z,128.19,0,229.02,1980,19,8,,,,
powertraces-pt100array_pt019_r1_7536307_11-89ffb37037,2026-05-07T18:48:55.896Z,128.19,1,282.1,1980,30,15,,,,
powertraces-pt100array_pt019_r1_7536307_11-89ffb37037,2026-05-07T18:48:55.896Z,128.19,2,285.09,1980,24,11,,,,
powertraces-pt100array_pt019_r1_7536307_11-89ffb37037,2026-05-07T18:48:55.896Z,128.19,3,298.14,1980,33,17,,,,
powertraces-pt100array_pt019_r1_7536307_11-89ffb37037,2026-05-07T18:48:55.996Z,128.29,0,222.19,1980,20,10,,,,
powertraces-pt100array_pt019_r1_7536307_11-89ffb37037,2026-05-07T18:48:55.996Z,128.29,1,283.47,1980,12,5,,,,
powertraces-pt100array_pt019_r1_7536307_11-89ffb37037,2026-05-07T18:48:55.996Z,128.29,2,290.83,1980,31,16,,,,
powertraces-pt100array_pt019_r1_7536307_11-89ffb37037,2026-05-07T18:48:55.996Z,128.29,3,290.19,1980,33,17,,,,
powertraces-pt100array_pt019_r1_7536307_11-89ffb37037,2026-05-07T18:48:56.096Z,128.39,0,230.52,1980,20,10,,,,
powertraces-pt100array_pt019_r1_7536307_11-89ffb37037,2026-05-07T18:48:56.096Z,128.39,1,276.99,1980,12,5,,,,
powertraces-pt100array_pt019_r1_7536307_11-89ffb37037,2026-05-07T18:48:56.096Z,128.39,2,287.95,1980,31,16,,,,
powertraces-pt100array_pt019_r1_7536307_11-89ffb37037,2026-05-07T18:48:56.096Z,128.39,3,288.98,1980,26,12,,,,
powertraces-pt100array_pt019_r1_7536307_11-89ffb37037,2026-05-07T18:48:56.197Z,128.491,0,232.86,1980,20,10,,,,
powertraces-pt100array_pt019_r1_7536307_11-89ffb37037,2026-05-07T18:48:56.197Z,128.491,1,276.64,1980,35,17,,,,
powertraces-pt100array_pt019_r1_7536307_11-89ffb37037,2026-05-07T18:48:56.197Z,128.491,2,290.74,1980,15,7,,,,
powertraces-pt100array_pt019_r1_7536307_11-89ffb37037,2026-05-07T18:48:56.197Z,128.491,3,293.2,1980,26,12,,,,
powertraces-pt100array_pt019_r1_7536307_11-89ffb37037,2026-05-07T18:48:56.297Z,128.591,0,229.85,1980,20,10,,,,
powertraces-pt100array_pt019_r1_7536307_11-89ffb37037,2026-05-07T18:48:56.297Z,128.591,1,275.95,1980,35,17,,,,
powertraces-pt100array_pt019_r1_7536307_11-89ffb37037,2026-05-07T18:48:56.297Z,128.591,2,285.37,1980,15,7,,,,
powertraces-pt100array_pt019_r1_7536307_11-89ffb37037,2026-05-07T18:48:56.297Z,128.591,3,291.07,1980,33,17,,,,
powertraces-pt100array_pt019_r1_7536307_11-89ffb37037,2026-05-07T18:48:56.397Z,128.691,0,220.3,1980,20,10,,,,
powertraces-pt100array_pt019_r1_7536307_11-89ffb37037,2026-05-07T18:48:56.397Z,128.691,1,274.88,1980,30,15,,,,
powertraces-pt100array_pt019_r1_7536307_11-89ffb37037,2026-05-07T18:48:56.397Z,128.691,2,280.12,1980,23,12,,,,
powertraces-pt100array_pt019_r1_7536307_11-89ffb37037,2026-05-07T18:48:56.397Z,128.691,3,288.7,1980,33,17,,,,
powertraces-pt100array_pt019_r1_7536307_11-89ffb37037,2026-05-07T18:48:56.497Z,128.791,0,224.07,1980,20,10,,,,
powertraces-pt100array_pt019_r1_7536307_11-89ffb37037,2026-05-07T18:48:56.497Z,128.791,1,266.6,1980,30,15,,,,
powertraces-pt100array_pt019_r1_7536307_11-89ffb37037,2026-05-07T18:48:56.497Z,128.791,2,272.46,1980,23,12,,,,
powertraces-pt100array_pt019_r1_7536307_11-89ffb37037,2026-05-07T18:48:56.497Z,128.791,3,277.61,1980,33,16,,,,
powertraces-pt100array_pt019_r1_7536307_11-89ffb37037,2026-05-07T18:48:56.597Z,128.891,0,214.47,1980,2,1,,,,
powertraces-pt100array_pt019_r1_7536307_11-89ffb37037,2026-05-07T18:48:56.599Z,128.893,1,267.41,1980,35,17,,,,
powertraces-pt100array_pt019_r1_7536307_11-89ffb37037,2026-05-07T18:48:56.599Z,128.893,2,275.14,1980,35,17,,,,
powertraces-pt100array_pt019_r1_7536307_11-89ffb37037,2026-05-07T18:48:56.599Z,128.893,3,279.58,1980,33,16,,,,
powertraces-pt100array_pt019_r1_7536307_11-89ffb37037,2026-05-07T18:48:56.699Z,128.993,0,216.26,1980,21,10,,,,
powertraces-pt100array_pt019_r1_7536307_11-89ffb37037,2026-05-07T18:48:56.699Z,128.993,1,269.11,1980,35,17,,,,
powertraces-pt100array_pt019_r1_7536307_11-89ffb37037,2026-05-07T18:48:56.699Z,128.993,2,276.87,1980,35,17,,,,
powertraces-pt100array_pt019_r1_7536307_11-89ffb37037,2026-05-07T18:48:56.699Z,128.993,3,278.96,1980,15,8,,,,
powertraces-pt100array_pt019_r1_7536307_11-89ffb37037,2026-05-07T18:48:56.799Z,129.093,0,212.44,1980,21,10,,,,
powertraces-pt100array_pt019_r1_7536307_11-89ffb37037,2026-05-07T18:48:56.799Z,129.093,1,269.45,1980,23,12,,,,
powertraces-pt100array_pt019_r1_7536307_11-89ffb37037,2026-05-07T18:48:56.799Z,129.093,2,274.54,1980,35,17,,,,
powertraces-pt100array_pt019_r1_7536307_11-89ffb37037,2026-05-07T18:48:56.799Z,129.093,3,280.0,1980,15,8,,,,
powertraces-pt100array_pt019_r1_7536307_11-89ffb37037,2026-05-07T18:48:56.899Z,129.193,0,217.33,1980,14,8,,,,
powertraces-pt100array_pt019_r1_7536307_11-89ffb37037,2026-05-07T18:48:56.899Z,129.193,1,268.47,1980,23,12,,,,
powertraces-pt100array_pt019_r1_7536307_11-89ffb37037,2026-05-07T18:48:56.899Z,129.193,2,273.9,1980,35,17,,,,
powertraces-pt100array_pt019_r1_7536307_11-89ffb37037,2026-05-07T18:48:56.899Z,129.193,3,281.72,1980,33,16,,,,
powertraces-pt100array_pt019_r1_7536307_11-89ffb37037,2026-05-07T18:48:56.999Z,129.293,0,214.17,1980,14,8,,,,
powertraces-pt100array_pt019_r1_7536307_11-89ffb37037,2026-05-07T18:48:56.999Z,129.293,1,269.71,1980,23,11,,,,
powertraces-pt100array_pt019_r1_7536307_11-89ffb37037,2026-05-07T18:48:56.999Z,129.293,2,274.43,1980,35,17,,,,
powertraces-pt100array_pt019_r1_7536307_11-89ffb37037,2026-05-07T18:48:56.999Z,129.293,3,280.16,1980,33,16,,,,
powertraces-pt100array_pt019_r1_7536307_11-89ffb37037,2026-05-07T18:48:57.099Z,129.393,0,215.46,1980,21,10,,,,
powertraces-pt100array_pt019_r1_7536307_11-89ffb37037,2026-05-07T18:48:57.1Z,129.394,1,272.2,1980,23,11,,,,
powertraces-pt100array_pt019_r1_7536307_11-89ffb37037,2026-05-07T18:48:57.1Z,129.394,2,276.29,1980,35,17,,,,
powertraces-pt100array_pt019_r1_7536307_11-89ffb37037,2026-05-07T18:48:57.1Z,129.394,3,279.95,1980,11,5,,,,
powertraces-pt100array_pt019_r1_7536307_11-89ffb37037,2026-05-07T18:48:57.2Z,129.494,0,214.16,1980,21,10,,,,
powertraces-pt100array_pt019_r1_7536307_11-89ffb37037,2026-05-07T18:48:57.2Z,129.494,1,266.01,1980,34,17,,,,
powertraces-pt100array_pt019_r1_7536307_11-89ffb37037,2026-05-07T18:48:57.2Z,129.494,2,272.62,1980,17,8,,,,
powertraces-pt100array_pt019_r1_7536307_11-89ffb37037,2026-05-07T18:48:57.2Z,129.494,3,280.71,1980,11,5,,,,
powertraces-pt100array_pt019_r1_7536307_11-89ffb37037,2026-05-07T18:48:57.3Z,129.594,0,212.04,1980,20,10,,,,
powertraces-pt100array_pt019_r1_7536307_11-89ffb37037,2026-05-07T18:48:57.3Z,129.594,1,270.35,1980,34,17,,,,
powertraces-pt100array_pt019_r1_7536307_11-89ffb37037,2026-05-07T18:48:57.3Z,129.594,2,273.8,1980,17,8,,,,
powertraces-pt100array_pt019_r1_7536307_11-89ffb37037,2026-05-07T18:48:57.3Z,129.594,3,280.6,1980,33,16,,,,
powertraces-pt100array_pt019_r1_7536307_11-89ffb37037,2026-05-07T18:48:57.4Z,129.694,0,215.14,1980,20,10,,,,
powertraces-pt100array_pt019_r1_7536307_11-89ffb37037,2026-05-07T18:48:57.4Z,129.694,1,271.41,1980,16,7,,,,
powertraces-pt100array_pt019_r1_7536307_11-89ffb37037,2026-05-07T18:48:57.4Z,129.694,2,275.65,1980,26,14,,,,
powertraces-pt100array_pt019_r1_7536307_11-89ffb37037,2026-05-07T18:48:57.4Z,129.694,3,280.32,1980,33,16,,,,
powertraces-pt100array_pt019_r1_7536307_11-89ffb37037,2026-05-07T18:48:57.5Z,129.794,0,216.1,1980,15,7,,,,
powertraces-pt100array_pt019_r1_7536307_11-89ffb37037,2026-05-07T18:48:57.5Z,129.794,1,269.19,1980,16,7,,,,
powertraces-pt100array_pt019_r1_7536307_11-89ffb37037,2026-05-07T18:48:57.5Z,129.794,2,275.0,1980,26,14,,,,
powertraces-pt100array_pt019_r1_7536307_11-89ffb37037,2026-05-07T18:48:57.5Z,129.794,3,275.7,1980,32,16,,,,
powertraces-pt100array_pt019_r1_7536307_11-89ffb37037,2026-05-07T18:48:57.6Z,129.894,0,213.45,1980,15,7,,,,
powertraces-pt100array_pt019_r1_7536307_11-89ffb37037,2026-05-07T18:48:57.601Z,129.895,1,272.5,1980,35,17,,,,
powertraces-pt100array_pt019_r1_7536307_11-89ffb37037,2026-05-07T18:48:57.601Z,129.895,2,274.51,1980,21,10,,,,
powertraces-pt100array_pt019_r1_7536307_11-89ffb37037,2026-05-07T18:48:57.601Z,129.895,3,275.8,1980,32,16,,,,
powertraces-pt100array_pt019_r1_7536307_11-89ffb37037,2026-05-07T18:48:57.701Z,129.995,0,214.88,1980,21,10,,,,
powertraces-pt100array_pt019_r1_7536307_11-89ffb37037,2026-05-07T18:48:57.701Z,129.995,1,272.11,1980,35,17,,,,
powertraces-pt100array_pt019_r1_7536307_11-89ffb37037,2026-05-07T18:48:57.701Z,129.995,2,271.24,1980,21,10,,,,
powertraces-pt100array_pt019_r1_7536307_11-89ffb37037,2026-05-07T18:48:57.701Z,129.995,3,274.27,1980,29,15,,,,
powertraces-pt100array_pt019_r1_7536307_11-89ffb37037,2026-05-07T18:48:57.801Z,130.095,0,214.4,1980,21,10,,,,
powertraces-pt100array_pt019_r1_7536307_11-89ffb37037,2026-05-07T18:48:57.801Z,130.095,1,271.84,1980,29,15,,,,
powertraces-pt100array_pt019_r1_7536307_11-89ffb37037,2026-05-07T18:48:57.801Z,130.095,2,277.59,1980,24,12,,,,
powertraces-pt100array_pt019_r1_7536307_11-89ffb37037,2026-05-07T18:48:57.801Z,130.095,3,274.73,1980,29,15,,,,
powertraces-pt100array_pt019_r1_7536307_11-89ffb37037,2026-05-07T18:48:57.901Z,130.195,0,214.65,1980,1,0,,,,
powertraces-pt100array_pt019_r1_7536307_11-89ffb37037,2026-05-07T18:48:57.901Z,130.195,1,273.4,1980,29,15,,,,
powertraces-pt100array_pt019_r1_7536307_11-89ffb37037,2026-05-07T18:48:57.901Z,130.195,2,272.56,1980,24,12,,,,
powertraces-pt100array_pt019_r1_7536307_11-89ffb37037,2026-05-07T18:48:57.901Z,130.195,3,270.17,1980,33,17,,,,
powertraces-pt100array_pt019_r1_7536307_11-89ffb37037,2026-05-07T18:48:58.001Z,130.295,0,215.61,1980,1,0,,,,
powertraces-pt100array_pt019_r1_7536307_11-89ffb37037,2026-05-07T18:48:58.001Z,130.295,1,270.95,1980,35,17,,,,
powertraces-pt100array_pt019_r1_7536307_11-89ffb37037,2026-05-07T18:48:58.001Z,130.295,2,272.76,1980,35,17,,,,
powertraces-pt100array_pt019_r1_7536307_11-89ffb37037,2026-05-07T18:48:58.001Z,130.295,3,276.95,1980,33,17,,,,
powertraces-pt100array_pt019_r1_7536307_11-89ffb37037,2026-05-07T18:48:58.102Z,130.396,0,214.62,1980,21,10,,,,
powertraces-pt100array_pt019_r1_7536307_11-89ffb37037,2026-05-07T18:48:58.102Z,130.396,1,274.55,1980,35,17,,,,
powertraces-pt100array_pt019_r1_7536307_11-89ffb37037,2026-05-07T18:48:58.102Z,130.396,2,274.78,1980,35,17,,,,
powertraces-pt100array_pt019_r1_7536307_11-89ffb37037,2026-05-07T18:48:58.102Z,130.396,3,274.4,1980,10,5,,,,
powertraces-pt100array_pt019_r1_7536307_11-89ffb37037,2026-05-07T18:48:58.202Z,130.496,0,216.1,1980,21,10,,,,
powertraces-pt100array_pt019_r1_7536307_11-89ffb37037,2026-05-07T18:48:58.202Z,130.496,1,272.84,1980,23,12,,,,
powertraces-pt100array_pt019_r1_7536307_11-89ffb37037,2026-05-07T18:48:58.202Z,130.496,2,272.32,1980,32,16,,,,
powertraces-pt100array_pt019_r1_7536307_11-89ffb37037,2026-05-07T18:48:58.202Z,130.496,3,276.76,1980,10,5,,,,
powertraces-pt100array_pt019_r1_7536307_11-89ffb37037,2026-05-07T18:48:58.302Z,130.596,0,216.19,1980,18,10,,,,
powertraces-pt100array_pt019_r1_7536307_11-89ffb37037,2026-05-07T18:48:58.302Z,130.596,1,274.52,1980,23,12,,,,
powertraces-pt100array_pt019_r1_7536307_11-89ffb37037,2026-05-07T18:48:58.302Z,130.596,2,274.87,1980,32,16,,,,
powertraces-pt100array_pt019_r1_7536307_11-89ffb37037,2026-05-07T18:48:58.302Z,130.596,3,278.21,1980,33,17,,,,
powertraces-pt100array_pt019_r1_7536307_11-89ffb37037,2026-05-07T18:48:58.402Z,130.696,0,214.82,1980,18,10,,,,
powertraces-pt100array_pt019_r1_7536307_11-89ffb37037,2026-05-07T18:48:58.402Z,130.696,1,272.34,1980,19,9,,,,
powertraces-pt100array_pt019_r1_7536307_11-89ffb37037,2026-05-07T18:48:58.402Z,130.696,2,272.76,1980,35,17,,,,
powertraces-pt100array_pt019_r1_7536307_11-89ffb37037,2026-05-07T18:48:58.402Z,130.696,3,273.07,1980,33,17,,,,
powertraces-pt100array_pt019_r1_7536307_11-89ffb37037,2026-05-07T18:48:58.502Z,130.796,0,215.19,1980,21,10,,,,
powertraces-pt100array_pt019_r1_7536307_11-89ffb37037,2026-05-07T18:48:58.502Z,130.796,1,272.3,1980,19,9,,,,
powertraces-pt100array_pt019_r1_7536307_11-89ffb37037,2026-05-07T18:48:58.502Z,130.796,2,276.91,1980,35,17,,,,
powertraces-pt100array_pt019_r1_7536307_11-89ffb37037,2026-05-07T18:48:58.502Z,130.796,3,278.0,1980,18,8,,,,
powertraces-pt100array_pt019_r1_7536307_11-89ffb37037,2026-05-07T18:48:58.602Z,130.896,0,217.15,1980,21,10,,,,
powertraces-pt100array_pt019_r1_7536307_11-89ffb37037,2026-05-07T18:48:58.603Z,130.897,1,269.45,1980,35,17,,,,
powertraces-pt100array_pt019_r1_7536307_11-89ffb37037,2026-05-07T18:48:58.603Z,130.897,2,276.46,1980,14,6,,,,
powertraces-pt100array_pt019_r1_7536307_11-89ffb37037,2026-05-07T18:48:58.603Z,130.897,3,281.53,1980,18,8,,,,
powertraces-pt100array_pt019_r1_7536307_11-89ffb37037,2026-05-07T18:48:58.703Z,130.997,0,213.71,1980,20,10,,,,
powertraces-pt100array_pt019_r1_7536307_11-89ffb37037,2026-05-07T18:48:58.703Z,130.997,1,272.08,1980,35,17,,,,
powertraces-pt100array_pt019_r1_7536307_11-89ffb37037,2026-05-07T18:48:58.703Z,130.997,2,271.13,1980,14,6,,,,
powertraces-pt100array_pt019_r1_7536307_11-89ffb37037,2026-05-07T18:48:58.703Z,130.997,3,283.95,1980,33,17,,,,
powertraces-pt100array_pt019_r1_7536307_11-89ffb37037,2026-05-07T18:48:58.803Z,131.097,0,215.76,1980,20,10,,,,
powertraces-pt100array_pt019_r1_7536307_11-89ffb37037,2026-05-07T18:48:58.803Z,131.097,1,272.87,1980,20,9,,,,
powertraces-pt100array_pt019_r1_7536307_11-89ffb37037,2026-05-07T18:48:58.803Z,131.097,2,274.24,1980,23,12,,,,
powertraces-pt100array_pt019_r1_7536307_11-89ffb37037,2026-05-07T18:48:58.803Z,131.097,3,282.83,1980,33,17,,,,
powertraces-pt100array_pt019_r1_7536307_11-89ffb37037,2026-05-07T18:48:58.903Z,131.197,0,216.38,1980,12,5,,,,
powertraces-pt100array_pt019_r1_7536307_11-89ffb37037,2026-05-07T18:48:58.903Z,131.197,1,269.22,1980,20,9,,,,
powertraces-pt100array_pt019_r1_7536307_11-89ffb37037,2026-05-07T18:48:58.903Z,131.197,2,277.37,1980,23,12,,,,
powertraces-pt100array_pt019_r1_7536307_11-89ffb37037,2026-05-07T18:48:58.903Z,131.197,3,277.22,1980,33,17,,,,
powertraces-pt100array_pt019_r1_7536307_11-89ffb37037,2026-05-07T18:48:59.003Z,131.297,0,217.66,1980,12,5,,,,
powertraces-pt100array_pt019_r1_7536307_11-89ffb37037,2026-05-07T18:48:59.003Z,131.297,1,271.37,1980,34,17,,,,
powertraces-pt100array_pt019_r1_7536307_11-89ffb37037,2026-05-07T18:48:59.003Z,131.297,2,276.59,1980,24,12,,,,
powertraces-pt100array_pt019_r1_7536307_11-89ffb37037,2026-05-07T18:48:59.003Z,131.297,3,279.29,1980,33,17,,,,
powertraces-pt100array_pt019_r1_7536307_11-89ffb37037,2026-05-07T18:48:59.103Z,131.397,0,218.04,1980,21,10,,,,
powertraces-pt100array_pt019_r1_7536307_11-89ffb37037,2026-05-07T18:48:59.103Z,131.397,1,268.63,1980,34,17,,,,
powertraces-pt100array_pt019_r1_7536307_11-89ffb37037,2026-05-07T18:48:59.103Z,131.397,2,271.41,1980,24,12,,,,
powertraces-pt100array_pt019_r1_7536307_11-89ffb37037,2026-05-07T18:48:59.103Z,131.397,3,280.19,1980,25,13,,,,
powertraces-pt100array_pt019_r1_7536307_11-89ffb37037,2026-05-07T18:48:59.204Z,131.498,0,216.34,1980,21,10,,,,
powertraces-pt100array_pt019_r1_7536307_11-89ffb37037,2026-05-07T18:48:59.204Z,131.498,1,271.57,1980,27,14,,,,
powertraces-pt100array_pt019_r1_7536307_11-89ffb37037,2026-05-07T18:48:59.204Z,131.498,2,273.73,1980,27,14,,,,
powertraces-pt100array_pt019_r1_7536307_11-89ffb37037,2026-05-07T18:48:59.204Z,131.498,3,278.92,1980,25,13,,,,
powertraces-pt100array_pt019_r1_7536307_11-89ffb37037,2026-05-07T18:48:59.304Z,131.598,0,218.99,1980,4,2,,,,
powertraces-pt100array_pt019_r1_7536307_11-89ffb37037,2026-05-07T18:48:59.304Z,131.598,1,268.22,1980,27,14,,,,
powertraces-pt100array_pt019_r1_7536307_11-89ffb37037,2026-05-07T18:48:59.304Z,131.598,2,277.59,1980,27,14,,,,
powertraces-pt100array_pt019_r1_7536307_11-89ffb37037,2026-05-07T18:48:59.304Z,131.598,3,273.1,1980,33,17,,,,
powertraces-pt100array_pt019_r1_7536307_11-89ffb37037,2026-05-07T18:48:59.404Z,131.698,0,220.93,1980,4,2,,,,
powertraces-pt100array_pt019_r1_7536307_11-89ffb37037,2026-05-07T18:48:59.404Z,131.698,1,268.83,1980,35,17,,,,
powertraces-pt100array_pt019_r1_7536307_11-89ffb37037,2026-05-07T18:48:59.404Z,131.698,2,278.83,1980,34,17,,,,
powertraces-pt100array_pt019_r1_7536307_11-89ffb37037,2026-05-07T18:48:59.404Z,131.698,3,278.76,1980,33,17,,,,
powertraces-pt100array_pt019_r1_7536307_11-89ffb37037,2026-05-07T18:48:59.504Z,131.798,0,220.35,1980,21,11,,,,
powertraces-pt100array_pt019_r1_7536307_11-89ffb37037,2026-05-07T18:48:59.504Z,131.798,1,270.59,1980,35,17,,,,
powertraces-pt100array_pt019_r1_7536307_11-89ffb37037,2026-05-07T18:48:59.504Z,131.798,2,274.12,1980,34,17,,,,
powertraces-pt100array_pt019_r1_7536307_11-89ffb37037,2026-05-07T18:48:59.504Z,131.798,3,280.42,1980,8,4,,,,
powertraces-pt100array_pt019_r1_7536307_11-89ffb37037,2026-05-07T18:48:59.604Z,131.898,0,221.38,1980,21,11,,,,
powertraces-pt100array_pt019_r1_7536307_11-89ffb37037,2026-05-07T18:48:59.604Z,131.898,1,282.87,1980,27,15,,,,
powertraces-pt100array_pt019_r1_7536307_11-89ffb37037,2026-05-07T18:48:59.604Z,131.898,2,283.74,1980,43,30,,,,
powertraces-pt100array_pt019_r1_7536307_11-89ffb37037,2026-05-07T18:48:59.604Z,131.898,3,288.67,1980,8,4,,,,
powertraces-pt100array_pt019_r1_7536307_11-89ffb37037,2026-05-07T18:48:59.705Z,131.999,0,228.23,1980,5,2,,,,
powertraces-pt100array_pt019_r1_7536307_11-89ffb37037,2026-05-07T18:48:59.705Z,131.999,1,275.97,1980,27,15,,,,
powertraces-pt100array_pt019_r1_7536307_11-89ffb37037,2026-05-07T18:48:59.705Z,131.999,2,281.45,1980,43,30,,,,
powertraces-pt100array_pt019_r1_7536307_11-89ffb37037,2026-05-07T18:48:59.705Z,131.999,3,282.65,1980,53,33,,,,
powertraces-pt100array_pt019_r1_7536307_11-89ffb37037,2026-05-07T18:48:59.805Z,132.099,0,227.19,1980,5,2,,,,
powertraces-pt100array_pt019_r1_7536307_11-89ffb37037,2026-05-07T18:48:59.805Z,132.099,1,271.61,1980,32,14,,,,
powertraces-pt100array_pt019_r1_7536307_11-89ffb37037,2026-05-07T18:48:59.805Z,132.099,2,283.78,1980,35,17,,,,
powertraces-pt100array_pt019_r1_7536307_11-89ffb37037,2026-05-07T18:48:59.805Z,132.099,3,284.1,1980,53,33,,,,
powertraces-pt100array_pt019_r1_7536307_11-89ffb37037,2026-05-07T18:48:59.905Z,132.199,0,226.38,1980,21,10,,,,
powertraces-pt100array_pt019_r1_7536307_11-89ffb37037,2026-05-07T18:48:59.905Z,132.199,1,271.79,1980,32,14,,,,
powertraces-pt100array_pt019_r1_7536307_11-89ffb37037,2026-05-07T18:48:59.905Z,132.199,2,280.45,1980,35,17,,,,
powertraces-pt100array_pt019_r1_7536307_11-89ffb37037,2026-05-07T18:48:59.905Z,132.199,3,290.93,1980,8,4,,,,
powertraces-pt100array_pt019_r1_7536307_11-89ffb37037,2026-05-07T18:49:00.005Z,132.299,0,221.43,1980,21,10,,,,
powertraces-pt100array_pt019_r1_7536307_11-89ffb37037,2026-05-07T18:49:00.005Z,132.299,1,275.62,1980,24,13,,,,
powertraces-pt100array_pt019_r1_7536307_11-89ffb37037,2026-05-07T18:49:00.005Z,132.299,2,278.6,1980,30,15,,,,
powertraces-pt100array_pt019_r1_7536307_11-89ffb37037,2026-05-07T18:49:00.005Z,132.299,3,290.69,1980,8,4,,,,
powertraces-pt100array_pt019_r1_7536307_11-89ffb37037,2026-05-07T18:49:00.105Z,132.399,0,223.32,1980,20,10,,,,
powertraces-pt100array_pt019_r1_7536307_11-89ffb37037,2026-05-07T18:49:00.105Z,132.399,1,272.67,1980,24,13,,,,
powertraces-pt100array_pt019_r1_7536307_11-89ffb37037,2026-05-07T18:49:00.105Z,132.399,2,282.74,1980,30,15,,,,
powertraces-pt100array_pt019_r1_7536307_11-89ffb37037,2026-05-07T18:49:00.105Z,132.399,3,287.3,1980,33,17,,,,
powertraces-pt100array_pt019_r1_7536307_11-89ffb37037,2026-05-07T18:49:00.205Z,132.499,0,225.63,1980,20,10,,,,
powertraces-pt100array_pt019_r1_7536307_11-89ffb37037,2026-05-07T18:49:00.206Z,132.5,1,272.78,1980,15,7,,,,
powertraces-pt100array_pt019_r1_7536307_11-89ffb37037,2026-05-07T18:49:00.206Z,132.5,2,277.31,1980,36,18,,,,
powertraces-pt100array_pt019_r1_7536307_11-89ffb37037,2026-05-07T18:49:00.206Z,132.5,3,280.47,1980,33,17,,,,
powertraces-pt100array_pt019_r1_7536307_11-89ffb37037,2026-05-07T18:49:00.306Z,132.6,0,224.23,1980,21,10,,,,
powertraces-pt100array_pt019_r1_7536307_11-89ffb37037,2026-05-07T18:49:00.306Z,132.6,1,271.35,1980,15,7,,,,
powertraces-pt100array_pt019_r1_7536307_11-89ffb37037,2026-05-07T18:49:00.306Z,132.6,2,281.27,1980,36,18,,,,
powertraces-pt100array_pt019_r1_7536307_11-89ffb37037,2026-05-07T18:49:00.306Z,132.6,3,289.73,1980,19,9,,,,
powertraces-pt100array_pt019_r1_7536307_11-89ffb37037,2026-05-07T18:49:00.406Z,132.7,0,225.9,1980,21,10,,,,
powertraces-pt100array_pt019_r1_7536307_11-89ffb37037,2026-05-07T18:49:00.406Z,132.7,1,270.39,1980,35,17,,,,
powertraces-pt100array_pt019_r1_7536307_11-89ffb37037,2026-05-07T18:49:00.406Z,132.7,2,284.32,1980,12,5,,,,
powertraces-pt100array_pt019_r1_7536307_11-89ffb37037,2026-05-07T18:49:00.406Z,132.7,3,288.33,1980,19,9,,,,
powertraces-pt100array_pt019_r1_7536307_11-89ffb37037,2026-05-07T18:49:00.506Z,132.8,0,220.9,1980,21,10,,,,
powertraces-pt100array_pt019_r1_7536307_11-89ffb37037,2026-05-07T18:49:00.506Z,132.8,1,274.17,1980,35,17,,,,
powertraces-pt100array_pt019_r1_7536307_11-89ffb37037,2026-05-07T18:49:00.506Z,132.8,2,275.79,1980,12,5,,,,
powertraces-pt100array_pt019_r1_7536307_11-89ffb37037,2026-05-07T18:49:00.506Z,132.8,3,290.35,1980,33,16,,,,
powertraces-pt100array_pt019_r1_7536307_11-89ffb37037,2026-05-07T18:49:00.606Z,132.9,0,216.36,1980,21,10,,,,
powertraces-pt100array_pt019_r1_7536307_11-89ffb37037,2026-05-07T18:49:00.606Z,132.9,1,265.93,1980,23,11,,,,
powertraces-pt100array_pt019_r1_7536307_11-89ffb37037,2026-05-07T18:49:00.606Z,132.9,2,275.95,1980,23,12,,,,
powertraces-pt100array_pt019_r1_7536307_11-89ffb37037,2026-05-07T18:49:00.606Z,132.9,3,284.13,1980,33,16,,,,
powertraces-pt100array_pt019_r1_7536307_11-89ffb37037,2026-05-07T18:49:00.706Z,133.0,0,216.09,1980,8,3,,,,
powertraces-pt100array_pt019_r1_7536307_11-89ffb37037,2026-05-07T18:49:00.706Z,133.0,1,268.05,1980,23,11,,,,
powertraces-pt100array_pt019_r1_7536307_11-89ffb37037,2026-05-07T18:49:00.706Z,133.0,2,274.62,1980,23,12,,,,
powertraces-pt100array_pt019_r1_7536307_11-89ffb37037,2026-05-07T18:49:00.706Z,133.0,3,273.09,1980,33,17,,,,
powertraces-pt100array_pt019_r1_7536307_11-89ffb37037,2026-05-07T18:49:00.807Z,133.101,0,217.8,1980,8,3,,,,
powertraces-pt100array_pt019_r1_7536307_11-89ffb37037,2026-05-07T18:49:00.807Z,133.101,1,269.69,1980,35,17,,,,
powertraces-pt100array_pt019_r1_7536307_11-89ffb37037,2026-05-07T18:49:00.807Z,133.101,2,275.73,1980,28,13,,,,
powertraces-pt100array_pt019_r1_7536307_11-89ffb37037,2026-05-07T18:49:00.807Z,133.101,3,275.99,1980,33,17,,,,
powertraces-pt100array_pt019_r1_7536307_11-89ffb37037,2026-05-07T18:49:00.907Z,133.201,0,216.18,1980,21,10,,,,
powertraces-pt100array_pt019_r1_7536307_11-89ffb37037,2026-05-07T18:49:00.907Z,133.201,1,266.66,1980,35,17,,,,
powertraces-pt100array_pt019_r1_7536307_11-89ffb37037,2026-05-07T18:49:00.907Z,133.201,2,273.33,1980,28,13,,,,
powertraces-pt100array_pt019_r1_7536307_11-89ffb37037,2026-05-07T18:49:00.907Z,133.201,3,276.89,1980,23,12,,,,
powertraces-pt100array_pt019_r1_7536307_11-89ffb37037,2026-05-07T18:49:01.007Z,133.301,0,214.82,1980,21,10,,,,
powertraces-pt100array_pt019_r1_7536307_11-89ffb37037,2026-05-07T18:49:01.007Z,133.301,1,271.44,1980,24,12,,,,
powertraces-pt100array_pt019_r1_7536307_11-89ffb37037,2026-05-07T18:49:01.007Z,133.301,2,273.93,1980,31,15,,,,
powertraces-pt100array_pt019_r1_7536307_11-89ffb37037,2026-05-07T18:49:01.007Z,133.301,3,282.26,1980,23,12,,,,
powertraces-pt100array_pt019_r1_7536307_11-89ffb37037,2026-05-07T18:49:01.107Z,133.401,0,218.22,1980,7,3,,,,
powertraces-pt100array_pt019_r1_7536307_11-89ffb37037,2026-05-07T18:49:01.107Z,133.401,1,273.31,1980,24,12,,,,
powertraces-pt100array_pt019_r1_7536307_11-89ffb37037,2026-05-07T18:49:01.107Z,133.401,2,276.18,1980,31,15,,,,
powertraces-pt100array_pt019_r1_7536307_11-89ffb37037,2026-05-07T18:49:01.107Z,133.401,3,276.07,1980,33,17,,,,
powertraces-pt100array_pt019_r1_7536307_11-89ffb37037,2026-05-07T18:49:01.207Z,133.501,0,220.34,1980,7,3,,,,
powertraces-pt100array_pt019_r1_7536307_11-89ffb37037,2026-05-07T18:49:01.207Z,133.501,1,268.62,1980,32,15,,,,
powertraces-pt100array_pt019_r1_7536307_11-89ffb37037,2026-05-07T18:49:01.207Z,133.501,2,279.04,1980,35,18,,,,
powertraces-pt100array_pt019_r1_7536307_11-89ffb37037,2026-05-07T18:49:01.207Z,133.501,3,279.47,1980,33,17,,,,
powertraces-pt100array_pt019_r1_7536307_11-89ffb37037,2026-05-07T18:49:01.308Z,133.602,0,218.26,1980,21,10,,,,
powertraces-pt100array_pt019_r1_7536307_11-89ffb37037,2026-05-07T18:49:01.308Z,133.602,1,271.39,1980,32,15,,,,
powertraces-pt100array_pt019_r1_7536307_11-89ffb37037,2026-05-07T18:49:01.308Z,133.602,2,274.27,1980,35,18,,,,
powertraces-pt100array_pt019_r1_7536307_11-89ffb37037,2026-05-07T18:49:01.308Z,133.602,3,282.7,1980,7,3,,,,
powertraces-pt100array_pt019_r1_7536307_11-89ffb37037,2026-05-07T18:49:01.408Z,133.702,0,219.65,1980,21,10,,,,
powertraces-pt100array_pt019_r1_7536307_11-89ffb37037,2026-05-07T18:49:01.408Z,133.702,1,271.04,1980,27,14,,,,
powertraces-pt100array_pt019_r1_7536307_11-89ffb37037,2026-05-07T18:49:01.408Z,133.702,2,275.99,1980,26,12,,,,
powertraces-pt100array_pt019_r1_7536307_11-89ffb37037,2026-05-07T18:49:01.408Z,133.702,3,280.68,1980,7,3,,,,
powertraces-pt100array_pt019_r1_7536307_11-89ffb37037,2026-05-07T18:49:01.508Z,133.802,0,217.83,1980,20,10,,,,
powertraces-pt100array_pt019_r1_7536307_11-89ffb37037,2026-05-07T18:49:01.508Z,133.802,1,271.66,1980,27,14,,,,
powertraces-pt100array_pt019_r1_7536307_11-89ffb37037,2026-05-07T18:49:01.508Z,133.802,2,275.52,1980,26,12,,,,
powertraces-pt100array_pt019_r1_7536307_11-89ffb37037,2026-05-07T18:49:01.508Z,133.802,3,278.85,1980,33,16,,,,
powertraces-pt100array_pt019_r1_7536307_11-89ffb37037,2026-05-07T18:49:01.608Z,133.902,0,217.64,1980,20,10,,,,
powertraces-pt100array_pt019_r1_7536307_11-89ffb37037,2026-05-07T18:49:01.608Z,133.902,1,269.46,1980,12,5,,,,
powertraces-pt100array_pt019_r1_7536307_11-89ffb37037,2026-05-07T18:49:01.608Z,133.902,2,272.69,1980,33,17,,,,
powertraces-pt100array_pt019_r1_7536307_11-89ffb37037,2026-05-07T18:49:01.608Z,133.902,3,280.36,1980,33,16,,,,
powertraces-pt100array_pt019_r1_7536307_11-89ffb37037,2026-05-07T18:49:01.708Z,134.002,0,217.14,1980,21,10,,,,
powertraces-pt100array_pt019_r1_7536307_11-89ffb37037,2026-05-07T18:49:01.708Z,134.002,1,266.57,1980,12,5,,,,
powertraces-pt100array_pt019_r1_7536307_11-89ffb37037,2026-05-07T18:49:01.708Z,134.002,2,273.19,1980,33,17,,,,
powertraces-pt100array_pt019_r1_7536307_11-89ffb37037,2026-05-07T18:49:01.708Z,134.002,3,278.15,1980,24,12,,,,
powertraces-pt100array_pt019_r1_7536307_11-89ffb37037,2026-05-07T18:49:01.809Z,134.103,0,214.75,1980,21,10,,,,
powertraces-pt100array_pt019_r1_7536307_11-89ffb37037,2026-05-07T18:49:01.809Z,134.103,1,271.07,1980,35,17,,,,
powertraces-pt100array_pt019_r1_7536307_11-89ffb37037,2026-05-07T18:49:01.809Z,134.103,2,275.9,1980,13,6,,,,
powertraces-pt100array_pt019_r1_7536307_11-89ffb37037,2026-05-07T18:49:01.809Z,134.103,3,280.38,1980,24,12,,,,
powertraces-pt100array_pt019_r1_7536307_11-89ffb37037,2026-05-07T18:49:01.909Z,134.203,0,212.49,1980,21,10,,,,
powertraces-pt100array_pt019_r1_7536307_11-89ffb37037,2026-05-07T18:49:01.909Z,134.203,1,270.76,1980,35,17,,,,
powertraces-pt100array_pt019_r1_7536307_11-89ffb37037,2026-05-07T18:49:01.909Z,134.203,2,273.48,1980,13,6,,,,
powertraces-pt100array_pt019_r1_7536307_11-89ffb37037,2026-05-07T18:49:01.909Z,134.203,3,279.83,1980,33,17,,,,
powertraces-pt100array_pt019_r1_7536307_11-89ffb37037,2026-05-07T18:49:02.009Z,134.303,0,215.62,1980,21,10,,,,
powertraces-pt100array_pt019_r1_7536307_11-89ffb37037,2026-05-07T18:49:02.009Z,134.303,1,266.37,1980,29,14,,,,
powertraces-pt100array_pt019_r1_7536307_11-89ffb37037,2026-05-07T18:49:02.009Z,134.303,2,274.17,1980,23,12,,,,
powertraces-pt100array_pt019_r1_7536307_11-89ffb37037,2026-05-07T18:49:02.009Z,134.303,3,278.67,1980,33,17,,,,
powertraces-pt100array_pt019_r1_7536307_11-89ffb37037,2026-05-07T18:49:02.109Z,134.403,0,213.25,1980,5,2,,,,
powertraces-pt100array_pt019_r1_7536307_11-89ffb37037,2026-05-07T18:49:02.109Z,134.403,1,266.86,1980,29,14,,,,
powertraces-pt100array_pt019_r1_7536307_11-89ffb37037,2026-05-07T18:49:02.109Z,134.403,2,271.2,1980,23,12,,,,
powertraces-pt100array_pt019_r1_7536307_11-89ffb37037,2026-05-07T18:49:02.109Z,134.403,3,271.49,1980,33,17,,,,
powertraces-pt100array_pt019_r1_7536307_11-89ffb37037,2026-05-07T18:49:02.209Z,134.503,0,212.28,1980,5,2,,,,
powertraces-pt100array_pt019_r1_7536307_11-89ffb37037,2026-05-07T18:49:02.209Z,134.503,1,268.47,1980,35,17,,,,
powertraces-pt100array_pt019_r1_7536307_11-89ffb37037,2026-05-07T18:49:02.209Z,134.503,2,277.19,1980,32,16,,,,
powertraces-pt100array_pt019_r1_7536307_11-89ffb37037,2026-05-07T18:49:02.209Z,134.503,3,276.36,1980,33,17,,,,
powertraces-pt100array_pt019_r1_7536307_11-89ffb37037,2026-05-07T18:49:02.309Z,134.603,0,214.82,1980,21,10,,,,
powertraces-pt100array_pt019_r1_7536307_11-89ffb37037,2026-05-07T18:49:02.31Z,134.604,1,266.99,1980,35,17,,,,
powertraces-pt100array_pt019_r1_7536307_11-89ffb37037,2026-05-07T18:49:02.31Z,134.604,2,278.5,1980,32,16,,,,
powertraces-pt100array_pt019_r1_7536307_11-89ffb37037,2026-05-07T18:49:02.31Z,134.604,3,277.68,1980,18,10,,,,
powertraces-pt100array_pt019_r1_7536307_11-89ffb37037,2026-05-07T18:49:02.41Z,134.704,0,210.32,1980,21,10,,,,
powertraces-pt100array_pt019_r1_7536307_11-89ffb37037,2026-05-07T18:49:02.41Z,134.704,1,267.75,1980,23,12,,,,
powertraces-pt100array_pt019_r1_7536307_11-89ffb37037,2026-05-07T18:49:02.41Z,134.704,2,273.74,1980,34,17,,,,
powertraces-pt100array_pt019_r1_7536307_11-89ffb37037,2026-05-07T18:49:02.41Z,134.704,3,280.61,1980,18,10,,,,
powertraces-pt100array_pt019_r1_7536307_11-89ffb37037,2026-05-07T18:49:02.51Z,134.804,0,212.18,1980,10,5,,,,
powertraces-pt100array_pt019_r1_7536307_11-89ffb37037,2026-05-07T18:49:02.51Z,134.804,1,268.89,1980,23,12,,,,
powertraces-pt100array_pt019_r1_7536307_11-89ffb37037,2026-05-07T18:49:02.51Z,134.804,2,277.72,1980,34,17,,,,
powertraces-pt100array_pt019_r1_7536307_11-89ffb37037,2026-05-07T18:49:02.51Z,134.804,3,276.62,1980,33,16,,,,
powertraces-pt100array_pt019_r1_7536307_11-89ffb37037,2026-05-07T18:49:02.61Z,134.904,0,213.46,1980,10,5,,,,
powertraces-pt100array_pt019_r1_7536307_11-89ffb37037,2026-05-07T18:49:02.61Z,134.904,1,268.95,1980,27,13,,,,
powertraces-pt100array_pt019_r1_7536307_11-89ffb37037,2026-05-07T18:49:02.61Z,134.904,2,279.57,1980,35,17,,,,
powertraces-pt100array_pt019_r1_7536307_11-89ffb37037,2026-05-07T18:49:02.61Z,134.904,3,276.75,1980,33,16,,,,
powertraces-pt100array_pt019_r1_7536307_11-89ffb37037,2026-05-07T18:49:02.71Z,135.004,0,215.21,1980,21,10,,,,
powertraces-pt100array_pt019_r1_7536307_11-89ffb37037,2026-05-07T18:49:02.71Z,135.004,1,268.09,1980,27,13,,,,
powertraces-pt100array_pt019_r1_7536307_11-89ffb37037,2026-05-07T18:49:02.71Z,135.004,2,279.98,1980,35,17,,,,
powertraces-pt100array_pt019_r1_7536307_11-89ffb37037,2026-05-07T18:49:02.71Z,135.004,3,283.4,1980,8,3,,,,
powertraces-pt100array_pt019_r1_7536307_11-89ffb37037,2026-05-07T18:49:02.811Z,135.105,0,215.57,1980,21,10,,,,
powertraces-pt100array_pt019_r1_7536307_11-89ffb37037,2026-05-07T18:49:02.811Z,135.105,1,267.13,1980,31,15,,,,
powertraces-pt100array_pt019_r1_7536307_11-89ffb37037,2026-05-07T18:49:02.811Z,135.105,2,274.16,1980,22,11,,,,
powertraces-pt100array_pt019_r1_7536307_11-89ffb37037,2026-05-07T18:49:02.811Z,135.105,3,282.53,1980,8,3,,,,
powertraces-pt100array_pt019_r1_7536307_11-89ffb37037,2026-05-07T18:49:02.911Z,135.205,0,214.63,1980,20,10,,,,
powertraces-pt100array_pt019_r1_7536307_11-89ffb37037,2026-05-07T18:49:02.911Z,135.205,1,268.03,1980,31,15,,,,
powertraces-pt100array_pt019_r1_7536307_11-89ffb37037,2026-05-07T18:49:02.911Z,135.205,2,275.83,1980,22,11,,,,
powertraces-pt100array_pt019_r1_7536307_11-89ffb37037,2026-05-07T18:49:02.911Z,135.205,3,280.06,1980,33,17,,,,
powertraces-pt100array_pt019_r1_7536307_11-89ffb37037,2026-05-07T18:49:03.011Z,135.305,0,217.36,1980,20,10,,,,
powertraces-pt100array_pt019_r1_7536307_11-89ffb37037,2026-05-07T18:49:03.011Z,135.305,1,267.17,1980,13,6,,,,
powertraces-pt100array_pt019_r1_7536307_11-89ffb37037,2026-05-07T18:49:03.011Z,135.305,2,277.64,1980,30,15,,,,
powertraces-pt100array_pt019_r1_7536307_11-89ffb37037,2026-05-07T18:49:03.011Z,135.305,3,275.44,1980,33,17,,,,
powertraces-pt100array_pt019_r1_7536307_11-89ffb37037,2026-05-07T18:49:03.111Z,135.405,0,219.46,1980,19,9,,,,
powertraces-pt100array_pt019_r1_7536307_11-89ffb37037,2026-05-07T18:49:03.111Z,135.405,1,266.96,1980,13,6,,,,
powertraces-pt100array_pt019_r1_7536307_11-89ffb37037,2026-05-07T18:49:03.111Z,135.405,2,277.65,1980,30,15,,,,
powertraces-pt100array_pt019_r1_7536307_11-89ffb37037,2026-05-07T18:49:03.111Z,135.405,3,283.75,1980,27,14,,,,
powertraces-pt100array_pt019_r1_7536307_11-89ffb37037,2026-05-07T18:49:03.211Z,135.505,0,217.19,1980,19,9,,,,
powertraces-pt100array_pt019_r1_7536307_11-89ffb37037,2026-05-07T18:49:03.211Z,135.505,1,267.42,1980,35,17,,,,
powertraces-pt100array_pt019_r1_7536307_11-89ffb37037,2026-05-07T18:49:03.211Z,135.505,2,274.43,1980,17,8,,,,
powertraces-pt100array_pt019_r1_7536307_11-89ffb37037,2026-05-07T18:49:03.211Z,135.505,3,282.61,1980,27,14,,,,
powertraces-pt100array_pt019_r1_7536307_11-89ffb37037,2026-05-07T18:49:03.311Z,135.605,0,213.81,1980,21,10,,,,
powertraces-pt100array_pt019_r1_7536307_11-89ffb37037,2026-05-07T18:49:03.312Z,135.606,1,268.98,1980,35,17,,,,
powertraces-pt100array_pt019_r1_7536307_11-89ffb37037,2026-05-07T18:49:03.312Z,135.606,2,272.71,1980,17,8,,,,
powertraces-pt100array_pt019_r1_7536307_11-89ffb37037,2026-05-07T18:49:03.312Z,135.606,3,276.72,1980,32,16,,,,
powertraces-pt100array_pt019_r1_7536307_11-89ffb37037,2026-05-07T18:49:03.412Z,135.706,0,217.43,1980,21,10,,,,
powertraces-pt100array_pt019_r1_7536307_11-89ffb37037,2026-05-07T18:49:03.412Z,135.706,1,266.32,1980,30,15,,,,
powertraces-pt100array_pt019_r1_7536307_11-89ffb37037,2026-05-07T18:49:03.412Z,135.706,2,276.77,1980,23,12,,,,
powertraces-pt100array_pt019_r1_7536307_11-89ffb37037,2026-05-07T18:49:03.412Z,135.706,3,276.65,1980,32,16,,,,
powertraces-pt100array_pt019_r1_7536307_11-89ffb37037,2026-05-07T18:49:03.512Z,135.806,0,217.78,1980,1,0,,,,
powertraces-pt100array_pt019_r1_7536307_11-89ffb37037,2026-05-07T18:49:03.512Z,135.806,1,265.73,1980,30,15,,,,
powertraces-pt100array_pt019_r1_7536307_11-89ffb37037,2026-05-07T18:49:03.512Z,135.806,2,275.51,1980,23,12,,,,
powertraces-pt100array_pt019_r1_7536307_11-89ffb37037,2026-05-07T18:49:03.512Z,135.806,3,279.17,1980,33,16,,,,
powertraces-pt100array_pt019_r1_7536307_11-89ffb37037,2026-05-07T18:49:03.612Z,135.906,0,225.91,1980,1,0,,,,
powertraces-pt100array_pt019_r1_7536307_11-89ffb37037,2026-05-07T18:49:03.612Z,135.906,1,264.98,1980,35,17,,,,
powertraces-pt100array_pt019_r1_7536307_11-89ffb37037,2026-05-07T18:49:03.612Z,135.906,2,273.57,1980,35,17,,,,
powertraces-pt100array_pt019_r1_7536307_11-89ffb37037,2026-05-07T18:49:03.612Z,135.906,3,279.76,1980,33,16,,,,
powertraces-pt100array_pt019_r1_7536307_11-89ffb37037,2026-05-07T18:49:03.712Z,136.006,0,220.9,1980,41,27,,,,
powertraces-pt100array_pt019_r1_7536307_11-89ffb37037,2026-05-07T18:49:03.712Z,136.006,1,273.67,1980,35,17,,,,
powertraces-pt100array_pt019_r1_7536307_11-89ffb37037,2026-05-07T18:49:03.712Z,136.006,2,278.17,1980,35,17,,,,
powertraces-pt100array_pt019_r1_7536307_11-89ffb37037,2026-05-07T18:49:03.712Z,136.006,3,288.94,1980,37,25,,,,
powertraces-pt100array_pt019_r1_7536307_11-89ffb37037,2026-05-07T18:49:03.812Z,136.106,0,222.55,1980,41,27,,,,
powertraces-pt100array_pt019_r1_7536307_11-89ffb37037,2026-05-07T18:49:03.813Z,136.107,1,277.11,1980,28,14,,,,
powertraces-pt100array_pt019_r1_7536307_11-89ffb37037,2026-05-07T18:49:03.813Z,136.107,2,280.26,1980,20,9,,,,
powertraces-pt100array_pt019_r1_7536307_11-89ffb37037,2026-05-07T18:49:03.813Z,136.107,3,285.43,1980,37,25,,,,
powertraces-pt100array_pt019_r1_7536307_11-89ffb37037,2026-05-07T18:49:03.913Z,136.207,0,226.92,1980,2,1,,,,
powertraces-pt100array_pt019_r1_7536307_11-89ffb37037,2026-05-07T18:49:03.913Z,136.207,1,273.85,1980,28,14,,,,
powertraces-pt100array_pt019_r1_7536307_11-89ffb37037,2026-05-07T18:49:03.913Z,136.207,2,277.41,1980,20,9,,,,
powertraces-pt100array_pt019_r1_7536307_11-89ffb37037,2026-05-07T18:49:03.913Z,136.207,3,280.27,1980,33,16,,,,
powertraces-pt100array_pt019_r1_7536307_11-89ffb37037,2026-05-07T18:49:04.013Z,136.307,0,224.0,1980,2,1,,,,
powertraces-pt100array_pt019_r1_7536307_11-89ffb37037,2026-05-07T18:49:04.013Z,136.307,1,273.23,1980,34,17,,,,
powertraces-pt100array_pt019_r1_7536307_11-89ffb37037,2026-05-07T18:49:04.013Z,136.307,2,281.66,1980,35,17,,,,
powertraces-pt100array_pt019_r1_7536307_11-89ffb37037,2026-05-07T18:49:04.013Z,136.307,3,281.33,1980,33,16,,,,
powertraces-pt100array_pt019_r1_7536307_11-89ffb37037,2026-05-07T18:49:04.113Z,136.407,0,223.48,1980,21,10,,,,
powertraces-pt100array_pt019_r1_7536307_11-89ffb37037,2026-05-07T18:49:04.113Z,136.407,1,271.95,1980,34,17,,,,
powertraces-pt100array_pt019_r1_7536307_11-89ffb37037,2026-05-07T18:49:04.113Z,136.407,2,284.12,1980,35,17,,,,
powertraces-pt100array_pt019_r1_7536307_11-89ffb37037,2026-05-07T18:49:04.113Z,136.407,3,282.74,1980,15,8,,,,
powertraces-pt100array_pt019_r1_7536307_11-89ffb37037,2026-05-07T18:49:04.213Z,136.507,0,218.21,1980,21,10,,,,
powertraces-pt100array_pt019_r1_7536307_11-89ffb37037,2026-05-07T18:49:04.213Z,136.507,1,275.13,1980,23,12,,,,
powertraces-pt100array_pt019_r1_7536307_11-89ffb37037,2026-05-07T18:49:04.213Z,136.507,2,277.88,1980,35,17,,,,
powertraces-pt100array_pt019_r1_7536307_11-89ffb37037,2026-05-07T18:49:04.213Z,136.507,3,288.13,1980,15,8,,,,
powertraces-pt100array_pt019_r1_7536307_11-89ffb37037,2026-05-07T18:49:04.314Z,136.608,0,220.52,1980,14,7,,,,
powertraces-pt100array_pt019_r1_7536307_11-89ffb37037,2026-05-07T18:49:04.314Z,136.608,1,275.71,1980,23,12,,,,
powertraces-pt100array_pt019_r1_7536307_11-89ffb37037,2026-05-07T18:49:04.314Z,136.608,2,281.57,1980,35,17,,,,
powertraces-pt100array_pt019_r1_7536307_11-89ffb37037,2026-05-07T18:49:04.314Z,136.608,3,283.55,1980,33,17,,,,
powertraces-pt100array_pt019_r1_7536307_11-89ffb37037,2026-05-07T18:49:04.414Z,136.708,0,222.81,1980,14,7,,,,
powertraces-pt100array_pt019_r1_7536307_11-89ffb37037,2026-05-07T18:49:04.414Z,136.708,1,275.37,1980,24,12,,,,
powertraces-pt100array_pt019_r1_7536307_11-89ffb37037,2026-05-07T18:49:04.414Z,136.708,2,280.3,1980,35,17,,,,
powertraces-pt100array_pt019_r1_7536307_11-89ffb37037,2026-05-07T18:49:04.414Z,136.708,3,275.81,1980,33,17,,,,
powertraces-pt100array_pt019_r1_7536307_11-89ffb37037,2026-05-07T18:49:04.514Z,136.808,0,224.02,1980,21,10,,,,
powertraces-pt100array_pt019_r1_7536307_11-89ffb37037,2026-05-07T18:49:04.514Z,136.808,1,273.69,1980,24,12,,,,
powertraces-pt100array_pt019_r1_7536307_11-89ffb37037,2026-05-07T18:49:04.514Z,136.808,2,283.49,1980,35,17,,,,
powertraces-pt100array_pt019_r1_7536307_11-89ffb37037,2026-05-07T18:49:04.514Z,136.808,3,286.6,1980,12,5,,,,
powertraces-pt100array_pt019_r1_7536307_11-89ffb37037,2026-05-07T18:49:04.614Z,136.908,0,218.41,1980,21,10,,,,
powertraces-pt100array_pt019_r1_7536307_11-89ffb37037,2026-05-07T18:49:04.614Z,136.908,1,270.84,1980,34,17,,,,
powertraces-pt100array_pt019_r1_7536307_11-89ffb37037,2026-05-07T18:49:04.614Z,136.908,2,282.48,1980,18,8,,,,
powertraces-pt100array_pt019_r1_7536307_11-89ffb37037,2026-05-07T18:49:04.614Z,136.908,3,286.64,1980,12,5,,,,
powertraces-pt100array_pt019_r1_7536307_11-89ffb37037,2026-05-07T18:49:04.714Z,137.008,0,210.82,1980,20,10,,,,
powertraces-pt100array_pt019_r1_7536307_11-89ffb37037,2026-05-07T18:49:04.714Z,137.008,1,266.6,1980,34,17,,,,
powertraces-pt100array_pt019_r1_7536307_11-89ffb37037,2026-05-07T18:49:04.714Z,137.008,2,274.77,1980,18,8,,,,
powertraces-pt100array_pt019_r1_7536307_11-89ffb37037,2026-05-07T18:49:04.714Z,137.008,3,275.9,1980,33,17,,,,
powertraces-pt100array_pt019_r1_7536307_11-89ffb37037,2026-05-07T18:49:04.815Z,137.109,0,212.67,1980,20,10,,,,
powertraces-pt100array_pt019_r1_7536307_11-89ffb37037,2026-05-07T18:49:04.815Z,137.109,1,270.01,1980,16,7,,,,
powertraces-pt100array_pt019_r1_7536307_11-89ffb37037,2026-05-07T18:49:04.815Z,137.109,2,277.66,1980,27,14,,,,
powertraces-pt100array_pt019_r1_7536307_11-89ffb37037,2026-05-07T18:49:04.815Z,137.109,3,276.48,1980,33,17,,,,
powertraces-pt100array_pt019_r1_7536307_11-89ffb37037,2026-05-07T18:49:04.915Z,137.209,0,215.73,1980,15,7,,,,
powertraces-pt100array_pt019_r1_7536307_11-89ffb37037,2026-05-07T18:49:04.915Z,137.209,1,269.85,1980,16,7,,,,
powertraces-pt100array_pt019_r1_7536307_11-89ffb37037,2026-05-07T18:49:04.915Z,137.209,2,280.44,1980,27,14,,,,
powertraces-pt100array_pt019_r1_7536307_11-89ffb37037,2026-05-07T18:49:04.915Z,137.209,3,274.54,1980,31,15,,,,
powertraces-pt100array_pt019_r1_7536307_11-89ffb37037,2026-05-07T18:49:05.015Z,137.309,0,216.42,1980,15,7,,,,
powertraces-pt100array_pt019_r1_7536307_11-89ffb37037,2026-05-07T18:49:05.015Z,137.309,1,268.8,1980,34,17,,,,
powertraces-pt100array_pt019_r1_7536307_11-89ffb37037,2026-05-07T18:49:05.015Z,137.309,2,275.54,1980,21,10,,,,
powertraces-pt100array_pt019_r1_7536307_11-89ffb37037,2026-05-07T18:49:05.015Z,137.309,3,276.95,1980,31,15,,,,
powertraces-pt100array_pt019_r1_7536307_11-89ffb37037,2026-05-07T18:49:05.115Z,137.409,0,218.75,1980,21,10,,,,
powertraces-pt100array_pt019_r1_7536307_11-89ffb37037,2026-05-07T18:49:05.115Z,137.409,1,268.76,1980,34,17,,,,
powertraces-pt100array_pt019_r1_7536307_11-89ffb37037,2026-05-07T18:49:05.115Z,137.409,2,274.82,1980,21,10,,,,
powertraces-pt100array_pt019_r1_7536307_11-89ffb37037,2026-05-07T18:49:05.115Z,137.409,3,279.45,1980,29,15,,,,
powertraces-pt100array_pt019_r1_7536307_11-89ffb37037,2026-05-07T18:49:05.215Z,137.509,0,215.98,1980,21,10,,,,
powertraces-pt100array_pt019_r1_7536307_11-89ffb37037,2026-05-07T18:49:05.215Z,137.509,1,271.35,1980,30,15,,,,
powertraces-pt100array_pt019_r1_7536307_11-89ffb37037,2026-05-07T18:49:05.215Z,137.509,2,281.02,1980,24,13,,,,
powertraces-pt100array_pt019_r1_7536307_11-89ffb37037,2026-05-07T18:49:05.215Z,137.509,3,275.48,1980,29,15,,,,
powertraces-pt100array_pt019_r1_7536307_11-89ffb37037,2026-05-07T18:49:05.315Z,137.609,0,218.35,1980,1,0,,,,
powertraces-pt100array_pt019_r1_7536307_11-89ffb37037,2026-05-07T18:49:05.316Z,137.61,1,269.33,1980,30,15,,,,
powertraces-pt100array_pt019_r1_7536307_11-89ffb37037,2026-05-07T18:49:05.316Z,137.61,2,275.54,1980,24,13,,,,
powertraces-pt100array_pt019_r1_7536307_11-89ffb37037,2026-05-07T18:49:05.316Z,137.61,3,270.82,1980,33,17,,,,
powertraces-pt100array_pt019_r1_7536307_11-89ffb37037,2026-05-07T18:49:05.416Z,137.71,0,216.24,1980,1,0,,,,
powertraces-pt100array_pt019_r1_7536307_11-89ffb37037,2026-05-07T18:49:05.416Z,137.71,1,266.11,1980,35,17,,,,
powertraces-pt100array_pt019_r1_7536307_11-89ffb37037,2026-05-07T18:49:05.416Z,137.71,2,276.79,1980,35,17,,,,
powertraces-pt100array_pt019_r1_7536307_11-89ffb37037,2026-05-07T18:49:05.416Z,137.71,3,274.96,1980,33,17,,,,
powertraces-pt100array_pt019_r1_7536307_11-89ffb37037,2026-05-07T18:49:05.516Z,137.81,0,217.67,1980,21,10,,,,
powertraces-pt100array_pt019_r1_7536307_11-89ffb37037,2026-05-07T18:49:05.516Z,137.81,1,271.64,1980,35,17,,,,
powertraces-pt100array_pt019_r1_7536307_11-89ffb37037,2026-05-07T18:49:05.516Z,137.81,2,278.31,1980,35,17,,,,
powertraces-pt100array_pt019_r1_7536307_11-89ffb37037,2026-05-07T18:49:05.516Z,137.81,3,274.19,1980,10,5,,,,
powertraces-pt100array_pt019_r1_7536307_11-89ffb37037,2026-05-07T18:49:05.616Z,137.91,0,216.59,1980,21,10,,,,
powertraces-pt100array_pt019_r1_7536307_11-89ffb37037,2026-05-07T18:49:05.616Z,137.91,1,271.59,1980,23,12,,,,
powertraces-pt100array_pt019_r1_7536307_11-89ffb37037,2026-05-07T18:49:05.616Z,137.91,2,275.93,1980,33,16,,,,
powertraces-pt100array_pt019_r1_7536307_11-89ffb37037,2026-05-07T18:49:05.616Z,137.91,3,277.51,1980,10,5,,,,
powertraces-pt100array_pt019_r1_7536307_11-89ffb37037,2026-05-07T18:49:05.716Z,138.01,0,221.58,1980,18,9,,,,
powertraces-pt100array_pt019_r1_7536307_11-89ffb37037,2026-05-07T18:49:05.716Z,138.01,1,271.49,1980,23,12,,,,
powertraces-pt100array_pt019_r1_7536307_11-89ffb37037,2026-05-07T18:49:05.716Z,138.01,2,279.44,1980,33,16,,,,
powertraces-pt100array_pt019_r1_7536307_11-89ffb37037,2026-05-07T18:49:05.716Z,138.01,3,278.27,1980,33,17,,,,
powertraces-pt100array_pt019_r1_7536307_11-89ffb37037,2026-05-07T18:49:05.817Z,138.111,0,219.87,1980,18,9,,,,
powertraces-pt100array_pt019_r1_7536307_11-89ffb37037,2026-05-07T18:49:05.817Z,138.111,1,271.7,1980,18,8,,,,
powertraces-pt100array_pt019_r1_7536307_11-89ffb37037,2026-05-07T18:49:05.817Z,138.111,2,275.7,1980,35,17,,,,
powertraces-pt100array_pt019_r1_7536307_11-89ffb37037,2026-05-07T18:49:05.817Z,138.111,3,279.52,1980,33,17,,,,
powertraces-pt100array_pt019_r1_7536307_11-89ffb37037,2026-05-07T18:49:05.917Z,138.211,0,217.28,1980,21,10,,,,
powertraces-pt100array_pt019_r1_7536307_11-89ffb37037,2026-05-07T18:49:05.917Z,138.211,1,271.08,1980,18,8,,,,
powertraces-pt100array_pt019_r1_7536307_11-89ffb37037,2026-05-07T18:49:05.917Z,138.211,2,278.28,1980,35,17,,,,
powertraces-pt100array_pt019_r1_7536307_11-89ffb37037,2026-05-07T18:49:05.917Z,138.211,3,278.3,1980,17,8,,,,
powertraces-pt100array_pt019_r1_7536307_11-89ffb37037,2026-05-07T18:49:06.017Z,138.311,0,219.17,1980,21,10,,,,
powertraces-pt100array_pt019_r1_7536307_11-89ffb37037,2026-05-07T18:49:06.017Z,138.311,1,270.06,1980,34,17,,,,
powertraces-pt100array_pt019_r1_7536307_11-89ffb37037,2026-05-07T18:49:06.017Z,138.311,2,281.66,1980,13,6,,,,
powertraces-pt100array_pt019_r1_7536307_11-89ffb37037,2026-05-07T18:49:06.017Z,138.311,3,280.82,1980,17,8,,,,
powertraces-pt100array_pt019_r1_7536307_11-89ffb37037,2026-05-07T18:49:06.117Z,138.411,0,215.18,1980,21,10,,,,
powertraces-pt100array_pt019_r1_7536307_11-89ffb37037,2026-05-07T18:49:06.117Z,138.411,1,272.84,1980,34,17,,,,
powertraces-pt100array_pt019_r1_7536307_11-89ffb37037,2026-05-07T18:49:06.117Z,138.411,2,278.73,1980,13,6,,,,
powertraces-pt100array_pt019_r1_7536307_11-89ffb37037,2026-05-07T18:49:06.117Z,138.411,3,278.81,1980,33,17,,,,
powertraces-pt100array_pt019_r1_7536307_11-89ffb37037,2026-05-07T18:49:06.217Z,138.511,0,218.85,1980,21,10,,,,
powertraces-pt100array_pt019_r1_7536307_11-89ffb37037,2026-05-07T18:49:06.217Z,138.511,1,273.2,1980,21,10,,,,
powertraces-pt100array_pt019_r1_7536307_11-89ffb37037,2026-05-07T18:49:06.217Z,138.511,2,279.98,1980,23,12,,,,
powertraces-pt100array_pt019_r1_7536307_11-89ffb37037,2026-05-07T18:49:06.217Z,138.511,3,280.01,1980,33,17,,,,
powertraces-pt100array_pt019_r1_7536307_11-89ffb37037,2026-05-07T18:49:06.317Z,138.611,0,217.74,1980,9,4,,,,
powertraces-pt100array_pt019_r1_7536307_11-89ffb37037,2026-05-07T18:49:06.318Z,138.612,1,269.64,1980,21,10,,,,
powertraces-pt100array_pt019_r1_7536307_11-89ffb37037,2026-05-07T18:49:06.318Z,138.612,2,279.03,1980,23,12,,,,
powertraces-pt100array_pt019_r1_7536307_11-89ffb37037,2026-05-07T18:49:06.318Z,138.612,3,275.85,1980,33,17,,,,
powertraces-pt100array_pt019_r1_7536307_11-89ffb37037,2026-05-07T18:49:06.418Z,138.712,0,220.49,1980,9,4,,,,
powertraces-pt100array_pt019_r1_7536307_11-89ffb37037,2026-05-07T18:49:06.418Z,138.712,1,270.89,1980,35,17,,,,
powertraces-pt100array_pt019_r1_7536307_11-89ffb37037,2026-05-07T18:49:06.418Z,138.712,2,281.24,1980,26,13,,,,
powertraces-pt100array_pt019_r1_7536307_11-89ffb37037,2026-05-07T18:49:06.418Z,138.712,3,279.56,1980,33,17,,,,
powertraces-pt100array_pt019_r1_7536307_11-89ffb37037,2026-05-07T18:49:06.518Z,138.812,0,216.35,1980,21,10,,,,
powertraces-pt100array_pt019_r1_7536307_11-89ffb37037,2026-05-07T18:49:06.518Z,138.812,1,269.16,1980,35,17,,,,
powertraces-pt100array_pt019_r1_7536307_11-89ffb37037,2026-05-07T18:49:06.518Z,138.812,2,276.82,1980,26,13,,,,
powertraces-pt100array_pt019_r1_7536307_11-89ffb37037,2026-05-07T18:49:06.518Z,138.812,3,279.97,1980,24,13,,,,
powertraces-pt100array_pt019_r1_7536307_11-89ffb37037,2026-05-07T18:49:06.618Z,138.912,0,216.85,1980,21,10,,,,
powertraces-pt100array_pt019_r1_7536307_11-89ffb37037,2026-05-07T18:49:06.618Z,138.912,1,269.14,1980,26,13,,,,
powertraces-pt100array_pt019_r1_7536307_11-89ffb37037,2026-05-07T18:49:06.618Z,138.912,2,278.08,1980,28,14,,,,
powertraces-pt100array_pt019_r1_7536307_11-89ffb37037,2026-05-07T18:49:06.618Z,138.912,3,275.82,1980,24,13,,,,
powertraces-pt100array_pt019_r1_7536307_11-89ffb37037,2026-05-07T18:49:06.718Z,139.012,0,215.88,1980,4,2,,,,
powertraces-pt100array_pt019_r1_7536307_11-89ffb37037,2026-05-07T18:49:06.718Z,139.012,1,269.9,1980,26,13,,,,
powertraces-pt100array_pt019_r1_7536307_11-89ffb37037,2026-05-07T18:49:06.718Z,139.012,2,278.51,1980,28,14,,,,
powertraces-pt100array_pt019_r1_7536307_11-89ffb37037,2026-05-07T18:49:06.718Z,139.012,3,270.62,1980,33,17,,,,
powertraces-pt100array_pt019_r1_7536307_11-89ffb37037,2026-05-07T18:49:06.818Z,139.112,0,217.25,1980,4,2,,,,
powertraces-pt100array_pt019_r1_7536307_11-89ffb37037,2026-05-07T18:49:06.818Z,139.112,1,265.34,1980,33,17,,,,
powertraces-pt100array_pt019_r1_7536307_11-89ffb37037,2026-05-07T18:49:06.818Z,139.112,2,277.85,1980,35,17,,,,
powertraces-pt100array_pt019_r1_7536307_11-89ffb37037,2026-05-07T18:49:06.818Z,139.112,3,273.87,1980,33,17,,,,
powertraces-pt100array_pt019_r1_7536307_11-89ffb37037,2026-05-07T18:49:06.919Z,139.213,0,215.61,1980,21,10,,,,
powertraces-pt100array_pt019_r1_7536307_11-89ffb37037,2026-05-07T18:49:06.919Z,139.213,1,269.06,1980,33,17,,,,
powertraces-pt100array_pt019_r1_7536307_11-89ffb37037,2026-05-07T18:49:06.919Z,139.213,2,274.67,1980,35,17,,,,
powertraces-pt100array_pt019_r1_7536307_11-89ffb37037,2026-05-07T18:49:06.919Z,139.213,3,279.06,1980,8,3,,,,
powertraces-pt100array_pt019_r1_7536307_11-89ffb37037,2026-05-07T18:49:07.019Z,139.313,0,212.49,1980,21,10,,,,
powertraces-pt100array_pt019_r1_7536307_11-89ffb37037,2026-05-07T18:49:07.019Z,139.313,1,270.67,1980,27,14,,,,
powertraces-pt100array_pt019_r1_7536307_11-89ffb37037,2026-05-07T18:49:07.019Z,139.313,2,279.22,1980,28,13,,,,
powertraces-pt100array_pt019_r1_7536307_11-89ffb37037,2026-05-07T18:49:07.019Z,139.313,3,274.62,1980,8,3,,,,
powertraces-pt100array_pt019_r1_7536307_11-89ffb37037,2026-05-07T18:49:07.119Z,139.413,0,214.92,1980,20,10,,,,
powertraces-pt100array_pt019_r1_7536307_11-89ffb37037,2026-05-07T18:49:07.119Z,139.413,1,267.65,1980,27,14,,,,
powertraces-pt100array_pt019_r1_7536307_11-89ffb37037,2026-05-07T18:49:07.119Z,139.413,2,276.93,1980,28,13,,,,
powertraces-pt100array_pt019_r1_7536307_11-89ffb37037,2026-05-07T18:49:07.119Z,139.413,3,273.81,1980,33,17,,,,
powertraces-pt100array_pt019_r1_7536307_11-89ffb37037,2026-05-07T18:49:07.219Z,139.513,0,216.31,1980,20,10,,,,
powertraces-pt100array_pt019_r1_7536307_11-89ffb37037,2026-05-07T18:49:07.219Z,139.513,1,265.92,1980,13,5,,,,
powertraces-pt100array_pt019_r1_7536307_11-89ffb37037,2026-05-07T18:49:07.219Z,139.513,2,272.58,1980,34,17,,,,
powertraces-pt100array_pt019_r1_7536307_11-89ffb37037,2026-05-07T18:49:07.219Z,139.513,3,275.44,1980,33,17,,,,
powertraces-pt100array_pt019_r1_7536307_11-89ffb37037,2026-05-07T18:49:07.319Z,139.613,0,215.01,1980,21,10,,,,
powertraces-pt100array_pt019_r1_7536307_11-89ffb37037,2026-05-07T18:49:07.319Z,139.613,1,265.62,1980,13,5,,,,
powertraces-pt100array_pt019_r1_7536307_11-89ffb37037,2026-05-07T18:49:07.319Z,139.613,2,273.17,1980,34,17,,,,
powertraces-pt100array_pt019_r1_7536307_11-89ffb37037,2026-05-07T18:49:07.319Z,139.613,3,274.21,1980,22,11,,,,
powertraces-pt100array_pt019_r1_7536307_11-89ffb37037,2026-05-07T18:49:07.42Z,139.714,0,214.83,1980,21,10,,,,
powertraces-pt100array_pt019_r1_7536307_11-89ffb37037,2026-05-07T18:49:07.42Z,139.714,1,266.39,1980,35,17,,,,
powertraces-pt100array_pt019_r1_7536307_11-89ffb37037,2026-05-07T18:49:07.42Z,139.714,2,277.46,1980,12,5,,,,
powertraces-pt100array_pt019_r1_7536307_11-89ffb37037,2026-05-07T18:49:07.42Z,139.714,3,273.61,1980,22,11,,,,
powertraces-pt100array_pt019_r1_7536307_11-89ffb37037,2026-05-07T18:49:07.52Z,139.814,0,212.02,1980,21,10,,,,
powertraces-pt100array_pt019_r1_7536307_11-89ffb37037,2026-05-07T18:49:07.52Z,139.814,1,269.28,1980,35,17,,,,
powertraces-pt100array_pt019_r1_7536307_11-89ffb37037,2026-05-07T18:49:07.52Z,139.814,2,273.45,1980,12,5,,,,
powertraces-pt100array_pt019_r1_7536307_11-89ffb37037,2026-05-07T18:49:07.52Z,139.814,3,275.09,1980,33,16,,,,
powertraces-pt100array_pt019_r1_7536307_11-89ffb37037,2026-05-07T18:49:07.62Z,139.914,0,217.84,1980,21,10,,,,
powertraces-pt100array_pt019_r1_7536307_11-89ffb37037,2026-05-07T18:49:07.62Z,139.914,1,265.49,1980,27,13,,,,
powertraces-pt100array_pt019_r1_7536307_11-89ffb37037,2026-05-07T18:49:07.62Z,139.914,2,275.1,1980,23,12,,,,
powertraces-pt100array_pt019_r1_7536307_11-89ffb37037,2026-05-07T18:49:07.62Z,139.914,3,274.92,1980,33,16,,,,
powertraces-pt100array_pt019_r1_7536307_11-89ffb37037,2026-05-07T18:49:07.72Z,140.014,0,224.25,1980,6,2,,,,
powertraces-pt100array_pt019_r1_7536307_11-89ffb37037,2026-05-07T18:49:07.72Z,140.014,1,265.85,1980,27,13,,,,
powertraces-pt100array_pt019_r1_7536307_11-89ffb37037,2026-05-07T18:49:07.72Z,140.014,2,275.08,1980,23,12,,,,
powertraces-pt100array_pt019_r1_7536307_11-89ffb37037,2026-05-07T18:49:07.72Z,140.014,3,283.72,1980,33,17,,,,
powertraces-pt100array_pt019_r1_7536307_11-89ffb37037,2026-05-07T18:49:07.82Z,140.114,0,222.43,1980,6,2,,,,
powertraces-pt100array_pt019_r1_7536307_11-89ffb37037,2026-05-07T18:49:07.82Z,140.114,1,268.35,1980,59,37,,,,
powertraces-pt100array_pt019_r1_7536307_11-89ffb37037,2026-05-07T18:49:07.82Z,140.114,2,281.14,1980,38,26,,,,
powertraces-pt100array_pt019_r1_7536307_11-89ffb37037,2026-05-07T18:49:07.82Z,140.114,3,289.04,1980,33,17,,,,
powertraces-pt100array_pt019_r1_7536307_11-89ffb37037,2026-05-07T18:49:07.92Z,140.214,0,218.21,1980,18,8,,,,
powertraces-pt100array_pt019_r1_7536307_11-89ffb37037,2026-05-07T18:49:07.921Z,140.215,1,268.14,1980,59,37,,,,
powertraces-pt100array_pt019_r1_7536307_11-89ffb37037,2026-05-07T18:49:07.921Z,140.215,2,275.56,1980,38,26,,,,
powertraces-pt100array_pt019_r1_7536307_11-89ffb37037,2026-05-07T18:49:07.921Z,140.215,3,286.12,1980,30,14,,,,
powertraces-pt100array_pt019_r1_7536307_11-89ffb37037,2026-05-07T18:49:08.021Z,140.315,0,223.35,1980,18,8,,,,
powertraces-pt100array_pt019_r1_7536307_11-89ffb37037,2026-05-07T18:49:08.021Z,140.315,1,270.2,1980,27,13,,,,
powertraces-pt100array_pt019_r1_7536307_11-89ffb37037,2026-05-07T18:49:08.021Z,140.315,2,277.64,1980,23,12,,,,
powertraces-pt100array_pt019_r1_7536307_11-89ffb37037,2026-05-07T18:49:08.021Z,140.315,3,287.29,1980,30,14,,,,
powertraces-pt100array_pt019_r1_7536307_11-89ffb37037,2026-05-07T18:49:08.121Z,140.415,0,221.09,1980,21,11,,,,
powertraces-pt100array_pt019_r1_7536307_11-89ffb37037,2026-05-07T18:49:08.121Z,140.415,1,271.34,1980,27,13,,,,
powertraces-pt100array_pt019_r1_7536307_11-89ffb37037,2026-05-07T18:49:08.121Z,140.415,2,276.2,1980,23,12,,,,
powertraces-pt100array_pt019_r1_7536307_11-89ffb37037,2026-05-07T18:49:08.121Z,140.415,3,276.17,1980,33,17,,,,
powertraces-pt100array_pt019_r1_7536307_11-89ffb37037,2026-05-07T18:49:08.221Z,140.515,0,222.54,1980,21,11,,,,
powertraces-pt100array_pt019_r1_7536307_11-89ffb37037,2026-05-07T18:49:08.221Z,140.515,1,268.5,1980,35,17,,,,
powertraces-pt100array_pt019_r1_7536307_11-89ffb37037,2026-05-07T18:49:08.221Z,140.515,2,281.33,1980,30,15,,,,
powertraces-pt100array_pt019_r1_7536307_11-89ffb37037,2026-05-07T18:49:08.221Z,140.515,3,285.02,1980,33,17,,,,
powertraces-pt100array_pt019_r1_7536307_11-89ffb37037,2026-05-07T18:49:08.321Z,140.615,0,222.25,1980,21,10,,,,
powertraces-pt100array_pt019_r1_7536307_11-89ffb37037,2026-05-07T18:49:08.321Z,140.615,1,264.87,1980,35,17,,,,
powertraces-pt100array_pt019_r1_7536307_11-89ffb37037,2026-05-07T18:49:08.321Z,140.615,2,280.11,1980,30,15,,,,
powertraces-pt100array_pt019_r1_7536307_11-89ffb37037,2026-05-07T18:49:08.321Z,140.615,3,291.29,1980,20,10,,,,
powertraces-pt100array_pt019_r1_7536307_11-89ffb37037,2026-05-07T18:49:08.421Z,140.715,0,216.42,1980,21,10,,,,
powertraces-pt100array_pt019_r1_7536307_11-89ffb37037,2026-05-07T18:49:08.422Z,140.716,1,272.08,1980,23,12,,,,
powertraces-pt100array_pt019_r1_7536307_11-89ffb37037,2026-05-07T18:49:08.422Z,140.716,2,274.86,1980,32,16,,,,
powertraces-pt100array_pt019_r1_7536307_11-89ffb37037,2026-05-07T18:49:08.422Z,140.716,3,287.72,1980,20,10,,,,
powertraces-pt100array_pt019_r1_7536307_11-89ffb37037,2026-05-07T18:49:08.522Z,140.816,0,223.41,1980,8,4,,,,
powertraces-pt100array_pt019_r1_7536307_11-89ffb37037,2026-05-07T18:49:08.522Z,140.816,1,272.15,1980,23,12,,,,
powertraces-pt100array_pt019_r1_7536307_11-89ffb37037,2026-05-07T18:49:08.522Z,140.816,2,280.63,1980,32,16,,,,
powertraces-pt100array_pt019_r1_7536307_11-89ffb37037,2026-05-07T18:49:08.522Z,140.816,3,283.58,1980,33,17,,,,
powertraces-pt100array_pt019_r1_7536307_11-89ffb37037,2026-05-07T18:49:08.622Z,140.916,0,222.5,1980,8,4,,,,
powertraces-pt100array_pt019_r1_7536307_11-89ffb37037,2026-05-07T18:49:08.622Z,140.916,1,270.07,1980,30,15,,,,
powertraces-pt100array_pt019_r1_7536307_11-89ffb37037,2026-05-07T18:49:08.622Z,140.916,2,283.38,1980,35,17,,,,
powertraces-pt100array_pt019_r1_7536307_11-89ffb37037,2026-05-07T18:49:08.622Z,140.916,3,283.96,1980,33,17,,,,
powertraces-pt100array_pt019_r1_7536307_11-89ffb37037,2026-05-07T18:49:08.722Z,141.016,0,215.79,1980,21,10,,,,
powertraces-pt100array_pt019_r1_7536307_11-89ffb37037,2026-05-07T18:49:08.722Z,141.016,1,270.49,1980,30,15,,,,
powertraces-pt100array_pt019_r1_7536307_11-89ffb37037,2026-05-07T18:49:08.722Z,141.016,2,283.29,1980,35,17,,,,
powertraces-pt100array_pt019_r1_7536307_11-89ffb37037,2026-05-07T18:49:08.722Z,141.016,3,283.45,1980,6,2,,,,
powertraces-pt100array_pt019_r1_7536307_11-89ffb37037,2026-05-07T18:49:08.822Z,141.116,0,215.7,1980,21,10,,,,
powertraces-pt100array_pt019_r1_7536307_11-89ffb37037,2026-05-07T18:49:08.822Z,141.116,1,265.31,1980,29,15,,,,
powertraces-pt100array_pt019_r1_7536307_11-89ffb37037,2026-05-07T18:49:08.822Z,141.116,2,276.07,1980,25,12,,,,
powertraces-pt100array_pt019_r1_7536307_11-89ffb37037,2026-05-07T18:49:08.822Z,141.116,3,278.56,1980,6,2,,,,
powertraces-pt100array_pt019_r1_7536307_11-89ffb37037,2026-05-07T18:49:08.922Z,141.216,0,215.18,1980,20,11,,,,
powertraces-pt100array_pt019_r1_7536307_11-89ffb37037,2026-05-07T18:49:08.923Z,141.217,1,270.4,1980,29,15,,,,
powertraces-pt100array_pt019_r1_7536307_11-89ffb37037,2026-05-07T18:49:08.923Z,141.217,2,280.3,1980,25,12,,,,
powertraces-pt100array_pt019_r1_7536307_11-89ffb37037,2026-05-07T18:49:08.923Z,141.217,3,277.75,1980,33,17,,,,
powertraces-pt100array_pt019_r1_7536307_11-89ffb37037,2026-05-07T18:49:09.023Z,141.317,0,214.33,1980,20,11,,,,
powertraces-pt100array_pt019_r1_7536307_11-89ffb37037,2026-05-07T18:49:09.023Z,141.317,1,269.02,1980,12,5,,,,
powertraces-pt100array_pt019_r1_7536307_11-89ffb37037,2026-05-07T18:49:09.023Z,141.317,2,276.89,1980,32,16,,,,
powertraces-pt100array_pt019_r1_7536307_11-89ffb37037,2026-05-07T18:49:09.023Z,141.317,3,278.58,1980,33,17,,,,
powertraces-pt100array_pt019_r1_7536307_11-89ffb37037,2026-05-07T18:49:09.123Z,141.417,0,215.02,1980,20,10,,,,
powertraces-pt100array_pt019_r1_7536307_11-89ffb37037,2026-05-07T18:49:09.123Z,141.417,1,265.93,1980,12,5,,,,
powertraces-pt100array_pt019_r1_7536307_11-89ffb37037,2026-05-07T18:49:09.123Z,141.417,2,278.88,1980,32,16,,,,
powertraces-pt100array_pt019_r1_7536307_11-89ffb37037,2026-05-07T18:49:09.123Z,141.417,3,276.92,1980,25,12,,,,
powertraces-pt100array_pt019_r1_7536307_11-89ffb37037,2026-05-07T18:49:09.223Z,141.517,0,213.69,1980,20,10,,,,
powertraces-pt100array_pt019_r1_7536307_11-89ffb37037,2026-05-07T18:49:09.223Z,141.517,1,269.79,1980,35,17,,,,
powertraces-pt100array_pt019_r1_7536307_11-89ffb37037,2026-05-07T18:49:09.223Z,141.517,2,276.77,1980,15,7,,,,
powertraces-pt100array_pt019_r1_7536307_11-89ffb37037,2026-05-07T18:49:09.223Z,141.517,3,280.51,1980,25,12,,,,
powertraces-pt100array_pt019_r1_7536307_11-89ffb37037,2026-05-07T18:49:09.323Z,141.617,0,210.8,1980,21,10,,,,
powertraces-pt100array_pt019_r1_7536307_11-89ffb37037,2026-05-07T18:49:09.323Z,141.617,1,268.64,1980,35,17,,,,
powertraces-pt100array_pt019_r1_7536307_11-89ffb37037,2026-05-07T18:49:09.323Z,141.617,2,272.79,1980,15,7,,,,
powertraces-pt100array_pt019_r1_7536307_11-89ffb37037,2026-05-07T18:49:09.323Z,141.617,3,274.71,1980,33,17,,,,
powertraces-pt100array_pt019_r1_7536307_11-89ffb37037,2026-05-07T18:49:09.423Z,141.717,0,213.17,1980,21,10,,,,
powertraces-pt100array_pt019_r1_7536307_11-89ffb37037,2026-05-07T18:49:09.424Z,141.718,1,268.84,1980,30,15,,,,
powertraces-pt100array_pt019_r1_7536307_11-89ffb37037,2026-05-07T18:49:09.424Z,141.718,2,275.44,1980,23,12,,,,
powertraces-pt100array_pt019_r1_7536307_11-89ffb37037,2026-05-07T18:49:09.424Z,141.718,3,277.26,1980,33,17,,,,
powertraces-pt100array_pt019_r1_7536307_11-89ffb37037,2026-05-07T18:49:09.524Z,141.818,0,212.46,1980,21,11,,,,
powertraces-pt100array_pt019_r1_7536307_11-89ffb37037,2026-05-07T18:49:09.524Z,141.818,1,267.98,1980,30,15,,,,
powertraces-pt100array_pt019_r1_7536307_11-89ffb37037,2026-05-07T18:49:09.524Z,141.818,2,273.23,1980,23,12,,,,
powertraces-pt100array_pt019_r1_7536307_11-89ffb37037,2026-05-07T18:49:09.524Z,141.818,3,279.81,1980,33,16,,,,
powertraces-pt100array_pt019_r1_7536307_11-89ffb37037,2026-05-07T18:49:09.624Z,141.918,0,210.51,1980,21,11,,,,
powertraces-pt100array_pt019_r1_7536307_11-89ffb37037,2026-05-07T18:49:09.624Z,141.918,1,267.99,1980,35,17,,,,
powertraces-pt100array_pt019_r1_7536307_11-89ffb37037,2026-05-07T18:49:09.624Z,141.918,2,275.35,1980,35,17,,,,
powertraces-pt100array_pt019_r1_7536307_11-89ffb37037,2026-05-07T18:49:09.624Z,141.918,3,276.98,1980,33,16,,,,
powertraces-pt100array_pt019_r1_7536307_11-89ffb37037,2026-05-07T18:49:09.724Z,142.018,0,212.1,1980,21,10,,,,
powertraces-pt100array_pt019_r1_7536307_11-89ffb37037,2026-05-07T18:49:09.724Z,142.018,1,269.41,1980,35,17,,,,
powertraces-pt100array_pt019_r1_7536307_11-89ffb37037,2026-05-07T18:49:09.724Z,142.018,2,276.02,1980,35,17,,,,
powertraces-pt100array_pt019_r1_7536307_11-89ffb37037,2026-05-07T18:49:09.724Z,142.018,3,277.2,1980,15,8,,,,
powertraces-pt100array_pt019_r1_7536307_11-89ffb37037,2026-05-07T18:49:09.824Z,142.118,0,207.89,1980,21,10,,,,
powertraces-pt100array_pt019_r1_7536307_11-89ffb37037,2026-05-07T18:49:09.824Z,142.118,1,269.55,1980,23,12,,,,
powertraces-pt100array_pt019_r1_7536307_11-89ffb37037,2026-05-07T18:49:09.824Z,142.118,2,270.1,1980,35,17,,,,
powertraces-pt100array_pt019_r1_7536307_11-89ffb37037,2026-05-07T18:49:09.824Z,142.118,3,277.32,1980,15,8,,,,
powertraces-pt100array_pt019_r1_7536307_11-89ffb37037,2026-05-07T18:49:09.925Z,142.219,0,211.25,1980,9,4,,,,
powertraces-pt100array_pt019_r1_7536307_11-89ffb37037,2026-05-07T18:49:09.925Z,142.219,1,268.32,1980,23,12,,,,
powertraces-pt100array_pt019_r1_7536307_11-89ffb37037,2026-05-07T18:49:09.925Z,142.219,2,273.04,1980,35,17,,,,
powertraces-pt100array_pt019_r1_7536307_11-89ffb37037,2026-05-07T18:49:09.925Z,142.219,3,273.93,1980,33,17,,,,
powertraces-pt100array_pt019_r1_7536307_11-89ffb37037,2026-05-07T18:49:10.025Z,142.319,0,211.62,1980,9,4,,,,
powertraces-pt100array_pt019_r1_7536307_11-89ffb37037,2026-05-07T18:49:10.025Z,142.319,1,267.9,1980,25,12,,,,
powertraces-pt100array_pt019_r1_7536307_11-89ffb37037,2026-05-07T18:49:10.025Z,142.319,2,273.91,1980,35,17,,,,
powertraces-pt100array_pt019_r1_7536307_11-89ffb37037,2026-05-07T18:49:10.025Z,142.319,3,272.07,1980,33,17,,,,
powertraces-pt100array_pt019_r1_7536307_11-89ffb37037,2026-05-07T18:49:10.125Z,142.419,0,214.62,1980,21,10,,,,
powertraces-pt100array_pt019_r1_7536307_11-89ffb37037,2026-05-07T18:49:10.125Z,142.419,1,269.56,1980,25,12,,,,
powertraces-pt100array_pt019_r1_7536307_11-89ffb37037,2026-05-07T18:49:10.125Z,142.419,2,274.26,1980,35,17,,,,
powertraces-pt100array_pt019_r1_7536307_11-89ffb37037,2026-05-07T18:49:10.125Z,142.419,3,276.56,1980,11,4,,,,
powertraces-pt100array_pt019_r1_7536307_11-89ffb37037,2026-05-07T18:49:10.225Z,142.519,0,212.45,1980,21,10,,,,
powertraces-pt100array_pt019_r1_7536307_11-89ffb37037,2026-05-07T18:49:10.225Z,142.519,1,265.35,1980,33,16,,,,
powertraces-pt100array_pt019_r1_7536307_11-89ffb37037,2026-05-07T18:49:10.225Z,142.519,2,273.76,1980,19,9,,,,
powertraces-pt100array_pt019_r1_7536307_11-89ffb37037,2026-05-07T18:49:10.225Z,142.519,3,277.12,1980,11,4,,,,
powertraces-pt100array_pt019_r1_7536307_11-89ffb37037,2026-05-07T18:49:10.325Z,142.619,0,213.18,1980,4,2,,,,
powertraces-pt100array_pt019_r1_7536307_11-89ffb37037,2026-05-07T18:49:10.325Z,142.619,1,270.1,1980,33,16,,,,
powertraces-pt100array_pt019_r1_7536307_11-89ffb37037,2026-05-07T18:49:10.325Z,142.619,2,273.62,1980,19,9,,,,
powertraces-pt100array_pt019_r1_7536307_11-89ffb37037,2026-05-07T18:49:10.325Z,142.619,3,276.54,1980,33,17,,,,
powertraces-pt100array_pt019_r1_7536307_11-89ffb37037,2026-05-07T18:49:10.425Z,142.719,0,214.71,1980,4,2,,,,
powertraces-pt100array_pt019_r1_7536307_11-89ffb37037,2026-05-07T18:49:10.426Z,142.72,1,266.84,1980,14,6,,,,
powertraces-pt100array_pt019_r1_7536307_11-89ffb37037,2026-05-07T18:49:10.426Z,142.72,2,275.06,1980,28,14,,,,
powertraces-pt100array_pt019_r1_7536307_11-89ffb37037,2026-05-07T18:49:10.426Z,142.72,3,270.03,1980,33,17,,,,
powertraces-pt100array_pt019_r1_7536307_11-89ffb37037,2026-05-07T18:49:10.526Z,142.82,0,216.34,1980,21,11,,,,
powertraces-pt100array_pt019_r1_7536307_11-89ffb37037,2026-05-07T18:49:10.526Z,142.82,1,262.65,1980,14,6,,,,
powertraces-pt100array_pt019_r1_7536307_11-89ffb37037,2026-05-07T18:49:10.526Z,142.82,2,276.45,1980,28,14,,,,
powertraces-pt100array_pt019_r1_7536307_11-89ffb37037,2026-05-07T18:49:10.526Z,142.82,3,273.99,1980,30,15,,,,
powertraces-pt100array_pt019_r1_7536307_11-89ffb37037,2026-05-07T18:49:10.626Z,142.92,0,215.59,1980,21,11,,,,
powertraces-pt100array_pt019_r1_7536307_11-89ffb37037,2026-05-07T18:49:10.626Z,142.92,1,266.6,1980,35,17,,,,
powertraces-pt100array_pt019_r1_7536307_11-89ffb37037,2026-05-07T18:49:10.626Z,142.92,2,273.18,1980,19,9,,,,
powertraces-pt100array_pt019_r1_7536307_11-89ffb37037,2026-05-07T18:49:10.626Z,142.92,3,277.66,1980,30,15,,,,
powertraces-pt100array_pt019_r1_7536307_11-89ffb37037,2026-05-07T18:49:10.726Z,143.02,0,212.52,1980,21,11,,,,
powertraces-pt100array_pt019_r1_7536307_11-89ffb37037,2026-05-07T18:49:10.726Z,143.02,1,266.16,1980,35,17,,,,
powertraces-pt100array_pt019_r1_7536307_11-89ffb37037,2026-05-07T18:49:10.726Z,143.02,2,273.91,1980,19,9,,,,
powertraces-pt100array_pt019_r1_7536307_11-89ffb37037,2026-05-07T18:49:10.726Z,143.02,3,276.99,1980,31,16,,,,
powertraces-pt100array_pt019_r1_7536307_11-89ffb37037,2026-05-07T18:49:10.826Z,143.12,0,216.14,1980,21,11,,,,
powertraces-pt100array_pt019_r1_7536307_11-89ffb37037,2026-05-07T18:49:10.826Z,143.12,1,264.13,1980,31,16,,,,
powertraces-pt100array_pt019_r1_7536307_11-89ffb37037,2026-05-07T18:49:10.826Z,143.12,2,274.46,1980,23,12,,,,
powertraces-pt100array_pt019_r1_7536307_11-89ffb37037,2026-05-07T18:49:10.826Z,143.12,3,274.73,1980,31,16,,,,
powertraces-pt100array_pt019_r1_7536307_11-89ffb37037,2026-05-07T18:49:10.926Z,143.22,0,217.84,1980,21,11,,,,
powertraces-pt100array_pt019_r1_7536307_11-89ffb37037,2026-05-07T18:49:10.927Z,143.221,1,263.58,1980,31,16,,,,
powertraces-pt100array_pt019_r1_7536307_11-89ffb37037,2026-05-07T18:49:10.927Z,143.221,2,270.16,1980,23,12,,,,
powertraces-pt100array_pt019_r1_7536307_11-89ffb37037,2026-05-07T18:49:10.927Z,143.221,3,276.01,1980,33,16,,,,
powertraces-pt100array_pt019_r1_7536307_11-89ffb37037,2026-05-07T18:49:11.027Z,143.321,0,216.61,1980,21,11,,,,
powertraces-pt100array_pt019_r1_7536307_11-89ffb37037,2026-05-07T18:49:11.027Z,143.321,1,264.19,1980,34,17,,,,
powertraces-pt100array_pt019_r1_7536307_11-89ffb37037,2026-05-07T18:49:11.027Z,143.321,2,271.89,1980,35,17,,,,
powertraces-pt100array_pt019_r1_7536307_11-89ffb37037,2026-05-07T18:49:11.027Z,143.321,3,275.31,1980,33,16,,,,
powertraces-pt100array_pt019_r1_7536307_11-89ffb37037,2026-05-07T18:49:11.127Z,143.421,0,216.76,1980,21,11,,,,
powertraces-pt100array_pt019_r1_7536307_11-89ffb37037,2026-05-07T18:49:11.127Z,143.421,1,267.73,1980,34,17,,,,
powertraces-pt100array_pt019_r1_7536307_11-89ffb37037,2026-05-07T18:49:11.127Z,143.421,2,276.14,1980,35,17,,,,
powertraces-pt100array_pt019_r1_7536307_11-89ffb37037,2026-05-07T18:49:11.127Z,143.421,3,274.7,1980,11,6,,,,
powertraces-pt100array_pt019_r1_7536307_11-89ffb37037,2026-05-07T18:49:11.227Z,143.521,0,217.1,1980,21,11,,,,
powertraces-pt100array_pt019_r1_7536307_11-89ffb37037,2026-05-07T18:49:11.227Z,143.521,1,265.39,1980,23,12,,,,
powertraces-pt100array_pt019_r1_7536307_11-89ffb37037,2026-05-07T18:49:11.227Z,143.521,2,274.33,1980,34,17,,,,
powertraces-pt100array_pt019_r1_7536307_11-89ffb37037,2026-05-07T18:49:11.227Z,143.521,3,275.9,1980,11,6,,,,
powertraces-pt100array_pt019_r1_7536307_11-89ffb37037,2026-05-07T18:49:11.327Z,143.621,0,217.8,1980,5,2,,,,
powertraces-pt100array_pt019_r1_7536307_11-89ffb37037,2026-05-07T18:49:11.327Z,143.621,1,267.12,1980,23,12,,,,
powertraces-pt100array_pt019_r1_7536307_11-89ffb37037,2026-05-07T18:49:11.327Z,143.621,2,275.93,1980,34,17,,,,
powertraces-pt100array_pt019_r1_7536307_11-89ffb37037,2026-05-07T18:49:11.327Z,143.621,3,280.42,1980,33,17,,,,
powertraces-pt100array_pt019_r1_7536307_11-89ffb37037,2026-05-07T18:49:11.427Z,143.721,0,216.36,1980,5,2,,,,
powertraces-pt100array_pt019_r1_7536307_11-89ffb37037,2026-05-07T18:49:11.428Z,143.722,1,268.59,1980,20,9,,,,
powertraces-pt100array_pt019_r1_7536307_11-89ffb37037,2026-05-07T18:49:11.428Z,143.722,2,273.81,1980,35,17,,,,
powertraces-pt100array_pt019_r1_7536307_11-89ffb37037,2026-05-07T18:49:11.428Z,143.722,3,277.89,1980,33,17,,,,
powertraces-pt100array_pt019_r1_7536307_11-89ffb37037,2026-05-07T18:49:11.528Z,143.822,0,217.15,1980,21,11,,,,
powertraces-pt100array_pt019_r1_7536307_11-89ffb37037,2026-05-07T18:49:11.528Z,143.822,1,270.25,1980,20,9,,,,
powertraces-pt100array_pt019_r1_7536307_11-89ffb37037,2026-05-07T18:49:11.528Z,143.822,2,278.34,1980,35,17,,,,
powertraces-pt100array_pt019_r1_7536307_11-89ffb37037,2026-05-07T18:49:11.528Z,143.822,3,276.04,1980,16,8,,,,
powertraces-pt100array_pt019_r1_7536307_11-89ffb37037,2026-05-07T18:49:11.628Z,143.922,0,219.22,1980,21,11,,,,
powertraces-pt100array_pt019_r1_7536307_11-89ffb37037,2026-05-07T18:49:11.628Z,143.922,1,266.43,1980,35,17,,,,
powertraces-pt100array_pt019_r1_7536307_11-89ffb37037,2026-05-07T18:49:11.628Z,143.922,2,278.97,1980,15,7,,,,
powertraces-pt100array_pt019_r1_7536307_11-89ffb37037,2026-05-07T18:49:11.628Z,143.922,3,279.1,1980,16,8,,,,
powertraces-pt100array_pt019_r1_7536307_11-89ffb37037,2026-05-07T18:49:11.728Z,144.022,0,218.25,1980,11,5,,,,
powertraces-pt100array_pt019_r1_7536307_11-89ffb37037,2026-05-07T18:49:11.728Z,144.022,1,266.67,1980,35,17,,,,
powertraces-pt100array_pt019_r1_7536307_11-89ffb37037,2026-05-07T18:49:11.728Z,144.022,2,276.51,1980,15,7,,,,
powertraces-pt100array_pt019_r1_7536307_11-89ffb37037,2026-05-07T18:49:11.728Z,144.022,3,281.75,1980,33,17,,,,
powertraces-pt100array_pt019_r1_7536307_11-89ffb37037,2026-05-07T18:49:11.828Z,144.122,0,228.88,1980,11,5,,,,
powertraces-pt100array_pt019_r1_7536307_11-89ffb37037,2026-05-07T18:49:11.828Z,144.122,1,271.56,1980,20,10,,,,
powertraces-pt100array_pt019_r1_7536307_11-89ffb37037,2026-05-07T18:49:11.828Z,144.122,2,283.22,1980,25,13,,,,
powertraces-pt100array_pt019_r1_7536307_11-89ffb37037,2026-05-07T18:49:11.828Z,144.122,3,280.06,1980,33,17,,,,
powertraces-pt100array_pt019_r1_7536307_11-89ffb37037,2026-05-07T18:49:11.928Z,144.222,0,225.4,1980,19,8,,,,
powertraces-pt100array_pt019_r1_7536307_11-89ffb37037,2026-05-07T18:49:11.928Z,144.222,1,273.45,1980,20,10,,,,
powertraces-pt100array_pt019_r1_7536307_11-89ffb37037,2026-05-07T18:49:11.928Z,144.222,2,288.43,1980,25,13,,,,
powertraces-pt100array_pt019_r1_7536307_11-89ffb37037,2026-05-07T18:49:11.928Z,144.222,3,292.98,1980,30,22,,,,
powertraces-pt100array_pt019_r1_7536307_11-89ffb37037,2026-05-07T18:49:12.029Z,144.323,0,224.42,1980,19,8,,,,
powertraces-pt100array_pt019_r1_7536307_11-89ffb37037,2026-05-07T18:49:12.029Z,144.323,1,268.68,1980,31,14,,,,
powertraces-pt100array_pt019_r1_7536307_11-89ffb37037,2026-05-07T18:49:12.029Z,144.323,2,286.03,1980,21,9,,,,
powertraces-pt100array_pt019_r1_7536307_11-89ffb37037,2026-05-07T18:49:12.029Z,144.323,3,292.17,1980,30,22,,,,
powertraces-pt100array_pt019_r1_7536307_11-89ffb37037,2026-05-07T18:49:12.129Z,144.423,0,218.5,1980,9,4,,,,
powertraces-pt100array_pt019_r1_7536307_11-89ffb37037,2026-05-07T18:49:12.129Z,144.423,1,273.86,1980,31,14,,,,
powertraces-pt100array_pt019_r1_7536307_11-89ffb37037,2026-05-07T18:49:12.129Z,144.423,2,276.56,1980,21,9,,,,
powertraces-pt100array_pt019_r1_7536307_11-89ffb37037,2026-05-07T18:49:12.129Z,144.423,3,295.03,1980,33,17,,,,
powertraces-pt100array_pt019_r1_7536307_11-89ffb37037,2026-05-07T18:49:12.229Z,144.523,0,226.2,1980,9,4,,,,
powertraces-pt100array_pt019_r1_7536307_11-89ffb37037,2026-05-07T18:49:12.229Z,144.523,1,276.29,1980,18,8,,,,
powertraces-pt100array_pt019_r1_7536307_11-89ffb37037,2026-05-07T18:49:12.229Z,144.523,2,283.7,1980,24,13,,,,
powertraces-pt100array_pt019_r1_7536307_11-89ffb37037,2026-05-07T18:49:12.229Z,144.523,3,286.21,1980,33,17,,,,
powertraces-pt100array_pt019_r1_7536307_11-89ffb37037,2026-05-07T18:49:12.329Z,144.623,0,225.85,1980,21,11,,,,
powertraces-pt100array_pt019_r1_7536307_11-89ffb37037,2026-05-07T18:49:12.329Z,144.623,1,270.07,1980,18,8,,,,
powertraces-pt100array_pt019_r1_7536307_11-89ffb37037,2026-05-07T18:49:12.329Z,144.623,2,284.36,1980,24,13,,,,
powertraces-pt100array_pt019_r1_7536307_11-89ffb37037,2026-05-07T18:49:12.329Z,144.623,3,285.8,1980,33,16,,,,
powertraces-pt100array_pt019_r1_7536307_11-89ffb37037,2026-05-07T18:49:12.429Z,144.723,0,227.08,1980,21,11,,,,
powertraces-pt100array_pt019_r1_7536307_11-89ffb37037,2026-05-07T18:49:12.429Z,144.723,1,270.97,1980,35,17,,,,
powertraces-pt100array_pt019_r1_7536307_11-89ffb37037,2026-05-07T18:49:12.429Z,144.723,2,282.98,1980,23,11,,,,
powertraces-pt100array_pt019_r1_7536307_11-89ffb37037,2026-05-07T18:49:12.429Z,144.723,3,290.34,1980,33,16,,,,
powertraces-pt100array_pt019_r1_7536307_11-89ffb37037,2026-05-07T18:49:12.53Z,144.824,0,222.33,1980,21,11,,,,
powertraces-pt100array_pt019_r1_7536307_11-89ffb37037,2026-05-07T18:49:12.53Z,144.824,1,270.73,1980,35,17,,,,
powertraces-pt100array_pt019_r1_7536307_11-89ffb37037,2026-05-07T18:49:12.53Z,144.824,2,278.44,1980,23,11,,,,
powertraces-pt100array_pt019_r1_7536307_11-89ffb37037,2026-05-07T18:49:12.53Z,144.824,3,290.78,1980,27,14,,,,
powertraces-pt100array_pt019_r1_7536307_11-89ffb37037,2026-05-07T18:49:12.63Z,144.924,0,224.36,1980,21,11,,,,
powertraces-pt100array_pt019_r1_7536307_11-89ffb37037,2026-05-07T18:49:12.63Z,144.924,1,275.05,1980,29,15,,,,
powertraces-pt100array_pt019_r1_7536307_11-89ffb37037,2026-05-07T18:49:12.63Z,144.924,2,281.74,1980,25,13,,,,
powertraces-pt100array_pt019_r1_7536307_11-89ffb37037,2026-05-07T18:49:12.63Z,144.924,3,286.83,1980,27,14,,,,
powertraces-pt100array_pt019_r1_7536307_11-89ffb37037,2026-05-07T18:49:12.73Z,145.024,0,225.21,1980,21,10,,,,
powertraces-pt100array_pt019_r1_7536307_11-89ffb37037,2026-05-07T18:49:12.73Z,145.024,1,275.88,1980,29,15,,,,
powertraces-pt100array_pt019_r1_7536307_11-89ffb37037,2026-05-07T18:49:12.73Z,145.024,2,280.23,1980,25,13,,,,
powertraces-pt100array_pt019_r1_7536307_11-89ffb37037,2026-05-07T18:49:12.73Z,145.024,3,279.81,1980,33,17,,,,
powertraces-pt100array_pt019_r1_7536307_11-89ffb37037,2026-05-07T18:49:12.83Z,145.124,0,216.01,1980,21,10,,,,
powertraces-pt100array_pt019_r1_7536307_11-89ffb37037,2026-05-07T18:49:12.83Z,145.124,1,270.66,1980,35,17,,,,
powertraces-pt100array_pt019_r1_7536307_11-89ffb37037,2026-05-07T18:49:12.83Z,145.124,2,278.11,1980,35,17,,,,
powertraces-pt100array_pt019_r1_7536307_11-89ffb37037,2026-05-07T18:49:12.83Z,145.124,3,277.75,1980,33,17,,,,
powertraces-pt100array_pt019_r1_7536307_11-89ffb37037,2026-05-07T18:49:12.93Z,145.224,0,216.34,1980,21,10,,,,
powertraces-pt100array_pt019_r1_7536307_11-89ffb37037,2026-05-07T18:49:12.93Z,145.224,1,266.15,1980,35,17,,,,
powertraces-pt100array_pt019_r1_7536307_11-89ffb37037,2026-05-07T18:49:12.93Z,145.224,2,274.2,1980,35,17,,,,
powertraces-pt100array_pt019_r1_7536307_11-89ffb37037,2026-05-07T18:49:12.93Z,145.224,3,276.91,1980,9,4,,,,
powertraces-pt100array_pt019_r1_7536307_11-89ffb37037,2026-05-07T18:49:13.031Z,145.325,0,213.51,1980,21,10,,,,
powertraces-pt100array_pt019_r1_7536307_11-89ffb37037,2026-05-07T18:49:13.031Z,145.325,1,266.12,1980,23,12,,,,
powertraces-pt100array_pt019_r1_7536307_11-89ffb37037,2026-05-07T18:49:13.031Z,145.325,2,270.26,1980,32,16,,,,
powertraces-pt100array_pt019_r1_7536307_11-89ffb37037,2026-05-07T18:49:13.031Z,145.325,3,275.0,1980,9,4,,,,
powertraces-pt100array_pt019_r1_7536307_11-89ffb37037,2026-05-07T18:49:13.131Z,145.425,0,216.06,1980,3,1,,,,
powertraces-pt100array_pt019_r1_7536307_11-89ffb37037,2026-05-07T18:49:13.131Z,145.425,1,269.49,1980,23,12,,,,
powertraces-pt100array_pt019_r1_7536307_11-89ffb37037,2026-05-07T18:49:13.131Z,145.425,2,272.65,1980,32,16,,,,
powertraces-pt100array_pt019_r1_7536307_11-89ffb37037,2026-05-07T18:49:13.131Z,145.425,3,275.09,1980,33,17,,,,
powertraces-pt100array_pt019_r1_7536307_11-89ffb37037,2026-05-07T18:49:13.231Z,145.525,0,214.87,1980,3,1,,,,
powertraces-pt100array_pt019_r1_7536307_11-89ffb37037,2026-05-07T18:49:13.231Z,145.525,1,269.8,1980,17,8,,,,
powertraces-pt100array_pt019_r1_7536307_11-89ffb37037,2026-05-07T18:49:13.231Z,145.525,2,269.64,1980,35,17,,,,
powertraces-pt100array_pt019_r1_7536307_11-89ffb37037,2026-05-07T18:49:13.231Z,145.525,3,270.83,1980,33,17,,,,
powertraces-pt100array_pt019_r1_7536307_11-89ffb37037,2026-05-07T18:49:13.331Z,145.625,0,213.55,1980,21,11,,,,
powertraces-pt100array_pt019_r1_7536307_11-89ffb37037,2026-05-07T18:49:13.331Z,145.625,1,269.21,1980,17,8,,,,
powertraces-pt100array_pt019_r1_7536307_11-89ffb37037,2026-05-07T18:49:13.331Z,145.625,2,274.65,1980,35,17,,,,
powertraces-pt100array_pt019_r1_7536307_11-89ffb37037,2026-05-07T18:49:13.331Z,145.625,3,277.04,1980,18,9,,,,
powertraces-pt100array_pt019_r1_7536307_11-89ffb37037,2026-05-07T18:49:13.431Z,145.725,0,216.49,1980,21,11,,,,
powertraces-pt100array_pt019_r1_7536307_11-89ffb37037,2026-05-07T18:49:13.431Z,145.725,1,266.64,1980,35,17,,,,
powertraces-pt100array_pt019_r1_7536307_11-89ffb37037,2026-05-07T18:49:13.431Z,145.725,2,275.83,1980,12,5,,,,
powertraces-pt100array_pt019_r1_7536307_11-89ffb37037,2026-05-07T18:49:13.431Z,145.725,3,275.88,1980,18,9,,,,
powertraces-pt100array_pt019_r1_7536307_11-89ffb37037,2026-05-07T18:49:13.532Z,145.826,0,215.52,1980,13,7,,,,
powertraces-pt100array_pt019_r1_7536307_11-89ffb37037,2026-05-07T18:49:13.532Z,145.826,1,270.4,1980,35,17,,,,
powertraces-pt100array_pt019_r1_7536307_11-89ffb37037,2026-05-07T18:49:13.532Z,145.826,2,273.12,1980,12,5,,,,
powertraces-pt100array_pt019_r1_7536307_11-89ffb37037,2026-05-07T18:49:13.532Z,145.826,3,275.34,1980,32,16,,,,
powertraces-pt100array_pt019_r1_7536307_11-89ffb37037,2026-05-07T18:49:13.632Z,145.926,0,215.96,1980,13,7,,,,
powertraces-pt100array_pt019_r1_7536307_11-89ffb37037,2026-05-07T18:49:13.632Z,145.926,1,271.23,1980,23,11,,,,
powertraces-pt100array_pt019_r1_7536307_11-89ffb37037,2026-05-07T18:49:13.632Z,145.926,2,274.36,1980,23,12,,,,
powertraces-pt100array_pt019_r1_7536307_11-89ffb37037,2026-05-07T18:49:13.632Z,145.926,3,274.97,1980,32,16,,,,
powertraces-pt100array_pt019_r1_7536307_11-89ffb37037,2026-05-07T18:49:13.732Z,146.026,0,216.03,1980,21,11,,,,
powertraces-pt100array_pt019_r1_7536307_11-89ffb37037,2026-05-07T18:49:13.732Z,146.026,1,271.12,1980,23,11,,,,
powertraces-pt100array_pt019_r1_7536307_11-89ffb37037,2026-05-07T18:49:13.732Z,146.026,2,272.98,1980,23,12,,,,
powertraces-pt100array_pt019_r1_7536307_11-89ffb37037,2026-05-07T18:49:13.732Z,146.026,3,272.29,1980,33,16,,,,
powertraces-pt100array_pt019_r1_7536307_11-89ffb37037,2026-05-07T18:49:13.832Z,146.126,0,217.37,1980,21,11,,,,
powertraces-pt100array_pt019_r1_7536307_11-89ffb37037,2026-05-07T18:49:13.832Z,146.126,1,271.05,1980,35,17,,,,
powertraces-pt100array_pt019_r1_7536307_11-89ffb37037,2026-05-07T18:49:13.832Z,146.126,2,278.39,1980,27,13,,,,
powertraces-pt100array_pt019_r1_7536307_11-89ffb37037,2026-05-07T18:49:13.832Z,146.126,3,276.4,1980,33,16,,,,
powertraces-pt100array_pt019_r1_7536307_11-89ffb37037,2026-05-07T18:49:13.932Z,146.226,0,217.07,1980,21,11,,,,
powertraces-pt100array_pt019_r1_7536307_11-89ffb37037,2026-05-07T18:49:13.932Z,146.226,1,268.94,1980,35,17,,,,
powertraces-pt100array_pt019_r1_7536307_11-89ffb37037,2026-05-07T18:49:13.932Z,146.226,2,275.08,1980,27,13,,,,
powertraces-pt100array_pt019_r1_7536307_11-89ffb37037,2026-05-07T18:49:13.932Z,146.226,3,277.5,1980,22,12,,,,
powertraces-pt100array_pt019_r1_7536307_11-89ffb37037,2026-05-07T18:49:14.033Z,146.327,0,214.37,1980,21,11,,,,
powertraces-pt100array_pt019_r1_7536307_11-89ffb37037,2026-05-07T18:49:14.033Z,146.327,1,268.76,1980,23,12,,,,
powertraces-pt100array_pt019_r1_7536307_11-89ffb37037,2026-05-07T18:49:14.033Z,146.327,2,273.83,1980,30,15,,,,
powertraces-pt100array_pt019_r1_7536307_11-89ffb37037,2026-05-07T18:49:14.033Z,146.327,3,276.23,1980,22,12,,,,
powertraces-pt100array_pt019_r1_7536307_11-89ffb37037,2026-05-07T18:49:14.133Z,146.427,0,216.43,1980,14,7,,,,
powertraces-pt100array_pt019_r1_7536307_11-89ffb37037,2026-05-07T18:49:14.133Z,146.427,1,270.56,1980,23,12,,,,
powertraces-pt100array_pt019_r1_7536307_11-89ffb37037,2026-05-07T18:49:14.133Z,146.427,2,276.59,1980,30,15,,,,
powertraces-pt100array_pt019_r1_7536307_11-89ffb37037,2026-05-07T18:49:14.133Z,146.427,3,271.54,1980,33,17,,,,
powertraces-pt100array_pt019_r1_7536307_11-89ffb37037,2026-05-07T18:49:14.233Z,146.527,0,218.64,1980,14,7,,,,
powertraces-pt100array_pt019_r1_7536307_11-89ffb37037,2026-05-07T18:49:14.233Z,146.527,1,267.68,1980,32,15,,,,
powertraces-pt100array_pt019_r1_7536307_11-89ffb37037,2026-05-07T18:49:14.233Z,146.527,2,274.99,1980,36,18,,,,
powertraces-pt100array_pt019_r1_7536307_11-89ffb37037,2026-05-07T18:49:14.233Z,146.527,3,275.34,1980,33,17,,,,
powertraces-pt100array_pt019_r1_7536307_11-89ffb37037,2026-05-07T18:49:14.333Z,146.627,0,217.5,1980,21,11,,,,
powertraces-pt100array_pt019_r1_7536307_11-89ffb37037,2026-05-07T18:49:14.333Z,146.627,1,266.16,1980,32,15,,,,
powertraces-pt100array_pt019_r1_7536307_11-89ffb37037,2026-05-07T18:49:14.333Z,146.627,2,271.79,1980,36,18,,,,
powertraces-pt100array_pt019_r1_7536307_11-89ffb37037,2026-05-07T18:49:14.333Z,146.627,3,276.56,1980,7,3,,,,
powertraces-pt100array_pt019_r1_7536307_11-89ffb37037,2026-05-07T18:49:14.433Z,146.727,0,213.96,1980,21,11,,,,
powertraces-pt100array_pt019_r1_7536307_11-89ffb37037,2026-05-07T18:49:14.433Z,146.727,1,265.84,1980,26,14,,,,
powertraces-pt100array_pt019_r1_7536307_11-89ffb37037,2026-05-07T18:49:14.433Z,146.727,2,275.41,1980,26,13,,,,
powertraces-pt100array_pt019_r1_7536307_11-89ffb37037,2026-05-07T18:49:14.433Z,146.727,3,276.67,1980,7,3,,,,
powertraces-pt100array_pt019_r1_7536307_11-89ffb37037,2026-05-07T18:49:14.534Z,146.828,0,217.86,1980,1,0,,,,
powertraces-pt100array_pt019_r1_7536307_11-89ffb37037,2026-05-07T18:49:14.534Z,146.828,1,267.38,1980,26,14,,,,
powertraces-pt100array_pt019_r1_7536307_11-89ffb37037,2026-05-07T18:49:14.534Z,146.828,2,277.51,1980,26,13,,,,
powertraces-pt100array_pt019_r1_7536307_11-89ffb37037,2026-05-07T18:49:14.534Z,146.828,3,276.63,1980,33,16,,,,
powertraces-pt100array_pt019_r1_7536307_11-89ffb37037,2026-05-07T18:49:14.634Z,146.928,0,218.68,1980,1,0,,,,
powertraces-pt100array_pt019_r1_7536307_11-89ffb37037,2026-05-07T18:49:14.634Z,146.928,1,265.86,1980,12,5,,,,
powertraces-pt100array_pt019_r1_7536307_11-89ffb37037,2026-05-07T18:49:14.634Z,146.928,2,271.71,1980,34,17,,,,
powertraces-pt100array_pt019_r1_7536307_11-89ffb37037,2026-05-07T18:49:14.634Z,146.928,3,278.92,1980,33,16,,,,
powertraces-pt100array_pt019_r1_7536307_11-89ffb37037,2026-05-07T18:49:14.734Z,147.028,0,217.77,1980,21,11,,,,
powertraces-pt100array_pt019_r1_7536307_11-89ffb37037,2026-05-07T18:49:14.734Z,147.028,1,267.35,1980,12,5,,,,
powertraces-pt100array_pt019_r1_7536307_11-89ffb37037,2026-05-07T18:49:14.734Z,147.028,2,272.28,1980,34,17,,,,
powertraces-pt100array_pt019_r1_7536307_11-89ffb37037,2026-05-07T18:49:14.734Z,147.028,3,280.27,1980,23,11,,,,
powertraces-pt100array_pt019_r1_7536307_11-89ffb37037,2026-05-07T18:49:14.834Z,147.128,0,215.49,1980,21,11,,,,
powertraces-pt100array_pt019_r1_7536307_11-89ffb37037,2026-05-07T18:49:14.834Z,147.128,1,268.46,1980,35,17,,,,
powertraces-pt100array_pt019_r1_7536307_11-89ffb37037,2026-05-07T18:49:14.834Z,147.128,2,274.58,1980,13,6,,,,
powertraces-pt100array_pt019_r1_7536307_11-89ffb37037,2026-05-07T18:49:14.834Z,147.128,3,279.79,1980,23,11,,,,
powertraces-pt100array_pt019_r1_7536307_11-89ffb37037,2026-05-07T18:49:14.934Z,147.228,0,217.15,1980,16,9,,,,
powertraces-pt100array_pt019_r1_7536307_11-89ffb37037,2026-05-07T18:49:14.934Z,147.228,1,266.72,1980,35,17,,,,
powertraces-pt100array_pt019_r1_7536307_11-89ffb37037,2026-05-07T18:49:14.934Z,147.228,2,272.24,1980,13,6,,,,
powertraces-pt100array_pt019_r1_7536307_11-89ffb37037,2026-05-07T18:49:14.934Z,147.228,3,277.05,1980,33,17,,,,
powertraces-pt100array_pt019_r1_7536307_11-89ffb37037,2026-05-07T18:49:15.035Z,147.329,0,217.88,1980,16,9,,,,
powertraces-pt100array_pt019_r1_7536307_11-89ffb37037,2026-05-07T18:49:15.035Z,147.329,1,268.83,1980,29,14,,,,
powertraces-pt100array_pt019_r1_7536307_11-89ffb37037,2026-05-07T18:49:15.035Z,147.329,2,273.1,1980,23,12,,,,
powertraces-pt100array_pt019_r1_7536307_11-89ffb37037,2026-05-07T18:49:15.035Z,147.329,3,277.45,1980,33,17,,,,
powertraces-pt100array_pt019_r1_7536307_11-89ffb37037,2026-05-07T18:49:15.135Z,147.429,0,214.15,1980,21,11,,,,
powertraces-pt100array_pt019_r1_7536307_11-89ffb37037,2026-05-07T18:49:15.135Z,147.429,1,267.44,1980,29,14,,,,
powertraces-pt100array_pt019_r1_7536307_11-89ffb37037,2026-05-07T18:49:15.135Z,147.429,2,272.17,1980,23,12,,,,
powertraces-pt100array_pt019_r1_7536307_11-89ffb37037,2026-05-07T18:49:15.135Z,147.429,3,273.79,1980,33,16,,,,
powertraces-pt100array_pt019_r1_7536307_11-89ffb37037,2026-05-07T18:49:15.235Z,147.529,0,215.7,1980,21,11,,,,
powertraces-pt100array_pt019_r1_7536307_11-89ffb37037,2026-05-07T18:49:15.235Z,147.529,1,265.98,1980,35,17,,,,
powertraces-pt100array_pt019_r1_7536307_11-89ffb37037,2026-05-07T18:49:15.235Z,147.529,2,275.61,1980,33,16,,,,
powertraces-pt100array_pt019_r1_7536307_11-89ffb37037,2026-05-07T18:49:15.235Z,147.529,3,275.95,1980,33,16,,,,
powertraces-pt100array_pt019_r1_7536307_11-89ffb37037,2026-05-07T18:49:15.335Z,147.629,0,216.76,1980,21,11,,,,
powertraces-pt100array_pt019_r1_7536307_11-89ffb37037,2026-05-07T18:49:15.336Z,147.63,1,267.77,1980,35,17,,,,
powertraces-pt100array_pt019_r1_7536307_11-89ffb37037,2026-05-07T18:49:15.336Z,147.63,2,277.56,1980,33,16,,,,
powertraces-pt100array_pt019_r1_7536307_11-89ffb37037,2026-05-07T18:49:15.336Z,147.63,3,277.99,1980,17,9,,,,
powertraces-pt100array_pt019_r1_7536307_11-89ffb37037,2026-05-07T18:49:15.436Z,147.73,0,216.33,1980,21,11,,,,
powertraces-pt100array_pt019_r1_7536307_11-89ffb37037,2026-05-07T18:49:15.436Z,147.73,1,265.49,1980,23,12,,,,
powertraces-pt100array_pt019_r1_7536307_11-89ffb37037,2026-05-07T18:49:15.436Z,147.73,2,273.86,1980,35,17,,,,
powertraces-pt100array_pt019_r1_7536307_11-89ffb37037,2026-05-07T18:49:15.436Z,147.73,3,276.54,1980,17,9,,,,
powertraces-pt100array_pt019_r1_7536307_11-89ffb37037,2026-05-07T18:49:15.536Z,147.83,0,214.33,1980,10,4,,,,
powertraces-pt100array_pt019_r1_7536307_11-89ffb37037,2026-05-07T18:49:15.536Z,147.83,1,268.62,1980,23,12,,,,
powertraces-pt100array_pt019_r1_7536307_11-89ffb37037,2026-05-07T18:49:15.536Z,147.83,2,274.67,1980,35,17,,,,
powertraces-pt100array_pt019_r1_7536307_11-89ffb37037,2026-05-07T18:49:15.536Z,147.83,3,274.19,1980,33,16,,,,
powertraces-pt100array_pt019_r1_7536307_11-89ffb37037,2026-05-07T18:49:15.636Z,147.93,0,215.96,1980,10,4,,,,
powertraces-pt100array_pt019_r1_7536307_11-89ffb37037,2026-05-07T18:49:15.636Z,147.93,1,268.41,1980,25,12,,,,
powertraces-pt100array_pt019_r1_7536307_11-89ffb37037,2026-05-07T18:49:15.636Z,147.93,2,274.86,1980,35,17,,,,
powertraces-pt100array_pt019_r1_7536307_11-89ffb37037,2026-05-07T18:49:15.636Z,147.93,3,272.51,1980,33,16,,,,
powertraces-pt100array_pt019_r1_7536307_11-89ffb37037,2026-05-07T18:49:15.736Z,148.03,0,216.57,1980,21,10,,,,
powertraces-pt100array_pt019_r1_7536307_11-89ffb37037,2026-05-07T18:49:15.736Z,148.03,1,267.22,1980,25,12,,,,
powertraces-pt100array_pt019_r1_7536307_11-89ffb37037,2026-05-07T18:49:15.736Z,148.03,2,278.11,1980,35,17,,,,
powertraces-pt100array_pt019_r1_7536307_11-89ffb37037,2026-05-07T18:49:15.736Z,148.03,3,278.69,1980,9,3,,,,
powertraces-pt100array_pt019_r1_7536307_11-89ffb37037,2026-05-07T18:49:15.837Z,148.131,0,214.39,1980,21,10,,,,
powertraces-pt100array_pt019_r1_7536307_11-89ffb37037,2026-05-07T18:49:15.837Z,148.131,1,264.83,1980,32,16,,,,
powertraces-pt100array_pt019_r1_7536307_11-89ffb37037,2026-05-07T18:49:15.837Z,148.131,2,274.69,1980,21,10,,,,
powertraces-pt100array_pt019_r1_7536307_11-89ffb37037,2026-05-07T18:49:15.837Z,148.131,3,277.77,1980,9,3,,,,
powertraces-pt100array_pt019_r1_7536307_11-89ffb37037,2026-05-07T18:49:15.937Z,148.231,0,225.16,1980,22,14,,,,
powertraces-pt100array_pt019_r1_7536307_11-89ffb37037,2026-05-07T18:49:15.937Z,148.231,1,275.32,1980,32,16,,,,
powertraces-pt100array_pt019_r1_7536307_11-89ffb37037,2026-05-07T18:49:15.937Z,148.231,2,277.01,1980,21,10,,,,
powertraces-pt100array_pt019_r1_7536307_11-89ffb37037,2026-05-07T18:49:15.937Z,148.231,3,281.49,1980,33,17,,,,
powertraces-pt100array_pt019_r1_7536307_11-89ffb37037,2026-05-07T18:49:16.037Z,148.331,0,225.48,1980,22,14,,,,
powertraces-pt100array_pt019_r1_7536307_11-89ffb37037,2026-05-07T18:49:16.037Z,148.331,1,272.33,1980,37,25,,,,
powertraces-pt100array_pt019_r1_7536307_11-89ffb37037,2026-05-07T18:49:16.037Z,148.331,2,281.36,1980,36,18,,,,
powertraces-pt100array_pt019_r1_7536307_11-89ffb37037,2026-05-07T18:49:16.037Z,148.331,3,284.61,1980,33,17,,,,
powertraces-pt100array_pt019_r1_7536307_11-89ffb37037,2026-05-07T18:49:16.137Z,148.431,0,228.84,1980,21,10,,,,
powertraces-pt100array_pt019_r1_7536307_11-89ffb37037,2026-05-07T18:49:16.137Z,148.431,1,267.75,1980,37,25,,,,
powertraces-pt100array_pt019_r1_7536307_11-89ffb37037,2026-05-07T18:49:16.137Z,148.431,2,283.66,1980,36,18,,,,
powertraces-pt100array_pt019_r1_7536307_11-89ffb37037,2026-05-07T18:49:16.137Z,148.431,3,291.05,1980,14,6,,,,
powertraces-pt100array_pt019_r1_7536307_11-89ffb37037,2026-05-07T18:49:16.237Z,148.531,0,222.99,1980,21,10,,,,
powertraces-pt100array_pt019_r1_7536307_11-89ffb37037,2026-05-07T18:49:16.237Z,148.531,1,270.22,1980,31,16,,,,
powertraces-pt100array_pt019_r1_7536307_11-89ffb37037,2026-05-07T18:49:16.237Z,148.531,2,275.34,1980,21,10,,,,
powertraces-pt100array_pt019_r1_7536307_11-89ffb37037,2026-05-07T18:49:16.237Z,148.531,3,294.27,1980,14,6,,,,
powertraces-pt100array_pt019_r1_7536307_11-89ffb37037,2026-05-07T18:49:16.338Z,148.632,0,222.93,1980,4,2,,,,
powertraces-pt100array_pt019_r1_7536307_11-89ffb37037,2026-05-07T18:49:16.338Z,148.632,1,274.19,1980,31,16,,,,
powertraces-pt100array_pt019_r1_7536307_11-89ffb37037,2026-05-07T18:49:16.338Z,148.632,2,279.14,1980,21,10,,,,
powertraces-pt100array_pt019_r1_7536307_11-89ffb37037,2026-05-07T18:49:16.338Z,148.632,3,287.61,1980,33,17,,,,
powertraces-pt100array_pt019_r1_7536307_11-89ffb37037,2026-05-07T18:49:16.438Z,148.732,0,225.26,1980,4,2,,,,
powertraces-pt100array_pt019_r1_7536307_11-89ffb37037,2026-05-07T18:49:16.438Z,148.732,1,273.58,1980,12,5,,,,
powertraces-pt100array_pt019_r1_7536307_11-89ffb37037,2026-05-07T18:49:16.438Z,148.732,2,280.62,1980,30,15,,,,
powertraces-pt100array_pt019_r1_7536307_11-89ffb37037,2026-05-07T18:49:16.438Z,148.732,3,281.42,1980,33,17,,,,
powertraces-pt100array_pt019_r1_7536307_11-89ffb37037,2026-05-07T18:49:16.538Z,148.832,0,226.64,1980,21,11,,,,
powertraces-pt100array_pt019_r1_7536307_11-89ffb37037,2026-05-07T18:49:16.538Z,148.832,1,272.18,1980,12,5,,,,
powertraces-pt100array_pt019_r1_7536307_11-89ffb37037,2026-05-07T18:49:16.538Z,148.832,2,280.95,1980,30,15,,,,
powertraces-pt100array_pt019_r1_7536307_11-89ffb37037,2026-05-07T18:49:16.538Z,148.832,3,287.07,1980,29,14,,,,
powertraces-pt100array_pt019_r1_7536307_11-89ffb37037,2026-05-07T18:49:16.638Z,148.932,0,223.8,1980,21,11,,,,
powertraces-pt100array_pt019_r1_7536307_11-89ffb37037,2026-05-07T18:49:16.638Z,148.932,1,270.3,1980,35,17,,,,
powertraces-pt100array_pt019_r1_7536307_11-89ffb37037,2026-05-07T18:49:16.638Z,148.932,2,280.48,1980,17,8,,,,
powertraces-pt100array_pt019_r1_7536307_11-89ffb37037,2026-05-07T18:49:16.638Z,148.932,3,289.18,1980,29,14,,,,
powertraces-pt100array_pt019_r1_7536307_11-89ffb37037,2026-05-07T18:49:16.738Z,149.032,0,220.18,1980,20,10,,,,
powertraces-pt100array_pt019_r1_7536307_11-89ffb37037,2026-05-07T18:49:16.738Z,149.032,1,270.56,1980,35,17,,,,
powertraces-pt100array_pt019_r1_7536307_11-89ffb37037,2026-05-07T18:49:16.738Z,149.032,2,277.17,1980,17,8,,,,
powertraces-pt100array_pt019_r1_7536307_11-89ffb37037,2026-05-07T18:49:16.738Z,149.032,3,286.93,1980,33,16,,,,
powertraces-pt100array_pt019_r1_7536307_11-89ffb37037,2026-05-07T18:49:16.838Z,149.132,0,221.73,1980,20,10,,,,
powertraces-pt100array_pt019_r1_7536307_11-89ffb37037,2026-05-07T18:49:16.839Z,149.133,1,273.89,1980,31,15,,,,
powertraces-pt100array_pt019_r1_7536307_11-89ffb37037,2026-05-07T18:49:16.839Z,149.133,2,278.03,1980,23,12,,,,
powertraces-pt100array_pt019_r1_7536307_11-89ffb37037,2026-05-07T18:49:16.839Z,149.133,3,286.44,1980,33,16,,,,
powertraces-pt100array_pt019_r1_7536307_11-89ffb37037,2026-05-07T18:49:16.939Z,149.233,0,217.48,1980,21,10,,,,
powertraces-pt100array_pt019_r1_7536307_11-89ffb37037,2026-05-07T18:49:16.939Z,149.233,1,268.08,1980,31,15,,,,
powertraces-pt100array_pt019_r1_7536307_11-89ffb37037,2026-05-07T18:49:16.939Z,149.233,2,272.65,1980,23,12,,,,
powertraces-pt100array_pt019_r1_7536307_11-89ffb37037,2026-05-07T18:49:16.939Z,149.233,3,281.27,1980,33,17,,,,
powertraces-pt100array_pt019_r1_7536307_11-89ffb37037,2026-05-07T18:49:17.039Z,149.333,0,214.87,1980,21,10,,,,
powertraces-pt100array_pt019_r1_7536307_11-89ffb37037,2026-05-07T18:49:17.039Z,149.333,1,268.26,1980,34,17,,,,
powertraces-pt100array_pt019_r1_7536307_11-89ffb37037,2026-05-07T18:49:17.039Z,149.333,2,274.71,1980,35,17,,,,
powertraces-pt100array_pt019_r1_7536307_11-89ffb37037,2026-05-07T18:49:17.039Z,149.333,3,281.1,1980,33,17,,,,
powertraces-pt100array_pt019_r1_7536307_11-89ffb37037,2026-05-07T18:49:17.139Z,149.433,0,215.39,1980,21,10,,,,
powertraces-pt100array_pt019_r1_7536307_11-89ffb37037,2026-05-07T18:49:17.139Z,149.433,1,270.19,1980,34,17,,,,
powertraces-pt100array_pt019_r1_7536307_11-89ffb37037,2026-05-07T18:49:17.139Z,149.433,2,276.33,1980,35,17,,,,
powertraces-pt100array_pt019_r1_7536307_11-89ffb37037,2026-05-07T18:49:17.139Z,149.433,3,275.67,1980,14,7,,,,
powertraces-pt100array_pt019_r1_7536307_11-89ffb37037,2026-05-07T18:49:17.239Z,149.533,0,212.18,1980,21,10,,,,
powertraces-pt100array_pt019_r1_7536307_11-89ffb37037,2026-05-07T18:49:17.239Z,149.533,1,263.57,1980,23,12,,,,
powertraces-pt100array_pt019_r1_7536307_11-89ffb37037,2026-05-07T18:49:17.239Z,149.533,2,272.55,1980,35,18,,,,
powertraces-pt100array_pt019_r1_7536307_11-89ffb37037,2026-05-07T18:49:17.239Z,149.533,3,278.12,1980,14,7,,,,
powertraces-pt100array_pt019_r1_7536307_11-89ffb37037,2026-05-07T18:49:17.339Z,149.633,0,216.46,1980,6,2,,,,
powertraces-pt100array_pt019_r1_7536307_11-89ffb37037,2026-05-07T18:49:17.339Z,149.633,1,267.57,1980,23,12,,,,
powertraces-pt100array_pt019_r1_7536307_11-89ffb37037,2026-05-07T18:49:17.339Z,149.633,2,275.68,1980,35,18,,,,
powertraces-pt100array_pt019_r1_7536307_11-89ffb37037,2026-05-07T18:49:17.339Z,149.633,3,283.18,1980,33,17,,,,
powertraces-pt100array_pt019_r1_7536307_11-89ffb37037,2026-05-07T18:49:17.44Z,149.734,0,218.56,1980,6,2,,,,
powertraces-pt100array_pt019_r1_7536307_11-89ffb37037,2026-05-07T18:49:17.44Z,149.734,1,272.63,1980,22,10,,,,
powertraces-pt100array_pt019_r1_7536307_11-89ffb37037,2026-05-07T18:49:17.44Z,149.734,2,275.9,1980,35,17,,,,
powertraces-pt100array_pt019_r1_7536307_11-89ffb37037,2026-05-07T18:49:17.44Z,149.734,3,278.42,1980,33,17,,,,
powertraces-pt100array_pt019_r1_7536307_11-89ffb37037,2026-05-07T18:49:17.54Z,149.834,0,217.81,1980,21,11,,,,
powertraces-pt100array_pt019_r1_7536307_11-89ffb37037,2026-05-07T18:49:17.54Z,149.834,1,269.31,1980,22,10,,,,
powertraces-pt100array_pt019_r1_7536307_11-89ffb37037,2026-05-07T18:49:17.54Z,149.834,2,280.77,1980,35,17,,,,
powertraces-pt100array_pt019_r1_7536307_11-89ffb37037,2026-05-07T18:49:17.54Z,149.834,3,282.85,1980,14,6,,,,
powertraces-pt100array_pt019_r1_7536307_11-89ffb37037,2026-05-07T18:49:17.64Z,149.934,0,217.9,1980,21,11,,,,
powertraces-pt100array_pt019_r1_7536307_11-89ffb37037,2026-05-07T18:49:17.64Z,149.934,1,270.24,1980,35,17,,,,
powertraces-pt100array_pt019_r1_7536307_11-89ffb37037,2026-05-07T18:49:17.64Z,149.934,2,277.92,1980,17,8,,,,
powertraces-pt100array_pt019_r1_7536307_11-89ffb37037,2026-05-07T18:49:17.64Z,149.934,3,281.63,1980,14,6,,,,
powertraces-pt100array_pt019_r1_7536307_11-89ffb37037,2026-05-07T18:49:17.74Z,150.034,0,217.82,1980,8,4,,,,
powertraces-pt100array_pt019_r1_7536307_11-89ffb37037,2026-05-07T18:49:17.74Z,150.034,1,269.98,1980,35,17,,,,
powertraces-pt100array_pt019_r1_7536307_11-89ffb37037,2026-05-07T18:49:17.74Z,150.034,2,275.85,1980,17,8,,,,
powertraces-pt100array_pt019_r1_7536307_11-89ffb37037,2026-05-07T18:49:17.74Z,150.034,3,283.65,1980,33,17,,,,
powertraces-pt100array_pt019_r1_7536307_11-89ffb37037,2026-05-07T18:49:17.841Z,150.135,0,217.71,1980,8,4,,,,
powertraces-pt100array_pt019_r1_7536307_11-89ffb37037,2026-05-07T18:49:17.841Z,150.135,1,273.83,1980,18,8,,,,
powertraces-pt100array_pt019_r1_7536307_11-89ffb37037,2026-05-07T18:49:17.841Z,150.135,2,278.89,1980,24,13,,,,
powertraces-pt100array_pt019_r1_7536307_11-89ffb37037,2026-05-07T18:49:17.841Z,150.135,3,276.71,1980,33,17,,,,
powertraces-pt100array_pt019_r1_7536307_11-89ffb37037,2026-05-07T18:49:17.941Z,150.235,0,218.54,1980,21,11,,,,
powertraces-pt100array_pt019_r1_7536307_11-89ffb37037,2026-05-07T18:49:17.941Z,150.235,1,270.6,1980,18,8,,,,
powertraces-pt100array_pt019_r1_7536307_11-89ffb37037,2026-05-07T18:49:17.941Z,150.235,2,278.3,1980,24,13,,,,
powertraces-pt100array_pt019_r1_7536307_11-89ffb37037,2026-05-07T18:49:17.941Z,150.235,3,277.52,1980,33,16,,,,
powertraces-pt100array_pt019_r1_7536307_11-89ffb37037,2026-05-07T18:49:18.041Z,150.335,0,219.17,1980,21,11,,,,
powertraces-pt100array_pt019_r1_7536307_11-89ffb37037,2026-05-07T18:49:18.041Z,150.335,1,269.18,1980,34,17,,,,
powertraces-pt100array_pt019_r1_7536307_11-89ffb37037,2026-05-07T18:49:18.041Z,150.335,2,276.99,1980,22,10,,,,
powertraces-pt100array_pt019_r1_7536307_11-89ffb37037,2026-05-07T18:49:18.041Z,150.335,3,279.07,1980,33,16,,,,
powertraces-pt100array_pt019_r1_7536307_11-89ffb37037,2026-05-07T18:49:18.141Z,150.435,0,215.9,1980,21,11,,,,
powertraces-pt100array_pt019_r1_7536307_11-89ffb37037,2026-05-07T18:49:18.141Z,150.435,1,271.94,1980,34,17,,,,
powertraces-pt100array_pt019_r1_7536307_11-89ffb37037,2026-05-07T18:49:18.141Z,150.435,2,273.67,1980,22,10,,,,
powertraces-pt100array_pt019_r1_7536307_11-89ffb37037,2026-05-07T18:49:18.141Z,150.435,3,279.8,1980,28,14,,,,
powertraces-pt100array_pt019_r1_7536307_11-89ffb37037,2026-05-07T18:49:18.241Z,150.535,0,217.84,1980,21,11,,,,
powertraces-pt100array_pt019_r1_7536307_11-89ffb37037,2026-05-07T18:49:18.241Z,150.535,1,270.72,1980,30,15,,,,
powertraces-pt100array_pt019_r1_7536307_11-89ffb37037,2026-05-07T18:49:18.241Z,150.535,2,276.8,1980,24,13,,,,
powertraces-pt100array_pt019_r1_7536307_11-89ffb37037,2026-05-07T18:49:18.241Z,150.535,3,277.89,1980,28,14,,,,
powertraces-pt100array_pt019_r1_7536307_11-89ffb37037,2026-05-07T18:49:18.342Z,150.636,0,220.36,1980,21,10,,,,
powertraces-pt100array_pt019_r1_7536307_11-89ffb37037,2026-05-07T18:49:18.342Z,150.636,1,270.63,1980,30,15,,,,
powertraces-pt100array_pt019_r1_7536307_11-89ffb37037,2026-05-07T18:49:18.342Z,150.636,2,274.93,1980,24,13,,,,
powertraces-pt100array_pt019_r1_7536307_11-89ffb37037,2026-05-07T18:49:18.342Z,150.636,3,278.6,1980,33,17,,,,
powertraces-pt100array_pt019_r1_7536307_11-89ffb37037,2026-05-07T18:49:18.442Z,150.736,0,216.63,1980,21,10,,,,
powertraces-pt100array_pt019_r1_7536307_11-89ffb37037,2026-05-07T18:49:18.442Z,150.736,1,267.74,1980,34,17,,,,
powertraces-pt100array_pt019_r1_7536307_11-89ffb37037,2026-05-07T18:49:18.442Z,150.736,2,275.07,1980,35,17,,,,
powertraces-pt100array_pt019_r1_7536307_11-89ffb37037,2026-05-07T18:49:18.442Z,150.736,3,278.12,1980,33,17,,,,
powertraces-pt100array_pt019_r1_7536307_11-89ffb37037,2026-05-07T18:49:18.542Z,150.836,0,217.04,1980,21,11,,,,
powertraces-pt100array_pt019_r1_7536307_11-89ffb37037,2026-05-07T18:49:18.542Z,150.836,1,268.69,1980,34,17,,,,
powertraces-pt100array_pt019_r1_7536307_11-89ffb37037,2026-05-07T18:49:18.542Z,150.836,2,276.81,1980,35,17,,,,
powertraces-pt100array_pt019_r1_7536307_11-89ffb37037,2026-05-07T18:49:18.542Z,150.836,3,279.55,1980,10,5,,,,
powertraces-pt100array_pt019_r1_7536307_11-89ffb37037,2026-05-07T18:49:18.642Z,150.936,0,218.12,1980,21,11,,,,
powertraces-pt100array_pt019_r1_7536307_11-89ffb37037,2026-05-07T18:49:18.642Z,150.936,1,265.76,1980,23,12,,,,
powertraces-pt100array_pt019_r1_7536307_11-89ffb37037,2026-05-07T18:49:18.642Z,150.936,2,272.33,1980,34,17,,,,
powertraces-pt100array_pt019_r1_7536307_11-89ffb37037,2026-05-07T18:49:18.642Z,150.936,3,279.41,1980,10,5,,,,
powertraces-pt100array_pt019_r1_7536307_11-89ffb37037,2026-05-07T18:49:18.742Z,151.036,0,219.52,1980,5,2,,,,
powertraces-pt100array_pt019_r1_7536307_11-89ffb37037,2026-05-07T18:49:18.742Z,151.036,1,271.81,1980,23,12,,,,
powertraces-pt100array_pt019_r1_7536307_11-89ffb37037,2026-05-07T18:49:18.742Z,151.036,2,275.35,1980,34,17,,,,
powertraces-pt100array_pt019_r1_7536307_11-89ffb37037,2026-05-07T18:49:18.742Z,151.036,3,278.3,1980,33,17,,,,
powertraces-pt100array_pt019_r1_7536307_11-89ffb37037,2026-05-07T18:49:18.843Z,151.137,0,215.9,1980,5,2,,,,
powertraces-pt100array_pt019_r1_7536307_11-89ffb37037,2026-05-07T18:49:18.843Z,151.137,1,268.67,1980,19,9,,,,
powertraces-pt100array_pt019_r1_7536307_11-89ffb37037,2026-05-07T18:49:18.843Z,151.137,2,273.12,1980,35,17,,,,
powertraces-pt100array_pt019_r1_7536307_11-89ffb37037,2026-05-07T18:49:18.843Z,151.137,3,278.12,1980,33,17,,,,
powertraces-pt100array_pt019_r1_7536307_11-89ffb37037,2026-05-07T18:49:18.943Z,151.237,0,215.56,1980,21,11,,,,
powertraces-pt100array_pt019_r1_7536307_11-89ffb37037,2026-05-07T18:49:18.943Z,151.237,1,270.26,1980,19,9,,,,
powertraces-pt100array_pt019_r1_7536307_11-89ffb37037,2026-05-07T18:49:18.943Z,151.237,2,276.46,1980,35,17,,,,
powertraces-pt100array_pt019_r1_7536307_11-89ffb37037,2026-05-07T18:49:18.943Z,151.237,3,280.29,1980,16,7,,,,
powertraces-pt100array_pt019_r1_7536307_11-89ffb37037,2026-05-07T18:49:19.043Z,151.337,0,217.0,1980,21,11,,,,
powertraces-pt100array_pt019_r1_7536307_11-89ffb37037,2026-05-07T18:49:19.043Z,151.337,1,269.69,1980,34,17,,,,
powertraces-pt100array_pt019_r1_7536307_11-89ffb37037,2026-05-07T18:49:19.043Z,151.337,2,279.26,1980,14,6,,,,
powertraces-pt100array_pt019_r1_7536307_11-89ffb37037,2026-05-07T18:49:19.043Z,151.337,3,276.5,1980,16,7,,,,
powertraces-pt100array_pt019_r1_7536307_11-89ffb37037,2026-05-07T18:49:19.143Z,151.437,0,216.61,1980,11,6,,,,
powertraces-pt100array_pt019_r1_7536307_11-89ffb37037,2026-05-07T18:49:19.143Z,151.437,1,266.8,1980,34,17,,,,
powertraces-pt100array_pt019_r1_7536307_11-89ffb37037,2026-05-07T18:49:19.143Z,151.437,2,276.61,1980,14,6,,,,
powertraces-pt100array_pt019_r1_7536307_11-89ffb37037,2026-05-07T18:49:19.143Z,151.437,3,278.62,1980,33,17,,,,
powertraces-pt100array_pt019_r1_7536307_11-89ffb37037,2026-05-07T18:49:19.243Z,151.537,0,215.42,1980,11,6,,,,
powertraces-pt100array_pt019_r1_7536307_11-89ffb37037,2026-05-07T18:49:19.243Z,151.537,1,269.02,1980,20,9,,,,
powertraces-pt100array_pt019_r1_7536307_11-89ffb37037,2026-05-07T18:49:19.243Z,151.537,2,278.73,1980,23,12,,,,
powertraces-pt100array_pt019_r1_7536307_11-89ffb37037,2026-05-07T18:49:19.243Z,151.537,3,274.52,1980,33,17,,,,
powertraces-pt100array_pt019_r1_7536307_11-89ffb37037,2026-05-07T18:49:19.344Z,151.638,0,213.83,1980,21,11,,,,
powertraces-pt100array_pt019_r1_7536307_11-89ffb37037,2026-05-07T18:49:19.344Z,151.638,1,269.96,1980,20,9,,,,
powertraces-pt100array_pt019_r1_7536307_11-89ffb37037,2026-05-07T18:49:19.344Z,151.638,2,277.7,1980,23,12,,,,
powertraces-pt100array_pt019_r1_7536307_11-89ffb37037,2026-05-07T18:49:19.344Z,151.638,3,273.19,1980,33,16,,,,
powertraces-pt100array_pt019_r1_7536307_11-89ffb37037,2026-05-07T18:49:19.444Z,151.738,0,218.47,1980,21,11,,,,
powertraces-pt100array_pt019_r1_7536307_11-89ffb37037,2026-05-07T18:49:19.444Z,151.738,1,267.16,1980,35,17,,,,
powertraces-pt100array_pt019_r1_7536307_11-89ffb37037,2026-05-07T18:49:19.444Z,151.738,2,280.51,1980,26,13,,,,
powertraces-pt100array_pt019_r1_7536307_11-89ffb37037,2026-05-07T18:49:19.444Z,151.738,3,275.88,1980,33,16,,,,
powertraces-pt100array_pt019_r1_7536307_11-89ffb37037,2026-05-07T18:49:19.544Z,151.838,0,214.52,1980,21,11,,,,
powertraces-pt100array_pt019_r1_7536307_11-89ffb37037,2026-05-07T18:49:19.544Z,151.838,1,267.4,1980,35,17,,,,
powertraces-pt100array_pt019_r1_7536307_11-89ffb37037,2026-05-07T18:49:19.544Z,151.838,2,277.65,1980,26,13,,,,
powertraces-pt100array_pt019_r1_7536307_11-89ffb37037,2026-05-07T18:49:19.544Z,151.838,3,276.21,1980,24,13,,,,
powertraces-pt100array_pt019_r1_7536307_11-89ffb37037,2026-05-07T18:49:19.644Z,151.938,0,214.57,1980,21,11,,,,
powertraces-pt100array_pt019_r1_7536307_11-89ffb37037,2026-05-07T18:49:19.644Z,151.938,1,270.46,1980,26,13,,,,
powertraces-pt100array_pt019_r1_7536307_11-89ffb37037,2026-05-07T18:49:19.644Z,151.938,2,277.74,1980,28,14,,,,
powertraces-pt100array_pt019_r1_7536307_11-89ffb37037,2026-05-07T18:49:19.644Z,151.938,3,274.33,1980,24,13,,,,
powertraces-pt100array_pt019_r1_7536307_11-89ffb37037,2026-05-07T18:49:19.744Z,152.038,0,215.37,1980,17,9,,,,
powertraces-pt100array_pt019_r1_7536307_11-89ffb37037,2026-05-07T18:49:19.744Z,152.038,1,267.24,1980,26,13,,,,
powertraces-pt100array_pt019_r1_7536307_11-89ffb37037,2026-05-07T18:49:19.745Z,152.039,2,278.49,1980,28,14,,,,
powertraces-pt100array_pt019_r1_7536307_11-89ffb37037,2026-05-07T18:49:19.745Z,152.039,3,269.98,1980,33,17,,,,
powertraces-pt100array_pt019_r1_7536307_11-89ffb37037,2026-05-07T18:49:19.845Z,152.139,0,217.16,1980,17,9,,,,
powertraces-pt100array_pt019_r1_7536307_11-89ffb37037,2026-05-07T18:49:19.845Z,152.139,1,265.72,1980,33,16,,,,
powertraces-pt100array_pt019_r1_7536307_11-89ffb37037,2026-05-07T18:49:19.845Z,152.139,2,275.68,1980,35,17,,,,
powertraces-pt100array_pt019_r1_7536307_11-89ffb37037,2026-05-07T18:49:19.845Z,152.139,3,275.1,1980,33,17,,,,
powertraces-pt100array_pt019_r1_7536307_11-89ffb37037,2026-05-07T18:49:19.945Z,152.239,0,216.41,1980,36,25,,,,
powertraces-pt100array_pt019_r1_7536307_11-89ffb37037,2026-05-07T18:49:19.945Z,152.239,1,263.29,1980,33,16,,,,
powertraces-pt100array_pt019_r1_7536307_11-89ffb37037,2026-05-07T18:49:19.945Z,152.239,2,274.01,1980,35,17,,,,
powertraces-pt100array_pt019_r1_7536307_11-89ffb37037,2026-05-07T18:49:19.945Z,152.239,3,277.11,1980,6,3,,,,
powertraces-pt100array_pt019_r1_7536307_11-89ffb37037,2026-05-07T18:49:20.045Z,152.339,0,218.52,1980,36,25,,,,
powertraces-pt100array_pt019_r1_7536307_11-89ffb37037,2026-05-07T18:49:20.045Z,152.339,1,272.09,1980,27,15,,,,
powertraces-pt100array_pt019_r1_7536307_11-89ffb37037,2026-05-07T18:49:20.045Z,152.339,2,277.1,1980,42,29,,,,
powertraces-pt100array_pt019_r1_7536307_11-89ffb37037,2026-05-07T18:49:20.045Z,152.339,3,285.25,1980,6,3,,,,
powertraces-pt100array_pt019_r1_7536307_11-89ffb37037,2026-05-07T18:49:20.145Z,152.439,0,225.35,1980,19,8,,,,
powertraces-pt100array_pt019_r1_7536307_11-89ffb37037,2026-05-07T18:49:20.145Z,152.439,1,272.94,1980,27,15,,,,
powertraces-pt100array_pt019_r1_7536307_11-89ffb37037,2026-05-07T18:49:20.145Z,152.439,2,279.83,1980,42,29,,,,
powertraces-pt100array_pt019_r1_7536307_11-89ffb37037,2026-05-07T18:49:20.145Z,152.439,3,281.83,1980,53,33,,,,
powertraces-pt100array_pt019_r1_7536307_11-89ffb37037,2026-05-07T18:49:20.245Z,152.539,0,225.55,1980,19,8,,,,
powertraces-pt100array_pt019_r1_7536307_11-89ffb37037,2026-05-07T18:49:20.246Z,152.54,1,274.36,1980,32,14,,,,
powertraces-pt100array_pt019_r1_7536307_11-89ffb37037,2026-05-07T18:49:20.246Z,152.54,2,281.15,1980,36,17,,,,
powertraces-pt100array_pt019_r1_7536307_11-89ffb37037,2026-05-07T18:49:20.246Z,152.54,3,289.48,1980,53,33,,,,
powertraces-pt100array_pt019_r1_7536307_11-89ffb37037,2026-05-07T18:49:20.346Z,152.64,0,226.68,1980,21,11,,,,
powertraces-pt100array_pt019_r1_7536307_11-89ffb37037,2026-05-07T18:49:20.346Z,152.64,1,270.64,1980,32,14,,,,
powertraces-pt100array_pt019_r1_7536307_11-89ffb37037,2026-05-07T18:49:20.346Z,152.64,2,280.86,1980,36,17,,,,
powertraces-pt100array_pt019_r1_7536307_11-89ffb37037,2026-05-07T18:49:20.346Z,152.64,3,289.85,1980,9,5,,,,
powertraces-pt100array_pt019_r1_7536307_11-89ffb37037,2026-05-07T18:49:20.446Z,152.74,0,219.5,1980,21,11,,,,
powertraces-pt100array_pt019_r1_7536307_11-89ffb37037,2026-05-07T18:49:20.446Z,152.74,1,268.84,1980,23,12,,,,
powertraces-pt100array_pt019_r1_7536307_11-89ffb37037,2026-05-07T18:49:20.446Z,152.74,2,274.45,1980,32,16,,,,
powertraces-pt100array_pt019_r1_7536307_11-89ffb37037,2026-05-07T18:49:20.446Z,152.74,3,291.44,1980,9,5,,,,
powertraces-pt100array_pt019_r1_7536307_11-89ffb37037,2026-05-07T18:49:20.546Z,152.84,0,225.85,1980,3,1,,,,
powertraces-pt100array_pt019_r1_7536307_11-89ffb37037,2026-05-07T18:49:20.546Z,152.84,1,274.4,1980,23,12,,,,
powertraces-pt100array_pt019_r1_7536307_11-89ffb37037,2026-05-07T18:49:20.546Z,152.84,2,279.19,1980,32,16,,,,
powertraces-pt100array_pt019_r1_7536307_11-89ffb37037,2026-05-07T18:49:20.546Z,152.84,3,290.19,1980,32,16,,,,
powertraces-pt100array_pt019_r1_7536307_11-89ffb37037,2026-05-07T18:49:20.646Z,152.94,0,227.16,1980,3,1,,,,
powertraces-pt100array_pt019_r1_7536307_11-89ffb37037,2026-05-07T18:49:20.646Z,152.94,1,274.14,1980,17,8,,,,
powertraces-pt100array_pt019_r1_7536307_11-89ffb37037,2026-05-07T18:49:20.646Z,152.94,2,274.61,1980,35,17,,,,
powertraces-pt100array_pt019_r1_7536307_11-89ffb37037,2026-05-07T18:49:20.646Z,152.94,3,281.24,1980,32,16,,,,
powertraces-pt100array_pt019_r1_7536307_11-89ffb37037,2026-05-07T18:49:20.746Z,153.04,0,226.67,1980,21,11,,,,
powertraces-pt100array_pt019_r1_7536307_11-89ffb37037,2026-05-07T18:49:20.747Z,153.041,1,274.83,1980,17,8,,,,
powertraces-pt100array_pt019_r1_7536307_11-89ffb37037,2026-05-07T18:49:20.747Z,153.041,2,280.16,1980,35,17,,,,
powertraces-pt100array_pt019_r1_7536307_11-89ffb37037,2026-05-07T18:49:20.747Z,153.041,3,290.73,1980,18,9,,,,
powertraces-pt100array_pt019_r1_7536307_11-89ffb37037,2026-05-07T18:49:20.847Z,153.141,0,226.73,1980,21,11,,,,
powertraces-pt100array_pt019_r1_7536307_11-89ffb37037,2026-05-07T18:49:20.847Z,153.141,1,275.55,1980,35,17,,,,
powertraces-pt100array_pt019_r1_7536307_11-89ffb37037,2026-05-07T18:49:20.847Z,153.141,2,283.04,1980,12,5,,,,
powertraces-pt100array_pt019_r1_7536307_11-89ffb37037,2026-05-07T18:49:20.847Z,153.141,3,289.61,1980,18,9,,,,
powertraces-pt100array_pt019_r1_7536307_11-89ffb37037,2026-05-07T18:49:20.947Z,153.241,0,222.44,1980,13,7,,,,
powertraces-pt100array_pt019_r1_7536307_11-89ffb37037,2026-05-07T18:49:20.947Z,153.241,1,271.09,1980,35,17,,,,
powertraces-pt100array_pt019_r1_7536307_11-89ffb37037,2026-05-07T18:49:20.947Z,153.241,2,275.89,1980,12,5,,,,
powertraces-pt100array_pt019_r1_7536307_11-89ffb37037,2026-05-07T18:49:20.947Z,153.241,3,288.67,1980,33,17,,,,
powertraces-pt100array_pt019_r1_7536307_11-89ffb37037,2026-05-07T18:49:21.047Z,153.341,0,218.34,1980,13,7,,,,
powertraces-pt100array_pt019_r1_7536307_11-89ffb37037,2026-05-07T18:49:21.047Z,153.341,1,266.3,1980,24,11,,,,
powertraces-pt100array_pt019_r1_7536307_11-89ffb37037,2026-05-07T18:49:21.047Z,153.341,2,275.44,1980,23,12,,,,
powertraces-pt100array_pt019_r1_7536307_11-89ffb37037,2026-05-07T18:49:21.047Z,153.341,3,282.85,1980,33,17,,,,
powertraces-pt100array_pt019_r1_7536307_11-89ffb37037,2026-05-07T18:49:21.147Z,153.441,0,219.33,1980,21,11,,,,
powertraces-pt100array_pt019_r1_7536307_11-89ffb37037,2026-05-07T18:49:21.147Z,153.441,1,270.03,1980,24,11,,,,
powertraces-pt100array_pt019_r1_7536307_11-89ffb37037,2026-05-07T18:49:21.147Z,153.441,2,273.29,1980,23,12,,,,
powertraces-pt100array_pt019_r1_7536307_11-89ffb37037,2026-05-07T18:49:21.147Z,153.441,3,273.54,1980,33,17,,,,
powertraces-pt100array_pt019_r1_7536307_11-89ffb37037,2026-05-07T18:49:21.247Z,153.541,0,219.77,1980,21,11,,,,
powertraces-pt100array_pt019_r1_7536307_11-89ffb37037,2026-05-07T18:49:21.248Z,153.542,1,267.76,1980,35,17,,,,
powertraces-pt100array_pt019_r1_7536307_11-89ffb37037,2026-05-07T18:49:21.248Z,153.542,2,278.6,1980,28,14,,,,
powertraces-pt100array_pt019_r1_7536307_11-89ffb37037,2026-05-07T18:49:21.248Z,153.542,3,275.27,1980,33,17,,,,
powertraces-pt100array_pt019_r1_7536307_11-89ffb37037,2026-05-07T18:49:21.348Z,153.642,0,218.98,1980,21,11,,,,
powertraces-pt100array_pt019_r1_7536307_11-89ffb37037,2026-05-07T18:49:21.348Z,153.642,1,268.49,1980,35,17,,,,
powertraces-pt100array_pt019_r1_7536307_11-89ffb37037,2026-05-07T18:49:21.348Z,153.642,2,273.29,1980,28,14,,,,
powertraces-pt100array_pt019_r1_7536307_11-89ffb37037,2026-05-07T18:49:21.348Z,153.642,3,277.23,1980,22,12,,,,
powertraces-pt100array_pt019_r1_7536307_11-89ffb37037,2026-05-07T18:49:21.448Z,153.742,0,216.98,1980,21,11,,,,
powertraces-pt100array_pt019_r1_7536307_11-89ffb37037,2026-05-07T18:49:21.448Z,153.742,1,269.96,1980,24,13,,,,
powertraces-pt100array_pt019_r1_7536307_11-89ffb37037,2026-05-07T18:49:21.448Z,153.742,2,275.49,1980,30,15,,,,
powertraces-pt100array_pt019_r1_7536307_11-89ffb37037,2026-05-07T18:49:21.448Z,153.742,3,278.12,1980,22,12,,,,
powertraces-pt100array_pt019_r1_7536307_11-89ffb37037,2026-05-07T18:49:21.548Z,153.842,0,217.58,1980,15,7,,,,
powertraces-pt100array_pt019_r1_7536307_11-89ffb37037,2026-05-07T18:49:21.548Z,153.842,1,270.63,1980,24,13,,,,
powertraces-pt100array_pt019_r1_7536307_11-89ffb37037,2026-05-07T18:49:21.548Z,153.842,2,277.34,1980,30,15,,,,
powertraces-pt100array_pt019_r1_7536307_11-89ffb37037,2026-05-07T18:49:21.548Z,153.842,3,280.43,1980,33,16,,,,
powertraces-pt100array_pt019_r1_7536307_11-89ffb37037,2026-05-07T18:49:21.648Z,153.942,0,217.95,1980,15,7,,,,
powertraces-pt100array_pt019_r1_7536307_11-89ffb37037,2026-05-07T18:49:21.648Z,153.942,1,272.27,1980,31,15,,,,
powertraces-pt100array_pt019_r1_7536307_11-89ffb37037,2026-05-07T18:49:21.648Z,153.942,2,279.11,1980,35,17,,,,
powertraces-pt100array_pt019_r1_7536307_11-89ffb37037,2026-05-07T18:49:21.648Z,153.942,3,275.27,1980,33,16,,,,
powertraces-pt100array_pt019_r1_7536307_11-89ffb37037,2026-05-07T18:49:21.748Z,154.042,0,216.03,1980,21,10,,,,
powertraces-pt100array_pt019_r1_7536307_11-89ffb37037,2026-05-07T18:49:21.748Z,154.042,1,271.29,1980,31,15,,,,
powertraces-pt100array_pt019_r1_7536307_11-89ffb37037,2026-05-07T18:49:21.748Z,154.042,2,274.89,1980,35,17,,,,
powertraces-pt100array_pt019_r1_7536307_11-89ffb37037,2026-05-07T18:49:21.748Z,154.042,3,279.79,1980,6,3,,,,
powertraces-pt100array_pt019_r1_7536307_11-89ffb37037,2026-05-07T18:49:21.849Z,154.143,0,217.49,1980,21,10,,,,
powertraces-pt100array_pt019_r1_7536307_11-89ffb37037,2026-05-07T18:49:21.849Z,154.143,1,276.41,1980,27,14,,,,
powertraces-pt100array_pt019_r1_7536307_11-89ffb37037,2026-05-07T18:49:21.849Z,154.143,2,271.79,1980,26,13,,,,
powertraces-pt100array_pt019_r1_7536307_11-89ffb37037,2026-05-07T18:49:21.849Z,154.143,3,275.89,1980,6,3,,,,
powertraces-pt100array_pt019_r1_7536307_11-89ffb37037,2026-05-07T18:49:21.949Z,154.243,0,216.35,1980,1,0,,,,
powertraces-pt100array_pt019_r1_7536307_11-89ffb37037,2026-05-07T18:49:21.949Z,154.243,1,274.0,1980,27,14,,,,
powertraces-pt100array_pt019_r1_7536307_11-89ffb37037,2026-05-07T18:49:21.949Z,154.243,2,276.05,1980,26,13,,,,
powertraces-pt100array_pt019_r1_7536307_11-89ffb37037,2026-05-07T18:49:21.949Z,154.243,3,276.74,1980,33,17,,,,
powertraces-pt100array_pt019_r1_7536307_11-89ffb37037,2026-05-07T18:49:22.049Z,154.343,0,216.91,1980,1,0,,,,
powertraces-pt100array_pt019_r1_7536307_11-89ffb37037,2026-05-07T18:49:22.049Z,154.343,1,274.13,1980,12,5,,,,
powertraces-pt100array_pt019_r1_7536307_11-89ffb37037,2026-05-07T18:49:22.049Z,154.343,2,274.14,1980,33,17,,,,
powertraces-pt100array_pt019_r1_7536307_11-89ffb37037,2026-05-07T18:49:22.049Z,154.343,3,274.31,1980,33,17,,,,
powertraces-pt100array_pt019_r1_7536307_11-89ffb37037,2026-05-07T18:49:22.149Z,154.443,0,214.9,1980,21,11,,,,
powertraces-pt100array_pt019_r1_7536307_11-89ffb37037,2026-05-07T18:49:22.149Z,154.443,1,275.17,1980,12,5,,,,
powertraces-pt100array_pt019_r1_7536307_11-89ffb37037,2026-05-07T18:49:22.149Z,154.443,2,276.19,1980,33,17,,,,
powertraces-pt100array_pt019_r1_7536307_11-89ffb37037,2026-05-07T18:49:22.149Z,154.443,3,280.58,1980,25,12,,,,
powertraces-pt100array_pt019_r1_7536307_11-89ffb37037,2026-05-07T18:49:22.249Z,154.543,0,215.53,1980,21,11,,,,
powertraces-pt100array_pt019_r1_7536307_11-89ffb37037,2026-05-07T18:49:22.249Z,154.543,1,273.92,1980,35,17,,,,
powertraces-pt100array_pt019_r1_7536307_11-89ffb37037,2026-05-07T18:49:22.249Z,154.543,2,274.54,1980,14,6,,,,
powertraces-pt100array_pt019_r1_7536307_11-89ffb37037,2026-05-07T18:49:22.249Z,154.543,3,278.87,1980,25,12,,,,
powertraces-pt100array_pt019_r1_7536307_11-89ffb37037,2026-05-07T18:49:22.35Z,154.644,0,218.12,1980,17,9,,,,
powertraces-pt100array_pt019_r1_7536307_11-89ffb37037,2026-05-07T18:49:22.35Z,154.644,1,271.3,1980,35,17,,,,
powertraces-pt100array_pt019_r1_7536307_11-89ffb37037,2026-05-07T18:49:22.35Z,154.644,2,276.85,1980,14,6,,,,
powertraces-pt100array_pt019_r1_7536307_11-89ffb37037,2026-05-07T18:49:22.35Z,154.644,3,279.29,1980,33,17,,,,
powertraces-pt100array_pt019_r1_7536307_11-89ffb37037,2026-05-07T18:49:22.45Z,154.744,0,218.77,1980,17,9,,,,
powertraces-pt100array_pt019_r1_7536307_11-89ffb37037,2026-05-07T18:49:22.45Z,154.744,1,275.61,1980,29,14,,,,
powertraces-pt100array_pt019_r1_7536307_11-89ffb37037,2026-05-07T18:49:22.45Z,154.744,2,276.45,1980,23,12,,,,
powertraces-pt100array_pt019_r1_7536307_11-89ffb37037,2026-05-07T18:49:22.45Z,154.744,3,278.16,1980,33,17,,,,
powertraces-pt100array_pt019_r1_7536307_11-89ffb37037,2026-05-07T18:49:22.55Z,154.844,0,215.54,1980,21,11,,,,
powertraces-pt100array_pt019_r1_7536307_11-89ffb37037,2026-05-07T18:49:22.55Z,154.844,1,273.59,1980,29,14,,,,
powertraces-pt100array_pt019_r1_7536307_11-89ffb37037,2026-05-07T18:49:22.55Z,154.844,2,273.88,1980,23,12,,,,
powertraces-pt100array_pt019_r1_7536307_11-89ffb37037,2026-05-07T18:49:22.55Z,154.844,3,273.91,1980,33,16,,,,
powertraces-pt100array_pt019_r1_7536307_11-89ffb37037,2026-05-07T18:49:22.65Z,154.944,0,214.24,1980,21,11,,,,
powertraces-pt100array_pt019_r1_7536307_11-89ffb37037,2026-05-07T18:49:22.65Z,154.944,1,273.77,1980,35,17,,,,
powertraces-pt100array_pt019_r1_7536307_11-89ffb37037,2026-05-07T18:49:22.65Z,154.944,2,276.43,1980,33,16,,,,
powertraces-pt100array_pt019_r1_7536307_11-89ffb37037,2026-05-07T18:49:22.65Z,154.944,3,277.94,1980,33,16,,,,
powertraces-pt100array_pt019_r1_7536307_11-89ffb37037,2026-05-07T18:49:22.75Z,155.044,0,217.47,1980,21,11,,,,
powertraces-pt100array_pt019_r1_7536307_11-89ffb37037,2026-05-07T18:49:22.75Z,155.044,1,272.77,1980,35,17,,,,
powertraces-pt100array_pt019_r1_7536307_11-89ffb37037,2026-05-07T18:49:22.75Z,155.044,2,279.32,1980,33,16,,,,
powertraces-pt100array_pt019_r1_7536307_11-89ffb37037,2026-05-07T18:49:22.75Z,155.044,3,276.93,1980,17,9,,,,
powertraces-pt100array_pt019_r1_7536307_11-89ffb37037,2026-05-07T18:49:22.85Z,155.144,0,217.2,1980,21,11,,,,
powertraces-pt100array_pt019_r1_7536307_11-89ffb37037,2026-05-07T18:49:22.85Z,155.144,1,267.97,1980,23,12,,,,
powertraces-pt100array_pt019_r1_7536307_11-89ffb37037,2026-05-07T18:49:22.851Z,155.145,2,275.77,1980,35,17,,,,
powertraces-pt100array_pt019_r1_7536307_11-89ffb37037,2026-05-07T18:49:22.851Z,155.145,3,280.89,1980,17,9,,,,
powertraces-pt100array_pt019_r1_7536307_11-89ffb37037,2026-05-07T18:49:22.951Z,155.245,0,217.85,1980,9,4,,,,
powertraces-pt100array_pt019_r1_7536307_11-89ffb37037,2026-05-07T18:49:22.951Z,155.245,1,270.19,1980,23,12,,,,
powertraces-pt100array_pt019_r1_7536307_11-89ffb37037,2026-05-07T18:49:22.951Z,155.245,2,277.13,1980,35,17,,,,
powertraces-pt100array_pt019_r1_7536307_11-89ffb37037,2026-05-07T18:49:22.951Z,155.245,3,278.73,1980,33,17,,,,
powertraces-pt100array_pt019_r1_7536307_11-89ffb37037,2026-05-07T18:49:23.051Z,155.345,0,216.04,1980,9,4,,,,
powertraces-pt100array_pt019_r1_7536307_11-89ffb37037,2026-05-07T18:49:23.051Z,155.345,1,268.4,1980,26,12,,,,
powertraces-pt100array_pt019_r1_7536307_11-89ffb37037,2026-05-07T18:49:23.051Z,155.345,2,278.12,1980,35,17,,,,
powertraces-pt100array_pt019_r1_7536307_11-89ffb37037,2026-05-07T18:49:23.051Z,155.345,3,275.89,1980,33,17,,,,
powertraces-pt100array_pt019_r1_7536307_11-89ffb37037,2026-05-07T18:49:23.151Z,155.445,0,218.24,1980,21,11,,,,
powertraces-pt100array_pt019_r1_7536307_11-89ffb37037,2026-05-07T18:49:23.151Z,155.445,1,264.86,1980,26,12,,,,
powertraces-pt100array_pt019_r1_7536307_11-89ffb37037,2026-05-07T18:49:23.151Z,155.445,2,279.65,1980,35,17,,,,
powertraces-pt100array_pt019_r1_7536307_11-89ffb37037,2026-05-07T18:49:23.151Z,155.445,3,275.34,1980,9,4,,,,
powertraces-pt100array_pt019_r1_7536307_11-89ffb37037,2026-05-07T18:49:23.251Z,155.545,0,217.02,1980,21,11,,,,
powertraces-pt100array_pt019_r1_7536307_11-89ffb37037,2026-05-07T18:49:23.251Z,155.545,1,268.58,1980,32,16,,,,
powertraces-pt100array_pt019_r1_7536307_11-89ffb37037,2026-05-07T18:49:23.251Z,155.545,2,276.43,1980,19,9,,,,
powertraces-pt100array_pt019_r1_7536307_11-89ffb37037,2026-05-07T18:49:23.251Z,155.545,3,278.7,1980,9,4,,,,
powertraces-pt100array_pt019_r1_7536307_11-89ffb37037,2026-05-07T18:49:23.351Z,155.645,0,215.48,1980,5,2,,,,
powertraces-pt100array_pt019_r1_7536307_11-89ffb37037,2026-05-07T18:49:23.351Z,155.645,1,268.22,1980,32,16,,,,
powertraces-pt100array_pt019_r1_7536307_11-89ffb37037,2026-05-07T18:49:23.351Z,155.645,2,277.63,1980,19,9,,,,
powertraces-pt100array_pt019_r1_7536307_11-89ffb37037,2026-05-07T18:49:23.351Z,155.645,3,277.91,1980,33,17,,,,
powertraces-pt100array_pt019_r1_7536307_11-89ffb37037,2026-05-07T18:49:23.452Z,155.746,0,214.51,1980,5,2,,,,
powertraces-pt100array_pt019_r1_7536307_11-89ffb37037,2026-05-07T18:49:23.452Z,155.746,1,268.13,1980,14,6,,,,
powertraces-pt100array_pt019_r1_7536307_11-89ffb37037,2026-05-07T18:49:23.452Z,155.746,2,279.03,1980,29,15,,,,
powertraces-pt100array_pt019_r1_7536307_11-89ffb37037,2026-05-07T18:49:23.452Z,155.746,3,272.09,1980,33,17,,,,
powertraces-pt100array_pt019_r1_7536307_11-89ffb37037,2026-05-07T18:49:23.552Z,155.846,0,217.46,1980,21,11,,,,
powertraces-pt100array_pt019_r1_7536307_11-89ffb37037,2026-05-07T18:49:23.552Z,155.846,1,269.71,1980,14,6,,,,
powertraces-pt100array_pt019_r1_7536307_11-89ffb37037,2026-05-07T18:49:23.552Z,155.846,2,277.43,1980,29,15,,,,
powertraces-pt100array_pt019_r1_7536307_11-89ffb37037,2026-05-07T18:49:23.552Z,155.846,3,277.74,1980,30,15,,,,
powertraces-pt100array_pt019_r1_7536307_11-89ffb37037,2026-05-07T18:49:23.652Z,155.946,0,216.96,1980,21,11,,,,
powertraces-pt100array_pt019_r1_7536307_11-89ffb37037,2026-05-07T18:49:23.652Z,155.946,1,267.98,1980,35,17,,,,
powertraces-pt100array_pt019_r1_7536307_11-89ffb37037,2026-05-07T18:49:23.652Z,155.946,2,273.71,1980,19,9,,,,
powertraces-pt100array_pt019_r1_7536307_11-89ffb37037,2026-05-07T18:49:23.652Z,155.946,3,277.28,1980,30,15,,,,
powertraces-pt100array_pt019_r1_7536307_11-89ffb37037,2026-05-07T18:49:23.752Z,156.046,0,218.57,1980,20,11,,,,
powertraces-pt100array_pt019_r1_7536307_11-89ffb37037,2026-05-07T18:49:23.752Z,156.046,1,267.49,1980,35,17,,,,
powertraces-pt100array_pt019_r1_7536307_11-89ffb37037,2026-05-07T18:49:23.752Z,156.046,2,273.85,1980,19,9,,,,
powertraces-pt100array_pt019_r1_7536307_11-89ffb37037,2026-05-07T18:49:23.752Z,156.046,3,275.56,1980,30,16,,,,
powertraces-pt100array_pt019_r1_7536307_11-89ffb37037,2026-05-07T18:49:23.852Z,156.146,0,217.25,1980,20,11,,,,
powertraces-pt100array_pt019_r1_7536307_11-89ffb37037,2026-05-07T18:49:23.852Z,156.146,1,270.9,1980,31,15,,,,
powertraces-pt100array_pt019_r1_7536307_11-89ffb37037,2026-05-07T18:49:23.852Z,156.146,2,279.72,1980,23,12,,,,
powertraces-pt100array_pt019_r1_7536307_11-89ffb37037,2026-05-07T18:49:23.852Z,156.146,3,276.96,1980,30,16,,,,
powertraces-pt100array_pt019_r1_7536307_11-89ffb37037,2026-05-07T18:49:23.953Z,156.247,0,218.76,1980,21,11,,,,
powertraces-pt100array_pt019_r1_7536307_11-89ffb37037,2026-05-07T18:49:23.953Z,156.247,1,269.76,1980,31,15,,,,
powertraces-pt100array_pt019_r1_7536307_11-89ffb37037,2026-05-07T18:49:23.953Z,156.247,2,273.22,1980,23,12,,,,
powertraces-pt100array_pt019_r1_7536307_11-89ffb37037,2026-05-07T18:49:23.953Z,156.247,3,277.97,1980,33,17,,,,
powertraces-pt100array_pt019_r1_7536307_11-89ffb37037,2026-05-07T18:49:24.053Z,156.347,0,223.37,1980,21,11,,,,
powertraces-pt100array_pt019_r1_7536307_11-89ffb37037,2026-05-07T18:49:24.053Z,156.347,1,269.76,1980,34,17,,,,
powertraces-pt100array_pt019_r1_7536307_11-89ffb37037,2026-05-07T18:49:24.053Z,156.347,2,273.64,1980,35,17,,,,
powertraces-pt100array_pt019_r1_7536307_11-89ffb37037,2026-05-07T18:49:24.053Z,156.347,3,283.79,1980,33,17,,,,
powertraces-pt100array_pt019_r1_7536307_11-89ffb37037,2026-05-07T18:49:24.153Z,156.447,0,220.21,1980,19,8,,,,
powertraces-pt100array_pt019_r1_7536307_11-89ffb37037,2026-05-07T18:49:24.153Z,156.447,1,272.29,1980,34,17,,,,
powertraces-pt100array_pt019_r1_7536307_11-89ffb37037,2026-05-07T18:49:24.153Z,156.447,2,275.74,1980,35,17,,,,
powertraces-pt100array_pt019_r1_7536307_11-89ffb37037,2026-05-07T18:49:24.153Z,156.447,3,289.6,1980,36,26,,,,
powertraces-pt100array_pt019_r1_7536307_11-89ffb37037,2026-05-07T18:49:24.253Z,156.547,0,221.42,1980,19,8,,,,
powertraces-pt100array_pt019_r1_7536307_11-89ffb37037,2026-05-07T18:49:24.253Z,156.547,1,277.08,1980,29,13,,,,
powertraces-pt100array_pt019_r1_7536307_11-89ffb37037,2026-05-07T18:49:24.253Z,156.547,2,282.73,1980,21,9,,,,
powertraces-pt100array_pt019_r1_7536307_11-89ffb37037,2026-05-07T18:49:24.253Z,156.547,3,288.69,1980,36,26,,,,
powertraces-pt100array_pt019_r1_7536307_11-89ffb37037,2026-05-07T18:49:24.353Z,156.647,0,226.47,1980,21,11,,,,
powertraces-pt100array_pt019_r1_7536307_11-89ffb37037,2026-05-07T18:49:24.353Z,156.647,1,279.27,1980,29,13,,,,
powertraces-pt100array_pt019_r1_7536307_11-89ffb37037,2026-05-07T18:49:24.353Z,156.647,2,277.71,1980,21,9,,,,
powertraces-pt100array_pt019_r1_7536307_11-89ffb37037,2026-05-07T18:49:24.353Z,156.647,3,281.14,1980,33,17,,,,
powertraces-pt100array_pt019_r1_7536307_11-89ffb37037,2026-05-07T18:49:24.454Z,156.748,0,225.69,1980,21,11,,,,
powertraces-pt100array_pt019_r1_7536307_11-89ffb37037,2026-05-07T18:49:24.454Z,156.748,1,275.28,1980,35,17,,,,
powertraces-pt100array_pt019_r1_7536307_11-89ffb37037,2026-05-07T18:49:24.454Z,156.748,2,278.96,1980,35,17,,,,
powertraces-pt100array_pt019_r1_7536307_11-89ffb37037,2026-05-07T18:49:24.454Z,156.748,3,289.93,1980,33,17,,,,
powertraces-pt100array_pt019_r1_7536307_11-89ffb37037,2026-05-07T18:49:24.554Z,156.848,0,224.98,1980,21,10,,,,
powertraces-pt100array_pt019_r1_7536307_11-89ffb37037,2026-05-07T18:49:24.554Z,156.848,1,275.87,1980,35,17,,,,
powertraces-pt100array_pt019_r1_7536307_11-89ffb37037,2026-05-07T18:49:24.554Z,156.848,2,283.67,1980,35,17,,,,
powertraces-pt100array_pt019_r1_7536307_11-89ffb37037,2026-05-07T18:49:24.554Z,156.848,3,287.57,1980,13,7,,,,
powertraces-pt100array_pt019_r1_7536307_11-89ffb37037,2026-05-07T18:49:24.654Z,156.948,0,219.33,1980,21,10,,,,
powertraces-pt100array_pt019_r1_7536307_11-89ffb37037,2026-05-07T18:49:24.654Z,156.948,1,269.29,1980,23,12,,,,
powertraces-pt100array_pt019_r1_7536307_11-89ffb37037,2026-05-07T18:49:24.654Z,156.948,2,277.55,1980,35,17,,,,
powertraces-pt100array_pt019_r1_7536307_11-89ffb37037,2026-05-07T18:49:24.654Z,156.948,3,291.3,1980,13,7,,,,
powertraces-pt100array_pt019_r1_7536307_11-89ffb37037,2026-05-07T18:49:24.754Z,157.048,0,226.13,1980,7,3,,,,
powertraces-pt100array_pt019_r1_7536307_11-89ffb37037,2026-05-07T18:49:24.754Z,157.048,1,277.06,1980,23,12,,,,
powertraces-pt100array_pt019_r1_7536307_11-89ffb37037,2026-05-07T18:49:24.754Z,157.048,2,281.18,1980,35,17,,,,
powertraces-pt100array_pt019_r1_7536307_11-89ffb37037,2026-05-07T18:49:24.754Z,157.048,3,289.52,1980,33,17,,,,
powertraces-pt100array_pt019_r1_7536307_11-89ffb37037,2026-05-07T18:49:24.854Z,157.148,0,225.28,1980,7,3,,,,
powertraces-pt100array_pt019_r1_7536307_11-89ffb37037,2026-05-07T18:49:24.854Z,157.148,1,276.96,1980,22,11,,,,
powertraces-pt100array_pt019_r1_7536307_11-89ffb37037,2026-05-07T18:49:24.854Z,157.148,2,277.95,1980,35,17,,,,
powertraces-pt100array_pt019_r1_7536307_11-89ffb37037,2026-05-07T18:49:24.854Z,157.148,3,278.47,1980,33,17,,,,
powertraces-pt100array_pt019_r1_7536307_11-89ffb37037,2026-05-07T18:49:24.954Z,157.248,0,224.5,1980,21,11,,,,
powertraces-pt100array_pt019_r1_7536307_11-89ffb37037,2026-05-07T18:49:24.955Z,157.249,1,272.36,1980,22,11,,,,
powertraces-pt100array_pt019_r1_7536307_11-89ffb37037,2026-05-07T18:49:24.955Z,157.249,2,283.32,1980,35,17,,,,
powertraces-pt100array_pt019_r1_7536307_11-89ffb37037,2026-05-07T18:49:24.955Z,157.249,3,288.69,1980,14,6,,,,
powertraces-pt100array_pt019_r1_7536307_11-89ffb37037,2026-05-07T18:49:25.055Z,157.349,0,216.52,1980,21,11,,,,
powertraces-pt100array_pt019_r1_7536307_11-89ffb37037,2026-05-07T18:49:25.055Z,157.349,1,273.8,1980,34,17,,,,
powertraces-pt100array_pt019_r1_7536307_11-89ffb37037,2026-05-07T18:49:25.055Z,157.349,2,282.45,1980,17,8,,,,
powertraces-pt100array_pt019_r1_7536307_11-89ffb37037,2026-05-07T18:49:25.055Z,157.349,3,292.1,1980,14,6,,,,
powertraces-pt100array_pt019_r1_7536307_11-89ffb37037,2026-05-07T18:49:25.155Z,157.449,0,215.25,1980,8,4,,,,
powertraces-pt100array_pt019_r1_7536307_11-89ffb37037,2026-05-07T18:49:25.155Z,157.449,1,269.15,1980,34,17,,,,
powertraces-pt100array_pt019_r1_7536307_11-89ffb37037,2026-05-07T18:49:25.155Z,157.449,2,276.05,1980,17,8,,,,
powertraces-pt100array_pt019_r1_7536307_11-89ffb37037,2026-05-07T18:49:25.155Z,157.449,3,281.37,1980,33,17,,,,
powertraces-pt100array_pt019_r1_7536307_11-89ffb37037,2026-05-07T18:49:25.255Z,157.549,0,217.16,1980,8,4,,,,
powertraces-pt100array_pt019_r1_7536307_11-89ffb37037,2026-05-07T18:49:25.255Z,157.549,1,270.87,1980,18,8,,,,
powertraces-pt100array_pt019_r1_7536307_11-89ffb37037,2026-05-07T18:49:25.255Z,157.549,2,278.07,1980,24,13,,,,
powertraces-pt100array_pt019_r1_7536307_11-89ffb37037,2026-05-07T18:49:25.255Z,157.549,3,273.05,1980,33,17,,,,
powertraces-pt100array_pt019_r1_7536307_11-89ffb37037,2026-05-07T18:49:25.355Z,157.649,0,216.9,1980,21,11,,,,
powertraces-pt100array_pt019_r1_7536307_11-89ffb37037,2026-05-07T18:49:25.355Z,157.649,1,268.51,1980,18,8,,,,
powertraces-pt100array_pt019_r1_7536307_11-89ffb37037,2026-05-07T18:49:25.355Z,157.649,2,277.63,1980,23,11,,,,
powertraces-pt100array_pt019_r1_7536307_11-89ffb37037,2026-05-07T18:49:25.355Z,157.649,3,275.59,1980,33,17,,,,
powertraces-pt100array_pt019_r1_7536307_11-89ffb37037,2026-05-07T18:49:25.455Z,157.749,0,216.31,1980,21,11,,,,
powertraces-pt100array_pt019_r1_7536307_11-89ffb37037,2026-05-07T18:49:25.455Z,157.749,1,263.5,1980,35,17,,,,
powertraces-pt100array_pt019_r1_7536307_11-89ffb37037,2026-05-07T18:49:25.455Z,157.749,2,273.53,1980,23,11,,,,
powertraces-pt100array_pt019_r1_7536307_11-89ffb37037,2026-05-07T18:49:25.455Z,157.749,3,276.62,1980,33,17,,,,
powertraces-pt100array_pt019_r1_7536307_11-89ffb37037,2026-05-07T18:49:25.556Z,157.85,0,216.21,1980,21,11,,,,
powertraces-pt100array_pt019_r1_7536307_11-89ffb37037,2026-05-07T18:49:25.556Z,157.85,1,265.2,1980,35,17,,,,
powertraces-pt100array_pt019_r1_7536307_11-89ffb37037,2026-05-07T18:49:25.556Z,157.85,2,275.85,1980,26,14,,,,
powertraces-pt100array_pt019_r1_7536307_11-89ffb37037,2026-05-07T18:49:25.556Z,157.85,3,277.79,1980,27,14,,,,
powertraces-pt100array_pt019_r1_7536307_11-89ffb37037,2026-05-07T18:49:25.656Z,157.95,0,215.7,1980,21,11,,,,
powertraces-pt100array_pt019_r1_7536307_11-89ffb37037,2026-05-07T18:49:25.656Z,157.95,1,270.08,1980,28,14,,,,
powertraces-pt100array_pt019_r1_7536307_11-89ffb37037,2026-05-07T18:49:25.656Z,157.95,2,275.22,1980,26,14,,,,
powertraces-pt100array_pt019_r1_7536307_11-89ffb37037,2026-05-07T18:49:25.656Z,157.95,3,275.77,1980,27,14,,,,
powertraces-pt100array_pt019_r1_7536307_11-89ffb37037,2026-05-07T18:49:25.756Z,158.05,0,216.5,1980,19,9,,,,
powertraces-pt100array_pt019_r1_7536307_11-89ffb37037,2026-05-07T18:49:25.756Z,158.05,1,266.18,1980,28,14,,,,
powertraces-pt100array_pt019_r1_7536307_11-89ffb37037,2026-05-07T18:49:25.756Z,158.05,2,275.53,1980,35,17,,,,
powertraces-pt100array_pt019_r1_7536307_11-89ffb37037,2026-05-07T18:49:25.756Z,158.05,3,277.54,1980,33,17,,,,
powertraces-pt100array_pt019_r1_7536307_11-89ffb37037,2026-05-07T18:49:25.856Z,158.15,0,215.33,1980,19,9,,,,
powertraces-pt100array_pt019_r1_7536307_11-89ffb37037,2026-05-07T18:49:25.856Z,158.15,1,267.3,1980,35,17,,,,
powertraces-pt100array_pt019_r1_7536307_11-89ffb37037,2026-05-07T18:49:25.856Z,158.15,2,275.13,1980,35,17,,,,
powertraces-pt100array_pt019_r1_7536307_11-89ffb37037,2026-05-07T18:49:25.856Z,158.15,3,275.26,1980,33,17,,,,
powertraces-pt100array_pt019_r1_7536307_11-89ffb37037,2026-05-07T18:49:25.956Z,158.25,0,214.57,1980,21,11,,,,
powertraces-pt100array_pt019_r1_7536307_11-89ffb37037,2026-05-07T18:49:25.956Z,158.25,1,266.9,1980,35,17,,,,
powertraces-pt100array_pt019_r1_7536307_11-89ffb37037,2026-05-07T18:49:25.956Z,158.25,2,271.1,1980,31,15,,,,
powertraces-pt100array_pt019_r1_7536307_11-89ffb37037,2026-05-07T18:49:25.956Z,158.25,3,277.95,1980,7,4,,,,
powertraces-pt100array_pt019_r1_7536307_11-89ffb37037,2026-05-07T18:49:26.057Z,158.351,0,217.43,1980,21,11,,,,
powertraces-pt100array_pt019_r1_7536307_11-89ffb37037,2026-05-07T18:49:26.057Z,158.351,1,270.07,1980,24,13,,,,
powertraces-pt100array_pt019_r1_7536307_11-89ffb37037,2026-05-07T18:49:26.057Z,158.351,2,275.18,1980,31,15,,,,
powertraces-pt100array_pt019_r1_7536307_11-89ffb37037,2026-05-07T18:49:26.057Z,158.351,3,275.77,1980,7,4,,,,
powertraces-pt100array_pt019_r1_7536307_11-89ffb37037,2026-05-07T18:49:26.157Z,158.451,0,217.58,1980,2,1,,,,
powertraces-pt100array_pt019_r1_7536307_11-89ffb37037,2026-05-07T18:49:26.157Z,158.451,1,269.7,1980,24,13,,,,
powertraces-pt100array_pt019_r1_7536307_11-89ffb37037,2026-05-07T18:49:26.157Z,158.451,2,273.17,1980,36,18,,,,
powertraces-pt100array_pt019_r1_7536307_11-89ffb37037,2026-05-07T18:49:26.157Z,158.451,3,277.4,1980,34,17,,,,
powertraces-pt100array_pt019_r1_7536307_11-89ffb37037,2026-05-07T18:49:26.257Z,158.551,0,216.0,1980,2,1,,,,
powertraces-pt100array_pt019_r1_7536307_11-89ffb37037,2026-05-07T18:49:26.257Z,158.551,1,269.38,1980,17,7,,,,
powertraces-pt100array_pt019_r1_7536307_11-89ffb37037,2026-05-07T18:49:26.257Z,158.551,2,273.22,1980,36,18,,,,
powertraces-pt100array_pt019_r1_7536307_11-89ffb37037,2026-05-07T18:49:26.257Z,158.551,3,279.31,1980,34,17,,,,
powertraces-pt100array_pt019_r1_7536307_11-89ffb37037,2026-05-07T18:49:26.357Z,158.651,0,214.22,1980,21,11,,,,
powertraces-pt100array_pt019_r1_7536307_11-89ffb37037,2026-05-07T18:49:26.357Z,158.651,1,270.49,1980,17,7,,,,
powertraces-pt100array_pt019_r1_7536307_11-89ffb37037,2026-05-07T18:49:26.357Z,158.651,2,275.76,1980,12,5,,,,
powertraces-pt100array_pt019_r1_7536307_11-89ffb37037,2026-05-07T18:49:26.357Z,158.651,3,280.28,1980,18,9,,,,
powertraces-pt100array_pt019_r1_7536307_11-89ffb37037,2026-05-07T18:49:26.457Z,158.751,0,215.84,1980,21,11,,,,
powertraces-pt100array_pt019_r1_7536307_11-89ffb37037,2026-05-07T18:49:26.458Z,158.752,1,270.9,1980,34,17,,,,
powertraces-pt100array_pt019_r1_7536307_11-89ffb37037,2026-05-07T18:49:26.458Z,158.752,2,271.62,1980,12,5,,,,
powertraces-pt100array_pt019_r1_7536307_11-89ffb37037,2026-05-07T18:49:26.458Z,158.752,3,276.07,1980,18,9,,,,
powertraces-pt100array_pt019_r1_7536307_11-89ffb37037,2026-05-07T18:49:26.558Z,158.852,0,215.45,1980,12,6,,,,
powertraces-pt100array_pt019_r1_7536307_11-89ffb37037,2026-05-07T18:49:26.558Z,158.852,1,268.65,1980,34,17,,,,
powertraces-pt100array_pt019_r1_7536307_11-89ffb37037,2026-05-07T18:49:26.558Z,158.852,2,274.97,1980,23,12,,,,
powertraces-pt100array_pt019_r1_7536307_11-89ffb37037,2026-05-07T18:49:26.558Z,158.852,3,279.22,1980,32,16,,,,
powertraces-pt100array_pt019_r1_7536307_11-89ffb37037,2026-05-07T18:49:26.658Z,158.952,0,215.56,1980,12,6,,,,
powertraces-pt100array_pt019_r1_7536307_11-89ffb37037,2026-05-07T18:49:26.658Z,158.952,1,269.14,1980,22,10,,,,
powertraces-pt100array_pt019_r1_7536307_11-89ffb37037,2026-05-07T18:49:26.658Z,158.952,2,274.54,1980,23,12,,,,
powertraces-pt100array_pt019_r1_7536307_11-89ffb37037,2026-05-07T18:49:26.658Z,158.952,3,276.24,1980,32,16,,,,
powertraces-pt100array_pt019_r1_7536307_11-89ffb37037,2026-05-07T18:49:26.758Z,159.052,0,214.84,1980,21,11,,,,
powertraces-pt100array_pt019_r1_7536307_11-89ffb37037,2026-05-07T18:49:26.758Z,159.052,1,269.32,1980,22,10,,,,
powertraces-pt100array_pt019_r1_7536307_11-89ffb37037,2026-05-07T18:49:26.758Z,159.052,2,274.93,1980,27,13,,,,
powertraces-pt100array_pt019_r1_7536307_11-89ffb37037,2026-05-07T18:49:26.758Z,159.052,3,276.96,1980,33,17,,,,
powertraces-pt100array_pt019_r1_7536307_11-89ffb37037,2026-05-07T18:49:26.858Z,159.152,0,218.54,1980,21,11,,,,
powertraces-pt100array_pt019_r1_7536307_11-89ffb37037,2026-05-07T18:49:26.858Z,159.152,1,265.0,1980,35,17,,,,
powertraces-pt100array_pt019_r1_7536307_11-89ffb37037,2026-05-07T18:49:26.858Z,159.152,2,274.65,1980,27,13,,,,
powertraces-pt100array_pt019_r1_7536307_11-89ffb37037,2026-05-07T18:49:26.858Z,159.152,3,276.12,1980,33,17,,,,
powertraces-pt100array_pt019_r1_7536307_11-89ffb37037,2026-05-07T18:49:26.958Z,159.252,0,216.2,1980,21,11,,,,
powertraces-pt100array_pt019_r1_7536307_11-89ffb37037,2026-05-07T18:49:26.958Z,159.252,1,266.9,1980,35,17,,,,
powertraces-pt100array_pt019_r1_7536307_11-89ffb37037,2026-05-07T18:49:26.958Z,159.252,2,274.88,1980,29,15,,,,
powertraces-pt100array_pt019_r1_7536307_11-89ffb37037,2026-05-07T18:49:26.959Z,159.253,3,278.11,1980,23,13,,,,
powertraces-pt100array_pt019_r1_7536307_11-89ffb37037,2026-05-07T18:49:27.059Z,159.353,0,216.44,1980,21,11,,,,
powertraces-pt100array_pt019_r1_7536307_11-89ffb37037,2026-05-07T18:49:27.059Z,159.353,1,267.35,1980,24,13,,,,
powertraces-pt100array_pt019_r1_7536307_11-89ffb37037,2026-05-07T18:49:27.059Z,159.353,2,276.14,1980,29,15,,,,
powertraces-pt100array_pt019_r1_7536307_11-89ffb37037,2026-05-07T18:49:27.059Z,159.353,3,276.76,1980,23,13,,,,
powertraces-pt100array_pt019_r1_7536307_11-89ffb37037,2026-05-07T18:49:27.159Z,159.453,0,217.03,1980,16,8,,,,
powertraces-pt100array_pt019_r1_7536307_11-89ffb37037,2026-05-07T18:49:27.159Z,159.453,1,266.68,1980,24,13,,,,
powertraces-pt100array_pt019_r1_7536307_11-89ffb37037,2026-05-07T18:49:27.159Z,159.453,2,275.65,1980,35,18,,,,
powertraces-pt100array_pt019_r1_7536307_11-89ffb37037,2026-05-07T18:49:27.159Z,159.453,3,277.8,1980,33,17,,,,
powertraces-pt100array_pt019_r1_7536307_11-89ffb37037,2026-05-07T18:49:27.259Z,159.553,0,219.04,1980,16,8,,,,
powertraces-pt100array_pt019_r1_7536307_11-89ffb37037,2026-05-07T18:49:27.259Z,159.553,1,266.77,1980,32,16,,,,
powertraces-pt100array_pt019_r1_7536307_11-89ffb37037,2026-05-07T18:49:27.259Z,159.553,2,275.56,1980,35,18,,,,
powertraces-pt100array_pt019_r1_7536307_11-89ffb37037,2026-05-07T18:49:27.259Z,159.553,3,275.56,1980,33,17,,,,
powertraces-pt100array_pt019_r1_7536307_11-89ffb37037,2026-05-07T18:49:27.359Z,159.653,0,217.05,1980,21,11,,,,
powertraces-pt100array_pt019_r1_7536307_11-89ffb37037,2026-05-07T18:49:27.359Z,159.653,1,266.24,1980,32,16,,,,
powertraces-pt100array_pt019_r1_7536307_11-89ffb37037,2026-05-07T18:49:27.359Z,159.653,2,278.5,1980,27,13,,,,
powertraces-pt100array_pt019_r1_7536307_11-89ffb37037,2026-05-07T18:49:27.359Z,159.653,3,277.38,1980,7,3,,,,
powertraces-pt100array_pt019_r1_7536307_11-89ffb37037,2026-05-07T18:49:27.459Z,159.753,0,218.93,1980,21,11,,,,
powertraces-pt100array_pt019_r1_7536307_11-89ffb37037,2026-05-07T18:49:27.459Z,159.753,1,271.49,1980,27,14,,,,
powertraces-pt100array_pt019_r1_7536307_11-89ffb37037,2026-05-07T18:49:27.459Z,159.753,2,278.25,1980,27,13,,,,
powertraces-pt100array_pt019_r1_7536307_11-89ffb37037,2026-05-07T18:49:27.459Z,159.753,3,276.68,1980,7,3,,,,
powertraces-pt100array_pt019_r1_7536307_11-89ffb37037,2026-05-07T18:49:27.56Z,159.854,0,218.19,1980,1,0,,,,
powertraces-pt100array_pt019_r1_7536307_11-89ffb37037,2026-05-07T18:49:27.56Z,159.854,1,270.16,1980,27,14,,,,
powertraces-pt100array_pt019_r1_7536307_11-89ffb37037,2026-05-07T18:49:27.56Z,159.854,2,277.04,1980,34,17,,,,
powertraces-pt100array_pt019_r1_7536307_11-89ffb37037,2026-05-07T18:49:27.56Z,159.854,3,278.02,1980,32,16,,,,
powertraces-pt100array_pt019_r1_7536307_11-89ffb37037,2026-05-07T18:49:27.66Z,159.954,0,219.47,1980,1,0,,,,
powertraces-pt100array_pt019_r1_7536307_11-89ffb37037,2026-05-07T18:49:27.66Z,159.954,1,272.41,1980,12,5,,,,
powertraces-pt100array_pt019_r1_7536307_11-89ffb37037,2026-05-07T18:49:27.66Z,159.954,2,274.04,1980,34,17,,,,
powertraces-pt100array_pt019_r1_7536307_11-89ffb37037,2026-05-07T18:49:27.66Z,159.954,3,280.29,1980,32,16,,,,
powertraces-pt100array_pt019_r1_7536307_11-89ffb37037,2026-05-07T18:49:27.76Z,160.054,0,216.41,1980,21,11,,,,
powertraces-pt100array_pt019_r1_7536307_11-89ffb37037,2026-05-07T18:49:27.76Z,160.054,1,273.1,1980,12,5,,,,
powertraces-pt100array_pt019_r1_7536307_11-89ffb37037,2026-05-07T18:49:27.76Z,160.054,2,278.28,1980,12,5,,,,
powertraces-pt100array_pt019_r1_7536307_11-89ffb37037,2026-05-07T18:49:27.76Z,160.054,3,281.79,1980,24,12,,,,
powertraces-pt100array_pt019_r1_7536307_11-89ffb37037,2026-05-07T18:49:27.86Z,160.154,0,215.34,1980,21,11,,,,
powertraces-pt100array_pt019_r1_7536307_11-89ffb37037,2026-05-07T18:49:27.86Z,160.154,1,272.98,1980,35,17,,,,
powertraces-pt100array_pt019_r1_7536307_11-89ffb37037,2026-05-07T18:49:27.86Z,160.154,2,274.73,1980,12,5,,,,
powertraces-pt100array_pt019_r1_7536307_11-89ffb37037,2026-05-07T18:49:27.86Z,160.154,3,280.21,1980,24,12,,,,
powertraces-pt100array_pt019_r1_7536307_11-89ffb37037,2026-05-07T18:49:27.96Z,160.254,0,213.02,1980,16,8,,,,
powertraces-pt100array_pt019_r1_7536307_11-89ffb37037,2026-05-07T18:49:27.96Z,160.254,1,271.85,1980,35,17,,,,
powertraces-pt100array_pt019_r1_7536307_11-89ffb37037,2026-05-07T18:49:27.961Z,160.255,2,277.07,1980,23,12,,,,
powertraces-pt100array_pt019_r1_7536307_11-89ffb37037,2026-05-07T18:49:27.961Z,160.255,3,276.18,1980,33,17,,,,
powertraces-pt100array_pt019_r1_7536307_11-89ffb37037,2026-05-07T18:49:28.061Z,160.355,0,219.79,1980,16,8,,,,
powertraces-pt100array_pt019_r1_7536307_11-89ffb37037,2026-05-07T18:49:28.061Z,160.355,1,273.41,1980,28,14,,,,
powertraces-pt100array_pt019_r1_7536307_11-89ffb37037,2026-05-07T18:49:28.061Z,160.355,2,277.4,1980,23,12,,,,
powertraces-pt100array_pt019_r1_7536307_11-89ffb37037,2026-05-07T18:49:28.061Z,160.355,3,279.54,1980,33,17,,,,
powertraces-pt100array_pt019_r1_7536307_11-89ffb37037,2026-05-07T18:49:28.161Z,160.455,0,226.04,1980,42,27,,,,
powertraces-pt100array_pt019_r1_7536307_11-89ffb37037,2026-05-07T18:49:28.161Z,160.455,1,275.66,1980,28,14,,,,
powertraces-pt100array_pt019_r1_7536307_11-89ffb37037,2026-05-07T18:49:28.161Z,160.455,2,284.26,1980,39,26,,,,
powertraces-pt100array_pt019_r1_7536307_11-89ffb37037,2026-05-07T18:49:28.161Z,160.455,3,281.62,1980,33,17,,,,
powertraces-pt100array_pt019_r1_7536307_11-89ffb37037,2026-05-07T18:49:28.261Z,160.555,0,224.81,1980,42,27,,,,
powertraces-pt100array_pt019_r1_7536307_11-89ffb37037,2026-05-07T18:49:28.261Z,160.555,1,274.57,1980,58,37,,,,
powertraces-pt100array_pt019_r1_7536307_11-89ffb37037,2026-05-07T18:49:28.261Z,160.555,2,278.05,1980,39,26,,,,
powertraces-pt100array_pt019_r1_7536307_11-89ffb37037,2026-05-07T18:49:28.261Z,160.555,3,290.73,1980,33,17,,,,
powertraces-pt100array_pt019_r1_7536307_11-89ffb37037,2026-05-07T18:49:28.361Z,160.655,0,220.32,1980,14,8,,,,
powertraces-pt100array_pt019_r1_7536307_11-89ffb37037,2026-05-07T18:49:28.361Z,160.655,1,271.2,1980,58,37,,,,
powertraces-pt100array_pt019_r1_7536307_11-89ffb37037,2026-05-07T18:49:28.361Z,160.655,2,280.21,1980,23,12,,,,
powertraces-pt100array_pt019_r1_7536307_11-89ffb37037,2026-05-07T18:49:28.361Z,160.655,3,289.71,1980,31,14,,,,
powertraces-pt100array_pt019_r1_7536307_11-89ffb37037,2026-05-07T18:49:28.461Z,160.755,0,222.02,1980,14,8,,,,
powertraces-pt100array_pt019_r1_7536307_11-89ffb37037,2026-05-07T18:49:28.462Z,160.756,1,277.67,1980,24,12,,,,
powertraces-pt100array_pt019_r1_7536307_11-89ffb37037,2026-05-07T18:49:28.462Z,160.756,2,276.5,1980,23,12,,,,
powertraces-pt100array_pt019_r1_7536307_11-89ffb37037,2026-05-07T18:49:28.462Z,160.756,3,286.85,1980,31,14,,,,
powertraces-pt100array_pt019_r1_7536307_11-89ffb37037,2026-05-07T18:49:28.562Z,160.856,0,225.32,1980,21,10,,,,
powertraces-pt100array_pt019_r1_7536307_11-89ffb37037,2026-05-07T18:49:28.562Z,160.856,1,274.32,1980,24,12,,,,
powertraces-pt100array_pt019_r1_7536307_11-89ffb37037,2026-05-07T18:49:28.562Z,160.856,2,284.7,1980,29,14,,,,
powertraces-pt100array_pt019_r1_7536307_11-89ffb37037,2026-05-07T18:49:28.562Z,160.856,3,280.89,1980,33,16,,,,
powertraces-pt100array_pt019_r1_7536307_11-89ffb37037,2026-05-07T18:49:28.662Z,160.956,0,224.97,1980,21,10,,,,
powertraces-pt100array_pt019_r1_7536307_11-89ffb37037,2026-05-07T18:49:28.662Z,160.956,1,269.82,1980,35,17,,,,
powertraces-pt100array_pt019_r1_7536307_11-89ffb37037,2026-05-07T18:49:28.662Z,160.956,2,280.8,1980,29,14,,,,
powertraces-pt100array_pt019_r1_7536307_11-89ffb37037,2026-05-07T18:49:28.662Z,160.956,3,282.94,1980,33,16,,,,
powertraces-pt100array_pt019_r1_7536307_11-89ffb37037,2026-05-07T18:49:28.762Z,161.056,0,223.95,1980,21,10,,,,
powertraces-pt100array_pt019_r1_7536307_11-89ffb37037,2026-05-07T18:49:28.762Z,161.056,1,270.92,1980,35,17,,,,
powertraces-pt100array_pt019_r1_7536307_11-89ffb37037,2026-05-07T18:49:28.762Z,161.056,2,272.61,1980,32,16,,,,
powertraces-pt100array_pt019_r1_7536307_11-89ffb37037,2026-05-07T18:49:28.762Z,161.056,3,285.91,1980,21,11,,,,
powertraces-pt100array_pt019_r1_7536307_11-89ffb37037,2026-05-07T18:49:28.862Z,161.156,0,220.01,1980,21,10,,,,
powertraces-pt100array_pt019_r1_7536307_11-89ffb37037,2026-05-07T18:49:28.862Z,161.156,1,267.34,1980,23,12,,,,
powertraces-pt100array_pt019_r1_7536307_11-89ffb37037,2026-05-07T18:49:28.862Z,161.156,2,279.89,1980,32,16,,,,
powertraces-pt100array_pt019_r1_7536307_11-89ffb37037,2026-05-07T18:49:28.862Z,161.156,3,288.7,1980,21,11,,,,
powertraces-pt100array_pt019_r1_7536307_11-89ffb37037,2026-05-07T18:49:28.962Z,161.256,0,222.75,1980,14,7,,,,
powertraces-pt100array_pt019_r1_7536307_11-89ffb37037,2026-05-07T18:49:28.963Z,161.257,1,276.61,1980,23,12,,,,
powertraces-pt100array_pt019_r1_7536307_11-89ffb37037,2026-05-07T18:49:28.963Z,161.257,2,279.55,1980,35,17,,,,
powertraces-pt100array_pt019_r1_7536307_11-89ffb37037,2026-05-07T18:49:28.963Z,161.257,3,280.79,1980,33,17,,,,
powertraces-pt100array_pt019_r1_7536307_11-89ffb37037,2026-05-07T18:49:29.063Z,161.357,0,221.17,1980,14,7,,,,
powertraces-pt100array_pt019_r1_7536307_11-89ffb37037,2026-05-07T18:49:29.063Z,161.357,1,275.0,1980,30,15,,,,
powertraces-pt100array_pt019_r1_7536307_11-89ffb37037,2026-05-07T18:49:29.063Z,161.357,2,277.94,1980,35,17,,,,
powertraces-pt100array_pt019_r1_7536307_11-89ffb37037,2026-05-07T18:49:29.063Z,161.357,3,280.82,1980,33,17,,,,
powertraces-pt100array_pt019_r1_7536307_11-89ffb37037,2026-05-07T18:49:29.163Z,161.457,0,212.99,1980,21,10,,,,
powertraces-pt100array_pt019_r1_7536307_11-89ffb37037,2026-05-07T18:49:29.163Z,161.457,1,266.8,1980,30,15,,,,
powertraces-pt100array_pt019_r1_7536307_11-89ffb37037,2026-05-07T18:49:29.163Z,161.457,2,273.84,1980,24,11,,,,
powertraces-pt100array_pt019_r1_7536307_11-89ffb37037,2026-05-07T18:49:29.163Z,161.457,3,283.73,1980,7,3,,,,
powertraces-pt100array_pt019_r1_7536307_11-89ffb37037,2026-05-07T18:49:29.263Z,161.557,0,214.07,1980,21,10,,,,
powertraces-pt100array_pt019_r1_7536307_11-89ffb37037,2026-05-07T18:49:29.263Z,161.557,1,269.37,1980,29,15,,,,
powertraces-pt100array_pt019_r1_7536307_11-89ffb37037,2026-05-07T18:49:29.263Z,161.557,2,275.23,1980,24,11,,,,
powertraces-pt100array_pt019_r1_7536307_11-89ffb37037,2026-05-07T18:49:29.263Z,161.557,3,277.13,1980,7,3,,,,
powertraces-pt100array_pt019_r1_7536307_11-89ffb37037,2026-05-07T18:49:29.363Z,161.657,0,211.05,1980,1,0,,,,
powertraces-pt100array_pt019_r1_7536307_11-89ffb37037,2026-05-07T18:49:29.363Z,161.657,1,270.38,1980,29,15,,,,
powertraces-pt100array_pt019_r1_7536307_11-89ffb37037,2026-05-07T18:49:29.363Z,161.657,2,272.59,1980,32,16,,,,
powertraces-pt100array_pt019_r1_7536307_11-89ffb37037,2026-05-07T18:49:29.363Z,161.657,3,276.61,1980,33,17,,,,
powertraces-pt100array_pt019_r1_7536307_11-89ffb37037,2026-05-07T18:49:29.463Z,161.757,0,214.37,1980,1,0,,,,
powertraces-pt100array_pt019_r1_7536307_11-89ffb37037,2026-05-07T18:49:29.463Z,161.757,1,268.26,1980,12,5,,,,
powertraces-pt100array_pt019_r1_7536307_11-89ffb37037,2026-05-07T18:49:29.463Z,161.757,2,272.78,1980,32,16,,,,
powertraces-pt100array_pt019_r1_7536307_11-89ffb37037,2026-05-07T18:49:29.463Z,161.757,3,272.2,1980,33,17,,,,
powertraces-pt100array_pt019_r1_7536307_11-89ffb37037,2026-05-07T18:49:29.564Z,161.858,0,215.69,1980,21,11,,,,
powertraces-pt100array_pt019_r1_7536307_11-89ffb37037,2026-05-07T18:49:29.564Z,161.858,1,268.95,1980,12,5,,,,
powertraces-pt100array_pt019_r1_7536307_11-89ffb37037,2026-05-07T18:49:29.564Z,161.858,2,272.8,1980,15,7,,,,
powertraces-pt100array_pt019_r1_7536307_11-89ffb37037,2026-05-07T18:49:29.564Z,161.858,3,279.99,1980,26,13,,,,
powertraces-pt100array_pt019_r1_7536307_11-89ffb37037,2026-05-07T18:49:29.664Z,161.958,0,215.33,1980,21,11,,,,
powertraces-pt100array_pt019_r1_7536307_11-89ffb37037,2026-05-07T18:49:29.664Z,161.958,1,269.62,1980,35,17,,,,
powertraces-pt100array_pt019_r1_7536307_11-89ffb37037,2026-05-07T18:49:29.664Z,161.958,2,272.1,1980,15,7,,,,
powertraces-pt100array_pt019_r1_7536307_11-89ffb37037,2026-05-07T18:49:29.664Z,161.958,3,279.13,1980,26,13,,,,
powertraces-pt100array_pt019_r1_7536307_11-89ffb37037,2026-05-07T18:49:29.764Z,162.058,0,217.29,1980,18,9,,,,
powertraces-pt100array_pt019_r1_7536307_11-89ffb37037,2026-05-07T18:49:29.764Z,162.058,1,266.56,1980,35,17,,,,
powertraces-pt100array_pt019_r1_7536307_11-89ffb37037,2026-05-07T18:49:29.764Z,162.058,2,274.61,1980,23,12,,,,
powertraces-pt100array_pt019_r1_7536307_11-89ffb37037,2026-05-07T18:49:29.764Z,162.058,3,279.6,1980,33,17,,,,
powertraces-pt100array_pt019_r1_7536307_11-89ffb37037,2026-05-07T18:49:29.864Z,162.158,0,217.84,1980,18,9,,,,
powertraces-pt100array_pt019_r1_7536307_11-89ffb37037,2026-05-07T18:49:29.864Z,162.158,1,267.16,1980,30,15,,,,
powertraces-pt100array_pt019_r1_7536307_11-89ffb37037,2026-05-07T18:49:29.864Z,162.158,2,273.83,1980,23,12,,,,
powertraces-pt100array_pt019_r1_7536307_11-89ffb37037,2026-05-07T18:49:29.864Z,162.158,3,280.81,1980,33,17,,,,
powertraces-pt100array_pt019_r1_7536307_11-89ffb37037,2026-05-07T18:49:29.964Z,162.258,0,216.26,1980,21,11,,,,
powertraces-pt100array_pt019_r1_7536307_11-89ffb37037,2026-05-07T18:49:29.964Z,162.258,1,267.95,1980,30,15,,,,
powertraces-pt100array_pt019_r1_7536307_11-89ffb37037,2026-05-07T18:49:29.964Z,162.258,2,273.69,1980,35,17,,,,
powertraces-pt100array_pt019_r1_7536307_11-89ffb37037,2026-05-07T18:49:29.964Z,162.258,3,281.15,1980,33,17,,,,
powertraces-pt100array_pt019_r1_7536307_11-89ffb37037,2026-05-07T18:49:30.065Z,162.359,0,215.35,1980,21,11,,,,
powertraces-pt100array_pt019_r1_7536307_11-89ffb37037,2026-05-07T18:49:30.065Z,162.359,1,269.47,1980,34,17,,,,
powertraces-pt100array_pt019_r1_7536307_11-89ffb37037,2026-05-07T18:49:30.065Z,162.359,2,276.73,1980,35,17,,,,
powertraces-pt100array_pt019_r1_7536307_11-89ffb37037,2026-05-07T18:49:30.065Z,162.359,3,282.38,1980,33,17,,,,
powertraces-pt100array_pt019_r1_7536307_11-89ffb37037,2026-05-07T18:49:30.165Z,162.459,0,217.57,1980,21,10,,,,
powertraces-pt100array_pt019_r1_7536307_11-89ffb37037,2026-05-07T18:49:30.165Z,162.459,1,269.2,1980,34,17,,,,
powertraces-pt100array_pt019_r1_7536307_11-89ffb37037,2026-05-07T18:49:30.165Z,162.459,2,274.4,1980,35,17,,,,
powertraces-pt100array_pt019_r1_7536307_11-89ffb37037,2026-05-07T18:49:30.165Z,162.459,3,278.11,1980,16,8,,,,
powertraces-pt100array_pt019_r1_7536307_11-89ffb37037,2026-05-07T18:49:30.265Z,162.559,0,213.07,1980,21,10,,,,
powertraces-pt100array_pt019_r1_7536307_11-89ffb37037,2026-05-07T18:49:30.265Z,162.559,1,263.5,1980,23,12,,,,
powertraces-pt100array_pt019_r1_7536307_11-89ffb37037,2026-05-07T18:49:30.265Z,162.559,2,275.08,1980,35,17,,,,
powertraces-pt100array_pt019_r1_7536307_11-89ffb37037,2026-05-07T18:49:30.265Z,162.559,3,277.76,1980,16,8,,,,
powertraces-pt100array_pt019_r1_7536307_11-89ffb37037,2026-05-07T18:49:30.365Z,162.659,0,217.22,1980,8,3,,,,
powertraces-pt100array_pt019_r1_7536307_11-89ffb37037,2026-05-07T18:49:30.365Z,162.659,1,266.04,1980,23,12,,,,
powertraces-pt100array_pt019_r1_7536307_11-89ffb37037,2026-05-07T18:49:30.365Z,162.659,2,273.07,1980,35,17,,,,
powertraces-pt100array_pt019_r1_7536307_11-89ffb37037,2026-05-07T18:49:30.365Z,162.659,3,279.0,1980,33,17,,,,
powertraces-pt100array_pt019_r1_7536307_11-89ffb37037,2026-05-07T18:49:30.465Z,162.759,0,215.79,1980,8,3,,,,
powertraces-pt100array_pt019_r1_7536307_11-89ffb37037,2026-05-07T18:49:30.465Z,162.759,1,268.98,1980,25,12,,,,
powertraces-pt100array_pt019_r1_7536307_11-89ffb37037,2026-05-07T18:49:30.465Z,162.759,2,276.62,1980,35,17,,,,
powertraces-pt100array_pt019_r1_7536307_11-89ffb37037,2026-05-07T18:49:30.465Z,162.759,3,276.77,1980,33,17,,,,
powertraces-pt100array_pt019_r1_7536307_11-89ffb37037,2026-05-07T18:49:30.565Z,162.859,0,216.1,1980,21,10,,,,
powertraces-pt100array_pt019_r1_7536307_11-89ffb37037,2026-05-07T18:49:30.566Z,162.86,1,269.1,1980,25,12,,,,
powertraces-pt100array_pt019_r1_7536307_11-89ffb37037,2026-05-07T18:49:30.566Z,162.86,2,271.25,1980,19,9,,,,
powertraces-pt100array_pt019_r1_7536307_11-89ffb37037,2026-05-07T18:49:30.566Z,162.86,3,274.37,1980,13,6,,,,
powertraces-pt100array_pt019_r1_7536307_11-89ffb37037,2026-05-07T18:49:30.666Z,162.96,0,216.59,1980,21,10,,,,
powertraces-pt100array_pt019_r1_7536307_11-89ffb37037,2026-05-07T18:49:30.666Z,162.96,1,265.91,1980,35,17,,,,
powertraces-pt100array_pt019_r1_7536307_11-89ffb37037,2026-05-07T18:49:30.666Z,162.96,2,270.79,1980,19,9,,,,
powertraces-pt100array_pt019_r1_7536307_11-89ffb37037,2026-05-07T18:49:30.666Z,162.96,3,278.46,1980,13,6,,,,
powertraces-pt100array_pt019_r1_7536307_11-89ffb37037,2026-05-07T18:49:30.766Z,163.06,0,213.53,1980,8,4,,,,
powertraces-pt100array_pt019_r1_7536307_11-89ffb37037,2026-05-07T18:49:30.766Z,163.06,1,268.39,1980,35,17,,,,
powertraces-pt100array_pt019_r1_7536307_11-89ffb37037,2026-05-07T18:49:30.766Z,163.06,2,274.51,1980,26,13,,,,
powertraces-pt100array_pt019_r1_7536307_11-89ffb37037,2026-05-07T18:49:30.766Z,163.06,3,276.08,1980,33,17,,,,
powertraces-pt100array_pt019_r1_7536307_11-89ffb37037,2026-05-07T18:49:30.866Z,163.16,0,214.57,1980,8,4,,,,
powertraces-pt100array_pt019_r1_7536307_11-89ffb37037,2026-05-07T18:49:30.866Z,163.16,1,270.44,1980,17,8,,,,
powertraces-pt100array_pt019_r1_7536307_11-89ffb37037,2026-05-07T18:49:30.866Z,163.16,2,274.47,1980,26,13,,,,
powertraces-pt100array_pt019_r1_7536307_11-89ffb37037,2026-05-07T18:49:30.866Z,163.16,3,270.87,1980,33,17,,,,
powertraces-pt100array_pt019_r1_7536307_11-89ffb37037,2026-05-07T18:49:30.966Z,163.26,0,216.73,1980,21,11,,,,
powertraces-pt100array_pt019_r1_7536307_11-89ffb37037,2026-05-07T18:49:30.966Z,163.26,1,268.08,1980,17,8,,,,
powertraces-pt100array_pt019_r1_7536307_11-89ffb37037,2026-05-07T18:49:30.966Z,163.26,2,274.3,1980,24,12,,,,
powertraces-pt100array_pt019_r1_7536307_11-89ffb37037,2026-05-07T18:49:30.966Z,163.26,3,272.76,1980,33,16,,,,
powertraces-pt100array_pt019_r1_7536307_11-89ffb37037,2026-05-07T18:49:31.066Z,163.36,0,217.5,1980,21,11,,,,
powertraces-pt100array_pt019_r1_7536307_11-89ffb37037,2026-05-07T18:49:31.066Z,163.36,1,266.59,1980,35,17,,,,
powertraces-pt100array_pt019_r1_7536307_11-89ffb37037,2026-05-07T18:49:31.066Z,163.36,2,271.54,1980,24,12,,,,
powertraces-pt100array_pt019_r1_7536307_11-89ffb37037,2026-05-07T18:49:31.066Z,163.36,3,273.78,1980,33,16,,,,
powertraces-pt100array_pt019_r1_7536307_11-89ffb37037,2026-05-07T18:49:31.167Z,163.461,0,214.88,1980,21,11,,,,
powertraces-pt100array_pt019_r1_7536307_11-89ffb37037,2026-05-07T18:49:31.167Z,163.461,1,272.95,1980,35,17,,,,
powertraces-pt100array_pt019_r1_7536307_11-89ffb37037,2026-05-07T18:49:31.167Z,163.461,2,277.06,1980,28,15,,,,
powertraces-pt100array_pt019_r1_7536307_11-89ffb37037,2026-05-07T18:49:31.167Z,163.461,3,276.88,1980,26,14,,,,
powertraces-pt100array_pt019_r1_7536307_11-89ffb37037,2026-05-07T18:49:31.267Z,163.561,0,214.7,1980,21,11,,,,
powertraces-pt100array_pt019_r1_7536307_11-89ffb37037,2026-05-07T18:49:31.267Z,163.561,1,269.42,1980,27,14,,,,
powertraces-pt100array_pt019_r1_7536307_11-89ffb37037,2026-05-07T18:49:31.267Z,163.561,2,275.29,1980,28,15,,,,
powertraces-pt100array_pt019_r1_7536307_11-89ffb37037,2026-05-07T18:49:31.267Z,163.561,3,274.89,1980,26,14,,,,
powertraces-pt100array_pt019_r1_7536307_11-89ffb37037,2026-05-07T18:49:31.367Z,163.661,0,216.42,1980,16,8,,,,
powertraces-pt100array_pt019_r1_7536307_11-89ffb37037,2026-05-07T18:49:31.367Z,163.661,1,270.95,1980,27,14,,,,
powertraces-pt100array_pt019_r1_7536307_11-89ffb37037,2026-05-07T18:49:31.367Z,163.661,2,276.9,1980,35,17,,,,
powertraces-pt100array_pt019_r1_7536307_11-89ffb37037,2026-05-07T18:49:31.367Z,163.661,3,279.1,1980,33,17,,,,
powertraces-pt100array_pt019_r1_7536307_11-89ffb37037,2026-05-07T18:49:31.467Z,163.761,0,216.93,1980,16,8,,,,
powertraces-pt100array_pt019_r1_7536307_11-89ffb37037,2026-05-07T18:49:31.467Z,163.761,1,270.42,1980,33,16,,,,
powertraces-pt100array_pt019_r1_7536307_11-89ffb37037,2026-05-07T18:49:31.467Z,163.761,2,274.89,1980,35,17,,,,
powertraces-pt100array_pt019_r1_7536307_11-89ffb37037,2026-05-07T18:49:31.467Z,163.761,3,278.38,1980,33,17,,,,
powertraces-pt100array_pt019_r1_7536307_11-89ffb37037,2026-05-07T18:49:31.567Z,163.861,0,215.66,1980,21,10,,,,
powertraces-pt100array_pt019_r1_7536307_11-89ffb37037,2026-05-07T18:49:31.567Z,163.861,1,267.82,1980,33,16,,,,
powertraces-pt100array_pt019_r1_7536307_11-89ffb37037,2026-05-07T18:49:31.567Z,163.861,2,279.39,1980,27,13,,,,
powertraces-pt100array_pt019_r1_7536307_11-89ffb37037,2026-05-07T18:49:31.567Z,163.861,3,278.12,1980,8,4,,,,
powertraces-pt100array_pt019_r1_7536307_11-89ffb37037,2026-05-07T18:49:31.667Z,163.961,0,218.38,1980,21,10,,,,
powertraces-pt100array_pt019_r1_7536307_11-89ffb37037,2026-05-07T18:49:31.667Z,163.961,1,270.91,1980,27,14,,,,
powertraces-pt100array_pt019_r1_7536307_11-89ffb37037,2026-05-07T18:49:31.667Z,163.961,2,278.19,1980,27,13,,,,
powertraces-pt100array_pt019_r1_7536307_11-89ffb37037,2026-05-07T18:49:31.667Z,163.961,3,272.66,1980,8,4,,,,
powertraces-pt100array_pt019_r1_7536307_11-89ffb37037,2026-05-07T18:49:31.768Z,164.062,0,215.52,1980,1,0,,,,
powertraces-pt100array_pt019_r1_7536307_11-89ffb37037,2026-05-07T18:49:31.768Z,164.062,1,265.17,1980,27,14,,,,
powertraces-pt100array_pt019_r1_7536307_11-89ffb37037,2026-05-07T18:49:31.768Z,164.062,2,274.32,1980,34,17,,,,
powertraces-pt100array_pt019_r1_7536307_11-89ffb37037,2026-05-07T18:49:31.768Z,164.062,3,275.4,1980,33,17,,,,
powertraces-pt100array_pt019_r1_7536307_11-89ffb37037,2026-05-07T18:49:31.868Z,164.162,0,215.6,1980,1,0,,,,
powertraces-pt100array_pt019_r1_7536307_11-89ffb37037,2026-05-07T18:49:31.868Z,164.162,1,266.94,1980,13,5,,,,
powertraces-pt100array_pt019_r1_7536307_11-89ffb37037,2026-05-07T18:49:31.868Z,164.162,2,271.27,1980,34,17,,,,
powertraces-pt100array_pt019_r1_7536307_11-89ffb37037,2026-05-07T18:49:31.868Z,164.162,3,278.34,1980,33,17,,,,
powertraces-pt100array_pt019_r1_7536307_11-89ffb37037,2026-05-07T18:49:31.968Z,164.262,0,212.78,1980,21,10,,,,
powertraces-pt100array_pt019_r1_7536307_11-89ffb37037,2026-05-07T18:49:31.968Z,164.262,1,271.59,1980,13,5,,,,
powertraces-pt100array_pt019_r1_7536307_11-89ffb37037,2026-05-07T18:49:31.968Z,164.262,2,275.69,1980,14,6,,,,
powertraces-pt100array_pt019_r1_7536307_11-89ffb37037,2026-05-07T18:49:31.968Z,164.262,3,276.86,1980,24,12,,,,
powertraces-pt100array_pt019_r1_7536307_11-89ffb37037,2026-05-07T18:49:32.068Z,164.362,0,214.22,1980,21,10,,,,
powertraces-pt100array_pt019_r1_7536307_11-89ffb37037,2026-05-07T18:49:32.068Z,164.362,1,271.37,1980,34,17,,,,
powertraces-pt100array_pt019_r1_7536307_11-89ffb37037,2026-05-07T18:49:32.068Z,164.362,2,276.12,1980,14,6,,,,
powertraces-pt100array_pt019_r1_7536307_11-89ffb37037,2026-05-07T18:49:32.068Z,164.362,3,276.05,1980,24,12,,,,
powertraces-pt100array_pt019_r1_7536307_11-89ffb37037,2026-05-07T18:49:32.168Z,164.462,0,212.15,1980,15,8,,,,
powertraces-pt100array_pt019_r1_7536307_11-89ffb37037,2026-05-07T18:49:32.168Z,164.462,1,269.17,1980,34,17,,,,
powertraces-pt100array_pt019_r1_7536307_11-89ffb37037,2026-05-07T18:49:32.168Z,164.462,2,279.45,1980,35,22,,,,
powertraces-pt100array_pt019_r1_7536307_11-89ffb37037,2026-05-07T18:49:32.168Z,164.462,3,273.65,1980,33,17,,,,
powertraces-pt100array_pt019_r1_7536307_11-89ffb37037,2026-05-07T18:49:32.268Z,164.562,0,222.75,1980,15,8,,,,
powertraces-pt100array_pt019_r1_7536307_11-89ffb37037,2026-05-07T18:49:32.268Z,164.562,1,280.89,1980,29,14,,,,
powertraces-pt100array_pt019_r1_7536307_11-89ffb37037,2026-05-07T18:49:32.268Z,164.562,2,283.56,1980,35,22,,,,
powertraces-pt100array_pt019_r1_7536307_11-89ffb37037,2026-05-07T18:49:32.268Z,164.562,3,275.26,1980,33,17,,,,
powertraces-pt100array_pt019_r1_7536307_11-89ffb37037,2026-05-07T18:49:32.369Z,164.663,0,221.03,1980,19,8,,,,
powertraces-pt100array_pt019_r1_7536307_11-89ffb37037,2026-05-07T18:49:32.369Z,164.663,1,277.0,1980,29,14,,,,
powertraces-pt100array_pt019_r1_7536307_11-89ffb37037,2026-05-07T18:49:32.369Z,164.663,2,282.37,1980,17,8,,,,
powertraces-pt100array_pt019_r1_7536307_11-89ffb37037,2026-05-07T18:49:32.369Z,164.663,3,277.02,1980,42,27,,,,
powertraces-pt100array_pt019_r1_7536307_11-89ffb37037,2026-05-07T18:49:32.469Z,164.763,0,219.91,1980,19,8,,,,
powertraces-pt100array_pt019_r1_7536307_11-89ffb37037,2026-05-07T18:49:32.469Z,164.763,1,277.0,1980,32,14,,,,
powertraces-pt100array_pt019_r1_7536307_11-89ffb37037,2026-05-07T18:49:32.469Z,164.763,2,282.5,1980,17,8,,,,
powertraces-pt100array_pt019_r1_7536307_11-89ffb37037,2026-05-07T18:49:32.469Z,164.763,3,279.87,1980,42,27,,,,
powertraces-pt100array_pt019_r1_7536307_11-89ffb37037,2026-05-07T18:49:32.569Z,164.863,0,217.11,1980,21,11,,,,
powertraces-pt100array_pt019_r1_7536307_11-89ffb37037,2026-05-07T18:49:32.569Z,164.863,1,279.65,1980,31,15,,,,
powertraces-pt100array_pt019_r1_7536307_11-89ffb37037,2026-05-07T18:49:32.569Z,164.863,2,283.86,1980,23,12,,,,
powertraces-pt100array_pt019_r1_7536307_11-89ffb37037,2026-05-07T18:49:32.569Z,164.863,3,278.23,1980,33,16,,,,
powertraces-pt100array_pt019_r1_7536307_11-89ffb37037,2026-05-07T18:49:32.669Z,164.963,0,219.54,1980,21,11,,,,
powertraces-pt100array_pt019_r1_7536307_11-89ffb37037,2026-05-07T18:49:32.669Z,164.963,1,282.92,1980,31,15,,,,
powertraces-pt100array_pt019_r1_7536307_11-89ffb37037,2026-05-07T18:49:32.669Z,164.963,2,280.13,1980,23,12,,,,
powertraces-pt100array_pt019_r1_7536307_11-89ffb37037,2026-05-07T18:49:32.669Z,164.963,3,281.1,1980,33,16,,,,
powertraces-pt100array_pt019_r1_7536307_11-89ffb37037,2026-05-07T18:49:32.769Z,165.063,0,223.45,1980,21,10,,,,
powertraces-pt100array_pt019_r1_7536307_11-89ffb37037,2026-05-07T18:49:32.769Z,165.063,1,279.12,1980,35,17,,,,
powertraces-pt100array_pt019_r1_7536307_11-89ffb37037,2026-05-07T18:49:32.769Z,165.063,2,284.96,1980,35,17,,,,
powertraces-pt100array_pt019_r1_7536307_11-89ffb37037,2026-05-07T18:49:32.769Z,165.063,3,276.8,1980,33,17,,,,
powertraces-pt100array_pt019_r1_7536307_11-89ffb37037,2026-05-07T18:49:32.869Z,165.163,0,218.91,1980,21,10,,,,
powertraces-pt100array_pt019_r1_7536307_11-89ffb37037,2026-05-07T18:49:32.869Z,165.163,1,276.76,1980,35,17,,,,
powertraces-pt100array_pt019_r1_7536307_11-89ffb37037,2026-05-07T18:49:32.869Z,165.163,2,288.17,1980,35,17,,,,
powertraces-pt100array_pt019_r1_7536307_11-89ffb37037,2026-05-07T18:49:32.869Z,165.163,3,280.05,1980,33,17,,,,
powertraces-pt100array_pt019_r1_7536307_11-89ffb37037,2026-05-07T18:49:32.97Z,165.264,0,219.7,1980,21,10,,,,
powertraces-pt100array_pt019_r1_7536307_11-89ffb37037,2026-05-07T18:49:32.97Z,165.264,1,275.22,1980,22,12,,,,
powertraces-pt100array_pt019_r1_7536307_11-89ffb37037,2026-05-07T18:49:32.97Z,165.264,2,282.39,1980,34,17,,,,
powertraces-pt100array_pt019_r1_7536307_11-89ffb37037,2026-05-07T18:49:32.97Z,165.264,3,278.75,1980,11,6,,,,
powertraces-pt100array_pt019_r1_7536307_11-89ffb37037,2026-05-07T18:49:33.07Z,165.364,0,217.21,1980,21,10,,,,
powertraces-pt100array_pt019_r1_7536307_11-89ffb37037,2026-05-07T18:49:33.07Z,165.364,1,279.88,1980,22,12,,,,
powertraces-pt100array_pt019_r1_7536307_11-89ffb37037,2026-05-07T18:49:33.07Z,165.364,2,284.97,1980,34,17,,,,
powertraces-pt100array_pt019_r1_7536307_11-89ffb37037,2026-05-07T18:49:33.07Z,165.364,3,282.69,1980,11,6,,,,
powertraces-pt100array_pt019_r1_7536307_11-89ffb37037,2026-05-07T18:49:33.17Z,165.464,0,220.39,1980,3,1,,,,
powertraces-pt100array_pt019_r1_7536307_11-89ffb37037,2026-05-07T18:49:33.17Z,165.464,1,271.17,1980,18,8,,,,
powertraces-pt100array_pt019_r1_7536307_11-89ffb37037,2026-05-07T18:49:33.17Z,165.464,2,276.77,1980,35,17,,,,
powertraces-pt100array_pt019_r1_7536307_11-89ffb37037,2026-05-07T18:49:33.17Z,165.464,3,280.69,1980,33,16,,,,
powertraces-pt100array_pt019_r1_7536307_11-89ffb37037,2026-05-07T18:49:33.27Z,165.564,0,213.13,1980,3,1,,,,
powertraces-pt100array_pt019_r1_7536307_11-89ffb37037,2026-05-07T18:49:33.27Z,165.564,1,273.47,1980,18,8,,,,
powertraces-pt100array_pt019_r1_7536307_11-89ffb37037,2026-05-07T18:49:33.27Z,165.564,2,275.55,1980,35,17,,,,
powertraces-pt100array_pt019_r1_7536307_11-89ffb37037,2026-05-07T18:49:33.27Z,165.564,3,275.57,1980,33,16,,,,
powertraces-pt100array_pt019_r1_7536307_11-89ffb37037,2026-05-07T18:49:33.37Z,165.664,0,214.72,1980,21,11,,,,
powertraces-pt100array_pt019_r1_7536307_11-89ffb37037,2026-05-07T18:49:33.37Z,165.664,1,270.75,1980,35,17,,,,
powertraces-pt100array_pt019_r1_7536307_11-89ffb37037,2026-05-07T18:49:33.37Z,165.664,2,275.58,1980,13,5,,,,
powertraces-pt100array_pt019_r1_7536307_11-89ffb37037,2026-05-07T18:49:33.37Z,165.664,3,272.38,1980,20,10,,,,
powertraces-pt100array_pt019_r1_7536307_11-89ffb37037,2026-05-07T18:49:33.471Z,165.765,0,217.02,1980,21,11,,,,
powertraces-pt100array_pt019_r1_7536307_11-89ffb37037,2026-05-07T18:49:33.471Z,165.765,1,268.01,1980,35,17,,,,
powertraces-pt100array_pt019_r1_7536307_11-89ffb37037,2026-05-07T18:49:33.471Z,165.765,2,272.49,1980,13,5,,,,
powertraces-pt100array_pt019_r1_7536307_11-89ffb37037,2026-05-07T18:49:33.471Z,165.765,3,272.22,1980,20,10,,,,
powertraces-pt100array_pt019_r1_7536307_11-89ffb37037,2026-05-07T18:49:33.571Z,165.865,0,212.07,1980,14,8,,,,
powertraces-pt100array_pt019_r1_7536307_11-89ffb37037,2026-05-07T18:49:33.571Z,165.865,1,270.62,1980,24,11,,,,
powertraces-pt100array_pt019_r1_7536307_11-89ffb37037,2026-05-07T18:49:33.571Z,165.865,2,273.92,1980,23,12,,,,
powertraces-pt100array_pt019_r1_7536307_11-89ffb37037,2026-05-07T18:49:33.571Z,165.865,3,277.38,1980,32,16,,,,
powertraces-pt100array_pt019_r1_7536307_11-89ffb37037,2026-05-07T18:49:33.671Z,165.965,0,214.21,1980,14,8,,,,
powertraces-pt100array_pt019_r1_7536307_11-89ffb37037,2026-05-07T18:49:33.671Z,165.965,1,272.73,1980,24,11,,,,
powertraces-pt100array_pt019_r1_7536307_11-89ffb37037,2026-05-07T18:49:33.671Z,165.965,2,276.66,1980,23,12,,,,
powertraces-pt100array_pt019_r1_7536307_11-89ffb37037,2026-05-07T18:49:33.671Z,165.965,3,282.24,1980,32,16,,,,
powertraces-pt100array_pt019_r1_7536307_11-89ffb37037,2026-05-07T18:49:33.771Z,166.065,0,214.15,1980,21,11,,,,
powertraces-pt100array_pt019_r1_7536307_11-89ffb37037,2026-05-07T18:49:33.771Z,166.065,1,270.01,1980,35,17,,,,
powertraces-pt100array_pt019_r1_7536307_11-89ffb37037,2026-05-07T18:49:33.771Z,166.065,2,277.58,1980,30,15,,,,
powertraces-pt100array_pt019_r1_7536307_11-89ffb37037,2026-05-07T18:49:33.771Z,166.065,3,276.57,1980,33,17,,,,
powertraces-pt100array_pt019_r1_7536307_11-89ffb37037,2026-05-07T18:49:33.871Z,166.165,0,216.6,1980,21,11,,,,
powertraces-pt100array_pt019_r1_7536307_11-89ffb37037,2026-05-07T18:49:33.871Z,166.165,1,272.43,1980,35,17,,,,
powertraces-pt100array_pt019_r1_7536307_11-89ffb37037,2026-05-07T18:49:33.871Z,166.165,2,277.94,1980,30,15,,,,
powertraces-pt100array_pt019_r1_7536307_11-89ffb37037,2026-05-07T18:49:33.871Z,166.165,3,279.09,1980,33,17,,,,
powertraces-pt100array_pt019_r1_7536307_11-89ffb37037,2026-05-07T18:49:33.971Z,166.265,0,216.54,1980,21,11,,,,
powertraces-pt100array_pt019_r1_7536307_11-89ffb37037,2026-05-07T18:49:33.971Z,166.265,1,269.44,1980,22,12,,,,
powertraces-pt100array_pt019_r1_7536307_11-89ffb37037,2026-05-07T18:49:33.971Z,166.265,2,272.97,1980,34,17,,,,
powertraces-pt100array_pt019_r1_7536307_11-89ffb37037,2026-05-07T18:49:33.971Z,166.265,3,279.92,1980,21,11,,,,
powertraces-pt100array_pt019_r1_7536307_11-89ffb37037,2026-05-07T18:49:34.072Z,166.366,0,215.97,1980,21,11,,,,
powertraces-pt100array_pt019_r1_7536307_11-89ffb37037,2026-05-07T18:49:34.072Z,166.366,1,270.79,1980,22,12,,,,
powertraces-pt100array_pt019_r1_7536307_11-89ffb37037,2026-05-07T18:49:34.072Z,166.366,2,278.1,1980,34,17,,,,
powertraces-pt100array_pt019_r1_7536307_11-89ffb37037,2026-05-07T18:49:34.072Z,166.366,3,280.5,1980,21,11,,,,
powertraces-pt100array_pt019_r1_7536307_11-89ffb37037,2026-05-07T18:49:34.172Z,166.466,0,214.62,1980,11,5,,,,
powertraces-pt100array_pt019_r1_7536307_11-89ffb37037,2026-05-07T18:49:34.172Z,166.466,1,270.19,1980,27,13,,,,
powertraces-pt100array_pt019_r1_7536307_11-89ffb37037,2026-05-07T18:49:34.172Z,166.466,2,276.1,1980,35,18,,,,
powertraces-pt100array_pt019_r1_7536307_11-89ffb37037,2026-05-07T18:49:34.172Z,166.466,3,276.49,1980,33,17,,,,
powertraces-pt100array_pt019_r1_7536307_11-89ffb37037,2026-05-07T18:49:34.272Z,166.566,0,215.99,1980,11,5,,,,
powertraces-pt100array_pt019_r1_7536307_11-89ffb37037,2026-05-07T18:49:34.272Z,166.566,1,269.17,1980,27,13,,,,
powertraces-pt100array_pt019_r1_7536307_11-89ffb37037,2026-05-07T18:49:34.272Z,166.566,2,276.03,1980,35,18,,,,
powertraces-pt100array_pt019_r1_7536307_11-89ffb37037,2026-05-07T18:49:34.272Z,166.566,3,276.98,1980,33,17,,,,
powertraces-pt100array_pt019_r1_7536307_11-89ffb37037,2026-05-07T18:49:34.372Z,166.666,0,216.2,1980,21,11,,,,
powertraces-pt100array_pt019_r1_7536307_11-89ffb37037,2026-05-07T18:49:34.372Z,166.666,1,268.61,1980,34,17,,,,
powertraces-pt100array_pt019_r1_7536307_11-89ffb37037,2026-05-07T18:49:34.372Z,166.666,2,278.23,1980,20,9,,,,
powertraces-pt100array_pt019_r1_7536307_11-89ffb37037,2026-05-07T18:49:34.372Z,166.666,3,281.66,1980,10,4,,,,
powertraces-pt100array_pt019_r1_7536307_11-89ffb37037,2026-05-07T18:49:34.472Z,166.766,0,214.27,1980,21,11,,,,
powertraces-pt100array_pt019_r1_7536307_11-89ffb37037,2026-05-07T18:49:34.472Z,166.766,1,269.42,1980,34,17,,,,
powertraces-pt100array_pt019_r1_7536307_11-89ffb37037,2026-05-07T18:49:34.472Z,166.766,2,276.99,1980,20,9,,,,
powertraces-pt100array_pt019_r1_7536307_11-89ffb37037,2026-05-07T18:49:34.472Z,166.766,3,283.96,1980,10,4,,,,
powertraces-pt100array_pt019_r1_7536307_11-89ffb37037,2026-05-07T18:49:34.573Z,166.867,0,214.38,1980,7,4,,,,
powertraces-pt100array_pt019_r1_7536307_11-89ffb37037,2026-05-07T18:49:34.573Z,166.867,1,270.26,1980,17,8,,,,
powertraces-pt100array_pt019_r1_7536307_11-89ffb37037,2026-05-07T18:49:34.573Z,166.867,2,280.71,1980,26,14,,,,
powertraces-pt100array_pt019_r1_7536307_11-89ffb37037,2026-05-07T18:49:34.573Z,166.867,3,282.01,1980,33,16,,,,
powertraces-pt100array_pt019_r1_7536307_11-89ffb37037,2026-05-07T18:49:34.673Z,166.967,0,214.47,1980,7,4,,,,
powertraces-pt100array_pt019_r1_7536307_11-89ffb37037,2026-05-07T18:49:34.673Z,166.967,1,267.37,1980,17,8,,,,
powertraces-pt100array_pt019_r1_7536307_11-89ffb37037,2026-05-07T18:49:34.673Z,166.967,2,276.45,1980,26,14,,,,
powertraces-pt100array_pt019_r1_7536307_11-89ffb37037,2026-05-07T18:49:34.673Z,166.967,3,284.57,1980,33,16,,,,
powertraces-pt100array_pt019_r1_7536307_11-89ffb37037,2026-05-07T18:49:34.773Z,167.067,0,214.1,1980,21,11,,,,
powertraces-pt100array_pt019_r1_7536307_11-89ffb37037,2026-05-07T18:49:34.773Z,167.067,1,266.04,1980,34,17,,,,
powertraces-pt100array_pt019_r1_7536307_11-89ffb37037,2026-05-07T18:49:34.773Z,167.067,2,277.05,1980,23,11,,,,
powertraces-pt100array_pt019_r1_7536307_11-89ffb37037,2026-05-07T18:49:34.773Z,167.067,3,280.87,1980,33,16,,,,
powertraces-pt100array_pt019_r1_7536307_11-89ffb37037,2026-05-07T18:49:34.873Z,167.167,0,216.22,1980,21,11,,,,
powertraces-pt100array_pt019_r1_7536307_11-89ffb37037,2026-05-07T18:49:34.873Z,167.167,1,272.96,1980,34,17,,,,
powertraces-pt100array_pt019_r1_7536307_11-89ffb37037,2026-05-07T18:49:34.873Z,167.167,2,280.48,1980,23,11,,,,
powertraces-pt100array_pt019_r1_7536307_11-89ffb37037,2026-05-07T18:49:34.873Z,167.167,3,281.45,1980,33,16,,,,
powertraces-pt100array_pt019_r1_7536307_11-89ffb37037,2026-05-07T18:49:34.973Z,167.267,0,219.94,1980,21,11,,,,
powertraces-pt100array_pt019_r1_7536307_11-89ffb37037,2026-05-07T18:49:34.973Z,167.267,1,269.02,1980,26,13,,,,
powertraces-pt100array_pt019_r1_7536307_11-89ffb37037,2026-05-07T18:49:34.973Z,167.267,2,279.83,1980,28,14,,,,
powertraces-pt100array_pt019_r1_7536307_11-89ffb37037,2026-05-07T18:49:34.973Z,167.267,3,283.67,1980,26,14,,,,
powertraces-pt100array_pt019_r1_7536307_11-89ffb37037,2026-05-07T18:49:35.073Z,167.367,0,218.4,1980,21,11,,,,
powertraces-pt100array_pt019_r1_7536307_11-89ffb37037,2026-05-07T18:49:35.073Z,167.367,1,270.59,1980,26,13,,,,
powertraces-pt100array_pt019_r1_7536307_11-89ffb37037,2026-05-07T18:49:35.073Z,167.367,2,281.32,1980,28,14,,,,
powertraces-pt100array_pt019_r1_7536307_11-89ffb37037,2026-05-07T18:49:35.073Z,167.367,3,280.96,1980,26,14,,,,
powertraces-pt100array_pt019_r1_7536307_11-89ffb37037,2026-05-07T18:49:35.174Z,167.468,0,216.98,1980,18,9,,,,
powertraces-pt100array_pt019_r1_7536307_11-89ffb37037,2026-05-07T18:49:35.174Z,167.468,1,269.84,1980,34,17,,,,
powertraces-pt100array_pt019_r1_7536307_11-89ffb37037,2026-05-07T18:49:35.174Z,167.468,2,276.87,1980,35,18,,,,
powertraces-pt100array_pt019_r1_7536307_11-89ffb37037,2026-05-07T18:49:35.174Z,167.468,3,284.65,1980,34,17,,,,
powertraces-pt100array_pt019_r1_7536307_11-89ffb37037,2026-05-07T18:49:35.274Z,167.568,0,217.1,1980,18,9,,,,
powertraces-pt100array_pt019_r1_7536307_11-89ffb37037,2026-05-07T18:49:35.274Z,167.568,1,268.67,1980,34,17,,,,
powertraces-pt100array_pt019_r1_7536307_11-89ffb37037,2026-05-07T18:49:35.274Z,167.568,2,277.53,1980,35,18,,,,
powertraces-pt100array_pt019_r1_7536307_11-89ffb37037,2026-05-07T18:49:35.274Z,167.568,3,284.51,1980,34,17,,,,
powertraces-pt100array_pt019_r1_7536307_11-89ffb37037,2026-05-07T18:49:35.374Z,167.668,0,216.08,1980,21,11,,,,
powertraces-pt100array_pt019_r1_7536307_11-89ffb37037,2026-05-07T18:49:35.374Z,167.668,1,267.6,1980,26,14,,,,
powertraces-pt100array_pt019_r1_7536307_11-89ffb37037,2026-05-07T18:49:35.374Z,167.668,2,278.93,1980,28,13,,,,
powertraces-pt100array_pt019_r1_7536307_11-89ffb37037,2026-05-07T18:49:35.374Z,167.668,3,283.27,1980,8,4,,,,
powertraces-pt100array_pt019_r1_7536307_11-89ffb37037,2026-05-07T18:49:35.474Z,167.768,0,215.43,1980,21,11,,,,
powertraces-pt100array_pt019_r1_7536307_11-89ffb37037,2026-05-07T18:49:35.474Z,167.768,1,266.01,1980,26,14,,,,
powertraces-pt100array_pt019_r1_7536307_11-89ffb37037,2026-05-07T18:49:35.474Z,167.768,2,279.57,1980,28,13,,,,
powertraces-pt100array_pt019_r1_7536307_11-89ffb37037,2026-05-07T18:49:35.474Z,167.768,3,278.93,1980,8,4,,,,
powertraces-pt100array_pt019_r1_7536307_11-89ffb37037,2026-05-07T18:49:35.574Z,167.868,0,215.34,1980,1,0,,,,
powertraces-pt100array_pt019_r1_7536307_11-89ffb37037,2026-05-07T18:49:35.574Z,167.868,1,268.68,1980,12,5,,,,
powertraces-pt100array_pt019_r1_7536307_11-89ffb37037,2026-05-07T18:49:35.574Z,167.868,2,274.72,1980,34,17,,,,
powertraces-pt100array_pt019_r1_7536307_11-89ffb37037,2026-05-07T18:49:35.574Z,167.868,3,280.23,1980,33,16,,,,
powertraces-pt100array_pt019_r1_7536307_11-89ffb37037,2026-05-07T18:49:35.674Z,167.968,0,217.57,1980,1,0,,,,
powertraces-pt100array_pt019_r1_7536307_11-89ffb37037,2026-05-07T18:49:35.674Z,167.968,1,269.59,1980,12,5,,,,
powertraces-pt100array_pt019_r1_7536307_11-89ffb37037,2026-05-07T18:49:35.674Z,167.968,2,276.86,1980,34,17,,,,
powertraces-pt100array_pt019_r1_7536307_11-89ffb37037,2026-05-07T18:49:35.674Z,167.968,3,278.06,1980,33,16,,,,
powertraces-pt100array_pt019_r1_7536307_11-89ffb37037,2026-05-07T18:49:35.775Z,168.069,0,217.65,1980,21,11,,,,
powertraces-pt100array_pt019_r1_7536307_11-89ffb37037,2026-05-07T18:49:35.775Z,168.069,1,269.91,1980,35,17,,,,
powertraces-pt100array_pt019_r1_7536307_11-89ffb37037,2026-05-07T18:49:35.775Z,168.069,2,278.39,1980,14,6,,,,
powertraces-pt100array_pt019_r1_7536307_11-89ffb37037,2026-05-07T18:49:35.775Z,168.069,3,279.68,1980,24,12,,,,
powertraces-pt100array_pt019_r1_7536307_11-89ffb37037,2026-05-07T18:49:35.875Z,168.169,0,217.28,1980,21,11,,,,
powertraces-pt100array_pt019_r1_7536307_11-89ffb37037,2026-05-07T18:49:35.875Z,168.169,1,265.29,1980,35,17,,,,
powertraces-pt100array_pt019_r1_7536307_11-89ffb37037,2026-05-07T18:49:35.875Z,168.169,2,274.71,1980,14,6,,,,
powertraces-pt100array_pt019_r1_7536307_11-89ffb37037,2026-05-07T18:49:35.875Z,168.169,3,276.35,1980,24,12,,,,
powertraces-pt100array_pt019_r1_7536307_11-89ffb37037,2026-05-07T18:49:35.975Z,168.269,0,217.12,1980,18,9,,,,
powertraces-pt100array_pt019_r1_7536307_11-89ffb37037,2026-05-07T18:49:35.975Z,168.269,1,267.92,1980,30,15,,,,
powertraces-pt100array_pt019_r1_7536307_11-89ffb37037,2026-05-07T18:49:35.975Z,168.269,2,275.43,1980,23,12,,,,
powertraces-pt100array_pt019_r1_7536307_11-89ffb37037,2026-05-07T18:49:35.975Z,168.269,3,279.46,1980,33,17,,,,
powertraces-pt100array_pt019_r1_7536307_11-89ffb37037,2026-05-07T18:49:36.075Z,168.369,0,216.24,1980,18,9,,,,
powertraces-pt100array_pt019_r1_7536307_11-89ffb37037,2026-05-07T18:49:36.075Z,168.369,1,268.61,1980,30,15,,,,
powertraces-pt100array_pt019_r1_7536307_11-89ffb37037,2026-05-07T18:49:36.075Z,168.369,2,272.64,1980,23,12,,,,
powertraces-pt100array_pt019_r1_7536307_11-89ffb37037,2026-05-07T18:49:36.075Z,168.369,3,280.68,1980,33,17,,,,
powertraces-pt100array_pt019_r1_7536307_11-89ffb37037,2026-05-07T18:49:36.175Z,168.469,0,215.61,1980,21,11,,,,
powertraces-pt100array_pt019_r1_7536307_11-89ffb37037,2026-05-07T18:49:36.175Z,168.469,1,269.82,1980,35,17,,,,
powertraces-pt100array_pt019_r1_7536307_11-89ffb37037,2026-05-07T18:49:36.175Z,168.469,2,275.84,1980,35,17,,,,
powertraces-pt100array_pt019_r1_7536307_11-89ffb37037,2026-05-07T18:49:36.175Z,168.469,3,281.74,1980,19,9,,,,
powertraces-pt100array_pt019_r1_7536307_11-89ffb37037,2026-05-07T18:49:36.276Z,168.57,0,224.36,1980,21,11,,,,
powertraces-pt100array_pt019_r1_7536307_11-89ffb37037,2026-05-07T18:49:36.276Z,168.57,1,271.15,1980,35,17,,,,
powertraces-pt100array_pt019_r1_7536307_11-89ffb37037,2026-05-07T18:49:36.276Z,168.57,2,279.23,1980,35,17,,,,
powertraces-pt100array_pt019_r1_7536307_11-89ffb37037,2026-05-07T18:49:36.276Z,168.57,3,289.9,1980,34,17,,,,
powertraces-pt100array_pt019_r1_7536307_11-89ffb37037,2026-05-07T18:49:36.376Z,168.67,0,224.42,1980,19,8,,,,
powertraces-pt100array_pt019_r1_7536307_11-89ffb37037,2026-05-07T18:49:36.376Z,168.67,1,273.36,1980,30,15,,,,
powertraces-pt100array_pt019_r1_7536307_11-89ffb37037,2026-05-07T18:49:36.376Z,168.67,2,280.21,1980,20,9,,,,
powertraces-pt100array_pt019_r1_7536307_11-89ffb37037,2026-05-07T18:49:36.376Z,168.67,3,290.81,1980,34,17,,,,
powertraces-pt100array_pt019_r1_7536307_11-89ffb37037,2026-05-07T18:49:36.476Z,168.77,0,218.08,1980,19,8,,,,
powertraces-pt100array_pt019_r1_7536307_11-89ffb37037,2026-05-07T18:49:36.476Z,168.77,1,276.49,1980,30,15,,,,
powertraces-pt100array_pt019_r1_7536307_11-89ffb37037,2026-05-07T18:49:36.476Z,168.77,2,277.02,1980,20,9,,,,
powertraces-pt100array_pt019_r1_7536307_11-89ffb37037,2026-05-07T18:49:36.476Z,168.77,3,282.79,1980,22,11,,,,
powertraces-pt100array_pt019_r1_7536307_11-89ffb37037,2026-05-07T18:49:36.576Z,168.87,0,223.71,1980,21,11,,,,
powertraces-pt100array_pt019_r1_7536307_11-89ffb37037,2026-05-07T18:49:36.576Z,168.87,1,274.99,1980,35,17,,,,
powertraces-pt100array_pt019_r1_7536307_11-89ffb37037,2026-05-07T18:49:36.576Z,168.87,2,279.98,1980,35,17,,,,
powertraces-pt100array_pt019_r1_7536307_11-89ffb37037,2026-05-07T18:49:36.576Z,168.87,3,290.85,1980,22,11,,,,
powertraces-pt100array_pt019_r1_7536307_11-89ffb37037,2026-05-07T18:49:36.676Z,168.97,0,222.12,1980,21,11,,,,
powertraces-pt100array_pt019_r1_7536307_11-89ffb37037,2026-05-07T18:49:36.676Z,168.97,1,271.77,1980,35,17,,,,
powertraces-pt100array_pt019_r1_7536307_11-89ffb37037,2026-05-07T18:49:36.676Z,168.97,2,282.65,1980,35,17,,,,
powertraces-pt100array_pt019_r1_7536307_11-89ffb37037,2026-05-07T18:49:36.676Z,168.97,3,289.9,1980,12,6,,,,
powertraces-pt100array_pt019_r1_7536307_11-89ffb37037,2026-05-07T18:49:36.776Z,169.07,0,222.01,1980,21,11,,,,
powertraces-pt100array_pt019_r1_7536307_11-89ffb37037,2026-05-07T18:49:36.776Z,169.07,1,270.48,1980,23,12,,,,
powertraces-pt100array_pt019_r1_7536307_11-89ffb37037,2026-05-07T18:49:36.776Z,169.07,2,275.64,1980,34,17,,,,
powertraces-pt100array_pt019_r1_7536307_11-89ffb37037,2026-05-07T18:49:36.776Z,169.07,3,289.54,1980,12,6,,,,
powertraces-pt100array_pt019_r1_7536307_11-89ffb37037,2026-05-07T18:49:36.877Z,169.171,0,222.8,1980,21,11,,,,
powertraces-pt100array_pt019_r1_7536307_11-89ffb37037,2026-05-07T18:49:36.877Z,169.171,1,274.29,1980,23,12,,,,
powertraces-pt100array_pt019_r1_7536307_11-89ffb37037,2026-05-07T18:49:36.877Z,169.171,2,280.68,1980,34,17,,,,
powertraces-pt100array_pt019_r1_7536307_11-89ffb37037,2026-05-07T18:49:36.877Z,169.171,3,289.52,1980,33,17,,,,
powertraces-pt100array_pt019_r1_7536307_11-89ffb37037,2026-05-07T18:49:36.977Z,169.271,0,220.46,1980,3,1,,,,
powertraces-pt100array_pt019_r1_7536307_11-89ffb37037,2026-05-07T18:49:36.977Z,169.271,1,275.36,1980,18,8,,,,
powertraces-pt100array_pt019_r1_7536307_11-89ffb37037,2026-05-07T18:49:36.977Z,169.271,2,277.6,1980,35,17,,,,
powertraces-pt100array_pt019_r1_7536307_11-89ffb37037,2026-05-07T18:49:36.977Z,169.271,3,287.46,1980,33,17,,,,
powertraces-pt100array_pt019_r1_7536307_11-89ffb37037,2026-05-07T18:49:37.077Z,169.371,0,222.6,1980,3,1,,,,
powertraces-pt100array_pt019_r1_7536307_11-89ffb37037,2026-05-07T18:49:37.077Z,169.371,1,274.38,1980,18,8,,,,
powertraces-pt100array_pt019_r1_7536307_11-89ffb37037,2026-05-07T18:49:37.077Z,169.371,2,284.35,1980,35,17,,,,
powertraces-pt100array_pt019_r1_7536307_11-89ffb37037,2026-05-07T18:49:37.077Z,169.371,3,289.42,1980,15,8,,,,
powertraces-pt100array_pt019_r1_7536307_11-89ffb37037,2026-05-07T18:49:37.177Z,169.471,0,224.57,1980,21,11,,,,
powertraces-pt100array_pt019_r1_7536307_11-89ffb37037,2026-05-07T18:49:37.177Z,169.471,1,272.98,1980,35,17,,,,
powertraces-pt100array_pt019_r1_7536307_11-89ffb37037,2026-05-07T18:49:37.177Z,169.471,2,284.11,1980,12,5,,,,
powertraces-pt100array_pt019_r1_7536307_11-89ffb37037,2026-05-07T18:49:37.177Z,169.471,3,289.48,1980,15,8,,,,
powertraces-pt100array_pt019_r1_7536307_11-89ffb37037,2026-05-07T18:49:37.277Z,169.571,0,215.89,1980,21,11,,,,
powertraces-pt100array_pt019_r1_7536307_11-89ffb37037,2026-05-07T18:49:37.277Z,169.571,1,262.99,1980,35,17,,,,
powertraces-pt100array_pt019_r1_7536307_11-89ffb37037,2026-05-07T18:49:37.277Z,169.571,2,274.77,1980,12,5,,,,
powertraces-pt100array_pt019_r1_7536307_11-89ffb37037,2026-05-07T18:49:37.277Z,169.571,3,281.32,1980,33,17,,,,
powertraces-pt100array_pt019_r1_7536307_11-89ffb37037,2026-05-07T18:49:37.377Z,169.671,0,218.32,1980,14,8,,,,
powertraces-pt100array_pt019_r1_7536307_11-89ffb37037,2026-05-07T18:49:37.378Z,169.672,1,268.68,1980,25,12,,,,
powertraces-pt100array_pt019_r1_7536307_11-89ffb37037,2026-05-07T18:49:37.378Z,169.672,2,275.88,1980,23,12,,,,
powertraces-pt100array_pt019_r1_7536307_11-89ffb37037,2026-05-07T18:49:37.378Z,169.672,3,279.19,1980,33,17,,,,
powertraces-pt100array_pt019_r1_7536307_11-89ffb37037,2026-05-07T18:49:37.478Z,169.772,0,214.24,1980,14,8,,,,
powertraces-pt100array_pt019_r1_7536307_11-89ffb37037,2026-05-07T18:49:37.478Z,169.772,1,268.45,1980,25,12,,,,
powertraces-pt100array_pt019_r1_7536307_11-89ffb37037,2026-05-07T18:49:37.478Z,169.772,2,277.89,1980,23,12,,,,
powertraces-pt100array_pt019_r1_7536307_11-89ffb37037,2026-05-07T18:49:37.478Z,169.772,3,278.93,1980,16,7,,,,
powertraces-pt100array_pt019_r1_7536307_11-89ffb37037,2026-05-07T18:49:37.578Z,169.872,0,214.93,1980,21,11,,,,
powertraces-pt100array_pt019_r1_7536307_11-89ffb37037,2026-05-07T18:49:37.578Z,169.872,1,270.83,1980,35,17,,,,
powertraces-pt100array_pt019_r1_7536307_11-89ffb37037,2026-05-07T18:49:37.578Z,169.872,2,280.25,1980,31,15,,,,
powertraces-pt100array_pt019_r1_7536307_11-89ffb37037,2026-05-07T18:49:37.578Z,169.872,3,276.87,1980,16,7,,,,
powertraces-pt100array_pt019_r1_7536307_11-89ffb37037,2026-05-07T18:49:37.678Z,169.972,0,218.2,1980,21,11,,,,
powertraces-pt100array_pt019_r1_7536307_11-89ffb37037,2026-05-07T18:49:37.678Z,169.972,1,267.97,1980,35,17,,,,
powertraces-pt100array_pt019_r1_7536307_11-89ffb37037,2026-05-07T18:49:37.678Z,169.972,2,280.51,1980,31,15,,,,
powertraces-pt100array_pt019_r1_7536307_11-89ffb37037,2026-05-07T18:49:37.678Z,169.972,3,279.31,1980,33,17,,,,
powertraces-pt100array_pt019_r1_7536307_11-89ffb37037,2026-05-07T18:49:37.778Z,170.072,0,218.21,1980,21,10,,,,
powertraces-pt100array_pt019_r1_7536307_11-89ffb37037,2026-05-07T18:49:37.778Z,170.072,1,268.85,1980,23,12,,,,
powertraces-pt100array_pt019_r1_7536307_11-89ffb37037,2026-05-07T18:49:37.778Z,170.072,2,277.71,1980,35,17,,,,
powertraces-pt100array_pt019_r1_7536307_11-89ffb37037,2026-05-07T18:49:37.778Z,170.072,3,280.1,1980,33,17,,,,
powertraces-pt100array_pt019_r1_7536307_11-89ffb37037,2026-05-07T18:49:37.878Z,170.172,0,220.1,1980,21,10,,,,
powertraces-pt100array_pt019_r1_7536307_11-89ffb37037,2026-05-07T18:49:37.878Z,170.172,1,268.03,1980,23,12,,,,
powertraces-pt100array_pt019_r1_7536307_11-89ffb37037,2026-05-07T18:49:37.878Z,170.172,2,281.09,1980,35,17,,,,
powertraces-pt100array_pt019_r1_7536307_11-89ffb37037,2026-05-07T18:49:37.878Z,170.172,3,281.91,1980,34,17,,,,
powertraces-pt100array_pt019_r1_7536307_11-89ffb37037,2026-05-07T18:49:37.979Z,170.273,0,214.93,1980,10,5,,,,
powertraces-pt100array_pt019_r1_7536307_11-89ffb37037,2026-05-07T18:49:37.979Z,170.273,1,268.54,1980,26,13,,,,
powertraces-pt100array_pt019_r1_7536307_11-89ffb37037,2026-05-07T18:49:37.979Z,170.273,2,279.94,1980,35,17,,,,
powertraces-pt100array_pt019_r1_7536307_11-89ffb37037,2026-05-07T18:49:37.979Z,170.273,3,274.6,1980,34,17,,,,
powertraces-pt100array_pt019_r1_7536307_11-89ffb37037,2026-05-07T18:49:38.079Z,170.373,0,215.61,1980,10,5,,,,
powertraces-pt100array_pt019_r1_7536307_11-89ffb37037,2026-05-07T18:49:38.079Z,170.373,1,265.73,1980,26,13,,,,
powertraces-pt100array_pt019_r1_7536307_11-89ffb37037,2026-05-07T18:49:38.079Z,170.373,2,279.84,1980,35,17,,,,
powertraces-pt100array_pt019_r1_7536307_11-89ffb37037,2026-05-07T18:49:38.079Z,170.373,3,277.47,1980,23,12,,,,
powertraces-pt100array_pt019_r1_7536307_11-89ffb37037,2026-05-07T18:49:38.179Z,170.473,0,217.07,1980,21,10,,,,
powertraces-pt100array_pt019_r1_7536307_11-89ffb37037,2026-05-07T18:49:38.179Z,170.473,1,271.41,1980,34,17,,,,
powertraces-pt100array_pt019_r1_7536307_11-89ffb37037,2026-05-07T18:49:38.179Z,170.473,2,282.64,1980,19,9,,,,
powertraces-pt100array_pt019_r1_7536307_11-89ffb37037,2026-05-07T18:49:38.179Z,170.473,3,282.19,1980,23,12,,,,
powertraces-pt100array_pt019_r1_7536307_11-89ffb37037,2026-05-07T18:49:38.279Z,170.573,0,217.17,1980,21,10,,,,
powertraces-pt100array_pt019_r1_7536307_11-89ffb37037,2026-05-07T18:49:38.279Z,170.573,1,273.02,1980,34,17,,,,
powertraces-pt100array_pt019_r1_7536307_11-89ffb37037,2026-05-07T18:49:38.279Z,170.573,2,279.37,1980,19,9,,,,
powertraces-pt100array_pt019_r1_7536307_11-89ffb37037,2026-05-07T18:49:38.279Z,170.573,3,280.07,1980,34,17,,,,
powertraces-pt100array_pt019_r1_7536307_11-89ffb37037,2026-05-07T18:49:38.379Z,170.673,0,215.74,1980,7,4,,,,
powertraces-pt100array_pt019_r1_7536307_11-89ffb37037,2026-05-07T18:49:38.379Z,170.673,1,273.24,1980,17,8,,,,
powertraces-pt100array_pt019_r1_7536307_11-89ffb37037,2026-05-07T18:49:38.379Z,170.673,2,284.01,1980,26,14,,,,
powertraces-pt100array_pt019_r1_7536307_11-89ffb37037,2026-05-07T18:49:38.379Z,170.673,3,282.33,1980,34,17,,,,
powertraces-pt100array_pt019_r1_7536307_11-89ffb37037,2026-05-07T18:49:38.479Z,170.773,0,216.07,1980,7,4,,,,
powertraces-pt100array_pt019_r1_7536307_11-89ffb37037,2026-05-07T18:49:38.479Z,170.773,1,270.32,1980,17,8,,,,
powertraces-pt100array_pt019_r1_7536307_11-89ffb37037,2026-05-07T18:49:38.479Z,170.773,2,283.06,1980,26,14,,,,
powertraces-pt100array_pt019_r1_7536307_11-89ffb37037,2026-05-07T18:49:38.479Z,170.773,3,276.63,1980,7,3,,,,
powertraces-pt100array_pt019_r1_7536307_11-89ffb37037,2026-05-07T18:49:38.58Z,170.874,0,216.59,1980,21,11,,,,
powertraces-pt100array_pt019_r1_7536307_11-89ffb37037,2026-05-07T18:49:38.58Z,170.874,1,269.1,1980,35,17,,,,
powertraces-pt100array_pt019_r1_7536307_11-89ffb37037,2026-05-07T18:49:38.58Z,170.874,2,281.44,1980,23,11,,,,
powertraces-pt100array_pt019_r1_7536307_11-89ffb37037,2026-05-07T18:49:38.58Z,170.874,3,279.57,1980,7,3,,,,
powertraces-pt100array_pt019_r1_7536307_11-89ffb37037,2026-05-07T18:49:38.68Z,170.974,0,215.85,1980,21,11,,,,
powertraces-pt100array_pt019_r1_7536307_11-89ffb37037,2026-05-07T18:49:38.68Z,170.974,1,274.62,1980,35,17,,,,
powertraces-pt100array_pt019_r1_7536307_11-89ffb37037,2026-05-07T18:49:38.68Z,170.974,2,278.99,1980,23,11,,,,
powertraces-pt100array_pt019_r1_7536307_11-89ffb37037,2026-05-07T18:49:38.68Z,170.974,3,283.93,1980,33,17,,,,
powertraces-pt100array_pt019_r1_7536307_11-89ffb37037,2026-05-07T18:49:38.78Z,171.074,0,214.6,1980,21,11,,,,
powertraces-pt100array_pt019_r1_7536307_11-89ffb37037,2026-05-07T18:49:38.78Z,171.074,1,269.62,1980,27,14,,,,
powertraces-pt100array_pt019_r1_7536307_11-89ffb37037,2026-05-07T18:49:38.78Z,171.074,2,281.77,1980,28,14,,,,
powertraces-pt100array_pt019_r1_7536307_11-89ffb37037,2026-05-07T18:49:38.78Z,171.074,3,280.14,1980,33,17,,,,
powertraces-pt100array_pt019_r1_7536307_11-89ffb37037,2026-05-07T18:49:38.88Z,171.174,0,217.51,1980,21,11,,,,
powertraces-pt100array_pt019_r1_7536307_11-89ffb37037,2026-05-07T18:49:38.88Z,171.174,1,270.52,1980,27,14,,,,
powertraces-pt100array_pt019_r1_7536307_11-89ffb37037,2026-05-07T18:49:38.88Z,171.174,2,281.97,1980,28,14,,,,
powertraces-pt100array_pt019_r1_7536307_11-89ffb37037,2026-05-07T18:49:38.88Z,171.174,3,284.92,1980,30,15,,,,
powertraces-pt100array_pt019_r1_7536307_11-89ffb37037,2026-05-07T18:49:38.98Z,171.274,0,216.5,1980,17,8,,,,
powertraces-pt100array_pt019_r1_7536307_11-89ffb37037,2026-05-07T18:49:38.98Z,171.274,1,270.72,1980,33,16,,,,
powertraces-pt100array_pt019_r1_7536307_11-89ffb37037,2026-05-07T18:49:38.98Z,171.274,2,279.29,1980,35,17,,,,
powertraces-pt100array_pt019_r1_7536307_11-89ffb37037,2026-05-07T18:49:38.98Z,171.274,3,280.44,1980,30,15,,,,
powertraces-pt100array_pt019_r1_7536307_11-89ffb37037,2026-05-07T18:49:39.081Z,171.375,0,216.73,1980,17,8,,,,
powertraces-pt100array_pt019_r1_7536307_11-89ffb37037,2026-05-07T18:49:39.081Z,171.375,1,270.2,1980,33,16,,,,
powertraces-pt100array_pt019_r1_7536307_11-89ffb37037,2026-05-07T18:49:39.081Z,171.375,2,278.81,1980,35,17,,,,
powertraces-pt100array_pt019_r1_7536307_11-89ffb37037,2026-05-07T18:49:39.081Z,171.375,3,282.86,1980,29,15,,,,
powertraces-pt100array_pt019_r1_7536307_11-89ffb37037,2026-05-07T18:49:39.181Z,171.475,0,214.42,1980,21,11,,,,
powertraces-pt100array_pt019_r1_7536307_11-89ffb37037,2026-05-07T18:49:39.181Z,171.475,1,273.45,1980,28,14,,,,
powertraces-pt100array_pt019_r1_7536307_11-89ffb37037,2026-05-07T18:49:39.181Z,171.475,2,279.24,1980,26,12,,,,
powertraces-pt100array_pt019_r1_7536307_11-89ffb37037,2026-05-07T18:49:39.181Z,171.475,3,278.16,1980,29,15,,,,
powertraces-pt100array_pt019_r1_7536307_11-89ffb37037,2026-05-07T18:49:39.281Z,171.575,0,213.86,1980,21,11,,,,
powertraces-pt100array_pt019_r1_7536307_11-89ffb37037,2026-05-07T18:49:39.281Z,171.575,1,266.39,1980,28,14,,,,
powertraces-pt100array_pt019_r1_7536307_11-89ffb37037,2026-05-07T18:49:39.281Z,171.575,2,279.44,1980,26,12,,,,
powertraces-pt100array_pt019_r1_7536307_11-89ffb37037,2026-05-07T18:49:39.281Z,171.575,3,280.27,1980,33,17,,,,
powertraces-pt100array_pt019_r1_7536307_11-89ffb37037,2026-05-07T18:49:39.381Z,171.675,0,216.04,1980,1,0,,,,
powertraces-pt100array_pt019_r1_7536307_11-89ffb37037,2026-05-07T18:49:39.381Z,171.675,1,268.47,1980,12,5,,,,
powertraces-pt100array_pt019_r1_7536307_11-89ffb37037,2026-05-07T18:49:39.381Z,171.675,2,276.15,1980,33,16,,,,
powertraces-pt100array_pt019_r1_7536307_11-89ffb37037,2026-05-07T18:49:39.381Z,171.675,3,277.77,1980,33,17,,,,
powertraces-pt100array_pt019_r1_7536307_11-89ffb37037,2026-05-07T18:49:39.481Z,171.775,0,214.57,1980,1,0,,,,
powertraces-pt100array_pt019_r1_7536307_11-89ffb37037,2026-05-07T18:49:39.481Z,171.775,1,270.21,1980,12,5,,,,
powertraces-pt100array_pt019_r1_7536307_11-89ffb37037,2026-05-07T18:49:39.481Z,171.775,2,277.08,1980,33,16,,,,
powertraces-pt100array_pt019_r1_7536307_11-89ffb37037,2026-05-07T18:49:39.481Z,171.775,3,281.66,1980,8,4,,,,
powertraces-pt100array_pt019_r1_7536307_11-89ffb37037,2026-05-07T18:49:39.581Z,171.875,0,216.72,1980,21,11,,,,
powertraces-pt100array_pt019_r1_7536307_11-89ffb37037,2026-05-07T18:49:39.581Z,171.875,1,269.74,1980,35,17,,,,
powertraces-pt100array_pt019_r1_7536307_11-89ffb37037,2026-05-07T18:49:39.581Z,171.875,2,276.83,1980,15,7,,,,
powertraces-pt100array_pt019_r1_7536307_11-89ffb37037,2026-05-07T18:49:39.581Z,171.875,3,280.44,1980,8,4,,,,
powertraces-pt100array_pt019_r1_7536307_11-89ffb37037,2026-05-07T18:49:39.682Z,171.976,0,215.8,1980,21,11,,,,
powertraces-pt100array_pt019_r1_7536307_11-89ffb37037,2026-05-07T18:49:39.682Z,171.976,1,269.48,1980,35,17,,,,
powertraces-pt100array_pt019_r1_7536307_11-89ffb37037,2026-05-07T18:49:39.682Z,171.976,2,276.34,1980,15,7,,,,
powertraces-pt100array_pt019_r1_7536307_11-89ffb37037,2026-05-07T18:49:39.682Z,171.976,3,278.11,1980,33,17,,,,
powertraces-pt100array_pt019_r1_7536307_11-89ffb37037,2026-05-07T18:49:39.782Z,172.076,0,216.99,1980,20,10,,,,
powertraces-pt100array_pt019_r1_7536307_11-89ffb37037,2026-05-07T18:49:39.782Z,172.076,1,268.35,1980,30,15,,,,
powertraces-pt100array_pt019_r1_7536307_11-89ffb37037,2026-05-07T18:49:39.782Z,172.076,2,277.16,1980,23,12,,,,
powertraces-pt100array_pt019_r1_7536307_11-89ffb37037,2026-05-07T18:49:39.782Z,172.076,3,280.51,1980,33,17,,,,
powertraces-pt100array_pt019_r1_7536307_11-89ffb37037,2026-05-07T18:49:39.882Z,172.176,0,214.49,1980,20,10,,,,
powertraces-pt100array_pt019_r1_7536307_11-89ffb37037,2026-05-07T18:49:39.882Z,172.176,1,267.11,1980,30,15,,,,
powertraces-pt100array_pt019_r1_7536307_11-89ffb37037,2026-05-07T18:49:39.882Z,172.176,2,272.25,1980,23,12,,,,
powertraces-pt100array_pt019_r1_7536307_11-89ffb37037,2026-05-07T18:49:39.882Z,172.176,3,278.63,1980,22,11,,,,
powertraces-pt100array_pt019_r1_7536307_11-89ffb37037,2026-05-07T18:49:39.982Z,172.276,0,217.34,1980,21,11,,,,
powertraces-pt100array_pt019_r1_7536307_11-89ffb37037,2026-05-07T18:49:39.982Z,172.276,1,271.87,1980,34,17,,,,
powertraces-pt100array_pt019_r1_7536307_11-89ffb37037,2026-05-07T18:49:39.982Z,172.276,2,275.14,1980,35,17,,,,
powertraces-pt100array_pt019_r1_7536307_11-89ffb37037,2026-05-07T18:49:39.982Z,172.276,3,280.31,1980,22,11,,,,
powertraces-pt100array_pt019_r1_7536307_11-89ffb37037,2026-05-07T18:49:40.082Z,172.376,0,216.33,1980,21,11,,,,
powertraces-pt100array_pt019_r1_7536307_11-89ffb37037,2026-05-07T18:49:40.082Z,172.376,1,269.21,1980,34,17,,,,
powertraces-pt100array_pt019_r1_7536307_11-89ffb37037,2026-05-07T18:49:40.082Z,172.376,2,278.36,1980,35,17,,,,
powertraces-pt100array_pt019_r1_7536307_11-89ffb37037,2026-05-07T18:49:40.082Z,172.376,3,277.93,1980,33,17,,,,
powertraces-pt100array_pt019_r1_7536307_11-89ffb37037,2026-05-07T18:49:40.182Z,172.476,0,218.24,1980,21,10,,,,
powertraces-pt100array_pt019_r1_7536307_11-89ffb37037,2026-05-07T18:49:40.183Z,172.477,1,264.81,1980,23,12,,,,
powertraces-pt100array_pt019_r1_7536307_11-89ffb37037,2026-05-07T18:49:40.183Z,172.477,2,274.65,1980,33,16,,,,
powertraces-pt100array_pt019_r1_7536307_11-89ffb37037,2026-05-07T18:49:40.183Z,172.477,3,277.09,1980,33,17,,,,
powertraces-pt100array_pt019_r1_7536307_11-89ffb37037,2026-05-07T18:49:40.283Z,172.577,0,216.8,1980,21,10,,,,
powertraces-pt100array_pt019_r1_7536307_11-89ffb37037,2026-05-07T18:49:40.283Z,172.577,1,276.3,1980,23,12,,,,
powertraces-pt100array_pt019_r1_7536307_11-89ffb37037,2026-05-07T18:49:40.283Z,172.577,2,280.65,1980,33,16,,,,
powertraces-pt100array_pt019_r1_7536307_11-89ffb37037,2026-05-07T18:49:40.283Z,172.577,3,275.53,1980,42,27,,,,
powertraces-pt100array_pt019_r1_7536307_11-89ffb37037,2026-05-07T18:49:40.383Z,172.677,0,224.28,1980,27,19,,,,
powertraces-pt100array_pt019_r1_7536307_11-89ffb37037,2026-05-07T18:49:40.383Z,172.677,1,276.09,1980,43,28,,,,
powertraces-pt100array_pt019_r1_7536307_11-89ffb37037,2026-05-07T18:49:40.383Z,172.677,2,283.76,1980,46,26,,,,
powertraces-pt100array_pt019_r1_7536307_11-89ffb37037,2026-05-07T18:49:40.383Z,172.677,3,283.65,1980,42,27,,,,
powertraces-pt100array_pt019_r1_7536307_11-89ffb37037,2026-05-07T18:49:40.483Z,172.777,0,223.99,1980,27,19,,,,
powertraces-pt100array_pt019_r1_7536307_11-89ffb37037,2026-05-07T18:49:40.483Z,172.777,1,273.64,1980,43,28,,,,
powertraces-pt100array_pt019_r1_7536307_11-89ffb37037,2026-05-07T18:49:40.483Z,172.777,2,285.71,1980,46,26,,,,
powertraces-pt100array_pt019_r1_7536307_11-89ffb37037,2026-05-07T18:49:40.483Z,172.777,3,284.91,1980,32,16,,,,
powertraces-pt100array_pt019_r1_7536307_11-89ffb37037,2026-05-07T18:49:40.583Z,172.877,0,222.23,1980,21,11,,,,
powertraces-pt100array_pt019_r1_7536307_11-89ffb37037,2026-05-07T18:49:40.583Z,172.877,1,274.58,1980,25,13,,,,
powertraces-pt100array_pt019_r1_7536307_11-89ffb37037,2026-05-07T18:49:40.583Z,172.877,2,284.94,1980,31,15,,,,
powertraces-pt100array_pt019_r1_7536307_11-89ffb37037,2026-05-07T18:49:40.583Z,172.877,3,281.46,1980,32,16,,,,
powertraces-pt100array_pt019_r1_7536307_11-89ffb37037,2026-05-07T18:49:40.683Z,172.977,0,221.97,1980,21,11,,,,
powertraces-pt100array_pt019_r1_7536307_11-89ffb37037,2026-05-07T18:49:40.683Z,172.977,1,277.04,1980,25,13,,,,
powertraces-pt100array_pt019_r1_7536307_11-89ffb37037,2026-05-07T18:49:40.683Z,172.977,2,286.11,1980,31,15,,,,
powertraces-pt100array_pt019_r1_7536307_11-89ffb37037,2026-05-07T18:49:40.683Z,172.977,3,279.46,1980,33,17,,,,
powertraces-pt100array_pt019_r1_7536307_11-89ffb37037,2026-05-07T18:49:40.783Z,173.077,0,219.04,1980,1,0,,,,
powertraces-pt100array_pt019_r1_7536307_11-89ffb37037,2026-05-07T18:49:40.784Z,173.078,1,279.96,1980,15,6,,,,
powertraces-pt100array_pt019_r1_7536307_11-89ffb37037,2026-05-07T18:49:40.784Z,173.078,2,282.96,1980,35,17,,,,
powertraces-pt100array_pt019_r1_7536307_11-89ffb37037,2026-05-07T18:49:40.784Z,173.078,3,272.51,1980,33,17,,,,
powertraces-pt100array_pt019_r1_7536307_11-89ffb37037,2026-05-07T18:49:40.884Z,173.178,0,221.81,1980,1,0,,,,
powertraces-pt100array_pt019_r1_7536307_11-89ffb37037,2026-05-07T18:49:40.884Z,173.178,1,278.43,1980,15,6,,,,
powertraces-pt100array_pt019_r1_7536307_11-89ffb37037,2026-05-07T18:49:40.884Z,173.178,2,285.69,1980,35,17,,,,
powertraces-pt100array_pt019_r1_7536307_11-89ffb37037,2026-05-07T18:49:40.884Z,173.178,3,278.37,1980,11,6,,,,
powertraces-pt100array_pt019_r1_7536307_11-89ffb37037,2026-05-07T18:49:40.984Z,173.278,0,220.48,1980,21,10,,,,
powertraces-pt100array_pt019_r1_7536307_11-89ffb37037,2026-05-07T18:49:40.984Z,173.278,1,275.9,1980,34,17,,,,
powertraces-pt100array_pt019_r1_7536307_11-89ffb37037,2026-05-07T18:49:40.984Z,173.278,2,288.45,1980,13,6,,,,
powertraces-pt100array_pt019_r1_7536307_11-89ffb37037,2026-05-07T18:49:40.984Z,173.278,3,280.46,1980,11,6,,,,
powertraces-pt100array_pt019_r1_7536307_11-89ffb37037,2026-05-07T18:49:41.084Z,173.378,0,222.59,1980,21,10,,,,
powertraces-pt100array_pt019_r1_7536307_11-89ffb37037,2026-05-07T18:49:41.084Z,173.378,1,274.27,1980,34,17,,,,
powertraces-pt100array_pt019_r1_7536307_11-89ffb37037,2026-05-07T18:49:41.084Z,173.378,2,286.71,1980,13,6,,,,
powertraces-pt100array_pt019_r1_7536307_11-89ffb37037,2026-05-07T18:49:41.084Z,173.378,3,282.25,1980,33,17,,,,
powertraces-pt100array_pt019_r1_7536307_11-89ffb37037,2026-05-07T18:49:41.184Z,173.478,0,221.38,1980,18,10,,,,
powertraces-pt100array_pt019_r1_7536307_11-89ffb37037,2026-05-07T18:49:41.184Z,173.478,1,280.92,1980,29,14,,,,
powertraces-pt100array_pt019_r1_7536307_11-89ffb37037,2026-05-07T18:49:41.184Z,173.478,2,285.04,1980,23,12,,,,
powertraces-pt100array_pt019_r1_7536307_11-89ffb37037,2026-05-07T18:49:41.184Z,173.478,3,283.75,1980,33,17,,,,
powertraces-pt100array_pt019_r1_7536307_11-89ffb37037,2026-05-07T18:49:41.285Z,173.579,0,217.3,1980,18,10,,,,
powertraces-pt100array_pt019_r1_7536307_11-89ffb37037,2026-05-07T18:49:41.285Z,173.579,1,271.77,1980,29,14,,,,
powertraces-pt100array_pt019_r1_7536307_11-89ffb37037,2026-05-07T18:49:41.285Z,173.579,2,278.84,1980,23,12,,,,
powertraces-pt100array_pt019_r1_7536307_11-89ffb37037,2026-05-07T18:49:41.285Z,173.579,3,277.13,1980,19,9,,,,
powertraces-pt100array_pt019_r1_7536307_11-89ffb37037,2026-05-07T18:49:41.385Z,173.679,0,216.32,1980,21,11,,,,
powertraces-pt100array_pt019_r1_7536307_11-89ffb37037,2026-05-07T18:49:41.385Z,173.679,1,275.15,1980,35,17,,,,
powertraces-pt100array_pt019_r1_7536307_11-89ffb37037,2026-05-07T18:49:41.385Z,173.679,2,277.01,1980,35,17,,,,
powertraces-pt100array_pt019_r1_7536307_11-89ffb37037,2026-05-07T18:49:41.385Z,173.679,3,279.49,1980,19,9,,,,
powertraces-pt100array_pt019_r1_7536307_11-89ffb37037,2026-05-07T18:49:41.485Z,173.779,0,215.85,1980,21,11,,,,
powertraces-pt100array_pt019_r1_7536307_11-89ffb37037,2026-05-07T18:49:41.485Z,173.779,1,273.82,1980,35,17,,,,
powertraces-pt100array_pt019_r1_7536307_11-89ffb37037,2026-05-07T18:49:41.485Z,173.779,2,279.19,1980,35,17,,,,
powertraces-pt100array_pt019_r1_7536307_11-89ffb37037,2026-05-07T18:49:41.485Z,173.779,3,278.08,1980,33,17,,,,
powertraces-pt100array_pt019_r1_7536307_11-89ffb37037,2026-05-07T18:49:41.585Z,173.879,0,216.65,1980,21,11,,,,
powertraces-pt100array_pt019_r1_7536307_11-89ffb37037,2026-05-07T18:49:41.585Z,173.879,1,267.66,1980,23,12,,,,
powertraces-pt100array_pt019_r1_7536307_11-89ffb37037,2026-05-07T18:49:41.585Z,173.879,2,274.82,1980,35,17,,,,
powertraces-pt100array_pt019_r1_7536307_11-89ffb37037,2026-05-07T18:49:41.585Z,173.879,3,281.97,1980,33,17,,,,
powertraces-pt100array_pt019_r1_7536307_11-89ffb37037,2026-05-07T18:49:41.685Z,173.979,0,217.94,1980,21,11,,,,
powertraces-pt100array_pt019_r1_7536307_11-89ffb37037,2026-05-07T18:49:41.686Z,173.98,1,271.32,1980,23,12,,,,
powertraces-pt100array_pt019_r1_7536307_11-89ffb37037,2026-05-07T18:49:41.686Z,173.98,2,275.63,1980,35,17,,,,
powertraces-pt100array_pt019_r1_7536307_11-89ffb37037,2026-05-07T18:49:41.686Z,173.98,3,286.34,1980,33,17,,,,
powertraces-pt100array_pt019_r1_7536307_11-89ffb37037,2026-05-07T18:49:41.786Z,174.08,0,217.14,1980,6,2,,,,
powertraces-pt100array_pt019_r1_7536307_11-89ffb37037,2026-05-07T18:49:41.786Z,174.08,1,271.25,1980,22,10,,,,
powertraces-pt100array_pt019_r1_7536307_11-89ffb37037,2026-05-07T18:49:41.786Z,174.08,2,279.27,1980,35,17,,,,
powertraces-pt100array_pt019_r1_7536307_11-89ffb37037,2026-05-07T18:49:41.786Z,174.08,3,280.98,1980,33,17,,,,
powertraces-pt100array_pt019_r1_7536307_11-89ffb37037,2026-05-07T18:49:41.886Z,174.18,0,217.33,1980,6,2,,,,
powertraces-pt100array_pt019_r1_7536307_11-89ffb37037,2026-05-07T18:49:41.886Z,174.18,1,268.36,1980,22,10,,,,
powertraces-pt100array_pt019_r1_7536307_11-89ffb37037,2026-05-07T18:49:41.886Z,174.18,2,275.64,1980,35,17,,,,
powertraces-pt100array_pt019_r1_7536307_11-89ffb37037,2026-05-07T18:49:41.886Z,174.18,3,277.52,1980,18,9,,,,
powertraces-pt100array_pt019_r1_7536307_11-89ffb37037,2026-05-07T18:49:41.986Z,174.28,0,216.33,1980,21,11,,,,
powertraces-pt100array_pt019_r1_7536307_11-89ffb37037,2026-05-07T18:49:41.986Z,174.28,1,269.82,1980,34,17,,,,
powertraces-pt100array_pt019_r1_7536307_11-89ffb37037,2026-05-07T18:49:41.986Z,174.28,2,274.96,1980,13,6,,,,
powertraces-pt100array_pt019_r1_7536307_11-89ffb37037,2026-05-07T18:49:41.986Z,174.28,3,281.05,1980,18,9,,,,
powertraces-pt100array_pt019_r1_7536307_11-89ffb37037,2026-05-07T18:49:42.086Z,174.38,0,217.87,1980,21,11,,,,
powertraces-pt100array_pt019_r1_7536307_11-89ffb37037,2026-05-07T18:49:42.086Z,174.38,1,268.24,1980,34,17,,,,
powertraces-pt100array_pt019_r1_7536307_11-89ffb37037,2026-05-07T18:49:42.086Z,174.38,2,275.82,1980,13,6,,,,
powertraces-pt100array_pt019_r1_7536307_11-89ffb37037,2026-05-07T18:49:42.086Z,174.38,3,281.08,1980,33,17,,,,
powertraces-pt100array_pt019_r1_7536307_11-89ffb37037,2026-05-07T18:49:42.186Z,174.48,0,217.14,1980,13,7,,,,
powertraces-pt100array_pt019_r1_7536307_11-89ffb37037,2026-05-07T18:49:42.186Z,174.48,1,269.85,1980,22,10,,,,
powertraces-pt100array_pt019_r1_7536307_11-89ffb37037,2026-05-07T18:49:42.186Z,174.48,2,275.66,1980,23,12,,,,
powertraces-pt100array_pt019_r1_7536307_11-89ffb37037,2026-05-07T18:49:42.186Z,174.48,3,283.6,1980,33,17,,,,
powertraces-pt100array_pt019_r1_7536307_11-89ffb37037,2026-05-07T18:49:42.287Z,174.581,0,216.52,1980,13,7,,,,
powertraces-pt100array_pt019_r1_7536307_11-89ffb37037,2026-05-07T18:49:42.287Z,174.581,1,269.97,1980,22,10,,,,
powertraces-pt100array_pt019_r1_7536307_11-89ffb37037,2026-05-07T18:49:42.287Z,174.581,2,276.99,1980,23,12,,,,
powertraces-pt100array_pt019_r1_7536307_11-89ffb37037,2026-05-07T18:49:42.287Z,174.581,3,275.64,1980,13,6,,,,
powertraces-pt100array_pt019_r1_7536307_11-89ffb37037,2026-05-07T18:49:42.387Z,174.681,0,217.57,1980,21,11,,,,
powertraces-pt100array_pt019_r1_7536307_11-89ffb37037,2026-05-07T18:49:42.387Z,174.681,1,269.64,1980,35,17,,,,
powertraces-pt100array_pt019_r1_7536307_11-89ffb37037,2026-05-07T18:49:42.387Z,174.681,2,276.11,1980,29,14,,,,
powertraces-pt100array_pt019_r1_7536307_11-89ffb37037,2026-05-07T18:49:42.387Z,174.681,3,274.94,1980,13,6,,,,
powertraces-pt100array_pt019_r1_7536307_11-89ffb37037,2026-05-07T18:49:42.487Z,174.781,0,219.61,1980,21,11,,,,
powertraces-pt100array_pt019_r1_7536307_11-89ffb37037,2026-05-07T18:49:42.487Z,174.781,1,270.34,1980,35,17,,,,
powertraces-pt100array_pt019_r1_7536307_11-89ffb37037,2026-05-07T18:49:42.487Z,174.781,2,273.96,1980,29,14,,,,
powertraces-pt100array_pt019_r1_7536307_11-89ffb37037,2026-05-07T18:49:42.487Z,174.781,3,277.7,1980,33,17,,,,
powertraces-pt100array_pt019_r1_7536307_11-89ffb37037,2026-05-07T18:49:42.587Z,174.881,0,219.34,1980,21,10,,,,
powertraces-pt100array_pt019_r1_7536307_11-89ffb37037,2026-05-07T18:49:42.587Z,174.881,1,270.43,1980,23,12,,,,
powertraces-pt100array_pt019_r1_7536307_11-89ffb37037,2026-05-07T18:49:42.587Z,174.881,2,278.68,1980,33,17,,,,
powertraces-pt100array_pt019_r1_7536307_11-89ffb37037,2026-05-07T18:49:42.587Z,174.881,3,277.05,1980,33,17,,,,
powertraces-pt100array_pt019_r1_7536307_11-89ffb37037,2026-05-07T18:49:42.687Z,174.981,0,222.6,1980,21,10,,,,
powertraces-pt100array_pt019_r1_7536307_11-89ffb37037,2026-05-07T18:49:42.687Z,174.981,1,267.84,1980,23,12,,,,
powertraces-pt100array_pt019_r1_7536307_11-89ffb37037,2026-05-07T18:49:42.687Z,174.981,2,276.27,1980,33,17,,,,
powertraces-pt100array_pt019_r1_7536307_11-89ffb37037,2026-05-07T18:49:42.687Z,174.981,3,272.23,1980,34,17,,,,
powertraces-pt100array_pt019_r1_7536307_11-89ffb37037,2026-05-07T18:49:42.787Z,175.081,0,216.71,1980,11,5,,,,
powertraces-pt100array_pt019_r1_7536307_11-89ffb37037,2026-05-07T18:49:42.787Z,175.081,1,269.96,1980,28,13,,,,
powertraces-pt100array_pt019_r1_7536307_11-89ffb37037,2026-05-07T18:49:42.787Z,175.081,2,275.81,1980,35,17,,,,
powertraces-pt100array_pt019_r1_7536307_11-89ffb37037,2026-05-07T18:49:42.787Z,175.081,3,274.7,1980,34,17,,,,
powertraces-pt100array_pt019_r1_7536307_11-89ffb37037,2026-05-07T18:49:42.888Z,175.182,0,217.28,1980,11,5,,,,
powertraces-pt100array_pt019_r1_7536307_11-89ffb37037,2026-05-07T18:49:42.888Z,175.182,1,266.94,1980,28,13,,,,
powertraces-pt100array_pt019_r1_7536307_11-89ffb37037,2026-05-07T18:49:42.888Z,175.182,2,277.17,1980,35,17,,,,
powertraces-pt100array_pt019_r1_7536307_11-89ffb37037,2026-05-07T18:49:42.888Z,175.182,3,278.27,1980,24,13,,,,
powertraces-pt100array_pt019_r1_7536307_11-89ffb37037,2026-05-07T18:49:42.988Z,175.282,0,219.53,1980,21,11,,,,
powertraces-pt100array_pt019_r1_7536307_11-89ffb37037,2026-05-07T18:49:42.988Z,175.282,1,271.98,1980,34,17,,,,
powertraces-pt100array_pt019_r1_7536307_11-89ffb37037,2026-05-07T18:49:42.988Z,175.282,2,275.76,1980,22,10,,,,
powertraces-pt100array_pt019_r1_7536307_11-89ffb37037,2026-05-07T18:49:42.988Z,175.282,3,275.34,1980,24,13,,,,
powertraces-pt100array_pt019_r1_7536307_11-89ffb37037,2026-05-07T18:49:43.088Z,175.382,0,218.71,1980,21,11,,,,
powertraces-pt100array_pt019_r1_7536307_11-89ffb37037,2026-05-07T18:49:43.088Z,175.382,1,270.37,1980,34,17,,,,
powertraces-pt100array_pt019_r1_7536307_11-89ffb37037,2026-05-07T18:49:43.088Z,175.382,2,276.95,1980,22,10,,,,
powertraces-pt100array_pt019_r1_7536307_11-89ffb37037,2026-05-07T18:49:43.088Z,175.382,3,275.39,1980,33,17,,,,
powertraces-pt100array_pt019_r1_7536307_11-89ffb37037,2026-05-07T18:49:43.188Z,175.482,0,222.23,1980,5,3,,,,
powertraces-pt100array_pt019_r1_7536307_11-89ffb37037,2026-05-07T18:49:43.188Z,175.482,1,267.79,1980,16,7,,,,
powertraces-pt100array_pt019_r1_7536307_11-89ffb37037,2026-05-07T18:49:43.188Z,175.482,2,278.08,1980,27,14,,,,
powertraces-pt100array_pt019_r1_7536307_11-89ffb37037,2026-05-07T18:49:43.188Z,175.482,3,273.72,1980,33,17,,,,
powertraces-pt100array_pt019_r1_7536307_11-89ffb37037,2026-05-07T18:49:43.288Z,175.582,0,220.25,1980,5,3,,,,
powertraces-pt100array_pt019_r1_7536307_11-89ffb37037,2026-05-07T18:49:43.288Z,175.582,1,266.66,1980,16,7,,,,
powertraces-pt100array_pt019_r1_7536307_11-89ffb37037,2026-05-07T18:49:43.288Z,175.582,2,277.91,1980,27,14,,,,
powertraces-pt100array_pt019_r1_7536307_11-89ffb37037,2026-05-07T18:49:43.288Z,175.582,3,273.86,1980,8,3,,,,
powertraces-pt100array_pt019_r1_7536307_11-89ffb37037,2026-05-07T18:49:43.388Z,175.682,0,217.9,1980,21,11,,,,
powertraces-pt100array_pt019_r1_7536307_11-89ffb37037,2026-05-07T18:49:43.389Z,175.683,1,265.18,1980,35,17,,,,
powertraces-pt100array_pt019_r1_7536307_11-89ffb37037,2026-05-07T18:49:43.389Z,175.683,2,275.73,1980,22,10,,,,
powertraces-pt100array_pt019_r1_7536307_11-89ffb37037,2026-05-07T18:49:43.389Z,175.683,3,275.05,1980,8,3,,,,
powertraces-pt100array_pt019_r1_7536307_11-89ffb37037,2026-05-07T18:49:43.489Z,175.783,0,218.5,1980,21,11,,,,
powertraces-pt100array_pt019_r1_7536307_11-89ffb37037,2026-05-07T18:49:43.489Z,175.783,1,269.21,1980,35,17,,,,
powertraces-pt100array_pt019_r1_7536307_11-89ffb37037,2026-05-07T18:49:43.489Z,175.783,2,278.57,1980,22,10,,,,
powertraces-pt100array_pt019_r1_7536307_11-89ffb37037,2026-05-07T18:49:43.489Z,175.783,3,275.48,1980,34,17,,,,
powertraces-pt100array_pt019_r1_7536307_11-89ffb37037,2026-05-07T18:49:43.589Z,175.883,0,218.64,1980,20,11,,,,
powertraces-pt100array_pt019_r1_7536307_11-89ffb37037,2026-05-07T18:49:43.589Z,175.883,1,268.28,1980,28,14,,,,
powertraces-pt100array_pt019_r1_7536307_11-89ffb37037,2026-05-07T18:49:43.589Z,175.883,2,278.77,1980,27,14,,,,
powertraces-pt100array_pt019_r1_7536307_11-89ffb37037,2026-05-07T18:49:43.589Z,175.883,3,278.44,1980,34,17,,,,
powertraces-pt100array_pt019_r1_7536307_11-89ffb37037,2026-05-07T18:49:43.689Z,175.983,0,221.06,1980,20,11,,,,
powertraces-pt100array_pt019_r1_7536307_11-89ffb37037,2026-05-07T18:49:43.689Z,175.983,1,267.27,1980,28,14,,,,
powertraces-pt100array_pt019_r1_7536307_11-89ffb37037,2026-05-07T18:49:43.689Z,175.983,2,281.35,1980,27,14,,,,
powertraces-pt100array_pt019_r1_7536307_11-89ffb37037,2026-05-07T18:49:43.689Z,175.983,3,283.18,1980,29,14,,,,
powertraces-pt100array_pt019_r1_7536307_11-89ffb37037,2026-05-07T18:49:43.789Z,176.083,0,219.46,1980,19,9,,,,
powertraces-pt100array_pt019_r1_7536307_11-89ffb37037,2026-05-07T18:49:43.789Z,176.083,1,269.82,1980,35,17,,,,
powertraces-pt100array_pt019_r1_7536307_11-89ffb37037,2026-05-07T18:49:43.789Z,176.083,2,278.39,1980,35,17,,,,
powertraces-pt100array_pt019_r1_7536307_11-89ffb37037,2026-05-07T18:49:43.789Z,176.083,3,279.82,1980,29,14,,,,
powertraces-pt100array_pt019_r1_7536307_11-89ffb37037,2026-05-07T18:49:43.889Z,176.183,0,218.55,1980,19,9,,,,
powertraces-pt100array_pt019_r1_7536307_11-89ffb37037,2026-05-07T18:49:43.889Z,176.183,1,269.72,1980,35,17,,,,
powertraces-pt100array_pt019_r1_7536307_11-89ffb37037,2026-05-07T18:49:43.889Z,176.183,2,279.6,1980,35,17,,,,
powertraces-pt100array_pt019_r1_7536307_11-89ffb37037,2026-05-07T18:49:43.889Z,176.183,3,278.59,1980,31,16,,,,
powertraces-pt100array_pt019_r1_7536307_11-89ffb37037,2026-05-07T18:49:43.99Z,176.284,0,216.74,1980,21,10,,,,
powertraces-pt100array_pt019_r1_7536307_11-89ffb37037,2026-05-07T18:49:43.99Z,176.284,1,273.01,1980,28,14,,,,
powertraces-pt100array_pt019_r1_7536307_11-89ffb37037,2026-05-07T18:49:43.99Z,176.284,2,283.08,1980,28,13,,,,
powertraces-pt100array_pt019_r1_7536307_11-89ffb37037,2026-05-07T18:49:43.99Z,176.284,3,280.15,1980,31,16,,,,
powertraces-pt100array_pt019_r1_7536307_11-89ffb37037,2026-05-07T18:49:44.09Z,176.384,0,216.52,1980,21,10,,,,
powertraces-pt100array_pt019_r1_7536307_11-89ffb37037,2026-05-07T18:49:44.09Z,176.384,1,267.82,1980,28,14,,,,
powertraces-pt100array_pt019_r1_7536307_11-89ffb37037,2026-05-07T18:49:44.09Z,176.384,2,281.8,1980,28,13,,,,
powertraces-pt100array_pt019_r1_7536307_11-89ffb37037,2026-05-07T18:49:44.09Z,176.384,3,279.77,1980,33,17,,,,
powertraces-pt100array_pt019_r1_7536307_11-89ffb37037,2026-05-07T18:49:44.19Z,176.484,0,218.75,1980,1,0,,,,
powertraces-pt100array_pt019_r1_7536307_11-89ffb37037,2026-05-07T18:49:44.19Z,176.484,1,271.69,1980,12,5,,,,
powertraces-pt100array_pt019_r1_7536307_11-89ffb37037,2026-05-07T18:49:44.19Z,176.484,2,280.97,1980,32,16,,,,
powertraces-pt100array_pt019_r1_7536307_11-89ffb37037,2026-05-07T18:49:44.19Z,176.484,3,283.89,1980,33,17,,,,
powertraces-pt100array_pt019_r1_7536307_11-89ffb37037,2026-05-07T18:49:44.29Z,176.584,0,217.49,1980,1,0,,,,
powertraces-pt100array_pt019_r1_7536307_11-89ffb37037,2026-05-07T18:49:44.29Z,176.584,1,273.91,1980,12,5,,,,
powertraces-pt100array_pt019_r1_7536307_11-89ffb37037,2026-05-07T18:49:44.29Z,176.584,2,282.54,1980,32,16,,,,
powertraces-pt100array_pt019_r1_7536307_11-89ffb37037,2026-05-07T18:49:44.29Z,176.584,3,285.67,1980,34,25,,,,
powertraces-pt100array_pt019_r1_7536307_11-89ffb37037,2026-05-07T18:49:44.39Z,176.684,0,223.82,1980,42,27,,,,
powertraces-pt100array_pt019_r1_7536307_11-89ffb37037,2026-05-07T18:49:44.39Z,176.684,1,275.82,1980,48,32,,,,
powertraces-pt100array_pt019_r1_7536307_11-89ffb37037,2026-05-07T18:49:44.39Z,176.684,2,288.28,1980,38,26,,,,
powertraces-pt100array_pt019_r1_7536307_11-89ffb37037,2026-05-07T18:49:44.39Z,176.684,3,293.37,1980,34,25,,,,
powertraces-pt100array_pt019_r1_7536307_11-89ffb37037,2026-05-07T18:49:44.49Z,176.784,0,221.72,1980,42,27,,,,
powertraces-pt100array_pt019_r1_7536307_11-89ffb37037,2026-05-07T18:49:44.49Z,176.784,1,273.36,1980,48,32,,,,
powertraces-pt100array_pt019_r1_7536307_11-89ffb37037,2026-05-07T18:49:44.49Z,176.784,2,284.35,1980,38,26,,,,
powertraces-pt100array_pt019_r1_7536307_11-89ffb37037,2026-05-07T18:49:44.49Z,176.784,3,290.94,1980,34,17,,,,
powertraces-pt100array_pt019_r1_7536307_11-89ffb37037,2026-05-07T18:49:44.591Z,176.885,0,219.85,1980,1,0,,,,
powertraces-pt100array_pt019_r1_7536307_11-89ffb37037,2026-05-07T18:49:44.591Z,176.885,1,276.14,1980,12,5,,,,
powertraces-pt100array_pt019_r1_7536307_11-89ffb37037,2026-05-07T18:49:44.591Z,176.885,2,287.22,1980,31,16,,,,
powertraces-pt100array_pt019_r1_7536307_11-89ffb37037,2026-05-07T18:49:44.591Z,176.885,3,283.87,1980,34,17,,,,
powertraces-pt100array_pt019_r1_7536307_11-89ffb37037,2026-05-07T18:49:44.691Z,176.985,0,219.7,1980,1,0,,,,
powertraces-pt100array_pt019_r1_7536307_11-89ffb37037,2026-05-07T18:49:44.691Z,176.985,1,276.21,1980,12,5,,,,
powertraces-pt100array_pt019_r1_7536307_11-89ffb37037,2026-05-07T18:49:44.691Z,176.985,2,282.87,1980,31,16,,,,
powertraces-pt100array_pt019_r1_7536307_11-89ffb37037,2026-05-07T18:49:44.691Z,176.985,3,286.35,1980,8,4,,,,
powertraces-pt100array_pt019_r1_7536307_11-89ffb37037,2026-05-07T18:49:44.791Z,177.085,0,222.01,1980,21,11,,,,
powertraces-pt100array_pt019_r1_7536307_11-89ffb37037,2026-05-07T18:49:44.791Z,177.085,1,275.19,1980,35,17,,,,
powertraces-pt100array_pt019_r1_7536307_11-89ffb37037,2026-05-07T18:49:44.791Z,177.085,2,289.12,1980,16,8,,,,
powertraces-pt100array_pt019_r1_7536307_11-89ffb37037,2026-05-07T18:49:44.791Z,177.085,3,290.4,1980,8,4,,,,
powertraces-pt100array_pt019_r1_7536307_11-89ffb37037,2026-05-07T18:49:44.891Z,177.185,0,222.94,1980,21,11,,,,
powertraces-pt100array_pt019_r1_7536307_11-89ffb37037,2026-05-07T18:49:44.891Z,177.185,1,270.81,1980,35,17,,,,
powertraces-pt100array_pt019_r1_7536307_11-89ffb37037,2026-05-07T18:49:44.891Z,177.185,2,288.72,1980,16,8,,,,
powertraces-pt100array_pt019_r1_7536307_11-89ffb37037,2026-05-07T18:49:44.891Z,177.185,3,288.44,1980,33,17,,,,
powertraces-pt100array_pt019_r1_7536307_11-89ffb37037,2026-05-07T18:49:44.991Z,177.285,0,222.44,1980,20,10,,,,
powertraces-pt100array_pt019_r1_7536307_11-89ffb37037,2026-05-07T18:49:44.991Z,177.285,1,272.21,1980,31,16,,,,
powertraces-pt100array_pt019_r1_7536307_11-89ffb37037,2026-05-07T18:49:44.991Z,177.285,2,283.3,1980,23,12,,,,
powertraces-pt100array_pt019_r1_7536307_11-89ffb37037,2026-05-07T18:49:44.991Z,177.285,3,286.52,1980,33,17,,,,
powertraces-pt100array_pt019_r1_7536307_11-89ffb37037,2026-05-07T18:49:45.091Z,177.385,0,218.29,1980,20,10,,,,
powertraces-pt100array_pt019_r1_7536307_11-89ffb37037,2026-05-07T18:49:45.092Z,177.386,1,276.08,1980,31,16,,,,
powertraces-pt100array_pt019_r1_7536307_11-89ffb37037,2026-05-07T18:49:45.092Z,177.386,2,282.4,1980,23,12,,,,
powertraces-pt100array_pt019_r1_7536307_11-89ffb37037,2026-05-07T18:49:45.092Z,177.386,3,284.59,1980,22,11,,,,
powertraces-pt100array_pt019_r1_7536307_11-89ffb37037,2026-05-07T18:49:45.192Z,177.486,0,220.46,1980,21,11,,,,
powertraces-pt100array_pt019_r1_7536307_11-89ffb37037,2026-05-07T18:49:45.192Z,177.486,1,272.83,1980,35,17,,,,
powertraces-pt100array_pt019_r1_7536307_11-89ffb37037,2026-05-07T18:49:45.192Z,177.486,2,280.68,1980,35,17,,,,
powertraces-pt100array_pt019_r1_7536307_11-89ffb37037,2026-05-07T18:49:45.192Z,177.486,3,284.61,1980,22,11,,,,
powertraces-pt100array_pt019_r1_7536307_11-89ffb37037,2026-05-07T18:49:45.292Z,177.586,0,219.74,1980,21,11,,,,
powertraces-pt100array_pt019_r1_7536307_11-89ffb37037,2026-05-07T18:49:45.292Z,177.586,1,271.69,1980,35,17,,,,
powertraces-pt100array_pt019_r1_7536307_11-89ffb37037,2026-05-07T18:49:45.292Z,177.586,2,283.52,1980,35,17,,,,
powertraces-pt100array_pt019_r1_7536307_11-89ffb37037,2026-05-07T18:49:45.292Z,177.586,3,283.71,1980,33,17,,,,
powertraces-pt100array_pt019_r1_7536307_11-89ffb37037,2026-05-07T18:49:45.392Z,177.686,0,214.31,1980,21,11,,,,
powertraces-pt100array_pt019_r1_7536307_11-89ffb37037,2026-05-07T18:49:45.392Z,177.686,1,266.74,1980,23,12,,,,
powertraces-pt100array_pt019_r1_7536307_11-89ffb37037,2026-05-07T18:49:45.392Z,177.686,2,280.52,1980,34,17,,,,
powertraces-pt100array_pt019_r1_7536307_11-89ffb37037,2026-05-07T18:49:45.392Z,177.686,3,277.8,1980,33,17,,,,
powertraces-pt100array_pt019_r1_7536307_11-89ffb37037,2026-05-07T18:49:45.492Z,177.786,0,216.54,1980,21,11,,,,
powertraces-pt100array_pt019_r1_7536307_11-89ffb37037,2026-05-07T18:49:45.492Z,177.786,1,268.72,1980,23,12,,,,
powertraces-pt100array_pt019_r1_7536307_11-89ffb37037,2026-05-07T18:49:45.492Z,177.786,2,273.58,1980,34,17,,,,
powertraces-pt100array_pt019_r1_7536307_11-89ffb37037,2026-05-07T18:49:45.492Z,177.786,3,280.95,1980,34,17,,,,
powertraces-pt100array_pt019_r1_7536307_11-89ffb37037,2026-05-07T18:49:45.592Z,177.886,0,212.32,1980,3,1,,,,
powertraces-pt100array_pt019_r1_7536307_11-89ffb37037,2026-05-07T18:49:45.592Z,177.886,1,268.35,1980,18,8,,,,
powertraces-pt100array_pt019_r1_7536307_11-89ffb37037,2026-05-07T18:49:45.592Z,177.886,2,275.5,1980,35,17,,,,
powertraces-pt100array_pt019_r1_7536307_11-89ffb37037,2026-05-07T18:49:45.592Z,177.886,3,274.5,1980,34,17,,,,
powertraces-pt100array_pt019_r1_7536307_11-89ffb37037,2026-05-07T18:49:45.692Z,177.986,0,214.91,1980,3,1,,,,
powertraces-pt100array_pt019_r1_7536307_11-89ffb37037,2026-05-07T18:49:45.693Z,177.987,1,272.21,1980,18,8,,,,
powertraces-pt100array_pt019_r1_7536307_11-89ffb37037,2026-05-07T18:49:45.693Z,177.987,2,276.64,1980,35,17,,,,
powertraces-pt100array_pt019_r1_7536307_11-89ffb37037,2026-05-07T18:49:45.693Z,177.987,3,273.97,1980,15,8,,,,
powertraces-pt100array_pt019_r1_7536307_11-89ffb37037,2026-05-07T18:49:45.793Z,178.087,0,213.97,1980,21,11,,,,
powertraces-pt100array_pt019_r1_7536307_11-89ffb37037,2026-05-07T18:49:45.793Z,178.087,1,270.9,1980,35,17,,,,
powertraces-pt100array_pt019_r1_7536307_11-89ffb37037,2026-05-07T18:49:45.793Z,178.087,2,277.07,1980,12,5,,,,
powertraces-pt100array_pt019_r1_7536307_11-89ffb37037,2026-05-07T18:49:45.793Z,178.087,3,275.11,1980,15,8,,,,
powertraces-pt100array_pt019_r1_7536307_11-89ffb37037,2026-05-07T18:49:45.893Z,178.187,0,213.93,1980,21,11,,,,
powertraces-pt100array_pt019_r1_7536307_11-89ffb37037,2026-05-07T18:49:45.893Z,178.187,1,267.84,1980,35,17,,,,
powertraces-pt100array_pt019_r1_7536307_11-89ffb37037,2026-05-07T18:49:45.893Z,178.187,2,273.9,1980,12,5,,,,
powertraces-pt100array_pt019_r1_7536307_11-89ffb37037,2026-05-07T18:49:45.893Z,178.187,3,278.84,1980,33,17,,,,
powertraces-pt100array_pt019_r1_7536307_11-89ffb37037,2026-05-07T18:49:45.993Z,178.287,0,217.09,1980,14,8,,,,
powertraces-pt100array_pt019_r1_7536307_11-89ffb37037,2026-05-07T18:49:45.993Z,178.287,1,268.22,1980,25,12,,,,
powertraces-pt100array_pt019_r1_7536307_11-89ffb37037,2026-05-07T18:49:45.993Z,178.287,2,276.33,1980,23,12,,,,
powertraces-pt100array_pt019_r1_7536307_11-89ffb37037,2026-05-07T18:49:45.993Z,178.287,3,277.54,1980,33,17,,,,
powertraces-pt100array_pt019_r1_7536307_11-89ffb37037,2026-05-07T18:49:46.093Z,178.387,0,214.45,1980,14,8,,,,
powertraces-pt100array_pt019_r1_7536307_11-89ffb37037,2026-05-07T18:49:46.093Z,178.387,1,268.99,1980,25,12,,,,
powertraces-pt100array_pt019_r1_7536307_11-89ffb37037,2026-05-07T18:49:46.093Z,178.387,2,279.35,1980,23,12,,,,
powertraces-pt100array_pt019_r1_7536307_11-89ffb37037,2026-05-07T18:49:46.093Z,178.387,3,275.03,1980,14,6,,,,
powertraces-pt100array_pt019_r1_7536307_11-89ffb37037,2026-05-07T18:49:46.194Z,178.488,0,213.95,1980,21,11,,,,
powertraces-pt100array_pt019_r1_7536307_11-89ffb37037,2026-05-07T18:49:46.194Z,178.488,1,269.2,1980,35,17,,,,
powertraces-pt100array_pt019_r1_7536307_11-89ffb37037,2026-05-07T18:49:46.194Z,178.488,2,279.48,1980,31,15,,,,
powertraces-pt100array_pt019_r1_7536307_11-89ffb37037,2026-05-07T18:49:46.194Z,178.488,3,274.29,1980,14,6,,,,
powertraces-pt100array_pt019_r1_7536307_11-89ffb37037,2026-05-07T18:49:46.294Z,178.588,0,217.38,1980,21,11,,,,
powertraces-pt100array_pt019_r1_7536307_11-89ffb37037,2026-05-07T18:49:46.294Z,178.588,1,267.98,1980,35,17,,,,
powertraces-pt100array_pt019_r1_7536307_11-89ffb37037,2026-05-07T18:49:46.294Z,178.588,2,274.07,1980,31,15,,,,
powertraces-pt100array_pt019_r1_7536307_11-89ffb37037,2026-05-07T18:49:46.294Z,178.588,3,279.12,1980,33,17,,,,
powertraces-pt100array_pt019_r1_7536307_11-89ffb37037,2026-05-07T18:49:46.394Z,178.688,0,217.8,1980,21,11,,,,
powertraces-pt100array_pt019_r1_7536307_11-89ffb37037,2026-05-07T18:49:46.394Z,178.688,1,267.51,1980,23,12,,,,
powertraces-pt100array_pt019_r1_7536307_11-89ffb37037,2026-05-07T18:49:46.394Z,178.688,2,273.05,1980,34,17,,,,
powertraces-pt100array_pt019_r1_7536307_11-89ffb37037,2026-05-07T18:49:46.394Z,178.688,3,278.83,1980,33,17,,,,
powertraces-pt100array_pt019_r1_7536307_11-89ffb37037,2026-05-07T18:49:46.494Z,178.788,0,215.46,1980,21,11,,,,
powertraces-pt100array_pt019_r1_7536307_11-89ffb37037,2026-05-07T18:49:46.494Z,178.788,1,267.77,1980,23,12,,,,
powertraces-pt100array_pt019_r1_7536307_11-89ffb37037,2026-05-07T18:49:46.494Z,178.788,2,275.34,1980,34,17,,,,
powertraces-pt100array_pt019_r1_7536307_11-89ffb37037,2026-05-07T18:49:46.494Z,178.788,3,274.32,1980,33,17,,,,
powertraces-pt100array_pt019_r1_7536307_11-89ffb37037,2026-05-07T18:49:46.594Z,178.888,0,217.18,1980,10,5,,,,
powertraces-pt100array_pt019_r1_7536307_11-89ffb37037,2026-05-07T18:49:46.594Z,178.888,1,268.9,1980,27,13,,,,
powertraces-pt100array_pt019_r1_7536307_11-89ffb37037,2026-05-07T18:49:46.594Z,178.888,2,276.51,1980,35,17,,,,
powertraces-pt100array_pt019_r1_7536307_11-89ffb37037,2026-05-07T18:49:46.594Z,178.888,3,273.76,1980,33,17,,,,
powertraces-pt100array_pt019_r1_7536307_11-89ffb37037,2026-05-07T18:49:46.694Z,178.988,0,216.65,1980,10,5,,,,
powertraces-pt100array_pt019_r1_7536307_11-89ffb37037,2026-05-07T18:49:46.695Z,178.989,1,265.9,1980,27,13,,,,
powertraces-pt100array_pt019_r1_7536307_11-89ffb37037,2026-05-07T18:49:46.695Z,178.989,2,275.53,1980,35,17,,,,
powertraces-pt100array_pt019_r1_7536307_11-89ffb37037,2026-05-07T18:49:46.695Z,178.989,3,275.28,1980,23,12,,,,
powertraces-pt100array_pt019_r1_7536307_11-89ffb37037,2026-05-07T18:49:46.795Z,179.089,0,217.85,1980,21,10,,,,
powertraces-pt100array_pt019_r1_7536307_11-89ffb37037,2026-05-07T18:49:46.795Z,179.089,1,268.78,1980,34,17,,,,
powertraces-pt100array_pt019_r1_7536307_11-89ffb37037,2026-05-07T18:49:46.795Z,179.089,2,273.73,1980,20,9,,,,
powertraces-pt100array_pt019_r1_7536307_11-89ffb37037,2026-05-07T18:49:46.795Z,179.089,3,280.17,1980,23,12,,,,
powertraces-pt100array_pt019_r1_7536307_11-89ffb37037,2026-05-07T18:49:46.895Z,179.189,0,216.5,1980,21,10,,,,
powertraces-pt100array_pt019_r1_7536307_11-89ffb37037,2026-05-07T18:49:46.895Z,179.189,1,269.26,1980,34,17,,,,
powertraces-pt100array_pt019_r1_7536307_11-89ffb37037,2026-05-07T18:49:46.895Z,179.189,2,277.93,1980,20,9,,,,
powertraces-pt100array_pt019_r1_7536307_11-89ffb37037,2026-05-07T18:49:46.895Z,179.189,3,278.49,1980,33,17,,,,
powertraces-pt100array_pt019_r1_7536307_11-89ffb37037,2026-05-07T18:49:46.995Z,179.289,0,220.72,1980,8,4,,,,
powertraces-pt100array_pt019_r1_7536307_11-89ffb37037,2026-05-07T18:49:46.995Z,179.289,1,267.31,1980,18,8,,,,
powertraces-pt100array_pt019_r1_7536307_11-89ffb37037,2026-05-07T18:49:46.995Z,179.289,2,276.12,1980,26,13,,,,
powertraces-pt100array_pt019_r1_7536307_11-89ffb37037,2026-05-07T18:49:46.995Z,179.289,3,275.1,1980,33,17,,,,
powertraces-pt100array_pt019_r1_7536307_11-89ffb37037,2026-05-07T18:49:47.095Z,179.389,0,216.07,1980,8,4,,,,
powertraces-pt100array_pt019_r1_7536307_11-89ffb37037,2026-05-07T18:49:47.095Z,179.389,1,267.78,1980,18,8,,,,
powertraces-pt100array_pt019_r1_7536307_11-89ffb37037,2026-05-07T18:49:47.095Z,179.389,2,274.68,1980,26,13,,,,
powertraces-pt100array_pt019_r1_7536307_11-89ffb37037,2026-05-07T18:49:47.095Z,179.389,3,278.27,1980,8,3,,,,
powertraces-pt100array_pt019_r1_7536307_11-89ffb37037,2026-05-07T18:49:47.195Z,179.489,0,216.04,1980,21,11,,,,
powertraces-pt100array_pt019_r1_7536307_11-89ffb37037,2026-05-07T18:49:47.195Z,179.489,1,265.92,1980,35,17,,,,
powertraces-pt100array_pt019_r1_7536307_11-89ffb37037,2026-05-07T18:49:47.195Z,179.489,2,275.36,1980,24,12,,,,
powertraces-pt100array_pt019_r1_7536307_11-89ffb37037,2026-05-07T18:49:47.195Z,179.489,3,279.82,1980,8,3,,,,
powertraces-pt100array_pt019_r1_7536307_11-89ffb37037,2026-05-07T18:49:47.296Z,179.59,0,215.6,1980,21,11,,,,
powertraces-pt100array_pt019_r1_7536307_11-89ffb37037,2026-05-07T18:49:47.296Z,179.59,1,269.55,1980,35,17,,,,
powertraces-pt100array_pt019_r1_7536307_11-89ffb37037,2026-05-07T18:49:47.296Z,179.59,2,276.44,1980,24,12,,,,
powertraces-pt100array_pt019_r1_7536307_11-89ffb37037,2026-05-07T18:49:47.296Z,179.59,3,281.15,1980,33,17,,,,
powertraces-pt100array_pt019_r1_7536307_11-89ffb37037,2026-05-07T18:49:47.396Z,179.69,0,215.22,1980,21,11,,,,
powertraces-pt100array_pt019_r1_7536307_11-89ffb37037,2026-05-07T18:49:47.396Z,179.69,1,268.77,1980,26,13,,,,
powertraces-pt100array_pt019_r1_7536307_11-89ffb37037,2026-05-07T18:49:47.396Z,179.69,2,278.01,1980,28,14,,,,
powertraces-pt100array_pt019_r1_7536307_11-89ffb37037,2026-05-07T18:49:47.396Z,179.69,3,279.24,1980,33,17,,,,
powertraces-pt100array_pt019_r1_7536307_11-89ffb37037,2026-05-07T18:49:47.496Z,179.79,0,213.99,1980,21,11,,,,
powertraces-pt100array_pt019_r1_7536307_11-89ffb37037,2026-05-07T18:49:47.496Z,179.79,1,268.75,1980,26,13,,,,
powertraces-pt100array_pt019_r1_7536307_11-89ffb37037,2026-05-07T18:49:47.496Z,179.79,2,279.28,1980,28,14,,,,
powertraces-pt100array_pt019_r1_7536307_11-89ffb37037,2026-05-07T18:49:47.496Z,179.79,3,278.29,1980,31,15,,,,
powertraces-pt100array_pt019_r1_7536307_11-89ffb37037,2026-05-07T18:49:47.596Z,179.89,0,215.79,1980,17,8,,,,
powertraces-pt100array_pt019_r1_7536307_11-89ffb37037,2026-05-07T18:49:47.596Z,179.89,1,268.43,1980,33,16,,,,
powertraces-pt100array_pt019_r1_7536307_11-89ffb37037,2026-05-07T18:49:47.596Z,179.89,2,275.7,1980,35,17,,,,
powertraces-pt100array_pt019_r1_7536307_11-89ffb37037,2026-05-07T18:49:47.596Z,179.89,3,280.18,1980,31,15,,,,
powertraces-pt100array_pt019_r1_7536307_11-89ffb37037,2026-05-07T18:49:47.696Z,179.99,0,217.03,1980,17,8,,,,
powertraces-pt100array_pt019_r1_7536307_11-89ffb37037,2026-05-07T18:49:47.696Z,179.99,1,267.85,1980,33,16,,,,
powertraces-pt100array_pt019_r1_7536307_11-89ffb37037,2026-05-07T18:49:47.696Z,179.99,2,273.89,1980,35,17,,,,
powertraces-pt100array_pt019_r1_7536307_11-89ffb37037,2026-05-07T18:49:47.696Z,179.99,3,282.05,1980,29,15,,,,
powertraces-pt100array_pt019_r1_7536307_11-89ffb37037,2026-05-07T18:49:47.796Z,180.09,0,213.95,1980,21,10,,,,
powertraces-pt100array_pt019_r1_7536307_11-89ffb37037,2026-05-07T18:49:47.796Z,180.09,1,267.95,1980,28,14,,,,
powertraces-pt100array_pt019_r1_7536307_11-89ffb37037,2026-05-07T18:49:47.796Z,180.09,2,278.42,1980,27,13,,,,
powertraces-pt100array_pt019_r1_7536307_11-89ffb37037,2026-05-07T18:49:47.796Z,180.09,3,278.98,1980,29,15,,,,
powertraces-pt100array_pt019_r1_7536307_11-89ffb37037,2026-05-07T18:49:47.897Z,180.191,0,216.26,1980,21,10,,,,
powertraces-pt100array_pt019_r1_7536307_11-89ffb37037,2026-05-07T18:49:47.897Z,180.191,1,265.4,1980,28,14,,,,
powertraces-pt100array_pt019_r1_7536307_11-89ffb37037,2026-05-07T18:49:47.897Z,180.191,2,275.61,1980,27,13,,,,
powertraces-pt100array_pt019_r1_7536307_11-89ffb37037,2026-05-07T18:49:47.897Z,180.191,3,280.19,1980,33,17,,,,
powertraces-pt100array_pt019_r1_7536307_11-89ffb37037,2026-05-07T18:49:47.997Z,180.291,0,217.48,1980,1,0,,,,
powertraces-pt100array_pt019_r1_7536307_11-89ffb37037,2026-05-07T18:49:47.997Z,180.291,1,267.33,1980,12,5,,,,
powertraces-pt100array_pt019_r1_7536307_11-89ffb37037,2026-05-07T18:49:47.997Z,180.291,2,276.31,1980,33,17,,,,
powertraces-pt100array_pt019_r1_7536307_11-89ffb37037,2026-05-07T18:49:47.997Z,180.291,3,285.02,1980,33,17,,,,
powertraces-pt100array_pt019_r1_7536307_11-89ffb37037,2026-05-07T18:49:48.097Z,180.391,0,214.39,1980,1,0,,,,
powertraces-pt100array_pt019_r1_7536307_11-89ffb37037,2026-05-07T18:49:48.097Z,180.391,1,271.05,1980,12,5,,,,
powertraces-pt100array_pt019_r1_7536307_11-89ffb37037,2026-05-07T18:49:48.097Z,180.391,2,273.85,1980,33,17,,,,
powertraces-pt100array_pt019_r1_7536307_11-89ffb37037,2026-05-07T18:49:48.097Z,180.391,3,283.07,1980,8,4,,,,
powertraces-pt100array_pt019_r1_7536307_11-89ffb37037,2026-05-07T18:49:48.197Z,180.491,0,216.1,1980,21,10,,,,
powertraces-pt100array_pt019_r1_7536307_11-89ffb37037,2026-05-07T18:49:48.197Z,180.491,1,270.7,1980,35,17,,,,
powertraces-pt100array_pt019_r1_7536307_11-89ffb37037,2026-05-07T18:49:48.197Z,180.491,2,276.89,1980,16,7,,,,
powertraces-pt100array_pt019_r1_7536307_11-89ffb37037,2026-05-07T18:49:48.197Z,180.491,3,280.96,1980,8,4,,,,
powertraces-pt100array_pt019_r1_7536307_11-89ffb37037,2026-05-07T18:49:48.297Z,180.591,0,215.21,1980,21,10,,,,
powertraces-pt100array_pt019_r1_7536307_11-89ffb37037,2026-05-07T18:49:48.297Z,180.591,1,269.4,1980,35,17,,,,
powertraces-pt100array_pt019_r1_7536307_11-89ffb37037,2026-05-07T18:49:48.297Z,180.591,2,279.1,1980,16,7,,,,
powertraces-pt100array_pt019_r1_7536307_11-89ffb37037,2026-05-07T18:49:48.297Z,180.591,3,279.89,1980,33,17,,,,
powertraces-pt100array_pt019_r1_7536307_11-89ffb37037,2026-05-07T18:49:48.397Z,180.691,0,216.03,1980,15,8,,,,
powertraces-pt100array_pt019_r1_7536307_11-89ffb37037,2026-05-07T18:49:48.397Z,180.691,1,277.31,1980,30,15,,,,
powertraces-pt100array_pt019_r1_7536307_11-89ffb37037,2026-05-07T18:49:48.397Z,180.691,2,286.15,1980,35,22,,,,
powertraces-pt100array_pt019_r1_7536307_11-89ffb37037,2026-05-07T18:49:48.397Z,180.691,3,279.56,1980,33,17,,,,
powertraces-pt100array_pt019_r1_7536307_11-89ffb37037,2026-05-07T18:49:48.498Z,180.792,0,223.32,1980,15,8,,,,
powertraces-pt100array_pt019_r1_7536307_11-89ffb37037,2026-05-07T18:49:48.498Z,180.792,1,275.59,1980,30,15,,,,
powertraces-pt100array_pt019_r1_7536307_11-89ffb37037,2026-05-07T18:49:48.498Z,180.792,2,282.33,1980,35,22,,,,
powertraces-pt100array_pt019_r1_7536307_11-89ffb37037,2026-05-07T18:49:48.498Z,180.792,3,286.72,1980,14,6,,,,
powertraces-pt100array_pt019_r1_7536307_11-89ffb37037,2026-05-07T18:49:48.598Z,180.892,0,223.18,1980,19,8,,,,
powertraces-pt100array_pt019_r1_7536307_11-89ffb37037,2026-05-07T18:49:48.598Z,180.892,1,275.96,1980,32,14,,,,
powertraces-pt100array_pt019_r1_7536307_11-89ffb37037,2026-05-07T18:49:48.598Z,180.892,2,288.56,1980,17,8,,,,
powertraces-pt100array_pt019_r1_7536307_11-89ffb37037,2026-05-07T18:49:48.598Z,180.892,3,285.4,1980,14,6,,,,
powertraces-pt100array_pt019_r1_7536307_11-89ffb37037,2026-05-07T18:49:48.698Z,180.992,0,221.22,1980,19,8,,,,
powertraces-pt100array_pt019_r1_7536307_11-89ffb37037,2026-05-07T18:49:48.698Z,180.992,1,274.89,1980,32,14,,,,
powertraces-pt100array_pt019_r1_7536307_11-89ffb37037,2026-05-07T18:49:48.698Z,180.992,2,290.79,1980,17,8,,,,
powertraces-pt100array_pt019_r1_7536307_11-89ffb37037,2026-05-07T18:49:48.698Z,180.992,3,283.91,1980,33,17,,,,
powertraces-pt100array_pt019_r1_7536307_11-89ffb37037,2026-05-07T18:49:48.798Z,181.092,0,221.46,1980,20,11,,,,
powertraces-pt100array_pt019_r1_7536307_11-89ffb37037,2026-05-07T18:49:48.798Z,181.092,1,276.63,1980,31,15,,,,
powertraces-pt100array_pt019_r1_7536307_11-89ffb37037,2026-05-07T18:49:48.798Z,181.092,2,284.03,1980,23,12,,,,
powertraces-pt100array_pt019_r1_7536307_11-89ffb37037,2026-05-07T18:49:48.798Z,181.092,3,282.56,1980,33,17,,,,
powertraces-pt100array_pt019_r1_7536307_11-89ffb37037,2026-05-07T18:49:48.898Z,181.192,0,218.33,1980,20,11,,,,
powertraces-pt100array_pt019_r1_7536307_11-89ffb37037,2026-05-07T18:49:48.898Z,181.192,1,277.62,1980,31,15,,,,
powertraces-pt100array_pt019_r1_7536307_11-89ffb37037,2026-05-07T18:49:48.898Z,181.192,2,284.05,1980,23,12,,,,
powertraces-pt100array_pt019_r1_7536307_11-89ffb37037,2026-05-07T18:49:48.898Z,181.192,3,279.99,1980,23,11,,,,
powertraces-pt100array_pt019_r1_7536307_11-89ffb37037,2026-05-07T18:49:48.998Z,181.292,0,221.35,1980,21,11,,,,
powertraces-pt100array_pt019_r1_7536307_11-89ffb37037,2026-05-07T18:49:48.998Z,181.292,1,277.92,1980,34,17,,,,
powertraces-pt100array_pt019_r1_7536307_11-89ffb37037,2026-05-07T18:49:48.998Z,181.292,2,283.95,1980,35,17,,,,
powertraces-pt100array_pt019_r1_7536307_11-89ffb37037,2026-05-07T18:49:48.998Z,181.292,3,280.16,1980,23,11,,,,
powertraces-pt100array_pt019_r1_7536307_11-89ffb37037,2026-05-07T18:49:49.099Z,181.393,0,223.08,1980,21,11,,,,
powertraces-pt100array_pt019_r1_7536307_11-89ffb37037,2026-05-07T18:49:49.099Z,181.393,1,278.12,1980,34,17,,,,
powertraces-pt100array_pt019_r1_7536307_11-89ffb37037,2026-05-07T18:49:49.099Z,181.393,2,290.82,1980,35,17,,,,
powertraces-pt100array_pt019_r1_7536307_11-89ffb37037,2026-05-07T18:49:49.099Z,181.393,3,283.24,1980,33,17,,,,
powertraces-pt100array_pt019_r1_7536307_11-89ffb37037,2026-05-07T18:49:49.199Z,181.493,0,223.81,1980,21,10,,,,
powertraces-pt100array_pt019_r1_7536307_11-89ffb37037,2026-05-07T18:49:49.199Z,181.493,1,273.46,1980,23,12,,,,
powertraces-pt100array_pt019_r1_7536307_11-89ffb37037,2026-05-07T18:49:49.199Z,181.493,2,289.24,1980,32,16,,,,
powertraces-pt100array_pt019_r1_7536307_11-89ffb37037,2026-05-07T18:49:49.199Z,181.493,3,280.92,1980,33,17,,,,
powertraces-pt100array_pt019_r1_7536307_11-89ffb37037,2026-05-07T18:49:49.299Z,181.593,0,222.49,1980,21,10,,,,
powertraces-pt100array_pt019_r1_7536307_11-89ffb37037,2026-05-07T18:49:49.299Z,181.593,1,278.11,1980,23,12,,,,
powertraces-pt100array_pt019_r1_7536307_11-89ffb37037,2026-05-07T18:49:49.299Z,181.593,2,286.03,1980,32,16,,,,
powertraces-pt100array_pt019_r1_7536307_11-89ffb37037,2026-05-07T18:49:49.299Z,181.593,3,282.3,1980,33,17,,,,
powertraces-pt100array_pt019_r1_7536307_11-89ffb37037,2026-05-07T18:49:49.399Z,181.693,0,218.25,1980,1,0,,,,
powertraces-pt100array_pt019_r1_7536307_11-89ffb37037,2026-05-07T18:49:49.399Z,181.693,1,270.48,1980,16,7,,,,
powertraces-pt100array_pt019_r1_7536307_11-89ffb37037,2026-05-07T18:49:49.399Z,181.693,2,281.83,1980,35,17,,,,
powertraces-pt100array_pt019_r1_7536307_11-89ffb37037,2026-05-07T18:49:49.399Z,181.693,3,277.92,1980,33,17,,,,
powertraces-pt100array_pt019_r1_7536307_11-89ffb37037,2026-05-07T18:49:49.499Z,181.793,0,215.42,1980,1,0,,,,
powertraces-pt100array_pt019_r1_7536307_11-89ffb37037,2026-05-07T18:49:49.499Z,181.793,1,273.22,1980,16,7,,,,
powertraces-pt100array_pt019_r1_7536307_11-89ffb37037,2026-05-07T18:49:49.499Z,181.793,2,275.89,1980,35,17,,,,
powertraces-pt100array_pt019_r1_7536307_11-89ffb37037,2026-05-07T18:49:49.499Z,181.793,3,276.19,1980,11,6,,,,
powertraces-pt100array_pt019_r1_7536307_11-89ffb37037,2026-05-07T18:49:49.599Z,181.893,0,213.42,1980,21,10,,,,
powertraces-pt100array_pt019_r1_7536307_11-89ffb37037,2026-05-07T18:49:49.599Z,181.893,1,270.81,1980,35,17,,,,
powertraces-pt100array_pt019_r1_7536307_11-89ffb37037,2026-05-07T18:49:49.599Z,181.893,2,278.65,1980,12,5,,,,
powertraces-pt100array_pt019_r1_7536307_11-89ffb37037,2026-05-07T18:49:49.6Z,181.894,3,274.55,1980,11,6,,,,
powertraces-pt100array_pt019_r1_7536307_11-89ffb37037,2026-05-07T18:49:49.7Z,181.994,0,216.98,1980,21,10,,,,
powertraces-pt100array_pt019_r1_7536307_11-89ffb37037,2026-05-07T18:49:49.7Z,181.994,1,265.26,1980,35,17,,,,
powertraces-pt100array_pt019_r1_7536307_11-89ffb37037,2026-05-07T18:49:49.7Z,181.994,2,277.19,1980,12,5,,,,
powertraces-pt100array_pt019_r1_7536307_11-89ffb37037,2026-05-07T18:49:49.7Z,181.994,3,279.71,1980,34,17,,,,
powertraces-pt100array_pt019_r1_7536307_11-89ffb37037,2026-05-07T18:49:49.8Z,182.094,0,218.06,1980,16,8,,,,
powertraces-pt100array_pt019_r1_7536307_11-89ffb37037,2026-05-07T18:49:49.8Z,182.094,1,266.45,1980,27,13,,,,
powertraces-pt100array_pt019_r1_7536307_11-89ffb37037,2026-05-07T18:49:49.8Z,182.094,2,275.98,1980,23,12,,,,
powertraces-pt100array_pt019_r1_7536307_11-89ffb37037,2026-05-07T18:49:49.8Z,182.094,3,279.24,1980,34,17,,,,
powertraces-pt100array_pt019_r1_7536307_11-89ffb37037,2026-05-07T18:49:49.9Z,182.194,0,217.2,1980,16,8,,,,
powertraces-pt100array_pt019_r1_7536307_11-89ffb37037,2026-05-07T18:49:49.9Z,182.194,1,270.69,1980,27,13,,,,
powertraces-pt100array_pt019_r1_7536307_11-89ffb37037,2026-05-07T18:49:49.9Z,182.194,2,282.17,1980,23,12,,,,
powertraces-pt100array_pt019_r1_7536307_11-89ffb37037,2026-05-07T18:49:49.9Z,182.194,3,279.65,1980,16,8,,,,
powertraces-pt100array_pt019_r1_7536307_11-89ffb37037,2026-05-07T18:49:50Z,182.294,0,216.74,1980,21,11,,,,
powertraces-pt100array_pt019_r1_7536307_11-89ffb37037,2026-05-07T18:49:50Z,182.294,1,268.32,1980,34,17,,,,
powertraces-pt100array_pt019_r1_7536307_11-89ffb37037,2026-05-07T18:49:50Z,182.294,2,283.48,1980,33,16,,,,
powertraces-pt100array_pt019_r1_7536307_11-89ffb37037,2026-05-07T18:49:50Z,182.294,3,275.16,1980,16,8,,,,
powertraces-pt100array_pt019_r1_7536307_11-89ffb37037,2026-05-07T18:49:50.1Z,182.394,0,219.18,1980,21,11,,,,
powertraces-pt100array_pt019_r1_7536307_11-89ffb37037,2026-05-07T18:49:50.1Z,182.394,1,267.8,1980,34,17,,,,
powertraces-pt100array_pt019_r1_7536307_11-89ffb37037,2026-05-07T18:49:50.1Z,182.394,2,277.64,1980,33,16,,,,
powertraces-pt100array_pt019_r1_7536307_11-89ffb37037,2026-05-07T18:49:50.1Z,182.394,3,275.5,1980,33,16,,,,
powertraces-pt100array_pt019_r1_7536307_11-89ffb37037,2026-05-07T18:49:50.201Z,182.495,0,217.15,1980,21,10,,,,
powertraces-pt100array_pt019_r1_7536307_11-89ffb37037,2026-05-07T18:49:50.201Z,182.495,1,266.34,1980,23,12,,,,
powertraces-pt100array_pt019_r1_7536307_11-89ffb37037,2026-05-07T18:49:50.201Z,182.495,2,279.43,1980,35,17,,,,
powertraces-pt100array_pt019_r1_7536307_11-89ffb37037,2026-05-07T18:49:50.201Z,182.495,3,279.22,1980,33,16,,,,
powertraces-pt100array_pt019_r1_7536307_11-89ffb37037,2026-05-07T18:49:50.301Z,182.595,0,219.86,1980,21,10,,,,
powertraces-pt100array_pt019_r1_7536307_11-89ffb37037,2026-05-07T18:49:50.301Z,182.595,1,267.57,1980,23,12,,,,
powertraces-pt100array_pt019_r1_7536307_11-89ffb37037,2026-05-07T18:49:50.301Z,182.595,2,277.06,1980,35,17,,,,
powertraces-pt100array_pt019_r1_7536307_11-89ffb37037,2026-05-07T18:49:50.301Z,182.595,3,275.3,1980,33,17,,,,
powertraces-pt100array_pt019_r1_7536307_11-89ffb37037,2026-05-07T18:49:50.401Z,182.695,0,215.27,1980,8,3,,,,
powertraces-pt100array_pt019_r1_7536307_11-89ffb37037,2026-05-07T18:49:50.401Z,182.695,1,267.71,1980,25,12,,,,
powertraces-pt100array_pt019_r1_7536307_11-89ffb37037,2026-05-07T18:49:50.401Z,182.695,2,281.94,1980,35,17,,,,
powertraces-pt100array_pt019_r1_7536307_11-89ffb37037,2026-05-07T18:49:50.401Z,182.695,3,274.24,1980,33,17,,,,
powertraces-pt100array_pt019_r1_7536307_11-89ffb37037,2026-05-07T18:49:50.501Z,182.795,0,217.29,1980,8,3,,,,
powertraces-pt100array_pt019_r1_7536307_11-89ffb37037,2026-05-07T18:49:50.501Z,182.795,1,266.1,1980,25,12,,,,
powertraces-pt100array_pt019_r1_7536307_11-89ffb37037,2026-05-07T18:49:50.501Z,182.795,2,279.15,1980,35,17,,,,
powertraces-pt100array_pt019_r1_7536307_11-89ffb37037,2026-05-07T18:49:50.501Z,182.795,3,276.53,1980,21,11,,,,
powertraces-pt100array_pt019_r1_7536307_11-89ffb37037,2026-05-07T18:49:50.601Z,182.895,0,220.28,1980,21,11,,,,
powertraces-pt100array_pt019_r1_7536307_11-89ffb37037,2026-05-07T18:49:50.601Z,182.895,1,266.3,1980,34,17,,,,
powertraces-pt100array_pt019_r1_7536307_11-89ffb37037,2026-05-07T18:49:50.601Z,182.895,2,275.57,1980,18,8,,,,
powertraces-pt100array_pt019_r1_7536307_11-89ffb37037,2026-05-07T18:49:50.601Z,182.895,3,280.34,1980,21,11,,,,
powertraces-pt100array_pt019_r1_7536307_11-89ffb37037,2026-05-07T18:49:50.701Z,182.995,0,218.33,1980,21,11,,,,
powertraces-pt100array_pt019_r1_7536307_11-89ffb37037,2026-05-07T18:49:50.701Z,182.995,1,267.73,1980,34,17,,,,
powertraces-pt100array_pt019_r1_7536307_11-89ffb37037,2026-05-07T18:49:50.701Z,182.995,2,274.76,1980,18,8,,,,
powertraces-pt100array_pt019_r1_7536307_11-89ffb37037,2026-05-07T18:49:50.701Z,182.995,3,278.88,1980,33,17,,,,
powertraces-pt100array_pt019_r1_7536307_11-89ffb37037,2026-05-07T18:49:50.802Z,183.096,0,220.59,1980,9,5,,,,
powertraces-pt100array_pt019_r1_7536307_11-89ffb37037,2026-05-07T18:49:50.802Z,183.096,1,270.58,1980,18,8,,,,
powertraces-pt100array_pt019_r1_7536307_11-89ffb37037,2026-05-07T18:49:50.802Z,183.096,2,278.95,1980,25,13,,,,
powertraces-pt100array_pt019_r1_7536307_11-89ffb37037,2026-05-07T18:49:50.802Z,183.096,3,279.66,1980,33,17,,,,
powertraces-pt100array_pt019_r1_7536307_11-89ffb37037,2026-05-07T18:49:50.902Z,183.196,0,215.56,1980,9,5,,,,
powertraces-pt100array_pt019_r1_7536307_11-89ffb37037,2026-05-07T18:49:50.902Z,183.196,1,266.14,1980,18,8,,,,
powertraces-pt100array_pt019_r1_7536307_11-89ffb37037,2026-05-07T18:49:50.902Z,183.196,2,278.13,1980,25,13,,,,
powertraces-pt100array_pt019_r1_7536307_11-89ffb37037,2026-05-07T18:49:50.902Z,183.196,3,273.96,1980,9,3,,,,
powertraces-pt100array_pt019_r1_7536307_11-89ffb37037,2026-05-07T18:49:51.002Z,183.296,0,217.19,1980,21,10,,,,
powertraces-pt100array_pt019_r1_7536307_11-89ffb37037,2026-05-07T18:49:51.002Z,183.296,1,265.42,1980,34,17,,,,
powertraces-pt100array_pt019_r1_7536307_11-89ffb37037,2026-05-07T18:49:51.002Z,183.296,2,274.35,1980,25,12,,,,
powertraces-pt100array_pt019_r1_7536307_11-89ffb37037,2026-05-07T18:49:51.002Z,183.296,3,278.93,1980,9,3,,,,
powertraces-pt100array_pt019_r1_7536307_11-89ffb37037,2026-05-07T18:49:51.102Z,183.396,0,216.75,1980,21,10,,,,
powertraces-pt100array_pt019_r1_7536307_11-89ffb37037,2026-05-07T18:49:51.102Z,183.396,1,271.08,1980,34,17,,,,
powertraces-pt100array_pt019_r1_7536307_11-89ffb37037,2026-05-07T18:49:51.102Z,183.396,2,277.06,1980,25,12,,,,
powertraces-pt100array_pt019_r1_7536307_11-89ffb37037,2026-05-07T18:49:51.102Z,183.396,3,278.97,1980,33,17,,,,
powertraces-pt100array_pt019_r1_7536307_11-89ffb37037,2026-05-07T18:49:51.202Z,183.496,0,217.87,1980,21,11,,,,
powertraces-pt100array_pt019_r1_7536307_11-89ffb37037,2026-05-07T18:49:51.202Z,183.496,1,267.92,1980,25,13,,,,
powertraces-pt100array_pt019_r1_7536307_11-89ffb37037,2026-05-07T18:49:51.202Z,183.496,2,281.83,1980,30,15,,,,
powertraces-pt100array_pt019_r1_7536307_11-89ffb37037,2026-05-07T18:49:51.202Z,183.496,3,279.43,1980,33,17,,,,
powertraces-pt100array_pt019_r1_7536307_11-89ffb37037,2026-05-07T18:49:51.302Z,183.596,0,221.54,1980,21,11,,,,
powertraces-pt100array_pt019_r1_7536307_11-89ffb37037,2026-05-07T18:49:51.302Z,183.596,1,267.51,1980,25,13,,,,
powertraces-pt100array_pt019_r1_7536307_11-89ffb37037,2026-05-07T18:49:51.303Z,183.597,2,278.09,1980,30,15,,,,
powertraces-pt100array_pt019_r1_7536307_11-89ffb37037,2026-05-07T18:49:51.303Z,183.597,3,277.15,1980,30,15,,,,
powertraces-pt100array_pt019_r1_7536307_11-89ffb37037,2026-05-07T18:49:51.403Z,183.697,0,217.37,1980,15,8,,,,
powertraces-pt100array_pt019_r1_7536307_11-89ffb37037,2026-05-07T18:49:51.403Z,183.697,1,269.03,1980,33,16,,,,
powertraces-pt100array_pt019_r1_7536307_11-89ffb37037,2026-05-07T18:49:51.403Z,183.697,2,274.79,1980,35,17,,,,
powertraces-pt100array_pt019_r1_7536307_11-89ffb37037,2026-05-07T18:49:51.403Z,183.697,3,280.48,1980,30,15,,,,
powertraces-pt100array_pt019_r1_7536307_11-89ffb37037,2026-05-07T18:49:51.503Z,183.797,0,218.2,1980,15,8,,,,
powertraces-pt100array_pt019_r1_7536307_11-89ffb37037,2026-05-07T18:49:51.503Z,183.797,1,266.87,1980,33,16,,,,
powertraces-pt100array_pt019_r1_7536307_11-89ffb37037,2026-05-07T18:49:51.503Z,183.797,2,275.81,1980,35,17,,,,
powertraces-pt100array_pt019_r1_7536307_11-89ffb37037,2026-05-07T18:49:51.503Z,183.797,3,279.08,1980,28,15,,,,
powertraces-pt100array_pt019_r1_7536307_11-89ffb37037,2026-05-07T18:49:51.603Z,183.897,0,216.71,1980,21,11,,,,
powertraces-pt100array_pt019_r1_7536307_11-89ffb37037,2026-05-07T18:49:51.603Z,183.897,1,268.93,1980,28,14,,,,
powertraces-pt100array_pt019_r1_7536307_11-89ffb37037,2026-05-07T18:49:51.603Z,183.897,2,278.42,1980,26,13,,,,
powertraces-pt100array_pt019_r1_7536307_11-89ffb37037,2026-05-07T18:49:51.603Z,183.897,3,279.74,1980,28,15,,,,
powertraces-pt100array_pt019_r1_7536307_11-89ffb37037,2026-05-07T18:49:51.703Z,183.997,0,218.38,1980,21,11,,,,
powertraces-pt100array_pt019_r1_7536307_11-89ffb37037,2026-05-07T18:49:51.703Z,183.997,1,267.2,1980,28,14,,,,
powertraces-pt100array_pt019_r1_7536307_11-89ffb37037,2026-05-07T18:49:51.703Z,183.997,2,278.21,1980,26,13,,,,
powertraces-pt100array_pt019_r1_7536307_11-89ffb37037,2026-05-07T18:49:51.703Z,183.997,3,279.16,1980,33,17,,,,
powertraces-pt100array_pt019_r1_7536307_11-89ffb37037,2026-05-07T18:49:51.803Z,184.097,0,217.04,1980,1,0,,,,
powertraces-pt100array_pt019_r1_7536307_11-89ffb37037,2026-05-07T18:49:51.803Z,184.097,1,267.23,1980,12,5,,,,
powertraces-pt100array_pt019_r1_7536307_11-89ffb37037,2026-05-07T18:49:51.803Z,184.097,2,276.56,1980,32,16,,,,
powertraces-pt100array_pt019_r1_7536307_11-89ffb37037,2026-05-07T18:49:51.803Z,184.097,3,282.37,1980,33,17,,,,
powertraces-pt100array_pt019_r1_7536307_11-89ffb37037,2026-05-07T18:49:51.904Z,184.198,0,220.01,1980,1,0,,,,
powertraces-pt100array_pt019_r1_7536307_11-89ffb37037,2026-05-07T18:49:51.904Z,184.198,1,272.5,1980,12,5,,,,
powertraces-pt100array_pt019_r1_7536307_11-89ffb37037,2026-05-07T18:49:51.904Z,184.198,2,275.55,1980,32,16,,,,
powertraces-pt100array_pt019_r1_7536307_11-89ffb37037,2026-05-07T18:49:51.904Z,184.198,3,284.55,1980,8,4,,,,
powertraces-pt100array_pt019_r1_7536307_11-89ffb37037,2026-05-07T18:49:52.004Z,184.298,0,218.67,1980,21,11,,,,
powertraces-pt100array_pt019_r1_7536307_11-89ffb37037,2026-05-07T18:49:52.004Z,184.298,1,271.24,1980,34,17,,,,
powertraces-pt100array_pt019_r1_7536307_11-89ffb37037,2026-05-07T18:49:52.004Z,184.298,2,276.77,1980,17,8,,,,
powertraces-pt100array_pt019_r1_7536307_11-89ffb37037,2026-05-07T18:49:52.004Z,184.298,3,283.32,1980,8,4,,,,
powertraces-pt100array_pt019_r1_7536307_11-89ffb37037,2026-05-07T18:49:52.104Z,184.398,0,217.51,1980,21,11,,,,
powertraces-pt100array_pt019_r1_7536307_11-89ffb37037,2026-05-07T18:49:52.104Z,184.398,1,272.63,1980,34,17,,,,
powertraces-pt100array_pt019_r1_7536307_11-89ffb37037,2026-05-07T18:49:52.104Z,184.398,2,278.65,1980,17,8,,,,
powertraces-pt100array_pt019_r1_7536307_11-89ffb37037,2026-05-07T18:49:52.104Z,184.398,3,279.34,1980,33,16,,,,
powertraces-pt100array_pt019_r1_7536307_11-89ffb37037,2026-05-07T18:49:52.204Z,184.498,0,219.32,1980,20,10,,,,
powertraces-pt100array_pt019_r1_7536307_11-89ffb37037,2026-05-07T18:49:52.204Z,184.498,1,270.23,1980,31,15,,,,
powertraces-pt100array_pt019_r1_7536307_11-89ffb37037,2026-05-07T18:49:52.204Z,184.498,2,273.7,1980,23,12,,,,
powertraces-pt100array_pt019_r1_7536307_11-89ffb37037,2026-05-07T18:49:52.204Z,184.498,3,282.26,1980,33,16,,,,
powertraces-pt100array_pt019_r1_7536307_11-89ffb37037,2026-05-07T18:49:52.304Z,184.598,0,215.54,1980,20,10,,,,
powertraces-pt100array_pt019_r1_7536307_11-89ffb37037,2026-05-07T18:49:52.304Z,184.598,1,268.66,1980,31,15,,,,
powertraces-pt100array_pt019_r1_7536307_11-89ffb37037,2026-05-07T18:49:52.304Z,184.598,2,274.46,1980,23,12,,,,
powertraces-pt100array_pt019_r1_7536307_11-89ffb37037,2026-05-07T18:49:52.304Z,184.598,3,284.01,1980,23,11,,,,
powertraces-pt100array_pt019_r1_7536307_11-89ffb37037,2026-05-07T18:49:52.404Z,184.698,0,219.62,1980,21,11,,,,
powertraces-pt100array_pt019_r1_7536307_11-89ffb37037,2026-05-07T18:49:52.404Z,184.698,1,270.3,1980,35,17,,,,
powertraces-pt100array_pt019_r1_7536307_11-89ffb37037,2026-05-07T18:49:52.404Z,184.698,2,277.77,1980,35,17,,,,
powertraces-pt100array_pt019_r1_7536307_11-89ffb37037,2026-05-07T18:49:52.405Z,184.699,3,285.9,1980,23,11,,,,
powertraces-pt100array_pt019_r1_7536307_11-89ffb37037,2026-05-07T18:49:52.505Z,184.799,0,226.68,1980,21,11,,,,
powertraces-pt100array_pt019_r1_7536307_11-89ffb37037,2026-05-07T18:49:52.505Z,184.799,1,271.4,1980,35,17,,,,
powertraces-pt100array_pt019_r1_7536307_11-89ffb37037,2026-05-07T18:49:52.505Z,184.799,2,284.32,1980,35,17,,,,
powertraces-pt100array_pt019_r1_7536307_11-89ffb37037,2026-05-07T18:49:52.505Z,184.799,3,292.06,1980,31,14,,,,
powertraces-pt100array_pt019_r1_7536307_11-89ffb37037,2026-05-07T18:49:52.605Z,184.899,0,226.94,1980,18,8,,,,
powertraces-pt100array_pt019_r1_7536307_11-89ffb37037,2026-05-07T18:49:52.605Z,184.899,1,271.55,1980,30,13,,,,
powertraces-pt100array_pt019_r1_7536307_11-89ffb37037,2026-05-07T18:49:52.605Z,184.899,2,277.09,1980,21,10,,,,
powertraces-pt100array_pt019_r1_7536307_11-89ffb37037,2026-05-07T18:49:52.605Z,184.899,3,290.34,1980,31,14,,,,
powertraces-pt100array_pt019_r1_7536307_11-89ffb37037,2026-05-07T18:49:52.705Z,184.999,0,223.72,1980,18,8,,,,
powertraces-pt100array_pt019_r1_7536307_11-89ffb37037,2026-05-07T18:49:52.705Z,184.999,1,273.99,1980,30,13,,,,
powertraces-pt100array_pt019_r1_7536307_11-89ffb37037,2026-05-07T18:49:52.705Z,184.999,2,280.99,1980,21,10,,,,
powertraces-pt100array_pt019_r1_7536307_11-89ffb37037,2026-05-07T18:49:52.705Z,184.999,3,285.82,1980,24,12,,,,
powertraces-pt100array_pt019_r1_7536307_11-89ffb37037,2026-05-07T18:49:52.805Z,185.099,0,226.76,1980,21,10,,,,
powertraces-pt100array_pt019_r1_7536307_11-89ffb37037,2026-05-07T18:49:52.805Z,185.099,1,271.47,1980,35,17,,,,
powertraces-pt100array_pt019_r1_7536307_11-89ffb37037,2026-05-07T18:49:52.805Z,185.099,2,277.46,1980,35,17,,,,
powertraces-pt100array_pt019_r1_7536307_11-89ffb37037,2026-05-07T18:49:52.805Z,185.099,3,289.46,1980,24,12,,,,
powertraces-pt100array_pt019_r1_7536307_11-89ffb37037,2026-05-07T18:49:52.905Z,185.199,0,225.94,1980,21,10,,,,
powertraces-pt100array_pt019_r1_7536307_11-89ffb37037,2026-05-07T18:49:52.905Z,185.199,1,267.64,1980,35,17,,,,
powertraces-pt100array_pt019_r1_7536307_11-89ffb37037,2026-05-07T18:49:52.905Z,185.199,2,281.07,1980,35,17,,,,
powertraces-pt100array_pt019_r1_7536307_11-89ffb37037,2026-05-07T18:49:52.905Z,185.199,3,289.41,1980,33,17,,,,
powertraces-pt100array_pt019_r1_7536307_11-89ffb37037,2026-05-07T18:49:53.005Z,185.299,0,225.71,1980,21,10,,,,
powertraces-pt100array_pt019_r1_7536307_11-89ffb37037,2026-05-07T18:49:53.005Z,185.299,1,267.65,1980,24,12,,,,
powertraces-pt100array_pt019_r1_7536307_11-89ffb37037,2026-05-07T18:49:53.005Z,185.299,2,283.07,1980,31,15,,,,
powertraces-pt100array_pt019_r1_7536307_11-89ffb37037,2026-05-07T18:49:53.006Z,185.3,3,287.35,1980,33,17,,,,
powertraces-pt100array_pt019_r1_7536307_11-89ffb37037,2026-05-07T18:49:53.106Z,185.4,0,227.28,1980,21,10,,,,
powertraces-pt100array_pt019_r1_7536307_11-89ffb37037,2026-05-07T18:49:53.106Z,185.4,1,270.16,1980,24,12,,,,
powertraces-pt100array_pt019_r1_7536307_11-89ffb37037,2026-05-07T18:49:53.106Z,185.4,2,278.73,1980,31,15,,,,
powertraces-pt100array_pt019_r1_7536307_11-89ffb37037,2026-05-07T18:49:53.106Z,185.4,3,291.08,1980,33,17,,,,
powertraces-pt100array_pt019_r1_7536307_11-89ffb37037,2026-05-07T18:49:53.206Z,185.5,0,221.24,1980,1,0,,,,
powertraces-pt100array_pt019_r1_7536307_11-89ffb37037,2026-05-07T18:49:53.206Z,185.5,1,272.54,1980,16,7,,,,
powertraces-pt100array_pt019_r1_7536307_11-89ffb37037,2026-05-07T18:49:53.206Z,185.5,2,280.38,1980,35,18,,,,
powertraces-pt100array_pt019_r1_7536307_11-89ffb37037,2026-05-07T18:49:53.206Z,185.5,3,281.2,1980,33,17,,,,
powertraces-pt100array_pt019_r1_7536307_11-89ffb37037,2026-05-07T18:49:53.306Z,185.6,0,226.59,1980,1,0,,,,
powertraces-pt100array_pt019_r1_7536307_11-89ffb37037,2026-05-07T18:49:53.306Z,185.6,1,270.51,1980,16,7,,,,
powertraces-pt100array_pt019_r1_7536307_11-89ffb37037,2026-05-07T18:49:53.306Z,185.6,2,281.24,1980,35,18,,,,
powertraces-pt100array_pt019_r1_7536307_11-89ffb37037,2026-05-07T18:49:53.306Z,185.6,3,285.28,1980,14,7,,,,
powertraces-pt100array_pt019_r1_7536307_11-89ffb37037,2026-05-07T18:49:53.406Z,185.7,0,225.45,1980,21,11,,,,
powertraces-pt100array_pt019_r1_7536307_11-89ffb37037,2026-05-07T18:49:53.406Z,185.7,1,269.89,1980,35,17,,,,
powertraces-pt100array_pt019_r1_7536307_11-89ffb37037,2026-05-07T18:49:53.406Z,185.7,2,285.35,1980,12,5,,,,
powertraces-pt100array_pt019_r1_7536307_11-89ffb37037,2026-05-07T18:49:53.406Z,185.7,3,286.76,1980,14,7,,,,
powertraces-pt100array_pt019_r1_7536307_11-89ffb37037,2026-05-07T18:49:53.506Z,185.8,0,218.76,1980,21,11,,,,
powertraces-pt100array_pt019_r1_7536307_11-89ffb37037,2026-05-07T18:49:53.506Z,185.8,1,262.19,1980,35,17,,,,
powertraces-pt100array_pt019_r1_7536307_11-89ffb37037,2026-05-07T18:49:53.506Z,185.8,2,281.16,1980,12,5,,,,
powertraces-pt100array_pt019_r1_7536307_11-89ffb37037,2026-05-07T18:49:53.506Z,185.8,3,280.41,1980,34,17,,,,
powertraces-pt100array_pt019_r1_7536307_11-89ffb37037,2026-05-07T18:49:53.607Z,185.901,0,220.32,1980,15,8,,,,
powertraces-pt100array_pt019_r1_7536307_11-89ffb37037,2026-05-07T18:49:53.607Z,185.901,1,265.7,1980,26,12,,,,
powertraces-pt100array_pt019_r1_7536307_11-89ffb37037,2026-05-07T18:49:53.607Z,185.901,2,275.73,1980,23,12,,,,
powertraces-pt100array_pt019_r1_7536307_11-89ffb37037,2026-05-07T18:49:53.607Z,185.901,3,284.41,1980,34,17,,,,
powertraces-pt100array_pt019_r1_7536307_11-89ffb37037,2026-05-07T18:49:53.707Z,186.001,0,217.06,1980,15,8,,,,
powertraces-pt100array_pt019_r1_7536307_11-89ffb37037,2026-05-07T18:49:53.707Z,186.001,1,269.55,1980,26,12,,,,
powertraces-pt100array_pt019_r1_7536307_11-89ffb37037,2026-05-07T18:49:53.707Z,186.001,2,280.92,1980,23,12,,,,
powertraces-pt100array_pt019_r1_7536307_11-89ffb37037,2026-05-07T18:49:53.707Z,186.001,3,278.9,1980,16,7,,,,
powertraces-pt100array_pt019_r1_7536307_11-89ffb37037,2026-05-07T18:49:53.807Z,186.101,0,216.01,1980,21,11,,,,
powertraces-pt100array_pt019_r1_7536307_11-89ffb37037,2026-05-07T18:49:53.807Z,186.101,1,269.22,1980,35,17,,,,
powertraces-pt100array_pt019_r1_7536307_11-89ffb37037,2026-05-07T18:49:53.807Z,186.101,2,279.61,1980,32,16,,,,
powertraces-pt100array_pt019_r1_7536307_11-89ffb37037,2026-05-07T18:49:53.807Z,186.101,3,277.53,1980,16,7,,,,
powertraces-pt100array_pt019_r1_7536307_11-89ffb37037,2026-05-07T18:49:53.907Z,186.201,0,217.1,1980,21,11,,,,
powertraces-pt100array_pt019_r1_7536307_11-89ffb37037,2026-05-07T18:49:53.907Z,186.201,1,272.61,1980,35,17,,,,
powertraces-pt100array_pt019_r1_7536307_11-89ffb37037,2026-05-07T18:49:53.907Z,186.201,2,280.25,1980,32,16,,,,
powertraces-pt100array_pt019_r1_7536307_11-89ffb37037,2026-05-07T18:49:53.907Z,186.201,3,280.15,1980,33,17,,,,
powertraces-pt100array_pt019_r1_7536307_11-89ffb37037,2026-05-07T18:49:54.007Z,186.301,0,218.17,1980,21,10,,,,
powertraces-pt100array_pt019_r1_7536307_11-89ffb37037,2026-05-07T18:49:54.007Z,186.301,1,268.72,1980,23,12,,,,
powertraces-pt100array_pt019_r1_7536307_11-89ffb37037,2026-05-07T18:49:54.007Z,186.301,2,274.68,1980,35,17,,,,
powertraces-pt100array_pt019_r1_7536307_11-89ffb37037,2026-05-07T18:49:54.007Z,186.301,3,281.09,1980,33,17,,,,
powertraces-pt100array_pt019_r1_7536307_11-89ffb37037,2026-05-07T18:49:54.107Z,186.401,0,215.54,1980,21,10,,,,
powertraces-pt100array_pt019_r1_7536307_11-89ffb37037,2026-05-07T18:49:54.107Z,186.401,1,271.78,1980,23,12,,,,
powertraces-pt100array_pt019_r1_7536307_11-89ffb37037,2026-05-07T18:49:54.107Z,186.401,2,277.4,1980,35,17,,,,
powertraces-pt100array_pt019_r1_7536307_11-89ffb37037,2026-05-07T18:49:54.107Z,186.401,3,282.9,1980,33,17,,,,
powertraces-pt100array_pt019_r1_7536307_11-89ffb37037,2026-05-07T18:49:54.208Z,186.502,0,215.52,1980,9,4,,,,
powertraces-pt100array_pt019_r1_7536307_11-89ffb37037,2026-05-07T18:49:54.208Z,186.502,1,269.93,1980,25,12,,,,
powertraces-pt100array_pt019_r1_7536307_11-89ffb37037,2026-05-07T18:49:54.208Z,186.502,2,278.97,1980,36,18,,,,
powertraces-pt100array_pt019_r1_7536307_11-89ffb37037,2026-05-07T18:49:54.208Z,186.502,3,277.68,1980,33,17,,,,
powertraces-pt100array_pt019_r1_7536307_11-89ffb37037,2026-05-07T18:49:54.308Z,186.602,0,217.76,1980,9,4,,,,
powertraces-pt100array_pt019_r1_7536307_11-89ffb37037,2026-05-07T18:49:54.308Z,186.602,1,271.46,1980,25,12,,,,
powertraces-pt100array_pt019_r1_7536307_11-89ffb37037,2026-05-07T18:49:54.308Z,186.602,2,277.41,1980,36,18,,,,
powertraces-pt100array_pt019_r1_7536307_11-89ffb37037,2026-05-07T18:49:54.308Z,186.602,3,278.5,1980,22,12,,,,
powertraces-pt100array_pt019_r1_7536307_11-89ffb37037,2026-05-07T18:49:54.408Z,186.702,0,219.12,1980,21,11,,,,
powertraces-pt100array_pt019_r1_7536307_11-89ffb37037,2026-05-07T18:49:54.408Z,186.702,1,272.72,1980,35,17,,,,
powertraces-pt100array_pt019_r1_7536307_11-89ffb37037,2026-05-07T18:49:54.408Z,186.702,2,276.19,1980,18,8,,,,
powertraces-pt100array_pt019_r1_7536307_11-89ffb37037,2026-05-07T18:49:54.408Z,186.702,3,283.85,1980,22,12,,,,
powertraces-pt100array_pt019_r1_7536307_11-89ffb37037,2026-05-07T18:49:54.508Z,186.802,0,218.35,1980,21,11,,,,
powertraces-pt100array_pt019_r1_7536307_11-89ffb37037,2026-05-07T18:49:54.508Z,186.802,1,271.02,1980,35,17,,,,
powertraces-pt100array_pt019_r1_7536307_11-89ffb37037,2026-05-07T18:49:54.508Z,186.802,2,279.79,1980,18,8,,,,
powertraces-pt100array_pt019_r1_7536307_11-89ffb37037,2026-05-07T18:49:54.508Z,186.802,3,282.04,1980,34,17,,,,
powertraces-pt100array_pt019_r1_7536307_11-89ffb37037,2026-05-07T18:49:54.608Z,186.902,0,217.12,1980,9,4,,,,
powertraces-pt100array_pt019_r1_7536307_11-89ffb37037,2026-05-07T18:49:54.608Z,186.902,1,272.42,1980,18,8,,,,
powertraces-pt100array_pt019_r1_7536307_11-89ffb37037,2026-05-07T18:49:54.608Z,186.902,2,277.89,1980,24,13,,,,
powertraces-pt100array_pt019_r1_7536307_11-89ffb37037,2026-05-07T18:49:54.608Z,186.902,3,277.03,1980,34,17,,,,
powertraces-pt100array_pt019_r1_7536307_11-89ffb37037,2026-05-07T18:49:54.708Z,187.002,0,219.17,1980,9,4,,,,
powertraces-pt100array_pt019_r1_7536307_11-89ffb37037,2026-05-07T18:49:54.708Z,187.002,1,270.36,1980,18,8,,,,
powertraces-pt100array_pt019_r1_7536307_11-89ffb37037,2026-05-07T18:49:54.708Z,187.002,2,280.72,1980,24,13,,,,
powertraces-pt100array_pt019_r1_7536307_11-89ffb37037,2026-05-07T18:49:54.709Z,187.003,3,276.81,1980,8,3,,,,
powertraces-pt100array_pt019_r1_7536307_11-89ffb37037,2026-05-07T18:49:54.809Z,187.103,0,221.4,1980,21,11,,,,
powertraces-pt100array_pt019_r1_7536307_11-89ffb37037,2026-05-07T18:49:54.809Z,187.103,1,268.35,1980,35,17,,,,
powertraces-pt100array_pt019_r1_7536307_11-89ffb37037,2026-05-07T18:49:54.809Z,187.103,2,275.71,1980,25,12,,,,
powertraces-pt100array_pt019_r1_7536307_11-89ffb37037,2026-05-07T18:49:54.809Z,187.103,3,282.74,1980,8,3,,,,
powertraces-pt100array_pt019_r1_7536307_11-89ffb37037,2026-05-07T18:49:54.909Z,187.203,0,221.03,1980,21,11,,,,
powertraces-pt100array_pt019_r1_7536307_11-89ffb37037,2026-05-07T18:49:54.909Z,187.203,1,268.47,1980,35,17,,,,
powertraces-pt100array_pt019_r1_7536307_11-89ffb37037,2026-05-07T18:49:54.909Z,187.203,2,276.68,1980,25,12,,,,
powertraces-pt100array_pt019_r1_7536307_11-89ffb37037,2026-05-07T18:49:54.909Z,187.203,3,278.54,1980,33,16,,,,
powertraces-pt100array_pt019_r1_7536307_11-89ffb37037,2026-05-07T18:49:55.009Z,187.303,0,219.63,1980,21,11,,,,
powertraces-pt100array_pt019_r1_7536307_11-89ffb37037,2026-05-07T18:49:55.009Z,187.303,1,268.68,1980,25,13,,,,
powertraces-pt100array_pt019_r1_7536307_11-89ffb37037,2026-05-07T18:49:55.009Z,187.303,2,277.45,1980,28,14,,,,
powertraces-pt100array_pt019_r1_7536307_11-89ffb37037,2026-05-07T18:49:55.009Z,187.303,3,277.65,1980,33,16,,,,
powertraces-pt100array_pt019_r1_7536307_11-89ffb37037,2026-05-07T18:49:55.109Z,187.403,0,223.05,1980,21,11,,,,
powertraces-pt100array_pt019_r1_7536307_11-89ffb37037,2026-05-07T18:49:55.109Z,187.403,1,268.52,1980,25,13,,,,
powertraces-pt100array_pt019_r1_7536307_11-89ffb37037,2026-05-07T18:49:55.109Z,187.403,2,278.49,1980,28,14,,,,
powertraces-pt100array_pt019_r1_7536307_11-89ffb37037,2026-05-07T18:49:55.109Z,187.403,3,281.42,1980,30,15,,,,
powertraces-pt100array_pt019_r1_7536307_11-89ffb37037,2026-05-07T18:49:55.209Z,187.503,0,221.17,1980,17,9,,,,
powertraces-pt100array_pt019_r1_7536307_11-89ffb37037,2026-05-07T18:49:55.209Z,187.503,1,270.32,1980,33,16,,,,
powertraces-pt100array_pt019_r1_7536307_11-89ffb37037,2026-05-07T18:49:55.209Z,187.503,2,274.51,1980,35,18,,,,
powertraces-pt100array_pt019_r1_7536307_11-89ffb37037,2026-05-07T18:49:55.209Z,187.503,3,277.0,1980,30,15,,,,
powertraces-pt100array_pt019_r1_7536307_11-89ffb37037,2026-05-07T18:49:55.309Z,187.603,0,220.04,1980,17,9,,,,
powertraces-pt100array_pt019_r1_7536307_11-89ffb37037,2026-05-07T18:49:55.309Z,187.603,1,269.31,1980,33,16,,,,
powertraces-pt100array_pt019_r1_7536307_11-89ffb37037,2026-05-07T18:49:55.309Z,187.603,2,275.85,1980,35,18,,,,
powertraces-pt100array_pt019_r1_7536307_11-89ffb37037,2026-05-07T18:49:55.309Z,187.603,3,281.05,1980,30,15,,,,
powertraces-pt100array_pt019_r1_7536307_11-89ffb37037,2026-05-07T18:49:55.41Z,187.704,0,217.0,1980,21,11,,,,
powertraces-pt100array_pt019_r1_7536307_11-89ffb37037,2026-05-07T18:49:55.41Z,187.704,1,268.7,1980,27,14,,,,
powertraces-pt100array_pt019_r1_7536307_11-89ffb37037,2026-05-07T18:49:55.41Z,187.704,2,279.94,1980,27,13,,,,
powertraces-pt100array_pt019_r1_7536307_11-89ffb37037,2026-05-07T18:49:55.41Z,187.704,3,278.52,1980,30,15,,,,
powertraces-pt100array_pt019_r1_7536307_11-89ffb37037,2026-05-07T18:49:55.51Z,187.804,0,217.76,1980,21,11,,,,
powertraces-pt100array_pt019_r1_7536307_11-89ffb37037,2026-05-07T18:49:55.51Z,187.804,1,269.3,1980,27,14,,,,
powertraces-pt100array_pt019_r1_7536307_11-89ffb37037,2026-05-07T18:49:55.51Z,187.804,2,278.53,1980,27,13,,,,
powertraces-pt100array_pt019_r1_7536307_11-89ffb37037,2026-05-07T18:49:55.51Z,187.804,3,277.39,1980,33,17,,,,
powertraces-pt100array_pt019_r1_7536307_11-89ffb37037,2026-05-07T18:49:55.61Z,187.904,0,219.08,1980,1,0,,,,
powertraces-pt100array_pt019_r1_7536307_11-89ffb37037,2026-05-07T18:49:55.61Z,187.904,1,265.49,1980,12,5,,,,
powertraces-pt100array_pt019_r1_7536307_11-89ffb37037,2026-05-07T18:49:55.61Z,187.904,2,275.93,1980,34,17,,,,
powertraces-pt100array_pt019_r1_7536307_11-89ffb37037,2026-05-07T18:49:55.61Z,187.904,3,280.32,1980,33,17,,,,
powertraces-pt100array_pt019_r1_7536307_11-89ffb37037,2026-05-07T18:49:55.71Z,188.004,0,215.74,1980,1,0,,,,
powertraces-pt100array_pt019_r1_7536307_11-89ffb37037,2026-05-07T18:49:55.71Z,188.004,1,269.37,1980,12,5,,,,
powertraces-pt100array_pt019_r1_7536307_11-89ffb37037,2026-05-07T18:49:55.71Z,188.004,2,272.13,1980,34,17,,,,
powertraces-pt100array_pt019_r1_7536307_11-89ffb37037,2026-05-07T18:49:55.71Z,188.004,3,279.0,1980,8,4,,,,
powertraces-pt100array_pt019_r1_7536307_11-89ffb37037,2026-05-07T18:49:55.81Z,188.104,0,214.66,1980,21,11,,,,
powertraces-pt100array_pt019_r1_7536307_11-89ffb37037,2026-05-07T18:49:55.81Z,188.104,1,270.03,1980,35,17,,,,
powertraces-pt100array_pt019_r1_7536307_11-89ffb37037,2026-05-07T18:49:55.81Z,188.104,2,273.77,1980,15,7,,,,
powertraces-pt100array_pt019_r1_7536307_11-89ffb37037,2026-05-07T18:49:55.81Z,188.104,3,274.94,1980,8,4,,,,
powertraces-pt100array_pt019_r1_7536307_11-89ffb37037,2026-05-07T18:49:55.911Z,188.205,0,214.62,1980,21,11,,,,
powertraces-pt100array_pt019_r1_7536307_11-89ffb37037,2026-05-07T18:49:55.911Z,188.205,1,270.8,1980,35,17,,,,
powertraces-pt100array_pt019_r1_7536307_11-89ffb37037,2026-05-07T18:49:55.911Z,188.205,2,277.27,1980,15,7,,,,
powertraces-pt100array_pt019_r1_7536307_11-89ffb37037,2026-05-07T18:49:55.911Z,188.205,3,273.32,1980,33,17,,,,
powertraces-pt100array_pt019_r1_7536307_11-89ffb37037,2026-05-07T18:49:56.011Z,188.305,0,217.05,1980,20,10,,,,
powertraces-pt100array_pt019_r1_7536307_11-89ffb37037,2026-05-07T18:49:56.011Z,188.305,1,270.0,1980,32,16,,,,
powertraces-pt100array_pt019_r1_7536307_11-89ffb37037,2026-05-07T18:49:56.011Z,188.305,2,273.44,1980,23,12,,,,
powertraces-pt100array_pt019_r1_7536307_11-89ffb37037,2026-05-07T18:49:56.011Z,188.305,3,276.3,1980,33,17,,,,
powertraces-pt100array_pt019_r1_7536307_11-89ffb37037,2026-05-07T18:49:56.111Z,188.405,0,212.8,1980,20,10,,,,
powertraces-pt100array_pt019_r1_7536307_11-89ffb37037,2026-05-07T18:49:56.111Z,188.405,1,268.05,1980,32,16,,,,
powertraces-pt100array_pt019_r1_7536307_11-89ffb37037,2026-05-07T18:49:56.111Z,188.405,2,273.84,1980,23,12,,,,
powertraces-pt100array_pt019_r1_7536307_11-89ffb37037,2026-05-07T18:49:56.111Z,188.405,3,274.0,1980,22,10,,,,
powertraces-pt100array_pt019_r1_7536307_11-89ffb37037,2026-05-07T18:49:56.211Z,188.505,0,214.76,1980,21,11,,,,
powertraces-pt100array_pt019_r1_7536307_11-89ffb37037,2026-05-07T18:49:56.211Z,188.505,1,269.39,1980,35,17,,,,
powertraces-pt100array_pt019_r1_7536307_11-89ffb37037,2026-05-07T18:49:56.211Z,188.505,2,271.88,1980,35,18,,,,
powertraces-pt100array_pt019_r1_7536307_11-89ffb37037,2026-05-07T18:49:56.211Z,188.505,3,277.18,1980,22,10,,,,
powertraces-pt100array_pt019_r1_7536307_11-89ffb37037,2026-05-07T18:49:56.311Z,188.605,0,212.06,1980,21,11,,,,
powertraces-pt100array_pt019_r1_7536307_11-89ffb37037,2026-05-07T18:49:56.311Z,188.605,1,269.86,1980,35,17,,,,
powertraces-pt100array_pt019_r1_7536307_11-89ffb37037,2026-05-07T18:49:56.311Z,188.605,2,278.99,1980,35,18,,,,
powertraces-pt100array_pt019_r1_7536307_11-89ffb37037,2026-05-07T18:49:56.311Z,188.605,3,272.09,1980,33,17,,,,
powertraces-pt100array_pt019_r1_7536307_11-89ffb37037,2026-05-07T18:49:56.411Z,188.705,0,214.67,1980,21,11,,,,
powertraces-pt100array_pt019_r1_7536307_11-89ffb37037,2026-05-07T18:49:56.411Z,188.705,1,265.83,1980,23,12,,,,
powertraces-pt100array_pt019_r1_7536307_11-89ffb37037,2026-05-07T18:49:56.411Z,188.705,2,277.14,1980,34,17,,,,
powertraces-pt100array_pt019_r1_7536307_11-89ffb37037,2026-05-07T18:49:56.411Z,188.705,3,275.74,1980,33,17,,,,
powertraces-pt100array_pt019_r1_7536307_11-89ffb37037,2026-05-07T18:49:56.512Z,188.806,0,214.46,1980,21,11,,,,
powertraces-pt100array_pt019_r1_7536307_11-89ffb37037,2026-05-07T18:49:56.512Z,188.806,1,269.55,1980,23,12,,,,
powertraces-pt100array_pt019_r1_7536307_11-89ffb37037,2026-05-07T18:49:56.512Z,188.806,2,276.19,1980,34,17,,,,
powertraces-pt100array_pt019_r1_7536307_11-89ffb37037,2026-05-07T18:49:56.512Z,188.806,3,272.27,1980,27,21,,,,
powertraces-pt100array_pt019_r1_7536307_11-89ffb37037,2026-05-07T18:49:56.612Z,188.906,0,218.3,1980,19,15,,,,
powertraces-pt100array_pt019_r1_7536307_11-89ffb37037,2026-05-07T18:49:56.612Z,188.906,1,254.07,1980,32,24,,,,
powertraces-pt100array_pt019_r1_7536307_11-89ffb37037,2026-05-07T18:49:56.612Z,188.906,2,262.79,1980,15,13,,,,
powertraces-pt100array_pt019_r1_7536307_11-89ffb37037,2026-05-07T18:49:56.612Z,188.906,3,261.95,1980,27,21,,,,
powertraces-pt100array_pt019_r1_7536307_11-89ffb37037,2026-05-07T18:49:56.712Z,189.006,0,209.15,1980,19,15,,,,
powertraces-pt100array_pt019_r1_7536307_11-89ffb37037,2026-05-07T18:49:56.712Z,189.006,1,236.12,1980,32,24,,,,
powertraces-pt100array_pt019_r1_7536307_11-89ffb37037,2026-05-07T18:49:56.712Z,189.006,2,249.64,1980,15,13,,,,
powertraces-pt100array_pt019_r1_7536307_11-89ffb37037,2026-05-07T18:49:56.712Z,189.006,3,247.41,1980,0,0,,,,
powertraces-pt100array_pt019_r1_7536307_11-89ffb37037,2026-05-07T18:49:56.812Z,189.106,0,198.37,1980,0,0,,,,
powertraces-pt100array_pt019_r1_7536307_11-89ffb37037,2026-05-07T18:49:56.812Z,189.106,1,225.2,1980,0,0,,,,
powertraces-pt100array_pt019_r1_7536307_11-89ffb37037,2026-05-07T18:49:56.812Z,189.106,2,229.4,1980,0,0,,,,
powertraces-pt100array_pt019_r1_7536307_11-89ffb37037,2026-05-07T18:49:56.812Z,189.106,3,230.45,1980,0,0,,,,
powertraces-pt100array_pt019_r1_7536307_11-89ffb37037,2026-05-07T18:49:56.912Z,189.206,0,186.7,1980,0,0,,,,
powertraces-pt100array_pt019_r1_7536307_11-89ffb37037,2026-05-07T18:49:56.912Z,189.206,1,211.11,1980,0,0,,,,
powertraces-pt100array_pt019_r1_7536307_11-89ffb37037,2026-05-07T18:49:56.912Z,189.206,2,216.24,1980,0,0,,,,
powertraces-pt100array_pt019_r1_7536307_11-89ffb37037,2026-05-07T18:49:56.912Z,189.206,3,213.73,1980,0,0,,,,
powertraces-pt100array_pt019_r1_7536307_11-89ffb37037,2026-05-07T18:49:57.012Z,189.306,0,179.79,1980,0,0,,,,
powertraces-pt100array_pt019_r1_7536307_11-89ffb37037,2026-05-07T18:49:57.012Z,189.306,1,193.54,1980,0,0,,,,
powertraces-pt100array_pt019_r1_7536307_11-89ffb37037,2026-05-07T18:49:57.012Z,189.306,2,200.8,1980,0,0,,,,
powertraces-pt100array_pt019_r1_7536307_11-89ffb37037,2026-05-07T18:49:57.012Z,189.306,3,196.18,1980,0,0,,,,
powertraces-pt100array_pt019_r1_7536307_11-89ffb37037,2026-05-07T18:49:57.113Z,189.407,0,170.53,1980,0,0,,,,
powertraces-pt100array_pt019_r1_7536307_11-89ffb37037,2026-05-07T18:49:57.113Z,189.407,1,176.31,1980,0,0,,,,
powertraces-pt100array_pt019_r1_7536307_11-89ffb37037,2026-05-07T18:49:57.113Z,189.407,2,188.43,1980,0,0,,,,
powertraces-pt100array_pt019_r1_7536307_11-89ffb37037,2026-05-07T18:49:57.113Z,189.407,3,187.28,1980,0,0,,,,
powertraces-pt100array_pt019_r1_7536307_11-89ffb37037,2026-05-07T18:49:57.213Z,189.507,0,158.82,1980,0,0,,,,
powertraces-pt100array_pt019_r1_7536307_11-89ffb37037,2026-05-07T18:49:57.213Z,189.507,1,165.0,1980,0,0,,,,
powertraces-pt100array_pt019_r1_7536307_11-89ffb37037,2026-05-07T18:49:57.213Z,189.507,2,171.1,1980,0,0,,,,
powertraces-pt100array_pt019_r1_7536307_11-89ffb37037,2026-05-07T18:49:57.213Z,189.507,3,171.65,1980,0,0,,,,
powertraces-pt100array_pt019_r1_7536307_11-89ffb37037,2026-05-07T18:49:57.313Z,189.607,0,149.0,1980,0,0,,,,
powertraces-pt100array_pt019_r1_7536307_11-89ffb37037,2026-05-07T18:49:57.313Z,189.607,1,147.34,1980,0,0,,,,
powertraces-pt100array_pt019_r1_7536307_11-89ffb37037,2026-05-07T18:49:57.313Z,189.607,2,151.13,1980,0,0,,,,
powertraces-pt100array_pt019_r1_7536307_11-89ffb37037,2026-05-07T18:49:57.313Z,189.607,3,154.24,1980,1,0,,,,
powertraces-pt100array_pt019_r1_7536307_11-89ffb37037,2026-05-07T18:49:57.413Z,189.707,0,137.18,1980,2,0,,,,
powertraces-pt100array_pt019_r1_7536307_11-89ffb37037,2026-05-07T18:49:57.413Z,189.707,1,138.62,1980,1,0,,,,
powertraces-pt100array_pt019_r1_7536307_11-89ffb37037,2026-05-07T18:49:57.413Z,189.707,2,141.45,1980,2,0,,,,
powertraces-pt100array_pt019_r1_7536307_11-89ffb37037,2026-05-07T18:49:57.413Z,189.707,3,136.96,1980,1,0,,,,
powertraces-pt100array_pt019_r1_7536307_11-89ffb37037,2026-05-07T18:49:57.513Z,189.807,0,132.83,1980,2,0,,,,
powertraces-pt100array_pt019_r1_7536307_11-89ffb37037,2026-05-07T18:49:57.513Z,189.807,1,117.64,1980,1,0,,,,
powertraces-pt100array_pt019_r1_7536307_11-89ffb37037,2026-05-07T18:49:57.513Z,189.807,2,121.26,1980,2,0,,,,
powertraces-pt100array_pt019_r1_7536307_11-89ffb37037,2026-05-07T18:49:57.513Z,189.807,3,121.94,1980,0,0,,,,
powertraces-pt100array_pt019_r1_7536307_11-89ffb37037,2026-05-07T18:49:57.613Z,189.907,0,118.72,1980,0,0,,,,
powertraces-pt100array_pt019_r1_7536307_11-89ffb37037,2026-05-07T18:49:57.613Z,189.907,1,117.76,1980,0,0,,,,
powertraces-pt100array_pt019_r1_7536307_11-89ffb37037,2026-05-07T18:49:57.613Z,189.907,2,120.3,1980,0,0,,,,
powertraces-pt100array_pt019_r1_7536307_11-89ffb37037,2026-05-07T18:49:57.613Z,189.907,3,121.97,1980,0,0,,,,
powertraces-pt100array_pt019_r1_7536307_11-89ffb37037,2026-05-07T18:49:57.714Z,190.008,0,118.9,1980,0,0,,,,
powertraces-pt100array_pt019_r1_7536307_11-89ffb37037,2026-05-07T18:49:57.714Z,190.008,1,118.09,1980,0,0,,,,
powertraces-pt100array_pt019_r1_7536307_11-89ffb37037,2026-05-07T18:49:57.714Z,190.008,2,120.64,1980,0,0,,,,
powertraces-pt100array_pt019_r1_7536307_11-89ffb37037,2026-05-07T18:49:57.714Z,190.008,3,122.3,1980,0,0,,,,
powertraces-pt100array_pt019_r1_7536307_11-89ffb37037,2026-05-07T18:49:57.814Z,190.108,0,119.17,1980,0,0,,,,
powertraces-pt100array_pt019_r1_7536307_11-89ffb37037,2026-05-07T18:49:57.814Z,190.108,1,118.5,1980,0,0,,,,
powertraces-pt100array_pt019_r1_7536307_11-89ffb37037,2026-05-07T18:49:57.814Z,190.108,2,121.32,1980,0,0,,,,
powertraces-pt100array_pt019_r1_7536307_11-89ffb37037,2026-05-07T18:49:57.814Z,190.108,3,123.43,1980,0,0,,,,
powertraces-pt100array_pt019_r1_7536307_11-89ffb37037,2026-05-07T18:49:57.914Z,190.208,0,119.42,1980,0,0,,,,
powertraces-pt100array_pt019_r1_7536307_11-89ffb37037,2026-05-07T18:49:57.914Z,190.208,1,120.36,1980,0,0,,,,
powertraces-pt100array_pt019_r1_7536307_11-89ffb37037,2026-05-07T18:49:57.914Z,190.208,2,122.92,1980,0,0,,,,
powertraces-pt100array_pt019_r1_7536307_11-89ffb37037,2026-05-07T18:49:57.914Z,190.208,3,124.41,1980,20,2,,,,
powertraces-pt100array_pt019_r1_7536307_11-89ffb37037,2026-05-07T18:49:58.014Z,190.308,0,121.01,1980,40,4,,,,
powertraces-pt100array_pt019_r1_7536307_11-89ffb37037,2026-05-07T18:49:58.014Z,190.308,1,120.67,1980,48,5,,,,
powertraces-pt100array_pt019_r1_7536307_11-89ffb37037,2026-05-07T18:49:58.014Z,190.308,2,123.31,1980,9,1,,,,
powertraces-pt100array_pt019_r1_7536307_11-89ffb37037,2026-05-07T18:49:58.014Z,190.308,3,124.94,1980,20,2,,,,
powertraces-pt100array_pt019_r1_7536307_11-89ffb37037,2026-05-07T18:49:58.114Z,190.408,0,121.33,1980,40,4,,,,
powertraces-pt100array_pt019_r1_7536307_11-89ffb37037,2026-05-07T18:49:58.114Z,190.408,1,121.04,1980,48,5,,,,
powertraces-pt100array_pt019_r1_7536307_11-89ffb37037,2026-05-07T18:49:58.114Z,190.408,2,123.7,1980,9,1,,,,
powertraces-pt100array_pt019_r1_7536307_11-89ffb37037,2026-05-07T18:49:58.115Z,190.409,3,125.2,1980,0,0,,,,
powertraces-pt100array_pt019_r1_7536307_11-89ffb37037,2026-05-07T18:49:58.215Z,190.509,0,121.75,1980,0,0,,,,
powertraces-pt100array_pt019_r1_7536307_11-89ffb37037,2026-05-07T18:49:58.215Z,190.509,1,121.19,1980,0,0,,,,
powertraces-pt100array_pt019_r1_7536307_11-89ffb37037,2026-05-07T18:49:58.215Z,190.509,2,124.19,1980,0,0,,,,
powertraces-pt100array_pt019_r1_7536307_11-89ffb37037,2026-05-07T18:49:58.215Z,190.509,3,125.71,1980,0,0,,,,
powertraces-pt100array_pt019_r1_7536307_11-89ffb37037,2026-05-07T18:49:58.315Z,190.609,0,122.17,1980,0,0,,,,
powertraces-pt100array_pt019_r1_7536307_11-89ffb37037,2026-05-07T18:49:58.315Z,190.609,1,121.43,1980,0,0,,,,
powertraces-pt100array_pt019_r1_7536307_11-89ffb37037,2026-05-07T18:49:58.315Z,190.609,2,124.47,1980,0,0,,,,
powertraces-pt100array_pt019_r1_7536307_11-89ffb37037,2026-05-07T18:49:58.315Z,190.609,3,125.98,1980,0,0,,,,
powertraces-pt100array_pt019_r1_7536307_11-89ffb37037,2026-05-07T18:49:58.415Z,190.709,0,122.31,1980,0,0,,,,
powertraces-pt100array_pt019_r1_7536307_11-89ffb37037,2026-05-07T18:49:58.415Z,190.709,1,121.25,1980,0,0,,,,
powertraces-pt100array_pt019_r1_7536307_11-89ffb37037,2026-05-07T18:49:58.415Z,190.709,2,124.47,1980,0,0,,,,
powertraces-pt100array_pt019_r1_7536307_11-89ffb37037,2026-05-07T18:49:58.415Z,190.709,3,125.97,1980,0,0,,,,
powertraces-pt100array_pt019_r1_7536307_11-89ffb37037,2026-05-07T18:49:58.515Z,190.809,0,122.32,1980,0,0,,,,
powertraces-pt100array_pt019_r1_7536307_11-89ffb37037,2026-05-07T18:49:58.515Z,190.809,1,121.08,1980,0,0,,,,
powertraces-pt100array_pt019_r1_7536307_11-89ffb37037,2026-05-07T18:49:58.515Z,190.809,2,124.4,1980,0,0,,,,
powertraces-pt100array_pt019_r1_7536307_11-89ffb37037,2026-05-07T18:49:58.515Z,190.809,3,125.93,1980,0,0,,,,
powertraces-pt100array_pt019_r1_7536307_11-89ffb37037,2026-05-07T18:49:58.615Z,190.909,0,122.33,1980,0,0,,,,
powertraces-pt100array_pt019_r1_7536307_11-89ffb37037,2026-05-07T18:49:58.615Z,190.909,1,120.96,1980,0,0,,,,
powertraces-pt100array_pt019_r1_7536307_11-89ffb37037,2026-05-07T18:49:58.615Z,190.909,2,124.33,1980,0,0,,,,
powertraces-pt100array_pt019_r1_7536307_11-89ffb37037,2026-05-07T18:49:58.615Z,190.909,3,125.89,1980,0,0,,,,
powertraces-pt100array_pt019_r1_7536307_11-89ffb37037,2026-05-07T18:49:58.716Z,191.01,0,122.34,1980,0,0,,,,
powertraces-pt100array_pt019_r1_7536307_11-89ffb37037,2026-05-07T18:49:58.716Z,191.01,1,120.82,1980,0,0,,,,
powertraces-pt100array_pt019_r1_7536307_11-89ffb37037,2026-05-07T18:49:58.716Z,191.01,2,124.32,1980,0,0,,,,
powertraces-pt100array_pt019_r1_7536307_11-89ffb37037,2026-05-07T18:49:58.716Z,191.01,3,125.83,1980,0,0,,,,
powertraces-pt100array_pt019_r1_7536307_11-89ffb37037,2026-05-07T18:49:58.816Z,191.11,0,122.42,1980,0,0,,,,
powertraces-pt100array_pt019_r1_7536307_11-89ffb37037,2026-05-07T18:49:58.816Z,191.11,1,120.64,1980,0,0,,,,
powertraces-pt100array_pt019_r1_7536307_11-89ffb37037,2026-05-07T18:49:58.816Z,191.11,2,124.27,1980,0,0,,,,
powertraces-pt100array_pt019_r1_7536307_11-89ffb37037,2026-05-07T18:49:58.816Z,191.11,3,125.31,1980,0,0,,,,
powertraces-pt100array_pt019_r1_7536307_11-89ffb37037,2026-05-07T18:49:58.916Z,191.21,0,121.17,1980,0,0,,,,
powertraces-pt100array_pt019_r1_7536307_11-89ffb37037,2026-05-07T18:49:58.916Z,191.21,1,119.14,1980,0,0,,,,
powertraces-pt100array_pt019_r1_7536307_11-89ffb37037,2026-05-07T18:49:58.916Z,191.21,2,122.8,1980,0,0,,,,
powertraces-pt100array_pt019_r1_7536307_11-89ffb37037,2026-05-07T18:49:58.916Z,191.21,3,124.57,1980,0,0,,,,
