run_id,timestamp,time_relative_s,gpu_id,power_w,sm_clock_mhz,gpu_util_pct,memory_util_pct,memory_used_mb,memory_total_mb,temperature_c,stage
synthetic-showcase-h100-4gpu-full-telemetry-v1,2026-01-15T14:00:00.000Z,0,0,71.5,300,8,6.7,5500,81920,35,initialization
synthetic-showcase-h100-4gpu-full-telemetry-v1,2026-01-15T14:00:00.002Z,0.002,1,80.98,300,9,7,5720,81920,35.6,initialization
synthetic-showcase-h100-4gpu-full-telemetry-v1,2026-01-15T14:00:00.004Z,0.004,2,86.98,300,10,7.3,5940,81920,36.2,initialization
synthetic-showcase-h100-4gpu-full-telemetry-v1,2026-01-15T14:00:00.006Z,0.006,3,92.27,300,11,7.5,6160,81920,36.8,initialization
synthetic-showcase-h100-4gpu-full-telemetry-v1,2026-01-15T14:00:01.000Z,1,0,71.87,315,8.3,6.9,5650,81920,35.3,initialization
synthetic-showcase-h100-4gpu-full-telemetry-v1,2026-01-15T14:00:01.002Z,1.002,1,81.01,315,9.3,7.2,5870,81920,35.9,initialization
synthetic-showcase-h100-4gpu-full-telemetry-v1,2026-01-15T14:00:01.004Z,1.004,2,86.73,315,10.3,7.4,6090,81920,36.5,initialization
synthetic-showcase-h100-4gpu-full-telemetry-v1,2026-01-15T14:00:01.006Z,1.006,3,92.25,315,11.3,7.7,6310,81920,37.1,initialization
synthetic-showcase-h100-4gpu-full-telemetry-v1,2026-01-15T14:00:02.000Z,2,0,72.22,330,8.5,7.1,5800,81920,35.7,initialization
synthetic-showcase-h100-4gpu-full-telemetry-v1,2026-01-15T14:00:02.002Z,2.002,1,80.98,330,9.5,7.3,6020,81920,36.3,initialization
synthetic-showcase-h100-4gpu-full-telemetry-v1,2026-01-15T14:00:02.004Z,2.004,2,86.49,330,10.5,7.6,6240,81920,36.9,initialization
synthetic-showcase-h100-4gpu-full-telemetry-v1,2026-01-15T14:00:02.006Z,2.006,3,92.27,330,11.5,7.9,6460,81920,37.5,initialization
synthetic-showcase-h100-4gpu-full-telemetry-v1,2026-01-15T14:00:03.000Z,3,0,72.56,345,8.8,7.3,5950,81920,36,initialization
synthetic-showcase-h100-4gpu-full-telemetry-v1,2026-01-15T14:00:03.002Z,3.002,1,80.91,345,9.8,7.5,6170,81920,36.6,initialization
synthetic-showcase-h100-4gpu-full-telemetry-v1,2026-01-15T14:00:03.004Z,3.004,2,86.27,345,10.8,7.8,6390,81920,37.2,initialization
synthetic-showcase-h100-4gpu-full-telemetry-v1,2026-01-15T14:00:03.006Z,3.006,3,92.32,345,11.8,8.1,6610,81920,37.8,initialization
synthetic-showcase-h100-4gpu-full-telemetry-v1,2026-01-15T14:00:04.000Z,4,0,72.86,360,9,7.4,6100,81920,36.4,initialization
synthetic-showcase-h100-4gpu-full-telemetry-v1,2026-01-15T14:00:04.002Z,4.002,1,80.78,360,10,7.7,6320,81920,37,initialization
synthetic-showcase-h100-4gpu-full-telemetry-v1,2026-01-15T14:00:04.004Z,4.004,2,86.08,360,11,8,6540,81920,37.6,initialization
synthetic-showcase-h100-4gpu-full-telemetry-v1,2026-01-15T14:00:04.006Z,4.006,3,92.39,360,12,8.3,6760,81920,38.2,initialization
synthetic-showcase-h100-4gpu-full-telemetry-v1,2026-01-15T14:00:05.000Z,5,0,73.12,375,9.3,7.6,6250,81920,36.7,initialization
synthetic-showcase-h100-4gpu-full-telemetry-v1,2026-01-15T14:00:05.002Z,5.002,1,80.63,375,10.3,7.9,6470,81920,37.3,initialization
synthetic-showcase-h100-4gpu-full-telemetry-v1,2026-01-15T14:00:05.004Z,5.004,2,85.92,375,11.3,8.2,6690,81920,37.9,initialization
synthetic-showcase-h100-4gpu-full-telemetry-v1,2026-01-15T14:00:05.006Z,5.006,3,92.47,375,12.3,8.4,6910,81920,38.5,initialization
synthetic-showcase-h100-4gpu-full-telemetry-v1,2026-01-15T14:00:06.000Z,6,0,73.34,390,9.5,7.8,6400,81920,37,initialization
synthetic-showcase-h100-4gpu-full-telemetry-v1,2026-01-15T14:00:06.002Z,6.002,1,80.44,390,10.5,8.1,6620,81920,37.6,initialization
synthetic-showcase-h100-4gpu-full-telemetry-v1,2026-01-15T14:00:06.004Z,6.004,2,85.81,390,11.5,8.3,6840,81920,38.2,initialization
synthetic-showcase-h100-4gpu-full-telemetry-v1,2026-01-15T14:00:06.006Z,6.006,3,92.56,390,12.5,8.6,7060,81920,38.8,initialization
synthetic-showcase-h100-4gpu-full-telemetry-v1,2026-01-15T14:00:07.000Z,7,0,73.5,405,9.8,8,6550,81920,37.4,initialization
synthetic-showcase-h100-4gpu-full-telemetry-v1,2026-01-15T14:00:07.002Z,7.002,1,80.23,405,10.8,8.3,6770,81920,38,initialization
synthetic-showcase-h100-4gpu-full-telemetry-v1,2026-01-15T14:00:07.004Z,7.004,2,85.73,405,11.8,8.5,6990,81920,38.6,initialization
synthetic-showcase-h100-4gpu-full-telemetry-v1,2026-01-15T14:00:07.006Z,7.006,3,92.65,405,12.8,8.8,7210,81920,39.2,initialization
synthetic-showcase-h100-4gpu-full-telemetry-v1,2026-01-15T14:00:08.000Z,8,0,73.61,420,10,8.2,6700,81920,37.7,initialization
synthetic-showcase-h100-4gpu-full-telemetry-v1,2026-01-15T14:00:08.002Z,8.002,1,80.02,420,11,8.4,6920,81920,38.3,initialization
synthetic-showcase-h100-4gpu-full-telemetry-v1,2026-01-15T14:00:08.004Z,8.004,2,85.7,420,12,8.7,7140,81920,38.9,initialization
synthetic-showcase-h100-4gpu-full-telemetry-v1,2026-01-15T14:00:08.006Z,8.006,3,92.72,420,13,9,7360,81920,39.5,initialization
synthetic-showcase-h100-4gpu-full-telemetry-v1,2026-01-15T14:00:09.000Z,9,0,73.67,435,10.3,8.4,6850,81920,38.1,initialization
synthetic-showcase-h100-4gpu-full-telemetry-v1,2026-01-15T14:00:09.002Z,9.002,1,79.81,435,11.3,8.6,7070,81920,38.7,initialization
synthetic-showcase-h100-4gpu-full-telemetry-v1,2026-01-15T14:00:09.004Z,9.004,2,85.7,435,12.3,8.9,7290,81920,39.3,initialization
synthetic-showcase-h100-4gpu-full-telemetry-v1,2026-01-15T14:00:09.006Z,9.006,3,92.78,435,13.3,9.2,7510,81920,39.9,initialization
synthetic-showcase-h100-4gpu-full-telemetry-v1,2026-01-15T14:00:10.000Z,10,0,73.67,450,10.5,8.5,7000,81920,38.4,initialization
synthetic-showcase-h100-4gpu-full-telemetry-v1,2026-01-15T14:00:10.002Z,10.002,1,79.61,450,11.5,8.8,7220,81920,39,initialization
synthetic-showcase-h100-4gpu-full-telemetry-v1,2026-01-15T14:00:10.004Z,10.004,2,85.73,450,12.5,9.1,7440,81920,39.6,initialization
synthetic-showcase-h100-4gpu-full-telemetry-v1,2026-01-15T14:00:10.006Z,10.006,3,92.8,450,13.5,9.4,7660,81920,40.2,initialization
synthetic-showcase-h100-4gpu-full-telemetry-v1,2026-01-15T14:00:11.000Z,11,0,73.62,465,10.8,8.7,7150,81920,38.7,initialization
synthetic-showcase-h100-4gpu-full-telemetry-v1,2026-01-15T14:00:11.002Z,11.002,1,79.43,465,11.8,9,7370,81920,39.3,initialization
synthetic-showcase-h100-4gpu-full-telemetry-v1,2026-01-15T14:00:11.004Z,11.004,2,85.8,465,12.8,9.3,7590,81920,39.9,initialization
synthetic-showcase-h100-4gpu-full-telemetry-v1,2026-01-15T14:00:11.006Z,11.006,3,92.78,465,13.8,9.5,7810,81920,40.5,initialization
synthetic-showcase-h100-4gpu-full-telemetry-v1,2026-01-15T14:00:12.000Z,12,0,73.53,480,11,8.9,7300,81920,39.1,initialization
synthetic-showcase-h100-4gpu-full-telemetry-v1,2026-01-15T14:00:12.002Z,12.002,1,79.27,480,12,9.2,7520,81920,39.7,initialization
synthetic-showcase-h100-4gpu-full-telemetry-v1,2026-01-15T14:00:12.004Z,12.004,2,85.88,480,13,9.4,7740,81920,40.3,initialization
synthetic-showcase-h100-4gpu-full-telemetry-v1,2026-01-15T14:00:12.006Z,12.006,3,92.72,480,14,9.7,7960,81920,40.9,initialization
synthetic-showcase-h100-4gpu-full-telemetry-v1,2026-01-15T14:00:13.000Z,13,0,73.41,495,11.3,9.1,7450,81920,39.4,initialization
synthetic-showcase-h100-4gpu-full-telemetry-v1,2026-01-15T14:00:13.002Z,13.002,1,79.16,495,12.3,9.4,7670,81920,40,initialization
synthetic-showcase-h100-4gpu-full-telemetry-v1,2026-01-15T14:00:13.004Z,13.004,2,85.98,495,13.3,9.6,7890,81920,40.6,initialization
synthetic-showcase-h100-4gpu-full-telemetry-v1,2026-01-15T14:00:13.006Z,13.006,3,92.63,495,14.3,9.9,8110,81920,41.2,initialization
synthetic-showcase-h100-4gpu-full-telemetry-v1,2026-01-15T14:00:14.000Z,14,0,73.26,510,11.5,9.3,7600,81920,39.8,initialization
synthetic-showcase-h100-4gpu-full-telemetry-v1,2026-01-15T14:00:14.002Z,14.002,1,79.07,510,12.5,9.5,7820,81920,40.4,initialization
synthetic-showcase-h100-4gpu-full-telemetry-v1,2026-01-15T14:00:14.004Z,14.004,2,86.07,510,13.5,9.8,8040,81920,41,initialization
synthetic-showcase-h100-4gpu-full-telemetry-v1,2026-01-15T14:00:14.006Z,14.006,3,92.48,510,14.5,10.1,8260,81920,41.6,initialization
synthetic-showcase-h100-4gpu-full-telemetry-v1,2026-01-15T14:00:15.000Z,15,0,73.09,525,11.8,9.5,7750,81920,40.1,initialization
synthetic-showcase-h100-4gpu-full-telemetry-v1,2026-01-15T14:00:15.002Z,15.002,1,79.03,525,12.8,9.7,7970,81920,40.7,initialization
synthetic-showcase-h100-4gpu-full-telemetry-v1,2026-01-15T14:00:15.004Z,15.004,2,86.16,525,13.8,10,8190,81920,41.3,initialization
synthetic-showcase-h100-4gpu-full-telemetry-v1,2026-01-15T14:00:15.006Z,15.006,3,92.3,525,14.8,10.3,8410,81920,41.9,initialization
synthetic-showcase-h100-4gpu-full-telemetry-v1,2026-01-15T14:00:16.000Z,16,0,72.92,540,12,9.6,7900,81920,40.4,initialization
synthetic-showcase-h100-4gpu-full-telemetry-v1,2026-01-15T14:00:16.002Z,16.002,1,79.03,540,13,9.9,8120,81920,41,initialization
synthetic-showcase-h100-4gpu-full-telemetry-v1,2026-01-15T14:00:16.004Z,16.004,2,86.24,540,14,10.2,8340,81920,41.6,initialization
synthetic-showcase-h100-4gpu-full-telemetry-v1,2026-01-15T14:00:16.006Z,16.006,3,92.08,540,15,10.4,8560,81920,42.2,initialization
synthetic-showcase-h100-4gpu-full-telemetry-v1,2026-01-15T14:00:17.000Z,17,0,72.74,555,12.3,9.8,8050,81920,40.8,initialization
synthetic-showcase-h100-4gpu-full-telemetry-v1,2026-01-15T14:00:17.002Z,17.002,1,79.06,555,13.3,10.1,8270,81920,41.4,initialization
synthetic-showcase-h100-4gpu-full-telemetry-v1,2026-01-15T14:00:17.004Z,17.004,2,86.28,555,14.3,10.4,8490,81920,42,initialization
synthetic-showcase-h100-4gpu-full-telemetry-v1,2026-01-15T14:00:17.006Z,17.006,3,91.83,555,15.3,10.6,8710,81920,42.6,initialization
synthetic-showcase-h100-4gpu-full-telemetry-v1,2026-01-15T14:00:18.000Z,18,0,72.58,570,12.5,10,8200,81920,41.1,initialization
synthetic-showcase-h100-4gpu-full-telemetry-v1,2026-01-15T14:00:18.002Z,18.002,1,79.12,570,13.5,10.3,8420,81920,41.7,initialization
synthetic-showcase-h100-4gpu-full-telemetry-v1,2026-01-15T14:00:18.004Z,18.004,2,86.3,570,14.5,10.5,8640,81920,42.3,initialization
synthetic-showcase-h100-4gpu-full-telemetry-v1,2026-01-15T14:00:18.006Z,18.006,3,91.56,570,15.5,10.8,8860,81920,42.9,initialization
synthetic-showcase-h100-4gpu-full-telemetry-v1,2026-01-15T14:00:19.000Z,19,0,72.44,585,12.8,10.2,8350,81920,41.5,initialization
synthetic-showcase-h100-4gpu-full-telemetry-v1,2026-01-15T14:00:19.002Z,19.002,1,79.21,585,13.8,10.5,8570,81920,42.1,initialization
synthetic-showcase-h100-4gpu-full-telemetry-v1,2026-01-15T14:00:19.004Z,19.004,2,86.27,585,14.8,10.7,8790,81920,42.7,initialization
synthetic-showcase-h100-4gpu-full-telemetry-v1,2026-01-15T14:00:19.006Z,19.006,3,91.27,585,15.8,11,9010,81920,43.3,initialization
synthetic-showcase-h100-4gpu-full-telemetry-v1,2026-01-15T14:00:20.000Z,20,0,72.33,600,13,10.4,8500,81920,41.8,initialization
synthetic-showcase-h100-4gpu-full-telemetry-v1,2026-01-15T14:00:20.002Z,20.002,1,79.32,600,14,10.6,8720,81920,42.4,initialization
synthetic-showcase-h100-4gpu-full-telemetry-v1,2026-01-15T14:00:20.004Z,20.004,2,86.21,600,15,10.9,8940,81920,43,initialization
synthetic-showcase-h100-4gpu-full-telemetry-v1,2026-01-15T14:00:20.006Z,20.006,3,90.97,600,16,11.2,9160,81920,43.6,initialization
synthetic-showcase-h100-4gpu-full-telemetry-v1,2026-01-15T14:00:21.000Z,21,0,72.25,615,13.3,10.6,8650,81920,42.1,initialization
synthetic-showcase-h100-4gpu-full-telemetry-v1,2026-01-15T14:00:21.002Z,21.002,1,79.43,615,14.3,10.8,8870,81920,42.7,initialization
synthetic-showcase-h100-4gpu-full-telemetry-v1,2026-01-15T14:00:21.004Z,21.004,2,86.09,615,15.3,11.1,9090,81920,43.3,initialization
synthetic-showcase-h100-4gpu-full-telemetry-v1,2026-01-15T14:00:21.006Z,21.006,3,90.69,615,16.3,11.4,9310,81920,43.9,initialization
synthetic-showcase-h100-4gpu-full-telemetry-v1,2026-01-15T14:00:22.000Z,22,0,72.21,630,13.5,10.7,8800,81920,42.5,initialization
synthetic-showcase-h100-4gpu-full-telemetry-v1,2026-01-15T14:00:22.002Z,22.002,1,79.55,630,14.5,11,9020,81920,43.1,initialization
synthetic-showcase-h100-4gpu-full-telemetry-v1,2026-01-15T14:00:22.004Z,22.004,2,85.93,630,15.5,11.3,9240,81920,43.7,initialization
synthetic-showcase-h100-4gpu-full-telemetry-v1,2026-01-15T14:00:22.006Z,22.006,3,90.41,630,16.5,11.5,9460,81920,44.3,initialization
synthetic-showcase-h100-4gpu-full-telemetry-v1,2026-01-15T14:00:23.000Z,23,0,72.2,645,13.8,10.9,8950,81920,42.8,initialization
synthetic-showcase-h100-4gpu-full-telemetry-v1,2026-01-15T14:00:23.002Z,23.002,1,79.65,645,14.8,11.2,9170,81920,43.4,initialization
synthetic-showcase-h100-4gpu-full-telemetry-v1,2026-01-15T14:00:23.004Z,23.004,2,85.73,645,15.8,11.5,9390,81920,44,initialization
synthetic-showcase-h100-4gpu-full-telemetry-v1,2026-01-15T14:00:23.006Z,23.006,3,90.17,645,16.8,11.7,9610,81920,44.6,initialization
synthetic-showcase-h100-4gpu-full-telemetry-v1,2026-01-15T14:00:24.000Z,24,0,72.23,660,14,11.1,9100,81920,43.2,initialization
synthetic-showcase-h100-4gpu-full-telemetry-v1,2026-01-15T14:00:24.002Z,24.002,1,79.73,660,15,11.4,9320,81920,43.8,initialization
synthetic-showcase-h100-4gpu-full-telemetry-v1,2026-01-15T14:00:24.004Z,24.004,2,85.49,660,16,11.6,9540,81920,44.4,initialization
synthetic-showcase-h100-4gpu-full-telemetry-v1,2026-01-15T14:00:24.006Z,24.006,3,89.96,660,17,11.9,9760,81920,45,initialization
synthetic-showcase-h100-4gpu-full-telemetry-v1,2026-01-15T14:00:25.000Z,25,0,72.3,675,14.3,11.3,9250,81920,43.5,initialization
synthetic-showcase-h100-4gpu-full-telemetry-v1,2026-01-15T14:00:25.002Z,25.002,1,79.79,675,15.3,11.6,9470,81920,44.1,initialization
synthetic-showcase-h100-4gpu-full-telemetry-v1,2026-01-15T14:00:25.004Z,25.004,2,85.21,675,16.3,11.8,9690,81920,44.7,initialization
synthetic-showcase-h100-4gpu-full-telemetry-v1,2026-01-15T14:00:25.006Z,25.006,3,89.8,675,17.3,12.1,9910,81920,45.3,initialization
synthetic-showcase-h100-4gpu-full-telemetry-v1,2026-01-15T14:00:26.000Z,26,0,72.4,690,14.5,11.5,9400,81920,43.8,initialization
synthetic-showcase-h100-4gpu-full-telemetry-v1,2026-01-15T14:00:26.002Z,26.002,1,79.81,690,15.5,11.7,9620,81920,44.4,initialization
synthetic-showcase-h100-4gpu-full-telemetry-v1,2026-01-15T14:00:26.004Z,26.004,2,84.91,690,16.5,12,9840,81920,45,initialization
synthetic-showcase-h100-4gpu-full-telemetry-v1,2026-01-15T14:00:26.006Z,26.006,3,89.69,690,17.5,12.3,10060,81920,45.6,initialization
synthetic-showcase-h100-4gpu-full-telemetry-v1,2026-01-15T14:00:27.000Z,27,0,72.52,705,14.8,11.7,9550,81920,44.2,initialization
synthetic-showcase-h100-4gpu-full-telemetry-v1,2026-01-15T14:00:27.002Z,27.002,1,79.79,705,15.8,11.9,9770,81920,44.8,initialization
synthetic-showcase-h100-4gpu-full-telemetry-v1,2026-01-15T14:00:27.004Z,27.004,2,84.59,705,16.8,12.2,9990,81920,45.4,initialization
synthetic-showcase-h100-4gpu-full-telemetry-v1,2026-01-15T14:00:27.006Z,27.006,3,89.64,705,17.8,12.5,10210,81920,46,initialization
synthetic-showcase-h100-4gpu-full-telemetry-v1,2026-01-15T14:00:28.000Z,28,0,72.66,720,15,11.8,9700,81920,44.5,initialization
synthetic-showcase-h100-4gpu-full-telemetry-v1,2026-01-15T14:00:28.002Z,28.002,1,79.72,720,16,12.1,9920,81920,45.1,initialization
synthetic-showcase-h100-4gpu-full-telemetry-v1,2026-01-15T14:00:28.004Z,28.004,2,84.27,720,17,12.4,10140,81920,45.7,initialization
synthetic-showcase-h100-4gpu-full-telemetry-v1,2026-01-15T14:00:28.006Z,28.006,3,89.64,720,18,12.6,10360,81920,46.3,initialization
synthetic-showcase-h100-4gpu-full-telemetry-v1,2026-01-15T14:00:29.000Z,29,0,72.8,735,15.3,12,9850,81920,44.9,initialization
synthetic-showcase-h100-4gpu-full-telemetry-v1,2026-01-15T14:00:29.002Z,29.002,1,79.6,735,16.3,12.3,10070,81920,45.5,initialization
synthetic-showcase-h100-4gpu-full-telemetry-v1,2026-01-15T14:00:29.004Z,29.004,2,83.95,735,17.3,12.6,10290,81920,46.1,initialization
synthetic-showcase-h100-4gpu-full-telemetry-v1,2026-01-15T14:00:29.006Z,29.006,3,89.7,735,18.3,12.8,10510,81920,46.7,initialization
synthetic-showcase-h100-4gpu-full-telemetry-v1,2026-01-15T14:00:30.000Z,30,0,72.94,750,15.5,12.2,10000,81920,45.2,initialization
synthetic-showcase-h100-4gpu-full-telemetry-v1,2026-01-15T14:00:30.002Z,30.002,1,79.43,750,16.5,12.5,10220,81920,45.8,initialization
synthetic-showcase-h100-4gpu-full-telemetry-v1,2026-01-15T14:00:30.004Z,30.004,2,83.64,750,17.5,12.7,10440,81920,46.4,initialization
synthetic-showcase-h100-4gpu-full-telemetry-v1,2026-01-15T14:00:30.006Z,30.006,3,89.82,750,18.5,13,10660,81920,47,initialization
synthetic-showcase-h100-4gpu-full-telemetry-v1,2026-01-15T14:00:31.000Z,31,0,73.07,765,15.8,12.4,10150,81920,45.5,initialization
synthetic-showcase-h100-4gpu-full-telemetry-v1,2026-01-15T14:00:31.002Z,31.002,1,79.22,765,16.8,12.7,10370,81920,46.1,initialization
synthetic-showcase-h100-4gpu-full-telemetry-v1,2026-01-15T14:00:31.004Z,31.004,2,83.36,765,17.8,12.9,10590,81920,46.7,initialization
synthetic-showcase-h100-4gpu-full-telemetry-v1,2026-01-15T14:00:31.006Z,31.006,3,90,765,18.8,13.2,10810,81920,47.3,initialization
synthetic-showcase-h100-4gpu-full-telemetry-v1,2026-01-15T14:00:32.000Z,32,0,73.17,780,16,12.6,10300,81920,45.9,initialization
synthetic-showcase-h100-4gpu-full-telemetry-v1,2026-01-15T14:00:32.002Z,32.002,1,78.96,780,17,12.8,10520,81920,46.5,initialization
synthetic-showcase-h100-4gpu-full-telemetry-v1,2026-01-15T14:00:32.004Z,32.004,2,83.12,780,18,13.1,10740,81920,47.1,initialization
synthetic-showcase-h100-4gpu-full-telemetry-v1,2026-01-15T14:00:32.006Z,32.006,3,90.22,780,19,13.4,10960,81920,47.7,initialization
synthetic-showcase-h100-4gpu-full-telemetry-v1,2026-01-15T14:00:33.000Z,33,0,73.25,795,16.3,12.8,10450,81920,46.2,initialization
synthetic-showcase-h100-4gpu-full-telemetry-v1,2026-01-15T14:00:33.002Z,33.002,1,78.67,795,17.3,13,10670,81920,46.8,initialization
synthetic-showcase-h100-4gpu-full-telemetry-v1,2026-01-15T14:00:33.004Z,33.004,2,82.92,795,18.3,13.3,10890,81920,47.4,initialization
synthetic-showcase-h100-4gpu-full-telemetry-v1,2026-01-15T14:00:33.006Z,33.006,3,90.48,795,19.3,13.6,11110,81920,48,initialization
synthetic-showcase-h100-4gpu-full-telemetry-v1,2026-01-15T14:00:34.000Z,34,0,73.28,810,16.5,12.9,10600,81920,46.6,initialization
synthetic-showcase-h100-4gpu-full-telemetry-v1,2026-01-15T14:00:34.002Z,34.002,1,78.35,810,17.5,13.2,10820,81920,47.2,initialization
synthetic-showcase-h100-4gpu-full-telemetry-v1,2026-01-15T14:00:34.004Z,34.004,2,82.77,810,18.5,13.5,11040,81920,47.8,initialization
synthetic-showcase-h100-4gpu-full-telemetry-v1,2026-01-15T14:00:34.006Z,34.006,3,90.77,810,19.5,13.7,11260,81920,48.4,initialization
synthetic-showcase-h100-4gpu-full-telemetry-v1,2026-01-15T14:00:35.000Z,35,0,189.35,1000,36.9,13.4,11000,81920,57.6,warmup
synthetic-showcase-h100-4gpu-full-telemetry-v1,2026-01-15T14:00:35.002Z,35.002,1,183.79,975,30.6,13.7,11260,81920,58.7,warmup
synthetic-showcase-h100-4gpu-full-telemetry-v1,2026-01-15T14:00:35.004Z,35.004,2,177.81,949,24.2,14.1,11520,81920,57.5,warmup
synthetic-showcase-h100-4gpu-full-telemetry-v1,2026-01-15T14:00:35.006Z,35.006,3,192.61,964,28.1,14.4,11780,81920,56.1,warmup
synthetic-showcase-h100-4gpu-full-telemetry-v1,2026-01-15T14:00:36.000Z,36,0,192.76,1012,37.5,14.1,11573,81920,57.8,warmup
synthetic-showcase-h100-4gpu-full-telemetry-v1,2026-01-15T14:00:36.002Z,36.002,1,185.59,983,30.5,14.4,11833,81920,58.8,warmup
synthetic-showcase-h100-4gpu-full-telemetry-v1,2026-01-15T14:00:36.004Z,36.004,2,181.35,961,24.8,14.8,12093,81920,57.7,warmup
synthetic-showcase-h100-4gpu-full-telemetry-v1,2026-01-15T14:00:36.006Z,36.006,3,198.12,980,29.7,15.1,12353,81920,56.4,warmup
synthetic-showcase-h100-4gpu-full-telemetry-v1,2026-01-15T14:00:37.000Z,37,0,195.88,1023,38,14.8,12147,81920,58,warmup
synthetic-showcase-h100-4gpu-full-telemetry-v1,2026-01-15T14:00:37.002Z,37.002,1,187.4,992,30.3,15.1,12407,81920,58.9,warmup
synthetic-showcase-h100-4gpu-full-telemetry-v1,2026-01-15T14:00:37.004Z,37.004,2,185.22,974,25.7,15.5,12667,81920,57.9,warmup
synthetic-showcase-h100-4gpu-full-telemetry-v1,2026-01-15T14:00:37.006Z,37.006,3,203.62,996,31.4,15.8,12927,81920,56.7,warmup
synthetic-showcase-h100-4gpu-full-telemetry-v1,2026-01-15T14:00:38.000Z,38,0,198.71,1034,38.3,15.5,12720,81920,58.2,warmup
synthetic-showcase-h100-4gpu-full-telemetry-v1,2026-01-15T14:00:38.002Z,38.002,1,189.29,1001,30.1,15.8,12980,81920,59,warmup
synthetic-showcase-h100-4gpu-full-telemetry-v1,2026-01-15T14:00:38.004Z,38.004,2,189.41,987,26.7,16.2,13240,81920,58.1,warmup
synthetic-showcase-h100-4gpu-full-telemetry-v1,2026-01-15T14:00:38.006Z,38.006,3,209.05,1012,33,16.5,13500,81920,56.9,warmup
synthetic-showcase-h100-4gpu-full-telemetry-v1,2026-01-15T14:00:39.000Z,39,0,201.26,1044,38.5,16.2,13293,81920,58.4,warmup
synthetic-showcase-h100-4gpu-full-telemetry-v1,2026-01-15T14:00:39.002Z,39.002,1,191.3,1010,30,16.5,13553,81920,59.1,warmup
synthetic-showcase-h100-4gpu-full-telemetry-v1,2026-01-15T14:00:39.004Z,39.004,2,193.89,1001,27.8,16.9,13813,81920,58.3,warmup
synthetic-showcase-h100-4gpu-full-telemetry-v1,2026-01-15T14:00:39.006Z,39.006,3,214.36,1028,34.6,17.2,14073,81920,57.2,warmup
synthetic-showcase-h100-4gpu-full-telemetry-v1,2026-01-15T14:00:40.000Z,40,0,203.57,1053,38.6,16.9,13867,81920,58.5,warmup
synthetic-showcase-h100-4gpu-full-telemetry-v1,2026-01-15T14:00:40.002Z,40.002,1,193.51,1019,30,17.2,14127,81920,59.2,warmup
synthetic-showcase-h100-4gpu-full-telemetry-v1,2026-01-15T14:00:40.004Z,40.004,2,198.64,1016,29.1,17.6,14387,81920,58.6,warmup
synthetic-showcase-h100-4gpu-full-telemetry-v1,2026-01-15T14:00:40.006Z,40.006,3,219.5,1043,36,17.9,14647,81920,57.5,warmup
synthetic-showcase-h100-4gpu-full-telemetry-v1,2026-01-15T14:00:41.000Z,41,0,205.65,1063,38.5,17.6,14440,81920,58.7,warmup
synthetic-showcase-h100-4gpu-full-telemetry-v1,2026-01-15T14:00:41.002Z,41.002,1,195.95,1029,30.2,17.9,14700,81920,59.4,warmup
synthetic-showcase-h100-4gpu-full-telemetry-v1,2026-01-15T14:00:41.004Z,41.004,2,203.62,1031,30.5,18.3,14960,81920,58.8,warmup
synthetic-showcase-h100-4gpu-full-telemetry-v1,2026-01-15T14:00:41.006Z,41.006,3,224.44,1058,37.4,18.6,15220,81920,57.7,warmup
synthetic-showcase-h100-4gpu-full-telemetry-v1,2026-01-15T14:00:42.000Z,42,0,207.56,1072,38.4,18.3,15013,81920,58.8,warmup
synthetic-showcase-h100-4gpu-full-telemetry-v1,2026-01-15T14:00:42.002Z,42.002,1,198.66,1040,30.4,18.6,15273,81920,59.5,warmup
synthetic-showcase-h100-4gpu-full-telemetry-v1,2026-01-15T14:00:42.004Z,42.004,2,208.77,1046,32,19,15533,81920,59.1,warmup
synthetic-showcase-h100-4gpu-full-telemetry-v1,2026-01-15T14:00:42.006Z,42.006,3,229.15,1073,38.7,19.3,15793,81920,58,warmup
synthetic-showcase-h100-4gpu-full-telemetry-v1,2026-01-15T14:00:43.000Z,43,0,209.35,1080,38.2,19,15587,81920,58.9,warmup
synthetic-showcase-h100-4gpu-full-telemetry-v1,2026-01-15T14:00:43.002Z,43.002,1,201.68,1051,30.8,19.3,15847,81920,59.7,warmup
synthetic-showcase-h100-4gpu-full-telemetry-v1,2026-01-15T14:00:43.004Z,43.004,2,214.03,1062,33.5,19.7,16107,81920,59.4,warmup
synthetic-showcase-h100-4gpu-full-telemetry-v1,2026-01-15T14:00:43.006Z,43.006,3,233.61,1087,39.8,20,16367,81920,58.2,warmup
synthetic-showcase-h100-4gpu-full-telemetry-v1,2026-01-15T14:00:44.000Z,44,0,211.07,1089,37.9,19.7,16160,81920,59,warmup
synthetic-showcase-h100-4gpu-full-telemetry-v1,2026-01-15T14:00:44.002Z,44.002,1,205.01,1063,31.4,20,16420,81920,59.9,warmup
synthetic-showcase-h100-4gpu-full-telemetry-v1,2026-01-15T14:00:44.004Z,44.004,2,219.36,1077,35.1,20.4,16680,81920,59.6,warmup
synthetic-showcase-h100-4gpu-full-telemetry-v1,2026-01-15T14:00:44.006Z,44.006,3,237.81,1100,40.8,20.7,16940,81920,58.4,warmup
synthetic-showcase-h100-4gpu-full-telemetry-v1,2026-01-15T14:00:45.000Z,45,0,212.79,1097,37.7,20.4,16733,81920,59.2,warmup
synthetic-showcase-h100-4gpu-full-telemetry-v1,2026-01-15T14:00:45.002Z,45.002,1,208.67,1075,32.2,20.7,16993,81920,60.1,warmup
synthetic-showcase-h100-4gpu-full-telemetry-v1,2026-01-15T14:00:45.004Z,45.004,2,224.68,1093,36.7,21.1,17253,81920,59.9,warmup
synthetic-showcase-h100-4gpu-full-telemetry-v1,2026-01-15T14:00:45.006Z,45.006,3,241.77,1113,41.7,21.4,17513,81920,58.6,warmup
synthetic-showcase-h100-4gpu-full-telemetry-v1,2026-01-15T14:00:46.000Z,46,0,214.57,1106,37.5,21.1,17307,81920,59.3,warmup
synthetic-showcase-h100-4gpu-full-telemetry-v1,2026-01-15T14:00:46.002Z,46.002,1,212.65,1088,33,21.4,17567,81920,60.3,warmup
synthetic-showcase-h100-4gpu-full-telemetry-v1,2026-01-15T14:00:46.004Z,46.004,2,229.95,1109,38.2,21.8,17827,81920,60.2,warmup
synthetic-showcase-h100-4gpu-full-telemetry-v1,2026-01-15T14:00:46.006Z,46.006,3,245.51,1126,42.5,22.1,18087,81920,58.8,warmup
synthetic-showcase-h100-4gpu-full-telemetry-v1,2026-01-15T14:00:47.000Z,47,0,216.47,1115,37.4,21.8,17880,81920,59.4,warmup
synthetic-showcase-h100-4gpu-full-telemetry-v1,2026-01-15T14:00:47.002Z,47.002,1,216.92,1102,34.1,22.1,18140,81920,60.5,warmup
synthetic-showcase-h100-4gpu-full-telemetry-v1,2026-01-15T14:00:47.004Z,47.004,2,235.11,1124,39.7,22.5,18400,81920,60.5,warmup
synthetic-showcase-h100-4gpu-full-telemetry-v1,2026-01-15T14:00:47.006Z,47.006,3,249.05,1138,43.2,22.8,18660,81920,58.9,warmup
synthetic-showcase-h100-4gpu-full-telemetry-v1,2026-01-15T14:00:48.000Z,48,0,218.55,1124,37.3,22.5,18453,81920,59.6,warmup
synthetic-showcase-h100-4gpu-full-telemetry-v1,2026-01-15T14:00:48.002Z,48.002,1,221.46,1116,35.3,22.8,18713,81920,60.8,warmup
synthetic-showcase-h100-4gpu-full-telemetry-v1,2026-01-15T14:00:48.004Z,48.004,2,240.12,1139,41.1,23.2,18973,81920,60.7,warmup
synthetic-showcase-h100-4gpu-full-telemetry-v1,2026-01-15T14:00:48.006Z,48.006,3,252.43,1150,43.8,23.5,19233,81920,59.1,warmup
synthetic-showcase-h100-4gpu-full-telemetry-v1,2026-01-15T14:00:49.000Z,49,0,220.84,1134,37.4,23.2,19027,81920,59.7,warmup
synthetic-showcase-h100-4gpu-full-telemetry-v1,2026-01-15T14:00:49.002Z,49.002,1,226.22,1130,36.6,23.5,19287,81920,61.1,warmup
synthetic-showcase-h100-4gpu-full-telemetry-v1,2026-01-15T14:00:49.004Z,49.004,2,244.93,1154,42.4,23.9,19547,81920,61,warmup
synthetic-showcase-h100-4gpu-full-telemetry-v1,2026-01-15T14:00:49.006Z,49.006,3,255.7,1161,44.3,24.2,19807,81920,59.3,warmup
synthetic-showcase-h100-4gpu-full-telemetry-v1,2026-01-15T14:00:50.000Z,50,0,223.4,1144,37.6,23.9,19600,81920,59.9,warmup
synthetic-showcase-h100-4gpu-full-telemetry-v1,2026-01-15T14:00:50.002Z,50.002,1,231.15,1145,37.9,24.2,19860,81920,61.3,warmup
synthetic-showcase-h100-4gpu-full-telemetry-v1,2026-01-15T14:00:50.004Z,50.004,2,249.52,1168,43.6,24.6,20120,81920,61.2,warmup
synthetic-showcase-h100-4gpu-full-telemetry-v1,2026-01-15T14:00:50.006Z,50.006,3,258.92,1173,44.8,24.9,20380,81920,59.4,warmup
synthetic-showcase-h100-4gpu-full-telemetry-v1,2026-01-15T14:00:51.000Z,51,0,226.25,1155,37.9,24.6,20173,81920,60.1,warmup
synthetic-showcase-h100-4gpu-full-telemetry-v1,2026-01-15T14:00:51.002Z,51.002,1,236.2,1160,39.4,24.9,20433,81920,61.6,warmup
synthetic-showcase-h100-4gpu-full-telemetry-v1,2026-01-15T14:00:51.004Z,51.004,2,253.88,1182,44.7,25.3,20693,81920,61.4,warmup
synthetic-showcase-h100-4gpu-full-telemetry-v1,2026-01-15T14:00:51.006Z,51.006,3,262.12,1184,45.3,25.6,20953,81920,59.6,warmup
synthetic-showcase-h100-4gpu-full-telemetry-v1,2026-01-15T14:00:52.000Z,52,0,229.41,1166,38.4,25.3,20747,81920,60.3,warmup
synthetic-showcase-h100-4gpu-full-telemetry-v1,2026-01-15T14:00:52.002Z,52.002,1,241.32,1176,40.8,25.6,21007,81920,61.9,warmup
synthetic-showcase-h100-4gpu-full-telemetry-v1,2026-01-15T14:00:52.004Z,52.004,2,258,1195,45.7,26,21267,81920,61.6,warmup
synthetic-showcase-h100-4gpu-full-telemetry-v1,2026-01-15T14:00:52.006Z,52.006,3,265.37,1196,45.9,26.3,21527,81920,59.7,warmup
synthetic-showcase-h100-4gpu-full-telemetry-v1,2026-01-15T14:00:53.000Z,53,0,232.89,1178,39,26,21320,81920,60.5,warmup
synthetic-showcase-h100-4gpu-full-telemetry-v1,2026-01-15T14:00:53.002Z,53.002,1,246.44,1191,42.3,26.3,21580,81920,62.2,warmup
synthetic-showcase-h100-4gpu-full-telemetry-v1,2026-01-15T14:00:53.004Z,53.004,2,261.9,1208,46.5,26.7,21840,81920,61.8,warmup
synthetic-showcase-h100-4gpu-full-telemetry-v1,2026-01-15T14:00:53.006Z,53.006,3,268.72,1208,46.4,27,22100,81920,59.9,warmup
synthetic-showcase-h100-4gpu-full-telemetry-v1,2026-01-15T14:00:54.000Z,54,0,236.67,1191,39.8,26.7,21893,81920,60.7,warmup
synthetic-showcase-h100-4gpu-full-telemetry-v1,2026-01-15T14:00:54.002Z,54.002,1,251.51,1206,43.7,27,22153,81920,62.5,warmup
synthetic-showcase-h100-4gpu-full-telemetry-v1,2026-01-15T14:00:54.004Z,54.004,2,265.58,1220,47.3,27.4,22413,81920,62,warmup
synthetic-showcase-h100-4gpu-full-telemetry-v1,2026-01-15T14:00:54.006Z,54.006,3,272.21,1220,47.1,27.7,22673,81920,60.1,warmup
synthetic-showcase-h100-4gpu-full-telemetry-v1,2026-01-15T14:00:55.000Z,55,0,240.74,1204,40.8,27.4,22467,81920,61,warmup
synthetic-showcase-h100-4gpu-full-telemetry-v1,2026-01-15T14:00:55.002Z,55.002,1,256.48,1221,45.1,27.7,22727,81920,62.8,warmup
synthetic-showcase-h100-4gpu-full-telemetry-v1,2026-01-15T14:00:55.004Z,55.004,2,269.09,1233,47.9,28.1,22987,81920,62.2,warmup
synthetic-showcase-h100-4gpu-full-telemetry-v1,2026-01-15T14:00:55.006Z,55.006,3,275.87,1232,47.8,28.4,23247,81920,60.2,warmup
synthetic-showcase-h100-4gpu-full-telemetry-v1,2026-01-15T14:00:56.000Z,56,0,245.07,1218,41.8,28.1,23040,81920,61.2,warmup
synthetic-showcase-h100-4gpu-full-telemetry-v1,2026-01-15T14:00:56.002Z,56.002,1,261.3,1236,46.4,28.4,23300,81920,63,warmup
synthetic-showcase-h100-4gpu-full-telemetry-v1,2026-01-15T14:00:56.004Z,56.004,2,272.45,1244,48.5,28.8,23560,81920,62.3,warmup
synthetic-showcase-h100-4gpu-full-telemetry-v1,2026-01-15T14:00:56.006Z,56.006,3,279.74,1245,48.7,29.1,23820,81920,60.4,warmup
synthetic-showcase-h100-4gpu-full-telemetry-v1,2026-01-15T14:00:57.000Z,57,0,249.62,1232,43,28.8,23613,81920,61.5,warmup
synthetic-showcase-h100-4gpu-full-telemetry-v1,2026-01-15T14:00:57.002Z,57.002,1,265.94,1250,47.7,29.1,23873,81920,63.3,warmup
synthetic-showcase-h100-4gpu-full-telemetry-v1,2026-01-15T14:00:57.004Z,57.004,2,275.73,1256,49.1,29.5,24133,81920,62.5,warmup
synthetic-showcase-h100-4gpu-full-telemetry-v1,2026-01-15T14:00:57.006Z,57.006,3,283.82,1258,49.6,29.8,24393,81920,60.6,warmup
synthetic-showcase-h100-4gpu-full-telemetry-v1,2026-01-15T14:00:58.000Z,58,0,254.34,1246,44.3,29.5,24187,81920,61.8,warmup
synthetic-showcase-h100-4gpu-full-telemetry-v1,2026-01-15T14:00:58.002Z,58.002,1,270.37,1264,48.8,29.8,24447,81920,63.5,warmup
synthetic-showcase-h100-4gpu-full-telemetry-v1,2026-01-15T14:00:58.004Z,58.004,2,278.96,1267,49.6,30.2,24707,81920,62.6,warmup
synthetic-showcase-h100-4gpu-full-telemetry-v1,2026-01-15T14:00:58.006Z,58.006,3,288.14,1272,50.7,30.5,24967,81920,60.8,warmup
synthetic-showcase-h100-4gpu-full-telemetry-v1,2026-01-15T14:00:59.000Z,59,0,259.17,1261,45.6,30.2,24760,81920,62.1,warmup
synthetic-showcase-h100-4gpu-full-telemetry-v1,2026-01-15T14:00:59.002Z,59.002,1,274.58,1278,49.8,30.5,25020,81920,63.8,warmup
synthetic-showcase-h100-4gpu-full-telemetry-v1,2026-01-15T14:00:59.004Z,59.004,2,282.2,1279,50.1,30.9,25280,81920,62.8,warmup
synthetic-showcase-h100-4gpu-full-telemetry-v1,2026-01-15T14:00:59.006Z,59.006,3,292.68,1286,51.9,31.2,25540,81920,61.1,warmup
synthetic-showcase-h100-4gpu-full-telemetry-v1,2026-01-15T14:01:00.000Z,60,0,264.07,1276,47,30.9,25333,81920,62.4,warmup
synthetic-showcase-h100-4gpu-full-telemetry-v1,2026-01-15T14:01:00.002Z,60.002,1,278.57,1291,50.7,31.2,25593,81920,64,warmup
synthetic-showcase-h100-4gpu-full-telemetry-v1,2026-01-15T14:01:00.004Z,60.004,2,285.5,1291,50.7,31.6,25853,81920,62.9,warmup
synthetic-showcase-h100-4gpu-full-telemetry-v1,2026-01-15T14:01:00.006Z,60.006,3,297.42,1301,53.1,31.9,26113,81920,61.3,warmup
synthetic-showcase-h100-4gpu-full-telemetry-v1,2026-01-15T14:01:01.000Z,61,0,268.97,1291,48.3,31.6,25907,81920,62.7,warmup
synthetic-showcase-h100-4gpu-full-telemetry-v1,2026-01-15T14:01:01.002Z,61.002,1,282.34,1303,51.5,31.9,26167,81920,64.2,warmup
synthetic-showcase-h100-4gpu-full-telemetry-v1,2026-01-15T14:01:01.004Z,61.004,2,288.91,1303,51.3,32.3,26427,81920,63.1,warmup
synthetic-showcase-h100-4gpu-full-telemetry-v1,2026-01-15T14:01:01.006Z,61.006,3,302.34,1315,54.5,32.6,26687,81920,61.6,warmup
synthetic-showcase-h100-4gpu-full-telemetry-v1,2026-01-15T14:01:02.000Z,62,0,273.83,1305,49.6,32.3,26480,81920,63,warmup
synthetic-showcase-h100-4gpu-full-telemetry-v1,2026-01-15T14:01:02.002Z,62.002,1,285.91,1316,52.2,32.6,26740,81920,64.4,warmup
synthetic-showcase-h100-4gpu-full-telemetry-v1,2026-01-15T14:01:02.004Z,62.004,2,292.48,1315,52,33,27000,81920,63.3,warmup
synthetic-showcase-h100-4gpu-full-telemetry-v1,2026-01-15T14:01:02.006Z,62.006,3,307.39,1331,55.9,33.3,27260,81920,61.8,warmup
synthetic-showcase-h100-4gpu-full-telemetry-v1,2026-01-15T14:01:03.000Z,63,0,278.58,1320,50.9,33,27053,81920,63.3,warmup
synthetic-showcase-h100-4gpu-full-telemetry-v1,2026-01-15T14:01:03.002Z,63.002,1,289.32,1328,52.8,33.3,27313,81920,64.6,warmup
synthetic-showcase-h100-4gpu-full-telemetry-v1,2026-01-15T14:01:03.004Z,63.004,2,296.25,1327,52.8,33.7,27573,81920,63.5,warmup
synthetic-showcase-h100-4gpu-full-telemetry-v1,2026-01-15T14:01:03.006Z,63.006,3,312.53,1346,57.4,34,27833,81920,62.1,warmup
synthetic-showcase-h100-4gpu-full-telemetry-v1,2026-01-15T14:01:04.000Z,64,0,283.19,1334,52.1,33.7,27627,81920,63.5,warmup
synthetic-showcase-h100-4gpu-full-telemetry-v1,2026-01-15T14:01:04.002Z,64.002,1,292.61,1339,53.3,34,27887,81920,64.7,warmup
synthetic-showcase-h100-4gpu-full-telemetry-v1,2026-01-15T14:01:04.004Z,64.004,2,300.23,1340,53.7,34.4,28147,81920,63.7,warmup
synthetic-showcase-h100-4gpu-full-telemetry-v1,2026-01-15T14:01:04.006Z,64.006,3,317.71,1361,58.9,34.7,28407,81920,62.4,warmup
synthetic-showcase-h100-4gpu-full-telemetry-v1,2026-01-15T14:01:05.000Z,65,0,287.63,1348,53.3,34.4,28200,81920,63.8,warmup
synthetic-showcase-h100-4gpu-full-telemetry-v1,2026-01-15T14:01:05.002Z,65.002,1,295.82,1351,53.9,34.7,28460,81920,64.9,warmup
synthetic-showcase-h100-4gpu-full-telemetry-v1,2026-01-15T14:01:05.004Z,65.004,2,304.45,1354,54.7,35.1,28720,81920,63.9,warmup
synthetic-showcase-h100-4gpu-full-telemetry-v1,2026-01-15T14:01:05.006Z,65.006,3,322.86,1377,60.4,35.4,28980,81920,62.6,warmup
synthetic-showcase-h100-4gpu-full-telemetry-v1,2026-01-15T14:01:06.000Z,66,0,291.86,1362,54.3,35.1,28773,81920,64.1,warmup
synthetic-showcase-h100-4gpu-full-telemetry-v1,2026-01-15T14:01:06.002Z,66.002,1,299.01,1362,54.4,35.4,29033,81920,65.1,warmup
synthetic-showcase-h100-4gpu-full-telemetry-v1,2026-01-15T14:01:06.004Z,66.004,2,308.91,1368,55.8,35.8,29293,81920,64.1,warmup
synthetic-showcase-h100-4gpu-full-telemetry-v1,2026-01-15T14:01:06.006Z,66.006,3,327.94,1392,61.8,36.1,29553,81920,62.9,warmup
synthetic-showcase-h100-4gpu-full-telemetry-v1,2026-01-15T14:01:07.000Z,67,0,295.88,1375,55.2,35.8,29347,81920,64.3,warmup
synthetic-showcase-h100-4gpu-full-telemetry-v1,2026-01-15T14:01:07.002Z,67.002,1,302.22,1374,54.9,36.1,29607,81920,65.3,warmup
synthetic-showcase-h100-4gpu-full-telemetry-v1,2026-01-15T14:01:07.004Z,67.004,2,313.6,1382,57.1,36.5,29867,81920,64.3,warmup
synthetic-showcase-h100-4gpu-full-telemetry-v1,2026-01-15T14:01:07.006Z,67.006,3,332.87,1407,63.2,36.8,30127,81920,63.1,warmup
synthetic-showcase-h100-4gpu-full-telemetry-v1,2026-01-15T14:01:08.000Z,68,0,299.69,1388,56,36.5,29920,81920,64.6,warmup
synthetic-showcase-h100-4gpu-full-telemetry-v1,2026-01-15T14:01:08.002Z,68.002,1,305.52,1385,55.4,36.8,30180,81920,65.4,warmup
synthetic-showcase-h100-4gpu-full-telemetry-v1,2026-01-15T14:01:08.004Z,68.004,2,318.51,1397,58.4,37.2,30440,81920,64.6,warmup
synthetic-showcase-h100-4gpu-full-telemetry-v1,2026-01-15T14:01:08.006Z,68.006,3,337.62,1421,64.5,37.5,30700,81920,63.4,warmup
synthetic-showcase-h100-4gpu-full-telemetry-v1,2026-01-15T14:01:09.000Z,69,0,303.29,1400,56.7,37.2,30493,81920,64.8,warmup
synthetic-showcase-h100-4gpu-full-telemetry-v1,2026-01-15T14:01:09.002Z,69.002,1,308.94,1397,56,37.5,30753,81920,65.6,warmup
synthetic-showcase-h100-4gpu-full-telemetry-v1,2026-01-15T14:01:09.004Z,69.004,2,323.6,1412,59.9,37.9,31013,81920,64.8,warmup
synthetic-showcase-h100-4gpu-full-telemetry-v1,2026-01-15T14:01:09.006Z,69.006,3,342.13,1436,65.6,38.2,31273,81920,63.6,warmup
synthetic-showcase-h100-4gpu-full-telemetry-v1,2026-01-15T14:01:10.000Z,70,0,306.71,1412,57.3,37.9,31067,81920,65,warmup
synthetic-showcase-h100-4gpu-full-telemetry-v1,2026-01-15T14:01:10.002Z,70.002,1,312.53,1409,56.8,38.2,31327,81920,65.8,warmup
synthetic-showcase-h100-4gpu-full-telemetry-v1,2026-01-15T14:01:10.004Z,70.004,2,328.84,1428,61.4,38.6,31587,81920,65.1,warmup
synthetic-showcase-h100-4gpu-full-telemetry-v1,2026-01-15T14:01:10.006Z,70.006,3,346.36,1449,66.7,38.9,31847,81920,63.8,warmup
synthetic-showcase-h100-4gpu-full-telemetry-v1,2026-01-15T14:01:11.000Z,71,0,309.97,1423,57.9,38.6,31640,81920,65.2,warmup
synthetic-showcase-h100-4gpu-full-telemetry-v1,2026-01-15T14:01:11.002Z,71.002,1,316.34,1422,57.6,38.9,31900,81920,66,warmup
synthetic-showcase-h100-4gpu-full-telemetry-v1,2026-01-15T14:01:11.004Z,71.004,2,334.18,1444,63,39.3,32160,81920,65.4,warmup
synthetic-showcase-h100-4gpu-full-telemetry-v1,2026-01-15T14:01:11.006Z,71.006,3,350.29,1462,67.5,39.6,32420,81920,64,warmup
synthetic-showcase-h100-4gpu-full-telemetry-v1,2026-01-15T14:01:12.000Z,72,0,313.13,1435,58.4,39.3,32213,81920,65.4,warmup
synthetic-showcase-h100-4gpu-full-telemetry-v1,2026-01-15T14:01:12.002Z,72.002,1,320.38,1435,58.5,39.6,32473,81920,66.2,warmup
synthetic-showcase-h100-4gpu-full-telemetry-v1,2026-01-15T14:01:12.004Z,72.004,2,339.55,1460,64.6,40,32733,81920,65.6,warmup
synthetic-showcase-h100-4gpu-full-telemetry-v1,2026-01-15T14:01:12.006Z,72.006,3,353.9,1474,68.2,40.3,32993,81920,64.2,warmup
synthetic-showcase-h100-4gpu-full-telemetry-v1,2026-01-15T14:01:13.000Z,73,0,316.22,1446,58.8,40,32787,81920,65.6,warmup
synthetic-showcase-h100-4gpu-full-telemetry-v1,2026-01-15T14:01:13.002Z,73.002,1,324.67,1449,59.5,40.3,33047,81920,66.5,warmup
synthetic-showcase-h100-4gpu-full-telemetry-v1,2026-01-15T14:01:13.004Z,73.004,2,344.91,1475,66.2,40.7,33307,81920,65.9,warmup
synthetic-showcase-h100-4gpu-full-telemetry-v1,2026-01-15T14:01:13.006Z,73.006,3,357.19,1486,68.8,41,33567,81920,64.4,warmup
synthetic-showcase-h100-4gpu-full-telemetry-v1,2026-01-15T14:01:14.000Z,74,0,319.31,1457,59.3,40.7,33360,81920,65.8,warmup
synthetic-showcase-h100-4gpu-full-telemetry-v1,2026-01-15T14:01:14.002Z,74.002,1,329.22,1463,60.7,41,33620,81920,66.7,warmup
synthetic-showcase-h100-4gpu-full-telemetry-v1,2026-01-15T14:01:14.004Z,74.004,2,350.2,1491,67.7,41.4,33880,81920,66.2,warmup
synthetic-showcase-h100-4gpu-full-telemetry-v1,2026-01-15T14:01:14.006Z,74.006,3,360.15,1497,69.2,41.7,34140,81920,64.5,warmup
synthetic-showcase-h100-4gpu-full-telemetry-v1,2026-01-15T14:01:15.000Z,75,0,322.44,1469,59.7,41.4,33933,81920,66,warmup
synthetic-showcase-h100-4gpu-full-telemetry-v1,2026-01-15T14:01:15.002Z,75.002,1,334.02,1478,62,41.7,34193,81920,67,warmup
synthetic-showcase-h100-4gpu-full-telemetry-v1,2026-01-15T14:01:15.004Z,75.004,2,355.35,1506,69.2,42.1,34453,81920,66.4,warmup
synthetic-showcase-h100-4gpu-full-telemetry-v1,2026-01-15T14:01:15.006Z,75.006,3,362.82,1507,69.4,42.4,34713,81920,64.6,warmup
synthetic-showcase-h100-4gpu-full-telemetry-v1,2026-01-15T14:01:16.000Z,76,0,325.66,1480,60.3,42.1,34507,81920,66.2,warmup
synthetic-showcase-h100-4gpu-full-telemetry-v1,2026-01-15T14:01:16.002Z,76.002,1,339.05,1493,63.4,42.4,34767,81920,67.2,warmup
synthetic-showcase-h100-4gpu-full-telemetry-v1,2026-01-15T14:01:16.004Z,76.004,2,360.31,1521,70.6,42.8,35027,81920,66.7,warmup
synthetic-showcase-h100-4gpu-full-telemetry-v1,2026-01-15T14:01:16.006Z,76.006,3,365.23,1517,69.5,43.1,35287,81920,64.8,warmup
synthetic-showcase-h100-4gpu-full-telemetry-v1,2026-01-15T14:01:17.000Z,77,0,329.03,1492,60.8,42.8,35080,81920,66.4,warmup
synthetic-showcase-h100-4gpu-full-telemetry-v1,2026-01-15T14:01:17.002Z,77.002,1,344.28,1508,65,43.1,35340,81920,67.5,warmup
synthetic-showcase-h100-4gpu-full-telemetry-v1,2026-01-15T14:01:17.004Z,77.004,2,365.04,1536,71.8,43.5,35600,81920,66.9,warmup
synthetic-showcase-h100-4gpu-full-telemetry-v1,2026-01-15T14:01:17.006Z,77.006,3,367.4,1527,69.5,43.8,35860,81920,64.9,warmup
synthetic-showcase-h100-4gpu-full-telemetry-v1,2026-01-15T14:01:18.000Z,78,0,332.59,1504,61.5,43.5,35653,81920,66.6,warmup
synthetic-showcase-h100-4gpu-full-telemetry-v1,2026-01-15T14:01:18.002Z,78.002,1,349.66,1524,66.6,43.8,35913,81920,67.8,warmup
synthetic-showcase-h100-4gpu-full-telemetry-v1,2026-01-15T14:01:18.004Z,78.004,2,369.49,1550,73,44.2,36173,81920,67.1,warmup
synthetic-showcase-h100-4gpu-full-telemetry-v1,2026-01-15T14:01:18.006Z,78.006,3,369.41,1536,69.4,44.5,36433,81920,64.9,warmup
synthetic-showcase-h100-4gpu-full-telemetry-v1,2026-01-15T14:01:19.000Z,79,0,336.37,1517,62.3,44.2,36227,81920,66.8,warmup
synthetic-showcase-h100-4gpu-full-telemetry-v1,2026-01-15T14:01:19.002Z,79.002,1,355.15,1540,68.2,44.5,36487,81920,68.1,warmup
synthetic-showcase-h100-4gpu-full-telemetry-v1,2026-01-15T14:01:19.004Z,79.004,2,373.63,1563,74,44.9,36747,81920,67.3,warmup
synthetic-showcase-h100-4gpu-full-telemetry-v1,2026-01-15T14:01:19.006Z,79.006,3,371.3,1545,69.3,45.2,37007,81920,65,warmup
synthetic-showcase-h100-4gpu-full-telemetry-v1,2026-01-15T14:01:20.000Z,80,0,340.41,1530,63.3,44.9,36800,81920,67.1,warmup
synthetic-showcase-h100-4gpu-full-telemetry-v1,2026-01-15T14:01:20.002Z,80.002,1,360.7,1556,69.9,45.2,37060,81920,68.4,warmup
synthetic-showcase-h100-4gpu-full-telemetry-v1,2026-01-15T14:01:20.004Z,80.004,2,377.45,1576,74.8,45.6,37320,81920,67.5,warmup
synthetic-showcase-h100-4gpu-full-telemetry-v1,2026-01-15T14:01:20.006Z,80.006,3,373.13,1553,69.1,45.9,37580,81920,65.1,warmup
synthetic-showcase-h100-4gpu-full-telemetry-v1,2026-01-15T14:01:21.000Z,81,0,344.72,1543,64.3,45.6,37373,81920,67.3,warmup
synthetic-showcase-h100-4gpu-full-telemetry-v1,2026-01-15T14:01:21.002Z,81.002,1,366.24,1573,71.6,45.9,37633,81920,68.7,warmup
synthetic-showcase-h100-4gpu-full-telemetry-v1,2026-01-15T14:01:21.004Z,81.004,2,380.94,1588,75.4,46.3,37893,81920,67.7,warmup
synthetic-showcase-h100-4gpu-full-telemetry-v1,2026-01-15T14:01:21.006Z,81.006,3,374.96,1562,68.9,46.6,38153,81920,65.2,warmup
synthetic-showcase-h100-4gpu-full-telemetry-v1,2026-01-15T14:01:22.000Z,82,0,349.3,1558,65.5,46.3,37947,81920,67.6,warmup
synthetic-showcase-h100-4gpu-full-telemetry-v1,2026-01-15T14:01:22.002Z,82.002,1,371.71,1589,73.2,46.6,38207,81920,69,warmup
synthetic-showcase-h100-4gpu-full-telemetry-v1,2026-01-15T14:01:22.004Z,82.004,2,384.11,1599,75.9,47,38467,81920,67.8,warmup
synthetic-showcase-h100-4gpu-full-telemetry-v1,2026-01-15T14:01:22.006Z,82.006,3,376.85,1571,68.8,47.3,38727,81920,65.3,warmup
synthetic-showcase-h100-4gpu-full-telemetry-v1,2026-01-15T14:01:23.000Z,83,0,354.14,1572,66.8,47,38520,81920,67.9,warmup
synthetic-showcase-h100-4gpu-full-telemetry-v1,2026-01-15T14:01:23.002Z,83.002,1,377.05,1604,74.8,47.3,38780,81920,69.3,warmup
synthetic-showcase-h100-4gpu-full-telemetry-v1,2026-01-15T14:01:23.004Z,83.004,2,386.97,1610,76.3,47.7,39040,81920,68,warmup
synthetic-showcase-h100-4gpu-full-telemetry-v1,2026-01-15T14:01:23.006Z,83.006,3,378.87,1580,68.7,48,39300,81920,65.4,warmup
synthetic-showcase-h100-4gpu-full-telemetry-v1,2026-01-15T14:01:24.000Z,84,0,359.23,1588,68.3,47.7,39093,81920,68.2,warmup
synthetic-showcase-h100-4gpu-full-telemetry-v1,2026-01-15T14:01:24.002Z,84.002,1,382.21,1620,76.3,48,39353,81920,69.6,warmup
synthetic-showcase-h100-4gpu-full-telemetry-v1,2026-01-15T14:01:24.004Z,84.004,2,389.57,1620,76.5,48.4,39613,81920,68.1,warmup
synthetic-showcase-h100-4gpu-full-telemetry-v1,2026-01-15T14:01:24.006Z,84.006,3,381.05,1589,68.7,48.7,39873,81920,65.5,warmup
synthetic-showcase-h100-4gpu-full-telemetry-v1,2026-01-15T14:01:25.000Z,85,0,364.54,1603,69.9,48.4,39667,81920,68.5,warmup
synthetic-showcase-h100-4gpu-full-telemetry-v1,2026-01-15T14:01:25.002Z,85.002,1,387.15,1635,77.7,48.7,39927,81920,69.8,warmup
synthetic-showcase-h100-4gpu-full-telemetry-v1,2026-01-15T14:01:25.004Z,85.004,2,391.92,1630,76.5,49.1,40187,81920,68.2,warmup
synthetic-showcase-h100-4gpu-full-telemetry-v1,2026-01-15T14:01:25.006Z,85.006,3,383.44,1599,68.8,49.4,40447,81920,65.6,warmup
synthetic-showcase-h100-4gpu-full-telemetry-v1,2026-01-15T14:01:26.000Z,86,0,370.02,1619,71.5,49.1,40240,81920,68.8,warmup
synthetic-showcase-h100-4gpu-full-telemetry-v1,2026-01-15T14:01:26.002Z,86.002,1,391.8,1649,78.9,49.4,40500,81920,70.1,warmup
synthetic-showcase-h100-4gpu-full-telemetry-v1,2026-01-15T14:01:26.004Z,86.004,2,394.1,1640,76.5,49.8,40760,81920,68.3,warmup
synthetic-showcase-h100-4gpu-full-telemetry-v1,2026-01-15T14:01:26.006Z,86.006,3,386.07,1610,69,50.1,41020,81920,65.7,warmup
synthetic-showcase-h100-4gpu-full-telemetry-v1,2026-01-15T14:01:27.000Z,87,0,375.62,1636,73.2,49.8,40813,81920,69.1,warmup
synthetic-showcase-h100-4gpu-full-telemetry-v1,2026-01-15T14:01:27.002Z,87.002,1,396.16,1663,80,50.1,41073,81920,70.3,warmup
synthetic-showcase-h100-4gpu-full-telemetry-v1,2026-01-15T14:01:27.004Z,87.004,2,396.15,1649,76.5,50.5,41333,81920,68.4,warmup
synthetic-showcase-h100-4gpu-full-telemetry-v1,2026-01-15T14:01:27.006Z,87.006,3,388.97,1620,69.4,50.8,41593,81920,65.9,warmup
synthetic-showcase-h100-4gpu-full-telemetry-v1,2026-01-15T14:01:28.000Z,88,0,381.28,1652,74.9,50.5,41387,81920,69.5,warmup
synthetic-showcase-h100-4gpu-full-telemetry-v1,2026-01-15T14:01:28.002Z,88.002,1,400.2,1676,80.9,50.8,41647,81920,70.5,warmup
synthetic-showcase-h100-4gpu-full-telemetry-v1,2026-01-15T14:01:28.004Z,88.004,2,398.12,1658,76.4,51.2,41907,81920,68.5,warmup
synthetic-showcase-h100-4gpu-full-telemetry-v1,2026-01-15T14:01:28.006Z,88.006,3,392.13,1632,69.9,51.5,42167,81920,66,warmup
synthetic-showcase-h100-4gpu-full-telemetry-v1,2026-01-15T14:01:29.000Z,89,0,386.96,1669,76.7,51.2,41960,81920,69.8,warmup
synthetic-showcase-h100-4gpu-full-telemetry-v1,2026-01-15T14:01:29.002Z,89.002,1,403.9,1688,81.7,51.5,42220,81920,70.7,warmup
synthetic-showcase-h100-4gpu-full-telemetry-v1,2026-01-15T14:01:29.004Z,89.004,2,400.09,1667,76.3,51.9,42480,81920,68.5,warmup
synthetic-showcase-h100-4gpu-full-telemetry-v1,2026-01-15T14:01:29.006Z,89.006,3,395.55,1644,70.5,52.2,42740,81920,66.2,warmup
synthetic-showcase-h100-4gpu-full-telemetry-v1,2026-01-15T14:01:30.000Z,90,0,392.57,1685,78.4,51.9,42533,81920,70.1,warmup
synthetic-showcase-h100-4gpu-full-telemetry-v1,2026-01-15T14:01:30.002Z,90.002,1,407.29,1700,82.3,52.2,42793,81920,70.9,warmup
synthetic-showcase-h100-4gpu-full-telemetry-v1,2026-01-15T14:01:30.004Z,90.004,2,402.11,1676,76.2,52.6,43053,81920,68.6,warmup
synthetic-showcase-h100-4gpu-full-telemetry-v1,2026-01-15T14:01:30.006Z,90.006,3,399.22,1656,71.2,52.9,43313,81920,66.4,warmup
synthetic-showcase-h100-4gpu-full-telemetry-v1,2026-01-15T14:01:31.000Z,91,0,398.08,1701,80.1,52.6,43107,81920,70.4,warmup
synthetic-showcase-h100-4gpu-full-telemetry-v1,2026-01-15T14:01:31.002Z,91.002,1,410.36,1711,82.7,52.9,43367,81920,71,warmup
synthetic-showcase-h100-4gpu-full-telemetry-v1,2026-01-15T14:01:31.004Z,91.004,2,404.24,1685,76.1,53.3,43627,81920,68.7,warmup
synthetic-showcase-h100-4gpu-full-telemetry-v1,2026-01-15T14:01:31.006Z,91.006,3,403.12,1669,72.1,53.6,43887,81920,66.6,warmup
synthetic-showcase-h100-4gpu-full-telemetry-v1,2026-01-15T14:01:32.000Z,92,0,403.41,1717,81.6,53.3,43680,81920,70.8,warmup
synthetic-showcase-h100-4gpu-full-telemetry-v1,2026-01-15T14:01:32.002Z,92.002,1,413.17,1722,83,53.6,43940,81920,71.2,warmup
synthetic-showcase-h100-4gpu-full-telemetry-v1,2026-01-15T14:01:32.004Z,92.004,2,406.51,1695,76.2,54,44200,81920,68.8,warmup
synthetic-showcase-h100-4gpu-full-telemetry-v1,2026-01-15T14:01:32.006Z,92.006,3,407.2,1682,73,54.3,44460,81920,66.8,warmup
synthetic-showcase-h100-4gpu-full-telemetry-v1,2026-01-15T14:01:33.000Z,93,0,408.52,1732,83.1,54,44253,81920,71.1,warmup
synthetic-showcase-h100-4gpu-full-telemetry-v1,2026-01-15T14:01:33.002Z,93.002,1,415.73,1732,83.2,54.3,44513,81920,71.3,warmup
synthetic-showcase-h100-4gpu-full-telemetry-v1,2026-01-15T14:01:33.004Z,93.004,2,408.99,1705,76.3,54.7,44773,81920,68.9,warmup
synthetic-showcase-h100-4gpu-full-telemetry-v1,2026-01-15T14:01:33.006Z,93.006,3,411.41,1696,74,55,45033,81920,67,warmup
synthetic-showcase-h100-4gpu-full-telemetry-v1,2026-01-15T14:01:34.000Z,94,0,413.36,1747,84.4,54.7,44827,81920,71.3,warmup
synthetic-showcase-h100-4gpu-full-telemetry-v1,2026-01-15T14:01:34.002Z,94.002,1,418.11,1742,83.3,55,45087,81920,71.4,warmup
synthetic-showcase-h100-4gpu-full-telemetry-v1,2026-01-15T14:01:34.004Z,94.004,2,411.68,1715,76.6,55.4,45347,81920,69,warmup
synthetic-showcase-h100-4gpu-full-telemetry-v1,2026-01-15T14:01:34.006Z,94.006,3,415.72,1709,75.1,55.7,45607,81920,67.3,warmup
synthetic-showcase-h100-4gpu-full-telemetry-v1,2026-01-15T14:01:35.000Z,95,0,417.92,1761,85.6,55.4,45400,81920,71.6,warmup
synthetic-showcase-h100-4gpu-full-telemetry-v1,2026-01-15T14:01:35.002Z,95.002,1,420.35,1752,83.3,55.7,45660,81920,71.5,warmup
synthetic-showcase-h100-4gpu-full-telemetry-v1,2026-01-15T14:01:35.004Z,95.004,2,414.63,1726,77,56.1,45920,81920,69.2,warmup
synthetic-showcase-h100-4gpu-full-telemetry-v1,2026-01-15T14:01:35.006Z,95.006,3,420.07,1723,76.2,56.4,46180,81920,67.5,warmup
synthetic-showcase-h100-4gpu-full-telemetry-v1,2026-01-15T14:01:36.000Z,96,0,422.15,1774,86.6,56.1,45973,81920,71.9,warmup
synthetic-showcase-h100-4gpu-full-telemetry-v1,2026-01-15T14:01:36.002Z,96.002,1,422.52,1761,83.3,56.4,46233,81920,71.6,warmup
synthetic-showcase-h100-4gpu-full-telemetry-v1,2026-01-15T14:01:36.004Z,96.004,2,417.82,1738,77.5,56.8,46493,81920,69.3,warmup
synthetic-showcase-h100-4gpu-full-telemetry-v1,2026-01-15T14:01:36.006Z,96.006,3,424.4,1737,77.3,57.1,46753,81920,67.7,warmup
synthetic-showcase-h100-4gpu-full-telemetry-v1,2026-01-15T14:01:37.000Z,97,0,426.06,1787,87.5,56.8,46547,81920,72.1,warmup
synthetic-showcase-h100-4gpu-full-telemetry-v1,2026-01-15T14:01:37.002Z,97.002,1,424.66,1770,83.3,57.1,46807,81920,71.7,warmup
synthetic-showcase-h100-4gpu-full-telemetry-v1,2026-01-15T14:01:37.004Z,97.004,2,421.26,1750,78.1,57.5,47067,81920,69.5,warmup
synthetic-showcase-h100-4gpu-full-telemetry-v1,2026-01-15T14:01:37.006Z,97.006,3,428.66,1750,78.3,57.8,47327,81920,67.9,warmup
synthetic-showcase-h100-4gpu-full-telemetry-v1,2026-01-15T14:01:38.000Z,98,0,429.66,1800,88.2,57.5,47120,81920,72.3,warmup
synthetic-showcase-h100-4gpu-full-telemetry-v1,2026-01-15T14:01:38.002Z,98.002,1,426.85,1780,83.3,57.8,47380,81920,71.9,warmup
synthetic-showcase-h100-4gpu-full-telemetry-v1,2026-01-15T14:01:38.004Z,98.004,2,424.93,1762,78.8,58.2,47640,81920,69.7,warmup
synthetic-showcase-h100-4gpu-full-telemetry-v1,2026-01-15T14:01:38.006Z,98.006,3,432.81,1764,79.3,58.5,47900,81920,68.2,warmup
synthetic-showcase-h100-4gpu-full-telemetry-v1,2026-01-15T14:01:39.000Z,99,0,432.95,1811,88.8,58.2,47693,81920,72.5,warmup
synthetic-showcase-h100-4gpu-full-telemetry-v1,2026-01-15T14:01:39.002Z,99.002,1,429.14,1790,83.3,58.5,47953,81920,72,warmup
synthetic-showcase-h100-4gpu-full-telemetry-v1,2026-01-15T14:01:39.004Z,99.004,2,428.81,1775,79.7,58.9,48213,81920,69.9,warmup
synthetic-showcase-h100-4gpu-full-telemetry-v1,2026-01-15T14:01:39.006Z,99.006,3,436.81,1777,80.2,59.2,48473,81920,68.4,warmup
synthetic-showcase-h100-4gpu-full-telemetry-v1,2026-01-15T14:01:40.000Z,100,0,435.97,1822,89.2,58.9,48267,81920,72.7,warmup
synthetic-showcase-h100-4gpu-full-telemetry-v1,2026-01-15T14:01:40.002Z,100.002,1,431.56,1799,83.5,59.2,48527,81920,72.1,warmup
synthetic-showcase-h100-4gpu-full-telemetry-v1,2026-01-15T14:01:40.004Z,100.004,2,432.85,1788,80.6,59.6,48787,81920,70.1,warmup
synthetic-showcase-h100-4gpu-full-telemetry-v1,2026-01-15T14:01:40.006Z,100.006,3,440.61,1790,81,59.9,49047,81920,68.6,warmup
synthetic-showcase-h100-4gpu-full-telemetry-v1,2026-01-15T14:01:41.000Z,101,0,438.75,1833,89.5,59.6,48840,81920,72.8,warmup
synthetic-showcase-h100-4gpu-full-telemetry-v1,2026-01-15T14:01:41.002Z,101.002,1,434.17,1810,83.7,59.9,49100,81920,72.2,warmup
synthetic-showcase-h100-4gpu-full-telemetry-v1,2026-01-15T14:01:41.004Z,101.004,2,437.01,1801,81.6,60.3,49360,81920,70.3,warmup
synthetic-showcase-h100-4gpu-full-telemetry-v1,2026-01-15T14:01:41.006Z,101.006,3,444.21,1802,81.7,60.6,49620,81920,68.7,warmup
synthetic-showcase-h100-4gpu-full-telemetry-v1,2026-01-15T14:01:42.000Z,102,0,441.34,1843,89.7,60.3,49413,81920,73,warmup
synthetic-showcase-h100-4gpu-full-telemetry-v1,2026-01-15T14:01:42.002Z,102.002,1,436.99,1820,84,60.6,49673,81920,72.3,warmup
synthetic-showcase-h100-4gpu-full-telemetry-v1,2026-01-15T14:01:42.004Z,102.004,2,441.25,1815,82.6,61,49933,81920,70.5,warmup
synthetic-showcase-h100-4gpu-full-telemetry-v1,2026-01-15T14:01:42.006Z,102.006,3,447.6,1814,82.3,61.3,50193,81920,68.9,warmup
synthetic-showcase-h100-4gpu-full-telemetry-v1,2026-01-15T14:01:43.000Z,103,0,443.8,1853,89.8,61,49987,81920,73.1,warmup
synthetic-showcase-h100-4gpu-full-telemetry-v1,2026-01-15T14:01:43.002Z,103.002,1,440.04,1832,84.4,61.3,50247,81920,72.5,warmup
synthetic-showcase-h100-4gpu-full-telemetry-v1,2026-01-15T14:01:43.004Z,103.004,2,445.51,1829,83.7,61.7,50507,81920,70.7,warmup
synthetic-showcase-h100-4gpu-full-telemetry-v1,2026-01-15T14:01:43.006Z,103.006,3,450.76,1825,82.8,62,50767,81920,69.1,warmup
synthetic-showcase-h100-4gpu-full-telemetry-v1,2026-01-15T14:01:44.000Z,104,0,446.18,1863,89.9,61.7,50560,81920,73.3,warmup
synthetic-showcase-h100-4gpu-full-telemetry-v1,2026-01-15T14:01:44.002Z,104.002,1,443.32,1843,85,62,50820,81920,72.7,warmup
synthetic-showcase-h100-4gpu-full-telemetry-v1,2026-01-15T14:01:44.004Z,104.004,2,449.74,1842,84.7,62.4,51080,81920,70.9,warmup
synthetic-showcase-h100-4gpu-full-telemetry-v1,2026-01-15T14:01:44.006Z,104.006,3,453.73,1836,83.2,62.7,51340,81920,69.2,warmup
synthetic-showcase-h100-4gpu-full-telemetry-v1,2026-01-15T14:01:45.000Z,105,0,448.53,1873,90,62.4,51133,81920,73.4,warmup
synthetic-showcase-h100-4gpu-full-telemetry-v1,2026-01-15T14:01:45.002Z,105.002,1,446.84,1855,85.6,62.7,51393,81920,72.8,warmup
synthetic-showcase-h100-4gpu-full-telemetry-v1,2026-01-15T14:01:45.004Z,105.004,2,453.89,1855,85.7,63.1,51653,81920,71.1,warmup
synthetic-showcase-h100-4gpu-full-telemetry-v1,2026-01-15T14:01:45.006Z,105.006,3,456.51,1847,83.5,63.4,51913,81920,69.4,warmup
synthetic-showcase-h100-4gpu-full-telemetry-v1,2026-01-15T14:01:46.000Z,106,0,450.92,1883,90.1,63.1,51707,81920,73.6,warmup
synthetic-showcase-h100-4gpu-full-telemetry-v1,2026-01-15T14:01:46.002Z,106.002,1,450.57,1868,86.4,63.4,51967,81920,73,warmup
synthetic-showcase-h100-4gpu-full-telemetry-v1,2026-01-15T14:01:46.004Z,106.004,2,457.91,1869,86.6,63.8,52227,81920,71.3,warmup
synthetic-showcase-h100-4gpu-full-telemetry-v1,2026-01-15T14:01:46.006Z,106.006,3,459.16,1857,83.7,64.1,52487,81920,69.5,warmup
synthetic-showcase-h100-4gpu-full-telemetry-v1,2026-01-15T14:01:47.000Z,107,0,453.4,1893,90.2,63.8,52280,81920,73.7,warmup
synthetic-showcase-h100-4gpu-full-telemetry-v1,2026-01-15T14:01:47.002Z,107.002,1,454.49,1881,87.3,64.1,52540,81920,73.2,warmup
synthetic-showcase-h100-4gpu-full-telemetry-v1,2026-01-15T14:01:47.004Z,107.004,2,461.76,1881,87.4,64.5,52800,81920,71.5,warmup
synthetic-showcase-h100-4gpu-full-telemetry-v1,2026-01-15T14:01:47.006Z,107.006,3,461.7,1867,83.9,64.8,53060,81920,69.7,warmup
synthetic-showcase-h100-4gpu-full-telemetry-v1,2026-01-15T14:01:48.000Z,108,0,456.01,1903,90.4,64.5,52853,81920,73.9,warmup
synthetic-showcase-h100-4gpu-full-telemetry-v1,2026-01-15T14:01:48.002Z,108.002,1,458.56,1894,88.2,64.8,53113,81920,73.4,warmup
synthetic-showcase-h100-4gpu-full-telemetry-v1,2026-01-15T14:01:48.004Z,108.004,2,465.41,1894,88.1,65.2,53373,81920,71.6,warmup
synthetic-showcase-h100-4gpu-full-telemetry-v1,2026-01-15T14:01:48.006Z,108.006,3,464.2,1877,84,65.5,53633,81920,69.8,warmup
synthetic-showcase-h100-4gpu-full-telemetry-v1,2026-01-15T14:01:49.000Z,109,0,458.8,1914,90.7,65.2,53427,81920,74,warmup
synthetic-showcase-h100-4gpu-full-telemetry-v1,2026-01-15T14:01:49.002Z,109.002,1,462.73,1907,89.2,65.5,53687,81920,73.7,warmup
synthetic-showcase-h100-4gpu-full-telemetry-v1,2026-01-15T14:01:49.004Z,109.004,2,468.84,1906,88.8,65.9,53947,81920,71.8,warmup
synthetic-showcase-h100-4gpu-full-telemetry-v1,2026-01-15T14:01:49.006Z,109.006,3,466.7,1887,84.2,66.2,54207,81920,69.9,warmup
synthetic-showcase-h100-4gpu-full-telemetry-v1,2026-01-15T14:01:50.000Z,110,0,513.54,1960,96.2,75.2,61629,81920,77.1,steady_training
synthetic-showcase-h100-4gpu-full-telemetry-v1,2026-01-15T14:01:50.002Z,110.002,1,513.33,1947,95.1,75.5,61844,81920,76.5,steady_training
synthetic-showcase-h100-4gpu-full-telemetry-v1,2026-01-15T14:01:50.004Z,110.004,2,518.88,1943,94.9,75.8,62130,81920,74.6,steady_training
synthetic-showcase-h100-4gpu-full-telemetry-v1,2026-01-15T14:01:50.006Z,110.006,3,521.99,1932,94.4,76.3,62480,81920,73,steady_training
synthetic-showcase-h100-4gpu-full-telemetry-v1,2026-01-15T14:01:51.000Z,111,0,512.3,1958,96,75.3,61656,81920,77,steady_training
synthetic-showcase-h100-4gpu-full-telemetry-v1,2026-01-15T14:01:51.002Z,111.002,1,513.49,1947,95.1,75.5,61876,81920,76.5,steady_training
synthetic-showcase-h100-4gpu-full-telemetry-v1,2026-01-15T14:01:51.004Z,111.004,2,518.37,1942,94.8,75.9,62169,81920,74.5,steady_training
synthetic-showcase-h100-4gpu-full-telemetry-v1,2026-01-15T14:01:51.006Z,111.006,3,521.45,1930,94.3,76.3,62522,81920,73,steady_training
synthetic-showcase-h100-4gpu-full-telemetry-v1,2026-01-15T14:01:52.000Z,112,0,511.3,1956,95.9,75.3,61684,81920,77,steady_training
synthetic-showcase-h100-4gpu-full-telemetry-v1,2026-01-15T14:01:52.002Z,112.002,1,513.65,1948,95.1,75.6,61909,81920,76.4,steady_training
synthetic-showcase-h100-4gpu-full-telemetry-v1,2026-01-15T14:01:52.004Z,112.004,2,517.68,1941,94.7,75.9,62208,81920,74.5,steady_training
synthetic-showcase-h100-4gpu-full-telemetry-v1,2026-01-15T14:01:52.006Z,112.006,3,521.06,1929,94.2,76.4,62565,81920,72.9,steady_training
synthetic-showcase-h100-4gpu-full-telemetry-v1,2026-01-15T14:01:53.000Z,113,0,510.53,1954,95.8,75.3,61712,81920,76.9,steady_training
synthetic-showcase-h100-4gpu-full-telemetry-v1,2026-01-15T14:01:53.002Z,113.002,1,513.76,1948,95.1,75.6,61942,81920,76.4,steady_training
synthetic-showcase-h100-4gpu-full-telemetry-v1,2026-01-15T14:01:53.004Z,113.004,2,516.85,1939,94.6,76,62248,81920,74.4,steady_training
synthetic-showcase-h100-4gpu-full-telemetry-v1,2026-01-15T14:01:53.006Z,113.006,3,520.89,1929,94.2,76.4,62607,81920,72.9,steady_training
synthetic-showcase-h100-4gpu-full-telemetry-v1,2026-01-15T14:01:54.000Z,114,0,509.97,1954,95.7,75.4,61740,81920,76.9,steady_training
synthetic-showcase-h100-4gpu-full-telemetry-v1,2026-01-15T14:01:54.002Z,114.002,1,513.77,1948,95.1,75.7,61976,81920,76.4,steady_training
synthetic-showcase-h100-4gpu-full-telemetry-v1,2026-01-15T14:01:54.004Z,114.004,2,515.89,1936,94.4,76,62289,81920,74.3,steady_training
synthetic-showcase-h100-4gpu-full-telemetry-v1,2026-01-15T14:01:54.006Z,114.006,3,520.96,1929,94.2,76.5,62648,81920,72.9,steady_training
synthetic-showcase-h100-4gpu-full-telemetry-v1,2026-01-15T14:01:55.000Z,115,0,509.61,1953,95.6,75.4,61769,81920,76.9,steady_training
synthetic-showcase-h100-4gpu-full-telemetry-v1,2026-01-15T14:01:55.002Z,115.002,1,513.65,1948,95.1,75.7,62011,81920,76.4,steady_training
synthetic-showcase-h100-4gpu-full-telemetry-v1,2026-01-15T14:01:55.004Z,115.004,2,514.87,1934,94.3,76.1,62329,81920,74.2,steady_training
synthetic-showcase-h100-4gpu-full-telemetry-v1,2026-01-15T14:01:55.006Z,115.006,3,521.3,1929,94.3,76.5,62690,81920,72.9,steady_training
synthetic-showcase-h100-4gpu-full-telemetry-v1,2026-01-15T14:01:56.000Z,116,0,509.41,1953,95.6,75.4,61798,81920,76.9,steady_training
synthetic-showcase-h100-4gpu-full-telemetry-v1,2026-01-15T14:01:56.002Z,116.002,1,513.36,1948,95.1,75.7,62046,81920,76.3,steady_training
synthetic-showcase-h100-4gpu-full-telemetry-v1,2026-01-15T14:01:56.004Z,116.004,2,513.81,1931,94.1,76.1,62370,81920,74.1,steady_training
synthetic-showcase-h100-4gpu-full-telemetry-v1,2026-01-15T14:01:56.006Z,116.006,3,521.92,1930,94.4,76.6,62731,81920,72.9,steady_training
synthetic-showcase-h100-4gpu-full-telemetry-v1,2026-01-15T14:01:57.000Z,117,0,509.32,1953,95.5,75.5,61827,81920,76.9,steady_training
synthetic-showcase-h100-4gpu-full-telemetry-v1,2026-01-15T14:01:57.002Z,117.002,1,512.89,1947,95,75.8,62081,81920,76.3,steady_training
synthetic-showcase-h100-4gpu-full-telemetry-v1,2026-01-15T14:01:57.004Z,117.004,2,512.79,1929,94,76.2,62412,81920,74,steady_training
synthetic-showcase-h100-4gpu-full-telemetry-v1,2026-01-15T14:01:57.006Z,117.006,3,522.83,1932,94.5,76.6,62772,81920,73,steady_training
synthetic-showcase-h100-4gpu-full-telemetry-v1,2026-01-15T14:01:58.000Z,118,0,509.31,1953,95.5,75.5,61856,81920,76.9,steady_training
synthetic-showcase-h100-4gpu-full-telemetry-v1,2026-01-15T14:01:58.002Z,118.002,1,512.22,1945,94.9,75.8,62117,81920,76.2,steady_training
synthetic-showcase-h100-4gpu-full-telemetry-v1,2026-01-15T14:01:58.004Z,118.004,2,511.84,1927,93.8,76.2,62453,81920,74,steady_training
synthetic-showcase-h100-4gpu-full-telemetry-v1,2026-01-15T14:01:58.006Z,118.006,3,524.02,1935,94.7,76.7,62812,81920,73,steady_training
synthetic-showcase-h100-4gpu-full-telemetry-v1,2026-01-15T14:01:59.000Z,119,0,509.32,1954,95.5,75.5,61886,81920,76.9,steady_training
synthetic-showcase-h100-4gpu-full-telemetry-v1,2026-01-15T14:01:59.002Z,119.002,1,511.36,1943,94.8,75.9,62154,81920,76.2,steady_training
synthetic-showcase-h100-4gpu-full-telemetry-v1,2026-01-15T14:01:59.004Z,119.004,2,511.02,1924,93.7,76.3,62495,81920,73.9,steady_training
synthetic-showcase-h100-4gpu-full-telemetry-v1,2026-01-15T14:01:59.006Z,119.006,3,525.47,1938,94.9,76.7,62852,81920,73.1,steady_training
synthetic-showcase-h100-4gpu-full-telemetry-v1,2026-01-15T14:02:00.000Z,120,0,509.3,1954,95.5,75.6,61916,81920,76.9,steady_training
synthetic-showcase-h100-4gpu-full-telemetry-v1,2026-01-15T14:02:00.002Z,120.002,1,510.33,1941,94.6,75.9,62192,81920,76.1,steady_training
synthetic-showcase-h100-4gpu-full-telemetry-v1,2026-01-15T14:02:00.004Z,120.004,2,510.39,1923,93.6,76.3,62537,81920,73.8,steady_training
synthetic-showcase-h100-4gpu-full-telemetry-v1,2026-01-15T14:02:00.006Z,120.006,3,527.14,1941,95.2,76.8,62892,81920,73.2,steady_training
synthetic-showcase-h100-4gpu-full-telemetry-v1,2026-01-15T14:02:01.000Z,121,0,509.21,1954,95.5,75.6,61947,81920,76.9,steady_training
synthetic-showcase-h100-4gpu-full-telemetry-v1,2026-01-15T14:02:01.002Z,121.002,1,509.14,1938,94.4,76,62229,81920,76,steady_training
synthetic-showcase-h100-4gpu-full-telemetry-v1,2026-01-15T14:02:01.004Z,121.004,2,509.98,1922,93.6,76.4,62578,81920,73.8,steady_training
synthetic-showcase-h100-4gpu-full-telemetry-v1,2026-01-15T14:02:01.006Z,121.006,3,528.99,1945,95.4,76.8,62931,81920,73.3,steady_training
synthetic-showcase-h100-4gpu-full-telemetry-v1,2026-01-15T14:02:02.000Z,122,0,508.99,1954,95.5,75.7,61979,81920,76.9,steady_training
synthetic-showcase-h100-4gpu-full-telemetry-v1,2026-01-15T14:02:02.002Z,122.002,1,507.84,1935,94.3,76,62268,81920,75.9,steady_training
synthetic-showcase-h100-4gpu-full-telemetry-v1,2026-01-15T14:02:02.004Z,122.004,2,509.84,1921,93.6,76.4,62620,81920,73.7,steady_training
synthetic-showcase-h100-4gpu-full-telemetry-v1,2026-01-15T14:02:02.006Z,122.006,3,530.97,1949,95.7,76.9,62969,81920,73.4,steady_training
synthetic-showcase-h100-4gpu-full-telemetry-v1,2026-01-15T14:02:03.000Z,123,0,508.62,1953,95.4,75.7,62011,81920,76.9,steady_training
synthetic-showcase-h100-4gpu-full-telemetry-v1,2026-01-15T14:02:03.002Z,123.002,1,506.46,1932,94.1,76.1,62307,81920,75.8,steady_training
synthetic-showcase-h100-4gpu-full-telemetry-v1,2026-01-15T14:02:03.004Z,123.004,2,509.99,1921,93.6,76.5,62662,81920,73.7,steady_training
synthetic-showcase-h100-4gpu-full-telemetry-v1,2026-01-15T14:02:03.006Z,123.006,3,533.03,1954,96.1,76.9,63007,81920,73.5,steady_training
synthetic-showcase-h100-4gpu-full-telemetry-v1,2026-01-15T14:02:04.000Z,124,0,508.07,1952,95.3,75.7,62043,81920,76.8,steady_training
synthetic-showcase-h100-4gpu-full-telemetry-v1,2026-01-15T14:02:04.002Z,124.002,1,505.06,1929,93.8,76.1,62346,81920,75.7,steady_training
synthetic-showcase-h100-4gpu-full-telemetry-v1,2026-01-15T14:02:04.004Z,124.004,2,510.45,1922,93.7,76.5,62703,81920,73.7,steady_training
synthetic-showcase-h100-4gpu-full-telemetry-v1,2026-01-15T14:02:04.006Z,124.006,3,535.1,1958,96.4,77,63044,81920,73.6,steady_training
synthetic-showcase-h100-4gpu-full-telemetry-v1,2026-01-15T14:02:05.000Z,125,0,507.32,1950,95.2,75.8,62076,81920,76.8,steady_training
synthetic-showcase-h100-4gpu-full-telemetry-v1,2026-01-15T14:02:05.002Z,125.002,1,503.7,1926,93.6,76.2,62386,81920,75.6,steady_training
synthetic-showcase-h100-4gpu-full-telemetry-v1,2026-01-15T14:02:05.004Z,125.004,2,511.22,1924,93.8,76.6,62745,81920,73.7,steady_training
synthetic-showcase-h100-4gpu-full-telemetry-v1,2026-01-15T14:02:05.006Z,125.006,3,537.11,1963,96.7,77,63081,81920,73.7,steady_training
synthetic-showcase-h100-4gpu-full-telemetry-v1,2026-01-15T14:02:06.000Z,126,0,506.35,1948,95.1,75.8,62110,81920,76.8,steady_training
synthetic-showcase-h100-4gpu-full-telemetry-v1,2026-01-15T14:02:06.002Z,126.002,1,502.42,1923,93.5,76.2,62426,81920,75.5,steady_training
synthetic-showcase-h100-4gpu-full-telemetry-v1,2026-01-15T14:02:06.004Z,126.004,2,512.29,1926,93.9,76.6,62786,81920,73.8,steady_training
synthetic-showcase-h100-4gpu-full-telemetry-v1,2026-01-15T14:02:06.006Z,126.006,3,539.02,1967,97,77,63116,81920,73.8,steady_training
synthetic-showcase-h100-4gpu-full-telemetry-v1,2026-01-15T14:02:07.000Z,127,0,505.19,1946,94.9,75.9,62144,81920,76.7,steady_training
synthetic-showcase-h100-4gpu-full-telemetry-v1,2026-01-15T14:02:07.002Z,127.002,1,501.29,1920,93.3,76.3,62466,81920,75.4,steady_training
synthetic-showcase-h100-4gpu-full-telemetry-v1,2026-01-15T14:02:07.004Z,127.004,2,513.64,1929,94.2,76.7,62827,81920,73.8,steady_training
synthetic-showcase-h100-4gpu-full-telemetry-v1,2026-01-15T14:02:07.006Z,127.006,3,540.74,1971,97.2,77.1,63152,81920,73.9,steady_training
synthetic-showcase-h100-4gpu-full-telemetry-v1,2026-01-15T14:02:08.000Z,128,0,503.83,1943,94.7,75.9,62179,81920,76.6,steady_training
synthetic-showcase-h100-4gpu-full-telemetry-v1,2026-01-15T14:02:08.002Z,128.002,1,500.36,1918,93.2,76.3,62507,81920,75.3,steady_training
synthetic-showcase-h100-4gpu-full-telemetry-v1,2026-01-15T14:02:08.004Z,128.004,2,515.24,1932,94.4,76.7,62867,81920,73.9,steady_training
synthetic-showcase-h100-4gpu-full-telemetry-v1,2026-01-15T14:02:08.006Z,128.006,3,542.25,1974,97.4,77.1,63186,81920,74,steady_training
synthetic-showcase-h100-4gpu-full-telemetry-v1,2026-01-15T14:02:09.000Z,129,0,502.31,1940,94.5,75.9,62214,81920,76.5,steady_training
synthetic-showcase-h100-4gpu-full-telemetry-v1,2026-01-15T14:02:09.002Z,129.002,1,499.66,1916,93.1,76.4,62548,81920,75.3,steady_training
synthetic-showcase-h100-4gpu-full-telemetry-v1,2026-01-15T14:02:09.004Z,129.004,2,517.05,1936,94.7,76.8,62907,81920,74,steady_training
synthetic-showcase-h100-4gpu-full-telemetry-v1,2026-01-15T14:02:09.006Z,129.006,3,543.48,1977,97.6,77.2,63220,81920,74.1,steady_training
synthetic-showcase-h100-4gpu-full-telemetry-v1,2026-01-15T14:02:10.000Z,130,0,500.68,1936,94.2,76,62250,81920,76.4,steady_training
synthetic-showcase-h100-4gpu-full-telemetry-v1,2026-01-15T14:02:10.002Z,130.002,1,499.25,1915,93,76.4,62589,81920,75.2,steady_training
synthetic-showcase-h100-4gpu-full-telemetry-v1,2026-01-15T14:02:10.004Z,130.004,2,519.01,1940,95,76.8,62947,81920,74,steady_training
synthetic-showcase-h100-4gpu-full-telemetry-v1,2026-01-15T14:02:10.006Z,130.006,3,544.41,1979,97.8,77.2,63253,81920,74.1,steady_training
synthetic-showcase-h100-4gpu-full-telemetry-v1,2026-01-15T14:02:11.000Z,131,0,498.96,1932,94,76,62287,81920,76.3,steady_training
synthetic-showcase-h100-4gpu-full-telemetry-v1,2026-01-15T14:02:11.002Z,131.002,1,499.15,1915,93,76.5,62630,81920,75.2,steady_training
synthetic-showcase-h100-4gpu-full-telemetry-v1,2026-01-15T14:02:11.004Z,131.004,2,521.06,1944,95.3,76.9,62986,81920,74.1,steady_training
synthetic-showcase-h100-4gpu-full-telemetry-v1,2026-01-15T14:02:11.006Z,131.006,3,545.01,1981,97.8,77.3,63286,81920,74.1,steady_training
synthetic-showcase-h100-4gpu-full-telemetry-v1,2026-01-15T14:02:12.000Z,132,0,497.22,1928,93.7,76.1,62324,81920,76.2,steady_training
synthetic-showcase-h100-4gpu-full-telemetry-v1,2026-01-15T14:02:12.002Z,132.002,1,499.37,1915,93,76.5,62671,81920,75.2,steady_training
synthetic-showcase-h100-4gpu-full-telemetry-v1,2026-01-15T14:02:12.004Z,132.004,2,523.16,1949,95.6,76.9,63025,81920,74.2,steady_training
synthetic-showcase-h100-4gpu-full-telemetry-v1,2026-01-15T14:02:12.006Z,132.006,3,545.27,1981,97.9,77.3,63318,81920,74.1,steady_training
synthetic-showcase-h100-4gpu-full-telemetry-v1,2026-01-15T14:02:13.000Z,133,0,495.52,1925,93.4,76.1,62362,81920,76.1,steady_training
synthetic-showcase-h100-4gpu-full-telemetry-v1,2026-01-15T14:02:13.002Z,133.002,1,499.92,1916,93.1,76.6,62712,81920,75.2,steady_training
synthetic-showcase-h100-4gpu-full-telemetry-v1,2026-01-15T14:02:13.004Z,133.004,2,525.22,1953,95.9,77,63063,81920,74.3,steady_training
synthetic-showcase-h100-4gpu-full-telemetry-v1,2026-01-15T14:02:13.006Z,133.006,3,545.2,1982,97.9,77.3,63349,81920,74.1,steady_training
synthetic-showcase-h100-4gpu-full-telemetry-v1,2026-01-15T14:02:14.000Z,134,0,493.9,1921,93.2,76.2,62400,81920,76.1,steady_training
synthetic-showcase-h100-4gpu-full-telemetry-v1,2026-01-15T14:02:14.002Z,134.002,1,500.8,1918,93.2,76.6,62754,81920,75.2,steady_training
synthetic-showcase-h100-4gpu-full-telemetry-v1,2026-01-15T14:02:14.004Z,134.004,2,527.19,1957,96.2,77,63101,81920,74.4,steady_training
synthetic-showcase-h100-4gpu-full-telemetry-v1,2026-01-15T14:02:14.006Z,134.006,3,544.81,1981,97.8,77.4,63380,81920,74.1,steady_training
synthetic-showcase-h100-4gpu-full-telemetry-v1,2026-01-15T14:02:15.000Z,135,0,492.43,1918,93,76.2,62438,81920,76,steady_training
synthetic-showcase-h100-4gpu-full-telemetry-v1,2026-01-15T14:02:15.002Z,135.002,1,501.97,1920,93.4,76.7,62795,81920,75.3,steady_training
synthetic-showcase-h100-4gpu-full-telemetry-v1,2026-01-15T14:02:15.004Z,135.004,2,529.01,1961,96.5,77.1,63138,81920,74.5,steady_training
synthetic-showcase-h100-4gpu-full-telemetry-v1,2026-01-15T14:02:15.006Z,135.006,3,544.12,1980,97.7,77.4,63410,81920,74.1,steady_training
synthetic-showcase-h100-4gpu-full-telemetry-v1,2026-01-15T14:02:16.000Z,136,0,491.16,1915,92.8,76.3,62478,81920,75.9,steady_training
synthetic-showcase-h100-4gpu-full-telemetry-v1,2026-01-15T14:02:16.002Z,136.002,1,503.42,1923,93.6,76.7,62836,81920,75.3,steady_training
synthetic-showcase-h100-4gpu-full-telemetry-v1,2026-01-15T14:02:16.004Z,136.004,2,530.62,1965,96.7,77.1,63174,81920,74.5,steady_training
synthetic-showcase-h100-4gpu-full-telemetry-v1,2026-01-15T14:02:16.006Z,136.006,3,543.18,1978,97.5,77.4,63439,81920,74,steady_training
synthetic-showcase-h100-4gpu-full-telemetry-v1,2026-01-15T14:02:17.000Z,137,0,490.15,1912,92.6,76.3,62517,81920,75.8,steady_training
synthetic-showcase-h100-4gpu-full-telemetry-v1,2026-01-15T14:02:17.002Z,137.002,1,505.1,1926,93.9,76.8,62877,81920,75.4,steady_training
synthetic-showcase-h100-4gpu-full-telemetry-v1,2026-01-15T14:02:17.004Z,137.004,2,531.98,1968,96.9,77.2,63210,81920,74.6,steady_training
synthetic-showcase-h100-4gpu-full-telemetry-v1,2026-01-15T14:02:17.006Z,137.006,3,542.03,1976,97.4,77.5,63468,81920,74,steady_training
synthetic-showcase-h100-4gpu-full-telemetry-v1,2026-01-15T14:02:18.000Z,138,0,489.42,1911,92.5,76.4,62557,81920,75.8,steady_training
synthetic-showcase-h100-4gpu-full-telemetry-v1,2026-01-15T14:02:18.002Z,138.002,1,506.96,1930,94.2,76.8,62917,81920,75.5,steady_training
synthetic-showcase-h100-4gpu-full-telemetry-v1,2026-01-15T14:02:18.004Z,138.004,2,533.06,1970,97.1,77.2,63245,81920,74.6,steady_training
synthetic-showcase-h100-4gpu-full-telemetry-v1,2026-01-15T14:02:18.006Z,138.006,3,540.71,1973,97.2,77.5,63496,81920,73.9,steady_training
synthetic-showcase-h100-4gpu-full-telemetry-v1,2026-01-15T14:02:19.000Z,139,0,489.02,1910,92.5,76.4,62597,81920,75.8,steady_training
synthetic-showcase-h100-4gpu-full-telemetry-v1,2026-01-15T14:02:19.002Z,139.002,1,508.93,1935,94.5,76.9,62957,81920,75.5,steady_training
synthetic-showcase-h100-4gpu-full-telemetry-v1,2026-01-15T14:02:19.004Z,139.004,2,533.82,1972,97.2,77.2,63279,81920,74.6,steady_training
synthetic-showcase-h100-4gpu-full-telemetry-v1,2026-01-15T14:02:19.006Z,139.006,3,539.29,1970,96.9,77.5,63524,81920,73.8,steady_training
synthetic-showcase-h100-4gpu-full-telemetry-v1,2026-01-15T14:02:20.000Z,140,0,488.95,1909,92.5,76.5,62637,81920,75.8,steady_training
synthetic-showcase-h100-4gpu-full-telemetry-v1,2026-01-15T14:02:20.002Z,140.002,1,510.97,1939,94.8,76.9,62997,81920,75.6,steady_training
synthetic-showcase-h100-4gpu-full-telemetry-v1,2026-01-15T14:02:20.004Z,140.004,2,534.26,1973,97.3,77.3,63313,81920,74.6,steady_training
synthetic-showcase-h100-4gpu-full-telemetry-v1,2026-01-15T14:02:20.006Z,140.006,3,537.83,1967,96.7,77.6,63552,81920,73.7,steady_training
synthetic-showcase-h100-4gpu-full-telemetry-v1,2026-01-15T14:02:21.000Z,141,0,489.23,1910,92.5,76.5,62678,81920,75.8,steady_training
synthetic-showcase-h100-4gpu-full-telemetry-v1,2026-01-15T14:02:21.002Z,141.002,1,513,1943,95.1,76.9,63037,81920,75.7,steady_training
synthetic-showcase-h100-4gpu-full-telemetry-v1,2026-01-15T14:02:21.004Z,141.004,2,534.39,1974,97.3,77.3,63346,81920,74.6,steady_training
synthetic-showcase-h100-4gpu-full-telemetry-v1,2026-01-15T14:02:21.006Z,141.006,3,536.38,1965,96.5,77.6,63579,81920,73.6,steady_training
synthetic-showcase-h100-4gpu-full-telemetry-v1,2026-01-15T14:02:22.000Z,142,0,489.84,1911,92.6,76.6,62718,81920,75.8,steady_training
synthetic-showcase-h100-4gpu-full-telemetry-v1,2026-01-15T14:02:22.002Z,142.002,1,514.96,1947,95.4,77,63076,81920,75.8,steady_training
synthetic-showcase-h100-4gpu-full-telemetry-v1,2026-01-15T14:02:22.004Z,142.004,2,534.2,1973,97.2,77.4,63379,81920,74.6,steady_training
synthetic-showcase-h100-4gpu-full-telemetry-v1,2026-01-15T14:02:22.006Z,142.006,3,535,1962,96.3,77.6,63606,81920,73.6,steady_training
synthetic-showcase-h100-4gpu-full-telemetry-v1,2026-01-15T14:02:23.000Z,143,0,490.78,1913,92.8,76.6,62759,81920,75.8,steady_training
synthetic-showcase-h100-4gpu-full-telemetry-v1,2026-01-15T14:02:23.002Z,143.002,1,516.79,1951,95.7,77,63114,81920,75.9,steady_training
synthetic-showcase-h100-4gpu-full-telemetry-v1,2026-01-15T14:02:23.004Z,143.004,2,533.73,1973,97.2,77.4,63411,81920,74.5,steady_training
synthetic-showcase-h100-4gpu-full-telemetry-v1,2026-01-15T14:02:23.006Z,143.006,3,533.72,1960,96.1,77.7,63633,81920,73.5,steady_training
synthetic-showcase-h100-4gpu-full-telemetry-v1,2026-01-15T14:02:24.000Z,144,0,492.01,1915,92.9,76.7,62800,81920,75.9,steady_training
synthetic-showcase-h100-4gpu-full-telemetry-v1,2026-01-15T14:02:24.002Z,144.002,1,518.44,1955,95.9,77.1,63153,81920,75.9,steady_training
synthetic-showcase-h100-4gpu-full-telemetry-v1,2026-01-15T14:02:24.004Z,144.004,2,533.02,1971,97.1,77.4,63442,81920,74.5,steady_training
synthetic-showcase-h100-4gpu-full-telemetry-v1,2026-01-15T14:02:24.006Z,144.006,3,532.6,1957,95.9,77.7,63660,81920,73.4,steady_training
synthetic-showcase-h100-4gpu-full-telemetry-v1,2026-01-15T14:02:25.000Z,145,0,493.49,1918,93.2,76.7,62841,81920,76,steady_training
synthetic-showcase-h100-4gpu-full-telemetry-v1,2026-01-15T14:02:25.002Z,145.002,1,519.86,1958,96.1,77.1,63190,81920,76,steady_training
synthetic-showcase-h100-4gpu-full-telemetry-v1,2026-01-15T14:02:25.004Z,145.004,2,532.1,1969,96.9,77.5,63472,81920,74.4,steady_training
synthetic-showcase-h100-4gpu-full-telemetry-v1,2026-01-15T14:02:25.006Z,145.006,3,531.67,1956,95.7,77.7,63686,81920,73.4,steady_training
synthetic-showcase-h100-4gpu-full-telemetry-v1,2026-01-15T14:02:26.000Z,146,0,495.16,1922,93.4,76.8,62882,81920,76.1,steady_training
synthetic-showcase-h100-4gpu-full-telemetry-v1,2026-01-15T14:02:26.002Z,146.002,1,521.01,1960,96.3,77.2,63227,81920,76,steady_training
synthetic-showcase-h100-4gpu-full-telemetry-v1,2026-01-15T14:02:26.004Z,146.004,2,531.03,1967,96.8,77.5,63502,81920,74.3,steady_training
synthetic-showcase-h100-4gpu-full-telemetry-v1,2026-01-15T14:02:26.006Z,146.006,3,530.93,1955,95.6,77.8,63712,81920,73.3,steady_training
synthetic-showcase-h100-4gpu-full-telemetry-v1,2026-01-15T14:02:27.000Z,147,0,496.98,1926,93.7,76.8,62923,81920,76.2,steady_training
synthetic-showcase-h100-4gpu-full-telemetry-v1,2026-01-15T14:02:27.002Z,147.002,1,521.88,1962,96.4,77.2,63263,81920,76,steady_training
synthetic-showcase-h100-4gpu-full-telemetry-v1,2026-01-15T14:02:27.004Z,147.004,2,529.86,1965,96.6,77.6,63532,81920,74.2,steady_training
synthetic-showcase-h100-4gpu-full-telemetry-v1,2026-01-15T14:02:27.006Z,147.006,3,530.4,1954,95.5,77.8,63738,81920,73.3,steady_training
synthetic-showcase-h100-4gpu-full-telemetry-v1,2026-01-15T14:02:28.000Z,148,0,498.88,1930,94,76.9,62963,81920,76.3,steady_training
synthetic-showcase-h100-4gpu-full-telemetry-v1,2026-01-15T14:02:28.002Z,148.002,1,522.45,1964,96.5,77.3,63299,81920,76,steady_training
synthetic-showcase-h100-4gpu-full-telemetry-v1,2026-01-15T14:02:28.004Z,148.004,2,528.64,1963,96.4,77.6,63561,81920,74.1,steady_training
synthetic-showcase-h100-4gpu-full-telemetry-v1,2026-01-15T14:02:28.006Z,148.006,3,530.08,1954,95.5,77.8,63765,81920,73.3,steady_training
synthetic-showcase-h100-4gpu-full-telemetry-v1,2026-01-15T14:02:29.000Z,149,0,500.79,1934,94.3,76.9,63004,81920,76.4,steady_training
synthetic-showcase-h100-4gpu-full-telemetry-v1,2026-01-15T14:02:29.002Z,149.002,1,522.71,1964,96.6,77.3,63334,81920,76,steady_training
synthetic-showcase-h100-4gpu-full-telemetry-v1,2026-01-15T14:02:29.004Z,149.004,2,527.44,1960,96.2,77.6,63589,81920,74,steady_training
synthetic-showcase-h100-4gpu-full-telemetry-v1,2026-01-15T14:02:29.006Z,149.006,3,529.95,1954,95.5,77.9,63791,81920,73.3,steady_training
synthetic-showcase-h100-4gpu-full-telemetry-v1,2026-01-15T14:02:30.000Z,150,0,502.66,1938,94.6,77,63044,81920,76.5,steady_training
synthetic-showcase-h100-4gpu-full-telemetry-v1,2026-01-15T14:02:30.002Z,150.002,1,522.68,1964,96.6,77.4,63369,81920,76,steady_training
synthetic-showcase-h100-4gpu-full-telemetry-v1,2026-01-15T14:02:30.004Z,150.004,2,526.31,1958,96,77.7,63617,81920,73.9,steady_training
synthetic-showcase-h100-4gpu-full-telemetry-v1,2026-01-15T14:02:30.006Z,150.006,3,529.99,1954,95.5,77.9,63817,81920,73.3,steady_training
synthetic-showcase-h100-4gpu-full-telemetry-v1,2026-01-15T14:02:31.000Z,151,0,504.42,1941,94.8,77,63083,81920,76.6,steady_training
synthetic-showcase-h100-4gpu-full-telemetry-v1,2026-01-15T14:02:31.002Z,151.002,1,522.39,1964,96.5,77.4,63403,81920,76,steady_training
synthetic-showcase-h100-4gpu-full-telemetry-v1,2026-01-15T14:02:31.004Z,151.004,2,525.28,1956,95.9,77.7,63644,81920,73.9,steady_training
synthetic-showcase-h100-4gpu-full-telemetry-v1,2026-01-15T14:02:31.006Z,151.006,3,530.15,1955,95.5,77.9,63844,81920,73.3,steady_training
synthetic-showcase-h100-4gpu-full-telemetry-v1,2026-01-15T14:02:32.000Z,152,0,506.03,1945,95.1,77.1,63123,81920,76.6,steady_training
synthetic-showcase-h100-4gpu-full-telemetry-v1,2026-01-15T14:02:32.002Z,152.002,1,521.87,1963,96.4,77.4,63436,81920,75.9,steady_training
synthetic-showcase-h100-4gpu-full-telemetry-v1,2026-01-15T14:02:32.004Z,152.004,2,524.4,1955,95.7,77.7,63672,81920,73.8,steady_training
synthetic-showcase-h100-4gpu-full-telemetry-v1,2026-01-15T14:02:32.006Z,152.006,3,530.39,1956,95.5,78,63871,81920,73.3,steady_training
synthetic-showcase-h100-4gpu-full-telemetry-v1,2026-01-15T14:02:33.000Z,153,0,507.43,1948,95.3,77.1,63162,81920,76.7,steady_training
synthetic-showcase-h100-4gpu-full-telemetry-v1,2026-01-15T14:02:33.002Z,153.002,1,521.16,1961,96.3,77.5,63468,81920,75.8,steady_training
synthetic-showcase-h100-4gpu-full-telemetry-v1,2026-01-15T14:02:33.004Z,153.004,2,523.7,1954,95.6,77.8,63698,81920,73.7,steady_training
synthetic-showcase-h100-4gpu-full-telemetry-v1,2026-01-15T14:02:33.006Z,153.006,3,530.68,1957,95.5,78,63898,81920,73.3,steady_training
synthetic-showcase-h100-4gpu-full-telemetry-v1,2026-01-15T14:02:34.000Z,154,0,508.59,1950,95.5,77.1,63200,81920,76.8,steady_training
synthetic-showcase-h100-4gpu-full-telemetry-v1,2026-01-15T14:02:34.002Z,154.002,1,520.3,1960,96.2,77.5,63500,81920,75.8,steady_training
synthetic-showcase-h100-4gpu-full-telemetry-v1,2026-01-15T14:02:34.004Z,154.004,2,523.19,1953,95.5,77.8,63725,81920,73.7,steady_training
synthetic-showcase-h100-4gpu-full-telemetry-v1,2026-01-15T14:02:34.006Z,154.006,3,530.94,1958,95.6,78,63926,81920,73.4,steady_training
synthetic-showcase-h100-4gpu-full-telemetry-v1,2026-01-15T14:02:35.000Z,155,0,509.49,1952,95.6,77.2,63239,81920,76.8,steady_training
synthetic-showcase-h100-4gpu-full-telemetry-v1,2026-01-15T14:02:35.002Z,155.002,1,519.36,1958,96,77.6,63531,81920,75.7,steady_training
synthetic-showcase-h100-4gpu-full-telemetry-v1,2026-01-15T14:02:35.004Z,155.004,2,522.89,1953,95.5,77.8,63751,81920,73.6,steady_training
synthetic-showcase-h100-4gpu-full-telemetry-v1,2026-01-15T14:02:35.006Z,155.006,3,531.14,1959,95.6,78.1,63954,81920,73.4,steady_training
synthetic-showcase-h100-4gpu-full-telemetry-v1,2026-01-15T14:02:36.000Z,156,0,510.1,1953,95.7,77.2,63276,81920,76.8,steady_training
synthetic-showcase-h100-4gpu-full-telemetry-v1,2026-01-15T14:02:36.002Z,156.002,1,518.38,1956,95.9,77.6,63562,81920,75.6,steady_training
synthetic-showcase-h100-4gpu-full-telemetry-v1,2026-01-15T14:02:36.004Z,156.004,2,522.77,1953,95.4,77.9,63777,81920,73.6,steady_training
synthetic-showcase-h100-4gpu-full-telemetry-v1,2026-01-15T14:02:36.006Z,156.006,3,531.22,1959,95.6,78.1,63982,81920,73.4,steady_training
synthetic-showcase-h100-4gpu-full-telemetry-v1,2026-01-15T14:02:37.000Z,157,0,510.44,1954,95.7,77.3,63313,81920,76.8,steady_training
synthetic-showcase-h100-4gpu-full-telemetry-v1,2026-01-15T14:02:37.002Z,157.002,1,517.43,1954,95.7,77.6,63592,81920,75.5,steady_training
synthetic-showcase-h100-4gpu-full-telemetry-v1,2026-01-15T14:02:37.004Z,157.004,2,522.84,1953,95.4,77.9,63803,81920,73.6,steady_training
synthetic-showcase-h100-4gpu-full-telemetry-v1,2026-01-15T14:02:37.006Z,157.006,3,531.14,1959,95.6,78.1,64011,81920,73.4,steady_training
synthetic-showcase-h100-4gpu-full-telemetry-v1,2026-01-15T14:02:38.000Z,158,0,510.51,1954,95.8,77.3,63350,81920,76.8,steady_training
synthetic-showcase-h100-4gpu-full-telemetry-v1,2026-01-15T14:02:38.002Z,158.002,1,516.54,1952,95.6,77.7,63621,81920,75.4,steady_training
synthetic-showcase-h100-4gpu-full-telemetry-v1,2026-01-15T14:02:38.004Z,158.004,2,523.05,1954,95.5,77.9,63830,81920,73.6,steady_training
synthetic-showcase-h100-4gpu-full-telemetry-v1,2026-01-15T14:02:38.006Z,158.006,3,530.86,1959,95.5,78.2,64040,81920,73.4,steady_training
synthetic-showcase-h100-4gpu-full-telemetry-v1,2026-01-15T14:02:39.000Z,159,0,510.33,1954,95.7,77.4,63385,81920,76.8,steady_training
synthetic-showcase-h100-4gpu-full-telemetry-v1,2026-01-15T14:02:39.002Z,159.002,1,515.77,1951,95.5,77.7,63650,81920,75.4,steady_training
synthetic-showcase-h100-4gpu-full-telemetry-v1,2026-01-15T14:02:39.004Z,159.004,2,523.38,1955,95.5,77.9,63856,81920,73.6,steady_training
synthetic-showcase-h100-4gpu-full-telemetry-v1,2026-01-15T14:02:39.006Z,159.006,3,530.35,1958,95.4,78.2,64070,81920,73.4,steady_training
synthetic-showcase-h100-4gpu-full-telemetry-v1,2026-01-15T14:02:40.000Z,160,0,509.95,1953,95.7,70.3,57621,81920,76.8,steady_training
synthetic-showcase-h100-4gpu-full-telemetry-v1,2026-01-15T14:02:40.002Z,160.002,1,515.15,1950,95.4,70.7,57879,81920,75.3,steady_training
synthetic-showcase-h100-4gpu-full-telemetry-v1,2026-01-15T14:02:40.004Z,160.004,2,523.77,1957,95.6,70.9,58082,81920,73.6,steady_training
synthetic-showcase-h100-4gpu-full-telemetry-v1,2026-01-15T14:02:40.006Z,160.006,3,529.58,1957,95.3,71.2,58300,81920,73.3,steady_training
synthetic-showcase-h100-4gpu-full-telemetry-v1,2026-01-15T14:02:41.000Z,161,0,509.39,1952,95.6,70.4,57655,81920,76.7,steady_training
synthetic-showcase-h100-4gpu-full-telemetry-v1,2026-01-15T14:02:41.002Z,161.002,1,514.7,1949,95.3,70.7,57907,81920,75.2,steady_training
synthetic-showcase-h100-4gpu-full-telemetry-v1,2026-01-15T14:02:41.004Z,161.004,2,524.19,1958,95.6,70.9,58108,81920,73.6,steady_training
synthetic-showcase-h100-4gpu-full-telemetry-v1,2026-01-15T14:02:41.006Z,161.006,3,528.56,1955,95.2,71.2,58331,81920,73.3,steady_training
synthetic-showcase-h100-4gpu-full-telemetry-v1,2026-01-15T14:02:42.000Z,162,0,508.71,1950,95.5,70.4,57689,81920,76.7,steady_training
synthetic-showcase-h100-4gpu-full-telemetry-v1,2026-01-15T14:02:42.002Z,162.002,1,514.45,1949,95.3,70.7,57934,81920,75.2,steady_training
synthetic-showcase-h100-4gpu-full-telemetry-v1,2026-01-15T14:02:42.004Z,162.004,2,524.57,1959,95.7,71,58134,81920,73.6,steady_training
synthetic-showcase-h100-4gpu-full-telemetry-v1,2026-01-15T14:02:42.006Z,162.006,3,527.29,1952,95,71.2,58363,81920,73.2,steady_training
synthetic-showcase-h100-4gpu-full-telemetry-v1,2026-01-15T14:02:43.000Z,163,0,507.96,1949,95.4,70.5,57722,81920,76.6,steady_training
synthetic-showcase-h100-4gpu-full-telemetry-v1,2026-01-15T14:02:43.002Z,163.002,1,514.39,1949,95.2,70.8,57961,81920,75.2,steady_training
synthetic-showcase-h100-4gpu-full-telemetry-v1,2026-01-15T14:02:43.004Z,163.004,2,524.87,1960,95.7,71,58161,81920,73.6,steady_training
synthetic-showcase-h100-4gpu-full-telemetry-v1,2026-01-15T14:02:43.006Z,163.006,3,525.77,1949,94.7,71.3,58395,81920,73.1,steady_training
synthetic-showcase-h100-4gpu-full-telemetry-v1,2026-01-15T14:02:44.000Z,164,0,507.18,1947,95.2,70.5,57755,81920,76.6,steady_training
synthetic-showcase-h100-4gpu-full-telemetry-v1,2026-01-15T14:02:44.002Z,164.002,1,514.52,1950,95.3,70.8,57988,81920,75.2,steady_training
synthetic-showcase-h100-4gpu-full-telemetry-v1,2026-01-15T14:02:44.004Z,164.004,2,525.03,1961,95.7,71,58188,81920,73.6,steady_training
synthetic-showcase-h100-4gpu-full-telemetry-v1,2026-01-15T14:02:44.006Z,164.006,3,524.05,1945,94.5,71.3,58428,81920,73,steady_training
synthetic-showcase-h100-4gpu-full-telemetry-v1,2026-01-15T14:02:45.000Z,165,0,506.45,1946,95.1,70.5,57787,81920,76.5,steady_training
synthetic-showcase-h100-4gpu-full-telemetry-v1,2026-01-15T14:02:45.002Z,165.002,1,514.82,1951,95.3,70.8,58015,81920,75.1,steady_training
synthetic-showcase-h100-4gpu-full-telemetry-v1,2026-01-15T14:02:45.004Z,165.004,2,525.01,1961,95.7,71.1,58215,81920,73.6,steady_training
synthetic-showcase-h100-4gpu-full-telemetry-v1,2026-01-15T14:02:45.006Z,165.006,3,522.15,1941,94.2,71.4,58461,81920,72.9,steady_training
synthetic-showcase-h100-4gpu-full-telemetry-v1,2026-01-15T14:02:46.000Z,166,0,505.79,1945,95,70.6,57818,81920,76.5,steady_training
synthetic-showcase-h100-4gpu-full-telemetry-v1,2026-01-15T14:02:46.002Z,166.002,1,515.26,1952,95.4,70.9,58041,81920,75.1,steady_training
synthetic-showcase-h100-4gpu-full-telemetry-v1,2026-01-15T14:02:46.004Z,166.004,2,524.77,1961,95.7,71.1,58242,81920,73.5,steady_training
synthetic-showcase-h100-4gpu-full-telemetry-v1,2026-01-15T14:02:46.006Z,166.006,3,520.13,1937,93.9,71.4,58495,81920,72.8,steady_training
synthetic-showcase-h100-4gpu-full-telemetry-v1,2026-01-15T14:02:47.000Z,167,0,505.26,1944,94.9,70.6,57849,81920,76.4,steady_training
synthetic-showcase-h100-4gpu-full-telemetry-v1,2026-01-15T14:02:47.002Z,167.002,1,515.81,1954,95.4,70.9,58067,81920,75.1,steady_training
synthetic-showcase-h100-4gpu-full-telemetry-v1,2026-01-15T14:02:47.004Z,167.004,2,524.28,1961,95.6,71.1,58270,81920,73.5,steady_training
synthetic-showcase-h100-4gpu-full-telemetry-v1,2026-01-15T14:02:47.006Z,167.006,3,518.03,1932,93.6,71.4,58530,81920,72.7,steady_training
synthetic-showcase-h100-4gpu-full-telemetry-v1,2026-01-15T14:02:48.000Z,168,0,504.88,1943,94.9,70.7,57879,81920,76.4,steady_training
synthetic-showcase-h100-4gpu-full-telemetry-v1,2026-01-15T14:02:48.002Z,168.002,1,516.41,1956,95.5,70.9,58093,81920,75.1,steady_training
synthetic-showcase-h100-4gpu-full-telemetry-v1,2026-01-15T14:02:48.004Z,168.004,2,523.52,1959,95.5,71.2,58299,81920,73.4,steady_training
synthetic-showcase-h100-4gpu-full-telemetry-v1,2026-01-15T14:02:48.006Z,168.006,3,515.92,1928,93.3,71.5,58565,81920,72.6,steady_training
synthetic-showcase-h100-4gpu-full-telemetry-v1,2026-01-15T14:02:49.000Z,169,0,504.69,1943,94.8,70.7,57909,81920,76.4,steady_training
synthetic-showcase-h100-4gpu-full-telemetry-v1,2026-01-15T14:02:49.002Z,169.002,1,517.02,1958,95.6,70.9,58119,81920,75.1,steady_training
synthetic-showcase-h100-4gpu-full-telemetry-v1,2026-01-15T14:02:49.004Z,169.004,2,522.48,1957,95.3,71.2,58328,81920,73.4,steady_training
synthetic-showcase-h100-4gpu-full-telemetry-v1,2026-01-15T14:02:49.006Z,169.006,3,513.85,1923,92.9,71.5,58601,81920,72.5,steady_training
synthetic-showcase-h100-4gpu-full-telemetry-v1,2026-01-15T14:02:50.000Z,170,0,504.69,1943,94.8,70.7,57938,81920,76.4,steady_training
synthetic-showcase-h100-4gpu-full-telemetry-v1,2026-01-15T14:02:50.002Z,170.002,1,517.58,1959,95.7,71,58145,81920,75.1,steady_training
synthetic-showcase-h100-4gpu-full-telemetry-v1,2026-01-15T14:02:50.004Z,170.004,2,521.17,1955,95.1,71.2,58357,81920,73.3,steady_training
synthetic-showcase-h100-4gpu-full-telemetry-v1,2026-01-15T14:02:50.006Z,170.006,3,511.89,1919,92.7,71.6,58637,81920,72.4,steady_training
synthetic-showcase-h100-4gpu-full-telemetry-v1,2026-01-15T14:02:51.000Z,171,0,504.9,1944,94.9,70.8,57967,81920,76.4,steady_training
synthetic-showcase-h100-4gpu-full-telemetry-v1,2026-01-15T14:02:51.002Z,171.002,1,518.04,1961,95.7,71,58171,81920,75.1,steady_training
synthetic-showcase-h100-4gpu-full-telemetry-v1,2026-01-15T14:02:51.004Z,171.004,2,519.61,1951,94.9,71.3,58387,81920,73.2,steady_training
synthetic-showcase-h100-4gpu-full-telemetry-v1,2026-01-15T14:02:51.006Z,171.006,3,510.09,1915,92.4,71.6,58674,81920,72.3,steady_training
synthetic-showcase-h100-4gpu-full-telemetry-v1,2026-01-15T14:02:52.000Z,172,0,505.29,1945,94.9,70.8,57995,81920,76.4,steady_training
synthetic-showcase-h100-4gpu-full-telemetry-v1,2026-01-15T14:02:52.002Z,172.002,1,518.35,1962,95.8,71,58197,81920,75.1,steady_training
synthetic-showcase-h100-4gpu-full-telemetry-v1,2026-01-15T14:02:52.004Z,172.004,2,517.81,1948,94.6,71.3,58418,81920,73,steady_training
synthetic-showcase-h100-4gpu-full-telemetry-v1,2026-01-15T14:02:52.006Z,172.006,3,508.51,1911,92.1,71.7,58712,81920,72.3,steady_training
synthetic-showcase-h100-4gpu-full-telemetry-v1,2026-01-15T14:02:53.000Z,173,0,505.85,1947,95,70.8,58022,81920,76.4,steady_training
synthetic-showcase-h100-4gpu-full-telemetry-v1,2026-01-15T14:02:53.002Z,173.002,1,518.46,1962,95.8,71.1,58223,81920,75.1,steady_training
synthetic-showcase-h100-4gpu-full-telemetry-v1,2026-01-15T14:02:53.004Z,173.004,2,515.83,1944,94.3,71.3,58449,81920,72.9,steady_training
synthetic-showcase-h100-4gpu-full-telemetry-v1,2026-01-15T14:02:53.006Z,173.006,3,507.19,1908,92,71.7,58750,81920,72.2,steady_training
synthetic-showcase-h100-4gpu-full-telemetry-v1,2026-01-15T14:02:54.000Z,174,0,506.55,1949,95.1,70.9,58050,81920,76.4,steady_training
synthetic-showcase-h100-4gpu-full-telemetry-v1,2026-01-15T14:02:54.002Z,174.002,1,518.33,1963,95.7,71.1,58249,81920,75.1,steady_training
synthetic-showcase-h100-4gpu-full-telemetry-v1,2026-01-15T14:02:54.004Z,174.004,2,513.71,1939,94,71.4,58481,81920,72.8,steady_training
synthetic-showcase-h100-4gpu-full-telemetry-v1,2026-01-15T14:02:54.006Z,174.006,3,506.15,1906,91.8,71.8,58788,81920,72.1,steady_training
synthetic-showcase-h100-4gpu-full-telemetry-v1,2026-01-15T14:02:55.000Z,175,0,507.35,1951,95.2,70.9,58077,81920,76.4,steady_training
synthetic-showcase-h100-4gpu-full-telemetry-v1,2026-01-15T14:02:55.002Z,175.002,1,517.94,1962,95.7,71.1,58276,81920,75,steady_training
synthetic-showcase-h100-4gpu-full-telemetry-v1,2026-01-15T14:02:55.004Z,175.004,2,511.5,1934,93.6,71.4,58513,81920,72.6,steady_training
synthetic-showcase-h100-4gpu-full-telemetry-v1,2026-01-15T14:02:55.006Z,175.006,3,505.44,1904,91.7,71.8,58827,81920,72.1,steady_training
synthetic-showcase-h100-4gpu-full-telemetry-v1,2026-01-15T14:02:56.000Z,176,0,508.19,1953,95.3,70.9,58103,81920,76.5,steady_training
synthetic-showcase-h100-4gpu-full-telemetry-v1,2026-01-15T14:02:56.002Z,176.002,1,517.26,1961,95.6,71.2,58303,81920,75,steady_training
synthetic-showcase-h100-4gpu-full-telemetry-v1,2026-01-15T14:02:56.004Z,176.004,2,509.26,1930,93.3,71.5,58546,81920,72.5,steady_training
synthetic-showcase-h100-4gpu-full-telemetry-v1,2026-01-15T14:02:56.006Z,176.006,3,505.05,1903,91.6,71.9,58867,81920,72.1,steady_training
synthetic-showcase-h100-4gpu-full-telemetry-v1,2026-01-15T14:02:57.000Z,177,0,509.04,1955,95.4,71,58130,81920,76.5,steady_training
synthetic-showcase-h100-4gpu-full-telemetry-v1,2026-01-15T14:02:57.002Z,177.002,1,516.28,1959,95.4,71.2,58330,81920,74.9,steady_training
synthetic-showcase-h100-4gpu-full-telemetry-v1,2026-01-15T14:02:57.004Z,177.004,2,507.05,1925,93,71.5,58580,81920,72.4,steady_training
synthetic-showcase-h100-4gpu-full-telemetry-v1,2026-01-15T14:02:57.006Z,177.006,3,504.98,1903,91.6,71.9,58906,81920,72.1,steady_training
synthetic-showcase-h100-4gpu-full-telemetry-v1,2026-01-15T14:02:58.000Z,178,0,509.83,1958,95.6,71,58156,81920,76.5,steady_training
synthetic-showcase-h100-4gpu-full-telemetry-v1,2026-01-15T14:02:58.002Z,178.002,1,515.01,1957,95.2,71.2,58358,81920,74.8,steady_training
synthetic-showcase-h100-4gpu-full-telemetry-v1,2026-01-15T14:02:58.004Z,178.004,2,504.94,1920,92.6,71.6,58614,81920,72.2,steady_training
synthetic-showcase-h100-4gpu-full-telemetry-v1,2026-01-15T14:02:58.006Z,178.006,3,505.23,1903,91.7,72,58946,81920,72.1,steady_training
synthetic-showcase-h100-4gpu-full-telemetry-v1,2026-01-15T14:02:59.000Z,179,0,510.51,1960,95.6,71,58182,81920,76.6,steady_training
synthetic-showcase-h100-4gpu-full-telemetry-v1,2026-01-15T14:02:59.002Z,179.002,1,513.47,1954,95,71.3,58386,81920,74.7,steady_training
synthetic-showcase-h100-4gpu-full-telemetry-v1,2026-01-15T14:02:59.004Z,179.004,2,502.99,1916,92.3,71.6,58649,81920,72.1,steady_training
synthetic-showcase-h100-4gpu-full-telemetry-v1,2026-01-15T14:02:59.006Z,179.006,3,505.77,1904,91.8,72,58986,81920,72.2,steady_training
synthetic-showcase-h100-4gpu-full-telemetry-v1,2026-01-15T14:03:00.000Z,180,0,511.02,1961,95.7,71.1,58208,81920,76.6,steady_training
synthetic-showcase-h100-4gpu-full-telemetry-v1,2026-01-15T14:03:00.002Z,180.002,1,511.68,1950,94.7,71.3,58415,81920,74.5,steady_training
synthetic-showcase-h100-4gpu-full-telemetry-v1,2026-01-15T14:03:00.004Z,180.004,2,501.23,1912,92.1,71.6,58685,81920,72,steady_training
synthetic-showcase-h100-4gpu-full-telemetry-v1,2026-01-15T14:03:00.006Z,180.006,3,506.55,1906,91.9,72.1,59027,81920,72.2,steady_training
synthetic-showcase-h100-4gpu-full-telemetry-v1,2026-01-15T14:03:01.000Z,181,0,511.32,1962,95.8,71.1,58234,81920,76.6,steady_training
synthetic-showcase-h100-4gpu-full-telemetry-v1,2026-01-15T14:03:01.002Z,181.002,1,509.69,1946,94.4,71.3,58444,81920,74.4,steady_training
synthetic-showcase-h100-4gpu-full-telemetry-v1,2026-01-15T14:03:01.004Z,181.004,2,499.73,1909,91.9,71.7,58721,81920,71.9,steady_training
synthetic-showcase-h100-4gpu-full-telemetry-v1,2026-01-15T14:03:01.006Z,181.006,3,507.54,1908,92,72.1,59067,81920,72.3,steady_training
synthetic-showcase-h100-4gpu-full-telemetry-v1,2026-01-15T14:03:02.000Z,182,0,511.37,1963,95.7,71.1,58260,81920,76.5,steady_training
synthetic-showcase-h100-4gpu-full-telemetry-v1,2026-01-15T14:03:02.002Z,182.002,1,507.53,1942,94.1,71.4,58474,81920,74.2,steady_training
synthetic-showcase-h100-4gpu-full-telemetry-v1,2026-01-15T14:03:02.004Z,182.004,2,498.52,1906,91.7,71.7,58758,81920,71.8,steady_training
synthetic-showcase-h100-4gpu-full-telemetry-v1,2026-01-15T14:03:02.006Z,182.006,3,508.68,1910,92.2,72.2,59108,81920,72.4,steady_training
synthetic-showcase-h100-4gpu-full-telemetry-v1,2026-01-15T14:03:03.000Z,183,0,511.14,1963,95.7,71.1,58286,81920,76.5,steady_training
synthetic-showcase-h100-4gpu-full-telemetry-v1,2026-01-15T14:03:03.002Z,183.002,1,505.27,1937,93.7,71.4,58504,81920,74.1,steady_training
synthetic-showcase-h100-4gpu-full-telemetry-v1,2026-01-15T14:03:03.004Z,183.004,2,497.61,1904,91.5,71.8,58795,81920,71.7,steady_training
synthetic-showcase-h100-4gpu-full-telemetry-v1,2026-01-15T14:03:03.006Z,183.006,3,509.92,1913,92.4,72.2,59148,81920,72.5,steady_training
synthetic-showcase-h100-4gpu-full-telemetry-v1,2026-01-15T14:03:04.000Z,184,0,510.61,1962,95.6,71.2,58312,81920,76.5,steady_training
synthetic-showcase-h100-4gpu-full-telemetry-v1,2026-01-15T14:03:04.002Z,184.002,1,502.97,1932,93.4,71.5,58535,81920,73.9,steady_training
synthetic-showcase-h100-4gpu-full-telemetry-v1,2026-01-15T14:03:04.004Z,184.004,2,497.03,1903,91.4,71.8,58833,81920,71.7,steady_training
synthetic-showcase-h100-4gpu-full-telemetry-v1,2026-01-15T14:03:04.006Z,184.006,3,511.19,1915,92.6,72.3,59189,81920,72.6,steady_training
synthetic-showcase-h100-4gpu-full-telemetry-v1,2026-01-15T14:03:05.000Z,185,0,509.76,1960,95.5,71.2,58338,81920,76.4,steady_training
synthetic-showcase-h100-4gpu-full-telemetry-v1,2026-01-15T14:03:05.002Z,185.002,1,500.69,1927,93,71.5,58567,81920,73.8,steady_training
synthetic-showcase-h100-4gpu-full-telemetry-v1,2026-01-15T14:03:05.004Z,185.004,2,496.77,1902,91.4,71.9,58871,81920,71.7,steady_training
synthetic-showcase-h100-4gpu-full-telemetry-v1,2026-01-15T14:03:05.006Z,185.006,3,512.43,1918,92.8,72.3,59229,81920,72.6,steady_training
synthetic-showcase-h100-4gpu-full-telemetry-v1,2026-01-15T14:03:06.000Z,186,0,508.6,1958,95.3,71.2,58365,81920,76.3,steady_training
synthetic-showcase-h100-4gpu-full-telemetry-v1,2026-01-15T14:03:06.002Z,186.002,1,498.48,1923,92.7,71.5,58599,81920,73.6,steady_training
synthetic-showcase-h100-4gpu-full-telemetry-v1,2026-01-15T14:03:06.004Z,186.004,2,496.83,1902,91.4,71.9,58910,81920,71.7,steady_training
synthetic-showcase-h100-4gpu-full-telemetry-v1,2026-01-15T14:03:06.006Z,186.006,3,513.59,1920,93,72.4,59269,81920,72.7,steady_training
synthetic-showcase-h100-4gpu-full-telemetry-v1,2026-01-15T14:03:07.000Z,187,0,507.16,1955,95.1,71.3,58392,81920,76.2,steady_training
synthetic-showcase-h100-4gpu-full-telemetry-v1,2026-01-15T14:03:07.002Z,187.002,1,496.42,1918,92.4,71.6,58632,81920,73.5,steady_training
synthetic-showcase-h100-4gpu-full-telemetry-v1,2026-01-15T14:03:07.004Z,187.004,2,497.16,1903,91.5,72,58949,81920,71.7,steady_training
synthetic-showcase-h100-4gpu-full-telemetry-v1,2026-01-15T14:03:07.006Z,187.006,3,514.63,1922,93.1,72.4,59309,81920,72.8,steady_training
synthetic-showcase-h100-4gpu-full-telemetry-v1,2026-01-15T14:03:08.000Z,188,0,505.45,1952,94.8,71.3,58419,81920,76.1,steady_training
synthetic-showcase-h100-4gpu-full-telemetry-v1,2026-01-15T14:03:08.002Z,188.002,1,494.54,1914,92.1,71.6,58665,81920,73.3,steady_training
synthetic-showcase-h100-4gpu-full-telemetry-v1,2026-01-15T14:03:08.004Z,188.004,2,497.75,1904,91.6,72,58989,81920,71.7,steady_training
synthetic-showcase-h100-4gpu-full-telemetry-v1,2026-01-15T14:03:08.006Z,188.006,3,515.49,1924,93.2,72.4,59349,81920,72.9,steady_training
synthetic-showcase-h100-4gpu-full-telemetry-v1,2026-01-15T14:03:09.000Z,189,0,503.51,1948,94.5,71.3,58447,81920,76,steady_training
synthetic-showcase-h100-4gpu-full-telemetry-v1,2026-01-15T14:03:09.002Z,189.002,1,492.91,1911,91.9,71.7,58699,81920,73.2,steady_training
synthetic-showcase-h100-4gpu-full-telemetry-v1,2026-01-15T14:03:09.004Z,189.004,2,498.55,1906,91.7,72.1,59029,81920,71.7,steady_training
synthetic-showcase-h100-4gpu-full-telemetry-v1,2026-01-15T14:03:09.006Z,189.006,3,516.14,1925,93.3,72.5,59389,81920,72.9,steady_training
synthetic-showcase-h100-4gpu-full-telemetry-v1,2026-01-15T14:03:10.000Z,190,0,501.4,1944,94.2,71.4,58475,81920,75.8,steady_training
synthetic-showcase-h100-4gpu-full-telemetry-v1,2026-01-15T14:03:10.002Z,190.002,1,491.55,1908,91.6,71.7,58734,81920,73.1,steady_training
synthetic-showcase-h100-4gpu-full-telemetry-v1,2026-01-15T14:03:10.004Z,190.004,2,499.5,1907,91.8,72.1,59069,81920,71.8,steady_training
synthetic-showcase-h100-4gpu-full-telemetry-v1,2026-01-15T14:03:10.006Z,190.006,3,516.55,1926,93.4,72.5,59428,81920,73,steady_training
synthetic-showcase-h100-4gpu-full-telemetry-v1,2026-01-15T14:03:11.000Z,191,0,499.17,1939,93.8,71.4,58503,81920,75.7,steady_training
synthetic-showcase-h100-4gpu-full-telemetry-v1,2026-01-15T14:03:11.002Z,191.002,1,490.5,1905,91.5,71.7,58770,81920,73,steady_training
synthetic-showcase-h100-4gpu-full-telemetry-v1,2026-01-15T14:03:11.004Z,191.004,2,500.55,1910,92,72.2,59109,81920,71.8,steady_training
synthetic-showcase-h100-4gpu-full-telemetry-v1,2026-01-15T14:03:11.006Z,191.006,3,516.73,1927,93.4,72.6,59467,81920,73,steady_training
synthetic-showcase-h100-4gpu-full-telemetry-v1,2026-01-15T14:03:12.000Z,192,0,496.87,1935,93.5,71.5,58532,81920,75.5,steady_training
synthetic-showcase-h100-4gpu-full-telemetry-v1,2026-01-15T14:03:12.002Z,192.002,1,489.75,1904,91.4,71.8,58806,81920,72.9,steady_training
synthetic-showcase-h100-4gpu-full-telemetry-v1,2026-01-15T14:03:12.004Z,192.004,2,501.64,1912,92.2,72.2,59150,81920,71.9,steady_training
synthetic-showcase-h100-4gpu-full-telemetry-v1,2026-01-15T14:03:12.006Z,192.006,3,516.66,1926,93.4,72.6,59505,81920,73,steady_training
synthetic-showcase-h100-4gpu-full-telemetry-v1,2026-01-15T14:03:13.000Z,193,0,494.58,1930,93.1,71.5,58562,81920,75.4,steady_training
synthetic-showcase-h100-4gpu-full-telemetry-v1,2026-01-15T14:03:13.002Z,193.002,1,489.33,1903,91.3,71.8,58842,81920,72.9,steady_training
synthetic-showcase-h100-4gpu-full-telemetry-v1,2026-01-15T14:03:13.004Z,193.004,2,502.72,1914,92.3,72.3,59190,81920,71.9,steady_training
synthetic-showcase-h100-4gpu-full-telemetry-v1,2026-01-15T14:03:13.006Z,193.006,3,516.36,1926,93.4,72.7,59543,81920,73,steady_training
synthetic-showcase-h100-4gpu-full-telemetry-v1,2026-01-15T14:03:14.000Z,194,0,492.35,1925,92.8,71.5,58592,81920,75.3,steady_training
synthetic-showcase-h100-4gpu-full-telemetry-v1,2026-01-15T14:03:14.002Z,194.002,1,489.2,1902,91.3,71.9,58880,81920,72.9,steady_training
synthetic-showcase-h100-4gpu-full-telemetry-v1,2026-01-15T14:03:14.004Z,194.004,2,503.72,1916,92.5,72.3,59231,81920,72,steady_training
synthetic-showcase-h100-4gpu-full-telemetry-v1,2026-01-15T14:03:14.006Z,194.006,3,515.86,1924,93.3,72.7,59581,81920,73,steady_training
synthetic-showcase-h100-4gpu-full-telemetry-v1,2026-01-15T14:03:15.000Z,195,0,490.24,1921,92.5,71.6,58623,81920,75.1,steady_training
synthetic-showcase-h100-4gpu-full-telemetry-v1,2026-01-15T14:03:15.002Z,195.002,1,489.36,1903,91.3,71.9,58917,81920,72.8,steady_training
synthetic-showcase-h100-4gpu-full-telemetry-v1,2026-01-15T14:03:15.004Z,195.004,2,504.6,1918,92.6,72.4,59272,81920,72,steady_training
synthetic-showcase-h100-4gpu-full-telemetry-v1,2026-01-15T14:03:15.006Z,195.006,3,515.19,1923,93.2,72.8,59618,81920,73,steady_training
synthetic-showcase-h100-4gpu-full-telemetry-v1,2026-01-15T14:03:16.000Z,196,0,488.31,1917,92.2,71.6,58654,81920,75,steady_training
synthetic-showcase-h100-4gpu-full-telemetry-v1,2026-01-15T14:03:16.002Z,196.002,1,489.77,1904,91.4,72,58956,81920,72.8,steady_training
synthetic-showcase-h100-4gpu-full-telemetry-v1,2026-01-15T14:03:16.004Z,196.004,2,505.31,1919,92.7,72.4,59312,81920,72,steady_training
synthetic-showcase-h100-4gpu-full-telemetry-v1,2026-01-15T14:03:16.006Z,196.006,3,514.39,1921,93.1,72.8,59654,81920,72.9,steady_training
synthetic-showcase-h100-4gpu-full-telemetry-v1,2026-01-15T14:03:17.000Z,197,0,486.6,1913,91.9,71.6,58687,81920,74.9,steady_training
synthetic-showcase-h100-4gpu-full-telemetry-v1,2026-01-15T14:03:17.002Z,197.002,1,490.38,1905,91.5,72,58994,81920,72.8,steady_training
synthetic-showcase-h100-4gpu-full-telemetry-v1,2026-01-15T14:03:17.004Z,197.004,2,505.83,1920,92.8,72.5,59353,81920,72,steady_training
synthetic-showcase-h100-4gpu-full-telemetry-v1,2026-01-15T14:03:17.006Z,197.006,3,513.5,1919,93,72.9,59690,81920,72.9,steady_training
synthetic-showcase-h100-4gpu-full-telemetry-v1,2026-01-15T14:03:18.000Z,198,0,485.15,1910,91.7,71.7,58719,81920,74.8,steady_training
synthetic-showcase-h100-4gpu-full-telemetry-v1,2026-01-15T14:03:18.002Z,198.002,1,491.14,1906,91.6,72.1,59034,81920,72.9,steady_training
synthetic-showcase-h100-4gpu-full-telemetry-v1,2026-01-15T14:03:18.004Z,198.004,2,506.13,1921,92.9,72.5,59393,81920,72,steady_training
synthetic-showcase-h100-4gpu-full-telemetry-v1,2026-01-15T14:03:18.006Z,198.006,3,512.59,1917,92.8,72.9,59725,81920,72.9,steady_training
synthetic-showcase-h100-4gpu-full-telemetry-v1,2026-01-15T14:03:19.000Z,199,0,483.99,1908,91.5,71.7,58753,81920,74.7,steady_training
synthetic-showcase-h100-4gpu-full-telemetry-v1,2026-01-15T14:03:19.002Z,199.002,1,492,1908,91.7,72.1,59073,81920,72.9,steady_training
synthetic-showcase-h100-4gpu-full-telemetry-v1,2026-01-15T14:03:19.004Z,199.004,2,506.19,1921,92.9,72.6,59434,81920,72,steady_training
synthetic-showcase-h100-4gpu-full-telemetry-v1,2026-01-15T14:03:19.006Z,199.006,3,511.7,1915,92.7,72.9,59760,81920,72.8,steady_training
synthetic-showcase-h100-4gpu-full-telemetry-v1,2026-01-15T14:03:20.000Z,200,0,483.13,1906,91.4,71.8,58787,81920,74.6,steady_training
synthetic-showcase-h100-4gpu-full-telemetry-v1,2026-01-15T14:03:20.002Z,200.002,1,492.91,1910,91.9,72.2,59113,81920,72.9,steady_training
synthetic-showcase-h100-4gpu-full-telemetry-v1,2026-01-15T14:03:20.004Z,200.004,2,506.03,1920,92.8,72.6,59474,81920,72,steady_training
synthetic-showcase-h100-4gpu-full-telemetry-v1,2026-01-15T14:03:20.006Z,200.006,3,510.89,1914,92.6,73,59794,81920,72.8,steady_training
synthetic-showcase-h100-4gpu-full-telemetry-v1,2026-01-15T14:03:21.000Z,201,0,482.58,1905,91.3,71.8,58821,81920,74.6,steady_training
synthetic-showcase-h100-4gpu-full-telemetry-v1,2026-01-15T14:03:21.002Z,201.002,1,493.8,1912,92,72.2,59153,81920,72.9,steady_training
synthetic-showcase-h100-4gpu-full-telemetry-v1,2026-01-15T14:03:21.004Z,201.004,2,505.66,1919,92.8,72.6,59513,81920,72,steady_training
synthetic-showcase-h100-4gpu-full-telemetry-v1,2026-01-15T14:03:21.006Z,201.006,3,510.21,1912,92.5,73,59828,81920,72.8,steady_training
synthetic-showcase-h100-4gpu-full-telemetry-v1,2026-01-15T14:03:22.000Z,202,0,482.32,1904,91.3,71.8,58857,81920,74.5,steady_training
synthetic-showcase-h100-4gpu-full-telemetry-v1,2026-01-15T14:03:22.002Z,202.002,1,494.62,1913,92.1,72.3,59194,81920,72.9,steady_training
synthetic-showcase-h100-4gpu-full-telemetry-v1,2026-01-15T14:03:22.004Z,202.004,2,505.09,1918,92.7,72.7,59553,81920,72,steady_training
synthetic-showcase-h100-4gpu-full-telemetry-v1,2026-01-15T14:03:22.006Z,202.006,3,509.7,1911,92.4,73.1,59861,81920,72.8,steady_training
synthetic-showcase-h100-4gpu-full-telemetry-v1,2026-01-15T14:03:23.000Z,203,0,482.33,1904,91.3,71.9,58893,81920,74.5,steady_training
synthetic-showcase-h100-4gpu-full-telemetry-v1,2026-01-15T14:03:23.002Z,203.002,1,495.33,1915,92.2,72.3,59235,81920,73,steady_training
synthetic-showcase-h100-4gpu-full-telemetry-v1,2026-01-15T14:03:23.004Z,203.004,2,504.36,1916,92.6,72.7,59591,81920,71.9,steady_training
synthetic-showcase-h100-4gpu-full-telemetry-v1,2026-01-15T14:03:23.006Z,203.006,3,509.39,1911,92.3,73.1,59893,81920,72.8,steady_training
synthetic-showcase-h100-4gpu-full-telemetry-v1,2026-01-15T14:03:24.000Z,204,0,482.58,1905,91.3,71.9,58929,81920,74.5,steady_training
synthetic-showcase-h100-4gpu-full-telemetry-v1,2026-01-15T14:03:24.002Z,204.002,1,495.87,1916,92.3,72.4,59275,81920,73,steady_training
synthetic-showcase-h100-4gpu-full-telemetry-v1,2026-01-15T14:03:24.004Z,204.004,2,503.52,1914,92.5,72.8,59630,81920,71.9,steady_training
synthetic-showcase-h100-4gpu-full-telemetry-v1,2026-01-15T14:03:24.006Z,204.006,3,509.32,1911,92.3,73.1,59924,81920,72.8,steady_training
synthetic-showcase-h100-4gpu-full-telemetry-v1,2026-01-15T14:03:25.000Z,205,0,483.03,1906,91.4,72,58967,81920,74.5,steady_training
synthetic-showcase-h100-4gpu-full-telemetry-v1,2026-01-15T14:03:25.002Z,205.002,1,496.23,1916,92.4,72.4,59316,81920,72.9,steady_training
synthetic-showcase-h100-4gpu-full-telemetry-v1,2026-01-15T14:03:25.004Z,205.004,2,502.62,1912,92.3,72.8,59668,81920,71.8,steady_training
synthetic-showcase-h100-4gpu-full-telemetry-v1,2026-01-15T14:03:25.006Z,205.006,3,509.48,1911,92.3,73.2,59956,81920,72.8,steady_training
synthetic-showcase-h100-4gpu-full-telemetry-v1,2026-01-15T14:03:26.000Z,206,0,483.62,1907,91.5,72,59004,81920,74.5,steady_training
synthetic-showcase-h100-4gpu-full-telemetry-v1,2026-01-15T14:03:26.002Z,206.002,1,496.38,1916,92.4,72.5,59357,81920,72.9,steady_training
synthetic-showcase-h100-4gpu-full-telemetry-v1,2026-01-15T14:03:26.004Z,206.004,2,501.7,1910,92.2,72.9,59706,81920,71.7,steady_training
synthetic-showcase-h100-4gpu-full-telemetry-v1,2026-01-15T14:03:26.006Z,206.006,3,509.9,1913,92.4,73.2,59986,81920,72.9,steady_training
synthetic-showcase-h100-4gpu-full-telemetry-v1,2026-01-15T14:03:27.000Z,207,0,484.31,1908,91.6,72.1,59043,81920,74.5,steady_training
synthetic-showcase-h100-4gpu-full-telemetry-v1,2026-01-15T14:03:27.002Z,207.002,1,496.3,1916,92.4,72.5,59398,81920,72.9,steady_training
synthetic-showcase-h100-4gpu-full-telemetry-v1,2026-01-15T14:03:27.004Z,207.004,2,500.82,1908,92.1,72.9,59743,81920,71.7,steady_training
synthetic-showcase-h100-4gpu-full-telemetry-v1,2026-01-15T14:03:27.006Z,207.006,3,510.55,1914,92.5,73.3,60016,81920,72.9,steady_training
synthetic-showcase-h100-4gpu-full-telemetry-v1,2026-01-15T14:03:28.000Z,208,0,485.04,1910,91.7,72.1,59082,81920,74.5,steady_training
synthetic-showcase-h100-4gpu-full-telemetry-v1,2026-01-15T14:03:28.002Z,208.002,1,496.01,1915,92.4,72.6,59439,81920,72.9,steady_training
synthetic-showcase-h100-4gpu-full-telemetry-v1,2026-01-15T14:03:28.004Z,208.004,2,500.04,1906,92,73,59779,81920,71.6,steady_training
synthetic-showcase-h100-4gpu-full-telemetry-v1,2026-01-15T14:03:28.006Z,208.006,3,511.41,1916,92.6,73.3,60046,81920,73,steady_training
synthetic-showcase-h100-4gpu-full-telemetry-v1,2026-01-15T14:03:29.000Z,209,0,485.75,1911,91.8,72.2,59121,81920,74.5,steady_training
synthetic-showcase-h100-4gpu-full-telemetry-v1,2026-01-15T14:03:29.002Z,209.002,1,495.52,1914,92.3,72.6,59480,81920,72.8,steady_training
synthetic-showcase-h100-4gpu-full-telemetry-v1,2026-01-15T14:03:29.004Z,209.004,2,499.39,1905,91.9,73,59815,81920,71.6,steady_training
synthetic-showcase-h100-4gpu-full-telemetry-v1,2026-01-15T14:03:29.006Z,209.006,3,512.46,1919,92.8,73.3,60075,81920,73.1,steady_training
synthetic-showcase-h100-4gpu-full-telemetry-v1,2026-01-15T14:03:30.000Z,210,0,486.39,1912,91.9,72.2,59161,81920,74.6,steady_training
synthetic-showcase-h100-4gpu-full-telemetry-v1,2026-01-15T14:03:30.002Z,210.002,1,494.84,1912,92.2,72.7,59521,81920,72.7,steady_training
synthetic-showcase-h100-4gpu-full-telemetry-v1,2026-01-15T14:03:30.004Z,210.004,2,498.93,1904,91.8,73.1,59850,81920,71.6,steady_training
synthetic-showcase-h100-4gpu-full-telemetry-v1,2026-01-15T14:03:30.006Z,210.006,3,513.65,1922,92.9,73.4,60103,81920,73.2,steady_training
synthetic-showcase-h100-4gpu-full-telemetry-v1,2026-01-15T14:03:31.000Z,211,0,486.92,1913,92,72.3,59201,81920,74.6,steady_training
synthetic-showcase-h100-4gpu-full-telemetry-v1,2026-01-15T14:03:31.002Z,211.002,1,494.03,1910,92.1,72.7,59561,81920,72.7,steady_training
synthetic-showcase-h100-4gpu-full-telemetry-v1,2026-01-15T14:03:31.004Z,211.004,2,498.69,1903,91.8,73.1,59885,81920,71.5,steady_training
synthetic-showcase-h100-4gpu-full-telemetry-v1,2026-01-15T14:03:31.006Z,211.006,3,514.94,1925,93.1,73.4,60132,81920,73.3,steady_training
synthetic-showcase-h100-4gpu-full-telemetry-v1,2026-01-15T14:03:32.000Z,212,0,487.29,1914,92,72.3,59241,81920,74.6,steady_training
synthetic-showcase-h100-4gpu-full-telemetry-v1,2026-01-15T14:03:32.002Z,212.002,1,493.11,1908,91.9,72.8,59602,81920,72.6,steady_training
synthetic-showcase-h100-4gpu-full-telemetry-v1,2026-01-15T14:03:32.004Z,212.004,2,498.69,1904,91.8,73.1,59919,81920,71.5,steady_training
synthetic-showcase-h100-4gpu-full-telemetry-v1,2026-01-15T14:03:32.006Z,212.006,3,516.26,1928,93.3,73.4,60159,81920,73.4,steady_training
synthetic-showcase-h100-4gpu-full-telemetry-v1,2026-01-15T14:03:33.000Z,213,0,487.47,1914,92.1,72.4,59282,81920,74.5,steady_training
synthetic-showcase-h100-4gpu-full-telemetry-v1,2026-01-15T14:03:33.002Z,213.002,1,492.14,1906,91.8,72.8,59641,81920,72.5,steady_training
synthetic-showcase-h100-4gpu-full-telemetry-v1,2026-01-15T14:03:33.004Z,213.004,2,498.95,1904,91.8,73.2,59953,81920,71.6,steady_training
synthetic-showcase-h100-4gpu-full-telemetry-v1,2026-01-15T14:03:33.006Z,213.006,3,517.57,1932,93.5,73.5,60187,81920,73.5,steady_training
synthetic-showcase-h100-4gpu-full-telemetry-v1,2026-01-15T14:03:34.000Z,214,0,487.45,1914,92.1,72.4,59323,81920,74.5,steady_training
synthetic-showcase-h100-4gpu-full-telemetry-v1,2026-01-15T14:03:34.002Z,214.002,1,491.17,1904,91.7,72.9,59681,81920,72.4,steady_training
synthetic-showcase-h100-4gpu-full-telemetry-v1,2026-01-15T14:03:34.004Z,214.004,2,499.46,1905,91.9,73.2,59986,81920,71.6,steady_training
synthetic-showcase-h100-4gpu-full-telemetry-v1,2026-01-15T14:03:34.006Z,214.006,3,518.8,1935,93.7,73.5,60214,81920,73.6,steady_training
synthetic-showcase-h100-4gpu-full-telemetry-v1,2026-01-15T14:03:35.000Z,215,0,487.21,1913,92,72.5,59364,81920,74.5,steady_training
synthetic-showcase-h100-4gpu-full-telemetry-v1,2026-01-15T14:03:35.002Z,215.002,1,490.26,1902,91.5,72.9,59720,81920,72.3,steady_training
synthetic-showcase-h100-4gpu-full-telemetry-v1,2026-01-15T14:03:35.004Z,215.004,2,500.22,1907,92,73.3,60018,81920,71.6,steady_training
synthetic-showcase-h100-4gpu-full-telemetry-v1,2026-01-15T14:03:35.006Z,215.006,3,519.89,1938,93.8,73.5,60242,81920,73.6,steady_training
synthetic-showcase-h100-4gpu-full-telemetry-v1,2026-01-15T14:03:36.000Z,216,0,486.77,1912,92,72.5,59406,81920,74.4,steady_training
synthetic-showcase-h100-4gpu-full-telemetry-v1,2026-01-15T14:03:36.002Z,216.002,1,489.45,1900,91.4,72.9,59759,81920,72.3,steady_training
synthetic-showcase-h100-4gpu-full-telemetry-v1,2026-01-15T14:03:36.004Z,216.004,2,501.21,1910,92.1,73.3,60050,81920,71.7,steady_training
synthetic-showcase-h100-4gpu-full-telemetry-v1,2026-01-15T14:03:36.006Z,216.006,3,520.81,1940,94,73.6,60269,81920,73.7,steady_training
synthetic-showcase-h100-4gpu-full-telemetry-v1,2026-01-15T14:03:37.000Z,217,0,486.12,1911,91.9,72.6,59447,81920,74.4,steady_training
synthetic-showcase-h100-4gpu-full-telemetry-v1,2026-01-15T14:03:37.002Z,217.002,1,488.8,1898,91.3,73,59797,81920,72.2,steady_training
synthetic-showcase-h100-4gpu-full-telemetry-v1,2026-01-15T14:03:37.004Z,217.004,2,502.38,1912,92.3,73.3,60081,81920,71.7,steady_training
synthetic-showcase-h100-4gpu-full-telemetry-v1,2026-01-15T14:03:37.006Z,217.006,3,521.5,1942,94.1,73.6,60295,81920,73.8,steady_training
synthetic-showcase-h100-4gpu-full-telemetry-v1,2026-01-15T14:03:38.000Z,218,0,485.31,1909,91.8,72.6,59488,81920,74.3,steady_training
synthetic-showcase-h100-4gpu-full-telemetry-v1,2026-01-15T14:03:38.002Z,218.002,1,488.35,1897,91.2,73,59835,81920,72.2,steady_training
synthetic-showcase-h100-4gpu-full-telemetry-v1,2026-01-15T14:03:38.004Z,218.004,2,503.71,1916,92.5,73.4,60112,81920,71.8,steady_training
synthetic-showcase-h100-4gpu-full-telemetry-v1,2026-01-15T14:03:38.006Z,218.006,3,521.92,1943,94.1,73.6,60322,81920,73.8,steady_training
synthetic-showcase-h100-4gpu-full-telemetry-v1,2026-01-15T14:03:39.000Z,219,0,484.37,1906,91.6,72.7,59530,81920,74.2,steady_training
synthetic-showcase-h100-4gpu-full-telemetry-v1,2026-01-15T14:03:39.002Z,219.002,1,488.13,1897,91.2,73.1,59872,81920,72.1,steady_training
synthetic-showcase-h100-4gpu-full-telemetry-v1,2026-01-15T14:03:39.004Z,219.004,2,505.14,1919,92.7,73.4,60142,81920,71.9,steady_training
synthetic-showcase-h100-4gpu-full-telemetry-v1,2026-01-15T14:03:39.006Z,219.006,3,522.06,1944,94.1,73.7,60349,81920,73.9,steady_training
synthetic-showcase-h100-4gpu-full-telemetry-v1,2026-01-15T14:03:40.000Z,220,0,483.33,1904,91.5,72.7,59571,81920,74.1,steady_training
synthetic-showcase-h100-4gpu-full-telemetry-v1,2026-01-15T14:03:40.002Z,220.002,1,488.16,1897,91.2,73.1,59908,81920,72.1,steady_training
synthetic-showcase-h100-4gpu-full-telemetry-v1,2026-01-15T14:03:40.004Z,220.004,2,506.61,1922,92.9,73.5,60172,81920,72,steady_training
synthetic-showcase-h100-4gpu-full-telemetry-v1,2026-01-15T14:03:40.006Z,220.006,3,521.9,1944,94.1,73.7,60376,81920,73.9,steady_training
synthetic-showcase-h100-4gpu-full-telemetry-v1,2026-01-15T14:03:41.000Z,221,0,482.26,1901,91.3,72.8,59612,81920,74,steady_training
synthetic-showcase-h100-4gpu-full-telemetry-v1,2026-01-15T14:03:41.002Z,221.002,1,488.47,1897,91.3,73.2,59944,81920,72.1,steady_training
synthetic-showcase-h100-4gpu-full-telemetry-v1,2026-01-15T14:03:41.004Z,221.004,2,508.07,1926,93.1,73.5,60201,81920,72.1,steady_training
synthetic-showcase-h100-4gpu-full-telemetry-v1,2026-01-15T14:03:41.006Z,221.006,3,521.44,1943,94,73.7,60403,81920,73.9,steady_training
synthetic-showcase-h100-4gpu-full-telemetry-v1,2026-01-15T14:03:42.000Z,222,0,481.2,1899,91.2,72.8,59653,81920,74,steady_training
synthetic-showcase-h100-4gpu-full-telemetry-v1,2026-01-15T14:03:42.002Z,222.002,1,489.04,1899,91.3,73.2,59980,81920,72.1,steady_training
synthetic-showcase-h100-4gpu-full-telemetry-v1,2026-01-15T14:03:42.004Z,222.004,2,509.45,1929,93.3,73.5,60230,81920,72.1,steady_training
synthetic-showcase-h100-4gpu-full-telemetry-v1,2026-01-15T14:03:42.006Z,222.006,3,520.69,1942,93.9,73.8,60431,81920,73.9,steady_training
synthetic-showcase-h100-4gpu-full-telemetry-v1,2026-01-15T14:03:43.000Z,223,0,480.2,1896,91,72.9,59694,81920,73.9,steady_training
synthetic-showcase-h100-4gpu-full-telemetry-v1,2026-01-15T14:03:43.002Z,223.002,1,489.88,1900,91.5,73.3,60015,81920,72.1,steady_training
synthetic-showcase-h100-4gpu-full-telemetry-v1,2026-01-15T14:03:43.004Z,223.004,2,510.71,1932,93.5,73.6,60258,81920,72.2,steady_training
synthetic-showcase-h100-4gpu-full-telemetry-v1,2026-01-15T14:03:43.006Z,223.006,3,519.68,1940,93.7,73.8,60458,81920,73.8,steady_training
synthetic-showcase-h100-4gpu-full-telemetry-v1,2026-01-15T14:03:44.000Z,224,0,479.33,1894,90.9,72.9,59735,81920,73.8,steady_training
synthetic-showcase-h100-4gpu-full-telemetry-v1,2026-01-15T14:03:44.002Z,224.002,1,490.95,1903,91.6,73.3,60049,81920,72.2,steady_training
synthetic-showcase-h100-4gpu-full-telemetry-v1,2026-01-15T14:03:44.004Z,224.004,2,511.78,1935,93.7,73.6,60286,81920,72.3,steady_training
synthetic-showcase-h100-4gpu-full-telemetry-v1,2026-01-15T14:03:44.006Z,224.006,3,518.44,1938,93.5,73.8,60486,81920,73.8,steady_training
synthetic-showcase-h100-4gpu-full-telemetry-v1,2026-01-15T14:03:45.000Z,225,0,478.63,1892,90.8,73,59775,81920,73.7,steady_training
synthetic-showcase-h100-4gpu-full-telemetry-v1,2026-01-15T14:03:45.002Z,225.002,1,492.22,1906,91.8,73.3,60083,81920,72.2,steady_training
synthetic-showcase-h100-4gpu-full-telemetry-v1,2026-01-15T14:03:45.004Z,225.004,2,512.63,1937,93.8,73.6,60314,81920,72.3,steady_training
synthetic-showcase-h100-4gpu-full-telemetry-v1,2026-01-15T14:03:45.006Z,225.006,3,517,1935,93.3,73.9,60514,81920,73.7,steady_training
synthetic-showcase-h100-4gpu-full-telemetry-v1,2026-01-15T14:03:46.000Z,226,0,478.14,1891,90.7,73,59815,81920,73.7,steady_training
synthetic-showcase-h100-4gpu-full-telemetry-v1,2026-01-15T14:03:46.002Z,226.002,1,493.66,1909,92,73.4,60116,81920,72.3,steady_training
synthetic-showcase-h100-4gpu-full-telemetry-v1,2026-01-15T14:03:46.004Z,226.004,2,513.22,1939,93.9,73.7,60342,81920,72.3,steady_training
synthetic-showcase-h100-4gpu-full-telemetry-v1,2026-01-15T14:03:46.006Z,226.006,3,515.44,1932,93.1,73.9,60543,81920,73.7,steady_training
synthetic-showcase-h100-4gpu-full-telemetry-v1,2026-01-15T14:03:47.000Z,227,0,477.9,1891,90.7,73.1,59854,81920,73.6,steady_training
synthetic-showcase-h100-4gpu-full-telemetry-v1,2026-01-15T14:03:47.002Z,227.002,1,495.2,1913,92.3,73.4,60148,81920,72.3,steady_training
synthetic-showcase-h100-4gpu-full-telemetry-v1,2026-01-15T14:03:47.004Z,227.004,2,513.52,1940,93.9,73.7,60370,81920,72.4,steady_training
synthetic-showcase-h100-4gpu-full-telemetry-v1,2026-01-15T14:03:47.006Z,227.006,3,513.79,1928,92.8,73.9,60572,81920,73.6,steady_training
synthetic-showcase-h100-4gpu-full-telemetry-v1,2026-01-15T14:03:48.000Z,228,0,477.93,1891,90.7,73.1,59893,81920,73.6,steady_training
synthetic-showcase-h100-4gpu-full-telemetry-v1,2026-01-15T14:03:48.002Z,228.002,1,496.8,1916,92.5,73.5,60180,81920,72.4,steady_training
synthetic-showcase-h100-4gpu-full-telemetry-v1,2026-01-15T14:03:48.004Z,228.004,2,513.52,1940,93.9,73.7,60397,81920,72.4,steady_training
synthetic-showcase-h100-4gpu-full-telemetry-v1,2026-01-15T14:03:48.006Z,228.006,3,512.12,1925,92.6,74,60601,81920,73.5,steady_training
synthetic-showcase-h100-4gpu-full-telemetry-v1,2026-01-15T14:03:49.000Z,229,0,478.24,1891,90.8,73.2,59931,81920,73.6,steady_training
synthetic-showcase-h100-4gpu-full-telemetry-v1,2026-01-15T14:03:49.002Z,229.002,1,498.39,1920,92.7,73.5,60212,81920,72.5,steady_training
synthetic-showcase-h100-4gpu-full-telemetry-v1,2026-01-15T14:03:49.004Z,229.004,2,513.22,1940,93.8,73.8,60424,81920,72.3,steady_training
synthetic-showcase-h100-4gpu-full-telemetry-v1,2026-01-15T14:03:49.006Z,229.006,3,510.5,1922,92.3,74,60631,81920,73.5,steady_training
synthetic-showcase-h100-4gpu-full-telemetry-v1,2026-01-15T14:03:50.000Z,230,0,478.83,1892,90.8,73.2,59969,81920,73.6,steady_training
synthetic-showcase-h100-4gpu-full-telemetry-v1,2026-01-15T14:03:50.002Z,230.002,1,499.91,1924,92.9,73.5,60243,81920,72.5,steady_training
synthetic-showcase-h100-4gpu-full-telemetry-v1,2026-01-15T14:03:50.004Z,230.004,2,512.62,1939,93.7,73.8,60452,81920,72.3,steady_training
synthetic-showcase-h100-4gpu-full-telemetry-v1,2026-01-15T14:03:50.006Z,230.006,3,508.97,1919,92.1,74,60662,81920,73.4,steady_training
synthetic-showcase-h100-4gpu-full-telemetry-v1,2026-01-15T14:03:51.000Z,231,0,479.7,1894,91,73.3,60007,81920,73.6,steady_training
synthetic-showcase-h100-4gpu-full-telemetry-v1,2026-01-15T14:03:51.002Z,231.002,1,501.31,1927,93.2,73.6,60273,81920,72.6,steady_training
synthetic-showcase-h100-4gpu-full-telemetry-v1,2026-01-15T14:03:51.004Z,231.004,2,511.76,1938,93.6,73.8,60479,81920,72.3,steady_training
synthetic-showcase-h100-4gpu-full-telemetry-v1,2026-01-15T14:03:51.006Z,231.006,3,507.59,1916,91.9,74.1,60693,81920,73.3,steady_training
synthetic-showcase-h100-4gpu-full-telemetry-v1,2026-01-15T14:03:52.000Z,232,0,480.82,1897,91.1,73.3,60044,81920,73.7,steady_training
synthetic-showcase-h100-4gpu-full-telemetry-v1,2026-01-15T14:03:52.002Z,232.002,1,502.54,1930,93.3,73.6,60303,81920,72.6,steady_training
synthetic-showcase-h100-4gpu-full-telemetry-v1,2026-01-15T14:03:52.004Z,232.004,2,510.66,1936,93.4,73.9,60507,81920,72.2,steady_training
synthetic-showcase-h100-4gpu-full-telemetry-v1,2026-01-15T14:03:52.006Z,232.006,3,506.4,1913,91.7,74.1,60724,81920,73.3,steady_training
synthetic-showcase-h100-4gpu-full-telemetry-v1,2026-01-15T14:03:53.000Z,233,0,482.15,1900,91.3,73.3,60080,81920,73.7,steady_training
synthetic-showcase-h100-4gpu-full-telemetry-v1,2026-01-15T14:03:53.002Z,233.002,1,503.54,1932,93.5,73.6,60333,81920,72.7,steady_training
synthetic-showcase-h100-4gpu-full-telemetry-v1,2026-01-15T14:03:53.004Z,233.004,2,509.37,1933,93.2,73.9,60535,81920,72.1,steady_training
synthetic-showcase-h100-4gpu-full-telemetry-v1,2026-01-15T14:03:53.006Z,233.006,3,505.44,1911,91.5,74.2,60757,81920,73.3,steady_training
synthetic-showcase-h100-4gpu-full-telemetry-v1,2026-01-15T14:03:54.000Z,234,0,483.65,1903,91.6,73.4,60116,81920,73.8,steady_training
synthetic-showcase-h100-4gpu-full-telemetry-v1,2026-01-15T14:03:54.002Z,234.002,1,504.28,1934,93.6,73.7,60362,81920,72.7,steady_training
synthetic-showcase-h100-4gpu-full-telemetry-v1,2026-01-15T14:03:54.004Z,234.004,2,507.94,1930,93,73.9,60562,81920,72.1,steady_training
synthetic-showcase-h100-4gpu-full-telemetry-v1,2026-01-15T14:03:54.006Z,234.006,3,504.74,1910,91.4,74.2,60790,81920,73.3,steady_training
synthetic-showcase-h100-4gpu-full-telemetry-v1,2026-01-15T14:03:55.000Z,235,0,485.28,1907,91.8,73.4,60151,81920,73.8,steady_training
synthetic-showcase-h100-4gpu-full-telemetry-v1,2026-01-15T14:03:55.002Z,235.002,1,504.74,1936,93.6,73.7,60391,81920,72.7,steady_training
synthetic-showcase-h100-4gpu-full-telemetry-v1,2026-01-15T14:03:55.004Z,235.004,2,506.43,1927,92.8,74,60591,81920,72,steady_training
synthetic-showcase-h100-4gpu-full-telemetry-v1,2026-01-15T14:03:55.006Z,235.006,3,504.3,1909,91.4,74.2,60823,81920,73.3,steady_training
synthetic-showcase-h100-4gpu-full-telemetry-v1,2026-01-15T14:03:56.000Z,236,0,486.96,1910,92.1,73.5,60185,81920,73.9,steady_training
synthetic-showcase-h100-4gpu-full-telemetry-v1,2026-01-15T14:03:56.002Z,236.002,1,504.9,1936,93.7,73.8,60420,81920,72.7,steady_training
synthetic-showcase-h100-4gpu-full-telemetry-v1,2026-01-15T14:03:56.004Z,236.004,2,504.89,1924,92.5,74,60619,81920,71.9,steady_training
synthetic-showcase-h100-4gpu-full-telemetry-v1,2026-01-15T14:03:56.006Z,236.006,3,504.14,1909,91.3,74.3,60858,81920,73.3,steady_training
synthetic-showcase-h100-4gpu-full-telemetry-v1,2026-01-15T14:03:57.000Z,237,0,488.66,1914,92.3,73.5,60219,81920,74,steady_training
synthetic-showcase-h100-4gpu-full-telemetry-v1,2026-01-15T14:03:57.002Z,237.002,1,504.76,1936,93.6,73.8,60448,81920,72.6,steady_training
synthetic-showcase-h100-4gpu-full-telemetry-v1,2026-01-15T14:03:57.004Z,237.004,2,503.38,1921,92.3,74,60648,81920,71.8,steady_training
synthetic-showcase-h100-4gpu-full-telemetry-v1,2026-01-15T14:03:57.006Z,237.006,3,504.23,1909,91.4,74.3,60893,81920,73.3,steady_training
synthetic-showcase-h100-4gpu-full-telemetry-v1,2026-01-15T14:03:58.000Z,238,0,490.29,1918,92.6,73.6,60253,81920,74,steady_training
synthetic-showcase-h100-4gpu-full-telemetry-v1,2026-01-15T14:03:58.002Z,238.002,1,504.33,1936,93.6,73.8,60476,81920,72.6,steady_training
synthetic-showcase-h100-4gpu-full-telemetry-v1,2026-01-15T14:03:58.004Z,238.004,2,501.97,1918,92.1,74.1,60677,81920,71.8,steady_training
synthetic-showcase-h100-4gpu-full-telemetry-v1,2026-01-15T14:03:58.006Z,238.006,3,504.56,1910,91.4,74.4,60929,81920,73.4,steady_training
synthetic-showcase-h100-4gpu-full-telemetry-v1,2026-01-15T14:03:59.000Z,239,0,491.81,1921,92.8,73.6,60285,81920,74.1,steady_training
synthetic-showcase-h100-4gpu-full-telemetry-v1,2026-01-15T14:03:59.002Z,239.002,1,503.63,1934,93.5,73.9,60504,81920,72.5,steady_training
synthetic-showcase-h100-4gpu-full-telemetry-v1,2026-01-15T14:03:59.004Z,239.004,2,500.69,1916,91.9,74.1,60707,81920,71.7,steady_training
synthetic-showcase-h100-4gpu-full-telemetry-v1,2026-01-15T14:03:59.006Z,239.006,3,505.1,1911,91.5,74.4,60965,81920,73.4,steady_training
synthetic-showcase-h100-4gpu-full-telemetry-v1,2026-01-15T14:04:00.000Z,240,0,493.16,1924,93,73.6,60318,81920,74.1,steady_training
synthetic-showcase-h100-4gpu-full-telemetry-v1,2026-01-15T14:04:00.002Z,240.002,1,502.69,1933,93.3,73.9,60532,81920,72.5,steady_training
synthetic-showcase-h100-4gpu-full-telemetry-v1,2026-01-15T14:04:00.004Z,240.004,2,499.6,1914,91.7,74.1,60737,81920,71.6,steady_training
synthetic-showcase-h100-4gpu-full-telemetry-v1,2026-01-15T14:04:00.006Z,240.006,3,505.8,1913,91.6,74.5,61002,81920,73.5,steady_training
synthetic-showcase-h100-4gpu-full-telemetry-v1,2026-01-15T14:04:01.000Z,241,0,494.3,1927,93.1,73.7,60350,81920,74.2,steady_training
synthetic-showcase-h100-4gpu-full-telemetry-v1,2026-01-15T14:04:01.002Z,241.002,1,501.56,1931,93.1,73.9,60560,81920,72.4,steady_training
synthetic-showcase-h100-4gpu-full-telemetry-v1,2026-01-15T14:04:01.004Z,241.004,2,498.74,1912,91.6,74.2,60768,81920,71.6,steady_training
synthetic-showcase-h100-4gpu-full-telemetry-v1,2026-01-15T14:04:01.006Z,241.006,3,506.6,1914,91.7,74.5,61040,81920,73.6,steady_training
synthetic-showcase-h100-4gpu-full-telemetry-v1,2026-01-15T14:04:02.000Z,242,0,495.18,1929,93.3,73.7,60381,81920,74.2,steady_training
synthetic-showcase-h100-4gpu-full-telemetry-v1,2026-01-15T14:04:02.002Z,242.002,1,500.28,1928,92.9,74,60588,81920,72.3,steady_training
synthetic-showcase-h100-4gpu-full-telemetry-v1,2026-01-15T14:04:02.004Z,242.004,2,498.12,1911,91.5,74.2,60800,81920,71.6,steady_training
synthetic-showcase-h100-4gpu-full-telemetry-v1,2026-01-15T14:04:02.006Z,242.006,3,507.47,1916,91.9,74.6,61078,81920,73.6,steady_training
synthetic-showcase-h100-4gpu-full-telemetry-v1,2026-01-15T14:04:03.000Z,243,0,495.79,1931,93.4,73.7,60412,81920,74.2,steady_training
synthetic-showcase-h100-4gpu-full-telemetry-v1,2026-01-15T14:04:03.002Z,243.002,1,498.92,1926,92.7,74,60616,81920,72.2,steady_training
synthetic-showcase-h100-4gpu-full-telemetry-v1,2026-01-15T14:04:03.004Z,243.004,2,497.76,1910,91.4,74.3,60832,81920,71.5,steady_training
synthetic-showcase-h100-4gpu-full-telemetry-v1,2026-01-15T14:04:03.006Z,243.006,3,508.34,1918,92,74.6,61117,81920,73.7,steady_training
synthetic-showcase-h100-4gpu-full-telemetry-v1,2026-01-15T14:04:04.000Z,244,0,496.1,1932,93.4,73.8,60442,81920,74.2,steady_training
synthetic-showcase-h100-4gpu-full-telemetry-v1,2026-01-15T14:04:04.002Z,244.002,1,497.53,1923,92.5,74,60645,81920,72.1,steady_training
synthetic-showcase-h100-4gpu-full-telemetry-v1,2026-01-15T14:04:04.004Z,244.004,2,497.67,1910,91.4,74.3,60864,81920,71.6,steady_training
synthetic-showcase-h100-4gpu-full-telemetry-v1,2026-01-15T14:04:04.006Z,244.006,3,509.16,1920,92.1,74.7,61157,81920,73.8,steady_training
synthetic-showcase-h100-4gpu-full-telemetry-v1,2026-01-15T14:04:05.000Z,245,0,496.11,1932,93.4,73.8,60472,81920,74.2,steady_training
synthetic-showcase-h100-4gpu-full-telemetry-v1,2026-01-15T14:04:05.002Z,245.002,1,496.17,1920,92.3,74.1,60673,81920,72,steady_training
synthetic-showcase-h100-4gpu-full-telemetry-v1,2026-01-15T14:04:05.004Z,245.004,2,497.82,1911,91.4,74.3,60898,81920,71.6,steady_training
synthetic-showcase-h100-4gpu-full-telemetry-v1,2026-01-15T14:04:05.006Z,245.006,3,509.88,1921,92.2,74.7,61197,81920,73.9,steady_training
synthetic-showcase-h100-4gpu-full-telemetry-v1,2026-01-15T14:04:06.000Z,246,0,495.84,1932,93.4,73.9,60502,81920,74.1,steady_training
synthetic-showcase-h100-4gpu-full-telemetry-v1,2026-01-15T14:04:06.002Z,246.002,1,494.89,1918,92.1,74.1,60702,81920,71.9,steady_training
synthetic-showcase-h100-4gpu-full-telemetry-v1,2026-01-15T14:04:06.004Z,246.004,2,498.21,1912,91.5,74.4,60932,81920,71.6,steady_training
synthetic-showcase-h100-4gpu-full-telemetry-v1,2026-01-15T14:04:06.006Z,246.006,3,510.44,1922,92.3,74.8,61238,81920,73.9,steady_training
synthetic-showcase-h100-4gpu-full-telemetry-v1,2026-01-15T14:04:07.000Z,247,0,495.3,1931,93.3,73.9,60531,81920,74,steady_training
synthetic-showcase-h100-4gpu-full-telemetry-v1,2026-01-15T14:04:07.002Z,247.002,1,493.75,1915,91.9,74.1,60731,81920,71.8,steady_training
synthetic-showcase-h100-4gpu-full-telemetry-v1,2026-01-15T14:04:07.004Z,247.004,2,498.79,1913,91.6,74.4,60966,81920,71.6,steady_training
synthetic-showcase-h100-4gpu-full-telemetry-v1,2026-01-15T14:04:07.006Z,247.006,3,510.81,1923,92.4,74.8,61279,81920,74,steady_training
synthetic-showcase-h100-4gpu-full-telemetry-v1,2026-01-15T14:04:08.000Z,248,0,494.52,1929,93.1,73.9,60560,81920,74,steady_training
synthetic-showcase-h100-4gpu-full-telemetry-v1,2026-01-15T14:04:08.002Z,248.002,1,492.79,1914,91.8,74.2,60760,81920,71.7,steady_training
synthetic-showcase-h100-4gpu-full-telemetry-v1,2026-01-15T14:04:08.004Z,248.004,2,499.52,1915,91.7,74.5,61001,81920,71.7,steady_training
synthetic-showcase-h100-4gpu-full-telemetry-v1,2026-01-15T14:04:08.006Z,248.006,3,510.96,1923,92.4,74.9,61320,81920,74,steady_training
synthetic-showcase-h100-4gpu-full-telemetry-v1,2026-01-15T14:04:09.000Z,249,0,493.56,1928,93,74,60589,81920,73.9,steady_training
synthetic-showcase-h100-4gpu-full-telemetry-v1,2026-01-15T14:04:09.002Z,249.002,1,492.04,1912,91.7,74.2,60790,81920,71.7,steady_training
synthetic-showcase-h100-4gpu-full-telemetry-v1,2026-01-15T14:04:09.004Z,249.004,2,500.36,1916,91.8,74.5,61037,81920,71.7,steady_training
synthetic-showcase-h100-4gpu-full-telemetry-v1,2026-01-15T14:04:09.006Z,249.006,3,510.87,1922,92.4,74.9,61362,81920,74,steady_training
synthetic-showcase-h100-4gpu-full-telemetry-v1,2026-01-15T14:04:10.000Z,250,0,492.44,1926,92.8,74,60618,81920,73.8,steady_training
synthetic-showcase-h100-4gpu-full-telemetry-v1,2026-01-15T14:04:10.002Z,250.002,1,491.54,1911,91.6,74.2,60820,81920,71.6,steady_training
synthetic-showcase-h100-4gpu-full-telemetry-v1,2026-01-15T14:04:10.004Z,250.004,2,501.26,1918,92,74.6,61074,81920,71.8,steady_training
synthetic-showcase-h100-4gpu-full-telemetry-v1,2026-01-15T14:04:10.006Z,250.006,3,510.52,1921,92.3,75,61405,81920,74,steady_training
synthetic-showcase-h100-4gpu-full-telemetry-v1,2026-01-15T14:04:11.000Z,251,0,491.24,1923,92.6,74,60646,81920,73.7,steady_training
synthetic-showcase-h100-4gpu-full-telemetry-v1,2026-01-15T14:04:11.002Z,251.002,1,491.29,1911,91.5,74.3,60850,81920,71.6,steady_training
synthetic-showcase-h100-4gpu-full-telemetry-v1,2026-01-15T14:04:11.004Z,251.004,2,502.14,1920,92.1,74.6,61112,81920,71.9,steady_training
synthetic-showcase-h100-4gpu-full-telemetry-v1,2026-01-15T14:04:11.006Z,251.006,3,509.94,1920,92.3,75,61447,81920,74,steady_training
synthetic-showcase-h100-4gpu-full-telemetry-v1,2026-01-15T14:04:12.000Z,252,0,490.01,1921,92.4,74.1,60675,81920,73.6,steady_training
synthetic-showcase-h100-4gpu-full-telemetry-v1,2026-01-15T14:04:12.002Z,252.002,1,491.29,1911,91.5,74.3,60882,81920,71.6,steady_training
synthetic-showcase-h100-4gpu-full-telemetry-v1,2026-01-15T14:04:12.004Z,252.004,2,502.97,1922,92.2,74.6,61150,81920,71.9,steady_training
synthetic-showcase-h100-4gpu-full-telemetry-v1,2026-01-15T14:04:12.006Z,252.006,3,509.12,1918,92.1,75.1,61490,81920,74,steady_training
synthetic-showcase-h100-4gpu-full-telemetry-v1,2026-01-15T14:04:13.000Z,253,0,488.81,1918,92.3,74.1,60704,81920,73.5,steady_training
synthetic-showcase-h100-4gpu-full-telemetry-v1,2026-01-15T14:04:13.002Z,253.002,1,491.54,1912,91.6,74.4,60913,81920,71.6,steady_training
synthetic-showcase-h100-4gpu-full-telemetry-v1,2026-01-15T14:04:13.004Z,253.004,2,503.69,1924,92.3,74.7,61188,81920,72,steady_training
synthetic-showcase-h100-4gpu-full-telemetry-v1,2026-01-15T14:04:13.006Z,253.006,3,508.1,1915,92,75.1,61533,81920,74,steady_training
synthetic-showcase-h100-4gpu-full-telemetry-v1,2026-01-15T14:04:14.000Z,254,0,487.69,1916,92.1,74.1,60732,81920,73.4,steady_training
synthetic-showcase-h100-4gpu-full-telemetry-v1,2026-01-15T14:04:14.002Z,254.002,1,492.01,1913,91.6,74.4,60946,81920,71.6,steady_training
synthetic-showcase-h100-4gpu-full-telemetry-v1,2026-01-15T14:04:14.004Z,254.004,2,504.26,1925,92.4,74.7,61228,81920,72,steady_training
synthetic-showcase-h100-4gpu-full-telemetry-v1,2026-01-15T14:04:14.006Z,254.006,3,506.92,1912,91.8,75.2,61576,81920,73.9,steady_training
synthetic-showcase-h100-4gpu-full-telemetry-v1,2026-01-15T14:04:15.000Z,255,0,486.7,1914,91.9,74.2,60761,81920,73.3,steady_training
synthetic-showcase-h100-4gpu-full-telemetry-v1,2026-01-15T14:04:15.002Z,255.002,1,492.66,1915,91.7,74.4,60978,81920,71.6,steady_training
synthetic-showcase-h100-4gpu-full-telemetry-v1,2026-01-15T14:04:15.004Z,255.004,2,504.62,1925,92.5,74.8,61267,81920,72,steady_training
synthetic-showcase-h100-4gpu-full-telemetry-v1,2026-01-15T14:04:15.006Z,255.006,3,505.61,1909,91.6,75.2,61620,81920,73.9,steady_training
synthetic-showcase-h100-4gpu-full-telemetry-v1,2026-01-15T14:04:16.000Z,256,0,485.89,1913,91.8,74.2,60790,81920,73.3,steady_training
synthetic-showcase-h100-4gpu-full-telemetry-v1,2026-01-15T14:04:16.002Z,256.002,1,493.46,1917,91.8,74.5,61012,81920,71.6,steady_training
synthetic-showcase-h100-4gpu-full-telemetry-v1,2026-01-15T14:04:16.004Z,256.004,2,504.76,1925,92.5,74.8,61308,81920,72.1,steady_training
synthetic-showcase-h100-4gpu-full-telemetry-v1,2026-01-15T14:04:16.006Z,256.006,3,504.24,1906,91.4,75.3,61663,81920,73.9,steady_training
synthetic-showcase-h100-4gpu-full-telemetry-v1,2026-01-15T14:04:17.000Z,257,0,485.28,1912,91.7,74.2,60819,81920,73.2,steady_training
synthetic-showcase-h100-4gpu-full-telemetry-v1,2026-01-15T14:04:17.002Z,257.002,1,494.36,1919,92,74.5,61046,81920,71.7,steady_training
synthetic-showcase-h100-4gpu-full-telemetry-v1,2026-01-15T14:04:17.004Z,257.004,2,504.65,1925,92.5,74.9,61349,81920,72.1,steady_training
synthetic-showcase-h100-4gpu-full-telemetry-v1,2026-01-15T14:04:17.006Z,257.006,3,502.86,1902,91.2,75.3,61706,81920,73.8,steady_training
synthetic-showcase-h100-4gpu-full-telemetry-v1,2026-01-15T14:04:18.000Z,258,0,484.92,1911,91.6,74.3,60848,81920,73.1,steady_training
synthetic-showcase-h100-4gpu-full-telemetry-v1,2026-01-15T14:04:18.002Z,258.002,1,495.3,1921,92.1,74.6,61081,81920,71.7,steady_training
synthetic-showcase-h100-4gpu-full-telemetry-v1,2026-01-15T14:04:18.004Z,258.004,2,504.3,1924,92.4,74.9,61391,81920,72.1,steady_training
synthetic-showcase-h100-4gpu-full-telemetry-v1,2026-01-15T14:04:18.006Z,258.006,3,501.52,1899,91,75.4,61750,81920,73.8,steady_training
synthetic-showcase-h100-4gpu-full-telemetry-v1,2026-01-15T14:04:19.000Z,259,0,484.8,1911,91.6,74.3,60878,81920,73.1,steady_training
synthetic-showcase-h100-4gpu-full-telemetry-v1,2026-01-15T14:04:19.002Z,259.002,1,496.23,1923,92.3,74.6,61117,81920,71.7,steady_training
synthetic-showcase-h100-4gpu-full-telemetry-v1,2026-01-15T14:04:19.004Z,259.004,2,503.69,1922,92.3,75,61433,81920,72,steady_training
synthetic-showcase-h100-4gpu-full-telemetry-v1,2026-01-15T14:04:19.006Z,259.006,3,500.29,1896,90.9,75.4,61793,81920,73.7,steady_training
synthetic-showcase-h100-4gpu-full-telemetry-v1,2026-01-15T14:04:20.000Z,260,0,484.92,1912,91.6,74.4,60908,81920,73.1,steady_training
synthetic-showcase-h100-4gpu-full-telemetry-v1,2026-01-15T14:04:20.002Z,260.002,1,497.1,1925,92.4,74.6,61153,81920,71.8,steady_training
synthetic-showcase-h100-4gpu-full-telemetry-v1,2026-01-15T14:04:20.004Z,260.004,2,502.85,1920,92.2,75,61475,81920,72,steady_training
synthetic-showcase-h100-4gpu-full-telemetry-v1,2026-01-15T14:04:20.006Z,260.006,3,499.2,1894,90.7,75.5,61836,81920,73.7,steady_training
synthetic-showcase-h100-4gpu-full-telemetry-v1,2026-01-15T14:04:21.000Z,261,0,485.29,1913,91.7,74.4,60939,81920,73.1,steady_training
synthetic-showcase-h100-4gpu-full-telemetry-v1,2026-01-15T14:04:21.002Z,261.002,1,497.85,1926,92.5,74.7,61190,81920,71.8,steady_training
synthetic-showcase-h100-4gpu-full-telemetry-v1,2026-01-15T14:04:21.004Z,261.004,2,501.81,1918,92.1,75.1,61518,81920,72,steady_training
synthetic-showcase-h100-4gpu-full-telemetry-v1,2026-01-15T14:04:21.006Z,261.006,3,498.32,1891,90.6,75.5,61878,81920,73.7,steady_training
synthetic-showcase-h100-4gpu-full-telemetry-v1,2026-01-15T14:04:22.000Z,262,0,485.86,1914,91.8,74.4,60970,81920,73.1,steady_training
synthetic-showcase-h100-4gpu-full-telemetry-v1,2026-01-15T14:04:22.002Z,262.002,1,498.43,1928,92.6,74.7,61228,81920,71.8,steady_training
synthetic-showcase-h100-4gpu-full-telemetry-v1,2026-01-15T14:04:22.004Z,262.004,2,500.6,1915,91.9,75.1,61561,81920,71.9,steady_training
synthetic-showcase-h100-4gpu-full-telemetry-v1,2026-01-15T14:04:22.006Z,262.006,3,497.67,1890,90.5,75.6,61921,81920,73.7,steady_training
synthetic-showcase-h100-4gpu-full-telemetry-v1,2026-01-15T14:04:23.000Z,263,0,486.62,1916,91.9,74.5,61001,81920,73.1,steady_training
synthetic-showcase-h100-4gpu-full-telemetry-v1,2026-01-15T14:04:23.002Z,263.002,1,498.81,1928,92.6,74.8,61266,81920,71.8,steady_training
synthetic-showcase-h100-4gpu-full-telemetry-v1,2026-01-15T14:04:23.004Z,263.004,2,499.28,1912,91.7,75.2,61604,81920,71.8,steady_training
synthetic-showcase-h100-4gpu-full-telemetry-v1,2026-01-15T14:04:23.006Z,263.006,3,497.29,1889,90.4,75.6,61963,81920,73.7,steady_training
synthetic-showcase-h100-4gpu-full-telemetry-v1,2026-01-15T14:04:24.000Z,264,0,487.52,1918,92,74.5,61034,81920,73.1,steady_training
synthetic-showcase-h100-4gpu-full-telemetry-v1,2026-01-15T14:04:24.002Z,264.002,1,498.96,1929,92.7,74.8,61305,81920,71.8,steady_training
synthetic-showcase-h100-4gpu-full-telemetry-v1,2026-01-15T14:04:24.004Z,264.004,2,497.88,1908,91.5,75.3,61648,81920,71.8,steady_training
synthetic-showcase-h100-4gpu-full-telemetry-v1,2026-01-15T14:04:24.006Z,264.006,3,497.19,1888,90.4,75.7,62004,81920,73.7,steady_training
synthetic-showcase-h100-4gpu-full-telemetry-v1,2026-01-15T14:04:25.000Z,265,0,488.5,1921,92.2,74.5,61066,81920,73.1,steady_training
synthetic-showcase-h100-4gpu-full-telemetry-v1,2026-01-15T14:04:25.002Z,265.002,1,498.86,1928,92.7,74.9,61345,81920,71.8,steady_training
synthetic-showcase-h100-4gpu-full-telemetry-v1,2026-01-15T14:04:25.004Z,265.004,2,496.48,1905,91.3,75.3,61692,81920,71.7,steady_training
synthetic-showcase-h100-4gpu-full-telemetry-v1,2026-01-15T14:04:25.006Z,265.006,3,497.37,1888,90.4,75.7,62046,81920,73.7,steady_training
synthetic-showcase-h100-4gpu-full-telemetry-v1,2026-01-15T14:04:26.000Z,266,0,489.52,1923,92.3,74.6,61099,81920,73.2,steady_training
synthetic-showcase-h100-4gpu-full-telemetry-v1,2026-01-15T14:04:26.002Z,266.002,1,498.5,1927,92.6,74.9,61385,81920,71.8,steady_training
synthetic-showcase-h100-4gpu-full-telemetry-v1,2026-01-15T14:04:26.004Z,266.004,2,495.12,1902,91.1,75.4,61736,81920,71.7,steady_training
synthetic-showcase-h100-4gpu-full-telemetry-v1,2026-01-15T14:04:26.006Z,266.006,3,497.84,1889,90.5,75.8,62086,81920,73.8,steady_training
synthetic-showcase-h100-4gpu-full-telemetry-v1,2026-01-15T14:04:27.000Z,267,0,490.52,1925,92.4,74.6,61133,81920,73.2,steady_training
synthetic-showcase-h100-4gpu-full-telemetry-v1,2026-01-15T14:04:27.002Z,267.002,1,497.89,1926,92.5,75,61426,81920,71.7,steady_training
synthetic-showcase-h100-4gpu-full-telemetry-v1,2026-01-15T14:04:27.004Z,267.004,2,493.86,1898,90.9,75.4,61780,81920,71.6,steady_training
synthetic-showcase-h100-4gpu-full-telemetry-v1,2026-01-15T14:04:27.006Z,267.006,3,498.56,1891,90.6,75.8,62127,81920,73.9,steady_training
synthetic-showcase-h100-4gpu-full-telemetry-v1,2026-01-15T14:04:28.000Z,268,0,491.45,1928,92.6,74.7,61168,81920,73.2,steady_training
synthetic-showcase-h100-4gpu-full-telemetry-v1,2026-01-15T14:04:28.002Z,268.002,1,497.05,1924,92.4,75,61467,81920,71.7,steady_training
synthetic-showcase-h100-4gpu-full-telemetry-v1,2026-01-15T14:04:28.004Z,268.004,2,492.75,1896,90.8,75.5,61823,81920,71.6,steady_training
synthetic-showcase-h100-4gpu-full-telemetry-v1,2026-01-15T14:04:28.006Z,268.006,3,499.52,1893,90.8,75.9,62167,81920,73.9,steady_training
synthetic-showcase-h100-4gpu-full-telemetry-v1,2026-01-15T14:04:29.000Z,269,0,492.25,1929,92.7,74.7,61203,81920,73.2,steady_training
synthetic-showcase-h100-4gpu-full-telemetry-v1,2026-01-15T14:04:29.002Z,269.002,1,496,1921,92.2,75.1,61509,81920,71.6,steady_training
synthetic-showcase-h100-4gpu-full-telemetry-v1,2026-01-15T14:04:29.004Z,269.004,2,491.85,1893,90.6,75.5,61867,81920,71.5,steady_training
synthetic-showcase-h100-4gpu-full-telemetry-v1,2026-01-15T14:04:29.006Z,269.006,3,500.66,1895,91,75.9,62206,81920,74,steady_training
synthetic-showcase-h100-4gpu-full-telemetry-v1,2026-01-15T14:04:30.000Z,270,0,492.89,1931,92.8,74.8,61239,81920,73.2,steady_training
synthetic-showcase-h100-4gpu-full-telemetry-v1,2026-01-15T14:04:30.002Z,270.002,1,494.78,1918,92.1,75.1,61552,81920,71.5,steady_training
synthetic-showcase-h100-4gpu-full-telemetry-v1,2026-01-15T14:04:30.004Z,270.004,2,491.18,1892,90.5,75.6,61911,81920,71.5,steady_training
synthetic-showcase-h100-4gpu-full-telemetry-v1,2026-01-15T14:04:30.006Z,270.006,3,501.95,1898,91.1,76,62245,81920,74.1,steady_training
synthetic-showcase-h100-4gpu-full-telemetry-v1,2026-01-15T14:04:31.000Z,271,0,493.31,1932,92.9,74.8,61276,81920,73.2,steady_training
synthetic-showcase-h100-4gpu-full-telemetry-v1,2026-01-15T14:04:31.002Z,271.002,1,493.43,1915,91.9,75.2,61594,81920,71.4,steady_training
synthetic-showcase-h100-4gpu-full-telemetry-v1,2026-01-15T14:04:31.004Z,271.004,2,490.79,1890,90.5,75.6,61955,81920,71.5,steady_training
synthetic-showcase-h100-4gpu-full-telemetry-v1,2026-01-15T14:04:31.006Z,271.006,3,503.32,1901,91.4,76,62283,81920,74.2,steady_training
synthetic-showcase-h100-4gpu-full-telemetry-v1,2026-01-15T14:04:32.000Z,272,0,493.49,1932,92.9,74.8,61313,81920,73.2,steady_training
synthetic-showcase-h100-4gpu-full-telemetry-v1,2026-01-15T14:04:32.002Z,272.002,1,492.02,1912,91.7,75.2,61638,81920,71.3,steady_training
synthetic-showcase-h100-4gpu-full-telemetry-v1,2026-01-15T14:04:32.004Z,272.004,2,490.67,1890,90.5,75.7,61998,81920,71.5,steady_training
synthetic-showcase-h100-4gpu-full-telemetry-v1,2026-01-15T14:04:32.006Z,272.006,3,504.73,1904,91.6,76.1,62320,81920,74.3,steady_training
synthetic-showcase-h100-4gpu-full-telemetry-v1,2026-01-15T14:04:33.000Z,273,0,493.41,1932,92.9,74.9,61351,81920,73.2,steady_training
synthetic-showcase-h100-4gpu-full-telemetry-v1,2026-01-15T14:04:33.002Z,273.002,1,490.6,1908,91.5,75.3,61681,81920,71.2,steady_training
synthetic-showcase-h100-4gpu-full-telemetry-v1,2026-01-15T14:04:33.004Z,273.004,2,490.84,1890,90.5,75.7,62041,81920,71.5,steady_training
synthetic-showcase-h100-4gpu-full-telemetry-v1,2026-01-15T14:04:33.006Z,273.006,3,506.11,1907,91.8,76.1,62357,81920,74.5,steady_training
synthetic-showcase-h100-4gpu-full-telemetry-v1,2026-01-15T14:04:34.000Z,274,0,493.07,1931,92.8,74.9,61389,81920,73.1,steady_training
synthetic-showcase-h100-4gpu-full-telemetry-v1,2026-01-15T14:04:34.002Z,274.002,1,489.22,1905,91.3,75.3,61725,81920,71.2,steady_training
synthetic-showcase-h100-4gpu-full-telemetry-v1,2026-01-15T14:04:34.004Z,274.004,2,491.3,1891,90.6,75.8,62084,81920,71.6,steady_training
synthetic-showcase-h100-4gpu-full-telemetry-v1,2026-01-15T14:04:34.006Z,274.006,3,507.4,1909,92,76.2,62394,81920,74.6,steady_training
synthetic-showcase-h100-4gpu-full-telemetry-v1,2026-01-15T14:04:35.000Z,275,0,492.48,1930,92.7,75,61429,81920,73.1,steady_training
synthetic-showcase-h100-4gpu-full-telemetry-v1,2026-01-15T14:04:35.002Z,275.002,1,487.94,1902,91.1,75.4,61769,81920,71.1,steady_training
synthetic-showcase-h100-4gpu-full-telemetry-v1,2026-01-15T14:04:35.004Z,275.004,2,492.01,1892,90.7,75.8,62127,81920,71.6,steady_training
synthetic-showcase-h100-4gpu-full-telemetry-v1,2026-01-15T14:04:35.006Z,275.006,3,508.56,1912,92.1,76.2,62430,81920,74.6,steady_training
synthetic-showcase-h100-4gpu-full-telemetry-v1,2026-01-15T14:04:36.000Z,276,0,491.64,1928,92.6,75,61469,81920,73,steady_training
synthetic-showcase-h100-4gpu-full-telemetry-v1,2026-01-15T14:04:36.002Z,276.002,1,486.82,1899,90.9,75.5,61814,81920,71,steady_training
synthetic-showcase-h100-4gpu-full-telemetry-v1,2026-01-15T14:04:36.004Z,276.004,2,492.96,1894,90.8,75.9,62169,81920,71.7,steady_training
synthetic-showcase-h100-4gpu-full-telemetry-v1,2026-01-15T14:04:36.006Z,276.006,3,509.54,1914,92.3,76.3,62465,81920,74.7,steady_training
synthetic-showcase-h100-4gpu-full-telemetry-v1,2026-01-15T14:04:37.000Z,277,0,490.59,1925,92.5,75.1,61509,81920,72.9,steady_training
synthetic-showcase-h100-4gpu-full-telemetry-v1,2026-01-15T14:04:37.002Z,277.002,1,485.89,1896,90.8,75.5,61858,81920,70.9,steady_training
synthetic-showcase-h100-4gpu-full-telemetry-v1,2026-01-15T14:04:37.004Z,277.004,2,494.1,1896,91,75.9,62211,81920,71.8,steady_training
synthetic-showcase-h100-4gpu-full-telemetry-v1,2026-01-15T14:04:37.006Z,277.006,3,510.3,1916,92.4,76.3,62500,81920,74.8,steady_training
synthetic-showcase-h100-4gpu-full-telemetry-v1,2026-01-15T14:04:38.000Z,278,0,489.37,1922,92.3,75.1,61550,81920,72.8,steady_training
synthetic-showcase-h100-4gpu-full-telemetry-v1,2026-01-15T14:04:38.002Z,278.002,1,485.21,1895,90.7,75.6,61903,81920,70.9,steady_training
synthetic-showcase-h100-4gpu-full-telemetry-v1,2026-01-15T14:04:38.004Z,278.004,2,495.38,1899,91.2,76,62252,81920,71.9,steady_training
synthetic-showcase-h100-4gpu-full-telemetry-v1,2026-01-15T14:04:38.006Z,278.006,3,510.82,1917,92.5,76.3,62534,81920,74.9,steady_training
synthetic-showcase-h100-4gpu-full-telemetry-v1,2026-01-15T14:04:39.000Z,279,0,488.03,1919,92.1,75.2,61592,81920,72.7,steady_training
synthetic-showcase-h100-4gpu-full-telemetry-v1,2026-01-15T14:04:39.002Z,279.002,1,484.79,1893,90.6,75.6,61947,81920,70.9,steady_training
synthetic-showcase-h100-4gpu-full-telemetry-v1,2026-01-15T14:04:39.004Z,279.004,2,496.75,1902,91.4,76,62292,81920,72,steady_training
synthetic-showcase-h100-4gpu-full-telemetry-v1,2026-01-15T14:04:39.006Z,279.006,3,511.07,1918,92.5,76.4,62568,81920,74.9,steady_training
synthetic-showcase-h100-4gpu-full-telemetry-v1,2026-01-15T14:04:40.000Z,280,0,486.61,1916,91.9,75.2,61635,81920,72.6,steady_training
synthetic-showcase-h100-4gpu-full-telemetry-v1,2026-01-15T14:04:40.002Z,280.002,1,484.66,1893,90.6,75.7,61992,81920,70.8,steady_training
synthetic-showcase-h100-4gpu-full-telemetry-v1,2026-01-15T14:04:40.004Z,280.004,2,498.15,1904,91.6,76.1,62333,81920,72.1,steady_training
synthetic-showcase-h100-4gpu-full-telemetry-v1,2026-01-15T14:04:40.006Z,280.006,3,511.07,1918,92.5,76.4,62601,81920,74.9,steady_training
synthetic-showcase-h100-4gpu-full-telemetry-v1,2026-01-15T14:04:41.000Z,281,0,485.18,1912,91.7,75.3,61677,81920,72.5,steady_training
synthetic-showcase-h100-4gpu-full-telemetry-v1,2026-01-15T14:04:41.002Z,281.002,1,484.82,1893,90.6,75.7,62036,81920,70.8,steady_training
synthetic-showcase-h100-4gpu-full-telemetry-v1,2026-01-15T14:04:41.004Z,281.004,2,499.53,1907,91.8,76.1,62372,81920,72.2,steady_training
synthetic-showcase-h100-4gpu-full-telemetry-v1,2026-01-15T14:04:41.006Z,281.006,3,510.81,1918,92.5,76.5,62634,81920,74.9,steady_training
synthetic-showcase-h100-4gpu-full-telemetry-v1,2026-01-15T14:04:42.000Z,282,0,483.79,1909,91.5,75.3,61721,81920,72.4,steady_training
synthetic-showcase-h100-4gpu-full-telemetry-v1,2026-01-15T14:04:42.002Z,282.002,1,485.26,1893,90.7,75.8,62081,81920,70.9,steady_training
synthetic-showcase-h100-4gpu-full-telemetry-v1,2026-01-15T14:04:42.004Z,282.004,2,500.83,1910,92,76.2,62411,81920,72.3,steady_training
synthetic-showcase-h100-4gpu-full-telemetry-v1,2026-01-15T14:04:42.006Z,282.006,3,510.33,1917,92.4,76.5,62666,81920,75,steady_training
synthetic-showcase-h100-4gpu-full-telemetry-v1,2026-01-15T14:04:43.000Z,283,0,482.5,1906,91.3,75.4,61764,81920,72.3,steady_training
synthetic-showcase-h100-4gpu-full-telemetry-v1,2026-01-15T14:04:43.002Z,283.002,1,485.96,1895,90.8,75.8,62125,81920,70.9,steady_training
synthetic-showcase-h100-4gpu-full-telemetry-v1,2026-01-15T14:04:43.004Z,283.004,2,501.98,1913,92.2,76.2,62450,81920,72.3,steady_training
synthetic-showcase-h100-4gpu-full-telemetry-v1,2026-01-15T14:04:43.006Z,283.006,3,509.64,1915,92.3,76.5,62698,81920,74.9,steady_training
synthetic-showcase-h100-4gpu-full-telemetry-v1,2026-01-15T14:04:44.000Z,284,0,481.36,1903,91.1,75.4,61808,81920,72.2,steady_training
synthetic-showcase-h100-4gpu-full-telemetry-v1,2026-01-15T14:04:44.002Z,284.002,1,486.89,1896,91,75.9,62169,81920,70.9,steady_training
synthetic-showcase-h100-4gpu-full-telemetry-v1,2026-01-15T14:04:44.004Z,284.004,2,502.96,1915,92.4,76.3,62488,81920,72.4,steady_training
synthetic-showcase-h100-4gpu-full-telemetry-v1,2026-01-15T14:04:44.006Z,284.006,3,508.79,1914,92.2,76.6,62730,81920,74.9,steady_training
synthetic-showcase-h100-4gpu-full-telemetry-v1,2026-01-15T14:04:45.000Z,285,0,480.42,1900,91,75.5,61853,81920,72.1,steady_training
synthetic-showcase-h100-4gpu-full-telemetry-v1,2026-01-15T14:04:45.002Z,285.002,1,488.02,1898,91.1,75.9,62212,81920,71,steady_training
synthetic-showcase-h100-4gpu-full-telemetry-v1,2026-01-15T14:04:45.004Z,285.004,2,503.73,1916,92.5,76.3,62525,81920,72.5,steady_training
synthetic-showcase-h100-4gpu-full-telemetry-v1,2026-01-15T14:04:45.006Z,285.006,3,507.84,1912,92,76.6,62761,81920,74.9,steady_training
synthetic-showcase-h100-4gpu-full-telemetry-v1,2026-01-15T14:04:46.000Z,286,0,479.72,1899,90.9,75.6,61897,81920,72,steady_training
synthetic-showcase-h100-4gpu-full-telemetry-v1,2026-01-15T14:04:46.002Z,286.002,1,489.28,1901,91.3,76,62256,81920,71.1,steady_training
synthetic-showcase-h100-4gpu-full-telemetry-v1,2026-01-15T14:04:46.004Z,286.004,2,504.25,1917,92.6,76.4,62562,81920,72.5,steady_training
synthetic-showcase-h100-4gpu-full-telemetry-v1,2026-01-15T14:04:46.006Z,286.006,3,506.83,1910,91.9,76.7,62792,81920,74.9,steady_training
synthetic-showcase-h100-4gpu-full-telemetry-v1,2026-01-15T14:04:47.000Z,287,0,479.29,1897,90.8,75.6,61942,81920,72,steady_training
synthetic-showcase-h100-4gpu-full-telemetry-v1,2026-01-15T14:04:47.002Z,287.002,1,490.64,1904,91.6,76,62298,81920,71.1,steady_training
synthetic-showcase-h100-4gpu-full-telemetry-v1,2026-01-15T14:04:47.004Z,287.004,2,504.51,1918,92.6,76.4,62598,81920,72.6,steady_training
synthetic-showcase-h100-4gpu-full-telemetry-v1,2026-01-15T14:04:47.006Z,287.006,3,505.82,1908,91.7,76.7,62823,81920,74.8,steady_training
synthetic-showcase-h100-4gpu-full-telemetry-v1,2026-01-15T14:04:48.000Z,288,0,479.14,1897,90.8,75.7,61987,81920,72,steady_training
synthetic-showcase-h100-4gpu-full-telemetry-v1,2026-01-15T14:04:48.002Z,288.002,1,492.04,1906,91.8,76.1,62341,81920,71.2,steady_training
synthetic-showcase-h100-4gpu-full-telemetry-v1,2026-01-15T14:04:48.004Z,288.004,2,504.51,1918,92.6,76.5,62634,81920,72.6,steady_training
synthetic-showcase-h100-4gpu-full-telemetry-v1,2026-01-15T14:04:48.006Z,288.006,3,504.87,1906,91.6,76.7,62854,81920,74.8,steady_training
synthetic-showcase-h100-4gpu-full-telemetry-v1,2026-01-15T14:04:49.000Z,289,0,479.27,1897,90.8,75.7,62032,81920,71.9,steady_training
synthetic-showcase-h100-4gpu-full-telemetry-v1,2026-01-15T14:04:49.002Z,289.002,1,493.4,1909,92,76.2,62383,81920,71.3,steady_training
synthetic-showcase-h100-4gpu-full-telemetry-v1,2026-01-15T14:04:49.004Z,289.004,2,504.26,1917,92.6,76.5,62669,81920,72.6,steady_training
synthetic-showcase-h100-4gpu-full-telemetry-v1,2026-01-15T14:04:49.006Z,289.006,3,504.04,1904,91.4,76.8,62884,81920,74.8,steady_training
synthetic-showcase-h100-4gpu-full-telemetry-v1,2026-01-15T14:04:50.000Z,290,0,479.69,1897,90.9,75.8,62077,81920,71.9,steady_training
synthetic-showcase-h100-4gpu-full-telemetry-v1,2026-01-15T14:04:50.002Z,290.002,1,494.69,1912,92.2,76.2,62424,81920,71.3,steady_training
synthetic-showcase-h100-4gpu-full-telemetry-v1,2026-01-15T14:04:50.004Z,290.004,2,503.78,1916,92.5,76.5,62703,81920,72.6,steady_training
synthetic-showcase-h100-4gpu-full-telemetry-v1,2026-01-15T14:04:50.006Z,290.006,3,503.37,1903,91.3,76.8,62915,81920,74.8,steady_training
synthetic-showcase-h100-4gpu-full-telemetry-v1,2026-01-15T14:04:51.000Z,291,0,480.38,1898,91,75.8,62122,81920,72,steady_training
synthetic-showcase-h100-4gpu-full-telemetry-v1,2026-01-15T14:04:51.002Z,291.002,1,495.84,1914,92.3,76.3,62465,81920,71.4,steady_training
synthetic-showcase-h100-4gpu-full-telemetry-v1,2026-01-15T14:04:51.004Z,291.004,2,503.1,1915,92.4,76.6,62737,81920,72.6,steady_training
synthetic-showcase-h100-4gpu-full-telemetry-v1,2026-01-15T14:04:51.006Z,291.006,3,502.91,1902,91.2,76.8,62946,81920,74.8,steady_training
synthetic-showcase-h100-4gpu-full-telemetry-v1,2026-01-15T14:04:52.000Z,292,0,481.29,1900,91.2,75.9,62168,81920,72,steady_training
synthetic-showcase-h100-4gpu-full-telemetry-v1,2026-01-15T14:04:52.002Z,292.002,1,496.82,1916,92.5,76.3,62506,81920,71.4,steady_training
synthetic-showcase-h100-4gpu-full-telemetry-v1,2026-01-15T14:04:52.004Z,292.004,2,502.26,1913,92.3,76.6,62771,81920,72.5,steady_training
synthetic-showcase-h100-4gpu-full-telemetry-v1,2026-01-15T14:04:52.006Z,292.006,3,502.69,1902,91.2,76.9,62976,81920,74.8,steady_training
synthetic-showcase-h100-4gpu-full-telemetry-v1,2026-01-15T14:04:53.000Z,293,0,482.4,1902,91.3,75.9,62212,81920,72,steady_training
synthetic-showcase-h100-4gpu-full-telemetry-v1,2026-01-15T14:04:53.002Z,293.002,1,497.57,1918,92.6,76.3,62546,81920,71.5,steady_training
synthetic-showcase-h100-4gpu-full-telemetry-v1,2026-01-15T14:04:53.004Z,293.004,2,501.32,1911,92.1,76.7,62804,81920,72.5,steady_training
synthetic-showcase-h100-4gpu-full-telemetry-v1,2026-01-15T14:04:53.006Z,293.006,3,502.73,1902,91.2,76.9,63007,81920,74.8,steady_training
synthetic-showcase-h100-4gpu-full-telemetry-v1,2026-01-15T14:04:54.000Z,294,0,483.65,1904,91.5,76,62257,81920,72.1,steady_training
synthetic-showcase-h100-4gpu-full-telemetry-v1,2026-01-15T14:04:54.002Z,294.002,1,498.09,1919,92.7,76.4,62585,81920,71.5,steady_training
synthetic-showcase-h100-4gpu-full-telemetry-v1,2026-01-15T14:04:54.004Z,294.004,2,500.32,1909,92,76.7,62837,81920,72.5,steady_training
synthetic-showcase-h100-4gpu-full-telemetry-v1,2026-01-15T14:04:54.006Z,294.006,3,503.06,1903,91.3,77,63038,81920,74.9,steady_training
synthetic-showcase-h100-4gpu-full-telemetry-v1,2026-01-15T14:04:55.000Z,295,0,484.99,1907,91.7,76.1,62302,81920,72.1,steady_training
synthetic-showcase-h100-4gpu-full-telemetry-v1,2026-01-15T14:04:55.002Z,295.002,1,498.35,1919,92.7,76.4,62624,81920,71.5,steady_training
synthetic-showcase-h100-4gpu-full-telemetry-v1,2026-01-15T14:04:55.004Z,295.004,2,499.32,1907,91.8,76.7,62869,81920,72.4,steady_training
synthetic-showcase-h100-4gpu-full-telemetry-v1,2026-01-15T14:04:55.006Z,295.006,3,503.66,1905,91.3,77,63069,81920,74.9,steady_training
synthetic-showcase-h100-4gpu-full-telemetry-v1,2026-01-15T14:04:56.000Z,296,0,486.37,1910,92,76.1,62346,81920,72.2,steady_training
synthetic-showcase-h100-4gpu-full-telemetry-v1,2026-01-15T14:04:56.002Z,296.002,1,498.35,1919,92.7,76.5,62662,81920,71.5,steady_training
synthetic-showcase-h100-4gpu-full-telemetry-v1,2026-01-15T14:04:56.004Z,296.004,2,498.38,1905,91.7,76.8,62901,81920,72.4,steady_training
synthetic-showcase-h100-4gpu-full-telemetry-v1,2026-01-15T14:04:56.006Z,296.006,3,504.52,1907,91.5,77,63101,81920,75,steady_training
synthetic-showcase-h100-4gpu-full-telemetry-v1,2026-01-15T14:04:57.000Z,297,0,487.72,1912,92.2,76.2,62390,81920,72.2,steady_training
synthetic-showcase-h100-4gpu-full-telemetry-v1,2026-01-15T14:04:57.002Z,297.002,1,498.1,1918,92.7,76.5,62700,81920,71.5,steady_training
synthetic-showcase-h100-4gpu-full-telemetry-v1,2026-01-15T14:04:57.004Z,297.004,2,497.56,1904,91.5,76.8,62933,81920,72.4,steady_training
synthetic-showcase-h100-4gpu-full-telemetry-v1,2026-01-15T14:04:57.006Z,297.006,3,505.63,1910,91.6,77.1,63132,81920,75.1,steady_training
synthetic-showcase-h100-4gpu-full-telemetry-v1,2026-01-15T14:04:58.000Z,298,0,488.99,1915,92.4,76.2,62434,81920,72.2,steady_training
synthetic-showcase-h100-4gpu-full-telemetry-v1,2026-01-15T14:04:58.002Z,298.002,1,497.61,1917,92.6,76.6,62737,81920,71.5,steady_training
synthetic-showcase-h100-4gpu-full-telemetry-v1,2026-01-15T14:04:58.004Z,298.004,2,496.91,1903,91.4,76.9,62964,81920,72.4,steady_training
synthetic-showcase-h100-4gpu-full-telemetry-v1,2026-01-15T14:04:58.006Z,298.006,3,506.94,1913,91.8,77.1,63165,81920,75.2,steady_training
synthetic-showcase-h100-4gpu-full-telemetry-v1,2026-01-15T14:04:59.000Z,299,0,490.13,1917,92.5,76.3,62477,81920,72.3,steady_training
synthetic-showcase-h100-4gpu-full-telemetry-v1,2026-01-15T14:04:59.002Z,299.002,1,496.93,1916,92.5,76.6,62773,81920,71.4,steady_training
synthetic-showcase-h100-4gpu-full-telemetry-v1,2026-01-15T14:04:59.004Z,299.004,2,496.46,1902,91.4,76.9,62996,81920,72.4,steady_training
synthetic-showcase-h100-4gpu-full-telemetry-v1,2026-01-15T14:04:59.006Z,299.006,3,508.41,1916,92,77.1,63197,81920,75.3,steady_training
synthetic-showcase-h100-4gpu-full-telemetry-v1,2026-01-15T14:05:00.000Z,300,0,191.46,1069,18,67.5,55262,81920,55.5,data_loader_stall
synthetic-showcase-h100-4gpu-full-telemetry-v1,2026-01-15T14:05:00.002Z,300.002,1,196.24,1060,18,67.8,55514,81920,54.6,data_loader_stall
synthetic-showcase-h100-4gpu-full-telemetry-v1,2026-01-15T14:05:00.004Z,300.004,2,201.91,1055,18,68.1,55778,81920,55.9,data_loader_stall
synthetic-showcase-h100-4gpu-full-telemetry-v1,2026-01-15T14:05:00.006Z,300.006,3,219.42,1095,19.5,68.6,56189,81920,59.2,data_loader_stall
synthetic-showcase-h100-4gpu-full-telemetry-v1,2026-01-15T14:05:01.000Z,301,0,191.65,1069,18,67.5,55264,81920,55.5,data_loader_stall
synthetic-showcase-h100-4gpu-full-telemetry-v1,2026-01-15T14:05:01.002Z,301.002,1,195.55,1058,18,67.8,55506,81920,54.6,data_loader_stall
synthetic-showcase-h100-4gpu-full-telemetry-v1,2026-01-15T14:05:01.004Z,301.004,2,202.3,1057,18,68.1,55783,81920,55.9,data_loader_stall
synthetic-showcase-h100-4gpu-full-telemetry-v1,2026-01-15T14:05:01.006Z,301.006,3,220.91,1100,20,68.6,56208,81920,59.3,data_loader_stall
synthetic-showcase-h100-4gpu-full-telemetry-v1,2026-01-15T14:05:02.000Z,302,0,191.68,1069,18,67.5,55265,81920,55.5,data_loader_stall
synthetic-showcase-h100-4gpu-full-telemetry-v1,2026-01-15T14:05:02.002Z,302.002,1,194.85,1055,18,67.7,55497,81920,54.5,data_loader_stall
synthetic-showcase-h100-4gpu-full-telemetry-v1,2026-01-15T14:05:02.004Z,302.004,2,202.92,1059,18,68.1,55790,81920,56,data_loader_stall
synthetic-showcase-h100-4gpu-full-telemetry-v1,2026-01-15T14:05:02.006Z,302.006,3,222.37,1106,20.6,68.6,56226,81920,59.4,data_loader_stall
synthetic-showcase-h100-4gpu-full-telemetry-v1,2026-01-15T14:05:03.000Z,303,0,191.55,1069,18,67.5,55263,81920,55.5,data_loader_stall
synthetic-showcase-h100-4gpu-full-telemetry-v1,2026-01-15T14:05:03.002Z,303.002,1,194.18,1053,18,67.7,55489,81920,54.5,data_loader_stall
synthetic-showcase-h100-4gpu-full-telemetry-v1,2026-01-15T14:05:03.004Z,303.004,2,203.75,1062,18,68.1,55801,81920,56.1,data_loader_stall
synthetic-showcase-h100-4gpu-full-telemetry-v1,2026-01-15T14:05:03.006Z,303.006,3,223.74,1111,21.1,68.7,56243,81920,59.5,data_loader_stall
synthetic-showcase-h100-4gpu-full-telemetry-v1,2026-01-15T14:05:04.000Z,304,0,191.24,1068,18,67.5,55259,81920,55.4,data_loader_stall
synthetic-showcase-h100-4gpu-full-telemetry-v1,2026-01-15T14:05:04.002Z,304.002,1,193.6,1050,18,67.7,55481,81920,54.4,data_loader_stall
synthetic-showcase-h100-4gpu-full-telemetry-v1,2026-01-15T14:05:04.004Z,304.004,2,204.79,1066,18,68.1,55814,81920,56.2,data_loader_stall
synthetic-showcase-h100-4gpu-full-telemetry-v1,2026-01-15T14:05:04.006Z,304.006,3,224.98,1116,21.6,68.7,56259,81920,59.6,data_loader_stall
synthetic-showcase-h100-4gpu-full-telemetry-v1,2026-01-15T14:05:05.000Z,305,0,190.77,1066,18,67.4,55253,81920,55.4,data_loader_stall
synthetic-showcase-h100-4gpu-full-telemetry-v1,2026-01-15T14:05:05.002Z,305.002,1,193.13,1049,18,67.7,55475,81920,54.4,data_loader_stall
synthetic-showcase-h100-4gpu-full-telemetry-v1,2026-01-15T14:05:05.004Z,305.004,2,206.01,1071,18,68.2,55829,81920,56.3,data_loader_stall
synthetic-showcase-h100-4gpu-full-telemetry-v1,2026-01-15T14:05:05.006Z,305.006,3,226.05,1120,22,68.7,56272,81920,59.7,data_loader_stall
synthetic-showcase-h100-4gpu-full-telemetry-v1,2026-01-15T14:05:06.000Z,306,0,190.16,1064,18,67.4,55246,81920,55.3,data_loader_stall
synthetic-showcase-h100-4gpu-full-telemetry-v1,2026-01-15T14:05:06.002Z,306.002,1,192.83,1047,18,67.7,55472,81920,54.4,data_loader_stall
synthetic-showcase-h100-4gpu-full-telemetry-v1,2026-01-15T14:05:06.004Z,306.004,2,207.39,1076,18,68.2,55846,81920,56.4,data_loader_stall
synthetic-showcase-h100-4gpu-full-telemetry-v1,2026-01-15T14:05:06.006Z,306.006,3,226.91,1123,22.3,68.7,56283,81920,59.7,data_loader_stall
synthetic-showcase-h100-4gpu-full-telemetry-v1,2026-01-15T14:05:07.000Z,307,0,189.43,1061,18,67.4,55237,81920,55.2,data_loader_stall
synthetic-showcase-h100-4gpu-full-telemetry-v1,2026-01-15T14:05:07.002Z,307.002,1,192.72,1047,18,67.7,55470,81920,54.4,data_loader_stall
synthetic-showcase-h100-4gpu-full-telemetry-v1,2026-01-15T14:05:07.004Z,307.004,2,208.88,1081,18.1,68.2,55865,81920,56.5,data_loader_stall
synthetic-showcase-h100-4gpu-full-telemetry-v1,2026-01-15T14:05:07.006Z,307.006,3,227.54,1125,22.5,68.7,56290,81920,59.8,data_loader_stall
synthetic-showcase-h100-4gpu-full-telemetry-v1,2026-01-15T14:05:08.000Z,308,0,188.62,1058,18,67.4,55226,81920,55.2,data_loader_stall
synthetic-showcase-h100-4gpu-full-telemetry-v1,2026-01-15T14:05:08.002Z,308.002,1,192.82,1047,18,67.7,55471,81920,54.4,data_loader_stall
synthetic-showcase-h100-4gpu-full-telemetry-v1,2026-01-15T14:05:08.004Z,308.004,2,210.44,1087,18.7,68.2,55884,81920,56.6,data_loader_stall
synthetic-showcase-h100-4gpu-full-telemetry-v1,2026-01-15T14:05:08.006Z,308.006,3,227.91,1127,22.7,68.7,56295,81920,59.9,data_loader_stall
synthetic-showcase-h100-4gpu-full-telemetry-v1,2026-01-15T14:05:09.000Z,309,0,187.76,1055,18,67.4,55216,81920,55.1,data_loader_stall
synthetic-showcase-h100-4gpu-full-telemetry-v1,2026-01-15T14:05:09.002Z,309.002,1,193.15,1049,18,67.7,55476,81920,54.4,data_loader_stall
synthetic-showcase-h100-4gpu-full-telemetry-v1,2026-01-15T14:05:09.004Z,309.004,2,212.02,1093,19.3,68.2,55904,81920,56.7,data_loader_stall
synthetic-showcase-h100-4gpu-full-telemetry-v1,2026-01-15T14:05:09.006Z,309.006,3,228.02,1127,22.7,68.7,56297,81920,59.9,data_loader_stall
synthetic-showcase-h100-4gpu-full-telemetry-v1,2026-01-15T14:05:10.000Z,310,0,186.9,1051,18,67.4,55205,81920,55,data_loader_stall
synthetic-showcase-h100-4gpu-full-telemetry-v1,2026-01-15T14:05:10.002Z,310.002,1,193.71,1051,18,67.7,55483,81920,54.5,data_loader_stall
synthetic-showcase-h100-4gpu-full-telemetry-v1,2026-01-15T14:05:10.004Z,310.004,2,213.58,1099,19.9,68.3,55924,81920,56.8,data_loader_stall
synthetic-showcase-h100-4gpu-full-telemetry-v1,2026-01-15T14:05:10.006Z,310.006,3,227.87,1126,22.6,68.7,56295,81920,59.9,data_loader_stall
synthetic-showcase-h100-4gpu-full-telemetry-v1,2026-01-15T14:05:11.000Z,311,0,186.08,1048,18,67.4,55195,81920,55,data_loader_stall
synthetic-showcase-h100-4gpu-full-telemetry-v1,2026-01-15T14:05:11.002Z,311.002,1,194.51,1054,18,67.7,55493,81920,54.5,data_loader_stall
synthetic-showcase-h100-4gpu-full-telemetry-v1,2026-01-15T14:05:11.004Z,311.004,2,215.06,1105,20.5,68.3,55942,81920,56.9,data_loader_stall
synthetic-showcase-h100-4gpu-full-telemetry-v1,2026-01-15T14:05:11.006Z,311.006,3,227.48,1125,22.5,68.7,56290,81920,59.9,data_loader_stall
synthetic-showcase-h100-4gpu-full-telemetry-v1,2026-01-15T14:05:12.000Z,312,0,185.34,1046,18,67.4,55186,81920,54.9,data_loader_stall
synthetic-showcase-h100-4gpu-full-telemetry-v1,2026-01-15T14:05:12.002Z,312.002,1,195.53,1058,18,67.8,55505,81920,54.6,data_loader_stall
synthetic-showcase-h100-4gpu-full-telemetry-v1,2026-01-15T14:05:12.004Z,312.004,2,216.42,1110,21,68.3,55959,81920,57,data_loader_stall
synthetic-showcase-h100-4gpu-full-telemetry-v1,2026-01-15T14:05:12.006Z,312.006,3,226.85,1123,22.3,68.7,56282,81920,59.9,data_loader_stall
synthetic-showcase-h100-4gpu-full-telemetry-v1,2026-01-15T14:05:13.000Z,313,0,184.74,1043,18,67.4,55178,81920,54.8,data_loader_stall
synthetic-showcase-h100-4gpu-full-telemetry-v1,2026-01-15T14:05:13.002Z,313.002,1,196.75,1062,18,67.8,55521,81920,54.6,data_loader_stall
synthetic-showcase-h100-4gpu-full-telemetry-v1,2026-01-15T14:05:13.004Z,313.004,2,217.62,1114,21.4,68.3,55974,81920,57.1,data_loader_stall
synthetic-showcase-h100-4gpu-full-telemetry-v1,2026-01-15T14:05:13.006Z,313.006,3,226.03,1119,21.9,68.7,56272,81920,59.9,data_loader_stall
synthetic-showcase-h100-4gpu-full-telemetry-v1,2026-01-15T14:05:14.000Z,314,0,184.3,1042,18,67.3,55173,81920,54.8,data_loader_stall
synthetic-showcase-h100-4gpu-full-telemetry-v1,2026-01-15T14:05:14.002Z,314.002,1,198.13,1067,18,67.8,55538,81920,54.7,data_loader_stall
synthetic-showcase-h100-4gpu-full-telemetry-v1,2026-01-15T14:05:14.004Z,314.004,2,218.62,1118,21.8,68.3,55986,81920,57.2,data_loader_stall
synthetic-showcase-h100-4gpu-full-telemetry-v1,2026-01-15T14:05:14.006Z,314.006,3,225.05,1116,21.6,68.7,56259,81920,59.8,data_loader_stall
synthetic-showcase-h100-4gpu-full-telemetry-v1,2026-01-15T14:05:15.000Z,315,0,484.48,1903,91.7,77,63095,81920,71.6,steady_training
synthetic-showcase-h100-4gpu-full-telemetry-v1,2026-01-15T14:05:15.002Z,315.002,1,495.97,1916,92.3,77.3,63300,81920,71.4,steady_training
synthetic-showcase-h100-4gpu-full-telemetry-v1,2026-01-15T14:05:15.004Z,315.004,2,513.43,1942,93.9,77.5,63515,81920,73.7,steady_training
synthetic-showcase-h100-4gpu-full-telemetry-v1,2026-01-15T14:05:15.006Z,315.006,3,517.68,1935,93.4,77.9,63798,81920,76.3,steady_training
synthetic-showcase-h100-4gpu-full-telemetry-v1,2026-01-15T14:05:16.000Z,316,0,484.27,1903,91.7,77.1,63129,81920,71.6,steady_training
synthetic-showcase-h100-4gpu-full-telemetry-v1,2026-01-15T14:05:16.002Z,316.002,1,497.58,1920,92.6,77.3,63332,81920,71.5,steady_training
synthetic-showcase-h100-4gpu-full-telemetry-v1,2026-01-15T14:05:16.004Z,316.004,2,514.06,1943,93.9,77.6,63551,81920,73.8,steady_training
synthetic-showcase-h100-4gpu-full-telemetry-v1,2026-01-15T14:05:16.006Z,316.006,3,516.76,1933,93.3,77.9,63841,81920,76.2,steady_training
synthetic-showcase-h100-4gpu-full-telemetry-v1,2026-01-15T14:05:17.000Z,317,0,484.33,1903,91.7,77.1,63163,81920,71.5,steady_training
synthetic-showcase-h100-4gpu-full-telemetry-v1,2026-01-15T14:05:17.002Z,317.002,1,499.25,1924,92.8,77.3,63364,81920,71.6,steady_training
synthetic-showcase-h100-4gpu-full-telemetry-v1,2026-01-15T14:05:17.004Z,317.004,2,514.43,1944,94,77.6,63587,81920,73.8,steady_training
synthetic-showcase-h100-4gpu-full-telemetry-v1,2026-01-15T14:05:17.006Z,317.006,3,515.85,1931,93.2,78,63885,81920,76.2,steady_training
synthetic-showcase-h100-4gpu-full-telemetry-v1,2026-01-15T14:05:18.000Z,318,0,484.67,1904,91.7,77.1,63196,81920,71.5,steady_training
synthetic-showcase-h100-4gpu-full-telemetry-v1,2026-01-15T14:05:18.002Z,318.002,1,500.91,1927,93.1,77.4,63396,81920,71.7,steady_training
synthetic-showcase-h100-4gpu-full-telemetry-v1,2026-01-15T14:05:18.004Z,318.004,2,514.53,1944,94,77.7,63624,81920,73.9,steady_training
synthetic-showcase-h100-4gpu-full-telemetry-v1,2026-01-15T14:05:18.006Z,318.006,3,515.01,1929,93.1,78,63929,81920,76.2,steady_training
synthetic-showcase-h100-4gpu-full-telemetry-v1,2026-01-15T14:05:19.000Z,319,0,485.29,1905,91.8,77.2,63229,81920,71.5,steady_training
synthetic-showcase-h100-4gpu-full-telemetry-v1,2026-01-15T14:05:19.002Z,319.002,1,502.52,1931,93.3,77.4,63428,81920,71.8,steady_training
synthetic-showcase-h100-4gpu-full-telemetry-v1,2026-01-15T14:05:19.004Z,319.004,2,514.37,1944,94,77.7,63662,81920,73.9,steady_training
synthetic-showcase-h100-4gpu-full-telemetry-v1,2026-01-15T14:05:19.006Z,319.006,3,514.28,1927,93,78.1,63973,81920,76.2,steady_training
synthetic-showcase-h100-4gpu-full-telemetry-v1,2026-01-15T14:05:20.000Z,320,0,486.17,1907,92,70.1,57461,81920,71.6,steady_training
synthetic-showcase-h100-4gpu-full-telemetry-v1,2026-01-15T14:05:20.002Z,320.002,1,504.01,1935,93.5,70.4,57661,81920,71.9,steady_training
synthetic-showcase-h100-4gpu-full-telemetry-v1,2026-01-15T14:05:20.004Z,320.004,2,513.99,1943,93.9,70.7,57901,81920,73.9,steady_training
synthetic-showcase-h100-4gpu-full-telemetry-v1,2026-01-15T14:05:20.006Z,320.006,3,513.71,1925,92.9,71.1,58218,81920,76.2,steady_training
synthetic-showcase-h100-4gpu-full-telemetry-v1,2026-01-15T14:05:21.000Z,321,0,487.29,1910,92.1,70.2,57493,81920,71.6,steady_training
synthetic-showcase-h100-4gpu-full-telemetry-v1,2026-01-15T14:05:21.002Z,321.002,1,505.35,1938,93.7,70.4,57694,81920,71.9,steady_training
synthetic-showcase-h100-4gpu-full-telemetry-v1,2026-01-15T14:05:21.004Z,321.004,2,513.43,1941,93.9,70.7,57940,81920,73.9,steady_training
synthetic-showcase-h100-4gpu-full-telemetry-v1,2026-01-15T14:05:21.006Z,321.006,3,513.34,1924,92.8,71.1,58263,81920,76.2,steady_training
synthetic-showcase-h100-4gpu-full-telemetry-v1,2026-01-15T14:05:22.000Z,322,0,488.61,1913,92.3,70.2,57525,81920,71.7,steady_training
synthetic-showcase-h100-4gpu-full-telemetry-v1,2026-01-15T14:05:22.002Z,322.002,1,506.48,1940,93.9,70.5,57727,81920,72,steady_training
synthetic-showcase-h100-4gpu-full-telemetry-v1,2026-01-15T14:05:22.004Z,322.004,2,512.71,1940,93.8,70.8,57980,81920,73.9,steady_training
synthetic-showcase-h100-4gpu-full-telemetry-v1,2026-01-15T14:05:22.006Z,322.006,3,513.2,1923,92.8,71.2,58309,81920,76.2,steady_training
synthetic-showcase-h100-4gpu-full-telemetry-v1,2026-01-15T14:05:23.000Z,323,0,490.1,1916,92.5,70.3,57557,81920,71.7,steady_training
synthetic-showcase-h100-4gpu-full-telemetry-v1,2026-01-15T14:05:23.002Z,323.002,1,507.38,1942,94,70.5,57761,81920,72.1,steady_training
synthetic-showcase-h100-4gpu-full-telemetry-v1,2026-01-15T14:05:23.004Z,323.004,2,511.9,1938,93.6,70.8,58020,81920,73.9,steady_training
synthetic-showcase-h100-4gpu-full-telemetry-v1,2026-01-15T14:05:23.006Z,323.006,3,513.31,1923,92.8,71.2,58355,81920,76.2,steady_training
synthetic-showcase-h100-4gpu-full-telemetry-v1,2026-01-15T14:05:24.000Z,324,0,491.7,1920,92.8,70.3,57589,81920,71.8,steady_training
synthetic-showcase-h100-4gpu-full-telemetry-v1,2026-01-15T14:05:24.002Z,324.002,1,508.03,1944,94.1,70.6,57795,81920,72.1,steady_training
synthetic-showcase-h100-4gpu-full-telemetry-v1,2026-01-15T14:05:24.004Z,324.004,2,511.04,1936,93.5,70.9,58061,81920,73.8,steady_training
synthetic-showcase-h100-4gpu-full-telemetry-v1,2026-01-15T14:05:24.006Z,324.006,3,513.66,1923,92.9,71.3,58401,81920,76.3,steady_training
synthetic-showcase-h100-4gpu-full-telemetry-v1,2026-01-15T14:05:25.000Z,325,0,493.36,1924,93,70.3,57621,81920,71.9,steady_training
synthetic-showcase-h100-4gpu-full-telemetry-v1,2026-01-15T14:05:25.002Z,325.002,1,508.41,1945,94.2,70.6,57830,81920,72.1,steady_training
synthetic-showcase-h100-4gpu-full-telemetry-v1,2026-01-15T14:05:25.004Z,325.004,2,510.2,1934,93.4,70.9,58103,81920,73.8,steady_training
synthetic-showcase-h100-4gpu-full-telemetry-v1,2026-01-15T14:05:25.006Z,325.006,3,514.26,1924,93,71.3,58447,81920,76.3,steady_training
synthetic-showcase-h100-4gpu-full-telemetry-v1,2026-01-15T14:05:26.000Z,326,0,495.01,1928,93.3,70.4,57653,81920,71.9,steady_training
synthetic-showcase-h100-4gpu-full-telemetry-v1,2026-01-15T14:05:26.002Z,326.002,1,508.53,1945,94.2,70.6,57865,81920,72.2,steady_training
synthetic-showcase-h100-4gpu-full-telemetry-v1,2026-01-15T14:05:26.004Z,326.004,2,509.43,1932,93.3,71,58145,81920,73.8,steady_training
synthetic-showcase-h100-4gpu-full-telemetry-v1,2026-01-15T14:05:26.006Z,326.006,3,515.08,1926,93.1,71.4,58493,81920,76.4,steady_training
synthetic-showcase-h100-4gpu-full-telemetry-v1,2026-01-15T14:05:27.000Z,327,0,496.61,1932,93.5,70.4,57685,81920,72,steady_training
synthetic-showcase-h100-4gpu-full-telemetry-v1,2026-01-15T14:05:27.002Z,327.002,1,508.4,1945,94.2,70.7,57901,81920,72.2,steady_training
synthetic-showcase-h100-4gpu-full-telemetry-v1,2026-01-15T14:05:27.004Z,327.004,2,508.79,1930,93.2,71,58188,81920,73.8,steady_training
synthetic-showcase-h100-4gpu-full-telemetry-v1,2026-01-15T14:05:27.006Z,327.006,3,516.1,1928,93.3,71.5,58540,81920,76.5,steady_training
synthetic-showcase-h100-4gpu-full-telemetry-v1,2026-01-15T14:05:28.000Z,328,0,498.1,1935,93.7,70.5,57717,81920,72.1,steady_training
synthetic-showcase-h100-4gpu-full-telemetry-v1,2026-01-15T14:05:28.002Z,328.002,1,508.04,1944,94.1,70.7,57938,81920,72.1,steady_training
synthetic-showcase-h100-4gpu-full-telemetry-v1,2026-01-15T14:05:28.004Z,328.004,2,508.3,1928,93.1,71.1,58232,81920,73.8,steady_training
synthetic-showcase-h100-4gpu-full-telemetry-v1,2026-01-15T14:05:28.006Z,328.006,3,517.28,1930,93.5,71.5,58586,81920,76.5,steady_training
synthetic-showcase-h100-4gpu-full-telemetry-v1,2026-01-15T14:05:29.000Z,329,0,499.43,1938,93.9,70.5,57749,81920,72.1,steady_training
synthetic-showcase-h100-4gpu-full-telemetry-v1,2026-01-15T14:05:29.002Z,329.002,1,507.5,1943,94,70.8,57975,81920,72.1,steady_training
synthetic-showcase-h100-4gpu-full-telemetry-v1,2026-01-15T14:05:29.004Z,329.004,2,508.02,1928,93.1,71.1,58276,81920,73.8,steady_training
synthetic-showcase-h100-4gpu-full-telemetry-v1,2026-01-15T14:05:29.006Z,329.006,3,518.56,1932,93.7,71.6,58632,81920,76.6,steady_training
synthetic-showcase-h100-4gpu-full-telemetry-v1,2026-01-15T14:05:30.000Z,330,0,500.56,1941,94.1,70.5,57781,81920,72.2,steady_training
synthetic-showcase-h100-4gpu-full-telemetry-v1,2026-01-15T14:05:30.002Z,330.002,1,506.82,1941,93.9,70.8,58012,81920,72.1,steady_training
synthetic-showcase-h100-4gpu-full-telemetry-v1,2026-01-15T14:05:30.004Z,330.004,2,507.97,1927,93.1,71.2,58320,81920,73.8,steady_training
synthetic-showcase-h100-4gpu-full-telemetry-v1,2026-01-15T14:05:30.006Z,330.006,3,519.89,1935,93.9,71.6,58679,81920,76.7,steady_training
synthetic-showcase-h100-4gpu-full-telemetry-v1,2026-01-15T14:05:31.000Z,331,0,501.45,1943,94.2,70.6,57814,81920,72.2,steady_training
synthetic-showcase-h100-4gpu-full-telemetry-v1,2026-01-15T14:05:31.002Z,331.002,1,506.05,1939,93.8,70.9,58051,81920,72.1,steady_training
synthetic-showcase-h100-4gpu-full-telemetry-v1,2026-01-15T14:05:31.004Z,331.004,2,508.17,1927,93.1,71.2,58365,81920,73.9,steady_training
synthetic-showcase-h100-4gpu-full-telemetry-v1,2026-01-15T14:05:31.006Z,331.006,3,521.23,1937,94.1,71.7,58725,81920,76.8,steady_training
synthetic-showcase-h100-4gpu-full-telemetry-v1,2026-01-15T14:05:32.000Z,332,0,502.09,1944,94.3,70.6,57847,81920,72.2,steady_training
synthetic-showcase-h100-4gpu-full-telemetry-v1,2026-01-15T14:05:32.002Z,332.002,1,505.24,1937,93.7,70.9,58090,81920,72,steady_training
synthetic-showcase-h100-4gpu-full-telemetry-v1,2026-01-15T14:05:32.004Z,332.004,2,508.63,1928,93.2,71.3,58410,81920,73.9,steady_training
synthetic-showcase-h100-4gpu-full-telemetry-v1,2026-01-15T14:05:32.006Z,332.006,3,522.51,1940,94.3,71.7,58771,81920,76.9,steady_training
synthetic-showcase-h100-4gpu-full-telemetry-v1,2026-01-15T14:05:33.000Z,333,0,502.47,1945,94.4,70.7,57880,81920,72.2,steady_training
synthetic-showcase-h100-4gpu-full-telemetry-v1,2026-01-15T14:05:33.002Z,333.002,1,504.45,1936,93.6,71,58130,81920,72,steady_training
synthetic-showcase-h100-4gpu-full-telemetry-v1,2026-01-15T14:05:33.004Z,333.004,2,509.32,1929,93.3,71.4,58456,81920,74,steady_training
synthetic-showcase-h100-4gpu-full-telemetry-v1,2026-01-15T14:05:33.006Z,333.006,3,523.67,1942,94.5,71.8,58816,81920,77,steady_training
synthetic-showcase-h100-4gpu-full-telemetry-v1,2026-01-15T14:05:34.000Z,334,0,502.59,1946,94.4,70.7,57914,81920,72.2,steady_training
synthetic-showcase-h100-4gpu-full-telemetry-v1,2026-01-15T14:05:34.002Z,334.002,1,503.74,1934,93.5,71,58170,81920,72,steady_training
synthetic-showcase-h100-4gpu-full-telemetry-v1,2026-01-15T14:05:34.004Z,334.004,2,510.25,1931,93.5,71.4,58502,81920,74.1,steady_training
synthetic-showcase-h100-4gpu-full-telemetry-v1,2026-01-15T14:05:34.006Z,334.006,3,524.67,1944,94.6,71.9,58862,81920,77.1,steady_training
synthetic-showcase-h100-4gpu-full-telemetry-v1,2026-01-15T14:05:35.000Z,335,0,502.46,1946,94.4,70.7,57948,81920,72.2,steady_training
synthetic-showcase-h100-4gpu-full-telemetry-v1,2026-01-15T14:05:35.002Z,335.002,1,503.15,1932,93.4,71.1,58211,81920,71.9,steady_training
synthetic-showcase-h100-4gpu-full-telemetry-v1,2026-01-15T14:05:35.004Z,335.004,2,511.37,1933,93.6,71.5,58548,81920,74.2,steady_training
synthetic-showcase-h100-4gpu-full-telemetry-v1,2026-01-15T14:05:35.006Z,335.006,3,525.45,1945,94.8,71.9,58907,81920,77.2,steady_training
synthetic-showcase-h100-4gpu-full-telemetry-v1,2026-01-15T14:05:36.000Z,336,0,502.12,1945,94.3,70.8,57983,81920,72.2,steady_training
synthetic-showcase-h100-4gpu-full-telemetry-v1,2026-01-15T14:05:36.002Z,336.002,1,502.73,1931,93.3,71.1,58253,81920,71.9,steady_training
synthetic-showcase-h100-4gpu-full-telemetry-v1,2026-01-15T14:05:36.004Z,336.004,2,512.65,1935,93.8,71.5,58594,81920,74.3,steady_training
synthetic-showcase-h100-4gpu-full-telemetry-v1,2026-01-15T14:05:36.006Z,336.006,3,525.99,1946,94.8,72,58951,81920,77.2,steady_training
synthetic-showcase-h100-4gpu-full-telemetry-v1,2026-01-15T14:05:37.000Z,337,0,501.59,1944,94.2,70.8,58018,81920,72.1,steady_training
synthetic-showcase-h100-4gpu-full-telemetry-v1,2026-01-15T14:05:37.002Z,337.002,1,502.51,1930,93.3,71.2,58295,81920,71.9,steady_training
synthetic-showcase-h100-4gpu-full-telemetry-v1,2026-01-15T14:05:37.004Z,337.004,2,514.03,1938,94.1,71.6,58641,81920,74.4,steady_training
synthetic-showcase-h100-4gpu-full-telemetry-v1,2026-01-15T14:05:37.006Z,337.006,3,526.26,1946,94.9,72,58995,81920,77.2,steady_training
synthetic-showcase-h100-4gpu-full-telemetry-v1,2026-01-15T14:05:38.000Z,338,0,500.92,1942,94.1,70.9,58054,81920,72.1,steady_training
synthetic-showcase-h100-4gpu-full-telemetry-v1,2026-01-15T14:05:38.002Z,338.002,1,502.54,1930,93.3,71.2,58338,81920,71.9,steady_training
synthetic-showcase-h100-4gpu-full-telemetry-v1,2026-01-15T14:05:38.004Z,338.004,2,515.47,1940,94.3,71.6,58687,81920,74.5,steady_training
synthetic-showcase-h100-4gpu-full-telemetry-v1,2026-01-15T14:05:38.006Z,338.006,3,526.24,1946,94.9,72.1,59039,81920,77.3,steady_training
synthetic-showcase-h100-4gpu-full-telemetry-v1,2026-01-15T14:05:39.000Z,339,0,500.17,1941,94,70.9,58090,81920,72,steady_training
synthetic-showcase-h100-4gpu-full-telemetry-v1,2026-01-15T14:05:39.002Z,339.002,1,502.82,1931,93.4,71.3,58381,81920,72,steady_training
synthetic-showcase-h100-4gpu-full-telemetry-v1,2026-01-15T14:05:39.004Z,339.004,2,516.91,1943,94.5,71.7,58734,81920,74.6,steady_training
synthetic-showcase-h100-4gpu-full-telemetry-v1,2026-01-15T14:05:39.006Z,339.006,3,525.93,1945,94.9,72.1,59082,81920,77.3,steady_training
synthetic-showcase-h100-4gpu-full-telemetry-v1,2026-01-15T14:05:40.000Z,340,0,499.38,1939,93.9,71,58127,81920,71.9,steady_training
synthetic-showcase-h100-4gpu-full-telemetry-v1,2026-01-15T14:05:40.002Z,340.002,1,503.35,1931,93.5,71.3,58425,81920,72,steady_training
synthetic-showcase-h100-4gpu-full-telemetry-v1,2026-01-15T14:05:40.004Z,340.004,2,518.29,1946,94.7,71.8,58780,81920,74.7,steady_training
synthetic-showcase-h100-4gpu-full-telemetry-v1,2026-01-15T14:05:40.006Z,340.006,3,525.34,1943,94.8,72.2,59125,81920,77.2,steady_training
synthetic-showcase-h100-4gpu-full-telemetry-v1,2026-01-15T14:05:41.000Z,341,0,498.62,1937,93.8,71,58165,81920,71.9,steady_training
synthetic-showcase-h100-4gpu-full-telemetry-v1,2026-01-15T14:05:41.002Z,341.002,1,504.13,1933,93.6,71.4,58469,81920,72.1,steady_training
synthetic-showcase-h100-4gpu-full-telemetry-v1,2026-01-15T14:05:41.004Z,341.004,2,519.55,1948,94.9,71.8,58827,81920,74.8,steady_training
synthetic-showcase-h100-4gpu-full-telemetry-v1,2026-01-15T14:05:41.006Z,341.006,3,524.5,1941,94.7,72.2,59167,81920,77.2,steady_training
synthetic-showcase-h100-4gpu-full-telemetry-v1,2026-01-15T14:05:42.000Z,342,0,497.93,1935,93.7,71,58203,81920,71.8,steady_training
synthetic-showcase-h100-4gpu-full-telemetry-v1,2026-01-15T14:05:42.002Z,342.002,1,505.14,1935,93.7,71.4,58514,81920,72.1,steady_training
synthetic-showcase-h100-4gpu-full-telemetry-v1,2026-01-15T14:05:42.004Z,342.004,2,520.64,1950,95.1,71.9,58873,81920,74.9,steady_training
synthetic-showcase-h100-4gpu-full-telemetry-v1,2026-01-15T14:05:42.006Z,342.006,3,523.43,1939,94.5,72.3,59208,81920,77.2,steady_training
synthetic-showcase-h100-4gpu-full-telemetry-v1,2026-01-15T14:05:43.000Z,343,0,497.38,1934,93.6,71.1,58242,81920,71.8,steady_training
synthetic-showcase-h100-4gpu-full-telemetry-v1,2026-01-15T14:05:43.002Z,343.002,1,506.36,1937,93.9,71.5,58559,81920,72.2,steady_training
synthetic-showcase-h100-4gpu-full-telemetry-v1,2026-01-15T14:05:43.004Z,343.004,2,521.52,1952,95.2,71.9,58919,81920,75,steady_training
synthetic-showcase-h100-4gpu-full-telemetry-v1,2026-01-15T14:05:43.006Z,343.006,3,522.18,1936,94.3,72.3,59249,81920,77.1,steady_training
synthetic-showcase-h100-4gpu-full-telemetry-v1,2026-01-15T14:05:44.000Z,344,0,497,1933,93.6,71.1,58281,81920,71.7,steady_training
synthetic-showcase-h100-4gpu-full-telemetry-v1,2026-01-15T14:05:44.002Z,344.002,1,507.73,1940,94.1,71.5,58605,81920,72.3,steady_training
synthetic-showcase-h100-4gpu-full-telemetry-v1,2026-01-15T14:05:44.004Z,344.004,2,522.14,1953,95.3,72,58965,81920,75,steady_training
synthetic-showcase-h100-4gpu-full-telemetry-v1,2026-01-15T14:05:44.006Z,344.006,3,520.8,1932,94.1,72.4,59289,81920,77.1,steady_training
synthetic-showcase-h100-4gpu-full-telemetry-v1,2026-01-15T14:05:45.000Z,345,0,496.83,1933,93.5,71.2,58321,81920,71.7,steady_training
synthetic-showcase-h100-4gpu-full-telemetry-v1,2026-01-15T14:05:45.002Z,345.002,1,509.21,1942,94.4,71.6,58651,81920,72.4,steady_training
synthetic-showcase-h100-4gpu-full-telemetry-v1,2026-01-15T14:05:45.004Z,345.004,2,522.49,1953,95.4,72,59011,81920,75.1,steady_training
synthetic-showcase-h100-4gpu-full-telemetry-v1,2026-01-15T14:05:45.006Z,345.006,3,519.35,1929,93.9,72.4,59328,81920,77,steady_training
synthetic-showcase-h100-4gpu-full-telemetry-v1,2026-01-15T14:05:46.000Z,346,0,496.91,1933,93.5,71.2,58362,81920,71.7,steady_training
synthetic-showcase-h100-4gpu-full-telemetry-v1,2026-01-15T14:05:46.002Z,346.002,1,510.74,1945,94.6,71.7,58697,81920,72.5,steady_training
synthetic-showcase-h100-4gpu-full-telemetry-v1,2026-01-15T14:05:46.004Z,346.004,2,522.55,1953,95.4,72.1,59056,81920,75.1,steady_training
synthetic-showcase-h100-4gpu-full-telemetry-v1,2026-01-15T14:05:46.006Z,346.006,3,517.89,1926,93.7,72.5,59367,81920,76.9,steady_training
synthetic-showcase-h100-4gpu-full-telemetry-v1,2026-01-15T14:05:47.000Z,347,0,497.24,1933,93.6,71.3,58404,81920,71.7,steady_training
synthetic-showcase-h100-4gpu-full-telemetry-v1,2026-01-15T14:05:47.002Z,347.002,1,512.28,1948,94.9,71.7,58743,81920,72.6,steady_training
synthetic-showcase-h100-4gpu-full-telemetry-v1,2026-01-15T14:05:47.004Z,347.004,2,522.31,1952,95.4,72.1,59101,81920,75.1,steady_training
synthetic-showcase-h100-4gpu-full-telemetry-v1,2026-01-15T14:05:47.006Z,347.006,3,516.47,1923,93.5,72.5,59406,81920,76.9,steady_training
synthetic-showcase-h100-4gpu-full-telemetry-v1,2026-01-15T14:05:48.000Z,348,0,497.83,1934,93.7,71.3,58446,81920,71.7,steady_training
synthetic-showcase-h100-4gpu-full-telemetry-v1,2026-01-15T14:05:48.002Z,348.002,1,513.75,1951,95.1,71.8,58789,81920,72.7,steady_training
synthetic-showcase-h100-4gpu-full-telemetry-v1,2026-01-15T14:05:48.004Z,348.004,2,521.79,1950,95.3,72.2,59145,81920,75.1,steady_training
synthetic-showcase-h100-4gpu-full-telemetry-v1,2026-01-15T14:05:48.006Z,348.006,3,515.15,1920,93.3,72.6,59443,81920,76.8,steady_training
synthetic-showcase-h100-4gpu-full-telemetry-v1,2026-01-15T14:05:49.000Z,349,0,498.68,1936,93.8,71.4,58488,81920,71.8,steady_training
synthetic-showcase-h100-4gpu-full-telemetry-v1,2026-01-15T14:05:49.002Z,349.002,1,515.11,1954,95.3,71.8,58836,81920,72.8,steady_training
synthetic-showcase-h100-4gpu-full-telemetry-v1,2026-01-15T14:05:49.004Z,349.004,2,521,1948,95.2,72.3,59189,81920,75.1,steady_training
synthetic-showcase-h100-4gpu-full-telemetry-v1,2026-01-15T14:05:49.006Z,349.006,3,513.99,1917,93.1,72.6,59480,81920,76.8,steady_training
synthetic-showcase-h100-4gpu-full-telemetry-v1,2026-01-15T14:05:50.000Z,350,0,499.76,1938,94,71.4,58531,81920,71.8,steady_training
synthetic-showcase-h100-4gpu-full-telemetry-v1,2026-01-15T14:05:50.002Z,350.002,1,516.29,1956,95.5,71.9,58883,81920,72.9,steady_training
synthetic-showcase-h100-4gpu-full-telemetry-v1,2026-01-15T14:05:50.004Z,350.004,2,519.98,1946,95,72.3,59233,81920,75.1,steady_training
synthetic-showcase-h100-4gpu-full-telemetry-v1,2026-01-15T14:05:50.006Z,350.006,3,513.04,1915,93,72.7,59517,81920,76.7,steady_training
synthetic-showcase-h100-4gpu-full-telemetry-v1,2026-01-15T14:05:51.000Z,351,0,501.04,1940,94.2,71.5,58575,81920,71.9,steady_training
synthetic-showcase-h100-4gpu-full-telemetry-v1,2026-01-15T14:05:51.002Z,351.002,1,517.27,1958,95.6,71.9,58929,81920,72.9,steady_training
synthetic-showcase-h100-4gpu-full-telemetry-v1,2026-01-15T14:05:51.004Z,351.004,2,518.78,1943,94.9,72.4,59275,81920,75,steady_training
synthetic-showcase-h100-4gpu-full-telemetry-v1,2026-01-15T14:05:51.006Z,351.006,3,512.33,1913,92.8,72.7,59553,81920,76.7,steady_training
synthetic-showcase-h100-4gpu-full-telemetry-v1,2026-01-15T14:05:52.000Z,352,0,502.49,1943,94.4,71.6,58619,81920,71.9,steady_training
synthetic-showcase-h100-4gpu-full-telemetry-v1,2026-01-15T14:05:52.002Z,352.002,1,517.99,1959,95.8,72,58976,81920,73,steady_training
synthetic-showcase-h100-4gpu-full-telemetry-v1,2026-01-15T14:05:52.004Z,352.004,2,517.43,1940,94.7,72.4,59318,81920,75,steady_training
synthetic-showcase-h100-4gpu-full-telemetry-v1,2026-01-15T14:05:52.006Z,352.006,3,511.89,1912,92.8,72.7,59588,81920,76.7,steady_training
synthetic-showcase-h100-4gpu-full-telemetry-v1,2026-01-15T14:05:53.000Z,353,0,504.04,1946,94.7,71.6,58663,81920,72,steady_training
synthetic-showcase-h100-4gpu-full-telemetry-v1,2026-01-15T14:05:53.002Z,353.002,1,518.42,1959,95.8,72,59022,81920,73,steady_training
synthetic-showcase-h100-4gpu-full-telemetry-v1,2026-01-15T14:05:53.004Z,353.004,2,516.01,1936,94.5,72.5,59359,81920,74.9,steady_training
synthetic-showcase-h100-4gpu-full-telemetry-v1,2026-01-15T14:05:53.006Z,353.006,3,511.73,1912,92.8,72.8,59623,81920,76.7,steady_training
synthetic-showcase-h100-4gpu-full-telemetry-v1,2026-01-15T14:05:54.000Z,354,0,505.66,1950,94.9,71.7,58708,81920,72.1,steady_training
synthetic-showcase-h100-4gpu-full-telemetry-v1,2026-01-15T14:05:54.002Z,354.002,1,518.57,1959,95.9,72.1,59068,81920,73.1,steady_training
synthetic-showcase-h100-4gpu-full-telemetry-v1,2026-01-15T14:05:54.004Z,354.004,2,514.56,1933,94.2,72.5,59400,81920,74.9,steady_training
synthetic-showcase-h100-4gpu-full-telemetry-v1,2026-01-15T14:05:54.006Z,354.006,3,511.85,1912,92.8,72.8,59657,81920,76.7,steady_training
synthetic-showcase-h100-4gpu-full-telemetry-v1,2026-01-15T14:05:55.000Z,355,0,507.28,1953,95.2,71.7,58754,81920,72.2,steady_training
synthetic-showcase-h100-4gpu-full-telemetry-v1,2026-01-15T14:05:55.002Z,355.002,1,518.41,1958,95.8,72.2,59114,81920,73.1,steady_training
synthetic-showcase-h100-4gpu-full-telemetry-v1,2026-01-15T14:05:55.004Z,355.004,2,513.14,1930,94,72.6,59441,81920,74.8,steady_training
synthetic-showcase-h100-4gpu-full-telemetry-v1,2026-01-15T14:05:55.006Z,355.006,3,512.26,1913,92.8,72.9,59691,81920,76.8,steady_training
synthetic-showcase-h100-4gpu-full-telemetry-v1,2026-01-15T14:05:56.000Z,356,0,508.84,1956,95.4,71.8,58799,81920,72.3,steady_training
synthetic-showcase-h100-4gpu-full-telemetry-v1,2026-01-15T14:05:56.002Z,356.002,1,517.97,1957,95.8,72.2,59160,81920,73.1,steady_training
synthetic-showcase-h100-4gpu-full-telemetry-v1,2026-01-15T14:05:56.004Z,356.004,2,511.83,1926,93.8,72.6,59481,81920,74.8,steady_training
synthetic-showcase-h100-4gpu-full-telemetry-v1,2026-01-15T14:05:56.006Z,356.006,3,512.93,1915,92.9,72.9,59724,81920,76.8,steady_training
synthetic-showcase-h100-4gpu-full-telemetry-v1,2026-01-15T14:05:57.000Z,357,0,510.29,1959,95.6,71.8,58845,81920,72.3,steady_training
synthetic-showcase-h100-4gpu-full-telemetry-v1,2026-01-15T14:05:57.002Z,357.002,1,517.26,1955,95.7,72.3,59205,81920,73,steady_training
synthetic-showcase-h100-4gpu-full-telemetry-v1,2026-01-15T14:05:57.004Z,357.004,2,510.65,1924,93.7,72.7,59520,81920,74.8,steady_training
synthetic-showcase-h100-4gpu-full-telemetry-v1,2026-01-15T14:05:57.006Z,357.006,3,513.82,1917,93.1,72.9,59757,81920,76.9,steady_training
synthetic-showcase-h100-4gpu-full-telemetry-v1,2026-01-15T14:05:58.000Z,358,0,511.56,1961,95.8,71.9,58891,81920,72.4,steady_training
synthetic-showcase-h100-4gpu-full-telemetry-v1,2026-01-15T14:05:58.002Z,358.002,1,516.31,1953,95.5,72.3,59250,81920,73,steady_training
synthetic-showcase-h100-4gpu-full-telemetry-v1,2026-01-15T14:05:58.004Z,358.004,2,509.68,1922,93.5,72.7,59558,81920,74.7,steady_training
synthetic-showcase-h100-4gpu-full-telemetry-v1,2026-01-15T14:05:58.006Z,358.006,3,514.9,1920,93.2,73,59790,81920,77,steady_training
synthetic-showcase-h100-4gpu-full-telemetry-v1,2026-01-15T14:05:59.000Z,359,0,512.62,1963,96,71.9,58938,81920,72.4,steady_training
synthetic-showcase-h100-4gpu-full-telemetry-v1,2026-01-15T14:05:59.002Z,359.002,1,515.17,1950,95.4,72.4,59295,81920,73,steady_training
synthetic-showcase-h100-4gpu-full-telemetry-v1,2026-01-15T14:05:59.004Z,359.004,2,508.93,1920,93.4,72.7,59596,81920,74.7,steady_training
synthetic-showcase-h100-4gpu-full-telemetry-v1,2026-01-15T14:05:59.006Z,359.006,3,516.12,1923,93.4,73,59822,81920,77,steady_training
synthetic-showcase-h100-4gpu-full-telemetry-v1,2026-01-15T14:06:00.000Z,360,0,513.43,1964,96.1,72,58984,81920,72.5,steady_training
synthetic-showcase-h100-4gpu-full-telemetry-v1,2026-01-15T14:06:00.002Z,360.002,1,513.89,1947,95.2,72.4,59339,81920,72.9,steady_training
synthetic-showcase-h100-4gpu-full-telemetry-v1,2026-01-15T14:06:00.004Z,360.004,2,508.44,1919,93.3,72.8,59633,81920,74.7,steady_training
synthetic-showcase-h100-4gpu-full-telemetry-v1,2026-01-15T14:06:00.006Z,360.006,3,517.43,1926,93.6,73.1,59855,81920,77.1,steady_training
synthetic-showcase-h100-4gpu-full-telemetry-v1,2026-01-15T14:06:01.000Z,361,0,513.96,1965,96.2,72.1,59031,81920,72.5,steady_training
synthetic-showcase-h100-4gpu-full-telemetry-v1,2026-01-15T14:06:01.002Z,361.002,1,512.51,1943,95,72.5,59382,81920,72.8,steady_training
synthetic-showcase-h100-4gpu-full-telemetry-v1,2026-01-15T14:06:01.004Z,361.004,2,508.22,1918,93.3,72.8,59670,81920,74.7,steady_training
synthetic-showcase-h100-4gpu-full-telemetry-v1,2026-01-15T14:06:01.006Z,361.006,3,518.77,1929,93.8,73.1,59887,81920,77.2,steady_training
synthetic-showcase-h100-4gpu-full-telemetry-v1,2026-01-15T14:06:02.000Z,362,0,514.2,1965,96.3,72.1,59077,81920,72.5,steady_training
synthetic-showcase-h100-4gpu-full-telemetry-v1,2026-01-15T14:06:02.002Z,362.002,1,511.11,1940,94.8,72.5,59425,81920,72.8,steady_training
synthetic-showcase-h100-4gpu-full-telemetry-v1,2026-01-15T14:06:02.004Z,362.004,2,508.27,1918,93.3,72.9,59706,81920,74.8,steady_training
synthetic-showcase-h100-4gpu-full-telemetry-v1,2026-01-15T14:06:02.006Z,362.006,3,520.09,1932,94,73.1,59919,81920,77.3,steady_training
synthetic-showcase-h100-4gpu-full-telemetry-v1,2026-01-15T14:06:03.000Z,363,0,514.13,1964,96.2,72.2,59124,81920,72.5,steady_training
synthetic-showcase-h100-4gpu-full-telemetry-v1,2026-01-15T14:06:03.002Z,363.002,1,509.73,1937,94.6,72.6,59468,81920,72.7,steady_training
synthetic-showcase-h100-4gpu-full-telemetry-v1,2026-01-15T14:06:03.004Z,363.004,2,508.6,1919,93.4,72.9,59741,81920,74.8,steady_training
synthetic-showcase-h100-4gpu-full-telemetry-v1,2026-01-15T14:06:03.006Z,363.006,3,521.33,1935,94.2,73.2,59950,81920,77.4,steady_training
synthetic-showcase-h100-4gpu-full-telemetry-v1,2026-01-15T14:06:04.000Z,364,0,513.78,1963,96.2,72.2,59170,81920,72.5,steady_training
synthetic-showcase-h100-4gpu-full-telemetry-v1,2026-01-15T14:06:04.002Z,364.002,1,508.44,1934,94.4,72.6,59510,81920,72.7,steady_training
synthetic-showcase-h100-4gpu-full-telemetry-v1,2026-01-15T14:06:04.004Z,364.004,2,509.17,1920,93.5,73,59776,81920,74.9,steady_training
synthetic-showcase-h100-4gpu-full-telemetry-v1,2026-01-15T14:06:04.006Z,364.006,3,522.45,1937,94.3,73.2,59982,81920,77.5,steady_training
synthetic-showcase-h100-4gpu-full-telemetry-v1,2026-01-15T14:06:05.000Z,365,0,513.15,1962,96.1,72.3,59216,81920,72.4,steady_training
synthetic-showcase-h100-4gpu-full-telemetry-v1,2026-01-15T14:06:05.002Z,365.002,1,507.28,1931,94.2,72.7,59551,81920,72.6,steady_training
synthetic-showcase-h100-4gpu-full-telemetry-v1,2026-01-15T14:06:05.004Z,365.004,2,509.96,1922,93.6,73,59811,81920,75,steady_training
synthetic-showcase-h100-4gpu-full-telemetry-v1,2026-01-15T14:06:05.006Z,365.006,3,523.4,1940,94.5,73.3,60014,81920,77.5,steady_training
synthetic-showcase-h100-4gpu-full-telemetry-v1,2026-01-15T14:06:06.000Z,366,0,512.29,1959,96,72.3,59262,81920,72.4,steady_training
synthetic-showcase-h100-4gpu-full-telemetry-v1,2026-01-15T14:06:06.002Z,366.002,1,506.31,1929,94.1,72.7,59591,81920,72.6,steady_training
synthetic-showcase-h100-4gpu-full-telemetry-v1,2026-01-15T14:06:06.004Z,366.004,2,510.93,1924,93.7,73.1,59845,81920,75,steady_training
synthetic-showcase-h100-4gpu-full-telemetry-v1,2026-01-15T14:06:06.006Z,366.006,3,524.16,1941,94.6,73.3,60046,81920,77.6,steady_training
synthetic-showcase-h100-4gpu-full-telemetry-v1,2026-01-15T14:06:07.000Z,367,0,511.23,1956,95.8,72.4,59308,81920,72.3,steady_training
synthetic-showcase-h100-4gpu-full-telemetry-v1,2026-01-15T14:06:07.002Z,367.002,1,505.56,1927,94,72.8,59631,81920,72.6,steady_training
synthetic-showcase-h100-4gpu-full-telemetry-v1,2026-01-15T14:06:07.004Z,367.004,2,512.02,1927,93.9,73.1,59878,81920,75.1,steady_training
synthetic-showcase-h100-4gpu-full-telemetry-v1,2026-01-15T14:06:07.006Z,367.006,3,524.7,1943,94.7,73.3,60078,81920,77.6,steady_training
synthetic-showcase-h100-4gpu-full-telemetry-v1,2026-01-15T14:06:08.000Z,368,0,510.02,1953,95.7,72.5,59353,81920,72.2,steady_training
synthetic-showcase-h100-4gpu-full-telemetry-v1,2026-01-15T14:06:08.002Z,368.002,1,505.05,1926,93.9,72.8,59671,81920,72.6,steady_training
synthetic-showcase-h100-4gpu-full-telemetry-v1,2026-01-15T14:06:08.004Z,368.004,2,513.2,1930,94,73.1,59911,81920,75.2,steady_training
synthetic-showcase-h100-4gpu-full-telemetry-v1,2026-01-15T14:06:08.006Z,368.006,3,525.02,1944,94.7,73.4,60111,81920,77.6,steady_training
synthetic-showcase-h100-4gpu-full-telemetry-v1,2026-01-15T14:06:09.000Z,369,0,508.71,1950,95.5,72.5,59398,81920,72.1,steady_training
synthetic-showcase-h100-4gpu-full-telemetry-v1,2026-01-15T14:06:09.002Z,369.002,1,504.81,1925,93.9,72.9,59709,81920,72.6,steady_training
synthetic-showcase-h100-4gpu-full-telemetry-v1,2026-01-15T14:06:09.004Z,369.004,2,514.39,1932,94.2,73.2,59944,81920,75.3,steady_training
synthetic-showcase-h100-4gpu-full-telemetry-v1,2026-01-15T14:06:09.006Z,369.006,3,525.11,1944,94.7,73.4,60143,81920,77.7,steady_training
synthetic-showcase-h100-4gpu-full-telemetry-v1,2026-01-15T14:06:10.000Z,370,0,507.37,1947,95.3,72.6,59442,81920,72.1,steady_training
synthetic-showcase-h100-4gpu-full-telemetry-v1,2026-01-15T14:06:10.002Z,370.002,1,504.83,1925,93.9,72.9,59747,81920,72.6,steady_training
synthetic-showcase-h100-4gpu-full-telemetry-v1,2026-01-15T14:06:10.004Z,370.004,2,515.56,1935,94.4,73.2,59976,81920,75.4,steady_training
synthetic-showcase-h100-4gpu-full-telemetry-v1,2026-01-15T14:06:10.006Z,370.006,3,525,1944,94.7,73.5,60176,81920,77.7,steady_training
synthetic-showcase-h100-4gpu-full-telemetry-v1,2026-01-15T14:06:11.000Z,371,0,506.05,1944,95.1,72.6,59487,81920,72,steady_training
synthetic-showcase-h100-4gpu-full-telemetry-v1,2026-01-15T14:06:11.002Z,371.002,1,505.11,1925,93.9,73,59785,81920,72.6,steady_training
synthetic-showcase-h100-4gpu-full-telemetry-v1,2026-01-15T14:06:11.004Z,371.004,2,516.64,1938,94.6,73.3,60008,81920,75.5,steady_training
synthetic-showcase-h100-4gpu-full-telemetry-v1,2026-01-15T14:06:11.006Z,371.006,3,524.7,1943,94.6,73.5,60209,81920,77.7,steady_training
synthetic-showcase-h100-4gpu-full-telemetry-v1,2026-01-15T14:06:12.000Z,372,0,504.81,1941,94.9,72.7,59530,81920,71.9,steady_training
synthetic-showcase-h100-4gpu-full-telemetry-v1,2026-01-15T14:06:12.002Z,372.002,1,505.62,1927,94,73,59821,81920,72.7,steady_training
synthetic-showcase-h100-4gpu-full-telemetry-v1,2026-01-15T14:06:12.004Z,372.004,2,517.59,1940,94.7,73.3,60040,81920,75.6,steady_training
synthetic-showcase-h100-4gpu-full-telemetry-v1,2026-01-15T14:06:12.006Z,372.006,3,524.25,1943,94.6,73.5,60243,81920,77.6,steady_training
synthetic-showcase-h100-4gpu-full-telemetry-v1,2026-01-15T14:06:13.000Z,373,0,503.7,1938,94.8,72.7,59573,81920,71.8,steady_training
synthetic-showcase-h100-4gpu-full-telemetry-v1,2026-01-15T14:06:13.002Z,373.002,1,506.34,1928,94.1,73.1,59857,81920,72.7,steady_training
synthetic-showcase-h100-4gpu-full-telemetry-v1,2026-01-15T14:06:13.004Z,373.004,2,518.37,1942,94.8,73.3,60072,81920,75.7,steady_training
synthetic-showcase-h100-4gpu-full-telemetry-v1,2026-01-15T14:06:13.006Z,373.006,3,523.7,1941,94.5,73.6,60277,81920,77.6,steady_training
synthetic-showcase-h100-4gpu-full-telemetry-v1,2026-01-15T14:06:14.000Z,374,0,502.77,1936,94.6,72.8,59616,81920,71.8,steady_training
synthetic-showcase-h100-4gpu-full-telemetry-v1,2026-01-15T14:06:14.002Z,374.002,1,507.22,1930,94.2,73.1,59893,81920,72.8,steady_training
synthetic-showcase-h100-4gpu-full-telemetry-v1,2026-01-15T14:06:14.004Z,374.004,2,518.95,1943,94.9,73.4,60104,81920,75.7,steady_training
synthetic-showcase-h100-4gpu-full-telemetry-v1,2026-01-15T14:06:14.006Z,374.006,3,523.09,1940,94.4,73.6,60311,81920,77.6,steady_training
synthetic-showcase-h100-4gpu-full-telemetry-v1,2026-01-15T14:06:15.000Z,375,0,502.04,1934,94.5,72.8,59657,81920,71.7,steady_training
synthetic-showcase-h100-4gpu-full-telemetry-v1,2026-01-15T14:06:15.002Z,375.002,1,508.22,1932,94.4,73.2,59928,81920,72.9,steady_training
synthetic-showcase-h100-4gpu-full-telemetry-v1,2026-01-15T14:06:15.004Z,375.004,2,519.31,1944,94.9,73.4,60135,81920,75.8,steady_training
synthetic-showcase-h100-4gpu-full-telemetry-v1,2026-01-15T14:06:15.006Z,375.006,3,522.48,1939,94.3,73.7,60346,81920,77.6,steady_training
synthetic-showcase-h100-4gpu-full-telemetry-v1,2026-01-15T14:06:16.000Z,376,0,501.56,1932,94.4,72.9,59699,81920,71.7,steady_training
synthetic-showcase-h100-4gpu-full-telemetry-v1,2026-01-15T14:06:16.002Z,376.002,1,509.28,1935,94.5,73.2,59962,81920,73,steady_training
synthetic-showcase-h100-4gpu-full-telemetry-v1,2026-01-15T14:06:16.004Z,376.004,2,519.44,1945,95,73.4,60167,81920,75.8,steady_training
synthetic-showcase-h100-4gpu-full-telemetry-v1,2026-01-15T14:06:16.006Z,376.006,3,521.92,1938,94.2,73.7,60382,81920,77.5,steady_training
synthetic-showcase-h100-4gpu-full-telemetry-v1,2026-01-15T14:06:17.000Z,377,0,501.32,1932,94.4,72.9,59739,81920,71.7,steady_training
synthetic-showcase-h100-4gpu-full-telemetry-v1,2026-01-15T14:06:17.002Z,377.002,1,510.36,1937,94.7,73.2,59996,81920,73.1,steady_training
synthetic-showcase-h100-4gpu-full-telemetry-v1,2026-01-15T14:06:17.004Z,377.004,2,519.35,1945,94.9,73.5,60198,81920,75.8,steady_training
synthetic-showcase-h100-4gpu-full-telemetry-v1,2026-01-15T14:06:17.006Z,377.006,3,521.47,1937,94.2,73.8,60418,81920,77.5,steady_training
synthetic-showcase-h100-4gpu-full-telemetry-v1,2026-01-15T14:06:18.000Z,378,0,501.34,1932,94.4,73,59779,81920,71.7,steady_training
synthetic-showcase-h100-4gpu-full-telemetry-v1,2026-01-15T14:06:18.002Z,378.002,1,511.39,1940,94.9,73.3,60029,81920,73.1,steady_training
synthetic-showcase-h100-4gpu-full-telemetry-v1,2026-01-15T14:06:18.004Z,378.004,2,519.04,1944,94.9,73.5,60230,81920,75.8,steady_training
synthetic-showcase-h100-4gpu-full-telemetry-v1,2026-01-15T14:06:18.006Z,378.006,3,521.17,1936,94.1,73.8,60455,81920,77.5,steady_training
synthetic-showcase-h100-4gpu-full-telemetry-v1,2026-01-15T14:06:19.000Z,379,0,501.6,1932,94.5,73,59819,81920,71.7,steady_training
synthetic-showcase-h100-4gpu-full-telemetry-v1,2026-01-15T14:06:19.002Z,379.002,1,512.33,1942,95,73.3,60062,81920,73.2,steady_training
synthetic-showcase-h100-4gpu-full-telemetry-v1,2026-01-15T14:06:19.004Z,379.004,2,518.56,1943,94.8,73.6,60262,81920,75.8,steady_training
synthetic-showcase-h100-4gpu-full-telemetry-v1,2026-01-15T14:06:19.006Z,379.006,3,521.08,1936,94.1,73.8,60492,81920,77.5,steady_training
synthetic-showcase-h100-4gpu-full-telemetry-v1,2026-01-15T14:06:20.000Z,380,0,502.09,1933,94.5,73.1,59857,81920,71.7,steady_training
synthetic-showcase-h100-4gpu-full-telemetry-v1,2026-01-15T14:06:20.002Z,380.002,1,513.13,1944,95.1,73.4,60095,81920,73.3,steady_training
synthetic-showcase-h100-4gpu-full-telemetry-v1,2026-01-15T14:06:20.004Z,380.004,2,517.92,1942,94.7,73.6,60294,81920,75.8,steady_training
synthetic-showcase-h100-4gpu-full-telemetry-v1,2026-01-15T14:06:20.006Z,380.006,3,521.23,1936,94.1,73.9,60530,81920,77.5,steady_training
synthetic-showcase-h100-4gpu-full-telemetry-v1,2026-01-15T14:06:21.000Z,381,0,502.77,1935,94.6,73.1,59895,81920,71.8,steady_training
synthetic-showcase-h100-4gpu-full-telemetry-v1,2026-01-15T14:06:21.002Z,381.002,1,513.75,1945,95.2,73.4,60127,81920,73.3,steady_training
synthetic-showcase-h100-4gpu-full-telemetry-v1,2026-01-15T14:06:21.004Z,381.004,2,517.19,1941,94.6,73.6,60327,81920,75.8,steady_training
synthetic-showcase-h100-4gpu-full-telemetry-v1,2026-01-15T14:06:21.006Z,381.006,3,521.64,1937,94.2,73.9,60568,81920,77.6,steady_training
synthetic-showcase-h100-4gpu-full-telemetry-v1,2026-01-15T14:06:22.000Z,382,0,503.6,1936,94.8,73.2,59933,81920,71.8,steady_training
synthetic-showcase-h100-4gpu-full-telemetry-v1,2026-01-15T14:06:22.002Z,382.002,1,514.17,1946,95.3,73.4,60159,81920,73.4,steady_training
synthetic-showcase-h100-4gpu-full-telemetry-v1,2026-01-15T14:06:22.004Z,382.004,2,516.4,1939,94.5,73.7,60359,81920,75.8,steady_training
synthetic-showcase-h100-4gpu-full-telemetry-v1,2026-01-15T14:06:22.006Z,382.006,3,522.34,1938,94.3,74,60607,81920,77.6,steady_training
synthetic-showcase-h100-4gpu-full-telemetry-v1,2026-01-15T14:06:23.000Z,383,0,504.54,1938,94.9,73.2,59969,81920,71.9,steady_training
synthetic-showcase-h100-4gpu-full-telemetry-v1,2026-01-15T14:06:23.002Z,383.002,1,514.35,1947,95.3,73.5,60190,81920,73.4,steady_training
synthetic-showcase-h100-4gpu-full-telemetry-v1,2026-01-15T14:06:23.004Z,383.004,2,515.62,1938,94.4,73.7,60392,81920,75.8,steady_training
synthetic-showcase-h100-4gpu-full-telemetry-v1,2026-01-15T14:06:23.006Z,383.006,3,523.31,1940,94.4,74,60647,81920,77.7,steady_training
synthetic-showcase-h100-4gpu-full-telemetry-v1,2026-01-15T14:06:24.000Z,384,0,505.53,1941,95.1,73.2,60005,81920,71.9,steady_training
synthetic-showcase-h100-4gpu-full-telemetry-v1,2026-01-15T14:06:24.002Z,384.002,1,514.3,1947,95.3,73.5,60222,81920,73.4,steady_training
synthetic-showcase-h100-4gpu-full-telemetry-v1,2026-01-15T14:06:24.004Z,384.004,2,514.89,1936,94.2,73.8,60426,81920,75.8,steady_training
synthetic-showcase-h100-4gpu-full-telemetry-v1,2026-01-15T14:06:24.006Z,384.006,3,524.57,1943,94.6,74.1,60687,81920,77.7,steady_training
synthetic-showcase-h100-4gpu-full-telemetry-v1,2026-01-15T14:06:25.000Z,385,0,506.52,1943,95.2,73.3,60041,81920,72,steady_training
synthetic-showcase-h100-4gpu-full-telemetry-v1,2026-01-15T14:06:25.002Z,385.002,1,514.03,1947,95.2,73.6,60253,81920,73.5,steady_training
synthetic-showcase-h100-4gpu-full-telemetry-v1,2026-01-15T14:06:25.004Z,385.004,2,514.29,1935,94.2,73.8,60460,81920,75.8,steady_training
synthetic-showcase-h100-4gpu-full-telemetry-v1,2026-01-15T14:06:25.006Z,385.006,3,526.07,1946,94.9,74.1,60728,81920,77.8,steady_training
synthetic-showcase-h100-4gpu-full-telemetry-v1,2026-01-15T14:06:26.000Z,386,0,507.46,1945,95.3,73.3,60075,81920,72,steady_training
synthetic-showcase-h100-4gpu-full-telemetry-v1,2026-01-15T14:06:26.002Z,386.002,1,513.53,1946,95.1,73.6,60285,81920,73.5,steady_training
synthetic-showcase-h100-4gpu-full-telemetry-v1,2026-01-15T14:06:26.004Z,386.004,2,513.85,1934,94.1,73.8,60494,81920,75.8,steady_training
synthetic-showcase-h100-4gpu-full-telemetry-v1,2026-01-15T14:06:26.006Z,386.006,3,527.8,1950,95.1,74.2,60769,81920,77.9,steady_training
synthetic-showcase-h100-4gpu-full-telemetry-v1,2026-01-15T14:06:27.000Z,387,0,508.28,1947,95.5,73.4,60110,81920,72.1,steady_training
synthetic-showcase-h100-4gpu-full-telemetry-v1,2026-01-15T14:06:27.002Z,387.002,1,512.85,1945,95,73.6,60316,81920,73.4,steady_training
synthetic-showcase-h100-4gpu-full-telemetry-v1,2026-01-15T14:06:27.004Z,387.004,2,513.62,1934,94.1,73.9,60529,81920,75.8,steady_training
synthetic-showcase-h100-4gpu-full-telemetry-v1,2026-01-15T14:06:27.006Z,387.006,3,529.7,1953,95.4,74.2,60811,81920,78,steady_training
synthetic-showcase-h100-4gpu-full-telemetry-v1,2026-01-15T14:06:28.000Z,388,0,508.96,1948,95.6,73.4,60143,81920,72.1,steady_training
synthetic-showcase-h100-4gpu-full-telemetry-v1,2026-01-15T14:06:28.002Z,388.002,1,512.02,1943,94.9,73.7,60347,81920,73.4,steady_training
synthetic-showcase-h100-4gpu-full-telemetry-v1,2026-01-15T14:06:28.004Z,388.004,2,513.64,1934,94.1,73.9,60564,81920,75.8,steady_training
synthetic-showcase-h100-4gpu-full-telemetry-v1,2026-01-15T14:06:28.006Z,388.006,3,531.73,1958,95.7,74.3,60853,81920,78,steady_training
synthetic-showcase-h100-4gpu-full-telemetry-v1,2026-01-15T14:06:29.000Z,389,0,509.45,1950,95.6,73.5,60177,81920,72.1,steady_training
synthetic-showcase-h100-4gpu-full-telemetry-v1,2026-01-15T14:06:29.002Z,389.002,1,511.09,1941,94.8,73.7,60378,81920,73.4,steady_training
synthetic-showcase-h100-4gpu-full-telemetry-v1,2026-01-15T14:06:29.004Z,389.004,2,513.94,1934,94.1,74,60600,81920,75.8,steady_training
synthetic-showcase-h100-4gpu-full-telemetry-v1,2026-01-15T14:06:29.006Z,389.006,3,533.83,1962,96,74.3,60896,81920,78,steady_training
synthetic-showcase-h100-4gpu-full-telemetry-v1,2026-01-15T14:06:30.000Z,390,0,509.72,1950,95.7,73.5,60209,81920,72.1,steady_training
synthetic-showcase-h100-4gpu-full-telemetry-v1,2026-01-15T14:06:30.002Z,390.002,1,510.11,1939,94.6,73.7,60410,81920,73.4,steady_training
synthetic-showcase-h100-4gpu-full-telemetry-v1,2026-01-15T14:06:30.004Z,390.004,2,514.53,1936,94.2,74,60637,81920,75.9,steady_training
synthetic-showcase-h100-4gpu-full-telemetry-v1,2026-01-15T14:06:30.006Z,390.006,3,535.94,1966,96.4,74.4,60939,81920,78,steady_training
synthetic-showcase-h100-4gpu-full-telemetry-v1,2026-01-15T14:06:31.000Z,391,0,509.75,1951,95.7,73.5,60242,81920,72.1,steady_training
synthetic-showcase-h100-4gpu-full-telemetry-v1,2026-01-15T14:06:31.002Z,391.002,1,509.13,1937,94.5,73.8,60441,81920,73.3,steady_training
synthetic-showcase-h100-4gpu-full-telemetry-v1,2026-01-15T14:06:31.004Z,391.004,2,515.42,1938,94.3,74.1,60674,81920,76,steady_training
synthetic-showcase-h100-4gpu-full-telemetry-v1,2026-01-15T14:06:31.006Z,391.006,3,537.99,1971,96.7,74.4,60983,81920,78,steady_training
synthetic-showcase-h100-4gpu-full-telemetry-v1,2026-01-15T14:06:32.000Z,392,0,509.54,1950,95.6,73.6,60274,81920,72.1,steady_training
synthetic-showcase-h100-4gpu-full-telemetry-v1,2026-01-15T14:06:32.002Z,392.002,1,508.22,1935,94.3,73.8,60473,81920,73.3,steady_training
synthetic-showcase-h100-4gpu-full-telemetry-v1,2026-01-15T14:06:32.004Z,392.004,2,516.59,1940,94.5,74.1,60712,81920,76.1,steady_training
synthetic-showcase-h100-4gpu-full-telemetry-v1,2026-01-15T14:06:32.006Z,392.006,3,539.94,1975,97,74.5,61027,81920,78,steady_training
synthetic-showcase-h100-4gpu-full-telemetry-v1,2026-01-15T14:06:33.000Z,393,0,509.09,1949,95.6,73.6,60305,81920,72.1,steady_training
synthetic-showcase-h100-4gpu-full-telemetry-v1,2026-01-15T14:06:33.002Z,393.002,1,507.43,1934,94.2,73.9,60505,81920,73.3,steady_training
synthetic-showcase-h100-4gpu-full-telemetry-v1,2026-01-15T14:06:33.004Z,393.004,2,518.03,1943,94.7,74.2,60750,81920,76.2,steady_training
synthetic-showcase-h100-4gpu-full-telemetry-v1,2026-01-15T14:06:33.006Z,393.006,3,541.71,1978,97.3,74.6,61072,81920,78,steady_training
synthetic-showcase-h100-4gpu-full-telemetry-v1,2026-01-15T14:06:34.000Z,394,0,508.42,1948,95.5,73.7,60337,81920,72.1,steady_training
synthetic-showcase-h100-4gpu-full-telemetry-v1,2026-01-15T14:06:34.002Z,394.002,1,506.8,1933,94.1,73.9,60538,81920,73.3,steady_training
synthetic-showcase-h100-4gpu-full-telemetry-v1,2026-01-15T14:06:34.004Z,394.004,2,519.71,1947,95,74.2,60789,81920,76.3,steady_training
synthetic-showcase-h100-4gpu-full-telemetry-v1,2026-01-15T14:06:34.006Z,394.006,3,543.25,1981,97.5,74.6,61116,81920,78,steady_training
synthetic-showcase-h100-4gpu-full-telemetry-v1,2026-01-15T14:06:35.000Z,395,0,507.55,1947,95.3,73.7,60368,81920,72,steady_training
synthetic-showcase-h100-4gpu-full-telemetry-v1,2026-01-15T14:06:35.002Z,395.002,1,506.4,1932,94,73.9,60571,81920,73.3,steady_training
synthetic-showcase-h100-4gpu-full-telemetry-v1,2026-01-15T14:06:35.004Z,395.004,2,521.58,1951,95.3,74.3,60828,81920,76.4,steady_training
synthetic-showcase-h100-4gpu-full-telemetry-v1,2026-01-15T14:06:35.006Z,395.006,3,544.54,1984,97.7,74.7,61161,81920,78,steady_training
synthetic-showcase-h100-4gpu-full-telemetry-v1,2026-01-15T14:06:36.000Z,396,0,506.53,1944,95.2,73.7,60399,81920,72,steady_training
synthetic-showcase-h100-4gpu-full-telemetry-v1,2026-01-15T14:06:36.002Z,396.002,1,506.25,1932,94,74,60604,81920,73.3,steady_training
synthetic-showcase-h100-4gpu-full-telemetry-v1,2026-01-15T14:06:36.004Z,396.004,2,523.6,1955,95.6,74.3,60868,81920,76.6,steady_training
synthetic-showcase-h100-4gpu-full-telemetry-v1,2026-01-15T14:06:36.006Z,396.006,3,545.53,1985,97.8,74.7,61206,81920,78,steady_training
synthetic-showcase-h100-4gpu-full-telemetry-v1,2026-01-15T14:06:37.000Z,397,0,505.41,1942,95,73.8,60429,81920,71.9,steady_training
synthetic-showcase-h100-4gpu-full-telemetry-v1,2026-01-15T14:06:37.002Z,397.002,1,506.39,1932,94,74,60637,81920,73.3,steady_training
synthetic-showcase-h100-4gpu-full-telemetry-v1,2026-01-15T14:06:37.004Z,397.004,2,525.69,1959,95.9,74.4,60909,81920,76.7,steady_training
synthetic-showcase-h100-4gpu-full-telemetry-v1,2026-01-15T14:06:37.006Z,397.006,3,546.21,1987,98,74.8,61252,81920,78,steady_training
synthetic-showcase-h100-4gpu-full-telemetry-v1,2026-01-15T14:06:38.000Z,398,0,504.23,1940,94.8,73.8,60460,81920,71.9,steady_training
synthetic-showcase-h100-4gpu-full-telemetry-v1,2026-01-15T14:06:38.002Z,398.002,1,506.83,1933,94.1,74.1,60672,81920,73.4,steady_training
synthetic-showcase-h100-4gpu-full-telemetry-v1,2026-01-15T14:06:38.004Z,398.004,2,527.81,1964,96.2,74.4,60950,81920,76.9,steady_training
synthetic-showcase-h100-4gpu-full-telemetry-v1,2026-01-15T14:06:38.006Z,398.006,3,546.57,1987,98,74.8,61297,81920,78,steady_training
synthetic-showcase-h100-4gpu-full-telemetry-v1,2026-01-15T14:06:39.000Z,399,0,503.05,1938,94.6,73.8,60491,81920,71.8,steady_training
synthetic-showcase-h100-4gpu-full-telemetry-v1,2026-01-15T14:06:39.002Z,399.002,1,507.58,1935,94.2,74.1,60706,81920,73.5,steady_training
synthetic-showcase-h100-4gpu-full-telemetry-v1,2026-01-15T14:06:39.004Z,399.004,2,529.9,1968,96.5,74.5,60992,81920,77,steady_training
synthetic-showcase-h100-4gpu-full-telemetry-v1,2026-01-15T14:06:39.006Z,399.006,3,546.6,1987,98,74.9,61342,81920,78,steady_training
synthetic-showcase-h100-4gpu-full-telemetry-v1,2026-01-15T14:06:40.000Z,400,0,501.94,1935,94.5,73.9,60522,81920,71.7,steady_training
synthetic-showcase-h100-4gpu-full-telemetry-v1,2026-01-15T14:06:40.002Z,400.002,1,508.62,1937,94.4,74.1,60741,81920,73.5,steady_training
synthetic-showcase-h100-4gpu-full-telemetry-v1,2026-01-15T14:06:40.004Z,400.004,2,531.88,1972,96.8,74.5,61034,81920,77.1,steady_training
synthetic-showcase-h100-4gpu-full-telemetry-v1,2026-01-15T14:06:40.006Z,400.006,3,546.34,1986,98,74.9,61387,81920,78,steady_training
synthetic-showcase-h100-4gpu-full-telemetry-v1,2026-01-15T14:06:41.000Z,401,0,500.94,1933,94.3,73.9,60553,81920,71.7,steady_training
synthetic-showcase-h100-4gpu-full-telemetry-v1,2026-01-15T14:06:41.002Z,401.002,1,509.95,1940,94.6,74.2,60777,81920,73.6,steady_training
synthetic-showcase-h100-4gpu-full-telemetry-v1,2026-01-15T14:06:41.004Z,401.004,2,533.71,1976,97.1,74.6,61076,81920,77.3,steady_training
synthetic-showcase-h100-4gpu-full-telemetry-v1,2026-01-15T14:06:41.006Z,401.006,3,545.81,1984,97.9,75,61433,81920,78,steady_training
synthetic-showcase-h100-4gpu-full-telemetry-v1,2026-01-15T14:06:42.000Z,402,0,500.12,1932,94.2,74,60584,81920,71.6,steady_training
synthetic-showcase-h100-4gpu-full-telemetry-v1,2026-01-15T14:06:42.002Z,402.002,1,511.52,1944,94.8,74.2,60813,81920,73.8,steady_training
synthetic-showcase-h100-4gpu-full-telemetry-v1,2026-01-15T14:06:42.004Z,402.004,2,535.33,1979,97.3,74.6,61119,81920,77.4,steady_training
synthetic-showcase-h100-4gpu-full-telemetry-v1,2026-01-15T14:06:42.006Z,402.006,3,545.04,1982,97.8,75,61478,81920,78,steady_training
synthetic-showcase-h100-4gpu-full-telemetry-v1,2026-01-15T14:06:43.000Z,403,0,499.51,1931,94.1,74,60615,81920,71.6,steady_training
synthetic-showcase-h100-4gpu-full-telemetry-v1,2026-01-15T14:06:43.002Z,403.002,1,513.3,1947,95.1,74.3,60850,81920,73.9,steady_training
synthetic-showcase-h100-4gpu-full-telemetry-v1,2026-01-15T14:06:43.004Z,403.004,2,536.71,1982,97.6,74.7,61163,81920,77.5,steady_training
synthetic-showcase-h100-4gpu-full-telemetry-v1,2026-01-15T14:06:43.006Z,403.006,3,544.08,1980,97.7,75.1,61522,81920,78,steady_training
synthetic-showcase-h100-4gpu-full-telemetry-v1,2026-01-15T14:06:44.000Z,404,0,499.17,1930,94,74,60646,81920,71.6,steady_training
synthetic-showcase-h100-4gpu-full-telemetry-v1,2026-01-15T14:06:44.002Z,404.002,1,515.23,1952,95.4,74.3,60888,81920,74,steady_training
synthetic-showcase-h100-4gpu-full-telemetry-v1,2026-01-15T14:06:44.004Z,404.004,2,537.8,1984,97.7,74.7,61207,81920,77.6,steady_training
synthetic-showcase-h100-4gpu-full-telemetry-v1,2026-01-15T14:06:44.006Z,404.006,3,542.98,1977,97.5,75.2,61567,81920,78,steady_training
synthetic-showcase-h100-4gpu-full-telemetry-v1,2026-01-15T14:06:45.000Z,405,0,499.12,1930,94,74.1,60678,81920,71.6,steady_training
synthetic-showcase-h100-4gpu-full-telemetry-v1,2026-01-15T14:06:45.002Z,405.002,1,517.27,1956,95.7,74.4,60926,81920,74.2,steady_training
synthetic-showcase-h100-4gpu-full-telemetry-v1,2026-01-15T14:06:45.004Z,405.004,2,538.6,1986,97.9,74.8,61251,81920,77.6,steady_training
synthetic-showcase-h100-4gpu-full-telemetry-v1,2026-01-15T14:06:45.006Z,405.006,3,541.81,1974,97.4,75.2,61611,81920,78,steady_training
synthetic-showcase-h100-4gpu-full-telemetry-v1,2026-01-15T14:06:46.000Z,406,0,499.37,1931,94.1,74.1,60710,81920,71.6,steady_training
synthetic-showcase-h100-4gpu-full-telemetry-v1,2026-01-15T14:06:46.002Z,406.002,1,519.34,1960,96,74.4,60964,81920,74.3,steady_training
synthetic-showcase-h100-4gpu-full-telemetry-v1,2026-01-15T14:06:46.004Z,406.004,2,539.08,1986,97.9,74.8,61295,81920,77.7,steady_training
synthetic-showcase-h100-4gpu-full-telemetry-v1,2026-01-15T14:06:46.006Z,406.006,3,540.61,1971,97.2,75.3,61655,81920,78,steady_training
synthetic-showcase-h100-4gpu-full-telemetry-v1,2026-01-15T14:06:47.000Z,407,0,499.94,1932,94.1,74.1,60743,81920,71.7,steady_training
synthetic-showcase-h100-4gpu-full-telemetry-v1,2026-01-15T14:06:47.002Z,407.002,1,521.39,1965,96.3,74.5,61004,81920,74.4,steady_training
synthetic-showcase-h100-4gpu-full-telemetry-v1,2026-01-15T14:06:47.004Z,407.004,2,539.26,1986,98,74.9,61339,81920,77.7,steady_training
synthetic-showcase-h100-4gpu-full-telemetry-v1,2026-01-15T14:06:47.006Z,407.006,3,539.44,1968,97,75.3,61698,81920,78,steady_training
synthetic-showcase-h100-4gpu-full-telemetry-v1,2026-01-15T14:06:48.000Z,408,0,500.81,1934,94.3,74.2,60775,81920,71.7,steady_training
synthetic-showcase-h100-4gpu-full-telemetry-v1,2026-01-15T14:06:48.002Z,408.002,1,523.36,1969,96.6,74.5,61043,81920,74.6,steady_training
synthetic-showcase-h100-4gpu-full-telemetry-v1,2026-01-15T14:06:48.004Z,408.004,2,539.15,1986,98,74.9,61384,81920,77.7,steady_training
synthetic-showcase-h100-4gpu-full-telemetry-v1,2026-01-15T14:06:48.006Z,408.006,3,538.35,1965,96.9,75.4,61741,81920,78,steady_training
synthetic-showcase-h100-4gpu-full-telemetry-v1,2026-01-15T14:06:49.000Z,409,0,501.98,1937,94.4,74.2,60809,81920,71.8,steady_training
synthetic-showcase-h100-4gpu-full-telemetry-v1,2026-01-15T14:06:49.002Z,409.002,1,525.18,1973,96.9,74.6,61084,81920,74.7,steady_training
synthetic-showcase-h100-4gpu-full-telemetry-v1,2026-01-15T14:06:49.004Z,409.004,2,538.78,1985,97.9,75,61429,81920,77.7,steady_training
synthetic-showcase-h100-4gpu-full-telemetry-v1,2026-01-15T14:06:49.006Z,409.006,3,537.39,1963,96.7,75.4,61784,81920,78,steady_training
synthetic-showcase-h100-4gpu-full-telemetry-v1,2026-01-15T14:06:50.000Z,410,0,503.4,1940,94.7,74.3,60843,81920,71.9,steady_training
synthetic-showcase-h100-4gpu-full-telemetry-v1,2026-01-15T14:06:50.002Z,410.002,1,526.82,1976,97.1,74.6,61125,81920,74.8,steady_training
synthetic-showcase-h100-4gpu-full-telemetry-v1,2026-01-15T14:06:50.004Z,410.004,2,538.19,1983,97.8,75,61473,81920,77.7,steady_training
synthetic-showcase-h100-4gpu-full-telemetry-v1,2026-01-15T14:06:50.006Z,410.006,3,536.59,1961,96.6,75.5,61826,81920,78,steady_training
synthetic-showcase-h100-4gpu-full-telemetry-v1,2026-01-15T14:06:51.000Z,411,0,505.03,1944,94.9,74.3,60877,81920,72,steady_training
synthetic-showcase-h100-4gpu-full-telemetry-v1,2026-01-15T14:06:51.002Z,411.002,1,528.22,1979,97.3,74.7,61166,81920,74.9,steady_training
synthetic-showcase-h100-4gpu-full-telemetry-v1,2026-01-15T14:06:51.004Z,411.004,2,537.41,1981,97.7,75.1,61518,81920,77.7,steady_training
synthetic-showcase-h100-4gpu-full-telemetry-v1,2026-01-15T14:06:51.006Z,411.006,3,535.98,1960,96.5,75.5,61867,81920,78,steady_training
synthetic-showcase-h100-4gpu-full-telemetry-v1,2026-01-15T14:06:52.000Z,412,0,506.83,1948,95.2,74.4,60912,81920,72.1,steady_training
synthetic-showcase-h100-4gpu-full-telemetry-v1,2026-01-15T14:06:52.002Z,412.002,1,529.36,1981,97.5,74.7,61208,81920,75,steady_training
synthetic-showcase-h100-4gpu-full-telemetry-v1,2026-01-15T14:06:52.004Z,412.004,2,536.5,1979,97.6,75.1,61563,81920,77.7,steady_training
synthetic-showcase-h100-4gpu-full-telemetry-v1,2026-01-15T14:06:52.006Z,412.006,3,535.57,1958,96.5,75.6,61908,81920,78,steady_training
synthetic-showcase-h100-4gpu-full-telemetry-v1,2026-01-15T14:06:53.000Z,413,0,508.74,1952,95.5,74.4,60947,81920,72.2,steady_training
synthetic-showcase-h100-4gpu-full-telemetry-v1,2026-01-15T14:06:53.002Z,413.002,1,530.22,1983,97.6,74.8,61250,81920,75.1,steady_training
synthetic-showcase-h100-4gpu-full-telemetry-v1,2026-01-15T14:06:53.004Z,413.004,2,535.52,1976,97.4,75.2,61607,81920,77.6,steady_training
synthetic-showcase-h100-4gpu-full-telemetry-v1,2026-01-15T14:06:53.006Z,413.006,3,535.38,1958,96.4,75.6,61948,81920,78,steady_training
synthetic-showcase-h100-4gpu-full-telemetry-v1,2026-01-15T14:06:54.000Z,414,0,510.71,1957,95.7,74.4,60983,81920,72.3,steady_training
synthetic-showcase-h100-4gpu-full-telemetry-v1,2026-01-15T14:06:54.002Z,414.002,1,530.78,1984,97.7,74.8,61293,81920,75.2,steady_training
synthetic-showcase-h100-4gpu-full-telemetry-v1,2026-01-15T14:06:54.004Z,414.004,2,534.52,1974,97.3,75.3,61652,81920,77.6,steady_training
synthetic-showcase-h100-4gpu-full-telemetry-v1,2026-01-15T14:06:54.006Z,414.006,3,535.38,1958,96.4,75.7,61988,81920,78,steady_training
synthetic-showcase-h100-4gpu-full-telemetry-v1,2026-01-15T14:06:55.000Z,415,0,512.66,1961,96,74.5,61020,81920,72.5,steady_training
synthetic-showcase-h100-4gpu-full-telemetry-v1,2026-01-15T14:06:55.002Z,415.002,1,531.05,1984,97.8,74.9,61336,81920,75.2,steady_training
synthetic-showcase-h100-4gpu-full-telemetry-v1,2026-01-15T14:06:55.004Z,415.004,2,533.55,1971,97.2,75.3,61696,81920,77.6,steady_training
synthetic-showcase-h100-4gpu-full-telemetry-v1,2026-01-15T14:06:55.006Z,415.006,3,535.56,1958,96.5,75.7,62026,81920,78,steady_training
synthetic-showcase-h100-4gpu-full-telemetry-v1,2026-01-15T14:06:56.000Z,416,0,514.55,1965,96.3,74.5,61057,81920,72.6,steady_training
synthetic-showcase-h100-4gpu-full-telemetry-v1,2026-01-15T14:06:56.002Z,416.002,1,531.05,1984,97.8,74.9,61379,81920,75.2,steady_training
synthetic-showcase-h100-4gpu-full-telemetry-v1,2026-01-15T14:06:56.004Z,416.004,2,532.66,1969,97,75.4,61739,81920,77.5,steady_training
synthetic-showcase-h100-4gpu-full-telemetry-v1,2026-01-15T14:06:56.006Z,416.006,3,535.89,1959,96.5,75.8,62065,81920,78,steady_training
synthetic-showcase-h100-4gpu-full-telemetry-v1,2026-01-15T14:06:57.000Z,417,0,516.31,1969,96.6,74.6,61095,81920,72.7,steady_training
synthetic-showcase-h100-4gpu-full-telemetry-v1,2026-01-15T14:06:57.002Z,417.002,1,530.8,1983,97.8,75,61422,81920,75.3,steady_training
synthetic-showcase-h100-4gpu-full-telemetry-v1,2026-01-15T14:06:57.004Z,417.004,2,531.9,1967,96.9,75.4,61783,81920,77.5,steady_training
synthetic-showcase-h100-4gpu-full-telemetry-v1,2026-01-15T14:06:57.006Z,417.006,3,536.34,1960,96.6,75.8,62102,81920,78,steady_training
synthetic-showcase-h100-4gpu-full-telemetry-v1,2026-01-15T14:06:58.000Z,418,0,517.9,1972,96.8,74.6,61133,81920,72.8,steady_training
synthetic-showcase-h100-4gpu-full-telemetry-v1,2026-01-15T14:06:58.002Z,418.002,1,530.34,1982,97.7,75,61466,81920,75.3,steady_training
synthetic-showcase-h100-4gpu-full-telemetry-v1,2026-01-15T14:06:58.004Z,418.004,2,531.3,1965,96.8,75.5,61826,81920,77.5,steady_training
synthetic-showcase-h100-4gpu-full-telemetry-v1,2026-01-15T14:06:58.006Z,418.006,3,536.85,1961,96.7,75.9,62139,81920,78,steady_training
synthetic-showcase-h100-4gpu-full-telemetry-v1,2026-01-15T14:06:59.000Z,419,0,519.27,1975,97,74.7,61172,81920,72.9,steady_training
synthetic-showcase-h100-4gpu-full-telemetry-v1,2026-01-15T14:06:59.002Z,419.002,1,529.71,1980,97.6,75.1,61510,81920,75.2,steady_training
synthetic-showcase-h100-4gpu-full-telemetry-v1,2026-01-15T14:06:59.004Z,419.004,2,530.89,1964,96.8,75.5,61868,81920,77.5,steady_training
synthetic-showcase-h100-4gpu-full-telemetry-v1,2026-01-15T14:06:59.006Z,419.006,3,537.38,1962,96.7,75.9,62175,81920,78,steady_training
synthetic-showcase-h100-4gpu-full-telemetry-v1,2026-01-15T14:07:00.000Z,420,0,233.4,1235,26.8,77.7,63637,81920,56.9,checkpoint_save
synthetic-showcase-h100-4gpu-full-telemetry-v1,2026-01-15T14:07:00.002Z,420.002,1,238.02,1220,25.5,77.9,63850,81920,58.9,checkpoint_save
synthetic-showcase-h100-4gpu-full-telemetry-v1,2026-01-15T14:07:00.004Z,420.004,2,237.44,1173,22,78.1,63984,81920,61.1,checkpoint_save
synthetic-showcase-h100-4gpu-full-telemetry-v1,2026-01-15T14:07:00.006Z,420.006,3,243.5,1168,22,78.4,64219,81920,62,checkpoint_save
synthetic-showcase-h100-4gpu-full-telemetry-v1,2026-01-15T14:07:01.000Z,421,0,233.75,1237,27,77.7,63642,81920,56.9,checkpoint_save
synthetic-showcase-h100-4gpu-full-telemetry-v1,2026-01-15T14:07:01.002Z,421.002,1,237.06,1214,25,77.9,63836,81920,58.9,checkpoint_save
synthetic-showcase-h100-4gpu-full-telemetry-v1,2026-01-15T14:07:01.004Z,421.004,2,237.14,1172,22,78.1,63979,81920,61.1,checkpoint_save
synthetic-showcase-h100-4gpu-full-telemetry-v1,2026-01-15T14:07:01.006Z,421.006,3,243.84,1170,22,78.4,64225,81920,62,checkpoint_save
synthetic-showcase-h100-4gpu-full-telemetry-v1,2026-01-15T14:07:02.000Z,422,0,233.9,1238,27.1,77.7,63645,81920,56.9,checkpoint_save
synthetic-showcase-h100-4gpu-full-telemetry-v1,2026-01-15T14:07:02.002Z,422.002,1,236.1,1208,24.5,77.9,63821,81920,58.9,checkpoint_save
synthetic-showcase-h100-4gpu-full-telemetry-v1,2026-01-15T14:07:02.004Z,422.004,2,236.99,1171,22,78.1,63977,81920,61.1,checkpoint_save
synthetic-showcase-h100-4gpu-full-telemetry-v1,2026-01-15T14:07:02.006Z,422.006,3,244.14,1172,22,78.4,64229,81920,62,checkpoint_save
synthetic-showcase-h100-4gpu-full-telemetry-v1,2026-01-15T14:07:03.000Z,423,0,233.84,1238,27,77.7,63644,81920,56.9,checkpoint_save
synthetic-showcase-h100-4gpu-full-telemetry-v1,2026-01-15T14:07:03.002Z,423.002,1,235.17,1203,24,77.9,63806,81920,58.9,checkpoint_save
synthetic-showcase-h100-4gpu-full-telemetry-v1,2026-01-15T14:07:03.004Z,423.004,2,236.99,1171,22,78.1,63977,81920,61.1,checkpoint_save
synthetic-showcase-h100-4gpu-full-telemetry-v1,2026-01-15T14:07:03.006Z,423.006,3,244.34,1173,22,78.4,64232,81920,62,checkpoint_save
synthetic-showcase-h100-4gpu-full-telemetry-v1,2026-01-15T14:07:04.000Z,424,0,233.6,1236,26.9,77.7,63640,81920,56.9,checkpoint_save
synthetic-showcase-h100-4gpu-full-telemetry-v1,2026-01-15T14:07:04.002Z,424.002,1,234.3,1197,23.5,77.9,63793,81920,58.9,checkpoint_save
synthetic-showcase-h100-4gpu-full-telemetry-v1,2026-01-15T14:07:04.004Z,424.004,2,237.11,1171,22,78.1,63979,81920,61.1,checkpoint_save
synthetic-showcase-h100-4gpu-full-telemetry-v1,2026-01-15T14:07:04.006Z,424.006,3,244.44,1173,22,78.4,64234,81920,62,checkpoint_save
synthetic-showcase-h100-4gpu-full-telemetry-v1,2026-01-15T14:07:05.000Z,425,0,233.17,1233,26.7,77.7,63633,81920,56.9,checkpoint_save
synthetic-showcase-h100-4gpu-full-telemetry-v1,2026-01-15T14:07:05.002Z,425.002,1,233.52,1192,23.1,77.9,63781,81920,58.8,checkpoint_save
synthetic-showcase-h100-4gpu-full-telemetry-v1,2026-01-15T14:07:05.004Z,425.004,2,237.33,1173,22,78.1,63982,81920,61.2,checkpoint_save
synthetic-showcase-h100-4gpu-full-telemetry-v1,2026-01-15T14:07:05.006Z,425.006,3,244.42,1173,22,78.4,64233,81920,62,checkpoint_save
synthetic-showcase-h100-4gpu-full-telemetry-v1,2026-01-15T14:07:06.000Z,426,0,232.61,1230,26.4,77.7,63625,81920,56.9,checkpoint_save
synthetic-showcase-h100-4gpu-full-telemetry-v1,2026-01-15T14:07:06.002Z,426.002,1,232.87,1188,22.7,77.8,63771,81920,58.8,checkpoint_save
synthetic-showcase-h100-4gpu-full-telemetry-v1,2026-01-15T14:07:06.004Z,426.004,2,237.61,1175,22,78.1,63986,81920,61.2,checkpoint_save
synthetic-showcase-h100-4gpu-full-telemetry-v1,2026-01-15T14:07:06.006Z,426.006,3,244.25,1172,22,78.4,64231,81920,61.9,checkpoint_save
synthetic-showcase-h100-4gpu-full-telemetry-v1,2026-01-15T14:07:07.000Z,427,0,231.92,1226,26,77.7,63614,81920,56.9,checkpoint_save
synthetic-showcase-h100-4gpu-full-telemetry-v1,2026-01-15T14:07:07.002Z,427.002,1,232.34,1185,22.5,77.8,63763,81920,58.8,checkpoint_save
synthetic-showcase-h100-4gpu-full-telemetry-v1,2026-01-15T14:07:07.004Z,427.004,2,237.94,1177,22,78.1,63991,81920,61.2,checkpoint_save
synthetic-showcase-h100-4gpu-full-telemetry-v1,2026-01-15T14:07:07.006Z,427.006,3,243.94,1170,22,78.4,64226,81920,61.9,checkpoint_save
synthetic-showcase-h100-4gpu-full-telemetry-v1,2026-01-15T14:07:08.000Z,428,0,231.15,1221,25.6,77.6,63602,81920,56.8,checkpoint_save
synthetic-showcase-h100-4gpu-full-telemetry-v1,2026-01-15T14:07:08.002Z,428.002,1,231.97,1183,22.3,77.8,63757,81920,58.8,checkpoint_save
synthetic-showcase-h100-4gpu-full-telemetry-v1,2026-01-15T14:07:08.004Z,428.004,2,238.26,1179,22,78.1,63996,81920,61.3,checkpoint_save
synthetic-showcase-h100-4gpu-full-telemetry-v1,2026-01-15T14:07:08.006Z,428.006,3,243.48,1168,22,78.4,64219,81920,61.9,checkpoint_save
synthetic-showcase-h100-4gpu-full-telemetry-v1,2026-01-15T14:07:09.000Z,429,0,230.34,1216,25.1,77.6,63590,81920,56.8,checkpoint_save
synthetic-showcase-h100-4gpu-full-telemetry-v1,2026-01-15T14:07:09.002Z,429.002,1,231.75,1182,22.1,77.8,63754,81920,58.9,checkpoint_save
synthetic-showcase-h100-4gpu-full-telemetry-v1,2026-01-15T14:07:09.004Z,429.004,2,238.56,1180,22,78.1,64001,81920,61.3,checkpoint_save
synthetic-showcase-h100-4gpu-full-telemetry-v1,2026-01-15T14:07:09.006Z,429.006,3,242.9,1164,22,78.4,64210,81920,61.8,checkpoint_save
synthetic-showcase-h100-4gpu-full-telemetry-v1,2026-01-15T14:07:10.000Z,430,0,229.52,1211,24.7,77.6,63577,81920,56.8,checkpoint_save
synthetic-showcase-h100-4gpu-full-telemetry-v1,2026-01-15T14:07:10.002Z,430.002,1,231.67,1181,22.1,77.8,63753,81920,58.9,checkpoint_save
synthetic-showcase-h100-4gpu-full-telemetry-v1,2026-01-15T14:07:10.004Z,430.004,2,238.79,1182,22.2,78.1,64005,81920,61.3,checkpoint_save
synthetic-showcase-h100-4gpu-full-telemetry-v1,2026-01-15T14:07:10.006Z,430.006,3,242.19,1160,22,78.4,64199,81920,61.8,checkpoint_save
synthetic-showcase-h100-4gpu-full-telemetry-v1,2026-01-15T14:07:11.000Z,431,0,228.72,1206,24.3,77.6,63565,81920,56.8,checkpoint_save
synthetic-showcase-h100-4gpu-full-telemetry-v1,2026-01-15T14:07:11.002Z,431.002,1,231.72,1181,22.1,77.8,63753,81920,58.9,checkpoint_save
synthetic-showcase-h100-4gpu-full-telemetry-v1,2026-01-15T14:07:11.004Z,431.004,2,238.93,1183,22.2,78.1,64007,81920,61.4,checkpoint_save
synthetic-showcase-h100-4gpu-full-telemetry-v1,2026-01-15T14:07:11.006Z,431.006,3,241.4,1155,22,78.4,64187,81920,61.7,checkpoint_save
synthetic-showcase-h100-4gpu-full-telemetry-v1,2026-01-15T14:07:12.000Z,432,0,227.99,1201,23.9,77.6,63554,81920,56.7,checkpoint_save
synthetic-showcase-h100-4gpu-full-telemetry-v1,2026-01-15T14:07:12.002Z,432.002,1,231.88,1182,22.2,77.8,63756,81920,58.9,checkpoint_save
synthetic-showcase-h100-4gpu-full-telemetry-v1,2026-01-15T14:07:12.004Z,432.004,2,238.95,1183,22.2,78.1,64007,81920,61.4,checkpoint_save
synthetic-showcase-h100-4gpu-full-telemetry-v1,2026-01-15T14:07:12.006Z,432.006,3,240.55,1150,22,78.3,64174,81920,61.7,checkpoint_save
synthetic-showcase-h100-4gpu-full-telemetry-v1,2026-01-15T14:07:13.000Z,433,0,227.34,1197,23.5,77.6,63544,81920,56.7,checkpoint_save
synthetic-showcase-h100-4gpu-full-telemetry-v1,2026-01-15T14:07:13.002Z,433.002,1,232.14,1184,22.3,77.8,63760,81920,59,checkpoint_save
synthetic-showcase-h100-4gpu-full-telemetry-v1,2026-01-15T14:07:13.004Z,433.004,2,238.84,1182,22.2,78.1,64005,81920,61.4,checkpoint_save
synthetic-showcase-h100-4gpu-full-telemetry-v1,2026-01-15T14:07:13.006Z,433.006,3,239.68,1144,22,78.3,64160,81920,61.6,checkpoint_save
synthetic-showcase-h100-4gpu-full-telemetry-v1,2026-01-15T14:07:14.000Z,434,0,226.81,1194,23.2,77.6,63536,81920,56.7,checkpoint_save
synthetic-showcase-h100-4gpu-full-telemetry-v1,2026-01-15T14:07:14.002Z,434.002,1,232.45,1186,22.5,77.8,63765,81920,59,checkpoint_save
synthetic-showcase-h100-4gpu-full-telemetry-v1,2026-01-15T14:07:14.004Z,434.004,2,238.57,1180,22,78.1,64001,81920,61.4,checkpoint_save
synthetic-showcase-h100-4gpu-full-telemetry-v1,2026-01-15T14:07:14.006Z,434.006,3,238.81,1139,22,78.3,64147,81920,61.5,checkpoint_save
synthetic-showcase-h100-4gpu-full-telemetry-v1,2026-01-15T14:07:15.000Z,435,0,226.41,1192,23,77.6,63529,81920,56.7,checkpoint_save
synthetic-showcase-h100-4gpu-full-telemetry-v1,2026-01-15T14:07:15.002Z,435.002,1,232.79,1188,22.7,77.8,63770,81920,59.1,checkpoint_save
synthetic-showcase-h100-4gpu-full-telemetry-v1,2026-01-15T14:07:15.004Z,435.004,2,238.16,1178,22,78.1,63995,81920,61.4,checkpoint_save
synthetic-showcase-h100-4gpu-full-telemetry-v1,2026-01-15T14:07:15.006Z,435.006,3,237.99,1134,22,78.3,64134,81920,61.5,checkpoint_save
synthetic-showcase-h100-4gpu-full-telemetry-v1,2026-01-15T14:07:16.000Z,436,0,226.15,1190,22.9,77.5,63525,81920,56.7,checkpoint_save
synthetic-showcase-h100-4gpu-full-telemetry-v1,2026-01-15T14:07:16.002Z,436.002,1,233.12,1190,22.9,77.9,63775,81920,59.1,checkpoint_save
synthetic-showcase-h100-4gpu-full-telemetry-v1,2026-01-15T14:07:16.004Z,436.004,2,237.59,1174,22,78.1,63986,81920,61.4,checkpoint_save
synthetic-showcase-h100-4gpu-full-telemetry-v1,2026-01-15T14:07:16.006Z,436.006,3,237.25,1129,22,78.3,64123,81920,61.4,checkpoint_save
synthetic-showcase-h100-4gpu-full-telemetry-v1,2026-01-15T14:07:17.000Z,437,0,226.03,1189,22.8,77.5,63524,81920,56.7,checkpoint_save
synthetic-showcase-h100-4gpu-full-telemetry-v1,2026-01-15T14:07:17.002Z,437.002,1,233.4,1192,23,77.9,63779,81920,59.2,checkpoint_save
synthetic-showcase-h100-4gpu-full-telemetry-v1,2026-01-15T14:07:17.004Z,437.004,2,236.89,1170,22,78.1,63975,81920,61.3,checkpoint_save
synthetic-showcase-h100-4gpu-full-telemetry-v1,2026-01-15T14:07:17.006Z,437.006,3,236.63,1125,22,78.3,64114,81920,61.4,checkpoint_save
synthetic-showcase-h100-4gpu-full-telemetry-v1,2026-01-15T14:07:18.000Z,438,0,226.05,1190,22.8,77.5,63524,81920,56.7,checkpoint_save
synthetic-showcase-h100-4gpu-full-telemetry-v1,2026-01-15T14:07:18.002Z,438.002,1,233.61,1193,23.1,77.9,63783,81920,59.2,checkpoint_save
synthetic-showcase-h100-4gpu-full-telemetry-v1,2026-01-15T14:07:18.004Z,438.004,2,236.06,1165,22,78.1,63963,81920,61.3,checkpoint_save
synthetic-showcase-h100-4gpu-full-telemetry-v1,2026-01-15T14:07:18.006Z,438.006,3,236.17,1123,22,78.3,64106,81920,61.3,checkpoint_save
synthetic-showcase-h100-4gpu-full-telemetry-v1,2026-01-15T14:07:19.000Z,439,0,226.2,1190,22.9,77.5,63526,81920,56.7,checkpoint_save
synthetic-showcase-h100-4gpu-full-telemetry-v1,2026-01-15T14:07:19.002Z,439.002,1,233.72,1194,23.2,77.9,63784,81920,59.3,checkpoint_save
synthetic-showcase-h100-4gpu-full-telemetry-v1,2026-01-15T14:07:19.004Z,439.004,2,235.14,1159,22,78.1,63948,81920,61.3,checkpoint_save
synthetic-showcase-h100-4gpu-full-telemetry-v1,2026-01-15T14:07:19.006Z,439.006,3,235.87,1121,22,78.2,64102,81920,61.3,checkpoint_save
synthetic-showcase-h100-4gpu-full-telemetry-v1,2026-01-15T14:07:20.000Z,440,0,226.44,1192,23,77.6,63530,81920,56.8,checkpoint_save
synthetic-showcase-h100-4gpu-full-telemetry-v1,2026-01-15T14:07:20.002Z,440.002,1,233.7,1194,23.2,77.9,63784,81920,59.3,checkpoint_save
synthetic-showcase-h100-4gpu-full-telemetry-v1,2026-01-15T14:07:20.004Z,440.004,2,234.16,1153,22,78,63933,81920,61.2,checkpoint_save
synthetic-showcase-h100-4gpu-full-telemetry-v1,2026-01-15T14:07:20.006Z,440.006,3,235.77,1120,22,78.2,64100,81920,61.3,checkpoint_save
synthetic-showcase-h100-4gpu-full-telemetry-v1,2026-01-15T14:07:21.000Z,441,0,226.77,1194,23.2,77.6,63535,81920,56.8,checkpoint_save
synthetic-showcase-h100-4gpu-full-telemetry-v1,2026-01-15T14:07:21.002Z,441.002,1,233.53,1193,23.1,77.9,63781,81920,59.3,checkpoint_save
synthetic-showcase-h100-4gpu-full-telemetry-v1,2026-01-15T14:07:21.004Z,441.004,2,233.15,1147,22,78,63918,81920,61.2,checkpoint_save
synthetic-showcase-h100-4gpu-full-telemetry-v1,2026-01-15T14:07:21.006Z,441.006,3,235.88,1121,22,78.2,64102,81920,61.3,checkpoint_save
synthetic-showcase-h100-4gpu-full-telemetry-v1,2026-01-15T14:07:22.000Z,442,0,227.14,1196,23.4,77.6,63541,81920,56.9,checkpoint_save
synthetic-showcase-h100-4gpu-full-telemetry-v1,2026-01-15T14:07:22.002Z,442.002,1,233.21,1190,22.9,77.9,63776,81920,59.3,checkpoint_save
synthetic-showcase-h100-4gpu-full-telemetry-v1,2026-01-15T14:07:22.004Z,442.004,2,232.14,1141,22,78,63902,81920,61.1,checkpoint_save
synthetic-showcase-h100-4gpu-full-telemetry-v1,2026-01-15T14:07:22.006Z,442.006,3,236.2,1123,22,78.3,64107,81920,61.3,checkpoint_save
synthetic-showcase-h100-4gpu-full-telemetry-v1,2026-01-15T14:07:23.000Z,443,0,227.53,1199,23.6,77.6,63547,81920,56.9,checkpoint_save
synthetic-showcase-h100-4gpu-full-telemetry-v1,2026-01-15T14:07:23.002Z,443.002,1,232.72,1187,22.7,77.8,63769,81920,59.3,checkpoint_save
synthetic-showcase-h100-4gpu-full-telemetry-v1,2026-01-15T14:07:23.004Z,443.004,2,231.18,1135,22,78,63887,81920,61.1,checkpoint_save
synthetic-showcase-h100-4gpu-full-telemetry-v1,2026-01-15T14:07:23.006Z,443.006,3,236.72,1126,22,78.3,64115,81920,61.3,checkpoint_save
synthetic-showcase-h100-4gpu-full-telemetry-v1,2026-01-15T14:07:24.000Z,444,0,227.91,1201,23.8,77.6,63552,81920,56.9,checkpoint_save
synthetic-showcase-h100-4gpu-full-telemetry-v1,2026-01-15T14:07:24.002Z,444.002,1,232.07,1184,22.3,77.8,63759,81920,59.3,checkpoint_save
synthetic-showcase-h100-4gpu-full-telemetry-v1,2026-01-15T14:07:24.004Z,444.004,2,230.3,1130,22,78,63874,81920,61.1,checkpoint_save
synthetic-showcase-h100-4gpu-full-telemetry-v1,2026-01-15T14:07:24.006Z,444.006,3,237.44,1130,22,78.3,64126,81920,61.3,checkpoint_save
synthetic-showcase-h100-4gpu-full-telemetry-v1,2026-01-15T14:07:25.000Z,445,0,228.22,1203,24,77.6,63557,81920,57,checkpoint_save
synthetic-showcase-h100-4gpu-full-telemetry-v1,2026-01-15T14:07:25.002Z,445.002,1,231.27,1179,22,77.8,63747,81920,59.3,checkpoint_save
synthetic-showcase-h100-4gpu-full-telemetry-v1,2026-01-15T14:07:25.004Z,445.004,2,229.54,1125,22,78,63862,81920,61,checkpoint_save
synthetic-showcase-h100-4gpu-full-telemetry-v1,2026-01-15T14:07:25.006Z,445.006,3,238.32,1136,22,78.3,64140,81920,61.4,checkpoint_save
synthetic-showcase-h100-4gpu-full-telemetry-v1,2026-01-15T14:07:26.000Z,446,0,228.45,1204,24.1,77.6,63561,81920,57,checkpoint_save
synthetic-showcase-h100-4gpu-full-telemetry-v1,2026-01-15T14:07:26.002Z,446.002,1,230.35,1173,22,77.8,63732,81920,59.3,checkpoint_save
synthetic-showcase-h100-4gpu-full-telemetry-v1,2026-01-15T14:07:26.004Z,446.004,2,228.94,1121,22,77.9,63853,81920,61,checkpoint_save
synthetic-showcase-h100-4gpu-full-telemetry-v1,2026-01-15T14:07:26.006Z,446.006,3,239.36,1142,22,78.3,64156,81920,61.4,checkpoint_save
synthetic-showcase-h100-4gpu-full-telemetry-v1,2026-01-15T14:07:27.000Z,447,0,228.57,1205,24.2,77.6,63563,81920,57,checkpoint_save
synthetic-showcase-h100-4gpu-full-telemetry-v1,2026-01-15T14:07:27.002Z,447.002,1,229.33,1167,22,77.8,63717,81920,59.2,checkpoint_save
synthetic-showcase-h100-4gpu-full-telemetry-v1,2026-01-15T14:07:27.004Z,447.004,2,228.51,1118,22,77.9,63846,81920,61,checkpoint_save
synthetic-showcase-h100-4gpu-full-telemetry-v1,2026-01-15T14:07:27.006Z,447.006,3,240.51,1149,22,78.3,64173,81920,61.5,checkpoint_save
synthetic-showcase-h100-4gpu-full-telemetry-v1,2026-01-15T14:07:28.000Z,448,0,228.55,1205,24.2,77.6,63562,81920,57,checkpoint_save
synthetic-showcase-h100-4gpu-full-telemetry-v1,2026-01-15T14:07:28.002Z,448.002,1,228.23,1160,22,77.8,63700,81920,59.2,checkpoint_save
synthetic-showcase-h100-4gpu-full-telemetry-v1,2026-01-15T14:07:28.004Z,448.004,2,228.27,1117,22,77.9,63843,81920,61,checkpoint_save
synthetic-showcase-h100-4gpu-full-telemetry-v1,2026-01-15T14:07:28.006Z,448.006,3,241.74,1157,22,78.4,64192,81920,61.5,checkpoint_save
synthetic-showcase-h100-4gpu-full-telemetry-v1,2026-01-15T14:07:29.000Z,449,0,228.36,1204,24.1,77.6,63559,81920,57.1,checkpoint_save
synthetic-showcase-h100-4gpu-full-telemetry-v1,2026-01-15T14:07:29.002Z,449.002,1,227.1,1153,22,77.7,63682,81920,59.2,checkpoint_save
synthetic-showcase-h100-4gpu-full-telemetry-v1,2026-01-15T14:07:29.004Z,449.004,2,228.24,1117,22,77.9,63842,81920,61,checkpoint_save
synthetic-showcase-h100-4gpu-full-telemetry-v1,2026-01-15T14:07:29.006Z,449.006,3,243,1165,22,78.4,64212,81920,61.6,checkpoint_save
synthetic-showcase-h100-4gpu-full-telemetry-v1,2026-01-15T14:07:30.000Z,450,0,228.01,1202,23.9,77.6,63554,81920,57.1,checkpoint_save
synthetic-showcase-h100-4gpu-full-telemetry-v1,2026-01-15T14:07:30.002Z,450.002,1,225.97,1146,22,77.7,63665,81920,59.1,checkpoint_save
synthetic-showcase-h100-4gpu-full-telemetry-v1,2026-01-15T14:07:30.004Z,450.004,2,228.43,1118,22,77.9,63845,81920,61,checkpoint_save
synthetic-showcase-h100-4gpu-full-telemetry-v1,2026-01-15T14:07:30.006Z,450.006,3,244.27,1172,22,78.4,64231,81920,61.6,checkpoint_save
synthetic-showcase-h100-4gpu-full-telemetry-v1,2026-01-15T14:07:31.000Z,451,0,227.49,1198,23.6,77.6,63546,81920,57,checkpoint_save
synthetic-showcase-h100-4gpu-full-telemetry-v1,2026-01-15T14:07:31.002Z,451.002,1,224.88,1139,22,77.7,63648,81920,59.1,checkpoint_save
synthetic-showcase-h100-4gpu-full-telemetry-v1,2026-01-15T14:07:31.004Z,451.004,2,228.83,1120,22,77.9,63851,81920,61.1,checkpoint_save
synthetic-showcase-h100-4gpu-full-telemetry-v1,2026-01-15T14:07:31.006Z,451.006,3,245.5,1180,22,78.4,64250,81920,61.7,checkpoint_save
synthetic-showcase-h100-4gpu-full-telemetry-v1,2026-01-15T14:07:32.000Z,452,0,226.8,1194,23.2,77.6,63535,81920,57,checkpoint_save
synthetic-showcase-h100-4gpu-full-telemetry-v1,2026-01-15T14:07:32.002Z,452.002,1,223.87,1133,22,77.7,63633,81920,59.1,checkpoint_save
synthetic-showcase-h100-4gpu-full-telemetry-v1,2026-01-15T14:07:32.004Z,452.004,2,229.43,1124,22,78,63860,81920,61.1,checkpoint_save
synthetic-showcase-h100-4gpu-full-telemetry-v1,2026-01-15T14:07:32.006Z,452.006,3,246.65,1187,22.6,78.5,64268,81920,61.7,checkpoint_save
synthetic-showcase-h100-4gpu-full-telemetry-v1,2026-01-15T14:07:33.000Z,453,0,225.94,1189,22.8,77.5,63522,81920,57,checkpoint_save
synthetic-showcase-h100-4gpu-full-telemetry-v1,2026-01-15T14:07:33.002Z,453.002,1,222.98,1128,22,77.7,63619,81920,59.1,checkpoint_save
synthetic-showcase-h100-4gpu-full-telemetry-v1,2026-01-15T14:07:33.004Z,453.004,2,230.2,1129,22,78,63872,81920,61.2,checkpoint_save
synthetic-showcase-h100-4gpu-full-telemetry-v1,2026-01-15T14:07:33.006Z,453.006,3,247.69,1193,23.2,78.5,64284,81920,61.8,checkpoint_save
synthetic-showcase-h100-4gpu-full-telemetry-v1,2026-01-15T14:07:34.000Z,454,0,224.96,1183,22.2,77.5,63507,81920,57,checkpoint_save
synthetic-showcase-h100-4gpu-full-telemetry-v1,2026-01-15T14:07:34.002Z,454.002,1,222.23,1123,22,77.6,63607,81920,59,checkpoint_save
synthetic-showcase-h100-4gpu-full-telemetry-v1,2026-01-15T14:07:34.004Z,454.004,2,231.13,1135,22,78,63887,81920,61.2,checkpoint_save
synthetic-showcase-h100-4gpu-full-telemetry-v1,2026-01-15T14:07:34.006Z,454.006,3,248.59,1199,23.7,78.5,64298,81920,61.8,checkpoint_save
synthetic-showcase-h100-4gpu-full-telemetry-v1,2026-01-15T14:07:35.000Z,455,0,518,1966,97,76.4,62628,81920,73.4,steady_training
synthetic-showcase-h100-4gpu-full-telemetry-v1,2026-01-15T14:07:35.002Z,455.002,1,506.06,1927,94.1,76.7,62850,81920,75,steady_training
synthetic-showcase-h100-4gpu-full-telemetry-v1,2026-01-15T14:07:35.004Z,455.004,2,511.92,1927,93.8,77,63052,81920,77,steady_training
synthetic-showcase-h100-4gpu-full-telemetry-v1,2026-01-15T14:07:35.006Z,455.006,3,532.27,1958,95.8,77.3,63304,81920,77.7,steady_training
synthetic-showcase-h100-4gpu-full-telemetry-v1,2026-01-15T14:07:36.000Z,456,0,515.87,1961,96.6,76.5,62660,81920,73.3,steady_training
synthetic-showcase-h100-4gpu-full-telemetry-v1,2026-01-15T14:07:36.002Z,456.002,1,504.78,1924,93.9,76.8,62878,81920,74.9,steady_training
synthetic-showcase-h100-4gpu-full-telemetry-v1,2026-01-15T14:07:36.004Z,456.004,2,513.12,1930,94,77,63081,81920,77,steady_training
synthetic-showcase-h100-4gpu-full-telemetry-v1,2026-01-15T14:07:36.006Z,456.006,3,533.16,1960,96,77.3,63341,81920,77.7,steady_training
synthetic-showcase-h100-4gpu-full-telemetry-v1,2026-01-15T14:07:37.000Z,457,0,513.63,1957,96.3,76.5,62692,81920,73.2,steady_training
synthetic-showcase-h100-4gpu-full-telemetry-v1,2026-01-15T14:07:37.002Z,457.002,1,503.81,1922,93.7,76.8,62906,81920,74.9,steady_training
synthetic-showcase-h100-4gpu-full-telemetry-v1,2026-01-15T14:07:37.004Z,457.004,2,514.43,1934,94.2,77,63111,81920,77.1,steady_training
synthetic-showcase-h100-4gpu-full-telemetry-v1,2026-01-15T14:07:37.006Z,457.006,3,533.83,1961,96.1,77.4,63378,81920,77.7,steady_training
synthetic-showcase-h100-4gpu-full-telemetry-v1,2026-01-15T14:07:38.000Z,458,0,511.33,1952,96,76.6,62723,81920,73.1,steady_training
synthetic-showcase-h100-4gpu-full-telemetry-v1,2026-01-15T14:07:38.002Z,458.002,1,503.17,1921,93.6,76.8,62933,81920,74.9,steady_training
synthetic-showcase-h100-4gpu-full-telemetry-v1,2026-01-15T14:07:38.004Z,458.004,2,515.79,1937,94.4,77.1,63142,81920,77.2,steady_training
synthetic-showcase-h100-4gpu-full-telemetry-v1,2026-01-15T14:07:38.006Z,458.006,3,534.27,1962,96.1,77.4,63415,81920,77.7,steady_training
synthetic-showcase-h100-4gpu-full-telemetry-v1,2026-01-15T14:07:39.000Z,459,0,509.03,1947,95.6,76.6,62754,81920,73,steady_training
synthetic-showcase-h100-4gpu-full-telemetry-v1,2026-01-15T14:07:39.002Z,459.002,1,502.84,1921,93.6,76.9,62961,81920,74.9,steady_training
synthetic-showcase-h100-4gpu-full-telemetry-v1,2026-01-15T14:07:39.004Z,459.004,2,517.15,1940,94.6,77.1,63173,81920,77.3,steady_training
synthetic-showcase-h100-4gpu-full-telemetry-v1,2026-01-15T14:07:39.006Z,459.006,3,534.49,1963,96.2,77.5,63453,81920,77.7,steady_training
synthetic-showcase-h100-4gpu-full-telemetry-v1,2026-01-15T14:07:40.000Z,460,0,506.79,1942,95.3,76.6,62784,81920,72.9,steady_training
synthetic-showcase-h100-4gpu-full-telemetry-v1,2026-01-15T14:07:40.002Z,460.002,1,502.82,1921,93.6,76.9,62988,81920,74.9,steady_training
synthetic-showcase-h100-4gpu-full-telemetry-v1,2026-01-15T14:07:40.004Z,460.004,2,518.44,1943,94.8,77.2,63205,81920,77.4,steady_training
synthetic-showcase-h100-4gpu-full-telemetry-v1,2026-01-15T14:07:40.006Z,460.006,3,534.52,1963,96.2,77.5,63492,81920,77.7,steady_training
synthetic-showcase-h100-4gpu-full-telemetry-v1,2026-01-15T14:07:41.000Z,461,0,504.68,1938,94.9,76.7,62814,81920,72.8,steady_training
synthetic-showcase-h100-4gpu-full-telemetry-v1,2026-01-15T14:07:41.002Z,461.002,1,503.09,1922,93.6,76.9,63016,81920,75,steady_training
synthetic-showcase-h100-4gpu-full-telemetry-v1,2026-01-15T14:07:41.004Z,461.004,2,519.62,1946,95,77.2,63237,81920,77.4,steady_training
synthetic-showcase-h100-4gpu-full-telemetry-v1,2026-01-15T14:07:41.006Z,461.006,3,534.4,1962,96.2,77.6,63531,81920,77.7,steady_training
synthetic-showcase-h100-4gpu-full-telemetry-v1,2026-01-15T14:07:42.000Z,462,0,502.75,1934,94.7,76.7,62843,81920,72.7,steady_training
synthetic-showcase-h100-4gpu-full-telemetry-v1,2026-01-15T14:07:42.002Z,462.002,1,503.6,1924,93.7,77,63044,81920,75,steady_training
synthetic-showcase-h100-4gpu-full-telemetry-v1,2026-01-15T14:07:42.004Z,462.004,2,520.65,1948,95.1,77.2,63269,81920,77.5,steady_training
synthetic-showcase-h100-4gpu-full-telemetry-v1,2026-01-15T14:07:42.006Z,462.006,3,534.17,1962,96.1,77.6,63570,81920,77.6,steady_training
synthetic-showcase-h100-4gpu-full-telemetry-v1,2026-01-15T14:07:43.000Z,463,0,501.05,1931,94.4,76.7,62872,81920,72.6,steady_training
synthetic-showcase-h100-4gpu-full-telemetry-v1,2026-01-15T14:07:43.002Z,463.002,1,504.33,1926,93.8,77,63071,81920,75.1,steady_training
synthetic-showcase-h100-4gpu-full-telemetry-v1,2026-01-15T14:07:43.004Z,463.004,2,521.5,1950,95.2,77.3,63303,81920,77.6,steady_training
synthetic-showcase-h100-4gpu-full-telemetry-v1,2026-01-15T14:07:43.006Z,463.006,3,533.86,1961,96.1,77.6,63610,81920,77.6,steady_training
synthetic-showcase-h100-4gpu-full-telemetry-v1,2026-01-15T14:07:44.000Z,464,0,499.61,1928,94.2,76.8,62900,81920,72.6,steady_training
synthetic-showcase-h100-4gpu-full-telemetry-v1,2026-01-15T14:07:44.002Z,464.002,1,505.21,1928,93.9,77,63100,81920,75.2,steady_training
synthetic-showcase-h100-4gpu-full-telemetry-v1,2026-01-15T14:07:44.004Z,464.004,2,522.15,1952,95.3,77.3,63336,81920,77.6,steady_training
synthetic-showcase-h100-4gpu-full-telemetry-v1,2026-01-15T14:07:44.006Z,464.006,3,533.53,1960,96,77.7,63651,81920,77.5,steady_training
synthetic-showcase-h100-4gpu-full-telemetry-v1,2026-01-15T14:07:45.000Z,465,0,498.45,1926,94,76.8,62928,81920,72.5,steady_training
synthetic-showcase-h100-4gpu-full-telemetry-v1,2026-01-15T14:07:45.002Z,465.002,1,506.19,1931,94,77.1,63128,81920,75.3,steady_training
synthetic-showcase-h100-4gpu-full-telemetry-v1,2026-01-15T14:07:45.004Z,465.004,2,522.59,1953,95.4,77.4,63371,81920,77.6,steady_training
synthetic-showcase-h100-4gpu-full-telemetry-v1,2026-01-15T14:07:45.006Z,465.006,3,533.23,1959,96,77.7,63691,81920,77.5,steady_training
synthetic-showcase-h100-4gpu-full-telemetry-v1,2026-01-15T14:07:46.000Z,466,0,497.6,1924,93.9,76.9,62956,81920,72.5,steady_training
synthetic-showcase-h100-4gpu-full-telemetry-v1,2026-01-15T14:07:46.002Z,466.002,1,507.22,1933,94.2,77.1,63156,81920,75.3,steady_training
synthetic-showcase-h100-4gpu-full-telemetry-v1,2026-01-15T14:07:46.004Z,466.004,2,522.83,1953,95.4,77.4,63406,81920,77.6,steady_training
synthetic-showcase-h100-4gpu-full-telemetry-v1,2026-01-15T14:07:46.006Z,466.006,3,533.02,1958,96,77.8,63732,81920,77.5,steady_training
synthetic-showcase-h100-4gpu-full-telemetry-v1,2026-01-15T14:07:47.000Z,467,0,497.05,1923,93.8,76.9,62983,81920,72.5,steady_training
synthetic-showcase-h100-4gpu-full-telemetry-v1,2026-01-15T14:07:47.002Z,467.002,1,508.25,1936,94.3,77.1,63185,81920,75.4,steady_training
synthetic-showcase-h100-4gpu-full-telemetry-v1,2026-01-15T14:07:47.004Z,467.004,2,522.87,1953,95.4,77.4,63441,81920,77.7,steady_training
synthetic-showcase-h100-4gpu-full-telemetry-v1,2026-01-15T14:07:47.006Z,467.006,3,532.92,1958,96,77.8,63773,81920,77.4,steady_training
synthetic-showcase-h100-4gpu-full-telemetry-v1,2026-01-15T14:07:48.000Z,468,0,496.79,1923,93.7,76.9,63010,81920,72.5,steady_training
synthetic-showcase-h100-4gpu-full-telemetry-v1,2026-01-15T14:07:48.002Z,468.002,1,509.21,1938,94.5,77.2,63215,81920,75.5,steady_training
synthetic-showcase-h100-4gpu-full-telemetry-v1,2026-01-15T14:07:48.004Z,468.004,2,522.75,1953,95.4,77.5,63478,81920,77.6,steady_training
synthetic-showcase-h100-4gpu-full-telemetry-v1,2026-01-15T14:07:48.006Z,468.006,3,532.99,1958,96,77.9,63814,81920,77.4,steady_training
synthetic-showcase-h100-4gpu-full-telemetry-v1,2026-01-15T14:07:49.000Z,469,0,496.8,1923,93.7,77,63037,81920,72.5,steady_training
synthetic-showcase-h100-4gpu-full-telemetry-v1,2026-01-15T14:07:49.002Z,469.002,1,510.08,1940,94.6,77.2,63245,81920,75.6,steady_training
synthetic-showcase-h100-4gpu-full-telemetry-v1,2026-01-15T14:07:49.004Z,469.004,2,522.49,1953,95.4,77.5,63514,81920,77.6,steady_training
synthetic-showcase-h100-4gpu-full-telemetry-v1,2026-01-15T14:07:49.006Z,469.006,3,533.24,1958,96,77.9,63856,81920,77.4,steady_training
synthetic-showcase-h100-4gpu-full-telemetry-v1,2026-01-15T14:07:50.000Z,470,0,497.05,1924,93.7,77,63064,81920,72.6,steady_training
synthetic-showcase-h100-4gpu-full-telemetry-v1,2026-01-15T14:07:50.002Z,470.002,1,510.8,1942,94.7,77.2,63275,81920,75.6,steady_training
synthetic-showcase-h100-4gpu-full-telemetry-v1,2026-01-15T14:07:50.004Z,470.004,2,522.14,1952,95.3,77.6,63552,81920,77.6,steady_training
synthetic-showcase-h100-4gpu-full-telemetry-v1,2026-01-15T14:07:50.006Z,470.006,3,533.71,1959,96.1,78,63897,81920,77.4,steady_training
synthetic-showcase-h100-4gpu-full-telemetry-v1,2026-01-15T14:07:51.000Z,471,0,497.49,1926,93.8,77,63091,81920,72.6,steady_training
synthetic-showcase-h100-4gpu-full-telemetry-v1,2026-01-15T14:07:51.002Z,471.002,1,511.34,1943,94.8,77.3,63306,81920,75.7,steady_training
synthetic-showcase-h100-4gpu-full-telemetry-v1,2026-01-15T14:07:51.004Z,471.004,2,521.75,1951,95.3,77.6,63589,81920,77.6,steady_training
synthetic-showcase-h100-4gpu-full-telemetry-v1,2026-01-15T14:07:51.006Z,471.006,3,534.38,1960,96.2,78.1,63939,81920,77.4,steady_training
synthetic-showcase-h100-4gpu-full-telemetry-v1,2026-01-15T14:07:52.000Z,472,0,498.07,1927,93.9,77,63119,81920,72.7,steady_training
synthetic-showcase-h100-4gpu-full-telemetry-v1,2026-01-15T14:07:52.002Z,472.002,1,511.7,1944,94.8,77.3,63337,81920,75.7,steady_training
synthetic-showcase-h100-4gpu-full-telemetry-v1,2026-01-15T14:07:52.004Z,472.004,2,521.36,1950,95.2,77.7,63628,81920,77.6,steady_training
synthetic-showcase-h100-4gpu-full-telemetry-v1,2026-01-15T14:07:52.006Z,472.006,3,535.28,1962,96.3,78.1,63981,81920,77.5,steady_training
synthetic-showcase-h100-4gpu-full-telemetry-v1,2026-01-15T14:07:53.000Z,473,0,498.75,1929,94,77.1,63146,81920,72.7,steady_training
synthetic-showcase-h100-4gpu-full-telemetry-v1,2026-01-15T14:07:53.002Z,473.002,1,511.86,1945,94.8,77.4,63369,81920,75.8,steady_training
synthetic-showcase-h100-4gpu-full-telemetry-v1,2026-01-15T14:07:53.004Z,473.004,2,521.03,1949,95.2,77.7,63666,81920,77.6,steady_training
synthetic-showcase-h100-4gpu-full-telemetry-v1,2026-01-15T14:07:53.006Z,473.006,3,536.36,1964,96.5,78.2,64022,81920,77.5,steady_training
synthetic-showcase-h100-4gpu-full-telemetry-v1,2026-01-15T14:07:54.000Z,474,0,499.47,1931,94.1,77.1,63173,81920,72.8,steady_training
synthetic-showcase-h100-4gpu-full-telemetry-v1,2026-01-15T14:07:54.002Z,474.002,1,511.83,1945,94.8,77.4,63401,81920,75.8,steady_training
synthetic-showcase-h100-4gpu-full-telemetry-v1,2026-01-15T14:07:54.004Z,474.004,2,520.81,1948,95.1,77.8,63706,81920,77.6,steady_training
synthetic-showcase-h100-4gpu-full-telemetry-v1,2026-01-15T14:07:54.006Z,474.006,3,537.62,1967,96.7,78.2,64063,81920,77.5,steady_training
synthetic-showcase-h100-4gpu-full-telemetry-v1,2026-01-15T14:07:55.000Z,475,0,500.18,1933,94.2,77.1,63200,81920,72.9,steady_training
synthetic-showcase-h100-4gpu-full-telemetry-v1,2026-01-15T14:07:55.002Z,475.002,1,511.62,1945,94.8,77.4,63434,81920,75.8,steady_training
synthetic-showcase-h100-4gpu-full-telemetry-v1,2026-01-15T14:07:55.004Z,475.004,2,520.74,1948,95.1,77.8,63745,81920,77.6,steady_training
synthetic-showcase-h100-4gpu-full-telemetry-v1,2026-01-15T14:07:55.006Z,475.006,3,539.01,1970,96.9,78.3,64104,81920,77.6,steady_training
synthetic-showcase-h100-4gpu-full-telemetry-v1,2026-01-15T14:07:56.000Z,476,0,500.82,1935,94.3,77.2,63228,81920,72.9,steady_training
synthetic-showcase-h100-4gpu-full-telemetry-v1,2026-01-15T14:07:56.002Z,476.002,1,511.27,1944,94.7,77.5,63468,81920,75.8,steady_training
synthetic-showcase-h100-4gpu-full-telemetry-v1,2026-01-15T14:07:56.004Z,476.004,2,520.85,1948,95.2,77.9,63785,81920,77.6,steady_training
synthetic-showcase-h100-4gpu-full-telemetry-v1,2026-01-15T14:07:56.006Z,476.006,3,540.48,1973,97.1,78.3,64145,81920,77.7,steady_training
synthetic-showcase-h100-4gpu-full-telemetry-v1,2026-01-15T14:07:57.000Z,477,0,501.36,1936,94.3,77.2,63256,81920,73,steady_training
synthetic-showcase-h100-4gpu-full-telemetry-v1,2026-01-15T14:07:57.002Z,477.002,1,510.8,1943,94.7,77.5,63502,81920,75.8,steady_training
synthetic-showcase-h100-4gpu-full-telemetry-v1,2026-01-15T14:07:57.004Z,477.004,2,521.18,1949,95.2,77.9,63825,81920,77.6,steady_training
synthetic-showcase-h100-4gpu-full-telemetry-v1,2026-01-15T14:07:57.006Z,477.006,3,541.98,1976,97.4,78.4,64186,81920,77.7,steady_training
synthetic-showcase-h100-4gpu-full-telemetry-v1,2026-01-15T14:07:58.000Z,478,0,501.75,1938,94.4,77.3,63284,81920,73,steady_training
synthetic-showcase-h100-4gpu-full-telemetry-v1,2026-01-15T14:07:58.002Z,478.002,1,510.26,1942,94.6,77.6,63537,81920,75.8,steady_training
synthetic-showcase-h100-4gpu-full-telemetry-v1,2026-01-15T14:07:58.004Z,478.004,2,521.74,1950,95.3,78,63866,81920,77.6,steady_training
synthetic-showcase-h100-4gpu-full-telemetry-v1,2026-01-15T14:07:58.006Z,478.006,3,543.46,1979,97.6,78.4,64226,81920,77.8,steady_training
synthetic-showcase-h100-4gpu-full-telemetry-v1,2026-01-15T14:07:59.000Z,479,0,501.97,1938,94.4,77.3,63313,81920,73.1,steady_training
synthetic-showcase-h100-4gpu-full-telemetry-v1,2026-01-15T14:07:59.002Z,479.002,1,509.7,1941,94.5,77.6,63572,81920,75.8,steady_training
synthetic-showcase-h100-4gpu-full-telemetry-v1,2026-01-15T14:07:59.004Z,479.004,2,522.55,1951,95.4,78,63907,81920,77.7,steady_training
synthetic-showcase-h100-4gpu-full-telemetry-v1,2026-01-15T14:07:59.006Z,479.006,3,544.85,1982,97.8,78.4,64266,81920,77.8,steady_training
synthetic-showcase-h100-4gpu-full-telemetry-v1,2026-01-15T14:08:00.000Z,480,0,502.01,1939,94.4,70.2,57542,81920,73.1,steady_training
synthetic-showcase-h100-4gpu-full-telemetry-v1,2026-01-15T14:08:00.002Z,480.002,1,509.17,1940,94.4,70.6,57808,81920,75.8,steady_training
synthetic-showcase-h100-4gpu-full-telemetry-v1,2026-01-15T14:08:00.004Z,480.004,2,523.59,1954,95.6,71,58148,81920,77.7,steady_training
synthetic-showcase-h100-4gpu-full-telemetry-v1,2026-01-15T14:08:00.006Z,480.006,3,546.09,1984,98,71.4,58506,81920,77.9,steady_training
synthetic-showcase-h100-4gpu-full-telemetry-v1,2026-01-15T14:08:01.000Z,481,0,501.86,1939,94.4,70.3,57572,81920,73.1,steady_training
synthetic-showcase-h100-4gpu-full-telemetry-v1,2026-01-15T14:08:01.002Z,481.002,1,508.73,1939,94.4,70.6,57845,81920,75.8,steady_training
synthetic-showcase-h100-4gpu-full-telemetry-v1,2026-01-15T14:08:01.004Z,481.004,2,524.85,1956,95.8,71,58189,81920,77.8,steady_training
synthetic-showcase-h100-4gpu-full-telemetry-v1,2026-01-15T14:08:01.006Z,481.006,3,547.13,1987,98.1,71.5,58545,81920,77.9,steady_training
synthetic-showcase-h100-4gpu-full-telemetry-v1,2026-01-15T14:08:02.000Z,482,0,501.52,1938,94.3,70.3,57602,81920,73.1,steady_training
synthetic-showcase-h100-4gpu-full-telemetry-v1,2026-01-15T14:08:02.002Z,482.002,1,508.41,1938,94.3,70.7,57882,81920,75.8,steady_training
synthetic-showcase-h100-4gpu-full-telemetry-v1,2026-01-15T14:08:02.004Z,482.004,2,526.3,1959,96,71.1,58230,81920,77.9,steady_training
synthetic-showcase-h100-4gpu-full-telemetry-v1,2026-01-15T14:08:02.006Z,482.006,3,547.92,1988,98.3,71.5,58583,81920,77.9,steady_training
synthetic-showcase-h100-4gpu-full-telemetry-v1,2026-01-15T14:08:03.000Z,483,0,501.02,1937,94.2,70.4,57632,81920,73.1,steady_training
synthetic-showcase-h100-4gpu-full-telemetry-v1,2026-01-15T14:08:03.002Z,483.002,1,508.27,1938,94.3,70.7,57920,81920,75.8,steady_training
synthetic-showcase-h100-4gpu-full-telemetry-v1,2026-01-15T14:08:03.004Z,483.004,2,527.9,1962,96.2,71.1,58271,81920,78,steady_training
synthetic-showcase-h100-4gpu-full-telemetry-v1,2026-01-15T14:08:03.006Z,483.006,3,548.4,1989,98.3,71.6,58621,81920,77.9,steady_training
synthetic-showcase-h100-4gpu-full-telemetry-v1,2026-01-15T14:08:04.000Z,484,0,500.38,1936,94.1,70.4,57664,81920,73.1,steady_training
synthetic-showcase-h100-4gpu-full-telemetry-v1,2026-01-15T14:08:04.002Z,484.002,1,508.34,1938,94.3,70.7,57958,81920,75.9,steady_training
synthetic-showcase-h100-4gpu-full-telemetry-v1,2026-01-15T14:08:04.004Z,484.004,2,529.6,1966,96.5,71.2,58312,81920,78,steady_training
synthetic-showcase-h100-4gpu-full-telemetry-v1,2026-01-15T14:08:04.006Z,484.006,3,548.56,1990,98.4,71.6,58658,81920,77.9,steady_training
synthetic-showcase-h100-4gpu-full-telemetry-v1,2026-01-15T14:08:05.000Z,485,0,499.64,1935,94,70.4,57695,81920,73.1,steady_training
synthetic-showcase-h100-4gpu-full-telemetry-v1,2026-01-15T14:08:05.002Z,485.002,1,508.66,1938,94.4,70.8,57996,81920,75.9,steady_training
synthetic-showcase-h100-4gpu-full-telemetry-v1,2026-01-15T14:08:05.004Z,485.004,2,531.36,1970,96.8,71.2,58353,81920,78,steady_training
synthetic-showcase-h100-4gpu-full-telemetry-v1,2026-01-15T14:08:05.006Z,485.006,3,548.36,1989,98.3,71.6,58695,81920,77.9,steady_training
synthetic-showcase-h100-4gpu-full-telemetry-v1,2026-01-15T14:08:06.000Z,486,0,498.85,1933,93.9,70.5,57728,81920,73.1,steady_training
synthetic-showcase-h100-4gpu-full-telemetry-v1,2026-01-15T14:08:06.002Z,486.002,1,509.23,1939,94.4,70.8,58035,81920,76,steady_training
synthetic-showcase-h100-4gpu-full-telemetry-v1,2026-01-15T14:08:06.004Z,486.004,2,533.1,1973,97,71.3,58394,81920,78,steady_training
synthetic-showcase-h100-4gpu-full-telemetry-v1,2026-01-15T14:08:06.006Z,486.006,3,547.79,1988,98.2,71.7,58731,81920,77.8,steady_training
synthetic-showcase-h100-4gpu-full-telemetry-v1,2026-01-15T14:08:07.000Z,487,0,498.05,1932,93.8,70.5,57761,81920,73.1,steady_training
synthetic-showcase-h100-4gpu-full-telemetry-v1,2026-01-15T14:08:07.002Z,487.002,1,510.07,1941,94.6,70.9,58075,81920,76,steady_training
synthetic-showcase-h100-4gpu-full-telemetry-v1,2026-01-15T14:08:07.004Z,487.004,2,534.77,1977,97.3,71.3,58434,81920,78,steady_training
synthetic-showcase-h100-4gpu-full-telemetry-v1,2026-01-15T14:08:07.006Z,487.006,3,546.86,1986,98.1,71.7,58767,81920,77.7,steady_training
synthetic-showcase-h100-4gpu-full-telemetry-v1,2026-01-15T14:08:08.000Z,488,0,497.3,1930,93.7,70.5,57794,81920,73.1,steady_training
synthetic-showcase-h100-4gpu-full-telemetry-v1,2026-01-15T14:08:08.002Z,488.002,1,511.18,1943,94.7,70.9,58114,81920,76.1,steady_training
synthetic-showcase-h100-4gpu-full-telemetry-v1,2026-01-15T14:08:08.004Z,488.004,2,536.3,1980,97.5,71.4,58475,81920,78,steady_training
synthetic-showcase-h100-4gpu-full-telemetry-v1,2026-01-15T14:08:08.006Z,488.006,3,545.59,1983,97.9,71.8,58802,81920,77.6,steady_training
synthetic-showcase-h100-4gpu-full-telemetry-v1,2026-01-15T14:08:09.000Z,489,0,496.66,1929,93.6,70.6,57828,81920,73.1,steady_training
synthetic-showcase-h100-4gpu-full-telemetry-v1,2026-01-15T14:08:09.002Z,489.002,1,512.53,1946,94.9,71,58154,81920,76.2,steady_training
synthetic-showcase-h100-4gpu-full-telemetry-v1,2026-01-15T14:08:09.004Z,489.004,2,537.64,1983,97.7,71.4,58515,81920,78,steady_training
synthetic-showcase-h100-4gpu-full-telemetry-v1,2026-01-15T14:08:09.006Z,489.006,3,543.99,1980,97.7,71.8,58836,81920,77.5,steady_training
synthetic-showcase-h100-4gpu-full-telemetry-v1,2026-01-15T14:08:10.000Z,490,0,496.17,1928,93.5,70.6,57863,81920,73.1,steady_training
synthetic-showcase-h100-4gpu-full-telemetry-v1,2026-01-15T14:08:10.002Z,490.002,1,514.1,1950,95.2,71,58195,81920,76.3,steady_training
synthetic-showcase-h100-4gpu-full-telemetry-v1,2026-01-15T14:08:10.004Z,490.004,2,538.73,1985,97.9,71.5,58555,81920,78,steady_training
synthetic-showcase-h100-4gpu-full-telemetry-v1,2026-01-15T14:08:10.006Z,490.006,3,542.12,1976,97.4,71.9,58869,81920,77.4,steady_training
synthetic-showcase-h100-4gpu-full-telemetry-v1,2026-01-15T14:08:11.000Z,491,0,495.88,1927,93.5,70.7,57898,81920,73.1,steady_training
synthetic-showcase-h100-4gpu-full-telemetry-v1,2026-01-15T14:08:11.002Z,491.002,1,515.84,1953,95.4,71.1,58235,81920,76.4,steady_training
synthetic-showcase-h100-4gpu-full-telemetry-v1,2026-01-15T14:08:11.004Z,491.004,2,539.53,1987,98,71.5,58594,81920,78,steady_training
synthetic-showcase-h100-4gpu-full-telemetry-v1,2026-01-15T14:08:11.006Z,491.006,3,540.01,1971,97.1,71.9,58902,81920,77.3,steady_training
synthetic-showcase-h100-4gpu-full-telemetry-v1,2026-01-15T14:08:12.000Z,492,0,495.82,1927,93.4,70.7,57934,81920,73.1,steady_training
synthetic-showcase-h100-4gpu-full-telemetry-v1,2026-01-15T14:08:12.002Z,492.002,1,517.71,1957,95.7,71.1,58276,81920,76.6,steady_training
synthetic-showcase-h100-4gpu-full-telemetry-v1,2026-01-15T14:08:12.004Z,492.004,2,540,1988,98.1,71.6,58633,81920,78,steady_training
synthetic-showcase-h100-4gpu-full-telemetry-v1,2026-01-15T14:08:12.006Z,492.006,3,537.72,1966,96.7,71.9,58934,81920,77.1,steady_training
synthetic-showcase-h100-4gpu-full-telemetry-v1,2026-01-15T14:08:13.000Z,493,0,496.04,1927,93.5,70.8,57971,81920,73.1,steady_training
synthetic-showcase-h100-4gpu-full-telemetry-v1,2026-01-15T14:08:13.002Z,493.002,1,519.65,1961,96,71.2,58317,81920,76.7,steady_training
synthetic-showcase-h100-4gpu-full-telemetry-v1,2026-01-15T14:08:13.004Z,493.004,2,540.12,1988,98.1,71.6,58671,81920,78,steady_training
synthetic-showcase-h100-4gpu-full-telemetry-v1,2026-01-15T14:08:13.006Z,493.006,3,535.31,1961,96.4,72,58966,81920,76.9,steady_training
synthetic-showcase-h100-4gpu-full-telemetry-v1,2026-01-15T14:08:14.000Z,494,0,496.53,1928,93.6,70.8,58008,81920,73.2,steady_training
synthetic-showcase-h100-4gpu-full-telemetry-v1,2026-01-15T14:08:14.002Z,494.002,1,521.6,1965,96.3,71.2,58357,81920,76.8,steady_training
synthetic-showcase-h100-4gpu-full-telemetry-v1,2026-01-15T14:08:14.004Z,494.004,2,539.87,1987,98.1,71.7,58709,81920,78,steady_training
synthetic-showcase-h100-4gpu-full-telemetry-v1,2026-01-15T14:08:14.006Z,494.006,3,532.85,1956,96,72,58997,81920,76.8,steady_training
synthetic-showcase-h100-4gpu-full-telemetry-v1,2026-01-15T14:08:15.000Z,495,0,497.33,1930,93.7,70.9,58045,81920,73.3,steady_training
synthetic-showcase-h100-4gpu-full-telemetry-v1,2026-01-15T14:08:15.002Z,495.002,1,523.49,1969,96.6,71.3,58398,81920,77,steady_training
synthetic-showcase-h100-4gpu-full-telemetry-v1,2026-01-15T14:08:15.004Z,495.004,2,539.26,1986,98,71.7,58746,81920,78,steady_training
synthetic-showcase-h100-4gpu-full-telemetry-v1,2026-01-15T14:08:15.006Z,495.006,3,530.4,1951,95.6,72.1,59027,81920,76.6,steady_training
synthetic-showcase-h100-4gpu-full-telemetry-v1,2026-01-15T14:08:16.000Z,496,0,498.41,1932,93.8,70.9,58083,81920,73.4,steady_training
synthetic-showcase-h100-4gpu-full-telemetry-v1,2026-01-15T14:08:16.002Z,496.002,1,525.27,1973,96.9,71.3,58439,81920,77.1,steady_training
synthetic-showcase-h100-4gpu-full-telemetry-v1,2026-01-15T14:08:16.004Z,496.004,2,538.3,1984,97.8,71.8,58783,81920,78,steady_training
synthetic-showcase-h100-4gpu-full-telemetry-v1,2026-01-15T14:08:16.006Z,496.006,3,528.02,1946,95.2,72.1,59057,81920,76.5,steady_training
synthetic-showcase-h100-4gpu-full-telemetry-v1,2026-01-15T14:08:17.000Z,497,0,499.76,1935,94,70.9,58122,81920,73.5,steady_training
synthetic-showcase-h100-4gpu-full-telemetry-v1,2026-01-15T14:08:17.002Z,497.002,1,526.87,1976,97.1,71.4,58479,81920,77.2,steady_training
synthetic-showcase-h100-4gpu-full-telemetry-v1,2026-01-15T14:08:17.004Z,497.004,2,537,1981,97.6,71.8,58819,81920,78,steady_training
synthetic-showcase-h100-4gpu-full-telemetry-v1,2026-01-15T14:08:17.006Z,497.006,3,525.76,1941,94.9,72.1,59086,81920,76.3,steady_training
synthetic-showcase-h100-4gpu-full-telemetry-v1,2026-01-15T14:08:18.000Z,498,0,501.36,1939,94.3,71,58161,81920,73.6,steady_training
synthetic-showcase-h100-4gpu-full-telemetry-v1,2026-01-15T14:08:18.002Z,498.002,1,528.24,1979,97.3,71.4,58520,81920,77.3,steady_training
synthetic-showcase-h100-4gpu-full-telemetry-v1,2026-01-15T14:08:18.004Z,498.004,2,535.42,1977,97.4,71.8,58855,81920,78,steady_training
synthetic-showcase-h100-4gpu-full-telemetry-v1,2026-01-15T14:08:18.006Z,498.006,3,523.67,1937,94.6,72.2,59115,81920,76.2,steady_training
synthetic-showcase-h100-4gpu-full-telemetry-v1,2026-01-15T14:08:19.000Z,499,0,503.16,1943,94.6,71,58200,81920,73.7,steady_training
synthetic-showcase-h100-4gpu-full-telemetry-v1,2026-01-15T14:08:19.002Z,499.002,1,529.33,1981,97.5,71.5,58560,81920,77.4,steady_training
synthetic-showcase-h100-4gpu-full-telemetry-v1,2026-01-15T14:08:19.004Z,499.004,2,533.59,1973,97.1,71.9,58890,81920,78,steady_training
synthetic-showcase-h100-4gpu-full-telemetry-v1,2026-01-15T14:08:19.006Z,499.006,3,521.79,1933,94.3,72.2,59143,81920,76,steady_training
synthetic-showcase-h100-4gpu-full-telemetry-v1,2026-01-15T14:08:20.000Z,500,0,505.11,1947,94.9,71.1,58239,81920,73.8,steady_training
synthetic-showcase-h100-4gpu-full-telemetry-v1,2026-01-15T14:08:20.002Z,500.002,1,530.11,1983,97.6,71.5,58600,81920,77.4,steady_training
synthetic-showcase-h100-4gpu-full-telemetry-v1,2026-01-15T14:08:20.004Z,500.004,2,531.57,1969,96.8,71.9,58924,81920,78,steady_training
synthetic-showcase-h100-4gpu-full-telemetry-v1,2026-01-15T14:08:20.006Z,500.006,3,520.15,1930,94,72.2,59171,81920,75.9,steady_training
synthetic-showcase-h100-4gpu-full-telemetry-v1,2026-01-15T14:08:21.000Z,501,0,507.15,1951,95.2,71.1,58279,81920,74,steady_training
synthetic-showcase-h100-4gpu-full-telemetry-v1,2026-01-15T14:08:21.002Z,501.002,1,530.53,1984,97.7,71.6,58640,81920,77.5,steady_training
synthetic-showcase-h100-4gpu-full-telemetry-v1,2026-01-15T14:08:21.004Z,501.004,2,529.42,1964,96.5,72,58957,81920,78,steady_training
synthetic-showcase-h100-4gpu-full-telemetry-v1,2026-01-15T14:08:21.006Z,501.006,3,518.77,1927,93.8,72.3,59198,81920,75.8,steady_training
synthetic-showcase-h100-4gpu-full-telemetry-v1,2026-01-15T14:08:22.000Z,502,0,509.23,1955,95.5,71.2,58320,81920,74.1,steady_training
synthetic-showcase-h100-4gpu-full-telemetry-v1,2026-01-15T14:08:22.002Z,502.002,1,530.6,1984,97.7,71.6,58679,81920,77.5,steady_training
synthetic-showcase-h100-4gpu-full-telemetry-v1,2026-01-15T14:08:22.004Z,502.004,2,527.2,1960,96.2,72,58990,81920,77.8,steady_training
synthetic-showcase-h100-4gpu-full-telemetry-v1,2026-01-15T14:08:22.006Z,502.006,3,517.65,1925,93.6,72.3,59225,81920,75.7,steady_training
synthetic-showcase-h100-4gpu-full-telemetry-v1,2026-01-15T14:08:23.000Z,503,0,511.29,1960,95.8,71.2,58360,81920,74.3,steady_training
synthetic-showcase-h100-4gpu-full-telemetry-v1,2026-01-15T14:08:23.002Z,503.002,1,530.31,1983,97.7,71.7,58718,81920,77.5,steady_training
synthetic-showcase-h100-4gpu-full-telemetry-v1,2026-01-15T14:08:23.004Z,503.004,2,524.96,1955,95.8,72,59023,81920,77.7,steady_training
synthetic-showcase-h100-4gpu-full-telemetry-v1,2026-01-15T14:08:23.006Z,503.006,3,516.78,1924,93.5,72.3,59252,81920,75.6,steady_training
synthetic-showcase-h100-4gpu-full-telemetry-v1,2026-01-15T14:08:24.000Z,504,0,513.24,1964,96.1,71.3,58400,81920,74.4,steady_training
synthetic-showcase-h100-4gpu-full-telemetry-v1,2026-01-15T14:08:24.002Z,504.002,1,529.68,1982,97.6,71.7,58756,81920,77.5,steady_training
synthetic-showcase-h100-4gpu-full-telemetry-v1,2026-01-15T14:08:24.004Z,504.004,2,522.77,1950,95.5,72.1,59054,81920,77.6,steady_training
synthetic-showcase-h100-4gpu-full-telemetry-v1,2026-01-15T14:08:24.006Z,504.006,3,516.14,1923,93.4,72.4,59278,81920,75.6,steady_training
synthetic-showcase-h100-4gpu-full-telemetry-v1,2026-01-15T14:08:25.000Z,505,0,515.05,1968,96.4,71.3,58441,81920,74.5,steady_training
synthetic-showcase-h100-4gpu-full-telemetry-v1,2026-01-15T14:08:25.002Z,505.002,1,528.71,1979,97.4,71.8,58794,81920,77.5,steady_training
synthetic-showcase-h100-4gpu-full-telemetry-v1,2026-01-15T14:08:25.004Z,505.004,2,520.69,1946,95.2,72.1,59085,81920,77.4,steady_training
synthetic-showcase-h100-4gpu-full-telemetry-v1,2026-01-15T14:08:25.006Z,505.006,3,515.71,1922,93.3,72.4,59304,81920,75.5,steady_training
synthetic-showcase-h100-4gpu-full-telemetry-v1,2026-01-15T14:08:26.000Z,506,0,516.64,1971,96.6,71.4,58481,81920,74.7,steady_training
synthetic-showcase-h100-4gpu-full-telemetry-v1,2026-01-15T14:08:26.002Z,506.002,1,527.45,1977,97.2,71.8,58831,81920,77.4,steady_training
synthetic-showcase-h100-4gpu-full-telemetry-v1,2026-01-15T14:08:26.004Z,506.004,2,518.75,1942,94.9,72.2,59116,81920,77.3,steady_training
synthetic-showcase-h100-4gpu-full-telemetry-v1,2026-01-15T14:08:26.006Z,506.006,3,515.45,1922,93.3,72.4,59330,81920,75.5,steady_training
synthetic-showcase-h100-4gpu-full-telemetry-v1,2026-01-15T14:08:27.000Z,507,0,517.97,1974,96.8,71.4,58522,81920,74.8,steady_training
synthetic-showcase-h100-4gpu-full-telemetry-v1,2026-01-15T14:08:27.002Z,507.002,1,525.95,1973,97,71.9,58868,81920,77.3,steady_training
synthetic-showcase-h100-4gpu-full-telemetry-v1,2026-01-15T14:08:27.004Z,507.004,2,517,1938,94.6,72.2,59146,81920,77.2,steady_training
synthetic-showcase-h100-4gpu-full-telemetry-v1,2026-01-15T14:08:27.006Z,507.006,3,515.31,1922,93.3,72.5,59356,81920,75.4,steady_training
synthetic-showcase-h100-4gpu-full-telemetry-v1,2026-01-15T14:08:28.000Z,508,0,519,1976,97,71.5,58562,81920,74.9,steady_training
synthetic-showcase-h100-4gpu-full-telemetry-v1,2026-01-15T14:08:28.002Z,508.002,1,524.25,1969,96.8,71.9,58904,81920,77.3,steady_training
synthetic-showcase-h100-4gpu-full-telemetry-v1,2026-01-15T14:08:28.004Z,508.004,2,515.46,1935,94.4,72.2,59175,81920,77.1,steady_training
synthetic-showcase-h100-4gpu-full-telemetry-v1,2026-01-15T14:08:28.006Z,508.006,3,515.24,1922,93.2,72.5,59382,81920,75.4,steady_training
synthetic-showcase-h100-4gpu-full-telemetry-v1,2026-01-15T14:08:29.000Z,509,0,519.71,1977,97.1,71.5,58603,81920,74.9,steady_training
synthetic-showcase-h100-4gpu-full-telemetry-v1,2026-01-15T14:08:29.002Z,509.002,1,522.4,1965,96.5,71.9,58940,81920,77.2,steady_training
synthetic-showcase-h100-4gpu-full-telemetry-v1,2026-01-15T14:08:29.004Z,509.004,2,514.15,1933,94.2,72.3,59204,81920,77,steady_training
synthetic-showcase-h100-4gpu-full-telemetry-v1,2026-01-15T14:08:29.006Z,509.006,3,515.21,1923,93.2,72.5,59408,81920,75.4,steady_training
synthetic-showcase-h100-4gpu-full-telemetry-v1,2026-01-15T14:08:30.000Z,510,0,520.07,1978,97.1,71.6,58643,81920,75,steady_training
synthetic-showcase-h100-4gpu-full-telemetry-v1,2026-01-15T14:08:30.002Z,510.002,1,520.48,1961,96.2,72,58975,81920,77.1,steady_training
synthetic-showcase-h100-4gpu-full-telemetry-v1,2026-01-15T14:08:30.004Z,510.004,2,513.07,1931,94,72.3,59232,81920,77,steady_training
synthetic-showcase-h100-4gpu-full-telemetry-v1,2026-01-15T14:08:30.006Z,510.006,3,515.15,1923,93.2,72.6,59434,81920,75.3,steady_training
synthetic-showcase-h100-4gpu-full-telemetry-v1,2026-01-15T14:08:31.000Z,511,0,520.08,1978,97.1,71.6,58683,81920,75,steady_training
synthetic-showcase-h100-4gpu-full-telemetry-v1,2026-01-15T14:08:31.002Z,511.002,1,518.53,1957,95.9,72,59010,81920,77,steady_training
synthetic-showcase-h100-4gpu-full-telemetry-v1,2026-01-15T14:08:31.004Z,511.004,2,512.22,1929,93.9,72.3,59260,81920,76.9,steady_training
synthetic-showcase-h100-4gpu-full-telemetry-v1,2026-01-15T14:08:31.006Z,511.006,3,515.02,1923,93.2,72.6,59460,81920,75.3,steady_training
synthetic-showcase-h100-4gpu-full-telemetry-v1,2026-01-15T14:08:32.000Z,512,0,519.76,1977,97.1,71.7,58723,81920,75,steady_training
synthetic-showcase-h100-4gpu-full-telemetry-v1,2026-01-15T14:08:32.002Z,512.002,1,516.62,1953,95.6,72.1,59043,81920,76.9,steady_training
synthetic-showcase-h100-4gpu-full-telemetry-v1,2026-01-15T14:08:32.004Z,512.004,2,511.57,1928,93.8,72.4,59287,81920,76.9,steady_training
synthetic-showcase-h100-4gpu-full-telemetry-v1,2026-01-15T14:08:32.006Z,512.006,3,514.77,1923,93.1,72.6,59487,81920,75.3,steady_training
synthetic-showcase-h100-4gpu-full-telemetry-v1,2026-01-15T14:08:33.000Z,513,0,519.12,1975,97,71.7,58762,81920,75,steady_training
synthetic-showcase-h100-4gpu-full-telemetry-v1,2026-01-15T14:08:33.002Z,513.002,1,514.79,1949,95.3,72.1,59076,81920,76.8,steady_training
synthetic-showcase-h100-4gpu-full-telemetry-v1,2026-01-15T14:08:33.004Z,513.004,2,511.1,1927,93.7,72.4,59314,81920,76.8,steady_training
synthetic-showcase-h100-4gpu-full-telemetry-v1,2026-01-15T14:08:33.006Z,513.006,3,514.39,1923,93.1,72.6,59513,81920,75.2,steady_training
synthetic-showcase-h100-4gpu-full-telemetry-v1,2026-01-15T14:08:34.000Z,514,0,518.19,1973,96.9,71.8,58801,81920,75,steady_training
synthetic-showcase-h100-4gpu-full-telemetry-v1,2026-01-15T14:08:34.002Z,514.002,1,513.09,1945,95.1,72.2,59109,81920,76.7,steady_training
synthetic-showcase-h100-4gpu-full-telemetry-v1,2026-01-15T14:08:34.004Z,514.004,2,510.77,1927,93.6,72.4,59341,81920,76.8,steady_training
synthetic-showcase-h100-4gpu-full-telemetry-v1,2026-01-15T14:08:34.006Z,514.006,3,513.84,1922,93,72.7,59540,81920,75.1,steady_training
synthetic-showcase-h100-4gpu-full-telemetry-v1,2026-01-15T14:08:35.000Z,515,0,517.02,1971,96.7,71.8,58839,81920,74.9,steady_training
synthetic-showcase-h100-4gpu-full-telemetry-v1,2026-01-15T14:08:35.002Z,515.002,1,511.56,1942,94.8,72.2,59141,81920,76.7,steady_training
synthetic-showcase-h100-4gpu-full-telemetry-v1,2026-01-15T14:08:35.004Z,515.004,2,510.53,1927,93.6,72.5,59367,81920,76.8,steady_training
synthetic-showcase-h100-4gpu-full-telemetry-v1,2026-01-15T14:08:35.006Z,515.006,3,513.12,1920,92.9,72.7,59568,81920,75.1,steady_training
synthetic-showcase-h100-4gpu-full-telemetry-v1,2026-01-15T14:08:36.000Z,516,0,515.66,1968,96.5,71.9,58877,81920,74.9,steady_training
synthetic-showcase-h100-4gpu-full-telemetry-v1,2026-01-15T14:08:36.002Z,516.002,1,510.22,1940,94.6,72.2,59172,81920,76.6,steady_training
synthetic-showcase-h100-4gpu-full-telemetry-v1,2026-01-15T14:08:36.004Z,516.004,2,510.34,1927,93.5,72.5,59393,81920,76.8,steady_training
synthetic-showcase-h100-4gpu-full-telemetry-v1,2026-01-15T14:08:36.006Z,516.006,3,512.21,1919,92.7,72.7,59595,81920,75,steady_training
synthetic-showcase-h100-4gpu-full-telemetry-v1,2026-01-15T14:08:37.000Z,517,0,514.15,1964,96.3,71.9,58915,81920,74.8,steady_training
synthetic-showcase-h100-4gpu-full-telemetry-v1,2026-01-15T14:08:37.002Z,517.002,1,509.08,1937,94.5,72.3,59203,81920,76.6,steady_training
synthetic-showcase-h100-4gpu-full-telemetry-v1,2026-01-15T14:08:37.004Z,517.004,2,510.14,1927,93.5,72.5,59419,81920,76.7,steady_training
synthetic-showcase-h100-4gpu-full-telemetry-v1,2026-01-15T14:08:37.006Z,517.006,3,511.13,1917,92.5,72.8,59623,81920,74.9,steady_training
synthetic-showcase-h100-4gpu-full-telemetry-v1,2026-01-15T14:08:38.000Z,518,0,512.56,1961,96,72,58952,81920,74.8,steady_training
synthetic-showcase-h100-4gpu-full-telemetry-v1,2026-01-15T14:08:38.002Z,518.002,1,508.15,1936,94.3,72.3,59233,81920,76.5,steady_training
synthetic-showcase-h100-4gpu-full-telemetry-v1,2026-01-15T14:08:38.004Z,518.004,2,509.9,1927,93.5,72.6,59445,81920,76.7,steady_training
synthetic-showcase-h100-4gpu-full-telemetry-v1,2026-01-15T14:08:38.006Z,518.006,3,509.91,1914,92.4,72.8,59652,81920,74.8,steady_training
synthetic-showcase-h100-4gpu-full-telemetry-v1,2026-01-15T14:08:39.000Z,519,0,510.95,1957,95.8,72,58988,81920,74.7,steady_training
synthetic-showcase-h100-4gpu-full-telemetry-v1,2026-01-15T14:08:39.002Z,519.002,1,507.42,1934,94.2,72.3,59262,81920,76.5,steady_training
synthetic-showcase-h100-4gpu-full-telemetry-v1,2026-01-15T14:08:39.004Z,519.004,2,509.56,1926,93.4,72.6,59471,81920,76.7,steady_training
synthetic-showcase-h100-4gpu-full-telemetry-v1,2026-01-15T14:08:39.006Z,519.006,3,508.57,1912,92.2,72.9,59681,81920,74.7,steady_training
synthetic-showcase-h100-4gpu-full-telemetry-v1,2026-01-15T14:08:40.000Z,520,0,509.36,1954,95.5,72.1,59024,81920,74.7,steady_training
synthetic-showcase-h100-4gpu-full-telemetry-v1,2026-01-15T14:08:40.002Z,520.002,1,506.87,1933,94.1,72.4,59291,81920,76.5,steady_training
synthetic-showcase-h100-4gpu-full-telemetry-v1,2026-01-15T14:08:40.004Z,520.004,2,509.09,1926,93.3,72.6,59497,81920,76.6,steady_training
synthetic-showcase-h100-4gpu-full-telemetry-v1,2026-01-15T14:08:40.006Z,520.006,3,507.16,1909,91.9,72.9,59710,81920,74.6,steady_training
synthetic-showcase-h100-4gpu-full-telemetry-v1,2026-01-15T14:08:41.000Z,521,0,507.85,1950,95.3,72.1,59060,81920,74.6,steady_training
synthetic-showcase-h100-4gpu-full-telemetry-v1,2026-01-15T14:08:41.002Z,521.002,1,506.47,1933,94,72.4,59320,81920,76.5,steady_training
synthetic-showcase-h100-4gpu-full-telemetry-v1,2026-01-15T14:08:41.004Z,521.004,2,508.45,1925,93.2,72.7,59523,81920,76.6,steady_training
synthetic-showcase-h100-4gpu-full-telemetry-v1,2026-01-15T14:08:41.006Z,521.006,3,505.72,1906,91.7,72.9,59741,81920,74.5,steady_training
synthetic-showcase-h100-4gpu-full-telemetry-v1,2026-01-15T14:08:42.000Z,522,0,506.46,1947,95.1,72.1,59094,81920,74.6,steady_training
synthetic-showcase-h100-4gpu-full-telemetry-v1,2026-01-15T14:08:42.002Z,522.002,1,506.18,1932,94,72.4,59348,81920,76.5,steady_training
synthetic-showcase-h100-4gpu-full-telemetry-v1,2026-01-15T14:08:42.004Z,522.004,2,507.63,1923,93.1,72.7,59549,81920,76.5,steady_training
synthetic-showcase-h100-4gpu-full-telemetry-v1,2026-01-15T14:08:42.006Z,522.006,3,504.31,1903,91.5,73,59771,81920,74.4,steady_training
synthetic-showcase-h100-4gpu-full-telemetry-v1,2026-01-15T14:08:43.000Z,523,0,505.22,1945,94.9,72.2,59128,81920,74.5,steady_training
synthetic-showcase-h100-4gpu-full-telemetry-v1,2026-01-15T14:08:43.002Z,523.002,1,505.95,1932,93.9,72.5,59375,81920,76.5,steady_training
synthetic-showcase-h100-4gpu-full-telemetry-v1,2026-01-15T14:08:43.004Z,523.004,2,506.61,1922,92.9,72.7,59575,81920,76.4,steady_training
synthetic-showcase-h100-4gpu-full-telemetry-v1,2026-01-15T14:08:43.006Z,523.006,3,502.98,1900,91.3,73,59803,81920,74.3,steady_training
synthetic-showcase-h100-4gpu-full-telemetry-v1,2026-01-15T14:08:44.000Z,524,0,504.15,1942,94.8,72.2,59162,81920,74.5,steady_training
synthetic-showcase-h100-4gpu-full-telemetry-v1,2026-01-15T14:08:44.002Z,524.002,1,505.74,1932,93.9,72.5,59402,81920,76.5,steady_training
synthetic-showcase-h100-4gpu-full-telemetry-v1,2026-01-15T14:08:44.004Z,524.004,2,505.39,1919,92.7,72.8,59602,81920,76.4,steady_training
synthetic-showcase-h100-4gpu-full-telemetry-v1,2026-01-15T14:08:44.006Z,524.006,3,501.79,1898,91.1,73,59835,81920,74.2,steady_training
synthetic-showcase-h100-4gpu-full-telemetry-v1,2026-01-15T14:08:45.000Z,525,0,503.28,1941,94.6,72.3,59195,81920,74.5,steady_training
synthetic-showcase-h100-4gpu-full-telemetry-v1,2026-01-15T14:08:45.002Z,525.002,1,505.5,1932,93.9,72.5,59429,81920,76.5,steady_training
synthetic-showcase-h100-4gpu-full-telemetry-v1,2026-01-15T14:08:45.004Z,525.004,2,503.99,1917,92.5,72.8,59629,81920,76.3,steady_training
synthetic-showcase-h100-4gpu-full-telemetry-v1,2026-01-15T14:08:45.006Z,525.006,3,500.8,1896,91,73.1,59867,81920,74.1,steady_training
synthetic-showcase-h100-4gpu-full-telemetry-v1,2026-01-15T14:08:46.000Z,526,0,502.59,1939,94.5,72.3,59227,81920,74.5,steady_training
synthetic-showcase-h100-4gpu-full-telemetry-v1,2026-01-15T14:08:46.002Z,526.002,1,505.18,1932,93.8,72.6,59456,81920,76.5,steady_training
synthetic-showcase-h100-4gpu-full-telemetry-v1,2026-01-15T14:08:46.004Z,526.004,2,502.42,1914,92.3,72.8,59656,81920,76.2,steady_training
synthetic-showcase-h100-4gpu-full-telemetry-v1,2026-01-15T14:08:46.006Z,526.006,3,500.05,1894,90.8,73.1,59900,81920,74,steady_training
synthetic-showcase-h100-4gpu-full-telemetry-v1,2026-01-15T14:08:47.000Z,527,0,502.08,1938,94.4,72.3,59258,81920,74.5,steady_training
synthetic-showcase-h100-4gpu-full-telemetry-v1,2026-01-15T14:08:47.002Z,527.002,1,504.74,1931,93.7,72.6,59482,81920,76.4,steady_training
synthetic-showcase-h100-4gpu-full-telemetry-v1,2026-01-15T14:08:47.004Z,527.004,2,500.73,1910,92,72.9,59683,81920,76.1,steady_training
synthetic-showcase-h100-4gpu-full-telemetry-v1,2026-01-15T14:08:47.006Z,527.006,3,499.59,1894,90.8,73.2,59934,81920,74,steady_training
synthetic-showcase-h100-4gpu-full-telemetry-v1,2026-01-15T14:08:48.000Z,528,0,501.72,1938,94.4,72.4,59289,81920,74.5,steady_training
synthetic-showcase-h100-4gpu-full-telemetry-v1,2026-01-15T14:08:48.002Z,528.002,1,504.13,1930,93.6,72.6,59508,81920,76.4,steady_training
synthetic-showcase-h100-4gpu-full-telemetry-v1,2026-01-15T14:08:48.004Z,528.004,2,498.96,1907,91.7,72.9,59711,81920,75.9,steady_training
synthetic-showcase-h100-4gpu-full-telemetry-v1,2026-01-15T14:08:48.006Z,528.006,3,499.44,1893,90.7,73.2,59969,81920,73.9,steady_training
synthetic-showcase-h100-4gpu-full-telemetry-v1,2026-01-15T14:08:49.000Z,529,0,501.49,1938,94.3,72.4,59320,81920,74.5,steady_training
synthetic-showcase-h100-4gpu-full-telemetry-v1,2026-01-15T14:08:49.002Z,529.002,1,503.34,1929,93.5,72.7,59534,81920,76.4,steady_training
synthetic-showcase-h100-4gpu-full-telemetry-v1,2026-01-15T14:08:49.004Z,529.004,2,497.16,1903,91.5,72.9,59739,81920,75.8,steady_training
synthetic-showcase-h100-4gpu-full-telemetry-v1,2026-01-15T14:08:49.006Z,529.006,3,499.64,1894,90.8,73.2,60004,81920,73.9,steady_training
synthetic-showcase-h100-4gpu-full-telemetry-v1,2026-01-15T14:08:50.000Z,530,0,501.35,1938,94.3,72.4,59350,81920,74.5,steady_training
synthetic-showcase-h100-4gpu-full-telemetry-v1,2026-01-15T14:08:50.002Z,530.002,1,502.33,1927,93.3,72.7,59560,81920,76.3,steady_training
synthetic-showcase-h100-4gpu-full-telemetry-v1,2026-01-15T14:08:50.004Z,530.004,2,495.37,1899,91.2,73,59768,81920,75.7,steady_training
synthetic-showcase-h100-4gpu-full-telemetry-v1,2026-01-15T14:08:50.006Z,530.006,3,500.19,1895,90.9,73.3,60040,81920,73.9,steady_training
synthetic-showcase-h100-4gpu-full-telemetry-v1,2026-01-15T14:08:51.000Z,531,0,501.24,1938,94.3,72.5,59379,81920,74.5,steady_training
synthetic-showcase-h100-4gpu-full-telemetry-v1,2026-01-15T14:08:51.002Z,531.002,1,501.09,1925,93.2,72.7,59586,81920,76.3,steady_training
synthetic-showcase-h100-4gpu-full-telemetry-v1,2026-01-15T14:08:51.004Z,531.004,2,493.68,1896,90.9,73,59798,81920,75.6,steady_training
synthetic-showcase-h100-4gpu-full-telemetry-v1,2026-01-15T14:08:51.006Z,531.006,3,501.09,1897,91,73.3,60076,81920,73.9,steady_training
synthetic-showcase-h100-4gpu-full-telemetry-v1,2026-01-15T14:08:52.000Z,532,0,501.12,1938,94.3,72.5,59408,81920,74.6,steady_training
synthetic-showcase-h100-4gpu-full-telemetry-v1,2026-01-15T14:08:52.002Z,532.002,1,499.64,1922,92.9,72.8,59612,81920,76.2,steady_training
synthetic-showcase-h100-4gpu-full-telemetry-v1,2026-01-15T14:08:52.004Z,532.004,2,492.12,1893,90.7,73,59828,81920,75.5,steady_training
synthetic-showcase-h100-4gpu-full-telemetry-v1,2026-01-15T14:08:52.006Z,532.006,3,502.32,1900,91.2,73.4,60113,81920,74,steady_training
synthetic-showcase-h100-4gpu-full-telemetry-v1,2026-01-15T14:08:53.000Z,533,0,500.95,1938,94.2,72.6,59436,81920,74.6,steady_training
synthetic-showcase-h100-4gpu-full-telemetry-v1,2026-01-15T14:08:53.002Z,533.002,1,497.98,1919,92.7,72.8,59638,81920,76.1,steady_training
synthetic-showcase-h100-4gpu-full-telemetry-v1,2026-01-15T14:08:53.004Z,533.004,2,490.77,1890,90.5,73.1,59858,81920,75.4,steady_training
synthetic-showcase-h100-4gpu-full-telemetry-v1,2026-01-15T14:08:53.006Z,533.006,3,503.86,1903,91.4,73.4,60150,81920,74,steady_training
synthetic-showcase-h100-4gpu-full-telemetry-v1,2026-01-15T14:08:54.000Z,534,0,500.66,1937,94.2,72.6,59464,81920,74.6,steady_training
synthetic-showcase-h100-4gpu-full-telemetry-v1,2026-01-15T14:08:54.002Z,534.002,1,496.14,1915,92.4,72.8,59665,81920,76,steady_training
synthetic-showcase-h100-4gpu-full-telemetry-v1,2026-01-15T14:08:54.004Z,534.004,2,489.66,1888,90.3,73.1,59889,81920,75.3,steady_training
synthetic-showcase-h100-4gpu-full-telemetry-v1,2026-01-15T14:08:54.006Z,534.006,3,505.67,1907,91.7,73.5,60188,81920,74.1,steady_training
synthetic-showcase-h100-4gpu-full-telemetry-v1,2026-01-15T14:08:55.000Z,535,0,500.23,1937,94.1,72.6,59491,81920,74.6,steady_training
synthetic-showcase-h100-4gpu-full-telemetry-v1,2026-01-15T14:08:55.002Z,535.002,1,494.16,1911,92.1,72.9,59691,81920,75.9,steady_training
synthetic-showcase-h100-4gpu-full-telemetry-v1,2026-01-15T14:08:55.004Z,535.004,2,488.85,1886,90.2,73.1,59921,81920,75.3,steady_training
synthetic-showcase-h100-4gpu-full-telemetry-v1,2026-01-15T14:08:55.006Z,535.006,3,507.7,1911,92,73.5,60227,81920,74.2,steady_training
synthetic-showcase-h100-4gpu-full-telemetry-v1,2026-01-15T14:08:56.000Z,536,0,499.6,1936,94,72.7,59518,81920,74.6,steady_training
synthetic-showcase-h100-4gpu-full-telemetry-v1,2026-01-15T14:08:56.002Z,536.002,1,492.07,1907,91.8,72.9,59718,81920,75.8,steady_training
synthetic-showcase-h100-4gpu-full-telemetry-v1,2026-01-15T14:08:56.004Z,536.004,2,488.37,1885,90.1,73.2,59953,81920,75.2,steady_training
synthetic-showcase-h100-4gpu-full-telemetry-v1,2026-01-15T14:08:56.006Z,536.006,3,509.88,1916,92.3,73.6,60266,81920,74.3,steady_training
synthetic-showcase-h100-4gpu-full-telemetry-v1,2026-01-15T14:08:57.000Z,537,0,498.75,1934,93.9,72.7,59545,81920,74.6,steady_training
synthetic-showcase-h100-4gpu-full-telemetry-v1,2026-01-15T14:08:57.002Z,537.002,1,489.94,1903,91.4,72.9,59745,81920,75.7,steady_training
synthetic-showcase-h100-4gpu-full-telemetry-v1,2026-01-15T14:08:57.004Z,537.004,2,488.24,1885,90.1,73.2,59986,81920,75.2,steady_training
synthetic-showcase-h100-4gpu-full-telemetry-v1,2026-01-15T14:08:57.006Z,537.006,3,512.17,1921,92.7,73.6,60305,81920,74.4,steady_training
synthetic-showcase-h100-4gpu-full-telemetry-v1,2026-01-15T14:08:58.000Z,538,0,497.66,1932,93.7,72.7,59572,81920,74.5,steady_training
synthetic-showcase-h100-4gpu-full-telemetry-v1,2026-01-15T14:08:58.002Z,538.002,1,487.83,1899,91.1,73,59772,81920,75.6,steady_training
synthetic-showcase-h100-4gpu-full-telemetry-v1,2026-01-15T14:08:58.004Z,538.004,2,488.49,1886,90.1,73.3,60020,81920,75.2,steady_training
synthetic-showcase-h100-4gpu-full-telemetry-v1,2026-01-15T14:08:58.006Z,538.006,3,514.5,1926,93,73.7,60345,81920,74.5,steady_training
synthetic-showcase-h100-4gpu-full-telemetry-v1,2026-01-15T14:08:59.000Z,539,0,496.31,1930,93.5,72.8,59598,81920,74.5,steady_training
synthetic-showcase-h100-4gpu-full-telemetry-v1,2026-01-15T14:08:59.002Z,539.002,1,485.78,1894,90.8,73,59800,81920,75.5,steady_training
synthetic-showcase-h100-4gpu-full-telemetry-v1,2026-01-15T14:08:59.004Z,539.004,2,489.1,1887,90.2,73.3,60054,81920,75.2,steady_training
synthetic-showcase-h100-4gpu-full-telemetry-v1,2026-01-15T14:08:59.006Z,539.006,3,516.79,1931,93.4,73.7,60385,81920,74.6,steady_training
synthetic-showcase-h100-4gpu-full-telemetry-v1,2026-01-15T14:09:00.000Z,540,0,494.72,1927,93.2,72.8,59625,81920,74.4,steady_training
synthetic-showcase-h100-4gpu-full-telemetry-v1,2026-01-15T14:09:00.002Z,540.002,1,483.88,1890,90.5,73,59828,81920,75.4,steady_training
synthetic-showcase-h100-4gpu-full-telemetry-v1,2026-01-15T14:09:00.004Z,540.004,2,490.06,1889,90.4,73.4,60089,81920,75.2,steady_training
synthetic-showcase-h100-4gpu-full-telemetry-v1,2026-01-15T14:09:00.006Z,540.006,3,518.99,1935,93.7,73.8,60425,81920,74.7,steady_training
synthetic-showcase-h100-4gpu-full-telemetry-v1,2026-01-15T14:09:01.000Z,541,0,492.9,1923,93,72.8,59651,81920,74.3,steady_training
synthetic-showcase-h100-4gpu-full-telemetry-v1,2026-01-15T14:09:01.002Z,541.002,1,482.16,1887,90.2,73.1,59857,81920,75.3,steady_training
synthetic-showcase-h100-4gpu-full-telemetry-v1,2026-01-15T14:09:01.004Z,541.004,2,491.35,1892,90.6,73.4,60125,81920,75.3,steady_training
synthetic-showcase-h100-4gpu-full-telemetry-v1,2026-01-15T14:09:01.006Z,541.006,3,521.04,1940,94,73.8,60466,81920,74.8,steady_training
synthetic-showcase-h100-4gpu-full-telemetry-v1,2026-01-15T14:09:02.000Z,542,0,490.87,1919,92.6,72.8,59677,81920,74.3,steady_training
synthetic-showcase-h100-4gpu-full-telemetry-v1,2026-01-15T14:09:02.002Z,542.002,1,480.69,1884,90,73.1,59887,81920,75.2,steady_training
synthetic-showcase-h100-4gpu-full-telemetry-v1,2026-01-15T14:09:02.004Z,542.004,2,492.93,1896,90.8,73.4,60161,81920,75.4,steady_training
synthetic-showcase-h100-4gpu-full-telemetry-v1,2026-01-15T14:09:02.006Z,542.006,3,522.88,1944,94.3,73.9,60506,81920,74.8,steady_training
synthetic-showcase-h100-4gpu-full-telemetry-v1,2026-01-15T14:09:03.000Z,543,0,488.67,1915,92.3,72.9,59703,81920,74.2,steady_training
synthetic-showcase-h100-4gpu-full-telemetry-v1,2026-01-15T14:09:03.002Z,543.002,1,479.52,1882,89.8,73.1,59916,81920,75.2,steady_training
synthetic-showcase-h100-4gpu-full-telemetry-v1,2026-01-15T14:09:03.004Z,543.004,2,494.75,1900,91.1,73.5,60198,81920,75.4,steady_training
synthetic-showcase-h100-4gpu-full-telemetry-v1,2026-01-15T14:09:03.006Z,543.006,3,524.48,1947,94.5,73.9,60547,81920,74.9,steady_training
synthetic-showcase-h100-4gpu-full-telemetry-v1,2026-01-15T14:09:04.000Z,544,0,486.35,1910,92,72.9,59729,81920,74.1,steady_training
synthetic-showcase-h100-4gpu-full-telemetry-v1,2026-01-15T14:09:04.002Z,544.002,1,478.68,1880,89.7,73.2,59947,81920,75.1,steady_training
synthetic-showcase-h100-4gpu-full-telemetry-v1,2026-01-15T14:09:04.004Z,544.004,2,496.77,1904,91.4,73.5,60236,81920,75.5,steady_training
synthetic-showcase-h100-4gpu-full-telemetry-v1,2026-01-15T14:09:04.006Z,544.006,3,525.79,1950,94.7,74,60588,81920,74.9,steady_training
synthetic-showcase-h100-4gpu-full-telemetry-v1,2026-01-15T14:09:05.000Z,545,0,483.97,1905,91.6,72.9,59756,81920,74,steady_training
synthetic-showcase-h100-4gpu-full-telemetry-v1,2026-01-15T14:09:05.002Z,545.002,1,478.21,1879,89.6,73.2,59978,81920,75.1,steady_training
synthetic-showcase-h100-4gpu-full-telemetry-v1,2026-01-15T14:09:05.004Z,545.004,2,498.91,1909,91.7,73.6,60274,81920,75.6,steady_training
synthetic-showcase-h100-4gpu-full-telemetry-v1,2026-01-15T14:09:05.006Z,545.006,3,526.8,1952,94.9,74,60629,81920,75,steady_training
synthetic-showcase-h100-4gpu-full-telemetry-v1,2026-01-15T14:09:06.000Z,546,0,481.58,1900,91.2,73,59782,81920,73.8,steady_training
synthetic-showcase-h100-4gpu-full-telemetry-v1,2026-01-15T14:09:06.002Z,546.002,1,478.1,1879,89.6,73.3,60010,81920,75.1,steady_training
synthetic-showcase-h100-4gpu-full-telemetry-v1,2026-01-15T14:09:06.004Z,546.004,2,501.12,1914,92,73.6,60312,81920,75.7,steady_training
synthetic-showcase-h100-4gpu-full-telemetry-v1,2026-01-15T14:09:06.006Z,546.006,3,527.51,1953,95,74.1,60669,81920,75,steady_training
synthetic-showcase-h100-4gpu-full-telemetry-v1,2026-01-15T14:09:07.000Z,547,0,479.24,1895,90.9,73,59809,81920,73.7,steady_training
synthetic-showcase-h100-4gpu-full-telemetry-v1,2026-01-15T14:09:07.002Z,547.002,1,478.37,1880,89.6,73.3,60042,81920,75.1,steady_training
synthetic-showcase-h100-4gpu-full-telemetry-v1,2026-01-15T14:09:07.004Z,547.004,2,503.32,1918,92.4,73.7,60351,81920,75.8,steady_training
synthetic-showcase-h100-4gpu-full-telemetry-v1,2026-01-15T14:09:07.006Z,547.006,3,527.91,1954,95.1,74.1,60710,81920,75,steady_training
synthetic-showcase-h100-4gpu-full-telemetry-v1,2026-01-15T14:09:08.000Z,548,0,477.02,1891,90.5,73,59836,81920,73.6,steady_training
synthetic-showcase-h100-4gpu-full-telemetry-v1,2026-01-15T14:09:08.002Z,548.002,1,479.01,1882,89.7,73.3,60075,81920,75.2,steady_training
synthetic-showcase-h100-4gpu-full-telemetry-v1,2026-01-15T14:09:08.004Z,548.004,2,505.47,1923,92.7,73.7,60390,81920,75.9,steady_training
synthetic-showcase-h100-4gpu-full-telemetry-v1,2026-01-15T14:09:08.006Z,548.006,3,528.02,1954,95.1,74.2,60750,81920,75,steady_training
synthetic-showcase-h100-4gpu-full-telemetry-v1,2026-01-15T14:09:09.000Z,549,0,474.99,1887,90.2,73.1,59864,81920,73.6,steady_training
synthetic-showcase-h100-4gpu-full-telemetry-v1,2026-01-15T14:09:09.002Z,549.002,1,479.99,1884,89.9,73.4,60109,81920,75.2,steady_training
synthetic-showcase-h100-4gpu-full-telemetry-v1,2026-01-15T14:09:09.004Z,549.004,2,507.49,1927,93,73.8,60430,81920,76,steady_training
synthetic-showcase-h100-4gpu-full-telemetry-v1,2026-01-15T14:09:09.006Z,549.006,3,527.87,1953,95.1,74.2,60791,81920,74.9,steady_training
synthetic-showcase-h100-4gpu-full-telemetry-v1,2026-01-15T14:09:10.000Z,550,0,473.19,1883,89.9,73.1,59892,81920,73.5,steady_training
synthetic-showcase-h100-4gpu-full-telemetry-v1,2026-01-15T14:09:10.002Z,550.002,1,481.27,1887,90.1,73.4,60143,81920,75.3,steady_training
synthetic-showcase-h100-4gpu-full-telemetry-v1,2026-01-15T14:09:10.004Z,550.004,2,509.33,1931,93.3,73.8,60470,81920,76.1,steady_training
synthetic-showcase-h100-4gpu-full-telemetry-v1,2026-01-15T14:09:10.006Z,550.006,3,527.5,1952,95,74.3,60831,81920,74.9,steady_training
synthetic-showcase-h100-4gpu-full-telemetry-v1,2026-01-15T14:09:11.000Z,551,0,471.67,1880,89.7,73.1,59920,81920,73.4,steady_training
synthetic-showcase-h100-4gpu-full-telemetry-v1,2026-01-15T14:09:11.002Z,551.002,1,482.82,1890,90.3,73.5,60178,81920,75.4,steady_training
synthetic-showcase-h100-4gpu-full-telemetry-v1,2026-01-15T14:09:11.004Z,551.004,2,510.97,1935,93.5,73.9,60511,81920,76.2,steady_training
synthetic-showcase-h100-4gpu-full-telemetry-v1,2026-01-15T14:09:11.006Z,551.006,3,526.94,1951,94.9,74.3,60870,81920,74.8,steady_training
synthetic-showcase-h100-4gpu-full-telemetry-v1,2026-01-15T14:09:12.000Z,552,0,470.49,1878,89.5,73.2,59949,81920,73.4,steady_training
synthetic-showcase-h100-4gpu-full-telemetry-v1,2026-01-15T14:09:12.002Z,552.002,1,484.58,1894,90.6,73.5,60213,81920,75.5,steady_training
synthetic-showcase-h100-4gpu-full-telemetry-v1,2026-01-15T14:09:12.004Z,552.004,2,512.35,1937,93.7,73.9,60552,81920,76.2,steady_training
synthetic-showcase-h100-4gpu-full-telemetry-v1,2026-01-15T14:09:12.006Z,552.006,3,526.25,1949,94.8,74.4,60910,81920,74.7,steady_training
synthetic-showcase-h100-4gpu-full-telemetry-v1,2026-01-15T14:09:13.000Z,553,0,469.66,1876,89.4,73.2,59978,81920,73.4,steady_training
synthetic-showcase-h100-4gpu-full-telemetry-v1,2026-01-15T14:09:13.002Z,553.002,1,486.49,1898,90.9,73.5,60250,81920,75.6,steady_training
synthetic-showcase-h100-4gpu-full-telemetry-v1,2026-01-15T14:09:13.004Z,553.004,2,513.46,1940,93.9,74,60592,81920,76.3,steady_training
synthetic-showcase-h100-4gpu-full-telemetry-v1,2026-01-15T14:09:13.006Z,553.006,3,525.48,1948,94.7,74.4,60949,81920,74.7,steady_training
synthetic-showcase-h100-4gpu-full-telemetry-v1,2026-01-15T14:09:14.000Z,554,0,469.2,1876,89.3,73.3,60008,81920,73.4,steady_training
synthetic-showcase-h100-4gpu-full-telemetry-v1,2026-01-15T14:09:14.002Z,554.002,1,488.48,1903,91.2,73.6,60287,81920,75.7,steady_training
synthetic-showcase-h100-4gpu-full-telemetry-v1,2026-01-15T14:09:14.004Z,554.004,2,514.3,1941,94,74,60633,81920,76.3,steady_training
synthetic-showcase-h100-4gpu-full-telemetry-v1,2026-01-15T14:09:14.006Z,554.006,3,524.68,1946,94.6,74.4,60987,81920,74.6,steady_training
synthetic-showcase-h100-4gpu-full-telemetry-v1,2026-01-15T14:09:15.000Z,555,0,469.11,1876,89.3,73.3,60039,81920,73.4,steady_training
synthetic-showcase-h100-4gpu-full-telemetry-v1,2026-01-15T14:09:15.002Z,555.002,1,490.5,1907,91.5,73.6,60324,81920,75.9,steady_training
synthetic-showcase-h100-4gpu-full-telemetry-v1,2026-01-15T14:09:15.004Z,555.004,2,514.86,1942,94.1,74.1,60675,81920,76.3,steady_training
synthetic-showcase-h100-4gpu-full-telemetry-v1,2026-01-15T14:09:15.006Z,555.006,3,523.9,1944,94.5,74.5,61025,81920,74.5,steady_training
synthetic-showcase-h100-4gpu-full-telemetry-v1,2026-01-15T14:09:16.000Z,556,0,469.4,1876,89.3,73.3,60070,81920,73.4,steady_training
synthetic-showcase-h100-4gpu-full-telemetry-v1,2026-01-15T14:09:16.002Z,556.002,1,492.48,1911,91.8,73.7,60362,81920,76,steady_training
synthetic-showcase-h100-4gpu-full-telemetry-v1,2026-01-15T14:09:16.004Z,556.004,2,515.17,1943,94.2,74.1,60716,81920,76.3,steady_training
synthetic-showcase-h100-4gpu-full-telemetry-v1,2026-01-15T14:09:16.006Z,556.006,3,523.19,1942,94.4,74.5,61063,81920,74.5,steady_training
synthetic-showcase-h100-4gpu-full-telemetry-v1,2026-01-15T14:09:17.000Z,557,0,470.03,1878,89.4,73.4,60102,81920,73.5,steady_training
synthetic-showcase-h100-4gpu-full-telemetry-v1,2026-01-15T14:09:17.002Z,557.002,1,494.37,1915,92,73.7,60401,81920,76.1,steady_training
synthetic-showcase-h100-4gpu-full-telemetry-v1,2026-01-15T14:09:17.004Z,557.004,2,515.24,1943,94.2,74.2,60757,81920,76.3,steady_training
synthetic-showcase-h100-4gpu-full-telemetry-v1,2026-01-15T14:09:17.006Z,557.006,3,522.58,1941,94.3,74.6,61100,81920,74.4,steady_training
synthetic-showcase-h100-4gpu-full-telemetry-v1,2026-01-15T14:09:18.000Z,558,0,470.98,1880,89.6,73.4,60134,81920,73.6,steady_training
synthetic-showcase-h100-4gpu-full-telemetry-v1,2026-01-15T14:09:18.002Z,558.002,1,496.12,1919,92.3,73.8,60440,81920,76.2,steady_training
synthetic-showcase-h100-4gpu-full-telemetry-v1,2026-01-15T14:09:18.004Z,558.004,2,515.11,1942,94.2,74.2,60798,81920,76.2,steady_training
synthetic-showcase-h100-4gpu-full-telemetry-v1,2026-01-15T14:09:18.006Z,558.006,3,522.11,1940,94.2,74.6,61137,81920,74.3,steady_training
synthetic-showcase-h100-4gpu-full-telemetry-v1,2026-01-15T14:09:19.000Z,559,0,472.2,1883,89.7,73.4,60167,81920,73.7,steady_training
synthetic-showcase-h100-4gpu-full-telemetry-v1,2026-01-15T14:09:19.002Z,559.002,1,497.68,1922,92.5,73.8,60479,81920,76.3,steady_training
synthetic-showcase-h100-4gpu-full-telemetry-v1,2026-01-15T14:09:19.004Z,559.004,2,514.83,1941,94.1,74.3,60839,81920,76.2,steady_training
synthetic-showcase-h100-4gpu-full-telemetry-v1,2026-01-15T14:09:19.006Z,559.006,3,521.79,1939,94.2,74.7,61172,81920,74.3,steady_training
synthetic-showcase-h100-4gpu-full-telemetry-v1,2026-01-15T14:09:20.000Z,560,0,473.64,1886,90,73.5,60201,81920,73.8,steady_training
synthetic-showcase-h100-4gpu-full-telemetry-v1,2026-01-15T14:09:20.002Z,560.002,1,499.02,1925,92.7,73.9,60519,81920,76.3,steady_training
synthetic-showcase-h100-4gpu-full-telemetry-v1,2026-01-15T14:09:20.004Z,560.004,2,514.44,1940,94.1,74.3,60880,81920,76.2,steady_training
synthetic-showcase-h100-4gpu-full-telemetry-v1,2026-01-15T14:09:20.006Z,560.006,3,521.64,1939,94.1,74.7,61208,81920,74.3,steady_training
synthetic-showcase-h100-4gpu-full-telemetry-v1,2026-01-15T14:09:21.000Z,561,0,475.25,1890,90.2,73.5,60235,81920,73.9,steady_training
synthetic-showcase-h100-4gpu-full-telemetry-v1,2026-01-15T14:09:21.002Z,561.002,1,500.13,1928,92.9,73.9,60560,81920,76.4,steady_training
synthetic-showcase-h100-4gpu-full-telemetry-v1,2026-01-15T14:09:21.004Z,561.004,2,514,1939,94,74.4,60920,81920,76.1,steady_training
synthetic-showcase-h100-4gpu-full-telemetry-v1,2026-01-15T14:09:21.006Z,561.006,3,521.65,1939,94.1,74.8,61243,81920,74.2,steady_training
synthetic-showcase-h100-4gpu-full-telemetry-v1,2026-01-15T14:09:22.000Z,562,0,476.96,1894,90.4,73.6,60270,81920,74,steady_training
synthetic-showcase-h100-4gpu-full-telemetry-v1,2026-01-15T14:09:22.002Z,562.002,1,500.99,1929,93,74,60600,81920,76.5,steady_training
synthetic-showcase-h100-4gpu-full-telemetry-v1,2026-01-15T14:09:22.004Z,562.004,2,513.54,1938,93.9,74.4,60960,81920,76.1,steady_training
synthetic-showcase-h100-4gpu-full-telemetry-v1,2026-01-15T14:09:22.006Z,562.006,3,521.8,1939,94.2,74.8,61277,81920,74.2,steady_training
synthetic-showcase-h100-4gpu-full-telemetry-v1,2026-01-15T14:09:23.000Z,563,0,478.71,1898,90.7,73.6,60306,81920,74.1,steady_training
synthetic-showcase-h100-4gpu-full-telemetry-v1,2026-01-15T14:09:23.002Z,563.002,1,501.61,1930,93.1,74,60641,81920,76.5,steady_training
synthetic-showcase-h100-4gpu-full-telemetry-v1,2026-01-15T14:09:23.004Z,563.004,2,513.13,1937,93.9,74.5,61000,81920,76,steady_training
synthetic-showcase-h100-4gpu-full-telemetry-v1,2026-01-15T14:09:23.006Z,563.006,3,522.07,1940,94.2,74.8,61310,81920,74.2,steady_training
synthetic-showcase-h100-4gpu-full-telemetry-v1,2026-01-15T14:09:24.000Z,564,0,480.45,1902,91,73.7,60342,81920,74.3,steady_training
synthetic-showcase-h100-4gpu-full-telemetry-v1,2026-01-15T14:09:24.002Z,564.002,1,502,1931,93.2,74.1,60683,81920,76.5,steady_training
synthetic-showcase-h100-4gpu-full-telemetry-v1,2026-01-15T14:09:24.004Z,564.004,2,512.8,1936,93.8,74.5,61040,81920,76,steady_training
synthetic-showcase-h100-4gpu-full-telemetry-v1,2026-01-15T14:09:24.006Z,564.006,3,522.44,1941,94.3,74.9,61343,81920,74.2,steady_training
synthetic-showcase-h100-4gpu-full-telemetry-v1,2026-01-15T14:09:25.000Z,565,0,482.12,1905,91.2,73.7,60379,81920,74.4,steady_training
synthetic-showcase-h100-4gpu-full-telemetry-v1,2026-01-15T14:09:25.002Z,565.002,1,502.19,1931,93.2,74.1,60724,81920,76.5,steady_training
synthetic-showcase-h100-4gpu-full-telemetry-v1,2026-01-15T14:09:25.004Z,565.004,2,512.58,1936,93.8,74.6,61079,81920,75.9,steady_training
synthetic-showcase-h100-4gpu-full-telemetry-v1,2026-01-15T14:09:25.006Z,565.006,3,522.84,1942,94.3,74.9,61376,81920,74.2,steady_training
synthetic-showcase-h100-4gpu-full-telemetry-v1,2026-01-15T14:09:26.000Z,566,0,483.66,1909,91.5,73.8,60417,81920,74.5,steady_training
synthetic-showcase-h100-4gpu-full-telemetry-v1,2026-01-15T14:09:26.002Z,566.002,1,502.22,1931,93.2,74.2,60765,81920,76.5,steady_training
synthetic-showcase-h100-4gpu-full-telemetry-v1,2026-01-15T14:09:26.004Z,566.004,2,512.52,1935,93.8,74.6,61118,81920,75.9,steady_training
synthetic-showcase-h100-4gpu-full-telemetry-v1,2026-01-15T14:09:26.006Z,566.006,3,523.25,1943,94.4,75,61407,81920,74.2,steady_training
synthetic-showcase-h100-4gpu-full-telemetry-v1,2026-01-15T14:09:27.000Z,567,0,485.05,1912,91.7,73.8,60455,81920,74.6,steady_training
synthetic-showcase-h100-4gpu-full-telemetry-v1,2026-01-15T14:09:27.002Z,567.002,1,502.12,1931,93.2,74.2,60807,81920,76.5,steady_training
synthetic-showcase-h100-4gpu-full-telemetry-v1,2026-01-15T14:09:27.004Z,567.004,2,512.62,1935,93.8,74.7,61156,81920,75.9,steady_training
synthetic-showcase-h100-4gpu-full-telemetry-v1,2026-01-15T14:09:27.006Z,567.006,3,523.6,1944,94.4,75,61439,81920,74.2,steady_training
synthetic-showcase-h100-4gpu-full-telemetry-v1,2026-01-15T14:09:28.000Z,568,0,486.25,1914,91.8,73.8,60494,81920,74.7,steady_training
synthetic-showcase-h100-4gpu-full-telemetry-v1,2026-01-15T14:09:28.002Z,568.002,1,501.95,1930,93.2,74.3,60849,81920,76.5,steady_training
synthetic-showcase-h100-4gpu-full-telemetry-v1,2026-01-15T14:09:28.004Z,568.004,2,512.89,1936,93.9,74.7,61194,81920,75.9,steady_training
synthetic-showcase-h100-4gpu-full-telemetry-v1,2026-01-15T14:09:28.006Z,568.006,3,523.84,1945,94.5,75,61470,81920,74.2,steady_training
synthetic-showcase-h100-4gpu-full-telemetry-v1,2026-01-15T14:09:29.000Z,569,0,487.24,1916,92,73.9,60533,81920,74.7,steady_training
synthetic-showcase-h100-4gpu-full-telemetry-v1,2026-01-15T14:09:29.002Z,569.002,1,501.74,1929,93.2,74.3,60890,81920,76.5,steady_training
synthetic-showcase-h100-4gpu-full-telemetry-v1,2026-01-15T14:09:29.004Z,569.004,2,513.32,1937,93.9,74.7,61231,81920,75.9,steady_training
synthetic-showcase-h100-4gpu-full-telemetry-v1,2026-01-15T14:09:29.006Z,569.006,3,523.93,1945,94.5,75.1,61500,81920,74.2,steady_training
synthetic-showcase-h100-4gpu-full-telemetry-v1,2026-01-15T14:09:30.000Z,570,0,488.02,1918,92.1,73.9,60573,81920,74.8,steady_training
synthetic-showcase-h100-4gpu-full-telemetry-v1,2026-01-15T14:09:30.002Z,570.002,1,501.55,1929,93.2,74.4,60932,81920,76.5,steady_training
synthetic-showcase-h100-4gpu-full-telemetry-v1,2026-01-15T14:09:30.004Z,570.004,2,513.9,1938,94,74.8,61268,81920,75.9,steady_training
synthetic-showcase-h100-4gpu-full-telemetry-v1,2026-01-15T14:09:30.006Z,570.006,3,523.81,1945,94.4,75.1,61530,81920,74.1,steady_training
synthetic-showcase-h100-4gpu-full-telemetry-v1,2026-01-15T14:09:31.000Z,571,0,488.59,1919,92.2,74,60613,81920,74.9,steady_training
synthetic-showcase-h100-4gpu-full-telemetry-v1,2026-01-15T14:09:31.002Z,571.002,1,501.43,1928,93.2,74.4,60973,81920,76.5,steady_training
synthetic-showcase-h100-4gpu-full-telemetry-v1,2026-01-15T14:09:31.004Z,571.004,2,514.6,1940,94.1,74.8,61304,81920,75.9,steady_training
synthetic-showcase-h100-4gpu-full-telemetry-v1,2026-01-15T14:09:31.006Z,571.006,3,523.45,1945,94.4,75.1,61559,81920,74.1,steady_training
synthetic-showcase-h100-4gpu-full-telemetry-v1,2026-01-15T14:09:32.000Z,572,0,488.96,1919,92.3,74,60654,81920,74.9,steady_training
synthetic-showcase-h100-4gpu-full-telemetry-v1,2026-01-15T14:09:32.002Z,572.002,1,501.42,1928,93.2,74.5,61014,81920,76.5,steady_training
synthetic-showcase-h100-4gpu-full-telemetry-v1,2026-01-15T14:09:32.004Z,572.004,2,515.38,1941,94.2,74.9,61340,81920,75.9,steady_training
synthetic-showcase-h100-4gpu-full-telemetry-v1,2026-01-15T14:09:32.006Z,572.006,3,522.81,1944,94.3,75.2,61588,81920,74,steady_training
synthetic-showcase-h100-4gpu-full-telemetry-v1,2026-01-15T14:09:33.000Z,573,0,489.16,1920,92.3,74.1,60695,81920,74.9,steady_training
synthetic-showcase-h100-4gpu-full-telemetry-v1,2026-01-15T14:09:33.002Z,573.002,1,501.55,1928,93.2,74.5,61055,81920,76.5,steady_training
synthetic-showcase-h100-4gpu-full-telemetry-v1,2026-01-15T14:09:33.004Z,573.004,2,516.2,1943,94.4,74.9,61374,81920,75.9,steady_training
synthetic-showcase-h100-4gpu-full-telemetry-v1,2026-01-15T14:09:33.006Z,573.006,3,521.87,1942,94.1,75.2,61617,81920,73.9,steady_training
synthetic-showcase-h100-4gpu-full-telemetry-v1,2026-01-15T14:09:34.000Z,574,0,489.23,1920,92.3,74.1,60736,81920,75,steady_training
synthetic-showcase-h100-4gpu-full-telemetry-v1,2026-01-15T14:09:34.002Z,574.002,1,501.84,1929,93.2,74.6,61096,81920,76.5,steady_training
synthetic-showcase-h100-4gpu-full-telemetry-v1,2026-01-15T14:09:34.004Z,574.004,2,517.01,1945,94.5,75,61409,81920,75.9,steady_training
synthetic-showcase-h100-4gpu-full-telemetry-v1,2026-01-15T14:09:34.006Z,574.006,3,520.62,1940,93.9,75.3,61645,81920,73.8,steady_training
synthetic-showcase-h100-4gpu-full-telemetry-v1,2026-01-15T14:09:35.000Z,575,0,489.21,1919,92.3,74.2,60778,81920,75,steady_training
synthetic-showcase-h100-4gpu-full-telemetry-v1,2026-01-15T14:09:35.002Z,575.002,1,502.32,1929,93.3,74.6,61136,81920,76.5,steady_training
synthetic-showcase-h100-4gpu-full-telemetry-v1,2026-01-15T14:09:35.004Z,575.004,2,517.75,1947,94.6,75,61443,81920,76,steady_training
synthetic-showcase-h100-4gpu-full-telemetry-v1,2026-01-15T14:09:35.006Z,575.006,3,519.06,1936,93.7,75.3,61673,81920,73.7,steady_training
synthetic-showcase-h100-4gpu-full-telemetry-v1,2026-01-15T14:09:36.000Z,576,0,489.14,1919,92.3,74.2,60820,81920,75,steady_training
synthetic-showcase-h100-4gpu-full-telemetry-v1,2026-01-15T14:09:36.002Z,576.002,1,502.98,1931,93.4,74.7,61176,81920,76.5,steady_training
synthetic-showcase-h100-4gpu-full-telemetry-v1,2026-01-15T14:09:36.004Z,576.004,2,518.37,1948,94.7,75,61476,81920,76,steady_training
synthetic-showcase-h100-4gpu-full-telemetry-v1,2026-01-15T14:09:36.006Z,576.006,3,517.21,1933,93.4,75.3,61701,81920,73.6,steady_training
synthetic-showcase-h100-4gpu-full-telemetry-v1,2026-01-15T14:09:37.000Z,577,0,489.07,1919,92.3,74.3,60862,81920,75,steady_training
synthetic-showcase-h100-4gpu-full-telemetry-v1,2026-01-15T14:09:37.002Z,577.002,1,503.82,1932,93.5,74.7,61215,81920,76.6,steady_training
synthetic-showcase-h100-4gpu-full-telemetry-v1,2026-01-15T14:09:37.004Z,577.004,2,518.81,1950,94.7,75.1,61508,81920,76,steady_training
synthetic-showcase-h100-4gpu-full-telemetry-v1,2026-01-15T14:09:37.006Z,577.006,3,515.1,1928,93.1,75.4,61729,81920,73.5,steady_training
synthetic-showcase-h100-4gpu-full-telemetry-v1,2026-01-15T14:09:38.000Z,578,0,489.06,1918,92.3,74.3,60904,81920,75.1,steady_training
synthetic-showcase-h100-4gpu-full-telemetry-v1,2026-01-15T14:09:38.002Z,578.002,1,504.81,1935,93.7,74.8,61254,81920,76.6,steady_training
synthetic-showcase-h100-4gpu-full-telemetry-v1,2026-01-15T14:09:38.004Z,578.004,2,519.03,1950,94.8,75.1,61541,81920,75.9,steady_training
synthetic-showcase-h100-4gpu-full-telemetry-v1,2026-01-15T14:09:38.006Z,578.006,3,512.75,1924,92.7,75.4,61756,81920,73.3,steady_training
synthetic-showcase-h100-4gpu-full-telemetry-v1,2026-01-15T14:09:39.000Z,579,0,489.14,1918,92.3,74.4,60946,81920,75.1,steady_training
synthetic-showcase-h100-4gpu-full-telemetry-v1,2026-01-15T14:09:39.002Z,579.002,1,505.94,1937,93.9,74.8,61293,81920,76.7,steady_training
synthetic-showcase-h100-4gpu-full-telemetry-v1,2026-01-15T14:09:39.004Z,579.004,2,518.98,1950,94.8,75.2,61572,81920,75.9,steady_training
synthetic-showcase-h100-4gpu-full-telemetry-v1,2026-01-15T14:09:39.006Z,579.006,3,510.23,1918,92.3,75.4,61784,81920,73.1,steady_training
synthetic-showcase-h100-4gpu-full-telemetry-v1,2026-01-15T14:09:40.000Z,580,0,489.36,1918,92.4,74.4,60988,81920,75.1,steady_training
synthetic-showcase-h100-4gpu-full-telemetry-v1,2026-01-15T14:09:40.002Z,580.002,1,507.15,1940,94,74.9,61331,81920,76.7,steady_training
synthetic-showcase-h100-4gpu-full-telemetry-v1,2026-01-15T14:09:40.004Z,580.004,2,518.64,1950,94.7,75.2,61603,81920,75.9,steady_training
synthetic-showcase-h100-4gpu-full-telemetry-v1,2026-01-15T14:09:40.006Z,580.006,3,507.58,1913,91.9,75.5,61811,81920,73,steady_training
synthetic-showcase-h100-4gpu-full-telemetry-v1,2026-01-15T14:09:41.000Z,581,0,489.75,1919,92.4,74.5,61030,81920,75.2,steady_training
synthetic-showcase-h100-4gpu-full-telemetry-v1,2026-01-15T14:09:41.002Z,581.002,1,508.4,1942,94.2,74.9,61369,81920,76.8,steady_training
synthetic-showcase-h100-4gpu-full-telemetry-v1,2026-01-15T14:09:41.004Z,581.004,2,517.97,1948,94.6,75.2,61634,81920,75.8,steady_training
synthetic-showcase-h100-4gpu-full-telemetry-v1,2026-01-15T14:09:41.006Z,581.006,3,504.86,1907,91.5,75.5,61839,81920,72.8,steady_training
synthetic-showcase-h100-4gpu-full-telemetry-v1,2026-01-15T14:09:42.000Z,582,0,490.33,1920,92.5,74.6,61072,81920,75.2,steady_training
synthetic-showcase-h100-4gpu-full-telemetry-v1,2026-01-15T14:09:42.002Z,582.002,1,509.63,1945,94.4,75,61406,81920,76.9,steady_training
synthetic-showcase-h100-4gpu-full-telemetry-v1,2026-01-15T14:09:42.004Z,582.004,2,516.96,1947,94.4,75.3,61664,81920,75.7,steady_training
synthetic-showcase-h100-4gpu-full-telemetry-v1,2026-01-15T14:09:42.006Z,582.006,3,502.15,1902,91.1,75.5,61867,81920,72.6,steady_training
synthetic-showcase-h100-4gpu-full-telemetry-v1,2026-01-15T14:09:43.000Z,583,0,491.11,1922,92.6,74.6,61114,81920,75.3,steady_training
synthetic-showcase-h100-4gpu-full-telemetry-v1,2026-01-15T14:09:43.002Z,583.002,1,510.8,1947,94.6,75,61442,81920,76.9,steady_training
synthetic-showcase-h100-4gpu-full-telemetry-v1,2026-01-15T14:09:43.004Z,583.004,2,515.62,1944,94.2,75.3,61694,81920,75.6,steady_training
synthetic-showcase-h100-4gpu-full-telemetry-v1,2026-01-15T14:09:43.006Z,583.006,3,499.51,1896,90.7,75.6,61895,81920,72.5,steady_training
synthetic-showcase-h100-4gpu-full-telemetry-v1,2026-01-15T14:09:44.000Z,584,0,492.11,1924,92.8,74.7,61155,81920,75.3,steady_training
synthetic-showcase-h100-4gpu-full-telemetry-v1,2026-01-15T14:09:44.002Z,584.002,1,511.84,1950,94.7,75,61478,81920,77,steady_training
synthetic-showcase-h100-4gpu-full-telemetry-v1,2026-01-15T14:09:44.004Z,584.004,2,513.96,1940,94,75.3,61723,81920,75.5,steady_training
synthetic-showcase-h100-4gpu-full-telemetry-v1,2026-01-15T14:09:44.006Z,584.006,3,496.99,1891,90.3,75.6,61923,81920,72.3,steady_training
synthetic-showcase-h100-4gpu-full-telemetry-v1,2026-01-15T14:09:45.000Z,585,0,493.3,1926,93,74.7,61197,81920,75.4,steady_training
synthetic-showcase-h100-4gpu-full-telemetry-v1,2026-01-15T14:09:45.002Z,585.002,1,512.69,1952,94.9,75.1,61513,81920,77,steady_training
synthetic-showcase-h100-4gpu-full-telemetry-v1,2026-01-15T14:09:45.004Z,585.004,2,512,1936,93.7,75.4,61752,81920,75.4,steady_training
synthetic-showcase-h100-4gpu-full-telemetry-v1,2026-01-15T14:09:45.006Z,585.006,3,494.68,1886,90,75.6,61951,81920,72.1,steady_training
synthetic-showcase-h100-4gpu-full-telemetry-v1,2026-01-15T14:09:46.000Z,586,0,494.66,1929,93.2,74.8,61238,81920,75.5,steady_training
synthetic-showcase-h100-4gpu-full-telemetry-v1,2026-01-15T14:09:46.002Z,586.002,1,513.31,1953,95,75.1,61548,81920,77,steady_training
synthetic-showcase-h100-4gpu-full-telemetry-v1,2026-01-15T14:09:46.004Z,586.004,2,509.78,1932,93.3,75.4,61781,81920,75.2,steady_training
synthetic-showcase-h100-4gpu-full-telemetry-v1,2026-01-15T14:09:46.006Z,586.006,3,492.61,1882,89.6,75.7,61980,81920,72,steady_training
synthetic-showcase-h100-4gpu-full-telemetry-v1,2026-01-15T14:09:47.000Z,587,0,496.17,1932,93.4,74.8,61278,81920,75.6,steady_training
synthetic-showcase-h100-4gpu-full-telemetry-v1,2026-01-15T14:09:47.002Z,587.002,1,513.66,1954,95,75.2,61582,81920,77.1,steady_training
synthetic-showcase-h100-4gpu-full-telemetry-v1,2026-01-15T14:09:47.004Z,587.004,2,507.34,1927,93,75.5,61809,81920,75,steady_training
synthetic-showcase-h100-4gpu-full-telemetry-v1,2026-01-15T14:09:47.006Z,587.006,3,490.83,1878,89.4,75.7,62010,81920,71.9,steady_training
synthetic-showcase-h100-4gpu-full-telemetry-v1,2026-01-15T14:09:48.000Z,588,0,497.78,1935,93.7,74.9,61319,81920,75.7,steady_training
synthetic-showcase-h100-4gpu-full-telemetry-v1,2026-01-15T14:09:48.002Z,588.002,1,513.68,1954,95,75.2,61615,81920,77,steady_training
synthetic-showcase-h100-4gpu-full-telemetry-v1,2026-01-15T14:09:48.004Z,588.004,2,504.75,1921,92.6,75.5,61838,81920,74.9,steady_training
synthetic-showcase-h100-4gpu-full-telemetry-v1,2026-01-15T14:09:48.006Z,588.006,3,489.38,1876,89.2,75.7,62039,81920,71.8,steady_training
synthetic-showcase-h100-4gpu-full-telemetry-v1,2026-01-15T14:09:49.000Z,589,0,499.45,1939,93.9,74.9,61359,81920,75.8,steady_training
synthetic-showcase-h100-4gpu-full-telemetry-v1,2026-01-15T14:09:49.002Z,589.002,1,513.36,1954,95,75.3,61648,81920,77,steady_training
synthetic-showcase-h100-4gpu-full-telemetry-v1,2026-01-15T14:09:49.004Z,589.004,2,502.07,1916,92.2,75.5,61866,81920,74.7,steady_training
synthetic-showcase-h100-4gpu-full-telemetry-v1,2026-01-15T14:09:49.006Z,589.006,3,488.27,1873,89,75.8,62069,81920,71.7,steady_training
synthetic-showcase-h100-4gpu-full-telemetry-v1,2026-01-15T14:09:50.000Z,590,0,501.1,1942,94.2,74.9,61398,81920,76,steady_training
synthetic-showcase-h100-4gpu-full-telemetry-v1,2026-01-15T14:09:50.002Z,590.002,1,512.69,1952,94.9,75.3,61680,81920,77,steady_training
synthetic-showcase-h100-4gpu-full-telemetry-v1,2026-01-15T14:09:50.004Z,590.004,2,499.35,1910,91.8,75.6,61894,81920,74.5,steady_training
synthetic-showcase-h100-4gpu-full-telemetry-v1,2026-01-15T14:09:50.006Z,590.006,3,487.53,1872,88.9,75.8,62100,81920,71.6,steady_training
synthetic-showcase-h100-4gpu-full-telemetry-v1,2026-01-15T14:09:51.000Z,591,0,502.7,1946,94.4,75,61437,81920,76.1,steady_training
synthetic-showcase-h100-4gpu-full-telemetry-v1,2026-01-15T14:09:51.002Z,591.002,1,511.66,1950,94.7,75.3,61712,81920,76.9,steady_training
synthetic-showcase-h100-4gpu-full-telemetry-v1,2026-01-15T14:09:51.004Z,591.004,2,496.68,1905,91.3,75.6,61922,81920,74.3,steady_training
synthetic-showcase-h100-4gpu-full-telemetry-v1,2026-01-15T14:09:51.006Z,591.006,3,487.14,1871,88.8,75.8,62131,81920,71.6,steady_training
synthetic-showcase-h100-4gpu-full-telemetry-v1,2026-01-15T14:09:52.000Z,592,0,504.17,1949,94.6,75,61475,81920,76.2,steady_training
synthetic-showcase-h100-4gpu-full-telemetry-v1,2026-01-15T14:09:52.002Z,592.002,1,510.28,1947,94.5,75.4,61744,81920,76.8,steady_training
synthetic-showcase-h100-4gpu-full-telemetry-v1,2026-01-15T14:09:52.004Z,592.004,2,494.1,1899,90.9,75.6,61951,81920,74.2,steady_training
synthetic-showcase-h100-4gpu-full-telemetry-v1,2026-01-15T14:09:52.006Z,592.006,3,487.09,1871,88.8,75.9,62163,81920,71.6,steady_training
synthetic-showcase-h100-4gpu-full-telemetry-v1,2026-01-15T14:09:53.000Z,593,0,505.45,1952,94.8,75.1,61513,81920,76.3,steady_training
synthetic-showcase-h100-4gpu-full-telemetry-v1,2026-01-15T14:09:53.002Z,593.002,1,508.58,1944,94.2,75.4,61775,81920,76.7,steady_training
synthetic-showcase-h100-4gpu-full-telemetry-v1,2026-01-15T14:09:53.004Z,593.004,2,491.69,1894,90.6,75.7,61979,81920,74,steady_training
synthetic-showcase-h100-4gpu-full-telemetry-v1,2026-01-15T14:09:53.006Z,593.006,3,487.36,1872,88.8,75.9,62195,81920,71.6,steady_training
synthetic-showcase-h100-4gpu-full-telemetry-v1,2026-01-15T14:09:54.000Z,594,0,506.5,1954,95,75.1,61550,81920,76.3,steady_training
synthetic-showcase-h100-4gpu-full-telemetry-v1,2026-01-15T14:09:54.002Z,594.002,1,506.6,1940,93.9,75.4,61805,81920,76.6,steady_training
synthetic-showcase-h100-4gpu-full-telemetry-v1,2026-01-15T14:09:54.004Z,594.004,2,489.49,1890,90.2,75.7,62007,81920,73.8,steady_training
synthetic-showcase-h100-4gpu-full-telemetry-v1,2026-01-15T14:09:54.006Z,594.006,3,487.9,1873,88.9,76,62228,81920,71.6,steady_training
synthetic-showcase-h100-4gpu-full-telemetry-v1,2026-01-15T14:09:55.000Z,595,0,507.27,1956,95.1,75.2,61587,81920,76.4,steady_training
synthetic-showcase-h100-4gpu-full-telemetry-v1,2026-01-15T14:09:55.002Z,595.002,1,504.37,1935,93.6,75.5,61835,81920,76.5,steady_training
synthetic-showcase-h100-4gpu-full-telemetry-v1,2026-01-15T14:09:55.004Z,595.004,2,487.56,1886,89.9,75.7,62036,81920,73.7,steady_training
synthetic-showcase-h100-4gpu-full-telemetry-v1,2026-01-15T14:09:55.006Z,595.006,3,488.68,1875,89,76,62262,81920,71.6,steady_training
synthetic-showcase-h100-4gpu-full-telemetry-v1,2026-01-15T14:09:56.000Z,596,0,507.71,1956,95.2,75.2,61623,81920,76.4,steady_training
synthetic-showcase-h100-4gpu-full-telemetry-v1,2026-01-15T14:09:56.002Z,596.002,1,501.96,1930,93.2,75.5,61865,81920,76.3,steady_training
synthetic-showcase-h100-4gpu-full-telemetry-v1,2026-01-15T14:09:56.004Z,596.004,2,485.92,1883,89.7,75.8,62065,81920,73.6,steady_training
synthetic-showcase-h100-4gpu-full-telemetry-v1,2026-01-15T14:09:56.006Z,596.006,3,489.64,1877,89.2,76,62296,81920,71.6,steady_training
synthetic-showcase-h100-4gpu-full-telemetry-v1,2026-01-15T14:09:57.000Z,597,0,507.81,1957,95.2,75.3,61659,81920,76.5,steady_training
synthetic-showcase-h100-4gpu-full-telemetry-v1,2026-01-15T14:09:57.002Z,597.002,1,499.42,1925,92.8,75.6,61895,81920,76.2,steady_training
synthetic-showcase-h100-4gpu-full-telemetry-v1,2026-01-15T14:09:57.004Z,597.004,2,484.61,1880,89.5,75.8,62094,81920,73.5,steady_training
synthetic-showcase-h100-4gpu-full-telemetry-v1,2026-01-15T14:09:57.006Z,597.006,3,490.72,1880,89.3,76.1,62331,81920,71.7,steady_training
synthetic-showcase-h100-4gpu-full-telemetry-v1,2026-01-15T14:09:58.000Z,598,0,507.53,1956,95.1,75.3,61694,81920,76.5,steady_training
synthetic-showcase-h100-4gpu-full-telemetry-v1,2026-01-15T14:09:58.002Z,598.002,1,496.83,1919,92.4,75.6,61924,81920,76,steady_training
synthetic-showcase-h100-4gpu-full-telemetry-v1,2026-01-15T14:09:58.004Z,598.004,2,483.63,1878,89.3,75.8,62124,81920,73.4,steady_training
synthetic-showcase-h100-4gpu-full-telemetry-v1,2026-01-15T14:09:58.006Z,598.006,3,491.87,1882,89.5,76.1,62367,81920,71.7,steady_training
synthetic-showcase-h100-4gpu-full-telemetry-v1,2026-01-15T14:09:59.000Z,599,0,506.88,1955,95,75.4,61728,81920,76.4,steady_training
synthetic-showcase-h100-4gpu-full-telemetry-v1,2026-01-15T14:09:59.002Z,599.002,1,494.23,1914,92,75.6,61953,81920,75.8,steady_training
synthetic-showcase-h100-4gpu-full-telemetry-v1,2026-01-15T14:09:59.004Z,599.004,2,482.99,1877,89.2,75.9,62154,81920,73.3,steady_training
synthetic-showcase-h100-4gpu-full-telemetry-v1,2026-01-15T14:09:59.006Z,599.006,3,493.04,1885,89.7,76.2,62403,81920,71.8,steady_training
synthetic-showcase-h100-4gpu-full-telemetry-v1,2026-01-15T14:10:00.000Z,600,0,505.87,1953,94.9,75.4,61762,81920,76.4,steady_training
synthetic-showcase-h100-4gpu-full-telemetry-v1,2026-01-15T14:10:00.002Z,600.002,1,491.71,1909,91.7,75.7,61982,81920,75.7,steady_training
synthetic-showcase-h100-4gpu-full-telemetry-v1,2026-01-15T14:10:00.004Z,600.004,2,482.66,1877,89.2,75.9,62184,81920,73.3,steady_training
synthetic-showcase-h100-4gpu-full-telemetry-v1,2026-01-15T14:10:00.006Z,600.006,3,494.17,1887,89.8,76.2,62440,81920,71.8,steady_training
synthetic-showcase-h100-4gpu-full-telemetry-v1,2026-01-15T14:10:01.000Z,601,0,504.52,1950,94.7,75.4,61795,81920,76.3,steady_training
synthetic-showcase-h100-4gpu-full-telemetry-v1,2026-01-15T14:10:01.002Z,601.002,1,489.32,1904,91.3,75.7,62011,81920,75.5,steady_training
synthetic-showcase-h100-4gpu-full-telemetry-v1,2026-01-15T14:10:01.004Z,601.004,2,482.63,1877,89.2,75.9,62215,81920,73.3,steady_training
synthetic-showcase-h100-4gpu-full-telemetry-v1,2026-01-15T14:10:01.006Z,601.006,3,495.22,1890,90,76.3,62478,81920,71.8,steady_training
synthetic-showcase-h100-4gpu-full-telemetry-v1,2026-01-15T14:10:02.000Z,602,0,502.86,1946,94.4,75.5,61828,81920,76.3,steady_training
synthetic-showcase-h100-4gpu-full-telemetry-v1,2026-01-15T14:10:02.002Z,602.002,1,487.11,1899,91,75.7,62040,81920,75.4,steady_training
synthetic-showcase-h100-4gpu-full-telemetry-v1,2026-01-15T14:10:02.004Z,602.004,2,482.86,1877,89.2,76,62247,81920,73.2,steady_training
synthetic-showcase-h100-4gpu-full-telemetry-v1,2026-01-15T14:10:02.006Z,602.006,3,496.15,1892,90.1,76.3,62516,81920,71.9,steady_training
synthetic-showcase-h100-4gpu-full-telemetry-v1,2026-01-15T14:10:03.000Z,603,0,500.94,1942,94.1,75.5,61860,81920,76.2,steady_training
synthetic-showcase-h100-4gpu-full-telemetry-v1,2026-01-15T14:10:03.002Z,603.002,1,485.14,1895,90.7,75.8,62069,81920,75.3,steady_training
synthetic-showcase-h100-4gpu-full-telemetry-v1,2026-01-15T14:10:03.004Z,603.004,2,483.31,1879,89.3,76,62279,81920,73.2,steady_training
synthetic-showcase-h100-4gpu-full-telemetry-v1,2026-01-15T14:10:03.006Z,603.006,3,496.93,1893,90.3,76.4,62555,81920,71.9,steady_training
synthetic-showcase-h100-4gpu-full-telemetry-v1,2026-01-15T14:10:04.000Z,604,0,498.81,1938,93.8,75.6,61892,81920,76.1,steady_training
synthetic-showcase-h100-4gpu-full-telemetry-v1,2026-01-15T14:10:04.002Z,604.002,1,483.43,1892,90.4,75.8,62097,81920,75.2,steady_training
synthetic-showcase-h100-4gpu-full-telemetry-v1,2026-01-15T14:10:04.004Z,604.004,2,483.92,1880,89.4,76.1,62312,81920,73.2,steady_training
synthetic-showcase-h100-4gpu-full-telemetry-v1,2026-01-15T14:10:04.006Z,604.006,3,497.56,1895,90.4,76.4,62595,81920,71.9,steady_training
synthetic-showcase-h100-4gpu-full-telemetry-v1,2026-01-15T14:10:05.000Z,605,0,496.53,1933,93.5,75.6,61923,81920,75.9,steady_training
synthetic-showcase-h100-4gpu-full-telemetry-v1,2026-01-15T14:10:05.002Z,605.002,1,482.01,1889,90.2,75.8,62126,81920,75.1,steady_training
synthetic-showcase-h100-4gpu-full-telemetry-v1,2026-01-15T14:10:05.004Z,605.004,2,484.65,1882,89.5,76.1,62345,81920,73.3,steady_training
synthetic-showcase-h100-4gpu-full-telemetry-v1,2026-01-15T14:10:05.006Z,605.006,3,498.01,1895,90.4,76.5,62635,81920,71.9,steady_training
synthetic-showcase-h100-4gpu-full-telemetry-v1,2026-01-15T14:10:06.000Z,606,0,494.16,1928,93.1,75.6,61954,81920,75.8,steady_training
synthetic-showcase-h100-4gpu-full-telemetry-v1,2026-01-15T14:10:06.002Z,606.002,1,480.9,1887,90,75.9,62156,81920,75,steady_training
synthetic-showcase-h100-4gpu-full-telemetry-v1,2026-01-15T14:10:06.004Z,606.004,2,485.45,1884,89.6,76.1,62379,81920,73.3,steady_training
synthetic-showcase-h100-4gpu-full-telemetry-v1,2026-01-15T14:10:06.006Z,606.006,3,498.31,1896,90.5,76.5,62676,81920,71.9,steady_training
synthetic-showcase-h100-4gpu-full-telemetry-v1,2026-01-15T14:10:07.000Z,607,0,491.77,1923,92.7,75.7,61985,81920,75.7,steady_training
synthetic-showcase-h100-4gpu-full-telemetry-v1,2026-01-15T14:10:07.002Z,607.002,1,480.09,1885,89.9,75.9,62185,81920,74.9,steady_training
synthetic-showcase-h100-4gpu-full-telemetry-v1,2026-01-15T14:10:07.004Z,607.004,2,486.25,1885,89.7,76.2,62413,81920,73.3,steady_training
synthetic-showcase-h100-4gpu-full-telemetry-v1,2026-01-15T14:10:07.006Z,607.006,3,498.46,1896,90.5,76.6,62718,81920,71.9,steady_training
synthetic-showcase-h100-4gpu-full-telemetry-v1,2026-01-15T14:10:08.000Z,608,0,489.41,1918,92.4,75.7,62015,81920,75.6,steady_training
synthetic-showcase-h100-4gpu-full-telemetry-v1,2026-01-15T14:10:08.002Z,608.002,1,479.57,1884,89.8,75.9,62215,81920,74.9,steady_training
synthetic-showcase-h100-4gpu-full-telemetry-v1,2026-01-15T14:10:08.004Z,608.004,2,487.01,1887,89.8,76.2,62449,81920,73.3,steady_training
synthetic-showcase-h100-4gpu-full-telemetry-v1,2026-01-15T14:10:08.006Z,608.006,3,498.5,1896,90.5,76.6,62760,81920,71.9,steady_training
synthetic-showcase-h100-4gpu-full-telemetry-v1,2026-01-15T14:10:09.000Z,609,0,487.16,1913,92,75.7,62045,81920,75.5,steady_training
synthetic-showcase-h100-4gpu-full-telemetry-v1,2026-01-15T14:10:09.002Z,609.002,1,479.32,1884,89.7,76,62245,81920,74.9,steady_training
synthetic-showcase-h100-4gpu-full-telemetry-v1,2026-01-15T14:10:09.004Z,609.004,2,487.69,1889,89.9,76.3,62485,81920,73.3,steady_training
synthetic-showcase-h100-4gpu-full-telemetry-v1,2026-01-15T14:10:09.006Z,609.006,3,498.46,1895,90.5,76.7,62802,81920,71.9,steady_training
synthetic-showcase-h100-4gpu-full-telemetry-v1,2026-01-15T14:10:10.000Z,610,0,485.06,1909,91.7,75.8,62075,81920,75.4,steady_training
synthetic-showcase-h100-4gpu-full-telemetry-v1,2026-01-15T14:10:10.002Z,610.002,1,479.31,1884,89.7,76,62275,81920,74.8,steady_training
synthetic-showcase-h100-4gpu-full-telemetry-v1,2026-01-15T14:10:10.004Z,610.004,2,488.26,1890,90,76.3,62521,81920,73.3,steady_training
synthetic-showcase-h100-4gpu-full-telemetry-v1,2026-01-15T14:10:10.006Z,610.006,3,498.38,1895,90.5,76.7,62845,81920,71.9,steady_training
synthetic-showcase-h100-4gpu-full-telemetry-v1,2026-01-15T14:10:11.000Z,611,0,483.16,1905,91.4,75.8,62105,81920,75.3,steady_training
synthetic-showcase-h100-4gpu-full-telemetry-v1,2026-01-15T14:10:11.002Z,611.002,1,479.49,1885,89.8,76.1,62306,81920,74.8,steady_training
synthetic-showcase-h100-4gpu-full-telemetry-v1,2026-01-15T14:10:11.004Z,611.004,2,488.69,1891,90.1,76.4,62559,81920,73.3,steady_training
synthetic-showcase-h100-4gpu-full-telemetry-v1,2026-01-15T14:10:11.006Z,611.006,3,498.32,1895,90.5,76.8,62888,81920,71.9,steady_training
synthetic-showcase-h100-4gpu-full-telemetry-v1,2026-01-15T14:10:12.000Z,612,0,481.49,1902,91.2,75.8,62134,81920,75.2,steady_training
synthetic-showcase-h100-4gpu-full-telemetry-v1,2026-01-15T14:10:12.002Z,612.002,1,479.81,1886,89.8,76.1,62338,81920,74.8,steady_training
synthetic-showcase-h100-4gpu-full-telemetry-v1,2026-01-15T14:10:12.004Z,612.004,2,488.96,1891,90.1,76.4,62597,81920,73.3,steady_training
synthetic-showcase-h100-4gpu-full-telemetry-v1,2026-01-15T14:10:12.006Z,612.006,3,498.32,1894,90.5,76.8,62931,81920,71.8,steady_training
synthetic-showcase-h100-4gpu-full-telemetry-v1,2026-01-15T14:10:13.000Z,613,0,480.08,1899,91,75.9,62164,81920,75.1,steady_training
synthetic-showcase-h100-4gpu-full-telemetry-v1,2026-01-15T14:10:13.002Z,613.002,1,480.24,1887,89.9,76.1,62369,81920,74.8,steady_training
synthetic-showcase-h100-4gpu-full-telemetry-v1,2026-01-15T14:10:13.004Z,613.004,2,489.08,1892,90.1,76.5,62636,81920,73.3,steady_training
synthetic-showcase-h100-4gpu-full-telemetry-v1,2026-01-15T14:10:13.006Z,613.006,3,498.42,1894,90.5,76.9,62975,81920,71.8,steady_training
synthetic-showcase-h100-4gpu-full-telemetry-v1,2026-01-15T14:10:14.000Z,614,0,478.95,1897,90.8,75.9,62193,81920,75.1,steady_training
synthetic-showcase-h100-4gpu-full-telemetry-v1,2026-01-15T14:10:14.002Z,614.002,1,480.7,1888,89.9,76.2,62402,81920,74.9,steady_training
synthetic-showcase-h100-4gpu-full-telemetry-v1,2026-01-15T14:10:14.004Z,614.004,2,489.05,1891,90.1,76.5,62675,81920,73.2,steady_training
synthetic-showcase-h100-4gpu-full-telemetry-v1,2026-01-15T14:10:14.006Z,614.006,3,498.69,1894,90.6,76.9,63019,81920,71.8,steady_training
synthetic-showcase-h100-4gpu-full-telemetry-v1,2026-01-15T14:10:15.000Z,615,0,478.08,1895,90.6,76,62223,81920,75,steady_training
synthetic-showcase-h100-4gpu-full-telemetry-v1,2026-01-15T14:10:15.002Z,615.002,1,481.17,1889,90,76.2,62435,81920,74.9,steady_training
synthetic-showcase-h100-4gpu-full-telemetry-v1,2026-01-15T14:10:15.004Z,615.004,2,488.9,1891,90.1,76.6,62715,81920,73.2,steady_training
synthetic-showcase-h100-4gpu-full-telemetry-v1,2026-01-15T14:10:15.006Z,615.006,3,499.14,1895,90.7,77,63063,81920,71.8,steady_training
synthetic-showcase-h100-4gpu-full-telemetry-v1,2026-01-15T14:10:16.000Z,616,0,477.48,1894,90.5,76,62252,81920,75,steady_training
synthetic-showcase-h100-4gpu-full-telemetry-v1,2026-01-15T14:10:16.002Z,616.002,1,481.58,1890,90.1,76.3,62469,81920,74.9,steady_training
synthetic-showcase-h100-4gpu-full-telemetry-v1,2026-01-15T14:10:16.004Z,616.004,2,488.65,1890,90.1,76.6,62756,81920,73.2,steady_training
synthetic-showcase-h100-4gpu-full-telemetry-v1,2026-01-15T14:10:16.006Z,616.006,3,499.83,1896,90.8,77,63107,81920,71.9,steady_training
synthetic-showcase-h100-4gpu-full-telemetry-v1,2026-01-15T14:10:17.000Z,617,0,477.11,1893,90.5,76,62282,81920,75,steady_training
synthetic-showcase-h100-4gpu-full-telemetry-v1,2026-01-15T14:10:17.002Z,617.002,1,481.91,1891,90.1,76.3,62503,81920,74.9,steady_training
synthetic-showcase-h100-4gpu-full-telemetry-v1,2026-01-15T14:10:17.004Z,617.004,2,488.34,1889,90,76.7,62797,81920,73.1,steady_training
synthetic-showcase-h100-4gpu-full-telemetry-v1,2026-01-15T14:10:17.006Z,617.006,3,500.77,1898,90.9,77.1,63151,81920,71.9,steady_training
synthetic-showcase-h100-4gpu-full-telemetry-v1,2026-01-15T14:10:18.000Z,618,0,476.94,1893,90.5,76.1,62312,81920,75,steady_training
synthetic-showcase-h100-4gpu-full-telemetry-v1,2026-01-15T14:10:18.002Z,618.002,1,482.11,1892,90.1,76.3,62538,81920,74.9,steady_training
synthetic-showcase-h100-4gpu-full-telemetry-v1,2026-01-15T14:10:18.004Z,618.004,2,488.02,1888,90,76.7,62839,81920,73.1,steady_training
synthetic-showcase-h100-4gpu-full-telemetry-v1,2026-01-15T14:10:18.006Z,618.006,3,501.97,1900,91.1,77.1,63195,81920,72,steady_training
synthetic-showcase-h100-4gpu-full-telemetry-v1,2026-01-15T14:10:19.000Z,619,0,476.95,1894,90.5,76.1,62342,81920,75,steady_training
synthetic-showcase-h100-4gpu-full-telemetry-v1,2026-01-15T14:10:19.002Z,619.002,1,482.17,1892,90.1,76.4,62573,81920,74.8,steady_training
synthetic-showcase-h100-4gpu-full-telemetry-v1,2026-01-15T14:10:19.004Z,619.004,2,487.74,1887,90,76.8,62881,81920,73,steady_training
synthetic-showcase-h100-4gpu-full-telemetry-v1,2026-01-15T14:10:19.006Z,619.006,3,503.44,1903,91.3,77.2,63239,81920,72,steady_training
synthetic-showcase-h100-4gpu-full-telemetry-v1,2026-01-15T14:10:20.000Z,620,0,477.07,1894,90.5,76.1,62373,81920,75,steady_training
synthetic-showcase-h100-4gpu-full-telemetry-v1,2026-01-15T14:10:20.002Z,620.002,1,482.07,1891,90.1,76.4,62610,81920,74.8,steady_training
synthetic-showcase-h100-4gpu-full-telemetry-v1,2026-01-15T14:10:20.004Z,620.004,2,487.55,1887,89.9,76.8,62924,81920,73,steady_training
synthetic-showcase-h100-4gpu-full-telemetry-v1,2026-01-15T14:10:20.006Z,620.006,3,505.17,1907,91.6,77.3,63283,81920,72.1,steady_training
synthetic-showcase-h100-4gpu-full-telemetry-v1,2026-01-15T14:10:21.000Z,621,0,477.26,1895,90.5,76.2,62404,81920,75,steady_training
synthetic-showcase-h100-4gpu-full-telemetry-v1,2026-01-15T14:10:21.002Z,621.002,1,481.83,1891,90.1,76.5,62647,81920,74.8,steady_training
synthetic-showcase-h100-4gpu-full-telemetry-v1,2026-01-15T14:10:21.004Z,621.004,2,487.49,1886,89.9,76.9,62967,81920,72.9,steady_training
synthetic-showcase-h100-4gpu-full-telemetry-v1,2026-01-15T14:10:21.006Z,621.006,3,507.13,1911,91.9,77.3,63327,81920,72.2,steady_training
synthetic-showcase-h100-4gpu-full-telemetry-v1,2026-01-15T14:10:22.000Z,622,0,477.47,1895,90.5,76.2,62435,81920,75.1,steady_training
synthetic-showcase-h100-4gpu-full-telemetry-v1,2026-01-15T14:10:22.002Z,622.002,1,481.44,1890,90,76.5,62684,81920,74.7,steady_training
synthetic-showcase-h100-4gpu-full-telemetry-v1,2026-01-15T14:10:22.004Z,622.004,2,487.62,1886,90,76.9,63010,81920,72.9,steady_training
synthetic-showcase-h100-4gpu-full-telemetry-v1,2026-01-15T14:10:22.006Z,622.006,3,509.28,1915,92.2,77.4,63371,81920,72.3,steady_training
synthetic-showcase-h100-4gpu-full-telemetry-v1,2026-01-15T14:10:23.000Z,623,0,477.66,1896,90.5,76.3,62467,81920,75.1,steady_training
synthetic-showcase-h100-4gpu-full-telemetry-v1,2026-01-15T14:10:23.002Z,623.002,1,480.93,1889,90,76.6,62723,81920,74.7,steady_training
synthetic-showcase-h100-4gpu-full-telemetry-v1,2026-01-15T14:10:23.004Z,623.004,2,487.97,1887,90,77,63054,81920,72.9,steady_training
synthetic-showcase-h100-4gpu-full-telemetry-v1,2026-01-15T14:10:23.006Z,623.006,3,511.59,1920,92.6,77.4,63414,81920,72.4,steady_training
synthetic-showcase-h100-4gpu-full-telemetry-v1,2026-01-15T14:10:24.000Z,624,0,477.77,1896,90.6,76.3,62499,81920,75.1,steady_training
synthetic-showcase-h100-4gpu-full-telemetry-v1,2026-01-15T14:10:24.002Z,624.002,1,480.34,1887,89.9,76.6,62762,81920,74.6,steady_training
synthetic-showcase-h100-4gpu-full-telemetry-v1,2026-01-15T14:10:24.004Z,624.004,2,488.59,1888,90.1,77,63098,81920,72.9,steady_training
synthetic-showcase-h100-4gpu-full-telemetry-v1,2026-01-15T14:10:24.006Z,624.006,3,514,1925,92.9,77.5,63457,81920,72.6,steady_training
synthetic-showcase-h100-4gpu-full-telemetry-v1,2026-01-15T14:10:25.000Z,625,0,477.78,1897,90.6,76.3,62532,81920,75.1,steady_training
synthetic-showcase-h100-4gpu-full-telemetry-v1,2026-01-15T14:10:25.002Z,625.002,1,479.7,1886,89.8,76.7,62801,81920,74.6,steady_training
synthetic-showcase-h100-4gpu-full-telemetry-v1,2026-01-15T14:10:25.004Z,625.004,2,489.49,1889,90.3,77.1,63143,81920,72.9,steady_training
synthetic-showcase-h100-4gpu-full-telemetry-v1,2026-01-15T14:10:25.006Z,625.006,3,516.44,1930,93.3,77.5,63500,81920,72.7,steady_training
synthetic-showcase-h100-4gpu-full-telemetry-v1,2026-01-15T14:10:26.000Z,626,0,477.65,1896,90.5,76.4,62565,81920,75.1,steady_training
synthetic-showcase-h100-4gpu-full-telemetry-v1,2026-01-15T14:10:26.002Z,626.002,1,479.06,1884,89.7,76.7,62841,81920,74.5,steady_training
synthetic-showcase-h100-4gpu-full-telemetry-v1,2026-01-15T14:10:26.004Z,626.004,2,490.68,1892,90.4,77.1,63187,81920,73,steady_training
synthetic-showcase-h100-4gpu-full-telemetry-v1,2026-01-15T14:10:26.006Z,626.006,3,518.87,1935,93.7,77.6,63542,81920,72.8,steady_training
synthetic-showcase-h100-4gpu-full-telemetry-v1,2026-01-15T14:10:27.000Z,627,0,477.36,1896,90.5,76.4,62599,81920,75.1,steady_training
synthetic-showcase-h100-4gpu-full-telemetry-v1,2026-01-15T14:10:27.002Z,627.002,1,478.48,1883,89.6,76.8,62882,81920,74.5,steady_training
synthetic-showcase-h100-4gpu-full-telemetry-v1,2026-01-15T14:10:27.004Z,627.004,2,492.18,1895,90.7,77.2,63232,81920,73,steady_training
synthetic-showcase-h100-4gpu-full-telemetry-v1,2026-01-15T14:10:27.006Z,627.006,3,521.21,1940,94,77.6,63584,81920,72.9,steady_training
synthetic-showcase-h100-4gpu-full-telemetry-v1,2026-01-15T14:10:28.000Z,628,0,476.91,1895,90.4,76.5,62633,81920,75.1,steady_training
synthetic-showcase-h100-4gpu-full-telemetry-v1,2026-01-15T14:10:28.002Z,628.002,1,478.01,1882,89.5,76.8,62924,81920,74.4,steady_training
synthetic-showcase-h100-4gpu-full-telemetry-v1,2026-01-15T14:10:28.004Z,628.004,2,493.96,1898,90.9,77.2,63277,81920,73.1,steady_training
synthetic-showcase-h100-4gpu-full-telemetry-v1,2026-01-15T14:10:28.006Z,628.006,3,523.41,1945,94.4,77.7,63625,81920,73,steady_training
synthetic-showcase-h100-4gpu-full-telemetry-v1,2026-01-15T14:10:29.000Z,629,0,476.3,1894,90.3,76.5,62669,81920,75,steady_training
synthetic-showcase-h100-4gpu-full-telemetry-v1,2026-01-15T14:10:29.002Z,629.002,1,477.69,1881,89.5,76.9,62966,81920,74.4,steady_training
synthetic-showcase-h100-4gpu-full-telemetry-v1,2026-01-15T14:10:29.004Z,629.004,2,496.01,1902,91.3,77.3,63322,81920,73.2,steady_training
synthetic-showcase-h100-4gpu-full-telemetry-v1,2026-01-15T14:10:29.006Z,629.006,3,525.39,1949,94.7,77.7,63666,81920,73.1,steady_training
synthetic-showcase-h100-4gpu-full-telemetry-v1,2026-01-15T14:10:30.000Z,630,0,475.54,1892,90.2,76.5,62704,81920,75,steady_training
synthetic-showcase-h100-4gpu-full-telemetry-v1,2026-01-15T14:10:30.002Z,630.002,1,477.59,1880,89.5,76.9,63009,81920,74.4,steady_training
synthetic-showcase-h100-4gpu-full-telemetry-v1,2026-01-15T14:10:30.004Z,630.004,2,498.28,1907,91.6,77.4,63366,81920,73.3,steady_training
synthetic-showcase-h100-4gpu-full-telemetry-v1,2026-01-15T14:10:30.006Z,630.006,3,527.11,1953,94.9,77.8,63706,81920,73.2,steady_training
synthetic-showcase-h100-4gpu-full-telemetry-v1,2026-01-15T14:10:31.000Z,631,0,474.67,1890,90.1,76.6,62741,81920,75,steady_training
synthetic-showcase-h100-4gpu-full-telemetry-v1,2026-01-15T14:10:31.002Z,631.002,1,477.73,1880,89.5,77,63052,81920,74.4,steady_training
synthetic-showcase-h100-4gpu-full-telemetry-v1,2026-01-15T14:10:31.004Z,631.004,2,500.74,1912,92,77.4,63411,81920,73.4,steady_training
synthetic-showcase-h100-4gpu-full-telemetry-v1,2026-01-15T14:10:31.006Z,631.006,3,528.53,1955,95.1,77.8,63746,81920,73.3,steady_training
synthetic-showcase-h100-4gpu-full-telemetry-v1,2026-01-15T14:10:32.000Z,632,0,473.7,1888,89.9,76.6,62778,81920,74.9,steady_training
synthetic-showcase-h100-4gpu-full-telemetry-v1,2026-01-15T14:10:32.002Z,632.002,1,478.17,1881,89.6,77,63095,81920,74.4,steady_training
synthetic-showcase-h100-4gpu-full-telemetry-v1,2026-01-15T14:10:32.004Z,632.004,2,503.33,1917,92.4,77.5,63456,81920,73.5,steady_training
synthetic-showcase-h100-4gpu-full-telemetry-v1,2026-01-15T14:10:32.006Z,632.006,3,529.6,1958,95.3,77.9,63785,81920,73.4,steady_training
synthetic-showcase-h100-4gpu-full-telemetry-v1,2026-01-15T14:10:33.000Z,633,0,472.7,1886,89.8,76.7,62816,81920,74.8,steady_training
synthetic-showcase-h100-4gpu-full-telemetry-v1,2026-01-15T14:10:33.002Z,633.002,1,478.91,1882,89.7,77.1,63139,81920,74.4,steady_training
synthetic-showcase-h100-4gpu-full-telemetry-v1,2026-01-15T14:10:33.004Z,633.004,2,505.99,1923,92.8,77.5,63500,81920,73.6,steady_training
synthetic-showcase-h100-4gpu-full-telemetry-v1,2026-01-15T14:10:33.006Z,633.006,3,530.31,1959,95.4,77.9,63824,81920,73.4,steady_training
synthetic-showcase-h100-4gpu-full-telemetry-v1,2026-01-15T14:10:34.000Z,634,0,471.7,1883,89.6,76.7,62855,81920,74.8,steady_training
synthetic-showcase-h100-4gpu-full-telemetry-v1,2026-01-15T14:10:34.002Z,634.002,1,479.99,1884,89.9,77.1,63184,81920,74.4,steady_training
synthetic-showcase-h100-4gpu-full-telemetry-v1,2026-01-15T14:10:34.004Z,634.004,2,508.65,1928,93.2,77.6,63544,81920,73.8,steady_training
synthetic-showcase-h100-4gpu-full-telemetry-v1,2026-01-15T14:10:34.006Z,634.006,3,530.66,1960,95.5,78,63862,81920,73.4,steady_training
synthetic-showcase-h100-4gpu-full-telemetry-v1,2026-01-15T14:10:35.000Z,635,0,470.77,1881,89.5,76.8,62894,81920,74.7,steady_training
synthetic-showcase-h100-4gpu-full-telemetry-v1,2026-01-15T14:10:35.002Z,635.002,1,481.39,1887,90.1,77.2,63228,81920,74.5,steady_training
synthetic-showcase-h100-4gpu-full-telemetry-v1,2026-01-15T14:10:35.004Z,635.004,2,511.26,1934,93.6,77.6,63588,81920,73.9,steady_training
synthetic-showcase-h100-4gpu-full-telemetry-v1,2026-01-15T14:10:35.006Z,635.006,3,530.63,1960,95.5,78,63899,81920,73.4,steady_training
synthetic-showcase-h100-4gpu-full-telemetry-v1,2026-01-15T14:10:36.000Z,636,0,469.96,1879,89.4,76.8,62934,81920,74.7,steady_training
synthetic-showcase-h100-4gpu-full-telemetry-v1,2026-01-15T14:10:36.002Z,636.002,1,483.11,1890,90.4,77.2,63273,81920,74.5,steady_training
synthetic-showcase-h100-4gpu-full-telemetry-v1,2026-01-15T14:10:36.004Z,636.004,2,513.74,1939,94,77.7,63631,81920,74,steady_training
synthetic-showcase-h100-4gpu-full-telemetry-v1,2026-01-15T14:10:36.006Z,636.006,3,530.24,1959,95.4,78,63936,81920,73.4,steady_training
synthetic-showcase-h100-4gpu-full-telemetry-v1,2026-01-15T14:10:37.000Z,637,0,469.32,1878,89.3,76.9,62974,81920,74.7,steady_training
synthetic-showcase-h100-4gpu-full-telemetry-v1,2026-01-15T14:10:37.002Z,637.002,1,485.12,1894,90.7,77.3,63318,81920,74.6,steady_training
synthetic-showcase-h100-4gpu-full-telemetry-v1,2026-01-15T14:10:37.004Z,637.004,2,516.03,1944,94.3,77.7,63674,81920,74.1,steady_training
synthetic-showcase-h100-4gpu-full-telemetry-v1,2026-01-15T14:10:37.006Z,637.006,3,529.53,1957,95.3,78.1,63972,81920,73.3,steady_training
synthetic-showcase-h100-4gpu-full-telemetry-v1,2026-01-15T14:10:38.000Z,638,0,468.9,1877,89.2,76.9,63016,81920,74.7,steady_training
synthetic-showcase-h100-4gpu-full-telemetry-v1,2026-01-15T14:10:38.002Z,638.002,1,487.4,1899,91,77.3,63363,81920,74.7,steady_training
synthetic-showcase-h100-4gpu-full-telemetry-v1,2026-01-15T14:10:38.004Z,638.004,2,518.08,1948,94.6,77.8,63717,81920,74.2,steady_training
synthetic-showcase-h100-4gpu-full-telemetry-v1,2026-01-15T14:10:38.006Z,638.006,3,528.53,1955,95.2,78.1,64008,81920,73.3,steady_training
synthetic-showcase-h100-4gpu-full-telemetry-v1,2026-01-15T14:10:39.000Z,639,0,468.75,1876,89.2,77,63057,81920,74.6,steady_training
synthetic-showcase-h100-4gpu-full-telemetry-v1,2026-01-15T14:10:39.002Z,639.002,1,489.89,1904,91.4,77.4,63409,81920,74.9,steady_training
synthetic-showcase-h100-4gpu-full-telemetry-v1,2026-01-15T14:10:39.004Z,639.004,2,519.85,1952,94.9,77.8,63759,81920,74.2,steady_training
synthetic-showcase-h100-4gpu-full-telemetry-v1,2026-01-15T14:10:39.006Z,639.006,3,527.3,1952,95,78.2,64043,81920,73.2,steady_training
synthetic-showcase-h100-4gpu-full-telemetry-v1,2026-01-15T14:10:40.000Z,640,0,468.92,1876,89.2,69.9,57300,81920,74.7,steady_training
synthetic-showcase-h100-4gpu-full-telemetry-v1,2026-01-15T14:10:40.002Z,640.002,1,492.54,1910,91.8,70.4,57654,81920,75,steady_training
synthetic-showcase-h100-4gpu-full-telemetry-v1,2026-01-15T14:10:40.004Z,640.004,2,521.3,1955,95.1,70.8,58000,81920,74.3,steady_training
synthetic-showcase-h100-4gpu-full-telemetry-v1,2026-01-15T14:10:40.006Z,640.006,3,525.87,1949,94.8,71.1,58278,81920,73.1,steady_training
synthetic-showcase-h100-4gpu-full-telemetry-v1,2026-01-15T14:10:41.000Z,641,0,469.41,1877,89.3,70,57343,81920,74.7,steady_training
synthetic-showcase-h100-4gpu-full-telemetry-v1,2026-01-15T14:10:41.002Z,641.002,1,495.3,1915,92.2,70.4,57699,81920,75.1,steady_training
synthetic-showcase-h100-4gpu-full-telemetry-v1,2026-01-15T14:10:41.004Z,641.004,2,522.39,1957,95.3,70.9,58041,81920,74.3,steady_training
synthetic-showcase-h100-4gpu-full-telemetry-v1,2026-01-15T14:10:41.006Z,641.006,3,524.32,1946,94.5,71.2,58312,81920,73,steady_training
synthetic-showcase-h100-4gpu-full-telemetry-v1,2026-01-15T14:10:42.000Z,642,0,470.26,1878,89.5,70.1,57386,81920,74.7,steady_training
synthetic-showcase-h100-4gpu-full-telemetry-v1,2026-01-15T14:10:42.002Z,642.002,1,498.09,1921,92.6,70.5,57745,81920,75.2,steady_training
synthetic-showcase-h100-4gpu-full-telemetry-v1,2026-01-15T14:10:42.004Z,642.004,2,523.13,1958,95.4,70.9,58082,81920,74.4,steady_training
synthetic-showcase-h100-4gpu-full-telemetry-v1,2026-01-15T14:10:42.006Z,642.006,3,522.7,1943,94.3,71.2,58345,81920,72.9,steady_training
synthetic-showcase-h100-4gpu-full-telemetry-v1,2026-01-15T14:10:43.000Z,643,0,471.46,1881,89.6,70.1,57430,81920,74.8,steady_training
synthetic-showcase-h100-4gpu-full-telemetry-v1,2026-01-15T14:10:43.002Z,643.002,1,500.85,1927,93.1,70.5,57790,81920,75.4,steady_training
synthetic-showcase-h100-4gpu-full-telemetry-v1,2026-01-15T14:10:43.004Z,643.004,2,523.5,1959,95.5,70.9,58122,81920,74.3,steady_training
synthetic-showcase-h100-4gpu-full-telemetry-v1,2026-01-15T14:10:43.006Z,643.006,3,521.07,1939,94,71.3,58379,81920,72.8,steady_training
synthetic-showcase-h100-4gpu-full-telemetry-v1,2026-01-15T14:10:44.000Z,644,0,473.01,1884,89.9,70.2,57474,81920,74.9,steady_training
synthetic-showcase-h100-4gpu-full-telemetry-v1,2026-01-15T14:10:44.002Z,644.002,1,503.52,1932,93.5,70.6,57835,81920,75.5,steady_training
synthetic-showcase-h100-4gpu-full-telemetry-v1,2026-01-15T14:10:44.004Z,644.004,2,523.53,1959,95.5,71,58161,81920,74.3,steady_training
synthetic-showcase-h100-4gpu-full-telemetry-v1,2026-01-15T14:10:44.006Z,644.006,3,519.49,1936,93.8,71.3,58411,81920,72.7,steady_training
synthetic-showcase-h100-4gpu-full-telemetry-v1,2026-01-15T14:10:45.000Z,645,0,474.88,1888,90.2,70.2,57519,81920,75,steady_training
synthetic-showcase-h100-4gpu-full-telemetry-v1,2026-01-15T14:10:45.002Z,645.002,1,506.03,1937,93.9,70.7,57879,81920,75.6,steady_training
synthetic-showcase-h100-4gpu-full-telemetry-v1,2026-01-15T14:10:45.004Z,645.004,2,523.24,1958,95.4,71,58200,81920,74.3,steady_training
synthetic-showcase-h100-4gpu-full-telemetry-v1,2026-01-15T14:10:45.006Z,645.006,3,518.01,1933,93.6,71.3,58444,81920,72.6,steady_training
synthetic-showcase-h100-4gpu-full-telemetry-v1,2026-01-15T14:10:46.000Z,646,0,477.04,1892,90.5,70.3,57564,81920,75.1,steady_training
synthetic-showcase-h100-4gpu-full-telemetry-v1,2026-01-15T14:10:46.002Z,646.002,1,508.32,1942,94.2,70.7,57924,81920,75.7,steady_training
synthetic-showcase-h100-4gpu-full-telemetry-v1,2026-01-15T14:10:46.004Z,646.004,2,522.67,1957,95.3,71.1,58238,81920,74.2,steady_training
synthetic-showcase-h100-4gpu-full-telemetry-v1,2026-01-15T14:10:46.006Z,646.006,3,516.67,1930,93.4,71.4,58476,81920,72.5,steady_training
synthetic-showcase-h100-4gpu-full-telemetry-v1,2026-01-15T14:10:47.000Z,647,0,479.44,1897,90.9,70.3,57609,81920,75.2,steady_training
synthetic-showcase-h100-4gpu-full-telemetry-v1,2026-01-15T14:10:47.002Z,647.002,1,510.36,1946,94.5,70.8,57968,81920,75.8,steady_training
synthetic-showcase-h100-4gpu-full-telemetry-v1,2026-01-15T14:10:47.004Z,647.004,2,521.85,1955,95.2,71.1,58276,81920,74.1,steady_training
synthetic-showcase-h100-4gpu-full-telemetry-v1,2026-01-15T14:10:47.006Z,647.006,3,515.51,1928,93.2,71.4,58508,81920,72.5,steady_training
synthetic-showcase-h100-4gpu-full-telemetry-v1,2026-01-15T14:10:48.000Z,648,0,482.04,1902,91.3,70.4,57655,81920,75.4,steady_training
synthetic-showcase-h100-4gpu-full-telemetry-v1,2026-01-15T14:10:48.002Z,648.002,1,512.09,1950,94.8,70.8,58012,81920,75.9,steady_training
synthetic-showcase-h100-4gpu-full-telemetry-v1,2026-01-15T14:10:48.004Z,648.004,2,520.84,1953,95.1,71.2,58313,81920,74.1,steady_training
synthetic-showcase-h100-4gpu-full-telemetry-v1,2026-01-15T14:10:48.006Z,648.006,3,514.55,1926,93,71.5,58540,81920,72.4,steady_training
synthetic-showcase-h100-4gpu-full-telemetry-v1,2026-01-15T14:10:49.000Z,649,0,484.77,1908,91.7,70.4,57700,81920,75.5,steady_training
synthetic-showcase-h100-4gpu-full-telemetry-v1,2026-01-15T14:10:49.002Z,649.002,1,513.5,1953,95,70.9,58055,81920,75.9,steady_training
synthetic-showcase-h100-4gpu-full-telemetry-v1,2026-01-15T14:10:49.004Z,649.004,2,519.7,1950,94.9,71.2,58350,81920,74,steady_training
synthetic-showcase-h100-4gpu-full-telemetry-v1,2026-01-15T14:10:49.006Z,649.006,3,513.8,1924,92.9,71.5,58571,81920,72.4,steady_training
synthetic-showcase-h100-4gpu-full-telemetry-v1,2026-01-15T14:10:50.000Z,650,0,487.57,1914,92.1,70.5,57746,81920,75.7,steady_training
synthetic-showcase-h100-4gpu-full-telemetry-v1,2026-01-15T14:10:50.002Z,650.002,1,514.57,1955,95.2,70.9,58098,81920,76,steady_training
synthetic-showcase-h100-4gpu-full-telemetry-v1,2026-01-15T14:10:50.004Z,650.004,2,518.49,1948,94.7,71.3,58386,81920,73.9,steady_training
synthetic-showcase-h100-4gpu-full-telemetry-v1,2026-01-15T14:10:50.006Z,650.006,3,513.26,1923,92.8,71.5,58602,81920,72.3,steady_training
synthetic-showcase-h100-4gpu-full-telemetry-v1,2026-01-15T14:10:51.000Z,651,0,490.37,1919,92.5,70.5,57792,81920,75.9,steady_training
synthetic-showcase-h100-4gpu-full-telemetry-v1,2026-01-15T14:10:51.002Z,651.002,1,515.3,1956,95.3,71,58140,81920,76,steady_training
synthetic-showcase-h100-4gpu-full-telemetry-v1,2026-01-15T14:10:51.004Z,651.004,2,517.25,1945,94.5,71.3,58421,81920,73.8,steady_training
synthetic-showcase-h100-4gpu-full-telemetry-v1,2026-01-15T14:10:51.006Z,651.006,3,512.92,1923,92.8,71.6,58634,81920,72.3,steady_training
synthetic-showcase-h100-4gpu-full-telemetry-v1,2026-01-15T14:10:52.000Z,652,0,493.11,1925,93,70.6,57838,81920,76,steady_training
synthetic-showcase-h100-4gpu-full-telemetry-v1,2026-01-15T14:10:52.002Z,652.002,1,515.7,1957,95.4,71,58182,81920,76,steady_training
synthetic-showcase-h100-4gpu-full-telemetry-v1,2026-01-15T14:10:52.004Z,652.004,2,516.06,1942,94.4,71.4,58456,81920,73.7,steady_training
synthetic-showcase-h100-4gpu-full-telemetry-v1,2026-01-15T14:10:52.006Z,652.006,3,512.75,1923,92.7,71.6,58665,81920,72.3,steady_training
synthetic-showcase-h100-4gpu-full-telemetry-v1,2026-01-15T14:10:53.000Z,653,0,495.72,1930,93.4,70.7,57883,81920,76.1,steady_training
synthetic-showcase-h100-4gpu-full-telemetry-v1,2026-01-15T14:10:53.002Z,653.002,1,515.79,1957,95.4,71.1,58223,81920,76,steady_training
synthetic-showcase-h100-4gpu-full-telemetry-v1,2026-01-15T14:10:53.004Z,653.004,2,514.95,1940,94.2,71.4,58490,81920,73.6,steady_training
synthetic-showcase-h100-4gpu-full-telemetry-v1,2026-01-15T14:10:53.006Z,653.006,3,512.73,1923,92.7,71.7,58696,81920,72.3,steady_training
synthetic-showcase-h100-4gpu-full-telemetry-v1,2026-01-15T14:10:54.000Z,654,0,498.15,1935,93.7,70.7,57929,81920,76.3,steady_training
synthetic-showcase-h100-4gpu-full-telemetry-v1,2026-01-15T14:10:54.002Z,654.002,1,515.61,1956,95.3,71.1,58264,81920,75.9,steady_training
synthetic-showcase-h100-4gpu-full-telemetry-v1,2026-01-15T14:10:54.004Z,654.004,2,513.96,1938,94,71.4,58524,81920,73.5,steady_training
synthetic-showcase-h100-4gpu-full-telemetry-v1,2026-01-15T14:10:54.006Z,654.006,3,512.82,1923,92.7,71.7,58727,81920,72.3,steady_training
synthetic-showcase-h100-4gpu-full-telemetry-v1,2026-01-15T14:10:55.000Z,655,0,500.34,1940,94.1,70.8,57974,81920,76.4,steady_training
synthetic-showcase-h100-4gpu-full-telemetry-v1,2026-01-15T14:10:55.002Z,655.002,1,515.2,1955,95.3,71.2,58304,81920,75.9,steady_training
synthetic-showcase-h100-4gpu-full-telemetry-v1,2026-01-15T14:10:55.004Z,655.004,2,513.13,1936,93.9,71.5,58557,81920,73.5,steady_training
synthetic-showcase-h100-4gpu-full-telemetry-v1,2026-01-15T14:10:55.006Z,655.006,3,512.96,1924,92.8,71.7,58759,81920,72.3,steady_training
synthetic-showcase-h100-4gpu-full-telemetry-v1,2026-01-15T14:10:56.000Z,656,0,502.27,1944,94.4,70.8,58020,81920,76.5,steady_training
synthetic-showcase-h100-4gpu-full-telemetry-v1,2026-01-15T14:10:56.002Z,656.002,1,514.61,1954,95.2,71.2,58344,81920,75.8,steady_training
synthetic-showcase-h100-4gpu-full-telemetry-v1,2026-01-15T14:10:56.004Z,656.004,2,512.48,1935,93.8,71.5,58590,81920,73.4,steady_training
synthetic-showcase-h100-4gpu-full-telemetry-v1,2026-01-15T14:10:56.006Z,656.006,3,513.12,1924,92.8,71.8,58791,81920,72.3,steady_training
synthetic-showcase-h100-4gpu-full-telemetry-v1,2026-01-15T14:10:57.000Z,657,0,503.9,1947,94.6,70.9,58065,81920,76.6,steady_training
synthetic-showcase-h100-4gpu-full-telemetry-v1,2026-01-15T14:10:57.002Z,657.002,1,513.88,1952,95.1,71.3,58383,81920,75.7,steady_training
synthetic-showcase-h100-4gpu-full-telemetry-v1,2026-01-15T14:10:57.004Z,657.004,2,512.02,1934,93.7,71.6,58623,81920,73.3,steady_training
synthetic-showcase-h100-4gpu-full-telemetry-v1,2026-01-15T14:10:57.006Z,657.006,3,513.24,1925,92.8,71.8,58823,81920,72.3,steady_training
synthetic-showcase-h100-4gpu-full-telemetry-v1,2026-01-15T14:10:58.000Z,658,0,505.21,1949,94.8,70.9,58109,81920,76.7,steady_training
synthetic-showcase-h100-4gpu-full-telemetry-v1,2026-01-15T14:10:58.002Z,658.002,1,513.08,1950,95,71.3,58421,81920,75.7,steady_training
synthetic-showcase-h100-4gpu-full-telemetry-v1,2026-01-15T14:10:58.004Z,658.004,2,511.74,1933,93.7,71.6,58656,81920,73.3,steady_training
synthetic-showcase-h100-4gpu-full-telemetry-v1,2026-01-15T14:10:58.006Z,658.006,3,513.28,1925,92.8,71.8,58855,81920,72.3,steady_training
synthetic-showcase-h100-4gpu-full-telemetry-v1,2026-01-15T14:10:59.000Z,659,0,506.21,1951,95,71,58154,81920,76.7,steady_training
synthetic-showcase-h100-4gpu-full-telemetry-v1,2026-01-15T14:10:59.002Z,659.002,1,512.27,1948,94.9,71.4,58459,81920,75.6,steady_training
synthetic-showcase-h100-4gpu-full-telemetry-v1,2026-01-15T14:10:59.004Z,659.004,2,511.63,1933,93.7,71.6,58688,81920,73.3,steady_training
synthetic-showcase-h100-4gpu-full-telemetry-v1,2026-01-15T14:10:59.006Z,659.006,3,513.19,1925,92.8,71.9,58888,81920,72.3,steady_training
synthetic-showcase-h100-4gpu-full-telemetry-v1,2026-01-15T14:11:00.000Z,660,0,338.22,1528,60.9,74.1,60678,81920,67.3,evaluation
synthetic-showcase-h100-4gpu-full-telemetry-v1,2026-01-15T14:11:00.002Z,660.002,1,341.68,1509,59.3,74.3,60886,81920,66,evaluation
synthetic-showcase-h100-4gpu-full-telemetry-v1,2026-01-15T14:11:00.004Z,660.004,2,346.76,1498,58.4,74.6,61109,81920,64,evaluation
synthetic-showcase-h100-4gpu-full-telemetry-v1,2026-01-15T14:11:00.006Z,660.006,3,354.52,1502,58.8,74.9,61356,81920,63.5,evaluation
synthetic-showcase-h100-4gpu-full-telemetry-v1,2026-01-15T14:11:01.000Z,661,0,338.05,1528,60.8,74.1,60676,81920,67.3,evaluation
synthetic-showcase-h100-4gpu-full-telemetry-v1,2026-01-15T14:11:01.002Z,661.002,1,341.02,1505,59,74.3,60880,81920,66,evaluation
synthetic-showcase-h100-4gpu-full-telemetry-v1,2026-01-15T14:11:01.004Z,661.004,2,347.24,1501,58.7,74.6,61113,81920,64,evaluation
synthetic-showcase-h100-4gpu-full-telemetry-v1,2026-01-15T14:11:01.006Z,661.006,3,354.33,1501,58.7,74.9,61354,81920,63.4,evaluation
synthetic-showcase-h100-4gpu-full-telemetry-v1,2026-01-15T14:11:02.000Z,662,0,337.69,1525,60.6,74.1,60673,81920,67.3,evaluation
synthetic-showcase-h100-4gpu-full-telemetry-v1,2026-01-15T14:11:02.002Z,662.002,1,340.51,1502,58.8,74.3,60876,81920,65.9,evaluation
synthetic-showcase-h100-4gpu-full-telemetry-v1,2026-01-15T14:11:02.004Z,662.004,2,347.79,1504,58.9,74.6,61118,81920,64,evaluation
synthetic-showcase-h100-4gpu-full-telemetry-v1,2026-01-15T14:11:02.006Z,662.006,3,353.92,1499,58.5,74.9,61350,81920,63.4,evaluation
synthetic-showcase-h100-4gpu-full-telemetry-v1,2026-01-15T14:11:03.000Z,663,0,337.17,1523,60.4,74.1,60668,81920,67.2,evaluation
synthetic-showcase-h100-4gpu-full-telemetry-v1,2026-01-15T14:11:03.002Z,663.002,1,340.17,1500,58.6,74.3,60873,81920,65.8,evaluation
synthetic-showcase-h100-4gpu-full-telemetry-v1,2026-01-15T14:11:03.004Z,663.004,2,348.37,1507,59.2,74.6,61123,81920,64,evaluation
synthetic-showcase-h100-4gpu-full-telemetry-v1,2026-01-15T14:11:03.006Z,663.006,3,353.28,1495,58.2,74.9,61345,81920,63.4,evaluation
synthetic-showcase-h100-4gpu-full-telemetry-v1,2026-01-15T14:11:04.000Z,664,0,336.54,1519,60.1,74.1,60663,81920,67.2,evaluation
synthetic-showcase-h100-4gpu-full-telemetry-v1,2026-01-15T14:11:04.002Z,664.002,1,340.01,1500,58.6,74.3,60871,81920,65.8,evaluation
synthetic-showcase-h100-4gpu-full-telemetry-v1,2026-01-15T14:11:04.004Z,664.004,2,348.93,1510,59.4,74.6,61128,81920,64,evaluation
synthetic-showcase-h100-4gpu-full-telemetry-v1,2026-01-15T14:11:04.006Z,664.006,3,352.42,1491,57.9,74.9,61337,81920,63.3,evaluation
synthetic-showcase-h100-4gpu-full-telemetry-v1,2026-01-15T14:11:05.000Z,665,0,335.85,1515,59.8,74,60656,81920,67.1,evaluation
synthetic-showcase-h100-4gpu-full-telemetry-v1,2026-01-15T14:11:05.002Z,665.002,1,340.05,1500,58.6,74.3,60872,81920,65.8,evaluation
synthetic-showcase-h100-4gpu-full-telemetry-v1,2026-01-15T14:11:05.004Z,665.004,2,349.42,1513,59.6,74.6,61133,81920,64,evaluation
synthetic-showcase-h100-4gpu-full-telemetry-v1,2026-01-15T14:11:05.006Z,665.006,3,351.34,1485,57.4,74.9,61327,81920,63.3,evaluation
synthetic-showcase-h100-4gpu-full-telemetry-v1,2026-01-15T14:11:06.000Z,666,0,335.15,1511,59.5,74,60650,81920,67.1,evaluation
synthetic-showcase-h100-4gpu-full-telemetry-v1,2026-01-15T14:11:06.002Z,666.002,1,340.27,1501,58.7,74.3,60874,81920,65.8,evaluation
synthetic-showcase-h100-4gpu-full-telemetry-v1,2026-01-15T14:11:06.004Z,666.004,2,349.81,1515,59.8,74.6,61136,81920,64,evaluation
synthetic-showcase-h100-4gpu-full-telemetry-v1,2026-01-15T14:11:06.006Z,666.006,3,350.07,1478,56.8,74.8,61316,81920,63.2,evaluation
synthetic-showcase-h100-4gpu-full-telemetry-v1,2026-01-15T14:11:07.000Z,667,0,334.48,1508,59.2,74,60644,81920,67,evaluation
synthetic-showcase-h100-4gpu-full-telemetry-v1,2026-01-15T14:11:07.002Z,667.002,1,340.66,1503,58.8,74.3,60877,81920,65.8,evaluation
synthetic-showcase-h100-4gpu-full-telemetry-v1,2026-01-15T14:11:07.004Z,667.004,2,350.03,1516,59.9,74.6,61138,81920,64,evaluation
synthetic-showcase-h100-4gpu-full-telemetry-v1,2026-01-15T14:11:07.006Z,667.006,3,348.64,1470,56.2,74.8,61303,81920,63.1,evaluation
synthetic-showcase-h100-4gpu-full-telemetry-v1,2026-01-15T14:11:08.000Z,668,0,333.89,1504,59,74,60639,81920,67,evaluation
synthetic-showcase-h100-4gpu-full-telemetry-v1,2026-01-15T14:11:08.002Z,668.002,1,341.19,1506,59.1,74.3,60882,81920,65.8,evaluation
synthetic-showcase-h100-4gpu-full-telemetry-v1,2026-01-15T14:11:08.004Z,668.004,2,350.07,1517,59.9,74.6,61138,81920,64,evaluation
synthetic-showcase-h100-4gpu-full-telemetry-v1,2026-01-15T14:11:08.006Z,668.006,3,347.1,1461,55.5,74.8,61290,81920,63.1,evaluation
synthetic-showcase-h100-4gpu-full-telemetry-v1,2026-01-15T14:11:09.000Z,669,0,333.42,1502,58.7,74,60635,81920,67,evaluation
synthetic-showcase-h100-4gpu-full-telemetry-v1,2026-01-15T14:11:09.002Z,669.002,1,341.83,1510,59.4,74.3,60887,81920,65.8,evaluation
synthetic-showcase-h100-4gpu-full-telemetry-v1,2026-01-15T14:11:09.004Z,669.004,2,349.89,1515,59.8,74.6,61137,81920,64,evaluation
synthetic-showcase-h100-4gpu-full-telemetry-v1,2026-01-15T14:11:09.006Z,669.006,3,345.48,1452,54.8,74.8,61275,81920,63,evaluation
synthetic-showcase-h100-4gpu-full-telemetry-v1,2026-01-15T14:11:10.000Z,670,0,333.11,1500,58.6,74,60632,81920,66.9,evaluation
synthetic-showcase-h100-4gpu-full-telemetry-v1,2026-01-15T14:11:10.002Z,670.002,1,342.53,1513,59.7,74.3,60894,81920,65.8,evaluation
synthetic-showcase-h100-4gpu-full-telemetry-v1,2026-01-15T14:11:10.004Z,670.004,2,349.47,1513,59.7,74.6,61133,81920,63.9,evaluation
synthetic-showcase-h100-4gpu-full-telemetry-v1,2026-01-15T14:11:10.006Z,670.006,3,343.86,1443,54,74.8,61261,81920,62.9,evaluation
synthetic-showcase-h100-4gpu-full-telemetry-v1,2026-01-15T14:11:11.000Z,671,0,332.97,1499,58.5,74,60631,81920,66.9,evaluation
synthetic-showcase-h100-4gpu-full-telemetry-v1,2026-01-15T14:11:11.002Z,671.002,1,343.25,1517,60,74.3,60900,81920,65.8,evaluation
synthetic-showcase-h100-4gpu-full-telemetry-v1,2026-01-15T14:11:11.004Z,671.004,2,348.81,1509,59.4,74.6,61127,81920,63.9,evaluation
synthetic-showcase-h100-4gpu-full-telemetry-v1,2026-01-15T14:11:11.006Z,671.006,3,342.27,1434,53.3,74.8,61247,81920,62.8,evaluation
synthetic-showcase-h100-4gpu-full-telemetry-v1,2026-01-15T14:11:12.000Z,672,0,333.01,1500,58.6,74,60631,81920,66.9,evaluation
synthetic-showcase-h100-4gpu-full-telemetry-v1,2026-01-15T14:11:12.002Z,672.002,1,343.94,1521,60.3,74.3,60906,81920,65.8,evaluation
synthetic-showcase-h100-4gpu-full-telemetry-v1,2026-01-15T14:11:12.004Z,672.004,2,347.9,1504,59,74.6,61119,81920,63.8,evaluation
synthetic-showcase-h100-4gpu-full-telemetry-v1,2026-01-15T14:11:12.006Z,672.006,3,340.78,1426,52.7,74.7,61234,81920,62.7,evaluation
synthetic-showcase-h100-4gpu-full-telemetry-v1,2026-01-15T14:11:13.000Z,673,0,333.25,1501,58.7,74,60633,81920,66.9,evaluation
synthetic-showcase-h100-4gpu-full-telemetry-v1,2026-01-15T14:11:13.002Z,673.002,1,344.55,1525,60.6,74.4,60912,81920,65.8,evaluation
synthetic-showcase-h100-4gpu-full-telemetry-v1,2026-01-15T14:11:13.004Z,673.004,2,346.77,1498,58.5,74.6,61109,81920,63.7,evaluation
synthetic-showcase-h100-4gpu-full-telemetry-v1,2026-01-15T14:11:13.006Z,673.006,3,339.43,1418,52.1,74.7,61222,81920,62.7,evaluation
synthetic-showcase-h100-4gpu-full-telemetry-v1,2026-01-15T14:11:14.000Z,674,0,333.67,1503,58.9,74,60637,81920,66.9,evaluation
synthetic-showcase-h100-4gpu-full-telemetry-v1,2026-01-15T14:11:14.002Z,674.002,1,345.03,1527,60.8,74.4,60916,81920,65.8,evaluation
synthetic-showcase-h100-4gpu-full-telemetry-v1,2026-01-15T14:11:14.004Z,674.004,2,345.43,1491,57.9,74.6,61097,81920,63.6,evaluation
synthetic-showcase-h100-4gpu-full-telemetry-v1,2026-01-15T14:11:14.006Z,674.006,3,338.27,1412,51.6,74.7,61211,81920,62.6,evaluation
synthetic-showcase-h100-4gpu-full-telemetry-v1,2026-01-15T14:11:15.000Z,675,0,334.25,1506,59.1,74,60642,81920,66.9,evaluation
synthetic-showcase-h100-4gpu-full-telemetry-v1,2026-01-15T14:11:15.002Z,675.002,1,345.35,1529,60.9,74.4,60919,81920,65.8,evaluation
synthetic-showcase-h100-4gpu-full-telemetry-v1,2026-01-15T14:11:15.004Z,675.004,2,343.92,1482,57.2,74.6,61084,81920,63.5,evaluation
synthetic-showcase-h100-4gpu-full-telemetry-v1,2026-01-15T14:11:15.006Z,675.006,3,337.34,1407,51.2,74.7,61203,81920,62.6,evaluation
synthetic-showcase-h100-4gpu-full-telemetry-v1,2026-01-15T14:11:16.000Z,676,0,334.97,1510,59.4,74,60649,81920,67,evaluation
synthetic-showcase-h100-4gpu-full-telemetry-v1,2026-01-15T14:11:16.002Z,676.002,1,345.46,1530,61,74.4,60920,81920,65.8,evaluation
synthetic-showcase-h100-4gpu-full-telemetry-v1,2026-01-15T14:11:16.004Z,676.004,2,342.28,1473,56.5,74.5,61069,81920,63.4,evaluation
synthetic-showcase-h100-4gpu-full-telemetry-v1,2026-01-15T14:11:16.006Z,676.006,3,336.68,1403,50.9,74.7,61197,81920,62.5,evaluation
synthetic-showcase-h100-4gpu-full-telemetry-v1,2026-01-15T14:11:17.000Z,677,0,335.79,1515,59.8,74,60656,81920,67,evaluation
synthetic-showcase-h100-4gpu-full-telemetry-v1,2026-01-15T14:11:17.002Z,677.002,1,345.34,1529,60.9,74.4,60919,81920,65.7,evaluation
synthetic-showcase-h100-4gpu-full-telemetry-v1,2026-01-15T14:11:17.004Z,677.004,2,340.56,1464,55.7,74.5,61054,81920,63.3,evaluation
synthetic-showcase-h100-4gpu-full-telemetry-v1,2026-01-15T14:11:17.006Z,677.006,3,336.3,1401,50.7,74.7,61194,81920,62.5,evaluation
synthetic-showcase-h100-4gpu-full-telemetry-v1,2026-01-15T14:11:18.000Z,678,0,336.67,1520,60.2,74.1,60664,81920,67.1,evaluation
synthetic-showcase-h100-4gpu-full-telemetry-v1,2026-01-15T14:11:18.002Z,678.002,1,344.97,1527,60.8,74.4,60915,81920,65.7,evaluation
synthetic-showcase-h100-4gpu-full-telemetry-v1,2026-01-15T14:11:18.004Z,678.004,2,338.82,1454,54.9,74.5,61038,81920,63.2,evaluation
synthetic-showcase-h100-4gpu-full-telemetry-v1,2026-01-15T14:11:18.006Z,678.006,3,336.21,1401,50.7,74.7,61193,81920,62.5,evaluation
synthetic-showcase-h100-4gpu-full-telemetry-v1,2026-01-15T14:11:19.000Z,679,0,337.56,1525,60.6,74.1,60672,81920,67.1,evaluation
synthetic-showcase-h100-4gpu-full-telemetry-v1,2026-01-15T14:11:19.002Z,679.002,1,344.34,1524,60.5,74.4,60910,81920,65.6,evaluation
synthetic-showcase-h100-4gpu-full-telemetry-v1,2026-01-15T14:11:19.004Z,679.004,2,337.1,1444,54.2,74.5,61023,81920,63.1,evaluation
synthetic-showcase-h100-4gpu-full-telemetry-v1,2026-01-15T14:11:19.006Z,679.006,3,336.42,1402,50.7,74.7,61195,81920,62.5,evaluation
synthetic-showcase-h100-4gpu-full-telemetry-v1,2026-01-15T14:11:20.000Z,680,0,338.42,1530,61,74.1,60679,81920,67.1,evaluation
synthetic-showcase-h100-4gpu-full-telemetry-v1,2026-01-15T14:11:20.002Z,680.002,1,343.45,1519,60.1,74.3,60902,81920,65.5,evaluation
synthetic-showcase-h100-4gpu-full-telemetry-v1,2026-01-15T14:11:20.004Z,680.004,2,335.47,1435,53.4,74.5,61009,81920,63,evaluation
synthetic-showcase-h100-4gpu-full-telemetry-v1,2026-01-15T14:11:20.006Z,680.006,3,336.92,1405,51,74.7,61199,81920,62.6,evaluation
synthetic-showcase-h100-4gpu-full-telemetry-v1,2026-01-15T14:11:21.000Z,681,0,339.19,1534,61.3,74.1,60686,81920,67.2,evaluation
synthetic-showcase-h100-4gpu-full-telemetry-v1,2026-01-15T14:11:21.002Z,681.002,1,342.31,1512,59.6,74.3,60892,81920,65.5,evaluation
synthetic-showcase-h100-4gpu-full-telemetry-v1,2026-01-15T14:11:21.004Z,681.004,2,333.97,1427,52.8,74.5,60995,81920,62.9,evaluation
synthetic-showcase-h100-4gpu-full-telemetry-v1,2026-01-15T14:11:21.006Z,681.006,3,337.67,1409,51.3,74.7,61206,81920,62.6,evaluation
synthetic-showcase-h100-4gpu-full-telemetry-v1,2026-01-15T14:11:22.000Z,682,0,339.82,1537,61.6,74.1,60692,81920,67.2,evaluation
synthetic-showcase-h100-4gpu-full-telemetry-v1,2026-01-15T14:11:22.002Z,682.002,1,340.96,1505,59,74.3,60880,81920,65.4,evaluation
synthetic-showcase-h100-4gpu-full-telemetry-v1,2026-01-15T14:11:22.004Z,682.004,2,332.65,1420,52.2,74.4,60984,81920,62.8,evaluation
synthetic-showcase-h100-4gpu-full-telemetry-v1,2026-01-15T14:11:22.006Z,682.006,3,338.65,1414,51.7,74.7,61215,81920,62.7,evaluation
synthetic-showcase-h100-4gpu-full-telemetry-v1,2026-01-15T14:11:23.000Z,683,0,340.27,1540,61.8,74.1,60696,81920,67.2,evaluation
synthetic-showcase-h100-4gpu-full-telemetry-v1,2026-01-15T14:11:23.002Z,683.002,1,339.42,1496,58.3,74.3,60866,81920,65.2,evaluation
synthetic-showcase-h100-4gpu-full-telemetry-v1,2026-01-15T14:11:23.004Z,683.004,2,331.56,1414,51.7,74.4,60974,81920,62.7,evaluation
synthetic-showcase-h100-4gpu-full-telemetry-v1,2026-01-15T14:11:23.006Z,683.006,3,339.81,1421,52.3,74.7,61225,81920,62.8,evaluation
synthetic-showcase-h100-4gpu-full-telemetry-v1,2026-01-15T14:11:24.000Z,684,0,340.5,1541,61.9,74.1,60698,81920,67.2,evaluation
synthetic-showcase-h100-4gpu-full-telemetry-v1,2026-01-15T14:11:24.002Z,684.002,1,337.74,1487,57.6,74.3,60851,81920,65.1,evaluation
synthetic-showcase-h100-4gpu-full-telemetry-v1,2026-01-15T14:11:24.004Z,684.004,2,330.72,1409,51.3,74.4,60966,81920,62.6,evaluation
synthetic-showcase-h100-4gpu-full-telemetry-v1,2026-01-15T14:11:24.006Z,684.006,3,341.12,1428,52.8,74.8,61237,81920,62.8,evaluation
synthetic-showcase-h100-4gpu-full-telemetry-v1,2026-01-15T14:11:25.000Z,685,0,340.49,1541,61.9,74.1,60698,81920,67.2,evaluation
synthetic-showcase-h100-4gpu-full-telemetry-v1,2026-01-15T14:11:25.002Z,685.002,1,335.97,1477,56.8,74.3,60835,81920,65,evaluation
synthetic-showcase-h100-4gpu-full-telemetry-v1,2026-01-15T14:11:25.004Z,685.004,2,330.16,1406,51.1,74.4,60961,81920,62.6,evaluation
synthetic-showcase-h100-4gpu-full-telemetry-v1,2026-01-15T14:11:25.006Z,685.006,3,342.52,1436,53.5,74.8,61249,81920,62.9,evaluation
synthetic-showcase-h100-4gpu-full-telemetry-v1,2026-01-15T14:11:26.000Z,686,0,340.22,1540,61.8,74.1,60695,81920,67.1,evaluation
synthetic-showcase-h100-4gpu-full-telemetry-v1,2026-01-15T14:11:26.002Z,686.002,1,334.15,1467,56,74.2,60819,81920,64.9,evaluation
synthetic-showcase-h100-4gpu-full-telemetry-v1,2026-01-15T14:11:26.004Z,686.004,2,329.89,1404,51,74.4,60959,81920,62.5,evaluation
synthetic-showcase-h100-4gpu-full-telemetry-v1,2026-01-15T14:11:26.006Z,686.006,3,343.96,1444,54.1,74.8,61262,81920,63,evaluation
synthetic-showcase-h100-4gpu-full-telemetry-v1,2026-01-15T14:11:27.000Z,687,0,339.67,1536,61.5,74.1,60690,81920,67.1,evaluation
synthetic-showcase-h100-4gpu-full-telemetry-v1,2026-01-15T14:11:27.002Z,687.002,1,332.35,1457,55.2,74.2,60803,81920,64.7,evaluation
synthetic-showcase-h100-4gpu-full-telemetry-v1,2026-01-15T14:11:27.004Z,687.004,2,329.91,1404,51,74.4,60959,81920,62.5,evaluation
synthetic-showcase-h100-4gpu-full-telemetry-v1,2026-01-15T14:11:27.006Z,687.006,3,345.38,1452,54.7,74.8,61274,81920,63.1,evaluation
synthetic-showcase-h100-4gpu-full-telemetry-v1,2026-01-15T14:11:28.000Z,688,0,338.85,1532,61.2,74.1,60683,81920,67,evaluation
synthetic-showcase-h100-4gpu-full-telemetry-v1,2026-01-15T14:11:28.002Z,688.002,1,330.62,1447,54.4,74.2,60788,81920,64.6,evaluation
synthetic-showcase-h100-4gpu-full-telemetry-v1,2026-01-15T14:11:28.004Z,688.004,2,330.21,1406,51.1,74.4,60962,81920,62.5,evaluation
synthetic-showcase-h100-4gpu-full-telemetry-v1,2026-01-15T14:11:28.006Z,688.006,3,346.73,1459,55.3,74.8,61287,81920,63.2,evaluation
synthetic-showcase-h100-4gpu-full-telemetry-v1,2026-01-15T14:11:29.000Z,689,0,337.77,1526,60.7,74.1,60674,81920,67,evaluation
synthetic-showcase-h100-4gpu-full-telemetry-v1,2026-01-15T14:11:29.002Z,689.002,1,329.01,1438,53.7,74.2,60773,81920,64.5,evaluation
synthetic-showcase-h100-4gpu-full-telemetry-v1,2026-01-15T14:11:29.004Z,689.004,2,330.77,1409,51.3,74.4,60967,81920,62.5,evaluation
synthetic-showcase-h100-4gpu-full-telemetry-v1,2026-01-15T14:11:29.006Z,689.006,3,347.97,1466,55.9,74.8,61298,81920,63.3,evaluation
synthetic-showcase-h100-4gpu-full-telemetry-v1,2026-01-15T14:11:30.000Z,690,0,336.46,1519,60.1,74.1,60662,81920,66.9,evaluation
synthetic-showcase-h100-4gpu-full-telemetry-v1,2026-01-15T14:11:30.002Z,690.002,1,327.57,1430,53,74.2,60761,81920,64.4,evaluation
synthetic-showcase-h100-4gpu-full-telemetry-v1,2026-01-15T14:11:30.004Z,690.004,2,331.55,1414,51.7,74.4,60974,81920,62.6,evaluation
synthetic-showcase-h100-4gpu-full-telemetry-v1,2026-01-15T14:11:30.006Z,690.006,3,349.07,1472,56.4,74.8,61307,81920,63.4,evaluation
synthetic-showcase-h100-4gpu-full-telemetry-v1,2026-01-15T14:11:31.000Z,691,0,334.95,1510,59.4,74,60648,81920,66.8,evaluation
synthetic-showcase-h100-4gpu-full-telemetry-v1,2026-01-15T14:11:31.002Z,691.002,1,326.35,1424,52.5,74.2,60750,81920,64.3,evaluation
synthetic-showcase-h100-4gpu-full-telemetry-v1,2026-01-15T14:11:31.004Z,691.004,2,332.52,1419,52.1,74.4,60982,81920,62.6,evaluation
synthetic-showcase-h100-4gpu-full-telemetry-v1,2026-01-15T14:11:31.006Z,691.006,3,349.98,1477,56.8,74.8,61315,81920,63.4,evaluation
synthetic-showcase-h100-4gpu-full-telemetry-v1,2026-01-15T14:11:32.000Z,692,0,333.28,1501,58.7,74,60634,81920,66.7,evaluation
synthetic-showcase-h100-4gpu-full-telemetry-v1,2026-01-15T14:11:32.002Z,692.002,1,325.37,1418,52.1,74.1,60741,81920,64.2,evaluation
synthetic-showcase-h100-4gpu-full-telemetry-v1,2026-01-15T14:11:32.004Z,692.004,2,333.64,1425,52.6,74.5,60992,81920,62.6,evaluation
synthetic-showcase-h100-4gpu-full-telemetry-v1,2026-01-15T14:11:32.006Z,692.006,3,350.68,1481,57.1,74.9,61322,81920,63.5,evaluation
synthetic-showcase-h100-4gpu-full-telemetry-v1,2026-01-15T14:11:33.000Z,693,0,331.51,1491,57.9,74,60618,81920,66.5,evaluation
synthetic-showcase-h100-4gpu-full-telemetry-v1,2026-01-15T14:11:33.002Z,693.002,1,324.66,1414,51.7,74.1,60735,81920,64.1,evaluation
synthetic-showcase-h100-4gpu-full-telemetry-v1,2026-01-15T14:11:33.004Z,693.004,2,334.85,1432,53.2,74.5,61003,81920,62.7,evaluation
synthetic-showcase-h100-4gpu-full-telemetry-v1,2026-01-15T14:11:33.006Z,693.006,3,351.18,1484,57.3,74.9,61326,81920,63.5,evaluation
synthetic-showcase-h100-4gpu-full-telemetry-v1,2026-01-15T14:11:34.000Z,694,0,329.68,1481,57.1,74,60602,81920,66.4,evaluation
synthetic-showcase-h100-4gpu-full-telemetry-v1,2026-01-15T14:11:34.002Z,694.002,1,324.23,1412,51.5,74.1,60731,81920,64.1,evaluation
synthetic-showcase-h100-4gpu-full-telemetry-v1,2026-01-15T14:11:34.004Z,694.004,2,336.1,1439,53.7,74.5,61014,81920,62.8,evaluation
synthetic-showcase-h100-4gpu-full-telemetry-v1,2026-01-15T14:11:34.006Z,694.006,3,351.46,1485,57.4,74.9,61329,81920,63.5,evaluation
synthetic-showcase-h100-4gpu-full-telemetry-v1,2026-01-15T14:11:35.000Z,695,0,327.84,1471,56.3,74,60585,81920,66.3,evaluation
synthetic-showcase-h100-4gpu-full-telemetry-v1,2026-01-15T14:11:35.002Z,695.002,1,324.08,1411,51.5,74.1,60730,81920,64,evaluation
synthetic-showcase-h100-4gpu-full-telemetry-v1,2026-01-15T14:11:35.004Z,695.004,2,337.33,1446,54.3,74.5,61025,81920,62.8,evaluation
synthetic-showcase-h100-4gpu-full-telemetry-v1,2026-01-15T14:11:35.006Z,695.006,3,351.54,1486,57.5,74.9,61329,81920,63.6,evaluation
synthetic-showcase-h100-4gpu-full-telemetry-v1,2026-01-15T14:11:36.000Z,696,0,326.07,1461,55.5,73.9,60569,81920,66.2,evaluation
synthetic-showcase-h100-4gpu-full-telemetry-v1,2026-01-15T14:11:36.002Z,696.002,1,324.2,1412,51.5,74.1,60731,81920,64,evaluation
synthetic-showcase-h100-4gpu-full-telemetry-v1,2026-01-15T14:11:36.004Z,696.004,2,338.51,1452,54.8,74.5,61036,81920,62.9,evaluation
synthetic-showcase-h100-4gpu-full-telemetry-v1,2026-01-15T14:11:36.006Z,696.006,3,351.45,1485,57.4,74.9,61328,81920,63.6,evaluation
synthetic-showcase-h100-4gpu-full-telemetry-v1,2026-01-15T14:11:37.000Z,697,0,324.4,1452,54.7,73.9,60555,81920,66.1,evaluation
synthetic-showcase-h100-4gpu-full-telemetry-v1,2026-01-15T14:11:37.002Z,697.002,1,324.58,1414,51.7,74.1,60734,81920,64,evaluation
synthetic-showcase-h100-4gpu-full-telemetry-v1,2026-01-15T14:11:37.004Z,697.004,2,339.58,1458,55.3,74.5,61045,81920,62.9,evaluation
synthetic-showcase-h100-4gpu-full-telemetry-v1,2026-01-15T14:11:37.006Z,697.006,3,351.2,1484,57.3,74.9,61326,81920,63.6,evaluation
synthetic-showcase-h100-4gpu-full-telemetry-v1,2026-01-15T14:11:38.000Z,698,0,322.89,1443,54.1,73.9,60541,81920,66,evaluation
synthetic-showcase-h100-4gpu-full-telemetry-v1,2026-01-15T14:11:38.002Z,698.002,1,325.18,1417,52,74.1,60739,81920,64,evaluation
synthetic-showcase-h100-4gpu-full-telemetry-v1,2026-01-15T14:11:38.004Z,698.004,2,340.51,1463,55.7,74.5,61053,81920,62.9,evaluation
synthetic-showcase-h100-4gpu-full-telemetry-v1,2026-01-15T14:11:38.006Z,698.006,3,350.84,1482,57.1,74.9,61323,81920,63.6,evaluation
synthetic-showcase-h100-4gpu-full-telemetry-v1,2026-01-15T14:11:39.000Z,699,0,321.58,1436,53.5,73.9,60530,81920,65.9,evaluation
synthetic-showcase-h100-4gpu-full-telemetry-v1,2026-01-15T14:11:39.002Z,699.002,1,325.96,1421,52.3,74.2,60746,81920,64,evaluation
synthetic-showcase-h100-4gpu-full-telemetry-v1,2026-01-15T14:11:39.004Z,699.004,2,341.27,1468,56,74.5,61060,81920,63,evaluation
synthetic-showcase-h100-4gpu-full-telemetry-v1,2026-01-15T14:11:39.006Z,699.006,3,350.4,1479,57,74.9,61319,81920,63.6,evaluation
synthetic-showcase-h100-4gpu-full-telemetry-v1,2026-01-15T14:11:40.000Z,700,0,320.5,1430,53,73.9,60520,81920,65.8,evaluation
synthetic-showcase-h100-4gpu-full-telemetry-v1,2026-01-15T14:11:40.002Z,700.002,1,326.88,1427,52.7,74.2,60754,81920,64,evaluation
synthetic-showcase-h100-4gpu-full-telemetry-v1,2026-01-15T14:11:40.004Z,700.004,2,341.83,1471,56.3,74.5,61065,81920,63,evaluation
synthetic-showcase-h100-4gpu-full-telemetry-v1,2026-01-15T14:11:40.006Z,700.006,3,349.95,1477,56.8,74.8,61315,81920,63.5,evaluation
synthetic-showcase-h100-4gpu-full-telemetry-v1,2026-01-15T14:11:41.000Z,701,0,319.68,1425,52.6,73.9,60513,81920,65.7,evaluation
synthetic-showcase-h100-4gpu-full-telemetry-v1,2026-01-15T14:11:41.002Z,701.002,1,327.89,1432,53.2,74.2,60763,81920,64.1,evaluation
synthetic-showcase-h100-4gpu-full-telemetry-v1,2026-01-15T14:11:41.004Z,701.004,2,342.2,1473,56.4,74.5,61068,81920,63,evaluation
synthetic-showcase-h100-4gpu-full-telemetry-v1,2026-01-15T14:11:41.006Z,701.006,3,349.52,1475,56.6,74.8,61311,81920,63.5,evaluation
synthetic-showcase-h100-4gpu-full-telemetry-v1,2026-01-15T14:11:42.000Z,702,0,319.12,1422,52.4,73.9,60508,81920,65.7,evaluation
synthetic-showcase-h100-4gpu-full-telemetry-v1,2026-01-15T14:11:42.002Z,702.002,1,328.94,1438,53.6,74.2,60773,81920,64.1,evaluation
synthetic-showcase-h100-4gpu-full-telemetry-v1,2026-01-15T14:11:42.004Z,702.004,2,342.36,1474,56.5,74.5,61070,81920,63,evaluation
synthetic-showcase-h100-4gpu-full-telemetry-v1,2026-01-15T14:11:42.006Z,702.006,3,349.16,1473,56.4,74.8,61308,81920,63.5,evaluation
synthetic-showcase-h100-4gpu-full-telemetry-v1,2026-01-15T14:11:43.000Z,703,0,318.84,1421,52.3,73.9,60505,81920,65.7,evaluation
synthetic-showcase-h100-4gpu-full-telemetry-v1,2026-01-15T14:11:43.002Z,703.002,1,329.98,1444,54.1,74.2,60782,81920,64.1,evaluation
synthetic-showcase-h100-4gpu-full-telemetry-v1,2026-01-15T14:11:43.004Z,703.004,2,342.33,1474,56.5,74.5,61070,81920,63,evaluation
synthetic-showcase-h100-4gpu-full-telemetry-v1,2026-01-15T14:11:43.006Z,703.006,3,348.91,1471,56.3,74.8,61306,81920,63.5,evaluation
synthetic-showcase-h100-4gpu-full-telemetry-v1,2026-01-15T14:11:44.000Z,704,0,318.82,1421,52.3,73.9,60505,81920,65.6,evaluation
synthetic-showcase-h100-4gpu-full-telemetry-v1,2026-01-15T14:11:44.002Z,704.002,1,330.97,1449,54.5,74.2,60791,81920,64.2,evaluation
synthetic-showcase-h100-4gpu-full-telemetry-v1,2026-01-15T14:11:44.004Z,704.004,2,342.14,1472,56.4,74.5,61068,81920,63,evaluation
synthetic-showcase-h100-4gpu-full-telemetry-v1,2026-01-15T14:11:44.006Z,704.006,3,348.81,1471,56.3,74.8,61305,81920,63.5,evaluation
synthetic-showcase-h100-4gpu-full-telemetry-v1,2026-01-15T14:11:45.000Z,705,0,484.37,1903,91.7,73,59814,81920,74.9,steady_training
synthetic-showcase-h100-4gpu-full-telemetry-v1,2026-01-15T14:11:45.002Z,705.002,1,501.29,1924,93.2,73.4,60136,81920,73.7,steady_training
synthetic-showcase-h100-4gpu-full-telemetry-v1,2026-01-15T14:11:45.004Z,705.004,2,518.3,1942,94.8,73.8,60496,81920,72.8,steady_training
synthetic-showcase-h100-4gpu-full-telemetry-v1,2026-01-15T14:11:45.006Z,705.006,3,529.18,1949,95.4,74.2,60822,81920,73.7,steady_training
synthetic-showcase-h100-4gpu-full-telemetry-v1,2026-01-15T14:11:46.000Z,706,0,485.15,1905,91.8,73.1,59854,81920,74.9,steady_training
synthetic-showcase-h100-4gpu-full-telemetry-v1,2026-01-15T14:11:46.002Z,706.002,1,502.9,1927,93.5,73.5,60181,81920,73.7,steady_training
synthetic-showcase-h100-4gpu-full-telemetry-v1,2026-01-15T14:11:46.004Z,706.004,2,518.6,1942,94.8,73.9,60542,81920,72.8,steady_training
synthetic-showcase-h100-4gpu-full-telemetry-v1,2026-01-15T14:11:46.006Z,706.006,3,529.78,1950,95.5,74.3,60861,81920,73.7,steady_training
synthetic-showcase-h100-4gpu-full-telemetry-v1,2026-01-15T14:11:47.000Z,707,0,486.18,1907,92,73.1,59894,81920,75,steady_training
synthetic-showcase-h100-4gpu-full-telemetry-v1,2026-01-15T14:11:47.002Z,707.002,1,504.35,1929,93.7,73.5,60227,81920,73.8,steady_training
synthetic-showcase-h100-4gpu-full-telemetry-v1,2026-01-15T14:11:47.004Z,707.004,2,518.81,1943,94.9,74,60587,81920,72.8,steady_training
synthetic-showcase-h100-4gpu-full-telemetry-v1,2026-01-15T14:11:47.006Z,707.006,3,530.57,1952,95.6,74.3,60900,81920,73.8,steady_training
synthetic-showcase-h100-4gpu-full-telemetry-v1,2026-01-15T14:11:48.000Z,708,0,487.4,1910,92.2,73.2,59936,81920,75,steady_training
synthetic-showcase-h100-4gpu-full-telemetry-v1,2026-01-15T14:11:48.002Z,708.002,1,505.6,1932,93.9,73.6,60274,81920,73.8,steady_training
synthetic-showcase-h100-4gpu-full-telemetry-v1,2026-01-15T14:11:48.004Z,708.004,2,518.98,1943,94.9,74,60632,81920,72.8,steady_training
synthetic-showcase-h100-4gpu-full-telemetry-v1,2026-01-15T14:11:48.006Z,708.006,3,531.54,1954,95.8,74.4,60939,81920,73.8,steady_training
synthetic-showcase-h100-4gpu-full-telemetry-v1,2026-01-15T14:11:49.000Z,709,0,488.77,1912,92.4,73.2,59977,81920,75.1,steady_training
synthetic-showcase-h100-4gpu-full-telemetry-v1,2026-01-15T14:11:49.002Z,709.002,1,506.65,1934,94.1,73.6,60320,81920,73.8,steady_training
synthetic-showcase-h100-4gpu-full-telemetry-v1,2026-01-15T14:11:49.004Z,709.004,2,519.15,1943,94.9,74.1,60676,81920,72.8,steady_training
synthetic-showcase-h100-4gpu-full-telemetry-v1,2026-01-15T14:11:49.006Z,709.006,3,532.69,1956,95.9,74.4,60976,81920,73.9,steady_training
synthetic-showcase-h100-4gpu-full-telemetry-v1,2026-01-15T14:11:50.000Z,710,0,490.22,1915,92.6,73.3,60019,81920,75.1,steady_training
synthetic-showcase-h100-4gpu-full-telemetry-v1,2026-01-15T14:11:50.002Z,710.002,1,507.5,1935,94.2,73.7,60366,81920,73.9,steady_training
synthetic-showcase-h100-4gpu-full-telemetry-v1,2026-01-15T14:11:50.004Z,710.004,2,519.38,1943,95,74.1,60720,81920,72.8,steady_training
synthetic-showcase-h100-4gpu-full-telemetry-v1,2026-01-15T14:11:50.006Z,710.006,3,533.99,1959,96.1,74.5,61013,81920,74,steady_training
synthetic-showcase-h100-4gpu-full-telemetry-v1,2026-01-15T14:11:51.000Z,711,0,491.71,1918,92.8,73.3,60062,81920,75.2,steady_training
synthetic-showcase-h100-4gpu-full-telemetry-v1,2026-01-15T14:11:51.002Z,711.002,1,508.15,1936,94.3,73.7,60413,81920,73.9,steady_training
synthetic-showcase-h100-4gpu-full-telemetry-v1,2026-01-15T14:11:51.004Z,711.004,2,519.71,1943,95,74.2,60763,81920,72.8,steady_training
synthetic-showcase-h100-4gpu-full-telemetry-v1,2026-01-15T14:11:51.006Z,711.006,3,535.42,1962,96.4,74.5,61050,81920,74.1,steady_training
synthetic-showcase-h100-4gpu-full-telemetry-v1,2026-01-15T14:11:52.000Z,712,0,493.17,1921,93,73.4,60105,81920,75.2,steady_training
synthetic-showcase-h100-4gpu-full-telemetry-v1,2026-01-15T14:11:52.002Z,712.002,1,508.63,1937,94.4,73.8,60459,81920,73.9,steady_training
synthetic-showcase-h100-4gpu-full-telemetry-v1,2026-01-15T14:11:52.004Z,712.004,2,520.18,1944,95.1,74.2,60806,81920,72.8,steady_training
synthetic-showcase-h100-4gpu-full-telemetry-v1,2026-01-15T14:11:52.006Z,712.006,3,536.92,1965,96.6,74.6,61085,81920,74.2,steady_training
synthetic-showcase-h100-4gpu-full-telemetry-v1,2026-01-15T14:11:53.000Z,713,0,494.55,1924,93.3,73.4,60149,81920,75.3,steady_training
synthetic-showcase-h100-4gpu-full-telemetry-v1,2026-01-15T14:11:53.002Z,713.002,1,508.96,1937,94.4,73.9,60505,81920,73.9,steady_training
synthetic-showcase-h100-4gpu-full-telemetry-v1,2026-01-15T14:11:53.004Z,713.004,2,520.82,1945,95.2,74.3,60849,81920,72.9,steady_training
synthetic-showcase-h100-4gpu-full-telemetry-v1,2026-01-15T14:11:53.006Z,713.006,3,538.46,1969,96.8,74.6,61121,81920,74.3,steady_training
synthetic-showcase-h100-4gpu-full-telemetry-v1,2026-01-15T14:11:54.000Z,714,0,495.82,1926,93.5,73.5,60193,81920,75.3,steady_training
synthetic-showcase-h100-4gpu-full-telemetry-v1,2026-01-15T14:11:54.002Z,714.002,1,509.19,1937,94.5,73.9,60552,81920,73.8,steady_training
synthetic-showcase-h100-4gpu-full-telemetry-v1,2026-01-15T14:11:54.004Z,714.004,2,521.65,1947,95.3,74.3,60890,81920,72.9,steady_training
synthetic-showcase-h100-4gpu-full-telemetry-v1,2026-01-15T14:11:54.006Z,714.006,3,539.98,1972,97,74.7,61155,81920,74.4,steady_training
synthetic-showcase-h100-4gpu-full-telemetry-v1,2026-01-15T14:11:55.000Z,715,0,496.93,1929,93.6,73.5,60238,81920,75.4,steady_training
synthetic-showcase-h100-4gpu-full-telemetry-v1,2026-01-15T14:11:55.002Z,715.002,1,509.35,1937,94.5,74,60598,81920,73.8,steady_training
synthetic-showcase-h100-4gpu-full-telemetry-v1,2026-01-15T14:11:55.004Z,715.004,2,522.69,1949,95.5,74.4,60931,81920,73,steady_training
synthetic-showcase-h100-4gpu-full-telemetry-v1,2026-01-15T14:11:55.006Z,715.006,3,541.42,1976,97.2,74.7,61190,81920,74.5,steady_training
synthetic-showcase-h100-4gpu-full-telemetry-v1,2026-01-15T14:11:56.000Z,716,0,497.88,1930,93.8,73.6,60283,81920,75.4,steady_training
synthetic-showcase-h100-4gpu-full-telemetry-v1,2026-01-15T14:11:56.002Z,716.002,1,509.5,1937,94.5,74,60643,81920,73.8,steady_training
synthetic-showcase-h100-4gpu-full-telemetry-v1,2026-01-15T14:11:56.004Z,716.004,2,523.93,1951,95.7,74.4,60972,81920,73,steady_training
synthetic-showcase-h100-4gpu-full-telemetry-v1,2026-01-15T14:11:56.006Z,716.006,3,542.73,1979,97.4,74.7,61223,81920,74.6,steady_training
synthetic-showcase-h100-4gpu-full-telemetry-v1,2026-01-15T14:11:57.000Z,717,0,498.63,1932,93.9,73.6,60328,81920,75.4,steady_training
synthetic-showcase-h100-4gpu-full-telemetry-v1,2026-01-15T14:11:57.002Z,717.002,1,509.69,1937,94.6,74.1,60689,81920,73.8,steady_training
synthetic-showcase-h100-4gpu-full-telemetry-v1,2026-01-15T14:11:57.004Z,717.004,2,525.35,1954,95.9,74.5,61011,81920,73.1,steady_training
synthetic-showcase-h100-4gpu-full-telemetry-v1,2026-01-15T14:11:57.006Z,717.006,3,543.84,1981,97.6,74.8,61257,81920,74.7,steady_training
synthetic-showcase-h100-4gpu-full-telemetry-v1,2026-01-15T14:11:58.000Z,718,0,499.21,1932,94,73.7,60374,81920,75.4,steady_training
synthetic-showcase-h100-4gpu-full-telemetry-v1,2026-01-15T14:11:58.002Z,718.002,1,509.95,1937,94.6,74.1,60734,81920,73.8,steady_training
synthetic-showcase-h100-4gpu-full-telemetry-v1,2026-01-15T14:11:58.004Z,718.004,2,526.95,1958,96.2,74.5,61050,81920,73.2,steady_training
synthetic-showcase-h100-4gpu-full-telemetry-v1,2026-01-15T14:11:58.006Z,718.006,3,544.73,1983,97.7,74.8,61289,81920,74.8,steady_training
synthetic-showcase-h100-4gpu-full-telemetry-v1,2026-01-15T14:11:59.000Z,719,0,499.61,1933,94.1,73.8,60420,81920,75.4,steady_training
synthetic-showcase-h100-4gpu-full-telemetry-v1,2026-01-15T14:11:59.002Z,719.002,1,510.35,1938,94.7,74.2,60779,81920,73.8,steady_training
synthetic-showcase-h100-4gpu-full-telemetry-v1,2026-01-15T14:11:59.004Z,719.004,2,528.67,1962,96.4,74.6,61089,81920,73.3,steady_training
synthetic-showcase-h100-4gpu-full-telemetry-v1,2026-01-15T14:11:59.006Z,719.006,3,545.33,1985,97.8,74.9,61322,81920,74.8,steady_training
synthetic-showcase-h100-4gpu-full-telemetry-v1,2026-01-15T14:12:00.000Z,720,0,499.85,1933,94.1,73.8,60466,81920,75.4,steady_training
synthetic-showcase-h100-4gpu-full-telemetry-v1,2026-01-15T14:12:00.002Z,720.002,1,510.92,1939,94.8,74.2,60823,81920,73.8,steady_training
synthetic-showcase-h100-4gpu-full-telemetry-v1,2026-01-15T14:12:00.004Z,720.004,2,530.49,1965,96.7,74.6,61126,81920,73.4,steady_training
synthetic-showcase-h100-4gpu-full-telemetry-v1,2026-01-15T14:12:00.006Z,720.006,3,545.62,1986,97.9,74.9,61354,81920,74.9,steady_training
synthetic-showcase-h100-4gpu-full-telemetry-v1,2026-01-15T14:12:01.000Z,721,0,499.98,1933,94.1,73.9,60512,81920,75.4,steady_training
synthetic-showcase-h100-4gpu-full-telemetry-v1,2026-01-15T14:12:01.002Z,721.002,1,511.68,1940,94.9,74.3,60867,81920,73.8,steady_training
synthetic-showcase-h100-4gpu-full-telemetry-v1,2026-01-15T14:12:01.004Z,721.004,2,532.34,1969,97,74.7,61163,81920,73.5,steady_training
synthetic-showcase-h100-4gpu-full-telemetry-v1,2026-01-15T14:12:01.006Z,721.006,3,545.58,1986,97.9,74.9,61386,81920,74.9,steady_training
synthetic-showcase-h100-4gpu-full-telemetry-v1,2026-01-15T14:12:02.000Z,722,0,500.03,1933,94.2,73.9,60558,81920,75.4,steady_training
synthetic-showcase-h100-4gpu-full-telemetry-v1,2026-01-15T14:12:02.002Z,722.002,1,512.65,1942,95.1,74.4,60910,81920,73.8,steady_training
synthetic-showcase-h100-4gpu-full-telemetry-v1,2026-01-15T14:12:02.004Z,722.004,2,534.17,1974,97.2,74.7,61200,81920,73.6,steady_training
synthetic-showcase-h100-4gpu-full-telemetry-v1,2026-01-15T14:12:02.006Z,722.006,3,545.19,1985,97.8,75,61418,81920,74.9,steady_training
synthetic-showcase-h100-4gpu-full-telemetry-v1,2026-01-15T14:12:03.000Z,723,0,500.04,1932,94.2,74,60604,81920,75.4,steady_training
synthetic-showcase-h100-4gpu-full-telemetry-v1,2026-01-15T14:12:03.002Z,723.002,1,513.86,1944,95.2,74.4,60953,81920,73.9,steady_training
synthetic-showcase-h100-4gpu-full-telemetry-v1,2026-01-15T14:12:03.004Z,723.004,2,535.93,1977,97.5,74.8,61236,81920,73.7,steady_training
synthetic-showcase-h100-4gpu-full-telemetry-v1,2026-01-15T14:12:03.006Z,723.006,3,544.46,1984,97.7,75,61449,81920,74.9,steady_training
synthetic-showcase-h100-4gpu-full-telemetry-v1,2026-01-15T14:12:04.000Z,724,0,500.06,1932,94.2,74,60650,81920,75.3,steady_training
synthetic-showcase-h100-4gpu-full-telemetry-v1,2026-01-15T14:12:04.002Z,724.002,1,515.29,1947,95.5,74.5,60995,81920,73.9,steady_training
synthetic-showcase-h100-4gpu-full-telemetry-v1,2026-01-15T14:12:04.004Z,724.004,2,537.55,1981,97.7,74.8,61271,81920,73.7,steady_training
synthetic-showcase-h100-4gpu-full-telemetry-v1,2026-01-15T14:12:04.006Z,724.006,3,543.41,1981,97.5,75,61481,81920,74.8,steady_training
synthetic-showcase-h100-4gpu-full-telemetry-v1,2026-01-15T14:12:05.000Z,725,0,500.15,1932,94.2,74.1,60696,81920,75.3,steady_training
synthetic-showcase-h100-4gpu-full-telemetry-v1,2026-01-15T14:12:05.002Z,725.002,1,516.93,1951,95.7,74.5,61037,81920,74,steady_training
synthetic-showcase-h100-4gpu-full-telemetry-v1,2026-01-15T14:12:05.004Z,725.004,2,538.98,1984,98,74.8,61306,81920,73.8,steady_training
synthetic-showcase-h100-4gpu-full-telemetry-v1,2026-01-15T14:12:05.006Z,725.006,3,542.06,1979,97.3,75.1,61512,81920,74.8,steady_training
synthetic-showcase-h100-4gpu-full-telemetry-v1,2026-01-15T14:12:06.000Z,726,0,500.35,1932,94.2,74.1,60742,81920,75.3,steady_training
synthetic-showcase-h100-4gpu-full-telemetry-v1,2026-01-15T14:12:06.002Z,726.002,1,518.75,1954,96,74.6,61078,81920,74.1,steady_training
synthetic-showcase-h100-4gpu-full-telemetry-v1,2026-01-15T14:12:06.004Z,726.004,2,540.17,1987,98.1,74.9,61340,81920,73.9,steady_training
synthetic-showcase-h100-4gpu-full-telemetry-v1,2026-01-15T14:12:06.006Z,726.006,3,540.44,1975,97.1,75.1,61544,81920,74.7,steady_training
synthetic-showcase-h100-4gpu-full-telemetry-v1,2026-01-15T14:12:07.000Z,727,0,500.71,1932,94.3,74.2,60787,81920,75.3,steady_training
synthetic-showcase-h100-4gpu-full-telemetry-v1,2026-01-15T14:12:07.002Z,727.002,1,520.72,1959,96.3,74.6,61118,81920,74.1,steady_training
synthetic-showcase-h100-4gpu-full-telemetry-v1,2026-01-15T14:12:07.004Z,727.004,2,541.07,1989,98.3,74.9,61373,81920,73.9,steady_training
synthetic-showcase-h100-4gpu-full-telemetry-v1,2026-01-15T14:12:07.006Z,727.006,3,538.62,1971,96.8,75.2,61575,81920,74.6,steady_training
synthetic-showcase-h100-4gpu-full-telemetry-v1,2026-01-15T14:12:08.000Z,728,0,501.26,1933,94.4,74.3,60833,81920,75.3,steady_training
synthetic-showcase-h100-4gpu-full-telemetry-v1,2026-01-15T14:12:08.002Z,728.002,1,522.8,1963,96.6,74.7,61158,81920,74.2,steady_training
synthetic-showcase-h100-4gpu-full-telemetry-v1,2026-01-15T14:12:08.004Z,728.004,2,541.65,1990,98.4,75,61406,81920,73.9,steady_training
synthetic-showcase-h100-4gpu-full-telemetry-v1,2026-01-15T14:12:08.006Z,728.006,3,536.64,1967,96.5,75.2,61607,81920,74.5,steady_training
synthetic-showcase-h100-4gpu-full-telemetry-v1,2026-01-15T14:12:09.000Z,729,0,502.04,1934,94.5,74.3,60878,81920,75.3,steady_training
synthetic-showcase-h100-4gpu-full-telemetry-v1,2026-01-15T14:12:09.002Z,729.002,1,524.93,1968,96.9,74.7,61197,81920,74.3,steady_training
synthetic-showcase-h100-4gpu-full-telemetry-v1,2026-01-15T14:12:09.004Z,729.004,2,541.89,1991,98.4,75,61439,81920,74,steady_training
synthetic-showcase-h100-4gpu-full-telemetry-v1,2026-01-15T14:12:09.006Z,729.006,3,534.56,1963,96.2,75.2,61639,81920,74.4,steady_training
synthetic-showcase-h100-4gpu-full-telemetry-v1,2026-01-15T14:12:10.000Z,730,0,503.06,1936,94.7,74.4,60922,81920,75.4,steady_training
synthetic-showcase-h100-4gpu-full-telemetry-v1,2026-01-15T14:12:10.002Z,730.002,1,527.04,1972,97.2,74.8,61235,81920,74.4,steady_training
synthetic-showcase-h100-4gpu-full-telemetry-v1,2026-01-15T14:12:10.004Z,730.004,2,541.76,1991,98.4,75,61471,81920,73.9,steady_training
synthetic-showcase-h100-4gpu-full-telemetry-v1,2026-01-15T14:12:10.006Z,730.006,3,532.44,1958,95.8,75.3,61671,81920,74.3,steady_training
synthetic-showcase-h100-4gpu-full-telemetry-v1,2026-01-15T14:12:11.000Z,731,0,504.34,1939,94.9,74.4,60966,81920,75.4,steady_training
synthetic-showcase-h100-4gpu-full-telemetry-v1,2026-01-15T14:12:11.002Z,731.002,1,529.09,1977,97.6,74.8,61273,81920,74.5,steady_training
synthetic-showcase-h100-4gpu-full-telemetry-v1,2026-01-15T14:12:11.004Z,731.004,2,541.28,1990,98.3,75.1,61503,81920,73.9,steady_training
synthetic-showcase-h100-4gpu-full-telemetry-v1,2026-01-15T14:12:11.006Z,731.006,3,530.36,1954,95.5,75.3,61703,81920,74.2,steady_training
synthetic-showcase-h100-4gpu-full-telemetry-v1,2026-01-15T14:12:12.000Z,732,0,505.87,1942,95.1,74.5,61010,81920,75.5,steady_training
synthetic-showcase-h100-4gpu-full-telemetry-v1,2026-01-15T14:12:12.002Z,732.002,1,531.02,1981,97.8,74.8,61310,81920,74.6,steady_training
synthetic-showcase-h100-4gpu-full-telemetry-v1,2026-01-15T14:12:12.004Z,732.004,2,540.46,1988,98.2,75.1,61535,81920,73.9,steady_training
synthetic-showcase-h100-4gpu-full-telemetry-v1,2026-01-15T14:12:12.006Z,732.006,3,528.38,1950,95.2,75.4,61736,81920,74.2,steady_training
synthetic-showcase-h100-4gpu-full-telemetry-v1,2026-01-15T14:12:13.000Z,733,0,507.63,1945,95.4,74.5,61053,81920,75.5,steady_training
synthetic-showcase-h100-4gpu-full-telemetry-v1,2026-01-15T14:12:13.002Z,733.002,1,532.75,1985,98.1,74.9,61346,81920,74.7,steady_training
synthetic-showcase-h100-4gpu-full-telemetry-v1,2026-01-15T14:12:13.004Z,733.004,2,539.32,1986,98,75.2,61567,81920,73.8,steady_training
synthetic-showcase-h100-4gpu-full-telemetry-v1,2026-01-15T14:12:13.006Z,733.006,3,526.54,1946,95,75.4,61769,81920,74.1,steady_training
synthetic-showcase-h100-4gpu-full-telemetry-v1,2026-01-15T14:12:14.000Z,734,0,509.6,1949,95.7,74.6,61096,81920,75.6,steady_training
synthetic-showcase-h100-4gpu-full-telemetry-v1,2026-01-15T14:12:14.002Z,734.002,1,534.25,1988,98.3,74.9,61382,81920,74.7,steady_training
synthetic-showcase-h100-4gpu-full-telemetry-v1,2026-01-15T14:12:14.004Z,734.004,2,537.9,1983,97.8,75.2,61598,81920,73.7,steady_training
synthetic-showcase-h100-4gpu-full-telemetry-v1,2026-01-15T14:12:14.006Z,734.006,3,524.91,1942,94.7,75.4,61802,81920,74,steady_training
synthetic-showcase-h100-4gpu-full-telemetry-v1,2026-01-15T14:12:15.000Z,735,0,511.74,1954,96,74.6,61138,81920,75.7,steady_training
synthetic-showcase-h100-4gpu-full-telemetry-v1,2026-01-15T14:12:15.002Z,735.002,1,535.45,1991,98.5,75,61417,81920,74.8,steady_training
synthetic-showcase-h100-4gpu-full-telemetry-v1,2026-01-15T14:12:15.004Z,735.004,2,536.25,1980,97.5,75.2,61629,81920,73.6,steady_training
synthetic-showcase-h100-4gpu-full-telemetry-v1,2026-01-15T14:12:15.006Z,735.006,3,523.52,1939,94.5,75.5,61836,81920,74,steady_training
synthetic-showcase-h100-4gpu-full-telemetry-v1,2026-01-15T14:12:16.000Z,736,0,514.01,1959,96.3,74.7,61180,81920,75.8,steady_training
synthetic-showcase-h100-4gpu-full-telemetry-v1,2026-01-15T14:12:16.002Z,736.002,1,536.34,1993,98.6,75,61452,81920,74.8,steady_training
synthetic-showcase-h100-4gpu-full-telemetry-v1,2026-01-15T14:12:16.004Z,736.004,2,534.41,1976,97.2,75.3,61660,81920,73.5,steady_training
synthetic-showcase-h100-4gpu-full-telemetry-v1,2026-01-15T14:12:16.006Z,736.006,3,522.39,1937,94.3,75.5,61870,81920,73.9,steady_training
synthetic-showcase-h100-4gpu-full-telemetry-v1,2026-01-15T14:12:17.000Z,737,0,516.34,1964,96.7,74.7,61220,81920,75.9,steady_training
synthetic-showcase-h100-4gpu-full-telemetry-v1,2026-01-15T14:12:17.002Z,737.002,1,536.87,1994,98.7,75.1,61486,81920,74.8,steady_training
synthetic-showcase-h100-4gpu-full-telemetry-v1,2026-01-15T14:12:17.004Z,737.004,2,532.46,1972,96.9,75.3,61691,81920,73.4,steady_training
synthetic-showcase-h100-4gpu-full-telemetry-v1,2026-01-15T14:12:17.006Z,737.006,3,521.56,1935,94.2,75.6,61905,81920,73.9,steady_training
synthetic-showcase-h100-4gpu-full-telemetry-v1,2026-01-15T14:12:18.000Z,738,0,518.69,1969,97.1,74.8,61261,81920,76,steady_training
synthetic-showcase-h100-4gpu-full-telemetry-v1,2026-01-15T14:12:18.002Z,738.002,1,537.04,1994,98.7,75.1,61519,81920,74.8,steady_training
synthetic-showcase-h100-4gpu-full-telemetry-v1,2026-01-15T14:12:18.004Z,738.004,2,530.45,1968,96.6,75.3,61722,81920,73.3,steady_training
synthetic-showcase-h100-4gpu-full-telemetry-v1,2026-01-15T14:12:18.006Z,738.006,3,521.02,1934,94.1,75.6,61941,81920,73.9,steady_training
synthetic-showcase-h100-4gpu-full-telemetry-v1,2026-01-15T14:12:19.000Z,739,0,520.98,1973,97.4,74.8,61300,81920,76.1,steady_training
synthetic-showcase-h100-4gpu-full-telemetry-v1,2026-01-15T14:12:19.002Z,739.002,1,536.85,1994,98.7,75.1,61552,81920,74.7,steady_training
synthetic-showcase-h100-4gpu-full-telemetry-v1,2026-01-15T14:12:19.004Z,739.004,2,528.45,1964,96.3,75.4,61753,81920,73.2,steady_training
synthetic-showcase-h100-4gpu-full-telemetry-v1,2026-01-15T14:12:19.006Z,739.006,3,520.78,1934,94.1,75.7,61977,81920,73.9,steady_training
synthetic-showcase-h100-4gpu-full-telemetry-v1,2026-01-15T14:12:20.000Z,740,0,523.16,1978,97.7,74.9,61339,81920,76.2,steady_training
synthetic-showcase-h100-4gpu-full-telemetry-v1,2026-01-15T14:12:20.002Z,740.002,1,536.3,1993,98.6,75.2,61585,81920,74.7,steady_training
synthetic-showcase-h100-4gpu-full-telemetry-v1,2026-01-15T14:12:20.004Z,740.004,2,526.52,1959,96,75.4,61785,81920,73.1,steady_training
synthetic-showcase-h100-4gpu-full-telemetry-v1,2026-01-15T14:12:20.006Z,740.006,3,520.8,1934,94.1,75.7,62013,81920,73.9,steady_training
synthetic-showcase-h100-4gpu-full-telemetry-v1,2026-01-15T14:12:21.000Z,741,0,525.17,1982,98,74.9,61377,81920,76.3,steady_training
synthetic-showcase-h100-4gpu-full-telemetry-v1,2026-01-15T14:12:21.002Z,741.002,1,535.43,1991,98.5,75.2,61617,81920,74.6,steady_training
synthetic-showcase-h100-4gpu-full-telemetry-v1,2026-01-15T14:12:21.004Z,741.004,2,524.72,1956,95.8,75.5,61816,81920,73,steady_training
synthetic-showcase-h100-4gpu-full-telemetry-v1,2026-01-15T14:12:21.006Z,741.006,3,521.06,1934,94.1,75.7,62050,81920,74,steady_training
synthetic-showcase-h100-4gpu-full-telemetry-v1,2026-01-15T14:12:22.000Z,742,0,526.94,1986,98.3,75,61415,81920,76.4,steady_training
synthetic-showcase-h100-4gpu-full-telemetry-v1,2026-01-15T14:12:22.002Z,742.002,1,534.26,1989,98.3,75.3,61648,81920,74.5,steady_training
synthetic-showcase-h100-4gpu-full-telemetry-v1,2026-01-15T14:12:22.004Z,742.004,2,523.09,1952,95.5,75.5,61848,81920,72.9,steady_training
synthetic-showcase-h100-4gpu-full-telemetry-v1,2026-01-15T14:12:22.006Z,742.006,3,521.53,1935,94.2,75.8,62088,81920,74,steady_training
synthetic-showcase-h100-4gpu-full-telemetry-v1,2026-01-15T14:12:23.000Z,743,0,528.44,1990,98.5,75,61452,81920,76.4,steady_training
synthetic-showcase-h100-4gpu-full-telemetry-v1,2026-01-15T14:12:23.002Z,743.002,1,532.84,1986,98.1,75.3,61680,81920,74.4,steady_training
synthetic-showcase-h100-4gpu-full-telemetry-v1,2026-01-15T14:12:23.004Z,743.004,2,521.67,1949,95.3,75.5,61880,81920,72.8,steady_training
synthetic-showcase-h100-4gpu-full-telemetry-v1,2026-01-15T14:12:23.006Z,743.006,3,522.15,1936,94.3,75.8,62126,81920,74.1,steady_training
synthetic-showcase-h100-4gpu-full-telemetry-v1,2026-01-15T14:12:24.000Z,744,0,529.61,1992,98.7,75.1,61488,81920,76.5,steady_training
synthetic-showcase-h100-4gpu-full-telemetry-v1,2026-01-15T14:12:24.002Z,744.002,1,531.22,1983,97.8,75.3,61711,81920,74.3,steady_training
synthetic-showcase-h100-4gpu-full-telemetry-v1,2026-01-15T14:12:24.004Z,744.004,2,520.5,1947,95.1,75.6,61912,81920,72.8,steady_training
synthetic-showcase-h100-4gpu-full-telemetry-v1,2026-01-15T14:12:24.006Z,744.006,3,522.88,1938,94.4,75.9,62165,81920,74.1,steady_training
synthetic-showcase-h100-4gpu-full-telemetry-v1,2026-01-15T14:12:25.000Z,745,0,530.44,1994,98.8,75.1,61524,81920,76.5,steady_training
synthetic-showcase-h100-4gpu-full-telemetry-v1,2026-01-15T14:12:25.002Z,745.002,1,529.47,1979,97.6,75.4,61742,81920,74.2,steady_training
synthetic-showcase-h100-4gpu-full-telemetry-v1,2026-01-15T14:12:25.004Z,745.004,2,519.6,1945,95,75.6,61945,81920,72.7,steady_training
synthetic-showcase-h100-4gpu-full-telemetry-v1,2026-01-15T14:12:25.006Z,745.006,3,523.67,1940,94.5,75.9,62204,81920,74.2,steady_training
synthetic-showcase-h100-4gpu-full-telemetry-v1,2026-01-15T14:12:26.000Z,746,0,530.91,1995,98.9,75.1,61559,81920,76.5,steady_training
synthetic-showcase-h100-4gpu-full-telemetry-v1,2026-01-15T14:12:26.002Z,746.002,1,527.64,1975,97.3,75.4,61772,81920,74.1,steady_training
synthetic-showcase-h100-4gpu-full-telemetry-v1,2026-01-15T14:12:26.004Z,746.004,2,518.96,1944,94.9,75.7,61978,81920,72.7,steady_training
synthetic-showcase-h100-4gpu-full-telemetry-v1,2026-01-15T14:12:26.006Z,746.006,3,524.45,1941,94.6,76,62244,81920,74.3,steady_training
synthetic-showcase-h100-4gpu-full-telemetry-v1,2026-01-15T14:12:27.000Z,747,0,531.02,1995,98.9,75.2,61593,81920,76.5,steady_training
synthetic-showcase-h100-4gpu-full-telemetry-v1,2026-01-15T14:12:27.002Z,747.002,1,525.8,1971,97,75.4,61803,81920,73.9,steady_training
synthetic-showcase-h100-4gpu-full-telemetry-v1,2026-01-15T14:12:27.004Z,747.004,2,518.59,1943,94.8,75.7,62012,81920,72.7,steady_training
synthetic-showcase-h100-4gpu-full-telemetry-v1,2026-01-15T14:12:27.006Z,747.006,3,525.18,1943,94.8,76,62285,81920,74.4,steady_training
synthetic-showcase-h100-4gpu-full-telemetry-v1,2026-01-15T14:12:28.000Z,748,0,530.77,1995,98.9,75.2,61627,81920,76.4,steady_training
synthetic-showcase-h100-4gpu-full-telemetry-v1,2026-01-15T14:12:28.002Z,748.002,1,524.01,1968,96.7,75.5,61833,81920,73.8,steady_training
synthetic-showcase-h100-4gpu-full-telemetry-v1,2026-01-15T14:12:28.004Z,748.004,2,518.47,1943,94.8,75.7,62046,81920,72.7,steady_training
synthetic-showcase-h100-4gpu-full-telemetry-v1,2026-01-15T14:12:28.006Z,748.006,3,525.82,1944,94.9,76.1,62326,81920,74.4,steady_training
synthetic-showcase-h100-4gpu-full-telemetry-v1,2026-01-15T14:12:29.000Z,749,0,530.18,1994,98.8,75.3,61660,81920,76.4,steady_training
synthetic-showcase-h100-4gpu-full-telemetry-v1,2026-01-15T14:12:29.002Z,749.002,1,522.32,1964,96.5,75.5,61864,81920,73.7,steady_training
synthetic-showcase-h100-4gpu-full-telemetry-v1,2026-01-15T14:12:29.004Z,749.004,2,518.57,1943,94.8,75.8,62080,81920,72.7,steady_training
synthetic-showcase-h100-4gpu-full-telemetry-v1,2026-01-15T14:12:29.006Z,749.006,3,526.32,1945,94.9,76.1,62367,81920,74.5,steady_training
synthetic-showcase-h100-4gpu-full-telemetry-v1,2026-01-15T14:12:30.000Z,750,0,529.3,1992,98.6,75.3,61692,81920,76.3,steady_training
synthetic-showcase-h100-4gpu-full-telemetry-v1,2026-01-15T14:12:30.002Z,750.002,1,520.78,1961,96.2,75.6,61895,81920,73.6,steady_training
synthetic-showcase-h100-4gpu-full-telemetry-v1,2026-01-15T14:12:30.004Z,750.004,2,518.85,1944,94.9,75.8,62115,81920,72.7,steady_training
synthetic-showcase-h100-4gpu-full-telemetry-v1,2026-01-15T14:12:30.006Z,750.006,3,526.65,1945,95,76.2,62409,81920,74.5,steady_training
synthetic-showcase-h100-4gpu-full-telemetry-v1,2026-01-15T14:12:31.000Z,751,0,528.16,1990,98.5,75.3,61725,81920,76.2,steady_training
synthetic-showcase-h100-4gpu-full-telemetry-v1,2026-01-15T14:12:31.002Z,751.002,1,519.43,1958,96,75.6,61925,81920,73.5,steady_training
synthetic-showcase-h100-4gpu-full-telemetry-v1,2026-01-15T14:12:31.004Z,751.004,2,519.26,1945,94.9,75.9,62151,81920,72.7,steady_training
synthetic-showcase-h100-4gpu-full-telemetry-v1,2026-01-15T14:12:31.006Z,751.006,3,526.8,1945,95,76.2,62452,81920,74.5,steady_training
synthetic-showcase-h100-4gpu-full-telemetry-v1,2026-01-15T14:12:32.000Z,752,0,526.81,1987,98.3,75.4,61756,81920,76.1,steady_training
synthetic-showcase-h100-4gpu-full-telemetry-v1,2026-01-15T14:12:32.002Z,752.002,1,518.3,1956,95.9,75.6,61956,81920,73.4,steady_training
synthetic-showcase-h100-4gpu-full-telemetry-v1,2026-01-15T14:12:32.004Z,752.004,2,519.76,1946,95,75.9,62187,81920,72.7,steady_training
synthetic-showcase-h100-4gpu-full-telemetry-v1,2026-01-15T14:12:32.006Z,752.006,3,526.75,1945,95,76.3,62495,81920,74.6,steady_training
synthetic-showcase-h100-4gpu-full-telemetry-v1,2026-01-15T14:12:33.000Z,753,0,525.31,1984,98,75.4,61788,81920,76,steady_training
synthetic-showcase-h100-4gpu-full-telemetry-v1,2026-01-15T14:12:33.002Z,753.002,1,517.41,1954,95.7,75.7,61987,81920,73.3,steady_training
synthetic-showcase-h100-4gpu-full-telemetry-v1,2026-01-15T14:12:33.004Z,753.004,2,520.3,1947,95.1,76,62224,81920,72.8,steady_training
synthetic-showcase-h100-4gpu-full-telemetry-v1,2026-01-15T14:12:33.006Z,753.006,3,526.51,1944,95,76.3,62538,81920,74.6,steady_training
synthetic-showcase-h100-4gpu-full-telemetry-v1,2026-01-15T14:12:34.000Z,754,0,523.73,1981,97.8,75.5,61819,81920,75.9,steady_training
synthetic-showcase-h100-4gpu-full-telemetry-v1,2026-01-15T14:12:34.002Z,754.002,1,516.77,1953,95.6,75.7,62018,81920,73.3,steady_training
synthetic-showcase-h100-4gpu-full-telemetry-v1,2026-01-15T14:12:34.004Z,754.004,2,520.82,1948,95.2,76,62261,81920,72.8,steady_training
synthetic-showcase-h100-4gpu-full-telemetry-v1,2026-01-15T14:12:34.006Z,754.006,3,526.09,1943,94.9,76.4,62581,81920,74.6,steady_training
synthetic-showcase-h100-4gpu-full-telemetry-v1,2026-01-15T14:12:35.000Z,755,0,522.11,1977,97.5,75.5,61849,81920,75.8,steady_training
synthetic-showcase-h100-4gpu-full-telemetry-v1,2026-01-15T14:12:35.002Z,755.002,1,516.36,1952,95.6,75.7,62050,81920,73.2,steady_training
synthetic-showcase-h100-4gpu-full-telemetry-v1,2026-01-15T14:12:35.004Z,755.004,2,521.28,1949,95.2,76,62299,81920,72.8,steady_training
synthetic-showcase-h100-4gpu-full-telemetry-v1,2026-01-15T14:12:35.006Z,755.006,3,525.52,1941,94.9,76.4,62625,81920,74.6,steady_training
synthetic-showcase-h100-4gpu-full-telemetry-v1,2026-01-15T14:12:36.000Z,756,0,520.52,1974,97.3,75.5,61880,81920,75.6,steady_training
synthetic-showcase-h100-4gpu-full-telemetry-v1,2026-01-15T14:12:36.002Z,756.002,1,516.18,1952,95.5,75.8,62082,81920,73.2,steady_training
synthetic-showcase-h100-4gpu-full-telemetry-v1,2026-01-15T14:12:36.004Z,756.004,2,521.62,1950,95.3,76.1,62338,81920,72.9,steady_training
synthetic-showcase-h100-4gpu-full-telemetry-v1,2026-01-15T14:12:36.006Z,756.006,3,524.84,1939,94.8,76.5,62669,81920,74.6,steady_training
synthetic-showcase-h100-4gpu-full-telemetry-v1,2026-01-15T14:12:37.000Z,757,0,519.02,1971,97.1,75.6,61910,81920,75.5,steady_training
synthetic-showcase-h100-4gpu-full-telemetry-v1,2026-01-15T14:12:37.002Z,757.002,1,516.19,1952,95.5,75.8,62114,81920,73.2,steady_training
synthetic-showcase-h100-4gpu-full-telemetry-v1,2026-01-15T14:12:37.004Z,757.004,2,521.82,1950,95.3,76.1,62377,81920,72.9,steady_training
synthetic-showcase-h100-4gpu-full-telemetry-v1,2026-01-15T14:12:37.006Z,757.006,3,524.08,1937,94.6,76.6,62714,81920,74.6,steady_training
synthetic-showcase-h100-4gpu-full-telemetry-v1,2026-01-15T14:12:38.000Z,758,0,517.65,1968,96.9,75.6,61940,81920,75.4,steady_training
synthetic-showcase-h100-4gpu-full-telemetry-v1,2026-01-15T14:12:38.002Z,758.002,1,516.35,1953,95.6,75.9,62147,81920,73.2,steady_training
synthetic-showcase-h100-4gpu-full-telemetry-v1,2026-01-15T14:12:38.004Z,758.004,2,521.84,1950,95.3,76.2,62417,81920,72.9,steady_training
synthetic-showcase-h100-4gpu-full-telemetry-v1,2026-01-15T14:12:38.006Z,758.006,3,523.31,1935,94.5,76.6,62758,81920,74.5,steady_training
synthetic-showcase-h100-4gpu-full-telemetry-v1,2026-01-15T14:12:39.000Z,759,0,516.45,1966,96.7,75.6,61970,81920,75.3,steady_training
synthetic-showcase-h100-4gpu-full-telemetry-v1,2026-01-15T14:12:39.002Z,759.002,1,516.63,1954,95.6,75.9,62180,81920,73.2,steady_training
synthetic-showcase-h100-4gpu-full-telemetry-v1,2026-01-15T14:12:39.004Z,759.004,2,521.68,1950,95.3,76.2,62457,81920,72.9,steady_training
synthetic-showcase-h100-4gpu-full-telemetry-v1,2026-01-15T14:12:39.006Z,759.006,3,522.55,1933,94.4,76.7,62803,81920,74.5,steady_training
synthetic-showcase-h100-4gpu-full-telemetry-v1,2026-01-15T14:12:40.000Z,760,0,515.45,1964,96.5,75.7,62000,81920,75.2,steady_training
synthetic-showcase-h100-4gpu-full-telemetry-v1,2026-01-15T14:12:40.002Z,760.002,1,516.98,1955,95.6,75.9,62214,81920,73.2,steady_training
synthetic-showcase-h100-4gpu-full-telemetry-v1,2026-01-15T14:12:40.004Z,760.004,2,521.31,1949,95.2,76.3,62498,81920,72.9,steady_training
synthetic-showcase-h100-4gpu-full-telemetry-v1,2026-01-15T14:12:40.006Z,760.006,3,521.89,1932,94.3,76.7,62847,81920,74.5,steady_training
synthetic-showcase-h100-4gpu-full-telemetry-v1,2026-01-15T14:12:41.000Z,761,0,514.66,1962,96.4,75.7,62030,81920,75.2,steady_training
synthetic-showcase-h100-4gpu-full-telemetry-v1,2026-01-15T14:12:41.002Z,761.002,1,517.33,1955,95.7,76,62248,81920,73.2,steady_training
synthetic-showcase-h100-4gpu-full-telemetry-v1,2026-01-15T14:12:41.004Z,761.004,2,520.75,1947,95.2,76.3,62539,81920,72.9,steady_training
synthetic-showcase-h100-4gpu-full-telemetry-v1,2026-01-15T14:12:41.006Z,761.006,3,521.35,1930,94.3,76.8,62892,81920,74.5,steady_training
synthetic-showcase-h100-4gpu-full-telemetry-v1,2026-01-15T14:12:42.000Z,762,0,514.09,1961,96.3,75.8,62060,81920,75.1,steady_training
synthetic-showcase-h100-4gpu-full-telemetry-v1,2026-01-15T14:12:42.002Z,762.002,1,517.65,1956,95.7,76,62283,81920,73.2,steady_training
synthetic-showcase-h100-4gpu-full-telemetry-v1,2026-01-15T14:12:42.004Z,762.004,2,520.01,1945,95.1,76.4,62580,81920,72.8,steady_training
synthetic-showcase-h100-4gpu-full-telemetry-v1,2026-01-15T14:12:42.006Z,762.006,3,521.01,1929,94.2,76.8,62936,81920,74.5,steady_training
synthetic-showcase-h100-4gpu-full-telemetry-v1,2026-01-15T14:12:43.000Z,763,0,513.74,1961,96.2,75.8,62090,81920,75.1,steady_training
synthetic-showcase-h100-4gpu-full-telemetry-v1,2026-01-15T14:12:43.002Z,763.002,1,517.89,1957,95.8,76.1,62319,81920,73.2,steady_training
synthetic-showcase-h100-4gpu-full-telemetry-v1,2026-01-15T14:12:43.004Z,763.004,2,519.12,1943,94.9,76.4,62623,81920,72.8,steady_training
synthetic-showcase-h100-4gpu-full-telemetry-v1,2026-01-15T14:12:43.006Z,763.006,3,520.88,1928,94.2,76.9,62980,81920,74.5,steady_training
synthetic-showcase-h100-4gpu-full-telemetry-v1,2026-01-15T14:12:44.000Z,764,0,513.58,1961,96.2,75.8,62121,81920,75,steady_training
synthetic-showcase-h100-4gpu-full-telemetry-v1,2026-01-15T14:12:44.002Z,764.002,1,517.99,1957,95.8,76.1,62354,81920,73.1,steady_training
synthetic-showcase-h100-4gpu-full-telemetry-v1,2026-01-15T14:12:44.004Z,764.004,2,518.12,1941,94.8,76.5,62665,81920,72.7,steady_training
synthetic-showcase-h100-4gpu-full-telemetry-v1,2026-01-15T14:12:44.006Z,764.006,3,521.02,1928,94.2,76.9,63024,81920,74.6,steady_training
synthetic-showcase-h100-4gpu-full-telemetry-v1,2026-01-15T14:12:45.000Z,765,0,513.59,1961,96.2,75.9,62151,81920,75,steady_training
synthetic-showcase-h100-4gpu-full-telemetry-v1,2026-01-15T14:12:45.002Z,765.002,1,517.94,1957,95.8,76.2,62391,81920,73.1,steady_training
synthetic-showcase-h100-4gpu-full-telemetry-v1,2026-01-15T14:12:45.004Z,765.004,2,517.05,1938,94.6,76.5,62708,81920,72.7,steady_training
synthetic-showcase-h100-4gpu-full-telemetry-v1,2026-01-15T14:12:45.006Z,765.006,3,521.44,1929,94.3,77,63068,81920,74.6,steady_training
synthetic-showcase-h100-4gpu-full-telemetry-v1,2026-01-15T14:12:46.000Z,766,0,513.73,1962,96.2,75.9,62182,81920,75,steady_training
synthetic-showcase-h100-4gpu-full-telemetry-v1,2026-01-15T14:12:46.002Z,766.002,1,517.69,1956,95.7,76.2,62428,81920,73.1,steady_training
synthetic-showcase-h100-4gpu-full-telemetry-v1,2026-01-15T14:12:46.004Z,766.004,2,515.96,1935,94.5,76.6,62751,81920,72.6,steady_training
synthetic-showcase-h100-4gpu-full-telemetry-v1,2026-01-15T14:12:46.006Z,766.006,3,522.16,1930,94.4,77,63112,81920,74.7,steady_training
synthetic-showcase-h100-4gpu-full-telemetry-v1,2026-01-15T14:12:47.000Z,767,0,513.96,1962,96.3,75.9,62213,81920,75,steady_training
synthetic-showcase-h100-4gpu-full-telemetry-v1,2026-01-15T14:12:47.002Z,767.002,1,517.24,1955,95.7,76.3,62466,81920,73,steady_training
synthetic-showcase-h100-4gpu-full-telemetry-v1,2026-01-15T14:12:47.004Z,767.004,2,514.92,1933,94.3,76.7,62794,81920,72.6,steady_training
synthetic-showcase-h100-4gpu-full-telemetry-v1,2026-01-15T14:12:47.006Z,767.006,3,523.17,1932,94.6,77.1,63155,81920,74.8,steady_training
synthetic-showcase-h100-4gpu-full-telemetry-v1,2026-01-15T14:12:48.000Z,768,0,514.23,1963,96.3,76,62245,81920,74.9,steady_training
synthetic-showcase-h100-4gpu-full-telemetry-v1,2026-01-15T14:12:48.002Z,768.002,1,516.57,1954,95.6,76.3,62504,81920,73,steady_training
synthetic-showcase-h100-4gpu-full-telemetry-v1,2026-01-15T14:12:48.004Z,768.004,2,513.96,1930,94.2,76.7,62838,81920,72.5,steady_training
synthetic-showcase-h100-4gpu-full-telemetry-v1,2026-01-15T14:12:48.006Z,768.006,3,524.47,1935,94.8,77.1,63197,81920,74.9,steady_training
synthetic-showcase-h100-4gpu-full-telemetry-v1,2026-01-15T14:12:49.000Z,769,0,514.48,1964,96.3,76,62277,81920,74.9,steady_training
synthetic-showcase-h100-4gpu-full-telemetry-v1,2026-01-15T14:12:49.002Z,769.002,1,515.71,1952,95.5,76.3,62543,81920,72.9,steady_training
synthetic-showcase-h100-4gpu-full-telemetry-v1,2026-01-15T14:12:49.004Z,769.004,2,513.16,1928,94.1,76.8,62882,81920,72.5,steady_training
synthetic-showcase-h100-4gpu-full-telemetry-v1,2026-01-15T14:12:49.006Z,769.006,3,526.03,1938,95,77.2,63240,81920,75,steady_training
synthetic-showcase-h100-4gpu-full-telemetry-v1,2026-01-15T14:12:50.000Z,770,0,514.68,1964,96.4,76.1,62309,81920,74.9,steady_training
synthetic-showcase-h100-4gpu-full-telemetry-v1,2026-01-15T14:12:50.002Z,770.002,1,514.66,1949,95.3,76.4,62582,81920,72.8,steady_training
synthetic-showcase-h100-4gpu-full-telemetry-v1,2026-01-15T14:12:50.004Z,770.004,2,512.55,1927,94,76.8,62926,81920,72.5,steady_training
synthetic-showcase-h100-4gpu-full-telemetry-v1,2026-01-15T14:12:50.006Z,770.006,3,527.81,1942,95.3,77.2,63282,81920,75.1,steady_training
synthetic-showcase-h100-4gpu-full-telemetry-v1,2026-01-15T14:12:51.000Z,771,0,514.77,1965,96.4,76.1,62342,81920,74.9,steady_training
synthetic-showcase-h100-4gpu-full-telemetry-v1,2026-01-15T14:12:51.002Z,771.002,1,513.45,1946,95.1,76.4,62622,81920,72.8,steady_training
synthetic-showcase-h100-4gpu-full-telemetry-v1,2026-01-15T14:12:51.004Z,771.004,2,512.18,1925,93.9,76.9,62970,81920,72.5,steady_training
synthetic-showcase-h100-4gpu-full-telemetry-v1,2026-01-15T14:12:51.006Z,771.006,3,529.77,1946,95.6,77.3,63323,81920,75.3,steady_training
synthetic-showcase-h100-4gpu-full-telemetry-v1,2026-01-15T14:12:52.000Z,772,0,514.7,1965,96.4,76.1,62375,81920,74.8,steady_training
synthetic-showcase-h100-4gpu-full-telemetry-v1,2026-01-15T14:12:52.002Z,772.002,1,512.13,1943,94.9,76.5,62662,81920,72.7,steady_training
synthetic-showcase-h100-4gpu-full-telemetry-v1,2026-01-15T14:12:52.004Z,772.004,2,512.09,1925,93.9,76.9,63013,81920,72.5,steady_training
synthetic-showcase-h100-4gpu-full-telemetry-v1,2026-01-15T14:12:52.006Z,772.006,3,531.86,1950,95.9,77.3,63364,81920,75.4,steady_training
synthetic-showcase-h100-4gpu-full-telemetry-v1,2026-01-15T14:12:53.000Z,773,0,514.45,1964,96.3,76.2,62409,81920,74.8,steady_training
synthetic-showcase-h100-4gpu-full-telemetry-v1,2026-01-15T14:12:53.002Z,773.002,1,510.74,1940,94.7,76.5,62703,81920,72.6,steady_training
synthetic-showcase-h100-4gpu-full-telemetry-v1,2026-01-15T14:12:53.004Z,773.004,2,512.3,1925,94,77,63057,81920,72.5,steady_training
synthetic-showcase-h100-4gpu-full-telemetry-v1,2026-01-15T14:12:53.006Z,773.006,3,534.02,1955,96.2,77.4,63404,81920,75.6,steady_training
synthetic-showcase-h100-4gpu-full-telemetry-v1,2026-01-15T14:12:54.000Z,774,0,513.99,1963,96.2,76.2,62444,81920,74.7,steady_training
synthetic-showcase-h100-4gpu-full-telemetry-v1,2026-01-15T14:12:54.002Z,774.002,1,509.33,1937,94.5,76.6,62744,81920,72.5,steady_training
synthetic-showcase-h100-4gpu-full-telemetry-v1,2026-01-15T14:12:54.004Z,774.004,2,512.82,1926,94.1,77,63101,81920,72.5,steady_training
synthetic-showcase-h100-4gpu-full-telemetry-v1,2026-01-15T14:12:54.006Z,774.006,3,536.18,1959,96.6,77.4,63443,81920,75.7,steady_training
synthetic-showcase-h100-4gpu-full-telemetry-v1,2026-01-15T14:12:55.000Z,775,0,513.31,1962,96.1,76.3,62479,81920,74.7,steady_training
synthetic-showcase-h100-4gpu-full-telemetry-v1,2026-01-15T14:12:55.002Z,775.002,1,507.97,1934,94.3,76.6,62786,81920,72.4,steady_training
synthetic-showcase-h100-4gpu-full-telemetry-v1,2026-01-15T14:12:55.004Z,775.004,2,513.66,1927,94.2,77.1,63144,81920,72.6,steady_training
synthetic-showcase-h100-4gpu-full-telemetry-v1,2026-01-15T14:12:55.006Z,775.006,3,538.29,1964,96.9,77.5,63482,81920,75.9,steady_training
synthetic-showcase-h100-4gpu-full-telemetry-v1,2026-01-15T14:12:56.000Z,776,0,512.4,1960,96,76.3,62514,81920,74.6,steady_training
synthetic-showcase-h100-4gpu-full-telemetry-v1,2026-01-15T14:12:56.002Z,776.002,1,506.7,1931,94.1,76.7,62828,81920,72.3,steady_training
synthetic-showcase-h100-4gpu-full-telemetry-v1,2026-01-15T14:12:56.004Z,776.004,2,514.8,1930,94.4,77.1,63188,81920,72.7,steady_training
synthetic-showcase-h100-4gpu-full-telemetry-v1,2026-01-15T14:12:56.006Z,776.006,3,540.28,1968,97.2,77.5,63520,81920,76,steady_training
synthetic-showcase-h100-4gpu-full-telemetry-v1,2026-01-15T14:12:57.000Z,777,0,511.27,1957,95.8,76.4,62550,81920,74.5,steady_training
synthetic-showcase-h100-4gpu-full-telemetry-v1,2026-01-15T14:12:57.002Z,777.002,1,505.59,1928,94,76.7,62870,81920,72.2,steady_training
synthetic-showcase-h100-4gpu-full-telemetry-v1,2026-01-15T14:12:57.004Z,777.004,2,516.22,1932,94.6,77.2,63231,81920,72.8,steady_training
synthetic-showcase-h100-4gpu-full-telemetry-v1,2026-01-15T14:12:57.006Z,777.006,3,542.09,1972,97.4,77.6,63558,81920,76.1,steady_training
synthetic-showcase-h100-4gpu-full-telemetry-v1,2026-01-15T14:12:58.000Z,778,0,509.95,1954,95.6,76.4,62587,81920,74.4,steady_training
synthetic-showcase-h100-4gpu-full-telemetry-v1,2026-01-15T14:12:58.002Z,778.002,1,504.68,1926,93.8,76.8,62913,81920,72.2,steady_training
synthetic-showcase-h100-4gpu-full-telemetry-v1,2026-01-15T14:12:58.004Z,778.004,2,517.88,1936,94.8,77.2,63273,81920,72.9,steady_training
synthetic-showcase-h100-4gpu-full-telemetry-v1,2026-01-15T14:12:58.006Z,778.006,3,543.68,1975,97.7,77.6,63594,81920,76.3,steady_training
synthetic-showcase-h100-4gpu-full-telemetry-v1,2026-01-15T14:12:59.000Z,779,0,508.45,1951,95.4,76.4,62624,81920,74.3,steady_training
synthetic-showcase-h100-4gpu-full-telemetry-v1,2026-01-15T14:12:59.002Z,779.002,1,504.02,1924,93.7,76.9,62956,81920,72.1,steady_training
synthetic-showcase-h100-4gpu-full-telemetry-v1,2026-01-15T14:12:59.004Z,779.004,2,519.75,1940,95.1,77.3,63316,81920,73,steady_training
synthetic-showcase-h100-4gpu-full-telemetry-v1,2026-01-15T14:12:59.006Z,779.006,3,545,1978,97.9,77.7,63631,81920,76.4,steady_training
synthetic-showcase-h100-4gpu-full-telemetry-v1,2026-01-15T14:13:00.000Z,780,0,506.83,1948,95.2,76.5,62662,81920,74.2,steady_training
synthetic-showcase-h100-4gpu-full-telemetry-v1,2026-01-15T14:13:00.002Z,780.002,1,503.65,1923,93.7,76.9,62999,81920,72.1,steady_training
synthetic-showcase-h100-4gpu-full-telemetry-v1,2026-01-15T14:13:00.004Z,780.004,2,521.76,1944,95.4,77.3,63358,81920,73.1,steady_training
synthetic-showcase-h100-4gpu-full-telemetry-v1,2026-01-15T14:13:00.006Z,780.006,3,546.03,1981,98,77.7,63666,81920,76.4,steady_training
synthetic-showcase-h100-4gpu-full-telemetry-v1,2026-01-15T14:13:01.000Z,781,0,505.14,1944,94.9,76.5,62701,81920,74,steady_training
synthetic-showcase-h100-4gpu-full-telemetry-v1,2026-01-15T14:13:01.002Z,781.002,1,503.59,1922,93.7,77,63042,81920,72.1,steady_training
synthetic-showcase-h100-4gpu-full-telemetry-v1,2026-01-15T14:13:01.004Z,781.004,2,523.87,1948,95.7,77.4,63399,81920,73.3,steady_training
synthetic-showcase-h100-4gpu-full-telemetry-v1,2026-01-15T14:13:01.006Z,781.006,3,546.73,1982,98.1,77.8,63701,81920,76.5,steady_training
synthetic-showcase-h100-4gpu-full-telemetry-v1,2026-01-15T14:13:02.000Z,782,0,503.42,1940,94.7,76.6,62740,81920,73.9,steady_training
synthetic-showcase-h100-4gpu-full-telemetry-v1,2026-01-15T14:13:02.002Z,782.002,1,503.86,1923,93.7,77,63085,81920,72.1,steady_training
synthetic-showcase-h100-4gpu-full-telemetry-v1,2026-01-15T14:13:02.004Z,782.004,2,526,1953,96.1,77.4,63440,81920,73.4,steady_training
synthetic-showcase-h100-4gpu-full-telemetry-v1,2026-01-15T14:13:02.006Z,782.006,3,547.12,1983,98.2,77.8,63735,81920,76.6,steady_training
synthetic-showcase-h100-4gpu-full-telemetry-v1,2026-01-15T14:13:03.000Z,783,0,501.74,1936,94.4,76.6,62779,81920,73.8,steady_training
synthetic-showcase-h100-4gpu-full-telemetry-v1,2026-01-15T14:13:03.002Z,783.002,1,504.46,1924,93.8,77.1,63129,81920,72.1,steady_training
synthetic-showcase-h100-4gpu-full-telemetry-v1,2026-01-15T14:13:03.004Z,783.004,2,528.09,1957,96.4,77.5,63480,81920,73.5,steady_training
synthetic-showcase-h100-4gpu-full-telemetry-v1,2026-01-15T14:13:03.006Z,783.006,3,547.19,1984,98.2,77.8,63768,81920,76.6,steady_training
synthetic-showcase-h100-4gpu-full-telemetry-v1,2026-01-15T14:13:04.000Z,784,0,500.16,1932,94.2,76.7,62819,81920,73.7,steady_training
synthetic-showcase-h100-4gpu-full-telemetry-v1,2026-01-15T14:13:04.002Z,784.002,1,505.38,1925,94,77.1,63172,81920,72.1,steady_training
synthetic-showcase-h100-4gpu-full-telemetry-v1,2026-01-15T14:13:04.004Z,784.004,2,530.08,1961,96.7,77.5,63520,81920,73.7,steady_training
synthetic-showcase-h100-4gpu-full-telemetry-v1,2026-01-15T14:13:04.006Z,784.006,3,546.96,1983,98.2,77.9,63801,81920,76.6,steady_training
synthetic-showcase-h100-4gpu-full-telemetry-v1,2026-01-15T14:13:05.000Z,785,0,498.73,1929,94,76.7,62859,81920,73.6,steady_training
synthetic-showcase-h100-4gpu-full-telemetry-v1,2026-01-15T14:13:05.002Z,785.002,1,506.6,1928,94.2,77.2,63215,81920,72.2,steady_training
synthetic-showcase-h100-4gpu-full-telemetry-v1,2026-01-15T14:13:05.004Z,785.004,2,531.92,1965,97,77.6,63559,81920,73.8,steady_training
synthetic-showcase-h100-4gpu-full-telemetry-v1,2026-01-15T14:13:05.006Z,785.006,3,546.46,1982,98.1,77.9,63833,81920,76.6,steady_training
synthetic-showcase-h100-4gpu-full-telemetry-v1,2026-01-15T14:13:06.000Z,786,0,497.51,1926,93.8,76.8,62900,81920,73.5,steady_training
synthetic-showcase-h100-4gpu-full-telemetry-v1,2026-01-15T14:13:06.002Z,786.002,1,508.08,1931,94.4,77.2,63258,81920,72.3,steady_training
synthetic-showcase-h100-4gpu-full-telemetry-v1,2026-01-15T14:13:06.004Z,786.004,2,533.55,1969,97.2,77.6,63598,81920,73.9,steady_training
synthetic-showcase-h100-4gpu-full-telemetry-v1,2026-01-15T14:13:06.006Z,786.006,3,545.72,1981,98,78,63865,81920,76.6,steady_training
synthetic-showcase-h100-4gpu-full-telemetry-v1,2026-01-15T14:13:07.000Z,787,0,496.54,1924,93.6,76.8,62941,81920,73.4,steady_training
synthetic-showcase-h100-4gpu-full-telemetry-v1,2026-01-15T14:13:07.002Z,787.002,1,509.78,1934,94.7,77.3,63301,81920,72.3,steady_training
synthetic-showcase-h100-4gpu-full-telemetry-v1,2026-01-15T14:13:07.004Z,787.004,2,534.93,1972,97.4,77.7,63636,81920,74,steady_training
synthetic-showcase-h100-4gpu-full-telemetry-v1,2026-01-15T14:13:07.006Z,787.006,3,544.81,1979,97.8,78,63896,81920,76.6,steady_training
synthetic-showcase-h100-4gpu-full-telemetry-v1,2026-01-15T14:13:08.000Z,788,0,495.86,1922,93.6,76.9,62983,81920,73.3,steady_training
synthetic-showcase-h100-4gpu-full-telemetry-v1,2026-01-15T14:13:08.002Z,788.002,1,511.64,1938,94.9,77.3,63343,81920,72.4,steady_training
synthetic-showcase-h100-4gpu-full-telemetry-v1,2026-01-15T14:13:08.004Z,788.004,2,536.03,1974,97.6,77.7,63673,81920,74.1,steady_training
synthetic-showcase-h100-4gpu-full-telemetry-v1,2026-01-15T14:13:08.006Z,788.006,3,543.76,1977,97.7,78,63926,81920,76.6,steady_training
synthetic-showcase-h100-4gpu-full-telemetry-v1,2026-01-15T14:13:09.000Z,789,0,495.5,1921,93.5,76.9,63025,81920,73.3,steady_training
synthetic-showcase-h100-4gpu-full-telemetry-v1,2026-01-15T14:13:09.002Z,789.002,1,513.62,1942,95.2,77.4,63385,81920,72.5,steady_training
synthetic-showcase-h100-4gpu-full-telemetry-v1,2026-01-15T14:13:09.004Z,789.004,2,536.84,1976,97.7,77.8,63709,81920,74.1,steady_training
synthetic-showcase-h100-4gpu-full-telemetry-v1,2026-01-15T14:13:09.006Z,789.006,3,542.64,1975,97.5,78.1,63956,81920,76.5,steady_training
synthetic-showcase-h100-4gpu-full-telemetry-v1,2026-01-15T14:13:10.000Z,790,0,495.48,1921,93.5,77,63067,81920,73.2,steady_training
synthetic-showcase-h100-4gpu-full-telemetry-v1,2026-01-15T14:13:10.002Z,790.002,1,515.64,1946,95.5,77.4,63427,81920,72.6,steady_training
synthetic-showcase-h100-4gpu-full-telemetry-v1,2026-01-15T14:13:10.004Z,790.004,2,537.33,1977,97.8,77.8,63745,81920,74.2,steady_training
synthetic-showcase-h100-4gpu-full-telemetry-v1,2026-01-15T14:13:10.006Z,790.006,3,541.49,1973,97.3,78.1,63986,81920,76.5,steady_training
synthetic-showcase-h100-4gpu-full-telemetry-v1,2026-01-15T14:13:11.000Z,791,0,495.8,1921,93.6,77,63109,81920,73.2,steady_training
synthetic-showcase-h100-4gpu-full-telemetry-v1,2026-01-15T14:13:11.002Z,791.002,1,517.64,1951,95.8,77.5,63469,81920,72.7,steady_training
synthetic-showcase-h100-4gpu-full-telemetry-v1,2026-01-15T14:13:11.004Z,791.004,2,537.52,1978,97.8,77.9,63780,81920,74.2,steady_training
synthetic-showcase-h100-4gpu-full-telemetry-v1,2026-01-15T14:13:11.006Z,791.006,3,540.39,1970,97.2,78.1,64015,81920,76.5,steady_training
synthetic-showcase-h100-4gpu-full-telemetry-v1,2026-01-15T14:13:12.000Z,792,0,496.44,1922,93.7,77.1,63152,81920,73.2,steady_training
synthetic-showcase-h100-4gpu-full-telemetry-v1,2026-01-15T14:13:12.002Z,792.002,1,519.56,1955,96.1,77.5,63510,81920,72.8,steady_training
synthetic-showcase-h100-4gpu-full-telemetry-v1,2026-01-15T14:13:12.004Z,792.004,2,537.43,1977,97.8,77.9,63815,81920,74.2,steady_training
synthetic-showcase-h100-4gpu-full-telemetry-v1,2026-01-15T14:13:12.006Z,792.006,3,539.37,1968,97,78.2,64044,81920,76.4,steady_training
synthetic-showcase-h100-4gpu-full-telemetry-v1,2026-01-15T14:13:13.000Z,793,0,497.4,1924,93.8,77.1,63194,81920,73.3,steady_training
synthetic-showcase-h100-4gpu-full-telemetry-v1,2026-01-15T14:13:13.002Z,793.002,1,521.35,1958,96.4,77.6,63550,81920,72.9,steady_training
synthetic-showcase-h100-4gpu-full-telemetry-v1,2026-01-15T14:13:13.004Z,793.004,2,537.08,1977,97.7,77.9,63849,81920,74.2,steady_training
synthetic-showcase-h100-4gpu-full-telemetry-v1,2026-01-15T14:13:13.006Z,793.006,3,538.49,1967,96.9,78.2,64072,81920,76.4,steady_training
synthetic-showcase-h100-4gpu-full-telemetry-v1,2026-01-15T14:13:14.000Z,794,0,498.64,1927,94,77.2,63237,81920,73.3,steady_training
synthetic-showcase-h100-4gpu-full-telemetry-v1,2026-01-15T14:13:14.002Z,794.002,1,522.95,1962,96.7,77.6,63590,81920,73,steady_training
synthetic-showcase-h100-4gpu-full-telemetry-v1,2026-01-15T14:13:14.004Z,794.004,2,536.5,1976,97.6,78,63882,81920,74.2,steady_training
synthetic-showcase-h100-4gpu-full-telemetry-v1,2026-01-15T14:13:14.006Z,794.006,3,537.77,1966,96.7,78.2,64101,81920,76.4,steady_training
synthetic-showcase-h100-4gpu-full-telemetry-v1,2026-01-15T14:13:15.000Z,795,0,500.1,1930,94.2,77.2,63280,81920,73.4,steady_training
synthetic-showcase-h100-4gpu-full-telemetry-v1,2026-01-15T14:13:15.002Z,795.002,1,524.33,1965,96.9,77.7,63630,81920,73.1,steady_training
synthetic-showcase-h100-4gpu-full-telemetry-v1,2026-01-15T14:13:15.004Z,795.004,2,535.76,1974,97.5,78,63914,81920,74.2,steady_training
synthetic-showcase-h100-4gpu-full-telemetry-v1,2026-01-15T14:13:15.006Z,795.006,3,537.25,1965,96.7,78.3,64129,81920,76.4,steady_training
synthetic-showcase-h100-4gpu-full-telemetry-v1,2026-01-15T14:13:16.000Z,796,0,501.76,1933,94.5,77.3,63322,81920,73.4,steady_training
synthetic-showcase-h100-4gpu-full-telemetry-v1,2026-01-15T14:13:16.002Z,796.002,1,525.44,1967,97,77.7,63669,81920,73.1,steady_training
synthetic-showcase-h100-4gpu-full-telemetry-v1,2026-01-15T14:13:16.004Z,796.004,2,534.88,1972,97.4,78.1,63946,81920,74.1,steady_training
synthetic-showcase-h100-4gpu-full-telemetry-v1,2026-01-15T14:13:16.006Z,796.006,3,536.93,1964,96.6,78.3,64157,81920,76.4,steady_training
synthetic-showcase-h100-4gpu-full-telemetry-v1,2026-01-15T14:13:17.000Z,797,0,503.53,1937,94.7,77.3,63365,81920,73.5,steady_training
synthetic-showcase-h100-4gpu-full-telemetry-v1,2026-01-15T14:13:17.002Z,797.002,1,526.28,1969,97.2,77.8,63707,81920,73.2,steady_training
synthetic-showcase-h100-4gpu-full-telemetry-v1,2026-01-15T14:13:17.004Z,797.004,2,533.95,1971,97.3,78.1,63977,81920,74.1,steady_training
synthetic-showcase-h100-4gpu-full-telemetry-v1,2026-01-15T14:13:17.006Z,797.006,3,536.83,1965,96.6,78.4,64185,81920,76.4,steady_training
synthetic-showcase-h100-4gpu-full-telemetry-v1,2026-01-15T14:13:18.000Z,798,0,505.37,1940,95,77.4,63407,81920,73.6,steady_training
synthetic-showcase-h100-4gpu-full-telemetry-v1,2026-01-15T14:13:18.002Z,798.002,1,526.82,1970,97.2,77.8,63744,81920,73.2,steady_training
synthetic-showcase-h100-4gpu-full-telemetry-v1,2026-01-15T14:13:18.004Z,798.004,2,532.99,1969,97.1,78.1,64008,81920,74.1,steady_training
synthetic-showcase-h100-4gpu-full-telemetry-v1,2026-01-15T14:13:18.006Z,798.006,3,536.92,1965,96.6,78.4,64213,81920,76.5,steady_training
synthetic-showcase-h100-4gpu-full-telemetry-v1,2026-01-15T14:13:19.000Z,799,0,507.22,1944,95.3,77.5,63449,81920,73.7,steady_training
synthetic-showcase-h100-4gpu-full-telemetry-v1,2026-01-15T14:13:19.002Z,799.002,1,527.08,1970,97.3,77.9,63781,81920,73.2,steady_training
synthetic-showcase-h100-4gpu-full-telemetry-v1,2026-01-15T14:13:19.004Z,799.004,2,532.08,1967,97,78.2,64038,81920,74,steady_training
synthetic-showcase-h100-4gpu-full-telemetry-v1,2026-01-15T14:13:19.006Z,799.006,3,537.2,1966,96.6,78.4,64241,81920,76.5,steady_training
synthetic-showcase-h100-4gpu-full-telemetry-v1,2026-01-15T14:13:20.000Z,800,0,509,1948,95.6,70.4,57691,81920,73.7,steady_training
synthetic-showcase-h100-4gpu-full-telemetry-v1,2026-01-15T14:13:20.002Z,800.002,1,527.07,1970,97.3,70.8,58018,81920,73.2,steady_training
synthetic-showcase-h100-4gpu-full-telemetry-v1,2026-01-15T14:13:20.004Z,800.004,2,531.26,1965,96.8,71.1,58268,81920,74,steady_training
synthetic-showcase-h100-4gpu-full-telemetry-v1,2026-01-15T14:13:20.006Z,800.006,3,537.62,1967,96.7,71.4,58469,81920,76.6,steady_training
synthetic-showcase-h100-4gpu-full-telemetry-v1,2026-01-15T14:13:21.000Z,801,0,510.67,1951,95.8,70.5,57732,81920,73.8,steady_training
synthetic-showcase-h100-4gpu-full-telemetry-v1,2026-01-15T14:13:21.002Z,801.002,1,526.82,1970,97.2,70.9,58053,81920,73.2,steady_training
synthetic-showcase-h100-4gpu-full-telemetry-v1,2026-01-15T14:13:21.004Z,801.004,2,530.57,1964,96.7,71.2,58297,81920,74,steady_training
synthetic-showcase-h100-4gpu-full-telemetry-v1,2026-01-15T14:13:21.006Z,801.006,3,538.15,1969,96.7,71.4,58497,81920,76.6,steady_training
synthetic-showcase-h100-4gpu-full-telemetry-v1,2026-01-15T14:13:22.000Z,802,0,512.17,1955,96.1,70.5,57773,81920,73.8,steady_training
synthetic-showcase-h100-4gpu-full-telemetry-v1,2026-01-15T14:13:22.002Z,802.002,1,526.36,1969,97.2,70.9,58088,81920,73.1,steady_training
synthetic-showcase-h100-4gpu-full-telemetry-v1,2026-01-15T14:13:22.004Z,802.004,2,530.04,1963,96.6,71.2,58326,81920,74,steady_training
synthetic-showcase-h100-4gpu-full-telemetry-v1,2026-01-15T14:13:22.006Z,802.006,3,538.75,1970,96.8,71.4,58525,81920,76.7,steady_training
synthetic-showcase-h100-4gpu-full-telemetry-v1,2026-01-15T14:13:23.000Z,803,0,513.46,1957,96.3,70.6,57814,81920,73.9,steady_training
synthetic-showcase-h100-4gpu-full-telemetry-v1,2026-01-15T14:13:23.002Z,803.002,1,525.75,1968,97.1,71,58122,81920,73.1,steady_training
synthetic-showcase-h100-4gpu-full-telemetry-v1,2026-01-15T14:13:23.004Z,803.004,2,529.71,1963,96.6,71.2,58354,81920,74,steady_training
synthetic-showcase-h100-4gpu-full-telemetry-v1,2026-01-15T14:13:23.006Z,803.006,3,539.36,1972,96.9,71.5,58554,81920,76.7,steady_training
synthetic-showcase-h100-4gpu-full-telemetry-v1,2026-01-15T14:13:24.000Z,804,0,514.52,1959,96.4,70.6,57854,81920,73.9,steady_training
synthetic-showcase-h100-4gpu-full-telemetry-v1,2026-01-15T14:13:24.002Z,804.002,1,525.02,1966,97,71,58156,81920,73,steady_training
synthetic-showcase-h100-4gpu-full-telemetry-v1,2026-01-15T14:13:24.004Z,804.004,2,529.58,1963,96.6,71.3,58382,81920,74,steady_training
synthetic-showcase-h100-4gpu-full-telemetry-v1,2026-01-15T14:13:24.006Z,804.006,3,539.93,1974,97,71.5,58583,81920,76.8,steady_training
synthetic-showcase-h100-4gpu-full-telemetry-v1,2026-01-15T14:13:25.000Z,805,0,515.31,1961,96.5,70.7,57894,81920,73.9,steady_training
synthetic-showcase-h100-4gpu-full-telemetry-v1,2026-01-15T14:13:25.002Z,805.002,1,524.23,1965,96.8,71,58189,81920,73,steady_training
synthetic-showcase-h100-4gpu-full-telemetry-v1,2026-01-15T14:13:25.004Z,805.004,2,529.65,1963,96.6,71.3,58410,81920,74,steady_training
synthetic-showcase-h100-4gpu-full-telemetry-v1,2026-01-15T14:13:25.006Z,805.006,3,540.41,1975,97.1,71.5,58612,81920,76.9,steady_training
synthetic-showcase-h100-4gpu-full-telemetry-v1,2026-01-15T14:13:26.000Z,806,0,515.84,1962,96.6,70.7,57933,81920,73.9,steady_training
synthetic-showcase-h100-4gpu-full-telemetry-v1,2026-01-15T14:13:26.002Z,806.002,1,523.45,1963,96.7,71.1,58221,81920,72.9,steady_training
synthetic-showcase-h100-4gpu-full-telemetry-v1,2026-01-15T14:13:26.004Z,806.004,2,529.91,1964,96.6,71.3,58438,81920,74.1,steady_training
synthetic-showcase-h100-4gpu-full-telemetry-v1,2026-01-15T14:13:26.006Z,806.006,3,540.74,1976,97.1,71.6,58642,81920,76.9,steady_training
synthetic-showcase-h100-4gpu-full-telemetry-v1,2026-01-15T14:13:27.000Z,807,0,516.1,1962,96.7,70.8,57971,81920,73.9,steady_training
synthetic-showcase-h100-4gpu-full-telemetry-v1,2026-01-15T14:13:27.002Z,807.002,1,522.71,1962,96.6,71.1,58252,81920,72.9,steady_training
synthetic-showcase-h100-4gpu-full-telemetry-v1,2026-01-15T14:13:27.004Z,807.004,2,530.35,1966,96.7,71.4,58465,81920,74.1,steady_training
synthetic-showcase-h100-4gpu-full-telemetry-v1,2026-01-15T14:13:27.006Z,807.006,3,540.89,1977,97.1,71.6,58672,81920,76.9,steady_training
synthetic-showcase-h100-4gpu-full-telemetry-v1,2026-01-15T14:13:28.000Z,808,0,516.11,1962,96.7,70.8,58009,81920,73.9,steady_training
synthetic-showcase-h100-4gpu-full-telemetry-v1,2026-01-15T14:13:28.002Z,808.002,1,522.07,1960,96.5,71.1,58283,81920,72.9,steady_training
synthetic-showcase-h100-4gpu-full-telemetry-v1,2026-01-15T14:13:28.004Z,808.004,2,530.93,1967,96.7,71.4,58493,81920,74.2,steady_training
synthetic-showcase-h100-4gpu-full-telemetry-v1,2026-01-15T14:13:28.006Z,808.006,3,540.81,1977,97.1,71.7,58702,81920,77,steady_training
synthetic-showcase-h100-4gpu-full-telemetry-v1,2026-01-15T14:13:29.000Z,809,0,515.9,1962,96.6,70.9,58047,81920,73.9,steady_training
synthetic-showcase-h100-4gpu-full-telemetry-v1,2026-01-15T14:13:29.002Z,809.002,1,521.56,1959,96.4,71.2,58314,81920,72.8,steady_training
synthetic-showcase-h100-4gpu-full-telemetry-v1,2026-01-15T14:13:29.004Z,809.004,2,531.61,1969,96.8,71.4,58520,81920,74.2,steady_training
synthetic-showcase-h100-4gpu-full-telemetry-v1,2026-01-15T14:13:29.006Z,809.006,3,540.48,1976,97.1,71.7,58733,81920,77,steady_training
synthetic-showcase-h100-4gpu-full-telemetry-v1,2026-01-15T14:13:30.000Z,810,0,515.5,1961,96.6,70.9,58083,81920,73.8,steady_training
synthetic-showcase-h100-4gpu-full-telemetry-v1,2026-01-15T14:13:30.002Z,810.002,1,521.23,1959,96.4,71.2,58344,81920,72.8,steady_training
synthetic-showcase-h100-4gpu-full-telemetry-v1,2026-01-15T14:13:30.004Z,810.004,2,532.33,1971,96.9,71.5,58547,81920,74.3,steady_training
synthetic-showcase-h100-4gpu-full-telemetry-v1,2026-01-15T14:13:30.006Z,810.006,3,539.88,1975,97,71.7,58764,81920,77,steady_training
synthetic-showcase-h100-4gpu-full-telemetry-v1,2026-01-15T14:13:31.000Z,811,0,514.96,1960,96.5,70.9,58119,81920,73.8,steady_training
synthetic-showcase-h100-4gpu-full-telemetry-v1,2026-01-15T14:13:31.002Z,811.002,1,521.09,1959,96.4,71.3,58373,81920,72.8,steady_training
synthetic-showcase-h100-4gpu-full-telemetry-v1,2026-01-15T14:13:31.004Z,811.004,2,533.06,1973,97,71.5,58575,81920,74.3,steady_training
synthetic-showcase-h100-4gpu-full-telemetry-v1,2026-01-15T14:13:31.006Z,811.006,3,539.01,1973,96.8,71.8,58797,81920,76.9,steady_training
synthetic-showcase-h100-4gpu-full-telemetry-v1,2026-01-15T14:13:32.000Z,812,0,514.33,1958,96.4,71,58155,81920,73.7,steady_training
synthetic-showcase-h100-4gpu-full-telemetry-v1,2026-01-15T14:13:32.002Z,812.002,1,521.15,1959,96.4,71.3,58402,81920,72.8,steady_training
synthetic-showcase-h100-4gpu-full-telemetry-v1,2026-01-15T14:13:32.004Z,812.004,2,533.74,1975,97.1,71.5,58602,81920,74.4,steady_training
synthetic-showcase-h100-4gpu-full-telemetry-v1,2026-01-15T14:13:32.006Z,812.006,3,537.87,1971,96.7,71.8,58829,81920,76.9,steady_training
synthetic-showcase-h100-4gpu-full-telemetry-v1,2026-01-15T14:13:33.000Z,813,0,513.66,1957,96.3,71,58190,81920,73.6,steady_training
synthetic-showcase-h100-4gpu-full-telemetry-v1,2026-01-15T14:13:33.002Z,813.002,1,521.42,1960,96.4,71.3,58430,81920,72.8,steady_training
synthetic-showcase-h100-4gpu-full-telemetry-v1,2026-01-15T14:13:33.004Z,813.004,2,534.3,1977,97.2,71.6,58630,81920,74.5,steady_training
synthetic-showcase-h100-4gpu-full-telemetry-v1,2026-01-15T14:13:33.006Z,813.006,3,536.48,1968,96.4,71.9,58862,81920,76.9,steady_training
synthetic-showcase-h100-4gpu-full-telemetry-v1,2026-01-15T14:13:34.000Z,814,0,513,1956,96.2,71.1,58224,81920,73.6,steady_training
synthetic-showcase-h100-4gpu-full-telemetry-v1,2026-01-15T14:13:34.002Z,814.002,1,521.88,1962,96.4,71.4,58458,81920,72.8,steady_training
synthetic-showcase-h100-4gpu-full-telemetry-v1,2026-01-15T14:13:34.004Z,814.004,2,534.71,1978,97.3,71.6,58658,81920,74.5,steady_training
synthetic-showcase-h100-4gpu-full-telemetry-v1,2026-01-15T14:13:34.006Z,814.006,3,534.88,1965,96.2,71.9,58896,81920,76.8,steady_training
synthetic-showcase-h100-4gpu-full-telemetry-v1,2026-01-15T14:13:35.000Z,815,0,512.4,1954,96.1,71.1,58257,81920,73.5,steady_training
synthetic-showcase-h100-4gpu-full-telemetry-v1,2026-01-15T14:13:35.002Z,815.002,1,522.5,1963,96.5,71.4,58486,81920,72.9,steady_training
synthetic-showcase-h100-4gpu-full-telemetry-v1,2026-01-15T14:13:35.004Z,815.004,2,534.92,1979,97.3,71.6,58686,81920,74.5,steady_training
synthetic-showcase-h100-4gpu-full-telemetry-v1,2026-01-15T14:13:35.006Z,815.006,3,533.09,1961,95.9,71.9,58930,81920,76.7,steady_training
synthetic-showcase-h100-4gpu-full-telemetry-v1,2026-01-15T14:13:36.000Z,816,0,511.91,1954,96,71.2,58290,81920,73.5,steady_training
synthetic-showcase-h100-4gpu-full-telemetry-v1,2026-01-15T14:13:36.002Z,816.002,1,523.27,1965,96.6,71.4,58513,81920,72.9,steady_training
synthetic-showcase-h100-4gpu-full-telemetry-v1,2026-01-15T14:13:36.004Z,816.004,2,534.88,1979,97.3,71.7,58714,81920,74.6,steady_training
synthetic-showcase-h100-4gpu-full-telemetry-v1,2026-01-15T14:13:36.006Z,816.006,3,531.18,1957,95.6,72,58965,81920,76.6,steady_training
synthetic-showcase-h100-4gpu-full-telemetry-v1,2026-01-15T14:13:37.000Z,817,0,511.57,1953,96,71.2,58322,81920,73.4,steady_training
synthetic-showcase-h100-4gpu-full-telemetry-v1,2026-01-15T14:13:37.002Z,817.002,1,524.12,1968,96.8,71.5,58541,81920,73,steady_training
synthetic-showcase-h100-4gpu-full-telemetry-v1,2026-01-15T14:13:37.004Z,817.004,2,534.58,1979,97.2,71.7,58743,81920,74.6,steady_training
synthetic-showcase-h100-4gpu-full-telemetry-v1,2026-01-15T14:13:37.006Z,817.006,3,529.2,1952,95.3,72,59001,81920,76.6,steady_training
synthetic-showcase-h100-4gpu-full-telemetry-v1,2026-01-15T14:13:38.000Z,818,0,511.41,1953,96,71.2,58353,81920,73.4,steady_training
synthetic-showcase-h100-4gpu-full-telemetry-v1,2026-01-15T14:13:38.002Z,818.002,1,525.02,1970,96.9,71.5,58568,81920,73,steady_training
synthetic-showcase-h100-4gpu-full-telemetry-v1,2026-01-15T14:13:38.004Z,818.004,2,533.99,1978,97.1,71.7,58773,81920,74.6,steady_training
synthetic-showcase-h100-4gpu-full-telemetry-v1,2026-01-15T14:13:38.006Z,818.006,3,527.2,1948,95,72.1,59037,81920,76.5,steady_training
synthetic-showcase-h100-4gpu-full-telemetry-v1,2026-01-15T14:13:39.000Z,819,0,511.45,1953,96,71.3,58384,81920,73.4,steady_training
synthetic-showcase-h100-4gpu-full-telemetry-v1,2026-01-15T14:13:39.002Z,819.002,1,525.9,1972,97,71.5,58595,81920,73.1,steady_training
synthetic-showcase-h100-4gpu-full-telemetry-v1,2026-01-15T14:13:39.004Z,819.004,2,533.12,1976,97,71.8,58802,81920,74.5,steady_training
synthetic-showcase-h100-4gpu-full-telemetry-v1,2026-01-15T14:13:39.006Z,819.006,3,525.25,1944,94.7,72.1,59074,81920,76.4,steady_training
synthetic-showcase-h100-4gpu-full-telemetry-v1,2026-01-15T14:13:40.000Z,820,0,511.7,1954,96,71.3,58414,81920,73.3,steady_training
synthetic-showcase-h100-4gpu-full-telemetry-v1,2026-01-15T14:13:40.002Z,820.002,1,526.73,1975,97.1,71.6,58621,81920,73.1,steady_training
synthetic-showcase-h100-4gpu-full-telemetry-v1,2026-01-15T14:13:40.004Z,820.004,2,531.96,1974,96.8,71.8,58833,81920,74.5,steady_training
synthetic-showcase-h100-4gpu-full-telemetry-v1,2026-01-15T14:13:40.006Z,820.006,3,523.4,1939,94.5,72.2,59111,81920,76.3,steady_training
synthetic-showcase-h100-4gpu-full-telemetry-v1,2026-01-15T14:13:41.000Z,821,0,512.16,1955,96.1,71.3,58443,81920,73.4,steady_training
synthetic-showcase-h100-4gpu-full-telemetry-v1,2026-01-15T14:13:41.002Z,821.002,1,527.43,1977,97.2,71.6,58648,81920,73.1,steady_training
synthetic-showcase-h100-4gpu-full-telemetry-v1,2026-01-15T14:13:41.004Z,821.004,2,530.54,1971,96.6,71.9,58863,81920,74.4,steady_training
synthetic-showcase-h100-4gpu-full-telemetry-v1,2026-01-15T14:13:41.006Z,821.006,3,521.72,1936,94.2,72.2,59148,81920,76.3,steady_training
synthetic-showcase-h100-4gpu-full-telemetry-v1,2026-01-15T14:13:42.000Z,822,0,512.81,1957,96.1,71.4,58473,81920,73.4,steady_training
synthetic-showcase-h100-4gpu-full-telemetry-v1,2026-01-15T14:13:42.002Z,822.002,1,527.96,1978,97.3,71.6,58675,81920,73.2,steady_training
synthetic-showcase-h100-4gpu-full-telemetry-v1,2026-01-15T14:13:42.004Z,822.004,2,528.89,1967,96.3,71.9,58895,81920,74.4,steady_training
synthetic-showcase-h100-4gpu-full-telemetry-v1,2026-01-15T14:13:42.006Z,822.006,3,520.24,1932,94,72.2,59187,81920,76.2,steady_training
synthetic-showcase-h100-4gpu-full-telemetry-v1,2026-01-15T14:13:43.000Z,823,0,513.63,1959,96.3,71.4,58501,81920,73.4,steady_training
synthetic-showcase-h100-4gpu-full-telemetry-v1,2026-01-15T14:13:43.002Z,823.002,1,528.28,1979,97.3,71.7,58702,81920,73.2,steady_training
synthetic-showcase-h100-4gpu-full-telemetry-v1,2026-01-15T14:13:43.004Z,823.004,2,527.05,1963,96.1,71.9,58926,81920,74.3,steady_training
synthetic-showcase-h100-4gpu-full-telemetry-v1,2026-01-15T14:13:43.006Z,823.006,3,519.02,1930,93.8,72.3,59225,81920,76.2,steady_training
synthetic-showcase-h100-4gpu-full-telemetry-v1,2026-01-15T14:13:44.000Z,824,0,514.59,1962,96.4,71.4,58529,81920,73.4,steady_training
synthetic-showcase-h100-4gpu-full-telemetry-v1,2026-01-15T14:13:44.002Z,824.002,1,528.35,1980,97.3,71.7,58729,81920,73.2,steady_training
synthetic-showcase-h100-4gpu-full-telemetry-v1,2026-01-15T14:13:44.004Z,824.004,2,525.06,1959,95.8,72,58959,81920,74.2,steady_training
synthetic-showcase-h100-4gpu-full-telemetry-v1,2026-01-15T14:13:44.006Z,824.006,3,518.08,1927,93.7,72.3,59265,81920,76.1,steady_training
synthetic-showcase-h100-4gpu-full-telemetry-v1,2026-01-15T14:13:45.000Z,825,0,515.63,1964,96.5,71.5,58557,81920,73.4,steady_training
synthetic-showcase-h100-4gpu-full-telemetry-v1,2026-01-15T14:13:45.002Z,825.002,1,528.13,1980,97.3,71.7,58757,81920,73.2,steady_training
synthetic-showcase-h100-4gpu-full-telemetry-v1,2026-01-15T14:13:45.004Z,825.004,2,522.99,1955,95.4,72,58992,81920,74.1,steady_training
synthetic-showcase-h100-4gpu-full-telemetry-v1,2026-01-15T14:13:45.006Z,825.006,3,517.45,1926,93.6,72.4,59304,81920,76.1,steady_training
synthetic-showcase-h100-4gpu-full-telemetry-v1,2026-01-15T14:13:46.000Z,826,0,516.72,1967,96.7,71.5,58584,81920,73.5,steady_training
synthetic-showcase-h100-4gpu-full-telemetry-v1,2026-01-15T14:13:46.002Z,826.002,1,527.62,1979,97.2,71.8,58784,81920,73.2,steady_training
synthetic-showcase-h100-4gpu-full-telemetry-v1,2026-01-15T14:13:46.004Z,826.004,2,520.9,1950,95.1,72.1,59025,81920,74,steady_training
synthetic-showcase-h100-4gpu-full-telemetry-v1,2026-01-15T14:13:46.006Z,826.006,3,517.12,1925,93.5,72.4,59344,81920,76.1,steady_training
synthetic-showcase-h100-4gpu-full-telemetry-v1,2026-01-15T14:13:47.000Z,827,0,517.8,1970,96.9,71.5,58612,81920,73.5,steady_training
synthetic-showcase-h100-4gpu-full-telemetry-v1,2026-01-15T14:13:47.002Z,827.002,1,526.8,1977,97.1,71.8,58812,81920,73.1,steady_training
synthetic-showcase-h100-4gpu-full-telemetry-v1,2026-01-15T14:13:47.004Z,827.004,2,518.84,1946,94.8,72.1,59060,81920,73.9,steady_training
synthetic-showcase-h100-4gpu-full-telemetry-v1,2026-01-15T14:13:47.006Z,827.006,3,517.11,1925,93.5,72.5,59384,81920,76.1,steady_training
synthetic-showcase-h100-4gpu-full-telemetry-v1,2026-01-15T14:13:48.000Z,828,0,518.8,1972,97,71.6,58638,81920,73.6,steady_training
synthetic-showcase-h100-4gpu-full-telemetry-v1,2026-01-15T14:13:48.002Z,828.002,1,525.69,1975,96.9,71.8,58840,81920,73.1,steady_training
synthetic-showcase-h100-4gpu-full-telemetry-v1,2026-01-15T14:13:48.004Z,828.004,2,516.87,1942,94.5,72.1,59094,81920,73.9,steady_training
synthetic-showcase-h100-4gpu-full-telemetry-v1,2026-01-15T14:13:48.006Z,828.006,3,517.38,1925,93.6,72.5,59425,81920,76.2,steady_training
synthetic-showcase-h100-4gpu-full-telemetry-v1,2026-01-15T14:13:49.000Z,829,0,519.68,1975,97.1,71.6,58665,81920,73.6,steady_training
synthetic-showcase-h100-4gpu-full-telemetry-v1,2026-01-15T14:13:49.002Z,829.002,1,524.3,1973,96.7,71.9,58869,81920,73,steady_training
synthetic-showcase-h100-4gpu-full-telemetry-v1,2026-01-15T14:13:49.004Z,829.004,2,515.05,1938,94.2,72.2,59130,81920,73.8,steady_training
synthetic-showcase-h100-4gpu-full-telemetry-v1,2026-01-15T14:13:49.006Z,829.006,3,517.91,1926,93.7,72.6,59465,81920,76.2,steady_training
synthetic-showcase-h100-4gpu-full-telemetry-v1,2026-01-15T14:13:50.000Z,830,0,520.38,1977,97.2,71.6,58692,81920,73.6,steady_training
synthetic-showcase-h100-4gpu-full-telemetry-v1,2026-01-15T14:13:50.002Z,830.002,1,522.66,1969,96.4,71.9,58898,81920,72.9,steady_training
synthetic-showcase-h100-4gpu-full-telemetry-v1,2026-01-15T14:13:50.004Z,830.004,2,513.44,1934,94,72.2,59166,81920,73.7,steady_training
synthetic-showcase-h100-4gpu-full-telemetry-v1,2026-01-15T14:13:50.006Z,830.006,3,518.66,1928,93.8,72.6,59506,81920,76.3,steady_training
synthetic-showcase-h100-4gpu-full-telemetry-v1,2026-01-15T14:13:51.000Z,831,0,520.86,1978,97.3,71.7,58718,81920,73.6,steady_training
synthetic-showcase-h100-4gpu-full-telemetry-v1,2026-01-15T14:13:51.002Z,831.002,1,520.81,1965,96.2,71.9,58928,81920,72.8,steady_training
synthetic-showcase-h100-4gpu-full-telemetry-v1,2026-01-15T14:13:51.004Z,831.004,2,512.07,1931,93.8,72.3,59202,81920,73.7,steady_training
synthetic-showcase-h100-4gpu-full-telemetry-v1,2026-01-15T14:13:51.006Z,831.006,3,519.59,1930,93.9,72.7,59547,81920,76.4,steady_training
synthetic-showcase-h100-4gpu-full-telemetry-v1,2026-01-15T14:13:52.000Z,832,0,521.07,1979,97.3,71.7,58745,81920,73.6,steady_training
synthetic-showcase-h100-4gpu-full-telemetry-v1,2026-01-15T14:13:52.002Z,832.002,1,518.81,1961,95.9,72,58958,81920,72.7,steady_training
synthetic-showcase-h100-4gpu-full-telemetry-v1,2026-01-15T14:13:52.004Z,832.004,2,510.98,1929,93.6,72.3,59239,81920,73.6,steady_training
synthetic-showcase-h100-4gpu-full-telemetry-v1,2026-01-15T14:13:52.006Z,832.006,3,520.64,1932,94.1,72.7,59588,81920,76.5,steady_training
synthetic-showcase-h100-4gpu-full-telemetry-v1,2026-01-15T14:13:53.000Z,833,0,520.99,1979,97.3,71.7,58771,81920,73.6,steady_training
synthetic-showcase-h100-4gpu-full-telemetry-v1,2026-01-15T14:13:53.002Z,833.002,1,516.71,1957,95.5,72,58988,81920,72.6,steady_training
synthetic-showcase-h100-4gpu-full-telemetry-v1,2026-01-15T14:13:53.004Z,833.004,2,510.18,1927,93.5,72.4,59277,81920,73.6,steady_training
synthetic-showcase-h100-4gpu-full-telemetry-v1,2026-01-15T14:13:53.006Z,833.006,3,521.75,1934,94.3,72.8,59629,81920,76.6,steady_training
synthetic-showcase-h100-4gpu-full-telemetry-v1,2026-01-15T14:13:54.000Z,834,0,520.6,1979,97.2,71.8,58797,81920,73.5,steady_training
synthetic-showcase-h100-4gpu-full-telemetry-v1,2026-01-15T14:13:54.002Z,834.002,1,514.57,1952,95.2,72,59019,81920,72.5,steady_training
synthetic-showcase-h100-4gpu-full-telemetry-v1,2026-01-15T14:13:54.004Z,834.004,2,509.69,1926,93.4,72.4,59315,81920,73.6,steady_training
synthetic-showcase-h100-4gpu-full-telemetry-v1,2026-01-15T14:13:54.006Z,834.006,3,522.87,1936,94.4,72.8,59670,81920,76.6,steady_training
synthetic-showcase-h100-4gpu-full-telemetry-v1,2026-01-15T14:13:55.000Z,835,0,519.89,1978,97.1,71.8,58824,81920,73.5,steady_training
synthetic-showcase-h100-4gpu-full-telemetry-v1,2026-01-15T14:13:55.002Z,835.002,1,512.45,1948,94.9,72.1,59051,81920,72.3,steady_training
synthetic-showcase-h100-4gpu-full-telemetry-v1,2026-01-15T14:13:55.004Z,835.004,2,509.5,1925,93.4,72.5,59353,81920,73.6,steady_training
synthetic-showcase-h100-4gpu-full-telemetry-v1,2026-01-15T14:13:55.006Z,835.006,3,523.94,1938,94.6,72.9,59711,81920,76.7,steady_training
synthetic-showcase-h100-4gpu-full-telemetry-v1,2026-01-15T14:13:56.000Z,836,0,518.88,1976,96.9,71.8,58851,81920,73.4,steady_training
synthetic-showcase-h100-4gpu-full-telemetry-v1,2026-01-15T14:13:56.002Z,836.002,1,510.42,1944,94.6,72.1,59083,81920,72.2,steady_training
synthetic-showcase-h100-4gpu-full-telemetry-v1,2026-01-15T14:13:56.004Z,836.004,2,509.6,1925,93.4,72.5,59392,81920,73.7,steady_training
synthetic-showcase-h100-4gpu-full-telemetry-v1,2026-01-15T14:13:56.006Z,836.006,3,524.9,1940,94.7,72.9,59751,81920,76.8,steady_training
synthetic-showcase-h100-4gpu-full-telemetry-v1,2026-01-15T14:13:57.000Z,837,0,517.57,1973,96.7,71.9,58878,81920,73.3,steady_training
synthetic-showcase-h100-4gpu-full-telemetry-v1,2026-01-15T14:13:57.002Z,837.002,1,508.52,1940,94.3,72.2,59116,81920,72.1,steady_training
synthetic-showcase-h100-4gpu-full-telemetry-v1,2026-01-15T14:13:57.004Z,837.004,2,509.96,1926,93.5,72.5,59432,81920,73.7,steady_training
synthetic-showcase-h100-4gpu-full-telemetry-v1,2026-01-15T14:13:57.006Z,837.006,3,525.71,1942,94.9,73,59792,81920,76.9,steady_training
synthetic-showcase-h100-4gpu-full-telemetry-v1,2026-01-15T14:13:58.000Z,838,0,516.01,1970,96.5,71.9,58906,81920,73.2,steady_training
synthetic-showcase-h100-4gpu-full-telemetry-v1,2026-01-15T14:13:58.002Z,838.002,1,506.81,1936,94,72.2,59150,81920,72,steady_training
synthetic-showcase-h100-4gpu-full-telemetry-v1,2026-01-15T14:13:58.004Z,838.004,2,510.54,1927,93.6,72.6,59471,81920,73.8,steady_training
synthetic-showcase-h100-4gpu-full-telemetry-v1,2026-01-15T14:13:58.006Z,838.006,3,526.32,1943,95,73,59832,81920,76.9,steady_training
synthetic-showcase-h100-4gpu-full-telemetry-v1,2026-01-15T14:13:59.000Z,839,0,514.22,1967,96.2,71.9,58933,81920,73.1,steady_training
synthetic-showcase-h100-4gpu-full-telemetry-v1,2026-01-15T14:13:59.002Z,839.002,1,505.34,1933,93.8,72.2,59184,81920,72,steady_training
synthetic-showcase-h100-4gpu-full-telemetry-v1,2026-01-15T14:13:59.004Z,839.004,2,511.29,1929,93.7,72.6,59511,81920,73.8,steady_training
synthetic-showcase-h100-4gpu-full-telemetry-v1,2026-01-15T14:13:59.006Z,839.006,3,526.72,1944,95,73.1,59872,81920,77,steady_training
synthetic-showcase-h100-4gpu-full-telemetry-v1,2026-01-15T14:14:00.000Z,840,0,512.26,1963,95.9,72,58961,81920,72.9,steady_training
synthetic-showcase-h100-4gpu-full-telemetry-v1,2026-01-15T14:14:00.002Z,840.002,1,504.13,1930,93.6,72.3,59219,81920,71.9,steady_training
synthetic-showcase-h100-4gpu-full-telemetry-v1,2026-01-15T14:14:00.004Z,840.004,2,512.16,1930,93.8,72.7,59552,81920,73.9,steady_training
synthetic-showcase-h100-4gpu-full-telemetry-v1,2026-01-15T14:14:00.006Z,840.006,3,526.87,1944,95.1,73.1,59911,81920,77,steady_training
synthetic-showcase-h100-4gpu-full-telemetry-v1,2026-01-15T14:14:01.000Z,841,0,510.19,1958,95.6,72,58990,81920,72.8,steady_training
synthetic-showcase-h100-4gpu-full-telemetry-v1,2026-01-15T14:14:01.002Z,841.002,1,503.21,1928,93.5,72.3,59254,81920,71.9,steady_training
synthetic-showcase-h100-4gpu-full-telemetry-v1,2026-01-15T14:14:01.004Z,841.004,2,513.1,1932,94,72.7,59592,81920,74,steady_training
synthetic-showcase-h100-4gpu-full-telemetry-v1,2026-01-15T14:14:01.006Z,841.006,3,526.77,1944,95,73.2,59950,81920,77,steady_training
synthetic-showcase-h100-4gpu-full-telemetry-v1,2026-01-15T14:14:02.000Z,842,0,508.07,1954,95.3,72,59019,81920,72.7,steady_training
synthetic-showcase-h100-4gpu-full-telemetry-v1,2026-01-15T14:14:02.002Z,842.002,1,502.59,1927,93.4,72.4,59290,81920,71.8,steady_training
synthetic-showcase-h100-4gpu-full-telemetry-v1,2026-01-15T14:14:02.004Z,842.004,2,514.05,1934,94.1,72.8,59633,81920,74.1,steady_training
synthetic-showcase-h100-4gpu-full-telemetry-v1,2026-01-15T14:14:02.006Z,842.006,3,526.44,1943,95,73.2,59989,81920,77,steady_training
synthetic-showcase-h100-4gpu-full-telemetry-v1,2026-01-15T14:14:03.000Z,843,0,505.95,1950,95,72.1,59048,81920,72.5,steady_training
synthetic-showcase-h100-4gpu-full-telemetry-v1,2026-01-15T14:14:03.002Z,843.002,1,502.26,1926,93.4,72.4,59327,81920,71.8,steady_training
synthetic-showcase-h100-4gpu-full-telemetry-v1,2026-01-15T14:14:03.004Z,843.004,2,514.95,1936,94.3,72.8,59673,81920,74.2,steady_training
synthetic-showcase-h100-4gpu-full-telemetry-v1,2026-01-15T14:14:03.006Z,843.006,3,525.88,1941,94.9,73.3,60027,81920,77,steady_training
synthetic-showcase-h100-4gpu-full-telemetry-v1,2026-01-15T14:14:04.000Z,844,0,503.9,1945,94.6,72.1,59078,81920,72.4,steady_training
synthetic-showcase-h100-4gpu-full-telemetry-v1,2026-01-15T14:14:04.002Z,844.002,1,502.21,1926,93.3,72.5,59364,81920,71.8,steady_training
synthetic-showcase-h100-4gpu-full-telemetry-v1,2026-01-15T14:14:04.004Z,844.004,2,515.75,1937,94.4,72.9,59714,81920,74.2,steady_training
synthetic-showcase-h100-4gpu-full-telemetry-v1,2026-01-15T14:14:04.006Z,844.006,3,525.13,1940,94.8,73.3,60065,81920,77,steady_training
synthetic-showcase-h100-4gpu-full-telemetry-v1,2026-01-15T14:14:05.000Z,845,0,501.98,1941,94.4,72.2,59109,81920,72.3,steady_training
synthetic-showcase-h100-4gpu-full-telemetry-v1,2026-01-15T14:14:05.002Z,845.002,1,502.41,1926,93.4,72.5,59401,81920,71.8,steady_training
synthetic-showcase-h100-4gpu-full-telemetry-v1,2026-01-15T14:14:05.004Z,845.004,2,516.4,1939,94.5,72.9,59755,81920,74.3,steady_training
synthetic-showcase-h100-4gpu-full-telemetry-v1,2026-01-15T14:14:05.006Z,845.006,3,524.22,1938,94.7,73.4,60102,81920,77,steady_training
synthetic-showcase-h100-4gpu-full-telemetry-v1,2026-01-15T14:14:06.000Z,846,0,500.23,1938,94.1,72.2,59140,81920,72.1,steady_training
synthetic-showcase-h100-4gpu-full-telemetry-v1,2026-01-15T14:14:06.002Z,846.002,1,502.83,1927,93.4,72.6,59439,81920,71.9,steady_training
synthetic-showcase-h100-4gpu-full-telemetry-v1,2026-01-15T14:14:06.004Z,846.004,2,516.86,1940,94.6,73,59795,81920,74.4,steady_training
synthetic-showcase-h100-4gpu-full-telemetry-v1,2026-01-15T14:14:06.006Z,846.006,3,523.2,1935,94.5,73.4,60139,81920,76.9,steady_training
synthetic-showcase-h100-4gpu-full-telemetry-v1,2026-01-15T14:14:07.000Z,847,0,498.7,1935,93.9,72.2,59172,81920,72,steady_training
synthetic-showcase-h100-4gpu-full-telemetry-v1,2026-01-15T14:14:07.002Z,847.002,1,503.42,1928,93.5,72.6,59478,81920,71.9,steady_training
synthetic-showcase-h100-4gpu-full-telemetry-v1,2026-01-15T14:14:07.004Z,847.004,2,517.11,1940,94.6,73,59836,81920,74.4,steady_training
synthetic-showcase-h100-4gpu-full-telemetry-v1,2026-01-15T14:14:07.006Z,847.006,3,522.12,1933,94.4,73.5,60174,81920,76.9,steady_training
synthetic-showcase-h100-4gpu-full-telemetry-v1,2026-01-15T14:14:08.000Z,848,0,497.43,1932,93.7,72.3,59204,81920,72,steady_training
synthetic-showcase-h100-4gpu-full-telemetry-v1,2026-01-15T14:14:08.002Z,848.002,1,504.13,1930,93.6,72.7,59517,81920,72,steady_training
synthetic-showcase-h100-4gpu-full-telemetry-v1,2026-01-15T14:14:08.004Z,848.004,2,517.12,1940,94.6,73.1,59876,81920,74.4,steady_training
synthetic-showcase-h100-4gpu-full-telemetry-v1,2026-01-15T14:14:08.006Z,848.006,3,521.03,1931,94.2,73.5,60210,81920,76.9,steady_training
synthetic-showcase-h100-4gpu-full-telemetry-v1,2026-01-15T14:14:09.000Z,849,0,496.43,1930,93.5,72.3,59237,81920,71.9,steady_training
synthetic-showcase-h100-4gpu-full-telemetry-v1,2026-01-15T14:14:09.002Z,849.002,1,504.9,1931,93.8,72.7,59556,81920,72,steady_training
synthetic-showcase-h100-4gpu-full-telemetry-v1,2026-01-15T14:14:09.004Z,849.004,2,516.9,1939,94.6,73.1,59916,81920,74.4,steady_training
synthetic-showcase-h100-4gpu-full-telemetry-v1,2026-01-15T14:14:09.006Z,849.006,3,519.99,1929,94,73.5,60244,81920,76.8,steady_training
synthetic-showcase-h100-4gpu-full-telemetry-v1,2026-01-15T14:14:10.000Z,850,0,495.72,1928,93.4,72.4,59271,81920,71.8,steady_training
synthetic-showcase-h100-4gpu-full-telemetry-v1,2026-01-15T14:14:10.002Z,850.002,1,505.68,1933,93.9,72.7,59595,81920,72.1,steady_training
synthetic-showcase-h100-4gpu-full-telemetry-v1,2026-01-15T14:14:10.004Z,850.004,2,516.45,1938,94.5,73.2,59956,81920,74.4,steady_training
synthetic-showcase-h100-4gpu-full-telemetry-v1,2026-01-15T14:14:10.006Z,850.006,3,519.05,1927,93.9,73.6,60278,81920,76.8,steady_training
synthetic-showcase-h100-4gpu-full-telemetry-v1,2026-01-15T14:14:11.000Z,851,0,495.29,1928,93.3,72.4,59305,81920,71.8,steady_training
synthetic-showcase-h100-4gpu-full-telemetry-v1,2026-01-15T14:14:11.002Z,851.002,1,506.41,1935,94,72.8,59635,81920,72.1,steady_training
synthetic-showcase-h100-4gpu-full-telemetry-v1,2026-01-15T14:14:11.004Z,851.004,2,515.79,1936,94.4,73.2,59995,81920,74.4,steady_training
synthetic-showcase-h100-4gpu-full-telemetry-v1,2026-01-15T14:14:11.006Z,851.006,3,518.26,1925,93.8,73.6,60312,81920,76.8,steady_training
synthetic-showcase-h100-4gpu-full-telemetry-v1,2026-01-15T14:14:12.000Z,852,0,495.13,1927,93.3,72.4,59340,81920,71.8,steady_training
synthetic-showcase-h100-4gpu-full-telemetry-v1,2026-01-15T14:14:12.002Z,852.002,1,507.04,1936,94.1,72.8,59675,81920,72.2,steady_training
synthetic-showcase-h100-4gpu-full-telemetry-v1,2026-01-15T14:14:12.004Z,852.004,2,514.94,1934,94.3,73.3,60035,81920,74.4,steady_training
synthetic-showcase-h100-4gpu-full-telemetry-v1,2026-01-15T14:14:12.006Z,852.006,3,517.66,1924,93.7,73.7,60345,81920,76.8,steady_training
synthetic-showcase-h100-4gpu-full-telemetry-v1,2026-01-15T14:14:13.000Z,853,0,495.22,1927,93.3,72.5,59375,81920,71.7,steady_training
synthetic-showcase-h100-4gpu-full-telemetry-v1,2026-01-15T14:14:13.002Z,853.002,1,507.52,1937,94.2,72.9,59716,81920,72.2,steady_training
synthetic-showcase-h100-4gpu-full-telemetry-v1,2026-01-15T14:14:13.004Z,853.004,2,513.94,1932,94.1,73.3,60073,81920,74.4,steady_training
synthetic-showcase-h100-4gpu-full-telemetry-v1,2026-01-15T14:14:13.006Z,853.006,3,517.28,1923,93.6,73.7,60377,81920,76.7,steady_training
synthetic-showcase-h100-4gpu-full-telemetry-v1,2026-01-15T14:14:14.000Z,854,0,495.51,1928,93.4,72.5,59411,81920,71.7,steady_training
synthetic-showcase-h100-4gpu-full-telemetry-v1,2026-01-15T14:14:14.002Z,854.002,1,507.83,1937,94.2,72.9,59756,81920,72.2,steady_training
synthetic-showcase-h100-4gpu-full-telemetry-v1,2026-01-15T14:14:14.004Z,854.004,2,512.84,1930,94,73.4,60111,81920,74.4,steady_training
synthetic-showcase-h100-4gpu-full-telemetry-v1,2026-01-15T14:14:14.006Z,854.006,3,517.15,1923,93.6,73.7,60408,81920,76.8,steady_training
synthetic-showcase-h100-4gpu-full-telemetry-v1,2026-01-15T14:14:15.000Z,855,0,495.96,1929,93.4,72.6,59448,81920,71.8,steady_training
synthetic-showcase-h100-4gpu-full-telemetry-v1,2026-01-15T14:14:15.002Z,855.002,1,507.92,1937,94.2,73,59797,81920,72.3,steady_training
synthetic-showcase-h100-4gpu-full-telemetry-v1,2026-01-15T14:14:15.004Z,855.004,2,511.69,1927,93.8,73.4,60149,81920,74.3,steady_training
synthetic-showcase-h100-4gpu-full-telemetry-v1,2026-01-15T14:14:15.006Z,855.006,3,517.27,1924,93.6,73.8,60439,81920,76.8,steady_training
synthetic-showcase-h100-4gpu-full-telemetry-v1,2026-01-15T14:14:16.000Z,856,0,496.53,1930,93.5,72.6,59485,81920,71.8,steady_training
synthetic-showcase-h100-4gpu-full-telemetry-v1,2026-01-15T14:14:16.002Z,856.002,1,507.78,1937,94.2,73,59837,81920,72.3,steady_training
synthetic-showcase-h100-4gpu-full-telemetry-v1,2026-01-15T14:14:16.004Z,856.004,2,510.55,1924,93.6,73.5,60186,81920,74.3,steady_training
synthetic-showcase-h100-4gpu-full-telemetry-v1,2026-01-15T14:14:16.006Z,856.006,3,517.65,1925,93.7,73.8,60469,81920,76.8,steady_training
synthetic-showcase-h100-4gpu-full-telemetry-v1,2026-01-15T14:14:17.000Z,857,0,497.15,1932,93.6,72.7,59523,81920,71.8,steady_training
synthetic-showcase-h100-4gpu-full-telemetry-v1,2026-01-15T14:14:17.002Z,857.002,1,507.42,1936,94.2,73.1,59878,81920,72.3,steady_training
synthetic-showcase-h100-4gpu-full-telemetry-v1,2026-01-15T14:14:17.004Z,857.004,2,509.47,1922,93.5,73.5,60223,81920,74.3,steady_training
synthetic-showcase-h100-4gpu-full-telemetry-v1,2026-01-15T14:14:17.006Z,857.006,3,518.28,1926,93.7,73.9,60499,81920,76.9,steady_training
synthetic-showcase-h100-4gpu-full-telemetry-v1,2026-01-15T14:14:18.000Z,858,0,497.78,1933,93.7,72.7,59561,81920,71.8,steady_training
synthetic-showcase-h100-4gpu-full-telemetry-v1,2026-01-15T14:14:18.002Z,858.002,1,506.82,1934,94.1,73.1,59918,81920,72.2,steady_training
synthetic-showcase-h100-4gpu-full-telemetry-v1,2026-01-15T14:14:18.004Z,858.004,2,508.5,1920,93.3,73.6,60259,81920,74.2,steady_training
synthetic-showcase-h100-4gpu-full-telemetry-v1,2026-01-15T14:14:18.006Z,858.006,3,519.11,1928,93.9,73.9,60528,81920,76.9,steady_training
synthetic-showcase-h100-4gpu-full-telemetry-v1,2026-01-15T14:14:19.000Z,859,0,498.35,1934,93.8,72.8,59600,81920,71.8,steady_training
synthetic-showcase-h100-4gpu-full-telemetry-v1,2026-01-15T14:14:19.002Z,859.002,1,506.03,1932,94,73.2,59958,81920,72.2,steady_training
synthetic-showcase-h100-4gpu-full-telemetry-v1,2026-01-15T14:14:19.004Z,859.004,2,507.69,1918,93.2,73.6,60295,81920,74.2,steady_training
synthetic-showcase-h100-4gpu-full-telemetry-v1,2026-01-15T14:14:19.006Z,859.006,3,520.14,1931,94,73.9,60557,81920,77,steady_training
synthetic-showcase-h100-4gpu-full-telemetry-v1,2026-01-15T14:14:20.000Z,860,0,498.83,1935,93.9,72.8,59639,81920,71.8,steady_training
synthetic-showcase-h100-4gpu-full-telemetry-v1,2026-01-15T14:14:20.002Z,860.002,1,505.06,1930,93.8,73.2,59999,81920,72.2,steady_training
synthetic-showcase-h100-4gpu-full-telemetry-v1,2026-01-15T14:14:20.004Z,860.004,2,507.08,1917,93.1,73.6,60330,81920,74.2,steady_training
synthetic-showcase-h100-4gpu-full-telemetry-v1,2026-01-15T14:14:20.006Z,860.006,3,521.3,1934,94.2,74,60585,81920,77.1,steady_training
synthetic-showcase-h100-4gpu-full-telemetry-v1,2026-01-15T14:14:21.000Z,861,0,499.15,1936,93.9,72.8,59678,81920,71.8,steady_training
synthetic-showcase-h100-4gpu-full-telemetry-v1,2026-01-15T14:14:21.002Z,861.002,1,503.95,1927,93.7,73.3,60038,81920,72.1,steady_training
synthetic-showcase-h100-4gpu-full-telemetry-v1,2026-01-15T14:14:21.004Z,861.004,2,506.7,1916,93.1,73.7,60364,81920,74.2,steady_training
synthetic-showcase-h100-4gpu-full-telemetry-v1,2026-01-15T14:14:21.006Z,861.006,3,522.55,1937,94.4,74,60612,81920,77.2,steady_training
synthetic-showcase-h100-4gpu-full-telemetry-v1,2026-01-15T14:14:22.000Z,862,0,499.29,1936,93.9,72.9,59718,81920,71.8,steady_training
synthetic-showcase-h100-4gpu-full-telemetry-v1,2026-01-15T14:14:22.002Z,862.002,1,502.75,1925,93.5,73.3,60078,81920,72.1,steady_training
synthetic-showcase-h100-4gpu-full-telemetry-v1,2026-01-15T14:14:22.004Z,862.004,2,506.58,1916,93,73.7,60397,81920,74.2,steady_training
synthetic-showcase-h100-4gpu-full-telemetry-v1,2026-01-15T14:14:22.006Z,862.006,3,523.83,1940,94.5,74,60640,81920,77.3,steady_training
synthetic-showcase-h100-4gpu-full-telemetry-v1,2026-01-15T14:14:23.000Z,863,0,499.23,1935,93.9,72.9,59757,81920,71.8,steady_training
synthetic-showcase-h100-4gpu-full-telemetry-v1,2026-01-15T14:14:23.002Z,863.002,1,501.51,1922,93.3,73.4,60117,81920,72,steady_training
synthetic-showcase-h100-4gpu-full-telemetry-v1,2026-01-15T14:14:23.004Z,863.004,2,506.73,1916,93.1,73.8,60430,81920,74.3,steady_training
synthetic-showcase-h100-4gpu-full-telemetry-v1,2026-01-15T14:14:23.006Z,863.006,3,525.09,1943,94.7,74.1,60667,81920,77.4,steady_training
synthetic-showcase-h100-4gpu-full-telemetry-v1,2026-01-15T14:14:24.000Z,864,0,498.94,1935,93.9,73,59798,81920,71.8,steady_training
synthetic-showcase-h100-4gpu-full-telemetry-v1,2026-01-15T14:14:24.002Z,864.002,1,500.28,1919,93.1,73.4,60156,81920,72,steady_training
synthetic-showcase-h100-4gpu-full-telemetry-v1,2026-01-15T14:14:24.004Z,864.004,2,507.13,1918,93.1,73.8,60463,81920,74.3,steady_training
synthetic-showcase-h100-4gpu-full-telemetry-v1,2026-01-15T14:14:24.006Z,864.006,3,526.26,1946,94.9,74.1,60693,81920,77.5,steady_training
synthetic-showcase-h100-4gpu-full-telemetry-v1,2026-01-15T14:14:25.000Z,865,0,498.42,1933,93.8,73,59838,81920,71.7,steady_training
synthetic-showcase-h100-4gpu-full-telemetry-v1,2026-01-15T14:14:25.002Z,865.002,1,499.13,1916,92.9,73.5,60194,81920,71.9,steady_training
synthetic-showcase-h100-4gpu-full-telemetry-v1,2026-01-15T14:14:25.004Z,865.004,2,507.79,1919,93.2,73.8,60494,81920,74.4,steady_training
synthetic-showcase-h100-4gpu-full-telemetry-v1,2026-01-15T14:14:25.006Z,865.006,3,527.3,1949,95,74.1,60720,81920,77.5,steady_training
synthetic-showcase-h100-4gpu-full-telemetry-v1,2026-01-15T14:14:26.000Z,866,0,497.68,1932,93.7,73.1,59878,81920,71.7,steady_training
synthetic-showcase-h100-4gpu-full-telemetry-v1,2026-01-15T14:14:26.002Z,866.002,1,498.09,1914,92.8,73.5,60232,81920,71.9,steady_training
synthetic-showcase-h100-4gpu-full-telemetry-v1,2026-01-15T14:14:26.004Z,866.004,2,508.68,1921,93.3,73.9,60526,81920,74.5,steady_training
synthetic-showcase-h100-4gpu-full-telemetry-v1,2026-01-15T14:14:26.006Z,866.006,3,528.14,1951,95.2,74.2,60746,81920,77.6,steady_training
synthetic-showcase-h100-4gpu-full-telemetry-v1,2026-01-15T14:14:27.000Z,867,0,496.73,1929,93.6,73.1,59919,81920,71.6,steady_training
synthetic-showcase-h100-4gpu-full-telemetry-v1,2026-01-15T14:14:27.002Z,867.002,1,497.23,1912,92.7,73.6,60270,81920,71.8,steady_training
synthetic-showcase-h100-4gpu-full-telemetry-v1,2026-01-15T14:14:27.004Z,867.004,2,509.75,1924,93.5,73.9,60556,81920,74.6,steady_training
synthetic-showcase-h100-4gpu-full-telemetry-v1,2026-01-15T14:14:27.006Z,867.006,3,528.76,1953,95.2,74.2,60772,81920,77.6,steady_training
synthetic-showcase-h100-4gpu-full-telemetry-v1,2026-01-15T14:14:28.000Z,868,0,495.62,1927,93.4,73.2,59959,81920,71.6,steady_training
synthetic-showcase-h100-4gpu-full-telemetry-v1,2026-01-15T14:14:28.002Z,868.002,1,496.58,1911,92.6,73.6,60307,81920,71.8,steady_training
synthetic-showcase-h100-4gpu-full-telemetry-v1,2026-01-15T14:14:28.004Z,868.004,2,510.97,1927,93.7,74,60586,81920,74.7,steady_training
synthetic-showcase-h100-4gpu-full-telemetry-v1,2026-01-15T14:14:28.006Z,868.006,3,529.12,1954,95.3,74.2,60798,81920,77.7,steady_training
synthetic-showcase-h100-4gpu-full-telemetry-v1,2026-01-15T14:14:29.000Z,869,0,494.38,1924,93.2,73.2,60000,81920,71.5,steady_training
synthetic-showcase-h100-4gpu-full-telemetry-v1,2026-01-15T14:14:29.002Z,869.002,1,496.18,1910,92.5,73.7,60343,81920,71.8,steady_training
synthetic-showcase-h100-4gpu-full-telemetry-v1,2026-01-15T14:14:29.004Z,869.004,2,512.28,1930,93.9,74,60615,81920,74.8,steady_training
synthetic-showcase-h100-4gpu-full-telemetry-v1,2026-01-15T14:14:29.006Z,869.006,3,529.2,1955,95.3,74.2,60824,81920,77.7,steady_training
synthetic-showcase-h100-4gpu-full-telemetry-v1,2026-01-15T14:14:30.000Z,870,0,493.06,1921,93,73.3,60040,81920,71.4,steady_training
synthetic-showcase-h100-4gpu-full-telemetry-v1,2026-01-15T14:14:30.002Z,870.002,1,496.04,1909,92.5,73.7,60379,81920,71.8,steady_training
synthetic-showcase-h100-4gpu-full-telemetry-v1,2026-01-15T14:14:30.004Z,870.004,2,513.63,1933,94.1,74,60644,81920,74.9,steady_training
synthetic-showcase-h100-4gpu-full-telemetry-v1,2026-01-15T14:14:30.006Z,870.006,3,528.98,1955,95.2,74.3,60850,81920,77.7,steady_training
synthetic-showcase-h100-4gpu-full-telemetry-v1,2026-01-15T14:14:31.000Z,871,0,491.7,1918,92.8,73.3,60080,81920,71.3,steady_training
synthetic-showcase-h100-4gpu-full-telemetry-v1,2026-01-15T14:14:31.002Z,871.002,1,496.18,1910,92.5,73.7,60414,81920,71.8,steady_training
synthetic-showcase-h100-4gpu-full-telemetry-v1,2026-01-15T14:14:31.004Z,871.004,2,514.96,1937,94.3,74.1,60673,81920,75,steady_training
synthetic-showcase-h100-4gpu-full-telemetry-v1,2026-01-15T14:14:31.006Z,871.006,3,528.47,1954,95.2,74.3,60876,81920,77.7,steady_training
synthetic-showcase-h100-4gpu-full-telemetry-v1,2026-01-15T14:14:32.000Z,872,0,490.37,1914,92.6,73.4,60120,81920,71.2,steady_training
synthetic-showcase-h100-4gpu-full-telemetry-v1,2026-01-15T14:14:32.002Z,872.002,1,496.59,1911,92.6,73.8,60449,81920,71.9,steady_training
synthetic-showcase-h100-4gpu-full-telemetry-v1,2026-01-15T14:14:32.004Z,872.004,2,516.21,1940,94.4,74.1,60700,81920,75.1,steady_training
synthetic-showcase-h100-4gpu-full-telemetry-v1,2026-01-15T14:14:32.006Z,872.006,3,527.69,1953,95,74.3,60902,81920,77.7,steady_training
synthetic-showcase-h100-4gpu-full-telemetry-v1,2026-01-15T14:14:33.000Z,873,0,489.12,1912,92.5,73.4,60160,81920,71.1,steady_training
synthetic-showcase-h100-4gpu-full-telemetry-v1,2026-01-15T14:14:33.002Z,873.002,1,497.26,1912,92.7,73.8,60483,81920,71.9,steady_training
synthetic-showcase-h100-4gpu-full-telemetry-v1,2026-01-15T14:14:33.004Z,873.004,2,517.33,1943,94.6,74.1,60728,81920,75.2,steady_training
synthetic-showcase-h100-4gpu-full-telemetry-v1,2026-01-15T14:14:33.006Z,873.006,3,526.66,1951,94.9,74.4,60928,81920,77.6,steady_training
synthetic-showcase-h100-4gpu-full-telemetry-v1,2026-01-15T14:14:34.000Z,874,0,488,1909,92.3,73.5,60199,81920,71.1,steady_training
synthetic-showcase-h100-4gpu-full-telemetry-v1,2026-01-15T14:14:34.002Z,874.002,1,498.16,1914,92.8,73.9,60516,81920,72,steady_training
synthetic-showcase-h100-4gpu-full-telemetry-v1,2026-01-15T14:14:34.004Z,874.004,2,518.26,1945,94.7,74.2,60755,81920,75.2,steady_training
synthetic-showcase-h100-4gpu-full-telemetry-v1,2026-01-15T14:14:34.006Z,874.006,3,525.41,1949,94.7,74.4,60955,81920,77.6,steady_training
synthetic-showcase-h100-4gpu-full-telemetry-v1,2026-01-15T14:14:35.000Z,875,0,487.06,1907,92.2,73.5,60239,81920,71,steady_training
synthetic-showcase-h100-4gpu-full-telemetry-v1,2026-01-15T14:14:35.002Z,875.002,1,499.26,1917,93,73.9,60549,81920,72.1,steady_training
synthetic-showcase-h100-4gpu-full-telemetry-v1,2026-01-15T14:14:35.004Z,875.004,2,518.97,1947,94.8,74.2,60782,81920,75.3,steady_training
synthetic-showcase-h100-4gpu-full-telemetry-v1,2026-01-15T14:14:35.006Z,875.006,3,524,1946,94.5,74.4,60981,81920,77.5,steady_training
synthetic-showcase-h100-4gpu-full-telemetry-v1,2026-01-15T14:14:36.000Z,876,0,486.34,1905,92,73.6,60277,81920,71,steady_training
synthetic-showcase-h100-4gpu-full-telemetry-v1,2026-01-15T14:14:36.002Z,876.002,1,500.52,1920,93.1,74,60581,81920,72.2,steady_training
synthetic-showcase-h100-4gpu-full-telemetry-v1,2026-01-15T14:14:36.004Z,876.004,2,519.41,1948,94.9,74.2,60809,81920,75.4,steady_training
synthetic-showcase-h100-4gpu-full-telemetry-v1,2026-01-15T14:14:36.006Z,876.006,3,522.47,1943,94.2,74.5,61009,81920,77.4,steady_training
synthetic-showcase-h100-4gpu-full-telemetry-v1,2026-01-15T14:14:37.000Z,877,0,485.88,1904,92,73.6,60316,81920,70.9,steady_training
synthetic-showcase-h100-4gpu-full-telemetry-v1,2026-01-15T14:14:37.002Z,877.002,1,501.88,1923,93.3,74,60612,81920,72.3,steady_training
synthetic-showcase-h100-4gpu-full-telemetry-v1,2026-01-15T14:14:37.004Z,877.004,2,519.58,1949,94.9,74.3,60835,81920,75.4,steady_training
synthetic-showcase-h100-4gpu-full-telemetry-v1,2026-01-15T14:14:37.006Z,877.006,3,520.89,1940,94,74.5,61036,81920,77.3,steady_training
synthetic-showcase-h100-4gpu-full-telemetry-v1,2026-01-15T14:14:38.000Z,878,0,485.69,1904,92,73.7,60353,81920,70.9,steady_training
synthetic-showcase-h100-4gpu-full-telemetry-v1,2026-01-15T14:14:38.002Z,878.002,1,503.28,1926,93.5,74,60643,81920,72.4,steady_training
synthetic-showcase-h100-4gpu-full-telemetry-v1,2026-01-15T14:14:38.004Z,878.004,2,519.45,1949,94.9,74.3,60861,81920,75.4,steady_training
synthetic-showcase-h100-4gpu-full-telemetry-v1,2026-01-15T14:14:38.006Z,878.006,3,519.31,1937,93.7,74.5,61064,81920,77.3,steady_training
synthetic-showcase-h100-4gpu-full-telemetry-v1,2026-01-15T14:14:39.000Z,879,0,485.79,1904,92,73.7,60391,81920,70.9,steady_training
synthetic-showcase-h100-4gpu-full-telemetry-v1,2026-01-15T14:14:39.002Z,879.002,1,504.67,1930,93.7,74.1,60673,81920,72.5,steady_training
synthetic-showcase-h100-4gpu-full-telemetry-v1,2026-01-15T14:14:39.004Z,879.004,2,519.03,1949,94.8,74.3,60887,81920,75.4,steady_training
synthetic-showcase-h100-4gpu-full-telemetry-v1,2026-01-15T14:14:39.006Z,879.006,3,517.78,1934,93.5,74.6,61093,81920,77.2,steady_training
synthetic-showcase-h100-4gpu-full-telemetry-v1,2026-01-15T14:14:40.000Z,880,0,486.17,1905,92,73.8,60427,81920,70.9,steady_training
synthetic-showcase-h100-4gpu-full-telemetry-v1,2026-01-15T14:14:40.002Z,880.002,1,505.98,1933,93.9,74.1,60703,81920,72.6,steady_training
synthetic-showcase-h100-4gpu-full-telemetry-v1,2026-01-15T14:14:40.004Z,880.004,2,518.34,1948,94.7,74.4,60913,81920,75.4,steady_training
synthetic-showcase-h100-4gpu-full-telemetry-v1,2026-01-15T14:14:40.006Z,880.006,3,516.37,1931,93.3,74.6,61122,81920,77.1,steady_training
synthetic-showcase-h100-4gpu-full-telemetry-v1,2026-01-15T14:14:41.000Z,881,0,486.83,1906,92.1,73.8,60464,81920,70.9,steady_training
synthetic-showcase-h100-4gpu-full-telemetry-v1,2026-01-15T14:14:41.002Z,881.002,1,507.17,1936,94.1,74.1,60732,81920,72.6,steady_training
synthetic-showcase-h100-4gpu-full-telemetry-v1,2026-01-15T14:14:41.004Z,881.004,2,517.4,1946,94.5,74.4,60939,81920,75.4,steady_training
synthetic-showcase-h100-4gpu-full-telemetry-v1,2026-01-15T14:14:41.006Z,881.006,3,515.12,1928,93.1,74.6,61151,81920,77.1,steady_training
synthetic-showcase-h100-4gpu-full-telemetry-v1,2026-01-15T14:14:42.000Z,882,0,487.73,1908,92.3,73.9,60499,81920,71,steady_training
synthetic-showcase-h100-4gpu-full-telemetry-v1,2026-01-15T14:14:42.002Z,882.002,1,508.17,1938,94.3,74.2,60761,81920,72.7,steady_training
synthetic-showcase-h100-4gpu-full-telemetry-v1,2026-01-15T14:14:42.004Z,882.004,2,516.24,1944,94.4,74.4,60965,81920,75.4,steady_training
synthetic-showcase-h100-4gpu-full-telemetry-v1,2026-01-15T14:14:42.006Z,882.006,3,514.07,1926,92.9,74.7,61181,81920,77,steady_training
synthetic-showcase-h100-4gpu-full-telemetry-v1,2026-01-15T14:14:43.000Z,883,0,488.83,1910,92.4,73.9,60534,81920,71,steady_training
synthetic-showcase-h100-4gpu-full-telemetry-v1,2026-01-15T14:14:43.002Z,883.002,1,508.96,1940,94.4,74.2,60789,81920,72.8,steady_training
synthetic-showcase-h100-4gpu-full-telemetry-v1,2026-01-15T14:14:43.004Z,883.004,2,514.91,1941,94.1,74.5,60991,81920,75.3,steady_training
synthetic-showcase-h100-4gpu-full-telemetry-v1,2026-01-15T14:14:43.006Z,883.006,3,513.26,1925,92.8,74.7,61212,81920,77,steady_training
synthetic-showcase-h100-4gpu-full-telemetry-v1,2026-01-15T14:14:44.000Z,884,0,490.1,1913,92.6,73.9,60569,81920,71.1,steady_training
synthetic-showcase-h100-4gpu-full-telemetry-v1,2026-01-15T14:14:44.002Z,884.002,1,509.48,1942,94.4,74.2,60817,81920,72.8,steady_training
synthetic-showcase-h100-4gpu-full-telemetry-v1,2026-01-15T14:14:44.004Z,884.004,2,513.47,1939,93.9,74.5,61018,81920,75.3,steady_training
synthetic-showcase-h100-4gpu-full-telemetry-v1,2026-01-15T14:14:44.006Z,884.006,3,512.71,1924,92.7,74.8,61243,81920,77,steady_training
synthetic-showcase-h100-4gpu-full-telemetry-v1,2026-01-15T14:14:45.000Z,885,0,491.48,1916,92.8,74,60602,81920,71.2,steady_training
synthetic-showcase-h100-4gpu-full-telemetry-v1,2026-01-15T14:14:45.002Z,885.002,1,509.73,1943,94.5,74.3,60845,81920,72.9,steady_training
synthetic-showcase-h100-4gpu-full-telemetry-v1,2026-01-15T14:14:45.004Z,885.004,2,511.97,1936,93.7,74.5,61044,81920,75.2,steady_training
synthetic-showcase-h100-4gpu-full-telemetry-v1,2026-01-15T14:14:45.006Z,885.006,3,512.42,1923,92.7,74.8,61275,81920,77,steady_training
synthetic-showcase-h100-4gpu-full-telemetry-v1,2026-01-15T14:14:46.000Z,886,0,492.91,1920,93,74,60636,81920,71.2,steady_training
synthetic-showcase-h100-4gpu-full-telemetry-v1,2026-01-15T14:14:46.002Z,886.002,1,509.69,1943,94.5,74.3,60872,81920,72.9,steady_training
synthetic-showcase-h100-4gpu-full-telemetry-v1,2026-01-15T14:14:46.004Z,886.004,2,510.47,1933,93.5,74.6,61071,81920,75.2,steady_training
synthetic-showcase-h100-4gpu-full-telemetry-v1,2026-01-15T14:14:46.006Z,886.006,3,512.39,1923,92.7,74.8,61308,81920,77,steady_training
synthetic-showcase-h100-4gpu-full-telemetry-v1,2026-01-15T14:14:47.000Z,887,0,494.33,1923,93.2,74.1,60668,81920,71.3,steady_training
synthetic-showcase-h100-4gpu-full-telemetry-v1,2026-01-15T14:14:47.002Z,887.002,1,509.37,1943,94.4,74.3,60899,81920,72.9,steady_training
synthetic-showcase-h100-4gpu-full-telemetry-v1,2026-01-15T14:14:47.004Z,887.004,2,509.03,1930,93.2,74.6,61099,81920,75.1,steady_training
synthetic-showcase-h100-4gpu-full-telemetry-v1,2026-01-15T14:14:47.006Z,887.006,3,512.6,1924,92.7,74.9,61341,81920,77,steady_training
synthetic-showcase-h100-4gpu-full-telemetry-v1,2026-01-15T14:14:48.000Z,888,0,495.69,1926,93.4,74.1,60700,81920,71.4,steady_training
synthetic-showcase-h100-4gpu-full-telemetry-v1,2026-01-15T14:14:48.002Z,888.002,1,508.76,1942,94.3,74.4,60925,81920,72.9,steady_training
synthetic-showcase-h100-4gpu-full-telemetry-v1,2026-01-15T14:14:48.004Z,888.004,2,507.69,1927,93,74.6,61126,81920,75.1,steady_training
synthetic-showcase-h100-4gpu-full-telemetry-v1,2026-01-15T14:14:48.006Z,888.006,3,513.04,1925,92.8,74.9,61375,81920,77,steady_training
synthetic-showcase-h100-4gpu-full-telemetry-v1,2026-01-15T14:14:49.000Z,889,0,496.92,1929,93.6,74.1,60732,81920,71.5,steady_training
synthetic-showcase-h100-4gpu-full-telemetry-v1,2026-01-15T14:14:49.002Z,889.002,1,507.91,1940,94.2,74.4,60952,81920,72.9,steady_training
synthetic-showcase-h100-4gpu-full-telemetry-v1,2026-01-15T14:14:49.004Z,889.004,2,506.52,1925,92.8,74.7,61154,81920,75,steady_training
synthetic-showcase-h100-4gpu-full-telemetry-v1,2026-01-15T14:14:49.006Z,889.006,3,513.65,1926,92.8,75,61410,81920,77.1,steady_training
synthetic-showcase-h100-4gpu-full-telemetry-v1,2026-01-15T14:14:50.000Z,890,0,497.99,1932,93.8,74.2,60762,81920,71.5,steady_training
synthetic-showcase-h100-4gpu-full-telemetry-v1,2026-01-15T14:14:50.002Z,890.002,1,506.85,1938,94,74.4,60978,81920,72.8,steady_training
synthetic-showcase-h100-4gpu-full-telemetry-v1,2026-01-15T14:14:50.004Z,890.004,2,505.55,1923,92.7,74.7,61183,81920,75,steady_training
synthetic-showcase-h100-4gpu-full-telemetry-v1,2026-01-15T14:14:50.006Z,890.006,3,514.4,1928,93,75,61445,81920,77.1,steady_training
synthetic-showcase-h100-4gpu-full-telemetry-v1,2026-01-15T14:14:51.000Z,891,0,498.83,1934,93.9,74.2,60793,81920,71.6,steady_training
synthetic-showcase-h100-4gpu-full-telemetry-v1,2026-01-15T14:14:51.002Z,891.002,1,505.62,1936,93.8,74.5,61005,81920,72.8,steady_training
synthetic-showcase-h100-4gpu-full-telemetry-v1,2026-01-15T14:14:51.004Z,891.004,2,504.81,1922,92.6,74.7,61212,81920,75,steady_training
synthetic-showcase-h100-4gpu-full-telemetry-v1,2026-01-15T14:14:51.006Z,891.006,3,515.24,1930,93.1,75.1,61481,81920,77.2,steady_training
synthetic-showcase-h100-4gpu-full-telemetry-v1,2026-01-15T14:14:52.000Z,892,0,499.43,1935,94,74.2,60822,81920,71.6,steady_training
synthetic-showcase-h100-4gpu-full-telemetry-v1,2026-01-15T14:14:52.002Z,892.002,1,504.28,1934,93.6,74.5,61031,81920,72.7,steady_training
synthetic-showcase-h100-4gpu-full-telemetry-v1,2026-01-15T14:14:52.004Z,892.004,2,504.32,1921,92.5,74.8,61241,81920,75,steady_training
synthetic-showcase-h100-4gpu-full-telemetry-v1,2026-01-15T14:14:52.006Z,892.006,3,516.11,1932,93.2,75.1,61517,81920,77.2,steady_training
synthetic-showcase-h100-4gpu-full-telemetry-v1,2026-01-15T14:14:53.000Z,893,0,499.76,1936,94,74.3,60852,81920,71.6,steady_training
synthetic-showcase-h100-4gpu-full-telemetry-v1,2026-01-15T14:14:53.002Z,893.002,1,502.87,1931,93.4,74.5,61057,81920,72.7,steady_training
synthetic-showcase-h100-4gpu-full-telemetry-v1,2026-01-15T14:14:53.004Z,893.004,2,504.09,1921,92.5,74.8,61271,81920,75,steady_training
synthetic-showcase-h100-4gpu-full-telemetry-v1,2026-01-15T14:14:53.006Z,893.006,3,516.94,1934,93.3,75.1,61555,81920,77.3,steady_training
synthetic-showcase-h100-4gpu-full-telemetry-v1,2026-01-15T14:14:54.000Z,894,0,499.79,1937,94,74.3,60880,81920,71.6,steady_training
synthetic-showcase-h100-4gpu-full-telemetry-v1,2026-01-15T14:14:54.002Z,894.002,1,501.47,1928,93.2,74.6,61084,81920,72.6,steady_training
synthetic-showcase-h100-4gpu-full-telemetry-v1,2026-01-15T14:14:54.004Z,894.004,2,504.12,1921,92.5,74.8,61302,81920,75,steady_training
synthetic-showcase-h100-4gpu-full-telemetry-v1,2026-01-15T14:14:54.006Z,894.006,3,517.7,1935,93.5,75.2,61592,81920,77.3,steady_training
synthetic-showcase-h100-4gpu-full-telemetry-v1,2026-01-15T14:14:55.000Z,895,0,499.55,1937,94,74.4,60909,81920,71.6,steady_training
synthetic-showcase-h100-4gpu-full-telemetry-v1,2026-01-15T14:14:55.002Z,895.002,1,500.12,1926,92.9,74.6,61110,81920,72.6,steady_training
synthetic-showcase-h100-4gpu-full-telemetry-v1,2026-01-15T14:14:55.004Z,895.004,2,504.39,1922,92.5,74.9,61333,81920,75.1,steady_training
synthetic-showcase-h100-4gpu-full-telemetry-v1,2026-01-15T14:14:55.006Z,895.006,3,518.32,1937,93.5,75.2,61630,81920,77.4,steady_training
synthetic-showcase-h100-4gpu-full-telemetry-v1,2026-01-15T14:14:56.000Z,896,0,499.04,1936,93.9,74.4,60937,81920,71.6,steady_training
synthetic-showcase-h100-4gpu-full-telemetry-v1,2026-01-15T14:14:56.002Z,896.002,1,498.87,1923,92.8,74.6,61137,81920,72.5,steady_training
synthetic-showcase-h100-4gpu-full-telemetry-v1,2026-01-15T14:14:56.004Z,896.004,2,504.87,1923,92.6,74.9,61365,81920,75.1,steady_training
synthetic-showcase-h100-4gpu-full-telemetry-v1,2026-01-15T14:14:56.006Z,896.006,3,518.76,1937,93.6,75.3,61669,81920,77.4,steady_training
synthetic-showcase-h100-4gpu-full-telemetry-v1,2026-01-15T14:14:57.000Z,897,0,498.28,1934,93.8,74.4,60964,81920,71.5,steady_training
synthetic-showcase-h100-4gpu-full-telemetry-v1,2026-01-15T14:14:57.002Z,897.002,1,497.79,1921,92.6,74.7,61164,81920,72.5,steady_training
synthetic-showcase-h100-4gpu-full-telemetry-v1,2026-01-15T14:14:57.004Z,897.004,2,505.54,1925,92.7,74.9,61398,81920,75.2,steady_training
synthetic-showcase-h100-4gpu-full-telemetry-v1,2026-01-15T14:14:57.006Z,897.006,3,518.99,1938,93.6,75.3,61708,81920,77.4,steady_training
synthetic-showcase-h100-4gpu-full-telemetry-v1,2026-01-15T14:14:58.000Z,898,0,497.31,1933,93.6,74.5,60992,81920,71.5,steady_training
synthetic-showcase-h100-4gpu-full-telemetry-v1,2026-01-15T14:14:58.002Z,898.002,1,496.9,1920,92.4,74.7,61191,81920,72.4,steady_training
synthetic-showcase-h100-4gpu-full-telemetry-v1,2026-01-15T14:14:58.004Z,898.004,2,506.33,1927,92.8,75,61431,81920,75.3,steady_training
synthetic-showcase-h100-4gpu-full-telemetry-v1,2026-01-15T14:14:58.006Z,898.006,3,518.97,1938,93.6,75.4,61748,81920,77.4,steady_training
synthetic-showcase-h100-4gpu-full-telemetry-v1,2026-01-15T14:14:59.000Z,899,0,496.18,1931,93.4,74.5,61019,81920,71.4,steady_training
synthetic-showcase-h100-4gpu-full-telemetry-v1,2026-01-15T14:14:59.002Z,899.002,1,496.25,1919,92.3,74.7,61219,81920,72.4,steady_training
synthetic-showcase-h100-4gpu-full-telemetry-v1,2026-01-15T14:14:59.004Z,899.004,2,507.21,1929,92.9,75,61465,81920,75.3,steady_training
synthetic-showcase-h100-4gpu-full-telemetry-v1,2026-01-15T14:14:59.006Z,899.006,3,518.68,1937,93.6,75.4,61788,81920,77.4,steady_training
synthetic-showcase-h100-4gpu-full-telemetry-v1,2026-01-15T14:15:00.000Z,900,0,494.93,1928,93.2,74.5,61046,81920,71.3,steady_training
synthetic-showcase-h100-4gpu-full-telemetry-v1,2026-01-15T14:15:00.002Z,900.002,1,495.84,1918,92.3,74.8,61247,81920,72.4,steady_training
synthetic-showcase-h100-4gpu-full-telemetry-v1,2026-01-15T14:15:00.004Z,900.004,2,508.12,1931,93,75.1,61500,81920,75.4,steady_training
synthetic-showcase-h100-4gpu-full-telemetry-v1,2026-01-15T14:15:00.006Z,900.006,3,518.14,1935,93.5,75.5,61828,81920,77.4,steady_training
